date,operator_id,station_id,connector_id,connector_status,current_a,voltage_v,power_w,report_time,grid_id,temperature_c,rainfall_mm,district_nev_penetration_rate,district_ev_sales,district_bev_ratio,district_operating_ev_ratio,is_major_holiday,has_major_event,is_workday,grid_area_km2,district_name,grid_total_charging_facilities,grid_slow_charging_facilities,grid_fast_charging_facilities,grid_super_charging_facilities,grid_super_charging_stations,grid_public_fast_charging_stations,grid_public_slow_charging_stations
2023-08-29,589179428,20190000000000000003,900200000000000031,1,87.640,467.309,41838.182,2023-08-29 00:00:00.000,L2FT01-FTJ028,16.00,5.000,0.666012,16605,0.435592,0.055345,0,0,1,1.0200,坪山区,23,23,0,0,0,0,1
2023-08-29,589179428,20190000000000000003,900200000000000056,1,64.550,472.320,30503.000,2023-08-29 00:00:00.000,L2FT01-FTJ028,16.00,5.000,0.666012,16605,0.435592,0.055345,0,0,1,1.0200,坪山区,23,23,0,0,0,0,1
2023-08-29,589179428,20190000000000000003,900200000000000030,1,127.840,305.558,39067.500,2023-08-29 00:15:00.000,L2FT01-FTJ028,16.00,5.000,0.666012,16605,0.435592,0.055345,0,0,1,1.0200,坪山区,23,23,0,0,0,0,1
2023-08-29,589179428,20190000000000000003,900200000000000031,1,104.941,478.313,50194.667,2023-08-29 00:15:00.000,L2FT01-FTJ028,16.00,5.000,0.666012,16605,0.435592,0.055345,0,0,1,1.0200,坪山区,23,23,0,0,0,0,1
2023-08-29,589179428,20190000000000000003,900200000000000030,1,129.932,310.353,40320.667,2023-08-29 00:30:00.000,L2FT01-FTJ028,16.00,5.000,0.666012,16605,0.435592,0.055345,0,0,1,1.0200,坪山区,23,23,0,0,0,0,1
2023-08-29,589179428,20190000000000000003,900200000000000031,1,104.963,478.673,50240.667,2023-08-29 00:30:00.000,L2FT01-FTJ028,16.00,5.000,0.666012,16605,0.435592,0.055345,0,0,1,1.0200,坪山区,23,23,0,0,0,0,1
2023-08-29,589179428,20190000000000000003,900200000000000030,1,129.883,311.813,40495.333,2023-08-29 00:45:00.000,L2FT01-FTJ028,16.00,5.000,0.666012,16605,0.435592,0.055345,0,0,1,1.0200,坪山区,23,23,0,0,0,0,1
2023-08-29,589179428,20190000000000000003,900200000000000031,1,80.866,478.353,38684.667,2023-08-29 00:45:00.000,L2FT01-FTJ028,16.00,5.000,0.666012,16605,0.435592,0.055345,0,0,1,1.0200,坪山区,23,23,0,0,0,0,1
2023-08-29,589179428,20190000000000000003,900200000000000030,1,129.919,313.340,40706.000,2023-08-29 01:00:00.000,L2FT01-FTJ028,16.78,5.000,0.666012,16605,0.435592,0.055345,0,0,1,1.0200,坪山区,23,23,0,0,0,0,1
2023-08-29,589179428,20190000000000000003,900200000000000031,1,69.464,478.293,33224.667,2023-08-29 01:00:00.000,L2FT01-FTJ028,16.78,5.000,0.666012,16605,0.435592,0.055345,0,0,1,1.0200,坪山区,23,23,0,0,0,0,1
2023-08-29,589179428,20190000000000000003,900200000000000030,1,129.927,314.880,40908.000,2023-08-29 01:15:00.000,L2FT01-FTJ028,16.78,5.000,0.666012,16605,0.435592,0.055345,0,0,1,1.0200,坪山区,23,23,0,0,0,0,1
2023-08-29,589179428,20190000000000000003,900200000000000031,1,39.549,477.958,18902.500,2023-08-29 01:15:00.000,L2FT01-FTJ028,16.78,5.000,0.666012,16605,0.435592,0.055345,0,0,1,1.0200,坪山区,23,23,0,0,0,0,1
2023-08-29,589179428,20190000000000000003,900200000000000030,1,129.897,316.213,41072.667,2023-08-29 01:30:00.000,L2FT01-FTJ028,16.78,5.000,0.666012,16605,0.435592,0.055345,0,0,1,1.0200,坪山区,23,23,0,0,0,0,1
2023-08-29,589179428,20190000000000000003,900200000000000048,1,96.303,467.840,45554.000,2023-08-29 01:45:00.000,L2FT01-FTJ028,16.78,5.000,0.666012,16605,0.435592,0.055345,0,0,1,1.0200,坪山区,23,23,0,0,0,0,1
2023-08-29,589179428,20190000000000000003,900200000000000030,1,114.873,320.783,36815.000,2023-08-29 01:45:00.000,L2FT01-FTJ028,16.78,5.000,0.666012,16605,0.435592,0.055345,0,0,1,1.0200,坪山区,23,23,0,0,0,0,1
2023-08-29,589179428,20190000000000000003,900200000000000048,1,105.110,474.460,49868.000,2023-08-29 02:00:00.000,L2FT01-FTJ028,17.50,5.000,0.666012,16605,0.435592,0.055345,0,0,1,1.0200,坪山区,23,23,0,0,0,0,1
2023-08-29,589179428,20190000000000000003,900200000000000052,1,130.007,309.083,40178.333,2023-08-29 02:00:00.000,L2FT01-FTJ028,17.50,5.000,0.666012,16605,0.435592,0.055345,0,0,1,1.0200,坪山区,23,23,0,0,0,0,1
2023-08-29,589179428,20190000000000000003,900200000000000048,1,105.090,474.800,49898.667,2023-08-29 02:15:00.000,L2FT01-FTJ028,17.50,5.000,0.666012,16605,0.435592,0.055345,0,0,1,1.0200,坪山区,23,23,0,0,0,0,1
2023-08-29,589179428,20190000000000000003,900200000000000052,1,129.941,310.953,40402.667,2023-08-29 02:15:00.000,L2FT01-FTJ028,17.50,5.000,0.666012,16605,0.435592,0.055345,0,0,1,1.0200,坪山区,23,23,0,0,0,0,1
2023-08-29,589179428,20190000000000000003,900200000000000048,1,81.229,474.860,38570.000,2023-08-29 02:30:00.000,L2FT01-FTJ028,17.50,5.000,0.666012,16605,0.435592,0.055345,0,0,1,1.0200,坪山区,23,23,0,0,0,0,1
2023-08-29,589179428,20190000000000000003,900200000000000052,1,129.919,311.760,40500.667,2023-08-29 02:30:00.000,L2FT01-FTJ028,17.50,5.000,0.666012,16605,0.435592,0.055345,0,0,1,1.0200,坪山区,23,23,0,0,0,0,1
2023-08-29,589179428,20190000000000000003,900200000000000048,1,66.712,474.660,31676.000,2023-08-29 02:45:00.000,L2FT01-FTJ028,17.50,5.000,0.666012,16605,0.435592,0.055345,0,0,1,1.0200,坪山区,23,23,0,0,0,0,1
2023-08-29,589179428,20190000000000000003,900200000000000049,1,67.277,300.673,20252.000,2023-08-29 02:45:00.000,L2FT01-FTJ028,17.50,5.000,0.666012,16605,0.435592,0.055345,0,0,1,1.0200,坪山区,23,23,0,0,0,0,1
2023-08-29,589179428,20190000000000000003,900200000000000052,1,129.993,313.787,40785.333,2023-08-29 02:45:00.000,L2FT01-FTJ028,17.50,5.000,0.666012,16605,0.435592,0.055345,0,0,1,1.0200,坪山区,23,23,0,0,0,0,1
2023-08-29,589179428,20190000000000000003,900200000000000034,1,143.412,307.620,44113.000,2023-08-29 03:00:00.000,L2FT01-FTJ028,18.12,5.000,0.666012,16605,0.435592,0.055345,0,0,1,1.0200,坪山区,23,23,0,0,0,0,1
2023-08-29,589179428,20190000000000000003,900200000000000049,1,71.390,304.780,21755.333,2023-08-29 03:00:00.000,L2FT01-FTJ028,18.12,5.000,0.666012,16605,0.435592,0.055345,0,0,1,1.0200,坪山区,23,23,0,0,0,0,1
2023-08-29,589179428,20190000000000000003,900200000000000052,1,129.978,315.253,40971.333,2023-08-29 03:00:00.000,L2FT01-FTJ028,18.12,5.000,0.666012,16605,0.435592,0.055345,0,0,1,1.0200,坪山区,23,23,0,0,0,0,1
2023-08-29,589179428,20190000000000000003,900200000000000052,1,109.987,319.980,35121.333,2023-08-29 03:15:00.000,L2FT01-FTJ028,18.12,5.000,0.666012,16605,0.435592,0.055345,0,0,1,1.0200,坪山区,23,23,0,0,0,0,1
2023-08-29,589179428,20190000000000000003,900200000000000034,1,143.360,309.660,44390.000,2023-08-29 03:15:00.000,L2FT01-FTJ028,18.12,5.000,0.666012,16605,0.435592,0.055345,0,0,1,1.0200,坪山区,23,23,0,0,0,0,1
2023-08-29,589179428,20190000000000000003,900200000000000049,1,71.390,307.680,21962.667,2023-08-29 03:15:00.000,L2FT01-FTJ028,18.12,5.000,0.666012,16605,0.435592,0.055345,0,0,1,1.0200,坪山区,23,23,0,0,0,0,1
2023-08-29,589179428,20190000000000000003,900200000000000034,1,143.300,310.527,44494.000,2023-08-29 03:30:00.000,L2FT01-FTJ028,18.12,5.000,0.666012,16605,0.435592,0.055345,0,0,1,1.0200,坪山区,23,23,0,0,0,0,1
2023-08-29,589179428,20190000000000000003,900200000000000049,1,71.390,308.847,22047.333,2023-08-29 03:30:00.000,L2FT01-FTJ028,18.12,5.000,0.666012,16605,0.435592,0.055345,0,0,1,1.0200,坪山区,23,23,0,0,0,0,1
2023-08-29,589179428,20190000000000000003,900200000000000052,1,35.594,329.200,11720.000,2023-08-29 03:30:00.000,L2FT01-FTJ028,18.12,5.000,0.666012,16605,0.435592,0.055345,0,0,1,1.0200,坪山区,23,23,0,0,0,0,1
2023-08-29,589179428,20190000000000000003,900200000000000034,1,141.785,312.240,44266.667,2023-08-29 03:45:00.000,L2FT01-FTJ028,18.12,5.000,0.666012,16605,0.435592,0.055345,0,0,1,1.0200,坪山区,23,23,0,0,0,0,1
2023-08-29,589179428,20190000000000000003,900200000000000049,1,71.390,309.207,22071.333,2023-08-29 03:45:00.000,L2FT01-FTJ028,18.12,5.000,0.666012,16605,0.435592,0.055345,0,0,1,1.0200,坪山区,23,23,0,0,0,0,1
2023-08-29,589179428,20190000000000000003,900200000000000034,1,135.324,313.167,42374.667,2023-08-29 04:00:00.000,L2FT01-FTJ028,18.60,5.000,0.666012,16605,0.435592,0.055345,0,0,1,1.0200,坪山区,23,23,0,0,0,0,1
2023-08-29,589179428,20190000000000000003,900200000000000049,1,71.419,309.727,22118.000,2023-08-29 04:00:00.000,L2FT01-FTJ028,18.60,5.000,0.666012,16605,0.435592,0.055345,0,0,1,1.0200,坪山区,23,23,0,0,0,0,1
2023-08-29,589179428,20190000000000000003,900200000000000034,1,121.848,313.727,38223.333,2023-08-29 04:15:00.000,L2FT01-FTJ028,18.60,5.000,0.666012,16605,0.435592,0.055345,0,0,1,1.0200,坪山区,23,23,0,0,0,0,1
2023-08-29,589179428,20190000000000000003,900200000000000049,1,71.412,310.413,22164.000,2023-08-29 04:15:00.000,L2FT01-FTJ028,18.60,5.000,0.666012,16605,0.435592,0.055345,0,0,1,1.0200,坪山区,23,23,0,0,0,0,1
2023-08-29,589179428,20190000000000000003,900200000000000049,1,71.397,311.593,22244.667,2023-08-29 04:30:00.000,L2FT01-FTJ028,18.60,5.000,0.666012,16605,0.435592,0.055345,0,0,1,1.0200,坪山区,23,23,0,0,0,0,1
2023-08-29,589179428,20190000000000000003,900200000000000034,1,72.910,318.600,23176.667,2023-08-29 04:30:00.000,L2FT01-FTJ028,18.60,5.000,0.666012,16605,0.435592,0.055345,0,0,1,1.0200,坪山区,23,23,0,0,0,0,1
2023-08-29,589179428,20190000000000000003,900200000000000049,1,71.405,312.593,22316.667,2023-08-29 04:45:00.000,L2FT01-FTJ028,18.60,5.000,0.666012,16605,0.435592,0.055345,0,0,1,1.0200,坪山区,23,23,0,0,0,0,1
2023-08-29,589179428,20190000000000000003,900200000000000049,1,71.412,312.933,22346.000,2023-08-29 05:00:00.000,L2FT01-FTJ028,18.90,5.000,0.666012,16605,0.435592,0.055345,0,0,1,1.0200,坪山区,23,23,0,0,0,0,1
2023-08-29,589179428,20190000000000000003,900200000000000047,0,0.000,168.500,0.000,2023-08-29 05:15:00.000,L2FT01-FTJ028,18.90,5.000,0.666012,16605,0.435592,0.055345,0,0,1,1.0200,坪山区,23,23,0,0,0,0,1
2023-08-29,589179428,20190000000000000003,900200000000000049,1,71.397,313.580,22386.000,2023-08-29 05:15:00.000,L2FT01-FTJ028,18.90,5.000,0.666012,16605,0.435592,0.055345,0,0,1,1.0200,坪山区,23,23,0,0,0,0,1
2023-08-29,589179428,20190000000000000003,900200000000000047,1,35.500,305.500,10841.667,2023-08-29 05:30:00.000,L2FT01-FTJ028,18.90,5.000,0.666012,16605,0.435592,0.055345,0,0,1,1.0200,坪山区,23,23,0,0,0,0,1
2023-08-29,589179428,20190000000000000003,900200000000000049,1,71.412,315.873,22554.000,2023-08-29 05:30:00.000,L2FT01-FTJ028,18.90,5.000,0.666012,16605,0.435592,0.055345,0,0,1,1.0200,坪山区,23,23,0,0,0,0,1
2023-08-29,589179428,20190000000000000003,900200000000000049,1,36.360,331.633,12043.333,2023-08-29 05:45:00.000,L2FT01-FTJ028,18.90,5.000,0.666012,16605,0.435592,0.055345,0,0,1,1.0200,坪山区,23,23,0,0,0,0,1
2023-08-29,589179428,20190000000000000003,900200000000000042,1,77.832,322.800,25122.000,2023-08-29 06:30:00.000,L2FT01-FTJ028,19.00,5.000,0.666012,16605,0.435592,0.055345,0,0,1,1.0200,坪山区,23,23,0,0,0,0,1
2023-08-29,589179428,20190000000000000003,900200000000000043,1,103.933,325.567,33839.167,2023-08-29 06:45:00.000,L2FT01-FTJ028,19.00,5.000,0.666012,16605,0.435592,0.055345,0,0,1,1.0200,坪山区,23,23,0,0,0,0,1
2023-08-29,589179428,20190000000000000003,900200000000000038,1,10.584,316.214,3345.714,2023-08-29 07:00:00.000,L2FT01-FTJ028,18.90,5.000,0.666012,16605,0.435592,0.055345,0,0,1,1.0200,坪山区,23,23,0,0,0,0,1
2023-08-29,589179428,20190000000000000003,900200000000000043,1,103.890,327.113,33981.333,2023-08-29 07:00:00.000,L2FT01-FTJ028,18.90,5.000,0.666012,16605,0.435592,0.055345,0,0,1,1.0200,坪山区,23,23,0,0,0,0,1
2023-08-29,589179428,20190000000000000003,900200000000000043,1,90.457,328.180,29687.333,2023-08-29 07:15:00.000,L2FT01-FTJ028,18.90,5.000,0.666012,16605,0.435592,0.055345,0,0,1,1.0200,坪山区,23,23,0,0,0,0,1
2023-08-29,589179428,20190000000000000003,900200000000000052,1,95.103,322.091,30626.364,2023-08-29 07:15:00.000,L2FT01-FTJ028,18.90,5.000,0.666012,16605,0.435592,0.055345,0,0,1,1.0200,坪山区,23,23,0,0,0,0,1
2023-08-29,589179428,20190000000000000003,900200000000000038,1,12.993,317.600,4126.000,2023-08-29 07:15:00.000,L2FT01-FTJ028,18.90,5.000,0.666012,16605,0.435592,0.055345,0,0,1,1.0200,坪山区,23,23,0,0,0,0,1
2023-08-29,589179428,20190000000000000003,900200000000000052,1,94.824,325.280,30840.000,2023-08-29 07:30:00.000,L2FT01-FTJ028,18.90,5.000,0.666012,16605,0.435592,0.055345,0,0,1,1.0200,坪山区,23,23,0,0,0,0,1
2023-08-29,589179428,20190000000000000003,900200000000000038,1,44.133,323.173,14314.667,2023-08-29 07:30:00.000,L2FT01-FTJ028,18.90,5.000,0.666012,16605,0.435592,0.055345,0,0,1,1.0200,坪山区,23,23,0,0,0,0,1
2023-08-29,589179428,20190000000000000003,900200000000000043,1,83.765,329.325,27585.000,2023-08-29 07:30:00.000,L2FT01-FTJ028,18.90,5.000,0.666012,16605,0.435592,0.055345,0,0,1,1.0200,坪山区,23,23,0,0,0,0,1
2023-08-29,589179428,20190000000000000003,900200000000000038,1,71.500,327.700,23430.000,2023-08-29 07:45:00.000,L2FT01-FTJ028,18.90,5.000,0.666012,16605,0.435592,0.055345,0,0,1,1.0200,坪山区,23,23,0,0,0,0,1
2023-08-29,589179428,20190000000000000003,900200000000000052,1,94.064,326.747,30731.333,2023-08-29 07:45:00.000,L2FT01-FTJ028,18.90,5.000,0.666012,16605,0.435592,0.055345,0,0,1,1.0200,坪山区,23,23,0,0,0,0,1
2023-08-29,589179428,20190000000000000003,900200000000000052,1,85.733,327.913,28110.667,2023-08-29 08:00:00.000,L2FT01-FTJ028,18.60,5.000,0.666012,16605,0.435592,0.055345,0,0,1,1.0200,坪山区,23,23,0,0,0,0,1
2023-08-29,589179428,20190000000000000003,900200000000000052,1,79.936,329.687,26348.667,2023-08-29 08:15:00.000,L2FT01-FTJ028,18.60,5.000,0.666012,16605,0.435592,0.055345,0,0,1,1.0200,坪山区,23,23,0,0,0,0,1
2023-08-29,589179428,20190000000000000003,900200000000000052,1,42.490,333.567,14150.000,2023-08-29 08:30:00.000,L2FT01-FTJ028,18.60,5.000,0.666012,16605,0.435592,0.055345,0,0,1,1.0200,坪山区,23,23,0,0,0,0,1
2023-08-29,589179428,20190000000000000003,900200000000000042,1,40.760,424.967,16736.667,2023-08-29 09:00:00.000,L2FT01-FTJ028,18.12,5.000,0.666012,16605,0.435592,0.055345,0,0,1,1.0200,坪山区,23,23,0,0,0,0,1
2023-08-29,589179428,20190000000000000003,900200000000000042,1,44.817,410.353,18406.667,2023-08-29 09:15:00.000,L2FT01-FTJ028,18.12,5.000,0.666012,16605,0.435592,0.055345,0,0,1,1.0200,坪山区,23,23,0,0,0,0,1
2023-08-29,589179428,20190000000000000003,900200000000000042,1,12.157,407.020,4950.667,2023-08-29 09:30:00.000,L2FT01-FTJ028,18.12,5.000,0.666012,16605,0.435592,0.055345,0,0,1,1.0200,坪山区,23,23,0,0,0,0,1
2023-08-29,589179428,20190000000000000003,900200000000000042,1,11.223,416.700,4670.000,2023-08-29 09:45:00.000,L2FT01-FTJ028,18.12,5.000,0.666012,16605,0.435592,0.055345,0,0,1,1.0200,坪山区,23,23,0,0,0,0,1
2023-08-29,589179428,20190000000000000003,900200000000000038,1,8.945,329.750,3005.000,2023-08-29 11:30:00.000,L2FT01-FTJ028,16.78,5.000,0.666012,16605,0.435592,0.055345,0,0,1,1.0200,坪山区,23,23,0,0,0,0,1
2023-08-29,589179428,20190000000000000003,900200000000000043,1,110.895,315.400,34735.000,2023-08-29 11:45:00.000,L2FT01-FTJ028,16.78,5.000,0.666012,16605,0.435592,0.055345,0,0,1,1.0200,坪山区,23,23,0,0,0,0,1
2023-08-29,589179428,20190000000000000003,900200000000000048,1,35.618,360.200,12828.182,2023-08-29 12:00:00.000,L2FT01-FTJ028,16.00,5.000,0.666012,16605,0.435592,0.055345,0,0,1,1.0200,坪山区,23,23,0,0,0,0,1
2023-08-29,589179428,20190000000000000003,900200000000000048,1,35.500,363.427,12896.667,2023-08-29 12:15:00.000,L2FT01-FTJ028,16.00,5.000,0.666012,16605,0.435592,0.055345,0,0,1,1.0200,坪山区,23,23,0,0,0,0,1
2023-08-29,589179428,20190000000000000003,900200000000000034,1,58.571,356.678,20537.778,2023-08-29 12:30:00.000,L2FT01-FTJ028,16.00,5.000,0.666012,16605,0.435592,0.055345,0,0,1,1.0200,坪山区,23,23,0,0,0,0,1
2023-08-29,589179428,20190000000000000003,900200000000000048,1,35.500,367.540,13042.667,2023-08-29 12:30:00.000,L2FT01-FTJ028,16.00,5.000,0.666012,16605,0.435592,0.055345,0,0,1,1.0200,坪山区,23,23,0,0,0,0,1
2023-08-29,589179428,20190000000000000003,900200000000000034,1,65.790,357.853,23542.000,2023-08-29 12:45:00.000,L2FT01-FTJ028,16.00,5.000,0.666012,16605,0.435592,0.055345,0,0,1,1.0200,坪山区,23,23,0,0,0,0,1
2023-08-29,589179428,20190000000000000003,900200000000000048,1,35.500,372.867,13232.667,2023-08-29 12:45:00.000,L2FT01-FTJ028,16.00,5.000,0.666012,16605,0.435592,0.055345,0,0,1,1.0200,坪山区,23,23,0,0,0,0,1
2023-08-29,589179428,20190000000000000003,900200000000000031,1,130.000,310.600,40370.000,2023-08-29 13:00:00.000,L2FT01-FTJ028,15.22,5.000,0.666012,16605,0.435592,0.055345,0,0,1,1.0200,坪山区,23,23,0,0,0,0,1
2023-08-29,589179428,20190000000000000003,900200000000000034,1,55.619,365.853,20337.333,2023-08-29 13:00:00.000,L2FT01-FTJ028,15.22,5.000,0.666012,16605,0.435592,0.055345,0,0,1,1.0200,坪山区,23,23,0,0,0,0,1
2023-08-29,589179428,20190000000000000003,900200000000000048,1,35.500,379.480,13466.000,2023-08-29 13:00:00.000,L2FT01-FTJ028,15.22,5.000,0.666012,16605,0.435592,0.055345,0,0,1,1.0200,坪山区,23,23,0,0,0,0,1
2023-08-29,589179428,20190000000000000003,900200000000000031,1,129.884,314.000,40782.000,2023-08-29 13:15:00.000,L2FT01-FTJ028,15.22,5.000,0.666012,16605,0.435592,0.055345,0,0,1,1.0200,坪山区,23,23,0,0,0,0,1
2023-08-29,589179428,20190000000000000003,900200000000000034,1,52.000,372.686,19374.286,2023-08-29 13:15:00.000,L2FT01-FTJ028,15.22,5.000,0.666012,16605,0.435592,0.055345,0,0,1,1.0200,坪山区,23,23,0,0,0,0,1
2023-08-29,589179428,20190000000000000003,900200000000000048,1,35.500,386.647,13720.667,2023-08-29 13:15:00.000,L2FT01-FTJ028,15.22,5.000,0.666012,16605,0.435592,0.055345,0,0,1,1.0200,坪山区,23,23,0,0,0,0,1
2023-08-29,589179428,20190000000000000003,900200000000000049,1,149.616,351.900,52646.000,2023-08-29 13:15:00.000,L2FT01-FTJ028,15.22,5.000,0.666012,16605,0.435592,0.055345,0,0,1,1.0200,坪山区,23,23,0,0,0,0,1
2023-08-29,589179428,20190000000000000003,900200000000000049,1,149.659,362.307,54220.667,2023-08-29 13:30:00.000,L2FT01-FTJ028,15.22,5.000,0.666012,16605,0.435592,0.055345,0,0,1,1.0200,坪山区,23,23,0,0,0,0,1
2023-08-29,589179428,20190000000000000003,900200000000000048,1,35.500,393.840,13977.333,2023-08-29 13:30:00.000,L2FT01-FTJ028,15.22,5.000,0.666012,16605,0.435592,0.055345,0,0,1,1.0200,坪山区,23,23,0,0,0,0,1
2023-08-29,589179428,20190000000000000003,900200000000000031,1,102.841,315.280,32430.000,2023-08-29 13:30:00.000,L2FT01-FTJ028,15.22,5.000,0.666012,16605,0.435592,0.055345,0,0,1,1.0200,坪山区,23,23,0,0,0,0,1
2023-08-29,589179428,20190000000000000003,900200000000000031,1,177.736,321.825,56120.000,2023-08-29 13:45:00.000,L2FT01-FTJ028,15.22,5.000,0.666012,16605,0.435592,0.055345,0,0,1,1.0200,坪山区,23,23,0,0,0,0,1
2023-08-29,589179428,20190000000000000003,900200000000000048,1,35.500,397.850,14120.000,2023-08-29 13:45:00.000,L2FT01-FTJ028,15.22,5.000,0.666012,16605,0.435592,0.055345,0,0,1,1.0200,坪山区,23,23,0,0,0,0,1
2023-08-29,589179428,20190000000000000003,900200000000000049,1,149.611,375.387,56160.667,2023-08-29 13:45:00.000,L2FT01-FTJ028,15.22,5.000,0.666012,16605,0.435592,0.055345,0,0,1,1.0200,坪山区,23,23,0,0,0,0,1
2023-08-29,589179428,20190000000000000003,900200000000000031,1,202.890,317.382,64390.909,2023-08-29 14:00:00.000,L2FT01-FTJ028,14.50,5.000,0.666012,16605,0.435592,0.055345,0,0,1,1.0200,坪山区,23,23,0,0,0,0,1
2023-08-29,589179428,20190000000000000003,900200000000000049,1,149.700,390.487,58454.000,2023-08-29 14:00:00.000,L2FT01-FTJ028,14.50,5.000,0.666012,16605,0.435592,0.055345,0,0,1,1.0200,坪山区,23,23,0,0,0,0,1
2023-08-29,589179428,20190000000000000003,900200000000000049,1,144.941,402.525,58327.500,2023-08-29 14:15:00.000,L2FT01-FTJ028,14.50,5.000,0.666012,16605,0.435592,0.055345,0,0,1,1.0200,坪山区,23,23,0,0,0,0,1
2023-08-29,589179428,20190000000000000003,900200000000000044,1,87.084,335.036,29392.727,2023-08-29 15:30:00.000,L2FT01-FTJ028,13.88,5.000,0.666012,16605,0.435592,0.055345,0,0,1,1.0200,坪山区,23,23,0,0,0,0,1
2023-08-29,589179428,20190000000000000003,900200000000000044,1,113.516,344.373,39088.000,2023-08-29 15:45:00.000,L2FT01-FTJ028,13.88,5.000,0.666012,16605,0.435592,0.055345,0,0,1,1.0200,坪山区,23,23,0,0,0,0,1
2023-08-29,589179428,20190000000000000003,900200000000000044,1,114.541,353.167,40451.333,2023-08-29 16:00:00.000,L2FT01-FTJ028,13.40,5.000,0.666012,16605,0.435592,0.055345,0,0,1,1.0200,坪山区,23,23,0,0,0,0,1
2023-08-29,589179428,20190000000000000003,900200000000000044,1,87.179,364.308,31847.692,2023-08-29 16:15:00.000,L2FT01-FTJ028,13.40,5.000,0.666012,16605,0.435592,0.055345,0,0,1,1.0200,坪山区,23,23,0,0,0,0,1
2023-08-29,589179428,20190000000000000003,900200000000000044,1,81.213,376.853,30577.333,2023-08-29 16:30:00.000,L2FT01-FTJ028,13.40,5.000,0.666012,16605,0.435592,0.055345,0,0,1,1.0200,坪山区,23,23,0,0,0,0,1
2023-08-29,589179428,20190000000000000003,900200000000000042,0,0.000,99.200,0.000,2023-08-29 16:30:00.000,L2FT01-FTJ028,13.40,5.000,0.666012,16605,0.435592,0.055345,0,0,1,1.0200,坪山区,23,23,0,0,0,0,1
2023-08-29,589179428,20190000000000000003,900200000000000042,1,143.293,308.467,44196.667,2023-08-29 16:45:00.000,L2FT01-FTJ028,13.40,5.000,0.666012,16605,0.435592,0.055345,0,0,1,1.0200,坪山区,23,23,0,0,0,0,1
2023-08-29,589179428,20190000000000000003,900200000000000044,1,49.177,385.233,18930.667,2023-08-29 16:45:00.000,L2FT01-FTJ028,13.40,5.000,0.666012,16605,0.435592,0.055345,0,0,1,1.0200,坪山区,23,23,0,0,0,0,1
2023-08-29,589179428,20190000000000000003,900200000000000044,1,26.375,387.815,10226.923,2023-08-29 17:00:00.000,L2FT01-FTJ028,13.10,5.000,0.666012,16605,0.435592,0.055345,0,0,1,1.0200,坪山区,23,23,0,0,0,0,1
2023-08-29,589179428,20190000000000000003,900200000000000049,1,41.579,446.571,19655.714,2023-08-29 17:15:00.000,L2FT01-FTJ028,13.10,5.000,0.666012,16605,0.435592,0.055345,0,0,1,1.0200,坪山区,23,23,0,0,0,0,1
2023-08-29,589179428,20190000000000000003,900200000000000049,1,64.997,444.260,28494.000,2023-08-29 17:30:00.000,L2FT01-FTJ028,13.10,5.000,0.666012,16605,0.435592,0.055345,0,0,1,1.0200,坪山区,23,23,0,0,0,0,1
2023-08-29,589179428,20190000000000000003,900200000000000048,1,32.594,334.842,11364.167,2023-08-29 17:45:00.000,L2FT01-FTJ028,13.10,5.000,0.666012,16605,0.435592,0.055345,0,0,1,1.0200,坪山区,23,23,0,0,0,0,1
2023-08-29,589179428,20190000000000000003,900200000000000049,1,150.092,315.057,47284.286,2023-08-29 17:45:00.000,L2FT01-FTJ028,13.10,5.000,0.666012,16605,0.435592,0.055345,0,0,1,1.0200,坪山区,23,23,0,0,0,0,1
2023-08-29,589179428,20190000000000000003,900200000000000057,1,81.683,355.367,29120.000,2023-08-29 17:45:00.000,L2FT01-FTJ028,13.10,5.000,0.666012,16605,0.435592,0.055345,0,0,1,1.0200,坪山区,23,23,0,0,0,0,1
2023-08-29,589179428,20190000000000000003,900200000000000048,1,35.500,350.100,12420.000,2023-08-29 18:00:00.000,L2FT01-FTJ028,13.00,5.000,0.666012,16605,0.435592,0.055345,0,0,1,1.0200,坪山区,23,23,0,0,0,0,1
2023-08-29,589179428,20190000000000000003,900200000000000057,1,61.143,355.647,21742.667,2023-08-29 18:00:00.000,L2FT01-FTJ028,13.00,5.000,0.666012,16605,0.435592,0.055345,0,0,1,1.0200,坪山区,23,23,0,0,0,0,1
2023-08-29,589179428,20190000000000000003,900200000000000057,1,33.090,356.136,11781.818,2023-08-29 18:15:00.000,L2FT01-FTJ028,13.00,5.000,0.666012,16605,0.435592,0.055345,0,0,1,1.0200,坪山区,23,23,0,0,0,0,1
2023-08-29,589179428,20190000000000000003,900200000000000049,1,97.033,472.240,46167.333,2023-08-29 18:45:00.000,L2FT01-FTJ028,13.00,5.000,0.666012,16605,0.435592,0.055345,0,0,1,1.0200,坪山区,23,23,0,0,0,0,1
2023-08-29,589179428,20190000000000000003,900200000000000049,1,90.581,324.629,29401.429,2023-08-29 19:00:00.000,L2FT01-FTJ028,13.10,5.000,0.666012,16605,0.435592,0.055345,0,0,1,1.0200,坪山区,23,23,0,0,0,0,1
2023-08-29,589179428,20190000000000000003,900200000000000049,1,90.493,326.460,29538.000,2023-08-29 19:15:00.000,L2FT01-FTJ028,13.10,5.000,0.666012,16605,0.435592,0.055345,0,0,1,1.0200,坪山区,23,23,0,0,0,0,1
2023-08-29,589179428,20190000000000000003,900200000000000049,1,90.500,328.300,29706.000,2023-08-29 19:30:00.000,L2FT01-FTJ028,13.10,5.000,0.666012,16605,0.435592,0.055345,0,0,1,1.0200,坪山区,23,23,0,0,0,0,1
2023-08-29,589179428,20190000000000000003,900200000000000049,1,72.920,328.920,23986.000,2023-08-29 19:45:00.000,L2FT01-FTJ028,13.10,5.000,0.666012,16605,0.435592,0.055345,0,0,1,1.0200,坪山区,23,23,0,0,0,0,1
2023-08-29,589179428,20190000000000000003,900200000000000042,1,23.717,450.478,11112.222,2023-08-29 20:00:00.000,L2FT01-FTJ028,13.40,5.000,0.666012,16605,0.435592,0.055345,0,0,1,1.0200,坪山区,23,23,0,0,0,0,1
2023-08-29,589179428,20190000000000000003,900200000000000049,1,35.285,329.787,11619.333,2023-08-29 20:00:00.000,L2FT01-FTJ028,13.40,5.000,0.666012,16605,0.435592,0.055345,0,0,1,1.0200,坪山区,23,23,0,0,0,0,1
2023-08-29,589179428,20190000000000000003,900200000000000042,1,31.817,473.093,15052.667,2023-08-29 20:15:00.000,L2FT01-FTJ028,13.40,5.000,0.666012,16605,0.435592,0.055345,0,0,1,1.0200,坪山区,23,23,0,0,0,0,1
2023-08-29,589179428,20190000000000000003,900200000000000049,1,13.290,337.450,4485.000,2023-08-29 20:15:00.000,L2FT01-FTJ028,13.40,5.000,0.666012,16605,0.435592,0.055345,0,0,1,1.0200,坪山区,23,23,0,0,0,0,1
2023-08-29,589179428,20190000000000000003,900200000000000031,1,191.063,310.973,59410.000,2023-08-29 20:30:00.000,L2FT01-FTJ028,13.40,5.000,0.666012,16605,0.435592,0.055345,0,0,1,1.0200,坪山区,23,23,0,0,0,0,1
2023-08-29,589179428,20190000000000000003,900200000000000042,1,31.854,472.845,15060.000,2023-08-29 20:30:00.000,L2FT01-FTJ028,13.40,5.000,0.666012,16605,0.435592,0.055345,0,0,1,1.0200,坪山区,23,23,0,0,0,0,1
2023-08-29,589179428,20190000000000000003,900200000000000044,1,72.093,365.900,25256.667,2023-08-29 20:30:00.000,L2FT01-FTJ028,13.40,5.000,0.666012,16605,0.435592,0.055345,0,0,1,1.0200,坪山区,23,23,0,0,0,0,1
2023-08-29,589179428,20190000000000000003,900200000000000031,1,191.000,311.957,59580.000,2023-08-29 20:45:00.000,L2FT01-FTJ028,13.40,5.000,0.666012,16605,0.435592,0.055345,0,0,1,1.0200,坪山区,23,23,0,0,0,0,1
2023-08-29,589179428,20190000000000000003,900200000000000044,1,112.212,359.080,40290.667,2023-08-29 20:45:00.000,L2FT01-FTJ028,13.40,5.000,0.666012,16605,0.435592,0.055345,0,0,1,1.0200,坪山区,23,23,0,0,0,0,1
2023-08-29,589179428,20190000000000000003,900200000000000044,1,107.298,368.173,39498.000,2023-08-29 21:00:00.000,L2FT01-FTJ028,13.88,5.000,0.666012,16605,0.435592,0.055345,0,0,1,1.0200,坪山区,23,23,0,0,0,0,1
2023-08-29,589179428,20190000000000000003,900200000000000044,1,81.646,376.260,30708.000,2023-08-29 21:15:00.000,L2FT01-FTJ028,13.88,5.000,0.666012,16605,0.435592,0.055345,0,0,1,1.0200,坪山区,23,23,0,0,0,0,1
2023-08-29,589179428,20190000000000000003,900200000000000044,1,65.571,387.653,25411.333,2023-08-29 21:30:00.000,L2FT01-FTJ028,13.88,5.000,0.666012,16605,0.435592,0.055345,0,0,1,1.0200,坪山区,23,23,0,0,0,0,1
2023-08-29,589179428,20190000000000000003,900200000000000044,1,43.790,395.880,17336.000,2023-08-29 21:45:00.000,L2FT01-FTJ028,13.88,5.000,0.666012,16605,0.435592,0.055345,0,0,1,1.0200,坪山区,23,23,0,0,0,0,1
2023-08-29,589179428,20190000000000000003,900200000000000044,1,43.790,400.300,17530.000,2023-08-29 22:00:00.000,L2FT01-FTJ028,14.50,5.000,0.666012,16605,0.435592,0.055345,0,0,1,1.0200,坪山区,23,23,0,0,0,0,1
2023-08-29,589179428,20190000000000000003,900200000000000039,1,13.930,396.780,5524.000,2023-08-29 22:30:00.000,L2FT01-FTJ028,14.50,5.000,0.666012,16605,0.435592,0.055345,0,0,1,1.0200,坪山区,23,23,0,0,0,0,1
2023-08-29,589179428,20190000000000000003,900200000000000039,1,11.590,399.520,4629.333,2023-08-29 22:45:00.000,L2FT01-FTJ028,14.50,5.000,0.666012,16605,0.435592,0.055345,0,0,1,1.0200,坪山区,23,23,0,0,0,0,1
2023-08-29,589179428,20190000000000000003,900200000000000039,1,11.590,400.633,4640.000,2023-08-29 23:00:00.000,L2FT01-FTJ028,15.22,5.000,0.666012,16605,0.435592,0.055345,0,0,1,1.0200,坪山区,23,23,0,0,0,0,1
2023-08-29,589179428,20190000000000000003,900200000000000047,0,0.000,315.200,0.000,2023-08-29 23:45:00.000,L2FT01-FTJ028,15.22,5.000,0.666012,16605,0.435592,0.055345,0,0,1,1.0200,坪山区,23,23,0,0,0,0,1
2023-08-30,589179428,20190000000000000003,900200000000000047,1,115.405,309.740,35744.667,2023-08-30 00:00:00.000,L2FT01-FTJ028,16.00,5.000,0.666012,16605,0.435592,0.055345,0,0,1,1.0200,坪山区,23,23,0,0,0,0,1
2023-08-30,589179428,20190000000000000003,900200000000000056,1,149.916,395.450,59285.000,2023-08-30 00:00:00.000,L2FT01-FTJ028,16.00,5.000,0.666012,16605,0.435592,0.055345,0,0,1,1.0200,坪山区,23,23,0,0,0,0,1
2023-08-30,589179428,20190000000000000003,900200000000000047,1,115.366,310.120,35776.000,2023-08-30 00:15:00.000,L2FT01-FTJ028,16.00,5.000,0.666012,16605,0.435592,0.055345,0,0,1,1.0200,坪山区,23,23,0,0,0,0,1
2023-08-30,589179428,20190000000000000003,900200000000000056,1,144.165,397.907,57361.333,2023-08-30 00:15:00.000,L2FT01-FTJ028,16.00,5.000,0.666012,16605,0.435592,0.055345,0,0,1,1.0200,坪山区,23,23,0,0,0,0,1
2023-08-30,589179428,20190000000000000003,900200000000000047,1,105.510,310.900,32798.000,2023-08-30 00:30:00.000,L2FT01-FTJ028,16.00,5.000,0.666012,16605,0.435592,0.055345,0,0,1,1.0200,坪山区,23,23,0,0,0,0,1
2023-08-30,589179428,20190000000000000003,900200000000000056,1,114.159,398.487,45489.333,2023-08-30 00:30:00.000,L2FT01-FTJ028,16.00,5.000,0.666012,16605,0.435592,0.055345,0,0,1,1.0200,坪山区,23,23,0,0,0,0,1
2023-08-30,589179428,20190000000000000003,900200000000000047,1,105.412,313.347,33028.000,2023-08-30 00:45:00.000,L2FT01-FTJ028,16.00,5.000,0.666012,16605,0.435592,0.055345,0,0,1,1.0200,坪山区,23,23,0,0,0,0,1
2023-08-30,589179428,20190000000000000003,900200000000000056,1,91.490,400.347,36621.333,2023-08-30 00:45:00.000,L2FT01-FTJ028,16.00,5.000,0.666012,16605,0.435592,0.055345,0,0,1,1.0200,坪山区,23,23,0,0,0,0,1
2023-08-30,589179428,20190000000000000003,900200000000000056,1,37.674,406.340,15290.000,2023-08-30 01:00:00.000,L2FT01-FTJ028,16.78,5.000,0.666012,16605,0.435592,0.055345,0,0,1,1.0200,坪山区,23,23,0,0,0,0,1
2023-08-30,589179428,20190000000000000003,900200000000000047,1,105.390,315.287,33225.333,2023-08-30 01:00:00.000,L2FT01-FTJ028,16.78,5.000,0.666012,16605,0.435592,0.055345,0,0,1,1.0200,坪山区,23,23,0,0,0,0,1
2023-08-30,589179428,20190000000000000003,900200000000000047,1,50.277,325.343,16272.857,2023-08-30 01:15:00.000,L2FT01-FTJ028,16.78,5.000,0.666012,16605,0.435592,0.055345,0,0,1,1.0200,坪山区,23,23,0,0,0,0,1
2023-08-30,589179428,20190000000000000003,900200000000000032,1,55.436,354.771,19747.143,2023-08-30 01:45:00.000,L2FT01-FTJ028,16.78,5.000,0.666012,16605,0.435592,0.055345,0,0,1,1.0200,坪山区,23,23,0,0,0,0,1
2023-08-30,589179428,20190000000000000003,900200000000000032,1,71.277,357.047,25448.000,2023-08-30 02:00:00.000,L2FT01-FTJ028,17.50,5.000,0.666012,16605,0.435592,0.055345,0,0,1,1.0200,坪山区,23,23,0,0,0,0,1
2023-08-30,589179428,20190000000000000003,900200000000000032,1,71.243,357.273,25452.000,2023-08-30 02:15:00.000,L2FT01-FTJ028,17.50,5.000,0.666012,16605,0.435592,0.055345,0,0,1,1.0200,坪山区,23,23,0,0,0,0,1
2023-08-30,589179428,20190000000000000003,900200000000000032,1,71.290,359.747,25644.667,2023-08-30 02:30:00.000,L2FT01-FTJ028,17.50,5.000,0.666012,16605,0.435592,0.055345,0,0,1,1.0200,坪山区,23,23,0,0,0,0,1
2023-08-30,589179428,20190000000000000003,900200000000000032,1,71.283,361.760,25785.333,2023-08-30 02:45:00.000,L2FT01-FTJ028,17.50,5.000,0.666012,16605,0.435592,0.055345,0,0,1,1.0200,坪山区,23,23,0,0,0,0,1
2023-08-30,589179428,20190000000000000003,900200000000000032,1,71.223,362.527,25818.667,2023-08-30 03:00:00.000,L2FT01-FTJ028,18.12,5.000,0.666012,16605,0.435592,0.055345,0,0,1,1.0200,坪山区,23,23,0,0,0,0,1
2023-08-30,589179428,20190000000000000003,900200000000000047,1,121.890,305.900,37280.000,2023-08-30 03:00:00.000,L2FT01-FTJ028,18.12,5.000,0.666012,16605,0.435592,0.055345,0,0,1,1.0200,坪山区,23,23,0,0,0,0,1
2023-08-30,589179428,20190000000000000003,900200000000000032,1,71.243,363.827,25919.333,2023-08-30 03:15:00.000,L2FT01-FTJ028,18.12,5.000,0.666012,16605,0.435592,0.055345,0,0,1,1.0200,坪山区,23,23,0,0,0,0,1
2023-08-30,589179428,20190000000000000003,900200000000000047,1,121.664,309.513,37654.667,2023-08-30 03:15:00.000,L2FT01-FTJ028,18.12,5.000,0.666012,16605,0.435592,0.055345,0,0,1,1.0200,坪山区,23,23,0,0,0,0,1
2023-08-30,589179428,20190000000000000003,900200000000000032,1,48.131,366.780,17641.333,2023-08-30 03:30:00.000,L2FT01-FTJ028,18.12,5.000,0.666012,16605,0.435592,0.055345,0,0,1,1.0200,坪山区,23,23,0,0,0,0,1
2023-08-30,589179428,20190000000000000003,900200000000000047,1,121.590,310.407,37742.000,2023-08-30 03:30:00.000,L2FT01-FTJ028,18.12,5.000,0.666012,16605,0.435592,0.055345,0,0,1,1.0200,坪山区,23,23,0,0,0,0,1
2023-08-30,589179428,20190000000000000003,900200000000000047,1,121.590,311.380,37858.667,2023-08-30 03:45:00.000,L2FT01-FTJ028,18.12,5.000,0.666012,16605,0.435592,0.055345,0,0,1,1.0200,坪山区,23,23,0,0,0,0,1
2023-08-30,589179428,20190000000000000003,900200000000000056,1,129.956,310.762,40383.846,2023-08-30 03:45:00.000,L2FT01-FTJ028,18.12,5.000,0.666012,16605,0.435592,0.055345,0,0,1,1.0200,坪山区,23,23,0,0,0,0,1
2023-08-30,589179428,20190000000000000003,900200000000000032,1,22.390,373.900,8370.000,2023-08-30 03:45:00.000,L2FT01-FTJ028,18.12,5.000,0.666012,16605,0.435592,0.055345,0,0,1,1.0200,坪山区,23,23,0,0,0,0,1
2023-08-30,589179428,20190000000000000003,900200000000000047,1,121.590,313.180,38077.333,2023-08-30 04:00:00.000,L2FT01-FTJ028,18.60,5.000,0.666012,16605,0.435592,0.055345,0,0,1,1.0200,坪山区,23,23,0,0,0,0,1
2023-08-30,589179428,20190000000000000003,900200000000000056,1,129.890,311.320,40435.333,2023-08-30 04:00:00.000,L2FT01-FTJ028,18.60,5.000,0.666012,16605,0.435592,0.055345,0,0,1,1.0200,坪山区,23,23,0,0,0,0,1
2023-08-30,589179428,20190000000000000003,900200000000000038,1,116.549,382.363,44558.750,2023-08-30 04:15:00.000,L2FT01-FTJ028,18.60,5.000,0.666012,16605,0.435592,0.055345,0,0,1,1.0200,坪山区,23,23,0,0,0,0,1
2023-08-30,589179428,20190000000000000003,900200000000000047,1,121.590,314.200,38202.000,2023-08-30 04:15:00.000,L2FT01-FTJ028,18.60,5.000,0.666012,16605,0.435592,0.055345,0,0,1,1.0200,坪山区,23,23,0,0,0,0,1
2023-08-30,589179428,20190000000000000003,900200000000000056,1,129.905,313.753,40756.000,2023-08-30 04:15:00.000,L2FT01-FTJ028,18.60,5.000,0.666012,16605,0.435592,0.055345,0,0,1,1.0200,坪山区,23,23,0,0,0,0,1
2023-08-30,589179428,20190000000000000003,900200000000000038,1,116.500,387.880,45184.000,2023-08-30 04:30:00.000,L2FT01-FTJ028,18.60,5.000,0.666012,16605,0.435592,0.055345,0,0,1,1.0200,坪山区,23,23,0,0,0,0,1
2023-08-30,589179428,20190000000000000003,900200000000000047,1,121.590,316.020,38423.333,2023-08-30 04:30:00.000,L2FT01-FTJ028,18.60,5.000,0.666012,16605,0.435592,0.055345,0,0,1,1.0200,坪山区,23,23,0,0,0,0,1
2023-08-30,589179428,20190000000000000003,900200000000000056,1,129.890,315.400,40965.333,2023-08-30 04:30:00.000,L2FT01-FTJ028,18.60,5.000,0.666012,16605,0.435592,0.055345,0,0,1,1.0200,坪山区,23,23,0,0,0,0,1
2023-08-30,589179428,20190000000000000003,900200000000000038,1,105.273,389.813,41032.000,2023-08-30 04:45:00.000,L2FT01-FTJ028,18.60,5.000,0.666012,16605,0.435592,0.055345,0,0,1,1.0200,坪山区,23,23,0,0,0,0,1
2023-08-30,589179428,20190000000000000003,900200000000000047,1,56.810,327.180,18488.000,2023-08-30 04:45:00.000,L2FT01-FTJ028,18.60,5.000,0.666012,16605,0.435592,0.055345,0,0,1,1.0200,坪山区,23,23,0,0,0,0,1
2023-08-30,589179428,20190000000000000003,900200000000000056,1,119.873,318.883,38206.667,2023-08-30 04:45:00.000,L2FT01-FTJ028,18.60,5.000,0.666012,16605,0.435592,0.055345,0,0,1,1.0200,坪山区,23,23,0,0,0,0,1
2023-08-30,589179428,20190000000000000003,900200000000000038,1,84.964,390.827,33208.667,2023-08-30 05:00:00.000,L2FT01-FTJ028,18.90,5.000,0.666012,16605,0.435592,0.055345,0,0,1,1.0200,坪山区,23,23,0,0,0,0,1
2023-08-30,589179428,20190000000000000003,900200000000000038,1,57.425,390.700,22438.667,2023-08-30 05:15:00.000,L2FT01-FTJ028,18.90,5.000,0.666012,16605,0.435592,0.055345,0,0,1,1.0200,坪山区,23,23,0,0,0,0,1
2023-08-30,589179428,20190000000000000003,900200000000000038,1,34.190,392.000,13402.308,2023-08-30 05:30:00.000,L2FT01-FTJ028,18.90,5.000,0.666012,16605,0.435592,0.055345,0,0,1,1.0200,坪山区,23,23,0,0,0,0,1
2023-08-30,589179428,20190000000000000003,900200000000000035,1,72.740,447.525,34102.500,2023-08-30 05:45:00.000,L2FT01-FTJ028,18.90,5.000,0.666012,16605,0.435592,0.055345,0,0,1,1.0200,坪山区,23,23,0,0,0,0,1
2023-08-30,589179428,20190000000000000003,900200000000000044,1,70.974,299.663,21265.000,2023-08-30 05:45:00.000,L2FT01-FTJ028,18.90,5.000,0.666012,16605,0.435592,0.055345,0,0,1,1.0200,坪山区,23,23,0,0,0,0,1
2023-08-30,589179428,20190000000000000003,900200000000000049,1,71.530,308.682,22076.364,2023-08-30 05:45:00.000,L2FT01-FTJ028,18.90,5.000,0.666012,16605,0.435592,0.055345,0,0,1,1.0200,坪山区,23,23,0,0,0,0,1
2023-08-30,589179428,20190000000000000003,900200000000000035,1,125.213,476.967,59720.667,2023-08-30 06:00:00.000,L2FT01-FTJ028,19.00,5.000,0.666012,16605,0.435592,0.055345,0,0,1,1.0200,坪山区,23,23,0,0,0,0,1
2023-08-30,589179428,20190000000000000003,900200000000000044,1,71.124,301.667,21453.333,2023-08-30 06:00:00.000,L2FT01-FTJ028,19.00,5.000,0.666012,16605,0.435592,0.055345,0,0,1,1.0200,坪山区,23,23,0,0,0,0,1
2023-08-30,589179428,20190000000000000003,900200000000000049,1,71.390,309.800,22114.667,2023-08-30 06:00:00.000,L2FT01-FTJ028,19.00,5.000,0.666012,16605,0.435592,0.055345,0,0,1,1.0200,坪山区,23,23,0,0,0,0,1
2023-08-30,589179428,20190000000000000003,900200000000000035,1,125.042,477.320,59682.667,2023-08-30 06:15:00.000,L2FT01-FTJ028,19.00,5.000,0.666012,16605,0.435592,0.055345,0,0,1,1.0200,坪山区,23,23,0,0,0,0,1
2023-08-30,589179428,20190000000000000003,900200000000000049,1,71.390,311.867,22262.000,2023-08-30 06:15:00.000,L2FT01-FTJ028,19.00,5.000,0.666012,16605,0.435592,0.055345,0,0,1,1.0200,坪山区,23,23,0,0,0,0,1
2023-08-30,589179428,20190000000000000003,900200000000000035,1,125.000,477.620,59698.667,2023-08-30 06:30:00.000,L2FT01-FTJ028,19.00,5.000,0.666012,16605,0.435592,0.055345,0,0,1,1.0200,坪山区,23,23,0,0,0,0,1
2023-08-30,589179428,20190000000000000003,900200000000000049,1,71.390,312.653,22317.333,2023-08-30 06:30:00.000,L2FT01-FTJ028,19.00,5.000,0.666012,16605,0.435592,0.055345,0,0,1,1.0200,坪山区,23,23,0,0,0,0,1
2023-08-30,589179428,20190000000000000003,900200000000000035,1,80.814,477.229,38576.429,2023-08-30 06:45:00.000,L2FT01-FTJ028,19.00,5.000,0.666012,16605,0.435592,0.055345,0,0,1,1.0200,坪山区,23,23,0,0,0,0,1
2023-08-30,589179428,20190000000000000003,900200000000000049,1,71.377,313.227,22354.000,2023-08-30 06:45:00.000,L2FT01-FTJ028,19.00,5.000,0.666012,16605,0.435592,0.055345,0,0,1,1.0200,坪山区,23,23,0,0,0,0,1
2023-08-30,589179428,20190000000000000003,900200000000000049,1,71.310,314.260,22408.000,2023-08-30 07:00:00.000,L2FT01-FTJ028,18.90,5.000,0.666012,16605,0.435592,0.055345,0,0,1,1.0200,坪山区,23,23,0,0,0,0,1
2023-08-30,589179428,20190000000000000003,900200000000000031,1,84.483,342.722,29944.444,2023-08-30 07:00:00.000,L2FT01-FTJ028,18.90,5.000,0.666012,16605,0.435592,0.055345,0,0,1,1.0200,坪山区,23,23,0,0,0,0,1
2023-08-30,589179428,20190000000000000003,900200000000000031,1,112.961,367.940,41532.000,2023-08-30 07:15:00.000,L2FT01-FTJ028,18.90,5.000,0.666012,16605,0.435592,0.055345,0,0,1,1.0200,坪山区,23,23,0,0,0,0,1
2023-08-30,589179428,20190000000000000003,900200000000000049,1,61.804,319.557,19695.714,2023-08-30 07:15:00.000,L2FT01-FTJ028,18.90,5.000,0.666012,16605,0.435592,0.055345,0,0,1,1.0200,坪山区,23,23,0,0,0,0,1
2023-08-30,589179428,20190000000000000003,900200000000000031,1,76.164,380.873,29004.000,2023-08-30 07:30:00.000,L2FT01-FTJ028,18.90,5.000,0.666012,16605,0.435592,0.055345,0,0,1,1.0200,坪山区,23,23,0,0,0,0,1
2023-08-30,589179428,20190000000000000003,900200000000000031,1,35.453,386.000,13687.000,2023-08-30 07:45:00.000,L2FT01-FTJ028,18.90,5.000,0.666012,16605,0.435592,0.055345,0,0,1,1.0200,坪山区,23,23,0,0,0,0,1
2023-08-30,589179428,20190000000000000003,900200000000000047,1,183.682,362.383,66935.833,2023-08-30 08:15:00.000,L2FT01-FTJ028,18.60,5.000,0.666012,16605,0.435592,0.055345,0,0,1,1.0200,坪山区,23,23,0,0,0,0,1
2023-08-30,589179428,20190000000000000003,900200000000000047,1,197.693,382.887,75601.333,2023-08-30 08:30:00.000,L2FT01-FTJ028,18.60,5.000,0.666012,16605,0.435592,0.055345,0,0,1,1.0200,坪山区,23,23,0,0,0,0,1
2023-08-30,589179428,20190000000000000003,900200000000000047,1,110.206,396.347,43626.667,2023-08-30 08:45:00.000,L2FT01-FTJ028,18.60,5.000,0.666012,16605,0.435592,0.055345,0,0,1,1.0200,坪山区,23,23,0,0,0,0,1
2023-08-30,589179428,20190000000000000003,900200000000000047,1,70.670,399.160,28206.000,2023-08-30 09:00:00.000,L2FT01-FTJ028,18.12,5.000,0.666012,16605,0.435592,0.055345,0,0,1,1.0200,坪山区,23,23,0,0,0,0,1
2023-08-30,589179428,20190000000000000003,900200000000000047,1,6.345,262.450,2215.000,2023-08-30 09:15:00.000,L2FT01-FTJ028,18.12,5.000,0.666012,16605,0.435592,0.055345,0,0,1,1.0200,坪山区,23,23,0,0,0,0,1
2023-08-30,589179428,20190000000000000003,900200000000000049,1,149.995,374.600,56185.000,2023-08-30 09:45:00.000,L2FT01-FTJ028,18.12,5.000,0.666012,16605,0.435592,0.055345,0,0,1,1.0200,坪山区,23,23,0,0,0,0,1
2023-08-30,589179428,20190000000000000003,900200000000000049,1,149.830,385.360,57738.667,2023-08-30 10:00:00.000,L2FT01-FTJ028,17.50,5.000,0.666012,16605,0.435592,0.055345,0,0,1,1.0200,坪山区,23,23,0,0,0,0,1
2023-08-30,589179428,20190000000000000003,900200000000000057,1,195.476,316.240,61830.000,2023-08-30 10:15:00.000,L2FT01-FTJ028,17.50,5.000,0.666012,16605,0.435592,0.055345,0,0,1,1.0200,坪山区,23,23,0,0,0,0,1
2023-08-30,589179428,20190000000000000003,900200000000000049,1,140.592,401.507,56404.667,2023-08-30 10:15:00.000,L2FT01-FTJ028,17.50,5.000,0.666012,16605,0.435592,0.055345,0,0,1,1.0200,坪山区,23,23,0,0,0,0,1
2023-08-30,589179428,20190000000000000003,900200000000000057,1,155.414,322.750,49862.500,2023-08-30 10:30:00.000,L2FT01-FTJ028,17.50,5.000,0.666012,16605,0.435592,0.055345,0,0,1,1.0200,坪山区,23,23,0,0,0,0,1
2023-08-30,589179428,20190000000000000003,900200000000000049,1,86.221,408.257,35192.857,2023-08-30 10:30:00.000,L2FT01-FTJ028,17.50,5.000,0.666012,16605,0.435592,0.055345,0,0,1,1.0200,坪山区,23,23,0,0,0,0,1
2023-08-30,589179428,20190000000000000003,900200000000000049,1,61.122,383.864,23543.571,2023-08-30 10:45:00.000,L2FT01-FTJ028,17.50,5.000,0.666012,16605,0.435592,0.055345,0,0,1,1.0200,坪山区,23,23,0,0,0,0,1
2023-08-30,589179428,20190000000000000003,900200000000000049,1,46.852,397.173,18588.667,2023-08-30 11:00:00.000,L2FT01-FTJ028,16.78,5.000,0.666012,16605,0.435592,0.055345,0,0,1,1.0200,坪山区,23,23,0,0,0,0,1
2023-08-30,589179428,20190000000000000003,900200000000000049,1,16.907,401.914,6790.714,2023-08-30 11:15:00.000,L2FT01-FTJ028,16.78,5.000,0.666012,16605,0.435592,0.055345,0,0,1,1.0200,坪山区,23,23,0,0,0,0,1
2023-08-30,589179428,20190000000000000003,900200000000000056,1,37.190,335.350,12540.000,2023-08-30 11:45:00.000,L2FT01-FTJ028,16.78,5.000,0.666012,16605,0.435592,0.055345,0,0,1,1.0200,坪山区,23,23,0,0,0,0,1
2023-08-30,589179428,20190000000000000003,900200000000000056,1,71.690,341.693,24494.667,2023-08-30 12:00:00.000,L2FT01-FTJ028,16.00,5.000,0.666012,16605,0.435592,0.055345,0,0,1,1.0200,坪山区,23,23,0,0,0,0,1
2023-08-30,589179428,20190000000000000003,900200000000000056,1,71.690,347.020,24876.667,2023-08-30 12:15:00.000,L2FT01-FTJ028,16.00,5.000,0.666012,16605,0.435592,0.055345,0,0,1,1.0200,坪山区,23,23,0,0,0,0,1
2023-08-30,589179428,20190000000000000003,900200000000000056,1,71.690,356.007,25521.333,2023-08-30 12:30:00.000,L2FT01-FTJ028,16.00,5.000,0.666012,16605,0.435592,0.055345,0,0,1,1.0200,坪山区,23,23,0,0,0,0,1
2023-08-30,589179428,20190000000000000003,900200000000000056,1,71.690,367.400,26338.000,2023-08-30 12:45:00.000,L2FT01-FTJ028,16.00,5.000,0.666012,16605,0.435592,0.055345,0,0,1,1.0200,坪山区,23,23,0,0,0,0,1
2023-08-30,589179428,20190000000000000003,900200000000000056,1,66.827,378.364,25267.857,2023-08-30 13:00:00.000,L2FT01-FTJ028,15.22,5.000,0.666012,16605,0.435592,0.055345,0,0,1,1.0200,坪山区,23,23,0,0,0,0,1
2023-08-30,589179428,20190000000000000003,900200000000000037,0,0.000,345.900,0.000,2023-08-30 13:45:00.000,L2FT01-FTJ028,15.22,5.000,0.666012,16605,0.435592,0.055345,0,0,1,1.0200,坪山区,23,23,0,0,0,0,1
2023-08-30,589179428,20190000000000000003,900200000000000037,1,96.844,366.573,35453.333,2023-08-30 14:00:00.000,L2FT01-FTJ028,14.50,5.000,0.666012,16605,0.435592,0.055345,0,0,1,1.0200,坪山区,23,23,0,0,0,0,1
2023-08-30,589179428,20190000000000000003,900200000000000037,1,73.879,383.053,28282.667,2023-08-30 14:15:00.000,L2FT01-FTJ028,14.50,5.000,0.666012,16605,0.435592,0.055345,0,0,1,1.0200,坪山区,23,23,0,0,0,0,1
2023-08-30,589179428,20190000000000000003,900200000000000049,1,120.576,313.564,37711.429,2023-08-30 14:30:00.000,L2FT01-FTJ028,14.50,5.000,0.666012,16605,0.435592,0.055345,0,0,1,1.0200,坪山区,23,23,0,0,0,0,1
2023-08-30,589179428,20190000000000000003,900200000000000037,1,52.289,397.167,20753.333,2023-08-30 14:30:00.000,L2FT01-FTJ028,14.50,5.000,0.666012,16605,0.435592,0.055345,0,0,1,1.0200,坪山区,23,23,0,0,0,0,1
2023-08-30,589179428,20190000000000000003,900200000000000037,1,24.977,403.500,10072.000,2023-08-30 14:45:00.000,L2FT01-FTJ028,14.50,5.000,0.666012,16605,0.435592,0.055345,0,0,1,1.0200,坪山区,23,23,0,0,0,0,1
2023-08-30,589179428,20190000000000000003,900200000000000049,1,129.800,314.864,40863.636,2023-08-30 14:45:00.000,L2FT01-FTJ028,14.50,5.000,0.666012,16605,0.435592,0.055345,0,0,1,1.0200,坪山区,23,23,0,0,0,0,1
2023-08-30,589179428,20190000000000000003,900200000000000037,1,18.468,406.133,7500.000,2023-08-30 15:00:00.000,L2FT01-FTJ028,13.88,5.000,0.666012,16605,0.435592,0.055345,0,0,1,1.0200,坪山区,23,23,0,0,0,0,1
2023-08-30,589179428,20190000000000000003,900200000000000047,1,196.230,312.400,61300.000,2023-08-30 15:30:00.000,L2FT01-FTJ028,13.88,5.000,0.666012,16605,0.435592,0.055345,0,0,1,1.0200,坪山区,23,23,0,0,0,0,1
2023-08-30,589179428,20190000000000000003,900200000000000037,0,0.000,176.000,0.000,2023-08-30 15:45:00.000,L2FT01-FTJ028,13.88,5.000,0.666012,16605,0.435592,0.055345,0,0,1,1.0200,坪山区,23,23,0,0,0,0,1
2023-08-30,589179428,20190000000000000003,900200000000000038,1,98.800,307.000,30330.000,2023-08-30 15:45:00.000,L2FT01-FTJ028,13.88,5.000,0.666012,16605,0.435592,0.055345,0,0,1,1.0200,坪山区,23,23,0,0,0,0,1
2023-08-30,589179428,20190000000000000003,900200000000000047,1,195.759,314.500,61562.000,2023-08-30 15:45:00.000,L2FT01-FTJ028,13.88,5.000,0.666012,16605,0.435592,0.055345,0,0,1,1.0200,坪山区,23,23,0,0,0,0,1
2023-08-30,589179428,20190000000000000003,900200000000000047,1,189.522,317.438,60143.077,2023-08-30 16:00:00.000,L2FT01-FTJ028,13.40,5.000,0.666012,16605,0.435592,0.055345,0,0,1,1.0200,坪山区,23,23,0,0,0,0,1
2023-08-30,589179428,20190000000000000003,900200000000000057,1,100.000,318.000,31800.000,2023-08-30 16:30:00.000,L2FT01-FTJ028,13.40,5.000,0.666012,16605,0.435592,0.055345,0,0,1,1.0200,坪山区,23,23,0,0,0,0,1
2023-08-30,589179428,20190000000000000003,900200000000000057,1,99.836,322.060,32148.000,2023-08-30 16:45:00.000,L2FT01-FTJ028,13.40,5.000,0.666012,16605,0.435592,0.055345,0,0,1,1.0200,坪山区,23,23,0,0,0,0,1
2023-08-30,589179428,20190000000000000003,900200000000000044,1,38.434,399.100,15584.286,2023-08-30 17:45:00.000,L2FT01-FTJ028,13.10,5.000,0.666012,16605,0.435592,0.055345,0,0,1,1.0200,坪山区,23,23,0,0,0,0,1
2023-08-30,589179428,20190000000000000003,900200000000000044,1,44.590,408.033,18192.667,2023-08-30 18:00:00.000,L2FT01-FTJ028,13.00,5.000,0.666012,16605,0.435592,0.055345,0,0,1,1.0200,坪山区,23,23,0,0,0,0,1
2023-08-30,589179428,20190000000000000003,900200000000000044,1,44.405,411.615,18277.692,2023-08-30 18:15:00.000,L2FT01-FTJ028,13.00,5.000,0.666012,16605,0.435592,0.055345,0,0,1,1.0200,坪山区,23,23,0,0,0,0,1
2023-08-30,589179428,20190000000000000003,900200000000000030,1,132.928,311.250,41583.333,2023-08-30 18:30:00.000,L2FT01-FTJ028,13.00,5.000,0.666012,16605,0.435592,0.055345,0,0,1,1.0200,坪山区,23,23,0,0,0,0,1
2023-08-30,589179428,20190000000000000003,900200000000000030,1,159.303,314.447,50090.667,2023-08-30 18:45:00.000,L2FT01-FTJ028,13.00,5.000,0.666012,16605,0.435592,0.055345,0,0,1,1.0200,坪山区,23,23,0,0,0,0,1
2023-08-30,589179428,20190000000000000003,900200000000000030,1,159.340,315.933,50338.333,2023-08-30 19:00:00.000,L2FT01-FTJ028,13.10,5.000,0.666012,16605,0.435592,0.055345,0,0,1,1.0200,坪山区,23,23,0,0,0,0,1
2023-08-30,589179428,20190000000000000003,900200000000000032,1,118.848,363.078,43372.222,2023-08-30 19:15:00.000,L2FT01-FTJ028,13.10,5.000,0.666012,16605,0.435592,0.055345,0,0,1,1.0200,坪山区,23,23,0,0,0,0,1
2023-08-30,589179428,20190000000000000003,900200000000000032,1,143.137,367.027,52534.000,2023-08-30 19:30:00.000,L2FT01-FTJ028,13.10,5.000,0.666012,16605,0.435592,0.055345,0,0,1,1.0200,坪山区,23,23,0,0,0,0,1
2023-08-30,589179428,20190000000000000003,900200000000000038,1,45.060,404.367,18216.667,2023-08-30 19:30:00.000,L2FT01-FTJ028,13.10,5.000,0.666012,16605,0.435592,0.055345,0,0,1,1.0200,坪山区,23,23,0,0,0,0,1
2023-08-30,589179428,20190000000000000003,900200000000000032,1,143.190,369.613,52922.667,2023-08-30 19:45:00.000,L2FT01-FTJ028,13.10,5.000,0.666012,16605,0.435592,0.055345,0,0,1,1.0200,坪山区,23,23,0,0,0,0,1
2023-08-30,589179428,20190000000000000003,900200000000000038,1,45.000,407.520,18332.000,2023-08-30 19:45:00.000,L2FT01-FTJ028,13.10,5.000,0.666012,16605,0.435592,0.055345,0,0,1,1.0200,坪山区,23,23,0,0,0,0,1
2023-08-30,589179428,20190000000000000003,900200000000000032,1,131.224,371.747,48781.333,2023-08-30 20:00:00.000,L2FT01-FTJ028,13.40,5.000,0.666012,16605,0.435592,0.055345,0,0,1,1.0200,坪山区,23,23,0,0,0,0,1
2023-08-30,589179428,20190000000000000003,900200000000000038,1,45.000,410.853,18484.000,2023-08-30 20:00:00.000,L2FT01-FTJ028,13.40,5.000,0.666012,16605,0.435592,0.055345,0,0,1,1.0200,坪山区,23,23,0,0,0,0,1
2023-08-30,589179428,20190000000000000003,900200000000000032,1,53.883,370.833,19980.833,2023-08-30 20:15:00.000,L2FT01-FTJ028,13.40,5.000,0.666012,16605,0.435592,0.055345,0,0,1,1.0200,坪山区,23,23,0,0,0,0,1
2023-08-30,589179428,20190000000000000003,900200000000000038,1,38.090,412.660,15734.000,2023-08-30 20:15:00.000,L2FT01-FTJ028,13.40,5.000,0.666012,16605,0.435592,0.055345,0,0,1,1.0200,坪山区,23,23,0,0,0,0,1
2023-08-30,589179428,20190000000000000003,900200000000000038,1,19.325,413.453,7984.000,2023-08-30 20:30:00.000,L2FT01-FTJ028,13.40,5.000,0.666012,16605,0.435592,0.055345,0,0,1,1.0200,坪山区,23,23,0,0,0,0,1
2023-08-30,589179428,20190000000000000003,900200000000000038,1,10.945,423.950,4650.000,2023-08-30 20:45:00.000,L2FT01-FTJ028,13.40,5.000,0.666012,16605,0.435592,0.055345,0,0,1,1.0200,坪山区,23,23,0,0,0,0,1
2023-08-30,589179428,20190000000000000003,900200000000000057,1,116.969,350.391,41008.182,2023-08-30 21:30:00.000,L2FT01-FTJ028,13.88,5.000,0.666012,16605,0.435592,0.055345,0,0,1,1.0200,坪山区,23,23,0,0,0,0,1
2023-08-30,589179428,20190000000000000003,900200000000000052,1,85.195,351.350,30025.000,2023-08-30 21:30:00.000,L2FT01-FTJ028,13.88,5.000,0.666012,16605,0.435592,0.055345,0,0,1,1.0200,坪山区,23,23,0,0,0,0,1
2023-08-30,589179428,20190000000000000003,900200000000000052,1,104.959,357.400,37509.333,2023-08-30 21:45:00.000,L2FT01-FTJ028,13.88,5.000,0.666012,16605,0.435592,0.055345,0,0,1,1.0200,坪山区,23,23,0,0,0,0,1
2023-08-30,589179428,20190000000000000003,900200000000000057,1,119.800,354.167,42423.333,2023-08-30 21:45:00.000,L2FT01-FTJ028,13.88,5.000,0.666012,16605,0.435592,0.055345,0,0,1,1.0200,坪山区,23,23,0,0,0,0,1
2023-08-30,589179428,20190000000000000003,900200000000000052,1,76.219,357.273,27241.333,2023-08-30 22:00:00.000,L2FT01-FTJ028,14.50,5.000,0.666012,16605,0.435592,0.055345,0,0,1,1.0200,坪山区,23,23,0,0,0,0,1
2023-08-30,589179428,20190000000000000003,900200000000000052,1,42.058,361.318,15156.364,2023-08-30 22:15:00.000,L2FT01-FTJ028,14.50,5.000,0.666012,16605,0.435592,0.055345,0,0,1,1.0200,坪山区,23,23,0,0,0,0,1
2023-08-31,589179428,20190000000000000003,900200000000000037,1,59.442,284.950,18266.667,2023-08-31 00:00:00.000,L2FT01-FTJ028,16.00,5.000,0.666012,16605,0.435592,0.055345,0,0,1,1.0200,坪山区,23,23,0,0,0,0,1
2023-08-31,589179428,20190000000000000003,900200000000000037,1,71.190,308.047,21926.667,2023-08-31 00:15:00.000,L2FT01-FTJ028,16.00,5.000,0.666012,16605,0.435592,0.055345,0,0,1,1.0200,坪山区,23,23,0,0,0,0,1
2023-08-31,589179428,20190000000000000003,900200000000000037,1,71.150,308.307,21935.333,2023-08-31 00:30:00.000,L2FT01-FTJ028,16.00,5.000,0.666012,16605,0.435592,0.055345,0,0,1,1.0200,坪山区,23,23,0,0,0,0,1
2023-08-31,589179428,20190000000000000003,900200000000000037,1,71.137,308.847,21968.667,2023-08-31 00:45:00.000,L2FT01-FTJ028,16.00,5.000,0.666012,16605,0.435592,0.055345,0,0,1,1.0200,坪山区,23,23,0,0,0,0,1
2023-08-31,589179428,20190000000000000003,900200000000000057,1,200.046,313.593,62728.571,2023-08-31 00:45:00.000,L2FT01-FTJ028,16.00,5.000,0.666012,16605,0.435592,0.055345,0,0,1,1.0200,坪山区,23,23,0,0,0,0,1
2023-08-31,589179428,20190000000000000003,900200000000000037,1,71.143,309.607,22024.000,2023-08-31 01:00:00.000,L2FT01-FTJ028,16.78,5.000,0.666012,16605,0.435592,0.055345,0,0,1,1.0200,坪山区,23,23,0,0,0,0,1
2023-08-31,589179428,20190000000000000003,900200000000000057,1,202.080,317.067,64070.000,2023-08-31 01:00:00.000,L2FT01-FTJ028,16.78,5.000,0.666012,16605,0.435592,0.055345,0,0,1,1.0200,坪山区,23,23,0,0,0,0,1
2023-08-31,589179428,20190000000000000003,900200000000000057,1,69.833,319.657,22250.000,2023-08-31 01:15:00.000,L2FT01-FTJ028,16.78,5.000,0.666012,16605,0.435592,0.055345,0,0,1,1.0200,坪山区,23,23,0,0,0,0,1
2023-08-31,589179428,20190000000000000003,900200000000000037,1,71.183,311.040,22139.333,2023-08-31 01:15:00.000,L2FT01-FTJ028,16.78,5.000,0.666012,16605,0.435592,0.055345,0,0,1,1.0200,坪山区,23,23,0,0,0,0,1
2023-08-31,589179428,20190000000000000003,900200000000000030,1,108.939,308.647,33622.000,2023-08-31 01:15:00.000,L2FT01-FTJ028,16.78,5.000,0.666012,16605,0.435592,0.055345,0,0,1,1.0200,坪山区,23,23,0,0,0,0,1
2023-08-31,589179428,20190000000000000003,900200000000000030,1,109.000,309.453,33725.333,2023-08-31 01:30:00.000,L2FT01-FTJ028,16.78,5.000,0.666012,16605,0.435592,0.055345,0,0,1,1.0200,坪山区,23,23,0,0,0,0,1
2023-08-31,589179428,20190000000000000003,900200000000000037,1,71.190,311.833,22198.667,2023-08-31 01:30:00.000,L2FT01-FTJ028,16.78,5.000,0.666012,16605,0.435592,0.055345,0,0,1,1.0200,坪山区,23,23,0,0,0,0,1
2023-08-31,589179428,20190000000000000003,900200000000000030,1,91.223,309.433,28225.333,2023-08-31 01:45:00.000,L2FT01-FTJ028,16.78,5.000,0.666012,16605,0.435592,0.055345,0,0,1,1.0200,坪山区,23,23,0,0,0,0,1
2023-08-31,589179428,20190000000000000003,900200000000000037,1,71.190,312.300,22230.000,2023-08-31 01:45:00.000,L2FT01-FTJ028,16.78,5.000,0.666012,16605,0.435592,0.055345,0,0,1,1.0200,坪山区,23,23,0,0,0,0,1
2023-08-31,589179428,20190000000000000003,900200000000000030,1,91.137,310.980,28339.333,2023-08-31 02:00:00.000,L2FT01-FTJ028,17.50,5.000,0.666012,16605,0.435592,0.055345,0,0,1,1.0200,坪山区,23,23,0,0,0,0,1
2023-08-31,589179428,20190000000000000003,900200000000000037,1,71.190,312.913,22274.000,2023-08-31 02:00:00.000,L2FT01-FTJ028,17.50,5.000,0.666012,16605,0.435592,0.055345,0,0,1,1.0200,坪山区,23,23,0,0,0,0,1
2023-08-31,589179428,20190000000000000003,900200000000000030,1,91.170,312.487,28486.667,2023-08-31 02:15:00.000,L2FT01-FTJ028,17.50,5.000,0.666012,16605,0.435592,0.055345,0,0,1,1.0200,坪山区,23,23,0,0,0,0,1
2023-08-31,589179428,20190000000000000003,900200000000000037,1,71.190,315.293,22444.000,2023-08-31 02:15:00.000,L2FT01-FTJ028,17.50,5.000,0.666012,16605,0.435592,0.055345,0,0,1,1.0200,坪山区,23,23,0,0,0,0,1
2023-08-31,589179428,20190000000000000003,900200000000000044,1,84.756,307.200,26284.000,2023-08-31 02:15:00.000,L2FT01-FTJ028,17.50,5.000,0.666012,16605,0.435592,0.055345,0,0,1,1.0200,坪山区,23,23,0,0,0,0,1
2023-08-31,589179428,20190000000000000003,900200000000000030,1,91.130,312.973,28519.333,2023-08-31 02:30:00.000,L2FT01-FTJ028,17.50,5.000,0.666012,16605,0.435592,0.055345,0,0,1,1.0200,坪山区,23,23,0,0,0,0,1
2023-08-31,589179428,20190000000000000003,900200000000000037,1,50.490,326.150,16465.000,2023-08-31 02:30:00.000,L2FT01-FTJ028,17.50,5.000,0.666012,16605,0.435592,0.055345,0,0,1,1.0200,坪山区,23,23,0,0,0,0,1
2023-08-31,589179428,20190000000000000003,900200000000000044,1,105.890,310.813,32912.000,2023-08-31 02:30:00.000,L2FT01-FTJ028,17.50,5.000,0.666012,16605,0.435592,0.055345,0,0,1,1.0200,坪山区,23,23,0,0,0,0,1
2023-08-31,589179428,20190000000000000003,900200000000000044,1,105.890,313.287,33172.000,2023-08-31 02:45:00.000,L2FT01-FTJ028,17.50,5.000,0.666012,16605,0.435592,0.055345,0,0,1,1.0200,坪山区,23,23,0,0,0,0,1
2023-08-31,589179428,20190000000000000003,900200000000000030,1,91.103,313.680,28575.333,2023-08-31 02:45:00.000,L2FT01-FTJ028,17.50,5.000,0.666012,16605,0.435592,0.055345,0,0,1,1.0200,坪山区,23,23,0,0,0,0,1
2023-08-31,589179428,20190000000000000003,900200000000000030,1,72.249,319.964,22959.286,2023-08-31 03:00:00.000,L2FT01-FTJ028,18.12,5.000,0.666012,16605,0.435592,0.055345,0,0,1,1.0200,坪山区,23,23,0,0,0,0,1
2023-08-31,589179428,20190000000000000003,900200000000000044,1,105.890,314.453,33296.000,2023-08-31 03:00:00.000,L2FT01-FTJ028,18.12,5.000,0.666012,16605,0.435592,0.055345,0,0,1,1.0200,坪山区,23,23,0,0,0,0,1
2023-08-31,589179428,20190000000000000003,900200000000000044,1,103.168,317.500,32741.111,2023-08-31 03:15:00.000,L2FT01-FTJ028,18.12,5.000,0.666012,16605,0.435592,0.055345,0,0,1,1.0200,坪山区,23,23,0,0,0,0,1
2023-08-31,589179428,20190000000000000003,900200000000000034,1,143.405,309.892,44434.167,2023-08-31 05:15:00.000,L2FT01-FTJ028,18.90,5.000,0.666012,16605,0.435592,0.055345,0,0,1,1.0200,坪山区,23,23,0,0,0,0,1
2023-08-31,589179428,20190000000000000003,900200000000000034,1,143.372,310.660,44538.667,2023-08-31 05:30:00.000,L2FT01-FTJ028,18.90,5.000,0.666012,16605,0.435592,0.055345,0,0,1,1.0200,坪山区,23,23,0,0,0,0,1
2023-08-31,589179428,20190000000000000003,900200000000000034,1,143.354,312.520,44797.333,2023-08-31 05:45:00.000,L2FT01-FTJ028,18.90,5.000,0.666012,16605,0.435592,0.055345,0,0,1,1.0200,坪山区,23,23,0,0,0,0,1
2023-08-31,589179428,20190000000000000003,900200000000000034,1,143.300,313.993,44990.000,2023-08-31 06:00:00.000,L2FT01-FTJ028,19.00,5.000,0.666012,16605,0.435592,0.055345,0,0,1,1.0200,坪山区,23,23,0,0,0,0,1
2023-08-31,589179428,20190000000000000003,900200000000000034,1,116.510,318.940,36973.333,2023-08-31 06:15:00.000,L2FT01-FTJ028,19.00,5.000,0.666012,16605,0.435592,0.055345,0,0,1,1.0200,坪山区,23,23,0,0,0,0,1
2023-08-31,589179428,20190000000000000003,900200000000000034,1,25.500,331.600,8450.000,2023-08-31 06:30:00.000,L2FT01-FTJ028,19.00,5.000,0.666012,16605,0.435592,0.055345,0,0,1,1.0200,坪山区,23,23,0,0,0,0,1
2023-08-31,589179428,20190000000000000003,900200000000000035,1,101.415,360.100,36517.500,2023-08-31 07:15:00.000,L2FT01-FTJ028,18.90,5.000,0.666012,16605,0.435592,0.055345,0,0,1,1.0200,坪山区,23,23,0,0,0,0,1
2023-08-31,589179428,20190000000000000003,900200000000000037,1,76.790,429.400,32970.000,2023-08-31 07:15:00.000,L2FT01-FTJ028,18.90,5.000,0.666012,16605,0.435592,0.055345,0,0,1,1.0200,坪山区,23,23,0,0,0,0,1
2023-08-31,589179428,20190000000000000003,900200000000000035,1,73.019,357.400,26122.667,2023-08-31 07:30:00.000,L2FT01-FTJ028,18.90,5.000,0.666012,16605,0.435592,0.055345,0,0,1,1.0200,坪山区,23,23,0,0,0,0,1
2023-08-31,589179428,20190000000000000003,900200000000000037,1,119.298,439.375,52500.000,2023-08-31 07:30:00.000,L2FT01-FTJ028,18.90,5.000,0.666012,16605,0.435592,0.055345,0,0,1,1.0200,坪山区,23,23,0,0,0,0,1
2023-08-31,589179428,20190000000000000003,900200000000000035,1,39.546,357.918,14140.000,2023-08-31 07:45:00.000,L2FT01-FTJ028,18.90,5.000,0.666012,16605,0.435592,0.055345,0,0,1,1.0200,坪山区,23,23,0,0,0,0,1
2023-08-31,589179428,20190000000000000003,900200000000000047,1,83.504,351.522,29850.000,2023-08-31 08:30:00.000,L2FT01-FTJ028,18.60,5.000,0.666012,16605,0.435592,0.055345,0,0,1,1.0200,坪山区,23,23,0,0,0,0,1
2023-08-31,589179428,20190000000000000003,900200000000000038,1,128.248,411.033,53819.333,2023-08-31 08:45:00.000,L2FT01-FTJ028,18.60,5.000,0.666012,16605,0.435592,0.055345,0,0,1,1.0200,坪山区,23,23,0,0,0,0,1
2023-08-31,589179428,20190000000000000003,900200000000000047,1,48.755,356.110,17416.000,2023-08-31 08:45:00.000,L2FT01-FTJ028,18.60,5.000,0.666012,16605,0.435592,0.055345,0,0,1,1.0200,坪山区,23,23,0,0,0,0,1
2023-08-31,589179428,20190000000000000003,900200000000000038,1,137.040,422.167,57857.333,2023-08-31 09:00:00.000,L2FT01-FTJ028,18.12,5.000,0.666012,16605,0.435592,0.055345,0,0,1,1.0200,坪山区,23,23,0,0,0,0,1
2023-08-31,589179428,20190000000000000003,900200000000000044,1,111.413,364.700,41085.000,2023-08-31 09:00:00.000,L2FT01-FTJ028,18.12,5.000,0.666012,16605,0.435592,0.055345,0,0,1,1.0200,坪山区,23,23,0,0,0,0,1
2023-08-31,589179428,20190000000000000003,900200000000000056,1,65.825,357.967,23560.000,2023-08-31 09:00:00.000,L2FT01-FTJ028,18.12,5.000,0.666012,16605,0.435592,0.055345,0,0,1,1.0200,坪山区,23,23,0,0,0,0,1
2023-08-31,589179428,20190000000000000003,900200000000000030,1,74.640,345.550,25790.000,2023-08-31 09:15:00.000,L2FT01-FTJ028,18.12,5.000,0.666012,16605,0.435592,0.055345,0,0,1,1.0200,坪山区,23,23,0,0,0,0,1
2023-08-31,589179428,20190000000000000003,900200000000000038,1,136.321,424.393,57860.000,2023-08-31 09:15:00.000,L2FT01-FTJ028,18.12,5.000,0.666012,16605,0.435592,0.055345,0,0,1,1.0200,坪山区,23,23,0,0,0,0,1
2023-08-31,589179428,20190000000000000003,900200000000000044,1,121.429,382.353,46425.333,2023-08-31 09:15:00.000,L2FT01-FTJ028,18.12,5.000,0.666012,16605,0.435592,0.055345,0,0,1,1.0200,坪山区,23,23,0,0,0,0,1
2023-08-31,589179428,20190000000000000003,900200000000000056,1,65.790,365.687,24058.000,2023-08-31 09:15:00.000,L2FT01-FTJ028,18.12,5.000,0.666012,16605,0.435592,0.055345,0,0,1,1.0200,坪山区,23,23,0,0,0,0,1
2023-08-31,589179428,20190000000000000003,900200000000000038,1,103.826,424.273,44124.667,2023-08-31 09:30:00.000,L2FT01-FTJ028,18.12,5.000,0.666012,16605,0.435592,0.055345,0,0,1,1.0200,坪山区,23,23,0,0,0,0,1
2023-08-31,589179428,20190000000000000003,900200000000000044,1,121.599,394.853,48012.667,2023-08-31 09:30:00.000,L2FT01-FTJ028,18.12,5.000,0.666012,16605,0.435592,0.055345,0,0,1,1.0200,坪山区,23,23,0,0,0,0,1
2023-08-31,589179428,20190000000000000003,900200000000000056,1,65.790,377.980,24866.000,2023-08-31 09:30:00.000,L2FT01-FTJ028,18.12,5.000,0.666012,16605,0.435592,0.055345,0,0,1,1.0200,坪山区,23,23,0,0,0,0,1
2023-08-31,589179428,20190000000000000003,900200000000000056,1,62.990,388.560,24465.333,2023-08-31 09:45:00.000,L2FT01-FTJ028,18.12,5.000,0.666012,16605,0.435592,0.055345,0,0,1,1.0200,坪山区,23,23,0,0,0,0,1
2023-08-31,589179428,20190000000000000003,900200000000000038,1,65.550,422.773,27712.000,2023-08-31 09:45:00.000,L2FT01-FTJ028,18.12,5.000,0.666012,16605,0.435592,0.055345,0,0,1,1.0200,坪山区,23,23,0,0,0,0,1
2023-08-31,589179428,20190000000000000003,900200000000000044,1,102.728,404.500,41547.500,2023-08-31 09:45:00.000,L2FT01-FTJ028,18.12,5.000,0.666012,16605,0.435592,0.055345,0,0,1,1.0200,坪山区,23,23,0,0,0,0,1
2023-08-31,589179428,20190000000000000003,900200000000000038,1,60.663,424.487,25760.000,2023-08-31 10:00:00.000,L2FT01-FTJ028,17.50,5.000,0.666012,16605,0.435592,0.055345,0,0,1,1.0200,坪山区,23,23,0,0,0,0,1
2023-08-31,589179428,20190000000000000003,900200000000000056,1,44.990,396.733,17840.667,2023-08-31 10:00:00.000,L2FT01-FTJ028,17.50,5.000,0.666012,16605,0.435592,0.055345,0,0,1,1.0200,坪山区,23,23,0,0,0,0,1
2023-08-31,589179428,20190000000000000003,900200000000000038,1,62.525,430.867,26935.000,2023-08-31 10:15:00.000,L2FT01-FTJ028,17.50,5.000,0.666012,16605,0.435592,0.055345,0,0,1,1.0200,坪山区,23,23,0,0,0,0,1
2023-08-31,589179428,20190000000000000003,900200000000000056,1,25.790,397.800,10260.000,2023-08-31 10:15:00.000,L2FT01-FTJ028,17.50,5.000,0.666012,16605,0.435592,0.055345,0,0,1,1.0200,坪山区,23,23,0,0,0,0,1
2023-08-31,589179428,20190000000000000003,900200000000000035,1,95.427,237.333,29586.667,2023-08-31 10:30:00.000,L2FT01-FTJ028,17.50,5.000,0.666012,16605,0.435592,0.055345,0,0,1,1.0200,坪山区,23,23,0,0,0,0,1
2023-08-31,589179428,20190000000000000003,900200000000000038,1,97.202,366.189,35594.444,2023-08-31 10:30:00.000,L2FT01-FTJ028,17.50,5.000,0.666012,16605,0.435592,0.055345,0,0,1,1.0200,坪山区,23,23,0,0,0,0,1
2023-08-31,589179428,20190000000000000003,900200000000000035,1,142.665,312.113,44525.333,2023-08-31 10:45:00.000,L2FT01-FTJ028,17.50,5.000,0.666012,16605,0.435592,0.055345,0,0,1,1.0200,坪山区,23,23,0,0,0,0,1
2023-08-31,589179428,20190000000000000003,900200000000000038,1,97.190,368.133,35776.667,2023-08-31 10:45:00.000,L2FT01-FTJ028,17.50,5.000,0.666012,16605,0.435592,0.055345,0,0,1,1.0200,坪山区,23,23,0,0,0,0,1
2023-08-31,589179428,20190000000000000003,900200000000000035,1,142.597,313.920,44762.667,2023-08-31 11:00:00.000,L2FT01-FTJ028,16.78,5.000,0.666012,16605,0.435592,0.055345,0,0,1,1.0200,坪山区,23,23,0,0,0,0,1
2023-08-31,589179428,20190000000000000003,900200000000000038,1,90.418,369.113,33372.667,2023-08-31 11:00:00.000,L2FT01-FTJ028,16.78,5.000,0.666012,16605,0.435592,0.055345,0,0,1,1.0200,坪山区,23,23,0,0,0,0,1
2023-08-31,589179428,20190000000000000003,900200000000000035,1,119.182,319.445,37897.273,2023-08-31 11:15:00.000,L2FT01-FTJ028,16.78,5.000,0.666012,16605,0.435592,0.055345,0,0,1,1.0200,坪山区,23,23,0,0,0,0,1
2023-08-31,589179428,20190000000000000003,900200000000000038,1,75.410,369.913,27890.000,2023-08-31 11:15:00.000,L2FT01-FTJ028,16.78,5.000,0.666012,16605,0.435592,0.055345,0,0,1,1.0200,坪山区,23,23,0,0,0,0,1
2023-08-31,589179428,20190000000000000003,900200000000000038,1,36.936,371.786,13742.857,2023-08-31 11:30:00.000,L2FT01-FTJ028,16.78,5.000,0.666012,16605,0.435592,0.055345,0,0,1,1.0200,坪山区,23,23,0,0,0,0,1
2023-08-31,589179428,20190000000000000003,900200000000000030,1,82.170,353.275,29025.000,2023-08-31 12:00:00.000,L2FT01-FTJ028,16.00,5.000,0.666012,16605,0.435592,0.055345,0,0,1,1.0200,坪山区,23,23,0,0,0,0,1
2023-08-31,589179428,20190000000000000003,900200000000000039,1,99.550,308.771,30845.000,2023-08-31 12:00:00.000,L2FT01-FTJ028,16.00,5.000,0.666012,16605,0.435592,0.055345,0,0,1,1.0200,坪山区,23,23,0,0,0,0,1
2023-08-31,589179428,20190000000000000003,900200000000000043,1,60.870,338.510,20654.000,2023-08-31 12:00:00.000,L2FT01-FTJ028,16.00,5.000,0.666012,16605,0.435592,0.055345,0,0,1,1.0200,坪山区,23,23,0,0,0,0,1
2023-08-31,589179428,20190000000000000003,900200000000000030,1,80.082,354.680,28399.333,2023-08-31 12:15:00.000,L2FT01-FTJ028,16.00,5.000,0.666012,16605,0.435592,0.055345,0,0,1,1.0200,坪山区,23,23,0,0,0,0,1
2023-08-31,589179428,20190000000000000003,900200000000000039,1,107.117,312.433,33466.000,2023-08-31 12:15:00.000,L2FT01-FTJ028,16.00,5.000,0.666012,16605,0.435592,0.055345,0,0,1,1.0200,坪山区,23,23,0,0,0,0,1
2023-08-31,589179428,20190000000000000003,900200000000000043,1,71.690,343.807,24647.333,2023-08-31 12:15:00.000,L2FT01-FTJ028,16.00,5.000,0.666012,16605,0.435592,0.055345,0,0,1,1.0200,坪山区,23,23,0,0,0,0,1
2023-08-31,589179428,20190000000000000003,900200000000000030,1,75.085,356.067,26734.000,2023-08-31 12:30:00.000,L2FT01-FTJ028,16.00,5.000,0.666012,16605,0.435592,0.055345,0,0,1,1.0200,坪山区,23,23,0,0,0,0,1
2023-08-31,589179428,20190000000000000003,900200000000000039,1,107.190,313.713,33624.667,2023-08-31 12:30:00.000,L2FT01-FTJ028,16.00,5.000,0.666012,16605,0.435592,0.055345,0,0,1,1.0200,坪山区,23,23,0,0,0,0,1
2023-08-31,589179428,20190000000000000003,900200000000000043,1,71.690,351.200,25176.667,2023-08-31 12:30:00.000,L2FT01-FTJ028,16.00,5.000,0.666012,16605,0.435592,0.055345,0,0,1,1.0200,坪山区,23,23,0,0,0,0,1
2023-08-31,589179428,20190000000000000003,900200000000000030,1,50.030,355.087,17763.333,2023-08-31 12:45:00.000,L2FT01-FTJ028,16.00,5.000,0.666012,16605,0.435592,0.055345,0,0,1,1.0200,坪山区,23,23,0,0,0,0,1
2023-08-31,589179428,20190000000000000003,900200000000000034,1,90.837,463.157,43007.143,2023-08-31 12:45:00.000,L2FT01-FTJ028,16.00,5.000,0.666012,16605,0.435592,0.055345,0,0,1,1.0200,坪山区,23,23,0,0,0,0,1
2023-08-31,589179428,20190000000000000003,900200000000000039,1,83.790,316.607,26487.333,2023-08-31 12:45:00.000,L2FT01-FTJ028,16.00,5.000,0.666012,16605,0.435592,0.055345,0,0,1,1.0200,坪山区,23,23,0,0,0,0,1
2023-08-31,589179428,20190000000000000003,900200000000000043,1,71.690,361.720,25931.333,2023-08-31 12:45:00.000,L2FT01-FTJ028,16.00,5.000,0.666012,16605,0.435592,0.055345,0,0,1,1.0200,坪山区,23,23,0,0,0,0,1
2023-08-31,589179428,20190000000000000003,900200000000000043,1,71.690,372.607,26711.333,2023-08-31 13:00:00.000,L2FT01-FTJ028,15.22,5.000,0.666012,16605,0.435592,0.055345,0,0,1,1.0200,坪山区,23,23,0,0,0,0,1
2023-08-31,589179428,20190000000000000003,900200000000000039,1,20.912,330.183,6898.333,2023-08-31 13:00:00.000,L2FT01-FTJ028,15.22,5.000,0.666012,16605,0.435592,0.055345,0,0,1,1.0200,坪山区,23,23,0,0,0,0,1
2023-08-31,589179428,20190000000000000003,900200000000000030,1,27.976,358.443,9999.286,2023-08-31 13:00:00.000,L2FT01-FTJ028,15.22,5.000,0.666012,16605,0.435592,0.055345,0,0,1,1.0200,坪山区,23,23,0,0,0,0,1
2023-08-31,589179428,20190000000000000003,900200000000000034,1,108.757,476.280,51801.333,2023-08-31 13:00:00.000,L2FT01-FTJ028,15.22,5.000,0.666012,16605,0.435592,0.055345,0,0,1,1.0200,坪山区,23,23,0,0,0,0,1
2023-08-31,589179428,20190000000000000003,900200000000000034,1,80.717,476.153,38438.667,2023-08-31 13:15:00.000,L2FT01-FTJ028,15.22,5.000,0.666012,16605,0.435592,0.055345,0,0,1,1.0200,坪山区,23,23,0,0,0,0,1
2023-08-31,589179428,20190000000000000003,900200000000000043,1,63.197,383.600,24223.333,2023-08-31 13:15:00.000,L2FT01-FTJ028,15.22,5.000,0.666012,16605,0.435592,0.055345,0,0,1,1.0200,坪山区,23,23,0,0,0,0,1
2023-08-31,589179428,20190000000000000003,900200000000000034,1,33.390,475.425,15880.000,2023-08-31 13:30:00.000,L2FT01-FTJ028,15.22,5.000,0.666012,16605,0.435592,0.055345,0,0,1,1.0200,坪山区,23,23,0,0,0,0,1
2023-08-31,589179428,20190000000000000003,900200000000000043,1,25.797,386.420,9966.667,2023-08-31 13:30:00.000,L2FT01-FTJ028,15.22,5.000,0.666012,16605,0.435592,0.055345,0,0,1,1.0200,坪山区,23,23,0,0,0,0,1
2023-08-31,589179428,20190000000000000003,900200000000000043,1,25.410,389.310,9892.000,2023-08-31 13:45:00.000,L2FT01-FTJ028,15.22,5.000,0.666012,16605,0.435592,0.055345,0,0,1,1.0200,坪山区,23,23,0,0,0,0,1
2023-08-31,589179428,20190000000000000003,900200000000000034,1,136.321,362.800,49445.714,2023-08-31 15:00:00.000,L2FT01-FTJ028,13.88,5.000,0.666012,16605,0.435592,0.055345,0,0,1,1.0200,坪山区,23,23,0,0,0,0,1
2023-08-31,589179428,20190000000000000003,900200000000000034,1,102.193,372.487,38049.333,2023-08-31 15:15:00.000,L2FT01-FTJ028,13.88,5.000,0.666012,16605,0.435592,0.055345,0,0,1,1.0200,坪山区,23,23,0,0,0,0,1
2023-08-31,589179428,20190000000000000003,900200000000000034,1,70.897,389.887,27585.333,2023-08-31 15:30:00.000,L2FT01-FTJ028,13.88,5.000,0.666012,16605,0.435592,0.055345,0,0,1,1.0200,坪山区,23,23,0,0,0,0,1
2023-08-31,589179428,20190000000000000003,900200000000000043,0,0.000,177.300,0.000,2023-08-31 15:30:00.000,L2FT01-FTJ028,13.88,5.000,0.666012,16605,0.435592,0.055345,0,0,1,1.0200,坪山区,23,23,0,0,0,0,1
2023-08-31,589179428,20190000000000000003,900200000000000034,1,40.303,399.767,16100.000,2023-08-31 15:45:00.000,L2FT01-FTJ028,13.88,5.000,0.666012,16605,0.435592,0.055345,0,0,1,1.0200,坪山区,23,23,0,0,0,0,1
2023-08-31,589179428,20190000000000000003,900200000000000037,1,115.482,308.067,35586.667,2023-08-31 16:00:00.000,L2FT01-FTJ028,13.40,5.000,0.666012,16605,0.435592,0.055345,0,0,1,1.0200,坪山区,23,23,0,0,0,0,1
2023-08-31,589179428,20190000000000000003,900200000000000034,1,20.353,403.640,8212.667,2023-08-31 16:00:00.000,L2FT01-FTJ028,13.40,5.000,0.666012,16605,0.435592,0.055345,0,0,1,1.0200,坪山区,23,23,0,0,0,0,1
2023-08-31,589179428,20190000000000000003,900200000000000034,1,15.658,405.283,6343.333,2023-08-31 16:15:00.000,L2FT01-FTJ028,13.40,5.000,0.666012,16605,0.435592,0.055345,0,0,1,1.0200,坪山区,23,23,0,0,0,0,1
2023-08-31,589179428,20190000000000000003,900200000000000035,1,191.317,311.800,59648.333,2023-08-31 16:15:00.000,L2FT01-FTJ028,13.40,5.000,0.666012,16605,0.435592,0.055345,0,0,1,1.0200,坪山区,23,23,0,0,0,0,1
2023-08-31,589179428,20190000000000000003,900200000000000037,1,129.890,310.640,40346.000,2023-08-31 16:15:00.000,L2FT01-FTJ028,13.40,5.000,0.666012,16605,0.435592,0.055345,0,0,1,1.0200,坪山区,23,23,0,0,0,0,1
2023-08-31,589179428,20190000000000000003,900200000000000049,1,68.120,351.550,24130.000,2023-08-31 16:15:00.000,L2FT01-FTJ028,13.40,5.000,0.666012,16605,0.435592,0.055345,0,0,1,1.0200,坪山区,23,23,0,0,0,0,1
2023-08-31,589179428,20190000000000000003,900200000000000035,1,190.897,312.853,59720.000,2023-08-31 16:30:00.000,L2FT01-FTJ028,13.40,5.000,0.666012,16605,0.435592,0.055345,0,0,1,1.0200,坪山区,23,23,0,0,0,0,1
2023-08-31,589179428,20190000000000000003,900200000000000037,1,129.890,311.527,40462.000,2023-08-31 16:30:00.000,L2FT01-FTJ028,13.40,5.000,0.666012,16605,0.435592,0.055345,0,0,1,1.0200,坪山区,23,23,0,0,0,0,1
2023-08-31,589179428,20190000000000000003,900200000000000049,1,85.343,356.200,30402.667,2023-08-31 16:30:00.000,L2FT01-FTJ028,13.40,5.000,0.666012,16605,0.435592,0.055345,0,0,1,1.0200,坪山区,23,23,0,0,0,0,1
2023-08-31,589179428,20190000000000000003,900200000000000035,1,190.890,315.507,60224.667,2023-08-31 16:45:00.000,L2FT01-FTJ028,13.40,5.000,0.666012,16605,0.435592,0.055345,0,0,1,1.0200,坪山区,23,23,0,0,0,0,1
2023-08-31,589179428,20190000000000000003,900200000000000037,1,129.890,313.180,40676.667,2023-08-31 16:45:00.000,L2FT01-FTJ028,13.40,5.000,0.666012,16605,0.435592,0.055345,0,0,1,1.0200,坪山区,23,23,0,0,0,0,1
2023-08-31,589179428,20190000000000000003,900200000000000049,1,58.877,355.560,20932.667,2023-08-31 16:45:00.000,L2FT01-FTJ028,13.40,5.000,0.666012,16605,0.435592,0.055345,0,0,1,1.0200,坪山区,23,23,0,0,0,0,1
2023-08-31,589179428,20190000000000000003,900200000000000037,1,129.890,314.973,40909.333,2023-08-31 17:00:00.000,L2FT01-FTJ028,13.10,5.000,0.666012,16605,0.435592,0.055345,0,0,1,1.0200,坪山区,23,23,0,0,0,0,1
2023-08-31,589179428,20190000000000000003,900200000000000049,1,28.640,355.892,10188.333,2023-08-31 17:00:00.000,L2FT01-FTJ028,13.10,5.000,0.666012,16605,0.435592,0.055345,0,0,1,1.0200,坪山区,23,23,0,0,0,0,1
2023-08-31,589179428,20190000000000000003,900200000000000035,1,190.996,314.167,60001.667,2023-08-31 17:00:00.000,L2FT01-FTJ028,13.10,5.000,0.666012,16605,0.435592,0.055345,0,0,1,1.0200,坪山区,23,23,0,0,0,0,1
2023-08-31,589179428,20190000000000000003,900200000000000035,1,190.963,313.060,59779.333,2023-08-31 17:15:00.000,L2FT01-FTJ028,13.10,5.000,0.666012,16605,0.435592,0.055345,0,0,1,1.0200,坪山区,23,23,0,0,0,0,1
2023-08-31,589179428,20190000000000000003,900200000000000037,1,126.534,316.811,40084.444,2023-08-31 17:15:00.000,L2FT01-FTJ028,13.10,5.000,0.666012,16605,0.435592,0.055345,0,0,1,1.0200,坪山区,23,23,0,0,0,0,1
2023-08-31,589179428,20190000000000000003,900200000000000035,1,190.963,315.540,60252.667,2023-08-31 17:30:00.000,L2FT01-FTJ028,13.10,5.000,0.666012,16605,0.435592,0.055345,0,0,1,1.0200,坪山区,23,23,0,0,0,0,1
2023-08-31,589179428,20190000000000000003,900200000000000035,1,123.127,319.953,39193.333,2023-08-31 17:45:00.000,L2FT01-FTJ028,13.10,5.000,0.666012,16605,0.435592,0.055345,0,0,1,1.0200,坪山区,23,23,0,0,0,0,1
2023-08-31,589179428,20190000000000000003,900200000000000035,1,25.190,331.900,8360.000,2023-08-31 18:00:00.000,L2FT01-FTJ028,13.00,5.000,0.666012,16605,0.435592,0.055345,0,0,1,1.0200,坪山区,23,23,0,0,0,0,1
2023-08-31,589179428,20190000000000000003,900200000000000037,1,94.755,352.725,33420.000,2023-08-31 18:45:00.000,L2FT01-FTJ028,13.00,5.000,0.666012,16605,0.435592,0.055345,0,0,1,1.0200,坪山区,23,23,0,0,0,0,1
2023-08-31,589179428,20190000000000000003,900200000000000031,1,105.500,298.500,31500.000,2023-08-31 19:00:00.000,L2FT01-FTJ028,13.10,5.000,0.666012,16605,0.435592,0.055345,0,0,1,1.0200,坪山区,23,23,0,0,0,0,1
2023-08-31,589179428,20190000000000000003,900200000000000037,1,90.425,353.887,31998.000,2023-08-31 19:00:00.000,L2FT01-FTJ028,13.10,5.000,0.666012,16605,0.435592,0.055345,0,0,1,1.0200,坪山区,23,23,0,0,0,0,1
2023-08-31,589179428,20190000000000000003,900200000000000039,1,18.061,349.610,6669.000,2023-08-31 19:00:00.000,L2FT01-FTJ028,13.10,5.000,0.666012,16605,0.435592,0.055345,0,0,1,1.0200,坪山区,23,23,0,0,0,0,1
2023-08-31,589179428,20190000000000000003,900200000000000042,1,33.843,365.450,12367.500,2023-08-31 19:00:00.000,L2FT01-FTJ028,13.10,5.000,0.666012,16605,0.435592,0.055345,0,0,1,1.0200,坪山区,23,23,0,0,0,0,1
2023-08-31,589179428,20190000000000000003,900200000000000031,1,112.843,303.007,34188.000,2023-08-31 19:15:00.000,L2FT01-FTJ028,13.10,5.000,0.666012,16605,0.435592,0.055345,0,0,1,1.0200,坪山区,23,23,0,0,0,0,1
2023-08-31,589179428,20190000000000000003,900200000000000037,1,83.456,355.933,29702.000,2023-08-31 19:15:00.000,L2FT01-FTJ028,13.10,5.000,0.666012,16605,0.435592,0.055345,0,0,1,1.0200,坪山区,23,23,0,0,0,0,1
2023-08-31,589179428,20190000000000000003,900200000000000037,1,52.599,354.880,18666.000,2023-08-31 19:30:00.000,L2FT01-FTJ028,13.10,5.000,0.666012,16605,0.435592,0.055345,0,0,1,1.0200,坪山区,23,23,0,0,0,0,1
2023-08-31,589179428,20190000000000000003,900200000000000031,1,113.951,307.847,35078.000,2023-08-31 19:30:00.000,L2FT01-FTJ028,13.10,5.000,0.666012,16605,0.435592,0.055345,0,0,1,1.0200,坪山区,23,23,0,0,0,0,1
2023-08-31,589179428,20190000000000000003,900200000000000031,1,129.799,310.553,40304.667,2023-08-31 19:45:00.000,L2FT01-FTJ028,13.10,5.000,0.666012,16605,0.435592,0.055345,0,0,1,1.0200,坪山区,23,23,0,0,0,0,1
2023-08-31,589179428,20190000000000000003,900200000000000037,1,27.963,355.543,9934.286,2023-08-31 19:45:00.000,L2FT01-FTJ028,13.10,5.000,0.666012,16605,0.435592,0.055345,0,0,1,1.0200,坪山区,23,23,0,0,0,0,1
2023-08-31,589179428,20190000000000000003,900200000000000031,1,129.800,311.267,40398.000,2023-08-31 20:00:00.000,L2FT01-FTJ028,13.40,5.000,0.666012,16605,0.435592,0.055345,0,0,1,1.0200,坪山区,23,23,0,0,0,0,1
2023-08-31,589179428,20190000000000000003,900200000000000037,1,71.390,306.100,21850.000,2023-08-31 20:00:00.000,L2FT01-FTJ028,13.40,5.000,0.666012,16605,0.435592,0.055345,0,0,1,1.0200,坪山区,23,23,0,0,0,0,1
2023-08-31,589179428,20190000000000000003,900200000000000031,1,129.800,312.000,40493.333,2023-08-31 20:15:00.000,L2FT01-FTJ028,13.40,5.000,0.666012,16605,0.435592,0.055345,0,0,1,1.0200,坪山区,23,23,0,0,0,0,1
2023-08-31,589179428,20190000000000000003,900200000000000043,1,65.200,358.445,23442.727,2023-08-31 21:00:00.000,L2FT01-FTJ028,13.88,5.000,0.666012,16605,0.435592,0.055345,0,0,1,1.0200,坪山区,23,23,0,0,0,0,1
2023-08-31,589179428,20190000000000000003,900200000000000043,1,71.683,365.867,26225.333,2023-08-31 21:15:00.000,L2FT01-FTJ028,13.88,5.000,0.666012,16605,0.435592,0.055345,0,0,1,1.0200,坪山区,23,23,0,0,0,0,1
2023-08-31,589179428,20190000000000000003,900200000000000044,1,71.765,393.700,28252.500,2023-08-31 21:15:00.000,L2FT01-FTJ028,13.88,5.000,0.666012,16605,0.435592,0.055345,0,0,1,1.0200,坪山区,23,23,0,0,0,0,1
2023-08-31,589179428,20190000000000000003,900200000000000043,1,71.677,376.460,26981.333,2023-08-31 21:30:00.000,L2FT01-FTJ028,13.88,5.000,0.666012,16605,0.435592,0.055345,0,0,1,1.0200,坪山区,23,23,0,0,0,0,1
2023-08-31,589179428,20190000000000000003,900200000000000044,1,71.590,401.973,28776.364,2023-08-31 21:30:00.000,L2FT01-FTJ028,13.88,5.000,0.666012,16605,0.435592,0.055345,0,0,1,1.0200,坪山区,23,23,0,0,0,0,1
2023-08-31,589179428,20190000000000000003,900200000000000043,1,71.597,392.807,28123.333,2023-08-31 21:45:00.000,L2FT01-FTJ028,13.88,5.000,0.666012,16605,0.435592,0.055345,0,0,1,1.0200,坪山区,23,23,0,0,0,0,1
2023-08-31,589179428,20190000000000000003,900200000000000043,1,70.633,410.558,28995.833,2023-08-31 22:00:00.000,L2FT01-FTJ028,14.50,5.000,0.666012,16605,0.435592,0.055345,0,0,1,1.0200,坪山区,23,23,0,0,0,0,1
2023-08-31,589179428,20190000000000000003,900200000000000043,0,0.000,326.000,0.000,2023-08-31 23:45:00.000,L2FT01-FTJ028,15.22,5.000,0.666012,16605,0.435592,0.055345,0,0,1,1.0200,坪山区,23,23,0,0,0,0,1
2023-09-01,589179428,20190000000000000003,900200000000000038,1,78.918,304.200,24002.500,2023-09-01 00:00:00.000,L2FT01-FTJ028,13.07,0.000,0.666012,16605,0.435592,0.055345,0,0,1,1.0200,坪山区,23,23,0,0,0,0,1
2023-09-01,589179428,20190000000000000003,900200000000000043,1,115.561,308.880,35688.667,2023-09-01 00:00:00.000,L2FT01-FTJ028,13.07,0.000,0.666012,16605,0.435592,0.055345,0,0,1,1.0200,坪山区,23,23,0,0,0,0,1
2023-09-01,589179428,20190000000000000003,900200000000000048,1,72.855,388.455,28543.636,2023-09-01 00:00:00.000,L2FT01-FTJ028,13.07,0.000,0.666012,16605,0.435592,0.055345,0,0,1,1.0200,坪山区,23,23,0,0,0,0,1
2023-09-01,589179428,20190000000000000003,900200000000000038,1,78.730,306.740,24148.000,2023-09-01 00:15:00.000,L2FT01-FTJ028,13.07,0.000,0.666012,16605,0.435592,0.055345,0,0,1,1.0200,坪山区,23,23,0,0,0,0,1
2023-09-01,589179428,20190000000000000003,900200000000000043,1,115.506,309.507,35745.333,2023-09-01 00:15:00.000,L2FT01-FTJ028,13.07,0.000,0.666012,16605,0.435592,0.055345,0,0,1,1.0200,坪山区,23,23,0,0,0,0,1
2023-09-01,589179428,20190000000000000003,900200000000000048,1,120.613,396.087,47771.333,2023-09-01 00:15:00.000,L2FT01-FTJ028,13.07,0.000,0.666012,16605,0.435592,0.055345,0,0,1,1.0200,坪山区,23,23,0,0,0,0,1
2023-09-01,589179428,20190000000000000003,900200000000000038,1,78.697,308.273,24258.667,2023-09-01 00:30:00.000,L2FT01-FTJ028,13.07,0.000,0.666012,16605,0.435592,0.055345,0,0,1,1.0200,坪山区,23,23,0,0,0,0,1
2023-09-01,589179428,20190000000000000003,900200000000000043,1,129.836,312.907,40624.000,2023-09-01 00:30:00.000,L2FT01-FTJ028,13.07,0.000,0.666012,16605,0.435592,0.055345,0,0,1,1.0200,坪山区,23,23,0,0,0,0,1
2023-09-01,589179428,20190000000000000003,900200000000000048,1,100.273,396.913,39806.000,2023-09-01 00:30:00.000,L2FT01-FTJ028,13.07,0.000,0.666012,16605,0.435592,0.055345,0,0,1,1.0200,坪山区,23,23,0,0,0,0,1
2023-09-01,589179428,20190000000000000003,900200000000000038,1,78.697,308.633,24285.333,2023-09-01 00:45:00.000,L2FT01-FTJ028,13.07,0.000,0.666012,16605,0.435592,0.055345,0,0,1,1.0200,坪山区,23,23,0,0,0,0,1
2023-09-01,589179428,20190000000000000003,900200000000000043,1,116.926,316.786,36974.286,2023-09-01 00:45:00.000,L2FT01-FTJ028,13.07,0.000,0.666012,16605,0.435592,0.055345,0,0,1,1.0200,坪山区,23,23,0,0,0,0,1
2023-09-01,589179428,20190000000000000003,900200000000000048,1,76.105,397.193,30227.333,2023-09-01 00:45:00.000,L2FT01-FTJ028,13.07,0.000,0.666012,16605,0.435592,0.055345,0,0,1,1.0200,坪山区,23,23,0,0,0,0,1
2023-09-01,589179428,20190000000000000003,900200000000000038,1,78.690,309.147,24324.667,2023-09-01 01:00:00.000,L2FT01-FTJ028,13.85,0.000,0.666012,16605,0.435592,0.055345,0,0,1,1.0200,坪山区,23,23,0,0,0,0,1
2023-09-01,589179428,20190000000000000003,900200000000000048,1,52.770,401.650,21163.000,2023-09-01 01:00:00.000,L2FT01-FTJ028,13.85,0.000,0.666012,16605,0.435592,0.055345,0,0,1,1.0200,坪山区,23,23,0,0,0,0,1
2023-09-01,589179428,20190000000000000003,900200000000000038,1,78.690,310.087,24399.333,2023-09-01 01:15:00.000,L2FT01-FTJ028,13.85,0.000,0.666012,16605,0.435592,0.055345,0,0,1,1.0200,坪山区,23,23,0,0,0,0,1
2023-09-01,589179428,20190000000000000003,900200000000000030,1,113.097,307.825,34810.000,2023-09-01 01:15:00.000,L2FT01-FTJ028,13.85,0.000,0.666012,16605,0.435592,0.055345,0,0,1,1.0200,坪山区,23,23,0,0,0,0,1
2023-09-01,589179428,20190000000000000003,900200000000000030,1,113.006,309.980,35026.000,2023-09-01 01:30:00.000,L2FT01-FTJ028,13.85,0.000,0.666012,16605,0.435592,0.055345,0,0,1,1.0200,坪山区,23,23,0,0,0,0,1
2023-09-01,589179428,20190000000000000003,900200000000000038,1,78.690,311.653,24522.000,2023-09-01 01:30:00.000,L2FT01-FTJ028,13.85,0.000,0.666012,16605,0.435592,0.055345,0,0,1,1.0200,坪山区,23,23,0,0,0,0,1
2023-09-01,589179428,20190000000000000003,900200000000000030,1,117.422,310.853,36500.667,2023-09-01 01:45:00.000,L2FT01-FTJ028,13.85,0.000,0.666012,16605,0.435592,0.055345,0,0,1,1.0200,坪山区,23,23,0,0,0,0,1
2023-09-01,589179428,20190000000000000003,900200000000000038,1,78.703,312.900,24624.667,2023-09-01 01:45:00.000,L2FT01-FTJ028,13.85,0.000,0.666012,16605,0.435592,0.055345,0,0,1,1.0200,坪山区,23,23,0,0,0,0,1
2023-09-01,589179428,20190000000000000003,900200000000000044,0,0.000,281.200,0.000,2023-09-01 01:45:00.000,L2FT01-FTJ028,13.85,0.000,0.666012,16605,0.435592,0.055345,0,0,1,1.0200,坪山区,23,23,0,0,0,0,1
2023-09-01,589179428,20190000000000000003,900200000000000030,1,129.836,313.127,40652.667,2023-09-01 02:00:00.000,L2FT01-FTJ028,14.57,0.000,0.666012,16605,0.435592,0.055345,0,0,1,1.0200,坪山区,23,23,0,0,0,0,1
2023-09-01,589179428,20190000000000000003,900200000000000038,1,78.690,313.713,24684.000,2023-09-01 02:00:00.000,L2FT01-FTJ028,14.57,0.000,0.666012,16605,0.435592,0.055345,0,0,1,1.0200,坪山区,23,23,0,0,0,0,1
2023-09-01,589179428,20190000000000000003,900200000000000044,1,57.417,473.360,27318.667,2023-09-01 02:00:00.000,L2FT01-FTJ028,14.57,0.000,0.666012,16605,0.435592,0.055345,0,0,1,1.0200,坪山区,23,23,0,0,0,0,1
2023-09-01,589179428,20190000000000000003,900200000000000030,1,129.812,314.833,40864.000,2023-09-01 02:15:00.000,L2FT01-FTJ028,14.57,0.000,0.666012,16605,0.435592,0.055345,0,0,1,1.0200,坪山区,23,23,0,0,0,0,1
2023-09-01,589179428,20190000000000000003,900200000000000038,1,67.591,317.350,21413.571,2023-09-01 02:15:00.000,L2FT01-FTJ028,14.57,0.000,0.666012,16605,0.435592,0.055345,0,0,1,1.0200,坪山区,23,23,0,0,0,0,1
2023-09-01,589179428,20190000000000000003,900200000000000044,1,63.183,477.160,30148.000,2023-09-01 02:15:00.000,L2FT01-FTJ028,14.57,0.000,0.666012,16605,0.435592,0.055345,0,0,1,1.0200,坪山区,23,23,0,0,0,0,1
2023-09-01,589179428,20190000000000000003,900200000000000044,1,63.117,477.413,30133.333,2023-09-01 02:30:00.000,L2FT01-FTJ028,14.57,0.000,0.666012,16605,0.435592,0.055345,0,0,1,1.0200,坪山区,23,23,0,0,0,0,1
2023-09-01,589179428,20190000000000000003,900200000000000030,1,129.884,316.320,41082.667,2023-09-01 02:30:00.000,L2FT01-FTJ028,14.57,0.000,0.666012,16605,0.435592,0.055345,0,0,1,1.0200,坪山区,23,23,0,0,0,0,1
2023-09-01,589179428,20190000000000000003,900200000000000030,1,74.879,326.800,24300.000,2023-09-01 02:45:00.000,L2FT01-FTJ028,14.57,0.000,0.666012,16605,0.435592,0.055345,0,0,1,1.0200,坪山区,23,23,0,0,0,0,1
2023-09-01,589179428,20190000000000000003,900200000000000044,1,47.030,477.300,22453.000,2023-09-01 02:45:00.000,L2FT01-FTJ028,14.57,0.000,0.666012,16605,0.435592,0.055345,0,0,1,1.0200,坪山区,23,23,0,0,0,0,1
2023-09-01,589179428,20190000000000000003,900200000000000034,1,108.166,464.087,51066.250,2023-09-01 04:15:00.000,L2FT01-FTJ028,15.67,0.000,0.666012,16605,0.435592,0.055345,0,0,1,1.0200,坪山区,23,23,0,0,0,0,1
2023-09-01,589179428,20190000000000000003,900200000000000057,1,164.827,308.660,50872.000,2023-09-01 04:15:00.000,L2FT01-FTJ028,15.67,0.000,0.666012,16605,0.435592,0.055345,0,0,1,1.0200,坪山区,23,23,0,0,0,0,1
2023-09-01,589179428,20190000000000000003,900200000000000034,1,119.097,474.187,56473.333,2023-09-01 04:30:00.000,L2FT01-FTJ028,15.67,0.000,0.666012,16605,0.435592,0.055345,0,0,1,1.0200,坪山区,23,23,0,0,0,0,1
2023-09-01,589179428,20190000000000000003,900200000000000057,1,164.919,312.133,51474.000,2023-09-01 04:30:00.000,L2FT01-FTJ028,15.67,0.000,0.666012,16605,0.435592,0.055345,0,0,1,1.0200,坪山区,23,23,0,0,0,0,1
2023-09-01,589179428,20190000000000000003,900200000000000034,1,106.591,474.320,50560.667,2023-09-01 04:45:00.000,L2FT01-FTJ028,15.67,0.000,0.666012,16605,0.435592,0.055345,0,0,1,1.0200,坪山区,23,23,0,0,0,0,1
2023-09-01,589179428,20190000000000000003,900200000000000057,1,164.897,313.653,51716.667,2023-09-01 04:45:00.000,L2FT01-FTJ028,15.67,0.000,0.666012,16605,0.435592,0.055345,0,0,1,1.0200,坪山区,23,23,0,0,0,0,1
2023-09-01,589179428,20190000000000000003,900200000000000034,1,78.005,474.313,37001.333,2023-09-01 05:00:00.000,L2FT01-FTJ028,15.97,0.000,0.666012,16605,0.435592,0.055345,0,0,1,1.0200,坪山区,23,23,0,0,0,0,1
2023-09-01,589179428,20190000000000000003,900200000000000057,1,164.875,315.600,52031.333,2023-09-01 05:00:00.000,L2FT01-FTJ028,15.97,0.000,0.666012,16605,0.435592,0.055345,0,0,1,1.0200,坪山区,23,23,0,0,0,0,1
2023-09-01,589179428,20190000000000000003,900200000000000034,1,31.810,473.820,15076.000,2023-09-01 05:15:00.000,L2FT01-FTJ028,15.97,0.000,0.666012,16605,0.435592,0.055345,0,0,1,1.0200,坪山区,23,23,0,0,0,0,1
2023-09-01,589179428,20190000000000000003,900200000000000057,1,164.927,317.840,52418.000,2023-09-01 05:15:00.000,L2FT01-FTJ028,15.97,0.000,0.666012,16605,0.435592,0.055345,0,0,1,1.0200,坪山区,23,23,0,0,0,0,1
2023-09-01,589179428,20190000000000000003,900200000000000057,1,38.221,328.145,12450.909,2023-09-01 05:30:00.000,L2FT01-FTJ028,15.97,0.000,0.666012,16605,0.435592,0.055345,0,0,1,1.0200,坪山区,23,23,0,0,0,0,1
2023-09-01,589179428,20190000000000000003,900200000000000044,1,65.641,345.000,23152.500,2023-09-01 07:00:00.000,L2FT01-FTJ028,15.97,0.000,0.666012,16605,0.435592,0.055345,0,0,1,1.0200,坪山区,23,23,0,0,0,0,1
2023-09-01,589179428,20190000000000000003,900200000000000044,1,71.590,353.200,25284.667,2023-09-01 07:15:00.000,L2FT01-FTJ028,15.97,0.000,0.666012,16605,0.435592,0.055345,0,0,1,1.0200,坪山区,23,23,0,0,0,0,1
2023-09-01,589179428,20190000000000000003,900200000000000044,1,71.590,355.120,25421.333,2023-09-01 07:30:00.000,L2FT01-FTJ028,15.97,0.000,0.666012,16605,0.435592,0.055345,0,0,1,1.0200,坪山区,23,23,0,0,0,0,1
2023-09-01,589179428,20190000000000000003,900200000000000044,1,64.623,356.067,23010.667,2023-09-01 07:45:00.000,L2FT01-FTJ028,15.97,0.000,0.666012,16605,0.435592,0.055345,0,0,1,1.0200,坪山区,23,23,0,0,0,0,1
2023-09-01,589179428,20190000000000000003,900200000000000048,1,90.657,333.640,30373.333,2023-09-01 07:45:00.000,L2FT01-FTJ028,15.97,0.000,0.666012,16605,0.435592,0.055345,0,0,1,1.0200,坪山区,23,23,0,0,0,0,1
2023-09-01,589179428,20190000000000000003,900200000000000057,1,107.476,355.893,38245.714,2023-09-01 07:45:00.000,L2FT01-FTJ028,15.97,0.000,0.666012,16605,0.435592,0.055345,0,0,1,1.0200,坪山区,23,23,0,0,0,0,1
2023-09-01,589179428,20190000000000000003,900200000000000044,1,40.102,357.375,14320.000,2023-09-01 08:00:00.000,L2FT01-FTJ028,15.67,0.000,0.666012,16605,0.435592,0.055345,0,0,1,1.0200,坪山区,23,23,0,0,0,0,1
2023-09-01,589179428,20190000000000000003,900200000000000048,1,101.969,343.413,35012.667,2023-09-01 08:00:00.000,L2FT01-FTJ028,15.67,0.000,0.666012,16605,0.435592,0.055345,0,0,1,1.0200,坪山区,23,23,0,0,0,0,1
2023-09-01,589179428,20190000000000000003,900200000000000057,1,97.086,357.507,34707.333,2023-09-01 08:00:00.000,L2FT01-FTJ028,15.67,0.000,0.666012,16605,0.435592,0.055345,0,0,1,1.0200,坪山区,23,23,0,0,0,0,1
2023-09-01,589179428,20190000000000000003,900200000000000043,1,168.622,480.685,81090.769,2023-09-01 08:15:00.000,L2FT01-FTJ028,15.67,0.000,0.666012,16605,0.435592,0.055345,0,0,1,1.0200,坪山区,23,23,0,0,0,0,1
2023-09-01,589179428,20190000000000000003,900200000000000048,1,101.801,351.013,35731.333,2023-09-01 08:15:00.000,L2FT01-FTJ028,15.67,0.000,0.666012,16605,0.435592,0.055345,0,0,1,1.0200,坪山区,23,23,0,0,0,0,1
2023-09-01,589179428,20190000000000000003,900200000000000057,1,65.774,356.040,23416.000,2023-09-01 08:15:00.000,L2FT01-FTJ028,15.67,0.000,0.666012,16605,0.435592,0.055345,0,0,1,1.0200,坪山区,23,23,0,0,0,0,1
2023-09-01,589179428,20190000000000000003,900200000000000048,1,102.000,357.400,36450.000,2023-09-01 08:30:00.000,L2FT01-FTJ028,15.67,0.000,0.666012,16605,0.435592,0.055345,0,0,1,1.0200,坪山区,23,23,0,0,0,0,1
2023-09-01,589179428,20190000000000000003,900200000000000049,0,0.000,283.400,0.000,2023-09-01 08:30:00.000,L2FT01-FTJ028,15.67,0.000,0.666012,16605,0.435592,0.055345,0,0,1,1.0200,坪山区,23,23,0,0,0,0,1
2023-09-01,589179428,20190000000000000003,900200000000000043,1,118.690,479.907,57047.333,2023-09-01 08:30:00.000,L2FT01-FTJ028,15.67,0.000,0.666012,16605,0.435592,0.055345,0,0,1,1.0200,坪山区,23,23,0,0,0,0,1
2023-09-01,589179428,20190000000000000003,900200000000000043,1,53.305,478.100,25529.231,2023-09-01 08:45:00.000,L2FT01-FTJ028,15.67,0.000,0.666012,16605,0.435592,0.055345,0,0,1,1.0200,坪山区,23,23,0,0,0,0,1
2023-09-01,589179428,20190000000000000003,900200000000000049,1,71.377,354.900,25330.000,2023-09-01 08:45:00.000,L2FT01-FTJ028,15.67,0.000,0.666012,16605,0.435592,0.055345,0,0,1,1.0200,坪山区,23,23,0,0,0,0,1
2023-09-01,589179428,20190000000000000003,900200000000000049,1,49.408,356.867,17686.667,2023-09-01 09:00:00.000,L2FT01-FTJ028,15.19,0.000,0.666012,16605,0.435592,0.055345,0,0,1,1.0200,坪山区,23,23,0,0,0,0,1
2023-09-01,589179428,20190000000000000003,900200000000000034,1,101.027,471.508,48015.000,2023-09-01 11:30:00.000,L2FT01-FTJ028,13.85,0.000,0.666012,16605,0.435592,0.055345,0,0,1,1.0200,坪山区,23,23,0,0,0,0,1
2023-09-01,589179428,20190000000000000003,900200000000000034,1,97.463,475.920,46389.333,2023-09-01 11:45:00.000,L2FT01-FTJ028,13.85,0.000,0.666012,16605,0.435592,0.055345,0,0,1,1.0200,坪山区,23,23,0,0,0,0,1
2023-09-01,589179428,20190000000000000003,900200000000000056,1,41.368,407.946,16983.077,2023-09-01 11:45:00.000,L2FT01-FTJ028,13.85,0.000,0.666012,16605,0.435592,0.055345,0,0,1,1.0200,坪山区,23,23,0,0,0,0,1
2023-09-01,589179428,20190000000000000003,900200000000000030,1,68.926,353.145,24340.000,2023-09-01 12:00:00.000,L2FT01-FTJ028,13.07,0.000,0.666012,16605,0.435592,0.055345,0,0,1,1.0200,坪山区,23,23,0,0,0,0,1
2023-09-01,589179428,20190000000000000003,900200000000000034,1,71.421,475.900,33995.000,2023-09-01 12:00:00.000,L2FT01-FTJ028,13.07,0.000,0.666012,16605,0.435592,0.055345,0,0,1,1.0200,坪山区,23,23,0,0,0,0,1
2023-09-01,589179428,20190000000000000003,900200000000000056,1,39.217,413.140,16216.000,2023-09-01 12:00:00.000,L2FT01-FTJ028,13.07,0.000,0.666012,16605,0.435592,0.055345,0,0,1,1.0200,坪山区,23,23,0,0,0,0,1
2023-09-01,589179428,20190000000000000003,900200000000000030,1,50.300,354.740,17843.333,2023-09-01 12:15:00.000,L2FT01-FTJ028,13.07,0.000,0.666012,16605,0.435592,0.055345,0,0,1,1.0200,坪山区,23,23,0,0,0,0,1
2023-09-01,589179428,20190000000000000003,900200000000000056,1,21.004,411.814,8651.429,2023-09-01 12:15:00.000,L2FT01-FTJ028,13.07,0.000,0.666012,16605,0.435592,0.055345,0,0,1,1.0200,坪山区,23,23,0,0,0,0,1
2023-09-01,589179428,20190000000000000003,900200000000000030,1,24.312,354.122,8607.778,2023-09-01 12:30:00.000,L2FT01-FTJ028,13.07,0.000,0.666012,16605,0.435592,0.055345,0,0,1,1.0200,坪山区,23,23,0,0,0,0,1
2023-09-01,589179428,20190000000000000003,900200000000000049,1,105.016,362.431,38263.077,2023-09-01 13:00:00.000,L2FT01-FTJ028,12.30,0.000,0.666012,16605,0.435592,0.055345,0,0,1,1.0200,坪山区,23,23,0,0,0,0,1
2023-09-01,589179428,20190000000000000003,900200000000000049,1,86.517,378.567,32722.667,2023-09-01 13:15:00.000,L2FT01-FTJ028,12.30,0.000,0.666012,16605,0.435592,0.055345,0,0,1,1.0200,坪山区,23,23,0,0,0,0,1
2023-09-01,589179428,20190000000000000003,900200000000000049,1,40.431,386.013,15604.000,2023-09-01 13:30:00.000,L2FT01-FTJ028,12.30,0.000,0.666012,16605,0.435592,0.055345,0,0,1,1.0200,坪山区,23,23,0,0,0,0,1
2023-09-01,589179428,20190000000000000003,900200000000000047,1,179.186,314.133,56284.000,2023-09-01 13:30:00.000,L2FT01-FTJ028,12.30,0.000,0.666012,16605,0.435592,0.055345,0,0,1,1.0200,坪山区,23,23,0,0,0,0,1
2023-09-01,589179428,20190000000000000003,900200000000000047,1,179.122,316.567,56698.889,2023-09-01 13:45:00.000,L2FT01-FTJ028,12.30,0.000,0.666012,16605,0.435592,0.055345,0,0,1,1.0200,坪山区,23,23,0,0,0,0,1
2023-09-01,589179428,20190000000000000003,900200000000000049,1,23.606,387.750,9150.000,2023-09-01 13:45:00.000,L2FT01-FTJ028,12.30,0.000,0.666012,16605,0.435592,0.055345,0,0,1,1.0200,坪山区,23,23,0,0,0,0,1
2023-09-01,589179428,20190000000000000003,900200000000000035,1,245.390,408.900,100340.000,2023-09-01 14:00:00.000,L2FT01-FTJ028,11.57,0.000,0.666012,16605,0.435592,0.055345,0,0,1,1.0200,坪山区,23,23,0,0,0,0,1
2023-09-01,589179428,20190000000000000003,900200000000000042,1,48.667,311.233,15723.333,2023-09-01 14:00:00.000,L2FT01-FTJ028,11.57,0.000,0.666012,16605,0.435592,0.055345,0,0,1,1.0200,坪山区,23,23,0,0,0,0,1
2023-09-01,589179428,20190000000000000003,900200000000000042,1,73.000,324.000,23650.000,2023-09-01 14:15:00.000,L2FT01-FTJ028,11.57,0.000,0.666012,16605,0.435592,0.055345,0,0,1,1.0200,坪山区,23,23,0,0,0,0,1
2023-09-02,589179428,20190000000000000003,900200000000000038,1,71.690,362.600,25990.000,2023-09-02 12:00:00.000,L2FT01-FTJ028,13.07,0.000,0.666012,16605,0.435592,0.055345,0,0,0,1.0200,坪山区,23,23,0,0,0,0,1
2023-09-02,589179428,20190000000000000003,900200000000000039,0,0.000,264.300,0.000,2023-09-02 12:00:00.000,L2FT01-FTJ028,13.07,0.000,0.666012,16605,0.435592,0.055345,0,0,0,1.0200,坪山区,23,23,0,0,0,0,1
2023-09-02,589179428,20190000000000000003,900200000000000043,1,29.390,410.700,12070.000,2023-09-02 12:00:00.000,L2FT01-FTJ028,13.07,0.000,0.666012,16605,0.435592,0.055345,0,0,0,1.0200,坪山区,23,23,0,0,0,0,1
2023-09-02,589179428,20190000000000000003,900200000000000044,1,79.390,310.000,24610.000,2023-09-02 12:00:00.000,L2FT01-FTJ028,13.07,0.000,0.666012,16605,0.435592,0.055345,0,0,0,1.0200,坪山区,23,23,0,0,0,0,1
2023-09-02,589179428,20190000000000000003,900200000000000044,1,79.651,309.893,24679.333,2023-09-02 12:15:00.000,L2FT01-FTJ028,13.07,0.000,0.666012,16605,0.435592,0.055345,0,0,0,1.0200,坪山区,23,23,0,0,0,0,1
2023-09-02,589179428,20190000000000000003,900200000000000039,0,0.000,315.300,0.000,2023-09-02 12:30:00.000,L2FT01-FTJ028,13.07,0.000,0.666012,16605,0.435592,0.055345,0,0,0,1.0200,坪山区,23,23,0,0,0,0,1
2023-09-02,589179428,20190000000000000003,900200000000000044,1,80.335,310.353,24929.333,2023-09-02 12:30:00.000,L2FT01-FTJ028,13.07,0.000,0.666012,16605,0.435592,0.055345,0,0,0,1.0200,坪山区,23,23,0,0,0,0,1
2023-09-02,589179428,20190000000000000003,900200000000000044,1,79.500,311.729,24777.143,2023-09-02 12:45:00.000,L2FT01-FTJ028,13.07,0.000,0.666012,16605,0.435592,0.055345,0,0,0,1.0200,坪山区,23,23,0,0,0,0,1
2023-09-02,589179428,20190000000000000003,900200000000000039,0,0.000,259.300,0.000,2023-09-02 12:45:00.000,L2FT01-FTJ028,13.07,0.000,0.666012,16605,0.435592,0.055345,0,0,0,1.0200,坪山区,23,23,0,0,0,0,1
2023-09-02,589179428,20190000000000000003,900200000000000036,1,80.190,391.400,31390.000,2023-09-02 13:00:00.000,L2FT01-FTJ028,12.30,0.000,0.666012,16605,0.435592,0.055345,0,0,0,1.0200,坪山区,23,23,0,0,0,0,1
2023-09-02,589179428,20190000000000000003,900200000000000039,0,0.000,167.500,0.000,2023-09-02 13:15:00.000,L2FT01-FTJ028,12.30,0.000,0.666012,16605,0.435592,0.055345,0,0,0,1.0200,坪山区,23,23,0,0,0,0,1
2023-09-02,589179428,20190000000000000003,900200000000000039,1,28.145,322.200,8485.000,2023-09-02 13:45:00.000,L2FT01-FTJ028,12.30,0.000,0.666012,16605,0.435592,0.055345,0,0,0,1.0200,坪山区,23,23,0,0,0,0,1
2023-09-02,589179428,20190000000000000003,900200000000000037,1,86.600,354.633,30970.000,2023-09-02 14:00:00.000,L2FT01-FTJ028,11.57,0.000,0.666012,16605,0.435592,0.055345,0,0,0,1.0200,坪山区,23,23,0,0,0,0,1
2023-09-02,589179428,20190000000000000003,900200000000000043,1,46.347,388.011,18762.222,2023-09-02 14:00:00.000,L2FT01-FTJ028,11.57,0.000,0.666012,16605,0.435592,0.055345,0,0,0,1.0200,坪山区,23,23,0,0,0,0,1
2023-09-02,589179428,20190000000000000003,900200000000000037,1,125.908,358.007,45071.333,2023-09-02 14:15:00.000,L2FT01-FTJ028,11.57,0.000,0.666012,16605,0.435592,0.055345,0,0,0,1.0200,坪山区,23,23,0,0,0,0,1
2023-09-02,589179428,20190000000000000003,900200000000000039,0,0.000,285.000,0.000,2023-09-02 14:15:00.000,L2FT01-FTJ028,11.57,0.000,0.666012,16605,0.435592,0.055345,0,0,0,1.0200,坪山区,23,23,0,0,0,0,1
2023-09-02,589179428,20190000000000000003,900200000000000043,1,52.536,407.109,21388.182,2023-09-02 14:15:00.000,L2FT01-FTJ028,11.57,0.000,0.666012,16605,0.435592,0.055345,0,0,0,1.0200,坪山区,23,23,0,0,0,0,1
2023-09-02,589179428,20190000000000000003,900200000000000037,1,114.369,359.280,41085.333,2023-09-02 14:30:00.000,L2FT01-FTJ028,11.57,0.000,0.666012,16605,0.435592,0.055345,0,0,0,1.0200,坪山区,23,23,0,0,0,0,1
2023-09-02,589179428,20190000000000000003,900200000000000039,0,0.000,370.800,0.000,2023-09-02 14:30:00.000,L2FT01-FTJ028,11.57,0.000,0.666012,16605,0.435592,0.055345,0,0,0,1.0200,坪山区,23,23,0,0,0,0,1
2023-09-02,589179428,20190000000000000003,900200000000000037,1,55.881,357.009,19956.364,2023-09-02 14:45:00.000,L2FT01-FTJ028,11.57,0.000,0.666012,16605,0.435592,0.055345,0,0,0,1.0200,坪山区,23,23,0,0,0,0,1
2023-09-02,589179428,20190000000000000003,900200000000000036,1,19.945,424.500,8465.000,2023-09-02 15:45:00.000,L2FT01-FTJ028,10.95,0.000,0.666012,16605,0.435592,0.055345,0,0,0,1.0200,坪山区,23,23,0,0,0,0,1
2023-09-02,589179428,20190000000000000003,900200000000000038,0,0.000,302.400,0.000,2023-09-02 16:15:00.000,L2FT01-FTJ028,10.47,0.000,0.666012,16605,0.435592,0.055345,0,0,0,1.0200,坪山区,23,23,0,0,0,0,1
2023-09-02,589179428,20190000000000000003,900200000000000043,1,124.440,423.254,54011.538,2023-09-02 17:30:00.000,L2FT01-FTJ028,10.17,0.000,0.666012,16605,0.435592,0.055345,0,0,0,1.0200,坪山区,23,23,0,0,0,0,1
2023-09-02,589179428,20190000000000000003,900200000000000043,1,132.590,435.300,57720.000,2023-09-02 17:45:00.000,L2FT01-FTJ028,10.17,0.000,0.666012,16605,0.435592,0.055345,0,0,0,1.0200,坪山区,23,23,0,0,0,0,1
2023-09-02,589179428,20190000000000000003,900200000000000047,1,74.500,351.833,26206.667,2023-09-02 17:45:00.000,L2FT01-FTJ028,10.17,0.000,0.666012,16605,0.435592,0.055345,0,0,0,1.0200,坪山区,23,23,0,0,0,0,1
2023-09-02,589179428,20190000000000000003,900200000000000052,1,58.117,322.520,18781.333,2023-09-02 17:45:00.000,L2FT01-FTJ028,10.17,0.000,0.666012,16605,0.435592,0.055345,0,0,0,1.0200,坪山区,23,23,0,0,0,0,1
2023-09-02,589179428,20190000000000000003,900200000000000052,1,61.790,329.407,20352.000,2023-09-02 18:00:00.000,L2FT01-FTJ028,10.07,0.000,0.666012,16605,0.435592,0.055345,0,0,0,1.0200,坪山区,23,23,0,0,0,0,1
2023-09-02,589179428,20190000000000000003,900200000000000052,1,61.790,337.807,20870.667,2023-09-02 18:15:00.000,L2FT01-FTJ028,10.07,0.000,0.666012,16605,0.435592,0.055345,0,0,0,1.0200,坪山区,23,23,0,0,0,0,1
2023-09-02,589179428,20190000000000000003,900200000000000039,1,73.531,323.767,23802.222,2023-09-02 18:45:00.000,L2FT01-FTJ028,10.07,0.000,0.666012,16605,0.435592,0.055345,0,0,0,1.0200,坪山区,23,23,0,0,0,0,1
2023-09-02,589179428,20190000000000000003,900200000000000039,1,73.500,325.407,23912.667,2023-09-02 19:00:00.000,L2FT01-FTJ028,10.17,0.000,0.666012,16605,0.435592,0.055345,0,0,0,1.0200,坪山区,23,23,0,0,0,0,1
2023-09-02,589179428,20190000000000000003,900200000000000039,1,73.322,327.667,24020.667,2023-09-02 19:15:00.000,L2FT01-FTJ028,10.17,0.000,0.666012,16605,0.435592,0.055345,0,0,0,1.0200,坪山区,23,23,0,0,0,0,1
2023-09-02,589179428,20190000000000000003,900200000000000056,1,41.003,368.460,15110.667,2023-09-02 19:15:00.000,L2FT01-FTJ028,10.17,0.000,0.666012,16605,0.435592,0.055345,0,0,0,1.0200,坪山区,23,23,0,0,0,0,1
2023-09-02,589179428,20190000000000000003,900200000000000039,1,69.110,329.187,22747.333,2023-09-02 19:30:00.000,L2FT01-FTJ028,10.17,0.000,0.666012,16605,0.435592,0.055345,0,0,0,1.0200,坪山区,23,23,0,0,0,0,1
2023-09-02,589179428,20190000000000000003,900200000000000056,1,42.050,373.780,15714.667,2023-09-02 19:30:00.000,L2FT01-FTJ028,10.17,0.000,0.666012,16605,0.435592,0.055345,0,0,0,1.0200,坪山区,23,23,0,0,0,0,1
2023-09-02,589179428,20190000000000000003,900200000000000039,1,28.712,333.890,9555.000,2023-09-02 19:45:00.000,L2FT01-FTJ028,10.17,0.000,0.666012,16605,0.435592,0.055345,0,0,0,1.0200,坪山区,23,23,0,0,0,0,1
2023-09-02,589179428,20190000000000000003,900200000000000056,1,42.090,377.793,15898.667,2023-09-02 19:45:00.000,L2FT01-FTJ028,10.17,0.000,0.666012,16605,0.435592,0.055345,0,0,0,1.0200,坪山区,23,23,0,0,0,0,1
2023-09-02,589179428,20190000000000000003,900200000000000056,1,42.084,381.580,16057.333,2023-09-02 20:00:00.000,L2FT01-FTJ028,10.47,0.000,0.666012,16605,0.435592,0.055345,0,0,0,1.0200,坪山区,23,23,0,0,0,0,1
2023-09-02,589179428,20190000000000000003,900200000000000030,1,10.921,446.686,4872.857,2023-09-02 20:00:00.000,L2FT01-FTJ028,10.47,0.000,0.666012,16605,0.435592,0.055345,0,0,0,1.0200,坪山区,23,23,0,0,0,0,1
2023-09-02,589179428,20190000000000000003,900200000000000039,1,59.645,332.067,20985.000,2023-09-02 20:00:00.000,L2FT01-FTJ028,10.47,0.000,0.666012,16605,0.435592,0.055345,0,0,0,1.0200,坪山区,23,23,0,0,0,0,1
2023-09-02,589179428,20190000000000000003,900200000000000039,1,71.441,353.420,25245.333,2023-09-02 20:15:00.000,L2FT01-FTJ028,10.47,0.000,0.666012,16605,0.435592,0.055345,0,0,0,1.0200,坪山区,23,23,0,0,0,0,1
2023-09-02,589179428,20190000000000000003,900200000000000056,1,42.054,385.833,16223.333,2023-09-02 20:15:00.000,L2FT01-FTJ028,10.47,0.000,0.666012,16605,0.435592,0.055345,0,0,0,1.0200,坪山区,23,23,0,0,0,0,1
2023-09-02,589179428,20190000000000000003,900200000000000039,1,71.427,356.027,25425.333,2023-09-02 20:30:00.000,L2FT01-FTJ028,10.47,0.000,0.666012,16605,0.435592,0.055345,0,0,0,1.0200,坪山区,23,23,0,0,0,0,1
2023-09-02,589179428,20190000000000000003,900200000000000056,1,42.066,390.553,16426.667,2023-09-02 20:30:00.000,L2FT01-FTJ028,10.47,0.000,0.666012,16605,0.435592,0.055345,0,0,0,1.0200,坪山区,23,23,0,0,0,0,1
2023-09-02,589179428,20190000000000000003,900200000000000039,1,71.463,359.767,25705.000,2023-09-02 20:45:00.000,L2FT01-FTJ028,10.47,0.000,0.666012,16605,0.435592,0.055345,0,0,0,1.0200,坪山区,23,23,0,0,0,0,1
2023-09-02,589179428,20190000000000000003,900200000000000056,1,42.090,393.050,16545.000,2023-09-02 20:45:00.000,L2FT01-FTJ028,10.47,0.000,0.666012,16605,0.435592,0.055345,0,0,0,1.0200,坪山区,23,23,0,0,0,0,1
2023-09-02,589179428,20190000000000000003,900200000000000036,1,5.890,345.000,2030.000,2023-09-02 21:00:00.000,L2FT01-FTJ028,10.95,0.000,0.666012,16605,0.435592,0.055345,0,0,0,1.0200,坪山区,23,23,0,0,0,0,1
2023-09-02,589179428,20190000000000000003,900200000000000038,1,31.108,404.262,12817.500,2023-09-02 21:00:00.000,L2FT01-FTJ028,10.95,0.000,0.666012,16605,0.435592,0.055345,0,0,0,1.0200,坪山区,23,23,0,0,0,0,1
2023-09-02,589179428,20190000000000000003,900200000000000038,1,35.500,414.812,14720.000,2023-09-02 21:15:00.000,L2FT01-FTJ028,10.95,0.000,0.666012,16605,0.435592,0.055345,0,0,0,1.0200,坪山区,23,23,0,0,0,0,1
2023-09-02,589179428,20190000000000000003,900200000000000057,1,56.496,455.200,26375.556,2023-09-02 21:30:00.000,L2FT01-FTJ028,10.95,0.000,0.666012,16605,0.435592,0.055345,0,0,0,1.0200,坪山区,23,23,0,0,0,0,1
2023-09-02,589179428,20190000000000000003,900200000000000057,1,63.352,469.420,29740.667,2023-09-02 21:45:00.000,L2FT01-FTJ028,10.95,0.000,0.666012,16605,0.435592,0.055345,0,0,0,1.0200,坪山区,23,23,0,0,0,0,1
2023-09-02,589179428,20190000000000000003,900200000000000057,1,18.140,468.950,8505.000,2023-09-02 22:00:00.000,L2FT01-FTJ028,11.57,0.000,0.666012,16605,0.435592,0.055345,0,0,0,1.0200,坪山区,23,23,0,0,0,0,1
2023-09-02,589179428,20190000000000000003,900200000000000038,1,27.114,357.940,9704.000,2023-09-02 22:00:00.000,L2FT01-FTJ028,11.57,0.000,0.666012,16605,0.435592,0.055345,0,0,0,1.0200,坪山区,23,23,0,0,0,0,1
2023-09-02,589179428,20190000000000000003,900200000000000056,1,38.090,358.560,13660.000,2023-09-02 22:00:00.000,L2FT01-FTJ028,11.57,0.000,0.666012,16605,0.435592,0.055345,0,0,0,1.0200,坪山区,23,23,0,0,0,0,1
2023-09-02,589179428,20190000000000000003,900200000000000038,1,27.390,360.507,9872.667,2023-09-02 22:15:00.000,L2FT01-FTJ028,11.57,0.000,0.666012,16605,0.435592,0.055345,0,0,0,1.0200,坪山区,23,23,0,0,0,0,1
2023-09-02,589179428,20190000000000000003,900200000000000056,1,43.578,360.673,15715.333,2023-09-02 22:15:00.000,L2FT01-FTJ028,11.57,0.000,0.666012,16605,0.435592,0.055345,0,0,0,1.0200,坪山区,23,23,0,0,0,0,1
2023-09-02,589179428,20190000000000000003,900200000000000038,1,27.390,362.783,9935.000,2023-09-02 22:30:00.000,L2FT01-FTJ028,11.57,0.000,0.666012,16605,0.435592,0.055345,0,0,0,1.0200,坪山区,23,23,0,0,0,0,1
2023-09-02,589179428,20190000000000000003,900200000000000056,1,53.377,363.260,19410.000,2023-09-02 22:30:00.000,L2FT01-FTJ028,11.57,0.000,0.666012,16605,0.435592,0.055345,0,0,0,1.0200,坪山区,23,23,0,0,0,0,1
2023-09-02,589179428,20190000000000000003,900200000000000056,1,71.590,366.227,26216.667,2023-09-02 22:45:00.000,L2FT01-FTJ028,11.57,0.000,0.666012,16605,0.435592,0.055345,0,0,0,1.0200,坪山区,23,23,0,0,0,0,1
2023-09-02,589179428,20190000000000000003,900200000000000056,1,71.590,366.700,26250.000,2023-09-02 23:00:00.000,L2FT01-FTJ028,12.30,0.000,0.666012,16605,0.435592,0.055345,0,0,0,1.0200,坪山区,23,23,0,0,0,0,1
2023-09-02,589179428,20190000000000000003,900200000000000042,1,90.558,377.367,34188.333,2023-09-02 23:30:00.000,L2FT01-FTJ028,12.30,0.000,0.666012,16605,0.435592,0.055345,0,0,0,1.0200,坪山区,23,23,0,0,0,0,1
2023-09-02,589179428,20190000000000000003,900200000000000042,1,85.824,379.313,32554.667,2023-09-02 23:45:00.000,L2FT01-FTJ028,12.30,0.000,0.666012,16605,0.435592,0.055345,0,0,0,1.0200,坪山区,23,23,0,0,0,0,1
2023-09-03,589179428,20190000000000000003,900200000000000042,1,55.166,376.408,20777.500,2023-09-03 00:00:00.000,L2FT01-FTJ028,13.07,0.000,0.666012,16605,0.435592,0.055345,0,0,0,1.0200,坪山区,23,23,0,0,0,0,1
2023-09-03,589179428,20190000000000000003,900200000000000057,1,109.706,309.429,33942.857,2023-09-03 00:45:00.000,L2FT01-FTJ028,13.07,0.000,0.666012,16605,0.435592,0.055345,0,0,0,1.0200,坪山区,23,23,0,0,0,0,1
2023-09-03,589179428,20190000000000000003,900200000000000057,1,109.690,310.167,34016.667,2023-09-03 01:00:00.000,L2FT01-FTJ028,13.85,0.000,0.666012,16605,0.435592,0.055345,0,0,0,1.0200,坪山区,23,23,0,0,0,0,1
2023-09-03,589179428,20190000000000000003,900200000000000057,1,104.653,310.727,32514.667,2023-09-03 01:15:00.000,L2FT01-FTJ028,13.85,0.000,0.666012,16605,0.435592,0.055345,0,0,0,1.0200,坪山区,23,23,0,0,0,0,1
2023-09-03,589179428,20190000000000000003,900200000000000057,1,98.778,312.320,30846.000,2023-09-03 01:30:00.000,L2FT01-FTJ028,13.85,0.000,0.666012,16605,0.435592,0.055345,0,0,0,1.0200,坪山区,23,23,0,0,0,0,1
2023-09-03,589179428,20190000000000000003,900200000000000057,1,98.719,313.627,30960.667,2023-09-03 01:45:00.000,L2FT01-FTJ028,13.85,0.000,0.666012,16605,0.435592,0.055345,0,0,0,1.0200,坪山区,23,23,0,0,0,0,1
2023-09-03,589179428,20190000000000000003,900200000000000057,1,98.697,314.573,31048.667,2023-09-03 02:00:00.000,L2FT01-FTJ028,14.57,0.000,0.666012,16605,0.435592,0.055345,0,0,0,1.0200,坪山区,23,23,0,0,0,0,1
2023-09-03,589179428,20190000000000000003,900200000000000057,1,67.143,322.767,21498.667,2023-09-03 02:15:00.000,L2FT01-FTJ028,14.57,0.000,0.666012,16605,0.435592,0.055345,0,0,0,1.0200,坪山区,23,23,0,0,0,0,1
2023-09-03,589179428,20190000000000000003,900200000000000030,1,49.390,306.264,15125.455,2023-09-03 05:30:00.000,L2FT01-FTJ028,15.97,0.000,0.666012,16605,0.435592,0.055345,0,0,0,1.0200,坪山区,23,23,0,0,0,0,1
2023-09-03,589179428,20190000000000000003,900200000000000030,1,49.390,307.271,15175.714,2023-09-03 05:45:00.000,L2FT01-FTJ028,15.97,0.000,0.666012,16605,0.435592,0.055345,0,0,0,1.0200,坪山区,23,23,0,0,0,0,1
2023-09-03,589179428,20190000000000000003,900200000000000034,1,78.281,380.350,29750.714,2023-09-03 06:15:00.000,L2FT01-FTJ028,16.07,0.000,0.666012,16605,0.435592,0.055345,0,0,0,1.0200,坪山区,23,23,0,0,0,0,1
2023-09-03,589179428,20190000000000000003,900200000000000038,0,0.000,233.200,0.000,2023-09-03 06:15:00.000,L2FT01-FTJ028,16.07,0.000,0.666012,16605,0.435592,0.055345,0,0,0,1.0200,坪山区,23,23,0,0,0,0,1
2023-09-03,589179428,20190000000000000003,900200000000000034,1,49.500,385.200,19060.000,2023-09-03 06:30:00.000,L2FT01-FTJ028,16.07,0.000,0.666012,16605,0.435592,0.055345,0,0,0,1.0200,坪山区,23,23,0,0,0,0,1
2023-09-03,589179428,20190000000000000003,900200000000000043,1,57.934,297.886,17311.429,2023-09-03 08:30:00.000,L2FT01-FTJ028,15.67,0.000,0.666012,16605,0.435592,0.055345,0,0,0,1.0200,坪山区,23,23,0,0,0,0,1
2023-09-03,589179428,20190000000000000003,900200000000000043,1,65.131,306.113,19935.333,2023-09-03 08:45:00.000,L2FT01-FTJ028,15.67,0.000,0.666012,16605,0.435592,0.055345,0,0,0,1.0200,坪山区,23,23,0,0,0,0,1
2023-09-03,589179428,20190000000000000003,900200000000000034,1,64.242,315.546,20266.154,2023-09-03 09:00:00.000,L2FT01-FTJ028,15.19,0.000,0.666012,16605,0.435592,0.055345,0,0,0,1.0200,坪山区,23,23,0,0,0,0,1
2023-09-03,589179428,20190000000000000003,900200000000000043,1,65.663,313.793,20602.667,2023-09-03 09:00:00.000,L2FT01-FTJ028,15.19,0.000,0.666012,16605,0.435592,0.055345,0,0,0,1.0200,坪山区,23,23,0,0,0,0,1
2023-09-03,589179428,20190000000000000003,900200000000000043,1,65.451,319.913,20934.667,2023-09-03 09:15:00.000,L2FT01-FTJ028,15.19,0.000,0.666012,16605,0.435592,0.055345,0,0,0,1.0200,坪山区,23,23,0,0,0,0,1
2023-09-03,589179428,20190000000000000003,900200000000000034,1,61.757,322.320,19901.333,2023-09-03 09:15:00.000,L2FT01-FTJ028,15.19,0.000,0.666012,16605,0.435592,0.055345,0,0,0,1.0200,坪山区,23,23,0,0,0,0,1
2023-09-03,589179428,20190000000000000003,900200000000000031,1,48.518,330.800,16054.000,2023-09-03 09:30:00.000,L2FT01-FTJ028,15.19,0.000,0.666012,16605,0.435592,0.055345,0,0,0,1.0200,坪山区,23,23,0,0,0,0,1
2023-09-03,589179428,20190000000000000003,900200000000000034,1,45.997,328.033,15084.000,2023-09-03 09:30:00.000,L2FT01-FTJ028,15.19,0.000,0.666012,16605,0.435592,0.055345,0,0,0,1.0200,坪山区,23,23,0,0,0,0,1
2023-09-03,589179428,20190000000000000003,900200000000000043,1,65.057,325.487,21172.000,2023-09-03 09:30:00.000,L2FT01-FTJ028,15.19,0.000,0.666012,16605,0.435592,0.055345,0,0,0,1.0200,坪山区,23,23,0,0,0,0,1
2023-09-03,589179428,20190000000000000003,900200000000000034,1,24.303,330.353,8027.333,2023-09-03 09:45:00.000,L2FT01-FTJ028,15.19,0.000,0.666012,16605,0.435592,0.055345,0,0,0,1.0200,坪山区,23,23,0,0,0,0,1
2023-09-03,589179428,20190000000000000003,900200000000000043,1,65.511,330.667,21660.000,2023-09-03 09:45:00.000,L2FT01-FTJ028,15.19,0.000,0.666012,16605,0.435592,0.055345,0,0,0,1.0200,坪山区,23,23,0,0,0,0,1
2023-09-03,589179428,20190000000000000003,900200000000000034,1,16.159,332.092,5365.385,2023-09-03 10:00:00.000,L2FT01-FTJ028,14.57,0.000,0.666012,16605,0.435592,0.055345,0,0,0,1.0200,坪山区,23,23,0,0,0,0,1
2023-09-03,589179428,20190000000000000003,900200000000000043,1,65.059,335.247,21808.667,2023-09-03 10:00:00.000,L2FT01-FTJ028,14.57,0.000,0.666012,16605,0.435592,0.055345,0,0,0,1.0200,坪山区,23,23,0,0,0,0,1
2023-09-03,589179428,20190000000000000003,900200000000000043,1,65.445,338.050,22120.000,2023-09-03 10:15:00.000,L2FT01-FTJ028,14.57,0.000,0.666012,16605,0.435592,0.055345,0,0,0,1.0200,坪山区,23,23,0,0,0,0,1
2023-09-03,589179428,20190000000000000003,900200000000000039,1,56.297,408.967,23020.000,2023-09-03 10:45:00.000,L2FT01-FTJ028,14.57,0.000,0.666012,16605,0.435592,0.055345,0,0,0,1.0200,坪山区,23,23,0,0,0,0,1
2023-09-03,589179428,20190000000000000003,900200000000000039,1,56.050,410.380,23006.667,2023-09-03 11:00:00.000,L2FT01-FTJ028,13.85,0.000,0.666012,16605,0.435592,0.055345,0,0,0,1.0200,坪山区,23,23,0,0,0,0,1
2023-09-03,589179428,20190000000000000003,900200000000000039,1,53.590,411.700,22060.000,2023-09-03 11:15:00.000,L2FT01-FTJ028,13.85,0.000,0.666012,16605,0.435592,0.055345,0,0,0,1.0200,坪山区,23,23,0,0,0,0,1
2023-09-03,589179428,20190000000000000003,900200000000000042,1,53.518,348.508,18787.500,2023-09-03 12:45:00.000,L2FT01-FTJ028,13.07,0.000,0.666012,16605,0.435592,0.055345,0,0,0,1.0200,坪山区,23,23,0,0,0,0,1
2023-09-03,589179428,20190000000000000003,900200000000000032,1,75.942,401.017,30465.000,2023-09-03 12:45:00.000,L2FT01-FTJ028,13.07,0.000,0.666012,16605,0.435592,0.055345,0,0,0,1.0200,坪山区,23,23,0,0,0,0,1
2023-09-03,589179428,20190000000000000003,900200000000000032,1,85.911,410.307,35249.333,2023-09-03 13:00:00.000,L2FT01-FTJ028,12.30,0.000,0.666012,16605,0.435592,0.055345,0,0,0,1.0200,坪山区,23,23,0,0,0,0,1
2023-09-03,589179428,20190000000000000003,900200000000000042,1,70.449,360.433,25367.333,2023-09-03 13:00:00.000,L2FT01-FTJ028,12.30,0.000,0.666012,16605,0.435592,0.055345,0,0,0,1.0200,坪山区,23,23,0,0,0,0,1
2023-09-03,589179428,20190000000000000003,900200000000000047,1,190.390,314.600,59890.000,2023-09-03 13:00:00.000,L2FT01-FTJ028,12.30,0.000,0.666012,16605,0.435592,0.055345,0,0,0,1.0200,坪山区,23,23,0,0,0,0,1
2023-09-03,589179428,20190000000000000003,900200000000000032,1,86.190,417.800,36010.000,2023-09-03 13:15:00.000,L2FT01-FTJ028,12.30,0.000,0.666012,16605,0.435592,0.055345,0,0,0,1.0200,坪山区,23,23,0,0,0,0,1
2023-09-03,589179428,20190000000000000003,900200000000000042,1,57.875,369.960,21399.333,2023-09-03 13:15:00.000,L2FT01-FTJ028,12.30,0.000,0.666012,16605,0.435592,0.055345,0,0,0,1.0200,坪山区,23,23,0,0,0,0,1
2023-09-03,589179428,20190000000000000003,900200000000000047,1,196.053,317.000,62144.667,2023-09-03 13:15:00.000,L2FT01-FTJ028,12.30,0.000,0.666012,16605,0.435592,0.055345,0,0,0,1.0200,坪山区,23,23,0,0,0,0,1
2023-09-03,589179428,20190000000000000003,900200000000000032,1,86.190,429.000,36975.385,2023-09-03 13:30:00.000,L2FT01-FTJ028,12.30,0.000,0.666012,16605,0.435592,0.055345,0,0,0,1.0200,坪山区,23,23,0,0,0,0,1
2023-09-03,589179428,20190000000000000003,900200000000000042,1,48.137,378.140,18192.000,2023-09-03 13:30:00.000,L2FT01-FTJ028,12.30,0.000,0.666012,16605,0.435592,0.055345,0,0,0,1.0200,坪山区,23,23,0,0,0,0,1
2023-09-03,589179428,20190000000000000003,900200000000000047,1,196.000,319.775,62672.500,2023-09-03 13:30:00.000,L2FT01-FTJ028,12.30,0.000,0.666012,16605,0.435592,0.055345,0,0,0,1.0200,坪山区,23,23,0,0,0,0,1
2023-09-03,589179428,20190000000000000003,900200000000000042,1,32.374,383.267,12403.333,2023-09-03 13:45:00.000,L2FT01-FTJ028,12.30,0.000,0.666012,16605,0.435592,0.055345,0,0,0,1.0200,坪山区,23,23,0,0,0,0,1
2023-09-03,589179428,20190000000000000003,900200000000000042,1,30.000,387.123,11610.000,2023-09-03 14:00:00.000,L2FT01-FTJ028,11.57,0.000,0.666012,16605,0.435592,0.055345,0,0,0,1.0200,坪山区,23,23,0,0,0,0,1
2023-09-03,589179428,20190000000000000003,900200000000000031,1,127.477,309.917,39503.333,2023-09-03 15:15:00.000,L2FT01-FTJ028,10.95,0.000,0.666012,16605,0.435592,0.055345,0,0,0,1.0200,坪山区,23,23,0,0,0,0,1
2023-09-03,589179428,20190000000000000003,900200000000000031,1,127.293,310.473,39515.333,2023-09-03 15:30:00.000,L2FT01-FTJ028,10.95,0.000,0.666012,16605,0.435592,0.055345,0,0,0,1.0200,坪山区,23,23,0,0,0,0,1
2023-09-03,589179428,20190000000000000003,900200000000000047,1,108.197,314.967,34033.333,2023-09-03 15:45:00.000,L2FT01-FTJ028,10.95,0.000,0.666012,16605,0.435592,0.055345,0,0,0,1.0200,坪山区,23,23,0,0,0,0,1
2023-09-03,589179428,20190000000000000003,900200000000000034,1,72.063,308.267,22210.000,2023-09-03 15:45:00.000,L2FT01-FTJ028,10.95,0.000,0.666012,16605,0.435592,0.055345,0,0,0,1.0200,坪山区,23,23,0,0,0,0,1
2023-09-03,589179428,20190000000000000003,900200000000000031,1,127.300,312.493,39774.667,2023-09-03 15:45:00.000,L2FT01-FTJ028,10.95,0.000,0.666012,16605,0.435592,0.055345,0,0,0,1.0200,坪山区,23,23,0,0,0,0,1
2023-09-03,589179428,20190000000000000003,900200000000000031,1,127.300,314.027,39970.667,2023-09-03 16:00:00.000,L2FT01-FTJ028,10.47,0.000,0.666012,16605,0.435592,0.055345,0,0,0,1.0200,坪山区,23,23,0,0,0,0,1
2023-09-03,589179428,20190000000000000003,900200000000000047,1,129.866,315.267,40938.667,2023-09-03 16:00:00.000,L2FT01-FTJ028,10.47,0.000,0.666012,16605,0.435592,0.055345,0,0,0,1.0200,坪山区,23,23,0,0,0,0,1
2023-09-03,589179428,20190000000000000003,900200000000000031,1,118.032,317.140,37378.000,2023-09-03 16:15:00.000,L2FT01-FTJ028,10.47,0.000,0.666012,16605,0.435592,0.055345,0,0,0,1.0200,坪山区,23,23,0,0,0,0,1
2023-09-03,589179428,20190000000000000003,900200000000000034,0,0.000,364.000,0.000,2023-09-03 16:15:00.000,L2FT01-FTJ028,10.47,0.000,0.666012,16605,0.435592,0.055345,0,0,0,1.0200,坪山区,23,23,0,0,0,0,1
2023-09-03,589179428,20190000000000000003,900200000000000047,1,116.384,316.309,36790.909,2023-09-03 16:15:00.000,L2FT01-FTJ028,10.47,0.000,0.666012,16605,0.435592,0.055345,0,0,0,1.0200,坪山区,23,23,0,0,0,0,1
2023-09-03,589179428,20190000000000000003,900200000000000031,1,25.690,329.800,8453.333,2023-09-03 16:30:00.000,L2FT01-FTJ028,10.47,0.000,0.666012,16605,0.435592,0.055345,0,0,0,1.0200,坪山区,23,23,0,0,0,0,1
2023-09-03,589179428,20190000000000000003,900200000000000047,1,115.690,310.920,35967.333,2023-09-03 16:30:00.000,L2FT01-FTJ028,10.47,0.000,0.666012,16605,0.435592,0.055345,0,0,0,1.0200,坪山区,23,23,0,0,0,0,1
2023-09-03,589179428,20190000000000000003,900200000000000031,1,117.305,309.227,36328.182,2023-09-03 16:45:00.000,L2FT01-FTJ028,10.47,0.000,0.666012,16605,0.435592,0.055345,0,0,0,1.0200,坪山区,23,23,0,0,0,0,1
2023-09-03,589179428,20190000000000000003,900200000000000038,1,8.743,353.183,3110.000,2023-09-03 16:45:00.000,L2FT01-FTJ028,10.47,0.000,0.666012,16605,0.435592,0.055345,0,0,0,1.0200,坪山区,23,23,0,0,0,0,1
2023-09-03,589179428,20190000000000000003,900200000000000047,1,117.497,313.113,36790.667,2023-09-03 16:45:00.000,L2FT01-FTJ028,10.47,0.000,0.666012,16605,0.435592,0.055345,0,0,0,1.0200,坪山区,23,23,0,0,0,0,1
2023-09-03,589179428,20190000000000000003,900200000000000038,1,10.590,356.650,3775.000,2023-09-03 17:00:00.000,L2FT01-FTJ028,10.17,0.000,0.666012,16605,0.435592,0.055345,0,0,0,1.0200,坪山区,23,23,0,0,0,0,1
2023-09-03,589179428,20190000000000000003,900200000000000047,1,127.836,315.753,40360.000,2023-09-03 17:00:00.000,L2FT01-FTJ028,10.17,0.000,0.666012,16605,0.435592,0.055345,0,0,0,1.0200,坪山区,23,23,0,0,0,0,1
2023-09-03,589179428,20190000000000000003,900200000000000031,1,127.300,310.273,39492.000,2023-09-03 17:00:00.000,L2FT01-FTJ028,10.17,0.000,0.666012,16605,0.435592,0.055345,0,0,0,1.0200,坪山区,23,23,0,0,0,0,1
2023-09-03,589179428,20190000000000000003,900200000000000031,1,127.205,311.360,39604.667,2023-09-03 17:15:00.000,L2FT01-FTJ028,10.17,0.000,0.666012,16605,0.435592,0.055345,0,0,0,1.0200,坪山区,23,23,0,0,0,0,1
2023-09-03,589179428,20190000000000000003,900200000000000043,1,71.712,355.000,25455.556,2023-09-03 17:15:00.000,L2FT01-FTJ028,10.17,0.000,0.666012,16605,0.435592,0.055345,0,0,0,1.0200,坪山区,23,23,0,0,0,0,1
2023-09-03,589179428,20190000000000000003,900200000000000047,1,68.175,320.042,21740.000,2023-09-03 17:15:00.000,L2FT01-FTJ028,10.17,0.000,0.666012,16605,0.435592,0.055345,0,0,0,1.0200,坪山区,23,23,0,0,0,0,1
2023-09-03,589179428,20190000000000000003,900200000000000031,1,127.205,313.153,39831.333,2023-09-03 17:30:00.000,L2FT01-FTJ028,10.17,0.000,0.666012,16605,0.435592,0.055345,0,0,0,1.0200,坪山区,23,23,0,0,0,0,1
2023-09-03,589179428,20190000000000000003,900200000000000043,1,71.690,356.200,25533.333,2023-09-03 17:30:00.000,L2FT01-FTJ028,10.17,0.000,0.666012,16605,0.435592,0.055345,0,0,0,1.0200,坪山区,23,23,0,0,0,0,1
2023-09-03,589179428,20190000000000000003,900200000000000031,1,127.190,314.107,39950.000,2023-09-03 17:45:00.000,L2FT01-FTJ028,10.17,0.000,0.666012,16605,0.435592,0.055345,0,0,0,1.0200,坪山区,23,23,0,0,0,0,1
2023-09-03,589179428,20190000000000000003,900200000000000038,1,20.723,398.544,8258.889,2023-09-03 17:45:00.000,L2FT01-FTJ028,10.17,0.000,0.666012,16605,0.435592,0.055345,0,0,0,1.0200,坪山区,23,23,0,0,0,0,1
2023-09-03,589179428,20190000000000000003,900200000000000031,1,123.703,316.700,39156.000,2023-09-03 18:00:00.000,L2FT01-FTJ028,10.07,0.000,0.666012,16605,0.435592,0.055345,0,0,0,1.0200,坪山区,23,23,0,0,0,0,1
2023-09-03,589179428,20190000000000000003,900200000000000038,1,20.690,402.113,8318.667,2023-09-03 18:00:00.000,L2FT01-FTJ028,10.07,0.000,0.666012,16605,0.435592,0.055345,0,0,0,1.0200,坪山区,23,23,0,0,0,0,1
2023-09-03,589179428,20190000000000000003,900200000000000031,1,25.657,323.650,8286.667,2023-09-03 18:15:00.000,L2FT01-FTJ028,10.07,0.000,0.666012,16605,0.435592,0.055345,0,0,0,1.0200,坪山区,23,23,0,0,0,0,1
2023-09-03,589179428,20190000000000000003,900200000000000038,1,19.010,402.327,7646.667,2023-09-03 18:15:00.000,L2FT01-FTJ028,10.07,0.000,0.666012,16605,0.435592,0.055345,0,0,0,1.0200,坪山区,23,23,0,0,0,0,1
2023-09-03,589179428,20190000000000000003,900200000000000038,1,17.890,402.360,7200.000,2023-09-03 18:30:00.000,L2FT01-FTJ028,10.07,0.000,0.666012,16605,0.435592,0.055345,0,0,0,1.0200,坪山区,23,23,0,0,0,0,1
2023-09-03,589179428,20190000000000000003,900200000000000044,1,75.603,354.440,26795.333,2023-09-03 19:15:00.000,L2FT01-FTJ028,10.17,0.000,0.666012,16605,0.435592,0.055345,0,0,0,1.0200,坪山区,23,23,0,0,0,0,1
2023-09-03,589179428,20190000000000000003,900200000000000044,1,63.253,361.462,22732.500,2023-09-03 19:30:00.000,L2FT01-FTJ028,10.17,0.000,0.666012,16605,0.435592,0.055345,0,0,0,1.0200,坪山区,23,23,0,0,0,0,1
2023-09-03,589179428,20190000000000000003,900200000000000032,1,57.666,320.163,18461.250,2023-09-03 19:30:00.000,L2FT01-FTJ028,10.17,0.000,0.666012,16605,0.435592,0.055345,0,0,0,1.0200,坪山区,23,23,0,0,0,0,1
2023-09-03,589179428,20190000000000000003,900200000000000032,1,57.783,322.253,18616.667,2023-09-03 19:45:00.000,L2FT01-FTJ028,10.17,0.000,0.666012,16605,0.435592,0.055345,0,0,0,1.0200,坪山区,23,23,0,0,0,0,1
2023-09-03,589179428,20190000000000000003,900200000000000032,1,56.457,322.513,18206.667,2023-09-03 20:00:00.000,L2FT01-FTJ028,10.47,0.000,0.666012,16605,0.435592,0.055345,0,0,0,1.0200,坪山区,23,23,0,0,0,0,1
2023-09-03,589179428,20190000000000000003,900200000000000032,1,54.145,322.700,17470.000,2023-09-03 20:15:00.000,L2FT01-FTJ028,10.47,0.000,0.666012,16605,0.435592,0.055345,0,0,0,1.0200,坪山区,23,23,0,0,0,0,1
2023-09-03,589179428,20190000000000000003,900200000000000057,1,38.836,327.560,12444.000,2023-09-03 21:45:00.000,L2FT01-FTJ028,10.95,0.000,0.666012,16605,0.435592,0.055345,0,0,0,1.0200,坪山区,23,23,0,0,0,0,1
2023-09-03,589179428,20190000000000000003,900200000000000057,1,48.405,322.587,15612.667,2023-09-03 22:00:00.000,L2FT01-FTJ028,11.57,0.000,0.666012,16605,0.435592,0.055345,0,0,0,1.0200,坪山区,23,23,0,0,0,0,1
2023-09-03,589179428,20190000000000000003,900200000000000034,0,0.000,232.300,0.000,2023-09-03 22:15:00.000,L2FT01-FTJ028,11.57,0.000,0.666012,16605,0.435592,0.055345,0,0,0,1.0200,坪山区,23,23,0,0,0,0,1
2023-09-03,589179428,20190000000000000003,900200000000000057,1,48.390,322.807,15620.000,2023-09-03 22:15:00.000,L2FT01-FTJ028,11.57,0.000,0.666012,16605,0.435592,0.055345,0,0,0,1.0200,坪山区,23,23,0,0,0,0,1
2023-09-03,589179428,20190000000000000003,900200000000000057,1,48.390,323.133,15634.000,2023-09-03 22:30:00.000,L2FT01-FTJ028,11.57,0.000,0.666012,16605,0.435592,0.055345,0,0,0,1.0200,坪山区,23,23,0,0,0,0,1
2023-09-03,589179428,20190000000000000003,900200000000000057,1,48.390,324.787,15714.000,2023-09-03 22:45:00.000,L2FT01-FTJ028,11.57,0.000,0.666012,16605,0.435592,0.055345,0,0,0,1.0200,坪山区,23,23,0,0,0,0,1
2023-09-03,589179428,20190000000000000003,900200000000000057,1,48.390,325.820,15764.000,2023-09-03 23:00:00.000,L2FT01-FTJ028,12.30,0.000,0.666012,16605,0.435592,0.055345,0,0,0,1.0200,坪山区,23,23,0,0,0,0,1
2023-09-03,589179428,20190000000000000003,900200000000000057,1,48.390,326.300,15787.333,2023-09-03 23:15:00.000,L2FT01-FTJ028,12.30,0.000,0.666012,16605,0.435592,0.055345,0,0,0,1.0200,坪山区,23,23,0,0,0,0,1
2023-09-03,589179428,20190000000000000003,900200000000000057,1,48.390,327.273,15836.667,2023-09-03 23:30:00.000,L2FT01-FTJ028,12.30,0.000,0.666012,16605,0.435592,0.055345,0,0,0,1.0200,坪山区,23,23,0,0,0,0,1
2023-09-03,589179428,20190000000000000003,900200000000000057,1,37.399,343.427,12580.000,2023-09-03 23:45:00.000,L2FT01-FTJ028,12.30,0.000,0.666012,16605,0.435592,0.055345,0,0,0,1.0200,坪山区,23,23,0,0,0,0,1
2023-09-04,589179428,20190000000000000003,900200000000000030,1,48.628,470.964,23151.818,2023-09-04 00:00:00.000,L2FT01-FTJ028,13.07,0.000,0.666012,16605,0.435592,0.055345,0,0,1,1.0200,坪山区,23,23,0,0,0,0,1
2023-09-04,589179428,20190000000000000003,900200000000000057,1,106.692,467.480,49876.000,2023-09-04 00:00:00.000,L2FT01-FTJ028,13.07,0.000,0.666012,16605,0.435592,0.055345,0,0,1,1.0200,坪山区,23,23,0,0,0,0,1
2023-09-04,589179428,20190000000000000003,900200000000000030,1,52.690,477.240,25145.333,2023-09-04 00:15:00.000,L2FT01-FTJ028,13.07,0.000,0.666012,16605,0.435592,0.055345,0,0,1,1.0200,坪山区,23,23,0,0,0,0,1
2023-09-04,589179428,20190000000000000003,900200000000000057,1,98.405,467.233,45978.667,2023-09-04 00:15:00.000,L2FT01-FTJ028,13.07,0.000,0.666012,16605,0.435592,0.055345,0,0,1,1.0200,坪山区,23,23,0,0,0,0,1
2023-09-04,589179428,20190000000000000003,900200000000000030,1,52.690,477.367,25151.333,2023-09-04 00:30:00.000,L2FT01-FTJ028,13.07,0.000,0.666012,16605,0.435592,0.055345,0,0,1,1.0200,坪山区,23,23,0,0,0,0,1
2023-09-04,589179428,20190000000000000003,900200000000000057,1,89.478,467.140,41798.667,2023-09-04 00:30:00.000,L2FT01-FTJ028,13.07,0.000,0.666012,16605,0.435592,0.055345,0,0,1,1.0200,坪山区,23,23,0,0,0,0,1
2023-09-04,589179428,20190000000000000003,900200000000000030,1,52.690,477.567,25160.667,2023-09-04 00:45:00.000,L2FT01-FTJ028,13.07,0.000,0.666012,16605,0.435592,0.055345,0,0,1,1.0200,坪山区,23,23,0,0,0,0,1
2023-09-04,589179428,20190000000000000003,900200000000000057,1,88.777,466.933,41452.000,2023-09-04 00:45:00.000,L2FT01-FTJ028,13.07,0.000,0.666012,16605,0.435592,0.055345,0,0,1,1.0200,坪山区,23,23,0,0,0,0,1
2023-09-04,589179428,20190000000000000003,900200000000000030,1,52.690,477.867,25180.000,2023-09-04 01:00:00.000,L2FT01-FTJ028,13.85,0.000,0.666012,16605,0.435592,0.055345,0,0,1,1.0200,坪山区,23,23,0,0,0,0,1
2023-09-04,589179428,20190000000000000003,900200000000000057,1,76.911,466.553,35885.333,2023-09-04 01:00:00.000,L2FT01-FTJ028,13.85,0.000,0.666012,16605,0.435592,0.055345,0,0,1,1.0200,坪山区,23,23,0,0,0,0,1
2023-09-04,589179428,20190000000000000003,900200000000000030,1,52.690,477.773,25176.000,2023-09-04 01:15:00.000,L2FT01-FTJ028,13.85,0.000,0.666012,16605,0.435592,0.055345,0,0,1,1.0200,坪山区,23,23,0,0,0,0,1
2023-09-04,589179428,20190000000000000003,900200000000000057,1,42.357,466.133,19743.333,2023-09-04 01:15:00.000,L2FT01-FTJ028,13.85,0.000,0.666012,16605,0.435592,0.055345,0,0,1,1.0200,坪山区,23,23,0,0,0,0,1
2023-09-04,589179428,20190000000000000003,900200000000000030,1,52.710,477.660,25176.000,2023-09-04 01:30:00.000,L2FT01-FTJ028,13.85,0.000,0.666012,16605,0.435592,0.055345,0,0,1,1.0200,坪山区,23,23,0,0,0,0,1
2023-09-04,589179428,20190000000000000003,900200000000000030,1,43.132,477.460,20593.333,2023-09-04 01:45:00.000,L2FT01-FTJ028,13.85,0.000,0.666012,16605,0.435592,0.055345,0,0,1,1.0200,坪山区,23,23,0,0,0,0,1
2023-09-04,589179428,20190000000000000003,900200000000000030,1,43.364,477.607,20710.000,2023-09-04 02:00:00.000,L2FT01-FTJ028,14.57,0.000,0.666012,16605,0.435592,0.055345,0,0,1,1.0200,坪山区,23,23,0,0,0,0,1
2023-09-04,589179428,20190000000000000003,900200000000000056,1,122.859,309.788,38057.500,2023-09-04 02:00:00.000,L2FT01-FTJ028,14.57,0.000,0.666012,16605,0.435592,0.055345,0,0,1,1.0200,坪山区,23,23,0,0,0,0,1
2023-09-04,589179428,20190000000000000003,900200000000000030,1,38.452,477.600,18370.000,2023-09-04 02:15:00.000,L2FT01-FTJ028,14.57,0.000,0.666012,16605,0.435592,0.055345,0,0,1,1.0200,坪山区,23,23,0,0,0,0,1
2023-09-04,589179428,20190000000000000003,900200000000000056,1,122.806,310.160,38085.333,2023-09-04 02:15:00.000,L2FT01-FTJ028,14.57,0.000,0.666012,16605,0.435592,0.055345,0,0,1,1.0200,坪山区,23,23,0,0,0,0,1
2023-09-04,589179428,20190000000000000003,900200000000000056,1,122.878,311.347,38256.000,2023-09-04 02:30:00.000,L2FT01-FTJ028,14.57,0.000,0.666012,16605,0.435592,0.055345,0,0,1,1.0200,坪山区,23,23,0,0,0,0,1
2023-09-04,589179428,20190000000000000003,900200000000000056,1,122.890,313.273,38496.000,2023-09-04 02:45:00.000,L2FT01-FTJ028,14.57,0.000,0.666012,16605,0.435592,0.055345,0,0,1,1.0200,坪山区,23,23,0,0,0,0,1
2023-09-04,589179428,20190000000000000003,900200000000000056,1,122.890,314.347,38628.000,2023-09-04 03:00:00.000,L2FT01-FTJ028,15.19,0.000,0.666012,16605,0.435592,0.055345,0,0,1,1.0200,坪山区,23,23,0,0,0,0,1
2023-09-04,589179428,20190000000000000003,900200000000000048,1,65.347,474.309,31163.636,2023-09-04 03:15:00.000,L2FT01-FTJ028,15.19,0.000,0.666012,16605,0.435592,0.055345,0,0,1,1.0200,坪山区,23,23,0,0,0,0,1
2023-09-04,589179428,20190000000000000003,900200000000000056,1,107.685,318.307,34159.333,2023-09-04 03:15:00.000,L2FT01-FTJ028,15.19,0.000,0.666012,16605,0.435592,0.055345,0,0,1,1.0200,坪山区,23,23,0,0,0,0,1
2023-09-04,589179428,20190000000000000003,900200000000000048,1,78.890,477.893,37699.333,2023-09-04 03:30:00.000,L2FT01-FTJ028,15.19,0.000,0.666012,16605,0.435592,0.055345,0,0,1,1.0200,坪山区,23,23,0,0,0,0,1
2023-09-04,589179428,20190000000000000003,900200000000000056,1,25.590,331.500,8480.000,2023-09-04 03:30:00.000,L2FT01-FTJ028,15.19,0.000,0.666012,16605,0.435592,0.055345,0,0,1,1.0200,坪山区,23,23,0,0,0,0,1
2023-09-04,589179428,20190000000000000003,900200000000000048,1,78.890,478.100,37717.333,2023-09-04 03:45:00.000,L2FT01-FTJ028,15.19,0.000,0.666012,16605,0.435592,0.055345,0,0,1,1.0200,坪山区,23,23,0,0,0,0,1
2023-09-04,589179428,20190000000000000003,900200000000000048,1,78.890,478.253,37726.000,2023-09-04 04:00:00.000,L2FT01-FTJ028,15.67,0.000,0.666012,16605,0.435592,0.055345,0,0,1,1.0200,坪山区,23,23,0,0,0,0,1
2023-09-04,589179428,20190000000000000003,900200000000000048,1,78.890,478.147,37720.000,2023-09-04 04:15:00.000,L2FT01-FTJ028,15.67,0.000,0.666012,16605,0.435592,0.055345,0,0,1,1.0200,坪山区,23,23,0,0,0,0,1
2023-09-04,589179428,20190000000000000003,900200000000000048,1,69.285,478.020,33121.333,2023-09-04 04:30:00.000,L2FT01-FTJ028,15.67,0.000,0.666012,16605,0.435592,0.055345,0,0,1,1.0200,坪山区,23,23,0,0,0,0,1
2023-09-04,589179428,20190000000000000003,900200000000000048,1,45.028,477.700,21518.889,2023-09-04 04:45:00.000,L2FT01-FTJ028,15.67,0.000,0.666012,16605,0.435592,0.055345,0,0,1,1.0200,坪山区,23,23,0,0,0,0,1
2023-09-04,589179428,20190000000000000003,900200000000000030,1,31.257,339.533,10670.000,2023-09-04 05:30:00.000,L2FT01-FTJ028,15.97,0.000,0.666012,16605,0.435592,0.055345,0,0,1,1.0200,坪山区,23,23,0,0,0,0,1
2023-09-04,589179428,20190000000000000003,900200000000000052,1,96.260,347.420,33698.000,2023-09-04 05:45:00.000,L2FT01-FTJ028,15.97,0.000,0.666012,16605,0.435592,0.055345,0,0,1,1.0200,坪山区,23,23,0,0,0,0,1
2023-09-04,589179428,20190000000000000003,900200000000000052,1,125.431,364.767,45734.000,2023-09-04 06:00:00.000,L2FT01-FTJ028,16.07,0.000,0.666012,16605,0.435592,0.055345,0,0,1,1.0200,坪山区,23,23,0,0,0,0,1
2023-09-04,589179428,20190000000000000003,900200000000000032,1,58.414,346.000,20038.889,2023-09-04 06:15:00.000,L2FT01-FTJ028,16.07,0.000,0.666012,16605,0.435592,0.055345,0,0,1,1.0200,坪山区,23,23,0,0,0,0,1
2023-09-04,589179428,20190000000000000003,900200000000000052,1,83.890,379.533,31826.667,2023-09-04 06:15:00.000,L2FT01-FTJ028,16.07,0.000,0.666012,16605,0.435592,0.055345,0,0,1,1.0200,坪山区,23,23,0,0,0,0,1
2023-09-04,589179428,20190000000000000003,900200000000000032,1,84.356,349.073,29442.667,2023-09-04 06:30:00.000,L2FT01-FTJ028,16.07,0.000,0.666012,16605,0.435592,0.055345,0,0,1,1.0200,坪山区,23,23,0,0,0,0,1
2023-09-04,589179428,20190000000000000003,900200000000000052,1,36.371,385.973,14032.667,2023-09-04 06:30:00.000,L2FT01-FTJ028,16.07,0.000,0.666012,16605,0.435592,0.055345,0,0,1,1.0200,坪山区,23,23,0,0,0,0,1
2023-09-04,589179428,20190000000000000003,900200000000000032,1,83.365,360.580,30050.667,2023-09-04 06:45:00.000,L2FT01-FTJ028,16.07,0.000,0.666012,16605,0.435592,0.055345,0,0,1,1.0200,坪山区,23,23,0,0,0,0,1
2023-09-04,589179428,20190000000000000003,900200000000000052,1,24.397,388.057,9462.857,2023-09-04 06:45:00.000,L2FT01-FTJ028,16.07,0.000,0.666012,16605,0.435592,0.055345,0,0,1,1.0200,坪山区,23,23,0,0,0,0,1
2023-09-04,589179428,20190000000000000003,900200000000000032,1,72.010,372.127,26776.000,2023-09-04 07:00:00.000,L2FT01-FTJ028,15.97,0.000,0.666012,16605,0.435592,0.055345,0,0,1,1.0200,坪山区,23,23,0,0,0,0,1
2023-09-04,589179428,20190000000000000003,900200000000000042,1,22.723,402.800,9150.000,2023-09-04 07:15:00.000,L2FT01-FTJ028,15.97,0.000,0.666012,16605,0.435592,0.055345,0,0,1,1.0200,坪山区,23,23,0,0,0,0,1
2023-09-04,589179428,20190000000000000003,900200000000000032,1,52.313,380.127,19882.667,2023-09-04 07:15:00.000,L2FT01-FTJ028,15.97,0.000,0.666012,16605,0.435592,0.055345,0,0,1,1.0200,坪山区,23,23,0,0,0,0,1
2023-09-04,589179428,20190000000000000003,900200000000000030,1,35.690,305.729,10911.429,2023-09-04 07:15:00.000,L2FT01-FTJ028,15.97,0.000,0.666012,16605,0.435592,0.055345,0,0,1,1.0200,坪山区,23,23,0,0,0,0,1
2023-09-04,589179428,20190000000000000003,900200000000000032,1,32.965,385.653,12708.000,2023-09-04 07:30:00.000,L2FT01-FTJ028,15.97,0.000,0.666012,16605,0.435592,0.055345,0,0,1,1.0200,坪山区,23,23,0,0,0,0,1
2023-09-04,589179428,20190000000000000003,900200000000000042,1,12.323,404.913,4988.000,2023-09-04 07:30:00.000,L2FT01-FTJ028,15.97,0.000,0.666012,16605,0.435592,0.055345,0,0,1,1.0200,坪山区,23,23,0,0,0,0,1
2023-09-04,589179428,20190000000000000003,900200000000000030,1,34.260,449.717,16095.000,2023-09-04 07:45:00.000,L2FT01-FTJ028,15.97,0.000,0.666012,16605,0.435592,0.055345,0,0,1,1.0200,坪山区,23,23,0,0,0,0,1
2023-09-04,589179428,20190000000000000003,900200000000000032,1,15.090,386.000,5820.000,2023-09-04 07:45:00.000,L2FT01-FTJ028,15.97,0.000,0.666012,16605,0.435592,0.055345,0,0,1,1.0200,坪山区,23,23,0,0,0,0,1
2023-09-04,589179428,20190000000000000003,900200000000000042,1,11.590,406.400,4710.000,2023-09-04 07:45:00.000,L2FT01-FTJ028,15.97,0.000,0.666012,16605,0.435592,0.055345,0,0,1,1.0200,坪山区,23,23,0,0,0,0,1
2023-09-04,589179428,20190000000000000003,900200000000000056,1,42.427,450.767,19820.000,2023-09-04 09:15:00.000,L2FT01-FTJ028,15.19,0.000,0.666012,16605,0.435592,0.055345,0,0,1,1.0200,坪山区,23,23,0,0,0,0,1
2023-09-04,589179428,20190000000000000003,900200000000000056,1,94.239,477.733,45016.667,2023-09-04 09:30:00.000,L2FT01-FTJ028,15.19,0.000,0.666012,16605,0.435592,0.055345,0,0,1,1.0200,坪山区,23,23,0,0,0,0,1
2023-09-04,589179428,20190000000000000003,900200000000000056,1,94.190,477.767,44996.667,2023-09-04 09:45:00.000,L2FT01-FTJ028,15.19,0.000,0.666012,16605,0.435592,0.055345,0,0,1,1.0200,坪山区,23,23,0,0,0,0,1
2023-09-04,589179428,20190000000000000003,900200000000000049,1,67.484,339.431,22902.308,2023-09-04 10:30:00.000,L2FT01-FTJ028,14.57,0.000,0.666012,16605,0.435592,0.055345,0,0,1,1.0200,坪山区,23,23,0,0,0,0,1
2023-09-04,589179428,20190000000000000003,900200000000000039,1,10.940,346.425,3787.500,2023-09-04 10:45:00.000,L2FT01-FTJ028,14.57,0.000,0.666012,16605,0.435592,0.055345,0,0,1,1.0200,坪山区,23,23,0,0,0,0,1
2023-09-04,589179428,20190000000000000003,900200000000000049,1,67.390,349.807,23572.667,2023-09-04 10:45:00.000,L2FT01-FTJ028,14.57,0.000,0.666012,16605,0.435592,0.055345,0,0,1,1.0200,坪山区,23,23,0,0,0,0,1
2023-09-04,589179428,20190000000000000003,900200000000000049,1,59.877,361.120,21616.000,2023-09-04 11:00:00.000,L2FT01-FTJ028,13.85,0.000,0.666012,16605,0.435592,0.055345,0,0,1,1.0200,坪山区,23,23,0,0,0,0,1
2023-09-04,589179428,20190000000000000003,900200000000000049,1,37.934,368.473,13969.333,2023-09-04 11:15:00.000,L2FT01-FTJ028,13.85,0.000,0.666012,16605,0.435592,0.055345,0,0,1,1.0200,坪山区,23,23,0,0,0,0,1
2023-09-04,589179428,20190000000000000003,900200000000000049,1,28.000,370.700,10375.000,2023-09-04 11:30:00.000,L2FT01-FTJ028,13.85,0.000,0.666012,16605,0.435592,0.055345,0,0,1,1.0200,坪山区,23,23,0,0,0,0,1
2023-09-04,589179428,20190000000000000003,900200000000000038,1,28.512,361.280,11802.000,2023-09-04 11:45:00.000,L2FT01-FTJ028,13.85,0.000,0.666012,16605,0.435592,0.055345,0,0,1,1.0200,坪山区,23,23,0,0,0,0,1
2023-09-04,589179428,20190000000000000003,900200000000000038,1,35.470,419.233,14866.000,2023-09-04 12:00:00.000,L2FT01-FTJ028,13.07,0.000,0.666012,16605,0.435592,0.055345,0,0,1,1.0200,坪山区,23,23,0,0,0,0,1
2023-09-04,589179428,20190000000000000003,900200000000000052,1,103.577,461.800,48705.000,2023-09-04 12:00:00.000,L2FT01-FTJ028,13.07,0.000,0.666012,16605,0.435592,0.055345,0,0,1,1.0200,坪山区,23,23,0,0,0,0,1
2023-09-04,589179428,20190000000000000003,900200000000000038,1,31.885,426.227,13592.000,2023-09-04 12:15:00.000,L2FT01-FTJ028,13.07,0.000,0.666012,16605,0.435592,0.055345,0,0,1,1.0200,坪山区,23,23,0,0,0,0,1
2023-09-04,589179428,20190000000000000003,900200000000000052,1,106.483,472.020,50266.000,2023-09-04 12:15:00.000,L2FT01-FTJ028,13.07,0.000,0.666012,16605,0.435592,0.055345,0,0,1,1.0200,坪山区,23,23,0,0,0,0,1
2023-09-04,589179428,20190000000000000003,900200000000000038,1,22.310,430.000,9594.000,2023-09-04 12:30:00.000,L2FT01-FTJ028,13.07,0.000,0.666012,16605,0.435592,0.055345,0,0,1,1.0200,坪山区,23,23,0,0,0,0,1
2023-09-04,589179428,20190000000000000003,900200000000000052,1,36.432,471.356,17168.889,2023-09-04 12:30:00.000,L2FT01-FTJ028,13.07,0.000,0.666012,16605,0.435592,0.055345,0,0,1,1.0200,坪山区,23,23,0,0,0,0,1
2023-09-04,589179428,20190000000000000003,900200000000000031,1,112.663,309.786,34898.571,2023-09-04 13:00:00.000,L2FT01-FTJ028,12.30,0.000,0.666012,16605,0.435592,0.055345,0,0,1,1.0200,坪山区,23,23,0,0,0,0,1
2023-09-04,589179428,20190000000000000003,900200000000000031,1,112.548,311.513,35057.333,2023-09-04 13:15:00.000,L2FT01-FTJ028,12.30,0.000,0.666012,16605,0.435592,0.055345,0,0,1,1.0200,坪山区,23,23,0,0,0,0,1
2023-09-04,589179428,20190000000000000003,900200000000000047,1,118.825,361.982,43518.182,2023-09-04 13:15:00.000,L2FT01-FTJ028,12.30,0.000,0.666012,16605,0.435592,0.055345,0,0,1,1.0200,坪山区,23,23,0,0,0,0,1
2023-09-04,589179428,20190000000000000003,900200000000000031,1,112.515,313.767,35300.000,2023-09-04 13:30:00.000,L2FT01-FTJ028,12.30,0.000,0.666012,16605,0.435592,0.055345,0,0,1,1.0200,坪山区,23,23,0,0,0,0,1
2023-09-04,589179428,20190000000000000003,900200000000000047,1,125.861,366.527,46131.333,2023-09-04 13:30:00.000,L2FT01-FTJ028,12.30,0.000,0.666012,16605,0.435592,0.055345,0,0,1,1.0200,坪山区,23,23,0,0,0,0,1
2023-09-04,589179428,20190000000000000003,900200000000000047,1,106.027,366.533,38860.000,2023-09-04 13:45:00.000,L2FT01-FTJ028,12.30,0.000,0.666012,16605,0.435592,0.055345,0,0,1,1.0200,坪山区,23,23,0,0,0,0,1
2023-09-04,589179428,20190000000000000003,900200000000000047,1,70.190,365.000,25620.000,2023-09-04 14:00:00.000,L2FT01-FTJ028,11.57,0.000,0.666012,16605,0.435592,0.055345,0,0,1,1.0200,坪山区,23,23,0,0,0,0,1
2023-09-04,589179428,20190000000000000003,900200000000000043,1,98.497,461.171,46677.143,2023-09-04 14:00:00.000,L2FT01-FTJ028,11.57,0.000,0.666012,16605,0.435592,0.055345,0,0,1,1.0200,坪山区,23,23,0,0,0,0,1
2023-09-04,589179428,20190000000000000003,900200000000000043,1,129.800,477.260,61944.000,2023-09-04 14:15:00.000,L2FT01-FTJ028,11.57,0.000,0.666012,16605,0.435592,0.055345,0,0,1,1.0200,坪山区,23,23,0,0,0,0,1
2023-09-04,589179428,20190000000000000003,900200000000000047,1,89.684,373.620,33477.333,2023-09-04 14:15:00.000,L2FT01-FTJ028,11.57,0.000,0.666012,16605,0.435592,0.055345,0,0,1,1.0200,坪山区,23,23,0,0,0,0,1
2023-09-04,589179428,20190000000000000003,900200000000000043,1,89.863,477.093,42870.667,2023-09-04 14:30:00.000,L2FT01-FTJ028,11.57,0.000,0.666012,16605,0.435592,0.055345,0,0,1,1.0200,坪山区,23,23,0,0,0,0,1
2023-09-04,589179428,20190000000000000003,900200000000000047,1,76.750,387.527,29724.667,2023-09-04 14:30:00.000,L2FT01-FTJ028,11.57,0.000,0.666012,16605,0.435592,0.055345,0,0,1,1.0200,坪山区,23,23,0,0,0,0,1
2023-09-04,589179428,20190000000000000003,900200000000000043,1,91.790,477.300,43810.000,2023-09-04 14:45:00.000,L2FT01-FTJ028,11.57,0.000,0.666012,16605,0.435592,0.055345,0,0,1,1.0200,坪山区,23,23,0,0,0,0,1
2023-09-04,589179428,20190000000000000003,900200000000000047,1,57.810,398.767,23052.667,2023-09-04 14:45:00.000,L2FT01-FTJ028,11.57,0.000,0.666012,16605,0.435592,0.055345,0,0,1,1.0200,坪山区,23,23,0,0,0,0,1
2023-09-04,589179428,20190000000000000003,900200000000000030,1,178.819,309.300,55796.000,2023-09-04 15:15:00.000,L2FT01-FTJ028,10.95,0.000,0.666012,16605,0.435592,0.055345,0,0,1,1.0200,坪山区,23,23,0,0,0,0,1
2023-09-04,589179428,20190000000000000003,900200000000000030,1,191.478,314.680,60249.333,2023-09-04 15:30:00.000,L2FT01-FTJ028,10.95,0.000,0.666012,16605,0.435592,0.055345,0,0,1,1.0200,坪山区,23,23,0,0,0,0,1
2023-09-04,589179428,20190000000000000003,900200000000000030,1,183.091,317.167,58058.333,2023-09-04 15:45:00.000,L2FT01-FTJ028,10.95,0.000,0.666012,16605,0.435592,0.055345,0,0,1,1.0200,坪山区,23,23,0,0,0,0,1
2023-09-04,589179428,20190000000000000003,900200000000000038,1,109.873,341.725,37542.500,2023-09-04 16:00:00.000,L2FT01-FTJ028,10.47,0.000,0.666012,16605,0.435592,0.055345,0,0,1,1.0200,坪山区,23,23,0,0,0,0,1
2023-09-04,589179428,20190000000000000003,900200000000000047,1,78.771,344.040,27104.000,2023-09-04 16:00:00.000,L2FT01-FTJ028,10.47,0.000,0.666012,16605,0.435592,0.055345,0,0,1,1.0200,坪山区,23,23,0,0,0,0,1
2023-09-04,589179428,20190000000000000003,900200000000000056,1,61.534,290.700,19164.286,2023-09-04 16:15:00.000,L2FT01-FTJ028,10.47,0.000,0.666012,16605,0.435592,0.055345,0,0,1,1.0200,坪山区,23,23,0,0,0,0,1
2023-09-04,589179428,20190000000000000003,900200000000000038,1,109.872,344.947,37898.000,2023-09-04 16:15:00.000,L2FT01-FTJ028,10.47,0.000,0.666012,16605,0.435592,0.055345,0,0,1,1.0200,坪山区,23,23,0,0,0,0,1
2023-09-04,589179428,20190000000000000003,900200000000000047,1,49.744,345.447,17180.667,2023-09-04 16:15:00.000,L2FT01-FTJ028,10.47,0.000,0.666012,16605,0.435592,0.055345,0,0,1,1.0200,坪山区,23,23,0,0,0,0,1
2023-09-04,589179428,20190000000000000003,900200000000000038,1,109.890,346.040,38024.000,2023-09-04 16:30:00.000,L2FT01-FTJ028,10.47,0.000,0.666012,16605,0.435592,0.055345,0,0,1,1.0200,坪山区,23,23,0,0,0,0,1
2023-09-04,589179428,20190000000000000003,900200000000000047,1,23.947,344.947,8257.333,2023-09-04 16:30:00.000,L2FT01-FTJ028,10.47,0.000,0.666012,16605,0.435592,0.055345,0,0,1,1.0200,坪山区,23,23,0,0,0,0,1
2023-09-04,589179428,20190000000000000003,900200000000000056,1,71.737,312.113,22386.667,2023-09-04 16:30:00.000,L2FT01-FTJ028,10.47,0.000,0.666012,16605,0.435592,0.055345,0,0,1,1.0200,坪山区,23,23,0,0,0,0,1
2023-09-04,589179428,20190000000000000003,900200000000000047,1,10.665,344.900,3687.500,2023-09-04 16:45:00.000,L2FT01-FTJ028,10.47,0.000,0.666012,16605,0.435592,0.055345,0,0,1,1.0200,坪山区,23,23,0,0,0,0,1
2023-09-04,589179428,20190000000000000003,900200000000000056,1,71.790,312.907,22463.571,2023-09-04 16:45:00.000,L2FT01-FTJ028,10.47,0.000,0.666012,16605,0.435592,0.055345,0,0,1,1.0200,坪山区,23,23,0,0,0,0,1
2023-09-04,589179428,20190000000000000003,900200000000000031,0,0.000,301.900,0.000,2023-09-04 17:00:00.000,L2FT01-FTJ028,10.17,0.000,0.666012,16605,0.435592,0.055345,0,0,1,1.0200,坪山区,23,23,0,0,0,0,1
2023-09-04,589179428,20190000000000000003,900200000000000039,1,35.895,234.050,11755.000,2023-09-04 17:30:00.000,L2FT01-FTJ028,10.17,0.000,0.666012,16605,0.435592,0.055345,0,0,1,1.0200,坪山区,23,23,0,0,0,0,1
2023-09-04,589179428,20190000000000000003,900200000000000035,1,54.870,438.325,26100.000,2023-09-04 17:45:00.000,L2FT01-FTJ028,10.17,0.000,0.666012,16605,0.435592,0.055345,0,0,1,1.0200,坪山区,23,23,0,0,0,0,1
2023-09-04,589179428,20190000000000000003,900200000000000039,1,71.573,333.100,23838.667,2023-09-04 17:45:00.000,L2FT01-FTJ028,10.17,0.000,0.666012,16605,0.435592,0.055345,0,0,1,1.0200,坪山区,23,23,0,0,0,0,1
2023-09-04,589179428,20190000000000000003,900200000000000035,1,95.731,477.920,45751.333,2023-09-04 18:00:00.000,L2FT01-FTJ028,10.07,0.000,0.666012,16605,0.435592,0.055345,0,0,1,1.0200,坪山区,23,23,0,0,0,0,1
2023-09-04,589179428,20190000000000000003,900200000000000039,1,71.512,345.147,24678.667,2023-09-04 18:00:00.000,L2FT01-FTJ028,10.07,0.000,0.666012,16605,0.435592,0.055345,0,0,1,1.0200,坪山区,23,23,0,0,0,0,1
2023-09-04,589179428,20190000000000000003,900200000000000039,1,65.629,358.053,23471.333,2023-09-04 18:15:00.000,L2FT01-FTJ028,10.07,0.000,0.666012,16605,0.435592,0.055345,0,0,1,1.0200,坪山区,23,23,0,0,0,0,1
2023-09-04,589179428,20190000000000000003,900200000000000035,1,88.890,478.250,42515.000,2023-09-04 18:15:00.000,L2FT01-FTJ028,10.07,0.000,0.666012,16605,0.435592,0.055345,0,0,1,1.0200,坪山区,23,23,0,0,0,0,1
2023-09-04,589179428,20190000000000000003,900200000000000039,1,36.292,363.780,13198.000,2023-09-04 18:30:00.000,L2FT01-FTJ028,10.07,0.000,0.666012,16605,0.435592,0.055345,0,0,1,1.0200,坪山区,23,23,0,0,0,0,1
2023-09-04,589179428,20190000000000000003,900200000000000047,1,102.090,357.800,36530.000,2023-09-04 18:45:00.000,L2FT01-FTJ028,10.07,0.000,0.666012,16605,0.435592,0.055345,0,0,1,1.0200,坪山区,23,23,0,0,0,0,1
2023-09-04,589179428,20190000000000000003,900200000000000031,1,118.008,310.100,36768.182,2023-09-04 19:00:00.000,L2FT01-FTJ028,10.17,0.000,0.666012,16605,0.435592,0.055345,0,0,1,1.0200,坪山区,23,23,0,0,0,0,1
2023-09-04,589179428,20190000000000000003,900200000000000047,1,124.871,368.073,45942.000,2023-09-04 19:00:00.000,L2FT01-FTJ028,10.17,0.000,0.666012,16605,0.435592,0.055345,0,0,1,1.0200,坪山区,23,23,0,0,0,0,1
2023-09-04,589179428,20190000000000000003,900200000000000031,1,129.909,313.843,40768.571,2023-09-04 19:15:00.000,L2FT01-FTJ028,10.17,0.000,0.666012,16605,0.435592,0.055345,0,0,1,1.0200,坪山区,23,23,0,0,0,0,1
2023-09-04,589179428,20190000000000000003,900200000000000047,1,94.921,379.233,35976.000,2023-09-04 19:15:00.000,L2FT01-FTJ028,10.17,0.000,0.666012,16605,0.435592,0.055345,0,0,1,1.0200,坪山区,23,23,0,0,0,0,1
2023-09-04,589179428,20190000000000000003,900200000000000047,1,65.677,392.167,25728.667,2023-09-04 19:30:00.000,L2FT01-FTJ028,10.17,0.000,0.666012,16605,0.435592,0.055345,0,0,1,1.0200,坪山区,23,23,0,0,0,0,1
2023-09-04,589179428,20190000000000000003,900200000000000047,1,49.891,401.607,20034.667,2023-09-04 19:45:00.000,L2FT01-FTJ028,10.17,0.000,0.666012,16605,0.435592,0.055345,0,0,1,1.0200,坪山区,23,23,0,0,0,0,1
2023-09-04,589179428,20190000000000000003,900200000000000047,1,21.263,407.420,8669.333,2023-09-04 20:00:00.000,L2FT01-FTJ028,10.47,0.000,0.666012,16605,0.435592,0.055345,0,0,1,1.0200,坪山区,23,23,0,0,0,0,1
2023-09-04,589179428,20190000000000000003,900200000000000032,1,42.444,361.750,15270.000,2023-09-04 20:15:00.000,L2FT01-FTJ028,10.47,0.000,0.666012,16605,0.435592,0.055345,0,0,1,1.0200,坪山区,23,23,0,0,0,0,1
2023-09-04,589179428,20190000000000000003,900200000000000047,1,10.953,408.593,4471.429,2023-09-04 20:15:00.000,L2FT01-FTJ028,10.47,0.000,0.666012,16605,0.435592,0.055345,0,0,1,1.0200,坪山区,23,23,0,0,0,0,1
2023-09-04,589179428,20190000000000000003,900200000000000039,1,128.786,308.020,39987.000,2023-09-04 21:00:00.000,L2FT01-FTJ028,10.95,0.000,0.666012,16605,0.435592,0.055345,0,0,1,1.0200,坪山区,23,23,0,0,0,0,1
2023-09-04,589179428,20190000000000000003,900200000000000037,1,94.877,325.193,30849.286,2023-09-04 21:00:00.000,L2FT01-FTJ028,10.95,0.000,0.666012,16605,0.435592,0.055345,0,0,1,1.0200,坪山区,23,23,0,0,0,0,1
2023-09-04,589179428,20190000000000000003,900200000000000037,1,93.797,326.327,30605.333,2023-09-04 21:15:00.000,L2FT01-FTJ028,10.95,0.000,0.666012,16605,0.435592,0.055345,0,0,1,1.0200,坪山区,23,23,0,0,0,0,1
2023-09-04,589179428,20190000000000000003,900200000000000039,1,143.012,311.160,44494.667,2023-09-04 21:15:00.000,L2FT01-FTJ028,10.95,0.000,0.666012,16605,0.435592,0.055345,0,0,1,1.0200,坪山区,23,23,0,0,0,0,1
2023-09-04,589179428,20190000000000000003,900200000000000037,1,83.903,327.587,27482.000,2023-09-04 21:30:00.000,L2FT01-FTJ028,10.95,0.000,0.666012,16605,0.435592,0.055345,0,0,1,1.0200,坪山区,23,23,0,0,0,0,1
2023-09-04,589179428,20190000000000000003,900200000000000037,1,78.790,328.600,25889.091,2023-09-04 21:45:00.000,L2FT01-FTJ028,10.95,0.000,0.666012,16605,0.435592,0.055345,0,0,1,1.0200,坪山区,23,23,0,0,0,0,1
2023-09-05,589179428,20190000000000000003,900200000000000030,1,191.427,311.157,59557.857,2023-09-05 00:00:00.000,L2FT01-FTJ028,13.07,0.000,0.666012,16605,0.435592,0.055345,0,0,1,1.0200,坪山区,23,23,0,0,0,0,1
2023-09-05,589179428,20190000000000000003,900200000000000037,1,129.837,309.760,40215.333,2023-09-05 00:00:00.000,L2FT01-FTJ028,13.07,0.000,0.666012,16605,0.435592,0.055345,0,0,1,1.0200,坪山区,23,23,0,0,0,0,1
2023-09-05,589179428,20190000000000000003,900200000000000039,1,36.931,379.390,14061.000,2023-09-05 00:00:00.000,L2FT01-FTJ028,13.07,0.000,0.666012,16605,0.435592,0.055345,0,0,1,1.0200,坪山区,23,23,0,0,0,0,1
2023-09-05,589179428,20190000000000000003,900200000000000030,1,191.187,312.687,59777.333,2023-09-05 00:15:00.000,L2FT01-FTJ028,13.07,0.000,0.666012,16605,0.435592,0.055345,0,0,1,1.0200,坪山区,23,23,0,0,0,0,1
2023-09-05,589179428,20190000000000000003,900200000000000037,1,129.800,310.533,40301.333,2023-09-05 00:15:00.000,L2FT01-FTJ028,13.07,0.000,0.666012,16605,0.435592,0.055345,0,0,1,1.0200,坪山区,23,23,0,0,0,0,1
2023-09-05,589179428,20190000000000000003,900200000000000039,1,53.590,385.653,20666.000,2023-09-05 00:15:00.000,L2FT01-FTJ028,13.07,0.000,0.666012,16605,0.435592,0.055345,0,0,1,1.0200,坪山区,23,23,0,0,0,0,1
2023-09-05,589179428,20190000000000000003,900200000000000037,1,129.906,312.280,40565.333,2023-09-05 00:30:00.000,L2FT01-FTJ028,13.07,0.000,0.666012,16605,0.435592,0.055345,0,0,1,1.0200,坪山区,23,23,0,0,0,0,1
2023-09-05,589179428,20190000000000000003,900200000000000039,1,53.590,388.493,20816.667,2023-09-05 00:30:00.000,L2FT01-FTJ028,13.07,0.000,0.666012,16605,0.435592,0.055345,0,0,1,1.0200,坪山区,23,23,0,0,0,0,1
2023-09-05,589179428,20190000000000000003,900200000000000030,1,149.376,313.187,46783.333,2023-09-05 00:30:00.000,L2FT01-FTJ028,13.07,0.000,0.666012,16605,0.435592,0.055345,0,0,1,1.0200,坪山区,23,23,0,0,0,0,1
2023-09-05,589179428,20190000000000000003,900200000000000039,1,53.590,389.120,20852.667,2023-09-05 00:45:00.000,L2FT01-FTJ028,13.07,0.000,0.666012,16605,0.435592,0.055345,0,0,1,1.0200,坪山区,23,23,0,0,0,0,1
2023-09-05,589179428,20190000000000000003,900200000000000037,1,130.000,314.747,40912.667,2023-09-05 00:45:00.000,L2FT01-FTJ028,13.07,0.000,0.666012,16605,0.435592,0.055345,0,0,1,1.0200,坪山区,23,23,0,0,0,0,1
2023-09-05,589179428,20190000000000000003,900200000000000030,1,142.905,314.140,44890.000,2023-09-05 00:45:00.000,L2FT01-FTJ028,13.07,0.000,0.666012,16605,0.435592,0.055345,0,0,1,1.0200,坪山区,23,23,0,0,0,0,1
2023-09-05,589179428,20190000000000000003,900200000000000030,1,104.826,317.273,33142.727,2023-09-05 01:00:00.000,L2FT01-FTJ028,13.85,0.000,0.666012,16605,0.435592,0.055345,0,0,1,1.0200,坪山区,23,23,0,0,0,0,1
2023-09-05,589179428,20190000000000000003,900200000000000037,1,96.967,319.800,30864.000,2023-09-05 01:00:00.000,L2FT01-FTJ028,13.85,0.000,0.666012,16605,0.435592,0.055345,0,0,1,1.0200,坪山区,23,23,0,0,0,0,1
2023-09-05,589179428,20190000000000000003,900200000000000039,1,53.590,389.553,20875.333,2023-09-05 01:00:00.000,L2FT01-FTJ028,13.85,0.000,0.666012,16605,0.435592,0.055345,0,0,1,1.0200,坪山区,23,23,0,0,0,0,1
2023-09-05,589179428,20190000000000000003,900200000000000039,1,53.590,390.253,20912.667,2023-09-05 01:15:00.000,L2FT01-FTJ028,13.85,0.000,0.666012,16605,0.435592,0.055345,0,0,1,1.0200,坪山区,23,23,0,0,0,0,1
2023-09-05,589179428,20190000000000000003,900200000000000044,1,129.867,310.300,40294.286,2023-09-05 01:15:00.000,L2FT01-FTJ028,13.85,0.000,0.666012,16605,0.435592,0.055345,0,0,1,1.0200,坪山区,23,23,0,0,0,0,1
2023-09-05,589179428,20190000000000000003,900200000000000039,1,53.590,392.193,21016.000,2023-09-05 01:30:00.000,L2FT01-FTJ028,13.85,0.000,0.666012,16605,0.435592,0.055345,0,0,1,1.0200,坪山区,23,23,0,0,0,0,1
2023-09-05,589179428,20190000000000000003,900200000000000044,1,129.866,310.620,40335.333,2023-09-05 01:30:00.000,L2FT01-FTJ028,13.85,0.000,0.666012,16605,0.435592,0.055345,0,0,1,1.0200,坪山区,23,23,0,0,0,0,1
2023-09-05,589179428,20190000000000000003,900200000000000039,1,53.590,393.100,21066.667,2023-09-05 01:45:00.000,L2FT01-FTJ028,13.85,0.000,0.666012,16605,0.435592,0.055345,0,0,1,1.0200,坪山区,23,23,0,0,0,0,1
2023-09-05,589179428,20190000000000000003,900200000000000044,1,129.890,313.173,40675.333,2023-09-05 01:45:00.000,L2FT01-FTJ028,13.85,0.000,0.666012,16605,0.435592,0.055345,0,0,1,1.0200,坪山区,23,23,0,0,0,0,1
2023-09-05,589179428,20190000000000000003,900200000000000039,1,53.590,393.433,21084.000,2023-09-05 02:00:00.000,L2FT01-FTJ028,14.57,0.000,0.666012,16605,0.435592,0.055345,0,0,1,1.0200,坪山区,23,23,0,0,0,0,1
2023-09-05,589179428,20190000000000000003,900200000000000044,1,129.890,315.200,40939.333,2023-09-05 02:00:00.000,L2FT01-FTJ028,14.57,0.000,0.666012,16605,0.435592,0.055345,0,0,1,1.0200,坪山区,23,23,0,0,0,0,1
2023-09-05,589179428,20190000000000000003,900200000000000044,1,111.890,318.920,35664.000,2023-09-05 02:15:00.000,L2FT01-FTJ028,14.57,0.000,0.666012,16605,0.435592,0.055345,0,0,1,1.0200,坪山区,23,23,0,0,0,0,1
2023-09-05,589179428,20190000000000000003,900200000000000039,1,53.590,394.533,21142.000,2023-09-05 02:15:00.000,L2FT01-FTJ028,14.57,0.000,0.666012,16605,0.435592,0.055345,0,0,1,1.0200,坪山区,23,23,0,0,0,0,1
2023-09-05,589179428,20190000000000000003,900200000000000039,1,53.590,396.307,21236.667,2023-09-05 02:30:00.000,L2FT01-FTJ028,14.57,0.000,0.666012,16605,0.435592,0.055345,0,0,1,1.0200,坪山区,23,23,0,0,0,0,1
2023-09-05,589179428,20190000000000000003,900200000000000030,1,83.573,468.689,39246.667,2023-09-05 02:45:00.000,L2FT01-FTJ028,14.57,0.000,0.666012,16605,0.435592,0.055345,0,0,1,1.0200,坪山区,23,23,0,0,0,0,1
2023-09-05,589179428,20190000000000000003,900200000000000039,1,47.161,401.344,18914.444,2023-09-05 02:45:00.000,L2FT01-FTJ028,14.57,0.000,0.666012,16605,0.435592,0.055345,0,0,1,1.0200,坪山区,23,23,0,0,0,0,1
2023-09-05,589179428,20190000000000000003,900200000000000030,1,105.227,470.653,49522.000,2023-09-05 03:00:00.000,L2FT01-FTJ028,15.19,0.000,0.666012,16605,0.435592,0.055345,0,0,1,1.0200,坪山区,23,23,0,0,0,0,1
2023-09-05,589179428,20190000000000000003,900200000000000030,1,105.285,470.727,49556.000,2023-09-05 03:15:00.000,L2FT01-FTJ028,15.19,0.000,0.666012,16605,0.435592,0.055345,0,0,1,1.0200,坪山区,23,23,0,0,0,0,1
2023-09-05,589179428,20190000000000000003,900200000000000030,1,82.329,470.507,38734.000,2023-09-05 03:30:00.000,L2FT01-FTJ028,15.19,0.000,0.666012,16605,0.435592,0.055345,0,0,1,1.0200,坪山区,23,23,0,0,0,0,1
2023-09-05,589179428,20190000000000000003,900200000000000043,1,71.729,310.177,22246.923,2023-09-05 03:30:00.000,L2FT01-FTJ028,15.19,0.000,0.666012,16605,0.435592,0.055345,0,0,1,1.0200,坪山区,23,23,0,0,0,0,1
2023-09-05,589179428,20190000000000000003,900200000000000030,1,36.523,469.850,17161.667,2023-09-05 03:45:00.000,L2FT01-FTJ028,15.19,0.000,0.666012,16605,0.435592,0.055345,0,0,1,1.0200,坪山区,23,23,0,0,0,0,1
2023-09-05,589179428,20190000000000000003,900200000000000037,1,96.520,461.525,45732.500,2023-09-05 03:45:00.000,L2FT01-FTJ028,15.19,0.000,0.666012,16605,0.435592,0.055345,0,0,1,1.0200,坪山区,23,23,0,0,0,0,1
2023-09-05,589179428,20190000000000000003,900200000000000043,1,71.690,311.260,22314.000,2023-09-05 03:45:00.000,L2FT01-FTJ028,15.19,0.000,0.666012,16605,0.435592,0.055345,0,0,1,1.0200,坪山区,23,23,0,0,0,0,1
2023-09-05,589179428,20190000000000000003,900200000000000037,1,118.610,476.973,56576.000,2023-09-05 04:00:00.000,L2FT01-FTJ028,15.67,0.000,0.666012,16605,0.435592,0.055345,0,0,1,1.0200,坪山区,23,23,0,0,0,0,1
2023-09-05,589179428,20190000000000000003,900200000000000043,1,71.690,311.820,22352.667,2023-09-05 04:00:00.000,L2FT01-FTJ028,15.67,0.000,0.666012,16605,0.435592,0.055345,0,0,1,1.0200,坪山区,23,23,0,0,0,0,1
2023-09-05,589179428,20190000000000000003,900200000000000043,1,68.697,315.914,21661.429,2023-09-05 04:15:00.000,L2FT01-FTJ028,15.67,0.000,0.666012,16605,0.435592,0.055345,0,0,1,1.0200,坪山区,23,23,0,0,0,0,1
2023-09-05,589179428,20190000000000000003,900200000000000037,1,118.590,477.073,56576.667,2023-09-05 04:15:00.000,L2FT01-FTJ028,15.67,0.000,0.666012,16605,0.435592,0.055345,0,0,1,1.0200,坪山区,23,23,0,0,0,0,1
2023-09-05,589179428,20190000000000000003,900200000000000037,1,118.597,477.180,56591.333,2023-09-05 04:30:00.000,L2FT01-FTJ028,15.67,0.000,0.666012,16605,0.435592,0.055345,0,0,1,1.0200,坪山区,23,23,0,0,0,0,1
2023-09-05,589179428,20190000000000000003,900200000000000043,1,52.634,452.629,24955.000,2023-09-05 04:30:00.000,L2FT01-FTJ028,15.67,0.000,0.666012,16605,0.435592,0.055345,0,0,1,1.0200,坪山区,23,23,0,0,0,0,1
2023-09-05,589179428,20190000000000000003,900200000000000037,1,113.204,477.087,54010.667,2023-09-05 04:45:00.000,L2FT01-FTJ028,15.67,0.000,0.666012,16605,0.435592,0.055345,0,0,1,1.0200,坪山区,23,23,0,0,0,0,1
2023-09-05,589179428,20190000000000000003,900200000000000043,1,63.297,475.327,30086.000,2023-09-05 04:45:00.000,L2FT01-FTJ028,15.67,0.000,0.666012,16605,0.435592,0.055345,0,0,1,1.0200,坪山区,23,23,0,0,0,0,1
2023-09-05,589179428,20190000000000000003,900200000000000057,1,115.606,463.100,54622.500,2023-09-05 04:45:00.000,L2FT01-FTJ028,15.67,0.000,0.666012,16605,0.435592,0.055345,0,0,1,1.0200,坪山区,23,23,0,0,0,0,1
2023-09-05,589179428,20190000000000000003,900200000000000037,1,66.032,476.733,31486.000,2023-09-05 05:00:00.000,L2FT01-FTJ028,15.97,0.000,0.666012,16605,0.435592,0.055345,0,0,1,1.0200,坪山区,23,23,0,0,0,0,1
2023-09-05,589179428,20190000000000000003,900200000000000039,1,47.697,291.200,16386.667,2023-09-05 05:00:00.000,L2FT01-FTJ028,15.97,0.000,0.666012,16605,0.435592,0.055345,0,0,1,1.0200,坪山区,23,23,0,0,0,0,1
2023-09-05,589179428,20190000000000000003,900200000000000043,1,63.290,475.360,30085.333,2023-09-05 05:00:00.000,L2FT01-FTJ028,15.97,0.000,0.666012,16605,0.435592,0.055345,0,0,1,1.0200,坪山区,23,23,0,0,0,0,1
2023-09-05,589179428,20190000000000000003,900200000000000057,1,147.350,474.833,69968.000,2023-09-05 05:00:00.000,L2FT01-FTJ028,15.97,0.000,0.666012,16605,0.435592,0.055345,0,0,1,1.0200,坪山区,23,23,0,0,0,0,1
2023-09-05,589179428,20190000000000000003,900200000000000057,1,143.085,475.220,67996.000,2023-09-05 05:15:00.000,L2FT01-FTJ028,15.97,0.000,0.666012,16605,0.435592,0.055345,0,0,1,1.0200,坪山区,23,23,0,0,0,0,1
2023-09-05,589179428,20190000000000000003,900200000000000037,1,23.840,475.850,11340.000,2023-09-05 05:15:00.000,L2FT01-FTJ028,15.97,0.000,0.666012,16605,0.435592,0.055345,0,0,1,1.0200,坪山区,23,23,0,0,0,0,1
2023-09-05,589179428,20190000000000000003,900200000000000039,1,71.412,348.613,24893.333,2023-09-05 05:15:00.000,L2FT01-FTJ028,15.97,0.000,0.666012,16605,0.435592,0.055345,0,0,1,1.0200,坪山区,23,23,0,0,0,0,1
2023-09-05,589179428,20190000000000000003,900200000000000043,1,63.290,475.427,30088.667,2023-09-05 05:15:00.000,L2FT01-FTJ028,15.97,0.000,0.666012,16605,0.435592,0.055345,0,0,1,1.0200,坪山区,23,23,0,0,0,0,1
2023-09-05,589179428,20190000000000000003,900200000000000057,1,97.429,475.113,46290.667,2023-09-05 05:30:00.000,L2FT01-FTJ028,15.97,0.000,0.666012,16605,0.435592,0.055345,0,0,1,1.0200,坪山区,23,23,0,0,0,0,1
2023-09-05,589179428,20190000000000000003,900200000000000047,1,49.466,461.718,23438.182,2023-09-05 05:30:00.000,L2FT01-FTJ028,15.97,0.000,0.666012,16605,0.435592,0.055345,0,0,1,1.0200,坪山区,23,23,0,0,0,0,1
2023-09-05,589179428,20190000000000000003,900200000000000039,1,71.390,351.087,25061.333,2023-09-05 05:30:00.000,L2FT01-FTJ028,15.97,0.000,0.666012,16605,0.435592,0.055345,0,0,1,1.0200,坪山区,23,23,0,0,0,0,1
2023-09-05,589179428,20190000000000000003,900200000000000043,1,63.303,475.293,30088.667,2023-09-05 05:30:00.000,L2FT01-FTJ028,15.97,0.000,0.666012,16605,0.435592,0.055345,0,0,1,1.0200,坪山区,23,23,0,0,0,0,1
2023-09-05,589179428,20190000000000000003,900200000000000039,1,71.390,351.580,25097.333,2023-09-05 05:45:00.000,L2FT01-FTJ028,15.97,0.000,0.666012,16605,0.435592,0.055345,0,0,1,1.0200,坪山区,23,23,0,0,0,0,1
2023-09-05,589179428,20190000000000000003,900200000000000043,1,63.290,475.340,30084.000,2023-09-05 05:45:00.000,L2FT01-FTJ028,15.97,0.000,0.666012,16605,0.435592,0.055345,0,0,1,1.0200,坪山区,23,23,0,0,0,0,1
2023-09-05,589179428,20190000000000000003,900200000000000047,1,63.000,476.567,30016.000,2023-09-05 05:45:00.000,L2FT01-FTJ028,15.97,0.000,0.666012,16605,0.435592,0.055345,0,0,1,1.0200,坪山区,23,23,0,0,0,0,1
2023-09-05,589179428,20190000000000000003,900200000000000057,1,56.379,474.863,26782.500,2023-09-05 05:45:00.000,L2FT01-FTJ028,15.97,0.000,0.666012,16605,0.435592,0.055345,0,0,1,1.0200,坪山区,23,23,0,0,0,0,1
2023-09-05,589179428,20190000000000000003,900200000000000039,1,71.390,353.453,25230.667,2023-09-05 06:00:00.000,L2FT01-FTJ028,16.07,0.000,0.666012,16605,0.435592,0.055345,0,0,1,1.0200,坪山区,23,23,0,0,0,0,1
2023-09-05,589179428,20190000000000000003,900200000000000043,1,63.290,475.407,30088.000,2023-09-05 06:00:00.000,L2FT01-FTJ028,16.07,0.000,0.666012,16605,0.435592,0.055345,0,0,1,1.0200,坪山区,23,23,0,0,0,0,1
2023-09-05,589179428,20190000000000000003,900200000000000047,1,62.978,476.700,30018.667,2023-09-05 06:00:00.000,L2FT01-FTJ028,16.07,0.000,0.666012,16605,0.435592,0.055345,0,0,1,1.0200,坪山区,23,23,0,0,0,0,1
2023-09-05,589179428,20190000000000000003,900200000000000039,1,71.397,354.847,25332.667,2023-09-05 06:15:00.000,L2FT01-FTJ028,16.07,0.000,0.666012,16605,0.435592,0.055345,0,0,1,1.0200,坪山区,23,23,0,0,0,0,1
2023-09-05,589179428,20190000000000000003,900200000000000047,1,62.978,476.627,30013.333,2023-09-05 06:15:00.000,L2FT01-FTJ028,16.07,0.000,0.666012,16605,0.435592,0.055345,0,0,1,1.0200,坪山区,23,23,0,0,0,0,1
2023-09-05,589179428,20190000000000000003,900200000000000039,1,63.404,358.779,22713.571,2023-09-05 06:30:00.000,L2FT01-FTJ028,16.07,0.000,0.666012,16605,0.435592,0.055345,0,0,1,1.0200,坪山区,23,23,0,0,0,0,1
2023-09-05,589179428,20190000000000000003,900200000000000047,1,63.000,476.620,30022.000,2023-09-05 06:30:00.000,L2FT01-FTJ028,16.07,0.000,0.666012,16605,0.435592,0.055345,0,0,1,1.0200,坪山区,23,23,0,0,0,0,1
2023-09-05,589179428,20190000000000000003,900200000000000048,1,58.990,392.750,23175.000,2023-09-05 06:45:00.000,L2FT01-FTJ028,16.07,0.000,0.666012,16605,0.435592,0.055345,0,0,1,1.0200,坪山区,23,23,0,0,0,0,1
2023-09-05,589179428,20190000000000000003,900200000000000047,1,62.993,476.700,30026.000,2023-09-05 06:45:00.000,L2FT01-FTJ028,16.07,0.000,0.666012,16605,0.435592,0.055345,0,0,1,1.0200,坪山区,23,23,0,0,0,0,1
2023-09-05,589179428,20190000000000000003,900200000000000047,1,58.326,476.723,27805.385,2023-09-05 07:00:00.000,L2FT01-FTJ028,15.97,0.000,0.666012,16605,0.435592,0.055345,0,0,1,1.0200,坪山区,23,23,0,0,0,0,1
2023-09-05,589179428,20190000000000000003,900200000000000048,1,80.051,399.453,31984.667,2023-09-05 07:00:00.000,L2FT01-FTJ028,15.97,0.000,0.666012,16605,0.435592,0.055345,0,0,1,1.0200,坪山区,23,23,0,0,0,0,1
2023-09-05,589179428,20190000000000000003,900200000000000049,1,57.385,462.087,26806.667,2023-09-05 07:00:00.000,L2FT01-FTJ028,15.97,0.000,0.666012,16605,0.435592,0.055345,0,0,1,1.0200,坪山区,23,23,0,0,0,0,1
2023-09-05,589179428,20190000000000000003,900200000000000038,1,130.035,423.633,55671.333,2023-09-05 07:15:00.000,L2FT01-FTJ028,15.97,0.000,0.666012,16605,0.435592,0.055345,0,0,1,1.0200,坪山区,23,23,0,0,0,0,1
2023-09-05,589179428,20190000000000000003,900200000000000048,1,83.090,409.700,34042.667,2023-09-05 07:15:00.000,L2FT01-FTJ028,15.97,0.000,0.666012,16605,0.435592,0.055345,0,0,1,1.0200,坪山区,23,23,0,0,0,0,1
2023-09-05,589179428,20190000000000000003,900200000000000049,1,63.054,469.800,29620.000,2023-09-05 07:15:00.000,L2FT01-FTJ028,15.97,0.000,0.666012,16605,0.435592,0.055345,0,0,1,1.0200,坪山区,23,23,0,0,0,0,1
2023-09-05,589179428,20190000000000000003,900200000000000038,1,104.603,428.180,44794.000,2023-09-05 07:30:00.000,L2FT01-FTJ028,15.97,0.000,0.666012,16605,0.435592,0.055345,0,0,1,1.0200,坪山区,23,23,0,0,0,0,1
2023-09-05,589179428,20190000000000000003,900200000000000048,1,71.820,421.580,30253.000,2023-09-05 07:30:00.000,L2FT01-FTJ028,15.97,0.000,0.666012,16605,0.435592,0.055345,0,0,1,1.0200,坪山区,23,23,0,0,0,0,1
2023-09-05,589179428,20190000000000000003,900200000000000049,1,63.078,469.800,29633.333,2023-09-05 07:30:00.000,L2FT01-FTJ028,15.97,0.000,0.666012,16605,0.435592,0.055345,0,0,1,1.0200,坪山区,23,23,0,0,0,0,1
2023-09-05,589179428,20190000000000000003,900200000000000038,1,78.192,428.740,33536.000,2023-09-05 07:45:00.000,L2FT01-FTJ028,15.97,0.000,0.666012,16605,0.435592,0.055345,0,0,1,1.0200,坪山区,23,23,0,0,0,0,1
2023-09-05,589179428,20190000000000000003,900200000000000049,1,50.177,469.660,23569.333,2023-09-05 07:45:00.000,L2FT01-FTJ028,15.97,0.000,0.666012,16605,0.435592,0.055345,0,0,1,1.0200,坪山区,23,23,0,0,0,0,1
2023-09-05,589179428,20190000000000000003,900200000000000038,1,47.571,434.133,20624.444,2023-09-05 08:00:00.000,L2FT01-FTJ028,15.67,0.000,0.666012,16605,0.435592,0.055345,0,0,1,1.0200,坪山区,23,23,0,0,0,0,1
2023-09-05,589179428,20190000000000000003,900200000000000056,1,139.146,366.000,51031.429,2023-09-05 09:00:00.000,L2FT01-FTJ028,15.19,0.000,0.666012,16605,0.435592,0.055345,0,0,1,1.0200,坪山区,23,23,0,0,0,0,1
2023-09-05,589179428,20190000000000000003,900200000000000056,1,149.949,369.680,55431.333,2023-09-05 09:15:00.000,L2FT01-FTJ028,15.19,0.000,0.666012,16605,0.435592,0.055345,0,0,1,1.0200,坪山区,23,23,0,0,0,0,1
2023-09-05,589179428,20190000000000000003,900200000000000056,1,147.725,372.320,54998.000,2023-09-05 09:30:00.000,L2FT01-FTJ028,15.19,0.000,0.666012,16605,0.435592,0.055345,0,0,1,1.0200,坪山区,23,23,0,0,0,0,1
2023-09-05,589179428,20190000000000000003,900200000000000056,1,84.173,371.260,31270.667,2023-09-05 09:45:00.000,L2FT01-FTJ028,15.19,0.000,0.666012,16605,0.435592,0.055345,0,0,1,1.0200,坪山区,23,23,0,0,0,0,1
2023-09-05,589179428,20190000000000000003,900200000000000056,1,22.347,369.729,8260.000,2023-09-05 10:00:00.000,L2FT01-FTJ028,14.57,0.000,0.666012,16605,0.435592,0.055345,0,0,1,1.0200,坪山区,23,23,0,0,0,0,1
2023-09-05,589179428,20190000000000000003,900200000000000039,1,110.000,345.000,37950.000,2023-09-05 11:45:00.000,L2FT01-FTJ028,13.85,0.000,0.666012,16605,0.435592,0.055345,0,0,1,1.0200,坪山区,23,23,0,0,0,0,1
2023-09-05,589179428,20190000000000000003,900200000000000057,1,82.732,344.810,28783.000,2023-09-05 11:45:00.000,L2FT01-FTJ028,13.85,0.000,0.666012,16605,0.435592,0.055345,0,0,1,1.0200,坪山区,23,23,0,0,0,0,1
2023-09-05,589179428,20190000000000000003,900200000000000043,1,60.971,360.007,22040.667,2023-09-05 12:00:00.000,L2FT01-FTJ028,13.07,0.000,0.666012,16605,0.435592,0.055345,0,0,1,1.0200,坪山区,23,23,0,0,0,0,1
2023-09-05,589179428,20190000000000000003,900200000000000057,1,107.830,359.613,38720.000,2023-09-05 12:00:00.000,L2FT01-FTJ028,13.07,0.000,0.666012,16605,0.435592,0.055345,0,0,1,1.0200,坪山区,23,23,0,0,0,0,1
2023-09-05,589179428,20190000000000000003,900200000000000043,1,71.690,371.482,26630.909,2023-09-05 12:15:00.000,L2FT01-FTJ028,13.07,0.000,0.666012,16605,0.435592,0.055345,0,0,1,1.0200,坪山区,23,23,0,0,0,0,1
2023-09-05,589179428,20190000000000000003,900200000000000057,1,82.913,373.140,30918.667,2023-09-05 12:15:00.000,L2FT01-FTJ028,13.07,0.000,0.666012,16605,0.435592,0.055345,0,0,1,1.0200,坪山区,23,23,0,0,0,0,1
2023-09-05,589179428,20190000000000000003,900200000000000043,1,66.576,297.743,20412.857,2023-09-05 12:30:00.000,L2FT01-FTJ028,13.07,0.000,0.666012,16605,0.435592,0.055345,0,0,1,1.0200,坪山区,23,23,0,0,0,0,1
2023-09-05,589179428,20190000000000000003,900200000000000057,1,54.890,382.540,20991.333,2023-09-05 12:30:00.000,L2FT01-FTJ028,13.07,0.000,0.666012,16605,0.435592,0.055345,0,0,1,1.0200,坪山区,23,23,0,0,0,0,1
2023-09-05,589179428,20190000000000000003,900200000000000057,1,25.270,387.413,9787.333,2023-09-05 12:45:00.000,L2FT01-FTJ028,13.07,0.000,0.666012,16605,0.435592,0.055345,0,0,1,1.0200,坪山区,23,23,0,0,0,0,1
2023-09-05,589179428,20190000000000000003,900200000000000043,1,71.690,307.700,22060.000,2023-09-05 12:45:00.000,L2FT01-FTJ028,13.07,0.000,0.666012,16605,0.435592,0.055345,0,0,1,1.0200,坪山区,23,23,0,0,0,0,1
2023-09-05,589179428,20190000000000000003,900200000000000037,1,29.860,423.467,12053.333,2023-09-05 12:45:00.000,L2FT01-FTJ028,13.07,0.000,0.666012,16605,0.435592,0.055345,0,0,1,1.0200,坪山区,23,23,0,0,0,0,1
2023-09-05,589179428,20190000000000000003,900200000000000037,1,44.790,406.127,18188.000,2023-09-05 13:00:00.000,L2FT01-FTJ028,12.30,0.000,0.666012,16605,0.435592,0.055345,0,0,1,1.0200,坪山区,23,23,0,0,0,0,1
2023-09-05,589179428,20190000000000000003,900200000000000057,1,15.590,388.420,6054.000,2023-09-05 13:00:00.000,L2FT01-FTJ028,12.30,0.000,0.666012,16605,0.435592,0.055345,0,0,1,1.0200,坪山区,23,23,0,0,0,0,1
2023-09-05,589179428,20190000000000000003,900200000000000035,1,84.363,358.667,29850.000,2023-09-05 13:15:00.000,L2FT01-FTJ028,12.30,0.000,0.666012,16605,0.435592,0.055345,0,0,1,1.0200,坪山区,23,23,0,0,0,0,1
2023-09-05,589179428,20190000000000000003,900200000000000037,1,44.790,409.180,18326.667,2023-09-05 13:15:00.000,L2FT01-FTJ028,12.30,0.000,0.666012,16605,0.435592,0.055345,0,0,1,1.0200,坪山区,23,23,0,0,0,0,1
2023-09-05,589179428,20190000000000000003,900200000000000032,1,52.817,453.029,25107.857,2023-09-05 13:30:00.000,L2FT01-FTJ028,12.30,0.000,0.666012,16605,0.435592,0.055345,0,0,1,1.0200,坪山区,23,23,0,0,0,0,1
2023-09-05,589179428,20190000000000000003,900200000000000035,1,97.649,356.244,34783.333,2023-09-05 13:30:00.000,L2FT01-FTJ028,12.30,0.000,0.666012,16605,0.435592,0.055345,0,0,1,1.0200,坪山区,23,23,0,0,0,0,1
2023-09-05,589179428,20190000000000000003,900200000000000037,1,39.383,411.373,16214.667,2023-09-05 13:30:00.000,L2FT01-FTJ028,12.30,0.000,0.666012,16605,0.435592,0.055345,0,0,1,1.0200,坪山区,23,23,0,0,0,0,1
2023-09-05,589179428,20190000000000000003,900200000000000032,1,63.000,476.100,29990.000,2023-09-05 13:45:00.000,L2FT01-FTJ028,12.30,0.000,0.666012,16605,0.435592,0.055345,0,0,1,1.0200,坪山区,23,23,0,0,0,0,1
2023-09-05,589179428,20190000000000000003,900200000000000037,1,20.730,410.113,8503.333,2023-09-05 13:45:00.000,L2FT01-FTJ028,12.30,0.000,0.666012,16605,0.435592,0.055345,0,0,1,1.0200,坪山区,23,23,0,0,0,0,1
2023-09-05,589179428,20190000000000000003,900200000000000037,1,13.790,412.050,5680.000,2023-09-05 14:00:00.000,L2FT01-FTJ028,11.57,0.000,0.666012,16605,0.435592,0.055345,0,0,1,1.0200,坪山区,23,23,0,0,0,0,1
2023-09-05,589179428,20190000000000000003,900200000000000042,1,113.626,345.680,39072.667,2023-09-05 14:00:00.000,L2FT01-FTJ028,11.57,0.000,0.666012,16605,0.435592,0.055345,0,0,1,1.0200,坪山区,23,23,0,0,0,0,1
2023-09-05,589179428,20190000000000000003,900200000000000042,1,101.648,345.907,35166.000,2023-09-05 14:15:00.000,L2FT01-FTJ028,11.57,0.000,0.666012,16605,0.435592,0.055345,0,0,1,1.0200,坪山区,23,23,0,0,0,0,1
2023-09-05,589179428,20190000000000000003,900200000000000056,1,61.195,324.000,18955.000,2023-09-05 14:30:00.000,L2FT01-FTJ028,11.57,0.000,0.666012,16605,0.435592,0.055345,0,0,1,1.0200,坪山区,23,23,0,0,0,0,1
2023-09-05,589179428,20190000000000000003,900200000000000042,1,46.891,344.269,16155.385,2023-09-05 14:30:00.000,L2FT01-FTJ028,11.57,0.000,0.666012,16605,0.435592,0.055345,0,0,1,1.0200,坪山区,23,23,0,0,0,0,1
2023-09-05,589179428,20190000000000000003,900200000000000030,1,113.158,309.700,35041.667,2023-09-05 15:15:00.000,L2FT01-FTJ028,10.95,0.000,0.666012,16605,0.435592,0.055345,0,0,1,1.0200,坪山区,23,23,0,0,0,0,1
2023-09-05,589179428,20190000000000000003,900200000000000030,1,113.000,310.680,35102.000,2023-09-05 15:30:00.000,L2FT01-FTJ028,10.95,0.000,0.666012,16605,0.435592,0.055345,0,0,1,1.0200,坪山区,23,23,0,0,0,0,1
2023-09-05,589179428,20190000000000000003,900200000000000030,1,119.726,311.753,37325.333,2023-09-05 15:45:00.000,L2FT01-FTJ028,10.95,0.000,0.666012,16605,0.435592,0.055345,0,0,1,1.0200,坪山区,23,23,0,0,0,0,1
2023-09-05,589179428,20190000000000000003,900200000000000030,1,129.824,314.920,40880.000,2023-09-05 16:00:00.000,L2FT01-FTJ028,10.47,0.000,0.666012,16605,0.435592,0.055345,0,0,1,1.0200,坪山区,23,23,0,0,0,0,1
2023-09-05,589179428,20190000000000000003,900200000000000030,1,123.872,321.440,39807.000,2023-09-05 16:15:00.000,L2FT01-FTJ028,10.47,0.000,0.666012,16605,0.435592,0.055345,0,0,1,1.0200,坪山区,23,23,0,0,0,0,1
2023-09-05,589179428,20190000000000000003,900200000000000030,1,99.890,322.700,32230.000,2023-09-05 16:45:00.000,L2FT01-FTJ028,10.47,0.000,0.666012,16605,0.435592,0.055345,0,0,1,1.0200,坪山区,23,23,0,0,0,0,1
2023-09-05,589179428,20190000000000000003,900200000000000030,1,71.390,302.900,21620.000,2023-09-05 17:00:00.000,L2FT01-FTJ028,10.17,0.000,0.666012,16605,0.435592,0.055345,0,0,1,1.0200,坪山区,23,23,0,0,0,0,1
2023-09-05,589179428,20190000000000000003,900200000000000042,1,105.690,310.800,32850.000,2023-09-05 17:00:00.000,L2FT01-FTJ028,10.17,0.000,0.666012,16605,0.435592,0.055345,0,0,1,1.0200,坪山区,23,23,0,0,0,0,1
2023-09-05,589179428,20190000000000000003,900200000000000037,1,71.268,353.177,25166.923,2023-09-05 17:15:00.000,L2FT01-FTJ028,10.17,0.000,0.666012,16605,0.435592,0.055345,0,0,1,1.0200,坪山区,23,23,0,0,0,0,1
2023-09-05,589179428,20190000000000000003,900200000000000042,1,105.500,313.807,33102.000,2023-09-05 17:15:00.000,L2FT01-FTJ028,10.17,0.000,0.666012,16605,0.435592,0.055345,0,0,1,1.0200,坪山区,23,23,0,0,0,0,1
2023-09-05,589179428,20190000000000000003,900200000000000044,0,0.000,342.700,0.000,2023-09-05 17:15:00.000,L2FT01-FTJ028,10.17,0.000,0.666012,16605,0.435592,0.055345,0,0,1,1.0200,坪山区,23,23,0,0,0,0,1
2023-09-05,589179428,20190000000000000003,900200000000000042,1,105.500,316.467,33380.000,2023-09-05 17:30:00.000,L2FT01-FTJ028,10.17,0.000,0.666012,16605,0.435592,0.055345,0,0,1,1.0200,坪山区,23,23,0,0,0,0,1
2023-09-05,589179428,20190000000000000003,900200000000000037,1,68.817,355.260,24446.667,2023-09-05 17:30:00.000,L2FT01-FTJ028,10.17,0.000,0.666012,16605,0.435592,0.055345,0,0,1,1.0200,坪山区,23,23,0,0,0,0,1
2023-09-05,589179428,20190000000000000003,900200000000000034,1,164.849,312.018,51431.818,2023-09-05 17:45:00.000,L2FT01-FTJ028,10.17,0.000,0.666012,16605,0.435592,0.055345,0,0,1,1.0200,坪山区,23,23,0,0,0,0,1
2023-09-05,589179428,20190000000000000003,900200000000000037,1,56.605,355.900,20144.000,2023-09-05 17:45:00.000,L2FT01-FTJ028,10.17,0.000,0.666012,16605,0.435592,0.055345,0,0,1,1.0200,坪山区,23,23,0,0,0,0,1
2023-09-05,589179428,20190000000000000003,900200000000000034,1,157.758,313.627,49484.667,2023-09-05 18:00:00.000,L2FT01-FTJ028,10.07,0.000,0.666012,16605,0.435592,0.055345,0,0,1,1.0200,坪山区,23,23,0,0,0,0,1
2023-09-05,589179428,20190000000000000003,900200000000000037,1,26.873,355.117,9540.000,2023-09-05 18:00:00.000,L2FT01-FTJ028,10.07,0.000,0.666012,16605,0.435592,0.055345,0,0,1,1.0200,坪山区,23,23,0,0,0,0,1
2023-09-05,589179428,20190000000000000003,900200000000000037,1,83.083,372.636,31127.857,2023-09-05 18:15:00.000,L2FT01-FTJ028,10.07,0.000,0.666012,16605,0.435592,0.055345,0,0,1,1.0200,坪山区,23,23,0,0,0,0,1
2023-09-05,589179428,20190000000000000003,900200000000000048,1,44.550,360.260,16062.000,2023-09-05 18:15:00.000,L2FT01-FTJ028,10.07,0.000,0.666012,16605,0.435592,0.055345,0,0,1,1.0200,坪山区,23,23,0,0,0,0,1
2023-09-05,589179428,20190000000000000003,900200000000000037,1,61.937,384.967,23820.667,2023-09-05 18:30:00.000,L2FT01-FTJ028,10.07,0.000,0.666012,16605,0.435592,0.055345,0,0,1,1.0200,坪山区,23,23,0,0,0,0,1
2023-09-05,589179428,20190000000000000003,900200000000000037,1,25.655,387.643,9942.857,2023-09-05 18:45:00.000,L2FT01-FTJ028,10.07,0.000,0.666012,16605,0.435592,0.055345,0,0,1,1.0200,坪山区,23,23,0,0,0,0,1
2023-09-05,589179428,20190000000000000003,900200000000000057,1,89.746,400.113,35942.000,2023-09-05 19:15:00.000,L2FT01-FTJ028,10.17,0.000,0.666012,16605,0.435592,0.055345,0,0,1,1.0200,坪山区,23,23,0,0,0,0,1
2023-09-05,589179428,20190000000000000003,900200000000000057,1,104.039,412.860,42958.000,2023-09-05 19:30:00.000,L2FT01-FTJ028,10.17,0.000,0.666012,16605,0.435592,0.055345,0,0,1,1.0200,坪山区,23,23,0,0,0,0,1
2023-09-05,589179428,20190000000000000003,900200000000000057,1,59.897,425.747,25482.000,2023-09-05 19:45:00.000,L2FT01-FTJ028,10.17,0.000,0.666012,16605,0.435592,0.055345,0,0,1,1.0200,坪山区,23,23,0,0,0,0,1
2023-09-05,589179428,20190000000000000003,900200000000000057,1,32.832,429.660,14106.000,2023-09-05 20:00:00.000,L2FT01-FTJ028,10.47,0.000,0.666012,16605,0.435592,0.055345,0,0,1,1.0200,坪山区,23,23,0,0,0,0,1
2023-09-05,589179428,20190000000000000003,900200000000000038,1,145.802,351.073,51474.667,2023-09-05 20:00:00.000,L2FT01-FTJ028,10.47,0.000,0.666012,16605,0.435592,0.055345,0,0,1,1.0200,坪山区,23,23,0,0,0,0,1
2023-09-05,589179428,20190000000000000003,900200000000000038,1,116.401,353.253,41145.333,2023-09-05 20:15:00.000,L2FT01-FTJ028,10.47,0.000,0.666012,16605,0.435592,0.055345,0,0,1,1.0200,坪山区,23,23,0,0,0,0,1
2023-09-05,589179428,20190000000000000003,900200000000000035,1,8.571,349.829,2991.429,2023-09-05 20:30:00.000,L2FT01-FTJ028,10.47,0.000,0.666012,16605,0.435592,0.055345,0,0,1,1.0200,坪山区,23,23,0,0,0,0,1
2023-09-05,589179428,20190000000000000003,900200000000000038,1,49.702,351.780,17474.667,2023-09-05 20:30:00.000,L2FT01-FTJ028,10.47,0.000,0.666012,16605,0.435592,0.055345,0,0,1,1.0200,坪山区,23,23,0,0,0,0,1
2023-09-05,589179428,20190000000000000003,900200000000000035,1,10.006,349.300,3492.000,2023-09-05 20:45:00.000,L2FT01-FTJ028,10.47,0.000,0.666012,16605,0.435592,0.055345,0,0,1,1.0200,坪山区,23,23,0,0,0,0,1
2023-09-05,589179428,20190000000000000003,900200000000000038,1,21.050,354.940,7470.000,2023-09-05 20:45:00.000,L2FT01-FTJ028,10.47,0.000,0.666012,16605,0.435592,0.055345,0,0,1,1.0200,坪山区,23,23,0,0,0,0,1
2023-09-05,589179428,20190000000000000003,900200000000000035,1,9.692,348.920,3380.000,2023-09-05 21:00:00.000,L2FT01-FTJ028,10.95,0.000,0.666012,16605,0.435592,0.055345,0,0,1,1.0200,坪山区,23,23,0,0,0,0,1
2023-09-05,589179428,20190000000000000003,900200000000000035,1,9.911,349.340,3459.333,2023-09-05 21:15:00.000,L2FT01-FTJ028,10.95,0.000,0.666012,16605,0.435592,0.055345,0,0,1,1.0200,坪山区,23,23,0,0,0,0,1
2023-09-05,589179428,20190000000000000003,900200000000000035,1,7.956,349.393,2776.000,2023-09-05 21:30:00.000,L2FT01-FTJ028,10.95,0.000,0.666012,16605,0.435592,0.055345,0,0,1,1.0200,坪山区,23,23,0,0,0,0,1
2023-09-05,589179428,20190000000000000003,900200000000000035,0,0.000,349.600,0.000,2023-09-05 21:45:00.000,L2FT01-FTJ028,10.95,0.000,0.666012,16605,0.435592,0.055345,0,0,1,1.0200,坪山区,23,23,0,0,0,0,1
2023-09-05,589179428,20190000000000000003,900200000000000056,1,98.152,350.960,34446.000,2023-09-05 22:30:00.000,L2FT01-FTJ028,11.57,0.000,0.666012,16605,0.435592,0.055345,0,0,1,1.0200,坪山区,23,23,0,0,0,0,1
2023-09-05,589179428,20190000000000000003,900200000000000056,1,94.649,353.780,33480.667,2023-09-05 22:45:00.000,L2FT01-FTJ028,11.57,0.000,0.666012,16605,0.435592,0.055345,0,0,1,1.0200,坪山区,23,23,0,0,0,0,1
2023-09-06,589179428,20190000000000000003,900200000000000038,1,105.054,306.825,32291.250,2023-09-06 00:00:00.000,L2FT01-FTJ028,13.07,0.000,0.666012,16605,0.435592,0.055345,0,0,1,1.0200,坪山区,23,23,0,0,0,0,1
2023-09-06,589179428,20190000000000000003,900200000000000038,1,115.000,309.500,35588.000,2023-09-06 00:15:00.000,L2FT01-FTJ028,13.07,0.000,0.666012,16605,0.435592,0.055345,0,0,1,1.0200,坪山区,23,23,0,0,0,0,1
2023-09-06,589179428,20190000000000000003,900200000000000038,1,110.403,309.900,34211.333,2023-09-06 00:30:00.000,L2FT01-FTJ028,13.07,0.000,0.666012,16605,0.435592,0.055345,0,0,1,1.0200,坪山区,23,23,0,0,0,0,1
2023-09-06,589179428,20190000000000000003,900200000000000038,1,105.090,311.067,32688.667,2023-09-06 00:45:00.000,L2FT01-FTJ028,13.07,0.000,0.666012,16605,0.435592,0.055345,0,0,1,1.0200,坪山区,23,23,0,0,0,0,1
2023-09-06,589179428,20190000000000000003,900200000000000038,1,105.072,312.913,32875.333,2023-09-06 01:00:00.000,L2FT01-FTJ028,13.85,0.000,0.666012,16605,0.435592,0.055345,0,0,1,1.0200,坪山区,23,23,0,0,0,0,1
2023-09-06,589179428,20190000000000000003,900200000000000038,1,105.030,313.940,32968.667,2023-09-06 01:15:00.000,L2FT01-FTJ028,13.85,0.000,0.666012,16605,0.435592,0.055345,0,0,1,1.0200,坪山区,23,23,0,0,0,0,1
2023-09-06,589179428,20190000000000000003,900200000000000030,1,129.800,304.300,39495.000,2023-09-06 01:30:00.000,L2FT01-FTJ028,13.85,0.000,0.666012,16605,0.435592,0.055345,0,0,1,1.0200,坪山区,23,23,0,0,0,0,1
2023-09-06,589179428,20190000000000000003,900200000000000038,1,89.012,319.173,28301.818,2023-09-06 01:30:00.000,L2FT01-FTJ028,13.85,0.000,0.666012,16605,0.435592,0.055345,0,0,1,1.0200,坪山区,23,23,0,0,0,0,1
2023-09-06,589179428,20190000000000000003,900200000000000030,1,129.890,308.840,40113.333,2023-09-06 01:45:00.000,L2FT01-FTJ028,13.85,0.000,0.666012,16605,0.435592,0.055345,0,0,1,1.0200,坪山区,23,23,0,0,0,0,1
2023-09-06,589179428,20190000000000000003,900200000000000030,1,129.852,311.253,40414.000,2023-09-06 02:00:00.000,L2FT01-FTJ028,14.57,0.000,0.666012,16605,0.435592,0.055345,0,0,1,1.0200,坪山区,23,23,0,0,0,0,1
2023-09-06,589179428,20190000000000000003,900200000000000032,1,55.895,453.440,26580.000,2023-09-06 02:00:00.000,L2FT01-FTJ028,14.57,0.000,0.666012,16605,0.435592,0.055345,0,0,1,1.0200,坪山区,23,23,0,0,0,0,1
2023-09-06,589179428,20190000000000000003,900200000000000030,1,129.805,312.353,40540.667,2023-09-06 02:15:00.000,L2FT01-FTJ028,14.57,0.000,0.666012,16605,0.435592,0.055345,0,0,1,1.0200,坪山区,23,23,0,0,0,0,1
2023-09-06,589179428,20190000000000000003,900200000000000032,1,62.890,476.293,29952.667,2023-09-06 02:15:00.000,L2FT01-FTJ028,14.57,0.000,0.666012,16605,0.435592,0.055345,0,0,1,1.0200,坪山区,23,23,0,0,0,0,1
2023-09-06,589179428,20190000000000000003,900200000000000032,1,62.890,476.393,29960.000,2023-09-06 02:30:00.000,L2FT01-FTJ028,14.57,0.000,0.666012,16605,0.435592,0.055345,0,0,1,1.0200,坪山区,23,23,0,0,0,0,1
2023-09-06,589179428,20190000000000000003,900200000000000047,1,47.560,250.167,14453.333,2023-09-06 02:30:00.000,L2FT01-FTJ028,14.57,0.000,0.666012,16605,0.435592,0.055345,0,0,1,1.0200,坪山区,23,23,0,0,0,0,1
2023-09-06,589179428,20190000000000000003,900200000000000030,1,129.800,314.180,40775.333,2023-09-06 02:30:00.000,L2FT01-FTJ028,14.57,0.000,0.666012,16605,0.435592,0.055345,0,0,1,1.0200,坪山区,23,23,0,0,0,0,1
2023-09-06,589179428,20190000000000000003,900200000000000030,1,129.800,315.213,40908.667,2023-09-06 02:45:00.000,L2FT01-FTJ028,14.57,0.000,0.666012,16605,0.435592,0.055345,0,0,1,1.0200,坪山区,23,23,0,0,0,0,1
2023-09-06,589179428,20190000000000000003,900200000000000032,1,62.912,476.360,29967.333,2023-09-06 02:45:00.000,L2FT01-FTJ028,14.57,0.000,0.666012,16605,0.435592,0.055345,0,0,1,1.0200,坪山区,23,23,0,0,0,0,1
2023-09-06,589179428,20190000000000000003,900200000000000047,1,71.499,306.133,21884.000,2023-09-06 02:45:00.000,L2FT01-FTJ028,14.57,0.000,0.666012,16605,0.435592,0.055345,0,0,1,1.0200,坪山区,23,23,0,0,0,0,1
2023-09-06,589179428,20190000000000000003,900200000000000030,1,129.800,317.680,41229.333,2023-09-06 03:00:00.000,L2FT01-FTJ028,15.19,0.000,0.666012,16605,0.435592,0.055345,0,0,1,1.0200,坪山区,23,23,0,0,0,0,1
2023-09-06,589179428,20190000000000000003,900200000000000032,1,62.883,476.493,29962.667,2023-09-06 03:00:00.000,L2FT01-FTJ028,15.19,0.000,0.666012,16605,0.435592,0.055345,0,0,1,1.0200,坪山区,23,23,0,0,0,0,1
2023-09-06,589179428,20190000000000000003,900200000000000047,1,71.500,307.840,22004.667,2023-09-06 03:00:00.000,L2FT01-FTJ028,15.19,0.000,0.666012,16605,0.435592,0.055345,0,0,1,1.0200,坪山区,23,23,0,0,0,0,1
2023-09-06,589179428,20190000000000000003,900200000000000032,1,62.870,476.673,29968.000,2023-09-06 03:15:00.000,L2FT01-FTJ028,15.19,0.000,0.666012,16605,0.435592,0.055345,0,0,1,1.0200,坪山区,23,23,0,0,0,0,1
2023-09-06,589179428,20190000000000000003,900200000000000047,1,71.500,308.300,22040.000,2023-09-06 03:15:00.000,L2FT01-FTJ028,15.19,0.000,0.666012,16605,0.435592,0.055345,0,0,1,1.0200,坪山区,23,23,0,0,0,0,1
2023-09-06,589179428,20190000000000000003,900200000000000032,1,32.840,476.350,15645.000,2023-09-06 03:30:00.000,L2FT01-FTJ028,15.19,0.000,0.666012,16605,0.435592,0.055345,0,0,1,1.0200,坪山区,23,23,0,0,0,0,1
2023-09-06,589179428,20190000000000000003,900200000000000047,1,71.500,308.673,22064.000,2023-09-06 03:30:00.000,L2FT01-FTJ028,15.19,0.000,0.666012,16605,0.435592,0.055345,0,0,1,1.0200,坪山区,23,23,0,0,0,0,1
2023-09-06,589179428,20190000000000000003,900200000000000047,1,71.506,309.293,22112.000,2023-09-06 03:45:00.000,L2FT01-FTJ028,15.19,0.000,0.666012,16605,0.435592,0.055345,0,0,1,1.0200,坪山区,23,23,0,0,0,0,1
2023-09-06,589179428,20190000000000000003,900200000000000047,1,71.500,310.347,22184.667,2023-09-06 04:00:00.000,L2FT01-FTJ028,15.67,0.000,0.666012,16605,0.435592,0.055345,0,0,1,1.0200,坪山区,23,23,0,0,0,0,1
2023-09-06,589179428,20190000000000000003,900200000000000047,1,71.506,311.713,22284.667,2023-09-06 04:15:00.000,L2FT01-FTJ028,15.67,0.000,0.666012,16605,0.435592,0.055345,0,0,1,1.0200,坪山区,23,23,0,0,0,0,1
2023-09-06,589179428,20190000000000000003,900200000000000047,1,71.518,312.380,22335.333,2023-09-06 04:30:00.000,L2FT01-FTJ028,15.67,0.000,0.666012,16605,0.435592,0.055345,0,0,1,1.0200,坪山区,23,23,0,0,0,0,1
2023-09-06,589179428,20190000000000000003,900200000000000057,1,129.826,309.529,40180.000,2023-09-06 04:30:00.000,L2FT01-FTJ028,15.67,0.000,0.666012,16605,0.435592,0.055345,0,0,1,1.0200,坪山区,23,23,0,0,0,0,1
2023-09-06,589179428,20190000000000000003,900200000000000057,1,129.866,310.800,40358.667,2023-09-06 04:45:00.000,L2FT01-FTJ028,15.67,0.000,0.666012,16605,0.435592,0.055345,0,0,1,1.0200,坪山区,23,23,0,0,0,0,1
2023-09-06,589179428,20190000000000000003,900200000000000047,1,71.506,312.653,22352.000,2023-09-06 04:45:00.000,L2FT01-FTJ028,15.67,0.000,0.666012,16605,0.435592,0.055345,0,0,1,1.0200,坪山区,23,23,0,0,0,0,1
2023-09-06,589179428,20190000000000000003,900200000000000057,1,129.848,311.993,40508.667,2023-09-06 05:00:00.000,L2FT01-FTJ028,15.97,0.000,0.666012,16605,0.435592,0.055345,0,0,1,1.0200,坪山区,23,23,0,0,0,0,1
2023-09-06,589179428,20190000000000000003,900200000000000047,1,71.500,313.180,22387.333,2023-09-06 05:00:00.000,L2FT01-FTJ028,15.97,0.000,0.666012,16605,0.435592,0.055345,0,0,1,1.0200,坪山区,23,23,0,0,0,0,1
2023-09-06,589179428,20190000000000000003,900200000000000047,1,71.500,314.640,22491.333,2023-09-06 05:15:00.000,L2FT01-FTJ028,15.97,0.000,0.666012,16605,0.435592,0.055345,0,0,1,1.0200,坪山区,23,23,0,0,0,0,1
2023-09-06,589179428,20190000000000000003,900200000000000057,1,129.872,314.007,40778.667,2023-09-06 05:15:00.000,L2FT01-FTJ028,15.97,0.000,0.666012,16605,0.435592,0.055345,0,0,1,1.0200,坪山区,23,23,0,0,0,0,1
2023-09-06,589179428,20190000000000000003,900200000000000047,1,53.409,325.557,17291.429,2023-09-06 05:30:00.000,L2FT01-FTJ028,15.97,0.000,0.666012,16605,0.435592,0.055345,0,0,1,1.0200,坪山区,23,23,0,0,0,0,1
2023-09-06,589179428,20190000000000000003,900200000000000057,1,129.812,315.100,40898.667,2023-09-06 05:30:00.000,L2FT01-FTJ028,15.97,0.000,0.666012,16605,0.435592,0.055345,0,0,1,1.0200,坪山区,23,23,0,0,0,0,1
2023-09-06,589179428,20190000000000000003,900200000000000042,1,6.000,349.000,2090.000,2023-09-06 05:45:00.000,L2FT01-FTJ028,15.97,0.000,0.666012,16605,0.435592,0.055345,0,0,1,1.0200,坪山区,23,23,0,0,0,0,1
2023-09-06,589179428,20190000000000000003,900200000000000057,1,109.163,319.227,34741.333,2023-09-06 05:45:00.000,L2FT01-FTJ028,15.97,0.000,0.666012,16605,0.435592,0.055345,0,0,1,1.0200,坪山区,23,23,0,0,0,0,1
2023-09-06,589179428,20190000000000000003,900200000000000042,1,71.890,355.000,25520.000,2023-09-06 06:00:00.000,L2FT01-FTJ028,16.07,0.000,0.666012,16605,0.435592,0.055345,0,0,1,1.0200,坪山区,23,23,0,0,0,0,1
2023-09-06,589179428,20190000000000000003,900200000000000057,1,29.890,331.250,9900.000,2023-09-06 06:00:00.000,L2FT01-FTJ028,16.07,0.000,0.666012,16605,0.435592,0.055345,0,0,1,1.0200,坪山区,23,23,0,0,0,0,1
2023-09-06,589179428,20190000000000000003,900200000000000043,0,0.000,188.100,0.000,2023-09-06 06:45:00.000,L2FT01-FTJ028,16.07,0.000,0.666012,16605,0.435592,0.055345,0,0,1,1.0200,坪山区,23,23,0,0,0,0,1
2023-09-06,589179428,20190000000000000003,900200000000000043,1,148.092,471.840,70348.667,2023-09-06 07:00:00.000,L2FT01-FTJ028,15.97,0.000,0.666012,16605,0.435592,0.055345,0,0,1,1.0200,坪山区,23,23,0,0,0,0,1
2023-09-06,589179428,20190000000000000003,900200000000000043,1,157.684,475.587,74993.333,2023-09-06 07:15:00.000,L2FT01-FTJ028,15.97,0.000,0.666012,16605,0.435592,0.055345,0,0,1,1.0200,坪山区,23,23,0,0,0,0,1
2023-09-06,589179428,20190000000000000003,900200000000000043,1,136.217,475.253,64746.667,2023-09-06 07:30:00.000,L2FT01-FTJ028,15.97,0.000,0.666012,16605,0.435592,0.055345,0,0,1,1.0200,坪山区,23,23,0,0,0,0,1
2023-09-06,589179428,20190000000000000003,900200000000000043,1,95.558,475.009,45390.000,2023-09-06 07:45:00.000,L2FT01-FTJ028,15.97,0.000,0.666012,16605,0.435592,0.055345,0,0,1,1.0200,坪山区,23,23,0,0,0,0,1
2023-09-06,589179428,20190000000000000003,900200000000000031,1,48.487,322.213,15819.333,2023-09-06 07:45:00.000,L2FT01-FTJ028,15.97,0.000,0.666012,16605,0.435592,0.055345,0,0,1,1.0200,坪山区,23,23,0,0,0,0,1
2023-09-06,589179428,20190000000000000003,900200000000000031,1,28.571,326.880,9331.333,2023-09-06 08:00:00.000,L2FT01-FTJ028,15.67,0.000,0.666012,16605,0.435592,0.055345,0,0,1,1.0200,坪山区,23,23,0,0,0,0,1
2023-09-06,589179428,20190000000000000003,900200000000000031,1,13.590,343.500,4670.000,2023-09-06 08:15:00.000,L2FT01-FTJ028,15.67,0.000,0.666012,16605,0.435592,0.055345,0,0,1,1.0200,坪山区,23,23,0,0,0,0,1
2023-09-06,589179428,20190000000000000003,900200000000000039,1,128.026,369.571,47301.429,2023-09-06 08:45:00.000,L2FT01-FTJ028,15.67,0.000,0.666012,16605,0.435592,0.055345,0,0,1,1.0200,坪山区,23,23,0,0,0,0,1
2023-09-06,589179428,20190000000000000003,900200000000000039,1,107.446,383.060,41082.667,2023-09-06 09:00:00.000,L2FT01-FTJ028,15.19,0.000,0.666012,16605,0.435592,0.055345,0,0,1,1.0200,坪山区,23,23,0,0,0,0,1
2023-09-06,589179428,20190000000000000003,900200000000000039,1,73.121,402.173,29368.000,2023-09-06 09:15:00.000,L2FT01-FTJ028,15.19,0.000,0.666012,16605,0.435592,0.055345,0,0,1,1.0200,坪山区,23,23,0,0,0,0,1
2023-09-06,589179428,20190000000000000003,900200000000000039,1,52.772,414.709,21885.455,2023-09-06 09:30:00.000,L2FT01-FTJ028,15.19,0.000,0.666012,16605,0.435592,0.055345,0,0,1,1.0200,坪山区,23,23,0,0,0,0,1
2023-09-06,589179428,20190000000000000003,900200000000000049,1,67.381,490.764,33067.273,2023-09-06 09:30:00.000,L2FT01-FTJ028,15.19,0.000,0.666012,16605,0.435592,0.055345,0,0,1,1.0200,坪山区,23,23,0,0,0,0,1
2023-09-06,589179428,20190000000000000003,900200000000000049,1,13.270,489.020,6488.667,2023-09-06 09:45:00.000,L2FT01-FTJ028,15.19,0.000,0.666012,16605,0.435592,0.055345,0,0,1,1.0200,坪山区,23,23,0,0,0,0,1
2023-09-06,589179428,20190000000000000003,900200000000000034,1,130.500,308.200,40220.000,2023-09-06 12:00:00.000,L2FT01-FTJ028,13.07,0.000,0.666012,16605,0.435592,0.055345,0,0,1,1.0200,坪山区,23,23,0,0,0,0,1
2023-09-06,589179428,20190000000000000003,900200000000000037,1,105.312,423.808,44740.769,2023-09-06 12:00:00.000,L2FT01-FTJ028,13.07,0.000,0.666012,16605,0.435592,0.055345,0,0,1,1.0200,坪山区,23,23,0,0,0,0,1
2023-09-06,589179428,20190000000000000003,900200000000000034,1,129.812,312.553,40568.667,2023-09-06 12:15:00.000,L2FT01-FTJ028,13.07,0.000,0.666012,16605,0.435592,0.055345,0,0,1,1.0200,坪山区,23,23,0,0,0,0,1
2023-09-06,589179428,20190000000000000003,900200000000000037,1,85.371,442.613,37707.333,2023-09-06 12:15:00.000,L2FT01-FTJ028,13.07,0.000,0.666012,16605,0.435592,0.055345,0,0,1,1.0200,坪山区,23,23,0,0,0,0,1
2023-09-06,589179428,20190000000000000003,900200000000000037,1,37.790,446.600,16875.000,2023-09-06 12:30:00.000,L2FT01-FTJ028,13.07,0.000,0.666012,16605,0.435592,0.055345,0,0,1,1.0200,坪山区,23,23,0,0,0,0,1
2023-09-06,589179428,20190000000000000003,900200000000000034,1,129.800,315.120,40897.333,2023-09-06 12:30:00.000,L2FT01-FTJ028,13.07,0.000,0.666012,16605,0.435592,0.055345,0,0,1,1.0200,坪山区,23,23,0,0,0,0,1
2023-09-06,589179428,20190000000000000003,900200000000000031,1,200.935,314.312,63150.000,2023-09-06 12:45:00.000,L2FT01-FTJ028,13.07,0.000,0.666012,16605,0.435592,0.055345,0,0,1,1.0200,坪山区,23,23,0,0,0,0,1
2023-09-06,589179428,20190000000000000003,900200000000000034,1,94.096,321.543,30148.571,2023-09-06 12:45:00.000,L2FT01-FTJ028,13.07,0.000,0.666012,16605,0.435592,0.055345,0,0,1,1.0200,坪山区,23,23,0,0,0,0,1
2023-09-06,589179428,20190000000000000003,900200000000000031,1,202.043,316.400,63922.667,2023-09-06 13:00:00.000,L2FT01-FTJ028,12.30,0.000,0.666012,16605,0.435592,0.055345,0,0,1,1.0200,坪山区,23,23,0,0,0,0,1
2023-09-06,589179428,20190000000000000003,900200000000000030,1,71.550,351.831,25170.000,2023-09-06 13:15:00.000,L2FT01-FTJ028,12.30,0.000,0.666012,16605,0.435592,0.055345,0,0,1,1.0200,坪山区,23,23,0,0,0,0,1
2023-09-06,589179428,20190000000000000003,900200000000000031,1,153.213,317.300,48737.778,2023-09-06 13:15:00.000,L2FT01-FTJ028,12.30,0.000,0.666012,16605,0.435592,0.055345,0,0,1,1.0200,坪山区,23,23,0,0,0,0,1
2023-09-06,589179428,20190000000000000003,900200000000000030,1,71.500,353.300,25255.000,2023-09-06 13:30:00.000,L2FT01-FTJ028,12.30,0.000,0.666012,16605,0.435592,0.055345,0,0,1,1.0200,坪山区,23,23,0,0,0,0,1
2023-09-06,589179428,20190000000000000003,900200000000000057,1,121.818,330.445,39938.182,2023-09-06 15:45:00.000,L2FT01-FTJ028,10.95,0.000,0.666012,16605,0.435592,0.055345,0,0,1,1.0200,坪山区,23,23,0,0,0,0,1
2023-09-06,589179428,20190000000000000003,900200000000000057,1,133.985,330.047,44217.333,2023-09-06 16:00:00.000,L2FT01-FTJ028,10.47,0.000,0.666012,16605,0.435592,0.055345,0,0,1,1.0200,坪山区,23,23,0,0,0,0,1
2023-09-06,589179428,20190000000000000003,900200000000000057,1,133.984,332.771,44581.429,2023-09-06 16:15:00.000,L2FT01-FTJ028,10.47,0.000,0.666012,16605,0.435592,0.055345,0,0,1,1.0200,坪山区,23,23,0,0,0,0,1
2023-09-06,589179428,20190000000000000003,900200000000000030,1,98.120,415.071,40741.429,2023-09-06 17:00:00.000,L2FT01-FTJ028,10.17,0.000,0.666012,16605,0.435592,0.055345,0,0,1,1.0200,坪山区,23,23,0,0,0,0,1
2023-09-06,589179428,20190000000000000003,900200000000000057,1,74.724,376.000,28207.333,2023-09-06 17:15:00.000,L2FT01-FTJ028,10.17,0.000,0.666012,16605,0.435592,0.055345,0,0,1,1.0200,坪山区,23,23,0,0,0,0,1
2023-09-06,589179428,20190000000000000003,900200000000000030,1,102.302,425.020,43484.667,2023-09-06 17:15:00.000,L2FT01-FTJ028,10.17,0.000,0.666012,16605,0.435592,0.055345,0,0,1,1.0200,坪山区,23,23,0,0,0,0,1
2023-09-06,589179428,20190000000000000003,900200000000000057,1,43.690,385.767,16850.000,2023-09-06 17:30:00.000,L2FT01-FTJ028,10.17,0.000,0.666012,16605,0.435592,0.055345,0,0,1,1.0200,坪山区,23,23,0,0,0,0,1
2023-09-06,589179428,20190000000000000003,900200000000000030,1,91.355,441.200,40259.167,2023-09-06 17:30:00.000,L2FT01-FTJ028,10.17,0.000,0.666012,16605,0.435592,0.055345,0,0,1,1.0200,坪山区,23,23,0,0,0,0,1
2023-09-06,589179428,20190000000000000003,900200000000000057,1,24.530,387.167,9493.333,2023-09-06 17:45:00.000,L2FT01-FTJ028,10.17,0.000,0.666012,16605,0.435592,0.055345,0,0,1,1.0200,坪山区,23,23,0,0,0,0,1
2023-09-06,589179428,20190000000000000003,900200000000000032,1,38.190,356.550,13700.000,2023-09-06 18:45:00.000,L2FT01-FTJ028,10.07,0.000,0.666012,16605,0.435592,0.055345,0,0,1,1.0200,坪山区,23,23,0,0,0,0,1
2023-09-06,589179428,20190000000000000003,900200000000000052,1,114.518,407.585,46817.692,2023-09-06 18:45:00.000,L2FT01-FTJ028,10.07,0.000,0.666012,16605,0.435592,0.055345,0,0,1,1.0200,坪山区,23,23,0,0,0,0,1
2023-09-06,589179428,20190000000000000003,900200000000000057,1,109.858,345.580,37962.000,2023-09-06 18:45:00.000,L2FT01-FTJ028,10.07,0.000,0.666012,16605,0.435592,0.055345,0,0,1,1.0200,坪山区,23,23,0,0,0,0,1
2023-09-06,589179428,20190000000000000003,900200000000000052,1,115.350,429.340,49450.000,2023-09-06 19:00:00.000,L2FT01-FTJ028,10.17,0.000,0.666012,16605,0.435592,0.055345,0,0,1,1.0200,坪山区,23,23,0,0,0,0,1
2023-09-06,589179428,20190000000000000003,900200000000000057,1,109.806,347.893,38196.000,2023-09-06 19:00:00.000,L2FT01-FTJ028,10.17,0.000,0.666012,16605,0.435592,0.055345,0,0,1,1.0200,坪山区,23,23,0,0,0,0,1
2023-09-06,589179428,20190000000000000003,900200000000000052,1,44.855,440.487,19739.333,2023-09-06 19:15:00.000,L2FT01-FTJ028,10.17,0.000,0.666012,16605,0.435592,0.055345,0,0,1,1.0200,坪山区,23,23,0,0,0,0,1
2023-09-06,589179428,20190000000000000003,900200000000000057,1,99.145,351.740,34828.667,2023-09-06 19:15:00.000,L2FT01-FTJ028,10.17,0.000,0.666012,16605,0.435592,0.055345,0,0,1,1.0200,坪山区,23,23,0,0,0,0,1
2023-09-06,589179428,20190000000000000003,900200000000000052,1,35.000,444.600,15560.000,2023-09-06 19:30:00.000,L2FT01-FTJ028,10.17,0.000,0.666012,16605,0.435592,0.055345,0,0,1,1.0200,坪山区,23,23,0,0,0,0,1
2023-09-06,589179428,20190000000000000003,900200000000000057,1,14.956,354.420,5298.000,2023-09-06 19:30:00.000,L2FT01-FTJ028,10.17,0.000,0.666012,16605,0.435592,0.055345,0,0,1,1.0200,坪山区,23,23,0,0,0,0,1
2023-09-06,589179428,20190000000000000003,900200000000000038,1,39.616,407.760,16176.000,2023-09-06 19:45:00.000,L2FT01-FTJ028,10.17,0.000,0.666012,16605,0.435592,0.055345,0,0,1,1.0200,坪山区,23,23,0,0,0,0,1
2023-09-06,589179428,20190000000000000003,900200000000000038,1,22.549,407.200,9182.000,2023-09-06 20:00:00.000,L2FT01-FTJ028,10.47,0.000,0.666012,16605,0.435592,0.055345,0,0,1,1.0200,坪山区,23,23,0,0,0,0,1
2023-09-06,589179428,20190000000000000003,900200000000000038,1,15.155,409.550,6200.833,2023-09-06 20:15:00.000,L2FT01-FTJ028,10.47,0.000,0.666012,16605,0.435592,0.055345,0,0,1,1.0200,坪山区,23,23,0,0,0,0,1
2023-09-06,589179428,20190000000000000003,900200000000000038,1,61.052,350.360,21456.000,2023-09-06 20:30:00.000,L2FT01-FTJ028,10.47,0.000,0.666012,16605,0.435592,0.055345,0,0,1,1.0200,坪山区,23,23,0,0,0,0,1
2023-09-06,589179428,20190000000000000003,900200000000000038,1,71.143,355.660,25302.000,2023-09-06 20:45:00.000,L2FT01-FTJ028,10.47,0.000,0.666012,16605,0.435592,0.055345,0,0,1,1.0200,坪山区,23,23,0,0,0,0,1
2023-09-06,589179428,20190000000000000003,900200000000000038,1,71.090,356.667,25356.667,2023-09-06 21:00:00.000,L2FT01-FTJ028,10.95,0.000,0.666012,16605,0.435592,0.055345,0,0,1,1.0200,坪山区,23,23,0,0,0,0,1
2023-09-06,589179428,20190000000000000003,900200000000000038,1,71.090,357.267,25396.000,2023-09-06 21:15:00.000,L2FT01-FTJ028,10.95,0.000,0.666012,16605,0.435592,0.055345,0,0,1,1.0200,坪山区,23,23,0,0,0,0,1
2023-09-06,589179428,20190000000000000003,900200000000000057,1,85.876,444.060,39692.000,2023-09-06 23:45:00.000,L2FT01-FTJ028,12.30,0.000,0.666012,16605,0.435592,0.055345,0,0,1,1.0200,坪山区,23,23,0,0,0,0,1
2023-09-07,589179428,20190000000000000003,900200000000000037,1,70.640,299.525,21155.000,2023-09-07 00:00:00.000,L2FT01-FTJ028,13.07,0.000,0.666012,16605,0.435592,0.055345,0,0,1,1.0200,坪山区,23,23,0,0,0,0,1
2023-09-07,589179428,20190000000000000003,900200000000000037,1,70.723,302.180,21369.333,2023-09-07 00:15:00.000,L2FT01-FTJ028,13.07,0.000,0.666012,16605,0.435592,0.055345,0,0,1,1.0200,坪山区,23,23,0,0,0,0,1
2023-09-07,589179428,20190000000000000003,900200000000000037,1,71.119,305.880,21750.667,2023-09-07 00:30:00.000,L2FT01-FTJ028,13.07,0.000,0.666012,16605,0.435592,0.055345,0,0,1,1.0200,坪山区,23,23,0,0,0,0,1
2023-09-07,589179428,20190000000000000003,900200000000000037,1,71.190,308.193,21937.333,2023-09-07 00:45:00.000,L2FT01-FTJ028,13.07,0.000,0.666012,16605,0.435592,0.055345,0,0,1,1.0200,坪山区,23,23,0,0,0,0,1
2023-09-07,589179428,20190000000000000003,900200000000000037,1,71.143,308.867,21971.333,2023-09-07 01:00:00.000,L2FT01-FTJ028,13.85,0.000,0.666012,16605,0.435592,0.055345,0,0,1,1.0200,坪山区,23,23,0,0,0,0,1
2023-09-07,589179428,20190000000000000003,900200000000000037,1,71.190,309.233,22012.000,2023-09-07 01:15:00.000,L2FT01-FTJ028,13.85,0.000,0.666012,16605,0.435592,0.055345,0,0,1,1.0200,坪山区,23,23,0,0,0,0,1
2023-09-07,589179428,20190000000000000003,900200000000000037,1,71.190,309.833,22055.333,2023-09-07 01:30:00.000,L2FT01-FTJ028,13.85,0.000,0.666012,16605,0.435592,0.055345,0,0,1,1.0200,坪山区,23,23,0,0,0,0,1
2023-09-07,589179428,20190000000000000003,900200000000000037,1,71.190,310.687,22116.667,2023-09-07 01:45:00.000,L2FT01-FTJ028,13.85,0.000,0.666012,16605,0.435592,0.055345,0,0,1,1.0200,坪山区,23,23,0,0,0,0,1
2023-09-07,589179428,20190000000000000003,900200000000000037,1,71.190,311.900,22202.667,2023-09-07 02:00:00.000,L2FT01-FTJ028,14.57,0.000,0.666012,16605,0.435592,0.055345,0,0,1,1.0200,坪山区,23,23,0,0,0,0,1
2023-09-07,589179428,20190000000000000003,900200000000000037,1,71.183,312.720,22258.000,2023-09-07 02:15:00.000,L2FT01-FTJ028,14.57,0.000,0.666012,16605,0.435592,0.055345,0,0,1,1.0200,坪山区,23,23,0,0,0,0,1
2023-09-07,589179428,20190000000000000003,900200000000000037,1,71.190,313.153,22290.667,2023-09-07 02:30:00.000,L2FT01-FTJ028,14.57,0.000,0.666012,16605,0.435592,0.055345,0,0,1,1.0200,坪山区,23,23,0,0,0,0,1
2023-09-07,589179428,20190000000000000003,900200000000000037,1,71.143,314.333,22360.667,2023-09-07 02:45:00.000,L2FT01-FTJ028,14.57,0.000,0.666012,16605,0.435592,0.055345,0,0,1,1.0200,坪山区,23,23,0,0,0,0,1
2023-09-07,589179428,20190000000000000003,900200000000000037,1,50.376,323.214,16202.857,2023-09-07 03:00:00.000,L2FT01-FTJ028,15.19,0.000,0.666012,16605,0.435592,0.055345,0,0,1,1.0200,坪山区,23,23,0,0,0,0,1
2023-09-07,589179428,20190000000000000003,900200000000000034,1,194.657,307.293,59793.333,2023-09-07 03:15:00.000,L2FT01-FTJ028,15.19,0.000,0.666012,16605,0.435592,0.055345,0,0,1,1.0200,坪山区,23,23,0,0,0,0,1
2023-09-07,589179428,20190000000000000003,900200000000000034,1,148.694,310.453,46166.667,2023-09-07 03:30:00.000,L2FT01-FTJ028,15.19,0.000,0.666012,16605,0.435592,0.055345,0,0,1,1.0200,坪山区,23,23,0,0,0,0,1
2023-09-07,589179428,20190000000000000003,900200000000000034,1,143.015,311.053,44481.333,2023-09-07 03:45:00.000,L2FT01-FTJ028,15.19,0.000,0.666012,16605,0.435592,0.055345,0,0,1,1.0200,坪山区,23,23,0,0,0,0,1
2023-09-07,589179428,20190000000000000003,900200000000000034,1,143.300,312.873,44829.333,2023-09-07 04:00:00.000,L2FT01-FTJ028,15.67,0.000,0.666012,16605,0.435592,0.055345,0,0,1,1.0200,坪山区,23,23,0,0,0,0,1
2023-09-07,589179428,20190000000000000003,900200000000000034,1,141.430,314.260,44442.000,2023-09-07 04:15:00.000,L2FT01-FTJ028,15.67,0.000,0.666012,16605,0.435592,0.055345,0,0,1,1.0200,坪山区,23,23,0,0,0,0,1
2023-09-07,589179428,20190000000000000003,900200000000000034,1,140.415,316.040,44373.333,2023-09-07 04:30:00.000,L2FT01-FTJ028,15.67,0.000,0.666012,16605,0.435592,0.055345,0,0,1,1.0200,坪山区,23,23,0,0,0,0,1
2023-09-07,589179428,20190000000000000003,900200000000000034,1,67.190,325.456,21680.000,2023-09-07 04:45:00.000,L2FT01-FTJ028,15.67,0.000,0.666012,16605,0.435592,0.055345,0,0,1,1.0200,坪山区,23,23,0,0,0,0,1
2023-09-07,589179428,20190000000000000003,900200000000000052,1,72.454,350.586,25406.429,2023-09-07 06:00:00.000,L2FT01-FTJ028,16.07,0.000,0.666012,16605,0.435592,0.055345,0,0,1,1.0200,坪山区,23,23,0,0,0,0,1
2023-09-07,589179428,20190000000000000003,900200000000000052,1,73.390,351.933,25826.667,2023-09-07 06:15:00.000,L2FT01-FTJ028,16.07,0.000,0.666012,16605,0.435592,0.055345,0,0,1,1.0200,坪山区,23,23,0,0,0,0,1
2023-09-07,589179428,20190000000000000003,900200000000000052,1,73.390,353.660,25954.000,2023-09-07 06:30:00.000,L2FT01-FTJ028,16.07,0.000,0.666012,16605,0.435592,0.055345,0,0,1,1.0200,坪山区,23,23,0,0,0,0,1
2023-09-07,589179428,20190000000000000003,900200000000000052,1,58.412,353.587,20664.667,2023-09-07 06:45:00.000,L2FT01-FTJ028,16.07,0.000,0.666012,16605,0.435592,0.055345,0,0,1,1.0200,坪山区,23,23,0,0,0,0,1
2023-09-07,589179428,20190000000000000003,900200000000000052,1,55.905,354.480,19823.333,2023-09-07 07:00:00.000,L2FT01-FTJ028,15.97,0.000,0.666012,16605,0.435592,0.055345,0,0,1,1.0200,坪山区,23,23,0,0,0,0,1
2023-09-07,589179428,20190000000000000003,900200000000000052,1,25.000,351.788,8792.500,2023-09-07 07:15:00.000,L2FT01-FTJ028,15.97,0.000,0.666012,16605,0.435592,0.055345,0,0,1,1.0200,坪山区,23,23,0,0,0,0,1
2023-09-07,589179428,20190000000000000003,900200000000000052,1,108.440,392.486,42035.714,2023-09-07 08:45:00.000,L2FT01-FTJ028,15.67,0.000,0.666012,16605,0.435592,0.055345,0,0,1,1.0200,坪山区,23,23,0,0,0,0,1
2023-09-07,589179428,20190000000000000003,900200000000000052,1,77.833,395.307,30752.000,2023-09-07 09:00:00.000,L2FT01-FTJ028,15.19,0.000,0.666012,16605,0.435592,0.055345,0,0,1,1.0200,坪山区,23,23,0,0,0,0,1
2023-09-07,589179428,20190000000000000003,900200000000000052,1,58.163,402.440,23406.667,2023-09-07 09:15:00.000,L2FT01-FTJ028,15.19,0.000,0.666012,16605,0.435592,0.055345,0,0,1,1.0200,坪山区,23,23,0,0,0,0,1
2023-09-07,589179428,20190000000000000003,900200000000000052,1,58.090,407.383,23663.333,2023-09-07 09:30:00.000,L2FT01-FTJ028,15.19,0.000,0.666012,16605,0.435592,0.055345,0,0,1,1.0200,坪山区,23,23,0,0,0,0,1
2023-09-07,589179428,20190000000000000003,900200000000000047,1,38.892,388.840,15606.000,2023-09-07 11:00:00.000,L2FT01-FTJ028,13.85,0.000,0.666012,16605,0.435592,0.055345,0,0,1,1.0200,坪山区,23,23,0,0,0,0,1
2023-09-07,589179428,20190000000000000003,900200000000000047,1,33.936,406.100,13776.154,2023-09-07 11:15:00.000,L2FT01-FTJ028,13.85,0.000,0.666012,16605,0.435592,0.055345,0,0,1,1.0200,坪山区,23,23,0,0,0,0,1
2023-09-07,589179428,20190000000000000003,900200000000000034,1,83.919,352.618,29590.909,2023-09-07 11:30:00.000,L2FT01-FTJ028,13.85,0.000,0.666012,16605,0.435592,0.055345,0,0,1,1.0200,坪山区,23,23,0,0,0,0,1
2023-09-07,589179428,20190000000000000003,900200000000000034,1,83.797,353.907,29655.333,2023-09-07 11:45:00.000,L2FT01-FTJ028,13.85,0.000,0.666012,16605,0.435592,0.055345,0,0,1,1.0200,坪山区,23,23,0,0,0,0,1
2023-09-07,589179428,20190000000000000003,900200000000000034,1,73.846,355.067,26224.000,2023-09-07 12:00:00.000,L2FT01-FTJ028,13.07,0.000,0.666012,16605,0.435592,0.055345,0,0,1,1.0200,坪山区,23,23,0,0,0,0,1
2023-09-07,589179428,20190000000000000003,900200000000000038,1,58.607,390.250,22868.333,2023-09-07 12:00:00.000,L2FT01-FTJ028,13.07,0.000,0.666012,16605,0.435592,0.055345,0,0,1,1.0200,坪山区,23,23,0,0,0,0,1
2023-09-07,589179428,20190000000000000003,900200000000000038,1,58.078,391.933,22761.333,2023-09-07 12:15:00.000,L2FT01-FTJ028,13.07,0.000,0.666012,16605,0.435592,0.055345,0,0,1,1.0200,坪山区,23,23,0,0,0,0,1
2023-09-07,589179428,20190000000000000003,900200000000000034,1,47.912,354.527,16994.000,2023-09-07 12:15:00.000,L2FT01-FTJ028,13.07,0.000,0.666012,16605,0.435592,0.055345,0,0,1,1.0200,坪山区,23,23,0,0,0,0,1
2023-09-07,589179428,20190000000000000003,900200000000000034,1,24.990,354.867,8866.667,2023-09-07 12:30:00.000,L2FT01-FTJ028,13.07,0.000,0.666012,16605,0.435592,0.055345,0,0,1,1.0200,坪山区,23,23,0,0,0,0,1
2023-09-07,589179428,20190000000000000003,900200000000000038,1,42.536,392.436,16693.571,2023-09-07 12:30:00.000,L2FT01-FTJ028,13.07,0.000,0.666012,16605,0.435592,0.055345,0,0,1,1.0200,坪山区,23,23,0,0,0,0,1
2023-09-07,589179428,20190000000000000003,900200000000000048,1,101.427,437.150,45250.000,2023-09-07 12:45:00.000,L2FT01-FTJ028,13.07,0.000,0.666012,16605,0.435592,0.055345,0,0,1,1.0200,坪山区,23,23,0,0,0,0,1
2023-09-07,589179428,20190000000000000003,900200000000000042,1,99.695,461.130,47445.000,2023-09-07 13:00:00.000,L2FT01-FTJ028,12.30,0.000,0.666012,16605,0.435592,0.055345,0,0,1,1.0200,坪山区,23,23,0,0,0,0,1
2023-09-07,589179428,20190000000000000003,900200000000000048,1,116.048,452.027,52452.667,2023-09-07 13:00:00.000,L2FT01-FTJ028,12.30,0.000,0.666012,16605,0.435592,0.055345,0,0,1,1.0200,坪山区,23,23,0,0,0,0,1
2023-09-07,589179428,20190000000000000003,900200000000000042,1,84.795,476.633,40412.667,2023-09-07 13:15:00.000,L2FT01-FTJ028,12.30,0.000,0.666012,16605,0.435592,0.055345,0,0,1,1.0200,坪山区,23,23,0,0,0,0,1
2023-09-07,589179428,20190000000000000003,900200000000000048,1,117.819,455.073,53624.000,2023-09-07 13:15:00.000,L2FT01-FTJ028,12.30,0.000,0.666012,16605,0.435592,0.055345,0,0,1,1.0200,坪山区,23,23,0,0,0,0,1
2023-09-07,589179428,20190000000000000003,900200000000000042,1,64.065,476.700,30542.500,2023-09-07 13:30:00.000,L2FT01-FTJ028,12.30,0.000,0.666012,16605,0.435592,0.055345,0,0,1,1.0200,坪山区,23,23,0,0,0,0,1
2023-09-07,589179428,20190000000000000003,900200000000000048,1,105.861,457.267,48413.333,2023-09-07 13:30:00.000,L2FT01-FTJ028,12.30,0.000,0.666012,16605,0.435592,0.055345,0,0,1,1.0200,坪山区,23,23,0,0,0,0,1
2023-09-07,589179428,20190000000000000003,900200000000000048,1,68.744,454.953,31286.667,2023-09-07 13:45:00.000,L2FT01-FTJ028,12.30,0.000,0.666012,16605,0.435592,0.055345,0,0,1,1.0200,坪山区,23,23,0,0,0,0,1
2023-09-07,589179428,20190000000000000003,900200000000000048,1,33.891,463.325,15668.750,2023-09-07 14:00:00.000,L2FT01-FTJ028,11.57,0.000,0.666012,16605,0.435592,0.055345,0,0,1,1.0200,坪山区,23,23,0,0,0,0,1
2023-09-07,589179428,20190000000000000003,900200000000000039,1,64.461,363.827,23482.667,2023-09-07 15:45:00.000,L2FT01-FTJ028,10.95,0.000,0.666012,16605,0.435592,0.055345,0,0,1,1.0200,坪山区,23,23,0,0,0,0,1
2023-09-07,589179428,20190000000000000003,900200000000000039,1,66.944,371.229,24850.000,2023-09-07 16:00:00.000,L2FT01-FTJ028,10.47,0.000,0.666012,16605,0.435592,0.055345,0,0,1,1.0200,坪山区,23,23,0,0,0,0,1
2023-09-07,589179428,20190000000000000003,900200000000000030,1,113.090,312.900,35385.000,2023-09-07 16:30:00.000,L2FT01-FTJ028,10.47,0.000,0.666012,16605,0.435592,0.055345,0,0,1,1.0200,坪山区,23,23,0,0,0,0,1
2023-09-07,589179428,20190000000000000003,900200000000000030,1,113.000,314.133,35493.333,2023-09-07 16:45:00.000,L2FT01-FTJ028,10.47,0.000,0.666012,16605,0.435592,0.055345,0,0,1,1.0200,坪山区,23,23,0,0,0,0,1
2023-09-07,589179428,20190000000000000003,900200000000000030,1,113.000,315.400,35635.556,2023-09-07 17:00:00.000,L2FT01-FTJ028,10.17,0.000,0.666012,16605,0.435592,0.055345,0,0,1,1.0200,坪山区,23,23,0,0,0,0,1
2023-09-07,589179428,20190000000000000003,900200000000000043,1,95.697,303.233,29770.000,2023-09-07 17:15:00.000,L2FT01-FTJ028,10.17,0.000,0.666012,16605,0.435592,0.055345,0,0,1,1.0200,坪山区,23,23,0,0,0,0,1
2023-09-07,589179428,20190000000000000003,900200000000000043,1,143.145,313.820,44918.667,2023-09-07 17:30:00.000,L2FT01-FTJ028,10.17,0.000,0.666012,16605,0.435592,0.055345,0,0,1,1.0200,坪山区,23,23,0,0,0,0,1
2023-09-07,589179428,20190000000000000003,900200000000000043,1,143.090,315.460,45138.000,2023-09-07 17:45:00.000,L2FT01-FTJ028,10.17,0.000,0.666012,16605,0.435592,0.055345,0,0,1,1.0200,坪山区,23,23,0,0,0,0,1
2023-09-07,589179428,20190000000000000003,900200000000000030,1,60.054,350.660,21066.000,2023-09-07 19:00:00.000,L2FT01-FTJ028,10.17,0.000,0.666012,16605,0.435592,0.055345,0,0,1,1.0200,坪山区,23,23,0,0,0,0,1
2023-09-07,589179428,20190000000000000003,900200000000000044,1,121.270,374.650,45432.500,2023-09-07 20:30:00.000,L2FT01-FTJ028,10.47,0.000,0.666012,16605,0.435592,0.055345,0,0,1,1.0200,坪山区,23,23,0,0,0,0,1
2023-09-07,589179428,20190000000000000003,900200000000000049,1,87.190,402.700,35110.000,2023-09-07 20:30:00.000,L2FT01-FTJ028,10.47,0.000,0.666012,16605,0.435592,0.055345,0,0,1,1.0200,坪山区,23,23,0,0,0,0,1
2023-09-07,589179428,20190000000000000003,900200000000000048,1,22.465,330.225,7435.000,2023-09-07 20:45:00.000,L2FT01-FTJ028,10.47,0.000,0.666012,16605,0.435592,0.055345,0,0,1,1.0200,坪山区,23,23,0,0,0,0,1
2023-09-07,589179428,20190000000000000003,900200000000000049,1,99.681,412.373,41109.333,2023-09-07 20:45:00.000,L2FT01-FTJ028,10.47,0.000,0.666012,16605,0.435592,0.055345,0,0,1,1.0200,坪山区,23,23,0,0,0,0,1
2023-09-07,589179428,20190000000000000003,900200000000000037,1,129.843,312.253,40541.333,2023-09-07 21:15:00.000,L2FT01-FTJ028,10.95,0.000,0.666012,16605,0.435592,0.055345,0,0,1,1.0200,坪山区,23,23,0,0,0,0,1
2023-09-07,589179428,20190000000000000003,900200000000000037,1,129.890,314.847,40893.333,2023-09-07 21:30:00.000,L2FT01-FTJ028,10.95,0.000,0.666012,16605,0.435592,0.055345,0,0,1,1.0200,坪山区,23,23,0,0,0,0,1
2023-09-07,589179428,20190000000000000003,900200000000000037,1,129.890,315.600,40990.000,2023-09-07 21:45:00.000,L2FT01-FTJ028,10.95,0.000,0.666012,16605,0.435592,0.055345,0,0,1,1.0200,坪山区,23,23,0,0,0,0,1
2023-09-07,589179428,20190000000000000003,900200000000000036,1,74.900,452.850,35245.000,2023-09-07 21:45:00.000,L2FT01-FTJ028,10.95,0.000,0.666012,16605,0.435592,0.055345,0,0,1,1.0200,坪山区,23,23,0,0,0,0,1
2023-09-07,589179428,20190000000000000003,900200000000000056,1,59.638,395.477,24144.615,2023-09-07 23:15:00.000,L2FT01-FTJ028,12.30,0.000,0.666012,16605,0.435592,0.055345,0,0,1,1.0200,坪山区,23,23,0,0,0,0,1
2023-09-07,589179428,20190000000000000003,900200000000000056,1,65.731,415.207,27278.000,2023-09-07 23:30:00.000,L2FT01-FTJ028,12.30,0.000,0.666012,16605,0.435592,0.055345,0,0,1,1.0200,坪山区,23,23,0,0,0,0,1
2023-09-07,589179428,20190000000000000003,900200000000000056,1,61.090,420.600,25690.000,2023-09-07 23:45:00.000,L2FT01-FTJ028,12.30,0.000,0.666012,16605,0.435592,0.055345,0,0,1,1.0200,坪山区,23,23,0,0,0,0,1
2023-09-08,589179428,20190000000000000003,900200000000000038,0,0.000,314.500,0.000,2023-09-08 00:00:00.000,L2FT01-FTJ028,13.07,0.000,0.666012,16605,0.435592,0.055345,0,0,1,1.0200,坪山区,23,23,0,0,0,0,1
2023-09-08,589179428,20190000000000000003,900200000000000030,1,167.607,300.060,51592.000,2023-09-08 00:15:00.000,L2FT01-FTJ028,13.07,0.000,0.666012,16605,0.435592,0.055345,0,0,1,1.0200,坪山区,23,23,0,0,0,0,1
2023-09-08,589179428,20190000000000000003,900200000000000044,1,50.005,453.825,23731.250,2023-09-08 00:15:00.000,L2FT01-FTJ028,13.07,0.000,0.666012,16605,0.435592,0.055345,0,0,1,1.0200,坪山区,23,23,0,0,0,0,1
2023-09-08,589179428,20190000000000000003,900200000000000046,1,195.195,303.000,59145.000,2023-09-08 00:15:00.000,L2FT01-FTJ028,13.07,0.000,0.666012,16605,0.435592,0.055345,0,0,1,1.0200,坪山区,23,23,0,0,0,0,1
2023-09-08,589179428,20190000000000000003,900200000000000047,1,71.710,388.960,27892.000,2023-09-08 00:15:00.000,L2FT01-FTJ028,13.07,0.000,0.666012,16605,0.435592,0.055345,0,0,1,1.0200,坪山区,23,23,0,0,0,0,1
2023-09-08,589179428,20190000000000000003,900200000000000047,1,70.806,390.053,27616.667,2023-09-08 00:30:00.000,L2FT01-FTJ028,13.07,0.000,0.666012,16605,0.435592,0.055345,0,0,1,1.0200,坪山区,23,23,0,0,0,0,1
2023-09-08,589179428,20190000000000000003,900200000000000030,1,174.910,311.840,54540.000,2023-09-08 00:30:00.000,L2FT01-FTJ028,13.07,0.000,0.666012,16605,0.435592,0.055345,0,0,1,1.0200,坪山区,23,23,0,0,0,0,1
2023-09-08,589179428,20190000000000000003,900200000000000044,1,63.203,476.160,30094.000,2023-09-08 00:30:00.000,L2FT01-FTJ028,13.07,0.000,0.666012,16605,0.435592,0.055345,0,0,1,1.0200,坪山区,23,23,0,0,0,0,1
2023-09-08,589179428,20190000000000000003,900200000000000044,1,58.448,476.287,27836.000,2023-09-08 00:45:00.000,L2FT01-FTJ028,13.07,0.000,0.666012,16605,0.435592,0.055345,0,0,1,1.0200,坪山区,23,23,0,0,0,0,1
2023-09-08,589179428,20190000000000000003,900200000000000047,1,65.625,391.073,25662.000,2023-09-08 00:45:00.000,L2FT01-FTJ028,13.07,0.000,0.666012,16605,0.435592,0.055345,0,0,1,1.0200,坪山区,23,23,0,0,0,0,1
2023-09-08,589179428,20190000000000000003,900200000000000030,1,151.761,312.213,47378.000,2023-09-08 00:45:00.000,L2FT01-FTJ028,13.07,0.000,0.666012,16605,0.435592,0.055345,0,0,1,1.0200,坪山区,23,23,0,0,0,0,1
2023-09-08,589179428,20190000000000000003,900200000000000030,1,134.496,313.213,42122.000,2023-09-08 01:00:00.000,L2FT01-FTJ028,13.85,0.000,0.666012,16605,0.435592,0.055345,0,0,1,1.0200,坪山区,23,23,0,0,0,0,1
2023-09-08,589179428,20190000000000000003,900200000000000043,1,75.698,287.725,21075.000,2023-09-08 01:00:00.000,L2FT01-FTJ028,13.85,0.000,0.666012,16605,0.435592,0.055345,0,0,1,1.0200,坪山区,23,23,0,0,0,0,1
2023-09-08,589179428,20190000000000000003,900200000000000044,1,50.103,476.220,23856.667,2023-09-08 01:00:00.000,L2FT01-FTJ028,13.85,0.000,0.666012,16605,0.435592,0.055345,0,0,1,1.0200,坪山区,23,23,0,0,0,0,1
2023-09-08,589179428,20190000000000000003,900200000000000047,1,56.405,392.760,22152.667,2023-09-08 01:00:00.000,L2FT01-FTJ028,13.85,0.000,0.666012,16605,0.435592,0.055345,0,0,1,1.0200,坪山区,23,23,0,0,0,0,1
2023-09-08,589179428,20190000000000000003,900200000000000030,1,147.716,315.140,46584.000,2023-09-08 01:15:00.000,L2FT01-FTJ028,13.85,0.000,0.666012,16605,0.435592,0.055345,0,0,1,1.0200,坪山区,23,23,0,0,0,0,1
2023-09-08,589179428,20190000000000000003,900200000000000043,1,129.775,300.187,38952.667,2023-09-08 01:15:00.000,L2FT01-FTJ028,13.85,0.000,0.666012,16605,0.435592,0.055345,0,0,1,1.0200,坪山区,23,23,0,0,0,0,1
2023-09-08,589179428,20190000000000000003,900200000000000044,1,53.615,476.307,25536.000,2023-09-08 01:15:00.000,L2FT01-FTJ028,13.85,0.000,0.666012,16605,0.435592,0.055345,0,0,1,1.0200,坪山区,23,23,0,0,0,0,1
2023-09-08,589179428,20190000000000000003,900200000000000047,1,59.817,393.600,23552.000,2023-09-08 01:15:00.000,L2FT01-FTJ028,13.85,0.000,0.666012,16605,0.435592,0.055345,0,0,1,1.0200,坪山区,23,23,0,0,0,0,1
2023-09-08,589179428,20190000000000000003,900200000000000047,1,71.390,395.587,28240.000,2023-09-08 01:30:00.000,L2FT01-FTJ028,13.85,0.000,0.666012,16605,0.435592,0.055345,0,0,1,1.0200,坪山区,23,23,0,0,0,0,1
2023-09-08,589179428,20190000000000000003,900200000000000030,1,117.288,318.269,37333.077,2023-09-08 01:30:00.000,L2FT01-FTJ028,13.85,0.000,0.666012,16605,0.435592,0.055345,0,0,1,1.0200,坪山区,23,23,0,0,0,0,1
2023-09-08,589179428,20190000000000000003,900200000000000043,1,130.042,307.100,39932.667,2023-09-08 01:30:00.000,L2FT01-FTJ028,13.85,0.000,0.666012,16605,0.435592,0.055345,0,0,1,1.0200,坪山区,23,23,0,0,0,0,1
2023-09-08,589179428,20190000000000000003,900200000000000044,1,63.078,476.433,30053.333,2023-09-08 01:30:00.000,L2FT01-FTJ028,13.85,0.000,0.666012,16605,0.435592,0.055345,0,0,1,1.0200,坪山区,23,23,0,0,0,0,1
2023-09-08,589179428,20190000000000000003,900200000000000047,1,71.363,397.693,28380.000,2023-09-08 01:45:00.000,L2FT01-FTJ028,13.85,0.000,0.666012,16605,0.435592,0.055345,0,0,1,1.0200,坪山区,23,23,0,0,0,0,1
2023-09-08,589179428,20190000000000000003,900200000000000043,1,130.090,310.467,40386.667,2023-09-08 01:45:00.000,L2FT01-FTJ028,13.85,0.000,0.666012,16605,0.435592,0.055345,0,0,1,1.0200,坪山区,23,23,0,0,0,0,1
2023-09-08,589179428,20190000000000000003,900200000000000044,1,63.054,476.447,30039.333,2023-09-08 01:45:00.000,L2FT01-FTJ028,13.85,0.000,0.666012,16605,0.435592,0.055345,0,0,1,1.0200,坪山区,23,23,0,0,0,0,1
2023-09-08,589179428,20190000000000000003,900200000000000043,1,130.090,311.153,40476.000,2023-09-08 02:00:00.000,L2FT01-FTJ028,14.57,0.000,0.666012,16605,0.435592,0.055345,0,0,1,1.0200,坪山区,23,23,0,0,0,0,1
2023-09-08,589179428,20190000000000000003,900200000000000044,1,55.460,476.462,26426.250,2023-09-08 02:00:00.000,L2FT01-FTJ028,14.57,0.000,0.666012,16605,0.435592,0.055345,0,0,1,1.0200,坪山区,23,23,0,0,0,0,1
2023-09-08,589179428,20190000000000000003,900200000000000047,1,54.058,404.400,21815.556,2023-09-08 02:00:00.000,L2FT01-FTJ028,14.57,0.000,0.666012,16605,0.435592,0.055345,0,0,1,1.0200,坪山区,23,23,0,0,0,0,1
2023-09-08,589179428,20190000000000000003,900200000000000043,1,130.090,311.920,40576.000,2023-09-08 02:15:00.000,L2FT01-FTJ028,14.57,0.000,0.666012,16605,0.435592,0.055345,0,0,1,1.0200,坪山区,23,23,0,0,0,0,1
2023-09-08,589179428,20190000000000000003,900200000000000047,1,71.515,307.458,21983.333,2023-09-08 02:15:00.000,L2FT01-FTJ028,14.57,0.000,0.666012,16605,0.435592,0.055345,0,0,1,1.0200,坪山区,23,23,0,0,0,0,1
2023-09-08,589179428,20190000000000000003,900200000000000047,1,71.500,308.447,22050.000,2023-09-08 02:30:00.000,L2FT01-FTJ028,14.57,0.000,0.666012,16605,0.435592,0.055345,0,0,1,1.0200,坪山区,23,23,0,0,0,0,1
2023-09-08,589179428,20190000000000000003,900200000000000047,1,71.500,308.627,22061.333,2023-09-08 02:45:00.000,L2FT01-FTJ028,14.57,0.000,0.666012,16605,0.435592,0.055345,0,0,1,1.0200,坪山区,23,23,0,0,0,0,1
2023-09-08,589179428,20190000000000000003,900200000000000047,1,71.500,309.127,22098.000,2023-09-08 03:00:00.000,L2FT01-FTJ028,15.19,0.000,0.666012,16605,0.435592,0.055345,0,0,1,1.0200,坪山区,23,23,0,0,0,0,1
2023-09-08,589179428,20190000000000000003,900200000000000036,1,65.295,304.150,20175.000,2023-09-08 03:15:00.000,L2FT01-FTJ028,15.19,0.000,0.666012,16605,0.435592,0.055345,0,0,1,1.0200,坪山区,23,23,0,0,0,0,1
2023-09-08,589179428,20190000000000000003,900200000000000047,1,71.500,309.960,22156.667,2023-09-08 03:15:00.000,L2FT01-FTJ028,15.19,0.000,0.666012,16605,0.435592,0.055345,0,0,1,1.0200,坪山区,23,23,0,0,0,0,1
2023-09-08,589179428,20190000000000000003,900200000000000047,1,71.478,311.420,22254.667,2023-09-08 03:30:00.000,L2FT01-FTJ028,15.19,0.000,0.666012,16605,0.435592,0.055345,0,0,1,1.0200,坪山区,23,23,0,0,0,0,1
2023-09-08,589179428,20190000000000000003,900200000000000052,1,122.370,309.209,37834.545,2023-09-08 03:30:00.000,L2FT01-FTJ028,15.19,0.000,0.666012,16605,0.435592,0.055345,0,0,1,1.0200,坪山区,23,23,0,0,0,0,1
2023-09-08,589179428,20190000000000000003,900200000000000052,1,122.306,309.493,37846.000,2023-09-08 03:45:00.000,L2FT01-FTJ028,15.19,0.000,0.666012,16605,0.435592,0.055345,0,0,1,1.0200,坪山区,23,23,0,0,0,0,1
2023-09-08,589179428,20190000000000000003,900200000000000047,1,71.500,312.413,22332.667,2023-09-08 03:45:00.000,L2FT01-FTJ028,15.19,0.000,0.666012,16605,0.435592,0.055345,0,0,1,1.0200,坪山区,23,23,0,0,0,0,1
2023-09-08,589179428,20190000000000000003,900200000000000047,1,71.500,313.007,22374.000,2023-09-08 04:00:00.000,L2FT01-FTJ028,15.67,0.000,0.666012,16605,0.435592,0.055345,0,0,1,1.0200,坪山区,23,23,0,0,0,0,1
2023-09-08,589179428,20190000000000000003,900200000000000052,1,122.312,310.627,37988.667,2023-09-08 04:00:00.000,L2FT01-FTJ028,15.67,0.000,0.666012,16605,0.435592,0.055345,0,0,1,1.0200,坪山区,23,23,0,0,0,0,1
2023-09-08,589179428,20190000000000000003,900200000000000047,1,71.463,314.307,22457.333,2023-09-08 04:15:00.000,L2FT01-FTJ028,15.67,0.000,0.666012,16605,0.435592,0.055345,0,0,1,1.0200,坪山区,23,23,0,0,0,0,1
2023-09-08,589179428,20190000000000000003,900200000000000052,1,122.312,312.793,38253.333,2023-09-08 04:15:00.000,L2FT01-FTJ028,15.67,0.000,0.666012,16605,0.435592,0.055345,0,0,1,1.0200,坪山区,23,23,0,0,0,0,1
2023-09-08,589179428,20190000000000000003,900200000000000047,1,56.437,323.314,18161.429,2023-09-08 04:30:00.000,L2FT01-FTJ028,15.67,0.000,0.666012,16605,0.435592,0.055345,0,0,1,1.0200,坪山区,23,23,0,0,0,0,1
2023-09-08,589179428,20190000000000000003,900200000000000052,1,122.364,313.913,38407.333,2023-09-08 04:30:00.000,L2FT01-FTJ028,15.67,0.000,0.666012,16605,0.435592,0.055345,0,0,1,1.0200,坪山区,23,23,0,0,0,0,1
2023-09-08,589179428,20190000000000000003,900200000000000052,1,102.449,319.131,32534.615,2023-09-08 04:45:00.000,L2FT01-FTJ028,15.67,0.000,0.666012,16605,0.435592,0.055345,0,0,1,1.0200,坪山区,23,23,0,0,0,0,1
2023-09-08,589179428,20190000000000000003,900200000000000044,1,59.693,319.717,21118.333,2023-09-08 06:45:00.000,L2FT01-FTJ028,16.07,0.000,0.666012,16605,0.435592,0.055345,0,0,1,1.0200,坪山区,23,23,0,0,0,0,1
2023-09-08,589179428,20190000000000000003,900200000000000044,1,71.500,355.420,25407.333,2023-09-08 07:00:00.000,L2FT01-FTJ028,15.97,0.000,0.666012,16605,0.435592,0.055345,0,0,1,1.0200,坪山区,23,23,0,0,0,0,1
2023-09-08,589179428,20190000000000000003,900200000000000044,1,71.500,356.840,25508.667,2023-09-08 07:15:00.000,L2FT01-FTJ028,15.97,0.000,0.666012,16605,0.435592,0.055345,0,0,1,1.0200,坪山区,23,23,0,0,0,0,1
2023-09-08,589179428,20190000000000000003,900200000000000038,1,79.750,449.480,37154.000,2023-09-08 07:30:00.000,L2FT01-FTJ028,15.97,0.000,0.666012,16605,0.435592,0.055345,0,0,1,1.0200,坪山区,23,23,0,0,0,0,1
2023-09-08,589179428,20190000000000000003,900200000000000044,1,59.639,358.587,21377.333,2023-09-08 07:30:00.000,L2FT01-FTJ028,15.97,0.000,0.666012,16605,0.435592,0.055345,0,0,1,1.0200,坪山区,23,23,0,0,0,0,1
2023-09-08,589179428,20190000000000000003,900200000000000047,1,130.025,375.275,56417.500,2023-09-08 07:30:00.000,L2FT01-FTJ028,15.97,0.000,0.666012,16605,0.435592,0.055345,0,0,1,1.0200,坪山区,23,23,0,0,0,0,1
2023-09-08,589179428,20190000000000000003,900200000000000047,1,141.389,431.747,61113.333,2023-09-08 07:45:00.000,L2FT01-FTJ028,15.97,0.000,0.666012,16605,0.435592,0.055345,0,0,1,1.0200,坪山区,23,23,0,0,0,0,1
2023-09-08,589179428,20190000000000000003,900200000000000038,1,111.705,471.780,52701.333,2023-09-08 07:45:00.000,L2FT01-FTJ028,15.97,0.000,0.666012,16605,0.435592,0.055345,0,0,1,1.0200,坪山区,23,23,0,0,0,0,1
2023-09-08,589179428,20190000000000000003,900200000000000044,1,30.134,363.140,10930.000,2023-09-08 07:45:00.000,L2FT01-FTJ028,15.97,0.000,0.666012,16605,0.435592,0.055345,0,0,1,1.0200,坪山区,23,23,0,0,0,0,1
2023-09-08,589179428,20190000000000000003,900200000000000038,1,107.390,471.964,50686.364,2023-09-08 08:00:00.000,L2FT01-FTJ028,15.67,0.000,0.666012,16605,0.435592,0.055345,0,0,1,1.0200,坪山区,23,23,0,0,0,0,1
2023-09-08,589179428,20190000000000000003,900200000000000047,1,88.292,429.440,37956.667,2023-09-08 08:00:00.000,L2FT01-FTJ028,15.67,0.000,0.666012,16605,0.435592,0.055345,0,0,1,1.0200,坪山区,23,23,0,0,0,0,1
2023-09-08,589179428,20190000000000000003,900200000000000047,1,57.352,433.308,24788.333,2023-09-08 08:15:00.000,L2FT01-FTJ028,15.67,0.000,0.666012,16605,0.435592,0.055345,0,0,1,1.0200,坪山区,23,23,0,0,0,0,1
2023-09-08,589179428,20190000000000000003,900200000000000030,1,176.305,315.855,55773.636,2023-09-08 11:00:00.000,L2FT01-FTJ028,13.85,0.000,0.666012,16605,0.435592,0.055345,0,0,1,1.0200,坪山区,23,23,0,0,0,0,1
2023-09-08,589179428,20190000000000000003,900200000000000030,1,190.048,318.250,60477.500,2023-09-08 11:15:00.000,L2FT01-FTJ028,13.85,0.000,0.666012,16605,0.435592,0.055345,0,0,1,1.0200,坪山区,23,23,0,0,0,0,1
2023-09-08,589179428,20190000000000000003,900200000000000047,1,162.348,389.250,63305.000,2023-09-08 11:15:00.000,L2FT01-FTJ028,13.85,0.000,0.666012,16605,0.435592,0.055345,0,0,1,1.0200,坪山区,23,23,0,0,0,0,1
2023-09-08,589179428,20190000000000000003,900200000000000057,1,74.208,353.517,26481.667,2023-09-08 11:45:00.000,L2FT01-FTJ028,13.85,0.000,0.666012,16605,0.435592,0.055345,0,0,1,1.0200,坪山区,23,23,0,0,0,0,1
2023-09-08,589179428,20190000000000000003,900200000000000030,1,174.014,311.771,54247.143,2023-09-08 12:00:00.000,L2FT01-FTJ028,13.07,0.000,0.666012,16605,0.435592,0.055345,0,0,1,1.0200,坪山区,23,23,0,0,0,0,1
2023-09-08,589179428,20190000000000000003,900200000000000057,1,117.303,370.420,43384.667,2023-09-08 12:00:00.000,L2FT01-FTJ028,13.07,0.000,0.666012,16605,0.435592,0.055345,0,0,1,1.0200,坪山区,23,23,0,0,0,0,1
2023-09-08,589179428,20190000000000000003,900200000000000030,1,174.046,314.827,54789.333,2023-09-08 12:15:00.000,L2FT01-FTJ028,13.07,0.000,0.666012,16605,0.435592,0.055345,0,0,1,1.0200,坪山区,23,23,0,0,0,0,1
2023-09-08,589179428,20190000000000000003,900200000000000057,1,73.617,383.173,28179.333,2023-09-08 12:15:00.000,L2FT01-FTJ028,13.07,0.000,0.666012,16605,0.435592,0.055345,0,0,1,1.0200,坪山区,23,23,0,0,0,0,1
2023-09-08,589179428,20190000000000000003,900200000000000057,1,27.703,386.747,10714.667,2023-09-08 12:30:00.000,L2FT01-FTJ028,13.07,0.000,0.666012,16605,0.435592,0.055345,0,0,1,1.0200,坪山区,23,23,0,0,0,0,1
2023-09-08,589179428,20190000000000000003,900200000000000030,1,146.631,318.853,46618.000,2023-09-08 12:30:00.000,L2FT01-FTJ028,13.07,0.000,0.666012,16605,0.435592,0.055345,0,0,1,1.0200,坪山区,23,23,0,0,0,0,1
2023-09-08,589179428,20190000000000000003,900200000000000031,1,166.793,306.613,51976.000,2023-09-08 12:45:00.000,L2FT01-FTJ028,13.07,0.000,0.666012,16605,0.435592,0.055345,0,0,1,1.0200,坪山区,23,23,0,0,0,0,1
2023-09-08,589179428,20190000000000000003,900200000000000039,1,129.227,350.871,45485.714,2023-09-08 12:45:00.000,L2FT01-FTJ028,13.07,0.000,0.666012,16605,0.435592,0.055345,0,0,1,1.0200,坪山区,23,23,0,0,0,0,1
2023-09-08,589179428,20190000000000000003,900200000000000056,1,71.500,342.950,24515.000,2023-09-08 12:45:00.000,L2FT01-FTJ028,13.07,0.000,0.666012,16605,0.435592,0.055345,0,0,1,1.0200,坪山区,23,23,0,0,0,0,1
2023-09-08,589179428,20190000000000000003,900200000000000057,1,25.744,390.393,10049.333,2023-09-08 12:45:00.000,L2FT01-FTJ028,13.07,0.000,0.666012,16605,0.435592,0.055345,0,0,1,1.0200,坪山区,23,23,0,0,0,0,1
2023-09-08,589179428,20190000000000000003,900200000000000031,1,178.747,313.813,56088.000,2023-09-08 13:00:00.000,L2FT01-FTJ028,12.30,0.000,0.666012,16605,0.435592,0.055345,0,0,1,1.0200,坪山区,23,23,0,0,0,0,1
2023-09-08,589179428,20190000000000000003,900200000000000039,1,125.558,361.967,45416.000,2023-09-08 13:00:00.000,L2FT01-FTJ028,12.30,0.000,0.666012,16605,0.435592,0.055345,0,0,1,1.0200,坪山区,23,23,0,0,0,0,1
2023-09-08,589179428,20190000000000000003,900200000000000057,1,25.590,392.600,10050.000,2023-09-08 13:00:00.000,L2FT01-FTJ028,12.30,0.000,0.666012,16605,0.435592,0.055345,0,0,1,1.0200,坪山区,23,23,0,0,0,0,1
2023-09-08,589179428,20190000000000000003,900200000000000031,1,178.725,315.150,56320.000,2023-09-08 13:15:00.000,L2FT01-FTJ028,12.30,0.000,0.666012,16605,0.435592,0.055345,0,0,1,1.0200,坪山区,23,23,0,0,0,0,1
2023-09-08,589179428,20190000000000000003,900200000000000039,1,110.454,373.227,41220.000,2023-09-08 13:15:00.000,L2FT01-FTJ028,12.30,0.000,0.666012,16605,0.435592,0.055345,0,0,1,1.0200,坪山区,23,23,0,0,0,0,1
2023-09-08,589179428,20190000000000000003,900200000000000039,1,106.801,385.060,41120.667,2023-09-08 13:30:00.000,L2FT01-FTJ028,12.30,0.000,0.666012,16605,0.435592,0.055345,0,0,1,1.0200,坪山区,23,23,0,0,0,0,1
2023-09-08,589179428,20190000000000000003,900200000000000039,1,84.327,396.053,33373.333,2023-09-08 13:45:00.000,L2FT01-FTJ028,12.30,0.000,0.666012,16605,0.435592,0.055345,0,0,1,1.0200,坪山区,23,23,0,0,0,0,1
2023-09-08,589179428,20190000000000000003,900200000000000039,1,71.190,398.700,28380.000,2023-09-08 14:00:00.000,L2FT01-FTJ028,11.57,0.000,0.666012,16605,0.435592,0.055345,0,0,1,1.0200,坪山区,23,23,0,0,0,0,1
2023-09-08,589179428,20190000000000000003,900200000000000036,0,0.000,361.300,0.000,2023-09-08 14:45:00.000,L2FT01-FTJ028,11.57,0.000,0.666012,16605,0.435592,0.055345,0,0,1,1.0200,坪山区,23,23,0,0,0,0,1
2023-09-08,589179428,20190000000000000003,900200000000000049,0,0.000,165.200,0.000,2023-09-08 15:45:00.000,L2FT01-FTJ028,10.95,0.000,0.666012,16605,0.435592,0.055345,0,0,1,1.0200,坪山区,23,23,0,0,0,0,1
2023-09-08,589179428,20190000000000000003,900200000000000031,1,122.539,320.400,38388.571,2023-09-08 16:15:00.000,L2FT01-FTJ028,10.47,0.000,0.666012,16605,0.435592,0.055345,0,0,1,1.0200,坪山区,23,23,0,0,0,0,1
2023-09-08,589179428,20190000000000000003,900200000000000038,1,61.725,376.917,23264.167,2023-09-08 16:15:00.000,L2FT01-FTJ028,10.47,0.000,0.666012,16605,0.435592,0.055345,0,0,1,1.0200,坪山区,23,23,0,0,0,0,1
2023-09-08,589179428,20190000000000000003,900200000000000031,1,132.883,315.493,41870.000,2023-09-08 16:30:00.000,L2FT01-FTJ028,10.47,0.000,0.666012,16605,0.435592,0.055345,0,0,1,1.0200,坪山区,23,23,0,0,0,0,1
2023-09-08,589179428,20190000000000000003,900200000000000038,1,61.790,385.309,23807.273,2023-09-08 16:30:00.000,L2FT01-FTJ028,10.47,0.000,0.666012,16605,0.435592,0.055345,0,0,1,1.0200,坪山区,23,23,0,0,0,0,1
2023-09-08,589179428,20190000000000000003,900200000000000036,0,0.000,290.800,0.000,2023-09-08 17:00:00.000,L2FT01-FTJ028,10.17,0.000,0.666012,16605,0.435592,0.055345,0,0,1,1.0200,坪山区,23,23,0,0,0,0,1
2023-09-08,589179428,20190000000000000003,900200000000000030,1,107.949,304.467,33873.333,2023-09-08 17:30:00.000,L2FT01-FTJ028,10.17,0.000,0.666012,16605,0.435592,0.055345,0,0,1,1.0200,坪山区,23,23,0,0,0,0,1
2023-09-08,589179428,20190000000000000003,900200000000000037,0,0.000,221.400,0.000,2023-09-08 17:30:00.000,L2FT01-FTJ028,10.17,0.000,0.666012,16605,0.435592,0.055345,0,0,1,1.0200,坪山区,23,23,0,0,0,0,1
2023-09-08,589179428,20190000000000000003,900200000000000030,1,84.181,320.550,26769.000,2023-09-08 17:45:00.000,L2FT01-FTJ028,10.17,0.000,0.666012,16605,0.435592,0.055345,0,0,1,1.0200,坪山区,23,23,0,0,0,0,1
2023-09-08,589179428,20190000000000000003,900200000000000030,1,129.814,311.023,40370.769,2023-09-08 18:00:00.000,L2FT01-FTJ028,10.07,0.000,0.666012,16605,0.435592,0.055345,0,0,1,1.0200,坪山区,23,23,0,0,0,0,1
2023-09-08,589179428,20190000000000000003,900200000000000030,1,129.860,312.900,40630.000,2023-09-08 18:15:00.000,L2FT01-FTJ028,10.07,0.000,0.666012,16605,0.435592,0.055345,0,0,1,1.0200,坪山区,23,23,0,0,0,0,1
2023-09-08,589179428,20190000000000000003,900200000000000030,1,129.941,315.547,40998.000,2023-09-08 18:30:00.000,L2FT01-FTJ028,10.07,0.000,0.666012,16605,0.435592,0.055345,0,0,1,1.0200,坪山区,23,23,0,0,0,0,1
2023-09-08,589179428,20190000000000000003,900200000000000030,1,129.890,317.300,41210.000,2023-09-08 18:45:00.000,L2FT01-FTJ028,10.07,0.000,0.666012,16605,0.435592,0.055345,0,0,1,1.0200,坪山区,23,23,0,0,0,0,1
2023-09-08,589179428,20190000000000000003,900200000000000043,1,34.427,436.333,15590.000,2023-09-08 19:00:00.000,L2FT01-FTJ028,10.17,0.000,0.666012,16605,0.435592,0.055345,0,0,1,1.0200,坪山区,23,23,0,0,0,0,1
2023-09-08,589179428,20190000000000000003,900200000000000043,1,63.143,476.240,30070.667,2023-09-08 19:15:00.000,L2FT01-FTJ028,10.17,0.000,0.666012,16605,0.435592,0.055345,0,0,1,1.0200,坪山区,23,23,0,0,0,0,1
2023-09-08,589179428,20190000000000000003,900200000000000031,1,92.157,442.086,40701.429,2023-09-08 19:15:00.000,L2FT01-FTJ028,10.17,0.000,0.666012,16605,0.435592,0.055345,0,0,1,1.0200,坪山区,23,23,0,0,0,0,1
2023-09-08,589179428,20190000000000000003,900200000000000031,1,61.883,455.013,28157.333,2023-09-08 19:30:00.000,L2FT01-FTJ028,10.17,0.000,0.666012,16605,0.435592,0.055345,0,0,1,1.0200,坪山区,23,23,0,0,0,0,1
2023-09-08,589179428,20190000000000000003,900200000000000031,1,28.537,462.260,13219.333,2023-09-08 19:45:00.000,L2FT01-FTJ028,10.17,0.000,0.666012,16605,0.435592,0.055345,0,0,1,1.0200,坪山区,23,23,0,0,0,0,1
2023-09-08,589179428,20190000000000000003,900200000000000048,1,49.757,344.567,17143.333,2023-09-08 19:45:00.000,L2FT01-FTJ028,10.17,0.000,0.666012,16605,0.435592,0.055345,0,0,1,1.0200,坪山区,23,23,0,0,0,0,1
2023-09-08,589179428,20190000000000000003,900200000000000031,1,11.890,462.887,5502.667,2023-09-08 20:00:00.000,L2FT01-FTJ028,10.47,0.000,0.666012,16605,0.435592,0.055345,0,0,1,1.0200,坪山区,23,23,0,0,0,0,1
2023-09-08,589179428,20190000000000000003,900200000000000032,1,87.713,362.413,31837.333,2023-09-08 20:00:00.000,L2FT01-FTJ028,10.47,0.000,0.666012,16605,0.435592,0.055345,0,0,1,1.0200,坪山区,23,23,0,0,0,0,1
2023-09-08,589179428,20190000000000000003,900200000000000048,1,49.597,348.227,17271.333,2023-09-08 20:00:00.000,L2FT01-FTJ028,10.47,0.000,0.666012,16605,0.435592,0.055345,0,0,1,1.0200,坪山区,23,23,0,0,0,0,1
2023-09-08,589179428,20190000000000000003,900200000000000031,1,11.890,465.062,5529.231,2023-09-08 20:15:00.000,L2FT01-FTJ028,10.47,0.000,0.666012,16605,0.435592,0.055345,0,0,1,1.0200,坪山区,23,23,0,0,0,0,1
2023-09-08,589179428,20190000000000000003,900200000000000032,1,98.051,363.820,35672.000,2023-09-08 20:15:00.000,L2FT01-FTJ028,10.47,0.000,0.666012,16605,0.435592,0.055345,0,0,1,1.0200,坪山区,23,23,0,0,0,0,1
2023-09-08,589179428,20190000000000000003,900200000000000048,1,49.590,349.733,17344.667,2023-09-08 20:15:00.000,L2FT01-FTJ028,10.47,0.000,0.666012,16605,0.435592,0.055345,0,0,1,1.0200,坪山区,23,23,0,0,0,0,1
2023-09-08,589179428,20190000000000000003,900200000000000049,1,96.006,356.900,34407.500,2023-09-08 20:30:00.000,L2FT01-FTJ028,10.47,0.000,0.666012,16605,0.435592,0.055345,0,0,1,1.0200,坪山区,23,23,0,0,0,0,1
2023-09-08,589179428,20190000000000000003,900200000000000052,1,100.222,307.855,30880.909,2023-09-08 20:30:00.000,L2FT01-FTJ028,10.47,0.000,0.666012,16605,0.435592,0.055345,0,0,1,1.0200,坪山区,23,23,0,0,0,0,1
2023-09-08,589179428,20190000000000000003,900200000000000032,1,50.951,363.287,18511.333,2023-09-08 20:30:00.000,L2FT01-FTJ028,10.47,0.000,0.666012,16605,0.435592,0.055345,0,0,1,1.0200,坪山区,23,23,0,0,0,0,1
2023-09-08,589179428,20190000000000000003,900200000000000048,1,49.590,350.033,17355.333,2023-09-08 20:30:00.000,L2FT01-FTJ028,10.47,0.000,0.666012,16605,0.435592,0.055345,0,0,1,1.0200,坪山区,23,23,0,0,0,0,1
2023-09-08,589179428,20190000000000000003,900200000000000032,1,33.790,366.800,12390.000,2023-09-08 20:45:00.000,L2FT01-FTJ028,10.47,0.000,0.666012,16605,0.435592,0.055345,0,0,1,1.0200,坪山区,23,23,0,0,0,0,1
2023-09-08,589179428,20190000000000000003,900200000000000048,1,49.590,350.967,17401.333,2023-09-08 20:45:00.000,L2FT01-FTJ028,10.47,0.000,0.666012,16605,0.435592,0.055345,0,0,1,1.0200,坪山区,23,23,0,0,0,0,1
2023-09-08,589179428,20190000000000000003,900200000000000049,1,121.460,364.018,44210.000,2023-09-08 20:45:00.000,L2FT01-FTJ028,10.47,0.000,0.666012,16605,0.435592,0.055345,0,0,1,1.0200,坪山区,23,23,0,0,0,0,1
2023-09-08,589179428,20190000000000000003,900200000000000052,1,106.090,309.893,32876.000,2023-09-08 20:45:00.000,L2FT01-FTJ028,10.47,0.000,0.666012,16605,0.435592,0.055345,0,0,1,1.0200,坪山区,23,23,0,0,0,0,1
2023-09-08,589179428,20190000000000000003,900200000000000039,1,115.719,369.456,42738.889,2023-09-08 21:00:00.000,L2FT01-FTJ028,10.95,0.000,0.666012,16605,0.435592,0.055345,0,0,1,1.0200,坪山区,23,23,0,0,0,0,1
2023-09-08,589179428,20190000000000000003,900200000000000048,1,44.571,352.186,15697.143,2023-09-08 21:00:00.000,L2FT01-FTJ028,10.95,0.000,0.666012,16605,0.435592,0.055345,0,0,1,1.0200,坪山区,23,23,0,0,0,0,1
2023-09-08,589179428,20190000000000000003,900200000000000052,1,106.078,310.393,32925.333,2023-09-08 21:00:00.000,L2FT01-FTJ028,10.95,0.000,0.666012,16605,0.435592,0.055345,0,0,1,1.0200,坪山区,23,23,0,0,0,0,1
2023-09-08,589179428,20190000000000000003,900200000000000057,1,66.032,360.825,23868.750,2023-09-08 21:00:00.000,L2FT01-FTJ028,10.95,0.000,0.666012,16605,0.435592,0.055345,0,0,1,1.0200,坪山区,23,23,0,0,0,0,1
2023-09-08,589179428,20190000000000000003,900200000000000039,1,100.215,380.315,38092.308,2023-09-08 21:15:00.000,L2FT01-FTJ028,10.95,0.000,0.666012,16605,0.435592,0.055345,0,0,1,1.0200,坪山区,23,23,0,0,0,0,1
2023-09-08,589179428,20190000000000000003,900200000000000052,1,106.084,311.420,33034.667,2023-09-08 21:15:00.000,L2FT01-FTJ028,10.95,0.000,0.666012,16605,0.435592,0.055345,0,0,1,1.0200,坪山区,23,23,0,0,0,0,1
2023-09-08,589179428,20190000000000000003,900200000000000057,1,85.267,363.347,30979.333,2023-09-08 21:15:00.000,L2FT01-FTJ028,10.95,0.000,0.666012,16605,0.435592,0.055345,0,0,1,1.0200,坪山区,23,23,0,0,0,0,1
2023-09-08,589179428,20190000000000000003,900200000000000052,1,106.084,313.240,33227.333,2023-09-08 21:30:00.000,L2FT01-FTJ028,10.95,0.000,0.666012,16605,0.435592,0.055345,0,0,1,1.0200,坪山区,23,23,0,0,0,0,1
2023-09-08,589179428,20190000000000000003,900200000000000057,1,84.730,365.160,30936.000,2023-09-08 21:30:00.000,L2FT01-FTJ028,10.95,0.000,0.666012,16605,0.435592,0.055345,0,0,1,1.0200,坪山区,23,23,0,0,0,0,1
2023-09-08,589179428,20190000000000000003,900200000000000057,1,81.123,366.893,29760.667,2023-09-08 21:45:00.000,L2FT01-FTJ028,10.95,0.000,0.666012,16605,0.435592,0.055345,0,0,1,1.0200,坪山区,23,23,0,0,0,0,1
2023-09-08,589179428,20190000000000000003,900200000000000057,1,80.990,367.907,29795.333,2023-09-08 22:00:00.000,L2FT01-FTJ028,11.57,0.000,0.666012,16605,0.435592,0.055345,0,0,1,1.0200,坪山区,23,23,0,0,0,0,1
2023-09-08,589179428,20190000000000000003,900200000000000057,1,66.651,369.573,24638.667,2023-09-08 22:15:00.000,L2FT01-FTJ028,11.57,0.000,0.666012,16605,0.435592,0.055345,0,0,1,1.0200,坪山区,23,23,0,0,0,0,1
2023-09-08,589179428,20190000000000000003,900200000000000057,1,20.640,369.800,7635.000,2023-09-08 22:30:00.000,L2FT01-FTJ028,11.57,0.000,0.666012,16605,0.435592,0.055345,0,0,1,1.0200,坪山区,23,23,0,0,0,0,1
2023-09-09,589179428,20190000000000000003,900200000000000030,1,190.804,312.400,59607.143,2023-09-09 00:00:00.000,L2FT01-FTJ028,13.07,0.000,0.666012,16605,0.435592,0.055345,0,0,0,1.0200,坪山区,23,23,0,0,0,0,1
2023-09-09,589179428,20190000000000000003,900200000000000043,1,105.634,308.808,32618.333,2023-09-09 00:00:00.000,L2FT01-FTJ028,13.07,0.000,0.666012,16605,0.435592,0.055345,0,0,0,1.0200,坪山区,23,23,0,0,0,0,1
2023-09-09,589179428,20190000000000000003,900200000000000030,1,192.207,314.433,60432.000,2023-09-09 00:15:00.000,L2FT01-FTJ028,13.07,0.000,0.666012,16605,0.435592,0.055345,0,0,0,1.0200,坪山区,23,23,0,0,0,0,1
2023-09-09,589179428,20190000000000000003,900200000000000043,1,105.763,309.860,32766.000,2023-09-09 00:15:00.000,L2FT01-FTJ028,13.07,0.000,0.666012,16605,0.435592,0.055345,0,0,0,1.0200,坪山区,23,23,0,0,0,0,1
2023-09-09,589179428,20190000000000000003,900200000000000030,1,180.425,315.980,57003.333,2023-09-09 00:30:00.000,L2FT01-FTJ028,13.07,0.000,0.666012,16605,0.435592,0.055345,0,0,0,1.0200,坪山区,23,23,0,0,0,0,1
2023-09-09,589179428,20190000000000000003,900200000000000043,1,105.800,310.633,32860.000,2023-09-09 00:30:00.000,L2FT01-FTJ028,13.07,0.000,0.666012,16605,0.435592,0.055345,0,0,0,1.0200,坪山区,23,23,0,0,0,0,1
2023-09-09,589179428,20190000000000000003,900200000000000030,1,114.065,321.360,36442.000,2023-09-09 00:45:00.000,L2FT01-FTJ028,13.07,0.000,0.666012,16605,0.435592,0.055345,0,0,0,1.0200,坪山区,23,23,0,0,0,0,1
2023-09-09,589179428,20190000000000000003,900200000000000043,1,105.725,312.280,33011.333,2023-09-09 00:45:00.000,L2FT01-FTJ028,13.07,0.000,0.666012,16605,0.435592,0.055345,0,0,0,1.0200,坪山区,23,23,0,0,0,0,1
2023-09-09,589179428,20190000000000000003,900200000000000043,1,104.927,313.420,32885.333,2023-09-09 01:00:00.000,L2FT01-FTJ028,13.85,0.000,0.666012,16605,0.435592,0.055345,0,0,0,1.0200,坪山区,23,23,0,0,0,0,1
2023-09-09,589179428,20190000000000000003,900200000000000043,1,104.652,314.947,32956.667,2023-09-09 01:15:00.000,L2FT01-FTJ028,13.85,0.000,0.666012,16605,0.435592,0.055345,0,0,0,1.0200,坪山区,23,23,0,0,0,0,1
2023-09-09,589179428,20190000000000000003,900200000000000043,1,49.000,326.050,15970.000,2023-09-09 01:30:00.000,L2FT01-FTJ028,13.85,0.000,0.666012,16605,0.435592,0.055345,0,0,0,1.0200,坪山区,23,23,0,0,0,0,1
2023-09-09,589179428,20190000000000000003,900200000000000037,1,149.945,308.550,46260.000,2023-09-09 01:30:00.000,L2FT01-FTJ028,13.85,0.000,0.666012,16605,0.435592,0.055345,0,0,0,1.0200,坪山区,23,23,0,0,0,0,1
2023-09-09,589179428,20190000000000000003,900200000000000042,1,162.900,296.009,49813.636,2023-09-09 01:30:00.000,L2FT01-FTJ028,13.85,0.000,0.666012,16605,0.435592,0.055345,0,0,0,1.0200,坪山区,23,23,0,0,0,0,1
2023-09-09,589179428,20190000000000000003,900200000000000037,1,149.803,311.240,46622.667,2023-09-09 01:45:00.000,L2FT01-FTJ028,13.85,0.000,0.666012,16605,0.435592,0.055345,0,0,0,1.0200,坪山区,23,23,0,0,0,0,1
2023-09-09,589179428,20190000000000000003,900200000000000042,1,179.280,311.000,55750.667,2023-09-09 01:45:00.000,L2FT01-FTJ028,13.85,0.000,0.666012,16605,0.435592,0.055345,0,0,0,1.0200,坪山区,23,23,0,0,0,0,1
2023-09-09,589179428,20190000000000000003,900200000000000037,1,149.797,312.213,46766.000,2023-09-09 02:00:00.000,L2FT01-FTJ028,14.57,0.000,0.666012,16605,0.435592,0.055345,0,0,0,1.0200,坪山区,23,23,0,0,0,0,1
2023-09-09,589179428,20190000000000000003,900200000000000042,1,179.360,312.720,56087.333,2023-09-09 02:00:00.000,L2FT01-FTJ028,14.57,0.000,0.666012,16605,0.435592,0.055345,0,0,0,1.0200,坪山区,23,23,0,0,0,0,1
2023-09-09,589179428,20190000000000000003,900200000000000037,1,149.790,314.073,47043.333,2023-09-09 02:15:00.000,L2FT01-FTJ028,14.57,0.000,0.666012,16605,0.435592,0.055345,0,0,0,1.0200,坪山区,23,23,0,0,0,0,1
2023-09-09,589179428,20190000000000000003,900200000000000042,1,174.533,314.433,54876.000,2023-09-09 02:15:00.000,L2FT01-FTJ028,14.57,0.000,0.666012,16605,0.435592,0.055345,0,0,0,1.0200,坪山区,23,23,0,0,0,0,1
2023-09-09,589179428,20190000000000000003,900200000000000037,1,149.823,315.573,47278.000,2023-09-09 02:30:00.000,L2FT01-FTJ028,14.57,0.000,0.666012,16605,0.435592,0.055345,0,0,0,1.0200,坪山区,23,23,0,0,0,0,1
2023-09-09,589179428,20190000000000000003,900200000000000042,1,164.890,315.380,52000.000,2023-09-09 02:30:00.000,L2FT01-FTJ028,14.57,0.000,0.666012,16605,0.435592,0.055345,0,0,0,1.0200,坪山区,23,23,0,0,0,0,1
2023-09-09,589179428,20190000000000000003,900200000000000042,1,139.265,319.160,44345.333,2023-09-09 02:45:00.000,L2FT01-FTJ028,14.57,0.000,0.666012,16605,0.435592,0.055345,0,0,0,1.0200,坪山区,23,23,0,0,0,0,1
2023-09-09,589179428,20190000000000000003,900200000000000037,1,121.283,320.971,38760.714,2023-09-09 02:45:00.000,L2FT01-FTJ028,14.57,0.000,0.666012,16605,0.435592,0.055345,0,0,0,1.0200,坪山区,23,23,0,0,0,0,1
2023-09-09,589179428,20190000000000000003,900200000000000042,1,29.790,326.200,9720.000,2023-09-09 03:00:00.000,L2FT01-FTJ028,15.19,0.000,0.666012,16605,0.435592,0.055345,0,0,0,1.0200,坪山区,23,23,0,0,0,0,1
2023-09-09,589179428,20190000000000000003,900200000000000057,1,148.632,305.413,45976.000,2023-09-09 04:30:00.000,L2FT01-FTJ028,15.67,0.000,0.666012,16605,0.435592,0.055345,0,0,0,1.0200,坪山区,23,23,0,0,0,0,1
2023-09-09,589179428,20190000000000000003,900200000000000035,1,143.075,308.690,44163.000,2023-09-09 04:30:00.000,L2FT01-FTJ028,15.67,0.000,0.666012,16605,0.435592,0.055345,0,0,0,1.0200,坪山区,23,23,0,0,0,0,1
2023-09-09,589179428,20190000000000000003,900200000000000035,1,142.890,310.807,44409.333,2023-09-09 04:45:00.000,L2FT01-FTJ028,15.67,0.000,0.666012,16605,0.435592,0.055345,0,0,0,1.0200,坪山区,23,23,0,0,0,0,1
2023-09-09,589179428,20190000000000000003,900200000000000052,1,130.397,308.067,40166.667,2023-09-09 04:45:00.000,L2FT01-FTJ028,15.67,0.000,0.666012,16605,0.435592,0.055345,0,0,0,1.0200,坪山区,23,23,0,0,0,0,1
2023-09-09,589179428,20190000000000000003,900200000000000057,1,159.160,311.053,49504.000,2023-09-09 04:45:00.000,L2FT01-FTJ028,15.67,0.000,0.666012,16605,0.435592,0.055345,0,0,0,1.0200,坪山区,23,23,0,0,0,0,1
2023-09-09,589179428,20190000000000000003,900200000000000035,1,142.890,311.567,44518.667,2023-09-09 05:00:00.000,L2FT01-FTJ028,15.97,0.000,0.666012,16605,0.435592,0.055345,0,0,0,1.0200,坪山区,23,23,0,0,0,0,1
2023-09-09,589179428,20190000000000000003,900200000000000052,1,129.890,310.940,40385.333,2023-09-09 05:00:00.000,L2FT01-FTJ028,15.97,0.000,0.666012,16605,0.435592,0.055345,0,0,0,1.0200,坪山区,23,23,0,0,0,0,1
2023-09-09,589179428,20190000000000000003,900200000000000057,1,159.190,312.520,49748.000,2023-09-09 05:00:00.000,L2FT01-FTJ028,15.97,0.000,0.666012,16605,0.435592,0.055345,0,0,0,1.0200,坪山区,23,23,0,0,0,0,1
2023-09-09,589179428,20190000000000000003,900200000000000035,1,142.890,313.540,44800.667,2023-09-09 05:15:00.000,L2FT01-FTJ028,15.97,0.000,0.666012,16605,0.435592,0.055345,0,0,0,1.0200,坪山区,23,23,0,0,0,0,1
2023-09-09,589179428,20190000000000000003,900200000000000052,1,129.890,311.987,40522.000,2023-09-09 05:15:00.000,L2FT01-FTJ028,15.97,0.000,0.666012,16605,0.435592,0.055345,0,0,0,1.0200,坪山区,23,23,0,0,0,0,1
2023-09-09,589179428,20190000000000000003,900200000000000057,1,159.190,314.627,50083.333,2023-09-09 05:15:00.000,L2FT01-FTJ028,15.97,0.000,0.666012,16605,0.435592,0.055345,0,0,0,1.0200,坪山区,23,23,0,0,0,0,1
2023-09-09,589179428,20190000000000000003,900200000000000035,1,142.890,314.580,44948.000,2023-09-09 05:30:00.000,L2FT01-FTJ028,15.97,0.000,0.666012,16605,0.435592,0.055345,0,0,0,1.0200,坪山区,23,23,0,0,0,0,1
2023-09-09,589179428,20190000000000000003,900200000000000052,1,129.890,313.727,40748.667,2023-09-09 05:30:00.000,L2FT01-FTJ028,15.97,0.000,0.666012,16605,0.435592,0.055345,0,0,0,1.0200,坪山区,23,23,0,0,0,0,1
2023-09-09,589179428,20190000000000000003,900200000000000057,1,159.190,316.813,50430.667,2023-09-09 05:30:00.000,L2FT01-FTJ028,15.97,0.000,0.666012,16605,0.435592,0.055345,0,0,0,1.0200,坪山区,23,23,0,0,0,0,1
2023-09-09,589179428,20190000000000000003,900200000000000057,1,43.792,329.150,14338.333,2023-09-09 05:45:00.000,L2FT01-FTJ028,15.97,0.000,0.666012,16605,0.435592,0.055345,0,0,0,1.0200,坪山区,23,23,0,0,0,0,1
2023-09-09,589179428,20190000000000000003,900200000000000052,1,129.890,315.080,40923.333,2023-09-09 05:45:00.000,L2FT01-FTJ028,15.97,0.000,0.666012,16605,0.435592,0.055345,0,0,0,1.0200,坪山区,23,23,0,0,0,0,1
2023-09-09,589179428,20190000000000000003,900200000000000035,1,126.819,318.700,40301.333,2023-09-09 05:45:00.000,L2FT01-FTJ028,15.97,0.000,0.666012,16605,0.435592,0.055345,0,0,0,1.0200,坪山区,23,23,0,0,0,0,1
2023-09-09,589179428,20190000000000000003,900200000000000035,1,25.240,332.150,8385.000,2023-09-09 06:00:00.000,L2FT01-FTJ028,16.07,0.000,0.666012,16605,0.435592,0.055345,0,0,0,1.0200,坪山区,23,23,0,0,0,0,1
2023-09-09,589179428,20190000000000000003,900200000000000042,1,143.495,360.450,51715.000,2023-09-09 06:00:00.000,L2FT01-FTJ028,16.07,0.000,0.666012,16605,0.435592,0.055345,0,0,0,1.0200,坪山区,23,23,0,0,0,0,1
2023-09-09,589179428,20190000000000000003,900200000000000052,1,118.551,318.893,37722.667,2023-09-09 06:00:00.000,L2FT01-FTJ028,16.07,0.000,0.666012,16605,0.435592,0.055345,0,0,0,1.0200,坪山区,23,23,0,0,0,0,1
2023-09-09,589179428,20190000000000000003,900200000000000042,1,122.745,367.900,45132.000,2023-09-09 06:15:00.000,L2FT01-FTJ028,16.07,0.000,0.666012,16605,0.435592,0.055345,0,0,0,1.0200,坪山区,23,23,0,0,0,0,1
2023-09-09,589179428,20190000000000000003,900200000000000052,1,30.000,331.625,9947.500,2023-09-09 06:15:00.000,L2FT01-FTJ028,16.07,0.000,0.666012,16605,0.435592,0.055345,0,0,0,1.0200,坪山区,23,23,0,0,0,0,1
2023-09-09,589179428,20190000000000000003,900200000000000042,1,101.587,379.540,38539.333,2023-09-09 06:30:00.000,L2FT01-FTJ028,16.07,0.000,0.666012,16605,0.435592,0.055345,0,0,0,1.0200,坪山区,23,23,0,0,0,0,1
2023-09-09,589179428,20190000000000000003,900200000000000042,1,77.712,394.847,30642.667,2023-09-09 06:45:00.000,L2FT01-FTJ028,16.07,0.000,0.666012,16605,0.435592,0.055345,0,0,0,1.0200,坪山区,23,23,0,0,0,0,1
2023-09-09,589179428,20190000000000000003,900200000000000042,1,41.190,403.107,16603.333,2023-09-09 07:00:00.000,L2FT01-FTJ028,15.97,0.000,0.666012,16605,0.435592,0.055345,0,0,0,1.0200,坪山区,23,23,0,0,0,0,1
2023-09-09,589179428,20190000000000000003,900200000000000037,1,59.477,296.183,18438.333,2023-09-09 07:15:00.000,L2FT01-FTJ028,15.97,0.000,0.666012,16605,0.435592,0.055345,0,0,0,1.0200,坪山区,23,23,0,0,0,0,1
2023-09-09,589179428,20190000000000000003,900200000000000042,1,35.307,411.580,14522.667,2023-09-09 07:15:00.000,L2FT01-FTJ028,15.97,0.000,0.666012,16605,0.435592,0.055345,0,0,0,1.0200,坪山区,23,23,0,0,0,0,1
2023-09-09,589179428,20190000000000000003,900200000000000042,1,15.018,413.180,6200.000,2023-09-09 07:30:00.000,L2FT01-FTJ028,15.97,0.000,0.666012,16605,0.435592,0.055345,0,0,0,1.0200,坪山区,23,23,0,0,0,0,1
2023-09-09,589179428,20190000000000000003,900200000000000039,1,134.063,312.208,41851.667,2023-09-09 08:00:00.000,L2FT01-FTJ028,15.67,0.000,0.666012,16605,0.435592,0.055345,0,0,0,1.0200,坪山区,23,23,0,0,0,0,1
2023-09-09,589179428,20190000000000000003,900200000000000044,1,19.890,401.900,7990.000,2023-09-09 08:15:00.000,L2FT01-FTJ028,15.67,0.000,0.666012,16605,0.435592,0.055345,0,0,0,1.0200,坪山区,23,23,0,0,0,0,1
2023-09-09,589179428,20190000000000000003,900200000000000039,1,134.000,314.593,42151.333,2023-09-09 08:15:00.000,L2FT01-FTJ028,15.67,0.000,0.666012,16605,0.435592,0.055345,0,0,0,1.0200,坪山区,23,23,0,0,0,0,1
2023-09-09,589179428,20190000000000000003,900200000000000039,1,134.024,316.347,42394.667,2023-09-09 08:30:00.000,L2FT01-FTJ028,15.67,0.000,0.666012,16605,0.435592,0.055345,0,0,0,1.0200,坪山区,23,23,0,0,0,0,1
2023-09-09,589179428,20190000000000000003,900200000000000044,1,60.561,474.757,28765.714,2023-09-09 08:30:00.000,L2FT01-FTJ028,15.67,0.000,0.666012,16605,0.435592,0.055345,0,0,0,1.0200,坪山区,23,23,0,0,0,0,1
2023-09-09,589179428,20190000000000000003,900200000000000039,1,62.969,324.000,20236.000,2023-09-09 08:45:00.000,L2FT01-FTJ028,15.67,0.000,0.666012,16605,0.435592,0.055345,0,0,0,1.0200,坪山区,23,23,0,0,0,0,1
2023-09-09,589179428,20190000000000000003,900200000000000039,1,19.090,334.700,6390.000,2023-09-09 09:00:00.000,L2FT01-FTJ028,15.19,0.000,0.666012,16605,0.435592,0.055345,0,0,0,1.0200,坪山区,23,23,0,0,0,0,1
2023-09-09,589179428,20190000000000000003,900200000000000042,1,71.914,307.720,22128.000,2023-09-09 09:30:00.000,L2FT01-FTJ028,15.19,0.000,0.666012,16605,0.435592,0.055345,0,0,0,1.0200,坪山区,23,23,0,0,0,0,1
2023-09-09,589179428,20190000000000000003,900200000000000042,1,42.664,421.471,19732.857,2023-09-09 09:45:00.000,L2FT01-FTJ028,15.19,0.000,0.666012,16605,0.435592,0.055345,0,0,0,1.0200,坪山区,23,23,0,0,0,0,1
2023-09-09,589179428,20190000000000000003,900200000000000034,1,10.445,429.200,3755.000,2023-09-09 10:00:00.000,L2FT01-FTJ028,14.57,0.000,0.666012,16605,0.435592,0.055345,0,0,0,1.0200,坪山区,23,23,0,0,0,0,1
2023-09-09,589179428,20190000000000000003,900200000000000039,1,37.230,357.400,13263.333,2023-09-09 10:45:00.000,L2FT01-FTJ028,14.57,0.000,0.666012,16605,0.435592,0.055345,0,0,0,1.0200,坪山区,23,23,0,0,0,0,1
2023-09-09,589179428,20190000000000000003,900200000000000039,1,71.518,361.467,25848.000,2023-09-09 11:00:00.000,L2FT01-FTJ028,13.85,0.000,0.666012,16605,0.435592,0.055345,0,0,0,1.0200,坪山区,23,23,0,0,0,0,1
2023-09-09,589179428,20190000000000000003,900200000000000031,1,73.640,324.400,23885.000,2023-09-09 11:15:00.000,L2FT01-FTJ028,13.85,0.000,0.666012,16605,0.435592,0.055345,0,0,0,1.0200,坪山区,23,23,0,0,0,0,1
2023-09-09,589179428,20190000000000000003,900200000000000039,1,59.548,361.740,21542.000,2023-09-09 11:15:00.000,L2FT01-FTJ028,13.85,0.000,0.666012,16605,0.435592,0.055345,0,0,0,1.0200,坪山区,23,23,0,0,0,0,1
2023-09-09,589179428,20190000000000000003,900200000000000039,1,53.590,361.960,19396.000,2023-09-09 11:30:00.000,L2FT01-FTJ028,13.85,0.000,0.666012,16605,0.435592,0.055345,0,0,0,1.0200,坪山区,23,23,0,0,0,0,1
2023-09-09,589179428,20190000000000000003,900200000000000039,1,53.590,362.673,19433.333,2023-09-09 11:45:00.000,L2FT01-FTJ028,13.85,0.000,0.666012,16605,0.435592,0.055345,0,0,0,1.0200,坪山区,23,23,0,0,0,0,1
2023-09-09,589179428,20190000000000000003,900200000000000035,1,71.590,308.700,22100.000,2023-09-09 12:00:00.000,L2FT01-FTJ028,13.07,0.000,0.666012,16605,0.435592,0.055345,0,0,0,1.0200,坪山区,23,23,0,0,0,0,1
2023-09-09,589179428,20190000000000000003,900200000000000039,1,53.590,364.447,19529.333,2023-09-09 12:00:00.000,L2FT01-FTJ028,13.07,0.000,0.666012,16605,0.435592,0.055345,0,0,0,1.0200,坪山区,23,23,0,0,0,0,1
2023-09-09,589179428,20190000000000000003,900200000000000039,1,53.590,365.953,19610.667,2023-09-09 12:15:00.000,L2FT01-FTJ028,13.07,0.000,0.666012,16605,0.435592,0.055345,0,0,0,1.0200,坪山区,23,23,0,0,0,0,1
2023-09-09,589179428,20190000000000000003,900200000000000039,1,53.590,366.300,19627.333,2023-09-09 12:30:00.000,L2FT01-FTJ028,13.07,0.000,0.666012,16605,0.435592,0.055345,0,0,0,1.0200,坪山区,23,23,0,0,0,0,1
2023-09-09,589179428,20190000000000000003,900200000000000039,1,53.590,366.727,19650.667,2023-09-09 12:45:00.000,L2FT01-FTJ028,13.07,0.000,0.666012,16605,0.435592,0.055345,0,0,0,1.0200,坪山区,23,23,0,0,0,0,1
2023-09-09,589179428,20190000000000000003,900200000000000039,1,53.590,367.680,19702.667,2023-09-09 13:00:00.000,L2FT01-FTJ028,12.30,0.000,0.666012,16605,0.435592,0.055345,0,0,0,1.0200,坪山区,23,23,0,0,0,0,1
2023-09-09,589179428,20190000000000000003,900200000000000039,1,37.199,369.927,13750.909,2023-09-09 13:15:00.000,L2FT01-FTJ028,12.30,0.000,0.666012,16605,0.435592,0.055345,0,0,0,1.0200,坪山区,23,23,0,0,0,0,1
2023-09-09,589179428,20190000000000000003,900200000000000042,1,99.861,365.914,36541.429,2023-09-09 13:45:00.000,L2FT01-FTJ028,12.30,0.000,0.666012,16605,0.435592,0.055345,0,0,0,1.0200,坪山区,23,23,0,0,0,0,1
2023-09-09,589179428,20190000000000000003,900200000000000042,1,99.897,367.560,36718.667,2023-09-09 14:00:00.000,L2FT01-FTJ028,11.57,0.000,0.666012,16605,0.435592,0.055345,0,0,0,1.0200,坪山区,23,23,0,0,0,0,1
2023-09-09,589179428,20190000000000000003,900200000000000042,1,96.805,368.853,35704.667,2023-09-09 14:15:00.000,L2FT01-FTJ028,11.57,0.000,0.666012,16605,0.435592,0.055345,0,0,0,1.0200,坪山区,23,23,0,0,0,0,1
2023-09-09,589179428,20190000000000000003,900200000000000043,0,0.000,421.000,0.000,2023-09-09 14:30:00.000,L2FT01-FTJ028,11.57,0.000,0.666012,16605,0.435592,0.055345,0,0,0,1.0200,坪山区,23,23,0,0,0,0,1
2023-09-09,589179428,20190000000000000003,900200000000000052,1,17.790,360.800,6420.000,2023-09-09 14:30:00.000,L2FT01-FTJ028,11.57,0.000,0.666012,16605,0.435592,0.055345,0,0,0,1.0200,坪山区,23,23,0,0,0,0,1
2023-09-09,589179428,20190000000000000003,900200000000000052,0,0.000,397.500,0.000,2023-09-09 14:45:00.000,L2FT01-FTJ028,11.57,0.000,0.666012,16605,0.435592,0.055345,0,0,0,1.0200,坪山区,23,23,0,0,0,0,1
2023-09-09,589179428,20190000000000000003,900200000000000049,1,44.790,412.260,18464.667,2023-09-09 15:00:00.000,L2FT01-FTJ028,10.95,0.000,0.666012,16605,0.435592,0.055345,0,0,0,1.0200,坪山区,23,23,0,0,0,0,1
2023-09-09,589179428,20190000000000000003,900200000000000049,1,27.997,411.073,11519.333,2023-09-09 15:15:00.000,L2FT01-FTJ028,10.95,0.000,0.666012,16605,0.435592,0.055345,0,0,0,1.0200,坪山区,23,23,0,0,0,0,1
2023-09-09,589179428,20190000000000000003,900200000000000049,1,13.790,412.720,5691.000,2023-09-09 15:30:00.000,L2FT01-FTJ028,10.95,0.000,0.666012,16605,0.435592,0.055345,0,0,0,1.0200,坪山区,23,23,0,0,0,0,1
2023-09-09,589179428,20190000000000000003,900200000000000035,1,107.317,407.950,43777.500,2023-09-09 16:15:00.000,L2FT01-FTJ028,10.47,0.000,0.666012,16605,0.435592,0.055345,0,0,0,1.0200,坪山区,23,23,0,0,0,0,1
2023-09-09,589179428,20190000000000000003,900200000000000057,1,138.042,392.656,54376.667,2023-09-09 16:15:00.000,L2FT01-FTJ028,10.47,0.000,0.666012,16605,0.435592,0.055345,0,0,0,1.0200,坪山区,23,23,0,0,0,0,1
2023-09-09,589179428,20190000000000000003,900200000000000035,1,94.923,407.787,38711.333,2023-09-09 16:30:00.000,L2FT01-FTJ028,10.47,0.000,0.666012,16605,0.435592,0.055345,0,0,0,1.0200,坪山区,23,23,0,0,0,0,1
2023-09-09,589179428,20190000000000000003,900200000000000057,1,122.000,393.800,48038.571,2023-09-09 16:30:00.000,L2FT01-FTJ028,10.47,0.000,0.666012,16605,0.435592,0.055345,0,0,0,1.0200,坪山区,23,23,0,0,0,0,1
2023-09-09,589179428,20190000000000000003,900200000000000035,1,88.807,409.183,36340.000,2023-09-09 16:45:00.000,L2FT01-FTJ028,10.47,0.000,0.666012,16605,0.435592,0.055345,0,0,0,1.0200,坪山区,23,23,0,0,0,0,1
2023-09-09,589179428,20190000000000000003,900200000000000047,1,6.190,359.200,2220.000,2023-09-09 17:15:00.000,L2FT01-FTJ028,10.17,0.000,0.666012,16605,0.435592,0.055345,0,0,0,1.0200,坪山区,23,23,0,0,0,0,1
2023-09-09,589179428,20190000000000000003,900200000000000047,1,159.943,473.980,75847.333,2023-09-09 17:30:00.000,L2FT01-FTJ028,10.17,0.000,0.666012,16605,0.435592,0.055345,0,0,0,1.0200,坪山区,23,23,0,0,0,0,1
2023-09-09,589179428,20190000000000000003,900200000000000047,1,162.099,474.087,76849.333,2023-09-09 17:45:00.000,L2FT01-FTJ028,10.17,0.000,0.666012,16605,0.435592,0.055345,0,0,0,1.0200,坪山区,23,23,0,0,0,0,1
2023-09-09,589179428,20190000000000000003,900200000000000047,1,98.077,473.413,46430.000,2023-09-09 18:00:00.000,L2FT01-FTJ028,10.07,0.000,0.666012,16605,0.435592,0.055345,0,0,0,1.0200,坪山区,23,23,0,0,0,0,1
2023-09-09,589179428,20190000000000000003,900200000000000047,1,40.079,472.911,18955.556,2023-09-09 18:15:00.000,L2FT01-FTJ028,10.07,0.000,0.666012,16605,0.435592,0.055345,0,0,0,1.0200,坪山区,23,23,0,0,0,0,1
2023-09-09,589179428,20190000000000000003,900200000000000057,1,46.812,349.988,16450.000,2023-09-09 18:15:00.000,L2FT01-FTJ028,10.07,0.000,0.666012,16605,0.435592,0.055345,0,0,0,1.0200,坪山区,23,23,0,0,0,0,1
2023-09-09,589179428,20190000000000000003,900200000000000057,1,46.318,353.107,16352.000,2023-09-09 18:30:00.000,L2FT01-FTJ028,10.07,0.000,0.666012,16605,0.435592,0.055345,0,0,0,1.0200,坪山区,23,23,0,0,0,0,1
2023-09-09,589179428,20190000000000000003,900200000000000049,1,83.420,355.525,30045.000,2023-09-09 18:30:00.000,L2FT01-FTJ028,10.07,0.000,0.666012,16605,0.435592,0.055345,0,0,0,1.0200,坪山区,23,23,0,0,0,0,1
2023-09-09,589179428,20190000000000000003,900200000000000049,1,146.891,364.393,53521.333,2023-09-09 18:45:00.000,L2FT01-FTJ028,10.07,0.000,0.666012,16605,0.435592,0.055345,0,0,0,1.0200,坪山区,23,23,0,0,0,0,1
2023-09-09,589179428,20190000000000000003,900200000000000057,1,29.338,353.667,10372.667,2023-09-09 18:45:00.000,L2FT01-FTJ028,10.07,0.000,0.666012,16605,0.435592,0.055345,0,0,0,1.0200,坪山区,23,23,0,0,0,0,1
2023-09-09,589179428,20190000000000000003,900200000000000046,1,47.667,325.667,14480.000,2023-09-09 19:00:00.000,L2FT01-FTJ028,10.17,0.000,0.666012,16605,0.435592,0.055345,0,0,0,1.0200,坪山区,23,23,0,0,0,0,1
2023-09-09,589179428,20190000000000000003,900200000000000049,1,123.381,365.860,45140.000,2023-09-09 19:00:00.000,L2FT01-FTJ028,10.17,0.000,0.666012,16605,0.435592,0.055345,0,0,0,1.0200,坪山区,23,23,0,0,0,0,1
2023-09-09,589179428,20190000000000000003,900200000000000057,1,20.790,355.350,7385.000,2023-09-09 19:00:00.000,L2FT01-FTJ028,10.17,0.000,0.666012,16605,0.435592,0.055345,0,0,0,1.0200,坪山区,23,23,0,0,0,0,1
2023-09-09,589179428,20190000000000000003,900200000000000046,1,71.405,306.740,21901.333,2023-09-09 19:15:00.000,L2FT01-FTJ028,10.17,0.000,0.666012,16605,0.435592,0.055345,0,0,0,1.0200,坪山区,23,23,0,0,0,0,1
2023-09-09,589179428,20190000000000000003,900200000000000049,1,94.151,366.847,34538.667,2023-09-09 19:15:00.000,L2FT01-FTJ028,10.17,0.000,0.666012,16605,0.435592,0.055345,0,0,0,1.0200,坪山区,23,23,0,0,0,0,1
2023-09-09,589179428,20190000000000000003,900200000000000046,1,71.390,307.827,21972.667,2023-09-09 19:30:00.000,L2FT01-FTJ028,10.17,0.000,0.666012,16605,0.435592,0.055345,0,0,0,1.0200,坪山区,23,23,0,0,0,0,1
2023-09-09,589179428,20190000000000000003,900200000000000049,1,36.977,369.071,13613.571,2023-09-09 19:30:00.000,L2FT01-FTJ028,10.17,0.000,0.666012,16605,0.435592,0.055345,0,0,0,1.0200,坪山区,23,23,0,0,0,0,1
2023-09-09,589179428,20190000000000000003,900200000000000046,1,71.390,308.113,21994.667,2023-09-09 19:45:00.000,L2FT01-FTJ028,10.17,0.000,0.666012,16605,0.435592,0.055345,0,0,0,1.0200,坪山区,23,23,0,0,0,0,1
2023-09-09,589179428,20190000000000000003,900200000000000049,1,83.071,365.980,30530.000,2023-09-09 19:45:00.000,L2FT01-FTJ028,10.17,0.000,0.666012,16605,0.435592,0.055345,0,0,0,1.0200,坪山区,23,23,0,0,0,0,1
2023-09-09,589179428,20190000000000000003,900200000000000049,1,97.090,368.960,35821.333,2023-09-09 20:00:00.000,L2FT01-FTJ028,10.47,0.000,0.666012,16605,0.435592,0.055345,0,0,0,1.0200,坪山区,23,23,0,0,0,0,1
2023-09-09,589179428,20190000000000000003,900200000000000046,1,71.390,308.660,22032.000,2023-09-09 20:00:00.000,L2FT01-FTJ028,10.47,0.000,0.666012,16605,0.435592,0.055345,0,0,0,1.0200,坪山区,23,23,0,0,0,0,1
2023-09-09,589179428,20190000000000000003,900200000000000049,1,97.090,371.373,36057.333,2023-09-09 20:15:00.000,L2FT01-FTJ028,10.47,0.000,0.666012,16605,0.435592,0.055345,0,0,0,1.0200,坪山区,23,23,0,0,0,0,1
2023-09-09,589179428,20190000000000000003,900200000000000046,1,71.390,309.573,22098.000,2023-09-09 20:15:00.000,L2FT01-FTJ028,10.47,0.000,0.666012,16605,0.435592,0.055345,0,0,0,1.0200,坪山区,23,23,0,0,0,0,1
2023-09-09,589179428,20190000000000000003,900200000000000046,1,71.390,310.813,22186.000,2023-09-09 20:30:00.000,L2FT01-FTJ028,10.47,0.000,0.666012,16605,0.435592,0.055345,0,0,0,1.0200,坪山区,23,23,0,0,0,0,1
2023-09-09,589179428,20190000000000000003,900200000000000049,1,92.790,372.633,34573.333,2023-09-09 20:30:00.000,L2FT01-FTJ028,10.47,0.000,0.666012,16605,0.435592,0.055345,0,0,0,1.0200,坪山区,23,23,0,0,0,0,1
2023-09-09,589179428,20190000000000000003,900200000000000046,1,71.390,311.720,22252.000,2023-09-09 20:45:00.000,L2FT01-FTJ028,10.47,0.000,0.666012,16605,0.435592,0.055345,0,0,0,1.0200,坪山区,23,23,0,0,0,0,1
2023-09-09,589179428,20190000000000000003,900200000000000046,1,71.390,312.127,22280.667,2023-09-09 21:00:00.000,L2FT01-FTJ028,10.95,0.000,0.666012,16605,0.435592,0.055345,0,0,0,1.0200,坪山区,23,23,0,0,0,0,1
2023-09-09,589179428,20190000000000000003,900200000000000046,1,71.390,312.486,22305.714,2023-09-09 21:15:00.000,L2FT01-FTJ028,10.95,0.000,0.666012,16605,0.435592,0.055345,0,0,0,1.0200,坪山区,23,23,0,0,0,0,1
2023-09-09,589179428,20190000000000000003,900200000000000053,1,149.892,338.250,50698.750,2023-09-09 22:30:00.000,L2FT01-FTJ028,11.57,0.000,0.666012,16605,0.435592,0.055345,0,0,0,1.0200,坪山区,23,23,0,0,0,0,1
2023-09-09,589179428,20190000000000000003,900200000000000053,1,149.817,351.473,52653.333,2023-09-09 22:45:00.000,L2FT01-FTJ028,11.57,0.000,0.666012,16605,0.435592,0.055345,0,0,0,1.0200,坪山区,23,23,0,0,0,0,1
2023-09-09,589179428,20190000000000000003,900200000000000053,1,149.890,360.973,54103.333,2023-09-09 23:00:00.000,L2FT01-FTJ028,12.30,0.000,0.666012,16605,0.435592,0.055345,0,0,0,1.0200,坪山区,23,23,0,0,0,0,1
2023-09-09,589179428,20190000000000000003,900200000000000053,1,127.716,377.217,48125.833,2023-09-09 23:15:00.000,L2FT01-FTJ028,12.30,0.000,0.666012,16605,0.435592,0.055345,0,0,0,1.0200,坪山区,23,23,0,0,0,0,1
2023-09-09,589179428,20190000000000000003,900200000000000056,1,83.957,398.467,33456.667,2023-09-09 23:30:00.000,L2FT01-FTJ028,12.30,0.000,0.666012,16605,0.435592,0.055345,0,0,0,1.0200,坪山区,23,23,0,0,0,0,1
2023-09-09,589179428,20190000000000000003,900200000000000054,1,3.500,372.800,1300.000,2023-09-09 23:45:00.000,L2FT01-FTJ028,12.30,0.000,0.666012,16605,0.435592,0.055345,0,0,0,1.0200,坪山区,23,23,0,0,0,0,1
2023-09-09,589179428,20190000000000000003,900200000000000056,1,81.758,404.767,33088.000,2023-09-09 23:45:00.000,L2FT01-FTJ028,12.30,0.000,0.666012,16605,0.435592,0.055345,0,0,0,1.0200,坪山区,23,23,0,0,0,0,1
2023-09-10,589179428,20190000000000000003,900200000000000056,1,76.957,405.767,31223.333,2023-09-10 00:00:00.000,L2FT01-FTJ028,13.07,0.000,0.666012,16605,0.435592,0.055345,0,0,0,1.0200,坪山区,23,23,0,0,0,0,1
2023-09-10,589179428,20190000000000000003,900200000000000038,1,166.717,304.767,50805.000,2023-09-10 00:00:00.000,L2FT01-FTJ028,13.07,0.000,0.666012,16605,0.435592,0.055345,0,0,0,1.0200,坪山区,23,23,0,0,0,0,1
2023-09-10,589179428,20190000000000000003,900200000000000038,1,167.100,310.193,51828.667,2023-09-10 00:15:00.000,L2FT01-FTJ028,13.07,0.000,0.666012,16605,0.435592,0.055345,0,0,0,1.0200,坪山区,23,23,0,0,0,0,1
2023-09-10,589179428,20190000000000000003,900200000000000038,1,167.140,311.867,52120.000,2023-09-10 00:30:00.000,L2FT01-FTJ028,13.07,0.000,0.666012,16605,0.435592,0.055345,0,0,0,1.0200,坪山区,23,23,0,0,0,0,1
2023-09-10,589179428,20190000000000000003,900200000000000038,1,167.173,313.460,52398.000,2023-09-10 00:45:00.000,L2FT01-FTJ028,13.07,0.000,0.666012,16605,0.435592,0.055345,0,0,0,1.0200,坪山区,23,23,0,0,0,0,1
2023-09-10,589179428,20190000000000000003,900200000000000038,1,167.187,315.527,52746.667,2023-09-10 01:00:00.000,L2FT01-FTJ028,13.85,0.000,0.666012,16605,0.435592,0.055345,0,0,0,1.0200,坪山区,23,23,0,0,0,0,1
2023-09-10,589179428,20190000000000000003,900200000000000038,1,111.250,321.623,35535.385,2023-09-10 01:15:00.000,L2FT01-FTJ028,13.85,0.000,0.666012,16605,0.435592,0.055345,0,0,0,1.0200,坪山区,23,23,0,0,0,0,1
2023-09-10,589179428,20190000000000000003,900200000000000044,1,70.890,297.700,21100.000,2023-09-10 01:45:00.000,L2FT01-FTJ028,13.85,0.000,0.666012,16605,0.435592,0.055345,0,0,0,1.0200,坪山区,23,23,0,0,0,0,1
2023-09-10,589179428,20190000000000000003,900200000000000044,1,71.015,300.413,21330.000,2023-09-10 02:00:00.000,L2FT01-FTJ028,14.57,0.000,0.666012,16605,0.435592,0.055345,0,0,0,1.0200,坪山区,23,23,0,0,0,0,1
2023-09-10,589179428,20190000000000000003,900200000000000044,1,71.360,303.833,21678.667,2023-09-10 02:15:00.000,L2FT01-FTJ028,14.57,0.000,0.666012,16605,0.435592,0.055345,0,0,0,1.0200,坪山区,23,23,0,0,0,0,1
2023-09-10,589179428,20190000000000000003,900200000000000044,1,71.584,306.753,21956.667,2023-09-10 02:30:00.000,L2FT01-FTJ028,14.57,0.000,0.666012,16605,0.435592,0.055345,0,0,0,1.0200,坪山区,23,23,0,0,0,0,1
2023-09-10,589179428,20190000000000000003,900200000000000044,1,71.590,308.187,22061.333,2023-09-10 02:45:00.000,L2FT01-FTJ028,14.57,0.000,0.666012,16605,0.435592,0.055345,0,0,0,1.0200,坪山区,23,23,0,0,0,0,1
2023-09-10,589179428,20190000000000000003,900200000000000044,1,71.590,308.620,22092.667,2023-09-10 03:00:00.000,L2FT01-FTJ028,15.19,0.000,0.666012,16605,0.435592,0.055345,0,0,0,1.0200,坪山区,23,23,0,0,0,0,1
2023-09-10,589179428,20190000000000000003,900200000000000044,1,71.590,309.087,22125.333,2023-09-10 03:15:00.000,L2FT01-FTJ028,15.19,0.000,0.666012,16605,0.435592,0.055345,0,0,0,1.0200,坪山区,23,23,0,0,0,0,1
2023-09-10,589179428,20190000000000000003,900200000000000044,1,71.590,309.707,22170.667,2023-09-10 03:30:00.000,L2FT01-FTJ028,15.19,0.000,0.666012,16605,0.435592,0.055345,0,0,0,1.0200,坪山区,23,23,0,0,0,0,1
2023-09-10,589179428,20190000000000000003,900200000000000035,1,94.191,309.171,29118.571,2023-09-10 03:30:00.000,L2FT01-FTJ028,15.19,0.000,0.666012,16605,0.435592,0.055345,0,0,0,1.0200,坪山区,23,23,0,0,0,0,1
2023-09-10,589179428,20190000000000000003,900200000000000035,1,94.090,309.687,29138.667,2023-09-10 03:45:00.000,L2FT01-FTJ028,15.19,0.000,0.666012,16605,0.435592,0.055345,0,0,0,1.0200,坪山区,23,23,0,0,0,0,1
2023-09-10,589179428,20190000000000000003,900200000000000044,1,71.590,310.520,22228.667,2023-09-10 03:45:00.000,L2FT01-FTJ028,15.19,0.000,0.666012,16605,0.435592,0.055345,0,0,0,1.0200,坪山区,23,23,0,0,0,0,1
2023-09-10,589179428,20190000000000000003,900200000000000035,1,96.251,311.433,29974.667,2023-09-10 04:00:00.000,L2FT01-FTJ028,15.67,0.000,0.666012,16605,0.435592,0.055345,0,0,0,1.0200,坪山区,23,23,0,0,0,0,1
2023-09-10,589179428,20190000000000000003,900200000000000044,1,71.590,311.420,22292.000,2023-09-10 04:00:00.000,L2FT01-FTJ028,15.67,0.000,0.666012,16605,0.435592,0.055345,0,0,0,1.0200,坪山区,23,23,0,0,0,0,1
2023-09-10,589179428,20190000000000000003,900200000000000035,1,98.590,313.347,30894.667,2023-09-10 04:15:00.000,L2FT01-FTJ028,15.67,0.000,0.666012,16605,0.435592,0.055345,0,0,0,1.0200,坪山区,23,23,0,0,0,0,1
2023-09-10,589179428,20190000000000000003,900200000000000044,1,71.590,311.953,22329.333,2023-09-10 04:15:00.000,L2FT01-FTJ028,15.67,0.000,0.666012,16605,0.435592,0.055345,0,0,0,1.0200,坪山区,23,23,0,0,0,0,1
2023-09-10,589179428,20190000000000000003,900200000000000035,1,98.590,314.507,31004.667,2023-09-10 04:30:00.000,L2FT01-FTJ028,15.67,0.000,0.666012,16605,0.435592,0.055345,0,0,0,1.0200,坪山区,23,23,0,0,0,0,1
2023-09-10,589179428,20190000000000000003,900200000000000044,1,71.590,312.180,22348.000,2023-09-10 04:30:00.000,L2FT01-FTJ028,15.67,0.000,0.666012,16605,0.435592,0.055345,0,0,0,1.0200,坪山区,23,23,0,0,0,0,1
2023-09-10,589179428,20190000000000000003,900200000000000035,1,65.907,323.092,21120.833,2023-09-10 04:45:00.000,L2FT01-FTJ028,15.67,0.000,0.666012,16605,0.435592,0.055345,0,0,0,1.0200,坪山区,23,23,0,0,0,0,1
2023-09-10,589179428,20190000000000000003,900200000000000042,1,128.865,311.940,39914.000,2023-09-10 04:45:00.000,L2FT01-FTJ028,15.67,0.000,0.666012,16605,0.435592,0.055345,0,0,0,1.0200,坪山区,23,23,0,0,0,0,1
2023-09-10,589179428,20190000000000000003,900200000000000044,1,71.584,312.540,22370.000,2023-09-10 04:45:00.000,L2FT01-FTJ028,15.67,0.000,0.666012,16605,0.435592,0.055345,0,0,0,1.0200,坪山区,23,23,0,0,0,0,1
2023-09-10,589179428,20190000000000000003,900200000000000042,1,143.000,310.833,44445.333,2023-09-10 05:00:00.000,L2FT01-FTJ028,15.97,0.000,0.666012,16605,0.435592,0.055345,0,0,0,1.0200,坪山区,23,23,0,0,0,0,1
2023-09-10,589179428,20190000000000000003,900200000000000044,1,71.590,313.907,22471.333,2023-09-10 05:00:00.000,L2FT01-FTJ028,15.97,0.000,0.666012,16605,0.435592,0.055345,0,0,0,1.0200,坪山区,23,23,0,0,0,0,1
2023-09-10,589179428,20190000000000000003,900200000000000044,1,57.673,322.233,18496.667,2023-09-10 05:15:00.000,L2FT01-FTJ028,15.97,0.000,0.666012,16605,0.435592,0.055345,0,0,0,1.0200,坪山区,23,23,0,0,0,0,1
2023-09-10,589179428,20190000000000000003,900200000000000042,1,143.000,312.000,44611.333,2023-09-10 05:15:00.000,L2FT01-FTJ028,15.97,0.000,0.666012,16605,0.435592,0.055345,0,0,0,1.0200,坪山区,23,23,0,0,0,0,1
2023-09-10,589179428,20190000000000000003,900200000000000042,1,143.000,313.833,44874.000,2023-09-10 05:30:00.000,L2FT01-FTJ028,15.97,0.000,0.666012,16605,0.435592,0.055345,0,0,0,1.0200,坪山区,23,23,0,0,0,0,1
2023-09-10,589179428,20190000000000000003,900200000000000042,1,143.000,315.160,45062.667,2023-09-10 05:45:00.000,L2FT01-FTJ028,15.97,0.000,0.666012,16605,0.435592,0.055345,0,0,0,1.0200,坪山区,23,23,0,0,0,0,1
2023-09-10,589179428,20190000000000000003,900200000000000042,1,90.532,321.086,28875.714,2023-09-10 06:00:00.000,L2FT01-FTJ028,16.07,0.000,0.666012,16605,0.435592,0.055345,0,0,0,1.0200,坪山区,23,23,0,0,0,0,1
2023-09-10,589179428,20190000000000000003,900200000000000049,1,65.588,297.854,20057.692,2023-09-10 06:00:00.000,L2FT01-FTJ028,16.07,0.000,0.666012,16605,0.435592,0.055345,0,0,0,1.0200,坪山区,23,23,0,0,0,0,1
2023-09-10,589179428,20190000000000000003,900200000000000030,1,129.870,311.333,40430.000,2023-09-10 06:15:00.000,L2FT01-FTJ028,16.07,0.000,0.666012,16605,0.435592,0.055345,0,0,0,1.0200,坪山区,23,23,0,0,0,0,1
2023-09-10,589179428,20190000000000000003,900200000000000049,1,71.000,307.900,21860.000,2023-09-10 06:15:00.000,L2FT01-FTJ028,16.07,0.000,0.666012,16605,0.435592,0.055345,0,0,0,1.0200,坪山区,23,23,0,0,0,0,1
2023-09-10,589179428,20190000000000000003,900200000000000030,1,129.956,311.953,40538.000,2023-09-10 06:30:00.000,L2FT01-FTJ028,16.07,0.000,0.666012,16605,0.435592,0.055345,0,0,0,1.0200,坪山区,23,23,0,0,0,0,1
2023-09-10,589179428,20190000000000000003,900200000000000030,1,130.000,313.067,40693.333,2023-09-10 06:45:00.000,L2FT01-FTJ028,16.07,0.000,0.666012,16605,0.435592,0.055345,0,0,0,1.0200,坪山区,23,23,0,0,0,0,1
2023-09-10,589179428,20190000000000000003,900200000000000030,1,130.000,314.633,40898.667,2023-09-10 07:00:00.000,L2FT01-FTJ028,15.97,0.000,0.666012,16605,0.435592,0.055345,0,0,0,1.0200,坪山区,23,23,0,0,0,0,1
2023-09-10,589179428,20190000000000000003,900200000000000047,1,44.790,408.887,18312.500,2023-09-10 07:00:00.000,L2FT01-FTJ028,15.97,0.000,0.666012,16605,0.435592,0.055345,0,0,0,1.0200,坪山区,23,23,0,0,0,0,1
2023-09-10,589179428,20190000000000000003,900200000000000030,1,129.978,316.053,41076.000,2023-09-10 07:15:00.000,L2FT01-FTJ028,15.97,0.000,0.666012,16605,0.435592,0.055345,0,0,0,1.0200,坪山区,23,23,0,0,0,0,1
2023-09-10,589179428,20190000000000000003,900200000000000047,1,44.857,410.967,18434.667,2023-09-10 07:15:00.000,L2FT01-FTJ028,15.97,0.000,0.666012,16605,0.435592,0.055345,0,0,0,1.0200,坪山区,23,23,0,0,0,0,1
2023-09-10,589179428,20190000000000000003,900200000000000047,1,35.043,411.680,14446.667,2023-09-10 07:30:00.000,L2FT01-FTJ028,15.97,0.000,0.666012,16605,0.435592,0.055345,0,0,0,1.0200,坪山区,23,23,0,0,0,0,1
2023-09-10,589179428,20190000000000000003,900200000000000030,1,81.250,324.957,26172.143,2023-09-10 07:30:00.000,L2FT01-FTJ028,15.97,0.000,0.666012,16605,0.435592,0.055345,0,0,0,1.0200,坪山区,23,23,0,0,0,0,1
2023-09-10,589179428,20190000000000000003,900200000000000035,1,127.420,377.637,48106.250,2023-09-10 07:30:00.000,L2FT01-FTJ028,15.97,0.000,0.666012,16605,0.435592,0.055345,0,0,0,1.0200,坪山区,23,23,0,0,0,0,1
2023-09-10,589179428,20190000000000000003,900200000000000035,1,125.000,387.080,48380.667,2023-09-10 07:45:00.000,L2FT01-FTJ028,15.97,0.000,0.666012,16605,0.435592,0.055345,0,0,0,1.0200,坪山区,23,23,0,0,0,0,1
2023-09-10,589179428,20190000000000000003,900200000000000047,1,17.223,412.353,7096.667,2023-09-10 07:45:00.000,L2FT01-FTJ028,15.97,0.000,0.666012,16605,0.435592,0.055345,0,0,0,1.0200,坪山区,23,23,0,0,0,0,1
2023-09-10,589179428,20190000000000000003,900200000000000035,1,120.375,399.727,48104.545,2023-09-10 08:00:00.000,L2FT01-FTJ028,15.67,0.000,0.666012,16605,0.435592,0.055345,0,0,0,1.0200,坪山区,23,23,0,0,0,0,1
2023-09-10,589179428,20190000000000000003,900200000000000047,1,13.890,434.200,6030.000,2023-09-10 08:00:00.000,L2FT01-FTJ028,15.67,0.000,0.666012,16605,0.435592,0.055345,0,0,0,1.0200,坪山区,23,23,0,0,0,0,1
2023-09-10,589179428,20190000000000000003,900200000000000056,1,61.500,351.900,21640.000,2023-09-10 08:15:00.000,L2FT01-FTJ028,15.67,0.000,0.666012,16605,0.435592,0.055345,0,0,0,1.0200,坪山区,23,23,0,0,0,0,1
2023-09-10,589179428,20190000000000000003,900200000000000032,1,60.934,352.200,21522.000,2023-09-10 09:30:00.000,L2FT01-FTJ028,15.19,0.000,0.666012,16605,0.435592,0.055345,0,0,0,1.0200,坪山区,23,23,0,0,0,0,1
2023-09-10,589179428,20190000000000000003,900200000000000032,1,71.223,359.173,25578.667,2023-09-10 09:45:00.000,L2FT01-FTJ028,15.19,0.000,0.666012,16605,0.435592,0.055345,0,0,0,1.0200,坪山区,23,23,0,0,0,0,1
2023-09-10,589179428,20190000000000000003,900200000000000032,1,71.217,361.953,25776.667,2023-09-10 10:00:00.000,L2FT01-FTJ028,14.57,0.000,0.666012,16605,0.435592,0.055345,0,0,0,1.0200,坪山区,23,23,0,0,0,0,1
2023-09-10,589179428,20190000000000000003,900200000000000032,1,71.283,363.047,25878.000,2023-09-10 10:15:00.000,L2FT01-FTJ028,14.57,0.000,0.666012,16605,0.435592,0.055345,0,0,0,1.0200,坪山区,23,23,0,0,0,0,1
2023-09-10,589179428,20190000000000000003,900200000000000032,1,71.290,364.100,25955.333,2023-09-10 10:30:00.000,L2FT01-FTJ028,14.57,0.000,0.666012,16605,0.435592,0.055345,0,0,0,1.0200,坪山区,23,23,0,0,0,0,1
2023-09-10,589179428,20190000000000000003,900200000000000032,1,71.290,366.020,26092.667,2023-09-10 10:45:00.000,L2FT01-FTJ028,14.57,0.000,0.666012,16605,0.435592,0.055345,0,0,0,1.0200,坪山区,23,23,0,0,0,0,1
2023-09-10,589179428,20190000000000000003,900200000000000032,1,71.290,366.973,26160.000,2023-09-10 11:00:00.000,L2FT01-FTJ028,13.85,0.000,0.666012,16605,0.435592,0.055345,0,0,0,1.0200,坪山区,23,23,0,0,0,0,1
2023-09-10,589179428,20190000000000000003,900200000000000032,1,71.290,367.367,26186.667,2023-09-10 11:15:00.000,L2FT01-FTJ028,13.85,0.000,0.666012,16605,0.435592,0.055345,0,0,0,1.0200,坪山区,23,23,0,0,0,0,1
2023-09-10,589179428,20190000000000000003,900200000000000042,1,57.760,282.383,16435.000,2023-09-10 12:00:00.000,L2FT01-FTJ028,13.07,0.000,0.666012,16605,0.435592,0.055345,0,0,0,1.0200,坪山区,23,23,0,0,0,0,1
2023-09-10,589179428,20190000000000000003,900200000000000043,1,68.154,446.400,30528.750,2023-09-10 12:00:00.000,L2FT01-FTJ028,13.07,0.000,0.666012,16605,0.435592,0.055345,0,0,0,1.0200,坪山区,23,23,0,0,0,0,1
2023-09-10,589179428,20190000000000000003,900200000000000042,1,70.898,298.827,21184.000,2023-09-10 12:15:00.000,L2FT01-FTJ028,13.07,0.000,0.666012,16605,0.435592,0.055345,0,0,0,1.0200,坪山区,23,23,0,0,0,0,1
2023-09-10,589179428,20190000000000000003,900200000000000043,1,46.619,469.860,21903.333,2023-09-10 12:15:00.000,L2FT01-FTJ028,13.07,0.000,0.666012,16605,0.435592,0.055345,0,0,0,1.0200,坪山区,23,23,0,0,0,0,1
2023-09-10,589179428,20190000000000000003,900200000000000038,1,81.729,466.433,38515.000,2023-09-10 12:30:00.000,L2FT01-FTJ028,13.07,0.000,0.666012,16605,0.435592,0.055345,0,0,0,1.0200,坪山区,23,23,0,0,0,0,1
2023-09-10,589179428,20190000000000000003,900200000000000042,1,71.551,304.920,21817.000,2023-09-10 12:30:00.000,L2FT01-FTJ028,13.07,0.000,0.666012,16605,0.435592,0.055345,0,0,0,1.0200,坪山区,23,23,0,0,0,0,1
2023-09-10,589179428,20190000000000000003,900200000000000043,1,33.978,469.160,15947.333,2023-09-10 12:30:00.000,L2FT01-FTJ028,13.07,0.000,0.666012,16605,0.435592,0.055345,0,0,0,1.0200,坪山区,23,23,0,0,0,0,1
2023-09-10,589179428,20190000000000000003,900200000000000038,1,85.458,472.507,40380.000,2023-09-10 12:45:00.000,L2FT01-FTJ028,13.07,0.000,0.666012,16605,0.435592,0.055345,0,0,0,1.0200,坪山区,23,23,0,0,0,0,1
2023-09-10,589179428,20190000000000000003,900200000000000043,1,16.657,469.153,7818.000,2023-09-10 12:45:00.000,L2FT01-FTJ028,13.07,0.000,0.666012,16605,0.435592,0.055345,0,0,0,1.0200,坪山区,23,23,0,0,0,0,1
2023-09-10,589179428,20190000000000000003,900200000000000039,1,63.639,320.600,20617.778,2023-09-10 13:00:00.000,L2FT01-FTJ028,12.30,0.000,0.666012,16605,0.435592,0.055345,0,0,0,1.0200,坪山区,23,23,0,0,0,0,1
2023-09-10,589179428,20190000000000000003,900200000000000038,1,65.858,472.389,31120.000,2023-09-10 13:00:00.000,L2FT01-FTJ028,12.30,0.000,0.666012,16605,0.435592,0.055345,0,0,0,1.0200,坪山区,23,23,0,0,0,0,1
2023-09-10,589179428,20190000000000000003,900200000000000043,1,12.604,469.100,5915.714,2023-09-10 13:00:00.000,L2FT01-FTJ028,12.30,0.000,0.666012,16605,0.435592,0.055345,0,0,0,1.0200,坪山区,23,23,0,0,0,0,1
2023-09-10,589179428,20190000000000000003,900200000000000043,1,97.172,328.820,31948.000,2023-09-10 13:15:00.000,L2FT01-FTJ028,12.30,0.000,0.666012,16605,0.435592,0.055345,0,0,0,1.0200,坪山区,23,23,0,0,0,0,1
2023-09-10,589179428,20190000000000000003,900200000000000057,1,45.000,403.500,18150.000,2023-09-10 13:45:00.000,L2FT01-FTJ028,12.30,0.000,0.666012,16605,0.435592,0.055345,0,0,0,1.0200,坪山区,23,23,0,0,0,0,1
2023-09-10,589179428,20190000000000000003,900200000000000052,1,62.524,351.273,21960.000,2023-09-10 13:45:00.000,L2FT01-FTJ028,12.30,0.000,0.666012,16605,0.435592,0.055345,0,0,0,1.0200,坪山区,23,23,0,0,0,0,1
2023-09-10,589179428,20190000000000000003,900200000000000052,1,62.500,353.867,22112.000,2023-09-10 14:00:00.000,L2FT01-FTJ028,11.57,0.000,0.666012,16605,0.435592,0.055345,0,0,0,1.0200,坪山区,23,23,0,0,0,0,1
2023-09-10,589179428,20190000000000000003,900200000000000057,1,45.000,407.060,18312.667,2023-09-10 14:00:00.000,L2FT01-FTJ028,11.57,0.000,0.666012,16605,0.435592,0.055345,0,0,0,1.0200,坪山区,23,23,0,0,0,0,1
2023-09-10,589179428,20190000000000000003,900200000000000030,1,121.487,328.833,39944.667,2023-09-10 14:15:00.000,L2FT01-FTJ028,11.57,0.000,0.666012,16605,0.435592,0.055345,0,0,0,1.0200,坪山区,23,23,0,0,0,0,1
2023-09-10,589179428,20190000000000000003,900200000000000052,1,48.290,353.330,17059.000,2023-09-10 14:15:00.000,L2FT01-FTJ028,11.57,0.000,0.666012,16605,0.435592,0.055345,0,0,0,1.0200,坪山区,23,23,0,0,0,0,1
2023-09-10,589179428,20190000000000000003,900200000000000057,1,45.000,409.700,18430.000,2023-09-10 14:15:00.000,L2FT01-FTJ028,11.57,0.000,0.666012,16605,0.435592,0.055345,0,0,0,1.0200,坪山区,23,23,0,0,0,0,1
2023-09-10,589179428,20190000000000000003,900200000000000030,1,66.232,343.073,22694.667,2023-09-10 14:30:00.000,L2FT01-FTJ028,11.57,0.000,0.666012,16605,0.435592,0.055345,0,0,0,1.0200,坪山区,23,23,0,0,0,0,1
2023-09-10,589179428,20190000000000000003,900200000000000057,1,42.172,412.153,17384.000,2023-09-10 14:30:00.000,L2FT01-FTJ028,11.57,0.000,0.666012,16605,0.435592,0.055345,0,0,0,1.0200,坪山区,23,23,0,0,0,0,1
2023-09-10,589179428,20190000000000000003,900200000000000057,1,21.879,412.800,9023.333,2023-09-10 14:45:00.000,L2FT01-FTJ028,11.57,0.000,0.666012,16605,0.435592,0.055345,0,0,0,1.0200,坪山区,23,23,0,0,0,0,1
2023-09-10,589179428,20190000000000000003,900200000000000057,1,14.000,425.533,5953.333,2023-09-10 15:00:00.000,L2FT01-FTJ028,10.95,0.000,0.666012,16605,0.435592,0.055345,0,0,0,1.0200,坪山区,23,23,0,0,0,0,1
2023-09-10,589179428,20190000000000000003,900200000000000031,1,199.890,315.800,63120.000,2023-09-10 15:30:00.000,L2FT01-FTJ028,10.95,0.000,0.666012,16605,0.435592,0.055345,0,0,0,1.0200,坪山区,23,23,0,0,0,0,1
2023-09-10,589179428,20190000000000000003,900200000000000031,1,147.597,319.778,46941.111,2023-09-10 15:45:00.000,L2FT01-FTJ028,10.95,0.000,0.666012,16605,0.435592,0.055345,0,0,0,1.0200,坪山区,23,23,0,0,0,0,1
2023-09-10,589179428,20190000000000000003,900200000000000039,1,90.609,451.700,42234.286,2023-09-10 17:00:00.000,L2FT01-FTJ028,10.17,0.000,0.666012,16605,0.435592,0.055345,0,0,0,1.0200,坪山区,23,23,0,0,0,0,1
2023-09-10,589179428,20190000000000000003,900200000000000039,1,118.405,472.073,55894.000,2023-09-10 17:15:00.000,L2FT01-FTJ028,10.17,0.000,0.666012,16605,0.435592,0.055345,0,0,0,1.0200,坪山区,23,23,0,0,0,0,1
2023-09-10,589179428,20190000000000000003,900200000000000038,1,71.290,308.500,21990.000,2023-09-10 17:15:00.000,L2FT01-FTJ028,10.17,0.000,0.666012,16605,0.435592,0.055345,0,0,0,1.0200,坪山区,23,23,0,0,0,0,1
2023-09-10,589179428,20190000000000000003,900200000000000035,1,109.000,310.100,33800.000,2023-09-10 17:15:00.000,L2FT01-FTJ028,10.17,0.000,0.666012,16605,0.435592,0.055345,0,0,0,1.0200,坪山区,23,23,0,0,0,0,1
2023-09-10,589179428,20190000000000000003,900200000000000035,1,71.563,312.233,22293.333,2023-09-10 17:30:00.000,L2FT01-FTJ028,10.17,0.000,0.666012,16605,0.435592,0.055345,0,0,0,1.0200,坪山区,23,23,0,0,0,0,1
2023-09-10,589179428,20190000000000000003,900200000000000039,1,110.445,472.200,52154.000,2023-09-10 17:30:00.000,L2FT01-FTJ028,10.17,0.000,0.666012,16605,0.435592,0.055345,0,0,0,1.0200,坪山区,23,23,0,0,0,0,1
2023-09-10,589179428,20190000000000000003,900200000000000035,1,107.092,312.511,33462.222,2023-09-10 17:45:00.000,L2FT01-FTJ028,10.17,0.000,0.666012,16605,0.435592,0.055345,0,0,0,1.0200,坪山区,23,23,0,0,0,0,1
2023-09-10,589179428,20190000000000000003,900200000000000039,1,104.912,472.360,49554.000,2023-09-10 17:45:00.000,L2FT01-FTJ028,10.17,0.000,0.666012,16605,0.435592,0.055345,0,0,0,1.0200,坪山区,23,23,0,0,0,0,1
2023-09-10,589179428,20190000000000000003,900200000000000048,1,10.254,356.380,3486.000,2023-09-10 17:45:00.000,L2FT01-FTJ028,10.17,0.000,0.666012,16605,0.435592,0.055345,0,0,0,1.0200,坪山区,23,23,0,0,0,0,1
2023-09-10,589179428,20190000000000000003,900200000000000048,1,14.411,341.607,4920.000,2023-09-10 18:00:00.000,L2FT01-FTJ028,10.07,0.000,0.666012,16605,0.435592,0.055345,0,0,0,1.0200,坪山区,23,23,0,0,0,0,1
2023-09-10,589179428,20190000000000000003,900200000000000048,1,14.506,343.020,4974.000,2023-09-10 18:15:00.000,L2FT01-FTJ028,10.07,0.000,0.666012,16605,0.435592,0.055345,0,0,0,1.0200,坪山区,23,23,0,0,0,0,1
2023-09-10,589179428,20190000000000000003,900200000000000048,1,14.950,346.567,5180.000,2023-09-10 18:30:00.000,L2FT01-FTJ028,10.07,0.000,0.666012,16605,0.435592,0.055345,0,0,0,1.0200,坪山区,23,23,0,0,0,0,1
2023-09-10,589179428,20190000000000000003,900200000000000057,1,34.240,347.062,11886.250,2023-09-10 20:00:00.000,L2FT01-FTJ028,10.47,0.000,0.666012,16605,0.435592,0.055345,0,0,0,1.0200,坪山区,23,23,0,0,0,0,1
2023-09-10,589179428,20190000000000000003,900200000000000057,1,38.223,351.292,13426.667,2023-09-10 20:15:00.000,L2FT01-FTJ028,10.47,0.000,0.666012,16605,0.435592,0.055345,0,0,0,1.0200,坪山区,23,23,0,0,0,0,1
2023-09-10,589179428,20190000000000000003,900200000000000042,1,28.963,337.983,10015.000,2023-09-10 20:45:00.000,L2FT01-FTJ028,10.47,0.000,0.666012,16605,0.435592,0.055345,0,0,0,1.0200,坪山区,23,23,0,0,0,0,1
2023-09-10,589179428,20190000000000000003,900200000000000035,1,97.290,322.800,31405.000,2023-09-10 21:00:00.000,L2FT01-FTJ028,10.95,0.000,0.666012,16605,0.435592,0.055345,0,0,0,1.0200,坪山区,23,23,0,0,0,0,1
2023-09-10,589179428,20190000000000000003,900200000000000035,1,97.031,326.033,31634.000,2023-09-10 21:15:00.000,L2FT01-FTJ028,10.95,0.000,0.666012,16605,0.435592,0.055345,0,0,0,1.0200,坪山区,23,23,0,0,0,0,1
2023-09-10,589179428,20190000000000000003,900200000000000035,1,97.000,327.460,31758.000,2023-09-10 21:30:00.000,L2FT01-FTJ028,10.95,0.000,0.666012,16605,0.435592,0.055345,0,0,0,1.0200,坪山区,23,23,0,0,0,0,1
2023-09-10,589179428,20190000000000000003,900200000000000035,1,83.000,332.892,27560.833,2023-09-10 21:45:00.000,L2FT01-FTJ028,10.95,0.000,0.666012,16605,0.435592,0.055345,0,0,0,1.0200,坪山区,23,23,0,0,0,0,1
2023-09-10,589179428,20190000000000000003,900200000000000058,1,142.879,354.500,50714.444,2023-09-10 21:45:00.000,L2FT01-FTJ028,10.95,0.000,0.666012,16605,0.435592,0.055345,0,0,0,1.0200,坪山区,23,23,0,0,0,0,1
2023-09-10,589179428,20190000000000000003,900200000000000058,1,149.823,366.133,54854.000,2023-09-10 22:00:00.000,L2FT01-FTJ028,11.57,0.000,0.666012,16605,0.435592,0.055345,0,0,0,1.0200,坪山区,23,23,0,0,0,0,1
2023-09-10,589179428,20190000000000000003,900200000000000058,1,95.750,382.780,36603.333,2023-09-10 22:15:00.000,L2FT01-FTJ028,11.57,0.000,0.666012,16605,0.435592,0.055345,0,0,0,1.0200,坪山区,23,23,0,0,0,0,1
2023-09-10,589179428,20190000000000000003,900200000000000058,1,24.226,383.514,9288.571,2023-09-10 22:30:00.000,L2FT01-FTJ028,11.57,0.000,0.666012,16605,0.435592,0.055345,0,0,0,1.0200,坪山区,23,23,0,0,0,0,1
2023-09-11,589179428,20190000000000000003,900200000000000043,1,71.775,371.517,26663.333,2023-09-11 00:00:00.000,L2FT01-FTJ028,13.07,0.000,0.666012,16605,0.435592,0.055345,0,0,1,1.0200,坪山区,23,23,0,0,0,0,1
2023-09-11,589179428,20190000000000000003,900200000000000056,1,60.871,336.192,20558.462,2023-09-11 00:00:00.000,L2FT01-FTJ028,13.07,0.000,0.666012,16605,0.435592,0.055345,0,0,1,1.0200,坪山区,23,23,0,0,0,0,1
2023-09-11,589179428,20190000000000000003,900200000000000043,1,71.657,373.127,26736.667,2023-09-11 00:15:00.000,L2FT01-FTJ028,13.07,0.000,0.666012,16605,0.435592,0.055345,0,0,1,1.0200,坪山区,23,23,0,0,0,0,1
2023-09-11,589179428,20190000000000000003,900200000000000056,1,80.004,343.533,27482.000,2023-09-11 00:15:00.000,L2FT01-FTJ028,13.07,0.000,0.666012,16605,0.435592,0.055345,0,0,1,1.0200,坪山区,23,23,0,0,0,0,1
2023-09-11,589179428,20190000000000000003,900200000000000043,1,71.690,374.013,26811.333,2023-09-11 00:30:00.000,L2FT01-FTJ028,13.07,0.000,0.666012,16605,0.435592,0.055345,0,0,1,1.0200,坪山区,23,23,0,0,0,0,1
2023-09-11,589179428,20190000000000000003,900200000000000056,1,79.810,350.833,27996.667,2023-09-11 00:30:00.000,L2FT01-FTJ028,13.07,0.000,0.666012,16605,0.435592,0.055345,0,0,1,1.0200,坪山区,23,23,0,0,0,0,1
2023-09-11,589179428,20190000000000000003,900200000000000056,1,76.783,361.347,27747.333,2023-09-11 00:45:00.000,L2FT01-FTJ028,13.07,0.000,0.666012,16605,0.435592,0.055345,0,0,1,1.0200,坪山区,23,23,0,0,0,0,1
2023-09-11,589179428,20190000000000000003,900200000000000043,1,71.690,376.127,26964.000,2023-09-11 00:45:00.000,L2FT01-FTJ028,13.07,0.000,0.666012,16605,0.435592,0.055345,0,0,1,1.0200,坪山区,23,23,0,0,0,0,1
2023-09-11,589179428,20190000000000000003,900200000000000039,1,196.129,312.029,61195.714,2023-09-11 01:00:00.000,L2FT01-FTJ028,13.85,0.000,0.666012,16605,0.435592,0.055345,0,0,1,1.0200,坪山区,23,23,0,0,0,0,1
2023-09-11,589179428,20190000000000000003,900200000000000043,1,71.277,377.433,26900.000,2023-09-11 01:00:00.000,L2FT01-FTJ028,13.85,0.000,0.666012,16605,0.435592,0.055345,0,0,1,1.0200,坪山区,23,23,0,0,0,0,1
2023-09-11,589179428,20190000000000000003,900200000000000056,1,68.093,372.520,25358.000,2023-09-11 01:00:00.000,L2FT01-FTJ028,13.85,0.000,0.666012,16605,0.435592,0.055345,0,0,1,1.0200,坪山区,23,23,0,0,0,0,1
2023-09-11,589179428,20190000000000000003,900200000000000039,1,195.971,314.347,61597.333,2023-09-11 01:15:00.000,L2FT01-FTJ028,13.85,0.000,0.666012,16605,0.435592,0.055345,0,0,1,1.0200,坪山区,23,23,0,0,0,0,1
2023-09-11,589179428,20190000000000000003,900200000000000043,1,66.023,381.807,25202.667,2023-09-11 01:15:00.000,L2FT01-FTJ028,13.85,0.000,0.666012,16605,0.435592,0.055345,0,0,1,1.0200,坪山区,23,23,0,0,0,0,1
2023-09-11,589179428,20190000000000000003,900200000000000056,1,51.398,381.120,19590.000,2023-09-11 01:15:00.000,L2FT01-FTJ028,13.85,0.000,0.666012,16605,0.435592,0.055345,0,0,1,1.0200,坪山区,23,23,0,0,0,0,1
2023-09-11,589179428,20190000000000000003,900200000000000039,1,196.000,317.380,62202.000,2023-09-11 01:30:00.000,L2FT01-FTJ028,13.85,0.000,0.666012,16605,0.435592,0.055345,0,0,1,1.0200,坪山区,23,23,0,0,0,0,1
2023-09-11,589179428,20190000000000000003,900200000000000043,1,59.964,328.900,19052.727,2023-09-11 01:30:00.000,L2FT01-FTJ028,13.85,0.000,0.666012,16605,0.435592,0.055345,0,0,1,1.0200,坪山区,23,23,0,0,0,0,1
2023-09-11,589179428,20190000000000000003,900200000000000044,0,0.000,201.900,0.000,2023-09-11 01:30:00.000,L2FT01-FTJ028,13.85,0.000,0.666012,16605,0.435592,0.055345,0,0,1,1.0200,坪山区,23,23,0,0,0,0,1
2023-09-11,589179428,20190000000000000003,900200000000000056,1,30.993,385.257,11940.000,2023-09-11 01:30:00.000,L2FT01-FTJ028,13.85,0.000,0.666012,16605,0.435592,0.055345,0,0,1,1.0200,坪山区,23,23,0,0,0,0,1
2023-09-11,589179428,20190000000000000003,900200000000000044,1,71.623,308.253,22077.333,2023-09-11 01:45:00.000,L2FT01-FTJ028,13.85,0.000,0.666012,16605,0.435592,0.055345,0,0,1,1.0200,坪山区,23,23,0,0,0,0,1
2023-09-11,589179428,20190000000000000003,900200000000000039,1,67.115,324.250,21677.500,2023-09-11 01:45:00.000,L2FT01-FTJ028,13.85,0.000,0.666012,16605,0.435592,0.055345,0,0,1,1.0200,坪山区,23,23,0,0,0,0,1
2023-09-11,589179428,20190000000000000003,900200000000000043,1,71.650,307.893,22057.333,2023-09-11 01:45:00.000,L2FT01-FTJ028,13.85,0.000,0.666012,16605,0.435592,0.055345,0,0,1,1.0200,坪山区,23,23,0,0,0,0,1
2023-09-11,589179428,20190000000000000003,900200000000000044,1,71.590,308.247,22064.667,2023-09-11 02:00:00.000,L2FT01-FTJ028,14.57,0.000,0.666012,16605,0.435592,0.055345,0,0,1,1.0200,坪山区,23,23,0,0,0,0,1
2023-09-11,589179428,20190000000000000003,900200000000000043,1,71.690,308.040,22082.000,2023-09-11 02:00:00.000,L2FT01-FTJ028,14.57,0.000,0.666012,16605,0.435592,0.055345,0,0,1,1.0200,坪山区,23,23,0,0,0,0,1
2023-09-11,589179428,20190000000000000003,900200000000000043,1,71.650,308.640,22112.667,2023-09-11 02:15:00.000,L2FT01-FTJ028,14.57,0.000,0.666012,16605,0.435592,0.055345,0,0,1,1.0200,坪山区,23,23,0,0,0,0,1
2023-09-11,589179428,20190000000000000003,900200000000000044,1,71.590,308.547,22087.333,2023-09-11 02:15:00.000,L2FT01-FTJ028,14.57,0.000,0.666012,16605,0.435592,0.055345,0,0,1,1.0200,坪山区,23,23,0,0,0,0,1
2023-09-11,589179428,20190000000000000003,900200000000000043,1,71.630,309.920,22198.000,2023-09-11 02:30:00.000,L2FT01-FTJ028,14.57,0.000,0.666012,16605,0.435592,0.055345,0,0,1,1.0200,坪山区,23,23,0,0,0,0,1
2023-09-11,589179428,20190000000000000003,900200000000000044,1,71.590,309.393,22148.000,2023-09-11 02:30:00.000,L2FT01-FTJ028,14.57,0.000,0.666012,16605,0.435592,0.055345,0,0,1,1.0200,坪山区,23,23,0,0,0,0,1
2023-09-11,589179428,20190000000000000003,900200000000000043,1,71.650,311.387,22309.333,2023-09-11 02:45:00.000,L2FT01-FTJ028,14.57,0.000,0.666012,16605,0.435592,0.055345,0,0,1,1.0200,坪山区,23,23,0,0,0,0,1
2023-09-11,589179428,20190000000000000003,900200000000000044,1,71.590,311.013,22264.000,2023-09-11 02:45:00.000,L2FT01-FTJ028,14.57,0.000,0.666012,16605,0.435592,0.055345,0,0,1,1.0200,坪山区,23,23,0,0,0,0,1
2023-09-11,589179428,20190000000000000003,900200000000000042,1,195.560,309.300,60481.333,2023-09-11 03:00:00.000,L2FT01-FTJ028,15.19,0.000,0.666012,16605,0.435592,0.055345,0,0,1,1.0200,坪山区,23,23,0,0,0,0,1
2023-09-11,589179428,20190000000000000003,900200000000000043,1,71.683,311.987,22363.333,2023-09-11 03:00:00.000,L2FT01-FTJ028,15.19,0.000,0.666012,16605,0.435592,0.055345,0,0,1,1.0200,坪山区,23,23,0,0,0,0,1
2023-09-11,589179428,20190000000000000003,900200000000000044,1,71.590,311.967,22330.667,2023-09-11 03:00:00.000,L2FT01-FTJ028,15.19,0.000,0.666012,16605,0.435592,0.055345,0,0,1,1.0200,坪山区,23,23,0,0,0,0,1
2023-09-11,589179428,20190000000000000003,900200000000000042,1,182.446,312.360,56998.000,2023-09-11 03:15:00.000,L2FT01-FTJ028,15.19,0.000,0.666012,16605,0.435592,0.055345,0,0,1,1.0200,坪山区,23,23,0,0,0,0,1
2023-09-11,589179428,20190000000000000003,900200000000000043,1,71.690,312.707,22416.000,2023-09-11 03:15:00.000,L2FT01-FTJ028,15.19,0.000,0.666012,16605,0.435592,0.055345,0,0,1,1.0200,坪山区,23,23,0,0,0,0,1
2023-09-11,589179428,20190000000000000003,900200000000000044,1,71.590,312.413,22364.667,2023-09-11 03:15:00.000,L2FT01-FTJ028,15.19,0.000,0.666012,16605,0.435592,0.055345,0,0,1,1.0200,坪山区,23,23,0,0,0,0,1
2023-09-11,589179428,20190000000000000003,900200000000000044,1,71.590,313.140,22416.000,2023-09-11 03:30:00.000,L2FT01-FTJ028,15.19,0.000,0.666012,16605,0.435592,0.055345,0,0,1,1.0200,坪山区,23,23,0,0,0,0,1
2023-09-11,589179428,20190000000000000003,900200000000000043,1,67.437,317.047,21334.667,2023-09-11 03:30:00.000,L2FT01-FTJ028,15.19,0.000,0.666012,16605,0.435592,0.055345,0,0,1,1.0200,坪山区,23,23,0,0,0,0,1
2023-09-11,589179428,20190000000000000003,900200000000000042,1,140.691,312.273,43934.000,2023-09-11 03:30:00.000,L2FT01-FTJ028,15.19,0.000,0.666012,16605,0.435592,0.055345,0,0,1,1.0200,坪山区,23,23,0,0,0,0,1
2023-09-11,589179428,20190000000000000003,900200000000000035,1,191.272,308.700,59041.818,2023-09-11 03:45:00.000,L2FT01-FTJ028,15.19,0.000,0.666012,16605,0.435592,0.055345,0,0,1,1.0200,坪山区,23,23,0,0,0,0,1
2023-09-11,589179428,20190000000000000003,900200000000000042,1,143.090,314.067,44938.667,2023-09-11 03:45:00.000,L2FT01-FTJ028,15.19,0.000,0.666012,16605,0.435592,0.055345,0,0,1,1.0200,坪山区,23,23,0,0,0,0,1
2023-09-11,589179428,20190000000000000003,900200000000000043,1,29.790,332.300,9900.000,2023-09-11 03:45:00.000,L2FT01-FTJ028,15.19,0.000,0.666012,16605,0.435592,0.055345,0,0,1,1.0200,坪山区,23,23,0,0,0,0,1
2023-09-11,589179428,20190000000000000003,900200000000000044,1,65.626,318.543,20828.571,2023-09-11 03:45:00.000,L2FT01-FTJ028,15.19,0.000,0.666012,16605,0.435592,0.055345,0,0,1,1.0200,坪山区,23,23,0,0,0,0,1
2023-09-11,589179428,20190000000000000003,900200000000000035,1,191.100,312.113,59640.000,2023-09-11 04:00:00.000,L2FT01-FTJ028,15.67,0.000,0.666012,16605,0.435592,0.055345,0,0,1,1.0200,坪山区,23,23,0,0,0,0,1
2023-09-11,589179428,20190000000000000003,900200000000000042,1,143.090,315.020,45074.000,2023-09-11 04:00:00.000,L2FT01-FTJ028,15.67,0.000,0.666012,16605,0.435592,0.055345,0,0,1,1.0200,坪山区,23,23,0,0,0,0,1
2023-09-11,589179428,20190000000000000003,900200000000000035,1,191.027,313.593,59899.333,2023-09-11 04:15:00.000,L2FT01-FTJ028,15.67,0.000,0.666012,16605,0.435592,0.055345,0,0,1,1.0200,坪山区,23,23,0,0,0,0,1
2023-09-11,589179428,20190000000000000003,900200000000000042,1,113.378,319.773,36082.000,2023-09-11 04:15:00.000,L2FT01-FTJ028,15.67,0.000,0.666012,16605,0.435592,0.055345,0,0,1,1.0200,坪山区,23,23,0,0,0,0,1
2023-09-11,589179428,20190000000000000003,900200000000000035,1,191.040,315.487,60266.000,2023-09-11 04:30:00.000,L2FT01-FTJ028,15.67,0.000,0.666012,16605,0.435592,0.055345,0,0,1,1.0200,坪山区,23,23,0,0,0,0,1
2023-09-11,589179428,20190000000000000003,900200000000000042,1,25.290,332.200,8400.000,2023-09-11 04:30:00.000,L2FT01-FTJ028,15.67,0.000,0.666012,16605,0.435592,0.055345,0,0,1,1.0200,坪山区,23,23,0,0,0,0,1
2023-09-11,589179428,20190000000000000003,900200000000000035,1,159.839,317.967,50794.667,2023-09-11 04:45:00.000,L2FT01-FTJ028,15.67,0.000,0.666012,16605,0.435592,0.055345,0,0,1,1.0200,坪山区,23,23,0,0,0,0,1
2023-09-11,589179428,20190000000000000003,900200000000000035,1,35.740,329.525,11760.000,2023-09-11 05:00:00.000,L2FT01-FTJ028,15.97,0.000,0.666012,16605,0.435592,0.055345,0,0,1,1.0200,坪山区,23,23,0,0,0,0,1
2023-09-11,589179428,20190000000000000003,900200000000000052,1,63.872,442.660,29494.000,2023-09-11 06:00:00.000,L2FT01-FTJ028,16.07,0.000,0.666012,16605,0.435592,0.055345,0,0,1,1.0200,坪山区,23,23,0,0,0,0,1
2023-09-11,589179428,20190000000000000003,900200000000000052,1,127.254,470.440,59863.333,2023-09-11 06:15:00.000,L2FT01-FTJ028,16.07,0.000,0.666012,16605,0.435592,0.055345,0,0,1,1.0200,坪山区,23,23,0,0,0,0,1
2023-09-11,589179428,20190000000000000003,900200000000000052,1,116.884,470.120,54948.667,2023-09-11 06:30:00.000,L2FT01-FTJ028,16.07,0.000,0.666012,16605,0.435592,0.055345,0,0,1,1.0200,坪山区,23,23,0,0,0,0,1
2023-09-11,589179428,20190000000000000003,900200000000000052,1,115.077,470.020,54090.000,2023-09-11 06:45:00.000,L2FT01-FTJ028,16.07,0.000,0.666012,16605,0.435592,0.055345,0,0,1,1.0200,坪山区,23,23,0,0,0,0,1
2023-09-11,589179428,20190000000000000003,900200000000000035,1,89.804,354.555,31837.273,2023-09-11 07:00:00.000,L2FT01-FTJ028,15.97,0.000,0.666012,16605,0.435592,0.055345,0,0,1,1.0200,坪山区,23,23,0,0,0,0,1
2023-09-11,589179428,20190000000000000003,900200000000000052,1,46.386,469.300,21772.857,2023-09-11 07:00:00.000,L2FT01-FTJ028,15.97,0.000,0.666012,16605,0.435592,0.055345,0,0,1,1.0200,坪山区,23,23,0,0,0,0,1
2023-09-11,589179428,20190000000000000003,900200000000000035,1,85.431,356.007,30412.000,2023-09-11 07:15:00.000,L2FT01-FTJ028,15.97,0.000,0.666012,16605,0.435592,0.055345,0,0,1,1.0200,坪山区,23,23,0,0,0,0,1
2023-09-11,589179428,20190000000000000003,900200000000000048,1,91.500,419.700,38400.000,2023-09-11 07:15:00.000,L2FT01-FTJ028,15.97,0.000,0.666012,16605,0.435592,0.055345,0,0,1,1.0200,坪山区,23,23,0,0,0,0,1
2023-09-11,589179428,20190000000000000003,900200000000000035,1,71.597,356.120,25504.000,2023-09-11 07:30:00.000,L2FT01-FTJ028,15.97,0.000,0.666012,16605,0.435592,0.055345,0,0,1,1.0200,坪山区,23,23,0,0,0,0,1
2023-09-11,589179428,20190000000000000003,900200000000000038,1,48.790,320.100,15620.000,2023-09-11 07:30:00.000,L2FT01-FTJ028,15.97,0.000,0.666012,16605,0.435592,0.055345,0,0,1,1.0200,坪山区,23,23,0,0,0,0,1
2023-09-11,589179428,20190000000000000003,900200000000000048,1,91.124,422.487,38498.000,2023-09-11 07:30:00.000,L2FT01-FTJ028,15.97,0.000,0.666012,16605,0.435592,0.055345,0,0,1,1.0200,坪山区,23,23,0,0,0,0,1
2023-09-11,589179428,20190000000000000003,900200000000000035,1,47.877,354.863,16988.750,2023-09-11 07:45:00.000,L2FT01-FTJ028,15.97,0.000,0.666012,16605,0.435592,0.055345,0,0,1,1.0200,坪山区,23,23,0,0,0,0,1
2023-09-11,589179428,20190000000000000003,900200000000000038,1,51.693,327.013,16901.333,2023-09-11 07:45:00.000,L2FT01-FTJ028,15.97,0.000,0.666012,16605,0.435592,0.055345,0,0,1,1.0200,坪山区,23,23,0,0,0,0,1
2023-09-11,589179428,20190000000000000003,900200000000000048,1,87.205,423.947,36967.333,2023-09-11 07:45:00.000,L2FT01-FTJ028,15.97,0.000,0.666012,16605,0.435592,0.055345,0,0,1,1.0200,坪山区,23,23,0,0,0,0,1
2023-09-11,589179428,20190000000000000003,900200000000000048,1,77.690,425.420,33050.000,2023-09-11 08:00:00.000,L2FT01-FTJ028,15.67,0.000,0.666012,16605,0.435592,0.055345,0,0,1,1.0200,坪山区,23,23,0,0,0,0,1
2023-09-11,589179428,20190000000000000003,900200000000000038,1,52.299,334.580,17496.667,2023-09-11 08:00:00.000,L2FT01-FTJ028,15.67,0.000,0.666012,16605,0.435592,0.055345,0,0,1,1.0200,坪山区,23,23,0,0,0,0,1
2023-09-11,589179428,20190000000000000003,900200000000000038,1,52.152,344.820,17977.333,2023-09-11 08:15:00.000,L2FT01-FTJ028,15.67,0.000,0.666012,16605,0.435592,0.055345,0,0,1,1.0200,坪山区,23,23,0,0,0,0,1
2023-09-11,589179428,20190000000000000003,900200000000000048,1,56.870,424.613,24155.333,2023-09-11 08:15:00.000,L2FT01-FTJ028,15.67,0.000,0.666012,16605,0.435592,0.055345,0,0,1,1.0200,坪山区,23,23,0,0,0,0,1
2023-09-11,589179428,20190000000000000003,900200000000000038,1,38.585,352.320,13585.333,2023-09-11 08:30:00.000,L2FT01-FTJ028,15.67,0.000,0.666012,16605,0.435592,0.055345,0,0,1,1.0200,坪山区,23,23,0,0,0,0,1
2023-09-11,589179428,20190000000000000003,900200000000000048,1,44.152,429.538,18923.077,2023-09-11 08:30:00.000,L2FT01-FTJ028,15.67,0.000,0.666012,16605,0.435592,0.055345,0,0,1,1.0200,坪山区,23,23,0,0,0,0,1
2023-09-11,589179428,20190000000000000003,900200000000000038,1,26.698,357.307,9534.000,2023-09-11 08:45:00.000,L2FT01-FTJ028,15.67,0.000,0.666012,16605,0.435592,0.055345,0,0,1,1.0200,坪山区,23,23,0,0,0,0,1
2023-09-11,589179428,20190000000000000003,900200000000000038,1,19.139,361.040,6906.000,2023-09-11 09:00:00.000,L2FT01-FTJ028,15.19,0.000,0.666012,16605,0.435592,0.055345,0,0,1,1.0200,坪山区,23,23,0,0,0,0,1
2023-09-11,589179428,20190000000000000003,900200000000000038,1,15.142,363.067,5495.000,2023-09-11 09:15:00.000,L2FT01-FTJ028,15.19,0.000,0.666012,16605,0.435592,0.055345,0,0,1,1.0200,坪山区,23,23,0,0,0,0,1
2023-09-11,589179428,20190000000000000003,900200000000000048,1,58.436,332.120,19396.000,2023-09-11 09:15:00.000,L2FT01-FTJ028,15.19,0.000,0.666012,16605,0.435592,0.055345,0,0,1,1.0200,坪山区,23,23,0,0,0,0,1
2023-09-11,589179428,20190000000000000003,900200000000000043,1,130.552,365.540,47940.000,2023-09-11 09:30:00.000,L2FT01-FTJ028,15.19,0.000,0.666012,16605,0.435592,0.055345,0,0,1,1.0200,坪山区,23,23,0,0,0,0,1
2023-09-11,589179428,20190000000000000003,900200000000000048,1,72.897,337.500,24601.333,2023-09-11 09:30:00.000,L2FT01-FTJ028,15.19,0.000,0.666012,16605,0.435592,0.055345,0,0,1,1.0200,坪山区,23,23,0,0,0,0,1
2023-09-11,589179428,20190000000000000003,900200000000000043,1,155.254,382.680,59411.333,2023-09-11 09:45:00.000,L2FT01-FTJ028,15.19,0.000,0.666012,16605,0.435592,0.055345,0,0,1,1.0200,坪山区,23,23,0,0,0,0,1
2023-09-11,589179428,20190000000000000003,900200000000000048,1,72.890,348.000,25363.571,2023-09-11 09:45:00.000,L2FT01-FTJ028,15.19,0.000,0.666012,16605,0.435592,0.055345,0,0,1,1.0200,坪山区,23,23,0,0,0,0,1
2023-09-11,589179428,20190000000000000003,900200000000000043,1,112.472,405.456,45501.111,2023-09-11 10:00:00.000,L2FT01-FTJ028,14.57,0.000,0.666012,16605,0.435592,0.055345,0,0,1,1.0200,坪山区,23,23,0,0,0,0,1
2023-09-11,589179428,20190000000000000003,900200000000000048,1,68.780,346.633,23940.000,2023-09-11 10:15:00.000,L2FT01-FTJ028,14.57,0.000,0.666012,16605,0.435592,0.055345,0,0,1,1.0200,坪山区,23,23,0,0,0,0,1
2023-09-11,589179428,20190000000000000003,900200000000000048,1,82.449,353.980,29182.000,2023-09-11 10:30:00.000,L2FT01-FTJ028,14.57,0.000,0.666012,16605,0.435592,0.055345,0,0,1,1.0200,坪山区,23,23,0,0,0,0,1
2023-09-11,589179428,20190000000000000003,900200000000000048,1,78.537,363.000,28494.667,2023-09-11 10:45:00.000,L2FT01-FTJ028,14.57,0.000,0.666012,16605,0.435592,0.055345,0,0,1,1.0200,坪山区,23,23,0,0,0,0,1
2023-09-11,589179428,20190000000000000003,900200000000000048,1,61.945,369.967,22911.667,2023-09-11 11:00:00.000,L2FT01-FTJ028,13.85,0.000,0.666012,16605,0.435592,0.055345,0,0,1,1.0200,坪山区,23,23,0,0,0,0,1
2023-09-11,589179428,20190000000000000003,900200000000000043,0,0.000,286.100,0.000,2023-09-11 11:45:00.000,L2FT01-FTJ028,13.85,0.000,0.666012,16605,0.435592,0.055345,0,0,1,1.0200,坪山区,23,23,0,0,0,0,1
2023-09-11,589179428,20190000000000000003,900200000000000035,1,119.000,311.567,37380.833,2023-09-11 12:00:00.000,L2FT01-FTJ028,13.07,0.000,0.666012,16605,0.435592,0.055345,0,0,1,1.0200,坪山区,23,23,0,0,0,0,1
2023-09-11,589179428,20190000000000000003,900200000000000043,1,96.655,357.200,34675.333,2023-09-11 12:00:00.000,L2FT01-FTJ028,13.07,0.000,0.666012,16605,0.435592,0.055345,0,0,1,1.0200,坪山区,23,23,0,0,0,0,1
2023-09-11,589179428,20190000000000000003,900200000000000035,1,125.225,317.054,39638.462,2023-09-11 12:15:00.000,L2FT01-FTJ028,13.07,0.000,0.666012,16605,0.435592,0.055345,0,0,1,1.0200,坪山区,23,23,0,0,0,0,1
2023-09-11,589179428,20190000000000000003,900200000000000043,1,87.604,373.693,32696.000,2023-09-11 12:15:00.000,L2FT01-FTJ028,13.07,0.000,0.666012,16605,0.435592,0.055345,0,0,1,1.0200,坪山区,23,23,0,0,0,0,1
2023-09-11,589179428,20190000000000000003,900200000000000035,1,63.490,349.200,22330.000,2023-09-11 12:30:00.000,L2FT01-FTJ028,13.07,0.000,0.666012,16605,0.435592,0.055345,0,0,1,1.0200,坪山区,23,23,0,0,0,0,1
2023-09-11,589179428,20190000000000000003,900200000000000043,1,59.617,383.420,22840.667,2023-09-11 12:30:00.000,L2FT01-FTJ028,13.07,0.000,0.666012,16605,0.435592,0.055345,0,0,1,1.0200,坪山区,23,23,0,0,0,0,1
2023-09-11,589179428,20190000000000000003,900200000000000035,1,101.777,356.267,36332.000,2023-09-11 12:45:00.000,L2FT01-FTJ028,13.07,0.000,0.666012,16605,0.435592,0.055345,0,0,1,1.0200,坪山区,23,23,0,0,0,0,1
2023-09-11,589179428,20190000000000000003,900200000000000043,1,23.613,386.340,9117.333,2023-09-11 12:45:00.000,L2FT01-FTJ028,13.07,0.000,0.666012,16605,0.435592,0.055345,0,0,1,1.0200,坪山区,23,23,0,0,0,0,1
2023-09-11,589179428,20190000000000000003,900200000000000043,1,22.000,388.067,8533.333,2023-09-11 13:00:00.000,L2FT01-FTJ028,12.30,0.000,0.666012,16605,0.435592,0.055345,0,0,1,1.0200,坪山区,23,23,0,0,0,0,1
2023-09-11,589179428,20190000000000000003,900200000000000030,1,127.161,390.833,48883.333,2023-09-11 13:00:00.000,L2FT01-FTJ028,12.30,0.000,0.666012,16605,0.435592,0.055345,0,0,1,1.0200,坪山区,23,23,0,0,0,0,1
2023-09-11,589179428,20190000000000000003,900200000000000035,1,84.890,358.100,30400.000,2023-09-11 13:00:00.000,L2FT01-FTJ028,12.30,0.000,0.666012,16605,0.435592,0.055345,0,0,1,1.0200,坪山区,23,23,0,0,0,0,1
2023-09-11,589179428,20190000000000000003,900200000000000030,1,122.445,395.013,48310.000,2023-09-11 13:15:00.000,L2FT01-FTJ028,12.30,0.000,0.666012,16605,0.435592,0.055345,0,0,1,1.0200,坪山区,23,23,0,0,0,0,1
2023-09-11,589179428,20190000000000000003,900200000000000030,1,93.493,410.333,38335.333,2023-09-11 13:30:00.000,L2FT01-FTJ028,12.30,0.000,0.666012,16605,0.435592,0.055345,0,0,1,1.0200,坪山区,23,23,0,0,0,0,1
2023-09-11,589179428,20190000000000000003,900200000000000030,1,84.145,420.333,35361.667,2023-09-11 13:45:00.000,L2FT01-FTJ028,12.30,0.000,0.666012,16605,0.435592,0.055345,0,0,1,1.0200,坪山区,23,23,0,0,0,0,1
2023-09-11,589179428,20190000000000000003,900200000000000032,1,105.354,313.120,32985.000,2023-09-11 15:45:00.000,L2FT01-FTJ028,10.95,0.000,0.666012,16605,0.435592,0.055345,0,0,1,1.0200,坪山区,23,23,0,0,0,0,1
2023-09-11,589179428,20190000000000000003,900200000000000032,1,105.369,315.215,33211.538,2023-09-11 16:00:00.000,L2FT01-FTJ028,10.47,0.000,0.666012,16605,0.435592,0.055345,0,0,1,1.0200,坪山区,23,23,0,0,0,0,1
2023-09-11,589179428,20190000000000000003,900200000000000047,1,164.323,302.333,52137.500,2023-09-11 16:30:00.000,L2FT01-FTJ028,10.47,0.000,0.666012,16605,0.435592,0.055345,0,0,1,1.0200,坪山区,23,23,0,0,0,0,1
2023-09-11,589179428,20190000000000000003,900200000000000047,1,43.260,333.367,14383.333,2023-09-11 16:45:00.000,L2FT01-FTJ028,10.47,0.000,0.666012,16605,0.435592,0.055345,0,0,1,1.0200,坪山区,23,23,0,0,0,0,1
2023-09-11,589179428,20190000000000000003,900200000000000030,1,87.544,409.238,36448.750,2023-09-11 17:00:00.000,L2FT01-FTJ028,10.17,0.000,0.666012,16605,0.435592,0.055345,0,0,1,1.0200,坪山区,23,23,0,0,0,0,1
2023-09-11,589179428,20190000000000000003,900200000000000039,1,196.049,312.438,61251.250,2023-09-11 17:00:00.000,L2FT01-FTJ028,10.17,0.000,0.666012,16605,0.435592,0.055345,0,0,1,1.0200,坪山区,23,23,0,0,0,0,1
2023-09-11,589179428,20190000000000000003,900200000000000039,1,195.963,313.953,61519.333,2023-09-11 17:15:00.000,L2FT01-FTJ028,10.17,0.000,0.666012,16605,0.435592,0.055345,0,0,1,1.0200,坪山区,23,23,0,0,0,0,1
2023-09-11,589179428,20190000000000000003,900200000000000030,1,102.558,426.733,43777.333,2023-09-11 17:15:00.000,L2FT01-FTJ028,10.17,0.000,0.666012,16605,0.435592,0.055345,0,0,1,1.0200,坪山区,23,23,0,0,0,0,1
2023-09-11,589179428,20190000000000000003,900200000000000039,1,196.000,316.393,62008.000,2023-09-11 17:30:00.000,L2FT01-FTJ028,10.17,0.000,0.666012,16605,0.435592,0.055345,0,0,1,1.0200,坪山区,23,23,0,0,0,0,1
2023-09-11,589179428,20190000000000000003,900200000000000030,1,80.360,442.800,35532.308,2023-09-11 17:30:00.000,L2FT01-FTJ028,10.17,0.000,0.666012,16605,0.435592,0.055345,0,0,1,1.0200,坪山区,23,23,0,0,0,0,1
2023-09-11,589179428,20190000000000000003,900200000000000039,1,120.158,324.027,38652.727,2023-09-11 17:45:00.000,L2FT01-FTJ028,10.17,0.000,0.666012,16605,0.435592,0.055345,0,0,1,1.0200,坪山区,23,23,0,0,0,0,1
2023-09-11,589179428,20190000000000000003,900200000000000044,1,73.531,325.117,23903.333,2023-09-11 18:15:00.000,L2FT01-FTJ028,10.07,0.000,0.666012,16605,0.435592,0.055345,0,0,1,1.0200,坪山区,23,23,0,0,0,0,1
2023-09-11,589179428,20190000000000000003,900200000000000044,1,73.500,325.827,23943.333,2023-09-11 18:30:00.000,L2FT01-FTJ028,10.07,0.000,0.666012,16605,0.435592,0.055345,0,0,1,1.0200,坪山区,23,23,0,0,0,0,1
2023-09-11,589179428,20190000000000000003,900200000000000044,1,72.258,327.800,23682.000,2023-09-11 18:45:00.000,L2FT01-FTJ028,10.07,0.000,0.666012,16605,0.435592,0.055345,0,0,1,1.0200,坪山区,23,23,0,0,0,0,1
2023-09-11,589179428,20190000000000000003,900200000000000043,1,71.704,354.143,25392.857,2023-09-11 19:00:00.000,L2FT01-FTJ028,10.17,0.000,0.666012,16605,0.435592,0.055345,0,0,1,1.0200,坪山区,23,23,0,0,0,0,1
2023-09-11,589179428,20190000000000000003,900200000000000044,1,54.305,327.813,17800.000,2023-09-11 19:00:00.000,L2FT01-FTJ028,10.17,0.000,0.666012,16605,0.435592,0.055345,0,0,1,1.0200,坪山区,23,23,0,0,0,0,1
2023-09-11,589179428,20190000000000000003,900200000000000043,1,71.123,355.553,25286.667,2023-09-11 19:15:00.000,L2FT01-FTJ028,10.17,0.000,0.666012,16605,0.435592,0.055345,0,0,1,1.0200,坪山区,23,23,0,0,0,0,1
2023-09-11,589179428,20190000000000000003,900200000000000044,1,32.299,331.221,10660.000,2023-09-11 19:15:00.000,L2FT01-FTJ028,10.17,0.000,0.666012,16605,0.435592,0.055345,0,0,1,1.0200,坪山区,23,23,0,0,0,0,1
2023-09-11,589179428,20190000000000000003,900200000000000049,1,69.002,352.087,24322.500,2023-09-11 19:15:00.000,L2FT01-FTJ028,10.17,0.000,0.666012,16605,0.435592,0.055345,0,0,1,1.0200,坪山区,23,23,0,0,0,0,1
2023-09-11,589179428,20190000000000000003,900200000000000057,1,83.586,345.125,28844.167,2023-09-11 19:15:00.000,L2FT01-FTJ028,10.17,0.000,0.666012,16605,0.435592,0.055345,0,0,1,1.0200,坪山区,23,23,0,0,0,0,1
2023-09-11,589179428,20190000000000000003,900200000000000049,1,72.084,355.260,25609.333,2023-09-11 19:30:00.000,L2FT01-FTJ028,10.17,0.000,0.666012,16605,0.435592,0.055345,0,0,1,1.0200,坪山区,23,23,0,0,0,0,1
2023-09-11,589179428,20190000000000000003,900200000000000057,1,83.500,347.433,29006.000,2023-09-11 19:30:00.000,L2FT01-FTJ028,10.17,0.000,0.666012,16605,0.435592,0.055345,0,0,1,1.0200,坪山区,23,23,0,0,0,0,1
2023-09-11,589179428,20190000000000000003,900200000000000043,1,48.357,355.733,17197.333,2023-09-11 19:30:00.000,L2FT01-FTJ028,10.17,0.000,0.666012,16605,0.435592,0.055345,0,0,1,1.0200,坪山区,23,23,0,0,0,0,1
2023-09-11,589179428,20190000000000000003,900200000000000042,1,98.175,352.654,34433.077,2023-09-11 19:45:00.000,L2FT01-FTJ028,10.17,0.000,0.666012,16605,0.435592,0.055345,0,0,1,1.0200,坪山区,23,23,0,0,0,0,1
2023-09-11,589179428,20190000000000000003,900200000000000043,1,26.597,362.667,9636.667,2023-09-11 19:45:00.000,L2FT01-FTJ028,10.17,0.000,0.666012,16605,0.435592,0.055345,0,0,1,1.0200,坪山区,23,23,0,0,0,0,1
2023-09-11,589179428,20190000000000000003,900200000000000049,1,56.562,355.167,20090.667,2023-09-11 19:45:00.000,L2FT01-FTJ028,10.17,0.000,0.666012,16605,0.435592,0.055345,0,0,1,1.0200,坪山区,23,23,0,0,0,0,1
2023-09-11,589179428,20190000000000000003,900200000000000057,1,80.506,350.587,28206.000,2023-09-11 19:45:00.000,L2FT01-FTJ028,10.17,0.000,0.666012,16605,0.435592,0.055345,0,0,1,1.0200,坪山区,23,23,0,0,0,0,1
2023-09-11,589179428,20190000000000000003,900200000000000042,1,119.249,366.100,43634.000,2023-09-11 20:00:00.000,L2FT01-FTJ028,10.47,0.000,0.666012,16605,0.435592,0.055345,0,0,1,1.0200,坪山区,23,23,0,0,0,0,1
2023-09-11,589179428,20190000000000000003,900200000000000049,1,45.592,356.283,16240.000,2023-09-11 20:00:00.000,L2FT01-FTJ028,10.47,0.000,0.666012,16605,0.435592,0.055345,0,0,1,1.0200,坪山区,23,23,0,0,0,0,1
2023-09-11,589179428,20190000000000000003,900200000000000057,1,18.240,352.900,6440.000,2023-09-11 20:00:00.000,L2FT01-FTJ028,10.47,0.000,0.666012,16605,0.435592,0.055345,0,0,1,1.0200,坪山区,23,23,0,0,0,0,1
2023-09-11,589179428,20190000000000000003,900200000000000035,1,143.690,363.000,52160.000,2023-09-11 20:15:00.000,L2FT01-FTJ028,10.47,0.000,0.666012,16605,0.435592,0.055345,0,0,1,1.0200,坪山区,23,23,0,0,0,0,1
2023-09-11,589179428,20190000000000000003,900200000000000042,1,74.831,378.940,28343.333,2023-09-11 20:15:00.000,L2FT01-FTJ028,10.47,0.000,0.666012,16605,0.435592,0.055345,0,0,1,1.0200,坪山区,23,23,0,0,0,0,1
2023-09-11,589179428,20190000000000000003,900200000000000035,1,125.663,373.353,46851.333,2023-09-11 20:30:00.000,L2FT01-FTJ028,10.47,0.000,0.666012,16605,0.435592,0.055345,0,0,1,1.0200,坪山区,23,23,0,0,0,0,1
2023-09-11,589179428,20190000000000000003,900200000000000042,1,56.352,382.850,21336.000,2023-09-11 20:30:00.000,L2FT01-FTJ028,10.47,0.000,0.666012,16605,0.435592,0.055345,0,0,1,1.0200,坪山区,23,23,0,0,0,0,1
2023-09-11,589179428,20190000000000000003,900200000000000035,1,98.190,383.600,37665.000,2023-09-11 20:45:00.000,L2FT01-FTJ028,10.47,0.000,0.666012,16605,0.435592,0.055345,0,0,1,1.0200,坪山区,23,23,0,0,0,0,1
2023-09-11,589179428,20190000000000000003,900200000000000042,1,123.334,365.140,44988.000,2023-09-11 20:45:00.000,L2FT01-FTJ028,10.47,0.000,0.666012,16605,0.435592,0.055345,0,0,1,1.0200,坪山区,23,23,0,0,0,0,1
2023-09-11,589179428,20190000000000000003,900200000000000042,1,88.831,379.660,33690.667,2023-09-11 21:00:00.000,L2FT01-FTJ028,10.95,0.000,0.666012,16605,0.435592,0.055345,0,0,1,1.0200,坪山区,23,23,0,0,0,0,1
2023-09-11,589179428,20190000000000000003,900200000000000030,1,46.797,441.300,21703.333,2023-09-11 21:00:00.000,L2FT01-FTJ028,10.95,0.000,0.666012,16605,0.435592,0.055345,0,0,1,1.0200,坪山区,23,23,0,0,0,0,1
2023-09-11,589179428,20190000000000000003,900200000000000030,1,105.331,477.080,50244.667,2023-09-11 21:15:00.000,L2FT01-FTJ028,10.95,0.000,0.666012,16605,0.435592,0.055345,0,0,1,1.0200,坪山区,23,23,0,0,0,0,1
2023-09-11,589179428,20190000000000000003,900200000000000042,1,56.963,394.967,22474.000,2023-09-11 21:15:00.000,L2FT01-FTJ028,10.95,0.000,0.666012,16605,0.435592,0.055345,0,0,1,1.0200,坪山区,23,23,0,0,0,0,1
2023-09-11,589179428,20190000000000000003,900200000000000043,1,44.890,407.300,18283.333,2023-09-11 21:15:00.000,L2FT01-FTJ028,10.95,0.000,0.666012,16605,0.435592,0.055345,0,0,1,1.0200,坪山区,23,23,0,0,0,0,1
2023-09-11,589179428,20190000000000000003,900200000000000048,1,101.244,372.987,38128.000,2023-09-11 21:15:00.000,L2FT01-FTJ028,10.95,0.000,0.666012,16605,0.435592,0.055345,0,0,1,1.0200,坪山区,23,23,0,0,0,0,1
2023-09-11,589179428,20190000000000000003,900200000000000030,1,105.300,477.093,50229.333,2023-09-11 21:30:00.000,L2FT01-FTJ028,10.95,0.000,0.666012,16605,0.435592,0.055345,0,0,1,1.0200,坪山区,23,23,0,0,0,0,1
2023-09-11,589179428,20190000000000000003,900200000000000042,1,29.938,402.807,12052.000,2023-09-11 21:30:00.000,L2FT01-FTJ028,10.95,0.000,0.666012,16605,0.435592,0.055345,0,0,1,1.0200,坪山区,23,23,0,0,0,0,1
2023-09-11,589179428,20190000000000000003,900200000000000043,1,44.897,409.407,18380.000,2023-09-11 21:30:00.000,L2FT01-FTJ028,10.95,0.000,0.666012,16605,0.435592,0.055345,0,0,1,1.0200,坪山区,23,23,0,0,0,0,1
2023-09-11,589179428,20190000000000000003,900200000000000048,1,86.132,393.307,33841.333,2023-09-11 21:30:00.000,L2FT01-FTJ028,10.95,0.000,0.666012,16605,0.435592,0.055345,0,0,1,1.0200,坪山区,23,23,0,0,0,0,1
2023-09-11,589179428,20190000000000000003,900200000000000030,1,82.597,477.033,39402.667,2023-09-11 21:45:00.000,L2FT01-FTJ028,10.95,0.000,0.666012,16605,0.435592,0.055345,0,0,1,1.0200,坪山区,23,23,0,0,0,0,1
2023-09-11,589179428,20190000000000000003,900200000000000037,1,97.393,427.470,41628.000,2023-09-11 21:45:00.000,L2FT01-FTJ028,10.95,0.000,0.666012,16605,0.435592,0.055345,0,0,1,1.0200,坪山区,23,23,0,0,0,0,1
2023-09-11,589179428,20190000000000000003,900200000000000042,1,19.094,405.480,7740.000,2023-09-11 21:45:00.000,L2FT01-FTJ028,10.95,0.000,0.666012,16605,0.435592,0.055345,0,0,1,1.0200,坪山区,23,23,0,0,0,0,1
2023-09-11,589179428,20190000000000000003,900200000000000043,1,40.224,411.560,16555.333,2023-09-11 21:45:00.000,L2FT01-FTJ028,10.95,0.000,0.666012,16605,0.435592,0.055345,0,0,1,1.0200,坪山区,23,23,0,0,0,0,1
2023-09-11,589179428,20190000000000000003,900200000000000048,1,34.430,398.140,13706.667,2023-09-11 21:45:00.000,L2FT01-FTJ028,10.95,0.000,0.666012,16605,0.435592,0.055345,0,0,1,1.0200,坪山区,23,23,0,0,0,0,1
2023-09-11,589179428,20190000000000000003,900200000000000056,1,150.017,352.283,52848.333,2023-09-11 22:00:00.000,L2FT01-FTJ028,11.57,0.000,0.666012,16605,0.435592,0.055345,0,0,1,1.0200,坪山区,23,23,0,0,0,0,1
2023-09-11,589179428,20190000000000000003,900200000000000048,1,23.443,402.473,9434.000,2023-09-11 22:00:00.000,L2FT01-FTJ028,11.57,0.000,0.666012,16605,0.435592,0.055345,0,0,1,1.0200,坪山区,23,23,0,0,0,0,1
2023-09-11,589179428,20190000000000000003,900200000000000030,1,45.917,476.767,21894.444,2023-09-11 22:00:00.000,L2FT01-FTJ028,11.57,0.000,0.666012,16605,0.435592,0.055345,0,0,1,1.0200,坪山区,23,23,0,0,0,0,1
2023-09-11,589179428,20190000000000000003,900200000000000037,1,95.146,428.933,40810.000,2023-09-11 22:00:00.000,L2FT01-FTJ028,11.57,0.000,0.666012,16605,0.435592,0.055345,0,0,1,1.0200,坪山区,23,23,0,0,0,0,1
2023-09-11,589179428,20190000000000000003,900200000000000043,1,19.383,409.040,7930.667,2023-09-11 22:00:00.000,L2FT01-FTJ028,11.57,0.000,0.666012,16605,0.435592,0.055345,0,0,1,1.0200,坪山区,23,23,0,0,0,0,1
2023-09-11,589179428,20190000000000000003,900200000000000037,1,90.773,431.467,39183.333,2023-09-11 22:15:00.000,L2FT01-FTJ028,11.57,0.000,0.666012,16605,0.435592,0.055345,0,0,1,1.0200,坪山区,23,23,0,0,0,0,1
2023-09-11,589179428,20190000000000000003,900200000000000043,1,12.790,410.830,5252.000,2023-09-11 22:15:00.000,L2FT01-FTJ028,11.57,0.000,0.666012,16605,0.435592,0.055345,0,0,1,1.0200,坪山区,23,23,0,0,0,0,1
2023-09-11,589179428,20190000000000000003,900200000000000048,1,11.972,404.013,4836.667,2023-09-11 22:15:00.000,L2FT01-FTJ028,11.57,0.000,0.666012,16605,0.435592,0.055345,0,0,1,1.0200,坪山区,23,23,0,0,0,0,1
2023-09-11,589179428,20190000000000000003,900200000000000048,1,7.590,404.113,3066.667,2023-09-11 22:30:00.000,L2FT01-FTJ028,11.57,0.000,0.666012,16605,0.435592,0.055345,0,0,1,1.0200,坪山区,23,23,0,0,0,0,1
2023-09-11,589179428,20190000000000000003,900200000000000048,1,7.590,405.227,3074.667,2023-09-11 22:45:00.000,L2FT01-FTJ028,11.57,0.000,0.666012,16605,0.435592,0.055345,0,0,1,1.0200,坪山区,23,23,0,0,0,0,1
2023-09-11,589179428,20190000000000000003,900200000000000048,1,7.590,406.100,3080.000,2023-09-11 23:00:00.000,L2FT01-FTJ028,12.30,0.000,0.666012,16605,0.435592,0.055345,0,0,1,1.0200,坪山区,23,23,0,0,0,0,1
2023-09-12,589179428,20190000000000000003,900200000000000057,1,91.808,467.146,43585.385,2023-09-12 00:00:00.000,L2FT01-FTJ028,13.07,0.000,0.666012,16605,0.435592,0.055345,0,0,1,1.0200,坪山区,23,23,0,0,0,0,1
2023-09-12,589179428,20190000000000000003,900200000000000031,1,104.077,450.136,49169.091,2023-09-12 00:00:00.000,L2FT01-FTJ028,13.07,0.000,0.666012,16605,0.435592,0.055345,0,0,1,1.0200,坪山区,23,23,0,0,0,0,1
2023-09-12,589179428,20190000000000000003,900200000000000038,1,51.159,436.022,24227.778,2023-09-12 00:00:00.000,L2FT01-FTJ028,13.07,0.000,0.666012,16605,0.435592,0.055345,0,0,1,1.0200,坪山区,23,23,0,0,0,0,1
2023-09-12,589179428,20190000000000000003,900200000000000057,1,105.090,476.727,50102.667,2023-09-12 00:15:00.000,L2FT01-FTJ028,13.07,0.000,0.666012,16605,0.435592,0.055345,0,0,1,1.0200,坪山区,23,23,0,0,0,0,1
2023-09-12,589179428,20190000000000000003,900200000000000031,1,126.734,473.273,59977.333,2023-09-12 00:15:00.000,L2FT01-FTJ028,13.07,0.000,0.666012,16605,0.435592,0.055345,0,0,1,1.0200,坪山区,23,23,0,0,0,0,1
2023-09-12,589179428,20190000000000000003,900200000000000038,1,62.730,475.187,29808.000,2023-09-12 00:15:00.000,L2FT01-FTJ028,13.07,0.000,0.666012,16605,0.435592,0.055345,0,0,1,1.0200,坪山区,23,23,0,0,0,0,1
2023-09-12,589179428,20190000000000000003,900200000000000031,1,126.151,473.387,59716.000,2023-09-12 00:30:00.000,L2FT01-FTJ028,13.07,0.000,0.666012,16605,0.435592,0.055345,0,0,1,1.0200,坪山区,23,23,0,0,0,0,1
2023-09-12,589179428,20190000000000000003,900200000000000038,1,62.750,475.067,29808.000,2023-09-12 00:30:00.000,L2FT01-FTJ028,13.07,0.000,0.666012,16605,0.435592,0.055345,0,0,1,1.0200,坪山区,23,23,0,0,0,0,1
2023-09-12,589179428,20190000000000000003,900200000000000057,1,105.078,476.907,50114.000,2023-09-12 00:30:00.000,L2FT01-FTJ028,13.07,0.000,0.666012,16605,0.435592,0.055345,0,0,1,1.0200,坪山区,23,23,0,0,0,0,1
2023-09-12,589179428,20190000000000000003,900200000000000031,1,107.337,473.467,50824.000,2023-09-12 00:45:00.000,L2FT01-FTJ028,13.07,0.000,0.666012,16605,0.435592,0.055345,0,0,1,1.0200,坪山区,23,23,0,0,0,0,1
2023-09-12,589179428,20190000000000000003,900200000000000038,1,62.730,475.107,29801.333,2023-09-12 00:45:00.000,L2FT01-FTJ028,13.07,0.000,0.666012,16605,0.435592,0.055345,0,0,1,1.0200,坪山区,23,23,0,0,0,0,1
2023-09-12,589179428,20190000000000000003,900200000000000057,1,91.164,476.853,43474.667,2023-09-12 00:45:00.000,L2FT01-FTJ028,13.07,0.000,0.666012,16605,0.435592,0.055345,0,0,1,1.0200,坪山区,23,23,0,0,0,0,1
2023-09-12,589179428,20190000000000000003,900200000000000057,1,45.361,476.287,21615.333,2023-09-12 01:00:00.000,L2FT01-FTJ028,13.85,0.000,0.666012,16605,0.435592,0.055345,0,0,1,1.0200,坪山区,23,23,0,0,0,0,1
2023-09-12,589179428,20190000000000000003,900200000000000030,1,112.933,307.400,34712.667,2023-09-12 01:00:00.000,L2FT01-FTJ028,13.85,0.000,0.666012,16605,0.435592,0.055345,0,0,1,1.0200,坪山区,23,23,0,0,0,0,1
2023-09-12,589179428,20190000000000000003,900200000000000031,1,45.458,473.017,21505.000,2023-09-12 01:00:00.000,L2FT01-FTJ028,13.85,0.000,0.666012,16605,0.435592,0.055345,0,0,1,1.0200,坪山区,23,23,0,0,0,0,1
2023-09-12,589179428,20190000000000000003,900200000000000038,1,62.717,475.160,29800.000,2023-09-12 01:00:00.000,L2FT01-FTJ028,13.85,0.000,0.666012,16605,0.435592,0.055345,0,0,1,1.0200,坪山区,23,23,0,0,0,0,1
2023-09-12,589179428,20190000000000000003,900200000000000057,1,20.500,476.300,9760.000,2023-09-12 01:15:00.000,L2FT01-FTJ028,13.85,0.000,0.666012,16605,0.435592,0.055345,0,0,1,1.0200,坪山区,23,23,0,0,0,0,1
2023-09-12,589179428,20190000000000000003,900200000000000030,1,112.941,310.433,35056.000,2023-09-12 01:15:00.000,L2FT01-FTJ028,13.85,0.000,0.666012,16605,0.435592,0.055345,0,0,1,1.0200,坪山区,23,23,0,0,0,0,1
2023-09-12,589179428,20190000000000000003,900200000000000038,1,62.770,474.933,29810.667,2023-09-12 01:15:00.000,L2FT01-FTJ028,13.85,0.000,0.666012,16605,0.435592,0.055345,0,0,1,1.0200,坪山区,23,23,0,0,0,0,1
2023-09-12,589179428,20190000000000000003,900200000000000030,1,129.806,311.947,40487.333,2023-09-12 01:30:00.000,L2FT01-FTJ028,13.85,0.000,0.666012,16605,0.435592,0.055345,0,0,1,1.0200,坪山区,23,23,0,0,0,0,1
2023-09-12,589179428,20190000000000000003,900200000000000038,1,62.790,474.913,29817.333,2023-09-12 01:30:00.000,L2FT01-FTJ028,13.85,0.000,0.666012,16605,0.435592,0.055345,0,0,1,1.0200,坪山区,23,23,0,0,0,0,1
2023-09-12,589179428,20190000000000000003,900200000000000030,1,129.824,313.660,40716.000,2023-09-12 01:45:00.000,L2FT01-FTJ028,13.85,0.000,0.666012,16605,0.435592,0.055345,0,0,1,1.0200,坪山区,23,23,0,0,0,0,1
2023-09-12,589179428,20190000000000000003,900200000000000038,1,62.750,475.107,29812.000,2023-09-12 01:45:00.000,L2FT01-FTJ028,13.85,0.000,0.666012,16605,0.435592,0.055345,0,0,1,1.0200,坪山区,23,23,0,0,0,0,1
2023-09-12,589179428,20190000000000000003,900200000000000052,1,150.095,302.300,45375.000,2023-09-12 01:45:00.000,L2FT01-FTJ028,13.85,0.000,0.666012,16605,0.435592,0.055345,0,0,1,1.0200,坪山区,23,23,0,0,0,0,1
2023-09-12,589179428,20190000000000000003,900200000000000038,1,51.147,475.086,24305.714,2023-09-12 02:00:00.000,L2FT01-FTJ028,14.57,0.000,0.666012,16605,0.435592,0.055345,0,0,1,1.0200,坪山区,23,23,0,0,0,0,1
2023-09-12,589179428,20190000000000000003,900200000000000030,1,129.866,315.260,40938.000,2023-09-12 02:00:00.000,L2FT01-FTJ028,14.57,0.000,0.666012,16605,0.435592,0.055345,0,0,1,1.0200,坪山区,23,23,0,0,0,0,1
2023-09-12,589179428,20190000000000000003,900200000000000052,1,149.897,307.760,46128.000,2023-09-12 02:00:00.000,L2FT01-FTJ028,14.57,0.000,0.666012,16605,0.435592,0.055345,0,0,1,1.0200,坪山区,23,23,0,0,0,0,1
2023-09-12,589179428,20190000000000000003,900200000000000030,1,119.865,318.907,38160.000,2023-09-12 02:15:00.000,L2FT01-FTJ028,14.57,0.000,0.666012,16605,0.435592,0.055345,0,0,1,1.0200,坪山区,23,23,0,0,0,0,1
2023-09-12,589179428,20190000000000000003,900200000000000052,1,149.890,310.920,46600.667,2023-09-12 02:15:00.000,L2FT01-FTJ028,14.57,0.000,0.666012,16605,0.435592,0.055345,0,0,1,1.0200,坪山区,23,23,0,0,0,0,1
2023-09-12,589179428,20190000000000000003,900200000000000052,1,149.890,312.173,46788.667,2023-09-12 02:30:00.000,L2FT01-FTJ028,14.57,0.000,0.666012,16605,0.435592,0.055345,0,0,1,1.0200,坪山区,23,23,0,0,0,0,1
2023-09-12,589179428,20190000000000000003,900200000000000030,1,29.790,329.967,9826.667,2023-09-12 02:30:00.000,L2FT01-FTJ028,14.57,0.000,0.666012,16605,0.435592,0.055345,0,0,1,1.0200,坪山区,23,23,0,0,0,0,1
2023-09-12,589179428,20190000000000000003,900200000000000052,1,149.927,314.033,47078.667,2023-09-12 02:45:00.000,L2FT01-FTJ028,14.57,0.000,0.666012,16605,0.435592,0.055345,0,0,1,1.0200,坪山区,23,23,0,0,0,0,1
2023-09-12,589179428,20190000000000000003,900200000000000049,1,149.997,309.300,46390.000,2023-09-12 02:45:00.000,L2FT01-FTJ028,14.57,0.000,0.666012,16605,0.435592,0.055345,0,0,1,1.0200,坪山区,23,23,0,0,0,0,1
2023-09-12,589179428,20190000000000000003,900200000000000049,1,149.810,311.827,46712.667,2023-09-12 03:00:00.000,L2FT01-FTJ028,15.19,0.000,0.666012,16605,0.435592,0.055345,0,0,1,1.0200,坪山区,23,23,0,0,0,0,1
2023-09-12,589179428,20190000000000000003,900200000000000052,1,149.949,315.013,47232.667,2023-09-12 03:00:00.000,L2FT01-FTJ028,15.19,0.000,0.666012,16605,0.435592,0.055345,0,0,1,1.0200,坪山区,23,23,0,0,0,0,1
2023-09-12,589179428,20190000000000000003,900200000000000049,1,149.817,313.280,46932.667,2023-09-12 03:15:00.000,L2FT01-FTJ028,15.19,0.000,0.666012,16605,0.435592,0.055345,0,0,1,1.0200,坪山区,23,23,0,0,0,0,1
2023-09-12,589179428,20190000000000000003,900200000000000052,1,139.223,318.240,44254.000,2023-09-12 03:15:00.000,L2FT01-FTJ028,15.19,0.000,0.666012,16605,0.435592,0.055345,0,0,1,1.0200,坪山区,23,23,0,0,0,0,1
2023-09-12,589179428,20190000000000000003,900200000000000038,1,108.212,288.533,33540.000,2023-09-12 03:30:00.000,L2FT01-FTJ028,15.19,0.000,0.666012,16605,0.435592,0.055345,0,0,1,1.0200,坪山区,23,23,0,0,0,0,1
2023-09-12,589179428,20190000000000000003,900200000000000049,1,149.890,315.347,47264.667,2023-09-12 03:30:00.000,L2FT01-FTJ028,15.19,0.000,0.666012,16605,0.435592,0.055345,0,0,1,1.0200,坪山区,23,23,0,0,0,0,1
2023-09-12,589179428,20190000000000000003,900200000000000052,1,30.000,331.667,9946.667,2023-09-12 03:30:00.000,L2FT01-FTJ028,15.19,0.000,0.666012,16605,0.435592,0.055345,0,0,1,1.0200,坪山区,23,23,0,0,0,0,1
2023-09-12,589179428,20190000000000000003,900200000000000030,1,65.000,253.050,19965.000,2023-09-12 03:45:00.000,L2FT01-FTJ028,15.19,0.000,0.666012,16605,0.435592,0.055345,0,0,1,1.0200,坪山区,23,23,0,0,0,0,1
2023-09-12,589179428,20190000000000000003,900200000000000038,1,129.842,310.147,40266.000,2023-09-12 03:45:00.000,L2FT01-FTJ028,15.19,0.000,0.666012,16605,0.435592,0.055345,0,0,1,1.0200,坪山区,23,23,0,0,0,0,1
2023-09-12,589179428,20190000000000000003,900200000000000049,1,149.890,317.780,47629.333,2023-09-12 03:45:00.000,L2FT01-FTJ028,15.19,0.000,0.666012,16605,0.435592,0.055345,0,0,1,1.0200,坪山区,23,23,0,0,0,0,1
2023-09-12,589179428,20190000000000000003,900200000000000038,1,129.872,311.773,40488.000,2023-09-12 04:00:00.000,L2FT01-FTJ028,15.67,0.000,0.666012,16605,0.435592,0.055345,0,0,1,1.0200,坪山区,23,23,0,0,0,0,1
2023-09-12,589179428,20190000000000000003,900200000000000049,1,57.830,324.640,18732.000,2023-09-12 04:00:00.000,L2FT01-FTJ028,15.67,0.000,0.666012,16605,0.435592,0.055345,0,0,1,1.0200,坪山区,23,23,0,0,0,0,1
2023-09-12,589179428,20190000000000000003,900200000000000030,1,129.848,310.253,40282.000,2023-09-12 04:00:00.000,L2FT01-FTJ028,15.67,0.000,0.666012,16605,0.435592,0.055345,0,0,1,1.0200,坪山区,23,23,0,0,0,0,1
2023-09-12,589179428,20190000000000000003,900200000000000030,1,129.890,311.480,40456.000,2023-09-12 04:15:00.000,L2FT01-FTJ028,15.67,0.000,0.666012,16605,0.435592,0.055345,0,0,1,1.0200,坪山区,23,23,0,0,0,0,1
2023-09-12,589179428,20190000000000000003,900200000000000038,1,129.890,313.993,40782.667,2023-09-12 04:15:00.000,L2FT01-FTJ028,15.67,0.000,0.666012,16605,0.435592,0.055345,0,0,1,1.0200,坪山区,23,23,0,0,0,0,1
2023-09-12,589179428,20190000000000000003,900200000000000030,1,129.890,313.140,40672.667,2023-09-12 04:30:00.000,L2FT01-FTJ028,15.67,0.000,0.666012,16605,0.435592,0.055345,0,0,1,1.0200,坪山区,23,23,0,0,0,0,1
2023-09-12,589179428,20190000000000000003,900200000000000038,1,114.161,317.914,36188.571,2023-09-12 04:30:00.000,L2FT01-FTJ028,15.67,0.000,0.666012,16605,0.435592,0.055345,0,0,1,1.0200,坪山区,23,23,0,0,0,0,1
2023-09-12,589179428,20190000000000000003,900200000000000030,1,129.866,314.900,40892.000,2023-09-12 04:45:00.000,L2FT01-FTJ028,15.67,0.000,0.666012,16605,0.435592,0.055345,0,0,1,1.0200,坪山区,23,23,0,0,0,0,1
2023-09-12,589179428,20190000000000000003,900200000000000030,1,129.878,316.973,41166.000,2023-09-12 05:00:00.000,L2FT01-FTJ028,15.97,0.000,0.666012,16605,0.435592,0.055345,0,0,1,1.0200,坪山区,23,23,0,0,0,0,1
2023-09-12,589179428,20190000000000000003,900200000000000032,1,66.616,458.320,31608.000,2023-09-12 05:00:00.000,L2FT01-FTJ028,15.97,0.000,0.666012,16605,0.435592,0.055345,0,0,1,1.0200,坪山区,23,23,0,0,0,0,1
2023-09-12,589179428,20190000000000000003,900200000000000030,1,51.812,329.660,17002.000,2023-09-12 05:15:00.000,L2FT01-FTJ028,15.97,0.000,0.666012,16605,0.435592,0.055345,0,0,1,1.0200,坪山区,23,23,0,0,0,0,1
2023-09-12,589179428,20190000000000000003,900200000000000032,1,105.098,476.433,50070.667,2023-09-12 05:15:00.000,L2FT01-FTJ028,15.97,0.000,0.666012,16605,0.435592,0.055345,0,0,1,1.0200,坪山区,23,23,0,0,0,0,1
2023-09-12,589179428,20190000000000000003,900200000000000032,1,105.000,476.540,50034.000,2023-09-12 05:30:00.000,L2FT01-FTJ028,15.97,0.000,0.666012,16605,0.435592,0.055345,0,0,1,1.0200,坪山区,23,23,0,0,0,0,1
2023-09-12,589179428,20190000000000000003,900200000000000057,1,118.842,458.636,54534.286,2023-09-12 05:30:00.000,L2FT01-FTJ028,15.97,0.000,0.666012,16605,0.435592,0.055345,0,0,1,1.0200,坪山区,23,23,0,0,0,0,1
2023-09-12,589179428,20190000000000000003,900200000000000032,1,88.875,476.313,42335.333,2023-09-12 05:45:00.000,L2FT01-FTJ028,15.97,0.000,0.666012,16605,0.435592,0.055345,0,0,1,1.0200,坪山区,23,23,0,0,0,0,1
2023-09-12,589179428,20190000000000000003,900200000000000057,1,73.827,460.813,34032.667,2023-09-12 05:45:00.000,L2FT01-FTJ028,15.97,0.000,0.666012,16605,0.435592,0.055345,0,0,1,1.0200,坪山区,23,23,0,0,0,0,1
2023-09-12,589179428,20190000000000000003,900200000000000057,1,18.290,475.000,8690.000,2023-09-12 06:00:00.000,L2FT01-FTJ028,16.07,0.000,0.666012,16605,0.435592,0.055345,0,0,1,1.0200,坪山区,23,23,0,0,0,0,1
2023-09-12,589179428,20190000000000000003,900200000000000032,1,73.826,476.293,35166.667,2023-09-12 06:00:00.000,L2FT01-FTJ028,16.07,0.000,0.666012,16605,0.435592,0.055345,0,0,1,1.0200,坪山区,23,23,0,0,0,0,1
2023-09-12,589179428,20190000000000000003,900200000000000032,1,20.290,475.200,9640.000,2023-09-12 06:15:00.000,L2FT01-FTJ028,16.07,0.000,0.666012,16605,0.435592,0.055345,0,0,1,1.0200,坪山区,23,23,0,0,0,0,1
2023-09-12,589179428,20190000000000000003,900200000000000031,1,60.292,415.710,25393.000,2023-09-12 07:15:00.000,L2FT01-FTJ028,15.97,0.000,0.666012,16605,0.435592,0.055345,0,0,1,1.0200,坪山区,23,23,0,0,0,0,1
2023-09-12,589179428,20190000000000000003,900200000000000052,1,88.529,380.550,33708.750,2023-09-12 07:15:00.000,L2FT01-FTJ028,15.97,0.000,0.666012,16605,0.435592,0.055345,0,0,1,1.0200,坪山区,23,23,0,0,0,0,1
2023-09-12,589179428,20190000000000000003,900200000000000031,1,39.291,427.867,16802.000,2023-09-12 07:30:00.000,L2FT01-FTJ028,15.97,0.000,0.666012,16605,0.435592,0.055345,0,0,1,1.0200,坪山区,23,23,0,0,0,0,1
2023-09-12,589179428,20190000000000000003,900200000000000044,1,14.945,385.800,5765.000,2023-09-12 07:30:00.000,L2FT01-FTJ028,15.97,0.000,0.666012,16605,0.435592,0.055345,0,0,1,1.0200,坪山区,23,23,0,0,0,0,1
2023-09-12,589179428,20190000000000000003,900200000000000052,1,91.610,383.253,35109.333,2023-09-12 07:30:00.000,L2FT01-FTJ028,15.97,0.000,0.666012,16605,0.435592,0.055345,0,0,1,1.0200,坪山区,23,23,0,0,0,0,1
2023-09-12,589179428,20190000000000000003,900200000000000031,1,34.190,431.500,14750.000,2023-09-12 07:45:00.000,L2FT01-FTJ028,15.97,0.000,0.666012,16605,0.435592,0.055345,0,0,1,1.0200,坪山区,23,23,0,0,0,0,1
2023-09-12,589179428,20190000000000000003,900200000000000044,1,71.581,395.253,28289.333,2023-09-12 07:45:00.000,L2FT01-FTJ028,15.97,0.000,0.666012,16605,0.435592,0.055345,0,0,1,1.0200,坪山区,23,23,0,0,0,0,1
2023-09-12,589179428,20190000000000000003,900200000000000052,1,81.514,388.892,31652.308,2023-09-12 07:45:00.000,L2FT01-FTJ028,15.97,0.000,0.666012,16605,0.435592,0.055345,0,0,1,1.0200,坪山区,23,23,0,0,0,0,1
2023-09-12,589179428,20190000000000000003,900200000000000044,1,71.500,398.900,28516.000,2023-09-12 08:00:00.000,L2FT01-FTJ028,15.67,0.000,0.666012,16605,0.435592,0.055345,0,0,1,1.0200,坪山区,23,23,0,0,0,0,1
2023-09-12,589179428,20190000000000000003,900200000000000047,1,108.682,361.167,39246.667,2023-09-12 08:00:00.000,L2FT01-FTJ028,15.67,0.000,0.666012,16605,0.435592,0.055345,0,0,1,1.0200,坪山区,23,23,0,0,0,0,1
2023-09-12,589179428,20190000000000000003,900200000000000047,1,107.886,369.227,39832.000,2023-09-12 08:15:00.000,L2FT01-FTJ028,15.67,0.000,0.666012,16605,0.435592,0.055345,0,0,1,1.0200,坪山区,23,23,0,0,0,0,1
2023-09-12,589179428,20190000000000000003,900200000000000047,1,104.827,381.600,40003.333,2023-09-12 08:30:00.000,L2FT01-FTJ028,15.67,0.000,0.666012,16605,0.435592,0.055345,0,0,1,1.0200,坪山区,23,23,0,0,0,0,1
2023-09-12,589179428,20190000000000000003,900200000000000047,1,85.601,393.707,33664.000,2023-09-12 08:45:00.000,L2FT01-FTJ028,15.67,0.000,0.666012,16605,0.435592,0.055345,0,0,1,1.0200,坪山区,23,23,0,0,0,0,1
2023-09-12,589179428,20190000000000000003,900200000000000047,1,49.300,400.214,19721.429,2023-09-12 09:00:00.000,L2FT01-FTJ028,15.19,0.000,0.666012,16605,0.435592,0.055345,0,0,1,1.0200,坪山区,23,23,0,0,0,0,1
2023-09-12,589179428,20190000000000000003,900200000000000038,1,109.623,343.500,37804.000,2023-09-12 09:15:00.000,L2FT01-FTJ028,15.19,0.000,0.666012,16605,0.435592,0.055345,0,0,1,1.0200,坪山区,23,23,0,0,0,0,1
2023-09-12,589179428,20190000000000000003,900200000000000038,1,123.125,356.853,43930.667,2023-09-12 09:30:00.000,L2FT01-FTJ028,15.19,0.000,0.666012,16605,0.435592,0.055345,0,0,1,1.0200,坪山区,23,23,0,0,0,0,1
2023-09-12,589179428,20190000000000000003,900200000000000038,1,100.743,372.573,37483.333,2023-09-12 09:45:00.000,L2FT01-FTJ028,15.19,0.000,0.666012,16605,0.435592,0.055345,0,0,1,1.0200,坪山区,23,23,0,0,0,0,1
2023-09-12,589179428,20190000000000000003,900200000000000038,1,66.946,383.640,25661.333,2023-09-12 10:00:00.000,L2FT01-FTJ028,14.57,0.000,0.666012,16605,0.435592,0.055345,0,0,1,1.0200,坪山区,23,23,0,0,0,0,1
2023-09-12,589179428,20190000000000000003,900200000000000038,1,26.560,386.627,10266.667,2023-09-12 10:15:00.000,L2FT01-FTJ028,14.57,0.000,0.666012,16605,0.435592,0.055345,0,0,1,1.0200,坪山区,23,23,0,0,0,0,1
2023-09-12,589179428,20190000000000000003,900200000000000038,1,26.590,388.875,10340.000,2023-09-12 10:30:00.000,L2FT01-FTJ028,14.57,0.000,0.666012,16605,0.435592,0.055345,0,0,1,1.0200,坪山区,23,23,0,0,0,0,1
2023-09-12,589179428,20190000000000000003,900200000000000049,1,76.994,364.850,28087.500,2023-09-12 10:45:00.000,L2FT01-FTJ028,14.57,0.000,0.666012,16605,0.435592,0.055345,0,0,1,1.0200,坪山区,23,23,0,0,0,0,1
2023-09-12,589179428,20190000000000000003,900200000000000049,1,39.564,369.847,14628.667,2023-09-12 11:00:00.000,L2FT01-FTJ028,13.85,0.000,0.666012,16605,0.435592,0.055345,0,0,1,1.0200,坪山区,23,23,0,0,0,0,1
2023-09-12,589179428,20190000000000000003,900200000000000049,1,40.107,376.333,15100.000,2023-09-12 11:15:00.000,L2FT01-FTJ028,13.85,0.000,0.666012,16605,0.435592,0.055345,0,0,1,1.0200,坪山区,23,23,0,0,0,0,1
2023-09-12,589179428,20190000000000000003,900200000000000052,1,137.163,311.030,42661.000,2023-09-12 11:45:00.000,L2FT01-FTJ028,13.85,0.000,0.666012,16605,0.435592,0.055345,0,0,1,1.0200,坪山区,23,23,0,0,0,0,1
2023-09-12,589179428,20190000000000000003,900200000000000052,1,137.941,313.693,43267.333,2023-09-12 12:00:00.000,L2FT01-FTJ028,13.07,0.000,0.666012,16605,0.435592,0.055345,0,0,1,1.0200,坪山区,23,23,0,0,0,0,1
2023-09-12,589179428,20190000000000000003,900200000000000049,1,91.920,357.736,33120.909,2023-09-12 12:00:00.000,L2FT01-FTJ028,13.07,0.000,0.666012,16605,0.435592,0.055345,0,0,1,1.0200,坪山区,23,23,0,0,0,0,1
2023-09-12,589179428,20190000000000000003,900200000000000052,1,136.312,315.053,42940.667,2023-09-12 12:15:00.000,L2FT01-FTJ028,13.07,0.000,0.666012,16605,0.435592,0.055345,0,0,1,1.0200,坪山区,23,23,0,0,0,0,1
2023-09-12,589179428,20190000000000000003,900200000000000049,1,121.039,362.913,43921.333,2023-09-12 12:15:00.000,L2FT01-FTJ028,13.07,0.000,0.666012,16605,0.435592,0.055345,0,0,1,1.0200,坪山区,23,23,0,0,0,0,1
2023-09-12,589179428,20190000000000000003,900200000000000049,1,109.298,365.229,39918.571,2023-09-12 12:30:00.000,L2FT01-FTJ028,13.07,0.000,0.666012,16605,0.435592,0.055345,0,0,1,1.0200,坪山区,23,23,0,0,0,0,1
2023-09-12,589179428,20190000000000000003,900200000000000052,1,78.877,320.233,25161.667,2023-09-12 12:30:00.000,L2FT01-FTJ028,13.07,0.000,0.666012,16605,0.435592,0.055345,0,0,1,1.0200,坪山区,23,23,0,0,0,0,1
2023-09-12,589179428,20190000000000000003,900200000000000031,1,106.253,308.489,35078.889,2023-09-12 13:15:00.000,L2FT01-FTJ028,12.30,0.000,0.666012,16605,0.435592,0.055345,0,0,1,1.0200,坪山区,23,23,0,0,0,0,1
2023-09-12,589179428,20190000000000000003,900200000000000031,1,100.545,333.587,33476.250,2023-09-12 13:30:00.000,L2FT01-FTJ028,12.30,0.000,0.666012,16605,0.435592,0.055345,0,0,1,1.0200,坪山区,23,23,0,0,0,0,1
2023-09-12,589179428,20190000000000000003,900200000000000056,1,71.790,307.300,22060.000,2023-09-12 13:30:00.000,L2FT01-FTJ028,12.30,0.000,0.666012,16605,0.435592,0.055345,0,0,1,1.0200,坪山区,23,23,0,0,0,0,1
2023-09-12,589179428,20190000000000000003,900200000000000049,1,121.945,311.800,38015.000,2023-09-12 15:45:00.000,L2FT01-FTJ028,10.95,0.000,0.666012,16605,0.435592,0.055345,0,0,1,1.0200,坪山区,23,23,0,0,0,0,1
2023-09-12,589179428,20190000000000000003,900200000000000042,1,23.079,317.200,7561.429,2023-09-12 16:00:00.000,L2FT01-FTJ028,10.47,0.000,0.666012,16605,0.435592,0.055345,0,0,1,1.0200,坪山区,23,23,0,0,0,0,1
2023-09-12,589179428,20190000000000000003,900200000000000030,1,17.690,367.600,6500.000,2023-09-12 16:45:00.000,L2FT01-FTJ028,10.47,0.000,0.666012,16605,0.435592,0.055345,0,0,1,1.0200,坪山区,23,23,0,0,0,0,1
2023-09-12,589179428,20190000000000000003,900200000000000030,1,99.555,477.687,47563.333,2023-09-12 17:00:00.000,L2FT01-FTJ028,10.17,0.000,0.666012,16605,0.435592,0.055345,0,0,1,1.0200,坪山区,23,23,0,0,0,0,1
2023-09-12,589179428,20190000000000000003,900200000000000030,1,105.197,477.860,50269.333,2023-09-12 17:15:00.000,L2FT01-FTJ028,10.17,0.000,0.666012,16605,0.435592,0.055345,0,0,1,1.0200,坪山区,23,23,0,0,0,0,1
2023-09-12,589179428,20190000000000000003,900200000000000030,1,81.931,477.887,39154.000,2023-09-12 17:30:00.000,L2FT01-FTJ028,10.17,0.000,0.666012,16605,0.435592,0.055345,0,0,1,1.0200,坪山区,23,23,0,0,0,0,1
2023-09-12,589179428,20190000000000000003,900200000000000030,1,47.490,477.500,22684.000,2023-09-12 17:45:00.000,L2FT01-FTJ028,10.17,0.000,0.666012,16605,0.435592,0.055345,0,0,1,1.0200,坪山区,23,23,0,0,0,0,1
2023-09-12,589179428,20190000000000000003,900200000000000037,1,49.790,320.633,15963.333,2023-09-12 18:15:00.000,L2FT01-FTJ028,10.07,0.000,0.666012,16605,0.435592,0.055345,0,0,1,1.0200,坪山区,23,23,0,0,0,0,1
2023-09-12,589179428,20190000000000000003,900200000000000035,1,88.790,409.600,36370.000,2023-09-12 18:15:00.000,L2FT01-FTJ028,10.07,0.000,0.666012,16605,0.435592,0.055345,0,0,1,1.0200,坪山区,23,23,0,0,0,0,1
2023-09-12,589179428,20190000000000000003,900200000000000035,1,74.343,411.033,30572.667,2023-09-12 18:30:00.000,L2FT01-FTJ028,10.07,0.000,0.666012,16605,0.435592,0.055345,0,0,1,1.0200,坪山区,23,23,0,0,0,0,1
2023-09-12,589179428,20190000000000000003,900200000000000037,1,49.790,330.433,16449.333,2023-09-12 18:30:00.000,L2FT01-FTJ028,10.07,0.000,0.666012,16605,0.435592,0.055345,0,0,1,1.0200,坪山区,23,23,0,0,0,0,1
2023-09-12,589179428,20190000000000000003,900200000000000052,0,0.000,279.700,0.000,2023-09-12 18:30:00.000,L2FT01-FTJ028,10.07,0.000,0.666012,16605,0.435592,0.055345,0,0,1,1.0200,坪山区,23,23,0,0,0,0,1
2023-09-12,589179428,20190000000000000003,900200000000000035,1,35.343,409.047,14484.000,2023-09-12 18:45:00.000,L2FT01-FTJ028,10.07,0.000,0.666012,16605,0.435592,0.055345,0,0,1,1.0200,坪山区,23,23,0,0,0,0,1
2023-09-12,589179428,20190000000000000003,900200000000000037,1,49.790,340.173,16936.000,2023-09-12 18:45:00.000,L2FT01-FTJ028,10.07,0.000,0.666012,16605,0.435592,0.055345,0,0,1,1.0200,坪山区,23,23,0,0,0,0,1
2023-09-12,589179428,20190000000000000003,900200000000000038,1,76.700,397.700,31373.333,2023-09-12 18:45:00.000,L2FT01-FTJ028,10.07,0.000,0.666012,16605,0.435592,0.055345,0,0,1,1.0200,坪山区,23,23,0,0,0,0,1
2023-09-12,589179428,20190000000000000003,900200000000000052,1,129.847,314.653,40854.000,2023-09-12 18:45:00.000,L2FT01-FTJ028,10.07,0.000,0.666012,16605,0.435592,0.055345,0,0,1,1.0200,坪山区,23,23,0,0,0,0,1
2023-09-12,589179428,20190000000000000003,900200000000000035,1,13.790,407.947,5624.667,2023-09-12 19:00:00.000,L2FT01-FTJ028,10.17,0.000,0.666012,16605,0.435592,0.055345,0,0,1,1.0200,坪山区,23,23,0,0,0,0,1
2023-09-12,589179428,20190000000000000003,900200000000000037,1,49.790,346.680,17260.000,2023-09-12 19:00:00.000,L2FT01-FTJ028,10.17,0.000,0.666012,16605,0.435592,0.055345,0,0,1,1.0200,坪山区,23,23,0,0,0,0,1
2023-09-12,589179428,20190000000000000003,900200000000000038,1,118.824,417.573,49614.000,2023-09-12 19:00:00.000,L2FT01-FTJ028,10.17,0.000,0.666012,16605,0.435592,0.055345,0,0,1,1.0200,坪山区,23,23,0,0,0,0,1
2023-09-12,589179428,20190000000000000003,900200000000000052,1,129.890,316.200,41068.333,2023-09-12 19:00:00.000,L2FT01-FTJ028,10.17,0.000,0.666012,16605,0.435592,0.055345,0,0,1,1.0200,坪山区,23,23,0,0,0,0,1
2023-09-12,589179428,20190000000000000003,900200000000000057,1,45.843,352.575,15977.500,2023-09-12 19:00:00.000,L2FT01-FTJ028,10.17,0.000,0.666012,16605,0.435592,0.055345,0,0,1,1.0200,坪山区,23,23,0,0,0,0,1
2023-09-12,589179428,20190000000000000003,900200000000000057,1,61.084,350.727,21421.333,2023-09-12 19:15:00.000,L2FT01-FTJ028,10.17,0.000,0.666012,16605,0.435592,0.055345,0,0,1,1.0200,坪山区,23,23,0,0,0,0,1
2023-09-12,589179428,20190000000000000003,900200000000000038,1,118.800,433.380,51480.000,2023-09-12 19:15:00.000,L2FT01-FTJ028,10.17,0.000,0.666012,16605,0.435592,0.055345,0,0,1,1.0200,坪山区,23,23,0,0,0,0,1
2023-09-12,589179428,20190000000000000003,900200000000000037,1,49.790,350.000,17425.000,2023-09-12 19:15:00.000,L2FT01-FTJ028,10.17,0.000,0.666012,16605,0.435592,0.055345,0,0,1,1.0200,坪山区,23,23,0,0,0,0,1
2023-09-12,589179428,20190000000000000003,900200000000000035,1,13.790,416.833,5746.667,2023-09-12 19:15:00.000,L2FT01-FTJ028,10.17,0.000,0.666012,16605,0.435592,0.055345,0,0,1,1.0200,坪山区,23,23,0,0,0,0,1
2023-09-12,589179428,20190000000000000003,900200000000000038,1,66.418,449.980,29844.000,2023-09-12 19:30:00.000,L2FT01-FTJ028,10.17,0.000,0.666012,16605,0.435592,0.055345,0,0,1,1.0200,坪山区,23,23,0,0,0,0,1
2023-09-12,589179428,20190000000000000003,900200000000000057,1,61.000,351.180,21418.000,2023-09-12 19:30:00.000,L2FT01-FTJ028,10.17,0.000,0.666012,16605,0.435592,0.055345,0,0,1,1.0200,坪山区,23,23,0,0,0,0,1
2023-09-12,589179428,20190000000000000003,900200000000000038,1,21.302,452.438,9636.250,2023-09-12 19:45:00.000,L2FT01-FTJ028,10.17,0.000,0.666012,16605,0.435592,0.055345,0,0,1,1.0200,坪山区,23,23,0,0,0,0,1
2023-09-12,589179428,20190000000000000003,900200000000000049,1,137.350,345.967,47215.833,2023-09-12 19:45:00.000,L2FT01-FTJ028,10.17,0.000,0.666012,16605,0.435592,0.055345,0,0,1,1.0200,坪山区,23,23,0,0,0,0,1
2023-09-12,589179428,20190000000000000003,900200000000000057,1,61.000,352.573,21500.667,2023-09-12 19:45:00.000,L2FT01-FTJ028,10.17,0.000,0.666012,16605,0.435592,0.055345,0,0,1,1.0200,坪山区,23,23,0,0,0,0,1
2023-09-12,589179428,20190000000000000003,900200000000000049,1,149.790,344.675,51627.500,2023-09-12 20:00:00.000,L2FT01-FTJ028,10.47,0.000,0.666012,16605,0.435592,0.055345,0,0,1,1.0200,坪山区,23,23,0,0,0,0,1
2023-09-12,589179428,20190000000000000003,900200000000000056,1,85.011,373.529,31757.143,2023-09-12 20:00:00.000,L2FT01-FTJ028,10.47,0.000,0.666012,16605,0.435592,0.055345,0,0,1,1.0200,坪山区,23,23,0,0,0,0,1
2023-09-12,589179428,20190000000000000003,900200000000000057,1,61.000,354.227,21603.333,2023-09-12 20:00:00.000,L2FT01-FTJ028,10.47,0.000,0.666012,16605,0.435592,0.055345,0,0,1,1.0200,坪山区,23,23,0,0,0,0,1
2023-09-12,589179428,20190000000000000003,900200000000000056,1,81.910,375.073,30726.667,2023-09-12 20:15:00.000,L2FT01-FTJ028,10.47,0.000,0.666012,16605,0.435592,0.055345,0,0,1,1.0200,坪山区,23,23,0,0,0,0,1
2023-09-12,589179428,20190000000000000003,900200000000000057,1,54.455,355.107,19334.667,2023-09-12 20:15:00.000,L2FT01-FTJ028,10.47,0.000,0.666012,16605,0.435592,0.055345,0,0,1,1.0200,坪山区,23,23,0,0,0,0,1
2023-09-12,589179428,20190000000000000003,900200000000000057,1,35.529,357.187,12678.000,2023-09-12 20:30:00.000,L2FT01-FTJ028,10.47,0.000,0.666012,16605,0.435592,0.055345,0,0,1,1.0200,坪山区,23,23,0,0,0,0,1
2023-09-12,589179428,20190000000000000003,900200000000000056,1,84.677,377.540,31967.333,2023-09-12 20:30:00.000,L2FT01-FTJ028,10.47,0.000,0.666012,16605,0.435592,0.055345,0,0,1,1.0200,坪山区,23,23,0,0,0,0,1
2023-09-12,589179428,20190000000000000003,900200000000000032,1,39.599,367.614,14614.286,2023-09-12 20:45:00.000,L2FT01-FTJ028,10.47,0.000,0.666012,16605,0.435592,0.055345,0,0,1,1.0200,坪山区,23,23,0,0,0,0,1
2023-09-12,589179428,20190000000000000003,900200000000000056,1,80.609,379.514,30594.286,2023-09-12 20:45:00.000,L2FT01-FTJ028,10.47,0.000,0.666012,16605,0.435592,0.055345,0,0,1,1.0200,坪山区,23,23,0,0,0,0,1
2023-09-12,589179428,20190000000000000003,900200000000000057,1,22.690,361.100,8190.000,2023-09-12 20:45:00.000,L2FT01-FTJ028,10.47,0.000,0.666012,16605,0.435592,0.055345,0,0,1,1.0200,坪山区,23,23,0,0,0,0,1
2023-09-12,589179428,20190000000000000003,900200000000000032,1,59.338,377.093,22355.333,2023-09-12 21:00:00.000,L2FT01-FTJ028,10.95,0.000,0.666012,16605,0.435592,0.055345,0,0,1,1.0200,坪山区,23,23,0,0,0,0,1
2023-09-12,589179428,20190000000000000003,900200000000000032,1,44.628,384.531,17158.462,2023-09-12 21:15:00.000,L2FT01-FTJ028,10.95,0.000,0.666012,16605,0.435592,0.055345,0,0,1,1.0200,坪山区,23,23,0,0,0,0,1
2023-09-13,589179428,20190000000000000003,900200000000000042,1,107.545,304.350,32727.500,2023-09-13 00:00:00.000,L2FT01-FTJ028,13.07,0.000,0.666012,16605,0.435592,0.055345,0,0,1,1.0200,坪山区,23,23,0,0,0,0,1
2023-09-13,589179428,20190000000000000003,900200000000000042,1,107.337,307.693,33023.333,2023-09-13 00:15:00.000,L2FT01-FTJ028,13.07,0.000,0.666012,16605,0.435592,0.055345,0,0,1,1.0200,坪山区,23,23,0,0,0,0,1
2023-09-13,589179428,20190000000000000003,900200000000000049,1,71.076,307.353,21841.333,2023-09-13 00:15:00.000,L2FT01-FTJ028,13.07,0.000,0.666012,16605,0.435592,0.055345,0,0,1,1.0200,坪山区,23,23,0,0,0,0,1
2023-09-13,589179428,20190000000000000003,900200000000000057,1,175.299,315.742,54563.333,2023-09-13 00:15:00.000,L2FT01-FTJ028,13.07,0.000,0.666012,16605,0.435592,0.055345,0,0,1,1.0200,坪山区,23,23,0,0,0,0,1
2023-09-13,589179428,20190000000000000003,900200000000000057,1,191.000,312.520,59686.667,2023-09-13 00:30:00.000,L2FT01-FTJ028,13.07,0.000,0.666012,16605,0.435592,0.055345,0,0,1,1.0200,坪山区,23,23,0,0,0,0,1
2023-09-13,589179428,20190000000000000003,900200000000000042,1,107.300,309.453,33198.667,2023-09-13 00:30:00.000,L2FT01-FTJ028,13.07,0.000,0.666012,16605,0.435592,0.055345,0,0,1,1.0200,坪山区,23,23,0,0,0,0,1
2023-09-13,589179428,20190000000000000003,900200000000000049,1,70.941,307.873,21841.333,2023-09-13 00:30:00.000,L2FT01-FTJ028,13.07,0.000,0.666012,16605,0.435592,0.055345,0,0,1,1.0200,坪山区,23,23,0,0,0,0,1
2023-09-13,589179428,20190000000000000003,900200000000000057,1,191.033,314.887,60149.333,2023-09-13 00:45:00.000,L2FT01-FTJ028,13.07,0.000,0.666012,16605,0.435592,0.055345,0,0,1,1.0200,坪山区,23,23,0,0,0,0,1
2023-09-13,589179428,20190000000000000003,900200000000000049,1,70.971,308.167,21865.333,2023-09-13 00:45:00.000,L2FT01-FTJ028,13.07,0.000,0.666012,16605,0.435592,0.055345,0,0,1,1.0200,坪山区,23,23,0,0,0,0,1
2023-09-13,589179428,20190000000000000003,900200000000000042,1,107.300,310.040,33264.000,2023-09-13 00:45:00.000,L2FT01-FTJ028,13.07,0.000,0.666012,16605,0.435592,0.055345,0,0,1,1.0200,坪山区,23,23,0,0,0,0,1
2023-09-13,589179428,20190000000000000003,900200000000000042,1,107.306,311.047,33372.000,2023-09-13 01:00:00.000,L2FT01-FTJ028,13.85,0.000,0.666012,16605,0.435592,0.055345,0,0,1,1.0200,坪山区,23,23,0,0,0,0,1
2023-09-13,589179428,20190000000000000003,900200000000000049,1,70.993,308.860,21922.667,2023-09-13 01:00:00.000,L2FT01-FTJ028,13.85,0.000,0.666012,16605,0.435592,0.055345,0,0,1,1.0200,坪山区,23,23,0,0,0,0,1
2023-09-13,589179428,20190000000000000003,900200000000000057,1,191.007,316.947,60534.000,2023-09-13 01:00:00.000,L2FT01-FTJ028,13.85,0.000,0.666012,16605,0.435592,0.055345,0,0,1,1.0200,坪山区,23,23,0,0,0,0,1
2023-09-13,589179428,20190000000000000003,900200000000000042,1,107.354,312.687,33564.000,2023-09-13 01:15:00.000,L2FT01-FTJ028,13.85,0.000,0.666012,16605,0.435592,0.055345,0,0,1,1.0200,坪山区,23,23,0,0,0,0,1
2023-09-13,589179428,20190000000000000003,900200000000000047,1,115.690,307.500,35570.000,2023-09-13 01:15:00.000,L2FT01-FTJ028,13.85,0.000,0.666012,16605,0.435592,0.055345,0,0,1,1.0200,坪山区,23,23,0,0,0,0,1
2023-09-13,589179428,20190000000000000003,900200000000000049,1,70.927,310.020,21985.333,2023-09-13 01:15:00.000,L2FT01-FTJ028,13.85,0.000,0.666012,16605,0.435592,0.055345,0,0,1,1.0200,坪山区,23,23,0,0,0,0,1
2023-09-13,589179428,20190000000000000003,900200000000000057,1,79.460,327.150,25805.000,2023-09-13 01:15:00.000,L2FT01-FTJ028,13.85,0.000,0.666012,16605,0.435592,0.055345,0,0,1,1.0200,坪山区,23,23,0,0,0,0,1
2023-09-13,589179428,20190000000000000003,900200000000000042,1,107.390,313.727,33690.000,2023-09-13 01:30:00.000,L2FT01-FTJ028,13.85,0.000,0.666012,16605,0.435592,0.055345,0,0,1,1.0200,坪山区,23,23,0,0,0,0,1
2023-09-13,589179428,20190000000000000003,900200000000000047,1,115.397,309.647,35729.333,2023-09-13 01:30:00.000,L2FT01-FTJ028,13.85,0.000,0.666012,16605,0.435592,0.055345,0,0,1,1.0200,坪山区,23,23,0,0,0,0,1
2023-09-13,589179428,20190000000000000003,900200000000000049,1,71.000,311.380,22103.333,2023-09-13 01:30:00.000,L2FT01-FTJ028,13.85,0.000,0.666012,16605,0.435592,0.055345,0,0,1,1.0200,坪山区,23,23,0,0,0,0,1
2023-09-13,589179428,20190000000000000003,900200000000000052,1,125.300,390.675,49085.000,2023-09-13 01:30:00.000,L2FT01-FTJ028,13.85,0.000,0.666012,16605,0.435592,0.055345,0,0,1,1.0200,坪山区,23,23,0,0,0,0,1
2023-09-13,589179428,20190000000000000003,900200000000000057,1,150.995,310.750,47202.500,2023-09-13 01:30:00.000,L2FT01-FTJ028,13.85,0.000,0.666012,16605,0.435592,0.055345,0,0,1,1.0200,坪山区,23,23,0,0,0,0,1
2023-09-13,589179428,20190000000000000003,900200000000000057,1,191.040,314.480,60073.333,2023-09-13 01:45:00.000,L2FT01-FTJ028,13.85,0.000,0.666012,16605,0.435592,0.055345,0,0,1,1.0200,坪山区,23,23,0,0,0,0,1
2023-09-13,589179428,20190000000000000003,900200000000000052,1,104.901,391.680,41102.000,2023-09-13 01:45:00.000,L2FT01-FTJ028,13.85,0.000,0.666012,16605,0.435592,0.055345,0,0,1,1.0200,坪山区,23,23,0,0,0,0,1
2023-09-13,589179428,20190000000000000003,900200000000000049,1,71.000,311.940,22142.000,2023-09-13 01:45:00.000,L2FT01-FTJ028,13.85,0.000,0.666012,16605,0.435592,0.055345,0,0,1,1.0200,坪山区,23,23,0,0,0,0,1
2023-09-13,589179428,20190000000000000003,900200000000000034,1,129.882,310.518,40327.273,2023-09-13 01:45:00.000,L2FT01-FTJ028,13.85,0.000,0.666012,16605,0.435592,0.055345,0,0,1,1.0200,坪山区,23,23,0,0,0,0,1
2023-09-13,589179428,20190000000000000003,900200000000000042,1,107.384,314.760,33797.333,2023-09-13 01:45:00.000,L2FT01-FTJ028,13.85,0.000,0.666012,16605,0.435592,0.055345,0,0,1,1.0200,坪山区,23,23,0,0,0,0,1
2023-09-13,589179428,20190000000000000003,900200000000000047,1,116.459,310.540,36162.000,2023-09-13 01:45:00.000,L2FT01-FTJ028,13.85,0.000,0.666012,16605,0.435592,0.055345,0,0,1,1.0200,坪山区,23,23,0,0,0,0,1
2023-09-13,589179428,20190000000000000003,900200000000000034,1,129.890,312.187,40548.000,2023-09-13 02:00:00.000,L2FT01-FTJ028,14.57,0.000,0.666012,16605,0.435592,0.055345,0,0,1,1.0200,坪山区,23,23,0,0,0,0,1
2023-09-13,589179428,20190000000000000003,900200000000000042,1,74.905,321.280,23920.667,2023-09-13 02:00:00.000,L2FT01-FTJ028,14.57,0.000,0.666012,16605,0.435592,0.055345,0,0,1,1.0200,坪山区,23,23,0,0,0,0,1
2023-09-13,589179428,20190000000000000003,900200000000000047,1,129.836,312.307,40545.333,2023-09-13 02:00:00.000,L2FT01-FTJ028,14.57,0.000,0.666012,16605,0.435592,0.055345,0,0,1,1.0200,坪山区,23,23,0,0,0,0,1
2023-09-13,589179428,20190000000000000003,900200000000000049,1,70.978,312.453,22174.667,2023-09-13 02:00:00.000,L2FT01-FTJ028,14.57,0.000,0.666012,16605,0.435592,0.055345,0,0,1,1.0200,坪山区,23,23,0,0,0,0,1
2023-09-13,589179428,20190000000000000003,900200000000000052,1,47.470,389.000,18472.667,2023-09-13 02:00:00.000,L2FT01-FTJ028,14.57,0.000,0.666012,16605,0.435592,0.055345,0,0,1,1.0200,坪山区,23,23,0,0,0,0,1
2023-09-13,589179428,20190000000000000003,900200000000000057,1,191.000,316.853,60514.000,2023-09-13 02:00:00.000,L2FT01-FTJ028,14.57,0.000,0.666012,16605,0.435592,0.055345,0,0,1,1.0200,坪山区,23,23,0,0,0,0,1
2023-09-13,589179428,20190000000000000003,900200000000000052,1,29.063,396.590,11496.000,2023-09-13 02:15:00.000,L2FT01-FTJ028,14.57,0.000,0.666012,16605,0.435592,0.055345,0,0,1,1.0200,坪山区,23,23,0,0,0,0,1
2023-09-13,589179428,20190000000000000003,900200000000000057,1,149.278,321.580,47960.000,2023-09-13 02:15:00.000,L2FT01-FTJ028,14.57,0.000,0.666012,16605,0.435592,0.055345,0,0,1,1.0200,坪山区,23,23,0,0,0,0,1
2023-09-13,589179428,20190000000000000003,900200000000000049,1,70.897,313.407,22218.000,2023-09-13 02:15:00.000,L2FT01-FTJ028,14.57,0.000,0.666012,16605,0.435592,0.055345,0,0,1,1.0200,坪山区,23,23,0,0,0,0,1
2023-09-13,589179428,20190000000000000003,900200000000000042,1,19.090,331.800,6335.000,2023-09-13 02:15:00.000,L2FT01-FTJ028,14.57,0.000,0.666012,16605,0.435592,0.055345,0,0,1,1.0200,坪山区,23,23,0,0,0,0,1
2023-09-13,589179428,20190000000000000003,900200000000000034,1,129.842,314.540,40837.333,2023-09-13 02:15:00.000,L2FT01-FTJ028,14.57,0.000,0.666012,16605,0.435592,0.055345,0,0,1,1.0200,坪山区,23,23,0,0,0,0,1
2023-09-13,589179428,20190000000000000003,900200000000000047,1,129.890,315.333,40956.000,2023-09-13 02:15:00.000,L2FT01-FTJ028,14.57,0.000,0.666012,16605,0.435592,0.055345,0,0,1,1.0200,坪山区,23,23,0,0,0,0,1
2023-09-13,589179428,20190000000000000003,900200000000000034,1,106.161,319.709,33803.636,2023-09-13 02:30:00.000,L2FT01-FTJ028,14.57,0.000,0.666012,16605,0.435592,0.055345,0,0,1,1.0200,坪山区,23,23,0,0,0,0,1
2023-09-13,589179428,20190000000000000003,900200000000000047,1,89.173,321.213,28586.000,2023-09-13 02:30:00.000,L2FT01-FTJ028,14.57,0.000,0.666012,16605,0.435592,0.055345,0,0,1,1.0200,坪山区,23,23,0,0,0,0,1
2023-09-13,589179428,20190000000000000003,900200000000000049,1,59.527,320.191,18970.909,2023-09-13 02:30:00.000,L2FT01-FTJ028,14.57,0.000,0.666012,16605,0.435592,0.055345,0,0,1,1.0200,坪山区,23,23,0,0,0,0,1
2023-09-13,589179428,20190000000000000003,900200000000000047,1,29.890,325.000,9715.000,2023-09-13 02:45:00.000,L2FT01-FTJ028,14.57,0.000,0.666012,16605,0.435592,0.055345,0,0,1,1.0200,坪山区,23,23,0,0,0,0,1
2023-09-13,589179428,20190000000000000003,900200000000000039,1,71.432,305.900,21848.462,2023-09-13 03:00:00.000,L2FT01-FTJ028,15.19,0.000,0.666012,16605,0.435592,0.055345,0,0,1,1.0200,坪山区,23,23,0,0,0,0,1
2023-09-13,589179428,20190000000000000003,900200000000000039,1,71.390,308.300,22008.000,2023-09-13 03:15:00.000,L2FT01-FTJ028,15.19,0.000,0.666012,16605,0.435592,0.055345,0,0,1,1.0200,坪山区,23,23,0,0,0,0,1
2023-09-13,589179428,20190000000000000003,900200000000000039,1,71.390,308.847,22046.000,2023-09-13 03:30:00.000,L2FT01-FTJ028,15.19,0.000,0.666012,16605,0.435592,0.055345,0,0,1,1.0200,坪山区,23,23,0,0,0,0,1
2023-09-13,589179428,20190000000000000003,900200000000000031,1,71.445,307.050,21932.500,2023-09-13 03:45:00.000,L2FT01-FTJ028,15.19,0.000,0.666012,16605,0.435592,0.055345,0,0,1,1.0200,坪山区,23,23,0,0,0,0,1
2023-09-13,589179428,20190000000000000003,900200000000000039,1,71.397,309.227,22075.333,2023-09-13 03:45:00.000,L2FT01-FTJ028,15.19,0.000,0.666012,16605,0.435592,0.055345,0,0,1,1.0200,坪山区,23,23,0,0,0,0,1
2023-09-13,589179428,20190000000000000003,900200000000000039,1,71.397,309.927,22125.333,2023-09-13 04:00:00.000,L2FT01-FTJ028,15.67,0.000,0.666012,16605,0.435592,0.055345,0,0,1,1.0200,坪山区,23,23,0,0,0,0,1
2023-09-13,589179428,20190000000000000003,900200000000000031,1,71.283,307.893,21947.333,2023-09-13 04:00:00.000,L2FT01-FTJ028,15.67,0.000,0.666012,16605,0.435592,0.055345,0,0,1,1.0200,坪山区,23,23,0,0,0,0,1
2023-09-13,589179428,20190000000000000003,900200000000000031,1,71.230,307.933,21932.000,2023-09-13 04:15:00.000,L2FT01-FTJ028,15.67,0.000,0.666012,16605,0.435592,0.055345,0,0,1,1.0200,坪山区,23,23,0,0,0,0,1
2023-09-13,589179428,20190000000000000003,900200000000000038,1,115.183,469.620,54754.667,2023-09-13 04:15:00.000,L2FT01-FTJ028,15.67,0.000,0.666012,16605,0.435592,0.055345,0,0,1,1.0200,坪山区,23,23,0,0,0,0,1
2023-09-13,589179428,20190000000000000003,900200000000000039,1,71.485,311.287,22247.333,2023-09-13 04:15:00.000,L2FT01-FTJ028,15.67,0.000,0.666012,16605,0.435592,0.055345,0,0,1,1.0200,坪山区,23,23,0,0,0,0,1
2023-09-13,589179428,20190000000000000003,900200000000000031,1,71.203,308.273,21948.667,2023-09-13 04:30:00.000,L2FT01-FTJ028,15.67,0.000,0.666012,16605,0.435592,0.055345,0,0,1,1.0200,坪山区,23,23,0,0,0,0,1
2023-09-13,589179428,20190000000000000003,900200000000000038,1,129.818,476.813,61894.000,2023-09-13 04:30:00.000,L2FT01-FTJ028,15.67,0.000,0.666012,16605,0.435592,0.055345,0,0,1,1.0200,坪山区,23,23,0,0,0,0,1
2023-09-13,589179428,20190000000000000003,900200000000000039,1,71.449,312.547,22327.333,2023-09-13 04:30:00.000,L2FT01-FTJ028,15.67,0.000,0.666012,16605,0.435592,0.055345,0,0,1,1.0200,坪山区,23,23,0,0,0,0,1
2023-09-13,589179428,20190000000000000003,900200000000000038,1,103.647,476.613,49404.000,2023-09-13 04:45:00.000,L2FT01-FTJ028,15.67,0.000,0.666012,16605,0.435592,0.055345,0,0,1,1.0200,坪山区,23,23,0,0,0,0,1
2023-09-13,589179428,20190000000000000003,900200000000000039,1,71.390,313.047,22347.333,2023-09-13 04:45:00.000,L2FT01-FTJ028,15.67,0.000,0.666012,16605,0.435592,0.055345,0,0,1,1.0200,坪山区,23,23,0,0,0,0,1
2023-09-13,589179428,20190000000000000003,900200000000000031,1,71.257,309.213,22031.333,2023-09-13 04:45:00.000,L2FT01-FTJ028,15.67,0.000,0.666012,16605,0.435592,0.055345,0,0,1,1.0200,坪山区,23,23,0,0,0,0,1
2023-09-13,589179428,20190000000000000003,900200000000000032,0,0.000,472.200,0.000,2023-09-13 04:45:00.000,L2FT01-FTJ028,15.67,0.000,0.666012,16605,0.435592,0.055345,0,0,1,1.0200,坪山区,23,23,0,0,0,0,1
2023-09-13,589179428,20190000000000000003,900200000000000038,1,57.228,476.155,27260.000,2023-09-13 05:00:00.000,L2FT01-FTJ028,15.97,0.000,0.666012,16605,0.435592,0.055345,0,0,1,1.0200,坪山区,23,23,0,0,0,0,1
2023-09-13,589179428,20190000000000000003,900200000000000039,1,71.449,313.513,22396.000,2023-09-13 05:00:00.000,L2FT01-FTJ028,15.97,0.000,0.666012,16605,0.435592,0.055345,0,0,1,1.0200,坪山区,23,23,0,0,0,0,1
2023-09-13,589179428,20190000000000000003,900200000000000031,1,71.210,311.320,22167.333,2023-09-13 05:00:00.000,L2FT01-FTJ028,15.97,0.000,0.666012,16605,0.435592,0.055345,0,0,1,1.0200,坪山区,23,23,0,0,0,0,1
2023-09-13,589179428,20190000000000000003,900200000000000032,1,57.112,471.187,27115.333,2023-09-13 05:00:00.000,L2FT01-FTJ028,15.97,0.000,0.666012,16605,0.435592,0.055345,0,0,1,1.0200,坪山区,23,23,0,0,0,0,1
2023-09-13,589179428,20190000000000000003,900200000000000031,1,71.203,312.207,22228.000,2023-09-13 05:15:00.000,L2FT01-FTJ028,15.97,0.000,0.666012,16605,0.435592,0.055345,0,0,1,1.0200,坪山区,23,23,0,0,0,0,1
2023-09-13,589179428,20190000000000000003,900200000000000032,1,62.777,476.993,29942.667,2023-09-13 05:15:00.000,L2FT01-FTJ028,15.97,0.000,0.666012,16605,0.435592,0.055345,0,0,1,1.0200,坪山区,23,23,0,0,0,0,1
2023-09-13,589179428,20190000000000000003,900200000000000039,1,71.463,314.607,22478.667,2023-09-13 05:15:00.000,L2FT01-FTJ028,15.97,0.000,0.666012,16605,0.435592,0.055345,0,0,1,1.0200,坪山区,23,23,0,0,0,0,1
2023-09-13,589179428,20190000000000000003,900200000000000031,1,71.190,312.813,22266.000,2023-09-13 05:30:00.000,L2FT01-FTJ028,15.97,0.000,0.666012,16605,0.435592,0.055345,0,0,1,1.0200,坪山区,23,23,0,0,0,0,1
2023-09-13,589179428,20190000000000000003,900200000000000032,1,62.790,476.860,29941.333,2023-09-13 05:30:00.000,L2FT01-FTJ028,15.97,0.000,0.666012,16605,0.435592,0.055345,0,0,1,1.0200,坪山区,23,23,0,0,0,0,1
2023-09-13,589179428,20190000000000000003,900200000000000039,1,61.851,321.889,19841.111,2023-09-13 05:30:00.000,L2FT01-FTJ028,15.97,0.000,0.666012,16605,0.435592,0.055345,0,0,1,1.0200,坪山区,23,23,0,0,0,0,1
2023-09-13,589179428,20190000000000000003,900200000000000031,1,68.133,317.193,21573.571,2023-09-13 05:45:00.000,L2FT01-FTJ028,15.97,0.000,0.666012,16605,0.435592,0.055345,0,0,1,1.0200,坪山区,23,23,0,0,0,0,1
2023-09-13,589179428,20190000000000000003,900200000000000032,1,62.757,477.007,29934.000,2023-09-13 05:45:00.000,L2FT01-FTJ028,15.97,0.000,0.666012,16605,0.435592,0.055345,0,0,1,1.0200,坪山区,23,23,0,0,0,0,1
2023-09-13,589179428,20190000000000000003,900200000000000032,1,56.710,477.100,27060.000,2023-09-13 06:00:00.000,L2FT01-FTJ028,16.07,0.000,0.666012,16605,0.435592,0.055345,0,0,1,1.0200,坪山区,23,23,0,0,0,0,1
2023-09-13,589179428,20190000000000000003,900200000000000035,1,94.764,354.311,33571.111,2023-09-13 06:30:00.000,L2FT01-FTJ028,16.07,0.000,0.666012,16605,0.435592,0.055345,0,0,1,1.0200,坪山区,23,23,0,0,0,0,1
2023-09-13,589179428,20190000000000000003,900200000000000043,1,71.711,345.100,24745.000,2023-09-13 06:30:00.000,L2FT01-FTJ028,16.07,0.000,0.666012,16605,0.435592,0.055345,0,0,1,1.0200,坪山区,23,23,0,0,0,0,1
2023-09-13,589179428,20190000000000000003,900200000000000031,0,0.000,468.600,0.000,2023-09-13 06:30:00.000,L2FT01-FTJ028,16.07,0.000,0.666012,16605,0.435592,0.055345,0,0,1,1.0200,坪山区,23,23,0,0,0,0,1
2023-09-13,589179428,20190000000000000003,900200000000000031,1,89.957,470.000,42652.000,2023-09-13 06:45:00.000,L2FT01-FTJ028,16.07,0.000,0.666012,16605,0.435592,0.055345,0,0,1,1.0200,坪山区,23,23,0,0,0,0,1
2023-09-13,589179428,20190000000000000003,900200000000000035,1,90.091,355.193,31997.333,2023-09-13 06:45:00.000,L2FT01-FTJ028,16.07,0.000,0.666012,16605,0.435592,0.055345,0,0,1,1.0200,坪山区,23,23,0,0,0,0,1
2023-09-13,589179428,20190000000000000003,900200000000000043,1,71.690,346.960,24872.000,2023-09-13 06:45:00.000,L2FT01-FTJ028,16.07,0.000,0.666012,16605,0.435592,0.055345,0,0,1,1.0200,坪山区,23,23,0,0,0,0,1
2023-09-13,589179428,20190000000000000003,900200000000000031,1,72.154,475.186,34292.143,2023-09-13 07:00:00.000,L2FT01-FTJ028,15.97,0.000,0.666012,16605,0.435592,0.055345,0,0,1,1.0200,坪山区,23,23,0,0,0,0,1
2023-09-13,589179428,20190000000000000003,900200000000000035,1,61.371,354.680,21775.333,2023-09-13 07:00:00.000,L2FT01-FTJ028,15.97,0.000,0.666012,16605,0.435592,0.055345,0,0,1,1.0200,坪山区,23,23,0,0,0,0,1
2023-09-13,589179428,20190000000000000003,900200000000000043,1,71.690,349.573,25058.667,2023-09-13 07:00:00.000,L2FT01-FTJ028,15.97,0.000,0.666012,16605,0.435592,0.055345,0,0,1,1.0200,坪山区,23,23,0,0,0,0,1
2023-09-13,589179428,20190000000000000003,900200000000000035,1,33.293,353.350,11769.000,2023-09-13 07:15:00.000,L2FT01-FTJ028,15.97,0.000,0.666012,16605,0.435592,0.055345,0,0,1,1.0200,坪山区,23,23,0,0,0,0,1
2023-09-13,589179428,20190000000000000003,900200000000000043,1,23.208,353.533,8220.000,2023-09-13 07:15:00.000,L2FT01-FTJ028,15.97,0.000,0.666012,16605,0.435592,0.055345,0,0,1,1.0200,坪山区,23,23,0,0,0,0,1
2023-09-13,589179428,20190000000000000003,900200000000000049,1,144.147,313.600,45220.000,2023-09-13 10:30:00.000,L2FT01-FTJ028,14.57,0.000,0.666012,16605,0.435592,0.055345,0,0,1,1.0200,坪山区,23,23,0,0,0,0,1
2023-09-13,589179428,20190000000000000003,900200000000000049,1,149.927,316.740,47485.333,2023-09-13 10:45:00.000,L2FT01-FTJ028,14.57,0.000,0.666012,16605,0.435592,0.055345,0,0,1,1.0200,坪山区,23,23,0,0,0,0,1
2023-09-13,589179428,20190000000000000003,900200000000000049,1,43.190,328.000,14113.333,2023-09-13 11:00:00.000,L2FT01-FTJ028,13.85,0.000,0.666012,16605,0.435592,0.055345,0,0,1,1.0200,坪山区,23,23,0,0,0,0,1
2023-09-13,589179428,20190000000000000003,900200000000000057,1,87.528,364.989,32004.444,2023-09-13 11:00:00.000,L2FT01-FTJ028,13.85,0.000,0.666012,16605,0.435592,0.055345,0,0,1,1.0200,坪山区,23,23,0,0,0,0,1
2023-09-13,589179428,20190000000000000003,900200000000000057,1,94.993,367.207,34876.000,2023-09-13 11:15:00.000,L2FT01-FTJ028,13.85,0.000,0.666012,16605,0.435592,0.055345,0,0,1,1.0200,坪山区,23,23,0,0,0,0,1
2023-09-13,589179428,20190000000000000003,900200000000000057,1,95.000,369.520,35100.667,2023-09-13 11:30:00.000,L2FT01-FTJ028,13.85,0.000,0.666012,16605,0.435592,0.055345,0,0,1,1.0200,坪山区,23,23,0,0,0,0,1
2023-09-13,589179428,20190000000000000003,900200000000000057,1,95.000,371.114,35251.429,2023-09-13 11:45:00.000,L2FT01-FTJ028,13.85,0.000,0.666012,16605,0.435592,0.055345,0,0,1,1.0200,坪山区,23,23,0,0,0,0,1
2023-09-13,589179428,20190000000000000003,900200000000000030,1,143.841,391.720,56342.000,2023-09-13 12:30:00.000,L2FT01-FTJ028,13.07,0.000,0.666012,16605,0.435592,0.055345,0,0,1,1.0200,坪山区,23,23,0,0,0,0,1
2023-09-13,589179428,20190000000000000003,900200000000000030,1,126.566,392.927,49744.000,2023-09-13 12:45:00.000,L2FT01-FTJ028,13.07,0.000,0.666012,16605,0.435592,0.055345,0,0,1,1.0200,坪山区,23,23,0,0,0,0,1
2023-09-13,589179428,20190000000000000003,900200000000000049,1,129.995,311.425,40481.250,2023-09-13 12:45:00.000,L2FT01-FTJ028,13.07,0.000,0.666012,16605,0.435592,0.055345,0,0,1,1.0200,坪山区,23,23,0,0,0,0,1
2023-09-13,589179428,20190000000000000003,900200000000000030,1,68.010,390.580,26603.333,2023-09-13 13:00:00.000,L2FT01-FTJ028,12.30,0.000,0.666012,16605,0.435592,0.055345,0,0,1,1.0200,坪山区,23,23,0,0,0,0,1
2023-09-13,589179428,20190000000000000003,900200000000000038,1,57.072,310.400,20244.000,2023-09-13 13:00:00.000,L2FT01-FTJ028,12.30,0.000,0.666012,16605,0.435592,0.055345,0,0,1,1.0200,坪山区,23,23,0,0,0,0,1
2023-09-13,589179428,20190000000000000003,900200000000000049,1,129.890,314.573,40858.000,2023-09-13 13:00:00.000,L2FT01-FTJ028,12.30,0.000,0.666012,16605,0.435592,0.055345,0,0,1,1.0200,坪山区,23,23,0,0,0,0,1
2023-09-13,589179428,20190000000000000003,900200000000000030,1,34.318,394.867,13510.000,2023-09-13 13:15:00.000,L2FT01-FTJ028,12.30,0.000,0.666012,16605,0.435592,0.055345,0,0,1,1.0200,坪山区,23,23,0,0,0,0,1
2023-09-13,589179428,20190000000000000003,900200000000000035,1,95.028,376.056,35873.333,2023-09-13 13:15:00.000,L2FT01-FTJ028,12.30,0.000,0.666012,16605,0.435592,0.055345,0,0,1,1.0200,坪山区,23,23,0,0,0,0,1
2023-09-13,589179428,20190000000000000003,900200000000000038,1,65.851,358.093,23528.000,2023-09-13 13:15:00.000,L2FT01-FTJ028,12.30,0.000,0.666012,16605,0.435592,0.055345,0,0,1,1.0200,坪山区,23,23,0,0,0,0,1
2023-09-13,589179428,20190000000000000003,900200000000000049,1,83.190,322.867,26656.000,2023-09-13 13:15:00.000,L2FT01-FTJ028,12.30,0.000,0.666012,16605,0.435592,0.055345,0,0,1,1.0200,坪山区,23,23,0,0,0,0,1
2023-09-13,589179428,20190000000000000003,900200000000000030,1,13.590,403.300,5480.000,2023-09-13 13:30:00.000,L2FT01-FTJ028,12.30,0.000,0.666012,16605,0.435592,0.055345,0,0,1,1.0200,坪山区,23,23,0,0,0,0,1
2023-09-13,589179428,20190000000000000003,900200000000000035,1,80.379,390.520,31339.333,2023-09-13 13:30:00.000,L2FT01-FTJ028,12.30,0.000,0.666012,16605,0.435592,0.055345,0,0,1,1.0200,坪山区,23,23,0,0,0,0,1
2023-09-13,589179428,20190000000000000003,900200000000000035,1,62.903,400.170,25171.000,2023-09-13 13:45:00.000,L2FT01-FTJ028,12.30,0.000,0.666012,16605,0.435592,0.055345,0,0,1,1.0200,坪山区,23,23,0,0,0,0,1
2023-09-13,589179428,20190000000000000003,900200000000000057,1,74.995,438.875,34797.500,2023-09-13 14:15:00.000,L2FT01-FTJ028,11.57,0.000,0.666012,16605,0.435592,0.055345,0,0,1,1.0200,坪山区,23,23,0,0,0,0,1
2023-09-13,589179428,20190000000000000003,900200000000000039,1,60.767,341.108,20737.500,2023-09-13 15:15:00.000,L2FT01-FTJ028,10.95,0.000,0.666012,16605,0.435592,0.055345,0,0,1,1.0200,坪山区,23,23,0,0,0,0,1
2023-09-13,589179428,20190000000000000003,900200000000000039,1,61.790,357.473,22086.667,2023-09-13 15:30:00.000,L2FT01-FTJ028,10.95,0.000,0.666012,16605,0.435592,0.055345,0,0,1,1.0200,坪山区,23,23,0,0,0,0,1
2023-09-13,589179428,20190000000000000003,900200000000000039,1,57.090,368.053,21006.000,2023-09-13 15:45:00.000,L2FT01-FTJ028,10.95,0.000,0.666012,16605,0.435592,0.055345,0,0,1,1.0200,坪山区,23,23,0,0,0,0,1
2023-09-13,589179428,20190000000000000003,900200000000000035,1,20.090,375.800,7550.000,2023-09-13 16:00:00.000,L2FT01-FTJ028,10.47,0.000,0.666012,16605,0.435592,0.055345,0,0,1,1.0200,坪山区,23,23,0,0,0,0,1
2023-09-13,589179428,20190000000000000003,900200000000000039,1,47.690,373.173,17795.333,2023-09-13 16:00:00.000,L2FT01-FTJ028,10.47,0.000,0.666012,16605,0.435592,0.055345,0,0,1,1.0200,坪山区,23,23,0,0,0,0,1
2023-09-13,589179428,20190000000000000003,900200000000000035,1,111.497,476.367,53128.333,2023-09-13 16:15:00.000,L2FT01-FTJ028,10.47,0.000,0.666012,16605,0.435592,0.055345,0,0,1,1.0200,坪山区,23,23,0,0,0,0,1
2023-09-13,589179428,20190000000000000003,900200000000000039,1,47.690,379.480,18096.667,2023-09-13 16:15:00.000,L2FT01-FTJ028,10.47,0.000,0.666012,16605,0.435592,0.055345,0,0,1,1.0200,坪山区,23,23,0,0,0,0,1
2023-09-13,589179428,20190000000000000003,900200000000000042,1,107.890,308.900,33330.000,2023-09-13 16:15:00.000,L2FT01-FTJ028,10.47,0.000,0.666012,16605,0.435592,0.055345,0,0,1,1.0200,坪山区,23,23,0,0,0,0,1
2023-09-13,589179428,20190000000000000003,900200000000000039,1,38.732,383.717,14860.833,2023-09-13 16:30:00.000,L2FT01-FTJ028,10.47,0.000,0.666012,16605,0.435592,0.055345,0,0,1,1.0200,坪山区,23,23,0,0,0,0,1
2023-09-13,589179428,20190000000000000003,900200000000000044,1,111.990,359.450,40335.000,2023-09-13 17:45:00.000,L2FT01-FTJ028,10.17,0.000,0.666012,16605,0.435592,0.055345,0,0,1,1.0200,坪山区,23,23,0,0,0,0,1
2023-09-13,589179428,20190000000000000003,900200000000000044,1,132.494,367.810,48728.000,2023-09-13 18:00:00.000,L2FT01-FTJ028,10.07,0.000,0.666012,16605,0.435592,0.055345,0,0,1,1.0200,坪山区,23,23,0,0,0,0,1
2023-09-13,589179428,20190000000000000003,900200000000000044,1,71.840,363.600,26115.000,2023-09-13 18:15:00.000,L2FT01-FTJ028,10.07,0.000,0.666012,16605,0.435592,0.055345,0,0,1,1.0200,坪山区,23,23,0,0,0,0,1
2023-09-13,589179428,20190000000000000003,900200000000000034,1,130.000,313.900,40800.000,2023-09-13 18:30:00.000,L2FT01-FTJ028,10.07,0.000,0.666012,16605,0.435592,0.055345,0,0,1,1.0200,坪山区,23,23,0,0,0,0,1
2023-09-13,589179428,20190000000000000003,900200000000000044,1,71.610,369.200,26438.000,2023-09-13 18:30:00.000,L2FT01-FTJ028,10.07,0.000,0.666012,16605,0.435592,0.055345,0,0,1,1.0200,坪山区,23,23,0,0,0,0,1
2023-09-13,589179428,20190000000000000003,900200000000000044,1,71.590,384.200,27503.333,2023-09-13 18:45:00.000,L2FT01-FTJ028,10.07,0.000,0.666012,16605,0.435592,0.055345,0,0,1,1.0200,坪山区,23,23,0,0,0,0,1
2023-09-13,589179428,20190000000000000003,900200000000000034,1,130.036,315.073,40967.333,2023-09-13 18:45:00.000,L2FT01-FTJ028,10.07,0.000,0.666012,16605,0.435592,0.055345,0,0,1,1.0200,坪山区,23,23,0,0,0,0,1
2023-09-13,589179428,20190000000000000003,900200000000000044,1,71.423,402.867,28772.000,2023-09-13 19:00:00.000,L2FT01-FTJ028,10.17,0.000,0.666012,16605,0.435592,0.055345,0,0,1,1.0200,坪山区,23,23,0,0,0,0,1
2023-09-13,589179428,20190000000000000003,900200000000000044,1,70.290,414.700,29150.000,2023-09-13 19:15:00.000,L2FT01-FTJ028,10.17,0.000,0.666012,16605,0.435592,0.055345,0,0,1,1.0200,坪山区,23,23,0,0,0,0,1
2023-09-13,589179428,20190000000000000003,900200000000000039,1,68.540,362.854,24882.308,2023-09-13 20:30:00.000,L2FT01-FTJ028,10.47,0.000,0.666012,16605,0.435592,0.055345,0,0,1,1.0200,坪山区,23,23,0,0,0,0,1
2023-09-13,589179428,20190000000000000003,900200000000000039,1,71.390,365.520,26094.000,2023-09-13 20:45:00.000,L2FT01-FTJ028,10.47,0.000,0.666012,16605,0.435592,0.055345,0,0,1,1.0200,坪山区,23,23,0,0,0,0,1
2023-09-13,589179428,20190000000000000003,900200000000000042,1,59.640,353.267,21066.667,2023-09-13 20:45:00.000,L2FT01-FTJ028,10.47,0.000,0.666012,16605,0.435592,0.055345,0,0,1,1.0200,坪山区,23,23,0,0,0,0,1
2023-09-13,589179428,20190000000000000003,900200000000000030,1,121.513,311.353,37831.333,2023-09-13 21:00:00.000,L2FT01-FTJ028,10.95,0.000,0.666012,16605,0.435592,0.055345,0,0,1,1.0200,坪山区,23,23,0,0,0,0,1
2023-09-13,589179428,20190000000000000003,900200000000000039,1,65.427,366.047,23948.667,2023-09-13 21:00:00.000,L2FT01-FTJ028,10.95,0.000,0.666012,16605,0.435592,0.055345,0,0,1,1.0200,坪山区,23,23,0,0,0,0,1
2023-09-13,589179428,20190000000000000003,900200000000000042,1,55.540,354.133,19666.667,2023-09-13 21:00:00.000,L2FT01-FTJ028,10.95,0.000,0.666012,16605,0.435592,0.055345,0,0,1,1.0200,坪山区,23,23,0,0,0,0,1
2023-09-13,589179428,20190000000000000003,900200000000000030,1,121.390,313.660,38073.333,2023-09-13 21:15:00.000,L2FT01-FTJ028,10.95,0.000,0.666012,16605,0.435592,0.055345,0,0,1,1.0200,坪山区,23,23,0,0,0,0,1
2023-09-13,589179428,20190000000000000003,900200000000000039,1,53.590,366.000,19613.333,2023-09-13 21:15:00.000,L2FT01-FTJ028,10.95,0.000,0.666012,16605,0.435592,0.055345,0,0,1,1.0200,坪山区,23,23,0,0,0,0,1
2023-09-13,589179428,20190000000000000003,900200000000000030,1,121.460,314.736,38224.545,2023-09-13 21:30:00.000,L2FT01-FTJ028,10.95,0.000,0.666012,16605,0.435592,0.055345,0,0,1,1.0200,坪山区,23,23,0,0,0,0,1
2023-09-13,589179428,20190000000000000003,900200000000000043,1,79.340,306.900,24350.000,2023-09-13 21:45:00.000,L2FT01-FTJ028,10.95,0.000,0.666012,16605,0.435592,0.055345,0,0,1,1.0200,坪山区,23,23,0,0,0,0,1
2023-09-13,589179428,20190000000000000003,900200000000000052,1,153.100,305.500,46770.000,2023-09-13 23:45:00.000,L2FT01-FTJ028,12.30,0.000,0.666012,16605,0.435592,0.055345,0,0,1,1.0200,坪山区,23,23,0,0,0,0,1
2023-09-13,589179428,20190000000000000003,900200000000000034,1,204.100,306.500,62556.667,2023-09-13 23:45:00.000,L2FT01-FTJ028,12.30,0.000,0.666012,16605,0.435592,0.055345,0,0,1,1.0200,坪山区,23,23,0,0,0,0,1
2023-09-14,589179428,20190000000000000003,900200000000000030,1,178.730,315.287,55717.333,2023-09-14 00:00:00.000,L2FT01-FTJ028,13.07,0.000,0.666012,16605,0.435592,0.055345,0,0,1,1.0200,坪山区,23,23,0,0,0,0,1
2023-09-14,589179428,20190000000000000003,900200000000000034,1,183.877,310.253,57046.667,2023-09-14 00:00:00.000,L2FT01-FTJ028,13.07,0.000,0.666012,16605,0.435592,0.055345,0,0,1,1.0200,坪山区,23,23,0,0,0,0,1
2023-09-14,589179428,20190000000000000003,900200000000000035,1,129.885,309.940,40253.333,2023-09-14 00:00:00.000,L2FT01-FTJ028,13.07,0.000,0.666012,16605,0.435592,0.055345,0,0,1,1.0200,坪山区,23,23,0,0,0,0,1
2023-09-14,589179428,20190000000000000003,900200000000000052,1,149.803,310.013,46438.667,2023-09-14 00:00:00.000,L2FT01-FTJ028,13.07,0.000,0.666012,16605,0.435592,0.055345,0,0,1,1.0200,坪山区,23,23,0,0,0,0,1
2023-09-14,589179428,20190000000000000003,900200000000000030,1,191.600,313.453,60052.667,2023-09-14 00:15:00.000,L2FT01-FTJ028,13.07,0.000,0.666012,16605,0.435592,0.055345,0,0,1,1.0200,坪山区,23,23,0,0,0,0,1
2023-09-14,589179428,20190000000000000003,900200000000000034,1,145.137,310.493,45064.667,2023-09-14 00:15:00.000,L2FT01-FTJ028,13.07,0.000,0.666012,16605,0.435592,0.055345,0,0,1,1.0200,坪山区,23,23,0,0,0,0,1
2023-09-14,589179428,20190000000000000003,900200000000000035,1,129.866,311.020,40388.000,2023-09-14 00:15:00.000,L2FT01-FTJ028,13.07,0.000,0.666012,16605,0.435592,0.055345,0,0,1,1.0200,坪山区,23,23,0,0,0,0,1
2023-09-14,589179428,20190000000000000003,900200000000000052,1,149.877,311.140,46630.000,2023-09-14 00:15:00.000,L2FT01-FTJ028,13.07,0.000,0.666012,16605,0.435592,0.055345,0,0,1,1.0200,坪山区,23,23,0,0,0,0,1
2023-09-14,589179428,20190000000000000003,900200000000000052,1,149.991,313.280,46986.000,2023-09-14 00:30:00.000,L2FT01-FTJ028,13.07,0.000,0.666012,16605,0.435592,0.055345,0,0,1,1.0200,坪山区,23,23,0,0,0,0,1
2023-09-14,589179428,20190000000000000003,900200000000000030,1,134.383,313.493,42152.667,2023-09-14 00:30:00.000,L2FT01-FTJ028,13.07,0.000,0.666012,16605,0.435592,0.055345,0,0,1,1.0200,坪山区,23,23,0,0,0,0,1
2023-09-14,589179428,20190000000000000003,900200000000000034,1,139.215,311.893,43416.000,2023-09-14 00:30:00.000,L2FT01-FTJ028,13.07,0.000,0.666012,16605,0.435592,0.055345,0,0,1,1.0200,坪山区,23,23,0,0,0,0,1
2023-09-14,589179428,20190000000000000003,900200000000000035,1,129.817,313.993,40756.667,2023-09-14 00:30:00.000,L2FT01-FTJ028,13.07,0.000,0.666012,16605,0.435592,0.055345,0,0,1,1.0200,坪山区,23,23,0,0,0,0,1
2023-09-14,589179428,20190000000000000003,900200000000000052,1,149.863,314.687,47158.000,2023-09-14 00:45:00.000,L2FT01-FTJ028,13.07,0.000,0.666012,16605,0.435592,0.055345,0,0,1,1.0200,坪山区,23,23,0,0,0,0,1
2023-09-14,589179428,20190000000000000003,900200000000000035,1,95.181,320.654,30310.769,2023-09-14 00:45:00.000,L2FT01-FTJ028,13.07,0.000,0.666012,16605,0.435592,0.055345,0,0,1,1.0200,坪山区,23,23,0,0,0,0,1
2023-09-14,589179428,20190000000000000003,900200000000000030,1,142.687,314.960,44938.000,2023-09-14 00:45:00.000,L2FT01-FTJ028,13.07,0.000,0.666012,16605,0.435592,0.055345,0,0,1,1.0200,坪山区,23,23,0,0,0,0,1
2023-09-14,589179428,20190000000000000003,900200000000000034,1,138.587,313.447,43436.000,2023-09-14 00:45:00.000,L2FT01-FTJ028,13.07,0.000,0.666012,16605,0.435592,0.055345,0,0,1,1.0200,坪山区,23,23,0,0,0,0,1
2023-09-14,589179428,20190000000000000003,900200000000000030,1,126.805,319.073,40354.000,2023-09-14 01:00:00.000,L2FT01-FTJ028,13.85,0.000,0.666012,16605,0.435592,0.055345,0,0,1,1.0200,坪山区,23,23,0,0,0,0,1
2023-09-14,589179428,20190000000000000003,900200000000000034,1,137.860,314.380,43337.333,2023-09-14 01:00:00.000,L2FT01-FTJ028,13.85,0.000,0.666012,16605,0.435592,0.055345,0,0,1,1.0200,坪山区,23,23,0,0,0,0,1
2023-09-14,589179428,20190000000000000003,900200000000000052,1,116.579,320.293,37149.333,2023-09-14 01:00:00.000,L2FT01-FTJ028,13.85,0.000,0.666012,16605,0.435592,0.055345,0,0,1,1.0200,坪山区,23,23,0,0,0,0,1
2023-09-14,589179428,20190000000000000003,900200000000000030,1,25.323,333.567,8446.667,2023-09-14 01:15:00.000,L2FT01-FTJ028,13.85,0.000,0.666012,16605,0.435592,0.055345,0,0,1,1.0200,坪山区,23,23,0,0,0,0,1
2023-09-14,589179428,20190000000000000003,900200000000000034,1,120.829,317.200,38296.000,2023-09-14 01:15:00.000,L2FT01-FTJ028,13.85,0.000,0.666012,16605,0.435592,0.055345,0,0,1,1.0200,坪山区,23,23,0,0,0,0,1
2023-09-14,589179428,20190000000000000003,900200000000000052,1,140.202,357.200,50176.250,2023-09-14 01:15:00.000,L2FT01-FTJ028,13.85,0.000,0.666012,16605,0.435592,0.055345,0,0,1,1.0200,坪山区,23,23,0,0,0,0,1
2023-09-14,589179428,20190000000000000003,900200000000000034,1,29.512,329.060,9700.000,2023-09-14 01:30:00.000,L2FT01-FTJ028,13.85,0.000,0.666012,16605,0.435592,0.055345,0,0,1,1.0200,坪山区,23,23,0,0,0,0,1
2023-09-14,589179428,20190000000000000003,900200000000000052,1,141.434,370.507,52350.667,2023-09-14 01:30:00.000,L2FT01-FTJ028,13.85,0.000,0.666012,16605,0.435592,0.055345,0,0,1,1.0200,坪山区,23,23,0,0,0,0,1
2023-09-14,589179428,20190000000000000003,900200000000000052,1,110.811,391.300,43311.333,2023-09-14 01:45:00.000,L2FT01-FTJ028,13.85,0.000,0.666012,16605,0.435592,0.055345,0,0,1,1.0200,坪山区,23,23,0,0,0,0,1
2023-09-14,589179428,20190000000000000003,900200000000000052,1,53.357,403.467,21518.000,2023-09-14 02:00:00.000,L2FT01-FTJ028,14.57,0.000,0.666012,16605,0.435592,0.055345,0,0,1,1.0200,坪山区,23,23,0,0,0,0,1
2023-09-14,589179428,20190000000000000003,900200000000000052,1,32.431,409.613,13278.000,2023-09-14 02:15:00.000,L2FT01-FTJ028,14.57,0.000,0.666012,16605,0.435592,0.055345,0,0,1,1.0200,坪山区,23,23,0,0,0,0,1
2023-09-14,589179428,20190000000000000003,900200000000000037,1,121.153,315.673,38309.333,2023-09-14 02:15:00.000,L2FT01-FTJ028,14.57,0.000,0.666012,16605,0.435592,0.055345,0,0,1,1.0200,坪山区,23,23,0,0,0,0,1
2023-09-14,589179428,20190000000000000003,900200000000000030,1,130.454,308.292,40215.000,2023-09-14 02:15:00.000,L2FT01-FTJ028,14.57,0.000,0.666012,16605,0.435592,0.055345,0,0,1,1.0200,坪山区,23,23,0,0,0,0,1
2023-09-14,589179428,20190000000000000003,900200000000000030,1,130.441,310.187,40459.333,2023-09-14 02:30:00.000,L2FT01-FTJ028,14.57,0.000,0.666012,16605,0.435592,0.055345,0,0,1,1.0200,坪山区,23,23,0,0,0,0,1
2023-09-14,589179428,20190000000000000003,900200000000000037,1,83.183,324.800,26801.111,2023-09-14 02:30:00.000,L2FT01-FTJ028,14.57,0.000,0.666012,16605,0.435592,0.055345,0,0,1,1.0200,坪山区,23,23,0,0,0,0,1
2023-09-14,589179428,20190000000000000003,900200000000000052,1,22.690,411.300,9330.000,2023-09-14 02:30:00.000,L2FT01-FTJ028,14.57,0.000,0.666012,16605,0.435592,0.055345,0,0,1,1.0200,坪山区,23,23,0,0,0,0,1
2023-09-14,589179428,20190000000000000003,900200000000000030,1,123.281,310.787,38311.333,2023-09-14 02:45:00.000,L2FT01-FTJ028,14.57,0.000,0.666012,16605,0.435592,0.055345,0,0,1,1.0200,坪山区,23,23,0,0,0,0,1
2023-09-14,589179428,20190000000000000003,900200000000000030,1,121.390,312.347,37914.000,2023-09-14 03:00:00.000,L2FT01-FTJ028,15.19,0.000,0.666012,16605,0.435592,0.055345,0,0,1,1.0200,坪山区,23,23,0,0,0,0,1
2023-09-14,589179428,20190000000000000003,900200000000000030,1,121.390,313.667,38073.333,2023-09-14 03:15:00.000,L2FT01-FTJ028,15.19,0.000,0.666012,16605,0.435592,0.055345,0,0,1,1.0200,坪山区,23,23,0,0,0,0,1
2023-09-14,589179428,20190000000000000003,900200000000000030,1,121.390,314.387,38162.000,2023-09-14 03:30:00.000,L2FT01-FTJ028,15.19,0.000,0.666012,16605,0.435592,0.055345,0,0,1,1.0200,坪山区,23,23,0,0,0,0,1
2023-09-14,589179428,20190000000000000003,900200000000000049,1,79.095,307.200,24595.000,2023-09-14 03:30:00.000,L2FT01-FTJ028,15.19,0.000,0.666012,16605,0.435592,0.055345,0,0,1,1.0200,坪山区,23,23,0,0,0,0,1
2023-09-14,589179428,20190000000000000003,900200000000000030,1,118.683,316.613,37566.000,2023-09-14 03:45:00.000,L2FT01-FTJ028,15.19,0.000,0.666012,16605,0.435592,0.055345,0,0,1,1.0200,坪山区,23,23,0,0,0,0,1
2023-09-14,589179428,20190000000000000003,900200000000000037,1,61.045,293.200,18855.000,2023-09-14 03:45:00.000,L2FT01-FTJ028,15.19,0.000,0.666012,16605,0.435592,0.055345,0,0,1,1.0200,坪山区,23,23,0,0,0,0,1
2023-09-14,589179428,20190000000000000003,900200000000000049,1,149.891,311.807,46735.333,2023-09-14 03:45:00.000,L2FT01-FTJ028,15.19,0.000,0.666012,16605,0.435592,0.055345,0,0,1,1.0200,坪山区,23,23,0,0,0,0,1
2023-09-14,589179428,20190000000000000003,900200000000000057,1,95.017,373.450,36990.000,2023-09-14 03:45:00.000,L2FT01-FTJ028,15.19,0.000,0.666012,16605,0.435592,0.055345,0,0,1,1.0200,坪山区,23,23,0,0,0,0,1
2023-09-14,589179428,20190000000000000003,900200000000000057,1,120.334,389.173,46828.000,2023-09-14 04:00:00.000,L2FT01-FTJ028,15.67,0.000,0.666012,16605,0.435592,0.055345,0,0,1,1.0200,坪山区,23,23,0,0,0,0,1
2023-09-14,589179428,20190000000000000003,900200000000000049,1,149.817,314.087,47054.000,2023-09-14 04:00:00.000,L2FT01-FTJ028,15.67,0.000,0.666012,16605,0.435592,0.055345,0,0,1,1.0200,坪山区,23,23,0,0,0,0,1
2023-09-14,589179428,20190000000000000003,900200000000000030,1,89.016,312.142,27477.500,2023-09-14 04:00:00.000,L2FT01-FTJ028,15.67,0.000,0.666012,16605,0.435592,0.055345,0,0,1,1.0200,坪山区,23,23,0,0,0,0,1
2023-09-14,589179428,20190000000000000003,900200000000000037,1,121.899,310.000,37785.333,2023-09-14 04:00:00.000,L2FT01-FTJ028,15.67,0.000,0.666012,16605,0.435592,0.055345,0,0,1,1.0200,坪山区,23,23,0,0,0,0,1
2023-09-14,589179428,20190000000000000003,900200000000000030,1,112.890,309.360,34921.333,2023-09-14 04:15:00.000,L2FT01-FTJ028,15.67,0.000,0.666012,16605,0.435592,0.055345,0,0,1,1.0200,坪山区,23,23,0,0,0,0,1
2023-09-14,589179428,20190000000000000003,900200000000000037,1,121.800,310.653,37832.667,2023-09-14 04:15:00.000,L2FT01-FTJ028,15.67,0.000,0.666012,16605,0.435592,0.055345,0,0,1,1.0200,坪山区,23,23,0,0,0,0,1
2023-09-14,589179428,20190000000000000003,900200000000000049,1,149.843,315.633,47294.000,2023-09-14 04:15:00.000,L2FT01-FTJ028,15.67,0.000,0.666012,16605,0.435592,0.055345,0,0,1,1.0200,坪山区,23,23,0,0,0,0,1
2023-09-14,589179428,20190000000000000003,900200000000000057,1,110.090,391.500,43100.667,2023-09-14 04:15:00.000,L2FT01-FTJ028,15.67,0.000,0.666012,16605,0.435592,0.055345,0,0,1,1.0200,坪山区,23,23,0,0,0,0,1
2023-09-14,589179428,20190000000000000003,900200000000000030,1,118.275,310.567,36739.333,2023-09-14 04:30:00.000,L2FT01-FTJ028,15.67,0.000,0.666012,16605,0.435592,0.055345,0,0,1,1.0200,坪山区,23,23,0,0,0,0,1
2023-09-14,589179428,20190000000000000003,900200000000000037,1,121.800,312.493,38056.667,2023-09-14 04:30:00.000,L2FT01-FTJ028,15.67,0.000,0.666012,16605,0.435592,0.055345,0,0,1,1.0200,坪山区,23,23,0,0,0,0,1
2023-09-14,589179428,20190000000000000003,900200000000000049,1,93.293,319.746,29717.692,2023-09-14 04:30:00.000,L2FT01-FTJ028,15.67,0.000,0.666012,16605,0.435592,0.055345,0,0,1,1.0200,坪山区,23,23,0,0,0,0,1
2023-09-14,589179428,20190000000000000003,900200000000000057,1,70.763,390.293,27651.333,2023-09-14 04:30:00.000,L2FT01-FTJ028,15.67,0.000,0.666012,16605,0.435592,0.055345,0,0,1,1.0200,坪山区,23,23,0,0,0,0,1
2023-09-14,589179428,20190000000000000003,900200000000000057,1,40.518,393.360,15929.333,2023-09-14 04:45:00.000,L2FT01-FTJ028,15.67,0.000,0.666012,16605,0.435592,0.055345,0,0,1,1.0200,坪山区,23,23,0,0,0,0,1
2023-09-14,589179428,20190000000000000003,900200000000000037,1,121.800,313.813,38217.333,2023-09-14 04:45:00.000,L2FT01-FTJ028,15.67,0.000,0.666012,16605,0.435592,0.055345,0,0,1,1.0200,坪山区,23,23,0,0,0,0,1
2023-09-14,589179428,20190000000000000003,900200000000000043,1,33.556,432.220,15556.000,2023-09-14 04:45:00.000,L2FT01-FTJ028,15.67,0.000,0.666012,16605,0.435592,0.055345,0,0,1,1.0200,坪山区,23,23,0,0,0,0,1
2023-09-14,589179428,20190000000000000003,900200000000000030,1,129.812,311.800,40470.667,2023-09-14 04:45:00.000,L2FT01-FTJ028,15.67,0.000,0.666012,16605,0.435592,0.055345,0,0,1,1.0200,坪山区,23,23,0,0,0,0,1
2023-09-14,589179428,20190000000000000003,900200000000000034,1,64.845,442.200,30787.500,2023-09-14 04:45:00.000,L2FT01-FTJ028,15.67,0.000,0.666012,16605,0.435592,0.055345,0,0,1,1.0200,坪山区,23,23,0,0,0,0,1
2023-09-14,589179428,20190000000000000003,900200000000000030,1,129.824,313.473,40693.333,2023-09-14 05:00:00.000,L2FT01-FTJ028,15.97,0.000,0.666012,16605,0.435592,0.055345,0,0,1,1.0200,坪山区,23,23,0,0,0,0,1
2023-09-14,589179428,20190000000000000003,900200000000000034,1,120.805,476.900,57606.000,2023-09-14 05:00:00.000,L2FT01-FTJ028,15.97,0.000,0.666012,16605,0.435592,0.055345,0,0,1,1.0200,坪山区,23,23,0,0,0,0,1
2023-09-14,589179428,20190000000000000003,900200000000000037,1,121.800,314.887,38348.667,2023-09-14 05:00:00.000,L2FT01-FTJ028,15.97,0.000,0.666012,16605,0.435592,0.055345,0,0,1,1.0200,坪山区,23,23,0,0,0,0,1
2023-09-14,589179428,20190000000000000003,900200000000000043,1,63.892,471.080,30097.333,2023-09-14 05:00:00.000,L2FT01-FTJ028,15.97,0.000,0.666012,16605,0.435592,0.055345,0,0,1,1.0200,坪山区,23,23,0,0,0,0,1
2023-09-14,589179428,20190000000000000003,900200000000000030,1,129.818,314.627,40839.333,2023-09-14 05:15:00.000,L2FT01-FTJ028,15.97,0.000,0.666012,16605,0.435592,0.055345,0,0,1,1.0200,坪山区,23,23,0,0,0,0,1
2023-09-14,589179428,20190000000000000003,900200000000000034,1,120.727,477.173,57607.333,2023-09-14 05:15:00.000,L2FT01-FTJ028,15.97,0.000,0.666012,16605,0.435592,0.055345,0,0,1,1.0200,坪山区,23,23,0,0,0,0,1
2023-09-14,589179428,20190000000000000003,900200000000000037,1,81.495,321.917,26028.333,2023-09-14 05:15:00.000,L2FT01-FTJ028,15.97,0.000,0.666012,16605,0.435592,0.055345,0,0,1,1.0200,坪山区,23,23,0,0,0,0,1
2023-09-14,589179428,20190000000000000003,900200000000000043,1,63.790,471.400,30070.000,2023-09-14 05:15:00.000,L2FT01-FTJ028,15.97,0.000,0.666012,16605,0.435592,0.055345,0,0,1,1.0200,坪山区,23,23,0,0,0,0,1
2023-09-14,589179428,20190000000000000003,900200000000000043,1,61.957,471.500,29214.167,2023-09-14 05:30:00.000,L2FT01-FTJ028,15.97,0.000,0.666012,16605,0.435592,0.055345,0,0,1,1.0200,坪山区,23,23,0,0,0,0,1
2023-09-14,589179428,20190000000000000003,900200000000000030,1,107.097,319.440,34029.333,2023-09-14 05:30:00.000,L2FT01-FTJ028,15.97,0.000,0.666012,16605,0.435592,0.055345,0,0,1,1.0200,坪山区,23,23,0,0,0,0,1
2023-09-14,589179428,20190000000000000003,900200000000000034,1,120.697,477.507,57634.000,2023-09-14 05:30:00.000,L2FT01-FTJ028,15.97,0.000,0.666012,16605,0.435592,0.055345,0,0,1,1.0200,坪山区,23,23,0,0,0,0,1
2023-09-14,589179428,20190000000000000003,900200000000000034,1,96.074,477.347,45863.333,2023-09-14 05:45:00.000,L2FT01-FTJ028,15.97,0.000,0.666012,16605,0.435592,0.055345,0,0,1,1.0200,坪山区,23,23,0,0,0,0,1
2023-09-14,589179428,20190000000000000003,900200000000000030,1,30.000,335.600,10060.000,2023-09-14 05:45:00.000,L2FT01-FTJ028,15.97,0.000,0.666012,16605,0.435592,0.055345,0,0,1,1.0200,坪山区,23,23,0,0,0,0,1
2023-09-14,589179428,20190000000000000003,900200000000000034,1,43.279,476.543,20632.857,2023-09-14 06:00:00.000,L2FT01-FTJ028,16.07,0.000,0.666012,16605,0.435592,0.055345,0,0,1,1.0200,坪山区,23,23,0,0,0,0,1
2023-09-14,589179428,20190000000000000003,900200000000000034,1,67.847,348.864,23668.571,2023-09-14 06:15:00.000,L2FT01-FTJ028,16.07,0.000,0.666012,16605,0.435592,0.055345,0,0,1,1.0200,坪山区,23,23,0,0,0,0,1
2023-09-14,589179428,20190000000000000003,900200000000000038,1,48.473,453.267,22621.667,2023-09-14 06:15:00.000,L2FT01-FTJ028,16.07,0.000,0.666012,16605,0.435592,0.055345,0,0,1,1.0200,坪山区,23,23,0,0,0,0,1
2023-09-14,589179428,20190000000000000003,900200000000000034,1,51.950,359.593,18666.000,2023-09-14 06:30:00.000,L2FT01-FTJ028,16.07,0.000,0.666012,16605,0.435592,0.055345,0,0,1,1.0200,坪山区,23,23,0,0,0,0,1
2023-09-14,589179428,20190000000000000003,900200000000000038,1,62.617,475.933,29800.667,2023-09-14 06:30:00.000,L2FT01-FTJ028,16.07,0.000,0.666012,16605,0.435592,0.055345,0,0,1,1.0200,坪山区,23,23,0,0,0,0,1
2023-09-14,589179428,20190000000000000003,900200000000000034,1,23.721,363.085,8610.769,2023-09-14 06:45:00.000,L2FT01-FTJ028,16.07,0.000,0.666012,16605,0.435592,0.055345,0,0,1,1.0200,坪山区,23,23,0,0,0,0,1
2023-09-14,589179428,20190000000000000003,900200000000000038,1,62.572,475.873,29776.667,2023-09-14 06:45:00.000,L2FT01-FTJ028,16.07,0.000,0.666012,16605,0.435592,0.055345,0,0,1,1.0200,坪山区,23,23,0,0,0,0,1
2023-09-14,589179428,20190000000000000003,900200000000000038,1,62.590,475.940,29790.000,2023-09-14 07:00:00.000,L2FT01-FTJ028,15.97,0.000,0.666012,16605,0.435592,0.055345,0,0,1,1.0200,坪山区,23,23,0,0,0,0,1
2023-09-14,589179428,20190000000000000003,900200000000000032,1,8.695,416.050,3555.000,2023-09-14 07:15:00.000,L2FT01-FTJ028,15.97,0.000,0.666012,16605,0.435592,0.055345,0,0,1,1.0200,坪山区,23,23,0,0,0,0,1
2023-09-14,589179428,20190000000000000003,900200000000000038,1,62.590,476.000,29791.333,2023-09-14 07:15:00.000,L2FT01-FTJ028,15.97,0.000,0.666012,16605,0.435592,0.055345,0,0,1,1.0200,坪山区,23,23,0,0,0,0,1
2023-09-14,589179428,20190000000000000003,900200000000000056,1,73.617,357.236,26384.545,2023-09-14 07:15:00.000,L2FT01-FTJ028,15.97,0.000,0.666012,16605,0.435592,0.055345,0,0,1,1.0200,坪山区,23,23,0,0,0,0,1
2023-09-14,589179428,20190000000000000003,900200000000000056,1,86.204,359.133,30957.333,2023-09-14 07:30:00.000,L2FT01-FTJ028,15.97,0.000,0.666012,16605,0.435592,0.055345,0,0,1,1.0200,坪山区,23,23,0,0,0,0,1
2023-09-14,589179428,20190000000000000003,900200000000000038,1,62.536,476.100,29772.000,2023-09-14 07:30:00.000,L2FT01-FTJ028,15.97,0.000,0.666012,16605,0.435592,0.055345,0,0,1,1.0200,坪山区,23,23,0,0,0,0,1
2023-09-14,589179428,20190000000000000003,900200000000000032,1,99.305,470.040,46679.333,2023-09-14 07:30:00.000,L2FT01-FTJ028,15.97,0.000,0.666012,16605,0.435592,0.055345,0,0,1,1.0200,坪山区,23,23,0,0,0,0,1
2023-09-14,589179428,20190000000000000003,900200000000000031,1,51.925,344.367,18333.333,2023-09-14 07:30:00.000,L2FT01-FTJ028,15.97,0.000,0.666012,16605,0.435592,0.055345,0,0,1,1.0200,坪山区,23,23,0,0,0,0,1
2023-09-14,589179428,20190000000000000003,900200000000000031,1,43.679,354.760,15496.000,2023-09-14 07:45:00.000,L2FT01-FTJ028,15.97,0.000,0.666012,16605,0.435592,0.055345,0,0,1,1.0200,坪山区,23,23,0,0,0,0,1
2023-09-14,589179428,20190000000000000003,900200000000000032,1,91.445,469.953,42977.333,2023-09-14 07:45:00.000,L2FT01-FTJ028,15.97,0.000,0.666012,16605,0.435592,0.055345,0,0,1,1.0200,坪山区,23,23,0,0,0,0,1
2023-09-14,589179428,20190000000000000003,900200000000000056,1,84.065,362.213,30448.000,2023-09-14 07:45:00.000,L2FT01-FTJ028,15.97,0.000,0.666012,16605,0.435592,0.055345,0,0,1,1.0200,坪山区,23,23,0,0,0,0,1
2023-09-14,589179428,20190000000000000003,900200000000000030,0,0.000,362.500,0.000,2023-09-14 08:00:00.000,L2FT01-FTJ028,15.67,0.000,0.666012,16605,0.435592,0.055345,0,0,1,1.0200,坪山区,23,23,0,0,0,0,1
2023-09-14,589179428,20190000000000000003,900200000000000031,1,22.657,354.483,8030.000,2023-09-14 08:00:00.000,L2FT01-FTJ028,15.67,0.000,0.666012,16605,0.435592,0.055345,0,0,1,1.0200,坪山区,23,23,0,0,0,0,1
2023-09-14,589179428,20190000000000000003,900200000000000032,1,33.105,469.375,15535.000,2023-09-14 08:00:00.000,L2FT01-FTJ028,15.67,0.000,0.666012,16605,0.435592,0.055345,0,0,1,1.0200,坪山区,23,23,0,0,0,0,1
2023-09-14,589179428,20190000000000000003,900200000000000056,1,86.790,363.700,31560.000,2023-09-14 08:00:00.000,L2FT01-FTJ028,15.67,0.000,0.666012,16605,0.435592,0.055345,0,0,1,1.0200,坪山区,23,23,0,0,0,0,1
2023-09-14,589179428,20190000000000000003,900200000000000030,1,139.608,456.813,63659.333,2023-09-14 08:15:00.000,L2FT01-FTJ028,15.67,0.000,0.666012,16605,0.435592,0.055345,0,0,1,1.0200,坪山区,23,23,0,0,0,0,1
2023-09-14,589179428,20190000000000000003,900200000000000030,1,67.090,461.600,30970.000,2023-09-14 08:30:00.000,L2FT01-FTJ028,15.67,0.000,0.666012,16605,0.435592,0.055345,0,0,1,1.0200,坪山区,23,23,0,0,0,0,1
2023-09-14,589179428,20190000000000000003,900200000000000049,1,110.397,357.433,39496.667,2023-09-14 08:45:00.000,L2FT01-FTJ028,15.67,0.000,0.666012,16605,0.435592,0.055345,0,0,1,1.0200,坪山区,23,23,0,0,0,0,1
2023-09-14,589179428,20190000000000000003,900200000000000049,1,94.647,358.713,33964.667,2023-09-14 09:00:00.000,L2FT01-FTJ028,15.19,0.000,0.666012,16605,0.435592,0.055345,0,0,1,1.0200,坪山区,23,23,0,0,0,0,1
2023-09-14,589179428,20190000000000000003,900200000000000049,1,33.627,355.633,12013.333,2023-09-14 09:15:00.000,L2FT01-FTJ028,15.19,0.000,0.666012,16605,0.435592,0.055345,0,0,1,1.0200,坪山区,23,23,0,0,0,0,1
2023-09-14,589179428,20190000000000000003,900200000000000039,1,101.683,360.986,37570.000,2023-09-14 09:45:00.000,L2FT01-FTJ028,15.19,0.000,0.666012,16605,0.435592,0.055345,0,0,1,1.0200,坪山区,23,23,0,0,0,0,1
2023-09-14,589179428,20190000000000000003,900200000000000039,1,119.890,370.947,44472.000,2023-09-14 10:00:00.000,L2FT01-FTJ028,14.57,0.000,0.666012,16605,0.435592,0.055345,0,0,1,1.0200,坪山区,23,23,0,0,0,0,1
2023-09-14,589179428,20190000000000000003,900200000000000039,1,110.890,371.987,41250.667,2023-09-14 10:15:00.000,L2FT01-FTJ028,14.57,0.000,0.666012,16605,0.435592,0.055345,0,0,1,1.0200,坪山区,23,23,0,0,0,0,1
2023-09-14,589179428,20190000000000000003,900200000000000039,1,65.078,372.750,24264.167,2023-09-14 10:30:00.000,L2FT01-FTJ028,14.57,0.000,0.666012,16605,0.435592,0.055345,0,0,1,1.0200,坪山区,23,23,0,0,0,0,1
2023-09-14,589179428,20190000000000000003,900200000000000052,1,8.690,368.000,3200.000,2023-09-14 11:30:00.000,L2FT01-FTJ028,13.85,0.000,0.666012,16605,0.435592,0.055345,0,0,1,1.0200,坪山区,23,23,0,0,0,0,1
2023-09-14,589179428,20190000000000000003,900200000000000052,1,46.179,375.686,17381.429,2023-09-14 11:45:00.000,L2FT01-FTJ028,13.85,0.000,0.666012,16605,0.435592,0.055345,0,0,1,1.0200,坪山区,23,23,0,0,0,0,1
2023-09-14,589179428,20190000000000000003,900200000000000039,1,71.740,307.100,22030.000,2023-09-14 12:00:00.000,L2FT01-FTJ028,13.07,0.000,0.666012,16605,0.435592,0.055345,0,0,1,1.0200,坪山区,23,23,0,0,0,0,1
2023-09-14,589179428,20190000000000000003,900200000000000039,1,40.692,340.100,14540.000,2023-09-14 12:15:00.000,L2FT01-FTJ028,13.07,0.000,0.666012,16605,0.435592,0.055345,0,0,1,1.0200,坪山区,23,23,0,0,0,0,1
2023-09-14,589179428,20190000000000000003,900200000000000048,0,0.000,341.900,0.000,2023-09-14 12:15:00.000,L2FT01-FTJ028,13.07,0.000,0.666012,16605,0.435592,0.055345,0,0,1,1.0200,坪山区,23,23,0,0,0,0,1
2023-09-14,589179428,20190000000000000003,900200000000000039,1,42.778,358.733,15353.333,2023-09-14 12:30:00.000,L2FT01-FTJ028,13.07,0.000,0.666012,16605,0.435592,0.055345,0,0,1,1.0200,坪山区,23,23,0,0,0,0,1
2023-09-14,589179428,20190000000000000003,900200000000000048,1,35.548,349.693,12428.667,2023-09-14 12:30:00.000,L2FT01-FTJ028,13.07,0.000,0.666012,16605,0.435592,0.055345,0,0,1,1.0200,坪山区,23,23,0,0,0,0,1
2023-09-14,589179428,20190000000000000003,900200000000000039,1,35.577,358.357,12744.286,2023-09-14 12:45:00.000,L2FT01-FTJ028,13.07,0.000,0.666012,16605,0.435592,0.055345,0,0,1,1.0200,坪山区,23,23,0,0,0,0,1
2023-09-14,589179428,20190000000000000003,900200000000000048,1,35.536,352.633,12528.000,2023-09-14 12:45:00.000,L2FT01-FTJ028,13.07,0.000,0.666012,16605,0.435592,0.055345,0,0,1,1.0200,坪山区,23,23,0,0,0,0,1
2023-09-14,589179428,20190000000000000003,900200000000000048,1,35.500,353.000,12530.000,2023-09-14 13:00:00.000,L2FT01-FTJ028,12.30,0.000,0.666012,16605,0.435592,0.055345,0,0,1,1.0200,坪山区,23,23,0,0,0,0,1
2023-09-14,589179428,20190000000000000003,900200000000000056,1,73.145,350.327,25700.000,2023-09-14 13:15:00.000,L2FT01-FTJ028,12.30,0.000,0.666012,16605,0.435592,0.055345,0,0,1,1.0200,坪山区,23,23,0,0,0,0,1
2023-09-14,589179428,20190000000000000003,900200000000000056,1,85.217,356.273,30361.333,2023-09-14 13:30:00.000,L2FT01-FTJ028,12.30,0.000,0.666012,16605,0.435592,0.055345,0,0,1,1.0200,坪山区,23,23,0,0,0,0,1
2023-09-14,589179428,20190000000000000003,900200000000000056,1,85.223,362.047,30853.333,2023-09-14 13:45:00.000,L2FT01-FTJ028,12.30,0.000,0.666012,16605,0.435592,0.055345,0,0,1,1.0200,坪山区,23,23,0,0,0,0,1
2023-09-14,589179428,20190000000000000003,900200000000000056,1,83.223,367.683,30595.000,2023-09-14 14:00:00.000,L2FT01-FTJ028,11.57,0.000,0.666012,16605,0.435592,0.055345,0,0,1,1.0200,坪山区,23,23,0,0,0,0,1
2023-09-14,589179428,20190000000000000003,900200000000000048,1,13.270,415.875,6125.000,2023-09-14 17:45:00.000,L2FT01-FTJ028,10.17,0.000,0.666012,16605,0.435592,0.055345,0,0,1,1.0200,坪山区,23,23,0,0,0,0,1
2023-09-14,589179428,20190000000000000003,900200000000000038,1,66.105,400.964,27338.571,2023-09-14 19:15:00.000,L2FT01-FTJ028,10.17,0.000,0.666012,16605,0.435592,0.055345,0,0,1,1.0200,坪山区,23,23,0,0,0,0,1
2023-09-14,589179428,20190000000000000003,900200000000000038,1,70.625,422.347,29824.667,2023-09-14 19:30:00.000,L2FT01-FTJ028,10.17,0.000,0.666012,16605,0.435592,0.055345,0,0,1,1.0200,坪山区,23,23,0,0,0,0,1
2023-09-14,589179428,20190000000000000003,900200000000000038,1,68.612,435.287,29860.667,2023-09-14 19:45:00.000,L2FT01-FTJ028,10.17,0.000,0.666012,16605,0.435592,0.055345,0,0,1,1.0200,坪山区,23,23,0,0,0,0,1
2023-09-14,589179428,20190000000000000003,900200000000000042,1,44.890,407.710,18301.000,2023-09-14 19:45:00.000,L2FT01-FTJ028,10.17,0.000,0.666012,16605,0.435592,0.055345,0,0,1,1.0200,坪山区,23,23,0,0,0,0,1
2023-09-14,589179428,20190000000000000003,900200000000000047,1,119.536,326.360,39010.000,2023-09-14 19:45:00.000,L2FT01-FTJ028,10.17,0.000,0.666012,16605,0.435592,0.055345,0,0,1,1.0200,坪山区,23,23,0,0,0,0,1
2023-09-14,589179428,20190000000000000003,900200000000000038,1,65.519,447.391,29304.545,2023-09-14 20:00:00.000,L2FT01-FTJ028,10.47,0.000,0.666012,16605,0.435592,0.055345,0,0,1,1.0200,坪山区,23,23,0,0,0,0,1
2023-09-14,589179428,20190000000000000003,900200000000000042,1,44.750,410.233,18356.667,2023-09-14 20:00:00.000,L2FT01-FTJ028,10.47,0.000,0.666012,16605,0.435592,0.055345,0,0,1,1.0200,坪山区,23,23,0,0,0,0,1
2023-09-14,589179428,20190000000000000003,900200000000000047,1,119.566,327.780,39190.000,2023-09-14 20:00:00.000,L2FT01-FTJ028,10.47,0.000,0.666012,16605,0.435592,0.055345,0,0,1,1.0200,坪山区,23,23,0,0,0,0,1
2023-09-14,589179428,20190000000000000003,900200000000000042,1,41.868,413.211,17307.778,2023-09-14 20:15:00.000,L2FT01-FTJ028,10.47,0.000,0.666012,16605,0.435592,0.055345,0,0,1,1.0200,坪山区,23,23,0,0,0,0,1
2023-09-14,589179428,20190000000000000003,900200000000000047,1,119.590,330.620,39536.000,2023-09-14 20:15:00.000,L2FT01-FTJ028,10.47,0.000,0.666012,16605,0.435592,0.055345,0,0,1,1.0200,坪山区,23,23,0,0,0,0,1
2023-09-14,589179428,20190000000000000003,900200000000000047,1,81.765,336.825,27450.000,2023-09-14 20:30:00.000,L2FT01-FTJ028,10.47,0.000,0.666012,16605,0.435592,0.055345,0,0,1,1.0200,坪山区,23,23,0,0,0,0,1
2023-09-14,589179428,20190000000000000003,900200000000000038,1,66.909,447.091,29910.909,2023-09-14 20:30:00.000,L2FT01-FTJ028,10.47,0.000,0.666012,16605,0.435592,0.055345,0,0,1,1.0200,坪山区,23,23,0,0,0,0,1
2023-09-14,589179428,20190000000000000003,900200000000000038,1,66.653,447.975,29858.750,2023-09-14 20:45:00.000,L2FT01-FTJ028,10.47,0.000,0.666012,16605,0.435592,0.055345,0,0,1,1.0200,坪山区,23,23,0,0,0,0,1
2023-09-14,589179428,20190000000000000003,900200000000000048,1,31.596,395.300,12686.667,2023-09-14 20:45:00.000,L2FT01-FTJ028,10.47,0.000,0.666012,16605,0.435592,0.055345,0,0,1,1.0200,坪山区,23,23,0,0,0,0,1
2023-09-14,589179428,20190000000000000003,900200000000000048,1,35.500,404.507,14354.667,2023-09-14 21:00:00.000,L2FT01-FTJ028,10.95,0.000,0.666012,16605,0.435592,0.055345,0,0,1,1.0200,坪山区,23,23,0,0,0,0,1
2023-09-14,589179428,20190000000000000003,900200000000000030,1,72.545,323.550,23470.000,2023-09-14 21:15:00.000,L2FT01-FTJ028,10.95,0.000,0.666012,16605,0.435592,0.055345,0,0,1,1.0200,坪山区,23,23,0,0,0,0,1
2023-09-14,589179428,20190000000000000003,900200000000000048,1,35.367,406.373,14367.333,2023-09-14 21:15:00.000,L2FT01-FTJ028,10.95,0.000,0.666012,16605,0.435592,0.055345,0,0,1,1.0200,坪山区,23,23,0,0,0,0,1
2023-09-14,589179428,20190000000000000003,900200000000000048,1,31.309,408.200,12778.000,2023-09-14 21:30:00.000,L2FT01-FTJ028,10.95,0.000,0.666012,16605,0.435592,0.055345,0,0,1,1.0200,坪山区,23,23,0,0,0,0,1
2023-09-14,589179428,20190000000000000003,900200000000000048,1,15.217,406.887,6192.667,2023-09-14 21:45:00.000,L2FT01-FTJ028,10.95,0.000,0.666012,16605,0.435592,0.055345,0,0,1,1.0200,坪山区,23,23,0,0,0,0,1
2023-09-14,589179428,20190000000000000003,900200000000000048,1,10.457,407.500,4260.000,2023-09-14 22:00:00.000,L2FT01-FTJ028,11.57,0.000,0.666012,16605,0.435592,0.055345,0,0,1,1.0200,坪山区,23,23,0,0,0,0,1
2023-09-14,589179428,20190000000000000003,900200000000000057,1,121.262,376.200,45675.556,2023-09-14 22:00:00.000,L2FT01-FTJ028,11.57,0.000,0.666012,16605,0.435592,0.055345,0,0,1,1.0200,坪山区,23,23,0,0,0,0,1
2023-09-14,589179428,20190000000000000003,900200000000000048,1,8.346,414.333,3456.667,2023-09-14 22:15:00.000,L2FT01-FTJ028,11.57,0.000,0.666012,16605,0.435592,0.055345,0,0,1,1.0200,坪山区,23,23,0,0,0,0,1
2023-09-14,589179428,20190000000000000003,900200000000000057,1,78.242,388.613,30361.333,2023-09-14 22:15:00.000,L2FT01-FTJ028,11.57,0.000,0.666012,16605,0.435592,0.055345,0,0,1,1.0200,坪山区,23,23,0,0,0,0,1
2023-09-14,589179428,20190000000000000003,900200000000000057,1,45.977,395.947,18202.000,2023-09-14 22:30:00.000,L2FT01-FTJ028,11.57,0.000,0.666012,16605,0.435592,0.055345,0,0,1,1.0200,坪山区,23,23,0,0,0,0,1
2023-09-14,589179428,20190000000000000003,900200000000000057,1,45.289,403.727,18279.333,2023-09-14 22:45:00.000,L2FT01-FTJ028,11.57,0.000,0.666012,16605,0.435592,0.055345,0,0,1,1.0200,坪山区,23,23,0,0,0,0,1
2023-09-14,589179428,20190000000000000003,900200000000000034,1,57.642,461.087,27091.250,2023-09-14 22:45:00.000,L2FT01-FTJ028,11.57,0.000,0.666012,16605,0.435592,0.055345,0,0,1,1.0200,坪山区,23,23,0,0,0,0,1
2023-09-14,589179428,20190000000000000003,900200000000000034,1,69.890,475.527,33234.000,2023-09-14 23:00:00.000,L2FT01-FTJ028,12.30,0.000,0.666012,16605,0.435592,0.055345,0,0,1,1.0200,坪山区,23,23,0,0,0,0,1
2023-09-14,589179428,20190000000000000003,900200000000000057,1,19.965,406.620,8115.333,2023-09-14 23:00:00.000,L2FT01-FTJ028,12.30,0.000,0.666012,16605,0.435592,0.055345,0,0,1,1.0200,坪山区,23,23,0,0,0,0,1
2023-09-14,589179428,20190000000000000003,900200000000000034,1,67.923,475.520,32298.667,2023-09-14 23:15:00.000,L2FT01-FTJ028,12.30,0.000,0.666012,16605,0.435592,0.055345,0,0,1,1.0200,坪山区,23,23,0,0,0,0,1
2023-09-14,589179428,20190000000000000003,900200000000000057,1,14.000,407.500,5700.000,2023-09-14 23:15:00.000,L2FT01-FTJ028,12.30,0.000,0.666012,16605,0.435592,0.055345,0,0,1,1.0200,坪山区,23,23,0,0,0,0,1
2023-09-14,589179428,20190000000000000003,900200000000000034,1,62.590,475.582,29768.182,2023-09-14 23:30:00.000,L2FT01-FTJ028,12.30,0.000,0.666012,16605,0.435592,0.055345,0,0,1,1.0200,坪山区,23,23,0,0,0,0,1
2023-09-14,589179428,20190000000000000003,900200000000000034,1,200.917,307.175,61715.000,2023-09-14 23:45:00.000,L2FT01-FTJ028,12.30,0.000,0.666012,16605,0.435592,0.055345,0,0,1,1.0200,坪山区,23,23,0,0,0,0,1
2023-09-15,589179428,20190000000000000003,900200000000000034,1,189.527,310.767,58896.667,2023-09-15 00:00:00.000,L2FT01-FTJ028,13.07,0.000,0.666012,16605,0.435592,0.055345,0,0,1,1.0200,坪山区,23,23,0,0,0,0,1
2023-09-15,589179428,20190000000000000003,900200000000000035,1,193.016,308.964,59698.571,2023-09-15 00:00:00.000,L2FT01-FTJ028,13.07,0.000,0.666012,16605,0.435592,0.055345,0,0,1,1.0200,坪山区,23,23,0,0,0,0,1
2023-09-15,589179428,20190000000000000003,900200000000000037,1,51.717,330.200,17188.889,2023-09-15 00:00:00.000,L2FT01-FTJ028,13.07,0.000,0.666012,16605,0.435592,0.055345,0,0,1,1.0200,坪山区,23,23,0,0,0,0,1
2023-09-15,589179428,20190000000000000003,900200000000000044,1,91.345,308.527,28180.909,2023-09-15 00:00:00.000,L2FT01-FTJ028,13.07,0.000,0.666012,16605,0.435592,0.055345,0,0,1,1.0200,坪山区,23,23,0,0,0,0,1
2023-09-15,589179428,20190000000000000003,900200000000000057,1,177.564,306.614,54805.000,2023-09-15 00:00:00.000,L2FT01-FTJ028,13.07,0.000,0.666012,16605,0.435592,0.055345,0,0,1,1.0200,坪山区,23,23,0,0,0,0,1
2023-09-15,589179428,20190000000000000003,900200000000000057,1,191.000,312.207,59626.667,2023-09-15 00:15:00.000,L2FT01-FTJ028,13.07,0.000,0.666012,16605,0.435592,0.055345,0,0,1,1.0200,坪山区,23,23,0,0,0,0,1
2023-09-15,589179428,20190000000000000003,900200000000000044,1,91.190,308.647,28144.667,2023-09-15 00:15:00.000,L2FT01-FTJ028,13.07,0.000,0.666012,16605,0.435592,0.055345,0,0,1,1.0200,坪山区,23,23,0,0,0,0,1
2023-09-15,589179428,20190000000000000003,900200000000000035,1,199.884,312.680,62494.000,2023-09-15 00:15:00.000,L2FT01-FTJ028,13.07,0.000,0.666012,16605,0.435592,0.055345,0,0,1,1.0200,坪山区,23,23,0,0,0,0,1
2023-09-15,589179428,20190000000000000003,900200000000000037,1,71.390,338.813,24186.667,2023-09-15 00:15:00.000,L2FT01-FTJ028,13.07,0.000,0.666012,16605,0.435592,0.055345,0,0,1,1.0200,坪山区,23,23,0,0,0,0,1
2023-09-15,589179428,20190000000000000003,900200000000000034,1,149.039,310.780,46319.333,2023-09-15 00:15:00.000,L2FT01-FTJ028,13.07,0.000,0.666012,16605,0.435592,0.055345,0,0,1,1.0200,坪山区,23,23,0,0,0,0,1
2023-09-15,589179428,20190000000000000003,900200000000000034,1,143.447,312.220,44784.000,2023-09-15 00:30:00.000,L2FT01-FTJ028,13.07,0.000,0.666012,16605,0.435592,0.055345,0,0,1,1.0200,坪山区,23,23,0,0,0,0,1
2023-09-15,589179428,20190000000000000003,900200000000000035,1,199.818,314.560,62848.000,2023-09-15 00:30:00.000,L2FT01-FTJ028,13.07,0.000,0.666012,16605,0.435592,0.055345,0,0,1,1.0200,坪山区,23,23,0,0,0,0,1
2023-09-15,589179428,20190000000000000003,900200000000000037,1,71.390,343.680,24534.000,2023-09-15 00:30:00.000,L2FT01-FTJ028,13.07,0.000,0.666012,16605,0.435592,0.055345,0,0,1,1.0200,坪山区,23,23,0,0,0,0,1
2023-09-15,589179428,20190000000000000003,900200000000000042,1,64.811,366.933,23493.333,2023-09-15 00:30:00.000,L2FT01-FTJ028,13.07,0.000,0.666012,16605,0.435592,0.055345,0,0,1,1.0200,坪山区,23,23,0,0,0,0,1
2023-09-15,589179428,20190000000000000003,900200000000000044,1,91.197,309.313,28206.000,2023-09-15 00:30:00.000,L2FT01-FTJ028,13.07,0.000,0.666012,16605,0.435592,0.055345,0,0,1,1.0200,坪山区,23,23,0,0,0,0,1
2023-09-15,589179428,20190000000000000003,900200000000000057,1,190.993,314.073,59981.333,2023-09-15 00:30:00.000,L2FT01-FTJ028,13.07,0.000,0.666012,16605,0.435592,0.055345,0,0,1,1.0200,坪山区,23,23,0,0,0,0,1
2023-09-15,589179428,20190000000000000003,900200000000000044,1,91.263,311.013,28382.000,2023-09-15 00:45:00.000,L2FT01-FTJ028,13.07,0.000,0.666012,16605,0.435592,0.055345,0,0,1,1.0200,坪山区,23,23,0,0,0,0,1
2023-09-15,589179428,20190000000000000003,900200000000000042,1,71.690,363.367,26047.333,2023-09-15 00:45:00.000,L2FT01-FTJ028,13.07,0.000,0.666012,16605,0.435592,0.055345,0,0,1,1.0200,坪山区,23,23,0,0,0,0,1
2023-09-15,589179428,20190000000000000003,900200000000000057,1,191.013,315.853,60327.333,2023-09-15 00:45:00.000,L2FT01-FTJ028,13.07,0.000,0.666012,16605,0.435592,0.055345,0,0,1,1.0200,坪山区,23,23,0,0,0,0,1
2023-09-15,589179428,20190000000000000003,900200000000000035,1,177.812,315.527,56104.667,2023-09-15 00:45:00.000,L2FT01-FTJ028,13.07,0.000,0.666012,16605,0.435592,0.055345,0,0,1,1.0200,坪山区,23,23,0,0,0,0,1
2023-09-15,589179428,20190000000000000003,900200000000000034,1,143.390,313.767,44989.333,2023-09-15 00:45:00.000,L2FT01-FTJ028,13.07,0.000,0.666012,16605,0.435592,0.055345,0,0,1,1.0200,坪山区,23,23,0,0,0,0,1
2023-09-15,589179428,20190000000000000003,900200000000000037,1,71.390,349.800,24972.000,2023-09-15 00:45:00.000,L2FT01-FTJ028,13.07,0.000,0.666012,16605,0.435592,0.055345,0,0,1,1.0200,坪山区,23,23,0,0,0,0,1
2023-09-15,589179428,20190000000000000003,900200000000000034,1,143.023,314.940,45041.333,2023-09-15 01:00:00.000,L2FT01-FTJ028,13.85,0.000,0.666012,16605,0.435592,0.055345,0,0,1,1.0200,坪山区,23,23,0,0,0,0,1
2023-09-15,589179428,20190000000000000003,900200000000000035,1,134.324,320.380,42859.333,2023-09-15 01:00:00.000,L2FT01-FTJ028,13.85,0.000,0.666012,16605,0.435592,0.055345,0,0,1,1.0200,坪山区,23,23,0,0,0,0,1
2023-09-15,589179428,20190000000000000003,900200000000000037,1,71.383,359.220,25639.333,2023-09-15 01:00:00.000,L2FT01-FTJ028,13.85,0.000,0.666012,16605,0.435592,0.055345,0,0,1,1.0200,坪山区,23,23,0,0,0,0,1
2023-09-15,589179428,20190000000000000003,900200000000000044,1,91.290,312.493,28526.667,2023-09-15 01:00:00.000,L2FT01-FTJ028,13.85,0.000,0.666012,16605,0.435592,0.055345,0,0,1,1.0200,坪山区,23,23,0,0,0,0,1
2023-09-15,589179428,20190000000000000003,900200000000000057,1,173.659,319.020,55346.000,2023-09-15 01:00:00.000,L2FT01-FTJ028,13.85,0.000,0.666012,16605,0.435592,0.055345,0,0,1,1.0200,坪山区,23,23,0,0,0,0,1
2023-09-15,589179428,20190000000000000003,900200000000000034,1,96.832,321.867,30950.000,2023-09-15 01:15:00.000,L2FT01-FTJ028,13.85,0.000,0.666012,16605,0.435592,0.055345,0,0,1,1.0200,坪山区,23,23,0,0,0,0,1
2023-09-15,589179428,20190000000000000003,900200000000000035,1,30.000,330.200,9900.000,2023-09-15 01:15:00.000,L2FT01-FTJ028,13.85,0.000,0.666012,16605,0.435592,0.055345,0,0,1,1.0200,坪山区,23,23,0,0,0,0,1
2023-09-15,589179428,20190000000000000003,900200000000000037,1,71.383,370.633,26455.333,2023-09-15 01:15:00.000,L2FT01-FTJ028,13.85,0.000,0.666012,16605,0.435592,0.055345,0,0,1,1.0200,坪山区,23,23,0,0,0,0,1
2023-09-15,589179428,20190000000000000003,900200000000000044,1,91.290,312.987,28568.667,2023-09-15 01:15:00.000,L2FT01-FTJ028,13.85,0.000,0.666012,16605,0.435592,0.055345,0,0,1,1.0200,坪山区,23,23,0,0,0,0,1
2023-09-15,589179428,20190000000000000003,900200000000000057,1,27.140,325.150,8822.500,2023-09-15 01:15:00.000,L2FT01-FTJ028,13.85,0.000,0.666012,16605,0.435592,0.055345,0,0,1,1.0200,坪山区,23,23,0,0,0,0,1
2023-09-15,589179428,20190000000000000003,900200000000000044,1,91.290,313.833,28648.667,2023-09-15 01:30:00.000,L2FT01-FTJ028,13.85,0.000,0.666012,16605,0.435592,0.055345,0,0,1,1.0200,坪山区,23,23,0,0,0,0,1
2023-09-15,589179428,20190000000000000003,900200000000000037,1,67.590,382.320,25827.333,2023-09-15 01:30:00.000,L2FT01-FTJ028,13.85,0.000,0.666012,16605,0.435592,0.055345,0,0,1,1.0200,坪山区,23,23,0,0,0,0,1
2023-09-15,589179428,20190000000000000003,900200000000000044,1,62.291,321.057,19836.429,2023-09-15 01:45:00.000,L2FT01-FTJ028,13.85,0.000,0.666012,16605,0.435592,0.055345,0,0,1,1.0200,坪山区,23,23,0,0,0,0,1
2023-09-15,589179428,20190000000000000003,900200000000000037,1,25.926,386.007,10007.143,2023-09-15 01:45:00.000,L2FT01-FTJ028,13.85,0.000,0.666012,16605,0.435592,0.055345,0,0,1,1.0200,坪山区,23,23,0,0,0,0,1
2023-09-15,589179428,20190000000000000003,900200000000000039,1,120.580,306.771,37028.571,2023-09-15 02:15:00.000,L2FT01-FTJ028,14.57,0.000,0.666012,16605,0.435592,0.055345,0,0,1,1.0200,坪山区,23,23,0,0,0,0,1
2023-09-15,589179428,20190000000000000003,900200000000000057,1,191.913,313.000,60066.667,2023-09-15 02:15:00.000,L2FT01-FTJ028,14.57,0.000,0.666012,16605,0.435592,0.055345,0,0,1,1.0200,坪山区,23,23,0,0,0,0,1
2023-09-15,589179428,20190000000000000003,900200000000000030,1,75.822,470.067,36053.333,2023-09-15 02:30:00.000,L2FT01-FTJ028,14.57,0.000,0.666012,16605,0.435592,0.055345,0,0,1,1.0200,坪山区,23,23,0,0,0,0,1
2023-09-15,589179428,20190000000000000003,900200000000000039,1,129.812,310.713,40330.000,2023-09-15 02:30:00.000,L2FT01-FTJ028,14.57,0.000,0.666012,16605,0.435592,0.055345,0,0,1,1.0200,坪山区,23,23,0,0,0,0,1
2023-09-15,589179428,20190000000000000003,900200000000000057,1,191.580,313.713,60095.333,2023-09-15 02:30:00.000,L2FT01-FTJ028,14.57,0.000,0.666012,16605,0.435592,0.055345,0,0,1,1.0200,坪山区,23,23,0,0,0,0,1
2023-09-15,589179428,20190000000000000003,900200000000000030,1,87.927,477.107,41947.333,2023-09-15 02:45:00.000,L2FT01-FTJ028,14.57,0.000,0.666012,16605,0.435592,0.055345,0,0,1,1.0200,坪山区,23,23,0,0,0,0,1
2023-09-15,589179428,20190000000000000003,900200000000000039,1,129.872,311.667,40474.000,2023-09-15 02:45:00.000,L2FT01-FTJ028,14.57,0.000,0.666012,16605,0.435592,0.055345,0,0,1,1.0200,坪山区,23,23,0,0,0,0,1
2023-09-15,589179428,20190000000000000003,900200000000000057,1,191.533,316.073,60532.667,2023-09-15 02:45:00.000,L2FT01-FTJ028,14.57,0.000,0.666012,16605,0.435592,0.055345,0,0,1,1.0200,坪山区,23,23,0,0,0,0,1
2023-09-15,589179428,20190000000000000003,900200000000000030,1,87.890,477.113,41931.333,2023-09-15 03:00:00.000,L2FT01-FTJ028,15.19,0.000,0.666012,16605,0.435592,0.055345,0,0,1,1.0200,坪山区,23,23,0,0,0,0,1
2023-09-15,589179428,20190000000000000003,900200000000000039,1,129.878,313.427,40704.667,2023-09-15 03:00:00.000,L2FT01-FTJ028,15.19,0.000,0.666012,16605,0.435592,0.055345,0,0,1,1.0200,坪山区,23,23,0,0,0,0,1
2023-09-15,589179428,20190000000000000003,900200000000000057,1,151.139,321.013,48357.333,2023-09-15 03:00:00.000,L2FT01-FTJ028,15.19,0.000,0.666012,16605,0.435592,0.055345,0,0,1,1.0200,坪山区,23,23,0,0,0,0,1
2023-09-15,589179428,20190000000000000003,900200000000000057,1,27.590,332.100,9160.000,2023-09-15 03:15:00.000,L2FT01-FTJ028,15.19,0.000,0.666012,16605,0.435592,0.055345,0,0,1,1.0200,坪山区,23,23,0,0,0,0,1
2023-09-15,589179428,20190000000000000003,900200000000000039,1,129.890,315.040,40918.667,2023-09-15 03:15:00.000,L2FT01-FTJ028,15.19,0.000,0.666012,16605,0.435592,0.055345,0,0,1,1.0200,坪山区,23,23,0,0,0,0,1
2023-09-15,589179428,20190000000000000003,900200000000000030,1,78.565,477.127,37485.333,2023-09-15 03:15:00.000,L2FT01-FTJ028,15.19,0.000,0.666012,16605,0.435592,0.055345,0,0,1,1.0200,坪山区,23,23,0,0,0,0,1
2023-09-15,589179428,20190000000000000003,900200000000000030,1,76.290,477.313,36418.000,2023-09-15 03:30:00.000,L2FT01-FTJ028,15.19,0.000,0.666012,16605,0.435592,0.055345,0,0,1,1.0200,坪山区,23,23,0,0,0,0,1
2023-09-15,589179428,20190000000000000003,900200000000000039,1,119.871,319.033,38168.667,2023-09-15 03:30:00.000,L2FT01-FTJ028,15.19,0.000,0.666012,16605,0.435592,0.055345,0,0,1,1.0200,坪山区,23,23,0,0,0,0,1
2023-09-15,589179428,20190000000000000003,900200000000000049,1,107.320,304.925,32965.000,2023-09-15 03:30:00.000,L2FT01-FTJ028,15.19,0.000,0.666012,16605,0.435592,0.055345,0,0,1,1.0200,坪山区,23,23,0,0,0,0,1
2023-09-15,589179428,20190000000000000003,900200000000000030,1,34.970,477.040,16684.000,2023-09-15 03:45:00.000,L2FT01-FTJ028,15.19,0.000,0.666012,16605,0.435592,0.055345,0,0,1,1.0200,坪山区,23,23,0,0,0,0,1
2023-09-15,589179428,20190000000000000003,900200000000000039,1,29.840,327.400,9770.000,2023-09-15 03:45:00.000,L2FT01-FTJ028,15.19,0.000,0.666012,16605,0.435592,0.055345,0,0,1,1.0200,坪山区,23,23,0,0,0,0,1
2023-09-15,589179428,20190000000000000003,900200000000000049,1,142.897,309.860,44276.000,2023-09-15 03:45:00.000,L2FT01-FTJ028,15.19,0.000,0.666012,16605,0.435592,0.055345,0,0,1,1.0200,坪山区,23,23,0,0,0,0,1
2023-09-15,589179428,20190000000000000003,900200000000000049,1,142.890,311.173,44462.000,2023-09-15 04:00:00.000,L2FT01-FTJ028,15.67,0.000,0.666012,16605,0.435592,0.055345,0,0,1,1.0200,坪山区,23,23,0,0,0,0,1
2023-09-15,589179428,20190000000000000003,900200000000000049,1,142.890,312.713,44682.000,2023-09-15 04:15:00.000,L2FT01-FTJ028,15.67,0.000,0.666012,16605,0.435592,0.055345,0,0,1,1.0200,坪山区,23,23,0,0,0,0,1
2023-09-15,589179428,20190000000000000003,900200000000000049,1,142.890,314.427,44927.333,2023-09-15 04:30:00.000,L2FT01-FTJ028,15.67,0.000,0.666012,16605,0.435592,0.055345,0,0,1,1.0200,坪山区,23,23,0,0,0,0,1
2023-09-15,589179428,20190000000000000003,900200000000000049,1,142.890,315.467,45075.333,2023-09-15 04:45:00.000,L2FT01-FTJ028,15.67,0.000,0.666012,16605,0.435592,0.055345,0,0,1,1.0200,坪山区,23,23,0,0,0,0,1
2023-09-15,589179428,20190000000000000003,900200000000000049,1,111.182,321.738,35555.385,2023-09-15 05:00:00.000,L2FT01-FTJ028,15.97,0.000,0.666012,16605,0.435592,0.055345,0,0,1,1.0200,坪山区,23,23,0,0,0,0,1
2023-09-15,589179428,20190000000000000003,900200000000000052,1,88.627,306.525,27165.000,2023-09-15 05:15:00.000,L2FT01-FTJ028,15.97,0.000,0.666012,16605,0.435592,0.055345,0,0,1,1.0200,坪山区,23,23,0,0,0,0,1
2023-09-15,589179428,20190000000000000003,900200000000000052,1,88.584,308.867,27358.000,2023-09-15 05:30:00.000,L2FT01-FTJ028,15.97,0.000,0.666012,16605,0.435592,0.055345,0,0,1,1.0200,坪山区,23,23,0,0,0,0,1
2023-09-15,589179428,20190000000000000003,900200000000000052,1,93.634,309.787,29007.333,2023-09-15 05:45:00.000,L2FT01-FTJ028,15.97,0.000,0.666012,16605,0.435592,0.055345,0,0,1,1.0200,坪山区,23,23,0,0,0,0,1
2023-09-15,589179428,20190000000000000003,900200000000000052,1,99.390,310.893,30899.333,2023-09-15 06:00:00.000,L2FT01-FTJ028,16.07,0.000,0.666012,16605,0.435592,0.055345,0,0,1,1.0200,坪山区,23,23,0,0,0,0,1
2023-09-15,589179428,20190000000000000003,900200000000000052,1,99.384,312.380,31046.000,2023-09-15 06:15:00.000,L2FT01-FTJ028,16.07,0.000,0.666012,16605,0.435592,0.055345,0,0,1,1.0200,坪山区,23,23,0,0,0,0,1
2023-09-15,589179428,20190000000000000003,900200000000000052,1,99.390,314.033,31213.333,2023-09-15 06:30:00.000,L2FT01-FTJ028,16.07,0.000,0.666012,16605,0.435592,0.055345,0,0,1,1.0200,坪山区,23,23,0,0,0,0,1
2023-09-15,589179428,20190000000000000003,900200000000000052,1,96.223,316.407,30442.000,2023-09-15 06:45:00.000,L2FT01-FTJ028,16.07,0.000,0.666012,16605,0.435592,0.055345,0,0,1,1.0200,坪山区,23,23,0,0,0,0,1
2023-09-15,589179428,20190000000000000003,900200000000000052,1,57.682,320.940,18485.000,2023-09-15 07:00:00.000,L2FT01-FTJ028,15.97,0.000,0.666012,16605,0.435592,0.055345,0,0,1,1.0200,坪山区,23,23,0,0,0,0,1
2023-09-15,589179428,20190000000000000003,900200000000000044,1,37.223,490.933,18297.778,2023-09-15 07:15:00.000,L2FT01-FTJ028,15.97,0.000,0.666012,16605,0.435592,0.055345,0,0,1,1.0200,坪山区,23,23,0,0,0,0,1
2023-09-15,589179428,20190000000000000003,900200000000000044,1,9.630,493.773,4749.333,2023-09-15 07:30:00.000,L2FT01-FTJ028,15.97,0.000,0.666012,16605,0.435592,0.055345,0,0,1,1.0200,坪山区,23,23,0,0,0,0,1
2023-09-15,589179428,20190000000000000003,900200000000000047,1,54.923,318.433,17486.667,2023-09-15 07:30:00.000,L2FT01-FTJ028,15.97,0.000,0.666012,16605,0.435592,0.055345,0,0,1,1.0200,坪山区,23,23,0,0,0,0,1
2023-09-15,589179428,20190000000000000003,900200000000000043,1,63.390,354.000,22440.000,2023-09-15 07:45:00.000,L2FT01-FTJ028,15.97,0.000,0.666012,16605,0.435592,0.055345,0,0,1,1.0200,坪山区,23,23,0,0,0,0,1
2023-09-15,589179428,20190000000000000003,900200000000000044,1,1.958,504.967,988.333,2023-09-15 07:45:00.000,L2FT01-FTJ028,15.97,0.000,0.666012,16605,0.435592,0.055345,0,0,1,1.0200,坪山区,23,23,0,0,0,0,1
2023-09-15,589179428,20190000000000000003,900200000000000047,1,52.180,323.960,16901.333,2023-09-15 07:45:00.000,L2FT01-FTJ028,15.97,0.000,0.666012,16605,0.435592,0.055345,0,0,1,1.0200,坪山区,23,23,0,0,0,0,1
2023-09-15,589179428,20190000000000000003,900200000000000043,1,68.985,361.093,24907.333,2023-09-15 08:00:00.000,L2FT01-FTJ028,15.67,0.000,0.666012,16605,0.435592,0.055345,0,0,1,1.0200,坪山区,23,23,0,0,0,0,1
2023-09-15,589179428,20190000000000000003,900200000000000047,1,52.893,330.040,17454.000,2023-09-15 08:00:00.000,L2FT01-FTJ028,15.67,0.000,0.666012,16605,0.435592,0.055345,0,0,1,1.0200,坪山区,23,23,0,0,0,0,1
2023-09-15,589179428,20190000000000000003,900200000000000047,1,53.759,337.947,18166.667,2023-09-15 08:15:00.000,L2FT01-FTJ028,15.67,0.000,0.666012,16605,0.435592,0.055345,0,0,1,1.0200,坪山区,23,23,0,0,0,0,1
2023-09-15,589179428,20190000000000000003,900200000000000043,1,69.024,370.692,25585.833,2023-09-15 08:15:00.000,L2FT01-FTJ028,15.67,0.000,0.666012,16605,0.435592,0.055345,0,0,1,1.0200,坪山区,23,23,0,0,0,0,1
2023-09-15,589179428,20190000000000000003,900200000000000047,1,51.934,348.100,18067.333,2023-09-15 08:30:00.000,L2FT01-FTJ028,15.67,0.000,0.666012,16605,0.435592,0.055345,0,0,1,1.0200,坪山区,23,23,0,0,0,0,1
2023-09-15,589179428,20190000000000000003,900200000000000047,1,36.146,354.833,12817.333,2023-09-15 08:45:00.000,L2FT01-FTJ028,15.67,0.000,0.666012,16605,0.435592,0.055345,0,0,1,1.0200,坪山区,23,23,0,0,0,0,1
2023-09-15,589179428,20190000000000000003,900200000000000047,1,24.845,359.427,8924.667,2023-09-15 09:00:00.000,L2FT01-FTJ028,15.19,0.000,0.666012,16605,0.435592,0.055345,0,0,1,1.0200,坪山区,23,23,0,0,0,0,1
2023-09-15,589179428,20190000000000000003,900200000000000056,1,84.284,351.085,29591.538,2023-09-15 09:00:00.000,L2FT01-FTJ028,15.19,0.000,0.666012,16605,0.435592,0.055345,0,0,1,1.0200,坪山区,23,23,0,0,0,0,1
2023-09-15,589179428,20190000000000000003,900200000000000039,1,51.458,349.750,18365.000,2023-09-15 09:15:00.000,L2FT01-FTJ028,15.19,0.000,0.666012,16605,0.435592,0.055345,0,0,1,1.0200,坪山区,23,23,0,0,0,0,1
2023-09-15,589179428,20190000000000000003,900200000000000047,1,18.749,362.244,6788.889,2023-09-15 09:15:00.000,L2FT01-FTJ028,15.19,0.000,0.666012,16605,0.435592,0.055345,0,0,1,1.0200,坪山区,23,23,0,0,0,0,1
2023-09-15,589179428,20190000000000000003,900200000000000056,1,86.564,357.813,30972.667,2023-09-15 09:15:00.000,L2FT01-FTJ028,15.19,0.000,0.666012,16605,0.435592,0.055345,0,0,1,1.0200,坪山区,23,23,0,0,0,0,1
2023-09-15,589179428,20190000000000000003,900200000000000039,1,53.590,358.813,19228.000,2023-09-15 09:30:00.000,L2FT01-FTJ028,15.19,0.000,0.666012,16605,0.435592,0.055345,0,0,1,1.0200,坪山区,23,23,0,0,0,0,1
2023-09-15,589179428,20190000000000000003,900200000000000056,1,82.272,361.920,29774.000,2023-09-15 09:30:00.000,L2FT01-FTJ028,15.19,0.000,0.666012,16605,0.435592,0.055345,0,0,1,1.0200,坪山区,23,23,0,0,0,0,1
2023-09-15,589179428,20190000000000000003,900200000000000039,1,53.590,358.840,19230.000,2023-09-15 09:45:00.000,L2FT01-FTJ028,15.19,0.000,0.666012,16605,0.435592,0.055345,0,0,1,1.0200,坪山区,23,23,0,0,0,0,1
2023-09-15,589179428,20190000000000000003,900200000000000039,1,53.590,359.633,19270.667,2023-09-15 10:00:00.000,L2FT01-FTJ028,14.57,0.000,0.666012,16605,0.435592,0.055345,0,0,1,1.0200,坪山区,23,23,0,0,0,0,1
2023-09-15,589179428,20190000000000000003,900200000000000039,1,53.590,360.973,19342.000,2023-09-15 10:15:00.000,L2FT01-FTJ028,14.57,0.000,0.666012,16605,0.435592,0.055345,0,0,1,1.0200,坪山区,23,23,0,0,0,0,1
2023-09-15,589179428,20190000000000000003,900200000000000039,1,51.040,363.450,18547.500,2023-09-15 10:30:00.000,L2FT01-FTJ028,14.57,0.000,0.666012,16605,0.435592,0.055345,0,0,1,1.0200,坪山区,23,23,0,0,0,0,1
2023-09-15,589179428,20190000000000000003,900200000000000043,1,91.862,358.300,32912.222,2023-09-15 11:15:00.000,L2FT01-FTJ028,13.85,0.000,0.666012,16605,0.435592,0.055345,0,0,1,1.0200,坪山区,23,23,0,0,0,0,1
2023-09-15,589179428,20190000000000000003,900200000000000042,1,119.745,322.500,38615.000,2023-09-15 11:30:00.000,L2FT01-FTJ028,13.85,0.000,0.666012,16605,0.435592,0.055345,0,0,1,1.0200,坪山区,23,23,0,0,0,0,1
2023-09-15,589179428,20190000000000000003,900200000000000043,1,74.205,365.700,27110.000,2023-09-15 11:30:00.000,L2FT01-FTJ028,13.85,0.000,0.666012,16605,0.435592,0.055345,0,0,1,1.0200,坪山区,23,23,0,0,0,0,1
2023-09-15,589179428,20190000000000000003,900200000000000042,1,119.535,327.220,39112.667,2023-09-15 11:45:00.000,L2FT01-FTJ028,13.85,0.000,0.666012,16605,0.435592,0.055345,0,0,1,1.0200,坪山区,23,23,0,0,0,0,1
2023-09-15,589179428,20190000000000000003,900200000000000043,1,69.143,378.947,26222.000,2023-09-15 11:45:00.000,L2FT01-FTJ028,13.85,0.000,0.666012,16605,0.435592,0.055345,0,0,1,1.0200,坪山区,23,23,0,0,0,0,1
2023-09-15,589179428,20190000000000000003,900200000000000042,1,119.578,328.773,39312.667,2023-09-15 12:00:00.000,L2FT01-FTJ028,13.07,0.000,0.666012,16605,0.435592,0.055345,0,0,1,1.0200,坪山区,23,23,0,0,0,0,1
2023-09-15,589179428,20190000000000000003,900200000000000043,1,54.747,393.600,21521.333,2023-09-15 12:00:00.000,L2FT01-FTJ028,13.07,0.000,0.666012,16605,0.435592,0.055345,0,0,1,1.0200,坪山区,23,23,0,0,0,0,1
2023-09-15,589179428,20190000000000000003,900200000000000042,1,112.037,330.200,37012.667,2023-09-15 12:15:00.000,L2FT01-FTJ028,13.07,0.000,0.666012,16605,0.435592,0.055345,0,0,1,1.0200,坪山区,23,23,0,0,0,0,1
2023-09-15,589179428,20190000000000000003,900200000000000043,1,33.840,402.480,13609.333,2023-09-15 12:15:00.000,L2FT01-FTJ028,13.07,0.000,0.666012,16605,0.435592,0.055345,0,0,1,1.0200,坪山区,23,23,0,0,0,0,1
2023-09-15,589179428,20190000000000000003,900200000000000042,1,59.632,329.853,19652.000,2023-09-15 12:30:00.000,L2FT01-FTJ028,13.07,0.000,0.666012,16605,0.435592,0.055345,0,0,1,1.0200,坪山区,23,23,0,0,0,0,1
2023-09-15,589179428,20190000000000000003,900200000000000043,1,18.215,405.292,7382.500,2023-09-15 12:30:00.000,L2FT01-FTJ028,13.07,0.000,0.666012,16605,0.435592,0.055345,0,0,1,1.0200,坪山区,23,23,0,0,0,0,1
2023-09-15,589179428,20190000000000000003,900200000000000042,1,12.690,334.800,4250.000,2023-09-15 12:45:00.000,L2FT01-FTJ028,13.07,0.000,0.666012,16605,0.435592,0.055345,0,0,1,1.0200,坪山区,23,23,0,0,0,0,1
2023-09-15,589179428,20190000000000000003,900200000000000044,1,82.821,465.415,39222.308,2023-09-15 13:30:00.000,L2FT01-FTJ028,12.30,0.000,0.666012,16605,0.435592,0.055345,0,0,1,1.0200,坪山区,23,23,0,0,0,0,1
2023-09-15,589179428,20190000000000000003,900200000000000042,1,96.415,354.275,34152.500,2023-09-15 13:30:00.000,L2FT01-FTJ028,12.30,0.000,0.666012,16605,0.435592,0.055345,0,0,1,1.0200,坪山区,23,23,0,0,0,0,1
2023-09-15,589179428,20190000000000000003,900200000000000042,1,92.701,355.180,32920.667,2023-09-15 13:45:00.000,L2FT01-FTJ028,12.30,0.000,0.666012,16605,0.435592,0.055345,0,0,1,1.0200,坪山区,23,23,0,0,0,0,1
2023-09-15,589179428,20190000000000000003,900200000000000044,1,81.154,475.673,38602.000,2023-09-15 13:45:00.000,L2FT01-FTJ028,12.30,0.000,0.666012,16605,0.435592,0.055345,0,0,1,1.0200,坪山区,23,23,0,0,0,0,1
2023-09-15,589179428,20190000000000000003,900200000000000042,1,78.486,356.013,27945.333,2023-09-15 14:00:00.000,L2FT01-FTJ028,11.57,0.000,0.666012,16605,0.435592,0.055345,0,0,1,1.0200,坪山区,23,23,0,0,0,0,1
2023-09-15,589179428,20190000000000000003,900200000000000044,1,72.637,475.647,34555.333,2023-09-15 14:00:00.000,L2FT01-FTJ028,11.57,0.000,0.666012,16605,0.435592,0.055345,0,0,1,1.0200,坪山区,23,23,0,0,0,0,1
2023-09-15,589179428,20190000000000000003,900200000000000042,1,55.190,355.267,19606.667,2023-09-15 14:15:00.000,L2FT01-FTJ028,11.57,0.000,0.666012,16605,0.435592,0.055345,0,0,1,1.0200,坪山区,23,23,0,0,0,0,1
2023-09-15,589179428,20190000000000000003,900200000000000044,1,25.540,475.250,12140.000,2023-09-15 14:15:00.000,L2FT01-FTJ028,11.57,0.000,0.666012,16605,0.435592,0.055345,0,0,1,1.0200,坪山区,23,23,0,0,0,0,1
2023-09-15,589179428,20190000000000000003,900200000000000030,1,60.900,457.100,25965.000,2023-09-15 14:30:00.000,L2FT01-FTJ028,11.57,0.000,0.666012,16605,0.435592,0.055345,0,0,1,1.0200,坪山区,23,23,0,0,0,0,1
2023-09-15,589179428,20190000000000000003,900200000000000030,1,117.099,428.127,50132.667,2023-09-15 14:45:00.000,L2FT01-FTJ028,11.57,0.000,0.666012,16605,0.435592,0.055345,0,0,1,1.0200,坪山区,23,23,0,0,0,0,1
2023-09-15,589179428,20190000000000000003,900200000000000030,1,105.483,430.993,45504.000,2023-09-15 15:00:00.000,L2FT01-FTJ028,10.95,0.000,0.666012,16605,0.435592,0.055345,0,0,1,1.0200,坪山区,23,23,0,0,0,0,1
2023-09-15,589179428,20190000000000000003,900200000000000057,0,0.000,347.000,0.000,2023-09-15 15:00:00.000,L2FT01-FTJ028,10.95,0.000,0.666012,16605,0.435592,0.055345,0,0,1,1.0200,坪山区,23,23,0,0,0,0,1
2023-09-15,589179428,20190000000000000003,900200000000000030,1,63.993,430.673,27577.333,2023-09-15 15:15:00.000,L2FT01-FTJ028,10.95,0.000,0.666012,16605,0.435592,0.055345,0,0,1,1.0200,坪山区,23,23,0,0,0,0,1
2023-09-15,589179428,20190000000000000003,900200000000000057,1,191.719,313.667,60131.333,2023-09-15 15:15:00.000,L2FT01-FTJ028,10.95,0.000,0.666012,16605,0.435592,0.055345,0,0,1,1.0200,坪山区,23,23,0,0,0,0,1
2023-09-15,589179428,20190000000000000003,900200000000000030,1,32.560,429.533,13983.333,2023-09-15 15:30:00.000,L2FT01-FTJ028,10.95,0.000,0.666012,16605,0.435592,0.055345,0,0,1,1.0200,坪山区,23,23,0,0,0,0,1
2023-09-15,589179428,20190000000000000003,900200000000000057,1,191.600,316.764,60686.429,2023-09-15 15:30:00.000,L2FT01-FTJ028,10.95,0.000,0.666012,16605,0.435592,0.055345,0,0,1,1.0200,坪山区,23,23,0,0,0,0,1
2023-09-15,589179428,20190000000000000003,900200000000000032,1,34.441,403.879,13949.286,2023-09-15 16:30:00.000,L2FT01-FTJ028,10.47,0.000,0.666012,16605,0.435592,0.055345,0,0,1,1.0200,坪山区,23,23,0,0,0,0,1
2023-09-15,589179428,20190000000000000003,900200000000000032,1,37.090,407.107,15098.667,2023-09-15 16:45:00.000,L2FT01-FTJ028,10.47,0.000,0.666012,16605,0.435592,0.055345,0,0,1,1.0200,坪山区,23,23,0,0,0,0,1
2023-09-15,589179428,20190000000000000003,900200000000000032,1,39.840,408.950,16295.000,2023-09-15 17:00:00.000,L2FT01-FTJ028,10.17,0.000,0.666012,16605,0.435592,0.055345,0,0,1,1.0200,坪山区,23,23,0,0,0,0,1
2023-09-15,589179428,20190000000000000003,900200000000000042,1,36.000,329.850,11015.000,2023-09-15 18:00:00.000,L2FT01-FTJ028,10.07,0.000,0.666012,16605,0.435592,0.055345,0,0,1,1.0200,坪山区,23,23,0,0,0,0,1
2023-09-15,589179428,20190000000000000003,900200000000000031,1,190.633,315.133,60070.000,2023-09-15 18:30:00.000,L2FT01-FTJ028,10.07,0.000,0.666012,16605,0.435592,0.055345,0,0,1,1.0200,坪山区,23,23,0,0,0,0,1
2023-09-15,589179428,20190000000000000003,900200000000000031,1,190.500,315.780,60152.000,2023-09-15 18:45:00.000,L2FT01-FTJ028,10.07,0.000,0.666012,16605,0.435592,0.055345,0,0,1,1.0200,坪山区,23,23,0,0,0,0,1
2023-09-15,589179428,20190000000000000003,900200000000000057,1,98.843,348.950,34785.000,2023-09-15 20:15:00.000,L2FT01-FTJ028,10.47,0.000,0.666012,16605,0.435592,0.055345,0,0,1,1.0200,坪山区,23,23,0,0,0,0,1
2023-09-15,589179428,20190000000000000003,900200000000000057,1,126.712,360.287,45650.667,2023-09-15 20:30:00.000,L2FT01-FTJ028,10.47,0.000,0.666012,16605,0.435592,0.055345,0,0,1,1.0200,坪山区,23,23,0,0,0,0,1
2023-09-15,589179428,20190000000000000003,900200000000000057,1,126.690,369.900,46860.000,2023-09-15 20:45:00.000,L2FT01-FTJ028,10.47,0.000,0.666012,16605,0.435592,0.055345,0,0,1,1.0200,坪山区,23,23,0,0,0,0,1
2023-09-15,589179428,20190000000000000003,900200000000000030,1,143.947,307.225,44630.000,2023-09-15 21:45:00.000,L2FT01-FTJ028,10.95,0.000,0.666012,16605,0.435592,0.055345,0,0,1,1.0200,坪山区,23,23,0,0,0,0,1
2023-09-15,589179428,20190000000000000003,900200000000000030,1,191.553,312.093,59778.000,2023-09-15 22:00:00.000,L2FT01-FTJ028,11.57,0.000,0.666012,16605,0.435592,0.055345,0,0,1,1.0200,坪山区,23,23,0,0,0,0,1
2023-09-15,589179428,20190000000000000003,900200000000000030,1,191.460,313.873,60089.333,2023-09-15 22:15:00.000,L2FT01-FTJ028,11.57,0.000,0.666012,16605,0.435592,0.055345,0,0,1,1.0200,坪山区,23,23,0,0,0,0,1
2023-09-15,589179428,20190000000000000003,900200000000000030,1,195.017,316.100,61641.333,2023-09-15 22:30:00.000,L2FT01-FTJ028,11.57,0.000,0.666012,16605,0.435592,0.055345,0,0,1,1.0200,坪山区,23,23,0,0,0,0,1
2023-09-15,589179428,20190000000000000003,900200000000000030,1,146.309,318.853,46632.000,2023-09-15 22:45:00.000,L2FT01-FTJ028,11.57,0.000,0.666012,16605,0.435592,0.055345,0,0,1,1.0200,坪山区,23,23,0,0,0,0,1
2023-09-15,589179428,20190000000000000003,900200000000000030,1,29.857,333.667,9960.000,2023-09-15 23:00:00.000,L2FT01-FTJ028,12.30,0.000,0.666012,16605,0.435592,0.055345,0,0,1,1.0200,坪山区,23,23,0,0,0,0,1
2023-09-15,589179428,20190000000000000003,900200000000000052,1,149.652,375.508,56196.154,2023-09-15 23:00:00.000,L2FT01-FTJ028,12.30,0.000,0.666012,16605,0.435592,0.055345,0,0,1,1.0200,坪山区,23,23,0,0,0,0,1
2023-09-15,589179428,20190000000000000003,900200000000000052,1,131.567,390.487,51372.667,2023-09-15 23:15:00.000,L2FT01-FTJ028,12.30,0.000,0.666012,16605,0.435592,0.055345,0,0,1,1.0200,坪山区,23,23,0,0,0,0,1
2023-09-15,589179428,20190000000000000003,900200000000000052,1,58.263,402.267,23452.667,2023-09-15 23:30:00.000,L2FT01-FTJ028,12.30,0.000,0.666012,16605,0.435592,0.055345,0,0,1,1.0200,坪山区,23,23,0,0,0,0,1
2023-09-15,589179428,20190000000000000003,900200000000000052,1,47.137,410.587,19351.333,2023-09-15 23:45:00.000,L2FT01-FTJ028,12.30,0.000,0.666012,16605,0.435592,0.055345,0,0,1,1.0200,坪山区,23,23,0,0,0,0,1
2023-09-16,589179428,20190000000000000003,900200000000000042,1,63.802,300.022,19692.222,2023-09-16 00:00:00.000,L2FT01-FTJ028,13.07,0.000,0.666012,16605,0.435592,0.055345,0,0,0,1.0200,坪山区,23,23,0,0,0,0,1
2023-09-16,589179428,20190000000000000003,900200000000000052,1,47.090,419.871,19772.143,2023-09-16 00:00:00.000,L2FT01-FTJ028,13.07,0.000,0.666012,16605,0.435592,0.055345,0,0,0,1.0200,坪山区,23,23,0,0,0,0,1
2023-09-16,589179428,20190000000000000003,900200000000000042,1,71.690,308.700,22130.000,2023-09-16 00:15:00.000,L2FT01-FTJ028,13.07,0.000,0.666012,16605,0.435592,0.055345,0,0,0,1.0200,坪山区,23,23,0,0,0,0,1
2023-09-16,589179428,20190000000000000003,900200000000000042,1,71.690,308.947,22146.667,2023-09-16 00:30:00.000,L2FT01-FTJ028,13.07,0.000,0.666012,16605,0.435592,0.055345,0,0,0,1.0200,坪山区,23,23,0,0,0,0,1
2023-09-16,589179428,20190000000000000003,900200000000000042,1,71.690,309.767,22204.667,2023-09-16 00:45:00.000,L2FT01-FTJ028,13.07,0.000,0.666012,16605,0.435592,0.055345,0,0,0,1.0200,坪山区,23,23,0,0,0,0,1
2023-09-16,589179428,20190000000000000003,900200000000000042,1,71.690,311.387,22322.000,2023-09-16 01:00:00.000,L2FT01-FTJ028,13.85,0.000,0.666012,16605,0.435592,0.055345,0,0,0,1.0200,坪山区,23,23,0,0,0,0,1
2023-09-16,589179428,20190000000000000003,900200000000000042,1,71.690,312.500,22401.333,2023-09-16 01:15:00.000,L2FT01-FTJ028,13.85,0.000,0.666012,16605,0.435592,0.055345,0,0,0,1.0200,坪山区,23,23,0,0,0,0,1
2023-09-16,589179428,20190000000000000003,900200000000000049,1,105.345,300.000,31600.000,2023-09-16 01:15:00.000,L2FT01-FTJ028,13.85,0.000,0.666012,16605,0.435592,0.055345,0,0,0,1.0200,坪山区,23,23,0,0,0,0,1
2023-09-16,589179428,20190000000000000003,900200000000000049,1,105.117,303.093,31858.667,2023-09-16 01:30:00.000,L2FT01-FTJ028,13.85,0.000,0.666012,16605,0.435592,0.055345,0,0,0,1.0200,坪山区,23,23,0,0,0,0,1
2023-09-16,589179428,20190000000000000003,900200000000000042,1,71.690,313.253,22456.000,2023-09-16 01:30:00.000,L2FT01-FTJ028,13.85,0.000,0.666012,16605,0.435592,0.055345,0,0,0,1.0200,坪山区,23,23,0,0,0,0,1
2023-09-16,589179428,20190000000000000003,900200000000000036,1,129.822,310.025,40245.000,2023-09-16 01:45:00.000,L2FT01-FTJ028,13.85,0.000,0.666012,16605,0.435592,0.055345,0,0,0,1.0200,坪山区,23,23,0,0,0,0,1
2023-09-16,589179428,20190000000000000003,900200000000000042,1,71.690,315.587,22622.667,2023-09-16 01:45:00.000,L2FT01-FTJ028,13.85,0.000,0.666012,16605,0.435592,0.055345,0,0,0,1.0200,坪山区,23,23,0,0,0,0,1
2023-09-16,589179428,20190000000000000003,900200000000000049,1,105.117,307.560,32327.333,2023-09-16 01:45:00.000,L2FT01-FTJ028,13.85,0.000,0.666012,16605,0.435592,0.055345,0,0,0,1.0200,坪山区,23,23,0,0,0,0,1
2023-09-16,589179428,20190000000000000003,900200000000000042,1,42.190,328.700,13836.000,2023-09-16 02:00:00.000,L2FT01-FTJ028,14.57,0.000,0.666012,16605,0.435592,0.055345,0,0,0,1.0200,坪山区,23,23,0,0,0,0,1
2023-09-16,589179428,20190000000000000003,900200000000000049,1,105.190,310.173,32626.667,2023-09-16 02:00:00.000,L2FT01-FTJ028,14.57,0.000,0.666012,16605,0.435592,0.055345,0,0,0,1.0200,坪山区,23,23,0,0,0,0,1
2023-09-16,589179428,20190000000000000003,900200000000000038,1,129.960,307.333,39938.333,2023-09-16 02:15:00.000,L2FT01-FTJ028,14.57,0.000,0.666012,16605,0.435592,0.055345,0,0,0,1.0200,坪山区,23,23,0,0,0,0,1
2023-09-16,589179428,20190000000000000003,900200000000000049,1,105.090,310.913,32671.333,2023-09-16 02:15:00.000,L2FT01-FTJ028,14.57,0.000,0.666012,16605,0.435592,0.055345,0,0,0,1.0200,坪山区,23,23,0,0,0,0,1
2023-09-16,589179428,20190000000000000003,900200000000000038,1,129.878,310.273,40294.667,2023-09-16 02:30:00.000,L2FT01-FTJ028,14.57,0.000,0.666012,16605,0.435592,0.055345,0,0,0,1.0200,坪山区,23,23,0,0,0,0,1
2023-09-16,589179428,20190000000000000003,900200000000000049,1,105.090,312.100,32797.333,2023-09-16 02:30:00.000,L2FT01-FTJ028,14.57,0.000,0.666012,16605,0.435592,0.055345,0,0,0,1.0200,坪山区,23,23,0,0,0,0,1
2023-09-16,589179428,20190000000000000003,900200000000000038,1,129.884,311.193,40416.000,2023-09-16 02:45:00.000,L2FT01-FTJ028,14.57,0.000,0.666012,16605,0.435592,0.055345,0,0,0,1.0200,坪山区,23,23,0,0,0,0,1
2023-09-16,589179428,20190000000000000003,900200000000000049,1,105.090,313.627,32957.333,2023-09-16 02:45:00.000,L2FT01-FTJ028,14.57,0.000,0.666012,16605,0.435592,0.055345,0,0,0,1.0200,坪山区,23,23,0,0,0,0,1
2023-09-16,589179428,20190000000000000003,900200000000000049,1,105.090,314.547,33054.667,2023-09-16 03:00:00.000,L2FT01-FTJ028,15.19,0.000,0.666012,16605,0.435592,0.055345,0,0,0,1.0200,坪山区,23,23,0,0,0,0,1
2023-09-16,589179428,20190000000000000003,900200000000000038,1,129.884,312.773,40622.667,2023-09-16 03:00:00.000,L2FT01-FTJ028,15.19,0.000,0.666012,16605,0.435592,0.055345,0,0,0,1.0200,坪山区,23,23,0,0,0,0,1
2023-09-16,589179428,20190000000000000003,900200000000000049,1,105.103,316.580,33270.667,2023-09-16 03:15:00.000,L2FT01-FTJ028,15.19,0.000,0.666012,16605,0.435592,0.055345,0,0,0,1.0200,坪山区,23,23,0,0,0,0,1
2023-09-16,589179428,20190000000000000003,900200000000000038,1,129.866,314.280,40811.333,2023-09-16 03:15:00.000,L2FT01-FTJ028,15.19,0.000,0.666012,16605,0.435592,0.055345,0,0,0,1.0200,坪山区,23,23,0,0,0,0,1
2023-09-16,589179428,20190000000000000003,900200000000000044,1,121.813,309.057,37641.429,2023-09-16 03:15:00.000,L2FT01-FTJ028,15.19,0.000,0.666012,16605,0.435592,0.055345,0,0,0,1.0200,坪山区,23,23,0,0,0,0,1
2023-09-16,589179428,20190000000000000003,900200000000000038,1,129.878,315.673,40996.667,2023-09-16 03:30:00.000,L2FT01-FTJ028,15.19,0.000,0.666012,16605,0.435592,0.055345,0,0,0,1.0200,坪山区,23,23,0,0,0,0,1
2023-09-16,589179428,20190000000000000003,900200000000000044,1,121.749,309.833,37718.667,2023-09-16 03:30:00.000,L2FT01-FTJ028,15.19,0.000,0.666012,16605,0.435592,0.055345,0,0,0,1.0200,坪山区,23,23,0,0,0,0,1
2023-09-16,589179428,20190000000000000003,900200000000000049,1,64.657,324.833,20986.667,2023-09-16 03:30:00.000,L2FT01-FTJ028,15.19,0.000,0.666012,16605,0.435592,0.055345,0,0,0,1.0200,坪山区,23,23,0,0,0,0,1
2023-09-16,589179428,20190000000000000003,900200000000000038,1,81.525,323.383,26221.667,2023-09-16 03:45:00.000,L2FT01-FTJ028,15.19,0.000,0.666012,16605,0.435592,0.055345,0,0,0,1.0200,坪山区,23,23,0,0,0,0,1
2023-09-16,589179428,20190000000000000003,900200000000000044,1,121.800,311.147,37892.000,2023-09-16 03:45:00.000,L2FT01-FTJ028,15.19,0.000,0.666012,16605,0.435592,0.055345,0,0,0,1.0200,坪山区,23,23,0,0,0,0,1
2023-09-16,589179428,20190000000000000003,900200000000000044,1,121.800,313.193,38140.667,2023-09-16 04:00:00.000,L2FT01-FTJ028,15.67,0.000,0.666012,16605,0.435592,0.055345,0,0,0,1.0200,坪山区,23,23,0,0,0,0,1
2023-09-16,589179428,20190000000000000003,900200000000000044,1,121.800,314.147,38258.000,2023-09-16 04:15:00.000,L2FT01-FTJ028,15.67,0.000,0.666012,16605,0.435592,0.055345,0,0,0,1.0200,坪山区,23,23,0,0,0,0,1
2023-09-16,589179428,20190000000000000003,900200000000000044,1,117.480,316.960,37207.333,2023-09-16 04:30:00.000,L2FT01-FTJ028,15.67,0.000,0.666012,16605,0.435592,0.055345,0,0,0,1.0200,坪山区,23,23,0,0,0,0,1
2023-09-16,589179428,20190000000000000003,900200000000000044,1,32.440,329.050,10675.000,2023-09-16 04:45:00.000,L2FT01-FTJ028,15.67,0.000,0.666012,16605,0.435592,0.055345,0,0,0,1.0200,坪山区,23,23,0,0,0,0,1
2023-09-16,589179428,20190000000000000003,900200000000000048,1,121.509,303.600,36887.143,2023-09-16 05:30:00.000,L2FT01-FTJ028,15.97,0.000,0.666012,16605,0.435592,0.055345,0,0,0,1.0200,坪山区,23,23,0,0,0,0,1
2023-09-16,589179428,20190000000000000003,900200000000000048,1,121.390,307.960,37382.000,2023-09-16 05:45:00.000,L2FT01-FTJ028,15.97,0.000,0.666012,16605,0.435592,0.055345,0,0,0,1.0200,坪山区,23,23,0,0,0,0,1
2023-09-16,589179428,20190000000000000003,900200000000000048,1,121.390,309.887,37614.000,2023-09-16 06:00:00.000,L2FT01-FTJ028,16.07,0.000,0.666012,16605,0.435592,0.055345,0,0,0,1.0200,坪山区,23,23,0,0,0,0,1
2023-09-16,589179428,20190000000000000003,900200000000000048,1,121.390,310.833,37730.667,2023-09-16 06:15:00.000,L2FT01-FTJ028,16.07,0.000,0.666012,16605,0.435592,0.055345,0,0,0,1.0200,坪山区,23,23,0,0,0,0,1
2023-09-16,589179428,20190000000000000003,900200000000000048,1,121.390,312.433,37924.000,2023-09-16 06:30:00.000,L2FT01-FTJ028,16.07,0.000,0.666012,16605,0.435592,0.055345,0,0,0,1.0200,坪山区,23,23,0,0,0,0,1
2023-09-16,589179428,20190000000000000003,900200000000000043,1,66.980,344.433,23653.333,2023-09-16 06:45:00.000,L2FT01-FTJ028,16.07,0.000,0.666012,16605,0.435592,0.055345,0,0,0,1.0200,坪山区,23,23,0,0,0,0,1
2023-09-16,589179428,20190000000000000003,900200000000000048,1,121.390,313.480,38052.000,2023-09-16 06:45:00.000,L2FT01-FTJ028,16.07,0.000,0.666012,16605,0.435592,0.055345,0,0,0,1.0200,坪山区,23,23,0,0,0,0,1
2023-09-16,589179428,20190000000000000003,900200000000000043,1,77.539,353.207,27384.000,2023-09-16 07:00:00.000,L2FT01-FTJ028,15.97,0.000,0.666012,16605,0.435592,0.055345,0,0,0,1.0200,坪山区,23,23,0,0,0,0,1
2023-09-16,589179428,20190000000000000003,900200000000000048,1,121.390,314.180,38136.000,2023-09-16 07:00:00.000,L2FT01-FTJ028,15.97,0.000,0.666012,16605,0.435592,0.055345,0,0,0,1.0200,坪山区,23,23,0,0,0,0,1
2023-09-16,589179428,20190000000000000003,900200000000000043,1,71.737,354.560,25434.667,2023-09-16 07:15:00.000,L2FT01-FTJ028,15.97,0.000,0.666012,16605,0.435592,0.055345,0,0,0,1.0200,坪山区,23,23,0,0,0,0,1
2023-09-16,589179428,20190000000000000003,900200000000000048,1,121.405,316.767,38455.333,2023-09-16 07:15:00.000,L2FT01-FTJ028,15.97,0.000,0.666012,16605,0.435592,0.055345,0,0,0,1.0200,坪山区,23,23,0,0,0,0,1
2023-09-16,589179428,20190000000000000003,900200000000000043,1,44.330,353.273,15658.000,2023-09-16 07:30:00.000,L2FT01-FTJ028,15.97,0.000,0.666012,16605,0.435592,0.055345,0,0,0,1.0200,坪山区,23,23,0,0,0,0,1
2023-09-16,589179428,20190000000000000003,900200000000000048,1,36.990,329.000,12132.500,2023-09-16 07:30:00.000,L2FT01-FTJ028,15.97,0.000,0.666012,16605,0.435592,0.055345,0,0,0,1.0200,坪山区,23,23,0,0,0,0,1
2023-09-16,589179428,20190000000000000003,900200000000000030,1,193.518,427.215,83892.308,2023-09-16 07:45:00.000,L2FT01-FTJ028,15.97,0.000,0.666012,16605,0.435592,0.055345,0,0,0,1.0200,坪山区,23,23,0,0,0,0,1
2023-09-16,589179428,20190000000000000003,900200000000000042,0,0.000,258.700,0.000,2023-09-16 07:45:00.000,L2FT01-FTJ028,15.97,0.000,0.666012,16605,0.435592,0.055345,0,0,0,1.0200,坪山区,23,23,0,0,0,0,1
2023-09-16,589179428,20190000000000000003,900200000000000043,1,26.848,352.478,9463.333,2023-09-16 07:45:00.000,L2FT01-FTJ028,15.97,0.000,0.666012,16605,0.435592,0.055345,0,0,0,1.0200,坪山区,23,23,0,0,0,0,1
2023-09-16,589179428,20190000000000000003,900200000000000042,1,136.843,379.240,51964.667,2023-09-16 08:00:00.000,L2FT01-FTJ028,15.67,0.000,0.666012,16605,0.435592,0.055345,0,0,0,1.0200,坪山区,23,23,0,0,0,0,1
2023-09-16,589179428,20190000000000000003,900200000000000030,1,181.345,436.060,79358.000,2023-09-16 08:00:00.000,L2FT01-FTJ028,15.67,0.000,0.666012,16605,0.435592,0.055345,0,0,0,1.0200,坪山区,23,23,0,0,0,0,1
2023-09-16,589179428,20190000000000000003,900200000000000030,1,107.069,431.833,46254.000,2023-09-16 08:15:00.000,L2FT01-FTJ028,15.67,0.000,0.666012,16605,0.435592,0.055345,0,0,0,1.0200,坪山区,23,23,0,0,0,0,1
2023-09-16,589179428,20190000000000000003,900200000000000042,1,114.255,394.907,45060.000,2023-09-16 08:15:00.000,L2FT01-FTJ028,15.67,0.000,0.666012,16605,0.435592,0.055345,0,0,0,1.0200,坪山区,23,23,0,0,0,0,1
2023-09-16,589179428,20190000000000000003,900200000000000057,1,77.392,353.260,27550.000,2023-09-16 08:15:00.000,L2FT01-FTJ028,15.67,0.000,0.666012,16605,0.435592,0.055345,0,0,0,1.0200,坪山区,23,23,0,0,0,0,1
2023-09-16,589179428,20190000000000000003,900200000000000030,1,75.873,432.383,32805.000,2023-09-16 08:30:00.000,L2FT01-FTJ028,15.67,0.000,0.666012,16605,0.435592,0.055345,0,0,0,1.0200,坪山区,23,23,0,0,0,0,1
2023-09-16,589179428,20190000000000000003,900200000000000042,1,71.471,399.940,28581.333,2023-09-16 08:30:00.000,L2FT01-FTJ028,15.67,0.000,0.666012,16605,0.435592,0.055345,0,0,0,1.0200,坪山区,23,23,0,0,0,0,1
2023-09-16,589179428,20190000000000000003,900200000000000048,1,42.810,406.000,17380.000,2023-09-16 08:30:00.000,L2FT01-FTJ028,15.67,0.000,0.666012,16605,0.435592,0.055345,0,0,0,1.0200,坪山区,23,23,0,0,0,0,1
2023-09-16,589179428,20190000000000000003,900200000000000057,1,107.184,369.593,39577.333,2023-09-16 08:30:00.000,L2FT01-FTJ028,15.67,0.000,0.666012,16605,0.435592,0.055345,0,0,0,1.0200,坪山区,23,23,0,0,0,0,1
2023-09-16,589179428,20190000000000000003,900200000000000042,1,47.427,407.073,19272.000,2023-09-16 08:45:00.000,L2FT01-FTJ028,15.67,0.000,0.666012,16605,0.435592,0.055345,0,0,0,1.0200,坪山区,23,23,0,0,0,0,1
2023-09-16,589179428,20190000000000000003,900200000000000048,1,37.491,409.233,15343.333,2023-09-16 08:45:00.000,L2FT01-FTJ028,15.67,0.000,0.666012,16605,0.435592,0.055345,0,0,0,1.0200,坪山区,23,23,0,0,0,0,1
2023-09-16,589179428,20190000000000000003,900200000000000057,1,72.537,381.573,27670.000,2023-09-16 08:45:00.000,L2FT01-FTJ028,15.67,0.000,0.666012,16605,0.435592,0.055345,0,0,0,1.0200,坪山区,23,23,0,0,0,0,1
2023-09-16,589179428,20190000000000000003,900200000000000048,1,25.391,409.050,10398.333,2023-09-16 09:00:00.000,L2FT01-FTJ028,15.19,0.000,0.666012,16605,0.435592,0.055345,0,0,0,1.0200,坪山区,23,23,0,0,0,0,1
2023-09-16,589179428,20190000000000000003,900200000000000042,1,4.590,407.975,1870.000,2023-09-16 09:00:00.000,L2FT01-FTJ028,15.19,0.000,0.666012,16605,0.435592,0.055345,0,0,0,1.0200,坪山区,23,23,0,0,0,0,1
2023-09-16,589179428,20190000000000000003,900200000000000057,1,32.948,386.780,12742.000,2023-09-16 09:00:00.000,L2FT01-FTJ028,15.19,0.000,0.666012,16605,0.435592,0.055345,0,0,0,1.0200,坪山区,23,23,0,0,0,0,1
2023-09-16,589179428,20190000000000000003,900200000000000057,1,26.422,389.917,10298.333,2023-09-16 09:15:00.000,L2FT01-FTJ028,15.19,0.000,0.666012,16605,0.435592,0.055345,0,0,0,1.0200,坪山区,23,23,0,0,0,0,1
2023-09-16,589179428,20190000000000000003,900200000000000044,1,112.891,460.057,53604.286,2023-09-16 10:00:00.000,L2FT01-FTJ028,14.57,0.000,0.666012,16605,0.435592,0.055345,0,0,0,1.0200,坪山区,23,23,0,0,0,0,1
2023-09-16,589179428,20190000000000000003,900200000000000044,1,141.783,478.127,67796.667,2023-09-16 10:15:00.000,L2FT01-FTJ028,14.57,0.000,0.666012,16605,0.435592,0.055345,0,0,0,1.0200,坪山区,23,23,0,0,0,0,1
2023-09-16,589179428,20190000000000000003,900200000000000044,1,93.096,477.786,44478.571,2023-09-16 10:30:00.000,L2FT01-FTJ028,14.57,0.000,0.666012,16605,0.435592,0.055345,0,0,0,1.0200,坪山区,23,23,0,0,0,0,1
2023-09-16,589179428,20190000000000000003,900200000000000034,1,72.090,306.200,22070.000,2023-09-16 12:00:00.000,L2FT01-FTJ028,13.07,0.000,0.666012,16605,0.435592,0.055345,0,0,0,1.0200,坪山区,23,23,0,0,0,0,1
2023-09-16,589179428,20190000000000000003,900200000000000056,1,41.297,367.567,15470.000,2023-09-16 12:00:00.000,L2FT01-FTJ028,13.07,0.000,0.666012,16605,0.435592,0.055345,0,0,0,1.0200,坪山区,23,23,0,0,0,0,1
2023-09-16,589179428,20190000000000000003,900200000000000057,1,97.795,384.200,37630.000,2023-09-16 12:00:00.000,L2FT01-FTJ028,13.07,0.000,0.666012,16605,0.435592,0.055345,0,0,0,1.0200,坪山区,23,23,0,0,0,0,1
2023-09-16,589179428,20190000000000000003,900200000000000056,1,61.810,380.547,23520.667,2023-09-16 12:15:00.000,L2FT01-FTJ028,13.07,0.000,0.666012,16605,0.435592,0.055345,0,0,0,1.0200,坪山区,23,23,0,0,0,0,1
2023-09-16,589179428,20190000000000000003,900200000000000057,1,112.094,390.573,43777.333,2023-09-16 12:15:00.000,L2FT01-FTJ028,13.07,0.000,0.666012,16605,0.435592,0.055345,0,0,0,1.0200,坪山区,23,23,0,0,0,0,1
2023-09-16,589179428,20190000000000000003,900200000000000056,1,61.790,392.687,24262.667,2023-09-16 12:30:00.000,L2FT01-FTJ028,13.07,0.000,0.666012,16605,0.435592,0.055345,0,0,0,1.0200,坪山区,23,23,0,0,0,0,1
2023-09-16,589179428,20190000000000000003,900200000000000057,1,85.524,391.007,33444.667,2023-09-16 12:30:00.000,L2FT01-FTJ028,13.07,0.000,0.666012,16605,0.435592,0.055345,0,0,0,1.0200,坪山区,23,23,0,0,0,0,1
2023-09-16,589179428,20190000000000000003,900200000000000049,0,0.000,500.800,0.000,2023-09-16 12:45:00.000,L2FT01-FTJ028,13.07,0.000,0.666012,16605,0.435592,0.055345,0,0,0,1.0200,坪山区,23,23,0,0,0,0,1
2023-09-16,589179428,20190000000000000003,900200000000000056,1,61.811,406.850,25147.857,2023-09-16 12:45:00.000,L2FT01-FTJ028,13.07,0.000,0.666012,16605,0.435592,0.055345,0,0,0,1.0200,坪山区,23,23,0,0,0,0,1
2023-09-16,589179428,20190000000000000003,900200000000000057,1,55.215,389.825,21560.000,2023-09-16 12:45:00.000,L2FT01-FTJ028,13.07,0.000,0.666012,16605,0.435592,0.055345,0,0,0,1.0200,坪山区,23,23,0,0,0,0,1
2023-09-16,589179428,20190000000000000003,900200000000000049,1,99.925,491.360,49101.333,2023-09-16 13:00:00.000,L2FT01-FTJ028,12.30,0.000,0.666012,16605,0.435592,0.055345,0,0,0,1.0200,坪山区,23,23,0,0,0,0,1
2023-09-16,589179428,20190000000000000003,900200000000000043,1,117.714,355.700,42172.000,2023-09-16 13:00:00.000,L2FT01-FTJ028,12.30,0.000,0.666012,16605,0.435592,0.055345,0,0,0,1.0200,坪山区,23,23,0,0,0,0,1
2023-09-16,589179428,20190000000000000003,900200000000000043,1,143.190,361.827,51808.000,2023-09-16 13:15:00.000,L2FT01-FTJ028,12.30,0.000,0.666012,16605,0.435592,0.055345,0,0,0,1.0200,坪山区,23,23,0,0,0,0,1
2023-09-16,589179428,20190000000000000003,900200000000000049,1,71.968,500.850,36017.500,2023-09-16 13:15:00.000,L2FT01-FTJ028,12.30,0.000,0.666012,16605,0.435592,0.055345,0,0,0,1.0200,坪山区,23,23,0,0,0,0,1
2023-09-16,589179428,20190000000000000003,900200000000000043,1,129.831,363.533,47200.667,2023-09-16 13:30:00.000,L2FT01-FTJ028,12.30,0.000,0.666012,16605,0.435592,0.055345,0,0,0,1.0200,坪山区,23,23,0,0,0,0,1
2023-09-16,589179428,20190000000000000003,900200000000000043,1,102.293,363.860,37218.000,2023-09-16 13:45:00.000,L2FT01-FTJ028,12.30,0.000,0.666012,16605,0.435592,0.055345,0,0,0,1.0200,坪山区,23,23,0,0,0,0,1
2023-09-16,589179428,20190000000000000003,900200000000000043,1,83.116,364.527,30294.667,2023-09-16 14:00:00.000,L2FT01-FTJ028,11.57,0.000,0.666012,16605,0.435592,0.055345,0,0,0,1.0200,坪山区,23,23,0,0,0,0,1
2023-09-16,589179428,20190000000000000003,900200000000000043,1,43.087,362.487,15665.333,2023-09-16 14:15:00.000,L2FT01-FTJ028,11.57,0.000,0.666012,16605,0.435592,0.055345,0,0,0,1.0200,坪山区,23,23,0,0,0,0,1
2023-09-16,589179428,20190000000000000003,900200000000000043,1,21.605,362.100,7822.000,2023-09-16 14:30:00.000,L2FT01-FTJ028,11.57,0.000,0.666012,16605,0.435592,0.055345,0,0,0,1.0200,坪山区,23,23,0,0,0,0,1
2023-09-16,589179428,20190000000000000003,900200000000000043,1,15.527,368.279,5715.000,2023-09-16 14:45:00.000,L2FT01-FTJ028,11.57,0.000,0.666012,16605,0.435592,0.055345,0,0,0,1.0200,坪山区,23,23,0,0,0,0,1
2023-09-16,589179428,20190000000000000003,900200000000000042,1,108.277,363.900,38968.182,2023-09-16 15:00:00.000,L2FT01-FTJ028,10.95,0.000,0.666012,16605,0.435592,0.055345,0,0,0,1.0200,坪山区,23,23,0,0,0,0,1
2023-09-16,589179428,20190000000000000003,900200000000000042,1,58.247,362.267,21154.667,2023-09-16 15:15:00.000,L2FT01-FTJ028,10.95,0.000,0.666012,16605,0.435592,0.055345,0,0,0,1.0200,坪山区,23,23,0,0,0,0,1
2023-09-16,589179428,20190000000000000003,900200000000000057,1,129.817,307.475,39912.500,2023-09-16 15:15:00.000,L2FT01-FTJ028,10.95,0.000,0.666012,16605,0.435592,0.055345,0,0,0,1.0200,坪山区,23,23,0,0,0,0,1
2023-09-16,589179428,20190000000000000003,900200000000000042,1,26.715,363.560,9718.000,2023-09-16 15:30:00.000,L2FT01-FTJ028,10.95,0.000,0.666012,16605,0.435592,0.055345,0,0,0,1.0200,坪山区,23,23,0,0,0,0,1
2023-09-16,589179428,20190000000000000003,900200000000000057,1,129.836,310.693,40335.333,2023-09-16 15:30:00.000,L2FT01-FTJ028,10.95,0.000,0.666012,16605,0.435592,0.055345,0,0,0,1.0200,坪山区,23,23,0,0,0,0,1
2023-09-16,589179428,20190000000000000003,900200000000000057,1,129.739,311.753,40443.333,2023-09-16 15:45:00.000,L2FT01-FTJ028,10.95,0.000,0.666012,16605,0.435592,0.055345,0,0,0,1.0200,坪山区,23,23,0,0,0,0,1
2023-09-16,589179428,20190000000000000003,900200000000000057,1,129.824,313.260,40664.000,2023-09-16 16:00:00.000,L2FT01-FTJ028,10.47,0.000,0.666012,16605,0.435592,0.055345,0,0,0,1.0200,坪山区,23,23,0,0,0,0,1
2023-09-16,589179428,20190000000000000003,900200000000000057,1,129.806,318.533,41343.333,2023-09-16 16:15:00.000,L2FT01-FTJ028,10.47,0.000,0.666012,16605,0.435592,0.055345,0,0,0,1.0200,坪山区,23,23,0,0,0,0,1
2023-09-16,589179428,20190000000000000003,900200000000000057,1,99.830,322.600,32200.000,2023-09-16 16:30:00.000,L2FT01-FTJ028,10.47,0.000,0.666012,16605,0.435592,0.055345,0,0,0,1.0200,坪山区,23,23,0,0,0,0,1
2023-09-16,589179428,20190000000000000003,900200000000000056,1,36.340,383.650,14030.000,2023-09-16 16:45:00.000,L2FT01-FTJ028,10.47,0.000,0.666012,16605,0.435592,0.055345,0,0,0,1.0200,坪山区,23,23,0,0,0,0,1
2023-09-16,589179428,20190000000000000003,900200000000000030,1,204.966,314.630,64489.000,2023-09-16 17:00:00.000,L2FT01-FTJ028,10.17,0.000,0.666012,16605,0.435592,0.055345,0,0,0,1.0200,坪山区,23,23,0,0,0,0,1
2023-09-16,589179428,20190000000000000003,900200000000000057,1,130.300,313.600,40860.000,2023-09-16 17:00:00.000,L2FT01-FTJ028,10.17,0.000,0.666012,16605,0.435592,0.055345,0,0,0,1.0200,坪山区,23,23,0,0,0,0,1
2023-09-16,589179428,20190000000000000003,900200000000000030,1,201.351,317.886,63978.571,2023-09-16 17:15:00.000,L2FT01-FTJ028,10.17,0.000,0.666012,16605,0.435592,0.055345,0,0,0,1.0200,坪山区,23,23,0,0,0,0,1
2023-09-16,589179428,20190000000000000003,900200000000000057,1,130.300,314.440,40967.333,2023-09-16 17:15:00.000,L2FT01-FTJ028,10.17,0.000,0.666012,16605,0.435592,0.055345,0,0,0,1.0200,坪山区,23,23,0,0,0,0,1
2023-09-16,589179428,20190000000000000003,900200000000000057,1,79.977,316.783,25282.500,2023-09-16 17:30:00.000,L2FT01-FTJ028,10.17,0.000,0.666012,16605,0.435592,0.055345,0,0,0,1.0200,坪山区,23,23,0,0,0,0,1
2023-09-16,589179428,20190000000000000003,900200000000000042,1,93.182,460.217,43965.000,2023-09-16 18:00:00.000,L2FT01-FTJ028,10.07,0.000,0.666012,16605,0.435592,0.055345,0,0,0,1.0200,坪山区,23,23,0,0,0,0,1
2023-09-16,589179428,20190000000000000003,900200000000000031,1,199.295,311.550,62085.000,2023-09-16 18:45:00.000,L2FT01-FTJ028,10.07,0.000,0.666012,16605,0.435592,0.055345,0,0,0,1.0200,坪山区,23,23,0,0,0,0,1
2023-09-16,589179428,20190000000000000003,900200000000000042,1,79.082,409.250,32360.000,2023-09-16 18:45:00.000,L2FT01-FTJ028,10.07,0.000,0.666012,16605,0.435592,0.055345,0,0,0,1.0200,坪山区,23,23,0,0,0,0,1
2023-09-16,589179428,20190000000000000003,900200000000000056,1,63.255,351.714,22246.429,2023-09-16 19:00:00.000,L2FT01-FTJ028,10.17,0.000,0.666012,16605,0.435592,0.055345,0,0,0,1.0200,坪山区,23,23,0,0,0,0,1
2023-09-16,589179428,20190000000000000003,900200000000000042,1,60.877,411.453,25047.333,2023-09-16 19:00:00.000,L2FT01-FTJ028,10.17,0.000,0.666012,16605,0.435592,0.055345,0,0,0,1.0200,坪山区,23,23,0,0,0,0,1
2023-09-16,589179428,20190000000000000003,900200000000000031,1,201.090,314.987,63337.333,2023-09-16 19:00:00.000,L2FT01-FTJ028,10.17,0.000,0.666012,16605,0.435592,0.055345,0,0,0,1.0200,坪山区,23,23,0,0,0,0,1
2023-09-16,589179428,20190000000000000003,900200000000000038,1,112.897,309.500,34936.667,2023-09-16 19:00:00.000,L2FT01-FTJ028,10.17,0.000,0.666012,16605,0.435592,0.055345,0,0,0,1.0200,坪山区,23,23,0,0,0,0,1
2023-09-16,589179428,20190000000000000003,900200000000000031,1,202.288,318.856,64490.000,2023-09-16 19:15:00.000,L2FT01-FTJ028,10.17,0.000,0.666012,16605,0.435592,0.055345,0,0,0,1.0200,坪山区,23,23,0,0,0,0,1
2023-09-16,589179428,20190000000000000003,900200000000000035,1,2.500,391.500,970.000,2023-09-16 19:15:00.000,L2FT01-FTJ028,10.17,0.000,0.666012,16605,0.435592,0.055345,0,0,0,1.0200,坪山区,23,23,0,0,0,0,1
2023-09-16,589179428,20190000000000000003,900200000000000038,1,112.705,312.560,35226.000,2023-09-16 19:15:00.000,L2FT01-FTJ028,10.17,0.000,0.666012,16605,0.435592,0.055345,0,0,0,1.0200,坪山区,23,23,0,0,0,0,1
2023-09-16,589179428,20190000000000000003,900200000000000042,1,33.989,411.227,13986.000,2023-09-16 19:15:00.000,L2FT01-FTJ028,10.17,0.000,0.666012,16605,0.435592,0.055345,0,0,0,1.0200,坪山区,23,23,0,0,0,0,1
2023-09-16,589179428,20190000000000000003,900200000000000044,1,61.593,457.200,29012.500,2023-09-16 19:15:00.000,L2FT01-FTJ028,10.17,0.000,0.666012,16605,0.435592,0.055345,0,0,0,1.0200,坪山区,23,23,0,0,0,0,1
2023-09-16,589179428,20190000000000000003,900200000000000048,1,67.632,408.540,27628.000,2023-09-16 19:15:00.000,L2FT01-FTJ028,10.17,0.000,0.666012,16605,0.435592,0.055345,0,0,0,1.0200,坪山区,23,23,0,0,0,0,1
2023-09-16,589179428,20190000000000000003,900200000000000056,1,61.777,354.227,21882.000,2023-09-16 19:15:00.000,L2FT01-FTJ028,10.17,0.000,0.666012,16605,0.435592,0.055345,0,0,0,1.0200,坪山区,23,23,0,0,0,0,1
2023-09-16,589179428,20190000000000000003,900200000000000056,1,53.431,354.473,18941.333,2023-09-16 19:30:00.000,L2FT01-FTJ028,10.17,0.000,0.666012,16605,0.435592,0.055345,0,0,0,1.0200,坪山区,23,23,0,0,0,0,1
2023-09-16,589179428,20190000000000000003,900200000000000044,1,92.300,476.323,43969.231,2023-09-16 19:30:00.000,L2FT01-FTJ028,10.17,0.000,0.666012,16605,0.435592,0.055345,0,0,0,1.0200,坪山区,23,23,0,0,0,0,1
2023-09-16,589179428,20190000000000000003,900200000000000048,1,52.837,409.500,21634.000,2023-09-16 19:30:00.000,L2FT01-FTJ028,10.17,0.000,0.666012,16605,0.435592,0.055345,0,0,0,1.0200,坪山区,23,23,0,0,0,0,1
2023-09-16,589179428,20190000000000000003,900200000000000038,1,112.690,314.400,35427.500,2023-09-16 19:30:00.000,L2FT01-FTJ028,10.17,0.000,0.666012,16605,0.435592,0.055345,0,0,0,1.0200,坪山区,23,23,0,0,0,0,1
2023-09-16,589179428,20190000000000000003,900200000000000042,1,16.583,415.267,6880.833,2023-09-16 19:30:00.000,L2FT01-FTJ028,10.17,0.000,0.666012,16605,0.435592,0.055345,0,0,0,1.0200,坪山区,23,23,0,0,0,0,1
2023-09-16,589179428,20190000000000000003,900200000000000035,1,44.912,405.693,18219.333,2023-09-16 19:30:00.000,L2FT01-FTJ028,10.17,0.000,0.666012,16605,0.435592,0.055345,0,0,0,1.0200,坪山区,23,23,0,0,0,0,1
2023-09-16,589179428,20190000000000000003,900200000000000035,1,44.877,408.407,18327.333,2023-09-16 19:45:00.000,L2FT01-FTJ028,10.17,0.000,0.666012,16605,0.435592,0.055345,0,0,0,1.0200,坪山区,23,23,0,0,0,0,1
2023-09-16,589179428,20190000000000000003,900200000000000048,1,21.526,407.627,8782.000,2023-09-16 19:45:00.000,L2FT01-FTJ028,10.17,0.000,0.666012,16605,0.435592,0.055345,0,0,0,1.0200,坪山区,23,23,0,0,0,0,1
2023-09-16,589179428,20190000000000000003,900200000000000056,1,38.410,354.480,13614.000,2023-09-16 19:45:00.000,L2FT01-FTJ028,10.17,0.000,0.666012,16605,0.435592,0.055345,0,0,0,1.0200,坪山区,23,23,0,0,0,0,1
2023-09-16,589179428,20190000000000000003,900200000000000035,1,44.883,413.180,18544.000,2023-09-16 20:00:00.000,L2FT01-FTJ028,10.47,0.000,0.666012,16605,0.435592,0.055345,0,0,0,1.0200,坪山区,23,23,0,0,0,0,1
2023-09-16,589179428,20190000000000000003,900200000000000048,1,11.457,406.787,4659.333,2023-09-16 20:00:00.000,L2FT01-FTJ028,10.47,0.000,0.666012,16605,0.435592,0.055345,0,0,0,1.0200,坪山区,23,23,0,0,0,0,1
2023-09-16,589179428,20190000000000000003,900200000000000056,1,27.320,358.014,9780.000,2023-09-16 20:00:00.000,L2FT01-FTJ028,10.47,0.000,0.666012,16605,0.435592,0.055345,0,0,0,1.0200,坪山区,23,23,0,0,0,0,1
2023-09-16,589179428,20190000000000000003,900200000000000035,1,21.668,416.700,9027.778,2023-09-16 20:15:00.000,L2FT01-FTJ028,10.47,0.000,0.666012,16605,0.435592,0.055345,0,0,0,1.0200,坪山区,23,23,0,0,0,0,1
2023-09-16,589179428,20190000000000000003,900200000000000048,1,7.790,411.107,3201.333,2023-09-16 20:15:00.000,L2FT01-FTJ028,10.47,0.000,0.666012,16605,0.435592,0.055345,0,0,0,1.0200,坪山区,23,23,0,0,0,0,1
2023-09-16,589179428,20190000000000000003,900200000000000037,1,140.069,391.336,54810.714,2023-09-16 20:45:00.000,L2FT01-FTJ028,10.47,0.000,0.666012,16605,0.435592,0.055345,0,0,0,1.0200,坪山区,23,23,0,0,0,0,1
2023-09-16,589179428,20190000000000000003,900200000000000037,1,117.520,392.380,46124.000,2023-09-16 21:00:00.000,L2FT01-FTJ028,10.95,0.000,0.666012,16605,0.435592,0.055345,0,0,0,1.0200,坪山区,23,23,0,0,0,0,1
2023-09-16,589179428,20190000000000000003,900200000000000035,1,73.734,356.386,26348.571,2023-09-16 21:30:00.000,L2FT01-FTJ028,10.95,0.000,0.666012,16605,0.435592,0.055345,0,0,0,1.0200,坪山区,23,23,0,0,0,0,1
2023-09-16,589179428,20190000000000000003,900200000000000035,1,78.500,361.307,28356.667,2023-09-16 21:45:00.000,L2FT01-FTJ028,10.95,0.000,0.666012,16605,0.435592,0.055345,0,0,0,1.0200,坪山区,23,23,0,0,0,0,1
2023-09-16,589179428,20190000000000000003,900200000000000035,1,78.500,363.300,28514.000,2023-09-16 22:00:00.000,L2FT01-FTJ028,11.57,0.000,0.666012,16605,0.435592,0.055345,0,0,0,1.0200,坪山区,23,23,0,0,0,0,1
2023-09-16,589179428,20190000000000000003,900200000000000031,1,41.083,411.408,16712.500,2023-09-16 22:15:00.000,L2FT01-FTJ028,11.57,0.000,0.666012,16605,0.435592,0.055345,0,0,0,1.0200,坪山区,23,23,0,0,0,0,1
2023-09-16,589179428,20190000000000000003,900200000000000035,1,52.290,362.660,18962.000,2023-09-16 22:15:00.000,L2FT01-FTJ028,11.57,0.000,0.666012,16605,0.435592,0.055345,0,0,0,1.0200,坪山区,23,23,0,0,0,0,1
2023-09-16,589179428,20190000000000000003,900200000000000031,1,44.790,408.600,18300.000,2023-09-16 22:30:00.000,L2FT01-FTJ028,11.57,0.000,0.666012,16605,0.435592,0.055345,0,0,0,1.0200,坪山区,23,23,0,0,0,0,1
2023-09-16,589179428,20190000000000000003,900200000000000035,1,35.857,363.633,13059.333,2023-09-16 22:30:00.000,L2FT01-FTJ028,11.57,0.000,0.666012,16605,0.435592,0.055345,0,0,0,1.0200,坪山区,23,23,0,0,0,0,1
2023-09-16,589179428,20190000000000000003,900200000000000035,1,18.240,368.050,6711.250,2023-09-16 22:45:00.000,L2FT01-FTJ028,11.57,0.000,0.666012,16605,0.435592,0.055345,0,0,0,1.0200,坪山区,23,23,0,0,0,0,1
2023-09-17,589179428,20190000000000000003,900200000000000034,1,202.225,310.940,62878.000,2023-09-17 00:00:00.000,L2FT01-FTJ028,13.07,0.000,0.666012,16605,0.435592,0.055345,0,0,0,1.0200,坪山区,23,23,0,0,0,0,1
2023-09-17,589179428,20190000000000000003,900200000000000034,1,175.124,311.620,54578.667,2023-09-17 00:15:00.000,L2FT01-FTJ028,13.07,0.000,0.666012,16605,0.435592,0.055345,0,0,0,1.0200,坪山区,23,23,0,0,0,0,1
2023-09-17,589179428,20190000000000000003,900200000000000034,1,145.054,312.087,45269.333,2023-09-17 00:30:00.000,L2FT01-FTJ028,13.07,0.000,0.666012,16605,0.435592,0.055345,0,0,0,1.0200,坪山区,23,23,0,0,0,0,1
2023-09-17,589179428,20190000000000000003,900200000000000034,1,141.707,313.673,44448.667,2023-09-17 00:45:00.000,L2FT01-FTJ028,13.07,0.000,0.666012,16605,0.435592,0.055345,0,0,0,1.0200,坪山区,23,23,0,0,0,0,1
2023-09-17,589179428,20190000000000000003,900200000000000034,1,139.614,315.493,44045.333,2023-09-17 01:00:00.000,L2FT01-FTJ028,13.85,0.000,0.666012,16605,0.435592,0.055345,0,0,0,1.0200,坪山区,23,23,0,0,0,0,1
2023-09-17,589179428,20190000000000000003,900200000000000031,1,149.298,298.067,46596.667,2023-09-17 01:15:00.000,L2FT01-FTJ028,13.85,0.000,0.666012,16605,0.435592,0.055345,0,0,0,1.0200,坪山区,23,23,0,0,0,0,1
2023-09-17,589179428,20190000000000000003,900200000000000034,1,68.708,321.833,22055.000,2023-09-17 01:15:00.000,L2FT01-FTJ028,13.85,0.000,0.666012,16605,0.435592,0.055345,0,0,0,1.0200,坪山区,23,23,0,0,0,0,1
2023-09-17,589179428,20190000000000000003,900200000000000031,1,178.905,313.733,56126.000,2023-09-17 01:30:00.000,L2FT01-FTJ028,13.85,0.000,0.666012,16605,0.435592,0.055345,0,0,0,1.0200,坪山区,23,23,0,0,0,0,1
2023-09-17,589179428,20190000000000000003,900200000000000047,0,0.000,333.700,0.000,2023-09-17 01:45:00.000,L2FT01-FTJ028,13.85,0.000,0.666012,16605,0.435592,0.055345,0,0,0,1.0200,坪山区,23,23,0,0,0,0,1
2023-09-17,589179428,20190000000000000003,900200000000000031,1,178.985,316.007,56555.333,2023-09-17 01:45:00.000,L2FT01-FTJ028,13.85,0.000,0.666012,16605,0.435592,0.055345,0,0,0,1.0200,坪山区,23,23,0,0,0,0,1
2023-09-17,589179428,20190000000000000003,900200000000000031,1,121.921,323.438,39161.250,2023-09-17 02:00:00.000,L2FT01-FTJ028,14.57,0.000,0.666012,16605,0.435592,0.055345,0,0,0,1.0200,坪山区,23,23,0,0,0,0,1
2023-09-17,589179428,20190000000000000003,900200000000000047,1,142.070,360.047,51424.667,2023-09-17 02:00:00.000,L2FT01-FTJ028,14.57,0.000,0.666012,16605,0.435592,0.055345,0,0,0,1.0200,坪山区,23,23,0,0,0,0,1
2023-09-17,589179428,20190000000000000003,900200000000000047,1,153.560,364.707,56000.000,2023-09-17 02:15:00.000,L2FT01-FTJ028,14.57,0.000,0.666012,16605,0.435592,0.055345,0,0,0,1.0200,坪山区,23,23,0,0,0,0,1
2023-09-17,589179428,20190000000000000003,900200000000000056,1,75.900,308.392,23193.333,2023-09-17 02:15:00.000,L2FT01-FTJ028,14.57,0.000,0.666012,16605,0.435592,0.055345,0,0,0,1.0200,坪山区,23,23,0,0,0,0,1
2023-09-17,589179428,20190000000000000003,900200000000000047,1,111.650,364.460,40693.333,2023-09-17 02:30:00.000,L2FT01-FTJ028,14.57,0.000,0.666012,16605,0.435592,0.055345,0,0,0,1.0200,坪山区,23,23,0,0,0,0,1
2023-09-17,589179428,20190000000000000003,900200000000000056,1,83.724,307.947,25781.333,2023-09-17 02:30:00.000,L2FT01-FTJ028,14.57,0.000,0.666012,16605,0.435592,0.055345,0,0,0,1.0200,坪山区,23,23,0,0,0,0,1
2023-09-17,589179428,20190000000000000003,900200000000000047,1,91.283,365.087,33325.333,2023-09-17 02:45:00.000,L2FT01-FTJ028,14.57,0.000,0.666012,16605,0.435592,0.055345,0,0,0,1.0200,坪山区,23,23,0,0,0,0,1
2023-09-17,589179428,20190000000000000003,900200000000000056,1,84.579,308.773,26114.000,2023-09-17 02:45:00.000,L2FT01-FTJ028,14.57,0.000,0.666012,16605,0.435592,0.055345,0,0,0,1.0200,坪山区,23,23,0,0,0,0,1
2023-09-17,589179428,20190000000000000003,900200000000000035,1,121.966,472.707,58017.143,2023-09-17 03:00:00.000,L2FT01-FTJ028,15.19,0.000,0.666012,16605,0.435592,0.055345,0,0,0,1.0200,坪山区,23,23,0,0,0,0,1
2023-09-17,589179428,20190000000000000003,900200000000000047,1,69.973,366.220,25629.333,2023-09-17 03:00:00.000,L2FT01-FTJ028,15.19,0.000,0.666012,16605,0.435592,0.055345,0,0,0,1.0200,坪山区,23,23,0,0,0,0,1
2023-09-17,589179428,20190000000000000003,900200000000000056,1,83.811,309.113,25906.000,2023-09-17 03:00:00.000,L2FT01-FTJ028,15.19,0.000,0.666012,16605,0.435592,0.055345,0,0,0,1.0200,坪山区,23,23,0,0,0,0,1
2023-09-17,589179428,20190000000000000003,900200000000000056,1,83.383,309.680,25820.667,2023-09-17 03:15:00.000,L2FT01-FTJ028,15.19,0.000,0.666012,16605,0.435592,0.055345,0,0,0,1.0200,坪山区,23,23,0,0,0,0,1
2023-09-17,589179428,20190000000000000003,900200000000000047,1,31.584,366.653,11577.333,2023-09-17 03:15:00.000,L2FT01-FTJ028,15.19,0.000,0.666012,16605,0.435592,0.055345,0,0,0,1.0200,坪山区,23,23,0,0,0,0,1
2023-09-17,589179428,20190000000000000003,900200000000000035,1,129.812,476.293,61826.000,2023-09-17 03:15:00.000,L2FT01-FTJ028,15.19,0.000,0.666012,16605,0.435592,0.055345,0,0,0,1.0200,坪山区,23,23,0,0,0,0,1
2023-09-17,589179428,20190000000000000003,900200000000000035,1,126.706,476.127,60327.333,2023-09-17 03:30:00.000,L2FT01-FTJ028,15.19,0.000,0.666012,16605,0.435592,0.055345,0,0,0,1.0200,坪山区,23,23,0,0,0,0,1
2023-09-17,589179428,20190000000000000003,900200000000000047,1,23.463,375.033,8796.667,2023-09-17 03:30:00.000,L2FT01-FTJ028,15.19,0.000,0.666012,16605,0.435592,0.055345,0,0,0,1.0200,坪山区,23,23,0,0,0,0,1
2023-09-17,589179428,20190000000000000003,900200000000000056,1,85.557,310.820,26590.667,2023-09-17 03:30:00.000,L2FT01-FTJ028,15.19,0.000,0.666012,16605,0.435592,0.055345,0,0,0,1.0200,坪山区,23,23,0,0,0,0,1
2023-09-17,589179428,20190000000000000003,900200000000000035,1,87.513,475.760,41634.000,2023-09-17 03:45:00.000,L2FT01-FTJ028,15.19,0.000,0.666012,16605,0.435592,0.055345,0,0,0,1.0200,坪山区,23,23,0,0,0,0,1
2023-09-17,589179428,20190000000000000003,900200000000000056,1,82.937,312.140,25886.667,2023-09-17 03:45:00.000,L2FT01-FTJ028,15.19,0.000,0.666012,16605,0.435592,0.055345,0,0,0,1.0200,坪山区,23,23,0,0,0,0,1
2023-09-17,589179428,20190000000000000003,900200000000000035,1,41.790,475.025,19852.500,2023-09-17 04:00:00.000,L2FT01-FTJ028,15.67,0.000,0.666012,16605,0.435592,0.055345,0,0,0,1.0200,坪山区,23,23,0,0,0,0,1
2023-09-17,589179428,20190000000000000003,900200000000000056,1,81.890,312.613,25600.000,2023-09-17 04:00:00.000,L2FT01-FTJ028,15.67,0.000,0.666012,16605,0.435592,0.055345,0,0,0,1.0200,坪山区,23,23,0,0,0,0,1
2023-09-17,589179428,20190000000000000003,900200000000000031,1,119.836,301.715,36990.769,2023-09-17 04:15:00.000,L2FT01-FTJ028,15.67,0.000,0.666012,16605,0.435592,0.055345,0,0,0,1.0200,坪山区,23,23,0,0,0,0,1
2023-09-17,589179428,20190000000000000003,900200000000000052,1,149.890,309.400,46370.000,2023-09-17 04:15:00.000,L2FT01-FTJ028,15.67,0.000,0.666012,16605,0.435592,0.055345,0,0,0,1.0200,坪山区,23,23,0,0,0,0,1
2023-09-17,589179428,20190000000000000003,900200000000000056,1,84.357,313.140,26413.333,2023-09-17 04:15:00.000,L2FT01-FTJ028,15.67,0.000,0.666012,16605,0.435592,0.055345,0,0,0,1.0200,坪山区,23,23,0,0,0,0,1
2023-09-17,589179428,20190000000000000003,900200000000000052,1,149.850,311.133,46620.667,2023-09-17 04:30:00.000,L2FT01-FTJ028,15.67,0.000,0.666012,16605,0.435592,0.055345,0,0,0,1.0200,坪山区,23,23,0,0,0,0,1
2023-09-17,589179428,20190000000000000003,900200000000000056,1,83.317,314.113,26170.000,2023-09-17 04:30:00.000,L2FT01-FTJ028,15.67,0.000,0.666012,16605,0.435592,0.055345,0,0,0,1.0200,坪山区,23,23,0,0,0,0,1
2023-09-17,589179428,20190000000000000003,900200000000000031,1,129.842,310.280,40284.000,2023-09-17 04:30:00.000,L2FT01-FTJ028,15.67,0.000,0.666012,16605,0.435592,0.055345,0,0,0,1.0200,坪山区,23,23,0,0,0,0,1
2023-09-17,589179428,20190000000000000003,900200000000000031,1,129.848,311.493,40443.333,2023-09-17 04:45:00.000,L2FT01-FTJ028,15.67,0.000,0.666012,16605,0.435592,0.055345,0,0,0,1.0200,坪山区,23,23,0,0,0,0,1
2023-09-17,589179428,20190000000000000003,900200000000000052,1,149.883,312.227,46794.000,2023-09-17 04:45:00.000,L2FT01-FTJ028,15.67,0.000,0.666012,16605,0.435592,0.055345,0,0,0,1.0200,坪山区,23,23,0,0,0,0,1
2023-09-17,589179428,20190000000000000003,900200000000000056,1,60.123,320.408,19150.000,2023-09-17 04:45:00.000,L2FT01-FTJ028,15.67,0.000,0.666012,16605,0.435592,0.055345,0,0,0,1.0200,坪山区,23,23,0,0,0,0,1
2023-09-17,589179428,20190000000000000003,900200000000000031,1,129.919,313.413,40715.333,2023-09-17 05:00:00.000,L2FT01-FTJ028,15.97,0.000,0.666012,16605,0.435592,0.055345,0,0,0,1.0200,坪山区,23,23,0,0,0,0,1
2023-09-17,589179428,20190000000000000003,900200000000000052,1,149.890,314.187,47090.667,2023-09-17 05:00:00.000,L2FT01-FTJ028,15.97,0.000,0.666012,16605,0.435592,0.055345,0,0,0,1.0200,坪山区,23,23,0,0,0,0,1
2023-09-17,589179428,20190000000000000003,900200000000000031,1,129.919,314.620,40873.333,2023-09-17 05:15:00.000,L2FT01-FTJ028,15.97,0.000,0.666012,16605,0.435592,0.055345,0,0,0,1.0200,坪山区,23,23,0,0,0,0,1
2023-09-17,589179428,20190000000000000003,900200000000000052,1,149.890,315.500,47288.000,2023-09-17 05:15:00.000,L2FT01-FTJ028,15.97,0.000,0.666012,16605,0.435592,0.055345,0,0,0,1.0200,坪山区,23,23,0,0,0,0,1
2023-09-17,589179428,20190000000000000003,900200000000000031,1,103.880,320.810,33158.000,2023-09-17 05:30:00.000,L2FT01-FTJ028,15.97,0.000,0.666012,16605,0.435592,0.055345,0,0,0,1.0200,坪山区,23,23,0,0,0,0,1
2023-09-17,589179428,20190000000000000003,900200000000000052,1,100.652,322.554,32178.462,2023-09-17 05:30:00.000,L2FT01-FTJ028,15.97,0.000,0.666012,16605,0.435592,0.055345,0,0,0,1.0200,坪山区,23,23,0,0,0,0,1
2023-09-17,589179428,20190000000000000003,900200000000000056,1,49.827,350.033,17540.000,2023-09-17 06:15:00.000,L2FT01-FTJ028,16.07,0.000,0.666012,16605,0.435592,0.055345,0,0,0,1.0200,坪山区,23,23,0,0,0,0,1
2023-09-17,589179428,20190000000000000003,900200000000000035,1,124.297,309.333,38456.667,2023-09-17 06:45:00.000,L2FT01-FTJ028,16.07,0.000,0.666012,16605,0.435592,0.055345,0,0,0,1.0200,坪山区,23,23,0,0,0,0,1
2023-09-17,589179428,20190000000000000003,900200000000000035,1,129.971,310.373,40333.333,2023-09-17 07:00:00.000,L2FT01-FTJ028,15.97,0.000,0.666012,16605,0.435592,0.055345,0,0,0,1.0200,坪山区,23,23,0,0,0,0,1
2023-09-17,589179428,20190000000000000003,900200000000000056,1,81.290,310.500,25240.000,2023-09-17 07:15:00.000,L2FT01-FTJ028,15.97,0.000,0.666012,16605,0.435592,0.055345,0,0,0,1.0200,坪山区,23,23,0,0,0,0,1
2023-09-17,589179428,20190000000000000003,900200000000000034,1,22.356,423.800,10176.000,2023-09-17 07:15:00.000,L2FT01-FTJ028,15.97,0.000,0.666012,16605,0.435592,0.055345,0,0,0,1.0200,坪山区,23,23,0,0,0,0,1
2023-09-17,589179428,20190000000000000003,900200000000000035,1,125.672,310.913,39070.000,2023-09-17 07:15:00.000,L2FT01-FTJ028,15.97,0.000,0.666012,16605,0.435592,0.055345,0,0,0,1.0200,坪山区,23,23,0,0,0,0,1
2023-09-17,589179428,20190000000000000003,900200000000000056,1,77.353,312.027,24133.333,2023-09-17 07:30:00.000,L2FT01-FTJ028,15.97,0.000,0.666012,16605,0.435592,0.055345,0,0,0,1.0200,坪山区,23,23,0,0,0,0,1
2023-09-17,589179428,20190000000000000003,900200000000000056,1,77.301,314.210,24284.000,2023-09-17 07:45:00.000,L2FT01-FTJ028,15.97,0.000,0.666012,16605,0.435592,0.055345,0,0,0,1.0200,坪山区,23,23,0,0,0,0,1
2023-09-17,589179428,20190000000000000003,900200000000000032,1,57.704,430.967,24470.000,2023-09-17 11:15:00.000,L2FT01-FTJ028,13.85,0.000,0.666012,16605,0.435592,0.055345,0,0,0,1.0200,坪山区,23,23,0,0,0,0,1
2023-09-17,589179428,20190000000000000003,900200000000000032,1,58.133,429.914,24934.286,2023-09-17 11:30:00.000,L2FT01-FTJ028,13.85,0.000,0.666012,16605,0.435592,0.055345,0,0,0,1.0200,坪山区,23,23,0,0,0,0,1
2023-09-17,589179428,20190000000000000003,900200000000000057,1,191.326,315.114,60287.143,2023-09-17 11:30:00.000,L2FT01-FTJ028,13.85,0.000,0.666012,16605,0.435592,0.055345,0,0,0,1.0200,坪山区,23,23,0,0,0,0,1
2023-09-17,589179428,20190000000000000003,900200000000000057,1,191.100,316.475,60473.750,2023-09-17 11:45:00.000,L2FT01-FTJ028,13.85,0.000,0.666012,16605,0.435592,0.055345,0,0,0,1.0200,坪山区,23,23,0,0,0,0,1
2023-09-17,589179428,20190000000000000003,900200000000000042,1,109.888,346.608,38085.385,2023-09-17 12:00:00.000,L2FT01-FTJ028,13.07,0.000,0.666012,16605,0.435592,0.055345,0,0,0,1.0200,坪山区,23,23,0,0,0,0,1
2023-09-17,589179428,20190000000000000003,900200000000000039,1,80.110,470.133,38100.833,2023-09-17 12:00:00.000,L2FT01-FTJ028,13.07,0.000,0.666012,16605,0.435592,0.055345,0,0,0,1.0200,坪山区,23,23,0,0,0,0,1
2023-09-17,589179428,20190000000000000003,900200000000000039,1,86.119,477.153,41093.333,2023-09-17 12:15:00.000,L2FT01-FTJ028,13.07,0.000,0.666012,16605,0.435592,0.055345,0,0,0,1.0200,坪山区,23,23,0,0,0,0,1
2023-09-17,589179428,20190000000000000003,900200000000000042,1,109.806,349.307,38352.000,2023-09-17 12:15:00.000,L2FT01-FTJ028,13.07,0.000,0.666012,16605,0.435592,0.055345,0,0,0,1.0200,坪山区,23,23,0,0,0,0,1
2023-09-17,589179428,20190000000000000003,900200000000000037,1,114.700,369.950,42415.000,2023-09-17 12:15:00.000,L2FT01-FTJ028,13.07,0.000,0.666012,16605,0.435592,0.055345,0,0,0,1.0200,坪山区,23,23,0,0,0,0,1
2023-09-17,589179428,20190000000000000003,900200000000000039,1,73.468,477.133,35055.556,2023-09-17 12:30:00.000,L2FT01-FTJ028,13.07,0.000,0.666012,16605,0.435592,0.055345,0,0,0,1.0200,坪山区,23,23,0,0,0,0,1
2023-09-17,589179428,20190000000000000003,900200000000000042,1,80.696,353.483,28461.667,2023-09-17 12:30:00.000,L2FT01-FTJ028,13.07,0.000,0.666012,16605,0.435592,0.055345,0,0,0,1.0200,坪山区,23,23,0,0,0,0,1
2023-09-17,589179428,20190000000000000003,900200000000000037,1,94.693,383.207,36244.667,2023-09-17 12:30:00.000,L2FT01-FTJ028,13.07,0.000,0.666012,16605,0.435592,0.055345,0,0,0,1.0200,坪山区,23,23,0,0,0,0,1
2023-09-17,589179428,20190000000000000003,900200000000000037,1,62.208,396.500,24628.000,2023-09-17 12:45:00.000,L2FT01-FTJ028,13.07,0.000,0.666012,16605,0.435592,0.055345,0,0,0,1.0200,坪山区,23,23,0,0,0,0,1
2023-09-17,589179428,20190000000000000003,900200000000000037,1,36.383,403.520,14680.667,2023-09-17 13:00:00.000,L2FT01-FTJ028,12.30,0.000,0.666012,16605,0.435592,0.055345,0,0,0,1.0200,坪山区,23,23,0,0,0,0,1
2023-09-17,589179428,20190000000000000003,900200000000000049,1,49.800,320.192,16586.923,2023-09-17 13:00:00.000,L2FT01-FTJ028,12.30,0.000,0.666012,16605,0.435592,0.055345,0,0,0,1.0200,坪山区,23,23,0,0,0,0,1
2023-09-17,589179428,20190000000000000003,900200000000000037,1,33.178,411.407,13643.333,2023-09-17 13:15:00.000,L2FT01-FTJ028,12.30,0.000,0.666012,16605,0.435592,0.055345,0,0,0,1.0200,坪山区,23,23,0,0,0,0,1
2023-09-17,589179428,20190000000000000003,900200000000000049,1,71.000,338.953,24060.000,2023-09-17 13:15:00.000,L2FT01-FTJ028,12.30,0.000,0.666012,16605,0.435592,0.055345,0,0,0,1.0200,坪山区,23,23,0,0,0,0,1
2023-09-17,589179428,20190000000000000003,900200000000000037,1,15.000,413.000,6190.000,2023-09-17 13:30:00.000,L2FT01-FTJ028,12.30,0.000,0.666012,16605,0.435592,0.055345,0,0,0,1.0200,坪山区,23,23,0,0,0,0,1
2023-09-17,589179428,20190000000000000003,900200000000000049,1,71.000,343.093,24354.000,2023-09-17 13:30:00.000,L2FT01-FTJ028,12.30,0.000,0.666012,16605,0.435592,0.055345,0,0,0,1.0200,坪山区,23,23,0,0,0,0,1
2023-09-17,589179428,20190000000000000003,900200000000000039,1,12.426,400.036,4968.182,2023-09-17 13:45:00.000,L2FT01-FTJ028,12.30,0.000,0.666012,16605,0.435592,0.055345,0,0,0,1.0200,坪山区,23,23,0,0,0,0,1
2023-09-17,589179428,20190000000000000003,900200000000000049,1,71.000,349.047,24778.667,2023-09-17 13:45:00.000,L2FT01-FTJ028,12.30,0.000,0.666012,16605,0.435592,0.055345,0,0,0,1.0200,坪山区,23,23,0,0,0,0,1
2023-09-17,589179428,20190000000000000003,900200000000000039,1,11.590,402.173,4659.333,2023-09-17 14:00:00.000,L2FT01-FTJ028,11.57,0.000,0.666012,16605,0.435592,0.055345,0,0,0,1.0200,坪山区,23,23,0,0,0,0,1
2023-09-17,589179428,20190000000000000003,900200000000000049,1,71.000,358.393,25440.000,2023-09-17 14:00:00.000,L2FT01-FTJ028,11.57,0.000,0.666012,16605,0.435592,0.055345,0,0,0,1.0200,坪山区,23,23,0,0,0,0,1
2023-09-17,589179428,20190000000000000003,900200000000000052,1,129.849,310.393,40300.000,2023-09-17 14:00:00.000,L2FT01-FTJ028,11.57,0.000,0.666012,16605,0.435592,0.055345,0,0,0,1.0200,坪山区,23,23,0,0,0,0,1
2023-09-17,589179428,20190000000000000003,900200000000000052,1,129.848,313.280,40675.333,2023-09-17 14:15:00.000,L2FT01-FTJ028,11.57,0.000,0.666012,16605,0.435592,0.055345,0,0,0,1.0200,坪山区,23,23,0,0,0,0,1
2023-09-17,589179428,20190000000000000003,900200000000000039,1,11.590,402.933,4669.333,2023-09-17 14:15:00.000,L2FT01-FTJ028,11.57,0.000,0.666012,16605,0.435592,0.055345,0,0,0,1.0200,坪山区,23,23,0,0,0,0,1
2023-09-17,589179428,20190000000000000003,900200000000000049,1,71.000,369.347,26217.333,2023-09-17 14:15:00.000,L2FT01-FTJ028,11.57,0.000,0.666012,16605,0.435592,0.055345,0,0,0,1.0200,坪山区,23,23,0,0,0,0,1
2023-09-17,589179428,20190000000000000003,900200000000000039,1,11.590,405.233,4696.000,2023-09-17 14:30:00.000,L2FT01-FTJ028,11.57,0.000,0.666012,16605,0.435592,0.055345,0,0,0,1.0200,坪山区,23,23,0,0,0,0,1
2023-09-17,589179428,20190000000000000003,900200000000000049,1,63.651,380.153,24176.000,2023-09-17 14:30:00.000,L2FT01-FTJ028,11.57,0.000,0.666012,16605,0.435592,0.055345,0,0,0,1.0200,坪山区,23,23,0,0,0,0,1
2023-09-17,589179428,20190000000000000003,900200000000000052,1,129.860,314.407,40826.000,2023-09-17 14:30:00.000,L2FT01-FTJ028,11.57,0.000,0.666012,16605,0.435592,0.055345,0,0,0,1.0200,坪山区,23,23,0,0,0,0,1
2023-09-17,589179428,20190000000000000003,900200000000000039,1,11.590,405.627,4700.000,2023-09-17 14:45:00.000,L2FT01-FTJ028,11.57,0.000,0.666012,16605,0.435592,0.055345,0,0,0,1.0200,坪山区,23,23,0,0,0,0,1
2023-09-17,589179428,20190000000000000003,900200000000000049,1,46.857,388.280,18182.667,2023-09-17 14:45:00.000,L2FT01-FTJ028,11.57,0.000,0.666012,16605,0.435592,0.055345,0,0,0,1.0200,坪山区,23,23,0,0,0,0,1
2023-09-17,589179428,20190000000000000003,900200000000000052,1,111.241,319.400,35329.286,2023-09-17 14:45:00.000,L2FT01-FTJ028,11.57,0.000,0.666012,16605,0.435592,0.055345,0,0,0,1.0200,坪山区,23,23,0,0,0,0,1
2023-09-17,589179428,20190000000000000003,900200000000000039,1,11.590,405.850,4700.000,2023-09-17 15:00:00.000,L2FT01-FTJ028,10.95,0.000,0.666012,16605,0.435592,0.055345,0,0,0,1.0200,坪山区,23,23,0,0,0,0,1
2023-09-17,589179428,20190000000000000003,900200000000000049,1,32.790,390.600,12810.000,2023-09-17 15:00:00.000,L2FT01-FTJ028,10.95,0.000,0.666012,16605,0.435592,0.055345,0,0,0,1.0200,坪山区,23,23,0,0,0,0,1
2023-09-17,589179428,20190000000000000003,900200000000000034,1,129.899,313.857,40767.857,2023-09-17 16:00:00.000,L2FT01-FTJ028,10.47,0.000,0.666012,16605,0.435592,0.055345,0,0,0,1.0200,坪山区,23,23,0,0,0,0,1
2023-09-17,589179428,20190000000000000003,900200000000000038,1,130.427,309.133,40316.667,2023-09-17 16:00:00.000,L2FT01-FTJ028,10.47,0.000,0.666012,16605,0.435592,0.055345,0,0,0,1.0200,坪山区,23,23,0,0,0,0,1
2023-09-17,589179428,20190000000000000003,900200000000000038,1,130.197,311.013,40492.000,2023-09-17 16:15:00.000,L2FT01-FTJ028,10.47,0.000,0.666012,16605,0.435592,0.055345,0,0,0,1.0200,坪山区,23,23,0,0,0,0,1
2023-09-17,589179428,20190000000000000003,900200000000000035,1,129.890,310.300,40300.000,2023-09-17 16:15:00.000,L2FT01-FTJ028,10.47,0.000,0.666012,16605,0.435592,0.055345,0,0,0,1.0200,坪山区,23,23,0,0,0,0,1
2023-09-17,589179428,20190000000000000003,900200000000000034,1,129.890,316.100,41055.000,2023-09-17 16:15:00.000,L2FT01-FTJ028,10.47,0.000,0.666012,16605,0.435592,0.055345,0,0,0,1.0200,坪山区,23,23,0,0,0,0,1
2023-09-17,589179428,20190000000000000003,900200000000000035,1,129.831,313.527,40702.000,2023-09-17 16:30:00.000,L2FT01-FTJ028,10.47,0.000,0.666012,16605,0.435592,0.055345,0,0,0,1.0200,坪山区,23,23,0,0,0,0,1
2023-09-17,589179428,20190000000000000003,900200000000000038,1,130.557,313.213,40890.000,2023-09-17 16:30:00.000,L2FT01-FTJ028,10.47,0.000,0.666012,16605,0.435592,0.055345,0,0,0,1.0200,坪山区,23,23,0,0,0,0,1
2023-09-17,589179428,20190000000000000003,900200000000000047,1,71.790,310.000,22250.000,2023-09-17 16:30:00.000,L2FT01-FTJ028,10.47,0.000,0.666012,16605,0.435592,0.055345,0,0,0,1.0200,坪山区,23,23,0,0,0,0,1
2023-09-17,589179428,20190000000000000003,900200000000000035,1,123.948,316.187,39164.000,2023-09-17 16:45:00.000,L2FT01-FTJ028,10.47,0.000,0.666012,16605,0.435592,0.055345,0,0,0,1.0200,坪山区,23,23,0,0,0,0,1
2023-09-17,589179428,20190000000000000003,900200000000000038,1,132.864,314.780,41818.667,2023-09-17 16:45:00.000,L2FT01-FTJ028,10.47,0.000,0.666012,16605,0.435592,0.055345,0,0,0,1.0200,坪山区,23,23,0,0,0,0,1
2023-09-17,589179428,20190000000000000003,900200000000000032,1,92.434,469.760,43536.000,2023-09-17 17:00:00.000,L2FT01-FTJ028,10.17,0.000,0.666012,16605,0.435592,0.055345,0,0,0,1.0200,坪山区,23,23,0,0,0,0,1
2023-09-17,589179428,20190000000000000003,900200000000000035,1,69.890,328.800,22980.000,2023-09-17 17:00:00.000,L2FT01-FTJ028,10.17,0.000,0.666012,16605,0.435592,0.055345,0,0,0,1.0200,坪山区,23,23,0,0,0,0,1
2023-09-17,589179428,20190000000000000003,900200000000000038,1,99.736,324.480,32170.000,2023-09-17 17:00:00.000,L2FT01-FTJ028,10.17,0.000,0.666012,16605,0.435592,0.055345,0,0,0,1.0200,坪山区,23,23,0,0,0,0,1
2023-09-17,589179428,20190000000000000003,900200000000000039,1,16.206,435.300,7601.429,2023-09-17 17:00:00.000,L2FT01-FTJ028,10.17,0.000,0.666012,16605,0.435592,0.055345,0,0,0,1.0200,坪山区,23,23,0,0,0,0,1
2023-09-17,589179428,20190000000000000003,900200000000000032,1,105.300,471.087,49598.667,2023-09-17 17:15:00.000,L2FT01-FTJ028,10.17,0.000,0.666012,16605,0.435592,0.055345,0,0,0,1.0200,坪山区,23,23,0,0,0,0,1
2023-09-17,589179428,20190000000000000003,900200000000000032,1,75.713,470.693,35644.667,2023-09-17 17:30:00.000,L2FT01-FTJ028,10.17,0.000,0.666012,16605,0.435592,0.055345,0,0,0,1.0200,坪山区,23,23,0,0,0,0,1
2023-09-17,589179428,20190000000000000003,900200000000000032,1,50.700,470.360,23845.000,2023-09-17 17:45:00.000,L2FT01-FTJ028,10.17,0.000,0.666012,16605,0.435592,0.055345,0,0,0,1.0200,坪山区,23,23,0,0,0,0,1
2023-09-17,589179428,20190000000000000003,900200000000000057,1,85.577,379.667,32222.667,2023-09-17 19:15:00.000,L2FT01-FTJ028,10.17,0.000,0.666012,16605,0.435592,0.055345,0,0,0,1.0200,坪山区,23,23,0,0,0,0,1
2023-09-17,589179428,20190000000000000003,900200000000000032,1,85.613,462.722,40263.333,2023-09-17 19:15:00.000,L2FT01-FTJ028,10.17,0.000,0.666012,16605,0.435592,0.055345,0,0,0,1.0200,坪山区,23,23,0,0,0,0,1
2023-09-17,589179428,20190000000000000003,900200000000000032,1,105.012,472.387,49604.000,2023-09-17 19:30:00.000,L2FT01-FTJ028,10.17,0.000,0.666012,16605,0.435592,0.055345,0,0,0,1.0200,坪山区,23,23,0,0,0,0,1
2023-09-17,589179428,20190000000000000003,900200000000000057,1,65.563,390.953,25596.667,2023-09-17 19:30:00.000,L2FT01-FTJ028,10.17,0.000,0.666012,16605,0.435592,0.055345,0,0,0,1.0200,坪山区,23,23,0,0,0,0,1
2023-09-17,589179428,20190000000000000003,900200000000000032,1,95.985,472.447,45348.000,2023-09-17 19:45:00.000,L2FT01-FTJ028,10.17,0.000,0.666012,16605,0.435592,0.055345,0,0,0,1.0200,坪山区,23,23,0,0,0,0,1
2023-09-17,589179428,20190000000000000003,900200000000000057,1,53.804,400.879,21567.143,2023-09-17 19:45:00.000,L2FT01-FTJ028,10.17,0.000,0.666012,16605,0.435592,0.055345,0,0,0,1.0200,坪山区,23,23,0,0,0,0,1
2023-09-17,589179428,20190000000000000003,900200000000000032,1,82.470,472.360,38958.000,2023-09-17 20:00:00.000,L2FT01-FTJ028,10.47,0.000,0.666012,16605,0.435592,0.055345,0,0,0,1.0200,坪山区,23,23,0,0,0,0,1
2023-09-17,589179428,20190000000000000003,900200000000000032,1,31.623,472.000,14930.000,2023-09-17 20:15:00.000,L2FT01-FTJ028,10.47,0.000,0.666012,16605,0.435592,0.055345,0,0,0,1.0200,坪山区,23,23,0,0,0,0,1
2023-09-17,589179428,20190000000000000003,900200000000000052,1,78.456,390.613,31721.250,2023-09-17 21:00:00.000,L2FT01-FTJ028,10.95,0.000,0.666012,16605,0.435592,0.055345,0,0,0,1.0200,坪山区,23,23,0,0,0,0,1
2023-09-17,589179428,20190000000000000003,900200000000000052,1,98.030,406.560,39849.333,2023-09-17 21:15:00.000,L2FT01-FTJ028,10.95,0.000,0.666012,16605,0.435592,0.055345,0,0,0,1.0200,坪山区,23,23,0,0,0,0,1
2023-09-17,589179428,20190000000000000003,900200000000000052,1,68.163,410.333,27986.667,2023-09-17 21:30:00.000,L2FT01-FTJ028,10.95,0.000,0.666012,16605,0.435592,0.055345,0,0,0,1.0200,坪山区,23,23,0,0,0,0,1
2023-09-18,589179428,20190000000000000003,900200000000000052,1,19.090,329.500,6290.000,2023-09-18 00:00:00.000,L2FT01-FTJ028,13.07,0.000,0.666012,16605,0.435592,0.055345,0,0,1,1.0200,坪山区,23,23,0,0,0,0,1
2023-09-18,589179428,20190000000000000003,900200000000000052,1,113.504,341.707,38958.667,2023-09-18 00:15:00.000,L2FT01-FTJ028,13.07,0.000,0.666012,16605,0.435592,0.055345,0,0,1,1.0200,坪山区,23,23,0,0,0,0,1
2023-09-18,589179428,20190000000000000003,900200000000000052,1,128.071,354.573,45409.333,2023-09-18 00:30:00.000,L2FT01-FTJ028,13.07,0.000,0.666012,16605,0.435592,0.055345,0,0,1,1.0200,坪山区,23,23,0,0,0,0,1
2023-09-18,589179428,20190000000000000003,900200000000000056,1,78.745,374.208,29995.385,2023-09-18 00:45:00.000,L2FT01-FTJ028,13.07,0.000,0.666012,16605,0.435592,0.055345,0,0,1,1.0200,坪山区,23,23,0,0,0,0,1
2023-09-18,589179428,20190000000000000003,900200000000000052,1,109.826,370.767,40668.000,2023-09-18 00:45:00.000,L2FT01-FTJ028,13.07,0.000,0.666012,16605,0.435592,0.055345,0,0,1,1.0200,坪山区,23,23,0,0,0,0,1
2023-09-18,589179428,20190000000000000003,900200000000000043,1,154.027,318.900,47947.143,2023-09-18 00:45:00.000,L2FT01-FTJ028,13.07,0.000,0.666012,16605,0.435592,0.055345,0,0,1,1.0200,坪山区,23,23,0,0,0,0,1
2023-09-18,589179428,20190000000000000003,900200000000000043,1,179.600,312.100,56046.667,2023-09-18 01:00:00.000,L2FT01-FTJ028,13.85,0.000,0.666012,16605,0.435592,0.055345,0,0,1,1.0200,坪山区,23,23,0,0,0,0,1
2023-09-18,589179428,20190000000000000003,900200000000000052,1,71.060,382.460,27150.667,2023-09-18 01:00:00.000,L2FT01-FTJ028,13.85,0.000,0.666012,16605,0.435592,0.055345,0,0,1,1.0200,坪山区,23,23,0,0,0,0,1
2023-09-18,589179428,20190000000000000003,900200000000000043,1,179.600,314.693,56514.000,2023-09-18 01:15:00.000,L2FT01-FTJ028,13.85,0.000,0.666012,16605,0.435592,0.055345,0,0,1,1.0200,坪山区,23,23,0,0,0,0,1
2023-09-18,589179428,20190000000000000003,900200000000000052,1,24.313,385.762,9378.462,2023-09-18 01:15:00.000,L2FT01-FTJ028,13.85,0.000,0.666012,16605,0.435592,0.055345,0,0,1,1.0200,坪山区,23,23,0,0,0,0,1
2023-09-18,589179428,20190000000000000003,900200000000000043,1,142.526,319.864,45344.286,2023-09-18 01:30:00.000,L2FT01-FTJ028,13.85,0.000,0.666012,16605,0.435592,0.055345,0,0,1,1.0200,坪山区,23,23,0,0,0,0,1
2023-09-18,589179428,20190000000000000003,900200000000000042,1,35.945,285.700,11050.000,2023-09-18 02:30:00.000,L2FT01-FTJ028,14.57,0.000,0.666012,16605,0.435592,0.055345,0,0,1,1.0200,坪山区,23,23,0,0,0,0,1
2023-09-18,589179428,20190000000000000003,900200000000000042,1,71.723,308.253,22106.000,2023-09-18 02:45:00.000,L2FT01-FTJ028,14.57,0.000,0.666012,16605,0.435592,0.055345,0,0,1,1.0200,坪山区,23,23,0,0,0,0,1
2023-09-18,589179428,20190000000000000003,900200000000000042,1,71.690,308.607,22122.000,2023-09-18 03:00:00.000,L2FT01-FTJ028,15.19,0.000,0.666012,16605,0.435592,0.055345,0,0,1,1.0200,坪山区,23,23,0,0,0,0,1
2023-09-18,589179428,20190000000000000003,900200000000000042,1,71.690,309.620,22194.667,2023-09-18 03:15:00.000,L2FT01-FTJ028,15.19,0.000,0.666012,16605,0.435592,0.055345,0,0,1,1.0200,坪山区,23,23,0,0,0,0,1
2023-09-18,589179428,20190000000000000003,900200000000000042,1,71.690,311.373,22320.667,2023-09-18 03:30:00.000,L2FT01-FTJ028,15.19,0.000,0.666012,16605,0.435592,0.055345,0,0,1,1.0200,坪山区,23,23,0,0,0,0,1
2023-09-18,589179428,20190000000000000003,900200000000000042,1,71.690,312.227,22381.333,2023-09-18 03:45:00.000,L2FT01-FTJ028,15.19,0.000,0.666012,16605,0.435592,0.055345,0,0,1,1.0200,坪山区,23,23,0,0,0,0,1
2023-09-18,589179428,20190000000000000003,900200000000000042,1,71.690,312.727,22418.000,2023-09-18 04:00:00.000,L2FT01-FTJ028,15.67,0.000,0.666012,16605,0.435592,0.055345,0,0,1,1.0200,坪山区,23,23,0,0,0,0,1
2023-09-18,589179428,20190000000000000003,900200000000000042,1,71.690,313.243,22454.286,2023-09-18 04:15:00.000,L2FT01-FTJ028,15.67,0.000,0.666012,16605,0.435592,0.055345,0,0,1,1.0200,坪山区,23,23,0,0,0,0,1
2023-09-18,589179428,20190000000000000003,900200000000000038,1,77.484,356.071,27585.714,2023-09-18 04:30:00.000,L2FT01-FTJ028,15.67,0.000,0.666012,16605,0.435592,0.055345,0,0,1,1.0200,坪山区,23,23,0,0,0,0,1
2023-09-18,589179428,20190000000000000003,900200000000000038,1,66.936,355.693,23820.000,2023-09-18 04:45:00.000,L2FT01-FTJ028,15.67,0.000,0.666012,16605,0.435592,0.055345,0,0,1,1.0200,坪山区,23,23,0,0,0,0,1
2023-09-18,589179428,20190000000000000003,900200000000000037,1,129.890,312.700,40610.000,2023-09-18 05:00:00.000,L2FT01-FTJ028,15.97,0.000,0.666012,16605,0.435592,0.055345,0,0,1,1.0200,坪山区,23,23,0,0,0,0,1
2023-09-18,589179428,20190000000000000003,900200000000000038,1,54.444,355.687,19368.000,2023-09-18 05:00:00.000,L2FT01-FTJ028,15.97,0.000,0.666012,16605,0.435592,0.055345,0,0,1,1.0200,坪山区,23,23,0,0,0,0,1
2023-09-18,589179428,20190000000000000003,900200000000000037,1,129.806,314.367,40802.667,2023-09-18 05:15:00.000,L2FT01-FTJ028,15.97,0.000,0.666012,16605,0.435592,0.055345,0,0,1,1.0200,坪山区,23,23,0,0,0,0,1
2023-09-18,589179428,20190000000000000003,900200000000000038,1,29.791,356.391,10620.909,2023-09-18 05:15:00.000,L2FT01-FTJ028,15.97,0.000,0.666012,16605,0.435592,0.055345,0,0,1,1.0200,坪山区,23,23,0,0,0,0,1
2023-09-18,589179428,20190000000000000003,900200000000000037,1,129.800,314.913,40870.000,2023-09-18 05:30:00.000,L2FT01-FTJ028,15.97,0.000,0.666012,16605,0.435592,0.055345,0,0,1,1.0200,坪山区,23,23,0,0,0,0,1
2023-09-18,589179428,20190000000000000003,900200000000000037,1,117.824,316.493,37288.667,2023-09-18 05:45:00.000,L2FT01-FTJ028,15.97,0.000,0.666012,16605,0.435592,0.055345,0,0,1,1.0200,坪山区,23,23,0,0,0,0,1
2023-09-18,589179428,20190000000000000003,900200000000000037,1,53.190,323.083,17120.000,2023-09-18 06:00:00.000,L2FT01-FTJ028,16.07,0.000,0.666012,16605,0.435592,0.055345,0,0,1,1.0200,坪山区,23,23,0,0,0,0,1
2023-09-18,589179428,20190000000000000003,900200000000000043,1,61.549,324.514,20098.571,2023-09-18 06:45:00.000,L2FT01-FTJ028,16.07,0.000,0.666012,16605,0.435592,0.055345,0,0,1,1.0200,坪山区,23,23,0,0,0,0,1
2023-09-18,589179428,20190000000000000003,900200000000000043,1,71.690,328.067,23518.000,2023-09-18 07:00:00.000,L2FT01-FTJ028,15.97,0.000,0.666012,16605,0.435592,0.055345,0,0,1,1.0200,坪山区,23,23,0,0,0,0,1
2023-09-18,589179428,20190000000000000003,900200000000000042,1,99.858,486.620,48592.000,2023-09-18 07:15:00.000,L2FT01-FTJ028,15.97,0.000,0.666012,16605,0.435592,0.055345,0,0,1,1.0200,坪山区,23,23,0,0,0,0,1
2023-09-18,589179428,20190000000000000003,900200000000000043,1,58.172,331.709,19259.091,2023-09-18 07:15:00.000,L2FT01-FTJ028,15.97,0.000,0.666012,16605,0.435592,0.055345,0,0,1,1.0200,坪山区,23,23,0,0,0,0,1
2023-09-18,589179428,20190000000000000003,900200000000000048,1,90.006,358.680,32533.000,2023-09-18 07:30:00.000,L2FT01-FTJ028,15.97,0.000,0.666012,16605,0.435592,0.055345,0,0,1,1.0200,坪山区,23,23,0,0,0,0,1
2023-09-18,589179428,20190000000000000003,900200000000000042,1,99.806,489.867,48890.000,2023-09-18 07:30:00.000,L2FT01-FTJ028,15.97,0.000,0.666012,16605,0.435592,0.055345,0,0,1,1.0200,坪山区,23,23,0,0,0,0,1
2023-09-18,589179428,20190000000000000003,900200000000000047,1,69.894,379.900,26552.000,2023-09-18 07:30:00.000,L2FT01-FTJ028,15.97,0.000,0.666012,16605,0.435592,0.055345,0,0,1,1.0200,坪山区,23,23,0,0,0,0,1
2023-09-18,589179428,20190000000000000003,900200000000000042,1,51.433,489.387,25277.333,2023-09-18 07:45:00.000,L2FT01-FTJ028,15.97,0.000,0.666012,16605,0.435592,0.055345,0,0,1,1.0200,坪山区,23,23,0,0,0,0,1
2023-09-18,589179428,20190000000000000003,900200000000000047,1,55.810,383.907,21439.333,2023-09-18 07:45:00.000,L2FT01-FTJ028,15.97,0.000,0.666012,16605,0.435592,0.055345,0,0,1,1.0200,坪山区,23,23,0,0,0,0,1
2023-09-18,589179428,20190000000000000003,900200000000000048,1,107.546,362.907,39029.333,2023-09-18 07:45:00.000,L2FT01-FTJ028,15.97,0.000,0.666012,16605,0.435592,0.055345,0,0,1,1.0200,坪山区,23,23,0,0,0,0,1
2023-09-18,589179428,20190000000000000003,900200000000000042,1,14.890,486.933,7250.667,2023-09-18 08:00:00.000,L2FT01-FTJ028,15.67,0.000,0.666012,16605,0.435592,0.055345,0,0,1,1.0200,坪山区,23,23,0,0,0,0,1
2023-09-18,589179428,20190000000000000003,900200000000000047,1,27.315,388.775,10622.500,2023-09-18 08:00:00.000,L2FT01-FTJ028,15.67,0.000,0.666012,16605,0.435592,0.055345,0,0,1,1.0200,坪山区,23,23,0,0,0,0,1
2023-09-18,589179428,20190000000000000003,900200000000000048,1,89.439,363.553,32514.667,2023-09-18 08:00:00.000,L2FT01-FTJ028,15.67,0.000,0.666012,16605,0.435592,0.055345,0,0,1,1.0200,坪山区,23,23,0,0,0,0,1
2023-09-18,589179428,20190000000000000003,900200000000000056,1,146.098,363.740,53132.000,2023-09-18 08:00:00.000,L2FT01-FTJ028,15.67,0.000,0.666012,16605,0.435592,0.055345,0,0,1,1.0200,坪山区,23,23,0,0,0,0,1
2023-09-18,589179428,20190000000000000003,900200000000000042,1,14.257,495.187,7054.000,2023-09-18 08:15:00.000,L2FT01-FTJ028,15.67,0.000,0.666012,16605,0.435592,0.055345,0,0,1,1.0200,坪山区,23,23,0,0,0,0,1
2023-09-18,589179428,20190000000000000003,900200000000000048,1,63.727,364.560,23240.000,2023-09-18 08:15:00.000,L2FT01-FTJ028,15.67,0.000,0.666012,16605,0.435592,0.055345,0,0,1,1.0200,坪山区,23,23,0,0,0,0,1
2023-09-18,589179428,20190000000000000003,900200000000000056,1,111.273,374.293,41609.333,2023-09-18 08:15:00.000,L2FT01-FTJ028,15.67,0.000,0.666012,16605,0.435592,0.055345,0,0,1,1.0200,坪山区,23,23,0,0,0,0,1
2023-09-18,589179428,20190000000000000003,900200000000000048,1,20.874,366.077,7623.846,2023-09-18 08:30:00.000,L2FT01-FTJ028,15.67,0.000,0.666012,16605,0.435592,0.055345,0,0,1,1.0200,坪山区,23,23,0,0,0,0,1
2023-09-18,589179428,20190000000000000003,900200000000000056,1,77.933,393.620,30622.667,2023-09-18 08:30:00.000,L2FT01-FTJ028,15.67,0.000,0.666012,16605,0.435592,0.055345,0,0,1,1.0200,坪山区,23,23,0,0,0,0,1
2023-09-18,589179428,20190000000000000003,900200000000000042,1,2.491,502.475,1260.000,2023-09-18 08:30:00.000,L2FT01-FTJ028,15.67,0.000,0.666012,16605,0.435592,0.055345,0,0,1,1.0200,坪山区,23,23,0,0,0,0,1
2023-09-18,589179428,20190000000000000003,900200000000000056,1,35.496,402.873,14292.667,2023-09-18 08:45:00.000,L2FT01-FTJ028,15.67,0.000,0.666012,16605,0.435592,0.055345,0,0,1,1.0200,坪山区,23,23,0,0,0,0,1
2023-09-18,589179428,20190000000000000003,900200000000000056,1,20.632,404.600,8346.000,2023-09-18 09:00:00.000,L2FT01-FTJ028,15.19,0.000,0.666012,16605,0.435592,0.055345,0,0,1,1.0200,坪山区,23,23,0,0,0,0,1
2023-09-18,589179428,20190000000000000003,900200000000000044,1,135.684,364.540,49592.000,2023-09-18 09:15:00.000,L2FT01-FTJ028,15.19,0.000,0.666012,16605,0.435592,0.055345,0,0,1,1.0200,坪山区,23,23,0,0,0,0,1
2023-09-18,589179428,20190000000000000003,900200000000000044,1,149.675,368.380,55134.667,2023-09-18 09:30:00.000,L2FT01-FTJ028,15.19,0.000,0.666012,16605,0.435592,0.055345,0,0,1,1.0200,坪山区,23,23,0,0,0,0,1
2023-09-18,589179428,20190000000000000003,900200000000000044,1,149.810,371.380,55632.667,2023-09-18 09:45:00.000,L2FT01-FTJ028,15.19,0.000,0.666012,16605,0.435592,0.055345,0,0,1,1.0200,坪山区,23,23,0,0,0,0,1
2023-09-18,589179428,20190000000000000003,900200000000000044,1,119.374,372.273,44448.667,2023-09-18 10:00:00.000,L2FT01-FTJ028,14.57,0.000,0.666012,16605,0.435592,0.055345,0,0,1,1.0200,坪山区,23,23,0,0,0,0,1
2023-09-18,589179428,20190000000000000003,900200000000000030,1,102.345,357.990,36637.000,2023-09-18 10:15:00.000,L2FT01-FTJ028,14.57,0.000,0.666012,16605,0.435592,0.055345,0,0,1,1.0200,坪山区,23,23,0,0,0,0,1
2023-09-18,589179428,20190000000000000003,900200000000000044,1,39.991,370.993,14834.667,2023-09-18 10:15:00.000,L2FT01-FTJ028,14.57,0.000,0.666012,16605,0.435592,0.055345,0,0,1,1.0200,坪山区,23,23,0,0,0,0,1
2023-09-18,589179428,20190000000000000003,900200000000000030,1,68.746,356.200,24493.333,2023-09-18 10:30:00.000,L2FT01-FTJ028,14.57,0.000,0.666012,16605,0.435592,0.055345,0,0,1,1.0200,坪山区,23,23,0,0,0,0,1
2023-09-18,589179428,20190000000000000003,900200000000000044,1,20.790,377.900,7860.000,2023-09-18 10:30:00.000,L2FT01-FTJ028,14.57,0.000,0.666012,16605,0.435592,0.055345,0,0,1,1.0200,坪山区,23,23,0,0,0,0,1
2023-09-18,589179428,20190000000000000003,900200000000000030,1,38.314,358.033,13702.222,2023-09-18 10:45:00.000,L2FT01-FTJ028,14.57,0.000,0.666012,16605,0.435592,0.055345,0,0,1,1.0200,坪山区,23,23,0,0,0,0,1
2023-09-18,589179428,20190000000000000003,900200000000000057,1,191.730,314.900,60370.769,2023-09-18 10:45:00.000,L2FT01-FTJ028,14.57,0.000,0.666012,16605,0.435592,0.055345,0,0,1,1.0200,坪山区,23,23,0,0,0,0,1
2023-09-18,589179428,20190000000000000003,900200000000000057,1,191.520,316.640,60640.000,2023-09-18 11:00:00.000,L2FT01-FTJ028,13.85,0.000,0.666012,16605,0.435592,0.055345,0,0,1,1.0200,坪山区,23,23,0,0,0,0,1
2023-09-18,589179428,20190000000000000003,900200000000000044,1,110.620,377.525,42100.000,2023-09-18 11:45:00.000,L2FT01-FTJ028,13.85,0.000,0.666012,16605,0.435592,0.055345,0,0,1,1.0200,坪山区,23,23,0,0,0,0,1
2023-09-18,589179428,20190000000000000003,900200000000000044,1,89.730,394.733,35344.000,2023-09-18 12:00:00.000,L2FT01-FTJ028,13.07,0.000,0.666012,16605,0.435592,0.055345,0,0,1,1.0200,坪山区,23,23,0,0,0,0,1
2023-09-18,589179428,20190000000000000003,900200000000000038,1,81.045,352.250,28543.333,2023-09-18 12:15:00.000,L2FT01-FTJ028,13.07,0.000,0.666012,16605,0.435592,0.055345,0,0,1,1.0200,坪山区,23,23,0,0,0,0,1
2023-09-18,589179428,20190000000000000003,900200000000000044,1,49.894,404.471,20177.857,2023-09-18 12:15:00.000,L2FT01-FTJ028,13.07,0.000,0.666012,16605,0.435592,0.055345,0,0,1,1.0200,坪山区,23,23,0,0,0,0,1
2023-09-18,589179428,20190000000000000003,900200000000000038,1,78.758,355.120,27966.000,2023-09-18 12:30:00.000,L2FT01-FTJ028,13.07,0.000,0.666012,16605,0.435592,0.055345,0,0,1,1.0200,坪山区,23,23,0,0,0,0,1
2023-09-18,589179428,20190000000000000003,900200000000000038,1,64.645,355.180,22963.333,2023-09-18 12:45:00.000,L2FT01-FTJ028,13.07,0.000,0.666012,16605,0.435592,0.055345,0,0,1,1.0200,坪山区,23,23,0,0,0,0,1
2023-09-18,589179428,20190000000000000003,900200000000000038,1,42.763,356.250,15224.286,2023-09-18 13:00:00.000,L2FT01-FTJ028,12.30,0.000,0.666012,16605,0.435592,0.055345,0,0,1,1.0200,坪山区,23,23,0,0,0,0,1
2023-09-18,589179428,20190000000000000003,900200000000000057,1,188.963,316.686,59846.429,2023-09-18 13:45:00.000,L2FT01-FTJ028,12.30,0.000,0.666012,16605,0.435592,0.055345,0,0,1,1.0200,坪山区,23,23,0,0,0,0,1
2023-09-18,589179428,20190000000000000003,900200000000000057,1,108.937,323.914,35054.286,2023-09-18 14:00:00.000,L2FT01-FTJ028,11.57,0.000,0.666012,16605,0.435592,0.055345,0,0,1,1.0200,坪山区,23,23,0,0,0,0,1
2023-09-18,589179428,20190000000000000003,900200000000000048,1,60.892,347.475,21160.000,2023-09-18 15:30:00.000,L2FT01-FTJ028,10.95,0.000,0.666012,16605,0.435592,0.055345,0,0,1,1.0200,坪山区,23,23,0,0,0,0,1
2023-09-18,589179428,20190000000000000003,900200000000000048,1,55.710,349.887,19499.333,2023-09-18 15:45:00.000,L2FT01-FTJ028,10.95,0.000,0.666012,16605,0.435592,0.055345,0,0,1,1.0200,坪山区,23,23,0,0,0,0,1
2023-09-18,589179428,20190000000000000003,900200000000000048,1,35.566,348.033,12374.000,2023-09-18 16:00:00.000,L2FT01-FTJ028,10.47,0.000,0.666012,16605,0.435592,0.055345,0,0,1,1.0200,坪山区,23,23,0,0,0,0,1
2023-09-18,589179428,20190000000000000003,900200000000000048,1,35.500,348.507,12367.333,2023-09-18 16:15:00.000,L2FT01-FTJ028,10.47,0.000,0.666012,16605,0.435592,0.055345,0,0,1,1.0200,坪山区,23,23,0,0,0,0,1
2023-09-18,589179428,20190000000000000003,900200000000000048,1,35.500,349.853,12414.000,2023-09-18 16:30:00.000,L2FT01-FTJ028,10.47,0.000,0.666012,16605,0.435592,0.055345,0,0,1,1.0200,坪山区,23,23,0,0,0,0,1
2023-09-18,589179428,20190000000000000003,900200000000000039,1,35.590,304.500,10840.000,2023-09-18 16:45:00.000,L2FT01-FTJ028,10.47,0.000,0.666012,16605,0.435592,0.055345,0,0,1,1.0200,坪山区,23,23,0,0,0,0,1
2023-09-18,589179428,20190000000000000003,900200000000000048,1,35.500,351.400,12470.000,2023-09-18 16:45:00.000,L2FT01-FTJ028,10.47,0.000,0.666012,16605,0.435592,0.055345,0,0,1,1.0200,坪山区,23,23,0,0,0,0,1
2023-09-18,589179428,20190000000000000003,900200000000000037,1,112.697,335.022,38830.000,2023-09-18 17:00:00.000,L2FT01-FTJ028,10.17,0.000,0.666012,16605,0.435592,0.055345,0,0,1,1.0200,坪山区,23,23,0,0,0,0,1
2023-09-18,589179428,20190000000000000003,900200000000000042,1,36.000,353.950,12130.000,2023-09-18 17:00:00.000,L2FT01-FTJ028,10.17,0.000,0.666012,16605,0.435592,0.055345,0,0,1,1.0200,坪山区,23,23,0,0,0,0,1
2023-09-18,589179428,20190000000000000003,900200000000000048,1,35.500,351.750,12480.000,2023-09-18 17:00:00.000,L2FT01-FTJ028,10.17,0.000,0.666012,16605,0.435592,0.055345,0,0,1,1.0200,坪山区,23,23,0,0,0,0,1
2023-09-18,589179428,20190000000000000003,900200000000000037,1,119.700,346.213,41439.333,2023-09-18 17:15:00.000,L2FT01-FTJ028,10.17,0.000,0.666012,16605,0.435592,0.055345,0,0,1,1.0200,坪山区,23,23,0,0,0,0,1
2023-09-18,589179428,20190000000000000003,900200000000000037,1,95.273,346.700,33040.000,2023-09-18 17:30:00.000,L2FT01-FTJ028,10.17,0.000,0.666012,16605,0.435592,0.055345,0,0,1,1.0200,坪山区,23,23,0,0,0,0,1
2023-09-18,589179428,20190000000000000003,900200000000000038,1,35.832,402.860,14510.000,2023-09-18 17:30:00.000,L2FT01-FTJ028,10.17,0.000,0.666012,16605,0.435592,0.055345,0,0,1,1.0200,坪山区,23,23,0,0,0,0,1
2023-09-18,589179428,20190000000000000003,900200000000000038,1,44.830,408.753,18323.333,2023-09-18 17:45:00.000,L2FT01-FTJ028,10.17,0.000,0.666012,16605,0.435592,0.055345,0,0,1,1.0200,坪山区,23,23,0,0,0,0,1
2023-09-18,589179428,20190000000000000003,900200000000000038,1,37.857,412.113,15615.333,2023-09-18 18:00:00.000,L2FT01-FTJ028,10.07,0.000,0.666012,16605,0.435592,0.055345,0,0,1,1.0200,坪山区,23,23,0,0,0,0,1
2023-09-18,589179428,20190000000000000003,900200000000000038,1,16.530,410.393,6783.333,2023-09-18 18:15:00.000,L2FT01-FTJ028,10.07,0.000,0.666012,16605,0.435592,0.055345,0,0,1,1.0200,坪山区,23,23,0,0,0,0,1
2023-09-18,589179428,20190000000000000003,900200000000000038,1,13.790,420.000,5790.000,2023-09-18 18:30:00.000,L2FT01-FTJ028,10.07,0.000,0.666012,16605,0.435592,0.055345,0,0,1,1.0200,坪山区,23,23,0,0,0,0,1
2023-09-18,589179428,20190000000000000003,900200000000000047,1,113.768,362.773,41466.364,2023-09-18 18:30:00.000,L2FT01-FTJ028,10.07,0.000,0.666012,16605,0.435592,0.055345,0,0,1,1.0200,坪山区,23,23,0,0,0,0,1
2023-09-18,589179428,20190000000000000003,900200000000000047,1,112.839,365.100,41192.000,2023-09-18 18:45:00.000,L2FT01-FTJ028,10.07,0.000,0.666012,16605,0.435592,0.055345,0,0,1,1.0200,坪山区,23,23,0,0,0,0,1
2023-09-18,589179428,20190000000000000003,900200000000000047,1,70.399,365.893,25772.667,2023-09-18 19:00:00.000,L2FT01-FTJ028,10.17,0.000,0.666012,16605,0.435592,0.055345,0,0,1,1.0200,坪山区,23,23,0,0,0,0,1
2023-09-18,589179428,20190000000000000003,900200000000000047,1,28.046,373.267,10438.889,2023-09-18 19:15:00.000,L2FT01-FTJ028,10.17,0.000,0.666012,16605,0.435592,0.055345,0,0,1,1.0200,坪山区,23,23,0,0,0,0,1
2023-09-18,589179428,20190000000000000003,900200000000000038,1,130.356,309.660,40361.000,2023-09-18 19:45:00.000,L2FT01-FTJ028,10.17,0.000,0.666012,16605,0.435592,0.055345,0,0,1,1.0200,坪山区,23,23,0,0,0,0,1
2023-09-18,589179428,20190000000000000003,900200000000000038,1,130.306,311.407,40574.000,2023-09-18 20:00:00.000,L2FT01-FTJ028,10.47,0.000,0.666012,16605,0.435592,0.055345,0,0,1,1.0200,坪山区,23,23,0,0,0,0,1
2023-09-18,589179428,20190000000000000003,900200000000000038,1,130.390,312.900,40800.000,2023-09-18 20:15:00.000,L2FT01-FTJ028,10.47,0.000,0.666012,16605,0.435592,0.055345,0,0,1,1.0200,坪山区,23,23,0,0,0,0,1
2023-09-18,589179428,20190000000000000003,900200000000000049,1,66.591,446.800,31020.000,2023-09-18 20:15:00.000,L2FT01-FTJ028,10.47,0.000,0.666012,16605,0.435592,0.055345,0,0,1,1.0200,坪山区,23,23,0,0,0,0,1
2023-09-18,589179428,20190000000000000003,900200000000000049,1,105.097,470.327,49426.667,2023-09-18 20:30:00.000,L2FT01-FTJ028,10.47,0.000,0.666012,16605,0.435592,0.055345,0,0,1,1.0200,坪山区,23,23,0,0,0,0,1
2023-09-18,589179428,20190000000000000003,900200000000000049,1,75.799,470.040,35634.000,2023-09-18 20:45:00.000,L2FT01-FTJ028,10.47,0.000,0.666012,16605,0.435592,0.055345,0,0,1,1.0200,坪山区,23,23,0,0,0,0,1
2023-09-18,589179428,20190000000000000003,900200000000000052,1,56.308,357.917,20471.667,2023-09-18 20:45:00.000,L2FT01-FTJ028,10.47,0.000,0.666012,16605,0.435592,0.055345,0,0,1,1.0200,坪山区,23,23,0,0,0,0,1
2023-09-18,589179428,20190000000000000003,900200000000000048,1,107.073,404.700,43441.000,2023-09-18 21:00:00.000,L2FT01-FTJ028,10.95,0.000,0.666012,16605,0.435592,0.055345,0,0,1,1.0200,坪山区,23,23,0,0,0,0,1
2023-09-18,589179428,20190000000000000003,900200000000000049,1,25.123,469.517,11795.000,2023-09-18 21:00:00.000,L2FT01-FTJ028,10.95,0.000,0.666012,16605,0.435592,0.055345,0,0,1,1.0200,坪山区,23,23,0,0,0,0,1
2023-09-18,589179428,20190000000000000003,900200000000000052,1,49.397,374.100,18453.333,2023-09-18 21:00:00.000,L2FT01-FTJ028,10.95,0.000,0.666012,16605,0.435592,0.055345,0,0,1,1.0200,坪山区,23,23,0,0,0,0,1
2023-09-18,589179428,20190000000000000003,900200000000000052,1,36.294,391.627,14210.000,2023-09-18 21:15:00.000,L2FT01-FTJ028,10.95,0.000,0.666012,16605,0.435592,0.055345,0,0,1,1.0200,坪山区,23,23,0,0,0,0,1
2023-09-18,589179428,20190000000000000003,900200000000000048,1,95.883,421.900,40410.667,2023-09-18 21:15:00.000,L2FT01-FTJ028,10.95,0.000,0.666012,16605,0.435592,0.055345,0,0,1,1.0200,坪山区,23,23,0,0,0,0,1
2023-09-18,589179428,20190000000000000003,900200000000000032,1,44.931,407.346,18302.308,2023-09-18 21:15:00.000,L2FT01-FTJ028,10.95,0.000,0.666012,16605,0.435592,0.055345,0,0,1,1.0200,坪山区,23,23,0,0,0,0,1
2023-09-18,589179428,20190000000000000003,900200000000000030,1,120.394,349.350,43166.250,2023-09-18 21:15:00.000,L2FT01-FTJ028,10.95,0.000,0.666012,16605,0.435592,0.055345,0,0,1,1.0200,坪山区,23,23,0,0,0,0,1
2023-09-18,589179428,20190000000000000003,900200000000000030,1,129.483,367.933,47600.000,2023-09-18 21:30:00.000,L2FT01-FTJ028,10.95,0.000,0.666012,16605,0.435592,0.055345,0,0,1,1.0200,坪山区,23,23,0,0,0,0,1
2023-09-18,589179428,20190000000000000003,900200000000000032,1,44.890,409.913,18400.667,2023-09-18 21:30:00.000,L2FT01-FTJ028,10.95,0.000,0.666012,16605,0.435592,0.055345,0,0,1,1.0200,坪山区,23,23,0,0,0,0,1
2023-09-18,589179428,20190000000000000003,900200000000000048,1,75.045,436.960,32763.333,2023-09-18 21:30:00.000,L2FT01-FTJ028,10.95,0.000,0.666012,16605,0.435592,0.055345,0,0,1,1.0200,坪山区,23,23,0,0,0,0,1
2023-09-18,589179428,20190000000000000003,900200000000000052,1,18.105,402.893,7287.333,2023-09-18 21:30:00.000,L2FT01-FTJ028,10.95,0.000,0.666012,16605,0.435592,0.055345,0,0,1,1.0200,坪山区,23,23,0,0,0,0,1
2023-09-18,589179428,20190000000000000003,900200000000000057,1,131.235,364.500,47838.750,2023-09-18 21:30:00.000,L2FT01-FTJ028,10.95,0.000,0.666012,16605,0.435592,0.055345,0,0,1,1.0200,坪山区,23,23,0,0,0,0,1
2023-09-18,589179428,20190000000000000003,900200000000000030,1,100.592,384.680,38659.333,2023-09-18 21:45:00.000,L2FT01-FTJ028,10.95,0.000,0.666012,16605,0.435592,0.055345,0,0,1,1.0200,坪山区,23,23,0,0,0,0,1
2023-09-18,589179428,20190000000000000003,900200000000000032,1,38.837,411.660,15991.333,2023-09-18 21:45:00.000,L2FT01-FTJ028,10.95,0.000,0.666012,16605,0.435592,0.055345,0,0,1,1.0200,坪山区,23,23,0,0,0,0,1
2023-09-18,589179428,20190000000000000003,900200000000000035,1,146.216,419.940,61400.000,2023-09-18 21:45:00.000,L2FT01-FTJ028,10.95,0.000,0.666012,16605,0.435592,0.055345,0,0,1,1.0200,坪山区,23,23,0,0,0,0,1
2023-09-18,589179428,20190000000000000003,900200000000000048,1,42.845,443.950,19014.000,2023-09-18 21:45:00.000,L2FT01-FTJ028,10.95,0.000,0.666012,16605,0.435592,0.055345,0,0,1,1.0200,坪山区,23,23,0,0,0,0,1
2023-09-18,589179428,20190000000000000003,900200000000000052,1,11.290,405.520,4578.000,2023-09-18 21:45:00.000,L2FT01-FTJ028,10.95,0.000,0.666012,16605,0.435592,0.055345,0,0,1,1.0200,坪山区,23,23,0,0,0,0,1
2023-09-18,589179428,20190000000000000003,900200000000000057,1,111.926,372.247,41635.333,2023-09-18 21:45:00.000,L2FT01-FTJ028,10.95,0.000,0.666012,16605,0.435592,0.055345,0,0,1,1.0200,坪山区,23,23,0,0,0,0,1
2023-09-18,589179428,20190000000000000003,900200000000000057,1,93.558,386.313,36101.333,2023-09-18 22:00:00.000,L2FT01-FTJ028,11.57,0.000,0.666012,16605,0.435592,0.055345,0,0,1,1.0200,坪山区,23,23,0,0,0,0,1
2023-09-18,589179428,20190000000000000003,900200000000000035,1,143.111,421.740,60354.000,2023-09-18 22:00:00.000,L2FT01-FTJ028,11.57,0.000,0.666012,16605,0.435592,0.055345,0,0,1,1.0200,坪山区,23,23,0,0,0,0,1
2023-09-18,589179428,20190000000000000003,900200000000000032,1,21.546,409.656,8826.667,2023-09-18 22:00:00.000,L2FT01-FTJ028,11.57,0.000,0.666012,16605,0.435592,0.055345,0,0,1,1.0200,坪山区,23,23,0,0,0,0,1
2023-09-18,589179428,20190000000000000003,900200000000000030,1,94.190,395.033,37206.667,2023-09-18 22:00:00.000,L2FT01-FTJ028,11.57,0.000,0.666012,16605,0.435592,0.055345,0,0,1,1.0200,坪山区,23,23,0,0,0,0,1
2023-09-18,589179428,20190000000000000003,900200000000000035,1,118.457,422.793,50078.667,2023-09-18 22:15:00.000,L2FT01-FTJ028,11.57,0.000,0.666012,16605,0.435592,0.055345,0,0,1,1.0200,坪山区,23,23,0,0,0,0,1
2023-09-18,589179428,20190000000000000003,900200000000000057,1,59.890,397.193,23788.000,2023-09-18 22:15:00.000,L2FT01-FTJ028,11.57,0.000,0.666012,16605,0.435592,0.055345,0,0,1,1.0200,坪山区,23,23,0,0,0,0,1
2023-09-18,589179428,20190000000000000003,900200000000000035,1,109.989,424.433,46679.333,2023-09-18 22:30:00.000,L2FT01-FTJ028,11.57,0.000,0.666012,16605,0.435592,0.055345,0,0,1,1.0200,坪山区,23,23,0,0,0,0,1
2023-09-18,589179428,20190000000000000003,900200000000000057,1,49.137,405.489,19928.889,2023-09-18 22:30:00.000,L2FT01-FTJ028,11.57,0.000,0.666012,16605,0.435592,0.055345,0,0,1,1.0200,坪山区,23,23,0,0,0,0,1
2023-09-18,589179428,20190000000000000003,900200000000000035,1,55.423,421.693,23373.333,2023-09-18 22:45:00.000,L2FT01-FTJ028,11.57,0.000,0.666012,16605,0.435592,0.055345,0,0,1,1.0200,坪山区,23,23,0,0,0,0,1
2023-09-18,589179428,20190000000000000003,900200000000000035,1,59.840,423.988,25370.000,2023-09-18 23:00:00.000,L2FT01-FTJ028,12.30,0.000,0.666012,16605,0.435592,0.055345,0,0,1,1.0200,坪山区,23,23,0,0,0,0,1
2023-09-19,589179428,20190000000000000003,900200000000000031,1,182.643,310.233,56736.000,2023-09-19 00:00:00.000,L2FT01-FTJ028,13.07,0.000,0.666012,16605,0.435592,0.055345,0,0,1,1.0200,坪山区,23,23,0,0,0,0,1
2023-09-19,589179428,20190000000000000003,900200000000000031,1,187.179,312.507,58495.333,2023-09-19 00:15:00.000,L2FT01-FTJ028,13.07,0.000,0.666012,16605,0.435592,0.055345,0,0,1,1.0200,坪山区,23,23,0,0,0,0,1
2023-09-19,589179428,20190000000000000003,900200000000000031,1,138.747,312.647,43377.333,2023-09-19 00:30:00.000,L2FT01-FTJ028,13.07,0.000,0.666012,16605,0.435592,0.055345,0,0,1,1.0200,坪山区,23,23,0,0,0,0,1
2023-09-19,589179428,20190000000000000003,900200000000000031,1,142.390,314.180,44734.000,2023-09-19 00:45:00.000,L2FT01-FTJ028,13.07,0.000,0.666012,16605,0.435592,0.055345,0,0,1,1.0200,坪山区,23,23,0,0,0,0,1
2023-09-19,589179428,20190000000000000003,900200000000000031,1,142.399,317.087,45150.667,2023-09-19 01:00:00.000,L2FT01-FTJ028,13.85,0.000,0.666012,16605,0.435592,0.055345,0,0,1,1.0200,坪山区,23,23,0,0,0,0,1
2023-09-19,589179428,20190000000000000003,900200000000000030,1,119.963,272.567,37013.333,2023-09-19 01:00:00.000,L2FT01-FTJ028,13.85,0.000,0.666012,16605,0.435592,0.055345,0,0,1,1.0200,坪山区,23,23,0,0,0,0,1
2023-09-19,589179428,20190000000000000003,900200000000000030,1,179.547,310.980,55831.333,2023-09-19 01:15:00.000,L2FT01-FTJ028,13.85,0.000,0.666012,16605,0.435592,0.055345,0,0,1,1.0200,坪山区,23,23,0,0,0,0,1
2023-09-19,589179428,20190000000000000003,900200000000000031,1,43.193,326.800,14093.333,2023-09-19 01:15:00.000,L2FT01-FTJ028,13.85,0.000,0.666012,16605,0.435592,0.055345,0,0,1,1.0200,坪山区,23,23,0,0,0,0,1
2023-09-19,589179428,20190000000000000003,900200000000000030,1,179.500,312.493,56087.333,2023-09-19 01:30:00.000,L2FT01-FTJ028,13.85,0.000,0.666012,16605,0.435592,0.055345,0,0,1,1.0200,坪山区,23,23,0,0,0,0,1
2023-09-19,589179428,20190000000000000003,900200000000000030,1,179.500,314.600,56466.000,2023-09-19 01:45:00.000,L2FT01-FTJ028,13.85,0.000,0.666012,16605,0.435592,0.055345,0,0,1,1.0200,坪山区,23,23,0,0,0,0,1
2023-09-19,589179428,20190000000000000003,900200000000000030,1,179.493,316.160,56744.667,2023-09-19 02:00:00.000,L2FT01-FTJ028,14.57,0.000,0.666012,16605,0.435592,0.055345,0,0,1,1.0200,坪山区,23,23,0,0,0,0,1
2023-09-19,589179428,20190000000000000003,900200000000000030,1,114.734,317.363,36515.000,2023-09-19 02:15:00.000,L2FT01-FTJ028,14.57,0.000,0.666012,16605,0.435592,0.055345,0,0,1,1.0200,坪山区,23,23,0,0,0,0,1
2023-09-19,589179428,20190000000000000003,900200000000000052,1,150.500,302.200,45480.000,2023-09-19 02:15:00.000,L2FT01-FTJ028,14.57,0.000,0.666012,16605,0.435592,0.055345,0,0,1,1.0200,坪山区,23,23,0,0,0,0,1
2023-09-19,589179428,20190000000000000003,900200000000000052,1,150.007,308.940,46340.667,2023-09-19 02:30:00.000,L2FT01-FTJ028,14.57,0.000,0.666012,16605,0.435592,0.055345,0,0,1,1.0200,坪山区,23,23,0,0,0,0,1
2023-09-19,589179428,20190000000000000003,900200000000000052,1,150.053,310.967,46658.000,2023-09-19 02:45:00.000,L2FT01-FTJ028,14.57,0.000,0.666012,16605,0.435592,0.055345,0,0,1,1.0200,坪山区,23,23,0,0,0,0,1
2023-09-19,589179428,20190000000000000003,900200000000000034,1,85.578,468.692,40612.500,2023-09-19 03:00:00.000,L2FT01-FTJ028,15.19,0.000,0.666012,16605,0.435592,0.055345,0,0,1,1.0200,坪山区,23,23,0,0,0,0,1
2023-09-19,589179428,20190000000000000003,900200000000000052,1,150.100,312.540,46908.667,2023-09-19 03:00:00.000,L2FT01-FTJ028,15.19,0.000,0.666012,16605,0.435592,0.055345,0,0,1,1.0200,坪山区,23,23,0,0,0,0,1
2023-09-19,589179428,20190000000000000003,900200000000000034,1,98.890,476.440,47114.000,2023-09-19 03:15:00.000,L2FT01-FTJ028,15.19,0.000,0.666012,16605,0.435592,0.055345,0,0,1,1.0200,坪山区,23,23,0,0,0,0,1
2023-09-19,589179428,20190000000000000003,900200000000000052,1,150.100,314.293,47171.333,2023-09-19 03:15:00.000,L2FT01-FTJ028,15.19,0.000,0.666012,16605,0.435592,0.055345,0,0,1,1.0200,坪山区,23,23,0,0,0,0,1
2023-09-19,589179428,20190000000000000003,900200000000000052,1,150.100,315.420,47340.667,2023-09-19 03:30:00.000,L2FT01-FTJ028,15.19,0.000,0.666012,16605,0.435592,0.055345,0,0,1,1.0200,坪山区,23,23,0,0,0,0,1
2023-09-19,589179428,20190000000000000003,900200000000000034,1,98.890,476.493,47119.333,2023-09-19 03:30:00.000,L2FT01-FTJ028,15.19,0.000,0.666012,16605,0.435592,0.055345,0,0,1,1.0200,坪山区,23,23,0,0,0,0,1
2023-09-19,589179428,20190000000000000003,900200000000000034,1,84.137,476.380,40082.000,2023-09-19 03:45:00.000,L2FT01-FTJ028,15.19,0.000,0.666012,16605,0.435592,0.055345,0,0,1,1.0200,坪山区,23,23,0,0,0,0,1
2023-09-19,589179428,20190000000000000003,900200000000000052,1,119.371,319.687,38042.667,2023-09-19 03:45:00.000,L2FT01-FTJ028,15.19,0.000,0.666012,16605,0.435592,0.055345,0,0,1,1.0200,坪山区,23,23,0,0,0,0,1
2023-09-19,589179428,20190000000000000003,900200000000000034,1,48.943,475.933,23298.000,2023-09-19 04:00:00.000,L2FT01-FTJ028,15.67,0.000,0.666012,16605,0.435592,0.055345,0,0,1,1.0200,坪山区,23,23,0,0,0,0,1
2023-09-19,589179428,20190000000000000003,900200000000000052,1,30.090,332.667,10010.000,2023-09-19 04:00:00.000,L2FT01-FTJ028,15.67,0.000,0.666012,16605,0.435592,0.055345,0,0,1,1.0200,坪山区,23,23,0,0,0,0,1
2023-09-19,589179428,20190000000000000003,900200000000000034,1,40.715,475.975,19380.000,2023-09-19 04:15:00.000,L2FT01-FTJ028,15.67,0.000,0.666012,16605,0.435592,0.055345,0,0,1,1.0200,坪山区,23,23,0,0,0,0,1
2023-09-19,589179428,20190000000000000003,900200000000000057,1,109.990,301.500,33160.000,2023-09-19 04:45:00.000,L2FT01-FTJ028,15.67,0.000,0.666012,16605,0.435592,0.055345,0,0,1,1.0200,坪山区,23,23,0,0,0,0,1
2023-09-19,589179428,20190000000000000003,900200000000000044,1,130.000,303.600,39460.000,2023-09-19 05:00:00.000,L2FT01-FTJ028,15.97,0.000,0.666012,16605,0.435592,0.055345,0,0,1,1.0200,坪山区,23,23,0,0,0,0,1
2023-09-19,589179428,20190000000000000003,900200000000000057,1,109.824,305.133,33506.667,2023-09-19 05:00:00.000,L2FT01-FTJ028,15.97,0.000,0.666012,16605,0.435592,0.055345,0,0,1,1.0200,坪山区,23,23,0,0,0,0,1
2023-09-19,589179428,20190000000000000003,900200000000000044,1,129.859,307.940,39986.667,2023-09-19 05:15:00.000,L2FT01-FTJ028,15.97,0.000,0.666012,16605,0.435592,0.055345,0,0,1,1.0200,坪山区,23,23,0,0,0,0,1
2023-09-19,589179428,20190000000000000003,900200000000000057,1,113.816,309.613,35240.000,2023-09-19 05:15:00.000,L2FT01-FTJ028,15.97,0.000,0.666012,16605,0.435592,0.055345,0,0,1,1.0200,坪山区,23,23,0,0,0,0,1
2023-09-19,589179428,20190000000000000003,900200000000000057,1,129.842,311.320,40418.667,2023-09-19 05:30:00.000,L2FT01-FTJ028,15.97,0.000,0.666012,16605,0.435592,0.055345,0,0,1,1.0200,坪山区,23,23,0,0,0,0,1
2023-09-19,589179428,20190000000000000003,900200000000000044,1,129.890,311.193,40419.333,2023-09-19 05:30:00.000,L2FT01-FTJ028,15.97,0.000,0.666012,16605,0.435592,0.055345,0,0,1,1.0200,坪山区,23,23,0,0,0,0,1
2023-09-19,589179428,20190000000000000003,900200000000000057,1,129.824,312.960,40625.333,2023-09-19 05:45:00.000,L2FT01-FTJ028,15.97,0.000,0.666012,16605,0.435592,0.055345,0,0,1,1.0200,坪山区,23,23,0,0,0,0,1
2023-09-19,589179428,20190000000000000003,900200000000000044,1,129.890,312.187,40547.333,2023-09-19 05:45:00.000,L2FT01-FTJ028,15.97,0.000,0.666012,16605,0.435592,0.055345,0,0,1,1.0200,坪山区,23,23,0,0,0,0,1
2023-09-19,589179428,20190000000000000003,900200000000000044,1,129.890,313.960,40778.667,2023-09-19 06:00:00.000,L2FT01-FTJ028,16.07,0.000,0.666012,16605,0.435592,0.055345,0,0,1,1.0200,坪山区,23,23,0,0,0,0,1
2023-09-19,589179428,20190000000000000003,900200000000000057,1,129.890,315.267,40948.667,2023-09-19 06:00:00.000,L2FT01-FTJ028,16.07,0.000,0.666012,16605,0.435592,0.055345,0,0,1,1.0200,坪山区,23,23,0,0,0,0,1
2023-09-19,589179428,20190000000000000003,900200000000000044,1,129.897,315.140,40934.000,2023-09-19 06:15:00.000,L2FT01-FTJ028,16.07,0.000,0.666012,16605,0.435592,0.055345,0,0,1,1.0200,坪山区,23,23,0,0,0,0,1
2023-09-19,589179428,20190000000000000003,900200000000000057,1,121.872,320.500,39032.667,2023-09-19 06:15:00.000,L2FT01-FTJ028,16.07,0.000,0.666012,16605,0.435592,0.055345,0,0,1,1.0200,坪山区,23,23,0,0,0,0,1
2023-09-19,589179428,20190000000000000003,900200000000000044,1,129.890,316.520,41110.667,2023-09-19 06:30:00.000,L2FT01-FTJ028,16.07,0.000,0.666012,16605,0.435592,0.055345,0,0,1,1.0200,坪山区,23,23,0,0,0,0,1
2023-09-19,589179428,20190000000000000003,900200000000000057,1,71.467,342.558,24493.333,2023-09-19 06:30:00.000,L2FT01-FTJ028,16.07,0.000,0.666012,16605,0.435592,0.055345,0,0,1,1.0200,坪山区,23,23,0,0,0,0,1
2023-09-19,589179428,20190000000000000003,900200000000000044,1,78.890,323.590,25384.000,2023-09-19 06:45:00.000,L2FT01-FTJ028,16.07,0.000,0.666012,16605,0.435592,0.055345,0,0,1,1.0200,坪山区,23,23,0,0,0,0,1
2023-09-19,589179428,20190000000000000003,900200000000000057,1,69.723,352.167,24552.667,2023-09-19 06:45:00.000,L2FT01-FTJ028,16.07,0.000,0.666012,16605,0.435592,0.055345,0,0,1,1.0200,坪山区,23,23,0,0,0,0,1
2023-09-19,589179428,20190000000000000003,900200000000000057,1,67.350,353.567,23809.333,2023-09-19 07:00:00.000,L2FT01-FTJ028,15.97,0.000,0.666012,16605,0.435592,0.055345,0,0,1,1.0200,坪山区,23,23,0,0,0,0,1
2023-09-19,589179428,20190000000000000003,900200000000000031,1,197.484,388.943,77147.143,2023-09-19 07:00:00.000,L2FT01-FTJ028,15.97,0.000,0.666012,16605,0.435592,0.055345,0,0,1,1.0200,坪山区,23,23,0,0,0,0,1
2023-09-19,589179428,20190000000000000003,900200000000000038,1,70.157,359.867,25256.667,2023-09-19 07:15:00.000,L2FT01-FTJ028,15.97,0.000,0.666012,16605,0.435592,0.055345,0,0,1,1.0200,坪山区,23,23,0,0,0,0,1
2023-09-19,589179428,20190000000000000003,900200000000000057,1,50.745,353.673,17950.667,2023-09-19 07:15:00.000,L2FT01-FTJ028,15.97,0.000,0.666012,16605,0.435592,0.055345,0,0,1,1.0200,坪山区,23,23,0,0,0,0,1
2023-09-19,589179428,20190000000000000003,900200000000000031,1,135.517,403.027,54577.333,2023-09-19 07:15:00.000,L2FT01-FTJ028,15.97,0.000,0.666012,16605,0.435592,0.055345,0,0,1,1.0200,坪山区,23,23,0,0,0,0,1
2023-09-19,589179428,20190000000000000003,900200000000000057,1,35.450,353.367,12525.333,2023-09-19 07:30:00.000,L2FT01-FTJ028,15.97,0.000,0.666012,16605,0.435592,0.055345,0,0,1,1.0200,坪山区,23,23,0,0,0,0,1
2023-09-19,589179428,20190000000000000003,900200000000000031,1,86.634,403.820,34982.000,2023-09-19 07:30:00.000,L2FT01-FTJ028,15.97,0.000,0.666012,16605,0.435592,0.055345,0,0,1,1.0200,坪山区,23,23,0,0,0,0,1
2023-09-19,589179428,20190000000000000003,900200000000000038,1,74.033,372.027,27540.000,2023-09-19 07:30:00.000,L2FT01-FTJ028,15.97,0.000,0.666012,16605,0.435592,0.055345,0,0,1,1.0200,坪山区,23,23,0,0,0,0,1
2023-09-19,589179428,20190000000000000003,900200000000000038,1,57.598,390.853,22458.000,2023-09-19 07:45:00.000,L2FT01-FTJ028,15.97,0.000,0.666012,16605,0.435592,0.055345,0,0,1,1.0200,坪山区,23,23,0,0,0,0,1
2023-09-19,589179428,20190000000000000003,900200000000000057,1,25.890,352.900,9140.000,2023-09-19 07:45:00.000,L2FT01-FTJ028,15.97,0.000,0.666012,16605,0.435592,0.055345,0,0,1,1.0200,坪山区,23,23,0,0,0,0,1
2023-09-19,589179428,20190000000000000003,900200000000000038,1,25.554,396.220,10122.000,2023-09-19 08:00:00.000,L2FT01-FTJ028,15.67,0.000,0.666012,16605,0.435592,0.055345,0,0,1,1.0200,坪山区,23,23,0,0,0,0,1
2023-09-19,589179428,20190000000000000003,900200000000000037,1,119.758,366.660,43908.000,2023-09-19 08:30:00.000,L2FT01-FTJ028,15.67,0.000,0.666012,16605,0.435592,0.055345,0,0,1,1.0200,坪山区,23,23,0,0,0,0,1
2023-09-19,589179428,20190000000000000003,900200000000000034,1,47.590,351.643,16765.714,2023-09-19 08:45:00.000,L2FT01-FTJ028,15.67,0.000,0.666012,16605,0.435592,0.055345,0,0,1,1.0200,坪山区,23,23,0,0,0,0,1
2023-09-19,589179428,20190000000000000003,900200000000000037,1,111.866,369.153,41325.333,2023-09-19 08:45:00.000,L2FT01-FTJ028,15.67,0.000,0.666012,16605,0.435592,0.055345,0,0,1,1.0200,坪山区,23,23,0,0,0,0,1
2023-09-19,589179428,20190000000000000003,900200000000000034,1,52.500,360.480,18920.000,2023-09-19 09:00:00.000,L2FT01-FTJ028,15.19,0.000,0.666012,16605,0.435592,0.055345,0,0,1,1.0200,坪山区,23,23,0,0,0,0,1
2023-09-19,589179428,20190000000000000003,900200000000000037,1,87.167,368.573,32169.333,2023-09-19 09:00:00.000,L2FT01-FTJ028,15.19,0.000,0.666012,16605,0.435592,0.055345,0,0,1,1.0200,坪山区,23,23,0,0,0,0,1
2023-09-19,589179428,20190000000000000003,900200000000000034,1,44.115,368.573,16250.909,2023-09-19 09:15:00.000,L2FT01-FTJ028,15.19,0.000,0.666012,16605,0.435592,0.055345,0,0,1,1.0200,坪山区,23,23,0,0,0,0,1
2023-09-19,589179428,20190000000000000003,900200000000000037,1,81.903,369.933,30296.000,2023-09-19 09:15:00.000,L2FT01-FTJ028,15.19,0.000,0.666012,16605,0.435592,0.055345,0,0,1,1.0200,坪山区,23,23,0,0,0,0,1
2023-09-19,589179428,20190000000000000003,900200000000000037,1,52.745,372.064,19635.455,2023-09-19 09:30:00.000,L2FT01-FTJ028,15.19,0.000,0.666012,16605,0.435592,0.055345,0,0,1,1.0200,坪山区,23,23,0,0,0,0,1
2023-09-19,589179428,20190000000000000003,900200000000000047,1,71.573,337.120,24127.000,2023-09-19 09:45:00.000,L2FT01-FTJ028,15.19,0.000,0.666012,16605,0.435592,0.055345,0,0,1,1.0200,坪山区,23,23,0,0,0,0,1
2023-09-19,589179428,20190000000000000003,900200000000000039,1,98.786,458.342,46922.500,2023-09-19 09:45:00.000,L2FT01-FTJ028,15.19,0.000,0.666012,16605,0.435592,0.055345,0,0,1,1.0200,坪山区,23,23,0,0,0,0,1
2023-09-19,589179428,20190000000000000003,900200000000000047,1,71.500,344.887,24654.000,2023-09-19 10:00:00.000,L2FT01-FTJ028,14.57,0.000,0.666012,16605,0.435592,0.055345,0,0,1,1.0200,坪山区,23,23,0,0,0,0,1
2023-09-19,589179428,20190000000000000003,900200000000000047,1,71.500,352.173,25174.667,2023-09-19 10:15:00.000,L2FT01-FTJ028,14.57,0.000,0.666012,16605,0.435592,0.055345,0,0,1,1.0200,坪山区,23,23,0,0,0,0,1
2023-09-19,589179428,20190000000000000003,900200000000000047,1,71.500,357.253,25538.667,2023-09-19 10:30:00.000,L2FT01-FTJ028,14.57,0.000,0.666012,16605,0.435592,0.055345,0,0,1,1.0200,坪山区,23,23,0,0,0,0,1
2023-09-19,589179428,20190000000000000003,900200000000000047,1,71.500,365.720,26145.333,2023-09-19 10:45:00.000,L2FT01-FTJ028,14.57,0.000,0.666012,16605,0.435592,0.055345,0,0,1,1.0200,坪山区,23,23,0,0,0,0,1
2023-09-19,589179428,20190000000000000003,900200000000000047,1,71.500,374.429,26765.714,2023-09-19 11:00:00.000,L2FT01-FTJ028,13.85,0.000,0.666012,16605,0.435592,0.055345,0,0,1,1.0200,坪山区,23,23,0,0,0,0,1
2023-09-19,589179428,20190000000000000003,900200000000000031,1,124.802,359.175,45097.500,2023-09-19 11:30:00.000,L2FT01-FTJ028,13.85,0.000,0.666012,16605,0.435592,0.055345,0,0,1,1.0200,坪山区,23,23,0,0,0,0,1
2023-09-19,589179428,20190000000000000003,900200000000000031,1,157.949,374.187,59085.333,2023-09-19 11:45:00.000,L2FT01-FTJ028,13.85,0.000,0.666012,16605,0.435592,0.055345,0,0,1,1.0200,坪山区,23,23,0,0,0,0,1
2023-09-19,589179428,20190000000000000003,900200000000000031,1,120.919,390.553,47164.000,2023-09-19 12:00:00.000,L2FT01-FTJ028,13.07,0.000,0.666012,16605,0.435592,0.055345,0,0,1,1.0200,坪山区,23,23,0,0,0,0,1
2023-09-19,589179428,20190000000000000003,900200000000000043,1,107.332,465.369,50463.077,2023-09-19 12:00:00.000,L2FT01-FTJ028,13.07,0.000,0.666012,16605,0.435592,0.055345,0,0,1,1.0200,坪山区,23,23,0,0,0,0,1
2023-09-19,589179428,20190000000000000003,900200000000000031,1,100.300,398.467,39956.667,2023-09-19 12:15:00.000,L2FT01-FTJ028,13.07,0.000,0.666012,16605,0.435592,0.055345,0,0,1,1.0200,坪山区,23,23,0,0,0,0,1
2023-09-19,589179428,20190000000000000003,900200000000000043,1,123.090,471.447,58028.667,2023-09-19 12:15:00.000,L2FT01-FTJ028,13.07,0.000,0.666012,16605,0.435592,0.055345,0,0,1,1.0200,坪山区,23,23,0,0,0,0,1
2023-09-19,589179428,20190000000000000003,900200000000000043,1,123.103,471.773,58076.667,2023-09-19 12:30:00.000,L2FT01-FTJ028,13.07,0.000,0.666012,16605,0.435592,0.055345,0,0,1,1.0200,坪山区,23,23,0,0,0,0,1
2023-09-19,589179428,20190000000000000003,900200000000000043,1,118.212,472.020,55798.000,2023-09-19 12:45:00.000,L2FT01-FTJ028,13.07,0.000,0.666012,16605,0.435592,0.055345,0,0,1,1.0200,坪山区,23,23,0,0,0,0,1
2023-09-19,589179428,20190000000000000003,900200000000000043,1,84.577,471.907,39914.667,2023-09-19 13:00:00.000,L2FT01-FTJ028,12.30,0.000,0.666012,16605,0.435592,0.055345,0,0,1,1.0200,坪山区,23,23,0,0,0,0,1
2023-09-19,589179428,20190000000000000003,900200000000000043,1,51.890,471.721,24476.429,2023-09-19 13:15:00.000,L2FT01-FTJ028,12.30,0.000,0.666012,16605,0.435592,0.055345,0,0,1,1.0200,坪山区,23,23,0,0,0,0,1
2023-09-19,589179428,20190000000000000003,900200000000000030,1,172.179,311.630,53694.000,2023-09-19 13:30:00.000,L2FT01-FTJ028,12.30,0.000,0.666012,16605,0.435592,0.055345,0,0,1,1.0200,坪山区,23,23,0,0,0,0,1
2023-09-19,589179428,20190000000000000003,900200000000000030,1,179.647,314.987,56581.333,2023-09-19 13:45:00.000,L2FT01-FTJ028,12.30,0.000,0.666012,16605,0.435592,0.055345,0,0,1,1.0200,坪山区,23,23,0,0,0,0,1
2023-09-19,589179428,20190000000000000003,900200000000000030,1,179.700,316.633,56893.333,2023-09-19 14:00:00.000,L2FT01-FTJ028,11.57,0.000,0.666012,16605,0.435592,0.055345,0,0,1,1.0200,坪山区,23,23,0,0,0,0,1
2023-09-19,589179428,20190000000000000003,900200000000000057,1,192.063,311.700,59863.333,2023-09-19 15:30:00.000,L2FT01-FTJ028,10.95,0.000,0.666012,16605,0.435592,0.055345,0,0,1,1.0200,坪山区,23,23,0,0,0,0,1
2023-09-19,589179428,20190000000000000003,900200000000000057,1,191.633,312.500,59880.000,2023-09-19 15:45:00.000,L2FT01-FTJ028,10.95,0.000,0.666012,16605,0.435592,0.055345,0,0,1,1.0200,坪山区,23,23,0,0,0,0,1
2023-09-19,589179428,20190000000000000003,900200000000000057,1,191.600,315.147,60376.667,2023-09-19 16:00:00.000,L2FT01-FTJ028,10.47,0.000,0.666012,16605,0.435592,0.055345,0,0,1,1.0200,坪山区,23,23,0,0,0,0,1
2023-09-19,589179428,20190000000000000003,900200000000000057,1,191.600,316.500,60636.667,2023-09-19 16:15:00.000,L2FT01-FTJ028,10.47,0.000,0.666012,16605,0.435592,0.055345,0,0,1,1.0200,坪山区,23,23,0,0,0,0,1
2023-09-19,589179428,20190000000000000003,900200000000000042,1,135.657,360.373,48885.455,2023-09-19 17:30:00.000,L2FT01-FTJ028,10.17,0.000,0.666012,16605,0.435592,0.055345,0,0,1,1.0200,坪山区,23,23,0,0,0,0,1
2023-09-19,589179428,20190000000000000003,900200000000000042,1,113.211,372.709,42154.545,2023-09-19 17:45:00.000,L2FT01-FTJ028,10.17,0.000,0.666012,16605,0.435592,0.055345,0,0,1,1.0200,坪山区,23,23,0,0,0,0,1
2023-09-19,589179428,20190000000000000003,900200000000000048,1,72.932,412.700,29292.000,2023-09-19 18:45:00.000,L2FT01-FTJ028,10.07,0.000,0.666012,16605,0.435592,0.055345,0,0,1,1.0200,坪山区,23,23,0,0,0,0,1
2023-09-19,589179428,20190000000000000003,900200000000000031,1,61.790,447.000,27620.000,2023-09-19 19:00:00.000,L2FT01-FTJ028,10.17,0.000,0.666012,16605,0.435592,0.055345,0,0,1,1.0200,坪山区,23,23,0,0,0,0,1
2023-09-19,589179428,20190000000000000003,900200000000000048,1,90.919,410.773,37345.333,2023-09-19 19:00:00.000,L2FT01-FTJ028,10.17,0.000,0.666012,16605,0.435592,0.055345,0,0,1,1.0200,坪山区,23,23,0,0,0,0,1
2023-09-19,589179428,20190000000000000003,900200000000000031,1,61.803,455.273,28137.333,2023-09-19 19:15:00.000,L2FT01-FTJ028,10.17,0.000,0.666012,16605,0.435592,0.055345,0,0,1,1.0200,坪山区,23,23,0,0,0,0,1
2023-09-19,589179428,20190000000000000003,900200000000000048,1,90.859,425.592,38666.923,2023-09-19 19:15:00.000,L2FT01-FTJ028,10.17,0.000,0.666012,16605,0.435592,0.055345,0,0,1,1.0200,坪山区,23,23,0,0,0,0,1
2023-09-19,589179428,20190000000000000003,900200000000000031,1,25.651,462.767,11886.000,2023-09-19 19:30:00.000,L2FT01-FTJ028,10.17,0.000,0.666012,16605,0.435592,0.055345,0,0,1,1.0200,坪山区,23,23,0,0,0,0,1
2023-09-19,589179428,20190000000000000003,900200000000000048,1,35.526,354.677,12596.154,2023-09-19 19:30:00.000,L2FT01-FTJ028,10.17,0.000,0.666012,16605,0.435592,0.055345,0,0,1,1.0200,坪山区,23,23,0,0,0,0,1
2023-09-19,589179428,20190000000000000003,900200000000000031,1,11.790,463.940,5469.333,2023-09-19 19:45:00.000,L2FT01-FTJ028,10.17,0.000,0.666012,16605,0.435592,0.055345,0,0,1,1.0200,坪山区,23,23,0,0,0,0,1
2023-09-19,589179428,20190000000000000003,900200000000000048,1,35.500,360.567,12795.333,2023-09-19 19:45:00.000,L2FT01-FTJ028,10.17,0.000,0.666012,16605,0.435592,0.055345,0,0,1,1.0200,坪山区,23,23,0,0,0,0,1
2023-09-19,589179428,20190000000000000003,900200000000000031,1,11.790,465.750,5491.250,2023-09-19 20:00:00.000,L2FT01-FTJ028,10.47,0.000,0.666012,16605,0.435592,0.055345,0,0,1,1.0200,坪山区,23,23,0,0,0,0,1
2023-09-19,589179428,20190000000000000003,900200000000000048,1,35.500,369.080,13096.000,2023-09-19 20:00:00.000,L2FT01-FTJ028,10.47,0.000,0.666012,16605,0.435592,0.055345,0,0,1,1.0200,坪山区,23,23,0,0,0,0,1
2023-09-19,589179428,20190000000000000003,900200000000000048,1,35.500,378.547,13434.667,2023-09-19 20:15:00.000,L2FT01-FTJ028,10.47,0.000,0.666012,16605,0.435592,0.055345,0,0,1,1.0200,坪山区,23,23,0,0,0,0,1
2023-09-19,589179428,20190000000000000003,900200000000000048,1,34.506,387.987,13378.667,2023-09-19 20:30:00.000,L2FT01-FTJ028,10.47,0.000,0.666012,16605,0.435592,0.055345,0,0,1,1.0200,坪山区,23,23,0,0,0,0,1
2023-09-19,589179428,20190000000000000003,900200000000000048,1,20.657,394.020,8138.000,2023-09-19 20:45:00.000,L2FT01-FTJ028,10.47,0.000,0.666012,16605,0.435592,0.055345,0,0,1,1.0200,坪山区,23,23,0,0,0,0,1
2023-09-19,589179428,20190000000000000003,900200000000000048,1,17.651,399.660,7051.333,2023-09-19 21:00:00.000,L2FT01-FTJ028,10.95,0.000,0.666012,16605,0.435592,0.055345,0,0,1,1.0200,坪山区,23,23,0,0,0,0,1
2023-09-19,589179428,20190000000000000003,900200000000000048,1,4.145,400.450,1660.000,2023-09-19 21:15:00.000,L2FT01-FTJ028,10.95,0.000,0.666012,16605,0.435592,0.055345,0,0,1,1.0200,坪山区,23,23,0,0,0,0,1
2023-09-19,589179428,20190000000000000003,900200000000000057,1,120.615,374.650,45192.500,2023-09-19 23:00:00.000,L2FT01-FTJ028,12.30,0.000,0.666012,16605,0.435592,0.055345,0,0,1,1.0200,坪山区,23,23,0,0,0,0,1
2023-09-20,589179428,20190000000000000003,900200000000000037,1,61.045,334.500,18630.000,2023-09-20 03:15:00.000,L2FT01-FTJ028,15.19,0.000,0.666012,16605,0.435592,0.055345,0,0,1,1.0200,坪山区,23,23,0,0,0,0,1
2023-09-20,589179428,20190000000000000003,900200000000000037,1,121.843,308.307,37561.333,2023-09-20 03:30:00.000,L2FT01-FTJ028,15.19,0.000,0.666012,16605,0.435592,0.055345,0,0,1,1.0200,坪山区,23,23,0,0,0,0,1
2023-09-20,589179428,20190000000000000003,900200000000000047,1,123.093,398.133,49003.333,2023-09-20 03:30:00.000,L2FT01-FTJ028,15.19,0.000,0.666012,16605,0.435592,0.055345,0,0,1,1.0200,坪山区,23,23,0,0,0,0,1
2023-09-20,589179428,20190000000000000003,900200000000000037,1,121.800,310.013,37755.333,2023-09-20 03:45:00.000,L2FT01-FTJ028,15.19,0.000,0.666012,16605,0.435592,0.055345,0,0,1,1.0200,坪山区,23,23,0,0,0,0,1
2023-09-20,589179428,20190000000000000003,900200000000000047,1,102.661,410.193,42060.667,2023-09-20 03:45:00.000,L2FT01-FTJ028,15.19,0.000,0.666012,16605,0.435592,0.055345,0,0,1,1.0200,坪山区,23,23,0,0,0,0,1
2023-09-20,589179428,20190000000000000003,900200000000000037,1,121.800,310.920,37864.667,2023-09-20 04:00:00.000,L2FT01-FTJ028,15.67,0.000,0.666012,16605,0.435592,0.055345,0,0,1,1.0200,坪山区,23,23,0,0,0,0,1
2023-09-20,589179428,20190000000000000003,900200000000000047,1,68.878,429.620,29544.667,2023-09-20 04:00:00.000,L2FT01-FTJ028,15.67,0.000,0.666012,16605,0.435592,0.055345,0,0,1,1.0200,坪山区,23,23,0,0,0,0,1
2023-09-20,589179428,20190000000000000003,900200000000000037,1,121.800,312.693,38080.667,2023-09-20 04:15:00.000,L2FT01-FTJ028,15.67,0.000,0.666012,16605,0.435592,0.055345,0,0,1,1.0200,坪山区,23,23,0,0,0,0,1
2023-09-20,589179428,20190000000000000003,900200000000000047,1,36.871,439.267,16194.667,2023-09-20 04:15:00.000,L2FT01-FTJ028,15.67,0.000,0.666012,16605,0.435592,0.055345,0,0,1,1.0200,坪山区,23,23,0,0,0,0,1
2023-09-20,589179428,20190000000000000003,900200000000000037,1,121.800,313.873,38224.667,2023-09-20 04:30:00.000,L2FT01-FTJ028,15.67,0.000,0.666012,16605,0.435592,0.055345,0,0,1,1.0200,坪山区,23,23,0,0,0,0,1
2023-09-20,589179428,20190000000000000003,900200000000000047,1,19.363,444.440,8606.000,2023-09-20 04:30:00.000,L2FT01-FTJ028,15.67,0.000,0.666012,16605,0.435592,0.055345,0,0,1,1.0200,坪山区,23,23,0,0,0,0,1
2023-09-20,589179428,20190000000000000003,900200000000000037,1,121.800,314.673,38322.667,2023-09-20 04:45:00.000,L2FT01-FTJ028,15.67,0.000,0.666012,16605,0.435592,0.055345,0,0,1,1.0200,坪山区,23,23,0,0,0,0,1
2023-09-20,589179428,20190000000000000003,900200000000000047,1,16.690,446.800,7455.000,2023-09-20 04:45:00.000,L2FT01-FTJ028,15.67,0.000,0.666012,16605,0.435592,0.055345,0,0,1,1.0200,坪山区,23,23,0,0,0,0,1
2023-09-20,589179428,20190000000000000003,900200000000000043,1,65.000,234.750,19905.000,2023-09-20 05:00:00.000,L2FT01-FTJ028,15.97,0.000,0.666012,16605,0.435592,0.055345,0,0,1,1.0200,坪山区,23,23,0,0,0,0,1
2023-09-20,589179428,20190000000000000003,900200000000000037,1,115.591,318.546,36769.231,2023-09-20 05:00:00.000,L2FT01-FTJ028,15.97,0.000,0.666012,16605,0.435592,0.055345,0,0,1,1.0200,坪山区,23,23,0,0,0,0,1
2023-09-20,589179428,20190000000000000003,900200000000000043,1,129.905,309.107,40152.667,2023-09-20 05:15:00.000,L2FT01-FTJ028,15.97,0.000,0.666012,16605,0.435592,0.055345,0,0,1,1.0200,坪山区,23,23,0,0,0,0,1
2023-09-20,589179428,20190000000000000003,900200000000000043,1,129.912,310.640,40353.333,2023-09-20 05:30:00.000,L2FT01-FTJ028,15.97,0.000,0.666012,16605,0.435592,0.055345,0,0,1,1.0200,坪山区,23,23,0,0,0,0,1
2023-09-20,589179428,20190000000000000003,900200000000000043,1,129.949,311.920,40530.000,2023-09-20 05:45:00.000,L2FT01-FTJ028,15.97,0.000,0.666012,16605,0.435592,0.055345,0,0,1,1.0200,坪山区,23,23,0,0,0,0,1
2023-09-20,589179428,20190000000000000003,900200000000000043,1,129.919,314.080,40802.667,2023-09-20 06:00:00.000,L2FT01-FTJ028,16.07,0.000,0.666012,16605,0.435592,0.055345,0,0,1,1.0200,坪山区,23,23,0,0,0,0,1
2023-09-20,589179428,20190000000000000003,900200000000000038,1,21.063,473.700,9996.667,2023-09-20 06:15:00.000,L2FT01-FTJ028,16.07,0.000,0.666012,16605,0.435592,0.055345,0,0,1,1.0200,坪山区,23,23,0,0,0,0,1
2023-09-20,589179428,20190000000000000003,900200000000000039,0,0.000,290.700,0.000,2023-09-20 06:15:00.000,L2FT01-FTJ028,16.07,0.000,0.666012,16605,0.435592,0.055345,0,0,1,1.0200,坪山区,23,23,0,0,0,0,1
2023-09-20,589179428,20190000000000000003,900200000000000043,1,123.900,316.813,39244.667,2023-09-20 06:15:00.000,L2FT01-FTJ028,16.07,0.000,0.666012,16605,0.435592,0.055345,0,0,1,1.0200,坪山区,23,23,0,0,0,0,1
2023-09-20,589179428,20190000000000000003,900200000000000038,1,28.492,330.240,9490.000,2023-09-20 06:30:00.000,L2FT01-FTJ028,16.07,0.000,0.666012,16605,0.435592,0.055345,0,0,1,1.0200,坪山区,23,23,0,0,0,0,1
2023-09-20,589179428,20190000000000000003,900200000000000043,1,58.803,321.900,18885.556,2023-09-20 06:30:00.000,L2FT01-FTJ028,16.07,0.000,0.666012,16605,0.435592,0.055345,0,0,1,1.0200,坪山区,23,23,0,0,0,0,1
2023-09-20,589179428,20190000000000000003,900200000000000038,1,35.512,335.313,11903.333,2023-09-20 06:45:00.000,L2FT01-FTJ028,16.07,0.000,0.666012,16605,0.435592,0.055345,0,0,1,1.0200,坪山区,23,23,0,0,0,0,1
2023-09-20,589179428,20190000000000000003,900200000000000038,1,35.500,337.400,11972.667,2023-09-20 07:00:00.000,L2FT01-FTJ028,15.97,0.000,0.666012,16605,0.435592,0.055345,0,0,1,1.0200,坪山区,23,23,0,0,0,0,1
2023-09-20,589179428,20190000000000000003,900200000000000038,1,35.500,338.787,12021.333,2023-09-20 07:15:00.000,L2FT01-FTJ028,15.97,0.000,0.666012,16605,0.435592,0.055345,0,0,1,1.0200,坪山区,23,23,0,0,0,0,1
2023-09-20,589179428,20190000000000000003,900200000000000052,1,149.997,385.367,57800.000,2023-09-20 07:30:00.000,L2FT01-FTJ028,15.97,0.000,0.666012,16605,0.435592,0.055345,0,0,1,1.0200,坪山区,23,23,0,0,0,0,1
2023-09-20,589179428,20190000000000000003,900200000000000035,1,102.556,357.957,37192.143,2023-09-20 07:30:00.000,L2FT01-FTJ028,15.97,0.000,0.666012,16605,0.435592,0.055345,0,0,1,1.0200,坪山区,23,23,0,0,0,0,1
2023-09-20,589179428,20190000000000000003,900200000000000038,1,35.500,339.900,12062.222,2023-09-20 07:30:00.000,L2FT01-FTJ028,15.97,0.000,0.666012,16605,0.435592,0.055345,0,0,1,1.0200,坪山区,23,23,0,0,0,0,1
2023-09-20,589179428,20190000000000000003,900200000000000035,1,102.000,363.420,37062.000,2023-09-20 07:45:00.000,L2FT01-FTJ028,15.97,0.000,0.666012,16605,0.435592,0.055345,0,0,1,1.0200,坪山区,23,23,0,0,0,0,1
2023-09-20,589179428,20190000000000000003,900200000000000052,1,137.359,398.807,54693.333,2023-09-20 07:45:00.000,L2FT01-FTJ028,15.97,0.000,0.666012,16605,0.435592,0.055345,0,0,1,1.0200,坪山区,23,23,0,0,0,0,1
2023-09-20,589179428,20190000000000000003,900200000000000052,1,89.723,422.360,37815.333,2023-09-20 08:00:00.000,L2FT01-FTJ028,15.67,0.000,0.666012,16605,0.435592,0.055345,0,0,1,1.0200,坪山区,23,23,0,0,0,0,1
2023-09-20,589179428,20190000000000000003,900200000000000052,1,68.090,432.100,29420.000,2023-09-20 08:15:00.000,L2FT01-FTJ028,15.67,0.000,0.666012,16605,0.435592,0.055345,0,0,1,1.0200,坪山区,23,23,0,0,0,0,1
2023-09-20,589179428,20190000000000000003,900200000000000031,1,59.834,336.843,19894.286,2023-09-20 09:45:00.000,L2FT01-FTJ028,15.19,0.000,0.666012,16605,0.435592,0.055345,0,0,1,1.0200,坪山区,23,23,0,0,0,0,1
2023-09-20,589179428,20190000000000000003,900200000000000031,1,69.810,337.460,23556.000,2023-09-20 10:00:00.000,L2FT01-FTJ028,14.57,0.000,0.666012,16605,0.435592,0.055345,0,0,1,1.0200,坪山区,23,23,0,0,0,0,1
2023-09-20,589179428,20190000000000000003,900200000000000031,1,69.311,347.073,24052.000,2023-09-20 10:15:00.000,L2FT01-FTJ028,14.57,0.000,0.666012,16605,0.435592,0.055345,0,0,1,1.0200,坪山区,23,23,0,0,0,0,1
2023-09-20,589179428,20190000000000000003,900200000000000031,1,69.803,358.120,24997.333,2023-09-20 10:30:00.000,L2FT01-FTJ028,14.57,0.000,0.666012,16605,0.435592,0.055345,0,0,1,1.0200,坪山区,23,23,0,0,0,0,1
2023-09-20,589179428,20190000000000000003,900200000000000031,1,48.578,364.712,17717.500,2023-09-20 10:45:00.000,L2FT01-FTJ028,14.57,0.000,0.666012,16605,0.435592,0.055345,0,0,1,1.0200,坪山区,23,23,0,0,0,0,1
2023-09-20,589179428,20190000000000000003,900200000000000056,1,15.684,360.650,5688.571,2023-09-20 12:00:00.000,L2FT01-FTJ028,13.07,0.000,0.666012,16605,0.435592,0.055345,0,0,1,1.0200,坪山区,23,23,0,0,0,0,1
2023-09-20,589179428,20190000000000000003,900200000000000056,1,16.890,364.813,6161.333,2023-09-20 12:15:00.000,L2FT01-FTJ028,13.07,0.000,0.666012,16605,0.435592,0.055345,0,0,1,1.0200,坪山区,23,23,0,0,0,0,1
2023-09-20,589179428,20190000000000000003,900200000000000056,1,65.350,374.580,24530.000,2023-09-20 12:30:00.000,L2FT01-FTJ028,13.07,0.000,0.666012,16605,0.435592,0.055345,0,0,1,1.0200,坪山区,23,23,0,0,0,0,1
2023-09-20,589179428,20190000000000000003,900200000000000056,1,71.783,388.960,27921.333,2023-09-20 12:45:00.000,L2FT01-FTJ028,13.07,0.000,0.666012,16605,0.435592,0.055345,0,0,1,1.0200,坪山区,23,23,0,0,0,0,1
2023-09-20,589179428,20190000000000000003,900200000000000056,1,61.190,401.327,24540.000,2023-09-20 13:00:00.000,L2FT01-FTJ028,12.30,0.000,0.666012,16605,0.435592,0.055345,0,0,1,1.0200,坪山区,23,23,0,0,0,0,1
2023-09-20,589179428,20190000000000000003,900200000000000056,1,28.470,408.013,11616.000,2023-09-20 13:15:00.000,L2FT01-FTJ028,12.30,0.000,0.666012,16605,0.435592,0.055345,0,0,1,1.0200,坪山区,23,23,0,0,0,0,1
2023-09-20,589179428,20190000000000000003,900200000000000042,1,66.308,341.708,23277.692,2023-09-20 13:30:00.000,L2FT01-FTJ028,12.30,0.000,0.666012,16605,0.435592,0.055345,0,0,1,1.0200,坪山区,23,23,0,0,0,0,1
2023-09-20,589179428,20190000000000000003,900200000000000056,1,10.890,408.562,4448.750,2023-09-20 13:30:00.000,L2FT01-FTJ028,12.30,0.000,0.666012,16605,0.435592,0.055345,0,0,1,1.0200,坪山区,23,23,0,0,0,0,1
2023-09-20,589179428,20190000000000000003,900200000000000042,1,71.790,353.293,25361.333,2023-09-20 13:45:00.000,L2FT01-FTJ028,12.30,0.000,0.666012,16605,0.435592,0.055345,0,0,1,1.0200,坪山区,23,23,0,0,0,0,1
2023-09-20,589179428,20190000000000000003,900200000000000042,1,71.790,354.900,25477.500,2023-09-20 14:00:00.000,L2FT01-FTJ028,11.57,0.000,0.666012,16605,0.435592,0.055345,0,0,1,1.0200,坪山区,23,23,0,0,0,0,1
2023-09-20,589179428,20190000000000000003,900200000000000031,1,119.958,311.592,37452.308,2023-09-20 15:15:00.000,L2FT01-FTJ028,10.95,0.000,0.666012,16605,0.435592,0.055345,0,0,1,1.0200,坪山区,23,23,0,0,0,0,1
2023-09-20,589179428,20190000000000000003,900200000000000031,1,129.934,315.067,40935.333,2023-09-20 15:30:00.000,L2FT01-FTJ028,10.95,0.000,0.666012,16605,0.435592,0.055345,0,0,1,1.0200,坪山区,23,23,0,0,0,0,1
2023-09-20,589179428,20190000000000000003,900200000000000035,1,188.844,314.500,59402.222,2023-09-20 15:30:00.000,L2FT01-FTJ028,10.95,0.000,0.666012,16605,0.435592,0.055345,0,0,1,1.0200,坪山区,23,23,0,0,0,0,1
2023-09-20,589179428,20190000000000000003,900200000000000031,1,105.897,321.500,33980.667,2023-09-20 15:45:00.000,L2FT01-FTJ028,10.95,0.000,0.666012,16605,0.435592,0.055345,0,0,1,1.0200,坪山区,23,23,0,0,0,0,1
2023-09-20,589179428,20190000000000000003,900200000000000035,1,191.456,316.713,60632.667,2023-09-20 15:45:00.000,L2FT01-FTJ028,10.95,0.000,0.666012,16605,0.435592,0.055345,0,0,1,1.0200,坪山区,23,23,0,0,0,0,1
2023-09-20,589179428,20190000000000000003,900200000000000035,1,165.193,319.267,52783.333,2023-09-20 16:00:00.000,L2FT01-FTJ028,10.47,0.000,0.666012,16605,0.435592,0.055345,0,0,1,1.0200,坪山区,23,23,0,0,0,0,1
2023-09-20,589179428,20190000000000000003,900200000000000031,1,49.892,328.080,16384.000,2023-09-20 16:00:00.000,L2FT01-FTJ028,10.47,0.000,0.666012,16605,0.435592,0.055345,0,0,1,1.0200,坪山区,23,23,0,0,0,0,1
2023-09-20,589179428,20190000000000000003,900200000000000042,1,179.645,315.554,56683.077,2023-09-20 16:45:00.000,L2FT01-FTJ028,10.47,0.000,0.666012,16605,0.435592,0.055345,0,0,1,1.0200,坪山区,23,23,0,0,0,0,1
2023-09-20,589179428,20190000000000000003,900200000000000042,1,163.841,319.329,52240.000,2023-09-20 17:00:00.000,L2FT01-FTJ028,10.17,0.000,0.666012,16605,0.435592,0.055345,0,0,1,1.0200,坪山区,23,23,0,0,0,0,1
2023-09-20,589179428,20190000000000000003,900200000000000052,1,110.826,473.723,52826.154,2023-09-20 17:00:00.000,L2FT01-FTJ028,10.17,0.000,0.666012,16605,0.435592,0.055345,0,0,1,1.0200,坪山区,23,23,0,0,0,0,1
2023-09-20,589179428,20190000000000000003,900200000000000052,1,126.733,477.120,60466.000,2023-09-20 17:15:00.000,L2FT01-FTJ028,10.17,0.000,0.666012,16605,0.435592,0.055345,0,0,1,1.0200,坪山区,23,23,0,0,0,0,1
2023-09-20,589179428,20190000000000000003,900200000000000043,1,90.340,317.100,28645.000,2023-09-20 17:30:00.000,L2FT01-FTJ028,10.17,0.000,0.666012,16605,0.435592,0.055345,0,0,1,1.0200,坪山区,23,23,0,0,0,0,1
2023-09-20,589179428,20190000000000000003,900200000000000052,1,86.306,476.747,41143.333,2023-09-20 17:30:00.000,L2FT01-FTJ028,10.17,0.000,0.666012,16605,0.435592,0.055345,0,0,1,1.0200,坪山区,23,23,0,0,0,0,1
2023-09-20,589179428,20190000000000000003,900200000000000043,1,90.147,322.580,29076.667,2023-09-20 17:45:00.000,L2FT01-FTJ028,10.17,0.000,0.666012,16605,0.435592,0.055345,0,0,1,1.0200,坪山区,23,23,0,0,0,0,1
2023-09-20,589179428,20190000000000000003,900200000000000052,1,43.404,476.200,20675.000,2023-09-20 17:45:00.000,L2FT01-FTJ028,10.17,0.000,0.666012,16605,0.435592,0.055345,0,0,1,1.0200,坪山区,23,23,0,0,0,0,1
2023-09-20,589179428,20190000000000000003,900200000000000043,1,89.037,325.133,28948.000,2023-09-20 18:00:00.000,L2FT01-FTJ028,10.07,0.000,0.666012,16605,0.435592,0.055345,0,0,1,1.0200,坪山区,23,23,0,0,0,0,1
2023-09-20,589179428,20190000000000000003,900200000000000044,1,121.856,311.470,37950.000,2023-09-20 18:00:00.000,L2FT01-FTJ028,10.07,0.000,0.666012,16605,0.435592,0.055345,0,0,1,1.0200,坪山区,23,23,0,0,0,0,1
2023-09-20,589179428,20190000000000000003,900200000000000043,1,72.577,325.387,23615.333,2023-09-20 18:15:00.000,L2FT01-FTJ028,10.07,0.000,0.666012,16605,0.435592,0.055345,0,0,1,1.0200,坪山区,23,23,0,0,0,0,1
2023-09-20,589179428,20190000000000000003,900200000000000044,1,121.800,313.233,38146.000,2023-09-20 18:15:00.000,L2FT01-FTJ028,10.07,0.000,0.666012,16605,0.435592,0.055345,0,0,1,1.0200,坪山区,23,23,0,0,0,0,1
2023-09-20,589179428,20190000000000000003,900200000000000044,1,114.811,317.029,36295.714,2023-09-20 18:30:00.000,L2FT01-FTJ028,10.07,0.000,0.666012,16605,0.435592,0.055345,0,0,1,1.0200,坪山区,23,23,0,0,0,0,1
2023-09-20,589179428,20190000000000000003,900200000000000042,0,0.000,253.500,0.000,2023-09-20 18:30:00.000,L2FT01-FTJ028,10.07,0.000,0.666012,16605,0.435592,0.055345,0,0,1,1.0200,坪山区,23,23,0,0,0,0,1
2023-09-20,589179428,20190000000000000003,900200000000000043,1,66.319,326.613,21659.333,2023-09-20 18:30:00.000,L2FT01-FTJ028,10.07,0.000,0.666012,16605,0.435592,0.055345,0,0,1,1.0200,坪山区,23,23,0,0,0,0,1
2023-09-20,589179428,20190000000000000003,900200000000000043,1,38.463,325.420,12514.000,2023-09-20 18:45:00.000,L2FT01-FTJ028,10.07,0.000,0.666012,16605,0.435592,0.055345,0,0,1,1.0200,坪山区,23,23,0,0,0,0,1
2023-09-20,589179428,20190000000000000003,900200000000000043,1,27.608,327.120,9017.333,2023-09-20 19:00:00.000,L2FT01-FTJ028,10.17,0.000,0.666012,16605,0.435592,0.055345,0,0,1,1.0200,坪山区,23,23,0,0,0,0,1
2023-09-20,589179428,20190000000000000003,900200000000000043,1,13.500,334.550,4515.000,2023-09-20 19:15:00.000,L2FT01-FTJ028,10.17,0.000,0.666012,16605,0.435592,0.055345,0,0,1,1.0200,坪山区,23,23,0,0,0,0,1
2023-09-20,589179428,20190000000000000003,900200000000000042,1,15.290,349.500,5340.000,2023-09-20 19:30:00.000,L2FT01-FTJ028,10.17,0.000,0.666012,16605,0.435592,0.055345,0,0,1,1.0200,坪山区,23,23,0,0,0,0,1
2023-09-20,589179428,20190000000000000003,900200000000000042,1,120.948,362.193,43890.667,2023-09-20 19:45:00.000,L2FT01-FTJ028,10.17,0.000,0.666012,16605,0.435592,0.055345,0,0,1,1.0200,坪山区,23,23,0,0,0,0,1
2023-09-20,589179428,20190000000000000003,900200000000000042,1,101.613,363.887,36974.667,2023-09-20 20:00:00.000,L2FT01-FTJ028,10.47,0.000,0.666012,16605,0.435592,0.055345,0,0,1,1.0200,坪山区,23,23,0,0,0,0,1
2023-09-20,589179428,20190000000000000003,900200000000000042,1,83.750,364.513,30527.333,2023-09-20 20:15:00.000,L2FT01-FTJ028,10.47,0.000,0.666012,16605,0.435592,0.055345,0,0,1,1.0200,坪山区,23,23,0,0,0,0,1
2023-09-20,589179428,20190000000000000003,900200000000000042,1,50.877,365.253,18602.667,2023-09-20 20:30:00.000,L2FT01-FTJ028,10.47,0.000,0.666012,16605,0.435592,0.055345,0,0,1,1.0200,坪山区,23,23,0,0,0,0,1
2023-09-20,589179428,20190000000000000003,900200000000000043,1,35.545,235.850,10610.000,2023-09-20 20:30:00.000,L2FT01-FTJ028,10.47,0.000,0.666012,16605,0.435592,0.055345,0,0,1,1.0200,坪山区,23,23,0,0,0,0,1
2023-09-20,589179428,20190000000000000003,900200000000000042,1,19.697,369.471,7267.857,2023-09-20 20:45:00.000,L2FT01-FTJ028,10.47,0.000,0.666012,16605,0.435592,0.055345,0,0,1,1.0200,坪山区,23,23,0,0,0,0,1
2023-09-20,589179428,20190000000000000003,900200000000000044,1,83.740,406.250,34015.000,2023-09-20 21:30:00.000,L2FT01-FTJ028,10.95,0.000,0.666012,16605,0.435592,0.055345,0,0,1,1.0200,坪山区,23,23,0,0,0,0,1
2023-09-20,589179428,20190000000000000003,900200000000000044,1,66.690,409.520,27322.000,2023-09-20 21:45:00.000,L2FT01-FTJ028,10.95,0.000,0.666012,16605,0.435592,0.055345,0,0,1,1.0200,坪山区,23,23,0,0,0,0,1
2023-09-20,589179428,20190000000000000003,900200000000000044,1,44.499,410.520,18275.333,2023-09-20 22:00:00.000,L2FT01-FTJ028,11.57,0.000,0.666012,16605,0.435592,0.055345,0,0,1,1.0200,坪山区,23,23,0,0,0,0,1
2023-09-20,589179428,20190000000000000003,900200000000000044,1,20.105,409.067,8226.667,2023-09-20 22:15:00.000,L2FT01-FTJ028,11.57,0.000,0.666012,16605,0.435592,0.055345,0,0,1,1.0200,坪山区,23,23,0,0,0,0,1
2023-09-20,589179428,20190000000000000003,900200000000000057,1,60.279,321.871,19422.857,2023-09-20 22:15:00.000,L2FT01-FTJ028,11.57,0.000,0.666012,16605,0.435592,0.055345,0,0,1,1.0200,坪山区,23,23,0,0,0,0,1
2023-09-20,589179428,20190000000000000003,900200000000000044,1,14.084,413.350,5817.500,2023-09-20 22:30:00.000,L2FT01-FTJ028,11.57,0.000,0.666012,16605,0.435592,0.055345,0,0,1,1.0200,坪山区,23,23,0,0,0,0,1
2023-09-20,589179428,20190000000000000003,900200000000000051,1,75.845,356.492,27035.385,2023-09-20 22:30:00.000,L2FT01-FTJ028,11.57,0.000,0.666012,16605,0.435592,0.055345,0,0,1,1.0200,坪山区,23,23,0,0,0,0,1
2023-09-20,589179428,20190000000000000003,900200000000000057,1,70.190,323.200,22680.000,2023-09-20 22:30:00.000,L2FT01-FTJ028,11.57,0.000,0.666012,16605,0.435592,0.055345,0,0,1,1.0200,坪山区,23,23,0,0,0,0,1
2023-09-20,589179428,20190000000000000003,900200000000000057,1,111.957,415.940,46570.000,2023-09-20 23:45:00.000,L2FT01-FTJ028,12.30,0.000,0.666012,16605,0.435592,0.055345,0,0,1,1.0200,坪山区,23,23,0,0,0,0,1
2023-09-21,589179428,20190000000000000003,900200000000000037,1,121.568,306.671,37277.857,2023-09-21 00:00:00.000,L2FT01-FTJ028,13.07,0.000,0.666012,16605,0.435592,0.055345,0,0,1,1.0200,坪山区,23,23,0,0,0,0,1
2023-09-21,589179428,20190000000000000003,900200000000000044,1,49.216,349.288,17528.750,2023-09-21 00:00:00.000,L2FT01-FTJ028,13.07,0.000,0.666012,16605,0.435592,0.055345,0,0,1,1.0200,坪山区,23,23,0,0,0,0,1
2023-09-21,589179428,20190000000000000003,900200000000000057,1,112.800,422.900,47700.000,2023-09-21 00:00:00.000,L2FT01-FTJ028,13.07,0.000,0.666012,16605,0.435592,0.055345,0,0,1,1.0200,坪山区,23,23,0,0,0,0,1
2023-09-21,589179428,20190000000000000003,900200000000000037,1,121.500,309.988,37658.750,2023-09-21 00:15:00.000,L2FT01-FTJ028,13.07,0.000,0.666012,16605,0.435592,0.055345,0,0,1,1.0200,坪山区,23,23,0,0,0,0,1
2023-09-21,589179428,20190000000000000003,900200000000000044,1,71.590,357.240,25573.333,2023-09-21 00:15:00.000,L2FT01-FTJ028,13.07,0.000,0.666012,16605,0.435592,0.055345,0,0,1,1.0200,坪山区,23,23,0,0,0,0,1
2023-09-21,589179428,20190000000000000003,900200000000000044,1,71.590,358.360,25654.000,2023-09-21 00:30:00.000,L2FT01-FTJ028,13.07,0.000,0.666012,16605,0.435592,0.055345,0,0,1,1.0200,坪山区,23,23,0,0,0,0,1
2023-09-21,589179428,20190000000000000003,900200000000000044,1,71.590,361.040,25845.333,2023-09-21 00:45:00.000,L2FT01-FTJ028,13.07,0.000,0.666012,16605,0.435592,0.055345,0,0,1,1.0200,坪山区,23,23,0,0,0,0,1
2023-09-21,589179428,20190000000000000003,900200000000000044,1,71.590,362.013,25914.667,2023-09-21 01:00:00.000,L2FT01-FTJ028,13.85,0.000,0.666012,16605,0.435592,0.055345,0,0,1,1.0200,坪山区,23,23,0,0,0,0,1
2023-09-21,589179428,20190000000000000003,900200000000000044,1,71.590,362.653,25961.333,2023-09-21 01:15:00.000,L2FT01-FTJ028,13.85,0.000,0.666012,16605,0.435592,0.055345,0,0,1,1.0200,坪山区,23,23,0,0,0,0,1
2023-09-21,589179428,20190000000000000003,900200000000000044,1,71.590,364.533,26095.333,2023-09-21 01:30:00.000,L2FT01-FTJ028,13.85,0.000,0.666012,16605,0.435592,0.055345,0,0,1,1.0200,坪山区,23,23,0,0,0,0,1
2023-09-21,589179428,20190000000000000003,900200000000000044,1,40.191,366.418,14720.909,2023-09-21 01:45:00.000,L2FT01-FTJ028,13.85,0.000,0.666012,16605,0.435592,0.055345,0,0,1,1.0200,坪山区,23,23,0,0,0,0,1
2023-09-21,589179428,20190000000000000003,900200000000000056,1,71.640,411.800,29501.250,2023-09-21 04:00:00.000,L2FT01-FTJ028,15.67,0.000,0.666012,16605,0.435592,0.055345,0,0,1,1.0200,坪山区,23,23,0,0,0,0,1
2023-09-21,589179428,20190000000000000003,900200000000000056,1,71.572,417.840,29904.000,2023-09-21 04:15:00.000,L2FT01-FTJ028,15.67,0.000,0.666012,16605,0.435592,0.055345,0,0,1,1.0200,坪山区,23,23,0,0,0,0,1
2023-09-21,589179428,20190000000000000003,900200000000000056,1,71.325,420.613,29997.333,2023-09-21 04:30:00.000,L2FT01-FTJ028,15.67,0.000,0.666012,16605,0.435592,0.055345,0,0,1,1.0200,坪山区,23,23,0,0,0,0,1
2023-09-21,589179428,20190000000000000003,900200000000000056,1,70.919,423.147,30007.333,2023-09-21 04:45:00.000,L2FT01-FTJ028,15.67,0.000,0.666012,16605,0.435592,0.055345,0,0,1,1.0200,坪山区,23,23,0,0,0,0,1
2023-09-21,589179428,20190000000000000003,900200000000000056,1,69.914,425.147,29722.000,2023-09-21 05:00:00.000,L2FT01-FTJ028,15.97,0.000,0.666012,16605,0.435592,0.055345,0,0,1,1.0200,坪山区,23,23,0,0,0,0,1
2023-09-21,589179428,20190000000000000003,900200000000000056,1,64.890,425.267,27594.000,2023-09-21 05:15:00.000,L2FT01-FTJ028,15.97,0.000,0.666012,16605,0.435592,0.055345,0,0,1,1.0200,坪山区,23,23,0,0,0,0,1
2023-09-21,589179428,20190000000000000003,900200000000000056,1,56.844,425.093,24176.000,2023-09-21 05:30:00.000,L2FT01-FTJ028,15.97,0.000,0.666012,16605,0.435592,0.055345,0,0,1,1.0200,坪山区,23,23,0,0,0,0,1
2023-09-21,589179428,20190000000000000003,900200000000000056,1,44.390,429.100,19043.333,2023-09-21 05:45:00.000,L2FT01-FTJ028,15.97,0.000,0.666012,16605,0.435592,0.055345,0,0,1,1.0200,坪山区,23,23,0,0,0,0,1
2023-09-21,589179428,20190000000000000003,900200000000000043,1,109.609,345.867,38377.500,2023-09-21 05:45:00.000,L2FT01-FTJ028,15.97,0.000,0.666012,16605,0.435592,0.055345,0,0,1,1.0200,坪山区,23,23,0,0,0,0,1
2023-09-21,589179428,20190000000000000003,900200000000000043,1,119.657,353.960,42351.333,2023-09-21 06:00:00.000,L2FT01-FTJ028,16.07,0.000,0.666012,16605,0.435592,0.055345,0,0,1,1.0200,坪山区,23,23,0,0,0,0,1
2023-09-21,589179428,20190000000000000003,900200000000000056,1,32.651,438.720,15257.000,2023-09-21 06:00:00.000,L2FT01-FTJ028,16.07,0.000,0.666012,16605,0.435592,0.055345,0,0,1,1.0200,坪山区,23,23,0,0,0,0,1
2023-09-21,589179428,20190000000000000003,900200000000000039,1,27.367,403.775,11545.000,2023-09-21 06:00:00.000,L2FT01-FTJ028,16.07,0.000,0.666012,16605,0.435592,0.055345,0,0,1,1.0200,坪山区,23,23,0,0,0,0,1
2023-09-21,589179428,20190000000000000003,900200000000000056,1,62.690,477.133,29913.333,2023-09-21 06:15:00.000,L2FT01-FTJ028,16.07,0.000,0.666012,16605,0.435592,0.055345,0,0,1,1.0200,坪山区,23,23,0,0,0,0,1
2023-09-21,589179428,20190000000000000003,900200000000000043,1,119.590,355.893,42559.333,2023-09-21 06:15:00.000,L2FT01-FTJ028,16.07,0.000,0.666012,16605,0.435592,0.055345,0,0,1,1.0200,坪山区,23,23,0,0,0,0,1
2023-09-21,589179428,20190000000000000003,900200000000000039,1,36.372,423.413,15404.667,2023-09-21 06:15:00.000,L2FT01-FTJ028,16.07,0.000,0.666012,16605,0.435592,0.055345,0,0,1,1.0200,坪山区,23,23,0,0,0,0,1
2023-09-21,589179428,20190000000000000003,900200000000000039,1,36.571,423.453,15489.333,2023-09-21 06:30:00.000,L2FT01-FTJ028,16.07,0.000,0.666012,16605,0.435592,0.055345,0,0,1,1.0200,坪山区,23,23,0,0,0,0,1
2023-09-21,589179428,20190000000000000003,900200000000000043,1,89.372,356.267,31880.667,2023-09-21 06:30:00.000,L2FT01-FTJ028,16.07,0.000,0.666012,16605,0.435592,0.055345,0,0,1,1.0200,坪山区,23,23,0,0,0,0,1
2023-09-21,589179428,20190000000000000003,900200000000000039,1,32.867,423.313,13928.667,2023-09-21 06:45:00.000,L2FT01-FTJ028,16.07,0.000,0.666012,16605,0.435592,0.055345,0,0,1,1.0200,坪山区,23,23,0,0,0,0,1
2023-09-21,589179428,20190000000000000003,900200000000000042,1,71.890,319.567,22973.333,2023-09-21 06:45:00.000,L2FT01-FTJ028,16.07,0.000,0.666012,16605,0.435592,0.055345,0,0,1,1.0200,坪山区,23,23,0,0,0,0,1
2023-09-21,589179428,20190000000000000003,900200000000000043,1,45.463,359.200,16315.714,2023-09-21 06:45:00.000,L2FT01-FTJ028,16.07,0.000,0.666012,16605,0.435592,0.055345,0,0,1,1.0200,坪山区,23,23,0,0,0,0,1
2023-09-21,589179428,20190000000000000003,900200000000000039,1,15.770,421.300,6666.000,2023-09-21 07:00:00.000,L2FT01-FTJ028,15.97,0.000,0.666012,16605,0.435592,0.055345,0,0,1,1.0200,坪山区,23,23,0,0,0,0,1
2023-09-21,589179428,20190000000000000003,900200000000000042,1,71.777,323.173,23194.000,2023-09-21 07:00:00.000,L2FT01-FTJ028,15.97,0.000,0.666012,16605,0.435592,0.055345,0,0,1,1.0200,坪山区,23,23,0,0,0,0,1
2023-09-21,589179428,20190000000000000003,900200000000000057,1,85.518,355.636,30472.727,2023-09-21 07:00:00.000,L2FT01-FTJ028,15.97,0.000,0.666012,16605,0.435592,0.055345,0,0,1,1.0200,坪山区,23,23,0,0,0,0,1
2023-09-21,589179428,20190000000000000003,900200000000000042,1,71.715,323.925,23230.000,2023-09-21 07:15:00.000,L2FT01-FTJ028,15.97,0.000,0.666012,16605,0.435592,0.055345,0,0,1,1.0200,坪山区,23,23,0,0,0,0,1
2023-09-21,589179428,20190000000000000003,900200000000000057,1,58.032,358.283,20788.333,2023-09-21 07:15:00.000,L2FT01-FTJ028,15.97,0.000,0.666012,16605,0.435592,0.055345,0,0,1,1.0200,坪山区,23,23,0,0,0,0,1
2023-09-21,589179428,20190000000000000003,900200000000000057,1,70.472,366.450,25876.429,2023-09-21 07:30:00.000,L2FT01-FTJ028,15.97,0.000,0.666012,16605,0.435592,0.055345,0,0,1,1.0200,坪山区,23,23,0,0,0,0,1
2023-09-21,589179428,20190000000000000003,900200000000000057,1,70.387,386.273,27158.667,2023-09-21 07:45:00.000,L2FT01-FTJ028,15.97,0.000,0.666012,16605,0.435592,0.055345,0,0,1,1.0200,坪山区,23,23,0,0,0,0,1
2023-09-21,589179428,20190000000000000003,900200000000000057,1,35.741,397.055,14179.091,2023-09-21 08:00:00.000,L2FT01-FTJ028,15.67,0.000,0.666012,16605,0.435592,0.055345,0,0,1,1.0200,坪山区,23,23,0,0,0,0,1
2023-09-21,589179428,20190000000000000003,900200000000000043,1,50.884,364.533,18567.500,2023-09-21 09:00:00.000,L2FT01-FTJ028,15.19,0.000,0.666012,16605,0.435592,0.055345,0,0,1,1.0200,坪山区,23,23,0,0,0,0,1
2023-09-21,589179428,20190000000000000003,900200000000000038,1,17.845,350.650,6110.000,2023-09-21 09:15:00.000,L2FT01-FTJ028,15.19,0.000,0.666012,16605,0.435592,0.055345,0,0,1,1.0200,坪山区,23,23,0,0,0,0,1
2023-09-21,589179428,20190000000000000003,900200000000000043,1,58.251,365.353,21280.667,2023-09-21 09:15:00.000,L2FT01-FTJ028,15.19,0.000,0.666012,16605,0.435592,0.055345,0,0,1,1.0200,坪山区,23,23,0,0,0,0,1
2023-09-21,589179428,20190000000000000003,900200000000000043,1,59.060,366.567,21648.667,2023-09-21 09:30:00.000,L2FT01-FTJ028,15.19,0.000,0.666012,16605,0.435592,0.055345,0,0,1,1.0200,坪山区,23,23,0,0,0,0,1
2023-09-21,589179428,20190000000000000003,900200000000000052,1,94.606,359.113,34418.750,2023-09-21 09:30:00.000,L2FT01-FTJ028,15.19,0.000,0.666012,16605,0.435592,0.055345,0,0,1,1.0200,坪山区,23,23,0,0,0,0,1
2023-09-21,589179428,20190000000000000003,900200000000000031,1,77.032,310.860,23944.000,2023-09-21 09:45:00.000,L2FT01-FTJ028,15.19,0.000,0.666012,16605,0.435592,0.055345,0,0,1,1.0200,坪山区,23,23,0,0,0,0,1
2023-09-21,589179428,20190000000000000003,900200000000000038,1,30.613,413.800,13472.000,2023-09-21 09:45:00.000,L2FT01-FTJ028,15.19,0.000,0.666012,16605,0.435592,0.055345,0,0,1,1.0200,坪山区,23,23,0,0,0,0,1
2023-09-21,589179428,20190000000000000003,900200000000000043,1,59.457,368.717,21921.667,2023-09-21 09:45:00.000,L2FT01-FTJ028,15.19,0.000,0.666012,16605,0.435592,0.055345,0,0,1,1.0200,坪山区,23,23,0,0,0,0,1
2023-09-21,589179428,20190000000000000003,900200000000000031,1,73.131,313.653,22934.000,2023-09-21 10:00:00.000,L2FT01-FTJ028,14.57,0.000,0.666012,16605,0.435592,0.055345,0,0,1,1.0200,坪山区,23,23,0,0,0,0,1
2023-09-21,589179428,20190000000000000003,900200000000000031,1,69.799,318.273,22212.000,2023-09-21 10:15:00.000,L2FT01-FTJ028,14.57,0.000,0.666012,16605,0.435592,0.055345,0,0,1,1.0200,坪山区,23,23,0,0,0,0,1
2023-09-21,589179428,20190000000000000003,900200000000000052,1,55.500,352.250,19830.000,2023-09-21 10:15:00.000,L2FT01-FTJ028,14.57,0.000,0.666012,16605,0.435592,0.055345,0,0,1,1.0200,坪山区,23,23,0,0,0,0,1
2023-09-21,589179428,20190000000000000003,900200000000000031,1,45.323,321.587,14574.000,2023-09-21 10:30:00.000,L2FT01-FTJ028,14.57,0.000,0.666012,16605,0.435592,0.055345,0,0,1,1.0200,坪山区,23,23,0,0,0,0,1
2023-09-21,589179428,20190000000000000003,900200000000000052,1,84.239,356.753,30084.667,2023-09-21 10:30:00.000,L2FT01-FTJ028,14.57,0.000,0.666012,16605,0.435592,0.055345,0,0,1,1.0200,坪山区,23,23,0,0,0,0,1
2023-09-21,589179428,20190000000000000003,900200000000000052,1,37.047,354.650,13135.000,2023-09-21 10:45:00.000,L2FT01-FTJ028,14.57,0.000,0.666012,16605,0.435592,0.055345,0,0,1,1.0200,坪山区,23,23,0,0,0,0,1
2023-09-21,589179428,20190000000000000003,900200000000000031,1,43.297,326.813,14146.667,2023-09-21 10:45:00.000,L2FT01-FTJ028,14.57,0.000,0.666012,16605,0.435592,0.055345,0,0,1,1.0200,坪山区,23,23,0,0,0,0,1
2023-09-21,589179428,20190000000000000003,900200000000000031,1,42.590,330.900,14091.667,2023-09-21 11:00:00.000,L2FT01-FTJ028,13.85,0.000,0.666012,16605,0.435592,0.055345,0,0,1,1.0200,坪山区,23,23,0,0,0,0,1
2023-09-21,589179428,20190000000000000003,900200000000000038,0,0.000,382.100,0.000,2023-09-21 12:00:00.000,L2FT01-FTJ028,13.07,0.000,0.666012,16605,0.435592,0.055345,0,0,1,1.0200,坪山区,23,23,0,0,0,0,1
2023-09-21,589179428,20190000000000000003,900200000000000052,1,55.090,367.900,20270.000,2023-09-21 12:00:00.000,L2FT01-FTJ028,13.07,0.000,0.666012,16605,0.435592,0.055345,0,0,1,1.0200,坪山区,23,23,0,0,0,0,1
2023-09-21,589179428,20190000000000000003,900200000000000052,1,99.364,383.073,38025.333,2023-09-21 12:15:00.000,L2FT01-FTJ028,13.07,0.000,0.666012,16605,0.435592,0.055345,0,0,1,1.0200,坪山区,23,23,0,0,0,0,1
2023-09-21,589179428,20190000000000000003,900200000000000031,1,107.981,367.111,40014.444,2023-09-21 12:30:00.000,L2FT01-FTJ028,13.07,0.000,0.666012,16605,0.435592,0.055345,0,0,1,1.0200,坪山区,23,23,0,0,0,0,1
2023-09-21,589179428,20190000000000000003,900200000000000052,1,70.943,398.553,28238.667,2023-09-21 12:30:00.000,L2FT01-FTJ028,13.07,0.000,0.666012,16605,0.435592,0.055345,0,0,1,1.0200,坪山区,23,23,0,0,0,0,1
2023-09-21,589179428,20190000000000000003,900200000000000031,1,131.777,383.753,50561.333,2023-09-21 12:45:00.000,L2FT01-FTJ028,13.07,0.000,0.666012,16605,0.435592,0.055345,0,0,1,1.0200,坪山区,23,23,0,0,0,0,1
2023-09-21,589179428,20190000000000000003,900200000000000035,1,106.356,353.420,37586.000,2023-09-21 12:45:00.000,L2FT01-FTJ028,13.07,0.000,0.666012,16605,0.435592,0.055345,0,0,1,1.0200,坪山区,23,23,0,0,0,0,1
2023-09-21,589179428,20190000000000000003,900200000000000052,1,39.274,406.847,15964.000,2023-09-21 12:45:00.000,L2FT01-FTJ028,13.07,0.000,0.666012,16605,0.435592,0.055345,0,0,1,1.0200,坪山区,23,23,0,0,0,0,1
2023-09-21,589179428,20190000000000000003,900200000000000031,1,89.131,397.100,35374.667,2023-09-21 13:00:00.000,L2FT01-FTJ028,12.30,0.000,0.666012,16605,0.435592,0.055345,0,0,1,1.0200,坪山区,23,23,0,0,0,0,1
2023-09-21,589179428,20190000000000000003,900200000000000035,1,101.612,354.047,35972.667,2023-09-21 13:00:00.000,L2FT01-FTJ028,12.30,0.000,0.666012,16605,0.435592,0.055345,0,0,1,1.0200,坪山区,23,23,0,0,0,0,1
2023-09-21,589179428,20190000000000000003,900200000000000052,1,11.090,408.114,4525.000,2023-09-21 13:00:00.000,L2FT01-FTJ028,12.30,0.000,0.666012,16605,0.435592,0.055345,0,0,1,1.0200,坪山区,23,23,0,0,0,0,1
2023-09-21,589179428,20190000000000000003,900200000000000035,1,98.300,356.093,34999.333,2023-09-21 13:15:00.000,L2FT01-FTJ028,12.30,0.000,0.666012,16605,0.435592,0.055345,0,0,1,1.0200,坪山区,23,23,0,0,0,0,1
2023-09-21,589179428,20190000000000000003,900200000000000047,1,111.989,423.133,47550.833,2023-09-21 13:15:00.000,L2FT01-FTJ028,12.30,0.000,0.666012,16605,0.435592,0.055345,0,0,1,1.0200,坪山区,23,23,0,0,0,0,1
2023-09-21,589179428,20190000000000000003,900200000000000031,1,38.463,402.673,15492.000,2023-09-21 13:15:00.000,L2FT01-FTJ028,12.30,0.000,0.666012,16605,0.435592,0.055345,0,0,1,1.0200,坪山区,23,23,0,0,0,0,1
2023-09-21,589179428,20190000000000000003,900200000000000037,1,119.760,358.067,42883.333,2023-09-21 13:15:00.000,L2FT01-FTJ028,12.30,0.000,0.666012,16605,0.435592,0.055345,0,0,1,1.0200,坪山区,23,23,0,0,0,0,1
2023-09-21,589179428,20190000000000000003,900200000000000031,1,19.150,403.910,7735.000,2023-09-21 13:30:00.000,L2FT01-FTJ028,12.30,0.000,0.666012,16605,0.435592,0.055345,0,0,1,1.0200,坪山区,23,23,0,0,0,0,1
2023-09-21,589179428,20190000000000000003,900200000000000035,1,73.593,355.793,26188.667,2023-09-21 13:30:00.000,L2FT01-FTJ028,12.30,0.000,0.666012,16605,0.435592,0.055345,0,0,1,1.0200,坪山区,23,23,0,0,0,0,1
2023-09-21,589179428,20190000000000000003,900200000000000037,1,99.883,361.933,36078.667,2023-09-21 13:30:00.000,L2FT01-FTJ028,12.30,0.000,0.666012,16605,0.435592,0.055345,0,0,1,1.0200,坪山区,23,23,0,0,0,0,1
2023-09-21,589179428,20190000000000000003,900200000000000043,1,72.841,459.542,34036.667,2023-09-21 13:30:00.000,L2FT01-FTJ028,12.30,0.000,0.666012,16605,0.435592,0.055345,0,0,1,1.0200,坪山区,23,23,0,0,0,0,1
2023-09-21,589179428,20190000000000000003,900200000000000047,1,105.364,441.275,46424.167,2023-09-21 13:30:00.000,L2FT01-FTJ028,12.30,0.000,0.666012,16605,0.435592,0.055345,0,0,1,1.0200,坪山区,23,23,0,0,0,0,1
2023-09-21,589179428,20190000000000000003,900200000000000035,1,49.330,356.712,17590.000,2023-09-21 13:45:00.000,L2FT01-FTJ028,12.30,0.000,0.666012,16605,0.435592,0.055345,0,0,1,1.0200,坪山区,23,23,0,0,0,0,1
2023-09-21,589179428,20190000000000000003,900200000000000043,1,88.503,470.260,41622.667,2023-09-21 13:45:00.000,L2FT01-FTJ028,12.30,0.000,0.666012,16605,0.435592,0.055345,0,0,1,1.0200,坪山区,23,23,0,0,0,0,1
2023-09-21,589179428,20190000000000000003,900200000000000043,1,79.557,470.167,37406.000,2023-09-21 14:00:00.000,L2FT01-FTJ028,11.57,0.000,0.666012,16605,0.435592,0.055345,0,0,1,1.0200,坪山区,23,23,0,0,0,0,1
2023-09-21,589179428,20190000000000000003,900200000000000043,1,63.874,470.020,30024.000,2023-09-21 14:15:00.000,L2FT01-FTJ028,11.57,0.000,0.666012,16605,0.435592,0.055345,0,0,1,1.0200,坪山区,23,23,0,0,0,0,1
2023-09-21,589179428,20190000000000000003,900200000000000043,1,20.922,469.550,9820.000,2023-09-21 14:30:00.000,L2FT01-FTJ028,11.57,0.000,0.666012,16605,0.435592,0.055345,0,0,1,1.0200,坪山区,23,23,0,0,0,0,1
2023-09-21,589179428,20190000000000000003,900200000000000035,1,37.354,401.709,15004.545,2023-09-21 16:30:00.000,L2FT01-FTJ028,10.47,0.000,0.666012,16605,0.435592,0.055345,0,0,1,1.0200,坪山区,23,23,0,0,0,0,1
2023-09-21,589179428,20190000000000000003,900200000000000035,1,37.390,405.640,15166.000,2023-09-21 16:45:00.000,L2FT01-FTJ028,10.47,0.000,0.666012,16605,0.435592,0.055345,0,0,1,1.0200,坪山区,23,23,0,0,0,0,1
2023-09-21,589179428,20190000000000000003,900200000000000031,1,129.873,309.850,40235.000,2023-09-21 16:45:00.000,L2FT01-FTJ028,10.47,0.000,0.666012,16605,0.435592,0.055345,0,0,1,1.0200,坪山区,23,23,0,0,0,0,1
2023-09-21,589179428,20190000000000000003,900200000000000031,1,129.890,310.400,40315.333,2023-09-21 17:00:00.000,L2FT01-FTJ028,10.17,0.000,0.666012,16605,0.435592,0.055345,0,0,1,1.0200,坪山区,23,23,0,0,0,0,1
2023-09-21,589179428,20190000000000000003,900200000000000035,1,42.823,409.213,17530.000,2023-09-21 17:00:00.000,L2FT01-FTJ028,10.17,0.000,0.666012,16605,0.435592,0.055345,0,0,1,1.0200,坪山区,23,23,0,0,0,0,1
2023-09-21,589179428,20190000000000000003,900200000000000049,1,87.000,310.400,27000.000,2023-09-21 17:00:00.000,L2FT01-FTJ028,10.17,0.000,0.666012,16605,0.435592,0.055345,0,0,1,1.0200,坪山区,23,23,0,0,0,0,1
2023-09-21,589179428,20190000000000000003,900200000000000031,1,129.872,311.793,40490.000,2023-09-21 17:15:00.000,L2FT01-FTJ028,10.17,0.000,0.666012,16605,0.435592,0.055345,0,0,1,1.0200,坪山区,23,23,0,0,0,0,1
2023-09-21,589179428,20190000000000000003,900200000000000035,1,43.665,412.538,18012.500,2023-09-21 17:15:00.000,L2FT01-FTJ028,10.17,0.000,0.666012,16605,0.435592,0.055345,0,0,1,1.0200,坪山区,23,23,0,0,0,0,1
2023-09-21,589179428,20190000000000000003,900200000000000049,1,105.297,313.853,33045.333,2023-09-21 17:15:00.000,L2FT01-FTJ028,10.17,0.000,0.666012,16605,0.435592,0.055345,0,0,1,1.0200,坪山区,23,23,0,0,0,0,1
2023-09-21,589179428,20190000000000000003,900200000000000057,1,143.445,310.750,44570.000,2023-09-21 17:15:00.000,L2FT01-FTJ028,10.17,0.000,0.666012,16605,0.435592,0.055345,0,0,1,1.0200,坪山区,23,23,0,0,0,0,1
2023-09-21,589179428,20190000000000000003,900200000000000031,1,125.198,318.385,39840.000,2023-09-21 17:30:00.000,L2FT01-FTJ028,10.17,0.000,0.666012,16605,0.435592,0.055345,0,0,1,1.0200,坪山区,23,23,0,0,0,0,1
2023-09-21,589179428,20190000000000000003,900200000000000035,0,0.000,418.700,0.000,2023-09-21 17:30:00.000,L2FT01-FTJ028,10.17,0.000,0.666012,16605,0.435592,0.055345,0,0,1,1.0200,坪山区,23,23,0,0,0,0,1
2023-09-21,589179428,20190000000000000003,900200000000000049,1,59.308,349.100,20785.000,2023-09-21 17:30:00.000,L2FT01-FTJ028,10.17,0.000,0.666012,16605,0.435592,0.055345,0,0,1,1.0200,坪山区,23,23,0,0,0,0,1
2023-09-21,589179428,20190000000000000003,900200000000000057,1,143.300,313.993,44990.000,2023-09-21 17:30:00.000,L2FT01-FTJ028,10.17,0.000,0.666012,16605,0.435592,0.055345,0,0,1,1.0200,坪山区,23,23,0,0,0,0,1
2023-09-21,589179428,20190000000000000003,900200000000000049,1,71.090,350.700,24930.000,2023-09-21 17:45:00.000,L2FT01-FTJ028,10.17,0.000,0.666012,16605,0.435592,0.055345,0,0,1,1.0200,坪山区,23,23,0,0,0,0,1
2023-09-21,589179428,20190000000000000003,900200000000000057,1,143.300,315.900,45262.000,2023-09-21 17:45:00.000,L2FT01-FTJ028,10.17,0.000,0.666012,16605,0.435592,0.055345,0,0,1,1.0200,坪山区,23,23,0,0,0,0,1
2023-09-21,589179428,20190000000000000003,900200000000000035,1,100.461,468.733,47478.889,2023-09-21 17:45:00.000,L2FT01-FTJ028,10.17,0.000,0.666012,16605,0.435592,0.055345,0,0,1,1.0200,坪山区,23,23,0,0,0,0,1
2023-09-21,589179428,20190000000000000003,900200000000000035,1,112.969,311.413,35176.000,2023-09-21 18:15:00.000,L2FT01-FTJ028,10.07,0.000,0.666012,16605,0.435592,0.055345,0,0,1,1.0200,坪山区,23,23,0,0,0,0,1
2023-09-21,589179428,20190000000000000003,900200000000000035,1,113.000,313.493,35420.667,2023-09-21 18:30:00.000,L2FT01-FTJ028,10.07,0.000,0.666012,16605,0.435592,0.055345,0,0,1,1.0200,坪山区,23,23,0,0,0,0,1
2023-09-21,589179428,20190000000000000003,900200000000000044,1,77.390,410.757,31804.286,2023-09-21 18:30:00.000,L2FT01-FTJ028,10.07,0.000,0.666012,16605,0.435592,0.055345,0,0,1,1.0200,坪山区,23,23,0,0,0,0,1
2023-09-21,589179428,20190000000000000003,900200000000000057,1,191.159,316.050,60410.000,2023-09-21 18:30:00.000,L2FT01-FTJ028,10.07,0.000,0.666012,16605,0.435592,0.055345,0,0,1,1.0200,坪山区,23,23,0,0,0,0,1
2023-09-21,589179428,20190000000000000003,900200000000000035,1,105.995,318.685,33652.308,2023-09-21 18:45:00.000,L2FT01-FTJ028,10.07,0.000,0.666012,16605,0.435592,0.055345,0,0,1,1.0200,坪山区,23,23,0,0,0,0,1
2023-09-21,589179428,20190000000000000003,900200000000000037,1,44.929,406.492,18262.308,2023-09-21 18:45:00.000,L2FT01-FTJ028,10.07,0.000,0.666012,16605,0.435592,0.055345,0,0,1,1.0200,坪山区,23,23,0,0,0,0,1
2023-09-21,589179428,20190000000000000003,900200000000000044,1,43.815,410.313,18012.667,2023-09-21 18:45:00.000,L2FT01-FTJ028,10.07,0.000,0.666012,16605,0.435592,0.055345,0,0,1,1.0200,坪山区,23,23,0,0,0,0,1
2023-09-21,589179428,20190000000000000003,900200000000000047,1,170.142,311.778,53774.444,2023-09-21 18:45:00.000,L2FT01-FTJ028,10.07,0.000,0.666012,16605,0.435592,0.055345,0,0,1,1.0200,坪山区,23,23,0,0,0,0,1
2023-09-21,589179428,20190000000000000003,900200000000000057,1,174.937,318.623,55695.385,2023-09-21 18:45:00.000,L2FT01-FTJ028,10.07,0.000,0.666012,16605,0.435592,0.055345,0,0,1,1.0200,坪山区,23,23,0,0,0,0,1
2023-09-21,589179428,20190000000000000003,900200000000000047,1,156.351,320.020,49763.333,2023-09-21 19:00:00.000,L2FT01-FTJ028,10.17,0.000,0.666012,16605,0.435592,0.055345,0,0,1,1.0200,坪山区,23,23,0,0,0,0,1
2023-09-21,589179428,20190000000000000003,900200000000000037,1,44.897,409.660,18390.667,2023-09-21 19:00:00.000,L2FT01-FTJ028,10.17,0.000,0.666012,16605,0.435592,0.055345,0,0,1,1.0200,坪山区,23,23,0,0,0,0,1
2023-09-21,589179428,20190000000000000003,900200000000000044,1,14.667,407.127,5966.667,2023-09-21 19:00:00.000,L2FT01-FTJ028,10.17,0.000,0.666012,16605,0.435592,0.055345,0,0,1,1.0200,坪山区,23,23,0,0,0,0,1
2023-09-21,589179428,20190000000000000003,900200000000000044,1,31.373,402.833,12106.667,2023-09-21 19:15:00.000,L2FT01-FTJ028,10.17,0.000,0.666012,16605,0.435592,0.055345,0,0,1,1.0200,坪山区,23,23,0,0,0,0,1
2023-09-21,589179428,20190000000000000003,900200000000000037,1,44.497,413.140,18381.333,2023-09-21 19:15:00.000,L2FT01-FTJ028,10.17,0.000,0.666012,16605,0.435592,0.055345,0,0,1,1.0200,坪山区,23,23,0,0,0,0,1
2023-09-21,589179428,20190000000000000003,900200000000000031,1,153.029,314.893,47603.571,2023-09-21 19:15:00.000,L2FT01-FTJ028,10.17,0.000,0.666012,16605,0.435592,0.055345,0,0,1,1.0200,坪山区,23,23,0,0,0,0,1
2023-09-21,589179428,20190000000000000003,900200000000000031,1,164.848,312.847,51569.333,2023-09-21 19:30:00.000,L2FT01-FTJ028,10.17,0.000,0.666012,16605,0.435592,0.055345,0,0,1,1.0200,坪山区,23,23,0,0,0,0,1
2023-09-21,589179428,20190000000000000003,900200000000000037,1,26.877,412.333,11083.333,2023-09-21 19:30:00.000,L2FT01-FTJ028,10.17,0.000,0.666012,16605,0.435592,0.055345,0,0,1,1.0200,坪山区,23,23,0,0,0,0,1
2023-09-21,589179428,20190000000000000003,900200000000000044,1,99.826,382.000,38078.000,2023-09-21 19:30:00.000,L2FT01-FTJ028,10.17,0.000,0.666012,16605,0.435592,0.055345,0,0,1,1.0200,坪山区,23,23,0,0,0,0,1
2023-09-21,589179428,20190000000000000003,900200000000000031,1,164.836,314.913,51904.667,2023-09-21 19:45:00.000,L2FT01-FTJ028,10.17,0.000,0.666012,16605,0.435592,0.055345,0,0,1,1.0200,坪山区,23,23,0,0,0,0,1
2023-09-21,589179428,20190000000000000003,900200000000000037,1,14.432,415.611,5988.889,2023-09-21 19:45:00.000,L2FT01-FTJ028,10.17,0.000,0.666012,16605,0.435592,0.055345,0,0,1,1.0200,坪山区,23,23,0,0,0,0,1
2023-09-21,589179428,20190000000000000003,900200000000000044,1,70.390,396.753,27891.333,2023-09-21 19:45:00.000,L2FT01-FTJ028,10.17,0.000,0.666012,16605,0.435592,0.055345,0,0,1,1.0200,坪山区,23,23,0,0,0,0,1
2023-09-21,589179428,20190000000000000003,900200000000000031,1,164.800,316.507,52155.333,2023-09-21 20:00:00.000,L2FT01-FTJ028,10.47,0.000,0.666012,16605,0.435592,0.055345,0,0,1,1.0200,坪山区,23,23,0,0,0,0,1
2023-09-21,589179428,20190000000000000003,900200000000000044,1,44.530,405.867,18058.000,2023-09-21 20:00:00.000,L2FT01-FTJ028,10.47,0.000,0.666012,16605,0.435592,0.055345,0,0,1,1.0200,坪山区,23,23,0,0,0,0,1
2023-09-21,589179428,20190000000000000003,900200000000000031,1,119.620,319.433,38191.111,2023-09-21 20:15:00.000,L2FT01-FTJ028,10.47,0.000,0.666012,16605,0.435592,0.055345,0,0,1,1.0200,坪山区,23,23,0,0,0,0,1
2023-09-21,589179428,20190000000000000003,900200000000000044,1,12.084,407.663,4923.750,2023-09-21 20:15:00.000,L2FT01-FTJ028,10.47,0.000,0.666012,16605,0.435592,0.055345,0,0,1,1.0200,坪山区,23,23,0,0,0,0,1
2023-09-21,589179428,20190000000000000003,900200000000000049,1,33.132,421.200,15522.000,2023-09-21 20:30:00.000,L2FT01-FTJ028,10.47,0.000,0.666012,16605,0.435592,0.055345,0,0,1,1.0200,坪山区,23,23,0,0,0,0,1
2023-09-21,589179428,20190000000000000003,900200000000000049,1,62.446,474.793,29646.667,2023-09-21 20:45:00.000,L2FT01-FTJ028,10.47,0.000,0.666012,16605,0.435592,0.055345,0,0,1,1.0200,坪山区,23,23,0,0,0,0,1
2023-09-21,589179428,20190000000000000003,900200000000000049,1,62.317,475.160,29610.000,2023-09-21 21:00:00.000,L2FT01-FTJ028,10.95,0.000,0.666012,16605,0.435592,0.055345,0,0,1,1.0200,坪山区,23,23,0,0,0,0,1
2023-09-21,589179428,20190000000000000003,900200000000000049,1,62.303,475.207,29606.667,2023-09-21 21:15:00.000,L2FT01-FTJ028,10.95,0.000,0.666012,16605,0.435592,0.055345,0,0,1,1.0200,坪山区,23,23,0,0,0,0,1
2023-09-21,589179428,20190000000000000003,900200000000000049,1,62.330,475.140,29614.667,2023-09-21 21:30:00.000,L2FT01-FTJ028,10.95,0.000,0.666012,16605,0.435592,0.055345,0,0,1,1.0200,坪山区,23,23,0,0,0,0,1
2023-09-21,589179428,20190000000000000003,900200000000000049,1,62.340,475.050,29613.000,2023-09-21 21:45:00.000,L2FT01-FTJ028,10.95,0.000,0.666012,16605,0.435592,0.055345,0,0,1,1.0200,坪山区,23,23,0,0,0,0,1
2023-09-21,589179428,20190000000000000003,900200000000000056,1,91.720,429.250,41512.500,2023-09-21 21:45:00.000,L2FT01-FTJ028,10.95,0.000,0.666012,16605,0.435592,0.055345,0,0,1,1.0200,坪山区,23,23,0,0,0,0,1
2023-09-22,589179428,20190000000000000003,900200000000000031,1,201.204,311.143,62599.286,2023-09-22 00:00:00.000,L2FT01-FTJ028,13.07,0.000,0.666012,16605,0.435592,0.055345,0,0,1,1.0200,坪山区,23,23,0,0,0,0,1
2023-09-22,589179428,20190000000000000003,900200000000000031,1,181.577,312.267,56706.667,2023-09-22 00:15:00.000,L2FT01-FTJ028,13.07,0.000,0.666012,16605,0.435592,0.055345,0,0,1,1.0200,坪山区,23,23,0,0,0,0,1
2023-09-22,589179428,20190000000000000003,900200000000000031,1,164.880,313.747,51728.667,2023-09-22 00:30:00.000,L2FT01-FTJ028,13.07,0.000,0.666012,16605,0.435592,0.055345,0,0,1,1.0200,坪山区,23,23,0,0,0,0,1
2023-09-22,589179428,20190000000000000003,900200000000000031,1,164.890,315.273,51983.333,2023-09-22 00:45:00.000,L2FT01-FTJ028,13.07,0.000,0.666012,16605,0.435592,0.055345,0,0,1,1.0200,坪山区,23,23,0,0,0,0,1
2023-09-22,589179428,20190000000000000003,900200000000000030,1,199.500,307.000,61240.000,2023-09-22 01:00:00.000,L2FT01-FTJ028,13.85,0.000,0.666012,16605,0.435592,0.055345,0,0,1,1.0200,坪山区,23,23,0,0,0,0,1
2023-09-22,589179428,20190000000000000003,900200000000000031,1,115.655,321.887,36910.000,2023-09-22 01:00:00.000,L2FT01-FTJ028,13.85,0.000,0.666012,16605,0.435592,0.055345,0,0,1,1.0200,坪山区,23,23,0,0,0,0,1
2023-09-22,589179428,20190000000000000003,900200000000000030,1,203.216,311.720,63342.000,2023-09-22 01:15:00.000,L2FT01-FTJ028,13.85,0.000,0.666012,16605,0.435592,0.055345,0,0,1,1.0200,坪山区,23,23,0,0,0,0,1
2023-09-22,589179428,20190000000000000003,900200000000000030,1,203.305,313.587,63751.333,2023-09-22 01:30:00.000,L2FT01-FTJ028,13.85,0.000,0.666012,16605,0.435592,0.055345,0,0,1,1.0200,坪山区,23,23,0,0,0,0,1
2023-09-22,589179428,20190000000000000003,900200000000000030,1,187.524,315.340,59130.000,2023-09-22 01:45:00.000,L2FT01-FTJ028,13.85,0.000,0.666012,16605,0.435592,0.055345,0,0,1,1.0200,坪山区,23,23,0,0,0,0,1
2023-09-22,589179428,20190000000000000003,900200000000000057,1,191.766,313.300,60074.444,2023-09-22 02:00:00.000,L2FT01-FTJ028,14.57,0.000,0.666012,16605,0.435592,0.055345,0,0,1,1.0200,坪山区,23,23,0,0,0,0,1
2023-09-22,589179428,20190000000000000003,900200000000000030,1,184.138,317.680,58500.000,2023-09-22 02:00:00.000,L2FT01-FTJ028,14.57,0.000,0.666012,16605,0.435592,0.055345,0,0,1,1.0200,坪山区,23,23,0,0,0,0,1
2023-09-22,589179428,20190000000000000003,900200000000000030,1,49.956,323.360,16132.000,2023-09-22 02:15:00.000,L2FT01-FTJ028,14.57,0.000,0.666012,16605,0.435592,0.055345,0,0,1,1.0200,坪山区,23,23,0,0,0,0,1
2023-09-22,589179428,20190000000000000003,900200000000000057,1,191.600,314.493,60251.333,2023-09-22 02:15:00.000,L2FT01-FTJ028,14.57,0.000,0.666012,16605,0.435592,0.055345,0,0,1,1.0200,坪山区,23,23,0,0,0,0,1
2023-09-22,589179428,20190000000000000003,900200000000000057,1,191.627,316.407,60628.000,2023-09-22 02:30:00.000,L2FT01-FTJ028,14.57,0.000,0.666012,16605,0.435592,0.055345,0,0,1,1.0200,坪山区,23,23,0,0,0,0,1
2023-09-22,589179428,20190000000000000003,900200000000000057,1,168.385,316.913,53359.333,2023-09-22 02:45:00.000,L2FT01-FTJ028,14.57,0.000,0.666012,16605,0.435592,0.055345,0,0,1,1.0200,坪山区,23,23,0,0,0,0,1
2023-09-22,589179428,20190000000000000003,900200000000000039,1,47.227,265.467,14193.333,2023-09-22 03:00:00.000,L2FT01-FTJ028,15.19,0.000,0.666012,16605,0.435592,0.055345,0,0,1,1.0200,坪山区,23,23,0,0,0,0,1
2023-09-22,589179428,20190000000000000003,900200000000000057,1,164.800,318.450,52475.000,2023-09-22 03:00:00.000,L2FT01-FTJ028,15.19,0.000,0.666012,16605,0.435592,0.055345,0,0,1,1.0200,坪山区,23,23,0,0,0,0,1
2023-09-22,589179428,20190000000000000003,900200000000000039,1,71.105,303.780,21598.000,2023-09-22 03:15:00.000,L2FT01-FTJ028,15.19,0.000,0.666012,16605,0.435592,0.055345,0,0,1,1.0200,坪山区,23,23,0,0,0,0,1
2023-09-22,589179428,20190000000000000003,900200000000000039,1,71.363,307.080,21912.667,2023-09-22 03:30:00.000,L2FT01-FTJ028,15.19,0.000,0.666012,16605,0.435592,0.055345,0,0,1,1.0200,坪山区,23,23,0,0,0,0,1
2023-09-22,589179428,20190000000000000003,900200000000000039,1,71.390,308.473,22019.333,2023-09-22 03:45:00.000,L2FT01-FTJ028,15.19,0.000,0.666012,16605,0.435592,0.055345,0,0,1,1.0200,坪山区,23,23,0,0,0,0,1
2023-09-22,589179428,20190000000000000003,900200000000000044,1,100.585,458.890,47751.000,2023-09-22 03:45:00.000,L2FT01-FTJ028,15.19,0.000,0.666012,16605,0.435592,0.055345,0,0,1,1.0200,坪山区,23,23,0,0,0,0,1
2023-09-22,589179428,20190000000000000003,900200000000000039,1,71.350,308.853,22035.333,2023-09-22 04:00:00.000,L2FT01-FTJ028,15.67,0.000,0.666012,16605,0.435592,0.055345,0,0,1,1.0200,坪山区,23,23,0,0,0,0,1
2023-09-22,589179428,20190000000000000003,900200000000000044,1,129.890,475.220,61726.000,2023-09-22 04:00:00.000,L2FT01-FTJ028,15.67,0.000,0.666012,16605,0.435592,0.055345,0,0,1,1.0200,坪山区,23,23,0,0,0,0,1
2023-09-22,589179428,20190000000000000003,900200000000000044,1,129.890,475.660,61783.333,2023-09-22 04:15:00.000,L2FT01-FTJ028,15.67,0.000,0.666012,16605,0.435592,0.055345,0,0,1,1.0200,坪山区,23,23,0,0,0,0,1
2023-09-22,589179428,20190000000000000003,900200000000000039,1,71.317,309.293,22054.667,2023-09-22 04:15:00.000,L2FT01-FTJ028,15.67,0.000,0.666012,16605,0.435592,0.055345,0,0,1,1.0200,坪山区,23,23,0,0,0,0,1
2023-09-22,589179428,20190000000000000003,900200000000000031,1,129.813,303.157,39350.000,2023-09-22 04:30:00.000,L2FT01-FTJ028,15.67,0.000,0.666012,16605,0.435592,0.055345,0,0,1,1.0200,坪山区,23,23,0,0,0,0,1
2023-09-22,589179428,20190000000000000003,900200000000000039,1,71.370,310.047,22126.000,2023-09-22 04:30:00.000,L2FT01-FTJ028,15.67,0.000,0.666012,16605,0.435592,0.055345,0,0,1,1.0200,坪山区,23,23,0,0,0,0,1
2023-09-22,589179428,20190000000000000003,900200000000000044,1,129.890,476.060,61834.667,2023-09-22 04:30:00.000,L2FT01-FTJ028,15.67,0.000,0.666012,16605,0.435592,0.055345,0,0,1,1.0200,坪山区,23,23,0,0,0,0,1
2023-09-22,589179428,20190000000000000003,900200000000000031,1,129.860,307.673,39952.000,2023-09-22 04:45:00.000,L2FT01-FTJ028,15.67,0.000,0.666012,16605,0.435592,0.055345,0,0,1,1.0200,坪山区,23,23,0,0,0,0,1
2023-09-22,589179428,20190000000000000003,900200000000000039,1,71.383,311.147,22208.667,2023-09-22 04:45:00.000,L2FT01-FTJ028,15.67,0.000,0.666012,16605,0.435592,0.055345,0,0,1,1.0200,坪山区,23,23,0,0,0,0,1
2023-09-22,589179428,20190000000000000003,900200000000000044,1,91.930,475.767,43739.333,2023-09-22 04:45:00.000,L2FT01-FTJ028,15.67,0.000,0.666012,16605,0.435592,0.055345,0,0,1,1.0200,坪山区,23,23,0,0,0,0,1
2023-09-22,589179428,20190000000000000003,900200000000000049,1,118.536,306.200,36300.000,2023-09-22 04:45:00.000,L2FT01-FTJ028,15.67,0.000,0.666012,16605,0.435592,0.055345,0,0,1,1.0200,坪山区,23,23,0,0,0,0,1
2023-09-22,589179428,20190000000000000003,900200000000000031,1,129.848,310.707,40340.000,2023-09-22 05:00:00.000,L2FT01-FTJ028,15.97,0.000,0.666012,16605,0.435592,0.055345,0,0,1,1.0200,坪山区,23,23,0,0,0,0,1
2023-09-22,589179428,20190000000000000003,900200000000000039,1,71.377,312.353,22292.000,2023-09-22 05:00:00.000,L2FT01-FTJ028,15.97,0.000,0.666012,16605,0.435592,0.055345,0,0,1,1.0200,坪山区,23,23,0,0,0,0,1
2023-09-22,589179428,20190000000000000003,900200000000000044,1,49.215,475.125,23395.000,2023-09-22 05:00:00.000,L2FT01-FTJ028,15.97,0.000,0.666012,16605,0.435592,0.055345,0,0,1,1.0200,坪山区,23,23,0,0,0,0,1
2023-09-22,589179428,20190000000000000003,900200000000000049,1,121.390,309.313,37546.000,2023-09-22 05:00:00.000,L2FT01-FTJ028,15.97,0.000,0.666012,16605,0.435592,0.055345,0,0,1,1.0200,坪山区,23,23,0,0,0,0,1
2023-09-22,589179428,20190000000000000003,900200000000000049,1,121.390,310.313,37666.667,2023-09-22 05:15:00.000,L2FT01-FTJ028,15.97,0.000,0.666012,16605,0.435592,0.055345,0,0,1,1.0200,坪山区,23,23,0,0,0,0,1
2023-09-22,589179428,20190000000000000003,900200000000000039,1,71.390,312.853,22332.667,2023-09-22 05:15:00.000,L2FT01-FTJ028,15.97,0.000,0.666012,16605,0.435592,0.055345,0,0,1,1.0200,坪山区,23,23,0,0,0,0,1
2023-09-22,589179428,20190000000000000003,900200000000000038,1,35.590,412.200,14670.000,2023-09-22 05:15:00.000,L2FT01-FTJ028,15.97,0.000,0.666012,16605,0.435592,0.055345,0,0,1,1.0200,坪山区,23,23,0,0,0,0,1
2023-09-22,589179428,20190000000000000003,900200000000000031,1,129.848,311.740,40475.333,2023-09-22 05:15:00.000,L2FT01-FTJ028,15.97,0.000,0.666012,16605,0.435592,0.055345,0,0,1,1.0200,坪山区,23,23,0,0,0,0,1
2023-09-22,589179428,20190000000000000003,900200000000000031,1,129.890,313.573,40728.000,2023-09-22 05:30:00.000,L2FT01-FTJ028,15.97,0.000,0.666012,16605,0.435592,0.055345,0,0,1,1.0200,坪山区,23,23,0,0,0,0,1
2023-09-22,589179428,20190000000000000003,900200000000000038,1,35.524,415.293,14750.667,2023-09-22 05:30:00.000,L2FT01-FTJ028,15.97,0.000,0.666012,16605,0.435592,0.055345,0,0,1,1.0200,坪山区,23,23,0,0,0,0,1
2023-09-22,589179428,20190000000000000003,900200000000000039,1,71.370,313.320,22360.000,2023-09-22 05:30:00.000,L2FT01-FTJ028,15.97,0.000,0.666012,16605,0.435592,0.055345,0,0,1,1.0200,坪山区,23,23,0,0,0,0,1
2023-09-22,589179428,20190000000000000003,900200000000000049,1,121.390,311.247,37780.000,2023-09-22 05:30:00.000,L2FT01-FTJ028,15.97,0.000,0.666012,16605,0.435592,0.055345,0,0,1,1.0200,坪山区,23,23,0,0,0,0,1
2023-09-22,589179428,20190000000000000003,900200000000000031,1,129.878,315.013,40910.667,2023-09-22 05:45:00.000,L2FT01-FTJ028,15.97,0.000,0.666012,16605,0.435592,0.055345,0,0,1,1.0200,坪山区,23,23,0,0,0,0,1
2023-09-22,589179428,20190000000000000003,900200000000000038,1,35.500,415.487,14746.000,2023-09-22 05:45:00.000,L2FT01-FTJ028,15.97,0.000,0.666012,16605,0.435592,0.055345,0,0,1,1.0200,坪山区,23,23,0,0,0,0,1
2023-09-22,589179428,20190000000000000003,900200000000000039,1,71.383,314.873,22474.000,2023-09-22 05:45:00.000,L2FT01-FTJ028,15.97,0.000,0.666012,16605,0.435592,0.055345,0,0,1,1.0200,坪山区,23,23,0,0,0,0,1
2023-09-22,589179428,20190000000000000003,900200000000000049,1,121.390,313.053,38000.000,2023-09-22 05:45:00.000,L2FT01-FTJ028,15.97,0.000,0.666012,16605,0.435592,0.055345,0,0,1,1.0200,坪山区,23,23,0,0,0,0,1
2023-09-22,589179428,20190000000000000003,900200000000000038,1,35.500,415.707,14753.333,2023-09-22 06:00:00.000,L2FT01-FTJ028,16.07,0.000,0.666012,16605,0.435592,0.055345,0,0,1,1.0200,坪山区,23,23,0,0,0,0,1
2023-09-22,589179428,20190000000000000003,900200000000000049,1,121.390,314.247,38144.667,2023-09-22 06:00:00.000,L2FT01-FTJ028,16.07,0.000,0.666012,16605,0.435592,0.055345,0,0,1,1.0200,坪山区,23,23,0,0,0,0,1
2023-09-22,589179428,20190000000000000003,900200000000000031,1,111.642,320.027,35622.727,2023-09-22 06:00:00.000,L2FT01-FTJ028,16.07,0.000,0.666012,16605,0.435592,0.055345,0,0,1,1.0200,坪山区,23,23,0,0,0,0,1
2023-09-22,589179428,20190000000000000003,900200000000000034,1,10.000,416.100,4715.000,2023-09-22 06:00:00.000,L2FT01-FTJ028,16.07,0.000,0.666012,16605,0.435592,0.055345,0,0,1,1.0200,坪山区,23,23,0,0,0,0,1
2023-09-22,589179428,20190000000000000003,900200000000000034,1,69.520,476.520,33122.000,2023-09-22 06:15:00.000,L2FT01-FTJ028,16.07,0.000,0.666012,16605,0.435592,0.055345,0,0,1,1.0200,坪山区,23,23,0,0,0,0,1
2023-09-22,589179428,20190000000000000003,900200000000000038,1,35.500,416.840,14792.000,2023-09-22 06:15:00.000,L2FT01-FTJ028,16.07,0.000,0.666012,16605,0.435592,0.055345,0,0,1,1.0200,坪山区,23,23,0,0,0,0,1
2023-09-22,589179428,20190000000000000003,900200000000000049,1,121.390,315.753,38328.000,2023-09-22 06:15:00.000,L2FT01-FTJ028,16.07,0.000,0.666012,16605,0.435592,0.055345,0,0,1,1.0200,坪山区,23,23,0,0,0,0,1
2023-09-22,589179428,20190000000000000003,900200000000000034,1,65.978,476.573,31437.333,2023-09-22 06:30:00.000,L2FT01-FTJ028,16.07,0.000,0.666012,16605,0.435592,0.055345,0,0,1,1.0200,坪山区,23,23,0,0,0,0,1
2023-09-22,589179428,20190000000000000003,900200000000000038,1,32.305,375.055,12702.727,2023-09-22 06:30:00.000,L2FT01-FTJ028,16.07,0.000,0.666012,16605,0.435592,0.055345,0,0,1,1.0200,坪山区,23,23,0,0,0,0,1
2023-09-22,589179428,20190000000000000003,900200000000000049,1,72.990,325.300,23610.000,2023-09-22 06:30:00.000,L2FT01-FTJ028,16.07,0.000,0.666012,16605,0.435592,0.055345,0,0,1,1.0200,坪山区,23,23,0,0,0,0,1
2023-09-22,589179428,20190000000000000003,900200000000000034,1,65.890,476.667,31407.333,2023-09-22 06:45:00.000,L2FT01-FTJ028,16.07,0.000,0.666012,16605,0.435592,0.055345,0,0,1,1.0200,坪山区,23,23,0,0,0,0,1
2023-09-22,589179428,20190000000000000003,900200000000000034,1,65.890,477.213,31444.000,2023-09-22 07:00:00.000,L2FT01-FTJ028,15.97,0.000,0.666012,16605,0.435592,0.055345,0,0,1,1.0200,坪山区,23,23,0,0,0,0,1
2023-09-22,589179428,20190000000000000003,900200000000000034,1,65.890,477.133,31440.000,2023-09-22 07:15:00.000,L2FT01-FTJ028,15.97,0.000,0.666012,16605,0.435592,0.055345,0,0,1,1.0200,坪山区,23,23,0,0,0,0,1
2023-09-22,589179428,20190000000000000003,900200000000000034,1,65.890,477.047,31434.667,2023-09-22 07:30:00.000,L2FT01-FTJ028,15.97,0.000,0.666012,16605,0.435592,0.055345,0,0,1,1.0200,坪山区,23,23,0,0,0,0,1
2023-09-22,589179428,20190000000000000003,900200000000000048,1,79.963,351.400,29393.333,2023-09-22 07:30:00.000,L2FT01-FTJ028,15.97,0.000,0.666012,16605,0.435592,0.055345,0,0,1,1.0200,坪山区,23,23,0,0,0,0,1
2023-09-22,589179428,20190000000000000003,900200000000000052,1,102.623,457.573,48284.545,2023-09-22 07:45:00.000,L2FT01-FTJ028,15.97,0.000,0.666012,16605,0.435592,0.055345,0,0,1,1.0200,坪山区,23,23,0,0,0,0,1
2023-09-22,589179428,20190000000000000003,900200000000000035,1,49.952,347.400,17412.000,2023-09-22 07:45:00.000,L2FT01-FTJ028,15.97,0.000,0.666012,16605,0.435592,0.055345,0,0,1,1.0200,坪山区,23,23,0,0,0,0,1
2023-09-22,589179428,20190000000000000003,900200000000000048,1,120.837,382.247,46186.667,2023-09-22 07:45:00.000,L2FT01-FTJ028,15.97,0.000,0.666012,16605,0.435592,0.055345,0,0,1,1.0200,坪山区,23,23,0,0,0,0,1
2023-09-22,589179428,20190000000000000003,900200000000000034,1,51.030,476.953,24339.333,2023-09-22 07:45:00.000,L2FT01-FTJ028,15.97,0.000,0.666012,16605,0.435592,0.055345,0,0,1,1.0200,坪山区,23,23,0,0,0,0,1
2023-09-22,589179428,20190000000000000003,900200000000000030,1,99.975,352.825,35317.500,2023-09-22 07:45:00.000,L2FT01-FTJ028,15.97,0.000,0.666012,16605,0.435592,0.055345,0,0,1,1.0200,坪山区,23,23,0,0,0,0,1
2023-09-22,589179428,20190000000000000003,900200000000000030,1,103.760,354.607,36792.000,2023-09-22 08:00:00.000,L2FT01-FTJ028,15.67,0.000,0.666012,16605,0.435592,0.055345,0,0,1,1.0200,坪山区,23,23,0,0,0,0,1
2023-09-22,589179428,20190000000000000003,900200000000000034,1,39.461,476.686,18818.571,2023-09-22 08:00:00.000,L2FT01-FTJ028,15.67,0.000,0.666012,16605,0.435592,0.055345,0,0,1,1.0200,坪山区,23,23,0,0,0,0,1
2023-09-22,589179428,20190000000000000003,900200000000000035,1,71.130,356.407,25350.000,2023-09-22 08:00:00.000,L2FT01-FTJ028,15.67,0.000,0.666012,16605,0.435592,0.055345,0,0,1,1.0200,坪山区,23,23,0,0,0,0,1
2023-09-22,589179428,20190000000000000003,900200000000000048,1,60.472,396.480,23959.333,2023-09-22 08:00:00.000,L2FT01-FTJ028,15.67,0.000,0.666012,16605,0.435592,0.055345,0,0,1,1.0200,坪山区,23,23,0,0,0,0,1
2023-09-22,589179428,20190000000000000003,900200000000000052,1,99.340,471.260,46816.667,2023-09-22 08:00:00.000,L2FT01-FTJ028,15.67,0.000,0.666012,16605,0.435592,0.055345,0,0,1,1.0200,坪山区,23,23,0,0,0,0,1
2023-09-22,589179428,20190000000000000003,900200000000000030,1,97.106,356.213,34586.667,2023-09-22 08:15:00.000,L2FT01-FTJ028,15.67,0.000,0.666012,16605,0.435592,0.055345,0,0,1,1.0200,坪山区,23,23,0,0,0,0,1
2023-09-22,589179428,20190000000000000003,900200000000000035,1,71.090,368.180,26170.667,2023-09-22 08:15:00.000,L2FT01-FTJ028,15.67,0.000,0.666012,16605,0.435592,0.055345,0,0,1,1.0200,坪山区,23,23,0,0,0,0,1
2023-09-22,589179428,20190000000000000003,900200000000000048,1,35.548,402.180,14294.000,2023-09-22 08:15:00.000,L2FT01-FTJ028,15.67,0.000,0.666012,16605,0.435592,0.055345,0,0,1,1.0200,坪山区,23,23,0,0,0,0,1
2023-09-22,589179428,20190000000000000003,900200000000000052,1,70.104,471.100,33030.000,2023-09-22 08:15:00.000,L2FT01-FTJ028,15.67,0.000,0.666012,16605,0.435592,0.055345,0,0,1,1.0200,坪山区,23,23,0,0,0,0,1
2023-09-22,589179428,20190000000000000003,900200000000000048,1,35.032,406.683,14241.667,2023-09-22 08:30:00.000,L2FT01-FTJ028,15.67,0.000,0.666012,16605,0.435592,0.055345,0,0,1,1.0200,坪山区,23,23,0,0,0,0,1
2023-09-22,589179428,20190000000000000003,900200000000000039,1,94.851,339.450,32529.286,2023-09-22 08:30:00.000,L2FT01-FTJ028,15.67,0.000,0.666012,16605,0.435592,0.055345,0,0,1,1.0200,坪山区,23,23,0,0,0,0,1
2023-09-22,589179428,20190000000000000003,900200000000000030,1,76.145,356.400,27143.846,2023-09-22 08:30:00.000,L2FT01-FTJ028,15.67,0.000,0.666012,16605,0.435592,0.055345,0,0,1,1.0200,坪山区,23,23,0,0,0,0,1
2023-09-22,589179428,20190000000000000003,900200000000000035,1,71.090,379.740,26994.667,2023-09-22 08:30:00.000,L2FT01-FTJ028,15.67,0.000,0.666012,16605,0.435592,0.055345,0,0,1,1.0200,坪山区,23,23,0,0,0,0,1
2023-09-22,589179428,20190000000000000003,900200000000000035,1,35.175,385.720,13564.000,2023-09-22 08:45:00.000,L2FT01-FTJ028,15.67,0.000,0.666012,16605,0.435592,0.055345,0,0,1,1.0200,坪山区,23,23,0,0,0,0,1
2023-09-22,589179428,20190000000000000003,900200000000000039,1,126.093,351.040,44241.333,2023-09-22 08:45:00.000,L2FT01-FTJ028,15.67,0.000,0.666012,16605,0.435592,0.055345,0,0,1,1.0200,坪山区,23,23,0,0,0,0,1
2023-09-22,589179428,20190000000000000003,900200000000000035,1,46.218,374.680,16208.000,2023-09-22 09:00:00.000,L2FT01-FTJ028,15.19,0.000,0.666012,16605,0.435592,0.055345,0,0,1,1.0200,坪山区,23,23,0,0,0,0,1
2023-09-22,589179428,20190000000000000003,900200000000000039,1,104.905,363.947,38149.333,2023-09-22 09:00:00.000,L2FT01-FTJ028,15.19,0.000,0.666012,16605,0.435592,0.055345,0,0,1,1.0200,坪山区,23,23,0,0,0,0,1
2023-09-22,589179428,20190000000000000003,900200000000000039,1,76.437,376.840,28774.000,2023-09-22 09:15:00.000,L2FT01-FTJ028,15.19,0.000,0.666012,16605,0.435592,0.055345,0,0,1,1.0200,坪山区,23,23,0,0,0,0,1
2023-09-22,589179428,20190000000000000003,900200000000000048,1,70.610,324.746,22976.923,2023-09-22 09:15:00.000,L2FT01-FTJ028,15.19,0.000,0.666012,16605,0.435592,0.055345,0,0,1,1.0200,坪山区,23,23,0,0,0,0,1
2023-09-22,589179428,20190000000000000003,900200000000000039,1,46.364,384.347,17817.333,2023-09-22 09:30:00.000,L2FT01-FTJ028,15.19,0.000,0.666012,16605,0.435592,0.055345,0,0,1,1.0200,坪山区,23,23,0,0,0,0,1
2023-09-22,589179428,20190000000000000003,900200000000000048,1,72.173,326.800,23584.167,2023-09-22 09:30:00.000,L2FT01-FTJ028,15.19,0.000,0.666012,16605,0.435592,0.055345,0,0,1,1.0200,坪山区,23,23,0,0,0,0,1
2023-09-22,589179428,20190000000000000003,900200000000000039,1,36.171,389.700,14088.333,2023-09-22 09:45:00.000,L2FT01-FTJ028,15.19,0.000,0.666012,16605,0.435592,0.055345,0,0,1,1.0200,坪山区,23,23,0,0,0,0,1
2023-09-22,589179428,20190000000000000003,900200000000000047,1,42.006,403.867,17074.667,2023-09-22 12:00:00.000,L2FT01-FTJ028,13.07,0.000,0.666012,16605,0.435592,0.055345,0,0,1,1.0200,坪山区,23,23,0,0,0,0,1
2023-09-22,589179428,20190000000000000003,900200000000000044,1,59.860,348.400,21085.000,2023-09-22 12:00:00.000,L2FT01-FTJ028,13.07,0.000,0.666012,16605,0.435592,0.055345,0,0,1,1.0200,坪山区,23,23,0,0,0,0,1
2023-09-22,589179428,20190000000000000003,900200000000000049,1,131.255,359.821,47406.429,2023-09-22 12:15:00.000,L2FT01-FTJ028,13.07,0.000,0.666012,16605,0.435592,0.055345,0,0,1,1.0200,坪山区,23,23,0,0,0,0,1
2023-09-22,589179428,20190000000000000003,900200000000000044,1,71.690,354.947,25446.000,2023-09-22 12:15:00.000,L2FT01-FTJ028,13.07,0.000,0.666012,16605,0.435592,0.055345,0,0,1,1.0200,坪山区,23,23,0,0,0,0,1
2023-09-22,589179428,20190000000000000003,900200000000000047,1,45.000,409.673,18430.000,2023-09-22 12:15:00.000,L2FT01-FTJ028,13.07,0.000,0.666012,16605,0.435592,0.055345,0,0,1,1.0200,坪山区,23,23,0,0,0,0,1
2023-09-22,589179428,20190000000000000003,900200000000000044,1,71.677,356.220,25530.000,2023-09-22 12:30:00.000,L2FT01-FTJ028,13.07,0.000,0.666012,16605,0.435592,0.055345,0,0,1,1.0200,坪山区,23,23,0,0,0,0,1
2023-09-22,589179428,20190000000000000003,900200000000000047,1,32.541,410.660,13377.333,2023-09-22 12:30:00.000,L2FT01-FTJ028,13.07,0.000,0.666012,16605,0.435592,0.055345,0,0,1,1.0200,坪山区,23,23,0,0,0,0,1
2023-09-22,589179428,20190000000000000003,900200000000000049,1,145.937,373.960,54556.667,2023-09-22 12:30:00.000,L2FT01-FTJ028,13.07,0.000,0.666012,16605,0.435592,0.055345,0,0,1,1.0200,坪山区,23,23,0,0,0,0,1
2023-09-22,589179428,20190000000000000003,900200000000000044,1,54.150,358.280,19390.000,2023-09-22 12:45:00.000,L2FT01-FTJ028,13.07,0.000,0.666012,16605,0.435592,0.055345,0,0,1,1.0200,坪山区,23,23,0,0,0,0,1
2023-09-22,589179428,20190000000000000003,900200000000000047,1,16.719,412.886,6897.857,2023-09-22 12:45:00.000,L2FT01-FTJ028,13.07,0.000,0.666012,16605,0.435592,0.055345,0,0,1,1.0200,坪山区,23,23,0,0,0,0,1
2023-09-22,589179428,20190000000000000003,900200000000000049,1,119.663,389.153,46527.333,2023-09-22 12:45:00.000,L2FT01-FTJ028,13.07,0.000,0.666012,16605,0.435592,0.055345,0,0,1,1.0200,坪山区,23,23,0,0,0,0,1
2023-09-22,589179428,20190000000000000003,900200000000000037,1,88.428,310.350,27400.000,2023-09-22 13:00:00.000,L2FT01-FTJ028,12.30,0.000,0.666012,16605,0.435592,0.055345,0,0,1,1.0200,坪山区,23,23,0,0,0,0,1
2023-09-22,589179428,20190000000000000003,900200000000000043,1,83.581,467.100,39637.500,2023-09-22 13:00:00.000,L2FT01-FTJ028,12.30,0.000,0.666012,16605,0.435592,0.055345,0,0,1,1.0200,坪山区,23,23,0,0,0,0,1
2023-09-22,589179428,20190000000000000003,900200000000000049,1,78.299,400.573,31336.000,2023-09-22 13:00:00.000,L2FT01-FTJ028,12.30,0.000,0.666012,16605,0.435592,0.055345,0,0,1,1.0200,坪山区,23,23,0,0,0,0,1
2023-09-22,589179428,20190000000000000003,900200000000000049,1,77.413,411.800,32237.000,2023-09-22 13:15:00.000,L2FT01-FTJ028,12.30,0.000,0.666012,16605,0.435592,0.055345,0,0,1,1.0200,坪山区,23,23,0,0,0,0,1
2023-09-22,589179428,20190000000000000003,900200000000000043,1,89.201,476.033,42468.000,2023-09-22 13:15:00.000,L2FT01-FTJ028,12.30,0.000,0.666012,16605,0.435592,0.055345,0,0,1,1.0200,坪山区,23,23,0,0,0,0,1
2023-09-22,589179428,20190000000000000003,900200000000000037,1,105.800,310.580,32854.667,2023-09-22 13:15:00.000,L2FT01-FTJ028,12.30,0.000,0.666012,16605,0.435592,0.055345,0,0,1,1.0200,坪山区,23,23,0,0,0,0,1
2023-09-22,589179428,20190000000000000003,900200000000000037,1,105.800,312.913,33101.333,2023-09-22 13:30:00.000,L2FT01-FTJ028,12.30,0.000,0.666012,16605,0.435592,0.055345,0,0,1,1.0200,坪山区,23,23,0,0,0,0,1
2023-09-22,589179428,20190000000000000003,900200000000000043,1,87.880,476.460,41873.000,2023-09-22 13:30:00.000,L2FT01-FTJ028,12.30,0.000,0.666012,16605,0.435592,0.055345,0,0,1,1.0200,坪山区,23,23,0,0,0,0,1
2023-09-22,589179428,20190000000000000003,900200000000000047,1,71.619,351.850,25197.143,2023-09-22 13:30:00.000,L2FT01-FTJ028,12.30,0.000,0.666012,16605,0.435592,0.055345,0,0,1,1.0200,坪山区,23,23,0,0,0,0,1
2023-09-22,589179428,20190000000000000003,900200000000000049,1,117.923,435.367,51292.000,2023-09-22 13:30:00.000,L2FT01-FTJ028,12.30,0.000,0.666012,16605,0.435592,0.055345,0,0,1,1.0200,坪山区,23,23,0,0,0,0,1
2023-09-22,589179428,20190000000000000003,900200000000000037,1,105.785,314.447,33260.667,2023-09-22 13:45:00.000,L2FT01-FTJ028,12.30,0.000,0.666012,16605,0.435592,0.055345,0,0,1,1.0200,坪山区,23,23,0,0,0,0,1
2023-09-22,589179428,20190000000000000003,900200000000000047,1,71.548,354.233,25342.000,2023-09-22 13:45:00.000,L2FT01-FTJ028,12.30,0.000,0.666012,16605,0.435592,0.055345,0,0,1,1.0200,坪山区,23,23,0,0,0,0,1
2023-09-22,589179428,20190000000000000003,900200000000000049,1,48.890,446.227,21804.545,2023-09-22 13:45:00.000,L2FT01-FTJ028,12.30,0.000,0.666012,16605,0.435592,0.055345,0,0,1,1.0200,坪山区,23,23,0,0,0,0,1
2023-09-22,589179428,20190000000000000003,900200000000000037,1,93.330,319.023,29683.846,2023-09-22 14:00:00.000,L2FT01-FTJ028,11.57,0.000,0.666012,16605,0.435592,0.055345,0,0,1,1.0200,坪山区,23,23,0,0,0,0,1
2023-09-22,589179428,20190000000000000003,900200000000000047,1,59.063,356.767,21085.833,2023-09-22 14:00:00.000,L2FT01-FTJ028,11.57,0.000,0.666012,16605,0.435592,0.055345,0,0,1,1.0200,坪山区,23,23,0,0,0,0,1
2023-09-22,589179428,20190000000000000003,900200000000000048,1,47.045,389.250,18305.000,2023-09-22 15:15:00.000,L2FT01-FTJ028,10.95,0.000,0.666012,16605,0.435592,0.055345,0,0,1,1.0200,坪山区,23,23,0,0,0,0,1
2023-09-22,589179428,20190000000000000003,900200000000000056,1,105.895,312.725,33112.500,2023-09-22 16:30:00.000,L2FT01-FTJ028,10.47,0.000,0.666012,16605,0.435592,0.055345,0,0,1,1.0200,坪山区,23,23,0,0,0,0,1
2023-09-22,589179428,20190000000000000003,900200000000000039,1,118.998,304.883,37389.167,2023-09-22 16:30:00.000,L2FT01-FTJ028,10.47,0.000,0.666012,16605,0.435592,0.055345,0,0,1,1.0200,坪山区,23,23,0,0,0,0,1
2023-09-22,589179428,20190000000000000003,900200000000000048,1,78.951,311.747,24611.333,2023-09-22 16:45:00.000,L2FT01-FTJ028,10.47,0.000,0.666012,16605,0.435592,0.055345,0,0,1,1.0200,坪山区,23,23,0,0,0,0,1
2023-09-22,589179428,20190000000000000003,900200000000000056,1,105.842,313.740,33202.667,2023-09-22 16:45:00.000,L2FT01-FTJ028,10.47,0.000,0.666012,16605,0.435592,0.055345,0,0,1,1.0200,坪山区,23,23,0,0,0,0,1
2023-09-22,589179428,20190000000000000003,900200000000000039,1,129.825,315.791,40992.727,2023-09-22 16:45:00.000,L2FT01-FTJ028,10.47,0.000,0.666012,16605,0.435592,0.055345,0,0,1,1.0200,坪山区,23,23,0,0,0,0,1
2023-09-22,589179428,20190000000000000003,900200000000000056,1,83.804,317.107,26508.000,2023-09-22 17:00:00.000,L2FT01-FTJ028,10.17,0.000,0.666012,16605,0.435592,0.055345,0,0,1,1.0200,坪山区,23,23,0,0,0,0,1
2023-09-22,589179428,20190000000000000003,900200000000000030,1,132.854,313.460,41642.000,2023-09-22 17:00:00.000,L2FT01-FTJ028,10.17,0.000,0.666012,16605,0.435592,0.055345,0,0,1,1.0200,坪山区,23,23,0,0,0,0,1
2023-09-22,589179428,20190000000000000003,900200000000000048,1,78.890,312.667,24664.444,2023-09-22 17:00:00.000,L2FT01-FTJ028,10.17,0.000,0.666012,16605,0.435592,0.055345,0,0,1,1.0200,坪山区,23,23,0,0,0,0,1
2023-09-22,589179428,20190000000000000003,900200000000000030,1,115.625,317.691,36575.455,2023-09-22 17:15:00.000,L2FT01-FTJ028,10.17,0.000,0.666012,16605,0.435592,0.055345,0,0,1,1.0200,坪山区,23,23,0,0,0,0,1
2023-09-22,589179428,20190000000000000003,900200000000000035,1,140.772,311.440,43850.000,2023-09-22 18:45:00.000,L2FT01-FTJ028,10.07,0.000,0.666012,16605,0.435592,0.055345,0,0,1,1.0200,坪山区,23,23,0,0,0,0,1
2023-09-22,589179428,20190000000000000003,900200000000000038,1,22.532,335.320,7654.000,2023-09-22 18:45:00.000,L2FT01-FTJ028,10.07,0.000,0.666012,16605,0.435592,0.055345,0,0,1,1.0200,坪山区,23,23,0,0,0,0,1
2023-09-22,589179428,20190000000000000003,900200000000000048,1,64.133,360.736,23745.714,2023-09-22 18:45:00.000,L2FT01-FTJ028,10.07,0.000,0.666012,16605,0.435592,0.055345,0,0,1,1.0200,坪山区,23,23,0,0,0,0,1
2023-09-22,589179428,20190000000000000003,900200000000000035,1,143.018,314.560,44982.000,2023-09-22 19:00:00.000,L2FT01-FTJ028,10.17,0.000,0.666012,16605,0.435592,0.055345,0,0,1,1.0200,坪山区,23,23,0,0,0,0,1
2023-09-22,589179428,20190000000000000003,900200000000000038,1,28.110,344.507,9682.000,2023-09-22 19:00:00.000,L2FT01-FTJ028,10.17,0.000,0.666012,16605,0.435592,0.055345,0,0,1,1.0200,坪山区,23,23,0,0,0,0,1
2023-09-22,589179428,20190000000000000003,900200000000000048,1,52.964,378.300,20034.000,2023-09-22 19:00:00.000,L2FT01-FTJ028,10.17,0.000,0.666012,16605,0.435592,0.055345,0,0,1,1.0200,坪山区,23,23,0,0,0,0,1
2023-09-22,589179428,20190000000000000003,900200000000000035,1,142.971,315.533,45107.333,2023-09-22 19:15:00.000,L2FT01-FTJ028,10.17,0.000,0.666012,16605,0.435592,0.055345,0,0,1,1.0200,坪山区,23,23,0,0,0,0,1
2023-09-22,589179428,20190000000000000003,900200000000000038,1,28.090,349.740,9823.333,2023-09-22 19:15:00.000,L2FT01-FTJ028,10.17,0.000,0.666012,16605,0.435592,0.055345,0,0,1,1.0200,坪山区,23,23,0,0,0,0,1
2023-09-22,589179428,20190000000000000003,900200000000000048,1,36.441,385.100,14023.333,2023-09-22 19:15:00.000,L2FT01-FTJ028,10.17,0.000,0.666012,16605,0.435592,0.055345,0,0,1,1.0200,坪山区,23,23,0,0,0,0,1
2023-09-22,589179428,20190000000000000003,900200000000000057,1,71.650,308.100,22340.000,2023-09-22 19:15:00.000,L2FT01-FTJ028,10.17,0.000,0.666012,16605,0.435592,0.055345,0,0,1,1.0200,坪山区,23,23,0,0,0,0,1
2023-09-22,589179428,20190000000000000003,900200000000000057,1,143.197,313.053,44828.000,2023-09-22 19:30:00.000,L2FT01-FTJ028,10.17,0.000,0.666012,16605,0.435592,0.055345,0,0,1,1.0200,坪山区,23,23,0,0,0,0,1
2023-09-22,589179428,20190000000000000003,900200000000000048,1,16.882,386.667,6527.500,2023-09-22 19:30:00.000,L2FT01-FTJ028,10.17,0.000,0.666012,16605,0.435592,0.055345,0,0,1,1.0200,坪山区,23,23,0,0,0,0,1
2023-09-22,589179428,20190000000000000003,900200000000000038,1,28.090,352.713,9906.667,2023-09-22 19:30:00.000,L2FT01-FTJ028,10.17,0.000,0.666012,16605,0.435592,0.055345,0,0,1,1.0200,坪山区,23,23,0,0,0,0,1
2023-09-22,589179428,20190000000000000003,900200000000000035,1,142.945,319.500,45666.667,2023-09-22 19:30:00.000,L2FT01-FTJ028,10.17,0.000,0.666012,16605,0.435592,0.055345,0,0,1,1.0200,坪山区,23,23,0,0,0,0,1
2023-09-22,589179428,20190000000000000003,900200000000000038,1,27.977,355.407,9941.333,2023-09-22 19:45:00.000,L2FT01-FTJ028,10.17,0.000,0.666012,16605,0.435592,0.055345,0,0,1,1.0200,坪山区,23,23,0,0,0,0,1
2023-09-22,589179428,20190000000000000003,900200000000000044,1,63.398,366.062,23263.846,2023-09-22 19:45:00.000,L2FT01-FTJ028,10.17,0.000,0.666012,16605,0.435592,0.055345,0,0,1,1.0200,坪山区,23,23,0,0,0,0,1
2023-09-22,589179428,20190000000000000003,900200000000000057,1,120.252,352.773,40969.091,2023-09-22 19:45:00.000,L2FT01-FTJ028,10.17,0.000,0.666012,16605,0.435592,0.055345,0,0,1,1.0200,坪山区,23,23,0,0,0,0,1
2023-09-22,589179428,20190000000000000003,900200000000000038,1,22.690,357.713,8115.333,2023-09-22 20:00:00.000,L2FT01-FTJ028,10.47,0.000,0.666012,16605,0.435592,0.055345,0,0,1,1.0200,坪山区,23,23,0,0,0,0,1
2023-09-22,589179428,20190000000000000003,900200000000000044,1,71.590,378.007,27060.000,2023-09-22 20:00:00.000,L2FT01-FTJ028,10.47,0.000,0.666012,16605,0.435592,0.055345,0,0,1,1.0200,坪山区,23,23,0,0,0,0,1
2023-09-22,589179428,20190000000000000003,900200000000000057,1,103.739,436.053,45183.333,2023-09-22 20:00:00.000,L2FT01-FTJ028,10.47,0.000,0.666012,16605,0.435592,0.055345,0,0,1,1.0200,坪山区,23,23,0,0,0,0,1
2023-09-22,589179428,20190000000000000003,900200000000000038,1,22.690,360.692,8182.500,2023-09-22 20:15:00.000,L2FT01-FTJ028,10.47,0.000,0.666012,16605,0.435592,0.055345,0,0,1,1.0200,坪山区,23,23,0,0,0,0,1
2023-09-22,589179428,20190000000000000003,900200000000000044,1,42.839,386.067,16534.667,2023-09-22 20:15:00.000,L2FT01-FTJ028,10.47,0.000,0.666012,16605,0.435592,0.055345,0,0,1,1.0200,坪山区,23,23,0,0,0,0,1
2023-09-22,589179428,20190000000000000003,900200000000000057,1,37.001,446.060,16490.667,2023-09-22 20:15:00.000,L2FT01-FTJ028,10.47,0.000,0.666012,16605,0.435592,0.055345,0,0,1,1.0200,坪山区,23,23,0,0,0,0,1
2023-09-22,589179428,20190000000000000003,900200000000000044,1,26.500,387.350,10260.000,2023-09-22 20:30:00.000,L2FT01-FTJ028,10.47,0.000,0.666012,16605,0.435592,0.055345,0,0,1,1.0200,坪山区,23,23,0,0,0,0,1
2023-09-22,589179428,20190000000000000003,900200000000000057,1,29.043,412.350,11000.000,2023-09-22 20:30:00.000,L2FT01-FTJ028,10.47,0.000,0.666012,16605,0.435592,0.055345,0,0,1,1.0200,坪山区,23,23,0,0,0,0,1
2023-09-22,589179428,20190000000000000003,900200000000000057,1,143.325,314.547,45077.333,2023-09-22 20:45:00.000,L2FT01-FTJ028,10.47,0.000,0.666012,16605,0.435592,0.055345,0,0,1,1.0200,坪山区,23,23,0,0,0,0,1
2023-09-22,589179428,20190000000000000003,900200000000000038,1,88.945,354.950,31585.000,2023-09-22 21:00:00.000,L2FT01-FTJ028,10.95,0.000,0.666012,16605,0.435592,0.055345,0,0,1,1.0200,坪山区,23,23,0,0,0,0,1
2023-09-22,589179428,20190000000000000003,900200000000000057,1,131.458,317.673,41746.000,2023-09-22 21:00:00.000,L2FT01-FTJ028,10.95,0.000,0.666012,16605,0.435592,0.055345,0,0,1,1.0200,坪山区,23,23,0,0,0,0,1
2023-09-22,589179428,20190000000000000003,900200000000000038,1,87.535,358.300,31355.000,2023-09-22 21:15:00.000,L2FT01-FTJ028,10.95,0.000,0.666012,16605,0.435592,0.055345,0,0,1,1.0200,坪山区,23,23,0,0,0,0,1
2023-09-22,589179428,20190000000000000003,900200000000000057,1,45.047,322.314,14508.571,2023-09-22 21:15:00.000,L2FT01-FTJ028,10.95,0.000,0.666012,16605,0.435592,0.055345,0,0,1,1.0200,坪山区,23,23,0,0,0,0,1
2023-09-23,589179428,20190000000000000003,900200000000000031,1,124.895,307.225,38396.250,2023-09-23 00:00:00.000,L2FT01-FTJ028,13.07,0.000,0.666012,16605,0.435592,0.055345,0,0,0,1.0200,坪山区,23,23,0,0,0,0,1
2023-09-23,589179428,20190000000000000003,900200000000000034,1,71.379,301.578,21524.444,2023-09-23 00:00:00.000,L2FT01-FTJ028,13.07,0.000,0.666012,16605,0.435592,0.055345,0,0,0,1.0200,坪山区,23,23,0,0,0,0,1
2023-09-23,589179428,20190000000000000003,900200000000000031,1,129.890,310.327,40306.000,2023-09-23 00:15:00.000,L2FT01-FTJ028,13.07,0.000,0.666012,16605,0.435592,0.055345,0,0,0,1.0200,坪山区,23,23,0,0,0,0,1
2023-09-23,589179428,20190000000000000003,900200000000000034,1,71.553,305.100,21828.667,2023-09-23 00:15:00.000,L2FT01-FTJ028,13.07,0.000,0.666012,16605,0.435592,0.055345,0,0,0,1.0200,坪山区,23,23,0,0,0,0,1
2023-09-23,589179428,20190000000000000003,900200000000000031,1,129.848,311.220,40408.000,2023-09-23 00:30:00.000,L2FT01-FTJ028,13.07,0.000,0.666012,16605,0.435592,0.055345,0,0,0,1.0200,坪山区,23,23,0,0,0,0,1
2023-09-23,589179428,20190000000000000003,900200000000000034,1,71.663,307.640,22044.000,2023-09-23 00:30:00.000,L2FT01-FTJ028,13.07,0.000,0.666012,16605,0.435592,0.055345,0,0,0,1.0200,坪山区,23,23,0,0,0,0,1
2023-09-23,589179428,20190000000000000003,900200000000000031,1,129.830,313.100,40645.333,2023-09-23 00:45:00.000,L2FT01-FTJ028,13.07,0.000,0.666012,16605,0.435592,0.055345,0,0,0,1.0200,坪山区,23,23,0,0,0,0,1
2023-09-23,589179428,20190000000000000003,900200000000000034,1,71.677,308.467,22106.000,2023-09-23 00:45:00.000,L2FT01-FTJ028,13.07,0.000,0.666012,16605,0.435592,0.055345,0,0,0,1.0200,坪山区,23,23,0,0,0,0,1
2023-09-23,589179428,20190000000000000003,900200000000000034,1,71.690,308.887,22142.000,2023-09-23 01:00:00.000,L2FT01-FTJ028,13.85,0.000,0.666012,16605,0.435592,0.055345,0,0,0,1.0200,坪山区,23,23,0,0,0,0,1
2023-09-23,589179428,20190000000000000003,900200000000000031,1,129.812,314.580,40832.667,2023-09-23 01:00:00.000,L2FT01-FTJ028,13.85,0.000,0.666012,16605,0.435592,0.055345,0,0,0,1.0200,坪山区,23,23,0,0,0,0,1
2023-09-23,589179428,20190000000000000003,900200000000000031,1,129.854,316.340,41074.667,2023-09-23 01:15:00.000,L2FT01-FTJ028,13.85,0.000,0.666012,16605,0.435592,0.055345,0,0,0,1.0200,坪山区,23,23,0,0,0,0,1
2023-09-23,589179428,20190000000000000003,900200000000000034,1,71.690,309.580,22191.333,2023-09-23 01:15:00.000,L2FT01-FTJ028,13.85,0.000,0.666012,16605,0.435592,0.055345,0,0,0,1.0200,坪山区,23,23,0,0,0,0,1
2023-09-23,589179428,20190000000000000003,900200000000000031,1,89.827,324.433,29096.667,2023-09-23 01:30:00.000,L2FT01-FTJ028,13.85,0.000,0.666012,16605,0.435592,0.055345,0,0,0,1.0200,坪山区,23,23,0,0,0,0,1
2023-09-23,589179428,20190000000000000003,900200000000000034,1,71.690,310.613,22266.000,2023-09-23 01:30:00.000,L2FT01-FTJ028,13.85,0.000,0.666012,16605,0.435592,0.055345,0,0,0,1.0200,坪山区,23,23,0,0,0,0,1
2023-09-23,589179428,20190000000000000003,900200000000000034,1,71.690,311.820,22354.000,2023-09-23 01:45:00.000,L2FT01-FTJ028,13.85,0.000,0.666012,16605,0.435592,0.055345,0,0,0,1.0200,坪山区,23,23,0,0,0,0,1
2023-09-23,589179428,20190000000000000003,900200000000000047,1,129.860,307.000,39863.333,2023-09-23 01:45:00.000,L2FT01-FTJ028,13.85,0.000,0.666012,16605,0.435592,0.055345,0,0,0,1.0200,坪山区,23,23,0,0,0,0,1
2023-09-23,589179428,20190000000000000003,900200000000000034,1,71.690,312.500,22401.333,2023-09-23 02:00:00.000,L2FT01-FTJ028,14.57,0.000,0.666012,16605,0.435592,0.055345,0,0,0,1.0200,坪山区,23,23,0,0,0,0,1
2023-09-23,589179428,20190000000000000003,900200000000000047,1,129.824,310.447,40300.000,2023-09-23 02:00:00.000,L2FT01-FTJ028,14.57,0.000,0.666012,16605,0.435592,0.055345,0,0,0,1.0200,坪山区,23,23,0,0,0,0,1
2023-09-23,589179428,20190000000000000003,900200000000000034,1,71.690,313.087,22443.333,2023-09-23 02:15:00.000,L2FT01-FTJ028,14.57,0.000,0.666012,16605,0.435592,0.055345,0,0,0,1.0200,坪山区,23,23,0,0,0,0,1
2023-09-23,589179428,20190000000000000003,900200000000000047,1,129.818,311.293,40406.667,2023-09-23 02:15:00.000,L2FT01-FTJ028,14.57,0.000,0.666012,16605,0.435592,0.055345,0,0,0,1.0200,坪山区,23,23,0,0,0,0,1
2023-09-23,589179428,20190000000000000003,900200000000000047,1,129.830,312.973,40629.333,2023-09-23 02:30:00.000,L2FT01-FTJ028,14.57,0.000,0.666012,16605,0.435592,0.055345,0,0,0,1.0200,坪山区,23,23,0,0,0,0,1
2023-09-23,589179428,20190000000000000003,900200000000000034,1,71.690,314.508,22543.846,2023-09-23 02:30:00.000,L2FT01-FTJ028,14.57,0.000,0.666012,16605,0.435592,0.055345,0,0,0,1.0200,坪山区,23,23,0,0,0,0,1
2023-09-23,589179428,20190000000000000003,900200000000000047,1,129.860,314.813,40878.667,2023-09-23 02:45:00.000,L2FT01-FTJ028,14.57,0.000,0.666012,16605,0.435592,0.055345,0,0,0,1.0200,坪山区,23,23,0,0,0,0,1
2023-09-23,589179428,20190000000000000003,900200000000000043,1,71.745,305.700,21930.000,2023-09-23 02:45:00.000,L2FT01-FTJ028,14.57,0.000,0.666012,16605,0.435592,0.055345,0,0,0,1.0200,坪山区,23,23,0,0,0,0,1
2023-09-23,589179428,20190000000000000003,900200000000000034,1,71.500,304.247,21751.333,2023-09-23 02:45:00.000,L2FT01-FTJ028,14.57,0.000,0.666012,16605,0.435592,0.055345,0,0,0,1.0200,坪山区,23,23,0,0,0,0,1
2023-09-23,589179428,20190000000000000003,900200000000000034,1,71.677,306.680,21979.333,2023-09-23 03:00:00.000,L2FT01-FTJ028,15.19,0.000,0.666012,16605,0.435592,0.055345,0,0,0,1.0200,坪山区,23,23,0,0,0,0,1
2023-09-23,589179428,20190000000000000003,900200000000000043,1,71.757,307.640,22074.667,2023-09-23 03:00:00.000,L2FT01-FTJ028,15.19,0.000,0.666012,16605,0.435592,0.055345,0,0,0,1.0200,坪山区,23,23,0,0,0,0,1
2023-09-23,589179428,20190000000000000003,900200000000000047,1,129.872,317.347,41212.667,2023-09-23 03:00:00.000,L2FT01-FTJ028,15.19,0.000,0.666012,16605,0.435592,0.055345,0,0,0,1.0200,坪山区,23,23,0,0,0,0,1
2023-09-23,589179428,20190000000000000003,900200000000000034,1,71.690,307.500,22042.667,2023-09-23 03:15:00.000,L2FT01-FTJ028,15.19,0.000,0.666012,16605,0.435592,0.055345,0,0,0,1.0200,坪山区,23,23,0,0,0,0,1
2023-09-23,589179428,20190000000000000003,900200000000000043,1,71.763,308.007,22102.667,2023-09-23 03:15:00.000,L2FT01-FTJ028,15.19,0.000,0.666012,16605,0.435592,0.055345,0,0,0,1.0200,坪山区,23,23,0,0,0,0,1
2023-09-23,589179428,20190000000000000003,900200000000000047,1,39.877,327.933,13071.667,2023-09-23 03:15:00.000,L2FT01-FTJ028,15.19,0.000,0.666012,16605,0.435592,0.055345,0,0,0,1.0200,坪山区,23,23,0,0,0,0,1
2023-09-23,589179428,20190000000000000003,900200000000000034,1,71.690,307.820,22065.333,2023-09-23 03:30:00.000,L2FT01-FTJ028,15.19,0.000,0.666012,16605,0.435592,0.055345,0,0,0,1.0200,坪山区,23,23,0,0,0,0,1
2023-09-23,589179428,20190000000000000003,900200000000000043,1,71.790,308.233,22125.333,2023-09-23 03:30:00.000,L2FT01-FTJ028,15.19,0.000,0.666012,16605,0.435592,0.055345,0,0,0,1.0200,坪山区,23,23,0,0,0,0,1
2023-09-23,589179428,20190000000000000003,900200000000000048,0,0.000,163.100,0.000,2023-09-23 03:30:00.000,L2FT01-FTJ028,15.19,0.000,0.666012,16605,0.435592,0.055345,0,0,0,1.0200,坪山区,23,23,0,0,0,0,1
2023-09-23,589179428,20190000000000000003,900200000000000034,1,71.690,308.293,22100.000,2023-09-23 03:45:00.000,L2FT01-FTJ028,15.19,0.000,0.666012,16605,0.435592,0.055345,0,0,0,1.0200,坪山区,23,23,0,0,0,0,1
2023-09-23,589179428,20190000000000000003,900200000000000043,1,71.790,308.640,22156.000,2023-09-23 03:45:00.000,L2FT01-FTJ028,15.19,0.000,0.666012,16605,0.435592,0.055345,0,0,0,1.0200,坪山区,23,23,0,0,0,0,1
2023-09-23,589179428,20190000000000000003,900200000000000048,1,35.350,301.907,10671.333,2023-09-23 03:45:00.000,L2FT01-FTJ028,15.19,0.000,0.666012,16605,0.435592,0.055345,0,0,0,1.0200,坪山区,23,23,0,0,0,0,1
2023-09-23,589179428,20190000000000000003,900200000000000048,1,35.471,304.200,10786.000,2023-09-23 04:00:00.000,L2FT01-FTJ028,15.67,0.000,0.666012,16605,0.435592,0.055345,0,0,0,1.0200,坪山区,23,23,0,0,0,0,1
2023-09-23,589179428,20190000000000000003,900200000000000034,1,71.690,309.113,22158.000,2023-09-23 04:00:00.000,L2FT01-FTJ028,15.67,0.000,0.666012,16605,0.435592,0.055345,0,0,0,1.0200,坪山区,23,23,0,0,0,0,1
2023-09-23,589179428,20190000000000000003,900200000000000043,1,71.730,309.540,22201.333,2023-09-23 04:00:00.000,L2FT01-FTJ028,15.67,0.000,0.666012,16605,0.435592,0.055345,0,0,0,1.0200,坪山区,23,23,0,0,0,0,1
2023-09-23,589179428,20190000000000000003,900200000000000034,1,71.690,310.247,22240.000,2023-09-23 04:15:00.000,L2FT01-FTJ028,15.67,0.000,0.666012,16605,0.435592,0.055345,0,0,0,1.0200,坪山区,23,23,0,0,0,0,1
2023-09-23,589179428,20190000000000000003,900200000000000043,1,71.770,311.093,22325.333,2023-09-23 04:15:00.000,L2FT01-FTJ028,15.67,0.000,0.666012,16605,0.435592,0.055345,0,0,0,1.0200,坪山区,23,23,0,0,0,0,1
2023-09-23,589179428,20190000000000000003,900200000000000048,1,35.500,305.680,10846.667,2023-09-23 04:15:00.000,L2FT01-FTJ028,15.67,0.000,0.666012,16605,0.435592,0.055345,0,0,0,1.0200,坪山区,23,23,0,0,0,0,1
2023-09-23,589179428,20190000000000000003,900200000000000034,1,71.690,311.433,22325.333,2023-09-23 04:30:00.000,L2FT01-FTJ028,15.67,0.000,0.666012,16605,0.435592,0.055345,0,0,0,1.0200,坪山区,23,23,0,0,0,0,1
2023-09-23,589179428,20190000000000000003,900200000000000043,1,71.790,311.740,22380.000,2023-09-23 04:30:00.000,L2FT01-FTJ028,15.67,0.000,0.666012,16605,0.435592,0.055345,0,0,0,1.0200,坪山区,23,23,0,0,0,0,1
2023-09-23,589179428,20190000000000000003,900200000000000048,1,35.500,306.620,10880.667,2023-09-23 04:30:00.000,L2FT01-FTJ028,15.67,0.000,0.666012,16605,0.435592,0.055345,0,0,0,1.0200,坪山区,23,23,0,0,0,0,1
2023-09-23,589179428,20190000000000000003,900200000000000034,1,71.690,311.860,22356.000,2023-09-23 04:45:00.000,L2FT01-FTJ028,15.67,0.000,0.666012,16605,0.435592,0.055345,0,0,0,1.0200,坪山区,23,23,0,0,0,0,1
2023-09-23,589179428,20190000000000000003,900200000000000035,1,55.493,442.900,25686.667,2023-09-23 04:45:00.000,L2FT01-FTJ028,15.67,0.000,0.666012,16605,0.435592,0.055345,0,0,0,1.0200,坪山区,23,23,0,0,0,0,1
2023-09-23,589179428,20190000000000000003,900200000000000043,1,71.763,312.027,22390.667,2023-09-23 04:45:00.000,L2FT01-FTJ028,15.67,0.000,0.666012,16605,0.435592,0.055345,0,0,0,1.0200,坪山区,23,23,0,0,0,0,1
2023-09-23,589179428,20190000000000000003,900200000000000048,1,35.500,307.047,10896.000,2023-09-23 04:45:00.000,L2FT01-FTJ028,15.67,0.000,0.666012,16605,0.435592,0.055345,0,0,0,1.0200,坪山区,23,23,0,0,0,0,1
2023-09-23,589179428,20190000000000000003,900200000000000048,1,35.500,307.200,10900.000,2023-09-23 05:00:00.000,L2FT01-FTJ028,15.97,0.000,0.666012,16605,0.435592,0.055345,0,0,0,1.0200,坪山区,23,23,0,0,0,0,1
2023-09-23,589179428,20190000000000000003,900200000000000043,1,71.790,312.400,22426.000,2023-09-23 05:00:00.000,L2FT01-FTJ028,15.97,0.000,0.666012,16605,0.435592,0.055345,0,0,0,1.0200,坪山区,23,23,0,0,0,0,1
2023-09-23,589179428,20190000000000000003,900200000000000035,1,126.347,474.120,59901.333,2023-09-23 05:00:00.000,L2FT01-FTJ028,15.97,0.000,0.666012,16605,0.435592,0.055345,0,0,0,1.0200,坪山区,23,23,0,0,0,0,1
2023-09-23,589179428,20190000000000000003,900200000000000034,1,71.663,312.191,22371.818,2023-09-23 05:00:00.000,L2FT01-FTJ028,15.97,0.000,0.666012,16605,0.435592,0.055345,0,0,0,1.0200,坪山区,23,23,0,0,0,0,1
2023-09-23,589179428,20190000000000000003,900200000000000035,1,126.157,474.567,59868.000,2023-09-23 05:15:00.000,L2FT01-FTJ028,15.97,0.000,0.666012,16605,0.435592,0.055345,0,0,0,1.0200,坪山区,23,23,0,0,0,0,1
2023-09-23,589179428,20190000000000000003,900200000000000043,1,71.757,312.987,22456.000,2023-09-23 05:15:00.000,L2FT01-FTJ028,15.97,0.000,0.666012,16605,0.435592,0.055345,0,0,0,1.0200,坪山区,23,23,0,0,0,0,1
2023-09-23,589179428,20190000000000000003,900200000000000048,1,35.500,307.227,10900.000,2023-09-23 05:15:00.000,L2FT01-FTJ028,15.97,0.000,0.666012,16605,0.435592,0.055345,0,0,0,1.0200,坪山区,23,23,0,0,0,0,1
2023-09-23,589179428,20190000000000000003,900200000000000035,1,115.093,474.787,54646.000,2023-09-23 05:30:00.000,L2FT01-FTJ028,15.97,0.000,0.666012,16605,0.435592,0.055345,0,0,0,1.0200,坪山区,23,23,0,0,0,0,1
2023-09-23,589179428,20190000000000000003,900200000000000043,1,71.759,313.931,22526.154,2023-09-23 05:30:00.000,L2FT01-FTJ028,15.97,0.000,0.666012,16605,0.435592,0.055345,0,0,0,1.0200,坪山区,23,23,0,0,0,0,1
2023-09-23,589179428,20190000000000000003,900200000000000048,1,35.500,307.340,10904.000,2023-09-23 05:30:00.000,L2FT01-FTJ028,15.97,0.000,0.666012,16605,0.435592,0.055345,0,0,0,1.0200,坪山区,23,23,0,0,0,0,1
2023-09-23,589179428,20190000000000000003,900200000000000035,1,83.231,474.650,39507.143,2023-09-23 05:45:00.000,L2FT01-FTJ028,15.97,0.000,0.666012,16605,0.435592,0.055345,0,0,0,1.0200,坪山区,23,23,0,0,0,0,1
2023-09-23,589179428,20190000000000000003,900200000000000043,1,66.598,296.050,20396.429,2023-09-23 05:45:00.000,L2FT01-FTJ028,15.97,0.000,0.666012,16605,0.435592,0.055345,0,0,0,1.0200,坪山区,23,23,0,0,0,0,1
2023-09-23,589179428,20190000000000000003,900200000000000048,1,35.500,307.513,10910.000,2023-09-23 05:45:00.000,L2FT01-FTJ028,15.97,0.000,0.666012,16605,0.435592,0.055345,0,0,0,1.0200,坪山区,23,23,0,0,0,0,1
2023-09-23,589179428,20190000000000000003,900200000000000043,1,71.690,307.753,22059.333,2023-09-23 06:00:00.000,L2FT01-FTJ028,16.07,0.000,0.666012,16605,0.435592,0.055345,0,0,0,1.0200,坪山区,23,23,0,0,0,0,1
2023-09-23,589179428,20190000000000000003,900200000000000048,1,35.500,307.713,10918.000,2023-09-23 06:00:00.000,L2FT01-FTJ028,16.07,0.000,0.666012,16605,0.435592,0.055345,0,0,0,1.0200,坪山区,23,23,0,0,0,0,1
2023-09-23,589179428,20190000000000000003,900200000000000048,1,34.132,317.844,10737.778,2023-09-23 06:15:00.000,L2FT01-FTJ028,16.07,0.000,0.666012,16605,0.435592,0.055345,0,0,0,1.0200,坪山区,23,23,0,0,0,0,1
2023-09-23,589179428,20190000000000000003,900200000000000043,1,71.690,308.000,22078.667,2023-09-23 06:15:00.000,L2FT01-FTJ028,16.07,0.000,0.666012,16605,0.435592,0.055345,0,0,0,1.0200,坪山区,23,23,0,0,0,0,1
2023-09-23,589179428,20190000000000000003,900200000000000043,1,71.690,308.500,22114.000,2023-09-23 06:30:00.000,L2FT01-FTJ028,16.07,0.000,0.666012,16605,0.435592,0.055345,0,0,0,1.0200,坪山区,23,23,0,0,0,0,1
2023-09-23,589179428,20190000000000000003,900200000000000048,1,29.643,334.533,10313.333,2023-09-23 06:30:00.000,L2FT01-FTJ028,16.07,0.000,0.666012,16605,0.435592,0.055345,0,0,0,1.0200,坪山区,23,23,0,0,0,0,1
2023-09-23,589179428,20190000000000000003,900200000000000043,1,71.690,309.547,22188.667,2023-09-23 06:45:00.000,L2FT01-FTJ028,16.07,0.000,0.666012,16605,0.435592,0.055345,0,0,0,1.0200,坪山区,23,23,0,0,0,0,1
2023-09-23,589179428,20190000000000000003,900200000000000043,1,71.690,311.133,22303.333,2023-09-23 07:00:00.000,L2FT01-FTJ028,15.97,0.000,0.666012,16605,0.435592,0.055345,0,0,0,1.0200,坪山区,23,23,0,0,0,0,1
2023-09-23,589179428,20190000000000000003,900200000000000043,1,71.690,312.053,22370.000,2023-09-23 07:15:00.000,L2FT01-FTJ028,15.97,0.000,0.666012,16605,0.435592,0.055345,0,0,0,1.0200,坪山区,23,23,0,0,0,0,1
2023-09-23,589179428,20190000000000000003,900200000000000043,1,71.690,312.560,22405.333,2023-09-23 07:30:00.000,L2FT01-FTJ028,15.97,0.000,0.666012,16605,0.435592,0.055345,0,0,0,1.0200,坪山区,23,23,0,0,0,0,1
2023-09-23,589179428,20190000000000000003,900200000000000047,1,109.843,348.045,38226.364,2023-09-23 07:30:00.000,L2FT01-FTJ028,15.97,0.000,0.666012,16605,0.435592,0.055345,0,0,0,1.0200,坪山区,23,23,0,0,0,0,1
2023-09-23,589179428,20190000000000000003,900200000000000043,1,71.690,313.780,22492.667,2023-09-23 07:45:00.000,L2FT01-FTJ028,15.97,0.000,0.666012,16605,0.435592,0.055345,0,0,0,1.0200,坪山区,23,23,0,0,0,0,1
2023-09-23,589179428,20190000000000000003,900200000000000047,1,109.836,350.287,38470.667,2023-09-23 07:45:00.000,L2FT01-FTJ028,15.97,0.000,0.666012,16605,0.435592,0.055345,0,0,0,1.0200,坪山区,23,23,0,0,0,0,1
2023-09-23,589179428,20190000000000000003,900200000000000043,1,53.733,323.214,17280.000,2023-09-23 08:00:00.000,L2FT01-FTJ028,15.67,0.000,0.666012,16605,0.435592,0.055345,0,0,0,1.0200,坪山区,23,23,0,0,0,0,1
2023-09-23,589179428,20190000000000000003,900200000000000047,1,66.837,353.973,23666.667,2023-09-23 08:00:00.000,L2FT01-FTJ028,15.67,0.000,0.666012,16605,0.435592,0.055345,0,0,0,1.0200,坪山区,23,23,0,0,0,0,1
2023-09-23,589179428,20190000000000000003,900200000000000047,1,12.841,356.486,4574.286,2023-09-23 08:15:00.000,L2FT01-FTJ028,15.67,0.000,0.666012,16605,0.435592,0.055345,0,0,0,1.0200,坪山区,23,23,0,0,0,0,1
2023-09-23,589179428,20190000000000000003,900200000000000037,1,84.543,396.900,33533.750,2023-09-23 09:00:00.000,L2FT01-FTJ028,15.19,0.000,0.666012,16605,0.435592,0.055345,0,0,0,1.0200,坪山区,23,23,0,0,0,0,1
2023-09-23,589179428,20190000000000000003,900200000000000037,1,49.890,404.207,20163.333,2023-09-23 09:15:00.000,L2FT01-FTJ028,15.19,0.000,0.666012,16605,0.435592,0.055345,0,0,0,1.0200,坪山区,23,23,0,0,0,0,1
2023-09-23,589179428,20190000000000000003,900200000000000037,1,41.127,411.913,16938.750,2023-09-23 09:30:00.000,L2FT01-FTJ028,15.19,0.000,0.666012,16605,0.435592,0.055345,0,0,0,1.0200,坪山区,23,23,0,0,0,0,1
2023-09-23,589179428,20190000000000000003,900200000000000030,1,191.836,312.150,60896.429,2023-09-23 12:00:00.000,L2FT01-FTJ028,13.07,0.000,0.666012,16605,0.435592,0.055345,0,0,0,1.0200,坪山区,23,23,0,0,0,0,1
2023-09-23,589179428,20190000000000000003,900200000000000048,1,60.168,351.731,21103.846,2023-09-23 12:00:00.000,L2FT01-FTJ028,13.07,0.000,0.666012,16605,0.435592,0.055345,0,0,0,1.0200,坪山区,23,23,0,0,0,0,1
2023-09-23,589179428,20190000000000000003,900200000000000030,1,129.070,327.900,41910.000,2023-09-23 12:15:00.000,L2FT01-FTJ028,13.07,0.000,0.666012,16605,0.435592,0.055345,0,0,0,1.0200,坪山区,23,23,0,0,0,0,1
2023-09-23,589179428,20190000000000000003,900200000000000048,1,65.090,351.793,22896.000,2023-09-23 12:15:00.000,L2FT01-FTJ028,13.07,0.000,0.666012,16605,0.435592,0.055345,0,0,0,1.0200,坪山区,23,23,0,0,0,0,1
2023-09-23,589179428,20190000000000000003,900200000000000048,1,65.090,353.840,23030.000,2023-09-23 12:30:00.000,L2FT01-FTJ028,13.07,0.000,0.666012,16605,0.435592,0.055345,0,0,0,1.0200,坪山区,23,23,0,0,0,0,1
2023-09-23,589179428,20190000000000000003,900200000000000048,1,65.037,354.960,23084.667,2023-09-23 12:45:00.000,L2FT01-FTJ028,13.07,0.000,0.666012,16605,0.435592,0.055345,0,0,0,1.0200,坪山区,23,23,0,0,0,0,1
2023-09-23,589179428,20190000000000000003,900200000000000048,1,54.940,354.925,19500.000,2023-09-23 13:00:00.000,L2FT01-FTJ028,12.30,0.000,0.666012,16605,0.435592,0.055345,0,0,0,1.0200,坪山区,23,23,0,0,0,0,1
2023-09-23,589179428,20190000000000000003,900200000000000039,1,90.375,326.550,29508.333,2023-09-23 16:00:00.000,L2FT01-FTJ028,10.47,0.000,0.666012,16605,0.435592,0.055345,0,0,0,1.0200,坪山区,23,23,0,0,0,0,1
2023-09-23,589179428,20190000000000000003,900200000000000039,1,77.753,328.027,25504.667,2023-09-23 16:15:00.000,L2FT01-FTJ028,10.47,0.000,0.666012,16605,0.435592,0.055345,0,0,0,1.0200,坪山区,23,23,0,0,0,0,1
2023-09-23,589179428,20190000000000000003,900200000000000039,1,59.514,328.500,19548.667,2023-09-23 16:30:00.000,L2FT01-FTJ028,10.47,0.000,0.666012,16605,0.435592,0.055345,0,0,0,1.0200,坪山区,23,23,0,0,0,0,1
2023-09-23,589179428,20190000000000000003,900200000000000039,1,28.712,332.167,9506.667,2023-09-23 16:45:00.000,L2FT01-FTJ028,10.47,0.000,0.666012,16605,0.435592,0.055345,0,0,0,1.0200,坪山区,23,23,0,0,0,0,1
2023-09-23,589179428,20190000000000000003,900200000000000039,1,52.560,360.850,18980.000,2023-09-23 17:00:00.000,L2FT01-FTJ028,10.17,0.000,0.666012,16605,0.435592,0.055345,0,0,0,1.0200,坪山区,23,23,0,0,0,0,1
2023-09-23,589179428,20190000000000000003,900200000000000039,1,54.803,371.133,20338.667,2023-09-23 17:15:00.000,L2FT01-FTJ028,10.17,0.000,0.666012,16605,0.435592,0.055345,0,0,0,1.0200,坪山区,23,23,0,0,0,0,1
2023-09-23,589179428,20190000000000000003,900200000000000038,1,39.440,432.725,17865.000,2023-09-23 17:15:00.000,L2FT01-FTJ028,10.17,0.000,0.666012,16605,0.435592,0.055345,0,0,0,1.0200,坪山区,23,23,0,0,0,0,1
2023-09-23,589179428,20190000000000000003,900200000000000038,1,105.131,469.233,49332.000,2023-09-23 17:30:00.000,L2FT01-FTJ028,10.17,0.000,0.666012,16605,0.435592,0.055345,0,0,0,1.0200,坪山区,23,23,0,0,0,0,1
2023-09-23,589179428,20190000000000000003,900200000000000039,1,40.157,382.033,15327.333,2023-09-23 17:30:00.000,L2FT01-FTJ028,10.17,0.000,0.666012,16605,0.435592,0.055345,0,0,0,1.0200,坪山区,23,23,0,0,0,0,1
2023-09-23,589179428,20190000000000000003,900200000000000039,1,25.890,387.580,10032.667,2023-09-23 17:45:00.000,L2FT01-FTJ028,10.17,0.000,0.666012,16605,0.435592,0.055345,0,0,0,1.0200,坪山区,23,23,0,0,0,0,1
2023-09-23,589179428,20190000000000000003,900200000000000039,1,23.937,394.173,9432.667,2023-09-23 18:00:00.000,L2FT01-FTJ028,10.07,0.000,0.666012,16605,0.435592,0.055345,0,0,0,1.0200,坪山区,23,23,0,0,0,0,1
2023-09-23,589179428,20190000000000000003,900200000000000039,1,9.950,396.187,3941.333,2023-09-23 18:15:00.000,L2FT01-FTJ028,10.07,0.000,0.666012,16605,0.435592,0.055345,0,0,0,1.0200,坪山区,23,23,0,0,0,0,1
2023-09-23,589179428,20190000000000000003,900200000000000034,1,73.834,355.636,26253.636,2023-09-23 18:30:00.000,L2FT01-FTJ028,10.07,0.000,0.666012,16605,0.435592,0.055345,0,0,0,1.0200,坪山区,23,23,0,0,0,0,1
2023-09-23,589179428,20190000000000000003,900200000000000039,1,5.590,396.450,2215.000,2023-09-23 18:30:00.000,L2FT01-FTJ028,10.07,0.000,0.666012,16605,0.435592,0.055345,0,0,0,1.0200,坪山区,23,23,0,0,0,0,1
2023-09-23,589179428,20190000000000000003,900200000000000034,1,58.690,355.100,20840.000,2023-09-23 18:45:00.000,L2FT01-FTJ028,10.07,0.000,0.666012,16605,0.435592,0.055345,0,0,0,1.0200,坪山区,23,23,0,0,0,0,1
2023-09-23,589179428,20190000000000000003,900200000000000037,1,113.544,356.222,40514.444,2023-09-23 19:00:00.000,L2FT01-FTJ028,10.17,0.000,0.666012,16605,0.435592,0.055345,0,0,0,1.0200,坪山区,23,23,0,0,0,0,1
2023-09-23,589179428,20190000000000000003,900200000000000037,1,116.951,359.792,42082.500,2023-09-23 19:15:00.000,L2FT01-FTJ028,10.17,0.000,0.666012,16605,0.435592,0.055345,0,0,0,1.0200,坪山区,23,23,0,0,0,0,1
2023-09-23,589179428,20190000000000000003,900200000000000037,1,91.399,352.720,32235.333,2023-09-23 20:00:00.000,L2FT01-FTJ028,10.47,0.000,0.666012,16605,0.435592,0.055345,0,0,0,1.0200,坪山区,23,23,0,0,0,0,1
2023-09-23,589179428,20190000000000000003,900200000000000037,1,88.090,353.550,31142.500,2023-09-23 20:15:00.000,L2FT01-FTJ028,10.47,0.000,0.666012,16605,0.435592,0.055345,0,0,0,1.0200,坪山区,23,23,0,0,0,0,1
2023-09-23,589179428,20190000000000000003,900200000000000039,1,9.000,302.000,2975.000,2023-09-23 21:30:00.000,L2FT01-FTJ028,10.95,0.000,0.666012,16605,0.435592,0.055345,0,0,0,1.0200,坪山区,23,23,0,0,0,0,1
2023-09-23,589179428,20190000000000000003,900200000000000039,1,103.870,341.860,35578.667,2023-09-23 21:45:00.000,L2FT01-FTJ028,10.95,0.000,0.666012,16605,0.435592,0.055345,0,0,0,1.0200,坪山区,23,23,0,0,0,0,1
2023-09-23,589179428,20190000000000000003,900200000000000039,1,110.171,351.867,38763.333,2023-09-23 22:00:00.000,L2FT01-FTJ028,11.57,0.000,0.666012,16605,0.435592,0.055345,0,0,0,1.0200,坪山区,23,23,0,0,0,0,1
2023-09-23,589179428,20190000000000000003,900200000000000039,1,110.099,366.573,40356.000,2023-09-23 22:15:00.000,L2FT01-FTJ028,11.57,0.000,0.666012,16605,0.435592,0.055345,0,0,0,1.0200,坪山区,23,23,0,0,0,0,1
2023-09-23,589179428,20190000000000000003,900200000000000039,1,78.871,380.047,29956.667,2023-09-23 22:30:00.000,L2FT01-FTJ028,11.57,0.000,0.666012,16605,0.435592,0.055345,0,0,0,1.0200,坪山区,23,23,0,0,0,0,1
2023-09-23,589179428,20190000000000000003,900200000000000039,1,35.071,386.120,13538.667,2023-09-23 22:45:00.000,L2FT01-FTJ028,11.57,0.000,0.666012,16605,0.435592,0.055345,0,0,0,1.0200,坪山区,23,23,0,0,0,0,1
2023-09-23,589179428,20190000000000000003,900200000000000039,1,23.790,387.929,9227.143,2023-09-23 23:00:00.000,L2FT01-FTJ028,12.30,0.000,0.666012,16605,0.435592,0.055345,0,0,0,1.0200,坪山区,23,23,0,0,0,0,1
2023-09-24,589179428,20190000000000000003,900200000000000035,1,130.531,308.433,40255.833,2023-09-24 00:00:00.000,L2FT01-FTJ028,13.07,0.000,0.666012,16605,0.435592,0.055345,0,0,0,1.0200,坪山区,23,23,0,0,0,0,1
2023-09-24,589179428,20190000000000000003,900200000000000035,1,130.500,309.653,40403.333,2023-09-24 00:15:00.000,L2FT01-FTJ028,13.07,0.000,0.666012,16605,0.435592,0.055345,0,0,0,1.0200,坪山区,23,23,0,0,0,0,1
2023-09-24,589179428,20190000000000000003,900200000000000035,1,123.393,310.413,38299.333,2023-09-24 00:30:00.000,L2FT01-FTJ028,13.07,0.000,0.666012,16605,0.435592,0.055345,0,0,0,1.0200,坪山区,23,23,0,0,0,0,1
2023-09-24,589179428,20190000000000000003,900200000000000030,1,187.848,303.436,58447.143,2023-09-24 00:45:00.000,L2FT01-FTJ028,13.07,0.000,0.666012,16605,0.435592,0.055345,0,0,0,1.0200,坪山区,23,23,0,0,0,0,1
2023-09-24,589179428,20190000000000000003,900200000000000035,1,121.500,312.153,37922.000,2023-09-24 00:45:00.000,L2FT01-FTJ028,13.07,0.000,0.666012,16605,0.435592,0.055345,0,0,0,1.0200,坪山区,23,23,0,0,0,0,1
2023-09-24,589179428,20190000000000000003,900200000000000030,1,202.860,313.207,63533.333,2023-09-24 01:00:00.000,L2FT01-FTJ028,13.85,0.000,0.666012,16605,0.435592,0.055345,0,0,0,1.0200,坪山区,23,23,0,0,0,0,1
2023-09-24,589179428,20190000000000000003,900200000000000035,1,121.500,313.220,38051.333,2023-09-24 01:00:00.000,L2FT01-FTJ028,13.85,0.000,0.666012,16605,0.435592,0.055345,0,0,0,1.0200,坪山区,23,23,0,0,0,0,1
2023-09-24,589179428,20190000000000000003,900200000000000035,1,121.500,314.773,38240.000,2023-09-24 01:15:00.000,L2FT01-FTJ028,13.85,0.000,0.666012,16605,0.435592,0.055345,0,0,0,1.0200,坪山区,23,23,0,0,0,0,1
2023-09-24,589179428,20190000000000000003,900200000000000030,1,194.007,315.193,61147.333,2023-09-24 01:15:00.000,L2FT01-FTJ028,13.85,0.000,0.666012,16605,0.435592,0.055345,0,0,0,1.0200,坪山区,23,23,0,0,0,0,1
2023-09-24,589179428,20190000000000000003,900200000000000030,1,181.797,316.260,57490.667,2023-09-24 01:30:00.000,L2FT01-FTJ028,13.85,0.000,0.666012,16605,0.435592,0.055345,0,0,0,1.0200,坪山区,23,23,0,0,0,0,1
2023-09-24,589179428,20190000000000000003,900200000000000035,1,118.157,319.846,37327.692,2023-09-24 01:30:00.000,L2FT01-FTJ028,13.85,0.000,0.666012,16605,0.435592,0.055345,0,0,0,1.0200,坪山区,23,23,0,0,0,0,1
2023-09-24,589179428,20190000000000000003,900200000000000030,1,118.805,322.364,38070.909,2023-09-24 01:45:00.000,L2FT01-FTJ028,13.85,0.000,0.666012,16605,0.435592,0.055345,0,0,0,1.0200,坪山区,23,23,0,0,0,0,1
2023-09-24,589179428,20190000000000000003,900200000000000035,1,191.312,312.467,59774.000,2023-09-24 01:45:00.000,L2FT01-FTJ028,13.85,0.000,0.666012,16605,0.435592,0.055345,0,0,0,1.0200,坪山区,23,23,0,0,0,0,1
2023-09-24,589179428,20190000000000000003,900200000000000056,1,71.854,305.387,21941.250,2023-09-24 01:45:00.000,L2FT01-FTJ028,13.85,0.000,0.666012,16605,0.435592,0.055345,0,0,0,1.0200,坪山区,23,23,0,0,0,0,1
2023-09-24,589179428,20190000000000000003,900200000000000035,1,191.300,314.680,60192.667,2023-09-24 02:00:00.000,L2FT01-FTJ028,14.57,0.000,0.666012,16605,0.435592,0.055345,0,0,0,1.0200,坪山区,23,23,0,0,0,0,1
2023-09-24,589179428,20190000000000000003,900200000000000052,1,107.892,306.500,33065.833,2023-09-24 02:00:00.000,L2FT01-FTJ028,14.57,0.000,0.666012,16605,0.435592,0.055345,0,0,0,1.0200,坪山区,23,23,0,0,0,0,1
2023-09-24,589179428,20190000000000000003,900200000000000056,1,71.770,307.367,22057.333,2023-09-24 02:00:00.000,L2FT01-FTJ028,14.57,0.000,0.666012,16605,0.435592,0.055345,0,0,0,1.0200,坪山区,23,23,0,0,0,0,1
2023-09-24,589179428,20190000000000000003,900200000000000035,1,186.059,318.013,59129.333,2023-09-24 02:15:00.000,L2FT01-FTJ028,14.57,0.000,0.666012,16605,0.435592,0.055345,0,0,0,1.0200,坪山区,23,23,0,0,0,0,1
2023-09-24,589179428,20190000000000000003,900200000000000052,1,107.890,309.060,33343.333,2023-09-24 02:15:00.000,L2FT01-FTJ028,14.57,0.000,0.666012,16605,0.435592,0.055345,0,0,0,1.0200,坪山区,23,23,0,0,0,0,1
2023-09-24,589179428,20190000000000000003,900200000000000056,1,71.690,308.133,22088.667,2023-09-24 02:15:00.000,L2FT01-FTJ028,14.57,0.000,0.666012,16605,0.435592,0.055345,0,0,0,1.0200,坪山区,23,23,0,0,0,0,1
2023-09-24,589179428,20190000000000000003,900200000000000056,1,71.690,308.380,22104.667,2023-09-24 02:30:00.000,L2FT01-FTJ028,14.57,0.000,0.666012,16605,0.435592,0.055345,0,0,0,1.0200,坪山区,23,23,0,0,0,0,1
2023-09-24,589179428,20190000000000000003,900200000000000035,1,40.065,328.225,13115.000,2023-09-24 02:30:00.000,L2FT01-FTJ028,14.57,0.000,0.666012,16605,0.435592,0.055345,0,0,0,1.0200,坪山区,23,23,0,0,0,0,1
2023-09-24,589179428,20190000000000000003,900200000000000052,1,107.890,309.727,33412.667,2023-09-24 02:30:00.000,L2FT01-FTJ028,14.57,0.000,0.666012,16605,0.435592,0.055345,0,0,0,1.0200,坪山区,23,23,0,0,0,0,1
2023-09-24,589179428,20190000000000000003,900200000000000049,1,121.445,307.708,37366.923,2023-09-24 02:45:00.000,L2FT01-FTJ028,14.57,0.000,0.666012,16605,0.435592,0.055345,0,0,0,1.0200,坪山区,23,23,0,0,0,0,1
2023-09-24,589179428,20190000000000000003,900200000000000052,1,107.890,310.867,33538.667,2023-09-24 02:45:00.000,L2FT01-FTJ028,14.57,0.000,0.666012,16605,0.435592,0.055345,0,0,0,1.0200,坪山区,23,23,0,0,0,0,1
2023-09-24,589179428,20190000000000000003,900200000000000056,1,71.690,308.867,22140.667,2023-09-24 02:45:00.000,L2FT01-FTJ028,14.57,0.000,0.666012,16605,0.435592,0.055345,0,0,0,1.0200,坪山区,23,23,0,0,0,0,1
2023-09-24,589179428,20190000000000000003,900200000000000049,1,121.390,310.373,37674.667,2023-09-24 03:00:00.000,L2FT01-FTJ028,15.19,0.000,0.666012,16605,0.435592,0.055345,0,0,0,1.0200,坪山区,23,23,0,0,0,0,1
2023-09-24,589179428,20190000000000000003,900200000000000052,1,107.890,312.560,33720.667,2023-09-24 03:00:00.000,L2FT01-FTJ028,15.19,0.000,0.666012,16605,0.435592,0.055345,0,0,0,1.0200,坪山区,23,23,0,0,0,0,1
2023-09-24,589179428,20190000000000000003,900200000000000056,1,71.690,309.680,22198.000,2023-09-24 03:00:00.000,L2FT01-FTJ028,15.19,0.000,0.666012,16605,0.435592,0.055345,0,0,0,1.0200,坪山区,23,23,0,0,0,0,1
2023-09-24,589179428,20190000000000000003,900200000000000049,1,121.390,310.880,37735.333,2023-09-24 03:15:00.000,L2FT01-FTJ028,15.19,0.000,0.666012,16605,0.435592,0.055345,0,0,0,1.0200,坪山区,23,23,0,0,0,0,1
2023-09-24,589179428,20190000000000000003,900200000000000052,1,107.890,313.387,33808.667,2023-09-24 03:15:00.000,L2FT01-FTJ028,15.19,0.000,0.666012,16605,0.435592,0.055345,0,0,0,1.0200,坪山区,23,23,0,0,0,0,1
2023-09-24,589179428,20190000000000000003,900200000000000056,1,71.690,311.027,22296.000,2023-09-24 03:15:00.000,L2FT01-FTJ028,15.19,0.000,0.666012,16605,0.435592,0.055345,0,0,0,1.0200,坪山区,23,23,0,0,0,0,1
2023-09-24,589179428,20190000000000000003,900200000000000052,1,107.890,314.033,33878.667,2023-09-24 03:30:00.000,L2FT01-FTJ028,15.19,0.000,0.666012,16605,0.435592,0.055345,0,0,0,1.0200,坪山区,23,23,0,0,0,0,1
2023-09-24,589179428,20190000000000000003,900200000000000056,1,71.677,312.140,22372.667,2023-09-24 03:30:00.000,L2FT01-FTJ028,15.19,0.000,0.666012,16605,0.435592,0.055345,0,0,0,1.0200,坪山区,23,23,0,0,0,0,1
2023-09-24,589179428,20190000000000000003,900200000000000049,1,121.390,311.900,37860.000,2023-09-24 03:30:00.000,L2FT01-FTJ028,15.19,0.000,0.666012,16605,0.435592,0.055345,0,0,0,1.0200,坪山区,23,23,0,0,0,0,1
2023-09-24,589179428,20190000000000000003,900200000000000049,1,121.390,313.960,38110.000,2023-09-24 03:45:00.000,L2FT01-FTJ028,15.19,0.000,0.666012,16605,0.435592,0.055345,0,0,0,1.0200,坪山区,23,23,0,0,0,0,1
2023-09-24,589179428,20190000000000000003,900200000000000052,1,104.290,317.187,33055.333,2023-09-24 03:45:00.000,L2FT01-FTJ028,15.19,0.000,0.666012,16605,0.435592,0.055345,0,0,0,1.0200,坪山区,23,23,0,0,0,0,1
2023-09-24,589179428,20190000000000000003,900200000000000056,1,71.690,312.467,22398.000,2023-09-24 03:45:00.000,L2FT01-FTJ028,15.19,0.000,0.666012,16605,0.435592,0.055345,0,0,0,1.0200,坪山区,23,23,0,0,0,0,1
2023-09-24,589179428,20190000000000000003,900200000000000049,1,121.390,315.267,38268.667,2023-09-24 04:00:00.000,L2FT01-FTJ028,15.67,0.000,0.666012,16605,0.435592,0.055345,0,0,0,1.0200,坪山区,23,23,0,0,0,0,1
2023-09-24,589179428,20190000000000000003,900200000000000056,1,71.657,312.947,22423.333,2023-09-24 04:00:00.000,L2FT01-FTJ028,15.67,0.000,0.666012,16605,0.435592,0.055345,0,0,0,1.0200,坪山区,23,23,0,0,0,0,1
2023-09-24,589179428,20190000000000000003,900200000000000049,1,86.457,322.800,27669.167,2023-09-24 04:15:00.000,L2FT01-FTJ028,15.67,0.000,0.666012,16605,0.435592,0.055345,0,0,0,1.0200,坪山区,23,23,0,0,0,0,1
2023-09-24,589179428,20190000000000000003,900200000000000056,1,71.676,314.143,22513.571,2023-09-24 04:15:00.000,L2FT01-FTJ028,15.67,0.000,0.666012,16605,0.435592,0.055345,0,0,0,1.0200,坪山区,23,23,0,0,0,0,1
2023-09-24,589179428,20190000000000000003,900200000000000038,1,25.333,455.200,11848.571,2023-09-24 05:15:00.000,L2FT01-FTJ028,15.97,0.000,0.666012,16605,0.435592,0.055345,0,0,0,1.0200,坪山区,23,23,0,0,0,0,1
2023-09-24,589179428,20190000000000000003,900200000000000038,1,31.290,475.953,14891.333,2023-09-24 05:30:00.000,L2FT01-FTJ028,15.97,0.000,0.666012,16605,0.435592,0.055345,0,0,0,1.0200,坪山区,23,23,0,0,0,0,1
2023-09-24,589179428,20190000000000000003,900200000000000038,1,31.290,475.800,14887.333,2023-09-24 05:45:00.000,L2FT01-FTJ028,15.97,0.000,0.666012,16605,0.435592,0.055345,0,0,0,1.0200,坪山区,23,23,0,0,0,0,1
2023-09-24,589179428,20190000000000000003,900200000000000038,1,31.290,475.807,14886.667,2023-09-24 06:00:00.000,L2FT01-FTJ028,16.07,0.000,0.666012,16605,0.435592,0.055345,0,0,0,1.0200,坪山区,23,23,0,0,0,0,1
2023-09-24,589179428,20190000000000000003,900200000000000038,1,31.290,475.860,14887.333,2023-09-24 06:15:00.000,L2FT01-FTJ028,16.07,0.000,0.666012,16605,0.435592,0.055345,0,0,0,1.0200,坪山区,23,23,0,0,0,0,1
2023-09-24,589179428,20190000000000000003,900200000000000038,1,31.290,475.769,14885.385,2023-09-24 06:30:00.000,L2FT01-FTJ028,16.07,0.000,0.666012,16605,0.435592,0.055345,0,0,0,1.0200,坪山区,23,23,0,0,0,0,1
2023-09-24,589179428,20190000000000000003,900200000000000043,1,87.880,390.183,36781.667,2023-09-24 07:15:00.000,L2FT01-FTJ028,15.97,0.000,0.666012,16605,0.435592,0.055345,0,0,0,1.0200,坪山区,23,23,0,0,0,0,1
2023-09-24,589179428,20190000000000000003,900200000000000043,1,85.417,429.893,36691.333,2023-09-24 07:30:00.000,L2FT01-FTJ028,15.97,0.000,0.666012,16605,0.435592,0.055345,0,0,0,1.0200,坪山区,23,23,0,0,0,0,1
2023-09-24,589179428,20190000000000000003,900200000000000043,1,69.370,445.020,30843.333,2023-09-24 07:45:00.000,L2FT01-FTJ028,15.97,0.000,0.666012,16605,0.435592,0.055345,0,0,0,1.0200,坪山区,23,23,0,0,0,0,1
2023-09-24,589179428,20190000000000000003,900200000000000043,1,61.790,457.553,28272.667,2023-09-24 08:00:00.000,L2FT01-FTJ028,15.67,0.000,0.666012,16605,0.435592,0.055345,0,0,0,1.0200,坪山区,23,23,0,0,0,0,1
2023-09-24,589179428,20190000000000000003,900200000000000043,1,45.123,464.000,20973.333,2023-09-24 08:15:00.000,L2FT01-FTJ028,15.67,0.000,0.666012,16605,0.435592,0.055345,0,0,0,1.0200,坪山区,23,23,0,0,0,0,1
2023-09-24,589179428,20190000000000000003,900200000000000056,1,107.974,468.740,51418.000,2023-09-24 10:00:00.000,L2FT01-FTJ028,14.57,0.000,0.666012,16605,0.435592,0.055345,0,0,0,1.0200,坪山区,23,23,0,0,0,0,1
2023-09-24,589179428,20190000000000000003,900200000000000056,1,93.075,477.833,44474.667,2023-09-24 10:15:00.000,L2FT01-FTJ028,14.57,0.000,0.666012,16605,0.435592,0.055345,0,0,0,1.0200,坪山区,23,23,0,0,0,0,1
2023-09-24,589179428,20190000000000000003,900200000000000056,1,66.939,477.886,31997.143,2023-09-24 10:30:00.000,L2FT01-FTJ028,14.57,0.000,0.666012,16605,0.435592,0.055345,0,0,0,1.0200,坪山区,23,23,0,0,0,0,1
2023-09-24,589179428,20190000000000000003,900200000000000049,1,62.543,392.325,24595.833,2023-09-24 10:45:00.000,L2FT01-FTJ028,14.57,0.000,0.666012,16605,0.435592,0.055345,0,0,0,1.0200,坪山区,23,23,0,0,0,0,1
2023-09-24,589179428,20190000000000000003,900200000000000049,1,28.719,396.620,11383.333,2023-09-24 11:00:00.000,L2FT01-FTJ028,13.85,0.000,0.666012,16605,0.435592,0.055345,0,0,0,1.0200,坪山区,23,23,0,0,0,0,1
2023-09-24,589179428,20190000000000000003,900200000000000049,1,12.360,396.500,4903.333,2023-09-24 11:15:00.000,L2FT01-FTJ028,13.85,0.000,0.666012,16605,0.435592,0.055345,0,0,0,1.0200,坪山区,23,23,0,0,0,0,1
2023-09-24,589179428,20190000000000000003,900200000000000030,1,113.089,466.900,53750.000,2023-09-24 12:00:00.000,L2FT01-FTJ028,13.07,0.000,0.666012,16605,0.435592,0.055345,0,0,0,1.0200,坪山区,23,23,0,0,0,0,1
2023-09-24,589179428,20190000000000000003,900200000000000030,1,101.987,477.413,48690.667,2023-09-24 12:15:00.000,L2FT01-FTJ028,13.07,0.000,0.666012,16605,0.435592,0.055345,0,0,0,1.0200,坪山区,23,23,0,0,0,0,1
2023-09-24,589179428,20190000000000000003,900200000000000030,1,58.191,477.157,27775.714,2023-09-24 12:30:00.000,L2FT01-FTJ028,13.07,0.000,0.666012,16605,0.435592,0.055345,0,0,0,1.0200,坪山区,23,23,0,0,0,0,1
2023-09-24,589179428,20190000000000000003,900200000000000038,0,0.000,209.100,0.000,2023-09-24 13:00:00.000,L2FT01-FTJ028,12.30,0.000,0.666012,16605,0.435592,0.055345,0,0,0,1.0200,坪山区,23,23,0,0,0,0,1
2023-09-24,589179428,20190000000000000003,900200000000000038,1,53.567,359.600,19274.667,2023-09-24 13:15:00.000,L2FT01-FTJ028,12.30,0.000,0.666012,16605,0.435592,0.055345,0,0,0,1.0200,坪山区,23,23,0,0,0,0,1
2023-09-24,589179428,20190000000000000003,900200000000000038,1,58.806,361.880,21278.667,2023-09-24 13:30:00.000,L2FT01-FTJ028,12.30,0.000,0.666012,16605,0.435592,0.055345,0,0,0,1.0200,坪山区,23,23,0,0,0,0,1
2023-09-24,589179428,20190000000000000003,900200000000000038,1,58.892,362.167,21327.333,2023-09-24 13:45:00.000,L2FT01-FTJ028,12.30,0.000,0.666012,16605,0.435592,0.055345,0,0,0,1.0200,坪山区,23,23,0,0,0,0,1
2023-09-24,589179428,20190000000000000003,900200000000000038,1,59.013,362.780,21406.000,2023-09-24 14:00:00.000,L2FT01-FTJ028,11.57,0.000,0.666012,16605,0.435592,0.055345,0,0,0,1.0200,坪山区,23,23,0,0,0,0,1
2023-09-24,589179428,20190000000000000003,900200000000000038,1,59.779,363.950,21757.500,2023-09-24 14:15:00.000,L2FT01-FTJ028,11.57,0.000,0.666012,16605,0.435592,0.055345,0,0,0,1.0200,坪山区,23,23,0,0,0,0,1
2023-09-24,589179428,20190000000000000003,900200000000000056,1,50.890,323.650,16470.000,2023-09-24 15:30:00.000,L2FT01-FTJ028,10.95,0.000,0.666012,16605,0.435592,0.055345,0,0,0,1.0200,坪山区,23,23,0,0,0,0,1
2023-09-24,589179428,20190000000000000003,900200000000000035,1,37.405,405.392,15161.538,2023-09-24 16:30:00.000,L2FT01-FTJ028,10.47,0.000,0.666012,16605,0.435592,0.055345,0,0,0,1.0200,坪山区,23,23,0,0,0,0,1
2023-09-24,589179428,20190000000000000003,900200000000000035,1,37.390,407.307,15228.000,2023-09-24 16:45:00.000,L2FT01-FTJ028,10.47,0.000,0.666012,16605,0.435592,0.055345,0,0,0,1.0200,坪山区,23,23,0,0,0,0,1
2023-09-24,589179428,20190000000000000003,900200000000000052,1,69.168,347.425,24957.500,2023-09-24 16:45:00.000,L2FT01-FTJ028,10.47,0.000,0.666012,16605,0.435592,0.055345,0,0,0,1.0200,坪山区,23,23,0,0,0,0,1
2023-09-24,589179428,20190000000000000003,900200000000000035,1,43.057,411.707,17728.667,2023-09-24 17:00:00.000,L2FT01-FTJ028,10.17,0.000,0.666012,16605,0.435592,0.055345,0,0,0,1.0200,坪山区,23,23,0,0,0,0,1
2023-09-24,589179428,20190000000000000003,900200000000000052,1,108.011,370.960,40062.000,2023-09-24 17:00:00.000,L2FT01-FTJ028,10.17,0.000,0.666012,16605,0.435592,0.055345,0,0,0,1.0200,坪山区,23,23,0,0,0,0,1
2023-09-24,589179428,20190000000000000003,900200000000000035,1,32.564,412.107,13432.667,2023-09-24 17:15:00.000,L2FT01-FTJ028,10.17,0.000,0.666012,16605,0.435592,0.055345,0,0,0,1.0200,坪山区,23,23,0,0,0,0,1
2023-09-24,589179428,20190000000000000003,900200000000000052,1,78.999,385.460,30421.333,2023-09-24 17:15:00.000,L2FT01-FTJ028,10.17,0.000,0.666012,16605,0.435592,0.055345,0,0,0,1.0200,坪山区,23,23,0,0,0,0,1
2023-09-24,589179428,20190000000000000003,900200000000000052,1,39.590,391.453,15493.333,2023-09-24 17:30:00.000,L2FT01-FTJ028,10.17,0.000,0.666012,16605,0.435592,0.055345,0,0,0,1.0200,坪山区,23,23,0,0,0,0,1
2023-09-24,589179428,20190000000000000003,900200000000000035,1,16.190,411.780,6663.333,2023-09-24 17:30:00.000,L2FT01-FTJ028,10.17,0.000,0.666012,16605,0.435592,0.055345,0,0,0,1.0200,坪山区,23,23,0,0,0,0,1
2023-09-24,589179428,20190000000000000003,900200000000000052,1,47.240,399.540,18874.667,2023-09-24 17:45:00.000,L2FT01-FTJ028,10.17,0.000,0.666012,16605,0.435592,0.055345,0,0,0,1.0200,坪山区,23,23,0,0,0,0,1
2023-09-24,589179428,20190000000000000003,900200000000000035,1,11.790,419.400,4940.000,2023-09-24 17:45:00.000,L2FT01-FTJ028,10.17,0.000,0.666012,16605,0.435592,0.055345,0,0,0,1.0200,坪山区,23,23,0,0,0,0,1
2023-09-24,589179428,20190000000000000003,900200000000000037,1,100.432,311.380,31297.000,2023-09-24 18:00:00.000,L2FT01-FTJ028,10.07,0.000,0.666012,16605,0.435592,0.055345,0,0,0,1.0200,坪山区,23,23,0,0,0,0,1
2023-09-24,589179428,20190000000000000003,900200000000000052,1,32.297,405.187,13085.333,2023-09-24 18:00:00.000,L2FT01-FTJ028,10.07,0.000,0.666012,16605,0.435592,0.055345,0,0,0,1.0200,坪山区,23,23,0,0,0,0,1
2023-09-24,589179428,20190000000000000003,900200000000000037,1,105.690,313.471,33127.143,2023-09-24 18:15:00.000,L2FT01-FTJ028,10.07,0.000,0.666012,16605,0.435592,0.055345,0,0,0,1.0200,坪山区,23,23,0,0,0,0,1
2023-09-24,589179428,20190000000000000003,900200000000000052,1,18.690,406.656,7598.889,2023-09-24 18:15:00.000,L2FT01-FTJ028,10.07,0.000,0.666012,16605,0.435592,0.055345,0,0,0,1.0200,坪山区,23,23,0,0,0,0,1
2023-09-24,589179428,20190000000000000003,900200000000000047,1,195.497,315.200,61616.667,2023-09-24 18:30:00.000,L2FT01-FTJ028,10.07,0.000,0.666012,16605,0.435592,0.055345,0,0,0,1.0200,坪山区,23,23,0,0,0,0,1
2023-09-24,589179428,20190000000000000003,900200000000000043,1,38.493,398.314,15561.429,2023-09-24 18:45:00.000,L2FT01-FTJ028,10.07,0.000,0.666012,16605,0.435592,0.055345,0,0,0,1.0200,坪山区,23,23,0,0,0,0,1
2023-09-24,589179428,20190000000000000003,900200000000000047,1,195.627,317.333,62073.333,2023-09-24 18:45:00.000,L2FT01-FTJ028,10.07,0.000,0.666012,16605,0.435592,0.055345,0,0,0,1.0200,坪山区,23,23,0,0,0,0,1
2023-09-24,589179428,20190000000000000003,900200000000000043,1,44.890,407.387,18286.667,2023-09-24 19:00:00.000,L2FT01-FTJ028,10.17,0.000,0.666012,16605,0.435592,0.055345,0,0,0,1.0200,坪山区,23,23,0,0,0,0,1
2023-09-24,589179428,20190000000000000003,900200000000000047,1,44.627,328.367,14570.000,2023-09-24 19:00:00.000,L2FT01-FTJ028,10.17,0.000,0.666012,16605,0.435592,0.055345,0,0,0,1.0200,坪山区,23,23,0,0,0,0,1
2023-09-24,589179428,20190000000000000003,900200000000000043,1,44.890,410.520,18427.333,2023-09-24 19:15:00.000,L2FT01-FTJ028,10.17,0.000,0.666012,16605,0.435592,0.055345,0,0,0,1.0200,坪山区,23,23,0,0,0,0,1
2023-09-24,589179428,20190000000000000003,900200000000000043,1,33.823,411.533,13940.667,2023-09-24 19:30:00.000,L2FT01-FTJ028,10.17,0.000,0.666012,16605,0.435592,0.055345,0,0,0,1.0200,坪山区,23,23,0,0,0,0,1
2023-09-24,589179428,20190000000000000003,900200000000000043,1,16.564,412.007,6823.333,2023-09-24 19:45:00.000,L2FT01-FTJ028,10.17,0.000,0.666012,16605,0.435592,0.055345,0,0,0,1.0200,坪山区,23,23,0,0,0,0,1
2023-09-24,589179428,20190000000000000003,900200000000000034,1,62.845,367.750,23685.000,2023-09-24 19:45:00.000,L2FT01-FTJ028,10.17,0.000,0.666012,16605,0.435592,0.055345,0,0,0,1.0200,坪山区,23,23,0,0,0,0,1
2023-09-24,589179428,20190000000000000003,900200000000000034,1,125.406,378.760,47496.000,2023-09-24 20:00:00.000,L2FT01-FTJ028,10.47,0.000,0.666012,16605,0.435592,0.055345,0,0,0,1.0200,坪山区,23,23,0,0,0,0,1
2023-09-24,589179428,20190000000000000003,900200000000000043,1,13.890,423.700,5885.000,2023-09-24 20:00:00.000,L2FT01-FTJ028,10.47,0.000,0.666012,16605,0.435592,0.055345,0,0,0,1.0200,坪山区,23,23,0,0,0,0,1
2023-09-24,589179428,20190000000000000003,900200000000000034,1,125.354,381.180,47780.000,2023-09-24 20:15:00.000,L2FT01-FTJ028,10.47,0.000,0.666012,16605,0.435592,0.055345,0,0,0,1.0200,坪山区,23,23,0,0,0,0,1
2023-09-24,589179428,20190000000000000003,900200000000000038,1,83.692,407.023,34097.692,2023-09-24 20:15:00.000,L2FT01-FTJ028,10.47,0.000,0.666012,16605,0.435592,0.055345,0,0,0,1.0200,坪山区,23,23,0,0,0,0,1
2023-09-24,589179428,20190000000000000003,900200000000000038,1,91.090,416.813,37966.667,2023-09-24 20:30:00.000,L2FT01-FTJ028,10.47,0.000,0.666012,16605,0.435592,0.055345,0,0,0,1.0200,坪山区,23,23,0,0,0,0,1
2023-09-24,589179428,20190000000000000003,900200000000000038,1,91.090,429.887,39157.333,2023-09-24 20:45:00.000,L2FT01-FTJ028,10.47,0.000,0.666012,16605,0.435592,0.055345,0,0,0,1.0200,坪山区,23,23,0,0,0,0,1
2023-09-24,589179428,20190000000000000003,900200000000000038,1,85.090,448.460,38124.667,2023-09-24 21:00:00.000,L2FT01-FTJ028,10.95,0.000,0.666012,16605,0.435592,0.055345,0,0,0,1.0200,坪山区,23,23,0,0,0,0,1
2023-09-24,589179428,20190000000000000003,900200000000000038,1,35.519,457.773,16243.333,2023-09-24 21:15:00.000,L2FT01-FTJ028,10.95,0.000,0.666012,16605,0.435592,0.055345,0,0,0,1.0200,坪山区,23,23,0,0,0,0,1
2023-09-24,589179428,20190000000000000003,900200000000000038,1,15.240,459.750,7006.667,2023-09-24 21:30:00.000,L2FT01-FTJ028,10.95,0.000,0.666012,16605,0.435592,0.055345,0,0,0,1.0200,坪山区,23,23,0,0,0,0,1
2023-09-24,589179428,20190000000000000003,900200000000000037,1,95.018,344.708,32994.167,2023-09-24 22:15:00.000,L2FT01-FTJ028,11.57,0.000,0.666012,16605,0.435592,0.055345,0,0,0,1.0200,坪山区,23,23,0,0,0,0,1
2023-09-24,589179428,20190000000000000003,900200000000000037,1,121.800,349.213,42528.667,2023-09-24 22:30:00.000,L2FT01-FTJ028,11.57,0.000,0.666012,16605,0.435592,0.055345,0,0,0,1.0200,坪山区,23,23,0,0,0,0,1
2023-09-24,589179428,20190000000000000003,900200000000000037,1,121.800,352.113,42882.667,2023-09-24 22:45:00.000,L2FT01-FTJ028,11.57,0.000,0.666012,16605,0.435592,0.055345,0,0,0,1.0200,坪山区,23,23,0,0,0,0,1
2023-09-24,589179428,20190000000000000003,900200000000000057,1,23.190,382.400,8870.000,2023-09-24 23:00:00.000,L2FT01-FTJ028,12.30,0.000,0.666012,16605,0.435592,0.055345,0,0,0,1.0200,坪山区,23,23,0,0,0,0,1
2023-09-24,589179428,20190000000000000003,900200000000000037,1,110.553,353.953,39133.333,2023-09-24 23:00:00.000,L2FT01-FTJ028,12.30,0.000,0.666012,16605,0.435592,0.055345,0,0,0,1.0200,坪山区,23,23,0,0,0,0,1
2023-09-24,589179428,20190000000000000003,900200000000000037,1,56.535,352.140,19903.333,2023-09-24 23:15:00.000,L2FT01-FTJ028,12.30,0.000,0.666012,16605,0.435592,0.055345,0,0,0,1.0200,坪山区,23,23,0,0,0,0,1
2023-09-24,589179428,20190000000000000003,900200000000000057,1,85.679,389.873,33634.667,2023-09-24 23:15:00.000,L2FT01-FTJ028,12.30,0.000,0.666012,16605,0.435592,0.055345,0,0,0,1.0200,坪山区,23,23,0,0,0,0,1
2023-09-24,589179428,20190000000000000003,900200000000000037,1,26.725,354.967,9493.333,2023-09-24 23:30:00.000,L2FT01-FTJ028,12.30,0.000,0.666012,16605,0.435592,0.055345,0,0,0,1.0200,坪山区,23,23,0,0,0,0,1
2023-09-24,589179428,20190000000000000003,900200000000000057,1,110.230,395.700,43616.667,2023-09-24 23:30:00.000,L2FT01-FTJ028,12.30,0.000,0.666012,16605,0.435592,0.055345,0,0,0,1.0200,坪山区,23,23,0,0,0,0,1
2023-09-24,589179428,20190000000000000003,900200000000000057,1,107.316,397.747,42685.333,2023-09-24 23:45:00.000,L2FT01-FTJ028,12.30,0.000,0.666012,16605,0.435592,0.055345,0,0,0,1.0200,坪山区,23,23,0,0,0,0,1
2023-09-25,589179428,20190000000000000003,900200000000000031,1,121.052,466.131,56828.462,2023-09-25 00:00:00.000,L2FT01-FTJ028,13.07,0.000,0.666012,16605,0.435592,0.055345,0,0,1,1.0200,坪山区,23,23,0,0,0,0,1
2023-09-25,589179428,20190000000000000003,900200000000000047,1,119.028,304.667,36969.167,2023-09-25 00:00:00.000,L2FT01-FTJ028,13.07,0.000,0.666012,16605,0.435592,0.055345,0,0,1,1.0200,坪山区,23,23,0,0,0,0,1
2023-09-25,589179428,20190000000000000003,900200000000000057,1,82.960,399.580,33136.000,2023-09-25 00:00:00.000,L2FT01-FTJ028,13.07,0.000,0.666012,16605,0.435592,0.055345,0,0,1,1.0200,坪山区,23,23,0,0,0,0,1
2023-09-25,589179428,20190000000000000003,900200000000000031,1,129.824,470.300,61051.333,2023-09-25 00:15:00.000,L2FT01-FTJ028,13.07,0.000,0.666012,16605,0.435592,0.055345,0,0,1,1.0200,坪山区,23,23,0,0,0,0,1
2023-09-25,589179428,20190000000000000003,900200000000000047,1,129.848,311.127,40394.667,2023-09-25 00:15:00.000,L2FT01-FTJ028,13.07,0.000,0.666012,16605,0.435592,0.055345,0,0,1,1.0200,坪山区,23,23,0,0,0,0,1
2023-09-25,589179428,20190000000000000003,900200000000000057,1,40.845,407.650,16640.000,2023-09-25 00:15:00.000,L2FT01-FTJ028,13.07,0.000,0.666012,16605,0.435592,0.055345,0,0,1,1.0200,坪山区,23,23,0,0,0,0,1
2023-09-25,589179428,20190000000000000003,900200000000000038,1,79.225,339.630,28041.000,2023-09-25 00:30:00.000,L2FT01-FTJ028,13.07,0.000,0.666012,16605,0.435592,0.055345,0,0,1,1.0200,坪山区,23,23,0,0,0,0,1
2023-09-25,589179428,20190000000000000003,900200000000000047,1,129.884,313.493,40715.333,2023-09-25 00:30:00.000,L2FT01-FTJ028,13.07,0.000,0.666012,16605,0.435592,0.055345,0,0,1,1.0200,坪山区,23,23,0,0,0,0,1
2023-09-25,589179428,20190000000000000003,900200000000000031,1,123.837,470.407,58255.333,2023-09-25 00:30:00.000,L2FT01-FTJ028,13.07,0.000,0.666012,16605,0.435592,0.055345,0,0,1,1.0200,坪山区,23,23,0,0,0,0,1
2023-09-25,589179428,20190000000000000003,900200000000000031,1,75.404,469.927,35435.333,2023-09-25 00:45:00.000,L2FT01-FTJ028,13.07,0.000,0.666012,16605,0.435592,0.055345,0,0,1,1.0200,坪山区,23,23,0,0,0,0,1
2023-09-25,589179428,20190000000000000003,900200000000000038,1,142.677,360.680,51458.667,2023-09-25 00:45:00.000,L2FT01-FTJ028,13.07,0.000,0.666012,16605,0.435592,0.055345,0,0,1,1.0200,坪山区,23,23,0,0,0,0,1
2023-09-25,589179428,20190000000000000003,900200000000000047,1,129.890,315.173,40935.333,2023-09-25 00:45:00.000,L2FT01-FTJ028,13.07,0.000,0.666012,16605,0.435592,0.055345,0,0,1,1.0200,坪山区,23,23,0,0,0,0,1
2023-09-25,589179428,20190000000000000003,900200000000000031,1,36.667,469.600,17216.667,2023-09-25 01:00:00.000,L2FT01-FTJ028,13.85,0.000,0.666012,16605,0.435592,0.055345,0,0,1,1.0200,坪山区,23,23,0,0,0,0,1
2023-09-25,589179428,20190000000000000003,900200000000000038,1,142.590,371.647,52992.000,2023-09-25 01:00:00.000,L2FT01-FTJ028,13.85,0.000,0.666012,16605,0.435592,0.055345,0,0,1,1.0200,坪山区,23,23,0,0,0,0,1
2023-09-25,589179428,20190000000000000003,900200000000000047,1,129.877,318.786,41400.000,2023-09-25 01:00:00.000,L2FT01-FTJ028,13.85,0.000,0.666012,16605,0.435592,0.055345,0,0,1,1.0200,坪山区,23,23,0,0,0,0,1
2023-09-25,589179428,20190000000000000003,900200000000000038,1,129.233,387.080,49972.000,2023-09-25 01:15:00.000,L2FT01-FTJ028,13.85,0.000,0.666012,16605,0.435592,0.055345,0,0,1,1.0200,坪山区,23,23,0,0,0,0,1
2023-09-25,589179428,20190000000000000003,900200000000000031,1,97.472,303.325,29780.000,2023-09-25 01:30:00.000,L2FT01-FTJ028,13.85,0.000,0.666012,16605,0.435592,0.055345,0,0,1,1.0200,坪山区,23,23,0,0,0,0,1
2023-09-25,589179428,20190000000000000003,900200000000000038,1,76.631,397.253,30424.000,2023-09-25 01:30:00.000,L2FT01-FTJ028,13.85,0.000,0.666012,16605,0.435592,0.055345,0,0,1,1.0200,坪山区,23,23,0,0,0,0,1
2023-09-25,589179428,20190000000000000003,900200000000000038,1,53.650,403.727,21652.000,2023-09-25 01:45:00.000,L2FT01-FTJ028,13.85,0.000,0.666012,16605,0.435592,0.055345,0,0,1,1.0200,坪山区,23,23,0,0,0,0,1
2023-09-25,589179428,20190000000000000003,900200000000000056,0,0.000,261.400,0.000,2023-09-25 01:45:00.000,L2FT01-FTJ028,13.85,0.000,0.666012,16605,0.435592,0.055345,0,0,1,1.0200,坪山区,23,23,0,0,0,0,1
2023-09-25,589179428,20190000000000000003,900200000000000031,1,129.890,309.153,40155.333,2023-09-25 01:45:00.000,L2FT01-FTJ028,13.85,0.000,0.666012,16605,0.435592,0.055345,0,0,1,1.0200,坪山区,23,23,0,0,0,0,1
2023-09-25,589179428,20190000000000000003,900200000000000038,1,27.890,406.013,11321.333,2023-09-25 02:00:00.000,L2FT01-FTJ028,14.57,0.000,0.666012,16605,0.435592,0.055345,0,0,1,1.0200,坪山区,23,23,0,0,0,0,1
2023-09-25,589179428,20190000000000000003,900200000000000056,1,71.643,308.740,22120.000,2023-09-25 02:00:00.000,L2FT01-FTJ028,14.57,0.000,0.666012,16605,0.435592,0.055345,0,0,1,1.0200,坪山区,23,23,0,0,0,0,1
2023-09-25,589179428,20190000000000000003,900200000000000031,1,129.906,311.000,40397.333,2023-09-25 02:00:00.000,L2FT01-FTJ028,14.57,0.000,0.666012,16605,0.435592,0.055345,0,0,1,1.0200,坪山区,23,23,0,0,0,0,1
2023-09-25,589179428,20190000000000000003,900200000000000031,1,129.806,312.133,40512.000,2023-09-25 02:15:00.000,L2FT01-FTJ028,14.57,0.000,0.666012,16605,0.435592,0.055345,0,0,1,1.0200,坪山区,23,23,0,0,0,0,1
2023-09-25,589179428,20190000000000000003,900200000000000038,1,27.890,408.283,11385.000,2023-09-25 02:15:00.000,L2FT01-FTJ028,14.57,0.000,0.666012,16605,0.435592,0.055345,0,0,1,1.0200,坪山区,23,23,0,0,0,0,1
2023-09-25,589179428,20190000000000000003,900200000000000056,1,71.630,309.073,22136.667,2023-09-25 02:15:00.000,L2FT01-FTJ028,14.57,0.000,0.666012,16605,0.435592,0.055345,0,0,1,1.0200,坪山区,23,23,0,0,0,0,1
2023-09-25,589179428,20190000000000000003,900200000000000031,1,129.800,313.993,40752.000,2023-09-25 02:30:00.000,L2FT01-FTJ028,14.57,0.000,0.666012,16605,0.435592,0.055345,0,0,1,1.0200,坪山区,23,23,0,0,0,0,1
2023-09-25,589179428,20190000000000000003,900200000000000056,1,71.683,310.353,22244.667,2023-09-25 02:30:00.000,L2FT01-FTJ028,14.57,0.000,0.666012,16605,0.435592,0.055345,0,0,1,1.0200,坪山区,23,23,0,0,0,0,1
2023-09-25,589179428,20190000000000000003,900200000000000031,1,129.800,315.100,40894.000,2023-09-25 02:45:00.000,L2FT01-FTJ028,14.57,0.000,0.666012,16605,0.435592,0.055345,0,0,1,1.0200,坪山区,23,23,0,0,0,0,1
2023-09-25,589179428,20190000000000000003,900200000000000034,1,71.790,305.600,21940.000,2023-09-25 02:45:00.000,L2FT01-FTJ028,14.57,0.000,0.666012,16605,0.435592,0.055345,0,0,1,1.0200,坪山区,23,23,0,0,0,0,1
2023-09-25,589179428,20190000000000000003,900200000000000056,1,71.690,312.067,22370.667,2023-09-25 02:45:00.000,L2FT01-FTJ028,14.57,0.000,0.666012,16605,0.435592,0.055345,0,0,1,1.0200,坪山区,23,23,0,0,0,0,1
2023-09-25,589179428,20190000000000000003,900200000000000031,1,119.815,319.317,38181.667,2023-09-25 03:00:00.000,L2FT01-FTJ028,15.19,0.000,0.666012,16605,0.435592,0.055345,0,0,1,1.0200,坪山区,23,23,0,0,0,0,1
2023-09-25,589179428,20190000000000000003,900200000000000034,1,71.710,307.807,22069.333,2023-09-25 03:00:00.000,L2FT01-FTJ028,15.19,0.000,0.666012,16605,0.435592,0.055345,0,0,1,1.0200,坪山区,23,23,0,0,0,0,1
2023-09-25,589179428,20190000000000000003,900200000000000056,1,71.690,312.353,22391.333,2023-09-25 03:00:00.000,L2FT01-FTJ028,15.19,0.000,0.666012,16605,0.435592,0.055345,0,0,1,1.0200,坪山区,23,23,0,0,0,0,1
2023-09-25,589179428,20190000000000000003,900200000000000056,1,71.690,312.733,22418.667,2023-09-25 03:15:00.000,L2FT01-FTJ028,15.19,0.000,0.666012,16605,0.435592,0.055345,0,0,1,1.0200,坪山区,23,23,0,0,0,0,1
2023-09-25,589179428,20190000000000000003,900200000000000034,1,71.690,307.887,22068.667,2023-09-25 03:15:00.000,L2FT01-FTJ028,15.19,0.000,0.666012,16605,0.435592,0.055345,0,0,1,1.0200,坪山区,23,23,0,0,0,0,1
2023-09-25,589179428,20190000000000000003,900200000000000034,1,71.690,308.313,22101.333,2023-09-25 03:30:00.000,L2FT01-FTJ028,15.19,0.000,0.666012,16605,0.435592,0.055345,0,0,1,1.0200,坪山区,23,23,0,0,0,0,1
2023-09-25,589179428,20190000000000000003,900200000000000056,1,71.690,313.447,22468.667,2023-09-25 03:30:00.000,L2FT01-FTJ028,15.19,0.000,0.666012,16605,0.435592,0.055345,0,0,1,1.0200,坪山区,23,23,0,0,0,0,1
2023-09-25,589179428,20190000000000000003,900200000000000034,1,71.690,309.360,22176.000,2023-09-25 03:45:00.000,L2FT01-FTJ028,15.19,0.000,0.666012,16605,0.435592,0.055345,0,0,1,1.0200,坪山区,23,23,0,0,0,0,1
2023-09-25,589179428,20190000000000000003,900200000000000056,1,71.690,314.167,22520.000,2023-09-25 03:45:00.000,L2FT01-FTJ028,15.19,0.000,0.666012,16605,0.435592,0.055345,0,0,1,1.0200,坪山区,23,23,0,0,0,0,1
2023-09-25,589179428,20190000000000000003,900200000000000034,1,71.690,311.180,22306.667,2023-09-25 04:00:00.000,L2FT01-FTJ028,15.67,0.000,0.666012,16605,0.435592,0.055345,0,0,1,1.0200,坪山区,23,23,0,0,0,0,1
2023-09-25,589179428,20190000000000000003,900200000000000030,1,200.685,309.125,62028.750,2023-09-25 04:15:00.000,L2FT01-FTJ028,15.67,0.000,0.666012,16605,0.435592,0.055345,0,0,1,1.0200,坪山区,23,23,0,0,0,0,1
2023-09-25,589179428,20190000000000000003,900200000000000034,1,71.690,312.140,22376.667,2023-09-25 04:15:00.000,L2FT01-FTJ028,15.67,0.000,0.666012,16605,0.435592,0.055345,0,0,1,1.0200,坪山区,23,23,0,0,0,0,1
2023-09-25,589179428,20190000000000000003,900200000000000049,1,59.242,316.283,18165.000,2023-09-25 04:15:00.000,L2FT01-FTJ028,15.67,0.000,0.666012,16605,0.435592,0.055345,0,0,1,1.0200,坪山区,23,23,0,0,0,0,1
2023-09-25,589179428,20190000000000000003,900200000000000030,1,202.858,312.287,63344.000,2023-09-25 04:30:00.000,L2FT01-FTJ028,15.67,0.000,0.666012,16605,0.435592,0.055345,0,0,1,1.0200,坪山区,23,23,0,0,0,0,1
2023-09-25,589179428,20190000000000000003,900200000000000034,1,71.690,312.673,22414.000,2023-09-25 04:30:00.000,L2FT01-FTJ028,15.67,0.000,0.666012,16605,0.435592,0.055345,0,0,1,1.0200,坪山区,23,23,0,0,0,0,1
2023-09-25,589179428,20190000000000000003,900200000000000049,1,71.000,308.038,21864.615,2023-09-25 04:30:00.000,L2FT01-FTJ028,15.67,0.000,0.666012,16605,0.435592,0.055345,0,0,1,1.0200,坪山区,23,23,0,0,0,0,1
2023-09-25,589179428,20190000000000000003,900200000000000034,1,71.690,314.127,22518.000,2023-09-25 04:45:00.000,L2FT01-FTJ028,15.67,0.000,0.666012,16605,0.435592,0.055345,0,0,1,1.0200,坪山区,23,23,0,0,0,0,1
2023-09-25,589179428,20190000000000000003,900200000000000030,1,188.098,313.200,58990.000,2023-09-25 04:45:00.000,L2FT01-FTJ028,15.67,0.000,0.666012,16605,0.435592,0.055345,0,0,1,1.0200,坪山区,23,23,0,0,0,0,1
2023-09-25,589179428,20190000000000000003,900200000000000034,1,50.740,324.150,16366.667,2023-09-25 05:00:00.000,L2FT01-FTJ028,15.97,0.000,0.666012,16605,0.435592,0.055345,0,0,1,1.0200,坪山区,23,23,0,0,0,0,1
2023-09-25,589179428,20190000000000000003,900200000000000030,1,203.632,315.873,64316.667,2023-09-25 05:00:00.000,L2FT01-FTJ028,15.97,0.000,0.666012,16605,0.435592,0.055345,0,0,1,1.0200,坪山区,23,23,0,0,0,0,1
2023-09-25,589179428,20190000000000000003,900200000000000030,1,181.186,316.893,57412.000,2023-09-25 05:15:00.000,L2FT01-FTJ028,15.97,0.000,0.666012,16605,0.435592,0.055345,0,0,1,1.0200,坪山区,23,23,0,0,0,0,1
2023-09-25,589179428,20190000000000000003,900200000000000030,1,83.571,325.913,27033.750,2023-09-25 05:30:00.000,L2FT01-FTJ028,15.97,0.000,0.666012,16605,0.435592,0.055345,0,0,1,1.0200,坪山区,23,23,0,0,0,0,1
2023-09-25,589179428,20190000000000000003,900200000000000044,1,122.060,358.333,43733.333,2023-09-25 07:00:00.000,L2FT01-FTJ028,15.97,0.000,0.666012,16605,0.435592,0.055345,0,0,1,1.0200,坪山区,23,23,0,0,0,0,1
2023-09-25,589179428,20190000000000000003,900200000000000044,1,119.978,367.493,44074.000,2023-09-25 07:15:00.000,L2FT01-FTJ028,15.97,0.000,0.666012,16605,0.435592,0.055345,0,0,1,1.0200,坪山区,23,23,0,0,0,0,1
2023-09-25,589179428,20190000000000000003,900200000000000044,1,88.977,387.900,34459.333,2023-09-25 07:30:00.000,L2FT01-FTJ028,15.97,0.000,0.666012,16605,0.435592,0.055345,0,0,1,1.0200,坪山区,23,23,0,0,0,0,1
2023-09-25,589179428,20190000000000000003,900200000000000044,1,59.823,404.587,24183.333,2023-09-25 07:45:00.000,L2FT01-FTJ028,15.97,0.000,0.666012,16605,0.435592,0.055345,0,0,1,1.0200,坪山区,23,23,0,0,0,0,1
2023-09-25,589179428,20190000000000000003,900200000000000044,1,39.060,411.567,16078.333,2023-09-25 08:00:00.000,L2FT01-FTJ028,15.67,0.000,0.666012,16605,0.435592,0.055345,0,0,1,1.0200,坪山区,23,23,0,0,0,0,1
2023-09-25,589179428,20190000000000000003,900200000000000030,1,59.571,360.860,21496.667,2023-09-25 08:30:00.000,L2FT01-FTJ028,15.67,0.000,0.666012,16605,0.435592,0.055345,0,0,1,1.0200,坪山区,23,23,0,0,0,0,1
2023-09-25,589179428,20190000000000000003,900200000000000030,1,42.543,369.967,15730.667,2023-09-25 08:45:00.000,L2FT01-FTJ028,15.67,0.000,0.666012,16605,0.435592,0.055345,0,0,1,1.0200,坪山区,23,23,0,0,0,0,1
2023-09-25,589179428,20190000000000000003,900200000000000030,1,19.403,373.407,7245.333,2023-09-25 09:00:00.000,L2FT01-FTJ028,15.19,0.000,0.666012,16605,0.435592,0.055345,0,0,1,1.0200,坪山区,23,23,0,0,0,0,1
2023-09-25,589179428,20190000000000000003,900200000000000030,1,13.190,374.867,4942.222,2023-09-25 09:15:00.000,L2FT01-FTJ028,15.19,0.000,0.666012,16605,0.435592,0.055345,0,0,1,1.0200,坪山区,23,23,0,0,0,0,1
2023-09-25,589179428,20190000000000000003,900200000000000047,1,47.760,319.133,14570.000,2023-09-25 09:30:00.000,L2FT01-FTJ028,15.19,0.000,0.666012,16605,0.435592,0.055345,0,0,1,1.0200,坪山区,23,23,0,0,0,0,1
2023-09-25,589179428,20190000000000000003,900200000000000047,1,71.524,307.647,22001.333,2023-09-25 09:45:00.000,L2FT01-FTJ028,15.19,0.000,0.666012,16605,0.435592,0.055345,0,0,1,1.0200,坪山区,23,23,0,0,0,0,1
2023-09-25,589179428,20190000000000000003,900200000000000030,1,120.546,314.193,37810.000,2023-09-25 09:45:00.000,L2FT01-FTJ028,15.19,0.000,0.666012,16605,0.435592,0.055345,0,0,1,1.0200,坪山区,23,23,0,0,0,0,1
2023-09-25,589179428,20190000000000000003,900200000000000030,1,126.789,316.890,40153.000,2023-09-25 10:00:00.000,L2FT01-FTJ028,14.57,0.000,0.666012,16605,0.435592,0.055345,0,0,1,1.0200,坪山区,23,23,0,0,0,0,1
2023-09-25,589179428,20190000000000000003,900200000000000047,1,71.500,308.133,22027.333,2023-09-25 10:00:00.000,L2FT01-FTJ028,14.57,0.000,0.666012,16605,0.435592,0.055345,0,0,1,1.0200,坪山区,23,23,0,0,0,0,1
2023-09-25,589179428,20190000000000000003,900200000000000047,1,71.500,308.840,22076.667,2023-09-25 10:15:00.000,L2FT01-FTJ028,14.57,0.000,0.666012,16605,0.435592,0.055345,0,0,1,1.0200,坪山区,23,23,0,0,0,0,1
2023-09-25,589179428,20190000000000000003,900200000000000047,1,71.500,309.375,22115.000,2023-09-25 10:30:00.000,L2FT01-FTJ028,14.57,0.000,0.666012,16605,0.435592,0.055345,0,0,1,1.0200,坪山区,23,23,0,0,0,0,1
2023-09-25,589179428,20190000000000000003,900200000000000030,1,103.909,457.520,48477.333,2023-09-25 12:00:00.000,L2FT01-FTJ028,13.07,0.000,0.666012,16605,0.435592,0.055345,0,0,1,1.0200,坪山区,23,23,0,0,0,0,1
2023-09-25,589179428,20190000000000000003,900200000000000031,1,157.439,311.780,49137.333,2023-09-25 12:00:00.000,L2FT01-FTJ028,13.07,0.000,0.666012,16605,0.435592,0.055345,0,0,1,1.0200,坪山区,23,23,0,0,0,0,1
2023-09-25,589179428,20190000000000000003,900200000000000030,1,105.800,467.260,49430.667,2023-09-25 12:15:00.000,L2FT01-FTJ028,13.07,0.000,0.666012,16605,0.435592,0.055345,0,0,1,1.0200,坪山区,23,23,0,0,0,0,1
2023-09-25,589179428,20190000000000000003,900200000000000031,1,164.860,315.453,52002.667,2023-09-25 12:15:00.000,L2FT01-FTJ028,13.07,0.000,0.666012,16605,0.435592,0.055345,0,0,1,1.0200,坪山区,23,23,0,0,0,0,1
2023-09-25,589179428,20190000000000000003,900200000000000030,1,56.119,466.607,26192.667,2023-09-25 12:30:00.000,L2FT01-FTJ028,13.07,0.000,0.666012,16605,0.435592,0.055345,0,0,1,1.0200,坪山区,23,23,0,0,0,0,1
2023-09-25,589179428,20190000000000000003,900200000000000031,1,84.366,322.738,27035.385,2023-09-25 12:30:00.000,L2FT01-FTJ028,13.07,0.000,0.666012,16605,0.435592,0.055345,0,0,1,1.0200,坪山区,23,23,0,0,0,0,1
2023-09-25,589179428,20190000000000000003,900200000000000030,1,30.000,466.300,13985.000,2023-09-25 12:45:00.000,L2FT01-FTJ028,13.07,0.000,0.666012,16605,0.435592,0.055345,0,0,1,1.0200,坪山区,23,23,0,0,0,0,1
2023-09-25,589179428,20190000000000000003,900200000000000043,0,0.000,286.900,0.000,2023-09-25 13:45:00.000,L2FT01-FTJ028,12.30,0.000,0.666012,16605,0.435592,0.055345,0,0,1,1.0200,坪山区,23,23,0,0,0,0,1
2023-09-25,589179428,20190000000000000003,900200000000000043,1,133.335,357.047,47578.667,2023-09-25 14:00:00.000,L2FT01-FTJ028,11.57,0.000,0.666012,16605,0.435592,0.055345,0,0,1,1.0200,坪山区,23,23,0,0,0,0,1
2023-09-25,589179428,20190000000000000003,900200000000000043,1,73.454,361.107,26580.667,2023-09-25 14:15:00.000,L2FT01-FTJ028,11.57,0.000,0.666012,16605,0.435592,0.055345,0,0,1,1.0200,坪山区,23,23,0,0,0,0,1
2023-09-25,589179428,20190000000000000003,900200000000000043,1,30.491,362.387,11060.000,2023-09-25 14:30:00.000,L2FT01-FTJ028,11.57,0.000,0.666012,16605,0.435592,0.055345,0,0,1,1.0200,坪山区,23,23,0,0,0,0,1
2023-09-25,589179428,20190000000000000003,900200000000000043,1,18.658,364.083,6792.500,2023-09-25 14:45:00.000,L2FT01-FTJ028,11.57,0.000,0.666012,16605,0.435592,0.055345,0,0,1,1.0200,坪山区,23,23,0,0,0,0,1
2023-09-25,589179428,20190000000000000003,900200000000000031,1,129.876,311.180,40412.000,2023-09-25 15:15:00.000,L2FT01-FTJ028,10.95,0.000,0.666012,16605,0.435592,0.055345,0,0,1,1.0200,坪山区,23,23,0,0,0,0,1
2023-09-25,589179428,20190000000000000003,900200000000000031,1,129.867,314.813,40880.000,2023-09-25 15:30:00.000,L2FT01-FTJ028,10.95,0.000,0.666012,16605,0.435592,0.055345,0,0,1,1.0200,坪山区,23,23,0,0,0,0,1
2023-09-25,589179428,20190000000000000003,900200000000000031,1,109.879,320.707,35178.000,2023-09-25 15:45:00.000,L2FT01-FTJ028,10.95,0.000,0.666012,16605,0.435592,0.055345,0,0,1,1.0200,坪山区,23,23,0,0,0,0,1
2023-09-25,589179428,20190000000000000003,900200000000000031,1,114.895,358.480,42426.000,2023-09-25 16:45:00.000,L2FT01-FTJ028,10.47,0.000,0.666012,16605,0.435592,0.055345,0,0,1,1.0200,坪山区,23,23,0,0,0,0,1
2023-09-25,589179428,20190000000000000003,900200000000000031,1,142.697,370.780,52909.333,2023-09-25 17:00:00.000,L2FT01-FTJ028,10.17,0.000,0.666012,16605,0.435592,0.055345,0,0,1,1.0200,坪山区,23,23,0,0,0,0,1
2023-09-25,589179428,20190000000000000003,900200000000000039,1,179.258,316.225,56681.667,2023-09-25 17:00:00.000,L2FT01-FTJ028,10.17,0.000,0.666012,16605,0.435592,0.055345,0,0,1,1.0200,坪山区,23,23,0,0,0,0,1
2023-09-25,589179428,20190000000000000003,900200000000000048,1,35.790,307.800,11010.000,2023-09-25 17:00:00.000,L2FT01-FTJ028,10.17,0.000,0.666012,16605,0.435592,0.055345,0,0,1,1.0200,坪山区,23,23,0,0,0,0,1
2023-09-25,589179428,20190000000000000003,900200000000000031,1,76.607,372.079,28475.714,2023-09-25 17:15:00.000,L2FT01-FTJ028,10.17,0.000,0.666012,16605,0.435592,0.055345,0,0,1,1.0200,坪山区,23,23,0,0,0,0,1
2023-09-25,589179428,20190000000000000003,900200000000000039,1,179.100,318.800,57090.000,2023-09-25 17:15:00.000,L2FT01-FTJ028,10.17,0.000,0.666012,16605,0.435592,0.055345,0,0,1,1.0200,坪山区,23,23,0,0,0,0,1
2023-09-25,589179428,20190000000000000003,900200000000000048,1,35.690,306.100,10920.000,2023-09-25 17:30:00.000,L2FT01-FTJ028,10.17,0.000,0.666012,16605,0.435592,0.055345,0,0,1,1.0200,坪山区,23,23,0,0,0,0,1
2023-09-25,589179428,20190000000000000003,900200000000000049,1,117.151,369.700,43302.727,2023-09-25 17:30:00.000,L2FT01-FTJ028,10.17,0.000,0.666012,16605,0.435592,0.055345,0,0,1,1.0200,坪山区,23,23,0,0,0,0,1
2023-09-25,589179428,20190000000000000003,900200000000000049,1,99.165,381.900,37869.333,2023-09-25 17:45:00.000,L2FT01-FTJ028,10.17,0.000,0.666012,16605,0.435592,0.055345,0,0,1,1.0200,坪山区,23,23,0,0,0,0,1
2023-09-25,589179428,20190000000000000003,900200000000000049,1,60.564,394.813,23903.333,2023-09-25 18:00:00.000,L2FT01-FTJ028,10.07,0.000,0.666012,16605,0.435592,0.055345,0,0,1,1.0200,坪山区,23,23,0,0,0,0,1
2023-09-25,589179428,20190000000000000003,900200000000000047,1,115.561,313.009,36168.182,2023-09-25 18:15:00.000,L2FT01-FTJ028,10.07,0.000,0.666012,16605,0.435592,0.055345,0,0,1,1.0200,坪山区,23,23,0,0,0,0,1
2023-09-25,589179428,20190000000000000003,900200000000000049,1,45.277,404.993,18327.333,2023-09-25 18:15:00.000,L2FT01-FTJ028,10.07,0.000,0.666012,16605,0.435592,0.055345,0,0,1,1.0200,坪山区,23,23,0,0,0,0,1
2023-09-25,589179428,20190000000000000003,900200000000000037,1,104.693,359.667,37863.333,2023-09-25 18:30:00.000,L2FT01-FTJ028,10.07,0.000,0.666012,16605,0.435592,0.055345,0,0,1,1.0200,坪山区,23,23,0,0,0,0,1
2023-09-25,589179428,20190000000000000003,900200000000000044,1,70.879,353.750,25893.750,2023-09-25 18:30:00.000,L2FT01-FTJ028,10.07,0.000,0.666012,16605,0.435592,0.055345,0,0,1,1.0200,坪山区,23,23,0,0,0,0,1
2023-09-25,589179428,20190000000000000003,900200000000000047,1,115.500,314.260,36292.000,2023-09-25 18:30:00.000,L2FT01-FTJ028,10.07,0.000,0.666012,16605,0.435592,0.055345,0,0,1,1.0200,坪山区,23,23,0,0,0,0,1
2023-09-25,589179428,20190000000000000003,900200000000000049,1,10.978,406.780,4461.333,2023-09-25 18:30:00.000,L2FT01-FTJ028,10.07,0.000,0.666012,16605,0.435592,0.055345,0,0,1,1.0200,坪山区,23,23,0,0,0,0,1
2023-09-25,589179428,20190000000000000003,900200000000000035,1,203.034,309.887,62917.500,2023-09-25 18:45:00.000,L2FT01-FTJ028,10.07,0.000,0.666012,16605,0.435592,0.055345,0,0,1,1.0200,坪山区,23,23,0,0,0,0,1
2023-09-25,589179428,20190000000000000003,900200000000000037,1,149.606,363.313,54351.333,2023-09-25 18:45:00.000,L2FT01-FTJ028,10.07,0.000,0.666012,16605,0.435592,0.055345,0,0,1,1.0200,坪山区,23,23,0,0,0,0,1
2023-09-25,589179428,20190000000000000003,900200000000000044,1,71.030,366.860,26056.000,2023-09-25 18:45:00.000,L2FT01-FTJ028,10.07,0.000,0.666012,16605,0.435592,0.055345,0,0,1,1.0200,坪山区,23,23,0,0,0,0,1
2023-09-25,589179428,20190000000000000003,900200000000000047,1,89.007,319.200,28298.889,2023-09-25 18:45:00.000,L2FT01-FTJ028,10.07,0.000,0.666012,16605,0.435592,0.055345,0,0,1,1.0200,坪山区,23,23,0,0,0,0,1
2023-09-25,589179428,20190000000000000003,900200000000000049,1,11.000,408.600,4490.000,2023-09-25 18:45:00.000,L2FT01-FTJ028,10.07,0.000,0.666012,16605,0.435592,0.055345,0,0,1,1.0200,坪山区,23,23,0,0,0,0,1
2023-09-25,589179428,20190000000000000003,900200000000000049,1,71.190,310.220,22084.000,2023-09-25 19:00:00.000,L2FT01-FTJ028,10.17,0.000,0.666012,16605,0.435592,0.055345,0,0,1,1.0200,坪山区,23,23,0,0,0,0,1
2023-09-25,589179428,20190000000000000003,900200000000000048,1,12.946,327.318,4479.091,2023-09-25 19:00:00.000,L2FT01-FTJ028,10.17,0.000,0.666012,16605,0.435592,0.055345,0,0,1,1.0200,坪山区,23,23,0,0,0,0,1
2023-09-25,589179428,20190000000000000003,900200000000000044,1,62.290,367.453,22888.000,2023-09-25 19:00:00.000,L2FT01-FTJ028,10.17,0.000,0.666012,16605,0.435592,0.055345,0,0,1,1.0200,坪山区,23,23,0,0,0,0,1
2023-09-25,589179428,20190000000000000003,900200000000000037,1,149.754,363.238,54395.000,2023-09-25 19:00:00.000,L2FT01-FTJ028,10.17,0.000,0.666012,16605,0.435592,0.055345,0,0,1,1.0200,坪山区,23,23,0,0,0,0,1
2023-09-25,589179428,20190000000000000003,900200000000000035,1,202.086,312.253,63098.000,2023-09-25 19:00:00.000,L2FT01-FTJ028,10.17,0.000,0.666012,16605,0.435592,0.055345,0,0,1,1.0200,坪山区,23,23,0,0,0,0,1
2023-09-25,589179428,20190000000000000003,900200000000000035,1,201.279,313.947,63186.667,2023-09-25 19:15:00.000,L2FT01-FTJ028,10.17,0.000,0.666012,16605,0.435592,0.055345,0,0,1,1.0200,坪山区,23,23,0,0,0,0,1
2023-09-25,589179428,20190000000000000003,900200000000000044,1,47.131,370.653,17450.000,2023-09-25 19:15:00.000,L2FT01-FTJ028,10.17,0.000,0.666012,16605,0.435592,0.055345,0,0,1,1.0200,坪山区,23,23,0,0,0,0,1
2023-09-25,589179428,20190000000000000003,900200000000000048,1,15.024,348.507,5234.000,2023-09-25 19:15:00.000,L2FT01-FTJ028,10.17,0.000,0.666012,16605,0.435592,0.055345,0,0,1,1.0200,坪山区,23,23,0,0,0,0,1
2023-09-25,589179428,20190000000000000003,900200000000000049,1,71.018,311.473,22115.333,2023-09-25 19:15:00.000,L2FT01-FTJ028,10.17,0.000,0.666012,16605,0.435592,0.055345,0,0,1,1.0200,坪山区,23,23,0,0,0,0,1
2023-09-25,589179428,20190000000000000003,900200000000000030,1,129.854,311.250,40415.000,2023-09-25 19:30:00.000,L2FT01-FTJ028,10.17,0.000,0.666012,16605,0.435592,0.055345,0,0,1,1.0200,坪山区,23,23,0,0,0,0,1
2023-09-25,589179428,20190000000000000003,900200000000000035,1,169.557,314.687,53356.000,2023-09-25 19:30:00.000,L2FT01-FTJ028,10.17,0.000,0.666012,16605,0.435592,0.055345,0,0,1,1.0200,坪山区,23,23,0,0,0,0,1
2023-09-25,589179428,20190000000000000003,900200000000000044,1,10.500,373.233,3910.000,2023-09-25 19:30:00.000,L2FT01-FTJ028,10.17,0.000,0.666012,16605,0.435592,0.055345,0,0,1,1.0200,坪山区,23,23,0,0,0,0,1
2023-09-25,589179428,20190000000000000003,900200000000000048,1,14.797,350.680,5187.333,2023-09-25 19:30:00.000,L2FT01-FTJ028,10.17,0.000,0.666012,16605,0.435592,0.055345,0,0,1,1.0200,坪山区,23,23,0,0,0,0,1
2023-09-25,589179428,20190000000000000003,900200000000000049,1,71.000,313.180,22231.333,2023-09-25 19:30:00.000,L2FT01-FTJ028,10.17,0.000,0.666012,16605,0.435592,0.055345,0,0,1,1.0200,坪山区,23,23,0,0,0,0,1
2023-09-25,589179428,20190000000000000003,900200000000000038,1,195.392,312.680,61093.000,2023-09-25 19:45:00.000,L2FT01-FTJ028,10.17,0.000,0.666012,16605,0.435592,0.055345,0,0,1,1.0200,坪山区,23,23,0,0,0,0,1
2023-09-25,589179428,20190000000000000003,900200000000000048,1,14.650,351.527,5147.333,2023-09-25 19:45:00.000,L2FT01-FTJ028,10.17,0.000,0.666012,16605,0.435592,0.055345,0,0,1,1.0200,坪山区,23,23,0,0,0,0,1
2023-09-25,589179428,20190000000000000003,900200000000000035,1,160.384,317.393,50875.333,2023-09-25 19:45:00.000,L2FT01-FTJ028,10.17,0.000,0.666012,16605,0.435592,0.055345,0,0,1,1.0200,坪山区,23,23,0,0,0,0,1
2023-09-25,589179428,20190000000000000003,900200000000000035,1,42.990,329.667,14136.667,2023-09-25 20:00:00.000,L2FT01-FTJ028,10.47,0.000,0.666012,16605,0.435592,0.055345,0,0,1,1.0200,坪山区,23,23,0,0,0,0,1
2023-09-25,589179428,20190000000000000003,900200000000000038,1,195.342,314.553,61442.667,2023-09-25 20:00:00.000,L2FT01-FTJ028,10.47,0.000,0.666012,16605,0.435592,0.055345,0,0,1,1.0200,坪山区,23,23,0,0,0,0,1
2023-09-25,589179428,20190000000000000003,900200000000000048,1,15.023,352.067,5288.000,2023-09-25 20:00:00.000,L2FT01-FTJ028,10.47,0.000,0.666012,16605,0.435592,0.055345,0,0,1,1.0200,坪山区,23,23,0,0,0,0,1
2023-09-25,589179428,20190000000000000003,900200000000000035,1,106.350,405.600,43154.286,2023-09-25 20:15:00.000,L2FT01-FTJ028,10.47,0.000,0.666012,16605,0.435592,0.055345,0,0,1,1.0200,坪山区,23,23,0,0,0,0,1
2023-09-25,589179428,20190000000000000003,900200000000000038,1,175.909,315.113,55432.500,2023-09-25 20:15:00.000,L2FT01-FTJ028,10.47,0.000,0.666012,16605,0.435592,0.055345,0,0,1,1.0200,坪山区,23,23,0,0,0,0,1
2023-09-25,589179428,20190000000000000003,900200000000000048,1,14.779,352.393,5207.333,2023-09-25 20:15:00.000,L2FT01-FTJ028,10.47,0.000,0.666012,16605,0.435592,0.055345,0,0,1,1.0200,坪山区,23,23,0,0,0,0,1
2023-09-25,589179428,20190000000000000003,900200000000000035,1,81.357,421.900,34258.667,2023-09-25 20:30:00.000,L2FT01-FTJ028,10.47,0.000,0.666012,16605,0.435592,0.055345,0,0,1,1.0200,坪山区,23,23,0,0,0,0,1
2023-09-25,589179428,20190000000000000003,900200000000000048,1,14.940,352.438,5265.000,2023-09-25 20:30:00.000,L2FT01-FTJ028,10.47,0.000,0.666012,16605,0.435592,0.055345,0,0,1,1.0200,坪山区,23,23,0,0,0,0,1
2023-09-25,589179428,20190000000000000003,900200000000000035,1,40.855,429.100,17522.727,2023-09-25 20:45:00.000,L2FT01-FTJ028,10.47,0.000,0.666012,16605,0.435592,0.055345,0,0,1,1.0200,坪山区,23,23,0,0,0,0,1
2023-09-25,589179428,20190000000000000003,900200000000000038,1,42.718,402.500,17214.545,2023-09-25 21:30:00.000,L2FT01-FTJ028,10.95,0.000,0.666012,16605,0.435592,0.055345,0,0,1,1.0200,坪山区,23,23,0,0,0,0,1
2023-09-25,589179428,20190000000000000003,900200000000000038,1,14.450,406.133,5878.000,2023-09-25 21:45:00.000,L2FT01-FTJ028,10.95,0.000,0.666012,16605,0.435592,0.055345,0,0,1,1.0200,坪山区,23,23,0,0,0,0,1
2023-09-25,589179428,20190000000000000003,900200000000000038,1,6.390,406.467,2597.333,2023-09-25 22:00:00.000,L2FT01-FTJ028,11.57,0.000,0.666012,16605,0.435592,0.055345,0,0,1,1.0200,坪山区,23,23,0,0,0,0,1
2023-09-25,589179428,20190000000000000003,900200000000000038,1,6.390,407.400,2600.000,2023-09-25 22:15:00.000,L2FT01-FTJ028,11.57,0.000,0.666012,16605,0.435592,0.055345,0,0,1,1.0200,坪山区,23,23,0,0,0,0,1
2023-09-25,589179428,20190000000000000003,900200000000000038,1,6.390,407.925,2610.000,2023-09-25 22:30:00.000,L2FT01-FTJ028,11.57,0.000,0.666012,16605,0.435592,0.055345,0,0,1,1.0200,坪山区,23,23,0,0,0,0,1
2023-09-26,589179428,20190000000000000003,900200000000000044,1,59.708,303.617,18223.333,2023-09-26 00:00:00.000,L2FT01-FTJ028,13.07,0.000,0.666012,16605,0.435592,0.055345,0,0,1,1.0200,坪山区,23,23,0,0,0,0,1
2023-09-26,589179428,20190000000000000003,900200000000000044,1,71.590,307.180,21988.667,2023-09-26 00:15:00.000,L2FT01-FTJ028,13.07,0.000,0.666012,16605,0.435592,0.055345,0,0,1,1.0200,坪山区,23,23,0,0,0,0,1
2023-09-26,589179428,20190000000000000003,900200000000000044,1,71.590,308.320,22070.667,2023-09-26 00:30:00.000,L2FT01-FTJ028,13.07,0.000,0.666012,16605,0.435592,0.055345,0,0,1,1.0200,坪山区,23,23,0,0,0,0,1
2023-09-26,589179428,20190000000000000003,900200000000000044,1,71.590,308.587,22088.667,2023-09-26 00:45:00.000,L2FT01-FTJ028,13.07,0.000,0.666012,16605,0.435592,0.055345,0,0,1,1.0200,坪山区,23,23,0,0,0,0,1
2023-09-26,589179428,20190000000000000003,900200000000000044,1,71.590,308.953,22117.333,2023-09-26 01:00:00.000,L2FT01-FTJ028,13.85,0.000,0.666012,16605,0.435592,0.055345,0,0,1,1.0200,坪山区,23,23,0,0,0,0,1
2023-09-26,589179428,20190000000000000003,900200000000000044,1,71.590,309.693,22170.000,2023-09-26 01:15:00.000,L2FT01-FTJ028,13.85,0.000,0.666012,16605,0.435592,0.055345,0,0,1,1.0200,坪山区,23,23,0,0,0,0,1
2023-09-26,589179428,20190000000000000003,900200000000000044,1,71.610,311.080,22275.333,2023-09-26 01:30:00.000,L2FT01-FTJ028,13.85,0.000,0.666012,16605,0.435592,0.055345,0,0,1,1.0200,坪山区,23,23,0,0,0,0,1
2023-09-26,589179428,20190000000000000003,900200000000000049,1,66.297,300.433,20436.667,2023-09-26 01:30:00.000,L2FT01-FTJ028,13.85,0.000,0.666012,16605,0.435592,0.055345,0,0,1,1.0200,坪山区,23,23,0,0,0,0,1
2023-09-26,589179428,20190000000000000003,900200000000000044,1,71.623,312.053,22348.000,2023-09-26 01:45:00.000,L2FT01-FTJ028,13.85,0.000,0.666012,16605,0.435592,0.055345,0,0,1,1.0200,坪山区,23,23,0,0,0,0,1
2023-09-26,589179428,20190000000000000003,900200000000000049,1,71.000,308.520,21902.000,2023-09-26 01:45:00.000,L2FT01-FTJ028,13.85,0.000,0.666012,16605,0.435592,0.055345,0,0,1,1.0200,坪山区,23,23,0,0,0,0,1
2023-09-26,589179428,20190000000000000003,900200000000000056,1,87.165,351.900,30672.500,2023-09-26 01:45:00.000,L2FT01-FTJ028,13.85,0.000,0.666012,16605,0.435592,0.055345,0,0,1,1.0200,坪山区,23,23,0,0,0,0,1
2023-09-26,589179428,20190000000000000003,900200000000000056,1,87.811,353.360,31026.000,2023-09-26 02:00:00.000,L2FT01-FTJ028,14.57,0.000,0.666012,16605,0.435592,0.055345,0,0,1,1.0200,坪山区,23,23,0,0,0,0,1
2023-09-26,589179428,20190000000000000003,900200000000000049,1,71.000,308.887,21925.333,2023-09-26 02:00:00.000,L2FT01-FTJ028,14.57,0.000,0.666012,16605,0.435592,0.055345,0,0,1,1.0200,坪山区,23,23,0,0,0,0,1
2023-09-26,589179428,20190000000000000003,900200000000000044,1,71.657,312.433,22386.000,2023-09-26 02:00:00.000,L2FT01-FTJ028,14.57,0.000,0.666012,16605,0.435592,0.055345,0,0,1,1.0200,坪山区,23,23,0,0,0,0,1
2023-09-26,589179428,20190000000000000003,900200000000000044,1,71.663,312.867,22420.000,2023-09-26 02:15:00.000,L2FT01-FTJ028,14.57,0.000,0.666012,16605,0.435592,0.055345,0,0,1,1.0200,坪山区,23,23,0,0,0,0,1
2023-09-26,589179428,20190000000000000003,900200000000000049,1,71.000,309.840,21994.667,2023-09-26 02:15:00.000,L2FT01-FTJ028,14.57,0.000,0.666012,16605,0.435592,0.055345,0,0,1,1.0200,坪山区,23,23,0,0,0,0,1
2023-09-26,589179428,20190000000000000003,900200000000000056,1,85.571,355.007,30377.333,2023-09-26 02:15:00.000,L2FT01-FTJ028,14.57,0.000,0.666012,16605,0.435592,0.055345,0,0,1,1.0200,坪山区,23,23,0,0,0,0,1
2023-09-26,589179428,20190000000000000003,900200000000000044,1,71.590,313.427,22436.667,2023-09-26 02:30:00.000,L2FT01-FTJ028,14.57,0.000,0.666012,16605,0.435592,0.055345,0,0,1,1.0200,坪山区,23,23,0,0,0,0,1
2023-09-26,589179428,20190000000000000003,900200000000000049,1,71.000,311.600,22118.667,2023-09-26 02:30:00.000,L2FT01-FTJ028,14.57,0.000,0.666012,16605,0.435592,0.055345,0,0,1,1.0200,坪山区,23,23,0,0,0,0,1
2023-09-26,589179428,20190000000000000003,900200000000000056,1,75.517,355.627,26864.000,2023-09-26 02:30:00.000,L2FT01-FTJ028,14.57,0.000,0.666012,16605,0.435592,0.055345,0,0,1,1.0200,坪山区,23,23,0,0,0,0,1
2023-09-26,589179428,20190000000000000003,900200000000000044,1,71.590,314.280,22496.667,2023-09-26 02:45:00.000,L2FT01-FTJ028,14.57,0.000,0.666012,16605,0.435592,0.055345,0,0,1,1.0200,坪山区,23,23,0,0,0,0,1
2023-09-26,589179428,20190000000000000003,900200000000000049,1,71.000,312.807,22204.667,2023-09-26 02:45:00.000,L2FT01-FTJ028,14.57,0.000,0.666012,16605,0.435592,0.055345,0,0,1,1.0200,坪山区,23,23,0,0,0,0,1
2023-09-26,589179428,20190000000000000003,900200000000000056,1,56.243,355.480,19998.000,2023-09-26 02:45:00.000,L2FT01-FTJ028,14.57,0.000,0.666012,16605,0.435592,0.055345,0,0,1,1.0200,坪山区,23,23,0,0,0,0,1
2023-09-26,589179428,20190000000000000003,900200000000000044,1,70.063,317.067,22206.667,2023-09-26 03:00:00.000,L2FT01-FTJ028,15.19,0.000,0.666012,16605,0.435592,0.055345,0,0,1,1.0200,坪山区,23,23,0,0,0,0,1
2023-09-26,589179428,20190000000000000003,900200000000000049,1,71.000,313.393,22246.667,2023-09-26 03:00:00.000,L2FT01-FTJ028,15.19,0.000,0.666012,16605,0.435592,0.055345,0,0,1,1.0200,坪山区,23,23,0,0,0,0,1
2023-09-26,589179428,20190000000000000003,900200000000000056,1,24.870,353.020,8778.000,2023-09-26 03:00:00.000,L2FT01-FTJ028,15.19,0.000,0.666012,16605,0.435592,0.055345,0,0,1,1.0200,坪山区,23,23,0,0,0,0,1
2023-09-26,589179428,20190000000000000003,900200000000000049,1,70.941,314.733,22324.000,2023-09-26 03:15:00.000,L2FT01-FTJ028,15.19,0.000,0.666012,16605,0.435592,0.055345,0,0,1,1.0200,坪山区,23,23,0,0,0,0,1
2023-09-26,589179428,20190000000000000003,900200000000000044,1,64.239,296.069,19534.615,2023-09-26 03:15:00.000,L2FT01-FTJ028,15.19,0.000,0.666012,16605,0.435592,0.055345,0,0,1,1.0200,坪山区,23,23,0,0,0,0,1
2023-09-26,589179428,20190000000000000003,900200000000000044,1,71.657,306.313,21948.000,2023-09-26 03:30:00.000,L2FT01-FTJ028,15.19,0.000,0.666012,16605,0.435592,0.055345,0,0,1,1.0200,坪山区,23,23,0,0,0,0,1
2023-09-26,589179428,20190000000000000003,900200000000000049,1,53.542,323.817,17271.667,2023-09-26 03:30:00.000,L2FT01-FTJ028,15.19,0.000,0.666012,16605,0.435592,0.055345,0,0,1,1.0200,坪山区,23,23,0,0,0,0,1
2023-09-26,589179428,20190000000000000003,900200000000000034,1,129.858,305.240,39636.000,2023-09-26 03:45:00.000,L2FT01-FTJ028,15.19,0.000,0.666012,16605,0.435592,0.055345,0,0,1,1.0200,坪山区,23,23,0,0,0,0,1
2023-09-26,589179428,20190000000000000003,900200000000000044,1,71.690,308.293,22098.667,2023-09-26 03:45:00.000,L2FT01-FTJ028,15.19,0.000,0.666012,16605,0.435592,0.055345,0,0,1,1.0200,坪山区,23,23,0,0,0,0,1
2023-09-26,589179428,20190000000000000003,900200000000000034,1,129.800,308.600,40052.000,2023-09-26 04:00:00.000,L2FT01-FTJ028,15.67,0.000,0.666012,16605,0.435592,0.055345,0,0,1,1.0200,坪山区,23,23,0,0,0,0,1
2023-09-26,589179428,20190000000000000003,900200000000000044,1,71.677,308.840,22135.333,2023-09-26 04:00:00.000,L2FT01-FTJ028,15.67,0.000,0.666012,16605,0.435592,0.055345,0,0,1,1.0200,坪山区,23,23,0,0,0,0,1
2023-09-26,589179428,20190000000000000003,900200000000000034,1,129.626,310.233,40209.333,2023-09-26 04:15:00.000,L2FT01-FTJ028,15.67,0.000,0.666012,16605,0.435592,0.055345,0,0,1,1.0200,坪山区,23,23,0,0,0,0,1
2023-09-26,589179428,20190000000000000003,900200000000000044,1,71.630,309.273,22152.000,2023-09-26 04:15:00.000,L2FT01-FTJ028,15.67,0.000,0.666012,16605,0.435592,0.055345,0,0,1,1.0200,坪山区,23,23,0,0,0,0,1
2023-09-26,589179428,20190000000000000003,900200000000000034,1,129.812,311.353,40413.333,2023-09-26 04:30:00.000,L2FT01-FTJ028,15.67,0.000,0.666012,16605,0.435592,0.055345,0,0,1,1.0200,坪山区,23,23,0,0,0,0,1
2023-09-26,589179428,20190000000000000003,900200000000000044,1,71.663,309.973,22211.333,2023-09-26 04:30:00.000,L2FT01-FTJ028,15.67,0.000,0.666012,16605,0.435592,0.055345,0,0,1,1.0200,坪山区,23,23,0,0,0,0,1
2023-09-26,589179428,20190000000000000003,900200000000000044,1,71.590,311.053,22266.667,2023-09-26 04:45:00.000,L2FT01-FTJ028,15.67,0.000,0.666012,16605,0.435592,0.055345,0,0,1,1.0200,坪山区,23,23,0,0,0,0,1
2023-09-26,589179428,20190000000000000003,900200000000000034,1,129.800,313.913,40740.667,2023-09-26 04:45:00.000,L2FT01-FTJ028,15.67,0.000,0.666012,16605,0.435592,0.055345,0,0,1,1.0200,坪山区,23,23,0,0,0,0,1
2023-09-26,589179428,20190000000000000003,900200000000000035,1,199.855,312.700,62488.462,2023-09-26 04:45:00.000,L2FT01-FTJ028,15.67,0.000,0.666012,16605,0.435592,0.055345,0,0,1,1.0200,坪山区,23,23,0,0,0,0,1
2023-09-26,589179428,20190000000000000003,900200000000000044,1,71.597,312.347,22360.667,2023-09-26 05:00:00.000,L2FT01-FTJ028,15.97,0.000,0.666012,16605,0.435592,0.055345,0,0,1,1.0200,坪山区,23,23,0,0,0,0,1
2023-09-26,589179428,20190000000000000003,900200000000000034,1,105.809,318.953,33711.333,2023-09-26 05:00:00.000,L2FT01-FTJ028,15.97,0.000,0.666012,16605,0.435592,0.055345,0,0,1,1.0200,坪山区,23,23,0,0,0,0,1
2023-09-26,589179428,20190000000000000003,900200000000000035,1,199.884,315.387,63035.333,2023-09-26 05:00:00.000,L2FT01-FTJ028,15.97,0.000,0.666012,16605,0.435592,0.055345,0,0,1,1.0200,坪山区,23,23,0,0,0,0,1
2023-09-26,589179428,20190000000000000003,900200000000000034,1,41.850,325.120,13628.000,2023-09-26 05:15:00.000,L2FT01-FTJ028,15.97,0.000,0.666012,16605,0.435592,0.055345,0,0,1,1.0200,坪山区,23,23,0,0,0,0,1
2023-09-26,589179428,20190000000000000003,900200000000000035,1,147.782,320.350,47093.333,2023-09-26 05:15:00.000,L2FT01-FTJ028,15.97,0.000,0.666012,16605,0.435592,0.055345,0,0,1,1.0200,坪山区,23,23,0,0,0,0,1
2023-09-26,589179428,20190000000000000003,900200000000000044,1,71.590,313.013,22407.333,2023-09-26 05:15:00.000,L2FT01-FTJ028,15.97,0.000,0.666012,16605,0.435592,0.055345,0,0,1,1.0200,坪山区,23,23,0,0,0,0,1
2023-09-26,589179428,20190000000000000003,900200000000000044,1,71.590,313.807,22463.333,2023-09-26 05:30:00.000,L2FT01-FTJ028,15.97,0.000,0.666012,16605,0.435592,0.055345,0,0,1,1.0200,坪山区,23,23,0,0,0,0,1
2023-09-26,589179428,20190000000000000003,900200000000000039,1,66.219,349.100,23817.143,2023-09-26 05:45:00.000,L2FT01-FTJ028,15.97,0.000,0.666012,16605,0.435592,0.055345,0,0,1,1.0200,坪山区,23,23,0,0,0,0,1
2023-09-26,589179428,20190000000000000003,900200000000000044,1,58.090,322.021,18599.286,2023-09-26 05:45:00.000,L2FT01-FTJ028,15.97,0.000,0.666012,16605,0.435592,0.055345,0,0,1,1.0200,坪山区,23,23,0,0,0,0,1
2023-09-26,589179428,20190000000000000003,900200000000000039,1,61.737,368.387,22726.667,2023-09-26 06:00:00.000,L2FT01-FTJ028,16.07,0.000,0.666012,16605,0.435592,0.055345,0,0,1,1.0200,坪山区,23,23,0,0,0,0,1
2023-09-26,589179428,20190000000000000003,900200000000000039,1,53.390,373.300,19930.000,2023-09-26 06:15:00.000,L2FT01-FTJ028,16.07,0.000,0.666012,16605,0.435592,0.055345,0,0,1,1.0200,坪山区,23,23,0,0,0,0,1
2023-09-26,589179428,20190000000000000003,900200000000000038,1,97.063,327.433,31776.667,2023-09-26 07:30:00.000,L2FT01-FTJ028,15.97,0.000,0.666012,16605,0.435592,0.055345,0,0,1,1.0200,坪山区,23,23,0,0,0,0,1
2023-09-26,589179428,20190000000000000003,900200000000000038,1,96.897,329.233,31900.000,2023-09-26 07:45:00.000,L2FT01-FTJ028,15.97,0.000,0.666012,16605,0.435592,0.055345,0,0,1,1.0200,坪山区,23,23,0,0,0,0,1
2023-09-26,589179428,20190000000000000003,900200000000000038,1,58.457,335.011,19501.111,2023-09-26 08:00:00.000,L2FT01-FTJ028,15.67,0.000,0.666012,16605,0.435592,0.055345,0,0,1,1.0200,坪山区,23,23,0,0,0,0,1
2023-09-26,589179428,20190000000000000003,900200000000000042,1,73.278,351.683,25853.333,2023-09-26 08:00:00.000,L2FT01-FTJ028,15.67,0.000,0.666012,16605,0.435592,0.055345,0,0,1,1.0200,坪山区,23,23,0,0,0,0,1
2023-09-26,589179428,20190000000000000003,900200000000000042,1,79.963,353.800,28287.333,2023-09-26 08:15:00.000,L2FT01-FTJ028,15.67,0.000,0.666012,16605,0.435592,0.055345,0,0,1,1.0200,坪山区,23,23,0,0,0,0,1
2023-09-26,589179428,20190000000000000003,900200000000000042,1,80.000,355.880,28466.667,2023-09-26 08:30:00.000,L2FT01-FTJ028,15.67,0.000,0.666012,16605,0.435592,0.055345,0,0,1,1.0200,坪山区,23,23,0,0,0,0,1
2023-09-26,589179428,20190000000000000003,900200000000000038,1,142.942,409.800,58577.500,2023-09-26 08:45:00.000,L2FT01-FTJ028,15.67,0.000,0.666012,16605,0.435592,0.055345,0,0,1,1.0200,坪山区,23,23,0,0,0,0,1
2023-09-26,589179428,20190000000000000003,900200000000000042,1,67.919,356.587,24219.333,2023-09-26 08:45:00.000,L2FT01-FTJ028,15.67,0.000,0.666012,16605,0.435592,0.055345,0,0,1,1.0200,坪山区,23,23,0,0,0,0,1
2023-09-26,589179428,20190000000000000003,900200000000000038,1,141.752,419.707,59488.000,2023-09-26 09:00:00.000,L2FT01-FTJ028,15.19,0.000,0.666012,16605,0.435592,0.055345,0,0,1,1.0200,坪山区,23,23,0,0,0,0,1
2023-09-26,589179428,20190000000000000003,900200000000000042,1,39.594,358.960,14193.000,2023-09-26 09:00:00.000,L2FT01-FTJ028,15.19,0.000,0.666012,16605,0.435592,0.055345,0,0,1,1.0200,坪山区,23,23,0,0,0,0,1
2023-09-26,589179428,20190000000000000003,900200000000000038,1,136.594,437.340,59727.333,2023-09-26 09:15:00.000,L2FT01-FTJ028,15.19,0.000,0.666012,16605,0.435592,0.055345,0,0,1,1.0200,坪山区,23,23,0,0,0,0,1
2023-09-26,589179428,20190000000000000003,900200000000000038,1,123.900,454.893,56316.667,2023-09-26 09:30:00.000,L2FT01-FTJ028,15.19,0.000,0.666012,16605,0.435592,0.055345,0,0,1,1.0200,坪山区,23,23,0,0,0,0,1
2023-09-26,589179428,20190000000000000003,900200000000000039,1,57.725,324.787,18787.333,2023-09-26 09:30:00.000,L2FT01-FTJ028,15.19,0.000,0.666012,16605,0.435592,0.055345,0,0,1,1.0200,坪山区,23,23,0,0,0,0,1
2023-09-26,589179428,20190000000000000003,900200000000000038,1,74.212,461.500,34248.000,2023-09-26 09:45:00.000,L2FT01-FTJ028,15.19,0.000,0.666012,16605,0.435592,0.055345,0,0,1,1.0200,坪山区,23,23,0,0,0,0,1
2023-09-26,589179428,20190000000000000003,900200000000000039,1,61.790,332.500,20544.000,2023-09-26 09:45:00.000,L2FT01-FTJ028,15.19,0.000,0.666012,16605,0.435592,0.055345,0,0,1,1.0200,坪山区,23,23,0,0,0,0,1
2023-09-26,589179428,20190000000000000003,900200000000000034,1,67.821,340.280,23076.000,2023-09-26 10:00:00.000,L2FT01-FTJ028,14.57,0.000,0.666012,16605,0.435592,0.055345,0,0,1,1.0200,坪山区,23,23,0,0,0,0,1
2023-09-26,589179428,20190000000000000003,900200000000000039,1,61.790,340.025,21008.750,2023-09-26 10:00:00.000,L2FT01-FTJ028,14.57,0.000,0.666012,16605,0.435592,0.055345,0,0,1,1.0200,坪山区,23,23,0,0,0,0,1
2023-09-26,589179428,20190000000000000003,900200000000000034,1,67.877,352.367,23915.333,2023-09-26 10:15:00.000,L2FT01-FTJ028,14.57,0.000,0.666012,16605,0.435592,0.055345,0,0,1,1.0200,坪山区,23,23,0,0,0,0,1
2023-09-26,589179428,20190000000000000003,900200000000000047,1,48.333,352.267,17050.000,2023-09-26 10:30:00.000,L2FT01-FTJ028,14.57,0.000,0.666012,16605,0.435592,0.055345,0,0,1,1.0200,坪山区,23,23,0,0,0,0,1
2023-09-26,589179428,20190000000000000003,900200000000000034,1,33.943,358.473,12162.667,2023-09-26 10:30:00.000,L2FT01-FTJ028,14.57,0.000,0.666012,16605,0.435592,0.055345,0,0,1,1.0200,坪山区,23,23,0,0,0,0,1
2023-09-26,589179428,20190000000000000003,900200000000000034,1,21.554,363.133,7824.667,2023-09-26 10:45:00.000,L2FT01-FTJ028,14.57,0.000,0.666012,16605,0.435592,0.055345,0,0,1,1.0200,坪山区,23,23,0,0,0,0,1
2023-09-26,589179428,20190000000000000003,900200000000000047,1,85.413,360.927,30832.667,2023-09-26 10:45:00.000,L2FT01-FTJ028,14.57,0.000,0.666012,16605,0.435592,0.055345,0,0,1,1.0200,坪山区,23,23,0,0,0,0,1
2023-09-26,589179428,20190000000000000003,900200000000000034,1,14.000,364.333,5095.000,2023-09-26 11:00:00.000,L2FT01-FTJ028,13.85,0.000,0.666012,16605,0.435592,0.055345,0,0,1,1.0200,坪山区,23,23,0,0,0,0,1
2023-09-26,589179428,20190000000000000003,900200000000000047,1,99.374,364.873,36281.333,2023-09-26 11:00:00.000,L2FT01-FTJ028,13.85,0.000,0.666012,16605,0.435592,0.055345,0,0,1,1.0200,坪山区,23,23,0,0,0,0,1
2023-09-26,589179428,20190000000000000003,900200000000000048,1,52.035,367.882,19131.818,2023-09-26 11:00:00.000,L2FT01-FTJ028,13.85,0.000,0.666012,16605,0.435592,0.055345,0,0,1,1.0200,坪山区,23,23,0,0,0,0,1
2023-09-26,589179428,20190000000000000003,900200000000000047,1,143.124,369.580,52894.000,2023-09-26 11:15:00.000,L2FT01-FTJ028,13.85,0.000,0.666012,16605,0.435592,0.055345,0,0,1,1.0200,坪山区,23,23,0,0,0,0,1
2023-09-26,589179428,20190000000000000003,900200000000000048,1,38.057,373.887,14225.333,2023-09-26 11:15:00.000,L2FT01-FTJ028,13.85,0.000,0.666012,16605,0.435592,0.055345,0,0,1,1.0200,坪山区,23,23,0,0,0,0,1
2023-09-26,589179428,20190000000000000003,900200000000000047,1,143.090,372.240,53262.000,2023-09-26 11:30:00.000,L2FT01-FTJ028,13.85,0.000,0.666012,16605,0.435592,0.055345,0,0,1,1.0200,坪山区,23,23,0,0,0,0,1
2023-09-26,589179428,20190000000000000003,900200000000000048,1,62.523,351.000,21990.000,2023-09-26 11:30:00.000,L2FT01-FTJ028,13.85,0.000,0.666012,16605,0.435592,0.055345,0,0,1,1.0200,坪山区,23,23,0,0,0,0,1
2023-09-26,589179428,20190000000000000003,900200000000000047,1,98.665,372.467,36763.333,2023-09-26 11:45:00.000,L2FT01-FTJ028,13.85,0.000,0.666012,16605,0.435592,0.055345,0,0,1,1.0200,坪山区,23,23,0,0,0,0,1
2023-09-26,589179428,20190000000000000003,900200000000000048,1,67.204,353.993,23792.000,2023-09-26 11:45:00.000,L2FT01-FTJ028,13.85,0.000,0.666012,16605,0.435592,0.055345,0,0,1,1.0200,坪山区,23,23,0,0,0,0,1
2023-09-26,589179428,20190000000000000003,900200000000000048,1,40.051,355.010,14238.000,2023-09-26 12:00:00.000,L2FT01-FTJ028,13.07,0.000,0.666012,16605,0.435592,0.055345,0,0,1,1.0200,坪山区,23,23,0,0,0,0,1
2023-09-26,589179428,20190000000000000003,900200000000000047,1,27.090,371.100,10055.000,2023-09-26 12:00:00.000,L2FT01-FTJ028,13.07,0.000,0.666012,16605,0.435592,0.055345,0,0,1,1.0200,坪山区,23,23,0,0,0,0,1
2023-09-26,589179428,20190000000000000003,900200000000000043,1,116.569,417.714,48697.143,2023-09-26 12:00:00.000,L2FT01-FTJ028,13.07,0.000,0.666012,16605,0.435592,0.055345,0,0,1,1.0200,坪山区,23,23,0,0,0,0,1
2023-09-26,589179428,20190000000000000003,900200000000000043,1,114.909,434.253,49871.333,2023-09-26 12:15:00.000,L2FT01-FTJ028,13.07,0.000,0.666012,16605,0.435592,0.055345,0,0,1,1.0200,坪山区,23,23,0,0,0,0,1
2023-09-26,589179428,20190000000000000003,900200000000000031,1,83.156,448.060,39396.000,2023-09-26 12:30:00.000,L2FT01-FTJ028,13.07,0.000,0.666012,16605,0.435592,0.055345,0,0,1,1.0200,坪山区,23,23,0,0,0,0,1
2023-09-26,589179428,20190000000000000003,900200000000000043,1,46.917,445.847,20902.000,2023-09-26 12:30:00.000,L2FT01-FTJ028,13.07,0.000,0.666012,16605,0.435592,0.055345,0,0,1,1.0200,坪山区,23,23,0,0,0,0,1
2023-09-26,589179428,20190000000000000003,900200000000000031,1,129.848,476.380,61854.667,2023-09-26 12:45:00.000,L2FT01-FTJ028,13.07,0.000,0.666012,16605,0.435592,0.055345,0,0,1,1.0200,坪山区,23,23,0,0,0,0,1
2023-09-26,589179428,20190000000000000003,900200000000000043,1,20.090,447.480,8988.000,2023-09-26 12:45:00.000,L2FT01-FTJ028,13.07,0.000,0.666012,16605,0.435592,0.055345,0,0,1,1.0200,坪山区,23,23,0,0,0,0,1
2023-09-26,589179428,20190000000000000003,900200000000000031,1,55.218,474.980,26228.000,2023-09-26 13:00:00.000,L2FT01-FTJ028,12.30,0.000,0.666012,16605,0.435592,0.055345,0,0,1,1.0200,坪山区,23,23,0,0,0,0,1
2023-09-26,589179428,20190000000000000003,900200000000000031,1,41.092,474.480,19500.000,2023-09-26 13:15:00.000,L2FT01-FTJ028,12.30,0.000,0.666012,16605,0.435592,0.055345,0,0,1,1.0200,坪山区,23,23,0,0,0,0,1
2023-09-26,589179428,20190000000000000003,900200000000000031,1,103.563,475.720,49272.000,2023-09-26 13:30:00.000,L2FT01-FTJ028,12.30,0.000,0.666012,16605,0.435592,0.055345,0,0,1,1.0200,坪山区,23,23,0,0,0,0,1
2023-09-26,589179428,20190000000000000003,900200000000000031,1,124.160,476.133,59113.333,2023-09-26 13:45:00.000,L2FT01-FTJ028,12.30,0.000,0.666012,16605,0.435592,0.055345,0,0,1,1.0200,坪山区,23,23,0,0,0,0,1
2023-09-26,589179428,20190000000000000003,900200000000000037,1,49.970,320.058,16052.500,2023-09-26 13:45:00.000,L2FT01-FTJ028,12.30,0.000,0.666012,16605,0.435592,0.055345,0,0,1,1.0200,坪山区,23,23,0,0,0,0,1
2023-09-26,589179428,20190000000000000003,900200000000000039,1,69.429,346.479,24440.000,2023-09-26 13:45:00.000,L2FT01-FTJ028,12.30,0.000,0.666012,16605,0.435592,0.055345,0,0,1,1.0200,坪山区,23,23,0,0,0,0,1
2023-09-26,589179428,20190000000000000003,900200000000000057,1,44.872,407.420,18280.000,2023-09-26 13:45:00.000,L2FT01-FTJ028,12.30,0.000,0.666012,16605,0.435592,0.055345,0,0,1,1.0200,坪山区,23,23,0,0,0,0,1
2023-09-26,589179428,20190000000000000003,900200000000000057,1,44.790,409.067,18321.333,2023-09-26 14:00:00.000,L2FT01-FTJ028,11.57,0.000,0.666012,16605,0.435592,0.055345,0,0,1,1.0200,坪山区,23,23,0,0,0,0,1
2023-09-26,589179428,20190000000000000003,900200000000000037,1,97.500,326.000,31780.000,2023-09-26 14:00:00.000,L2FT01-FTJ028,11.57,0.000,0.666012,16605,0.435592,0.055345,0,0,1,1.0200,坪山区,23,23,0,0,0,0,1
2023-09-26,589179428,20190000000000000003,900200000000000039,1,107.941,361.040,39042.000,2023-09-26 14:00:00.000,L2FT01-FTJ028,11.57,0.000,0.666012,16605,0.435592,0.055345,0,0,1,1.0200,坪山区,23,23,0,0,0,0,1
2023-09-26,589179428,20190000000000000003,900200000000000039,1,53.947,362.813,19614.000,2023-09-26 14:15:00.000,L2FT01-FTJ028,11.57,0.000,0.666012,16605,0.435592,0.055345,0,0,1,1.0200,坪山区,23,23,0,0,0,0,1
2023-09-26,589179428,20190000000000000003,900200000000000057,1,44.790,413.147,18504.667,2023-09-26 14:15:00.000,L2FT01-FTJ028,11.57,0.000,0.666012,16605,0.435592,0.055345,0,0,1,1.0200,坪山区,23,23,0,0,0,0,1
2023-09-26,589179428,20190000000000000003,900200000000000039,1,24.892,364.447,9073.333,2023-09-26 14:30:00.000,L2FT01-FTJ028,11.57,0.000,0.666012,16605,0.435592,0.055345,0,0,1,1.0200,坪山区,23,23,0,0,0,0,1
2023-09-26,589179428,20190000000000000003,900200000000000057,1,24.033,413.360,9936.000,2023-09-26 14:30:00.000,L2FT01-FTJ028,11.57,0.000,0.666012,16605,0.435592,0.055345,0,0,1,1.0200,坪山区,23,23,0,0,0,0,1
2023-09-26,589179428,20190000000000000003,900200000000000039,1,16.890,365.250,6170.000,2023-09-26 14:45:00.000,L2FT01-FTJ028,11.57,0.000,0.666012,16605,0.435592,0.055345,0,0,1,1.0200,坪山区,23,23,0,0,0,0,1
2023-09-26,589179428,20190000000000000003,900200000000000057,1,15.000,421.950,6325.000,2023-09-26 14:45:00.000,L2FT01-FTJ028,11.57,0.000,0.666012,16605,0.435592,0.055345,0,0,1,1.0200,坪山区,23,23,0,0,0,0,1
2023-09-26,589179428,20190000000000000003,900200000000000042,1,65.868,359.475,23675.000,2023-09-26 17:00:00.000,L2FT01-FTJ028,10.17,0.000,0.666012,16605,0.435592,0.055345,0,0,1,1.0200,坪山区,23,23,0,0,0,0,1
2023-09-26,589179428,20190000000000000003,900200000000000049,1,93.890,326.414,30642.857,2023-09-26 17:00:00.000,L2FT01-FTJ028,10.17,0.000,0.666012,16605,0.435592,0.055345,0,0,1,1.0200,坪山区,23,23,0,0,0,0,1
2023-09-26,589179428,20190000000000000003,900200000000000056,1,55.230,409.020,22586.000,2023-09-26 17:15:00.000,L2FT01-FTJ028,10.17,0.000,0.666012,16605,0.435592,0.055345,0,0,1,1.0200,坪山区,23,23,0,0,0,0,1
2023-09-26,589179428,20190000000000000003,900200000000000042,1,60.183,366.467,22040.000,2023-09-26 17:15:00.000,L2FT01-FTJ028,10.17,0.000,0.666012,16605,0.435592,0.055345,0,0,1,1.0200,坪山区,23,23,0,0,0,0,1
2023-09-26,589179428,20190000000000000003,900200000000000049,1,93.818,328.007,30769.333,2023-09-26 17:15:00.000,L2FT01-FTJ028,10.17,0.000,0.666012,16605,0.435592,0.055345,0,0,1,1.0200,坪山区,23,23,0,0,0,0,1
2023-09-26,589179428,20190000000000000003,900200000000000056,1,40.126,409.560,16448.667,2023-09-26 17:30:00.000,L2FT01-FTJ028,10.17,0.000,0.666012,16605,0.435592,0.055345,0,0,1,1.0200,坪山区,23,23,0,0,0,0,1
2023-09-26,589179428,20190000000000000003,900200000000000042,1,51.890,376.320,19526.000,2023-09-26 17:30:00.000,L2FT01-FTJ028,10.17,0.000,0.666012,16605,0.435592,0.055345,0,0,1,1.0200,坪山区,23,23,0,0,0,0,1
2023-09-26,589179428,20190000000000000003,900200000000000049,1,76.805,328.880,25261.333,2023-09-26 17:30:00.000,L2FT01-FTJ028,10.17,0.000,0.666012,16605,0.435592,0.055345,0,0,1,1.0200,坪山区,23,23,0,0,0,0,1
2023-09-26,589179428,20190000000000000003,900200000000000042,1,51.890,383.620,19906.000,2023-09-26 17:45:00.000,L2FT01-FTJ028,10.17,0.000,0.666012,16605,0.435592,0.055345,0,0,1,1.0200,坪山区,23,23,0,0,0,0,1
2023-09-26,589179428,20190000000000000003,900200000000000049,1,37.592,328.418,12339.091,2023-09-26 17:45:00.000,L2FT01-FTJ028,10.17,0.000,0.666012,16605,0.435592,0.055345,0,0,1,1.0200,坪山区,23,23,0,0,0,0,1
2023-09-26,589179428,20190000000000000003,900200000000000056,1,21.690,407.100,8830.000,2023-09-26 17:45:00.000,L2FT01-FTJ028,10.17,0.000,0.666012,16605,0.435592,0.055345,0,0,1,1.0200,坪山区,23,23,0,0,0,0,1
2023-09-26,589179428,20190000000000000003,900200000000000039,1,65.476,318.058,20973.333,2023-09-26 18:30:00.000,L2FT01-FTJ028,10.07,0.000,0.666012,16605,0.435592,0.055345,0,0,1,1.0200,坪山区,23,23,0,0,0,0,1
2023-09-26,589179428,20190000000000000003,900200000000000044,1,65.190,364.400,23797.500,2023-09-26 18:30:00.000,L2FT01-FTJ028,10.07,0.000,0.666012,16605,0.435592,0.055345,0,0,1,1.0200,坪山区,23,23,0,0,0,0,1
2023-09-26,589179428,20190000000000000003,900200000000000044,1,71.590,366.153,26210.667,2023-09-26 18:45:00.000,L2FT01-FTJ028,10.07,0.000,0.666012,16605,0.435592,0.055345,0,0,1,1.0200,坪山区,23,23,0,0,0,0,1
2023-09-26,589179428,20190000000000000003,900200000000000044,1,71.590,366.560,26240.667,2023-09-26 19:00:00.000,L2FT01-FTJ028,10.17,0.000,0.666012,16605,0.435592,0.055345,0,0,1,1.0200,坪山区,23,23,0,0,0,0,1
2023-09-26,589179428,20190000000000000003,900200000000000044,1,71.590,368.053,26348.667,2023-09-26 19:15:00.000,L2FT01-FTJ028,10.17,0.000,0.666012,16605,0.435592,0.055345,0,0,1,1.0200,坪山区,23,23,0,0,0,0,1
2023-09-26,589179428,20190000000000000003,900200000000000044,1,48.900,370.790,18121.000,2023-09-26 19:30:00.000,L2FT01-FTJ028,10.17,0.000,0.666012,16605,0.435592,0.055345,0,0,1,1.0200,坪山区,23,23,0,0,0,0,1
2023-09-26,589179428,20190000000000000003,900200000000000030,1,112.745,405.833,45816.667,2023-09-26 19:45:00.000,L2FT01-FTJ028,10.17,0.000,0.666012,16605,0.435592,0.055345,0,0,1,1.0200,坪山区,23,23,0,0,0,0,1
2023-09-26,589179428,20190000000000000003,900200000000000057,1,128.679,365.756,47111.111,2023-09-26 19:45:00.000,L2FT01-FTJ028,10.17,0.000,0.666012,16605,0.435592,0.055345,0,0,1,1.0200,坪山区,23,23,0,0,0,0,1
2023-09-26,589179428,20190000000000000003,900200000000000057,1,62.521,362.907,22692.000,2023-09-26 20:00:00.000,L2FT01-FTJ028,10.47,0.000,0.666012,16605,0.435592,0.055345,0,0,1,1.0200,坪山区,23,23,0,0,0,0,1
2023-09-26,589179428,20190000000000000003,900200000000000030,1,124.848,424.140,52950.000,2023-09-26 20:00:00.000,L2FT01-FTJ028,10.47,0.000,0.666012,16605,0.435592,0.055345,0,0,1,1.0200,坪山区,23,23,0,0,0,0,1
2023-09-26,589179428,20190000000000000003,900200000000000030,1,58.027,439.307,25468.000,2023-09-26 20:15:00.000,L2FT01-FTJ028,10.47,0.000,0.666012,16605,0.435592,0.055345,0,0,1,1.0200,坪山区,23,23,0,0,0,0,1
2023-09-26,589179428,20190000000000000003,900200000000000057,1,47.643,363.653,17324.667,2023-09-26 20:15:00.000,L2FT01-FTJ028,10.47,0.000,0.666012,16605,0.435592,0.055345,0,0,1,1.0200,坪山区,23,23,0,0,0,0,1
2023-09-26,589179428,20190000000000000003,900200000000000030,1,34.790,444.220,15454.000,2023-09-26 20:30:00.000,L2FT01-FTJ028,10.47,0.000,0.666012,16605,0.435592,0.055345,0,0,1,1.0200,坪山区,23,23,0,0,0,0,1
2023-09-26,589179428,20190000000000000003,900200000000000057,1,25.318,363.164,9238.182,2023-09-26 20:30:00.000,L2FT01-FTJ028,10.47,0.000,0.666012,16605,0.435592,0.055345,0,0,1,1.0200,坪山区,23,23,0,0,0,0,1
2023-09-26,589179428,20190000000000000003,900200000000000057,1,188.269,364.145,68863.636,2023-09-26 21:00:00.000,L2FT01-FTJ028,10.95,0.000,0.666012,16605,0.435592,0.055345,0,0,1,1.0200,坪山区,23,23,0,0,0,0,1
2023-09-26,589179428,20190000000000000003,900200000000000057,1,194.317,366.900,71304.667,2023-09-26 21:15:00.000,L2FT01-FTJ028,10.95,0.000,0.666012,16605,0.435592,0.055345,0,0,1,1.0200,坪山区,23,23,0,0,0,0,1
2023-09-26,589179428,20190000000000000003,900200000000000057,1,79.046,364.280,28840.000,2023-09-26 21:30:00.000,L2FT01-FTJ028,10.95,0.000,0.666012,16605,0.435592,0.055345,0,0,1,1.0200,坪山区,23,23,0,0,0,0,1
2023-09-26,589179428,20190000000000000003,900200000000000057,1,25.643,365.050,9358.333,2023-09-26 21:45:00.000,L2FT01-FTJ028,10.95,0.000,0.666012,16605,0.435592,0.055345,0,0,1,1.0200,坪山区,23,23,0,0,0,0,1
2023-09-26,589179428,20190000000000000003,900200000000000057,1,112.765,380.520,43111.000,2023-09-26 23:00:00.000,L2FT01-FTJ028,12.30,0.000,0.666012,16605,0.435592,0.055345,0,0,1,1.0200,坪山区,23,23,0,0,0,0,1
2023-09-26,589179428,20190000000000000003,900200000000000057,1,71.458,390.418,27882.727,2023-09-26 23:15:00.000,L2FT01-FTJ028,12.30,0.000,0.666012,16605,0.435592,0.055345,0,0,1,1.0200,坪山区,23,23,0,0,0,0,1
2023-09-27,589179428,20190000000000000003,900200000000000044,1,59.425,312.283,17935.000,2023-09-27 00:00:00.000,L2FT01-FTJ028,13.07,0.000,0.666012,16605,0.435592,0.055345,0,0,1,1.0200,坪山区,23,23,0,0,0,0,1
2023-09-27,589179428,20190000000000000003,900200000000000056,1,107.688,305.483,32895.833,2023-09-27 00:00:00.000,L2FT01-FTJ028,13.07,0.000,0.666012,16605,0.435592,0.055345,0,0,1,1.0200,坪山区,23,23,0,0,0,0,1
2023-09-27,589179428,20190000000000000003,900200000000000056,1,107.202,309.140,33138.667,2023-09-27 00:15:00.000,L2FT01-FTJ028,13.07,0.000,0.666012,16605,0.435592,0.055345,0,0,1,1.0200,坪山区,23,23,0,0,0,0,1
2023-09-27,589179428,20190000000000000003,900200000000000044,1,71.471,304.693,21774.000,2023-09-27 00:15:00.000,L2FT01-FTJ028,13.07,0.000,0.666012,16605,0.435592,0.055345,0,0,1,1.0200,坪山区,23,23,0,0,0,0,1
2023-09-27,589179428,20190000000000000003,900200000000000044,1,71.657,307.167,22008.667,2023-09-27 00:30:00.000,L2FT01-FTJ028,13.07,0.000,0.666012,16605,0.435592,0.055345,0,0,1,1.0200,坪山区,23,23,0,0,0,0,1
2023-09-27,589179428,20190000000000000003,900200000000000056,1,107.586,310.213,33373.333,2023-09-27 00:30:00.000,L2FT01-FTJ028,13.07,0.000,0.666012,16605,0.435592,0.055345,0,0,1,1.0200,坪山区,23,23,0,0,0,0,1
2023-09-27,589179428,20190000000000000003,900200000000000044,1,71.690,308.227,22096.000,2023-09-27 00:45:00.000,L2FT01-FTJ028,13.07,0.000,0.666012,16605,0.435592,0.055345,0,0,1,1.0200,坪山区,23,23,0,0,0,0,1
2023-09-27,589179428,20190000000000000003,900200000000000056,1,112.404,311.247,34983.333,2023-09-27 00:45:00.000,L2FT01-FTJ028,13.07,0.000,0.666012,16605,0.435592,0.055345,0,0,1,1.0200,坪山区,23,23,0,0,0,0,1
2023-09-27,589179428,20190000000000000003,900200000000000044,1,71.690,308.560,22117.333,2023-09-27 01:00:00.000,L2FT01-FTJ028,13.85,0.000,0.666012,16605,0.435592,0.055345,0,0,1,1.0200,坪山区,23,23,0,0,0,0,1
2023-09-27,589179428,20190000000000000003,900200000000000056,1,110.212,312.753,34466.000,2023-09-27 01:00:00.000,L2FT01-FTJ028,13.85,0.000,0.666012,16605,0.435592,0.055345,0,0,1,1.0200,坪山区,23,23,0,0,0,0,1
2023-09-27,589179428,20190000000000000003,900200000000000044,1,71.617,308.933,22124.667,2023-09-27 01:15:00.000,L2FT01-FTJ028,13.85,0.000,0.666012,16605,0.435592,0.055345,0,0,1,1.0200,坪山区,23,23,0,0,0,0,1
2023-09-27,589179428,20190000000000000003,900200000000000056,1,109.568,314.193,34422.667,2023-09-27 01:15:00.000,L2FT01-FTJ028,13.85,0.000,0.666012,16605,0.435592,0.055345,0,0,1,1.0200,坪山区,23,23,0,0,0,0,1
2023-09-27,589179428,20190000000000000003,900200000000000044,1,71.690,309.480,22184.667,2023-09-27 01:30:00.000,L2FT01-FTJ028,13.85,0.000,0.666012,16605,0.435592,0.055345,0,0,1,1.0200,坪山区,23,23,0,0,0,0,1
2023-09-27,589179428,20190000000000000003,900200000000000056,1,109.379,315.973,34560.000,2023-09-27 01:30:00.000,L2FT01-FTJ028,13.85,0.000,0.666012,16605,0.435592,0.055345,0,0,1,1.0200,坪山区,23,23,0,0,0,0,1
2023-09-27,589179428,20190000000000000003,900200000000000056,1,53.580,327.129,17452.857,2023-09-27 01:45:00.000,L2FT01-FTJ028,13.85,0.000,0.666012,16605,0.435592,0.055345,0,0,1,1.0200,坪山区,23,23,0,0,0,0,1
2023-09-27,589179428,20190000000000000003,900200000000000044,1,71.690,310.253,22240.000,2023-09-27 01:45:00.000,L2FT01-FTJ028,13.85,0.000,0.666012,16605,0.435592,0.055345,0,0,1,1.0200,坪山区,23,23,0,0,0,0,1
2023-09-27,589179428,20190000000000000003,900200000000000044,1,71.690,311.540,22332.667,2023-09-27 02:00:00.000,L2FT01-FTJ028,14.57,0.000,0.666012,16605,0.435592,0.055345,0,0,1,1.0200,坪山区,23,23,0,0,0,0,1
2023-09-27,589179428,20190000000000000003,900200000000000044,1,71.677,312.340,22384.667,2023-09-27 02:15:00.000,L2FT01-FTJ028,14.57,0.000,0.666012,16605,0.435592,0.055345,0,0,1,1.0200,坪山区,23,23,0,0,0,0,1
2023-09-27,589179428,20190000000000000003,900200000000000044,1,71.643,312.720,22403.333,2023-09-27 02:30:00.000,L2FT01-FTJ028,14.57,0.000,0.666012,16605,0.435592,0.055345,0,0,1,1.0200,坪山区,23,23,0,0,0,0,1
2023-09-27,589179428,20190000000000000003,900200000000000044,1,71.610,313.367,22438.000,2023-09-27 02:45:00.000,L2FT01-FTJ028,14.57,0.000,0.666012,16605,0.435592,0.055345,0,0,1,1.0200,坪山区,23,23,0,0,0,0,1
2023-09-27,589179428,20190000000000000003,900200000000000044,1,71.590,315.258,22567.500,2023-09-27 03:00:00.000,L2FT01-FTJ028,15.19,0.000,0.666012,16605,0.435592,0.055345,0,0,1,1.0200,坪山区,23,23,0,0,0,0,1
2023-09-27,589179428,20190000000000000003,900200000000000039,1,161.525,290.350,49748.000,2023-09-27 03:15:00.000,L2FT01-FTJ028,15.19,0.000,0.666012,16605,0.435592,0.055345,0,0,1,1.0200,坪山区,23,23,0,0,0,0,1
2023-09-27,589179428,20190000000000000003,900200000000000039,1,179.390,311.327,55847.333,2023-09-27 03:30:00.000,L2FT01-FTJ028,15.19,0.000,0.666012,16605,0.435592,0.055345,0,0,1,1.0200,坪山区,23,23,0,0,0,0,1
2023-09-27,589179428,20190000000000000003,900200000000000043,1,79.368,299.525,23770.000,2023-09-27 03:45:00.000,L2FT01-FTJ028,15.19,0.000,0.666012,16605,0.435592,0.055345,0,0,1,1.0200,坪山区,23,23,0,0,0,0,1
2023-09-27,589179428,20190000000000000003,900200000000000031,1,197.777,312.291,61798.182,2023-09-27 03:45:00.000,L2FT01-FTJ028,15.19,0.000,0.666012,16605,0.435592,0.055345,0,0,1,1.0200,坪山区,23,23,0,0,0,0,1
2023-09-27,589179428,20190000000000000003,900200000000000039,1,179.397,312.867,56125.333,2023-09-27 03:45:00.000,L2FT01-FTJ028,15.19,0.000,0.666012,16605,0.435592,0.055345,0,0,1,1.0200,坪山区,23,23,0,0,0,0,1
2023-09-27,589179428,20190000000000000003,900200000000000039,1,179.427,314.993,56516.667,2023-09-27 04:00:00.000,L2FT01-FTJ028,15.67,0.000,0.666012,16605,0.435592,0.055345,0,0,1,1.0200,坪山区,23,23,0,0,0,0,1
2023-09-27,589179428,20190000000000000003,900200000000000043,1,79.290,302.187,23958.000,2023-09-27 04:00:00.000,L2FT01-FTJ028,15.67,0.000,0.666012,16605,0.435592,0.055345,0,0,1,1.0200,坪山区,23,23,0,0,0,0,1
2023-09-27,589179428,20190000000000000003,900200000000000031,1,199.989,314.860,62965.333,2023-09-27 04:00:00.000,L2FT01-FTJ028,15.67,0.000,0.666012,16605,0.435592,0.055345,0,0,1,1.0200,坪山区,23,23,0,0,0,0,1
2023-09-27,589179428,20190000000000000003,900200000000000052,1,87.711,296.600,26532.857,2023-09-27 04:15:00.000,L2FT01-FTJ028,15.67,0.000,0.666012,16605,0.435592,0.055345,0,0,1,1.0200,坪山区,23,23,0,0,0,0,1
2023-09-27,589179428,20190000000000000003,900200000000000043,1,79.290,306.173,24275.333,2023-09-27 04:15:00.000,L2FT01-FTJ028,15.67,0.000,0.666012,16605,0.435592,0.055345,0,0,1,1.0200,坪山区,23,23,0,0,0,0,1
2023-09-27,589179428,20190000000000000003,900200000000000039,1,179.456,316.573,56806.667,2023-09-27 04:15:00.000,L2FT01-FTJ028,15.67,0.000,0.666012,16605,0.435592,0.055345,0,0,1,1.0200,坪山区,23,23,0,0,0,0,1
2023-09-27,589179428,20190000000000000003,900200000000000031,1,194.505,317.738,61787.692,2023-09-27 04:15:00.000,L2FT01-FTJ028,15.67,0.000,0.666012,16605,0.435592,0.055345,0,0,1,1.0200,坪山区,23,23,0,0,0,0,1
2023-09-27,589179428,20190000000000000003,900200000000000039,1,97.694,324.010,31435.000,2023-09-27 04:30:00.000,L2FT01-FTJ028,15.67,0.000,0.666012,16605,0.435592,0.055345,0,0,1,1.0200,坪山区,23,23,0,0,0,0,1
2023-09-27,589179428,20190000000000000003,900200000000000043,1,79.290,308.440,24453.333,2023-09-27 04:30:00.000,L2FT01-FTJ028,15.67,0.000,0.666012,16605,0.435592,0.055345,0,0,1,1.0200,坪山区,23,23,0,0,0,0,1
2023-09-27,589179428,20190000000000000003,900200000000000052,1,102.197,306.540,31325.333,2023-09-27 04:30:00.000,L2FT01-FTJ028,15.67,0.000,0.666012,16605,0.435592,0.055345,0,0,1,1.0200,坪山区,23,23,0,0,0,0,1
2023-09-27,589179428,20190000000000000003,900200000000000043,1,79.290,308.900,24490.000,2023-09-27 04:45:00.000,L2FT01-FTJ028,15.67,0.000,0.666012,16605,0.435592,0.055345,0,0,1,1.0200,坪山区,23,23,0,0,0,0,1
2023-09-27,589179428,20190000000000000003,900200000000000052,1,102.190,309.433,31622.000,2023-09-27 04:45:00.000,L2FT01-FTJ028,15.67,0.000,0.666012,16605,0.435592,0.055345,0,0,1,1.0200,坪山区,23,23,0,0,0,0,1
2023-09-27,589179428,20190000000000000003,900200000000000043,1,79.290,309.260,24519.333,2023-09-27 05:00:00.000,L2FT01-FTJ028,15.97,0.000,0.666012,16605,0.435592,0.055345,0,0,1,1.0200,坪山区,23,23,0,0,0,0,1
2023-09-27,589179428,20190000000000000003,900200000000000052,1,102.197,310.047,31686.667,2023-09-27 05:00:00.000,L2FT01-FTJ028,15.97,0.000,0.666012,16605,0.435592,0.055345,0,0,1,1.0200,坪山区,23,23,0,0,0,0,1
2023-09-27,589179428,20190000000000000003,900200000000000056,1,69.310,461.583,32625.000,2023-09-27 05:00:00.000,L2FT01-FTJ028,15.97,0.000,0.666012,16605,0.435592,0.055345,0,0,1,1.0200,坪山区,23,23,0,0,0,0,1
2023-09-27,589179428,20190000000000000003,900200000000000052,1,102.227,310.907,31780.667,2023-09-27 05:15:00.000,L2FT01-FTJ028,15.97,0.000,0.666012,16605,0.435592,0.055345,0,0,1,1.0200,坪山区,23,23,0,0,0,0,1
2023-09-27,589179428,20190000000000000003,900200000000000056,1,94.790,474.453,44972.000,2023-09-27 05:15:00.000,L2FT01-FTJ028,15.97,0.000,0.666012,16605,0.435592,0.055345,0,0,1,1.0200,坪山区,23,23,0,0,0,0,1
2023-09-27,589179428,20190000000000000003,900200000000000043,1,79.290,310.040,24582.000,2023-09-27 05:15:00.000,L2FT01-FTJ028,15.97,0.000,0.666012,16605,0.435592,0.055345,0,0,1,1.0200,坪山区,23,23,0,0,0,0,1
2023-09-27,589179428,20190000000000000003,900200000000000043,1,79.290,311.387,24688.000,2023-09-27 05:30:00.000,L2FT01-FTJ028,15.97,0.000,0.666012,16605,0.435592,0.055345,0,0,1,1.0200,坪山区,23,23,0,0,0,0,1
2023-09-27,589179428,20190000000000000003,900200000000000052,1,102.197,312.533,31935.333,2023-09-27 05:30:00.000,L2FT01-FTJ028,15.97,0.000,0.666012,16605,0.435592,0.055345,0,0,1,1.0200,坪山区,23,23,0,0,0,0,1
2023-09-27,589179428,20190000000000000003,900200000000000056,1,92.604,474.687,43959.333,2023-09-27 05:30:00.000,L2FT01-FTJ028,15.97,0.000,0.666012,16605,0.435592,0.055345,0,0,1,1.0200,坪山区,23,23,0,0,0,0,1
2023-09-27,589179428,20190000000000000003,900200000000000043,1,79.290,312.433,24770.667,2023-09-27 05:45:00.000,L2FT01-FTJ028,15.97,0.000,0.666012,16605,0.435592,0.055345,0,0,1,1.0200,坪山区,23,23,0,0,0,0,1
2023-09-27,589179428,20190000000000000003,900200000000000052,1,102.197,313.487,32034.000,2023-09-27 05:45:00.000,L2FT01-FTJ028,15.97,0.000,0.666012,16605,0.435592,0.055345,0,0,1,1.0200,坪山区,23,23,0,0,0,0,1
2023-09-27,589179428,20190000000000000003,900200000000000056,1,78.531,474.587,37269.333,2023-09-27 05:45:00.000,L2FT01-FTJ028,15.97,0.000,0.666012,16605,0.435592,0.055345,0,0,1,1.0200,坪山区,23,23,0,0,0,0,1
2023-09-27,589179428,20190000000000000003,900200000000000043,1,79.290,312.967,24813.333,2023-09-27 06:00:00.000,L2FT01-FTJ028,16.07,0.000,0.666012,16605,0.435592,0.055345,0,0,1,1.0200,坪山区,23,23,0,0,0,0,1
2023-09-27,589179428,20190000000000000003,900200000000000052,1,102.190,314.233,32113.333,2023-09-27 06:00:00.000,L2FT01-FTJ028,16.07,0.000,0.666012,16605,0.435592,0.055345,0,0,1,1.0200,坪山区,23,23,0,0,0,0,1
2023-09-27,589179428,20190000000000000003,900200000000000056,1,53.079,474.544,25203.333,2023-09-27 06:00:00.000,L2FT01-FTJ028,16.07,0.000,0.666012,16605,0.435592,0.055345,0,0,1,1.0200,坪山区,23,23,0,0,0,0,1
2023-09-27,589179428,20190000000000000003,900200000000000052,1,83.177,318.680,26404.000,2023-09-27 06:15:00.000,L2FT01-FTJ028,16.07,0.000,0.666012,16605,0.435592,0.055345,0,0,1,1.0200,坪山区,23,23,0,0,0,0,1
2023-09-27,589179428,20190000000000000003,900200000000000043,1,79.290,313.947,24891.333,2023-09-27 06:15:00.000,L2FT01-FTJ028,16.07,0.000,0.666012,16605,0.435592,0.055345,0,0,1,1.0200,坪山区,23,23,0,0,0,0,1
2023-09-27,589179428,20190000000000000003,900200000000000048,1,19.630,376.910,7426.000,2023-09-27 06:15:00.000,L2FT01-FTJ028,16.07,0.000,0.666012,16605,0.435592,0.055345,0,0,1,1.0200,坪山区,23,23,0,0,0,0,1
2023-09-27,589179428,20190000000000000003,900200000000000048,1,35.500,382.767,13584.000,2023-09-27 06:30:00.000,L2FT01-FTJ028,16.07,0.000,0.666012,16605,0.435592,0.055345,0,0,1,1.0200,坪山区,23,23,0,0,0,0,1
2023-09-27,589179428,20190000000000000003,900200000000000052,1,16.290,331.160,5394.000,2023-09-27 06:30:00.000,L2FT01-FTJ028,16.07,0.000,0.666012,16605,0.435592,0.055345,0,0,1,1.0200,坪山区,23,23,0,0,0,0,1
2023-09-27,589179428,20190000000000000003,900200000000000043,1,49.931,322.393,15985.333,2023-09-27 06:30:00.000,L2FT01-FTJ028,16.07,0.000,0.666012,16605,0.435592,0.055345,0,0,1,1.0200,坪山区,23,23,0,0,0,0,1
2023-09-27,589179428,20190000000000000003,900200000000000048,1,35.500,385.253,13670.667,2023-09-27 06:45:00.000,L2FT01-FTJ028,16.07,0.000,0.666012,16605,0.435592,0.055345,0,0,1,1.0200,坪山区,23,23,0,0,0,0,1
2023-09-27,589179428,20190000000000000003,900200000000000048,1,35.500,386.540,13718.000,2023-09-27 07:00:00.000,L2FT01-FTJ028,15.97,0.000,0.666012,16605,0.435592,0.055345,0,0,1,1.0200,坪山区,23,23,0,0,0,0,1
2023-09-27,589179428,20190000000000000003,900200000000000048,1,35.500,386.800,13727.333,2023-09-27 07:15:00.000,L2FT01-FTJ028,15.97,0.000,0.666012,16605,0.435592,0.055345,0,0,1,1.0200,坪山区,23,23,0,0,0,0,1
2023-09-27,589179428,20190000000000000003,900200000000000048,1,35.500,387.047,13734.667,2023-09-27 07:30:00.000,L2FT01-FTJ028,15.97,0.000,0.666012,16605,0.435592,0.055345,0,0,1,1.0200,坪山区,23,23,0,0,0,0,1
2023-09-27,589179428,20190000000000000003,900200000000000048,1,35.500,387.607,13754.667,2023-09-27 07:45:00.000,L2FT01-FTJ028,15.97,0.000,0.666012,16605,0.435592,0.055345,0,0,1,1.0200,坪山区,23,23,0,0,0,0,1
2023-09-27,589179428,20190000000000000003,900200000000000048,1,35.500,388.220,13777.333,2023-09-27 08:00:00.000,L2FT01-FTJ028,15.67,0.000,0.666012,16605,0.435592,0.055345,0,0,1,1.0200,坪山区,23,23,0,0,0,0,1
2023-09-27,589179428,20190000000000000003,900200000000000048,1,35.500,388.913,13801.333,2023-09-27 08:15:00.000,L2FT01-FTJ028,15.67,0.000,0.666012,16605,0.435592,0.055345,0,0,1,1.0200,坪山区,23,23,0,0,0,0,1
2023-09-27,589179428,20190000000000000003,900200000000000048,1,35.500,389.814,13834.286,2023-09-27 08:30:00.000,L2FT01-FTJ028,15.67,0.000,0.666012,16605,0.435592,0.055345,0,0,1,1.0200,坪山区,23,23,0,0,0,0,1
2023-09-27,589179428,20190000000000000003,900200000000000038,1,52.530,309.400,16246.667,2023-09-27 08:45:00.000,L2FT01-FTJ028,15.67,0.000,0.666012,16605,0.435592,0.055345,0,0,1,1.0200,坪山区,23,23,0,0,0,0,1
2023-09-27,589179428,20190000000000000003,900200000000000038,1,52.434,315.833,16557.333,2023-09-27 09:00:00.000,L2FT01-FTJ028,15.19,0.000,0.666012,16605,0.435592,0.055345,0,0,1,1.0200,坪山区,23,23,0,0,0,0,1
2023-09-27,589179428,20190000000000000003,900200000000000038,1,181.356,352.486,66764.286,2023-09-27 11:00:00.000,L2FT01-FTJ028,13.85,0.000,0.666012,16605,0.435592,0.055345,0,0,1,1.0200,坪山区,23,23,0,0,0,0,1
2023-09-27,589179428,20190000000000000003,900200000000000038,1,211.570,377.514,79864.286,2023-09-27 11:15:00.000,L2FT01-FTJ028,13.85,0.000,0.666012,16605,0.435592,0.055345,0,0,1,1.0200,坪山区,23,23,0,0,0,0,1
2023-09-27,589179428,20190000000000000003,900200000000000035,1,83.867,362.157,30572.857,2023-09-27 12:30:00.000,L2FT01-FTJ028,13.07,0.000,0.666012,16605,0.435592,0.055345,0,0,1,1.0200,坪山区,23,23,0,0,0,0,1
2023-09-27,589179428,20190000000000000003,900200000000000035,1,91.367,376.127,34320.000,2023-09-27 12:45:00.000,L2FT01-FTJ028,13.07,0.000,0.666012,16605,0.435592,0.055345,0,0,1,1.0200,坪山区,23,23,0,0,0,0,1
2023-09-27,589179428,20190000000000000003,900200000000000035,1,51.792,385.364,19944.286,2023-09-27 13:00:00.000,L2FT01-FTJ028,12.30,0.000,0.666012,16605,0.435592,0.055345,0,0,1,1.0200,坪山区,23,23,0,0,0,0,1
2023-09-27,589179428,20190000000000000003,900200000000000049,1,66.745,352.725,23541.250,2023-09-27 13:00:00.000,L2FT01-FTJ028,12.30,0.000,0.666012,16605,0.435592,0.055345,0,0,1,1.0200,坪山区,23,23,0,0,0,0,1
2023-09-27,589179428,20190000000000000003,900200000000000049,1,51.612,354.113,18278.000,2023-09-27 13:15:00.000,L2FT01-FTJ028,12.30,0.000,0.666012,16605,0.435592,0.055345,0,0,1,1.0200,坪山区,23,23,0,0,0,0,1
2023-09-27,589179428,20190000000000000003,900200000000000049,1,36.552,354.433,12954.000,2023-09-27 13:30:00.000,L2FT01-FTJ028,12.30,0.000,0.666012,16605,0.435592,0.055345,0,0,1,1.0200,坪山区,23,23,0,0,0,0,1
2023-09-27,589179428,20190000000000000003,900200000000000049,1,23.640,357.175,8440.000,2023-09-27 13:45:00.000,L2FT01-FTJ028,12.30,0.000,0.666012,16605,0.435592,0.055345,0,0,1,1.0200,坪山区,23,23,0,0,0,0,1
2023-09-27,589179428,20190000000000000003,900200000000000037,1,83.297,354.779,29552.143,2023-09-27 14:15:00.000,L2FT01-FTJ028,11.57,0.000,0.666012,16605,0.435592,0.055345,0,0,1,1.0200,坪山区,23,23,0,0,0,0,1
2023-09-27,589179428,20190000000000000003,900200000000000037,1,66.345,356.573,23663.636,2023-09-27 14:30:00.000,L2FT01-FTJ028,11.57,0.000,0.666012,16605,0.435592,0.055345,0,0,1,1.0200,坪山区,23,23,0,0,0,0,1
2023-09-27,589179428,20190000000000000003,900200000000000030,1,20.090,386.100,7760.000,2023-09-27 15:45:00.000,L2FT01-FTJ028,10.95,0.000,0.666012,16605,0.435592,0.055345,0,0,1,1.0200,坪山区,23,23,0,0,0,0,1
2023-09-27,589179428,20190000000000000003,900200000000000030,1,122.521,478.327,58614.667,2023-09-27 16:00:00.000,L2FT01-FTJ028,10.47,0.000,0.666012,16605,0.435592,0.055345,0,0,1,1.0200,坪山区,23,23,0,0,0,0,1
2023-09-27,589179428,20190000000000000003,900200000000000030,1,112.183,478.333,53662.667,2023-09-27 16:15:00.000,L2FT01-FTJ028,10.47,0.000,0.666012,16605,0.435592,0.055345,0,0,1,1.0200,坪山区,23,23,0,0,0,0,1
2023-09-27,589179428,20190000000000000003,900200000000000030,1,66.917,477.907,31992.000,2023-09-27 16:30:00.000,L2FT01-FTJ028,10.47,0.000,0.666012,16605,0.435592,0.055345,0,0,1,1.0200,坪山区,23,23,0,0,0,0,1
2023-09-27,589179428,20190000000000000003,900200000000000030,1,23.890,477.600,11410.000,2023-09-27 16:45:00.000,L2FT01-FTJ028,10.47,0.000,0.666012,16605,0.435592,0.055345,0,0,1,1.0200,坪山区,23,23,0,0,0,0,1
2023-09-27,589179428,20190000000000000003,900200000000000030,1,97.395,298.425,30595.000,2023-09-27 17:15:00.000,L2FT01-FTJ028,10.17,0.000,0.666012,16605,0.435592,0.055345,0,0,1,1.0200,坪山区,23,23,0,0,0,0,1
2023-09-27,589179428,20190000000000000003,900200000000000030,1,132.091,315.073,41614.667,2023-09-27 17:30:00.000,L2FT01-FTJ028,10.17,0.000,0.666012,16605,0.435592,0.055345,0,0,1,1.0200,坪山区,23,23,0,0,0,0,1
2023-09-27,589179428,20190000000000000003,900200000000000030,1,50.023,324.250,16127.500,2023-09-27 17:45:00.000,L2FT01-FTJ028,10.17,0.000,0.666012,16605,0.435592,0.055345,0,0,1,1.0200,坪山区,23,23,0,0,0,0,1
2023-09-27,589179428,20190000000000000003,900200000000000030,1,123.231,313.893,38680.667,2023-09-27 18:00:00.000,L2FT01-FTJ028,10.07,0.000,0.666012,16605,0.435592,0.055345,0,0,1,1.0200,坪山区,23,23,0,0,0,0,1
2023-09-27,589179428,20190000000000000003,900200000000000038,1,13.692,358.100,4825.000,2023-09-27 18:00:00.000,L2FT01-FTJ028,10.07,0.000,0.666012,16605,0.435592,0.055345,0,0,1,1.0200,坪山区,23,23,0,0,0,0,1
2023-09-27,589179428,20190000000000000003,900200000000000030,1,131.022,314.889,41253.333,2023-09-27 18:15:00.000,L2FT01-FTJ028,10.07,0.000,0.666012,16605,0.435592,0.055345,0,0,1,1.0200,坪山区,23,23,0,0,0,0,1
2023-09-27,589179428,20190000000000000003,900200000000000038,1,22.219,354.893,7884.667,2023-09-27 18:15:00.000,L2FT01-FTJ028,10.07,0.000,0.666012,16605,0.435592,0.055345,0,0,1,1.0200,坪山区,23,23,0,0,0,0,1
2023-09-27,589179428,20190000000000000003,900200000000000038,1,23.117,357.627,8265.333,2023-09-27 18:30:00.000,L2FT01-FTJ028,10.07,0.000,0.666012,16605,0.435592,0.055345,0,0,1,1.0200,坪山区,23,23,0,0,0,0,1
2023-09-27,589179428,20190000000000000003,900200000000000037,1,47.992,341.592,16385.000,2023-09-27 18:45:00.000,L2FT01-FTJ028,10.07,0.000,0.666012,16605,0.435592,0.055345,0,0,1,1.0200,坪山区,23,23,0,0,0,0,1
2023-09-27,589179428,20190000000000000003,900200000000000038,1,19.327,358.360,6921.000,2023-09-27 18:45:00.000,L2FT01-FTJ028,10.07,0.000,0.666012,16605,0.435592,0.055345,0,0,1,1.0200,坪山区,23,23,0,0,0,0,1
2023-09-27,589179428,20190000000000000003,900200000000000032,1,73.518,353.653,25996.000,2023-09-27 19:00:00.000,L2FT01-FTJ028,10.17,0.000,0.666012,16605,0.435592,0.055345,0,0,1,1.0200,坪山区,23,23,0,0,0,0,1
2023-09-27,589179428,20190000000000000003,900200000000000037,1,32.285,342.973,11073.333,2023-09-27 19:00:00.000,L2FT01-FTJ028,10.17,0.000,0.666012,16605,0.435592,0.055345,0,0,1,1.0200,坪山区,23,23,0,0,0,0,1
2023-09-27,589179428,20190000000000000003,900200000000000052,1,111.112,402.808,44938.462,2023-09-27 19:00:00.000,L2FT01-FTJ028,10.17,0.000,0.666012,16605,0.435592,0.055345,0,0,1,1.0200,坪山区,23,23,0,0,0,0,1
2023-09-27,589179428,20190000000000000003,900200000000000056,1,44.984,404.850,18210.000,2023-09-27 19:00:00.000,L2FT01-FTJ028,10.17,0.000,0.666012,16605,0.435592,0.055345,0,0,1,1.0200,坪山区,23,23,0,0,0,0,1
2023-09-27,589179428,20190000000000000003,900200000000000056,1,44.890,407.987,18314.000,2023-09-27 19:15:00.000,L2FT01-FTJ028,10.17,0.000,0.666012,16605,0.435592,0.055345,0,0,1,1.0200,坪山区,23,23,0,0,0,0,1
2023-09-27,589179428,20190000000000000003,900200000000000052,1,120.956,417.107,50448.000,2023-09-27 19:15:00.000,L2FT01-FTJ028,10.17,0.000,0.666012,16605,0.435592,0.055345,0,0,1,1.0200,坪山区,23,23,0,0,0,0,1
2023-09-27,589179428,20190000000000000003,900200000000000037,1,19.735,343.540,6776.000,2023-09-27 19:15:00.000,L2FT01-FTJ028,10.17,0.000,0.666012,16605,0.435592,0.055345,0,0,1,1.0200,坪山区,23,23,0,0,0,0,1
2023-09-27,589179428,20190000000000000003,900200000000000032,1,64.529,354.340,22864.667,2023-09-27 19:15:00.000,L2FT01-FTJ028,10.17,0.000,0.666012,16605,0.435592,0.055345,0,0,1,1.0200,坪山区,23,23,0,0,0,0,1
2023-09-27,589179428,20190000000000000003,900200000000000031,1,12.000,422.800,5070.000,2023-09-27 19:15:00.000,L2FT01-FTJ028,10.17,0.000,0.666012,16605,0.435592,0.055345,0,0,1,1.0200,坪山区,23,23,0,0,0,0,1
2023-09-27,589179428,20190000000000000003,900200000000000031,1,82.770,441.773,36517.333,2023-09-27 19:30:00.000,L2FT01-FTJ028,10.17,0.000,0.666012,16605,0.435592,0.055345,0,0,1,1.0200,坪山区,23,23,0,0,0,0,1
2023-09-27,589179428,20190000000000000003,900200000000000032,1,31.051,352.127,10932.667,2023-09-27 19:30:00.000,L2FT01-FTJ028,10.17,0.000,0.666012,16605,0.435592,0.055345,0,0,1,1.0200,坪山区,23,23,0,0,0,0,1
2023-09-27,589179428,20190000000000000003,900200000000000037,1,6.923,342.467,2370.000,2023-09-27 19:30:00.000,L2FT01-FTJ028,10.17,0.000,0.666012,16605,0.435592,0.055345,0,0,1,1.0200,坪山区,23,23,0,0,0,0,1
2023-09-27,589179428,20190000000000000003,900200000000000052,1,109.596,429.620,47031.333,2023-09-27 19:30:00.000,L2FT01-FTJ028,10.17,0.000,0.666012,16605,0.435592,0.055345,0,0,1,1.0200,坪山区,23,23,0,0,0,0,1
2023-09-27,589179428,20190000000000000003,900200000000000056,1,43.897,411.367,18057.333,2023-09-27 19:30:00.000,L2FT01-FTJ028,10.17,0.000,0.666012,16605,0.435592,0.055345,0,0,1,1.0200,坪山区,23,23,0,0,0,0,1
2023-09-27,589179428,20190000000000000003,900200000000000031,1,55.500,453.940,25189.333,2023-09-27 19:45:00.000,L2FT01-FTJ028,10.17,0.000,0.666012,16605,0.435592,0.055345,0,0,1,1.0200,坪山区,23,23,0,0,0,0,1
2023-09-27,589179428,20190000000000000003,900200000000000032,1,28.392,351.975,9992.500,2023-09-27 19:45:00.000,L2FT01-FTJ028,10.17,0.000,0.666012,16605,0.435592,0.055345,0,0,1,1.0200,坪山区,23,23,0,0,0,0,1
2023-09-27,589179428,20190000000000000003,900200000000000034,1,65.724,353.600,23148.000,2023-09-27 19:45:00.000,L2FT01-FTJ028,10.17,0.000,0.666012,16605,0.435592,0.055345,0,0,1,1.0200,坪山区,23,23,0,0,0,0,1
2023-09-27,589179428,20190000000000000003,900200000000000052,1,84.950,446.360,37885.333,2023-09-27 19:45:00.000,L2FT01-FTJ028,10.17,0.000,0.666012,16605,0.435592,0.055345,0,0,1,1.0200,坪山区,23,23,0,0,0,0,1
2023-09-27,589179428,20190000000000000003,900200000000000056,1,24.110,409.093,9891.333,2023-09-27 19:45:00.000,L2FT01-FTJ028,10.17,0.000,0.666012,16605,0.435592,0.055345,0,0,1,1.0200,坪山区,23,23,0,0,0,0,1
2023-09-27,589179428,20190000000000000003,900200000000000056,1,15.304,412.429,6312.143,2023-09-27 20:00:00.000,L2FT01-FTJ028,10.47,0.000,0.666012,16605,0.435592,0.055345,0,0,1,1.0200,坪山区,23,23,0,0,0,0,1
2023-09-27,589179428,20190000000000000003,900200000000000052,1,53.190,453.167,24103.333,2023-09-27 20:00:00.000,L2FT01-FTJ028,10.47,0.000,0.666012,16605,0.435592,0.055345,0,0,1,1.0200,坪山区,23,23,0,0,0,0,1
2023-09-27,589179428,20190000000000000003,900200000000000034,1,97.530,364.973,35562.667,2023-09-27 20:00:00.000,L2FT01-FTJ028,10.47,0.000,0.666012,16605,0.435592,0.055345,0,0,1,1.0200,坪山区,23,23,0,0,0,0,1
2023-09-27,589179428,20190000000000000003,900200000000000031,1,34.312,462.607,15887.333,2023-09-27 20:00:00.000,L2FT01-FTJ028,10.47,0.000,0.666012,16605,0.435592,0.055345,0,0,1,1.0200,坪山区,23,23,0,0,0,0,1
2023-09-27,589179428,20190000000000000003,900200000000000031,1,12.000,463.400,5556.667,2023-09-27 20:15:00.000,L2FT01-FTJ028,10.47,0.000,0.666012,16605,0.435592,0.055345,0,0,1,1.0200,坪山区,23,23,0,0,0,0,1
2023-09-27,589179428,20190000000000000003,900200000000000032,1,75.728,408.500,30932.500,2023-09-27 20:15:00.000,L2FT01-FTJ028,10.47,0.000,0.666012,16605,0.435592,0.055345,0,0,1,1.0200,坪山区,23,23,0,0,0,0,1
2023-09-27,589179428,20190000000000000003,900200000000000034,1,69.190,377.527,26091.333,2023-09-27 20:15:00.000,L2FT01-FTJ028,10.47,0.000,0.666012,16605,0.435592,0.055345,0,0,1,1.0200,坪山区,23,23,0,0,0,0,1
2023-09-27,589179428,20190000000000000003,900200000000000031,1,12.000,465.355,5580.000,2023-09-27 20:30:00.000,L2FT01-FTJ028,10.47,0.000,0.666012,16605,0.435592,0.055345,0,0,1,1.0200,坪山区,23,23,0,0,0,0,1
2023-09-27,589179428,20190000000000000003,900200000000000032,1,60.752,411.133,24976.667,2023-09-27 20:30:00.000,L2FT01-FTJ028,10.47,0.000,0.666012,16605,0.435592,0.055345,0,0,1,1.0200,坪山区,23,23,0,0,0,0,1
2023-09-27,589179428,20190000000000000003,900200000000000034,1,24.446,381.733,9326.667,2023-09-27 20:30:00.000,L2FT01-FTJ028,10.47,0.000,0.666012,16605,0.435592,0.055345,0,0,1,1.0200,坪山区,23,23,0,0,0,0,1
2023-09-27,589179428,20190000000000000003,900200000000000032,1,36.593,410.693,15048.667,2023-09-27 20:45:00.000,L2FT01-FTJ028,10.47,0.000,0.666012,16605,0.435592,0.055345,0,0,1,1.0200,坪山区,23,23,0,0,0,0,1
2023-09-27,589179428,20190000000000000003,900200000000000034,1,17.090,382.825,6542.500,2023-09-27 20:45:00.000,L2FT01-FTJ028,10.47,0.000,0.666012,16605,0.435592,0.055345,0,0,1,1.0200,坪山区,23,23,0,0,0,0,1
2023-09-27,589179428,20190000000000000003,900200000000000032,1,13.483,408.000,5502.667,2023-09-27 21:00:00.000,L2FT01-FTJ028,10.95,0.000,0.666012,16605,0.435592,0.055345,0,0,1,1.0200,坪山区,23,23,0,0,0,0,1
2023-09-27,589179428,20190000000000000003,900200000000000038,1,34.634,397.043,13989.286,2023-09-27 21:00:00.000,L2FT01-FTJ028,10.95,0.000,0.666012,16605,0.435592,0.055345,0,0,1,1.0200,坪山区,23,23,0,0,0,0,1
2023-09-27,589179428,20190000000000000003,900200000000000039,0,0.000,212.400,0.000,2023-09-27 21:00:00.000,L2FT01-FTJ028,10.95,0.000,0.666012,16605,0.435592,0.055345,0,0,1,1.0200,坪山区,23,23,0,0,0,0,1
2023-09-27,589179428,20190000000000000003,900200000000000044,1,108.800,350.900,38170.000,2023-09-27 21:15:00.000,L2FT01-FTJ028,10.95,0.000,0.666012,16605,0.435592,0.055345,0,0,1,1.0200,坪山区,23,23,0,0,0,0,1
2023-09-27,589179428,20190000000000000003,900200000000000039,1,48.924,381.147,18665.333,2023-09-27 21:15:00.000,L2FT01-FTJ028,10.95,0.000,0.666012,16605,0.435592,0.055345,0,0,1,1.0200,坪山区,23,23,0,0,0,0,1
2023-09-27,589179428,20190000000000000003,900200000000000032,1,10.603,409.547,4340.667,2023-09-27 21:15:00.000,L2FT01-FTJ028,10.95,0.000,0.666012,16605,0.435592,0.055345,0,0,1,1.0200,坪山区,23,23,0,0,0,0,1
2023-09-27,589179428,20190000000000000003,900200000000000038,1,37.290,406.153,15144.000,2023-09-27 21:15:00.000,L2FT01-FTJ028,10.95,0.000,0.666012,16605,0.435592,0.055345,0,0,1,1.0200,坪山区,23,23,0,0,0,0,1
2023-09-27,589179428,20190000000000000003,900200000000000038,1,25.090,406.653,10204.667,2023-09-27 21:30:00.000,L2FT01-FTJ028,10.95,0.000,0.666012,16605,0.435592,0.055345,0,0,1,1.0200,坪山区,23,23,0,0,0,0,1
2023-09-27,589179428,20190000000000000003,900200000000000039,1,53.390,388.273,20728.667,2023-09-27 21:30:00.000,L2FT01-FTJ028,10.95,0.000,0.666012,16605,0.435592,0.055345,0,0,1,1.0200,坪山区,23,23,0,0,0,0,1
2023-09-27,589179428,20190000000000000003,900200000000000044,1,113.475,363.347,41226.667,2023-09-27 21:30:00.000,L2FT01-FTJ028,10.95,0.000,0.666012,16605,0.435592,0.055345,0,0,1,1.0200,坪山区,23,23,0,0,0,0,1
2023-09-27,589179428,20190000000000000003,900200000000000038,1,22.444,407.860,9152.000,2023-09-27 21:45:00.000,L2FT01-FTJ028,10.95,0.000,0.666012,16605,0.435592,0.055345,0,0,1,1.0200,坪山区,23,23,0,0,0,0,1
2023-09-27,589179428,20190000000000000003,900200000000000039,1,53.390,393.725,21018.750,2023-09-27 21:45:00.000,L2FT01-FTJ028,10.95,0.000,0.666012,16605,0.435592,0.055345,0,0,1,1.0200,坪山区,23,23,0,0,0,0,1
2023-09-27,589179428,20190000000000000003,900200000000000038,1,20.157,408.567,8235.556,2023-09-27 22:00:00.000,L2FT01-FTJ028,11.57,0.000,0.666012,16605,0.435592,0.055345,0,0,1,1.0200,坪山区,23,23,0,0,0,0,1
2023-09-27,589179428,20190000000000000003,900200000000000031,1,147.127,456.856,67236.667,2023-09-27 23:00:00.000,L2FT01-FTJ028,12.30,0.000,0.666012,16605,0.435592,0.055345,0,0,1,1.0200,坪山区,23,23,0,0,0,0,1
2023-09-27,589179428,20190000000000000003,900200000000000031,1,109.710,456.240,50100.000,2023-09-27 23:15:00.000,L2FT01-FTJ028,12.30,0.000,0.666012,16605,0.435592,0.055345,0,0,1,1.0200,坪山区,23,23,0,0,0,0,1
2023-09-27,589179428,20190000000000000003,900200000000000031,1,62.218,455.120,28321.333,2023-09-27 23:30:00.000,L2FT01-FTJ028,12.30,0.000,0.666012,16605,0.435592,0.055345,0,0,1,1.0200,坪山区,23,23,0,0,0,0,1
2023-09-27,589179428,20190000000000000003,900200000000000056,1,119.545,352.017,42087.500,2023-09-27 23:30:00.000,L2FT01-FTJ028,12.30,0.000,0.666012,16605,0.435592,0.055345,0,0,1,1.0200,坪山区,23,23,0,0,0,0,1
2023-09-27,589179428,20190000000000000003,900200000000000031,1,18.760,458.133,8593.333,2023-09-27 23:45:00.000,L2FT01-FTJ028,12.30,0.000,0.666012,16605,0.435592,0.055345,0,0,1,1.0200,坪山区,23,23,0,0,0,0,1
2023-09-27,589179428,20190000000000000003,900200000000000056,1,118.600,358.267,42483.333,2023-09-27 23:45:00.000,L2FT01-FTJ028,12.30,0.000,0.666012,16605,0.435592,0.055345,0,0,1,1.0200,坪山区,23,23,0,0,0,0,1
