date,operator_id,station_id,connector_id,connector_status,current_a,voltage_v,power_w,report_time,grid_id,temperature_c,rainfall_mm,district_nev_penetration_rate,district_ev_sales,district_bev_ratio,district_operating_ev_ratio,is_major_holiday,has_major_event,is_workday,grid_area_km2,district_name,grid_total_charging_facilities,grid_slow_charging_facilities,grid_fast_charging_facilities,grid_super_charging_facilities,grid_super_charging_stations,grid_public_fast_charging_stations,grid_public_slow_charging_stations
2022-11-14,589179428,20190000000000000003,900200000000000032,1,117.718,471.693,55522.000,2022-11-14 00:00:00.000,L2FT01-FTJ020,13.07,0.000,0.666012,16605,0.435592,0.055345,0,0,1,0.9000,大鹏新区,22,22,0,0,0,0,1
2022-11-14,589179428,20190000000000000003,900200000000000032,1,106.672,471.560,50300.000,2022-11-14 00:15:00.000,L2FT01-FTJ020,13.07,0.000,0.666012,16605,0.435592,0.055345,0,0,1,0.9000,大鹏新区,22,22,0,0,0,0,1
2022-11-14,589179428,20190000000000000003,900200000000000032,1,82.672,471.288,38962.500,2022-11-14 00:30:00.000,L2FT01-FTJ020,13.07,0.000,0.666012,16605,0.435592,0.055345,0,0,1,0.9000,大鹏新区,22,22,0,0,0,0,1
2022-11-14,589179428,20190000000000000003,900200000000000056,1,123.620,352.414,43628.571,2022-11-14 02:15:00.000,L2FT01-FTJ020,14.57,0.000,0.666012,16605,0.435592,0.055345,0,0,1,0.9000,大鹏新区,22,22,0,0,0,0,1
2022-11-14,589179428,20190000000000000003,900200000000000056,1,144.323,359.067,51820.667,2022-11-14 02:30:00.000,L2FT01-FTJ020,14.57,0.000,0.666012,16605,0.435592,0.055345,0,0,1,0.9000,大鹏新区,22,22,0,0,0,0,1
2022-11-14,589179428,20190000000000000003,900200000000000056,1,144.290,370.647,53478.667,2022-11-14 02:45:00.000,L2FT01-FTJ020,14.57,0.000,0.666012,16605,0.435592,0.055345,0,0,1,0.9000,大鹏新区,22,22,0,0,0,0,1
2022-11-14,589179428,20190000000000000003,900200000000000056,1,140.392,384.160,53915.333,2022-11-14 03:00:00.000,L2FT01-FTJ020,15.19,0.000,0.666012,16605,0.435592,0.055345,0,0,1,0.9000,大鹏新区,22,22,0,0,0,0,1
2022-11-14,589179428,20190000000000000003,900200000000000042,1,100.190,358.550,35925.000,2022-11-14 04:15:00.000,L2FT01-FTJ020,15.67,0.000,0.666012,16605,0.435592,0.055345,0,0,1,0.9000,大鹏新区,22,22,0,0,0,0,1
2022-11-14,589179428,20190000000000000003,900200000000000042,1,100.300,367.367,36842.000,2022-11-14 04:30:00.000,L2FT01-FTJ020,15.67,0.000,0.666012,16605,0.435592,0.055345,0,0,1,0.9000,大鹏新区,22,22,0,0,0,0,1
2022-11-14,589179428,20190000000000000003,900200000000000042,1,75.336,383.053,28816.000,2022-11-14 04:45:00.000,L2FT01-FTJ020,15.67,0.000,0.666012,16605,0.435592,0.055345,0,0,1,0.9000,大鹏新区,22,22,0,0,0,0,1
2022-11-14,589179428,20190000000000000003,900200000000000042,1,37.890,387.120,14666.000,2022-11-14 05:00:00.000,L2FT01-FTJ020,15.97,0.000,0.666012,16605,0.435592,0.055345,0,0,1,0.9000,大鹏新区,22,22,0,0,0,0,1
2022-11-14,589179428,20190000000000000003,900200000000000053,1,135.731,309.855,42056.364,2022-11-14 05:30:00.000,L2FT01-FTJ020,15.97,0.000,0.666012,16605,0.435592,0.055345,0,0,1,0.9000,大鹏新区,22,22,0,0,0,0,1
2022-11-14,589179428,20190000000000000003,900200000000000053,1,138.078,311.507,43009.333,2022-11-14 05:45:00.000,L2FT01-FTJ020,15.97,0.000,0.666012,16605,0.435592,0.055345,0,0,1,0.9000,大鹏新区,22,22,0,0,0,0,1
2022-11-14,589179428,20190000000000000003,900200000000000053,1,138.042,313.473,43270.000,2022-11-14 06:00:00.000,L2FT01-FTJ020,16.07,0.000,0.666012,16605,0.435592,0.055345,0,0,1,0.9000,大鹏新区,22,22,0,0,0,0,1
2022-11-14,589179428,20190000000000000003,900200000000000053,1,138.000,314.667,43418.667,2022-11-14 06:15:00.000,L2FT01-FTJ020,16.07,0.000,0.666012,16605,0.435592,0.055345,0,0,1,0.9000,大鹏新区,22,22,0,0,0,0,1
2022-11-14,589179428,20190000000000000003,900200000000000043,1,111.535,464.892,52548.333,2022-11-14 06:30:00.000,L2FT01-FTJ020,16.07,0.000,0.666012,16605,0.435592,0.055345,0,0,1,0.9000,大鹏新区,22,22,0,0,0,0,1
2022-11-14,589179428,20190000000000000003,900200000000000045,1,109.800,347.500,38150.000,2022-11-14 06:30:00.000,L2FT01-FTJ020,16.07,0.000,0.666012,16605,0.435592,0.055345,0,0,1,0.9000,大鹏新区,22,22,0,0,0,0,1
2022-11-14,589179428,20190000000000000003,900200000000000053,1,114.976,319.850,36594.286,2022-11-14 06:30:00.000,L2FT01-FTJ020,16.07,0.000,0.666012,16605,0.435592,0.055345,0,0,1,0.9000,大鹏新区,22,22,0,0,0,0,1
2022-11-14,589179428,20190000000000000003,900200000000000043,1,129.963,472.760,61439.333,2022-11-14 06:45:00.000,L2FT01-FTJ020,16.07,0.000,0.666012,16605,0.435592,0.055345,0,0,1,0.9000,大鹏新区,22,22,0,0,0,0,1
2022-11-14,589179428,20190000000000000003,900200000000000045,1,100.597,359.467,36134.000,2022-11-14 06:45:00.000,L2FT01-FTJ020,16.07,0.000,0.666012,16605,0.435592,0.055345,0,0,1,0.9000,大鹏新区,22,22,0,0,0,0,1
2022-11-14,589179428,20190000000000000003,900200000000000031,0,0.000,341.600,0.000,2022-11-14 07:00:00.000,L2FT01-FTJ020,15.97,0.000,0.666012,16605,0.435592,0.055345,0,0,1,0.9000,大鹏新区,22,22,0,0,0,0,1
2022-11-14,589179428,20190000000000000003,900200000000000043,1,129.978,473.073,61484.667,2022-11-14 07:00:00.000,L2FT01-FTJ020,15.97,0.000,0.666012,16605,0.435592,0.055345,0,0,1,0.9000,大鹏新区,22,22,0,0,0,0,1
2022-11-14,589179428,20190000000000000003,900200000000000045,1,48.763,369.087,17992.667,2022-11-14 07:00:00.000,L2FT01-FTJ020,15.97,0.000,0.666012,16605,0.435592,0.055345,0,0,1,0.9000,大鹏新区,22,22,0,0,0,0,1
2022-11-14,589179428,20190000000000000003,900200000000000031,1,99.872,350.327,34986.667,2022-11-14 07:15:00.000,L2FT01-FTJ020,15.97,0.000,0.666012,16605,0.435592,0.055345,0,0,1,0.9000,大鹏新区,22,22,0,0,0,0,1
2022-11-14,589179428,20190000000000000003,900200000000000043,1,103.401,472.887,48899.333,2022-11-14 07:15:00.000,L2FT01-FTJ020,15.97,0.000,0.666012,16605,0.435592,0.055345,0,0,1,0.9000,大鹏新区,22,22,0,0,0,0,1
2022-11-14,589179428,20190000000000000003,900200000000000045,1,38.817,376.380,14604.667,2022-11-14 07:15:00.000,L2FT01-FTJ020,15.97,0.000,0.666012,16605,0.435592,0.055345,0,0,1,0.9000,大鹏新区,22,22,0,0,0,0,1
2022-11-14,589179428,20190000000000000003,900200000000000043,1,62.570,472.780,29590.000,2022-11-14 07:30:00.000,L2FT01-FTJ020,15.97,0.000,0.666012,16605,0.435592,0.055345,0,0,1,0.9000,大鹏新区,22,22,0,0,0,0,1
2022-11-14,589179428,20190000000000000003,900200000000000045,1,13.677,378.107,5169.333,2022-11-14 07:30:00.000,L2FT01-FTJ020,15.97,0.000,0.666012,16605,0.435592,0.055345,0,0,1,0.9000,大鹏新区,22,22,0,0,0,0,1
2022-11-14,589179428,20190000000000000003,900200000000000031,1,90.271,371.140,33444.667,2022-11-14 07:30:00.000,L2FT01-FTJ020,15.97,0.000,0.666012,16605,0.435592,0.055345,0,0,1,0.9000,大鹏新区,22,22,0,0,0,0,1
2022-11-14,589179428,20190000000000000003,900200000000000031,1,40.277,382.033,15370.667,2022-11-14 07:45:00.000,L2FT01-FTJ020,15.97,0.000,0.666012,16605,0.435592,0.055345,0,0,1,0.9000,大鹏新区,22,22,0,0,0,0,1
2022-11-14,589179428,20190000000000000003,900200000000000045,1,13.590,379.650,5157.500,2022-11-14 07:45:00.000,L2FT01-FTJ020,15.97,0.000,0.666012,16605,0.435592,0.055345,0,0,1,0.9000,大鹏新区,22,22,0,0,0,0,1
2022-11-14,589179428,20190000000000000003,900200000000000031,1,21.890,384.550,8415.000,2022-11-14 08:00:00.000,L2FT01-FTJ020,15.67,0.000,0.666012,16605,0.435592,0.055345,0,0,1,0.9000,大鹏新区,22,22,0,0,0,0,1
2022-11-14,589179428,20190000000000000003,900200000000000056,1,143.955,403.670,58106.000,2022-11-14 08:45:00.000,L2FT01-FTJ020,15.67,0.000,0.666012,16605,0.435592,0.055345,0,0,1,0.9000,大鹏新区,22,22,0,0,0,0,1
2022-11-14,589179428,20190000000000000003,900200000000000056,1,144.060,407.647,58721.333,2022-11-14 09:00:00.000,L2FT01-FTJ020,15.19,0.000,0.666012,16605,0.435592,0.055345,0,0,1,0.9000,大鹏新区,22,22,0,0,0,0,1
2022-11-14,589179428,20190000000000000003,900200000000000056,1,144.148,410.953,59235.333,2022-11-14 09:15:00.000,L2FT01-FTJ020,15.19,0.000,0.666012,16605,0.435592,0.055345,0,0,1,0.9000,大鹏新区,22,22,0,0,0,0,1
2022-11-14,589179428,20190000000000000003,900200000000000044,1,125.637,369.400,46394.286,2022-11-14 09:30:00.000,L2FT01-FTJ020,15.19,0.000,0.666012,16605,0.435592,0.055345,0,0,1,0.9000,大鹏新区,22,22,0,0,0,0,1
2022-11-14,589179428,20190000000000000003,900200000000000056,1,144.182,414.700,59790.909,2022-11-14 09:30:00.000,L2FT01-FTJ020,15.19,0.000,0.666012,16605,0.435592,0.055345,0,0,1,0.9000,大鹏新区,22,22,0,0,0,0,1
2022-11-14,589179428,20190000000000000003,900200000000000044,1,101.936,383.507,39034.667,2022-11-14 09:45:00.000,L2FT01-FTJ020,15.19,0.000,0.666012,16605,0.435592,0.055345,0,0,1,0.9000,大鹏新区,22,22,0,0,0,0,1
2022-11-14,589179428,20190000000000000003,900200000000000052,1,93.290,404.560,37848.000,2022-11-14 09:45:00.000,L2FT01-FTJ020,15.19,0.000,0.666012,16605,0.435592,0.055345,0,0,1,0.9000,大鹏新区,22,22,0,0,0,0,1
2022-11-14,589179428,20190000000000000003,900200000000000052,1,78.590,410.500,32260.000,2022-11-14 10:00:00.000,L2FT01-FTJ020,14.57,0.000,0.666012,16605,0.435592,0.055345,0,0,1,0.9000,大鹏新区,22,22,0,0,0,0,1
2022-11-14,589179428,20190000000000000003,900200000000000044,1,54.310,393.660,21363.333,2022-11-14 10:00:00.000,L2FT01-FTJ020,14.57,0.000,0.666012,16605,0.435592,0.055345,0,0,1,0.9000,大鹏新区,22,22,0,0,0,0,1
2022-11-14,589179428,20190000000000000003,900200000000000044,1,47.790,399.680,19098.000,2022-11-14 10:15:00.000,L2FT01-FTJ020,14.57,0.000,0.666012,16605,0.435592,0.055345,0,0,1,0.9000,大鹏新区,22,22,0,0,0,0,1
2022-11-14,589179428,20190000000000000003,900200000000000038,1,173.981,361.843,63474.286,2022-11-14 10:15:00.000,L2FT01-FTJ020,14.57,0.000,0.666012,16605,0.435592,0.055345,0,0,1,0.9000,大鹏新区,22,22,0,0,0,0,1
2022-11-14,589179428,20190000000000000003,900200000000000035,1,199.875,316.645,63284.545,2022-11-14 10:30:00.000,L2FT01-FTJ020,14.57,0.000,0.666012,16605,0.435592,0.055345,0,0,1,0.9000,大鹏新区,22,22,0,0,0,0,1
2022-11-14,589179428,20190000000000000003,900200000000000038,1,229.797,367.500,84445.000,2022-11-14 10:30:00.000,L2FT01-FTJ020,14.57,0.000,0.666012,16605,0.435592,0.055345,0,0,1,0.9000,大鹏新区,22,22,0,0,0,0,1
2022-11-14,589179428,20190000000000000003,900200000000000031,1,129.859,310.875,40366.250,2022-11-14 11:45:00.000,L2FT01-FTJ020,13.85,0.000,0.666012,16605,0.435592,0.055345,0,0,1,0.9000,大鹏新区,22,22,0,0,0,0,1
2022-11-14,589179428,20190000000000000003,900200000000000031,1,129.848,313.560,40711.333,2022-11-14 12:00:00.000,L2FT01-FTJ020,13.07,0.000,0.666012,16605,0.435592,0.055345,0,0,1,0.9000,大鹏新区,22,22,0,0,0,0,1
2022-11-14,589179428,20190000000000000003,900200000000000032,1,56.692,482.267,27609.167,2022-11-14 12:00:00.000,L2FT01-FTJ020,13.07,0.000,0.666012,16605,0.435592,0.055345,0,0,1,0.9000,大鹏新区,22,22,0,0,0,0,1
2022-11-14,589179428,20190000000000000003,900200000000000045,1,105.974,465.829,50325.000,2022-11-14 12:00:00.000,L2FT01-FTJ020,13.07,0.000,0.666012,16605,0.435592,0.055345,0,0,1,0.9000,大鹏新区,22,22,0,0,0,0,1
2022-11-14,589179428,20190000000000000003,900200000000000045,1,80.813,475.013,38389.333,2022-11-14 12:15:00.000,L2FT01-FTJ020,13.07,0.000,0.666012,16605,0.435592,0.055345,0,0,1,0.9000,大鹏新区,22,22,0,0,0,0,1
2022-11-14,589179428,20190000000000000003,900200000000000031,1,119.138,317.227,37691.333,2022-11-14 12:15:00.000,L2FT01-FTJ020,13.07,0.000,0.666012,16605,0.435592,0.055345,0,0,1,0.9000,大鹏新区,22,22,0,0,0,0,1
2022-11-14,589179428,20190000000000000003,900200000000000032,1,48.992,489.107,23998.000,2022-11-14 12:15:00.000,L2FT01-FTJ020,13.07,0.000,0.666012,16605,0.435592,0.055345,0,0,1,0.9000,大鹏新区,22,22,0,0,0,0,1
2022-11-14,589179428,20190000000000000003,900200000000000042,1,69.927,354.427,25052.727,2022-11-14 12:15:00.000,L2FT01-FTJ020,13.07,0.000,0.666012,16605,0.435592,0.055345,0,0,1,0.9000,大鹏新区,22,22,0,0,0,0,1
2022-11-14,589179428,20190000000000000003,900200000000000042,1,98.770,369.820,36496.000,2022-11-14 12:30:00.000,L2FT01-FTJ020,13.07,0.000,0.666012,16605,0.435592,0.055345,0,0,1,0.9000,大鹏新区,22,22,0,0,0,0,1
2022-11-14,589179428,20190000000000000003,900200000000000045,1,32.790,474.950,15580.000,2022-11-14 12:30:00.000,L2FT01-FTJ020,13.07,0.000,0.666012,16605,0.435592,0.055345,0,0,1,0.9000,大鹏新区,22,22,0,0,0,0,1
2022-11-14,589179428,20190000000000000003,900200000000000031,1,29.790,332.200,9890.000,2022-11-14 12:30:00.000,L2FT01-FTJ020,13.07,0.000,0.666012,16605,0.435592,0.055345,0,0,1,0.9000,大鹏新区,22,22,0,0,0,0,1
2022-11-14,589179428,20190000000000000003,900200000000000032,1,14.883,487.313,7252.667,2022-11-14 12:30:00.000,L2FT01-FTJ020,13.07,0.000,0.666012,16605,0.435592,0.055345,0,0,1,0.9000,大鹏新区,22,22,0,0,0,0,1
2022-11-14,589179428,20190000000000000003,900200000000000042,1,68.977,381.007,26260.667,2022-11-14 12:45:00.000,L2FT01-FTJ020,13.07,0.000,0.666012,16605,0.435592,0.055345,0,0,1,0.9000,大鹏新区,22,22,0,0,0,0,1
2022-11-14,589179428,20190000000000000003,900200000000000032,1,10.285,500.447,5123.333,2022-11-14 12:45:00.000,L2FT01-FTJ020,13.07,0.000,0.666012,16605,0.435592,0.055345,0,0,1,0.9000,大鹏新区,22,22,0,0,0,0,1
2022-11-14,589179428,20190000000000000003,900200000000000037,1,149.897,314.286,47107.143,2022-11-14 12:45:00.000,L2FT01-FTJ020,13.07,0.000,0.666012,16605,0.435592,0.055345,0,0,1,0.9000,大鹏新区,22,22,0,0,0,0,1
2022-11-14,589179428,20190000000000000003,900200000000000032,1,1.095,505.600,550.000,2022-11-14 13:00:00.000,L2FT01-FTJ020,12.30,0.000,0.666012,16605,0.435592,0.055345,0,0,1,0.9000,大鹏新区,22,22,0,0,0,0,1
2022-11-14,589179428,20190000000000000003,900200000000000037,1,149.963,316.253,47424.000,2022-11-14 13:00:00.000,L2FT01-FTJ020,12.30,0.000,0.666012,16605,0.435592,0.055345,0,0,1,0.9000,大鹏新区,22,22,0,0,0,0,1
2022-11-14,589179428,20190000000000000003,900200000000000040,1,117.691,358.286,42178.571,2022-11-14 13:00:00.000,L2FT01-FTJ020,12.30,0.000,0.666012,16605,0.435592,0.055345,0,0,1,0.9000,大鹏新区,22,22,0,0,0,0,1
2022-11-14,589179428,20190000000000000003,900200000000000042,1,49.530,388.893,19248.667,2022-11-14 13:00:00.000,L2FT01-FTJ020,12.30,0.000,0.666012,16605,0.435592,0.055345,0,0,1,0.9000,大鹏新区,22,22,0,0,0,0,1
2022-11-14,589179428,20190000000000000003,900200000000000037,1,149.890,322.700,48370.000,2022-11-14 13:15:00.000,L2FT01-FTJ020,12.30,0.000,0.666012,16605,0.435592,0.055345,0,0,1,0.9000,大鹏新区,22,22,0,0,0,0,1
2022-11-14,589179428,20190000000000000003,900200000000000040,1,83.956,358.764,30215.714,2022-11-14 13:15:00.000,L2FT01-FTJ020,12.30,0.000,0.666012,16605,0.435592,0.055345,0,0,1,0.9000,大鹏新区,22,22,0,0,0,0,1
2022-11-14,589179428,20190000000000000003,900200000000000049,1,109.593,370.115,40537.692,2022-11-14 14:30:00.000,L2FT01-FTJ020,11.57,0.000,0.666012,16605,0.435592,0.055345,0,0,1,0.9000,大鹏新区,22,22,0,0,0,0,1
2022-11-14,589179428,20190000000000000003,900200000000000049,1,84.851,388.927,32944.667,2022-11-14 14:45:00.000,L2FT01-FTJ020,11.57,0.000,0.666012,16605,0.435592,0.055345,0,0,1,0.9000,大鹏新区,22,22,0,0,0,0,1
2022-11-14,589179428,20190000000000000003,900200000000000052,1,108.197,301.133,33610.000,2022-11-14 14:45:00.000,L2FT01-FTJ020,11.57,0.000,0.666012,16605,0.435592,0.055345,0,0,1,0.9000,大鹏新区,22,22,0,0,0,0,1
2022-11-14,589179428,20190000000000000003,900200000000000049,1,46.421,401.367,18604.000,2022-11-14 15:00:00.000,L2FT01-FTJ020,10.95,0.000,0.666012,16605,0.435592,0.055345,0,0,1,0.9000,大鹏新区,22,22,0,0,0,0,1
2022-11-14,589179428,20190000000000000003,900200000000000052,1,129.800,311.013,40364.667,2022-11-14 15:00:00.000,L2FT01-FTJ020,10.95,0.000,0.666012,16605,0.435592,0.055345,0,0,1,0.9000,大鹏新区,22,22,0,0,0,0,1
2022-11-14,589179428,20190000000000000003,900200000000000052,1,129.800,312.440,40549.333,2022-11-14 15:15:00.000,L2FT01-FTJ020,10.95,0.000,0.666012,16605,0.435592,0.055345,0,0,1,0.9000,大鹏新区,22,22,0,0,0,0,1
2022-11-14,589179428,20190000000000000003,900200000000000049,1,19.679,405.087,7971.333,2022-11-14 15:15:00.000,L2FT01-FTJ020,10.95,0.000,0.666012,16605,0.435592,0.055345,0,0,1,0.9000,大鹏新区,22,22,0,0,0,0,1
2022-11-14,589179428,20190000000000000003,900200000000000039,1,193.212,366.173,70773.636,2022-11-14 15:30:00.000,L2FT01-FTJ020,10.95,0.000,0.666012,16605,0.435592,0.055345,0,0,1,0.9000,大鹏新区,22,22,0,0,0,0,1
2022-11-14,589179428,20190000000000000003,900200000000000052,1,129.824,314.713,40853.333,2022-11-14 15:30:00.000,L2FT01-FTJ020,10.95,0.000,0.666012,16605,0.435592,0.055345,0,0,1,0.9000,大鹏新区,22,22,0,0,0,0,1
2022-11-14,589179428,20190000000000000003,900200000000000039,1,169.355,366.082,62035.455,2022-11-14 15:45:00.000,L2FT01-FTJ020,10.95,0.000,0.666012,16605,0.435592,0.055345,0,0,1,0.9000,大鹏新区,22,22,0,0,0,0,1
2022-11-14,589179428,20190000000000000003,900200000000000052,1,125.854,318.587,40072.000,2022-11-14 15:45:00.000,L2FT01-FTJ020,10.95,0.000,0.666012,16605,0.435592,0.055345,0,0,1,0.9000,大鹏新区,22,22,0,0,0,0,1
2022-11-14,589179428,20190000000000000003,900200000000000056,1,100.807,339.571,34477.143,2022-11-14 15:45:00.000,L2FT01-FTJ020,10.95,0.000,0.666012,16605,0.435592,0.055345,0,0,1,0.9000,大鹏新区,22,22,0,0,0,0,1
2022-11-14,589179428,20190000000000000003,900200000000000052,1,69.790,321.700,22445.000,2022-11-14 16:00:00.000,L2FT01-FTJ020,10.47,0.000,0.666012,16605,0.435592,0.055345,0,0,1,0.9000,大鹏新区,22,22,0,0,0,0,1
2022-11-14,589179428,20190000000000000003,900200000000000032,1,130.543,310.650,40550.000,2022-11-14 16:30:00.000,L2FT01-FTJ020,10.47,0.000,0.666012,16605,0.435592,0.055345,0,0,1,0.9000,大鹏新区,22,22,0,0,0,0,1
2022-11-14,589179428,20190000000000000003,900200000000000032,1,130.077,313.013,40713.333,2022-11-14 16:45:00.000,L2FT01-FTJ020,10.47,0.000,0.666012,16605,0.435592,0.055345,0,0,1,0.9000,大鹏新区,22,22,0,0,0,0,1
2022-11-14,589179428,20190000000000000003,900200000000000040,1,71.942,308.083,22161.667,2022-11-14 16:45:00.000,L2FT01-FTJ020,10.47,0.000,0.666012,16605,0.435592,0.055345,0,0,1,0.9000,大鹏新区,22,22,0,0,0,0,1
2022-11-14,589179428,20190000000000000003,900200000000000032,1,132.660,314.180,41677.333,2022-11-14 17:00:00.000,L2FT01-FTJ020,10.17,0.000,0.666012,16605,0.435592,0.055345,0,0,1,0.9000,大鹏新区,22,22,0,0,0,0,1
2022-11-14,589179428,20190000000000000003,900200000000000032,1,120.214,319.214,38235.714,2022-11-14 17:15:00.000,L2FT01-FTJ020,10.17,0.000,0.666012,16605,0.435592,0.055345,0,0,1,0.9000,大鹏新区,22,22,0,0,0,0,1
2022-11-14,589179428,20190000000000000003,900200000000000056,1,103.593,358.543,37452.857,2022-11-14 19:15:00.000,L2FT01-FTJ020,10.17,0.000,0.666012,16605,0.435592,0.055345,0,0,1,0.9000,大鹏新区,22,22,0,0,0,0,1
2022-11-14,589179428,20190000000000000003,900200000000000056,1,107.813,374.747,40336.000,2022-11-14 19:30:00.000,L2FT01-FTJ020,10.17,0.000,0.666012,16605,0.435592,0.055345,0,0,1,0.9000,大鹏新区,22,22,0,0,0,0,1
2022-11-14,589179428,20190000000000000003,900200000000000044,0,0.000,149.600,0.000,2022-11-14 19:30:00.000,L2FT01-FTJ020,10.17,0.000,0.666012,16605,0.435592,0.055345,0,0,1,0.9000,大鹏新区,22,22,0,0,0,0,1
2022-11-14,589179428,20190000000000000003,900200000000000056,1,57.217,385.153,22021.333,2022-11-14 19:45:00.000,L2FT01-FTJ020,10.17,0.000,0.666012,16605,0.435592,0.055345,0,0,1,0.9000,大鹏新区,22,22,0,0,0,0,1
2022-11-14,589179428,20190000000000000003,900200000000000056,1,26.251,387.780,10178.667,2022-11-14 20:00:00.000,L2FT01-FTJ020,10.47,0.000,0.666012,16605,0.435592,0.055345,0,0,1,0.9000,大鹏新区,22,22,0,0,0,0,1
2022-11-14,589179428,20190000000000000003,900200000000000056,1,26.290,390.600,10270.000,2022-11-14 20:15:00.000,L2FT01-FTJ020,10.47,0.000,0.666012,16605,0.435592,0.055345,0,0,1,0.9000,大鹏新区,22,22,0,0,0,0,1
2022-11-14,589179428,20190000000000000003,900200000000000044,1,70.815,323.925,23087.500,2022-11-14 20:45:00.000,L2FT01-FTJ020,10.47,0.000,0.666012,16605,0.435592,0.055345,0,0,1,0.9000,大鹏新区,22,22,0,0,0,0,1
2022-11-14,589179428,20190000000000000003,900200000000000044,1,90.290,328.240,29634.667,2022-11-14 21:00:00.000,L2FT01-FTJ020,10.95,0.000,0.666012,16605,0.435592,0.055345,0,0,1,0.9000,大鹏新区,22,22,0,0,0,0,1
2022-11-14,589179428,20190000000000000003,900200000000000044,1,78.558,329.160,25858.000,2022-11-14 21:15:00.000,L2FT01-FTJ020,10.95,0.000,0.666012,16605,0.435592,0.055345,0,0,1,0.9000,大鹏新区,22,22,0,0,0,0,1
2022-11-14,589179428,20190000000000000003,900200000000000044,1,59.440,328.650,19535.000,2022-11-14 21:30:00.000,L2FT01-FTJ020,10.95,0.000,0.666012,16605,0.435592,0.055345,0,0,1,0.9000,大鹏新区,22,22,0,0,0,0,1
2022-11-14,589179428,20190000000000000003,900200000000000037,1,139.851,357.967,50488.000,2022-11-14 23:00:00.000,L2FT01-FTJ020,12.30,0.000,0.666012,16605,0.435592,0.055345,0,0,1,0.9000,大鹏新区,22,22,0,0,0,0,1
2022-11-14,589179428,20190000000000000003,900200000000000037,1,135.013,376.407,50762.667,2022-11-14 23:15:00.000,L2FT01-FTJ020,12.30,0.000,0.666012,16605,0.435592,0.055345,0,0,1,0.9000,大鹏新区,22,22,0,0,0,0,1
2022-11-14,589179428,20190000000000000003,900200000000000037,1,110.782,390.067,43208.333,2022-11-14 23:30:00.000,L2FT01-FTJ020,12.30,0.000,0.666012,16605,0.435592,0.055345,0,0,1,0.9000,大鹏新区,22,22,0,0,0,0,1
2022-11-15,589179428,20190000000000000003,900200000000000037,1,107.292,405.025,43602.500,2022-11-15 00:00:00.000,L2FT01-FTJ020,13.07,0.000,0.666012,16605,0.435592,0.055345,0,0,1,0.9000,大鹏新区,22,22,0,0,0,0,1
2022-11-15,589179428,20190000000000000003,900200000000000040,1,133.448,310.108,41380.769,2022-11-15 00:00:00.000,L2FT01-FTJ020,13.07,0.000,0.666012,16605,0.435592,0.055345,0,0,1,0.9000,大鹏新区,22,22,0,0,0,0,1
2022-11-15,589179428,20190000000000000003,900200000000000032,1,149.836,308.677,46249.231,2022-11-15 00:00:00.000,L2FT01-FTJ020,13.07,0.000,0.666012,16605,0.435592,0.055345,0,0,1,0.9000,大鹏新区,22,22,0,0,0,0,1
2022-11-15,589179428,20190000000000000003,900200000000000032,1,150.000,310.427,46562.000,2022-11-15 00:15:00.000,L2FT01-FTJ020,13.07,0.000,0.666012,16605,0.435592,0.055345,0,0,1,0.9000,大鹏新区,22,22,0,0,0,0,1
2022-11-15,589179428,20190000000000000003,900200000000000037,1,135.339,410.380,55536.667,2022-11-15 00:15:00.000,L2FT01-FTJ020,13.07,0.000,0.666012,16605,0.435592,0.055345,0,0,1,0.9000,大鹏新区,22,22,0,0,0,0,1
2022-11-15,589179428,20190000000000000003,900200000000000040,1,138.066,311.187,42962.000,2022-11-15 00:15:00.000,L2FT01-FTJ020,13.07,0.000,0.666012,16605,0.435592,0.055345,0,0,1,0.9000,大鹏新区,22,22,0,0,0,0,1
2022-11-15,589179428,20190000000000000003,900200000000000032,1,150.073,311.640,46765.333,2022-11-15 00:30:00.000,L2FT01-FTJ020,13.07,0.000,0.666012,16605,0.435592,0.055345,0,0,1,0.9000,大鹏新区,22,22,0,0,0,0,1
2022-11-15,589179428,20190000000000000003,900200000000000037,1,109.900,411.387,45212.667,2022-11-15 00:30:00.000,L2FT01-FTJ020,13.07,0.000,0.666012,16605,0.435592,0.055345,0,0,1,0.9000,大鹏新区,22,22,0,0,0,0,1
2022-11-15,589179428,20190000000000000003,900200000000000040,1,134.466,313.107,42100.667,2022-11-15 00:30:00.000,L2FT01-FTJ020,13.07,0.000,0.666012,16605,0.435592,0.055345,0,0,1,0.9000,大鹏新区,22,22,0,0,0,0,1
2022-11-15,589179428,20190000000000000003,900200000000000045,1,129.830,327.650,42534.167,2022-11-15 00:30:00.000,L2FT01-FTJ020,13.07,0.000,0.666012,16605,0.435592,0.055345,0,0,1,0.9000,大鹏新区,22,22,0,0,0,0,1
2022-11-15,589179428,20190000000000000003,900200000000000056,1,133.036,350.154,47466.923,2022-11-15 00:30:00.000,L2FT01-FTJ020,13.07,0.000,0.666012,16605,0.435592,0.055345,0,0,1,0.9000,大鹏新区,22,22,0,0,0,0,1
2022-11-15,589179428,20190000000000000003,900200000000000045,1,108.038,328.127,35449.333,2022-11-15 00:45:00.000,L2FT01-FTJ020,13.07,0.000,0.666012,16605,0.435592,0.055345,0,0,1,0.9000,大鹏新区,22,22,0,0,0,0,1
2022-11-15,589179428,20190000000000000003,900200000000000032,1,150.040,313.653,47058.000,2022-11-15 00:45:00.000,L2FT01-FTJ020,13.07,0.000,0.666012,16605,0.435592,0.055345,0,0,1,0.9000,大鹏新区,22,22,0,0,0,0,1
2022-11-15,589179428,20190000000000000003,900200000000000037,1,78.592,411.007,32326.000,2022-11-15 00:45:00.000,L2FT01-FTJ020,13.07,0.000,0.666012,16605,0.435592,0.055345,0,0,1,0.9000,大鹏新区,22,22,0,0,0,0,1
2022-11-15,589179428,20190000000000000003,900200000000000040,1,132.012,314.153,41468.000,2022-11-15 00:45:00.000,L2FT01-FTJ020,13.07,0.000,0.666012,16605,0.435592,0.055345,0,0,1,0.9000,大鹏新区,22,22,0,0,0,0,1
2022-11-15,589179428,20190000000000000003,900200000000000056,1,137.458,367.833,50528.667,2022-11-15 00:45:00.000,L2FT01-FTJ020,13.07,0.000,0.666012,16605,0.435592,0.055345,0,0,1,0.9000,大鹏新区,22,22,0,0,0,0,1
2022-11-15,589179428,20190000000000000003,900200000000000056,1,117.354,386.414,45224.286,2022-11-15 01:00:00.000,L2FT01-FTJ020,13.85,0.000,0.666012,16605,0.435592,0.055345,0,0,1,0.9000,大鹏新区,22,22,0,0,0,0,1
2022-11-15,589179428,20190000000000000003,900200000000000040,1,132.042,315.927,41711.333,2022-11-15 01:00:00.000,L2FT01-FTJ020,13.85,0.000,0.666012,16605,0.435592,0.055345,0,0,1,0.9000,大鹏新区,22,22,0,0,0,0,1
2022-11-15,589179428,20190000000000000003,900200000000000045,1,104.737,329.457,34501.429,2022-11-15 01:00:00.000,L2FT01-FTJ020,13.85,0.000,0.666012,16605,0.435592,0.055345,0,0,1,0.9000,大鹏新区,22,22,0,0,0,0,1
2022-11-15,589179428,20190000000000000003,900200000000000037,1,45.951,409.687,18829.333,2022-11-15 01:00:00.000,L2FT01-FTJ020,13.85,0.000,0.666012,16605,0.435592,0.055345,0,0,1,0.9000,大鹏新区,22,22,0,0,0,0,1
2022-11-15,589179428,20190000000000000003,900200000000000032,1,149.993,314.713,47202.000,2022-11-15 01:00:00.000,L2FT01-FTJ020,13.85,0.000,0.666012,16605,0.435592,0.055345,0,0,1,0.9000,大鹏新区,22,22,0,0,0,0,1
2022-11-15,589179428,20190000000000000003,900200000000000032,1,139.365,318.120,44256.667,2022-11-15 01:15:00.000,L2FT01-FTJ020,13.85,0.000,0.666012,16605,0.435592,0.055345,0,0,1,0.9000,大鹏新区,22,22,0,0,0,0,1
2022-11-15,589179428,20190000000000000003,900200000000000037,1,29.963,411.260,12344.667,2022-11-15 01:15:00.000,L2FT01-FTJ020,13.85,0.000,0.666012,16605,0.435592,0.055345,0,0,1,0.9000,大鹏新区,22,22,0,0,0,0,1
2022-11-15,589179428,20190000000000000003,900200000000000040,1,87.697,324.850,28358.333,2022-11-15 01:15:00.000,L2FT01-FTJ020,13.85,0.000,0.666012,16605,0.435592,0.055345,0,0,1,0.9000,大鹏新区,22,22,0,0,0,0,1
2022-11-15,589179428,20190000000000000003,900200000000000056,1,119.377,446.273,53214.667,2022-11-15 01:15:00.000,L2FT01-FTJ020,13.85,0.000,0.666012,16605,0.435592,0.055345,0,0,1,0.9000,大鹏新区,22,22,0,0,0,0,1
2022-11-15,589179428,20190000000000000003,900200000000000032,1,29.890,330.050,9865.000,2022-11-15 01:30:00.000,L2FT01-FTJ020,13.85,0.000,0.666012,16605,0.435592,0.055345,0,0,1,0.9000,大鹏新区,22,22,0,0,0,0,1
2022-11-15,589179428,20190000000000000003,900200000000000037,1,12.500,413.014,5158.571,2022-11-15 01:30:00.000,L2FT01-FTJ020,13.85,0.000,0.666012,16605,0.435592,0.055345,0,0,1,0.9000,大鹏新区,22,22,0,0,0,0,1
2022-11-15,589179428,20190000000000000003,900200000000000039,1,98.676,345.280,34898.000,2022-11-15 01:30:00.000,L2FT01-FTJ020,13.85,0.000,0.666012,16605,0.435592,0.055345,0,0,1,0.9000,大鹏新区,22,22,0,0,0,0,1
2022-11-15,589179428,20190000000000000003,900200000000000056,1,49.997,458.687,22910.000,2022-11-15 01:30:00.000,L2FT01-FTJ020,13.85,0.000,0.666012,16605,0.435592,0.055345,0,0,1,0.9000,大鹏新区,22,22,0,0,0,0,1
2022-11-15,589179428,20190000000000000003,900200000000000039,1,106.477,359.027,38214.000,2022-11-15 01:45:00.000,L2FT01-FTJ020,13.85,0.000,0.666012,16605,0.435592,0.055345,0,0,1,0.9000,大鹏新区,22,22,0,0,0,0,1
2022-11-15,589179428,20190000000000000003,900200000000000056,1,18.578,460.738,8560.000,2022-11-15 01:45:00.000,L2FT01-FTJ020,13.85,0.000,0.666012,16605,0.435592,0.055345,0,0,1,0.9000,大鹏新区,22,22,0,0,0,0,1
2022-11-15,589179428,20190000000000000003,900200000000000039,1,100.493,369.927,37170.000,2022-11-15 02:00:00.000,L2FT01-FTJ020,14.57,0.000,0.666012,16605,0.435592,0.055345,0,0,1,0.9000,大鹏新区,22,22,0,0,0,0,1
2022-11-15,589179428,20190000000000000003,900200000000000040,1,149.881,308.700,46265.000,2022-11-15 02:15:00.000,L2FT01-FTJ020,14.57,0.000,0.666012,16605,0.435592,0.055345,0,0,1,0.9000,大鹏新区,22,22,0,0,0,0,1
2022-11-15,589179428,20190000000000000003,900200000000000039,1,71.311,384.167,27365.333,2022-11-15 02:15:00.000,L2FT01-FTJ020,14.57,0.000,0.666012,16605,0.435592,0.055345,0,0,1,0.9000,大鹏新区,22,22,0,0,0,0,1
2022-11-15,589179428,20190000000000000003,900200000000000039,1,38.000,388.343,14751.429,2022-11-15 02:30:00.000,L2FT01-FTJ020,14.57,0.000,0.666012,16605,0.435592,0.055345,0,0,1,0.9000,大鹏新区,22,22,0,0,0,0,1
2022-11-15,589179428,20190000000000000003,900200000000000040,1,149.988,310.460,46561.333,2022-11-15 02:30:00.000,L2FT01-FTJ020,14.57,0.000,0.666012,16605,0.435592,0.055345,0,0,1,0.9000,大鹏新区,22,22,0,0,0,0,1
2022-11-15,589179428,20190000000000000003,900200000000000030,1,99.195,349.992,35070.000,2022-11-15 02:45:00.000,L2FT01-FTJ020,14.57,0.000,0.666012,16605,0.435592,0.055345,0,0,1,0.9000,大鹏新区,22,22,0,0,0,0,1
2022-11-15,589179428,20190000000000000003,900200000000000040,1,149.992,311.647,46742.000,2022-11-15 02:45:00.000,L2FT01-FTJ020,14.57,0.000,0.666012,16605,0.435592,0.055345,0,0,1,0.9000,大鹏新区,22,22,0,0,0,0,1
2022-11-15,589179428,20190000000000000003,900200000000000030,1,98.359,366.093,35981.333,2022-11-15 03:00:00.000,L2FT01-FTJ020,15.19,0.000,0.666012,16605,0.435592,0.055345,0,0,1,0.9000,大鹏新区,22,22,0,0,0,0,1
2022-11-15,589179428,20190000000000000003,900200000000000040,1,150.000,313.773,47064.000,2022-11-15 03:00:00.000,L2FT01-FTJ020,15.19,0.000,0.666012,16605,0.435592,0.055345,0,0,1,0.9000,大鹏新区,22,22,0,0,0,0,1
2022-11-15,589179428,20190000000000000003,900200000000000030,1,71.557,378.613,27061.333,2022-11-15 03:15:00.000,L2FT01-FTJ020,15.19,0.000,0.666012,16605,0.435592,0.055345,0,0,1,0.9000,大鹏新区,22,22,0,0,0,0,1
2022-11-15,589179428,20190000000000000003,900200000000000040,1,149.919,314.893,47206.000,2022-11-15 03:15:00.000,L2FT01-FTJ020,15.19,0.000,0.666012,16605,0.435592,0.055345,0,0,1,0.9000,大鹏新区,22,22,0,0,0,0,1
2022-11-15,589179428,20190000000000000003,900200000000000030,1,44.227,386.247,17068.667,2022-11-15 03:30:00.000,L2FT01-FTJ020,15.19,0.000,0.666012,16605,0.435592,0.055345,0,0,1,0.9000,大鹏新区,22,22,0,0,0,0,1
2022-11-15,589179428,20190000000000000003,900200000000000040,1,126.805,319.900,40373.077,2022-11-15 03:30:00.000,L2FT01-FTJ020,15.19,0.000,0.666012,16605,0.435592,0.055345,0,0,1,0.9000,大鹏新区,22,22,0,0,0,0,1
2022-11-15,589179428,20190000000000000003,900200000000000030,1,16.610,387.660,6438.000,2022-11-15 03:45:00.000,L2FT01-FTJ020,15.19,0.000,0.666012,16605,0.435592,0.055345,0,0,1,0.9000,大鹏新区,22,22,0,0,0,0,1
2022-11-15,589179428,20190000000000000003,900200000000000040,1,53.150,336.450,16390.000,2022-11-15 04:30:00.000,L2FT01-FTJ020,15.67,0.000,0.666012,16605,0.435592,0.055345,0,0,1,0.9000,大鹏新区,22,22,0,0,0,0,1
2022-11-15,589179428,20190000000000000003,900200000000000037,1,129.883,310.280,40296.000,2022-11-15 05:00:00.000,L2FT01-FTJ020,15.97,0.000,0.666012,16605,0.435592,0.055345,0,0,1,0.9000,大鹏新区,22,22,0,0,0,0,1
2022-11-15,589179428,20190000000000000003,900200000000000034,1,83.410,329.538,27648.750,2022-11-15 05:00:00.000,L2FT01-FTJ020,15.97,0.000,0.666012,16605,0.435592,0.055345,0,0,1,0.9000,大鹏新区,22,22,0,0,0,0,1
2022-11-15,589179428,20190000000000000003,900200000000000034,1,81.419,330.840,26940.667,2022-11-15 05:15:00.000,L2FT01-FTJ020,15.97,0.000,0.666012,16605,0.435592,0.055345,0,0,1,0.9000,大鹏新区,22,22,0,0,0,0,1
2022-11-15,589179428,20190000000000000003,900200000000000037,1,129.812,311.320,40408.667,2022-11-15 05:15:00.000,L2FT01-FTJ020,15.97,0.000,0.666012,16605,0.435592,0.055345,0,0,1,0.9000,大鹏新区,22,22,0,0,0,0,1
2022-11-15,589179428,20190000000000000003,900200000000000034,1,38.591,329.954,12722.308,2022-11-15 05:30:00.000,L2FT01-FTJ020,15.97,0.000,0.666012,16605,0.435592,0.055345,0,0,1,0.9000,大鹏新区,22,22,0,0,0,0,1
2022-11-15,589179428,20190000000000000003,900200000000000037,1,129.872,312.887,40632.667,2022-11-15 05:30:00.000,L2FT01-FTJ020,15.97,0.000,0.666012,16605,0.435592,0.055345,0,0,1,0.9000,大鹏新区,22,22,0,0,0,0,1
2022-11-15,589179428,20190000000000000003,900200000000000037,1,129.890,314.753,40880.667,2022-11-15 05:45:00.000,L2FT01-FTJ020,15.97,0.000,0.666012,16605,0.435592,0.055345,0,0,1,0.9000,大鹏新区,22,22,0,0,0,0,1
2022-11-15,589179428,20190000000000000003,900200000000000037,1,129.884,316.753,41139.333,2022-11-15 06:00:00.000,L2FT01-FTJ020,16.07,0.000,0.666012,16605,0.435592,0.055345,0,0,1,0.9000,大鹏新区,22,22,0,0,0,0,1
2022-11-15,589179428,20190000000000000003,900200000000000037,1,51.580,327.450,16796.667,2022-11-15 06:15:00.000,L2FT01-FTJ020,16.07,0.000,0.666012,16605,0.435592,0.055345,0,0,1,0.9000,大鹏新区,22,22,0,0,0,0,1
2022-11-15,589179428,20190000000000000003,900200000000000047,1,17.690,331.100,5860.000,2022-11-15 06:30:00.000,L2FT01-FTJ020,16.07,0.000,0.666012,16605,0.435592,0.055345,0,0,1,0.9000,大鹏新区,22,22,0,0,0,0,1
2022-11-15,589179428,20190000000000000003,900200000000000032,1,55.392,310.950,18465.000,2022-11-15 06:45:00.000,L2FT01-FTJ020,16.07,0.000,0.666012,16605,0.435592,0.055345,0,0,1,0.9000,大鹏新区,22,22,0,0,0,0,1
2022-11-15,589179428,20190000000000000003,900200000000000047,1,131.250,344.480,45317.333,2022-11-15 06:45:00.000,L2FT01-FTJ020,16.07,0.000,0.666012,16605,0.435592,0.055345,0,0,1,0.9000,大鹏新区,22,22,0,0,0,0,1
2022-11-15,589179428,20190000000000000003,900200000000000032,1,57.632,340.280,19598.667,2022-11-15 07:00:00.000,L2FT01-FTJ020,15.97,0.000,0.666012,16605,0.435592,0.055345,0,0,1,0.9000,大鹏新区,22,22,0,0,0,0,1
2022-11-15,589179428,20190000000000000003,900200000000000047,1,139.354,357.293,49783.333,2022-11-15 07:00:00.000,L2FT01-FTJ020,15.97,0.000,0.666012,16605,0.435592,0.055345,0,0,1,0.9000,大鹏新区,22,22,0,0,0,0,1
2022-11-15,589179428,20190000000000000003,900200000000000047,1,110.923,374.440,41468.667,2022-11-15 07:15:00.000,L2FT01-FTJ020,15.97,0.000,0.666012,16605,0.435592,0.055345,0,0,1,0.9000,大鹏新区,22,22,0,0,0,0,1
2022-11-15,589179428,20190000000000000003,900200000000000052,1,149.807,350.142,52451.667,2022-11-15 07:15:00.000,L2FT01-FTJ020,15.97,0.000,0.666012,16605,0.435592,0.055345,0,0,1,0.9000,大鹏新区,22,22,0,0,0,0,1
2022-11-15,589179428,20190000000000000003,900200000000000032,1,47.759,348.527,16636.667,2022-11-15 07:15:00.000,L2FT01-FTJ020,15.97,0.000,0.666012,16605,0.435592,0.055345,0,0,1,0.9000,大鹏新区,22,22,0,0,0,0,1
2022-11-15,589179428,20190000000000000003,900200000000000032,1,35.531,354.620,12592.000,2022-11-15 07:30:00.000,L2FT01-FTJ020,15.97,0.000,0.666012,16605,0.435592,0.055345,0,0,1,0.9000,大鹏新区,22,22,0,0,0,0,1
2022-11-15,589179428,20190000000000000003,900200000000000047,1,61.617,385.220,23712.667,2022-11-15 07:30:00.000,L2FT01-FTJ020,15.97,0.000,0.666012,16605,0.435592,0.055345,0,0,1,0.9000,大鹏新区,22,22,0,0,0,0,1
2022-11-15,589179428,20190000000000000003,900200000000000052,1,149.790,363.293,54416.000,2022-11-15 07:30:00.000,L2FT01-FTJ020,15.97,0.000,0.666012,16605,0.435592,0.055345,0,0,1,0.9000,大鹏新区,22,22,0,0,0,0,1
2022-11-15,589179428,20190000000000000003,900200000000000032,1,23.045,358.513,8258.667,2022-11-15 07:45:00.000,L2FT01-FTJ020,15.97,0.000,0.666012,16605,0.435592,0.055345,0,0,1,0.9000,大鹏新区,22,22,0,0,0,0,1
2022-11-15,589179428,20190000000000000003,900200000000000047,1,26.090,386.467,10083.333,2022-11-15 07:45:00.000,L2FT01-FTJ020,15.97,0.000,0.666012,16605,0.435592,0.055345,0,0,1,0.9000,大鹏新区,22,22,0,0,0,0,1
2022-11-15,589179428,20190000000000000003,900200000000000052,1,144.423,373.433,53930.000,2022-11-15 07:45:00.000,L2FT01-FTJ020,15.97,0.000,0.666012,16605,0.435592,0.055345,0,0,1,0.9000,大鹏新区,22,22,0,0,0,0,1
2022-11-15,589179428,20190000000000000003,900200000000000032,1,21.790,362.587,7899.333,2022-11-15 08:00:00.000,L2FT01-FTJ020,15.67,0.000,0.666012,16605,0.435592,0.055345,0,0,1,0.9000,大鹏新区,22,22,0,0,0,0,1
2022-11-15,589179428,20190000000000000003,900200000000000048,1,76.063,487.067,37343.333,2022-11-15 08:00:00.000,L2FT01-FTJ020,15.67,0.000,0.666012,16605,0.435592,0.055345,0,0,1,0.9000,大鹏新区,22,22,0,0,0,0,1
2022-11-15,589179428,20190000000000000003,900200000000000032,1,21.790,365.200,7956.667,2022-11-15 08:15:00.000,L2FT01-FTJ020,15.67,0.000,0.666012,16605,0.435592,0.055345,0,0,1,0.9000,大鹏新区,22,22,0,0,0,0,1
2022-11-15,589179428,20190000000000000003,900200000000000045,1,133.004,389.038,52217.500,2022-11-15 08:15:00.000,L2FT01-FTJ020,15.67,0.000,0.666012,16605,0.435592,0.055345,0,0,1,0.9000,大鹏新区,22,22,0,0,0,0,1
2022-11-15,589179428,20190000000000000003,900200000000000048,1,53.157,488.160,25971.333,2022-11-15 08:15:00.000,L2FT01-FTJ020,15.67,0.000,0.666012,16605,0.435592,0.055345,0,0,1,0.9000,大鹏新区,22,22,0,0,0,0,1
2022-11-15,589179428,20190000000000000003,900200000000000048,1,26.421,485.320,12880.000,2022-11-15 08:30:00.000,L2FT01-FTJ020,15.67,0.000,0.666012,16605,0.435592,0.055345,0,0,1,0.9000,大鹏新区,22,22,0,0,0,0,1
2022-11-15,589179428,20190000000000000003,900200000000000045,1,140.510,407.527,57226.000,2022-11-15 08:30:00.000,L2FT01-FTJ020,15.67,0.000,0.666012,16605,0.435592,0.055345,0,0,1,0.9000,大鹏新区,22,22,0,0,0,0,1
2022-11-15,589179428,20190000000000000003,900200000000000048,1,14.817,484.913,7184.667,2022-11-15 08:45:00.000,L2FT01-FTJ020,15.67,0.000,0.666012,16605,0.435592,0.055345,0,0,1,0.9000,大鹏新区,22,22,0,0,0,0,1
2022-11-15,589179428,20190000000000000003,900200000000000045,1,94.701,421.733,39906.000,2022-11-15 08:45:00.000,L2FT01-FTJ020,15.67,0.000,0.666012,16605,0.435592,0.055345,0,0,1,0.9000,大鹏新区,22,22,0,0,0,0,1
2022-11-15,589179428,20190000000000000003,900200000000000045,1,45.539,428.060,19495.333,2022-11-15 09:00:00.000,L2FT01-FTJ020,15.19,0.000,0.666012,16605,0.435592,0.055345,0,0,1,0.9000,大鹏新区,22,22,0,0,0,0,1
2022-11-15,589179428,20190000000000000003,900200000000000048,1,14.817,490.513,7268.667,2022-11-15 09:00:00.000,L2FT01-FTJ020,15.19,0.000,0.666012,16605,0.435592,0.055345,0,0,1,0.9000,大鹏新区,22,22,0,0,0,0,1
2022-11-15,589179428,20190000000000000003,900200000000000045,1,27.000,428.200,11560.000,2022-11-15 09:15:00.000,L2FT01-FTJ020,15.19,0.000,0.666012,16605,0.435592,0.055345,0,0,1,0.9000,大鹏新区,22,22,0,0,0,0,1
2022-11-15,589179428,20190000000000000003,900200000000000048,1,7.414,502.764,3716.429,2022-11-15 09:15:00.000,L2FT01-FTJ020,15.19,0.000,0.666012,16605,0.435592,0.055345,0,0,1,0.9000,大鹏新区,22,22,0,0,0,0,1
2022-11-15,589179428,20190000000000000003,900200000000000048,1,149.852,313.900,47036.000,2022-11-15 09:30:00.000,L2FT01-FTJ020,15.19,0.000,0.666012,16605,0.435592,0.055345,0,0,1,0.9000,大鹏新区,22,22,0,0,0,0,1
2022-11-15,589179428,20190000000000000003,900200000000000048,1,135.583,317.171,42871.429,2022-11-15 09:45:00.000,L2FT01-FTJ020,15.19,0.000,0.666012,16605,0.435592,0.055345,0,0,1,0.9000,大鹏新区,22,22,0,0,0,0,1
2022-11-15,589179428,20190000000000000003,900200000000000040,1,149.798,341.279,51122.143,2022-11-15 10:00:00.000,L2FT01-FTJ020,14.57,0.000,0.666012,16605,0.435592,0.055345,0,0,1,0.9000,大鹏新区,22,22,0,0,0,0,1
2022-11-15,589179428,20190000000000000003,900200000000000040,1,138.177,343.053,47414.000,2022-11-15 10:15:00.000,L2FT01-FTJ020,14.57,0.000,0.666012,16605,0.435592,0.055345,0,0,1,0.9000,大鹏新区,22,22,0,0,0,0,1
2022-11-15,589179428,20190000000000000003,900200000000000040,1,114.860,342.500,39340.000,2022-11-15 10:30:00.000,L2FT01-FTJ020,14.57,0.000,0.666012,16605,0.435592,0.055345,0,0,1,0.9000,大鹏新区,22,22,0,0,0,0,1
2022-11-15,589179428,20190000000000000003,900200000000000048,1,73.820,354.257,26148.571,2022-11-15 10:30:00.000,L2FT01-FTJ020,14.57,0.000,0.666012,16605,0.435592,0.055345,0,0,1,0.9000,大鹏新区,22,22,0,0,0,0,1
2022-11-15,589179428,20190000000000000003,900200000000000048,1,73.790,363.140,26794.667,2022-11-15 10:45:00.000,L2FT01-FTJ020,14.57,0.000,0.666012,16605,0.435592,0.055345,0,0,1,0.9000,大鹏新区,22,22,0,0,0,0,1
2022-11-15,589179428,20190000000000000003,900200000000000053,1,130.350,356.067,46409.167,2022-11-15 11:00:00.000,L2FT01-FTJ020,13.85,0.000,0.666012,16605,0.435592,0.055345,0,0,1,0.9000,大鹏新区,22,22,0,0,0,0,1
2022-11-15,589179428,20190000000000000003,900200000000000048,1,73.847,371.529,27435.714,2022-11-15 11:00:00.000,L2FT01-FTJ020,13.85,0.000,0.666012,16605,0.435592,0.055345,0,0,1,0.9000,大鹏新区,22,22,0,0,0,0,1
2022-11-15,589179428,20190000000000000003,900200000000000053,1,122.942,357.927,44000.000,2022-11-15 11:15:00.000,L2FT01-FTJ020,13.85,0.000,0.666012,16605,0.435592,0.055345,0,0,1,0.9000,大鹏新区,22,22,0,0,0,0,1
2022-11-15,589179428,20190000000000000003,900200000000000053,1,80.360,356.987,28724.667,2022-11-15 11:30:00.000,L2FT01-FTJ020,13.85,0.000,0.666012,16605,0.435592,0.055345,0,0,1,0.9000,大鹏新区,22,22,0,0,0,0,1
2022-11-15,589179428,20190000000000000003,900200000000000056,1,18.090,355.800,6430.000,2022-11-15 11:30:00.000,L2FT01-FTJ020,13.85,0.000,0.666012,16605,0.435592,0.055345,0,0,1,0.9000,大鹏新区,22,22,0,0,0,0,1
2022-11-15,589179428,20190000000000000003,900200000000000034,1,130.294,311.080,40526.000,2022-11-15 11:45:00.000,L2FT01-FTJ020,13.85,0.000,0.666012,16605,0.435592,0.055345,0,0,1,0.9000,大鹏新区,22,22,0,0,0,0,1
2022-11-15,589179428,20190000000000000003,900200000000000053,1,38.390,356.850,13700.000,2022-11-15 11:45:00.000,L2FT01-FTJ020,13.85,0.000,0.666012,16605,0.435592,0.055345,0,0,1,0.9000,大鹏新区,22,22,0,0,0,0,1
2022-11-15,589179428,20190000000000000003,900200000000000056,1,93.263,361.800,33943.333,2022-11-15 11:45:00.000,L2FT01-FTJ020,13.85,0.000,0.666012,16605,0.435592,0.055345,0,0,1,0.9000,大鹏新区,22,22,0,0,0,0,1
2022-11-15,589179428,20190000000000000003,900200000000000034,1,129.836,313.913,40753.333,2022-11-15 12:00:00.000,L2FT01-FTJ020,13.07,0.000,0.666012,16605,0.435592,0.055345,0,0,1,0.9000,大鹏新区,22,22,0,0,0,0,1
2022-11-15,589179428,20190000000000000003,900200000000000034,1,113.825,318.947,36172.000,2022-11-15 12:15:00.000,L2FT01-FTJ020,13.07,0.000,0.666012,16605,0.435592,0.055345,0,0,1,0.9000,大鹏新区,22,22,0,0,0,0,1
2022-11-15,589179428,20190000000000000003,900200000000000034,1,29.790,329.400,9810.000,2022-11-15 12:30:00.000,L2FT01-FTJ020,13.07,0.000,0.666012,16605,0.435592,0.055345,0,0,1,0.9000,大鹏新区,22,22,0,0,0,0,1
2022-11-15,589179428,20190000000000000003,900200000000000037,1,71.341,383.700,27372.500,2022-11-15 13:00:00.000,L2FT01-FTJ020,12.30,0.000,0.666012,16605,0.435592,0.055345,0,0,1,0.9000,大鹏新区,22,22,0,0,0,0,1
2022-11-15,589179428,20190000000000000003,900200000000000037,1,71.303,385.000,27453.750,2022-11-15 13:15:00.000,L2FT01-FTJ020,12.30,0.000,0.666012,16605,0.435592,0.055345,0,0,1,0.9000,大鹏新区,22,22,0,0,0,0,1
2022-11-15,589179428,20190000000000000003,900200000000000042,1,89.650,276.450,31445.000,2022-11-15 14:15:00.000,L2FT01-FTJ020,11.57,0.000,0.666012,16605,0.435592,0.055345,0,0,1,0.9000,大鹏新区,22,22,0,0,0,0,1
2022-11-15,589179428,20190000000000000003,900200000000000042,1,178.907,357.027,63872.000,2022-11-15 14:30:00.000,L2FT01-FTJ020,11.57,0.000,0.666012,16605,0.435592,0.055345,0,0,1,0.9000,大鹏新区,22,22,0,0,0,0,1
2022-11-15,589179428,20190000000000000003,900200000000000052,1,71.294,312.186,22252.857,2022-11-15 14:45:00.000,L2FT01-FTJ020,11.57,0.000,0.666012,16605,0.435592,0.055345,0,0,1,0.9000,大鹏新区,22,22,0,0,0,0,1
2022-11-15,589179428,20190000000000000003,900200000000000042,1,178.890,362.067,64768.333,2022-11-15 14:45:00.000,L2FT01-FTJ020,11.57,0.000,0.666012,16605,0.435592,0.055345,0,0,1,0.9000,大鹏新区,22,22,0,0,0,0,1
2022-11-15,589179428,20190000000000000003,900200000000000032,1,129.967,303.133,39393.333,2022-11-15 15:00:00.000,L2FT01-FTJ020,10.95,0.000,0.666012,16605,0.435592,0.055345,0,0,1,0.9000,大鹏新区,22,22,0,0,0,0,1
2022-11-15,589179428,20190000000000000003,900200000000000052,1,68.797,315.553,21705.333,2022-11-15 15:00:00.000,L2FT01-FTJ020,10.95,0.000,0.666012,16605,0.435592,0.055345,0,0,1,0.9000,大鹏新区,22,22,0,0,0,0,1
2022-11-15,589179428,20190000000000000003,900200000000000032,1,129.884,308.447,40060.667,2022-11-15 15:15:00.000,L2FT01-FTJ020,10.95,0.000,0.666012,16605,0.435592,0.055345,0,0,1,0.9000,大鹏新区,22,22,0,0,0,0,1
2022-11-15,589179428,20190000000000000003,900200000000000052,1,66.250,322.193,21342.667,2022-11-15 15:15:00.000,L2FT01-FTJ020,10.95,0.000,0.666012,16605,0.435592,0.055345,0,0,1,0.9000,大鹏新区,22,22,0,0,0,0,1
2022-11-15,589179428,20190000000000000003,900200000000000032,1,129.890,310.953,40387.333,2022-11-15 15:30:00.000,L2FT01-FTJ020,10.95,0.000,0.666012,16605,0.435592,0.055345,0,0,1,0.9000,大鹏新区,22,22,0,0,0,0,1
2022-11-15,589179428,20190000000000000003,900200000000000048,1,119.836,305.677,37223.846,2022-11-15 15:30:00.000,L2FT01-FTJ020,10.95,0.000,0.666012,16605,0.435592,0.055345,0,0,1,0.9000,大鹏新区,22,22,0,0,0,0,1
2022-11-15,589179428,20190000000000000003,900200000000000052,1,65.140,328.450,21393.750,2022-11-15 15:30:00.000,L2FT01-FTJ020,10.95,0.000,0.666012,16605,0.435592,0.055345,0,0,1,0.9000,大鹏新区,22,22,0,0,0,0,1
2022-11-15,589179428,20190000000000000003,900200000000000032,1,129.890,311.707,40485.333,2022-11-15 15:45:00.000,L2FT01-FTJ020,10.95,0.000,0.666012,16605,0.435592,0.055345,0,0,1,0.9000,大鹏新区,22,22,0,0,0,0,1
2022-11-15,589179428,20190000000000000003,900200000000000048,1,129.806,311.393,40416.000,2022-11-15 15:45:00.000,L2FT01-FTJ020,10.95,0.000,0.666012,16605,0.435592,0.055345,0,0,1,0.9000,大鹏新区,22,22,0,0,0,0,1
2022-11-15,589179428,20190000000000000003,900200000000000048,1,129.860,313.547,40714.667,2022-11-15 16:00:00.000,L2FT01-FTJ020,10.47,0.000,0.666012,16605,0.435592,0.055345,0,0,1,0.9000,大鹏新区,22,22,0,0,0,0,1
2022-11-15,589179428,20190000000000000003,900200000000000032,1,129.949,313.560,40742.667,2022-11-15 16:00:00.000,L2FT01-FTJ020,10.47,0.000,0.666012,16605,0.435592,0.055345,0,0,1,0.9000,大鹏新区,22,22,0,0,0,0,1
2022-11-15,589179428,20190000000000000003,900200000000000040,1,106.500,307.500,32740.000,2022-11-15 16:00:00.000,L2FT01-FTJ020,10.47,0.000,0.666012,16605,0.435592,0.055345,0,0,1,0.9000,大鹏新区,22,22,0,0,0,0,1
2022-11-15,589179428,20190000000000000003,900200000000000048,1,129.860,314.717,40866.667,2022-11-15 16:15:00.000,L2FT01-FTJ020,10.47,0.000,0.666012,16605,0.435592,0.055345,0,0,1,0.9000,大鹏新区,22,22,0,0,0,0,1
2022-11-15,589179428,20190000000000000003,900200000000000032,1,129.941,315.027,40932.667,2022-11-15 16:15:00.000,L2FT01-FTJ020,10.47,0.000,0.666012,16605,0.435592,0.055345,0,0,1,0.9000,大鹏新区,22,22,0,0,0,0,1
2022-11-15,589179428,20190000000000000003,900200000000000032,1,113.937,319.567,36362.000,2022-11-15 16:30:00.000,L2FT01-FTJ020,10.47,0.000,0.666012,16605,0.435592,0.055345,0,0,1,0.9000,大鹏新区,22,22,0,0,0,0,1
2022-11-15,589179428,20190000000000000003,900200000000000048,1,20.090,395.600,7950.000,2022-11-15 17:00:00.000,L2FT01-FTJ020,10.17,0.000,0.666012,16605,0.435592,0.055345,0,0,1,0.9000,大鹏新区,22,22,0,0,0,0,1
2022-11-15,589179428,20190000000000000003,900200000000000056,1,75.498,344.333,25311.667,2022-11-15 17:00:00.000,L2FT01-FTJ020,10.17,0.000,0.666012,16605,0.435592,0.055345,0,0,1,0.9000,大鹏新区,22,22,0,0,0,0,1
2022-11-15,589179428,20190000000000000003,900200000000000030,1,109.513,475.375,52229.167,2022-11-15 17:15:00.000,L2FT01-FTJ020,10.17,0.000,0.666012,16605,0.435592,0.055345,0,0,1,0.9000,大鹏新区,22,22,0,0,0,0,1
2022-11-15,589179428,20190000000000000003,900200000000000048,1,141.150,476.140,67216.667,2022-11-15 17:15:00.000,L2FT01-FTJ020,10.17,0.000,0.666012,16605,0.435592,0.055345,0,0,1,0.9000,大鹏新区,22,22,0,0,0,0,1
2022-11-15,589179428,20190000000000000003,900200000000000056,1,139.360,343.473,47863.333,2022-11-15 17:15:00.000,L2FT01-FTJ020,10.17,0.000,0.666012,16605,0.435592,0.055345,0,0,1,0.9000,大鹏新区,22,22,0,0,0,0,1
2022-11-15,589179428,20190000000000000003,900200000000000056,1,135.632,352.673,47816.000,2022-11-15 17:30:00.000,L2FT01-FTJ020,10.17,0.000,0.666012,16605,0.435592,0.055345,0,0,1,0.9000,大鹏新区,22,22,0,0,0,0,1
2022-11-15,589179428,20190000000000000003,900200000000000030,1,129.884,477.693,62046.000,2022-11-15 17:30:00.000,L2FT01-FTJ020,10.17,0.000,0.666012,16605,0.435592,0.055345,0,0,1,0.9000,大鹏新区,22,22,0,0,0,0,1
2022-11-15,589179428,20190000000000000003,900200000000000042,1,49.963,336.733,16823.333,2022-11-15 17:30:00.000,L2FT01-FTJ020,10.17,0.000,0.666012,16605,0.435592,0.055345,0,0,1,0.9000,大鹏新区,22,22,0,0,0,0,1
2022-11-15,589179428,20190000000000000003,900200000000000048,1,132.040,475.967,62861.667,2022-11-15 17:30:00.000,L2FT01-FTJ020,10.17,0.000,0.666012,16605,0.435592,0.055345,0,0,1,0.9000,大鹏新区,22,22,0,0,0,0,1
2022-11-15,589179428,20190000000000000003,900200000000000042,1,49.905,343.373,17136.000,2022-11-15 17:45:00.000,L2FT01-FTJ020,10.17,0.000,0.666012,16605,0.435592,0.055345,0,0,1,0.9000,大鹏新区,22,22,0,0,0,0,1
2022-11-15,589179428,20190000000000000003,900200000000000056,1,118.853,367.820,43696.667,2022-11-15 17:45:00.000,L2FT01-FTJ020,10.17,0.000,0.666012,16605,0.435592,0.055345,0,0,1,0.9000,大鹏新区,22,22,0,0,0,0,1
2022-11-15,589179428,20190000000000000003,900200000000000030,1,129.913,477.827,62072.667,2022-11-15 17:45:00.000,L2FT01-FTJ020,10.17,0.000,0.666012,16605,0.435592,0.055345,0,0,1,0.9000,大鹏新区,22,22,0,0,0,0,1
2022-11-15,589179428,20190000000000000003,900200000000000042,1,49.897,353.453,17634.000,2022-11-15 18:00:00.000,L2FT01-FTJ020,10.07,0.000,0.666012,16605,0.435592,0.055345,0,0,1,0.9000,大鹏新区,22,22,0,0,0,0,1
2022-11-15,589179428,20190000000000000003,900200000000000056,1,86.808,379.827,32970.909,2022-11-15 18:00:00.000,L2FT01-FTJ020,10.07,0.000,0.666012,16605,0.435592,0.055345,0,0,1,0.9000,大鹏新区,22,22,0,0,0,0,1
2022-11-15,589179428,20190000000000000003,900200000000000030,1,129.890,477.800,62060.000,2022-11-15 18:00:00.000,L2FT01-FTJ020,10.07,0.000,0.666012,16605,0.435592,0.055345,0,0,1,0.9000,大鹏新区,22,22,0,0,0,0,1
2022-11-15,589179428,20190000000000000003,900200000000000042,1,46.127,361.425,16672.500,2022-11-15 18:15:00.000,L2FT01-FTJ020,10.07,0.000,0.666012,16605,0.435592,0.055345,0,0,1,0.9000,大鹏新区,22,22,0,0,0,0,1
2022-11-15,589179428,20190000000000000003,900200000000000057,1,55.454,313.900,20254.000,2022-11-15 18:45:00.000,L2FT01-FTJ020,10.07,0.000,0.666012,16605,0.435592,0.055345,0,0,1,0.9000,大鹏新区,22,22,0,0,0,0,1
2022-11-15,589179428,20190000000000000003,900200000000000057,1,97.095,375.507,36402.667,2022-11-15 19:00:00.000,L2FT01-FTJ020,10.17,0.000,0.666012,16605,0.435592,0.055345,0,0,1,0.9000,大鹏新区,22,22,0,0,0,0,1
2022-11-15,589179428,20190000000000000003,900200000000000048,1,143.548,311.075,44647.500,2022-11-15 19:15:00.000,L2FT01-FTJ020,10.17,0.000,0.666012,16605,0.435592,0.055345,0,0,1,0.9000,大鹏新区,22,22,0,0,0,0,1
2022-11-15,589179428,20190000000000000003,900200000000000057,1,65.802,384.600,25296.667,2022-11-15 19:15:00.000,L2FT01-FTJ020,10.17,0.000,0.666012,16605,0.435592,0.055345,0,0,1,0.9000,大鹏新区,22,22,0,0,0,0,1
2022-11-15,589179428,20190000000000000003,900200000000000048,1,143.221,313.700,44927.857,2022-11-15 19:30:00.000,L2FT01-FTJ020,10.17,0.000,0.666012,16605,0.435592,0.055345,0,0,1,0.9000,大鹏新区,22,22,0,0,0,0,1
2022-11-15,589179428,20190000000000000003,900200000000000040,1,129.873,307.200,39890.000,2022-11-15 20:00:00.000,L2FT01-FTJ020,10.47,0.000,0.666012,16605,0.435592,0.055345,0,0,1,0.9000,大鹏新区,22,22,0,0,0,0,1
2022-11-15,589179428,20190000000000000003,900200000000000040,1,129.866,309.807,40232.000,2022-11-15 20:15:00.000,L2FT01-FTJ020,10.47,0.000,0.666012,16605,0.435592,0.055345,0,0,1,0.9000,大鹏新区,22,22,0,0,0,0,1
2022-11-15,589179428,20190000000000000003,900200000000000040,1,129.890,310.700,40354.000,2022-11-15 20:30:00.000,L2FT01-FTJ020,10.47,0.000,0.666012,16605,0.435592,0.055345,0,0,1,0.9000,大鹏新区,22,22,0,0,0,0,1
2022-11-15,589179428,20190000000000000003,900200000000000040,1,129.890,312.553,40596.667,2022-11-15 20:45:00.000,L2FT01-FTJ020,10.47,0.000,0.666012,16605,0.435592,0.055345,0,0,1,0.9000,大鹏新区,22,22,0,0,0,0,1
2022-11-15,589179428,20190000000000000003,900200000000000032,1,52.939,332.556,17602.222,2022-11-15 21:00:00.000,L2FT01-FTJ020,10.95,0.000,0.666012,16605,0.435592,0.055345,0,0,1,0.9000,大鹏新区,22,22,0,0,0,0,1
2022-11-15,589179428,20190000000000000003,900200000000000040,1,129.956,314.053,40809.333,2022-11-15 21:00:00.000,L2FT01-FTJ020,10.95,0.000,0.666012,16605,0.435592,0.055345,0,0,1,0.9000,大鹏新区,22,22,0,0,0,0,1
2022-11-15,589179428,20190000000000000003,900200000000000042,1,118.096,356.060,42044.000,2022-11-15 21:00:00.000,L2FT01-FTJ020,10.95,0.000,0.666012,16605,0.435592,0.055345,0,0,1,0.9000,大鹏新区,22,22,0,0,0,0,1
2022-11-15,589179428,20190000000000000003,900200000000000032,1,52.870,342.127,18087.333,2022-11-15 21:15:00.000,L2FT01-FTJ020,10.95,0.000,0.666012,16605,0.435592,0.055345,0,0,1,0.9000,大鹏新区,22,22,0,0,0,0,1
2022-11-15,589179428,20190000000000000003,900200000000000040,1,129.927,315.700,41015.333,2022-11-15 21:15:00.000,L2FT01-FTJ020,10.95,0.000,0.666012,16605,0.435592,0.055345,0,0,1,0.9000,大鹏新区,22,22,0,0,0,0,1
2022-11-15,589179428,20190000000000000003,900200000000000042,1,111.723,356.387,39812.000,2022-11-15 21:15:00.000,L2FT01-FTJ020,10.95,0.000,0.666012,16605,0.435592,0.055345,0,0,1,0.9000,大鹏新区,22,22,0,0,0,0,1
2022-11-15,589179428,20190000000000000003,900200000000000042,1,101.077,357.707,36152.000,2022-11-15 21:30:00.000,L2FT01-FTJ020,10.95,0.000,0.666012,16605,0.435592,0.055345,0,0,1,0.9000,大鹏新区,22,22,0,0,0,0,1
2022-11-15,589179428,20190000000000000003,900200000000000032,1,49.213,353.847,17402.667,2022-11-15 21:30:00.000,L2FT01-FTJ020,10.95,0.000,0.666012,16605,0.435592,0.055345,0,0,1,0.9000,大鹏新区,22,22,0,0,0,0,1
2022-11-15,589179428,20190000000000000003,900200000000000040,1,129.890,319.667,41520.000,2022-11-15 21:30:00.000,L2FT01-FTJ020,10.95,0.000,0.666012,16605,0.435592,0.055345,0,0,1,0.9000,大鹏新区,22,22,0,0,0,0,1
2022-11-15,589179428,20190000000000000003,900200000000000032,1,23.370,359.620,8398.000,2022-11-15 21:45:00.000,L2FT01-FTJ020,10.95,0.000,0.666012,16605,0.435592,0.055345,0,0,1,0.9000,大鹏新区,22,22,0,0,0,0,1
2022-11-15,589179428,20190000000000000003,900200000000000042,1,60.543,356.333,21571.333,2022-11-15 21:45:00.000,L2FT01-FTJ020,10.95,0.000,0.666012,16605,0.435592,0.055345,0,0,1,0.9000,大鹏新区,22,22,0,0,0,0,1
2022-11-15,589179428,20190000000000000003,900200000000000032,1,9.790,360.520,3528.000,2022-11-15 22:00:00.000,L2FT01-FTJ020,11.57,0.000,0.666012,16605,0.435592,0.055345,0,0,1,0.9000,大鹏新区,22,22,0,0,0,0,1
2022-11-15,589179428,20190000000000000003,900200000000000042,1,32.593,358.225,11670.000,2022-11-15 22:00:00.000,L2FT01-FTJ020,11.57,0.000,0.666012,16605,0.435592,0.055345,0,0,1,0.9000,大鹏新区,22,22,0,0,0,0,1
2022-11-16,589179428,20190000000000000003,900200000000000034,1,101.692,337.958,34645.833,2022-11-16 00:00:00.000,L2FT01-FTJ020,13.07,0.000,0.666012,16605,0.435592,0.055345,0,0,1,0.9000,大鹏新区,22,22,0,0,0,0,1
2022-11-16,589179428,20190000000000000003,900200000000000034,1,131.143,349.227,45796.667,2022-11-16 00:15:00.000,L2FT01-FTJ020,13.07,0.000,0.666012,16605,0.435592,0.055345,0,0,1,0.9000,大鹏新区,22,22,0,0,0,0,1
2022-11-16,589179428,20190000000000000003,900200000000000034,1,126.583,364.353,46097.333,2022-11-16 00:30:00.000,L2FT01-FTJ020,13.07,0.000,0.666012,16605,0.435592,0.055345,0,0,1,0.9000,大鹏新区,22,22,0,0,0,0,1
2022-11-16,589179428,20190000000000000003,900200000000000034,1,87.411,378.913,33097.333,2022-11-16 00:45:00.000,L2FT01-FTJ020,13.07,0.000,0.666012,16605,0.435592,0.055345,0,0,1,0.9000,大鹏新区,22,22,0,0,0,0,1
2022-11-16,589179428,20190000000000000003,900200000000000037,1,149.868,310.577,46543.077,2022-11-16 00:45:00.000,L2FT01-FTJ020,13.07,0.000,0.666012,16605,0.435592,0.055345,0,0,1,0.9000,大鹏新区,22,22,0,0,0,0,1
2022-11-16,589179428,20190000000000000003,900200000000000037,1,149.949,311.673,46732.667,2022-11-16 01:00:00.000,L2FT01-FTJ020,13.85,0.000,0.666012,16605,0.435592,0.055345,0,0,1,0.9000,大鹏新区,22,22,0,0,0,0,1
2022-11-16,589179428,20190000000000000003,900200000000000034,1,34.297,384.793,13195.333,2022-11-16 01:00:00.000,L2FT01-FTJ020,13.85,0.000,0.666012,16605,0.435592,0.055345,0,0,1,0.9000,大鹏新区,22,22,0,0,0,0,1
2022-11-16,589179428,20190000000000000003,900200000000000037,1,149.993,313.787,47064.000,2022-11-16 01:15:00.000,L2FT01-FTJ020,13.85,0.000,0.666012,16605,0.435592,0.055345,0,0,1,0.9000,大鹏新区,22,22,0,0,0,0,1
2022-11-16,589179428,20190000000000000003,900200000000000034,1,95.315,332.660,30087.000,2022-11-16 01:15:00.000,L2FT01-FTJ020,13.85,0.000,0.666012,16605,0.435592,0.055345,0,0,1,0.9000,大鹏新区,22,22,0,0,0,0,1
2022-11-16,589179428,20190000000000000003,900200000000000034,1,129.866,310.613,40335.333,2022-11-16 01:30:00.000,L2FT01-FTJ020,13.85,0.000,0.666012,16605,0.435592,0.055345,0,0,1,0.9000,大鹏新区,22,22,0,0,0,0,1
2022-11-16,589179428,20190000000000000003,900200000000000037,1,149.993,315.153,47268.000,2022-11-16 01:30:00.000,L2FT01-FTJ020,13.85,0.000,0.666012,16605,0.435592,0.055345,0,0,1,0.9000,大鹏新区,22,22,0,0,0,0,1
2022-11-16,589179428,20190000000000000003,900200000000000032,1,129.845,305.850,39710.000,2022-11-16 01:45:00.000,L2FT01-FTJ020,13.85,0.000,0.666012,16605,0.435592,0.055345,0,0,1,0.9000,大鹏新区,22,22,0,0,0,0,1
2022-11-16,589179428,20190000000000000003,900200000000000034,1,129.813,312.287,40536.000,2022-11-16 01:45:00.000,L2FT01-FTJ020,13.85,0.000,0.666012,16605,0.435592,0.055345,0,0,1,0.9000,大鹏新区,22,22,0,0,0,0,1
2022-11-16,589179428,20190000000000000003,900200000000000037,1,150.000,317.220,47580.667,2022-11-16 01:45:00.000,L2FT01-FTJ020,13.85,0.000,0.666012,16605,0.435592,0.055345,0,0,1,0.9000,大鹏新区,22,22,0,0,0,0,1
2022-11-16,589179428,20190000000000000003,900200000000000038,1,57.136,273.060,17488.000,2022-11-16 01:45:00.000,L2FT01-FTJ020,13.85,0.000,0.666012,16605,0.435592,0.055345,0,0,1,0.9000,大鹏新区,22,22,0,0,0,0,1
2022-11-16,589179428,20190000000000000003,900200000000000032,1,132.800,309.580,41108.000,2022-11-16 02:00:00.000,L2FT01-FTJ020,14.57,0.000,0.666012,16605,0.435592,0.055345,0,0,1,0.9000,大鹏新区,22,22,0,0,0,0,1
2022-11-16,589179428,20190000000000000003,900200000000000034,1,129.848,313.987,40766.667,2022-11-16 02:00:00.000,L2FT01-FTJ020,14.57,0.000,0.666012,16605,0.435592,0.055345,0,0,1,0.9000,大鹏新区,22,22,0,0,0,0,1
2022-11-16,589179428,20190000000000000003,900200000000000037,1,69.912,328.800,22866.000,2022-11-16 02:00:00.000,L2FT01-FTJ020,14.57,0.000,0.666012,16605,0.435592,0.055345,0,0,1,0.9000,大鹏新区,22,22,0,0,0,0,1
2022-11-16,589179428,20190000000000000003,900200000000000038,1,71.290,307.747,21938.000,2022-11-16 02:00:00.000,L2FT01-FTJ020,14.57,0.000,0.666012,16605,0.435592,0.055345,0,0,1,0.9000,大鹏新区,22,22,0,0,0,0,1
2022-11-16,589179428,20190000000000000003,900200000000000032,1,132.848,310.593,41258.000,2022-11-16 02:15:00.000,L2FT01-FTJ020,14.57,0.000,0.666012,16605,0.435592,0.055345,0,0,1,0.9000,大鹏新区,22,22,0,0,0,0,1
2022-11-16,589179428,20190000000000000003,900200000000000034,1,129.848,315.627,40980.000,2022-11-16 02:15:00.000,L2FT01-FTJ020,14.57,0.000,0.666012,16605,0.435592,0.055345,0,0,1,0.9000,大鹏新区,22,22,0,0,0,0,1
2022-11-16,589179428,20190000000000000003,900200000000000038,1,71.290,308.160,21966.000,2022-11-16 02:15:00.000,L2FT01-FTJ020,14.57,0.000,0.666012,16605,0.435592,0.055345,0,0,1,0.9000,大鹏新区,22,22,0,0,0,0,1
2022-11-16,589179428,20190000000000000003,900200000000000038,1,71.290,308.380,21982.667,2022-11-16 02:30:00.000,L2FT01-FTJ020,14.57,0.000,0.666012,16605,0.435592,0.055345,0,0,1,0.9000,大鹏新区,22,22,0,0,0,0,1
2022-11-16,589179428,20190000000000000003,900200000000000032,1,132.919,312.313,41510.667,2022-11-16 02:30:00.000,L2FT01-FTJ020,14.57,0.000,0.666012,16605,0.435592,0.055345,0,0,1,0.9000,大鹏新区,22,22,0,0,0,0,1
2022-11-16,589179428,20190000000000000003,900200000000000034,1,81.830,323.780,26420.000,2022-11-16 02:30:00.000,L2FT01-FTJ020,14.57,0.000,0.666012,16605,0.435592,0.055345,0,0,1,0.9000,大鹏新区,22,22,0,0,0,0,1
2022-11-16,589179428,20190000000000000003,900200000000000032,1,132.971,313.680,41706.000,2022-11-16 02:45:00.000,L2FT01-FTJ020,14.57,0.000,0.666012,16605,0.435592,0.055345,0,0,1,0.9000,大鹏新区,22,22,0,0,0,0,1
2022-11-16,589179428,20190000000000000003,900200000000000038,1,71.297,309.020,22030.667,2022-11-16 02:45:00.000,L2FT01-FTJ020,14.57,0.000,0.666012,16605,0.435592,0.055345,0,0,1,0.9000,大鹏新区,22,22,0,0,0,0,1
2022-11-16,589179428,20190000000000000003,900200000000000032,1,132.985,314.760,41854.000,2022-11-16 03:00:00.000,L2FT01-FTJ020,15.19,0.000,0.666012,16605,0.435592,0.055345,0,0,1,0.9000,大鹏新区,22,22,0,0,0,0,1
2022-11-16,589179428,20190000000000000003,900200000000000038,1,71.290,310.120,22107.333,2022-11-16 03:00:00.000,L2FT01-FTJ020,15.19,0.000,0.666012,16605,0.435592,0.055345,0,0,1,0.9000,大鹏新区,22,22,0,0,0,0,1
2022-11-16,589179428,20190000000000000003,900200000000000032,1,101.956,317.567,32328.667,2022-11-16 03:15:00.000,L2FT01-FTJ020,15.19,0.000,0.666012,16605,0.435592,0.055345,0,0,1,0.9000,大鹏新区,22,22,0,0,0,0,1
2022-11-16,589179428,20190000000000000003,900200000000000038,1,71.290,311.200,22182.857,2022-11-16 03:15:00.000,L2FT01-FTJ020,15.19,0.000,0.666012,16605,0.435592,0.055345,0,0,1,0.9000,大鹏新区,22,22,0,0,0,0,1
2022-11-16,589179428,20190000000000000003,900200000000000032,1,29.790,331.200,9865.000,2022-11-16 03:30:00.000,L2FT01-FTJ020,15.19,0.000,0.666012,16605,0.435592,0.055345,0,0,1,0.9000,大鹏新区,22,22,0,0,0,0,1
2022-11-16,589179428,20190000000000000003,900200000000000032,1,35.645,281.750,10815.000,2022-11-16 06:15:00.000,L2FT01-FTJ020,16.07,0.000,0.666012,16605,0.435592,0.055345,0,0,1,0.9000,大鹏新区,22,22,0,0,0,0,1
2022-11-16,589179428,20190000000000000003,900200000000000049,1,71.463,308.250,22025.000,2022-11-16 06:15:00.000,L2FT01-FTJ020,16.07,0.000,0.666012,16605,0.435592,0.055345,0,0,1,0.9000,大鹏新区,22,22,0,0,0,0,1
2022-11-16,589179428,20190000000000000003,900200000000000049,1,71.390,308.400,22010.000,2022-11-16 06:30:00.000,L2FT01-FTJ020,16.07,0.000,0.666012,16605,0.435592,0.055345,0,0,1,0.9000,大鹏新区,22,22,0,0,0,0,1
2022-11-16,589179428,20190000000000000003,900200000000000042,1,60.892,404.546,24645.385,2022-11-16 08:15:00.000,L2FT01-FTJ020,15.67,0.000,0.666012,16605,0.435592,0.055345,0,0,1,0.9000,大鹏新区,22,22,0,0,0,0,1
2022-11-16,589179428,20190000000000000003,900200000000000042,1,42.032,414.193,17412.000,2022-11-16 08:30:00.000,L2FT01-FTJ020,15.67,0.000,0.666012,16605,0.435592,0.055345,0,0,1,0.9000,大鹏新区,22,22,0,0,0,0,1
2022-11-16,589179428,20190000000000000003,900200000000000042,1,17.223,415.560,7157.333,2022-11-16 08:45:00.000,L2FT01-FTJ020,15.67,0.000,0.666012,16605,0.435592,0.055345,0,0,1,0.9000,大鹏新区,22,22,0,0,0,0,1
2022-11-16,589179428,20190000000000000003,900200000000000042,1,10.740,416.550,4472.500,2022-11-16 09:00:00.000,L2FT01-FTJ020,15.19,0.000,0.666012,16605,0.435592,0.055345,0,0,1,0.9000,大鹏新区,22,22,0,0,0,0,1
2022-11-16,589179428,20190000000000000003,900200000000000045,1,74.857,447.967,34910.000,2022-11-16 09:15:00.000,L2FT01-FTJ020,15.19,0.000,0.666012,16605,0.435592,0.055345,0,0,1,0.9000,大鹏新区,22,22,0,0,0,0,1
2022-11-16,589179428,20190000000000000003,900200000000000045,1,149.810,472.860,70840.000,2022-11-16 09:30:00.000,L2FT01-FTJ020,15.19,0.000,0.666012,16605,0.435592,0.055345,0,0,1,0.9000,大鹏新区,22,22,0,0,0,0,1
2022-11-16,589179428,20190000000000000003,900200000000000045,1,149.790,473.113,70870.000,2022-11-16 09:45:00.000,L2FT01-FTJ020,15.19,0.000,0.666012,16605,0.435592,0.055345,0,0,1,0.9000,大鹏新区,22,22,0,0,0,0,1
2022-11-16,589179428,20190000000000000003,900200000000000045,1,149.464,473.547,70778.667,2022-11-16 10:00:00.000,L2FT01-FTJ020,14.57,0.000,0.666012,16605,0.435592,0.055345,0,0,1,0.9000,大鹏新区,22,22,0,0,0,0,1
2022-11-16,589179428,20190000000000000003,900200000000000031,1,78.526,389.691,30633.636,2022-11-16 10:15:00.000,L2FT01-FTJ020,14.57,0.000,0.666012,16605,0.435592,0.055345,0,0,1,0.9000,大鹏新区,22,22,0,0,0,0,1
2022-11-16,589179428,20190000000000000003,900200000000000043,0,0.000,84.600,0.000,2022-11-16 10:15:00.000,L2FT01-FTJ020,14.57,0.000,0.666012,16605,0.435592,0.055345,0,0,1,0.9000,大鹏新区,22,22,0,0,0,0,1
2022-11-16,589179428,20190000000000000003,900200000000000045,1,112.043,473.513,53060.667,2022-11-16 10:15:00.000,L2FT01-FTJ020,14.57,0.000,0.666012,16605,0.435592,0.055345,0,0,1,0.9000,大鹏新区,22,22,0,0,0,0,1
2022-11-16,589179428,20190000000000000003,900200000000000031,1,43.859,391.053,17132.000,2022-11-16 10:30:00.000,L2FT01-FTJ020,14.57,0.000,0.666012,16605,0.435592,0.055345,0,0,1,0.9000,大鹏新区,22,22,0,0,0,0,1
2022-11-16,589179428,20190000000000000003,900200000000000043,1,107.862,343.053,36983.333,2022-11-16 10:30:00.000,L2FT01-FTJ020,14.57,0.000,0.666012,16605,0.435592,0.055345,0,0,1,0.9000,大鹏新区,22,22,0,0,0,0,1
2022-11-16,589179428,20190000000000000003,900200000000000045,1,52.430,473.010,24808.000,2022-11-16 10:30:00.000,L2FT01-FTJ020,14.57,0.000,0.666012,16605,0.435592,0.055345,0,0,1,0.9000,大鹏新区,22,22,0,0,0,0,1
2022-11-16,589179428,20190000000000000003,900200000000000043,1,87.390,358.860,31359.333,2022-11-16 10:45:00.000,L2FT01-FTJ020,14.57,0.000,0.666012,16605,0.435592,0.055345,0,0,1,0.9000,大鹏新区,22,22,0,0,0,0,1
2022-11-16,589179428,20190000000000000003,900200000000000031,1,13.890,400.000,5550.000,2022-11-16 10:45:00.000,L2FT01-FTJ020,14.57,0.000,0.666012,16605,0.435592,0.055345,0,0,1,0.9000,大鹏新区,22,22,0,0,0,0,1
2022-11-16,589179428,20190000000000000003,900200000000000043,1,45.370,371.993,16871.333,2022-11-16 11:00:00.000,L2FT01-FTJ020,13.85,0.000,0.666012,16605,0.435592,0.055345,0,0,1,0.9000,大鹏新区,22,22,0,0,0,0,1
2022-11-16,589179428,20190000000000000003,900200000000000043,1,31.723,379.393,12030.667,2022-11-16 11:15:00.000,L2FT01-FTJ020,13.85,0.000,0.666012,16605,0.435592,0.055345,0,0,1,0.9000,大鹏新区,22,22,0,0,0,0,1
2022-11-16,589179428,20190000000000000003,900200000000000040,1,129.912,310.660,40356.000,2022-11-16 11:30:00.000,L2FT01-FTJ020,13.85,0.000,0.666012,16605,0.435592,0.055345,0,0,1,0.9000,大鹏新区,22,22,0,0,0,0,1
2022-11-16,589179428,20190000000000000003,900200000000000043,1,11.852,381.863,4525.000,2022-11-16 11:30:00.000,L2FT01-FTJ020,13.85,0.000,0.666012,16605,0.435592,0.055345,0,0,1,0.9000,大鹏新区,22,22,0,0,0,0,1
2022-11-16,589179428,20190000000000000003,900200000000000040,1,129.941,312.233,40568.000,2022-11-16 11:45:00.000,L2FT01-FTJ020,13.85,0.000,0.666012,16605,0.435592,0.055345,0,0,1,0.9000,大鹏新区,22,22,0,0,0,0,1
2022-11-16,589179428,20190000000000000003,900200000000000045,1,112.880,354.933,40425.000,2022-11-16 11:45:00.000,L2FT01-FTJ020,13.85,0.000,0.666012,16605,0.435592,0.055345,0,0,1,0.9000,大鹏新区,22,22,0,0,0,0,1
2022-11-16,589179428,20190000000000000003,900200000000000040,1,130.018,314.840,40930.667,2022-11-16 12:00:00.000,L2FT01-FTJ020,13.07,0.000,0.666012,16605,0.435592,0.055345,0,0,1,0.9000,大鹏新区,22,22,0,0,0,0,1
2022-11-16,589179428,20190000000000000003,900200000000000045,1,115.978,366.915,42506.154,2022-11-16 12:00:00.000,L2FT01-FTJ020,13.07,0.000,0.666012,16605,0.435592,0.055345,0,0,1,0.9000,大鹏新区,22,22,0,0,0,0,1
2022-11-16,589179428,20190000000000000003,900200000000000052,1,54.760,412.920,22601.000,2022-11-16 12:00:00.000,L2FT01-FTJ020,13.07,0.000,0.666012,16605,0.435592,0.055345,0,0,1,0.9000,大鹏新区,22,22,0,0,0,0,1
2022-11-16,589179428,20190000000000000003,900200000000000040,1,113.403,316.756,35917.778,2022-11-16 12:15:00.000,L2FT01-FTJ020,13.07,0.000,0.666012,16605,0.435592,0.055345,0,0,1,0.9000,大鹏新区,22,22,0,0,0,0,1
2022-11-16,589179428,20190000000000000003,900200000000000052,1,51.717,422.947,21878.000,2022-11-16 12:15:00.000,L2FT01-FTJ020,13.07,0.000,0.666012,16605,0.435592,0.055345,0,0,1,0.9000,大鹏新区,22,22,0,0,0,0,1
2022-11-16,589179428,20190000000000000003,900200000000000052,1,43.250,433.480,18734.667,2022-11-16 12:30:00.000,L2FT01-FTJ020,13.07,0.000,0.666012,16605,0.435592,0.055345,0,0,1,0.9000,大鹏新区,22,22,0,0,0,0,1
2022-11-16,589179428,20190000000000000003,900200000000000056,1,113.270,388.675,44082.500,2022-11-16 14:45:00.000,L2FT01-FTJ020,11.57,0.000,0.666012,16605,0.435592,0.055345,0,0,1,0.9000,大鹏新区,22,22,0,0,0,0,1
2022-11-16,589179428,20190000000000000003,900200000000000056,1,123.890,392.675,48648.750,2022-11-16 15:00:00.000,L2FT01-FTJ020,10.95,0.000,0.666012,16605,0.435592,0.055345,0,0,1,0.9000,大鹏新区,22,22,0,0,0,0,1
2022-11-16,589179428,20190000000000000003,900200000000000052,1,86.276,325.600,28088.571,2022-11-16 15:30:00.000,L2FT01-FTJ020,10.95,0.000,0.666012,16605,0.435592,0.055345,0,0,1,0.9000,大鹏新区,22,22,0,0,0,0,1
2022-11-16,589179428,20190000000000000003,900200000000000052,1,80.920,335.047,27101.333,2022-11-16 15:45:00.000,L2FT01-FTJ020,10.95,0.000,0.666012,16605,0.435592,0.055345,0,0,1,0.9000,大鹏新区,22,22,0,0,0,0,1
2022-11-16,589179428,20190000000000000003,900200000000000052,1,41.783,339.553,14183.333,2022-11-16 16:00:00.000,L2FT01-FTJ020,10.47,0.000,0.666012,16605,0.435592,0.055345,0,0,1,0.9000,大鹏新区,22,22,0,0,0,0,1
2022-11-16,589179428,20190000000000000003,900200000000000052,1,17.090,340.753,5824.667,2022-11-16 16:15:00.000,L2FT01-FTJ020,10.47,0.000,0.666012,16605,0.435592,0.055345,0,0,1,0.9000,大鹏新区,22,22,0,0,0,0,1
2022-11-16,589179428,20190000000000000003,900200000000000052,1,13.090,342.007,4475.333,2022-11-16 16:30:00.000,L2FT01-FTJ020,10.47,0.000,0.666012,16605,0.435592,0.055345,0,0,1,0.9000,大鹏新区,22,22,0,0,0,0,1
2022-11-16,589179428,20190000000000000003,900200000000000047,1,62.795,360.700,22925.000,2022-11-16 16:45:00.000,L2FT01-FTJ020,10.47,0.000,0.666012,16605,0.435592,0.055345,0,0,1,0.9000,大鹏新区,22,22,0,0,0,0,1
2022-11-16,589179428,20190000000000000003,900200000000000052,1,13.090,343.050,4490.000,2022-11-16 16:45:00.000,L2FT01-FTJ020,10.47,0.000,0.666012,16605,0.435592,0.055345,0,0,1,0.9000,大鹏新区,22,22,0,0,0,0,1
2022-11-16,589179428,20190000000000000003,900200000000000047,1,103.594,371.520,38458.000,2022-11-16 17:00:00.000,L2FT01-FTJ020,10.17,0.000,0.666012,16605,0.435592,0.055345,0,0,1,0.9000,大鹏新区,22,22,0,0,0,0,1
2022-11-16,589179428,20190000000000000003,900200000000000047,1,85.834,385.420,33045.333,2022-11-16 17:15:00.000,L2FT01-FTJ020,10.17,0.000,0.666012,16605,0.435592,0.055345,0,0,1,0.9000,大鹏新区,22,22,0,0,0,0,1
2022-11-16,589179428,20190000000000000003,900200000000000047,1,53.857,395.933,21322.667,2022-11-16 17:30:00.000,L2FT01-FTJ020,10.17,0.000,0.666012,16605,0.435592,0.055345,0,0,1,0.9000,大鹏新区,22,22,0,0,0,0,1
2022-11-16,589179428,20190000000000000003,900200000000000056,1,130.090,310.600,40400.000,2022-11-16 17:30:00.000,L2FT01-FTJ020,10.17,0.000,0.666012,16605,0.435592,0.055345,0,0,1,0.9000,大鹏新区,22,22,0,0,0,0,1
2022-11-16,589179428,20190000000000000003,900200000000000047,1,49.390,404.810,19992.000,2022-11-16 17:45:00.000,L2FT01-FTJ020,10.17,0.000,0.666012,16605,0.435592,0.055345,0,0,1,0.9000,大鹏新区,22,22,0,0,0,0,1
2022-11-16,589179428,20190000000000000003,900200000000000056,1,130.000,313.920,40804.667,2022-11-16 17:45:00.000,L2FT01-FTJ020,10.17,0.000,0.666012,16605,0.435592,0.055345,0,0,1,0.9000,大鹏新区,22,22,0,0,0,0,1
2022-11-16,589179428,20190000000000000003,900200000000000056,1,129.953,315.900,41049.286,2022-11-16 18:00:00.000,L2FT01-FTJ020,10.07,0.000,0.666012,16605,0.435592,0.055345,0,0,1,0.9000,大鹏新区,22,22,0,0,0,0,1
2022-11-16,589179428,20190000000000000003,900200000000000038,1,137.690,313.900,43220.000,2022-11-16 18:30:00.000,L2FT01-FTJ020,10.07,0.000,0.666012,16605,0.435592,0.055345,0,0,1,0.9000,大鹏新区,22,22,0,0,0,0,1
2022-11-16,589179428,20190000000000000003,900200000000000034,1,76.093,361.400,27810.000,2022-11-16 18:45:00.000,L2FT01-FTJ020,10.07,0.000,0.666012,16605,0.435592,0.055345,0,0,1,0.9000,大鹏新区,22,22,0,0,0,0,1
2022-11-16,589179428,20190000000000000003,900200000000000034,1,230.877,374.400,86441.333,2022-11-16 19:00:00.000,L2FT01-FTJ020,10.17,0.000,0.666012,16605,0.435592,0.055345,0,0,1,0.9000,大鹏新区,22,22,0,0,0,0,1
2022-11-16,589179428,20190000000000000003,900200000000000034,1,150.837,372.613,56228.667,2022-11-16 19:15:00.000,L2FT01-FTJ020,10.17,0.000,0.666012,16605,0.435592,0.055345,0,0,1,0.9000,大鹏新区,22,22,0,0,0,0,1
2022-11-16,589179428,20190000000000000003,900200000000000034,1,67.219,370.427,24908.000,2022-11-16 19:30:00.000,L2FT01-FTJ020,10.17,0.000,0.666012,16605,0.435592,0.055345,0,0,1,0.9000,大鹏新区,22,22,0,0,0,0,1
2022-11-16,589179428,20190000000000000003,900200000000000034,1,21.519,371.500,7991.429,2022-11-16 19:45:00.000,L2FT01-FTJ020,10.17,0.000,0.666012,16605,0.435592,0.055345,0,0,1,0.9000,大鹏新区,22,22,0,0,0,0,1
2022-11-16,589179428,20190000000000000003,900200000000000047,1,60.210,442.967,27718.333,2022-11-16 20:00:00.000,L2FT01-FTJ020,10.47,0.000,0.666012,16605,0.435592,0.055345,0,0,1,0.9000,大鹏新区,22,22,0,0,0,0,1
2022-11-16,589179428,20190000000000000003,900200000000000047,1,103.559,450.125,46090.000,2022-11-16 20:15:00.000,L2FT01-FTJ020,10.47,0.000,0.666012,16605,0.435592,0.055345,0,0,1,0.9000,大鹏新区,22,22,0,0,0,0,1
2022-11-16,589179428,20190000000000000003,900200000000000047,1,129.872,313.307,40687.333,2022-11-16 20:30:00.000,L2FT01-FTJ020,10.47,0.000,0.666012,16605,0.435592,0.055345,0,0,1,0.9000,大鹏新区,22,22,0,0,0,0,1
2022-11-16,589179428,20190000000000000003,900200000000000047,1,129.891,315.160,40934.000,2022-11-16 20:45:00.000,L2FT01-FTJ020,10.47,0.000,0.666012,16605,0.435592,0.055345,0,0,1,0.9000,大鹏新区,22,22,0,0,0,0,1
2022-11-16,589179428,20190000000000000003,900200000000000047,1,113.172,317.778,35944.444,2022-11-16 21:00:00.000,L2FT01-FTJ020,10.95,0.000,0.666012,16605,0.435592,0.055345,0,0,1,0.9000,大鹏新区,22,22,0,0,0,0,1
2022-11-16,589179428,20190000000000000003,900200000000000056,1,143.880,367.140,52821.333,2022-11-16 21:15:00.000,L2FT01-FTJ020,10.95,0.000,0.666012,16605,0.435592,0.055345,0,0,1,0.9000,大鹏新区,22,22,0,0,0,0,1
2022-11-16,589179428,20190000000000000003,900200000000000056,1,141.086,390.440,55054.000,2022-11-16 21:30:00.000,L2FT01-FTJ020,10.95,0.000,0.666012,16605,0.435592,0.055345,0,0,1,0.9000,大鹏新区,22,22,0,0,0,0,1
2022-11-16,589179428,20190000000000000003,900200000000000056,1,78.586,403.060,31658.000,2022-11-16 21:45:00.000,L2FT01-FTJ020,10.95,0.000,0.666012,16605,0.435592,0.055345,0,0,1,0.9000,大鹏新区,22,22,0,0,0,0,1
2022-11-16,589179428,20190000000000000003,900200000000000056,1,47.590,403.600,19210.000,2022-11-16 22:00:00.000,L2FT01-FTJ020,11.57,0.000,0.666012,16605,0.435592,0.055345,0,0,1,0.9000,大鹏新区,22,22,0,0,0,0,1
2022-11-16,589179428,20190000000000000003,900200000000000053,1,124.192,326.280,40516.000,2022-11-16 22:15:00.000,L2FT01-FTJ020,11.57,0.000,0.666012,16605,0.435592,0.055345,0,0,1,0.9000,大鹏新区,22,22,0,0,0,0,1
2022-11-16,589179428,20190000000000000003,900200000000000053,1,124.271,328.147,40774.667,2022-11-16 22:30:00.000,L2FT01-FTJ020,11.57,0.000,0.666012,16605,0.435592,0.055345,0,0,1,0.9000,大鹏新区,22,22,0,0,0,0,1
2022-11-16,589179428,20190000000000000003,900200000000000053,1,109.124,329.573,35992.667,2022-11-16 22:45:00.000,L2FT01-FTJ020,11.57,0.000,0.666012,16605,0.435592,0.055345,0,0,1,0.9000,大鹏新区,22,22,0,0,0,0,1
2022-11-16,589179428,20190000000000000003,900200000000000053,1,61.840,330.878,20428.889,2022-11-16 23:00:00.000,L2FT01-FTJ020,12.30,0.000,0.666012,16605,0.435592,0.055345,0,0,1,0.9000,大鹏新区,22,22,0,0,0,0,1
2022-11-16,589179428,20190000000000000003,900200000000000042,0,0.000,291.200,0.000,2022-11-16 23:45:00.000,L2FT01-FTJ020,12.30,0.000,0.666012,16605,0.435592,0.055345,0,0,1,0.9000,大鹏新区,22,22,0,0,0,0,1
2022-11-16,589179428,20190000000000000003,900200000000000045,1,109.010,354.067,38130.000,2022-11-16 23:45:00.000,L2FT01-FTJ020,12.30,0.000,0.666012,16605,0.435592,0.055345,0,0,1,0.9000,大鹏新区,22,22,0,0,0,0,1
2022-11-17,589179428,20190000000000000003,900200000000000038,1,47.460,287.833,14383.333,2022-11-17 00:00:00.000,L2FT01-FTJ020,13.07,0.000,0.666012,16605,0.435592,0.055345,0,0,1,0.9000,大鹏新区,22,22,0,0,0,0,1
2022-11-17,589179428,20190000000000000003,900200000000000042,1,129.913,305.647,39702.667,2022-11-17 00:00:00.000,L2FT01-FTJ020,13.07,0.000,0.666012,16605,0.435592,0.055345,0,0,1,0.9000,大鹏新区,22,22,0,0,0,0,1
2022-11-17,589179428,20190000000000000003,900200000000000045,1,144.863,358.987,52002.667,2022-11-17 00:00:00.000,L2FT01-FTJ020,13.07,0.000,0.666012,16605,0.435592,0.055345,0,0,1,0.9000,大鹏新区,22,22,0,0,0,0,1
2022-11-17,589179428,20190000000000000003,900200000000000042,1,130.001,309.767,40268.000,2022-11-17 00:15:00.000,L2FT01-FTJ020,13.07,0.000,0.666012,16605,0.435592,0.055345,0,0,1,0.9000,大鹏新区,22,22,0,0,0,0,1
2022-11-17,589179428,20190000000000000003,900200000000000045,1,142.984,372.127,53189.333,2022-11-17 00:15:00.000,L2FT01-FTJ020,13.07,0.000,0.666012,16605,0.435592,0.055345,0,0,1,0.9000,大鹏新区,22,22,0,0,0,0,1
2022-11-17,589179428,20190000000000000003,900200000000000042,1,129.830,310.907,40360.667,2022-11-17 00:30:00.000,L2FT01-FTJ020,13.07,0.000,0.666012,16605,0.435592,0.055345,0,0,1,0.9000,大鹏新区,22,22,0,0,0,0,1
2022-11-17,589179428,20190000000000000003,900200000000000045,1,85.733,387.680,33188.667,2022-11-17 00:30:00.000,L2FT01-FTJ020,13.07,0.000,0.666012,16605,0.435592,0.055345,0,0,1,0.9000,大鹏新区,22,22,0,0,0,0,1
2022-11-17,589179428,20190000000000000003,900200000000000042,1,130.450,312.253,40729.333,2022-11-17 00:45:00.000,L2FT01-FTJ020,13.07,0.000,0.666012,16605,0.435592,0.055345,0,0,1,0.9000,大鹏新区,22,22,0,0,0,0,1
2022-11-17,589179428,20190000000000000003,900200000000000045,1,47.890,395.267,18928.667,2022-11-17 00:45:00.000,L2FT01-FTJ020,13.07,0.000,0.666012,16605,0.435592,0.055345,0,0,1,0.9000,大鹏新区,22,22,0,0,0,0,1
2022-11-17,589179428,20190000000000000003,900200000000000045,1,47.900,402.236,19266.364,2022-11-17 01:00:00.000,L2FT01-FTJ020,13.85,0.000,0.666012,16605,0.435592,0.055345,0,0,1,0.9000,大鹏新区,22,22,0,0,0,0,1
2022-11-17,589179428,20190000000000000003,900200000000000042,1,129.866,314.633,40857.333,2022-11-17 01:00:00.000,L2FT01-FTJ020,13.85,0.000,0.666012,16605,0.435592,0.055345,0,0,1,0.9000,大鹏新区,22,22,0,0,0,0,1
2022-11-17,589179428,20190000000000000003,900200000000000042,1,96.137,318.927,30630.667,2022-11-17 01:15:00.000,L2FT01-FTJ020,13.85,0.000,0.666012,16605,0.435592,0.055345,0,0,1,0.9000,大鹏新区,22,22,0,0,0,0,1
2022-11-17,589179428,20190000000000000003,900200000000000042,1,34.867,327.525,11422.500,2022-11-17 01:30:00.000,L2FT01-FTJ020,13.85,0.000,0.666012,16605,0.435592,0.055345,0,0,1,0.9000,大鹏新区,22,22,0,0,0,0,1
2022-11-17,589179428,20190000000000000003,900200000000000032,1,135.615,355.200,48170.000,2022-11-17 02:45:00.000,L2FT01-FTJ020,14.57,0.000,0.666012,16605,0.435592,0.055345,0,0,1,0.9000,大鹏新区,22,22,0,0,0,0,1
2022-11-17,589179428,20190000000000000003,900200000000000042,1,123.399,354.453,45409.333,2022-11-17 02:45:00.000,L2FT01-FTJ020,14.57,0.000,0.666012,16605,0.435592,0.055345,0,0,1,0.9000,大鹏新区,22,22,0,0,0,0,1
2022-11-17,589179428,20190000000000000003,900200000000000032,1,124.892,363.180,45314.667,2022-11-17 03:00:00.000,L2FT01-FTJ020,15.19,0.000,0.666012,16605,0.435592,0.055345,0,0,1,0.9000,大鹏新区,22,22,0,0,0,0,1
2022-11-17,589179428,20190000000000000003,900200000000000042,1,106.787,386.087,41162.667,2022-11-17 03:00:00.000,L2FT01-FTJ020,15.19,0.000,0.666012,16605,0.435592,0.055345,0,0,1,0.9000,大鹏新区,22,22,0,0,0,0,1
2022-11-17,589179428,20190000000000000003,900200000000000032,1,99.036,378.407,37456.667,2022-11-17 03:15:00.000,L2FT01-FTJ020,15.19,0.000,0.666012,16605,0.435592,0.055345,0,0,1,0.9000,大鹏新区,22,22,0,0,0,0,1
2022-11-17,589179428,20190000000000000003,900200000000000042,1,70.170,395.140,27724.000,2022-11-17 03:15:00.000,L2FT01-FTJ020,15.19,0.000,0.666012,16605,0.435592,0.055345,0,0,1,0.9000,大鹏新区,22,22,0,0,0,0,1
2022-11-17,589179428,20190000000000000003,900200000000000032,1,51.690,388.807,20081.333,2022-11-17 03:30:00.000,L2FT01-FTJ020,15.19,0.000,0.666012,16605,0.435592,0.055345,0,0,1,0.9000,大鹏新区,22,22,0,0,0,0,1
2022-11-17,589179428,20190000000000000003,900200000000000032,1,22.930,393.827,9030.000,2022-11-17 03:45:00.000,L2FT01-FTJ020,15.19,0.000,0.666012,16605,0.435592,0.055345,0,0,1,0.9000,大鹏新区,22,22,0,0,0,0,1
2022-11-17,589179428,20190000000000000003,900200000000000032,1,11.790,394.829,4654.286,2022-11-17 04:00:00.000,L2FT01-FTJ020,15.67,0.000,0.666012,16605,0.435592,0.055345,0,0,1,0.9000,大鹏新区,22,22,0,0,0,0,1
2022-11-17,589179428,20190000000000000003,900200000000000056,1,117.456,456.363,55266.250,2022-11-17 05:00:00.000,L2FT01-FTJ020,15.97,0.000,0.666012,16605,0.435592,0.055345,0,0,1,0.9000,大鹏新区,22,22,0,0,0,0,1
2022-11-17,589179428,20190000000000000003,900200000000000040,1,122.493,303.286,37148.571,2022-11-17 05:00:00.000,L2FT01-FTJ020,15.97,0.000,0.666012,16605,0.435592,0.055345,0,0,1,0.9000,大鹏新区,22,22,0,0,0,0,1
2022-11-17,589179428,20190000000000000003,900200000000000056,1,150.027,473.753,71072.000,2022-11-17 05:15:00.000,L2FT01-FTJ020,15.97,0.000,0.666012,16605,0.435592,0.055345,0,0,1,0.9000,大鹏新区,22,22,0,0,0,0,1
2022-11-17,589179428,20190000000000000003,900200000000000040,1,122.390,307.833,37674.667,2022-11-17 05:15:00.000,L2FT01-FTJ020,15.97,0.000,0.666012,16605,0.435592,0.055345,0,0,1,0.9000,大鹏新区,22,22,0,0,0,0,1
2022-11-17,589179428,20190000000000000003,900200000000000040,1,122.478,310.060,37970.000,2022-11-17 05:30:00.000,L2FT01-FTJ020,15.97,0.000,0.666012,16605,0.435592,0.055345,0,0,1,0.9000,大鹏新区,22,22,0,0,0,0,1
2022-11-17,589179428,20190000000000000003,900200000000000042,1,100.821,363.193,36779.286,2022-11-17 05:30:00.000,L2FT01-FTJ020,15.97,0.000,0.666012,16605,0.435592,0.055345,0,0,1,0.9000,大鹏新区,22,22,0,0,0,0,1
2022-11-17,589179428,20190000000000000003,900200000000000056,1,150.040,474.253,71154.000,2022-11-17 05:30:00.000,L2FT01-FTJ020,15.97,0.000,0.666012,16605,0.435592,0.055345,0,0,1,0.9000,大鹏新区,22,22,0,0,0,0,1
2022-11-17,589179428,20190000000000000003,900200000000000040,1,122.566,311.073,38124.000,2022-11-17 05:45:00.000,L2FT01-FTJ020,15.97,0.000,0.666012,16605,0.435592,0.055345,0,0,1,0.9000,大鹏新区,22,22,0,0,0,0,1
2022-11-17,589179428,20190000000000000003,900200000000000042,1,89.612,377.847,33830.000,2022-11-17 05:45:00.000,L2FT01-FTJ020,15.97,0.000,0.666012,16605,0.435592,0.055345,0,0,1,0.9000,大鹏新区,22,22,0,0,0,0,1
2022-11-17,589179428,20190000000000000003,900200000000000056,1,134.785,474.460,63950.000,2022-11-17 05:45:00.000,L2FT01-FTJ020,15.97,0.000,0.666012,16605,0.435592,0.055345,0,0,1,0.9000,大鹏新区,22,22,0,0,0,0,1
2022-11-17,589179428,20190000000000000003,900200000000000040,1,122.566,312.700,38324.000,2022-11-17 06:00:00.000,L2FT01-FTJ020,16.07,0.000,0.666012,16605,0.435592,0.055345,0,0,1,0.9000,大鹏新区,22,22,0,0,0,0,1
2022-11-17,589179428,20190000000000000003,900200000000000042,1,52.115,385.760,20093.333,2022-11-17 06:00:00.000,L2FT01-FTJ020,16.07,0.000,0.666012,16605,0.435592,0.055345,0,0,1,0.9000,大鹏新区,22,22,0,0,0,0,1
2022-11-17,589179428,20190000000000000003,900200000000000056,1,73.510,474.233,34865.833,2022-11-17 06:00:00.000,L2FT01-FTJ020,16.07,0.000,0.666012,16605,0.435592,0.055345,0,0,1,0.9000,大鹏新区,22,22,0,0,0,0,1
2022-11-17,589179428,20190000000000000003,900200000000000040,1,122.590,313.673,38450.000,2022-11-17 06:15:00.000,L2FT01-FTJ020,16.07,0.000,0.666012,16605,0.435592,0.055345,0,0,1,0.9000,大鹏新区,22,22,0,0,0,0,1
2022-11-17,589179428,20190000000000000003,900200000000000042,1,14.531,386.367,5613.333,2022-11-17 06:15:00.000,L2FT01-FTJ020,16.07,0.000,0.666012,16605,0.435592,0.055345,0,0,1,0.9000,大鹏新区,22,22,0,0,0,0,1
2022-11-17,589179428,20190000000000000003,900200000000000040,1,122.554,314.373,38524.000,2022-11-17 06:30:00.000,L2FT01-FTJ020,16.07,0.000,0.666012,16605,0.435592,0.055345,0,0,1,0.9000,大鹏新区,22,22,0,0,0,0,1
2022-11-17,589179428,20190000000000000003,900200000000000042,1,14.590,387.400,5650.000,2022-11-17 06:30:00.000,L2FT01-FTJ020,16.07,0.000,0.666012,16605,0.435592,0.055345,0,0,1,0.9000,大鹏新区,22,22,0,0,0,0,1
2022-11-17,589179428,20190000000000000003,900200000000000030,1,93.565,492.200,46047.500,2022-11-17 06:30:00.000,L2FT01-FTJ020,16.07,0.000,0.666012,16605,0.435592,0.055345,0,0,1,0.9000,大鹏新区,22,22,0,0,0,0,1
2022-11-17,589179428,20190000000000000003,900200000000000030,1,49.270,487.647,24044.000,2022-11-17 06:45:00.000,L2FT01-FTJ020,16.07,0.000,0.666012,16605,0.435592,0.055345,0,0,1,0.9000,大鹏新区,22,22,0,0,0,0,1
2022-11-17,589179428,20190000000000000003,900200000000000040,1,122.536,316.533,38782.667,2022-11-17 06:45:00.000,L2FT01-FTJ020,16.07,0.000,0.666012,16605,0.435592,0.055345,0,0,1,0.9000,大鹏新区,22,22,0,0,0,0,1
2022-11-17,589179428,20190000000000000003,900200000000000030,1,23.230,485.107,11310.000,2022-11-17 07:00:00.000,L2FT01-FTJ020,15.97,0.000,0.666012,16605,0.435592,0.055345,0,0,1,0.9000,大鹏新区,22,22,0,0,0,0,1
2022-11-17,589179428,20190000000000000003,900200000000000040,1,46.957,324.517,15176.667,2022-11-17 07:00:00.000,L2FT01-FTJ020,15.97,0.000,0.666012,16605,0.435592,0.055345,0,0,1,0.9000,大鹏新区,22,22,0,0,0,0,1
2022-11-17,589179428,20190000000000000003,900200000000000030,1,14.790,484.600,7170.000,2022-11-17 07:15:00.000,L2FT01-FTJ020,15.97,0.000,0.666012,16605,0.435592,0.055345,0,0,1,0.9000,大鹏新区,22,22,0,0,0,0,1
2022-11-17,589179428,20190000000000000003,900200000000000045,1,98.988,348.162,35161.538,2022-11-17 07:15:00.000,L2FT01-FTJ020,15.97,0.000,0.666012,16605,0.435592,0.055345,0,0,1,0.9000,大鹏新区,22,22,0,0,0,0,1
2022-11-17,589179428,20190000000000000003,900200000000000045,1,100.801,356.100,35891.333,2022-11-17 07:30:00.000,L2FT01-FTJ020,15.97,0.000,0.666012,16605,0.435592,0.055345,0,0,1,0.9000,大鹏新区,22,22,0,0,0,0,1
2022-11-17,589179428,20190000000000000003,900200000000000045,1,83.091,356.573,29637.333,2022-11-17 07:45:00.000,L2FT01-FTJ020,15.97,0.000,0.666012,16605,0.435592,0.055345,0,0,1,0.9000,大鹏新区,22,22,0,0,0,0,1
2022-11-17,589179428,20190000000000000003,900200000000000045,1,49.340,355.100,17531.250,2022-11-17 08:00:00.000,L2FT01-FTJ020,15.67,0.000,0.666012,16605,0.435592,0.055345,0,0,1,0.9000,大鹏新区,22,22,0,0,0,0,1
2022-11-17,589179428,20190000000000000003,900200000000000056,1,63.854,329.191,21019.091,2022-11-17 08:45:00.000,L2FT01-FTJ020,15.67,0.000,0.666012,16605,0.435592,0.055345,0,0,1,0.9000,大鹏新区,22,22,0,0,0,0,1
2022-11-17,589179428,20190000000000000003,900200000000000039,1,134.631,358.245,48234.545,2022-11-17 09:00:00.000,L2FT01-FTJ020,15.19,0.000,0.666012,16605,0.435592,0.055345,0,0,1,0.9000,大鹏新区,22,22,0,0,0,0,1
2022-11-17,589179428,20190000000000000003,900200000000000056,1,63.790,337.280,21514.000,2022-11-17 09:00:00.000,L2FT01-FTJ020,15.19,0.000,0.666012,16605,0.435592,0.055345,0,0,1,0.9000,大鹏新区,22,22,0,0,0,0,1
2022-11-17,589179428,20190000000000000003,900200000000000039,1,103.528,367.533,38021.333,2022-11-17 09:15:00.000,L2FT01-FTJ020,15.19,0.000,0.666012,16605,0.435592,0.055345,0,0,1,0.9000,大鹏新区,22,22,0,0,0,0,1
2022-11-17,589179428,20190000000000000003,900200000000000056,1,63.790,345.629,22044.286,2022-11-17 09:15:00.000,L2FT01-FTJ020,15.19,0.000,0.666012,16605,0.435592,0.055345,0,0,1,0.9000,大鹏新区,22,22,0,0,0,0,1
2022-11-17,589179428,20190000000000000003,900200000000000039,1,84.351,382.580,32226.000,2022-11-17 09:30:00.000,L2FT01-FTJ020,15.19,0.000,0.666012,16605,0.435592,0.055345,0,0,1,0.9000,大鹏新区,22,22,0,0,0,0,1
2022-11-17,589179428,20190000000000000003,900200000000000039,1,49.857,390.244,19450.000,2022-11-17 09:45:00.000,L2FT01-FTJ020,15.19,0.000,0.666012,16605,0.435592,0.055345,0,0,1,0.9000,大鹏新区,22,22,0,0,0,0,1
2022-11-17,589179428,20190000000000000003,900200000000000035,1,120.628,311.407,37868.571,2022-11-17 10:30:00.000,L2FT01-FTJ020,14.57,0.000,0.666012,16605,0.435592,0.055345,0,0,1,0.9000,大鹏新区,22,22,0,0,0,0,1
2022-11-17,589179428,20190000000000000003,900200000000000040,1,149.963,315.367,47293.333,2022-11-17 10:30:00.000,L2FT01-FTJ020,14.57,0.000,0.666012,16605,0.435592,0.055345,0,0,1,0.9000,大鹏新区,22,22,0,0,0,0,1
2022-11-17,589179428,20190000000000000003,900200000000000035,1,129.899,315.742,41013.333,2022-11-17 10:45:00.000,L2FT01-FTJ020,14.57,0.000,0.666012,16605,0.435592,0.055345,0,0,1,0.9000,大鹏新区,22,22,0,0,0,0,1
2022-11-17,589179428,20190000000000000003,900200000000000040,1,117.880,316.520,37359.000,2022-11-17 10:45:00.000,L2FT01-FTJ020,14.57,0.000,0.666012,16605,0.435592,0.055345,0,0,1,0.9000,大鹏新区,22,22,0,0,0,0,1
2022-11-17,589179428,20190000000000000003,900200000000000038,1,18.790,351.900,6610.000,2022-11-17 11:30:00.000,L2FT01-FTJ020,13.85,0.000,0.666012,16605,0.435592,0.055345,0,0,1,0.9000,大鹏新区,22,22,0,0,0,0,1
2022-11-17,589179428,20190000000000000003,900200000000000030,1,105.847,335.520,37350.667,2022-11-17 12:00:00.000,L2FT01-FTJ020,13.07,0.000,0.666012,16605,0.435592,0.055345,0,0,1,0.9000,大鹏新区,22,22,0,0,0,0,1
2022-11-17,589179428,20190000000000000003,900200000000000037,1,118.811,310.671,36967.143,2022-11-17 12:00:00.000,L2FT01-FTJ020,13.07,0.000,0.666012,16605,0.435592,0.055345,0,0,1,0.9000,大鹏新区,22,22,0,0,0,0,1
2022-11-17,589179428,20190000000000000003,900200000000000030,1,117.158,369.179,43207.143,2022-11-17 12:15:00.000,L2FT01-FTJ020,13.07,0.000,0.666012,16605,0.435592,0.055345,0,0,1,0.9000,大鹏新区,22,22,0,0,0,0,1
2022-11-17,589179428,20190000000000000003,900200000000000037,1,129.800,314.287,40789.333,2022-11-17 12:15:00.000,L2FT01-FTJ020,13.07,0.000,0.666012,16605,0.435592,0.055345,0,0,1,0.9000,大鹏新区,22,22,0,0,0,0,1
2022-11-17,589179428,20190000000000000003,900200000000000037,1,129.800,316.800,41115.333,2022-11-17 12:30:00.000,L2FT01-FTJ020,13.07,0.000,0.666012,16605,0.435592,0.055345,0,0,1,0.9000,大鹏新区,22,22,0,0,0,0,1
2022-11-17,589179428,20190000000000000003,900200000000000037,1,59.893,328.033,19610.000,2022-11-17 12:45:00.000,L2FT01-FTJ020,13.07,0.000,0.666012,16605,0.435592,0.055345,0,0,1,0.9000,大鹏新区,22,22,0,0,0,0,1
2022-11-17,589179428,20190000000000000003,900200000000000038,1,100.968,330.290,33346.000,2022-11-17 14:30:00.000,L2FT01-FTJ020,11.57,0.000,0.666012,16605,0.435592,0.055345,0,0,1,0.9000,大鹏新区,22,22,0,0,0,0,1
2022-11-17,589179428,20190000000000000003,900200000000000038,1,101.500,336.140,34114.000,2022-11-17 14:45:00.000,L2FT01-FTJ020,11.57,0.000,0.666012,16605,0.435592,0.055345,0,0,1,0.9000,大鹏新区,22,22,0,0,0,0,1
2022-11-17,589179428,20190000000000000003,900200000000000042,1,163.615,311.125,50905.000,2022-11-17 15:45:00.000,L2FT01-FTJ020,10.95,0.000,0.666012,16605,0.435592,0.055345,0,0,1,0.9000,大鹏新区,22,22,0,0,0,0,1
2022-11-17,589179428,20190000000000000003,900200000000000042,1,164.955,313.627,51730.667,2022-11-17 16:00:00.000,L2FT01-FTJ020,10.47,0.000,0.666012,16605,0.435592,0.055345,0,0,1,0.9000,大鹏新区,22,22,0,0,0,0,1
2022-11-17,589179428,20190000000000000003,900200000000000042,1,160.179,317.686,50856.429,2022-11-17 16:15:00.000,L2FT01-FTJ020,10.47,0.000,0.666012,16605,0.435592,0.055345,0,0,1,0.9000,大鹏新区,22,22,0,0,0,0,1
2022-11-17,589179428,20190000000000000003,900200000000000031,1,124.491,313.871,39102.143,2022-11-17 16:30:00.000,L2FT01-FTJ020,10.47,0.000,0.666012,16605,0.435592,0.055345,0,0,1,0.9000,大鹏新区,22,22,0,0,0,0,1
2022-11-17,589179428,20190000000000000003,900200000000000040,1,109.890,364.400,40040.000,2022-11-17 16:30:00.000,L2FT01-FTJ020,10.47,0.000,0.666012,16605,0.435592,0.055345,0,0,1,0.9000,大鹏新区,22,22,0,0,0,0,1
2022-11-17,589179428,20190000000000000003,900200000000000031,1,103.063,320.350,32820.000,2022-11-17 16:45:00.000,L2FT01-FTJ020,10.47,0.000,0.666012,16605,0.435592,0.055345,0,0,1,0.9000,大鹏新区,22,22,0,0,0,0,1
2022-11-17,589179428,20190000000000000003,900200000000000040,1,103.547,371.707,38458.667,2022-11-17 16:45:00.000,L2FT01-FTJ020,10.47,0.000,0.666012,16605,0.435592,0.055345,0,0,1,0.9000,大鹏新区,22,22,0,0,0,0,1
2022-11-17,589179428,20190000000000000003,900200000000000040,1,83.186,385.893,32058.000,2022-11-17 17:00:00.000,L2FT01-FTJ020,10.17,0.000,0.666012,16605,0.435592,0.055345,0,0,1,0.9000,大鹏新区,22,22,0,0,0,0,1
2022-11-17,589179428,20190000000000000003,900200000000000040,1,53.934,396.453,21378.667,2022-11-17 17:15:00.000,L2FT01-FTJ020,10.17,0.000,0.666012,16605,0.435592,0.055345,0,0,1,0.9000,大鹏新区,22,22,0,0,0,0,1
2022-11-17,589179428,20190000000000000003,900200000000000037,0,0.000,165.500,0.000,2022-11-17 17:30:00.000,L2FT01-FTJ020,10.17,0.000,0.666012,16605,0.435592,0.055345,0,0,1,0.9000,大鹏新区,22,22,0,0,0,0,1
2022-11-17,589179428,20190000000000000003,900200000000000040,1,31.114,404.600,12587.333,2022-11-17 17:30:00.000,L2FT01-FTJ020,10.17,0.000,0.666012,16605,0.435592,0.055345,0,0,1,0.9000,大鹏新区,22,22,0,0,0,0,1
2022-11-17,589179428,20190000000000000003,900200000000000053,1,129.854,310.342,40295.833,2022-11-17 17:30:00.000,L2FT01-FTJ020,10.17,0.000,0.666012,16605,0.435592,0.055345,0,0,1,0.9000,大鹏新区,22,22,0,0,0,0,1
2022-11-17,589179428,20190000000000000003,900200000000000040,1,10.090,405.614,4091.429,2022-11-17 17:45:00.000,L2FT01-FTJ020,10.17,0.000,0.666012,16605,0.435592,0.055345,0,0,1,0.9000,大鹏新区,22,22,0,0,0,0,1
2022-11-17,589179428,20190000000000000003,900200000000000053,1,129.859,312.713,40606.000,2022-11-17 17:45:00.000,L2FT01-FTJ020,10.17,0.000,0.666012,16605,0.435592,0.055345,0,0,1,0.9000,大鹏新区,22,22,0,0,0,0,1
2022-11-17,589179428,20190000000000000003,900200000000000053,1,130.000,314.488,40877.500,2022-11-17 18:00:00.000,L2FT01-FTJ020,10.07,0.000,0.666012,16605,0.435592,0.055345,0,0,1,0.9000,大鹏新区,22,22,0,0,0,0,1
2022-11-17,589179428,20190000000000000003,900200000000000049,1,135.978,471.107,64735.000,2022-11-17 18:00:00.000,L2FT01-FTJ020,10.07,0.000,0.666012,16605,0.435592,0.055345,0,0,1,0.9000,大鹏新区,22,22,0,0,0,0,1
2022-11-17,589179428,20190000000000000003,900200000000000035,1,129.840,313.800,40738.571,2022-11-17 18:00:00.000,L2FT01-FTJ020,10.07,0.000,0.666012,16605,0.435592,0.055345,0,0,1,0.9000,大鹏新区,22,22,0,0,0,0,1
2022-11-17,589179428,20190000000000000003,900200000000000040,1,95.392,326.592,31150.833,2022-11-17 18:00:00.000,L2FT01-FTJ020,10.07,0.000,0.666012,16605,0.435592,0.055345,0,0,1,0.9000,大鹏新区,22,22,0,0,0,0,1
2022-11-17,589179428,20190000000000000003,900200000000000035,1,129.891,315.847,41024.000,2022-11-17 18:15:00.000,L2FT01-FTJ020,10.07,0.000,0.666012,16605,0.435592,0.055345,0,0,1,0.9000,大鹏新区,22,22,0,0,0,0,1
2022-11-17,589179428,20190000000000000003,900200000000000040,1,95.300,327.167,31176.667,2022-11-17 18:15:00.000,L2FT01-FTJ020,10.07,0.000,0.666012,16605,0.435592,0.055345,0,0,1,0.9000,大鹏新区,22,22,0,0,0,0,1
2022-11-17,589179428,20190000000000000003,900200000000000043,1,62.638,387.580,24658.000,2022-11-17 18:30:00.000,L2FT01-FTJ020,10.07,0.000,0.666012,16605,0.435592,0.055345,0,0,1,0.9000,大鹏新区,22,22,0,0,0,0,1
2022-11-17,589179428,20190000000000000003,900200000000000043,1,137.378,402.053,55231.333,2022-11-17 18:45:00.000,L2FT01-FTJ020,10.07,0.000,0.666012,16605,0.435592,0.055345,0,0,1,0.9000,大鹏新区,22,22,0,0,0,0,1
2022-11-17,589179428,20190000000000000003,900200000000000045,1,95.368,353.850,33740.000,2022-11-17 18:45:00.000,L2FT01-FTJ020,10.07,0.000,0.666012,16605,0.435592,0.055345,0,0,1,0.9000,大鹏新区,22,22,0,0,0,0,1
2022-11-17,589179428,20190000000000000003,900200000000000030,1,115.456,449.480,54248.000,2022-11-17 19:00:00.000,L2FT01-FTJ020,10.17,0.000,0.666012,16605,0.435592,0.055345,0,0,1,0.9000,大鹏新区,22,22,0,0,0,0,1
2022-11-17,589179428,20190000000000000003,900200000000000043,1,136.663,411.680,56246.000,2022-11-17 19:00:00.000,L2FT01-FTJ020,10.17,0.000,0.666012,16605,0.435592,0.055345,0,0,1,0.9000,大鹏新区,22,22,0,0,0,0,1
2022-11-17,589179428,20190000000000000003,900200000000000045,1,95.390,356.447,33999.333,2022-11-17 19:00:00.000,L2FT01-FTJ020,10.17,0.000,0.666012,16605,0.435592,0.055345,0,0,1,0.9000,大鹏新区,22,22,0,0,0,0,1
2022-11-17,589179428,20190000000000000003,900200000000000045,1,62.243,355.387,22119.333,2022-11-17 19:15:00.000,L2FT01-FTJ020,10.17,0.000,0.666012,16605,0.435592,0.055345,0,0,1,0.9000,大鹏新区,22,22,0,0,0,0,1
2022-11-17,589179428,20190000000000000003,900200000000000030,1,173.575,474.875,82420.000,2022-11-17 19:15:00.000,L2FT01-FTJ020,10.17,0.000,0.666012,16605,0.435592,0.055345,0,0,1,0.9000,大鹏新区,22,22,0,0,0,0,1
2022-11-17,589179428,20190000000000000003,900200000000000043,1,120.177,428.800,51513.333,2022-11-17 19:15:00.000,L2FT01-FTJ020,10.17,0.000,0.666012,16605,0.435592,0.055345,0,0,1,0.9000,大鹏新区,22,22,0,0,0,0,1
2022-11-17,589179428,20190000000000000003,900200000000000045,1,34.962,356.179,12450.714,2022-11-17 19:30:00.000,L2FT01-FTJ020,10.17,0.000,0.666012,16605,0.435592,0.055345,0,0,1,0.9000,大鹏新区,22,22,0,0,0,0,1
2022-11-17,589179428,20190000000000000003,900200000000000043,1,94.598,446.480,42198.000,2022-11-17 19:30:00.000,L2FT01-FTJ020,10.17,0.000,0.666012,16605,0.435592,0.055345,0,0,1,0.9000,大鹏新区,22,22,0,0,0,0,1
2022-11-17,589179428,20190000000000000003,900200000000000035,1,56.260,427.667,25583.333,2022-11-17 19:45:00.000,L2FT01-FTJ020,10.17,0.000,0.666012,16605,0.435592,0.055345,0,0,1,0.9000,大鹏新区,22,22,0,0,0,0,1
2022-11-17,589179428,20190000000000000003,900200000000000043,1,83.590,454.800,38015.000,2022-11-17 19:45:00.000,L2FT01-FTJ020,10.17,0.000,0.666012,16605,0.435592,0.055345,0,0,1,0.9000,大鹏新区,22,22,0,0,0,0,1
2022-11-17,589179428,20190000000000000003,900200000000000035,1,125.516,469.553,58933.333,2022-11-17 20:00:00.000,L2FT01-FTJ020,10.47,0.000,0.666012,16605,0.435592,0.055345,0,0,1,0.9000,大鹏新区,22,22,0,0,0,0,1
2022-11-17,589179428,20190000000000000003,900200000000000035,1,116.860,469.460,54860.000,2022-11-17 20:15:00.000,L2FT01-FTJ020,10.47,0.000,0.666012,16605,0.435592,0.055345,0,0,1,0.9000,大鹏新区,22,22,0,0,0,0,1
2022-11-17,589179428,20190000000000000003,900200000000000035,1,58.190,468.971,27295.000,2022-11-17 20:30:00.000,L2FT01-FTJ020,10.47,0.000,0.666012,16605,0.435592,0.055345,0,0,1,0.9000,大鹏新区,22,22,0,0,0,0,1
2022-11-17,589179428,20190000000000000003,900200000000000035,1,27.395,349.250,10400.000,2022-11-17 20:45:00.000,L2FT01-FTJ020,10.47,0.000,0.666012,16605,0.435592,0.055345,0,0,1,0.9000,大鹏新区,22,22,0,0,0,0,1
2022-11-17,589179428,20190000000000000003,900200000000000038,1,40.690,349.000,14200.000,2022-11-17 21:00:00.000,L2FT01-FTJ020,10.95,0.000,0.666012,16605,0.435592,0.055345,0,0,1,0.9000,大鹏新区,22,22,0,0,0,0,1
2022-11-17,589179428,20190000000000000003,900200000000000035,1,51.870,389.087,20170.667,2022-11-17 21:00:00.000,L2FT01-FTJ020,10.95,0.000,0.666012,16605,0.435592,0.055345,0,0,1,0.9000,大鹏新区,22,22,0,0,0,0,1
2022-11-17,589179428,20190000000000000003,900200000000000037,1,104.963,357.567,37940.000,2022-11-17 21:00:00.000,L2FT01-FTJ020,10.95,0.000,0.666012,16605,0.435592,0.055345,0,0,1,0.9000,大鹏新区,22,22,0,0,0,0,1
2022-11-17,589179428,20190000000000000003,900200000000000044,1,126.881,410.171,52040.000,2022-11-17 21:00:00.000,L2FT01-FTJ020,10.95,0.000,0.666012,16605,0.435592,0.055345,0,0,1,0.9000,大鹏新区,22,22,0,0,0,0,1
2022-11-17,589179428,20190000000000000003,900200000000000049,1,80.307,321.733,25663.333,2022-11-17 21:15:00.000,L2FT01-FTJ020,10.95,0.000,0.666012,16605,0.435592,0.055345,0,0,1,0.9000,大鹏新区,22,22,0,0,0,0,1
2022-11-17,589179428,20190000000000000003,900200000000000056,1,91.845,403.550,37080.000,2022-11-17 21:15:00.000,L2FT01-FTJ020,10.95,0.000,0.666012,16605,0.435592,0.055345,0,0,1,0.9000,大鹏新区,22,22,0,0,0,0,1
2022-11-17,589179428,20190000000000000003,900200000000000045,1,6.000,345.900,2070.000,2022-11-17 21:15:00.000,L2FT01-FTJ020,10.95,0.000,0.666012,16605,0.435592,0.055345,0,0,1,0.9000,大鹏新区,22,22,0,0,0,0,1
2022-11-17,589179428,20190000000000000003,900200000000000037,1,149.561,370.013,55336.667,2022-11-17 21:15:00.000,L2FT01-FTJ020,10.95,0.000,0.666012,16605,0.435592,0.055345,0,0,1,0.9000,大鹏新区,22,22,0,0,0,0,1
2022-11-17,589179428,20190000000000000003,900200000000000044,1,104.730,411.393,43083.333,2022-11-17 21:15:00.000,L2FT01-FTJ020,10.95,0.000,0.666012,16605,0.435592,0.055345,0,0,1,0.9000,大鹏新区,22,22,0,0,0,0,1
2022-11-17,589179428,20190000000000000003,900200000000000035,1,20.463,394.773,8077.333,2022-11-17 21:15:00.000,L2FT01-FTJ020,10.95,0.000,0.666012,16605,0.435592,0.055345,0,0,1,0.9000,大鹏新区,22,22,0,0,0,0,1
2022-11-17,589179428,20190000000000000003,900200000000000035,1,8.270,395.480,3268.000,2022-11-17 21:30:00.000,L2FT01-FTJ020,10.95,0.000,0.666012,16605,0.435592,0.055345,0,0,1,0.9000,大鹏新区,22,22,0,0,0,0,1
2022-11-17,589179428,20190000000000000003,900200000000000037,1,149.492,386.127,57721.333,2022-11-17 21:30:00.000,L2FT01-FTJ020,10.95,0.000,0.666012,16605,0.435592,0.055345,0,0,1,0.9000,大鹏新区,22,22,0,0,0,0,1
2022-11-17,589179428,20190000000000000003,900200000000000044,1,70.863,410.760,29122.000,2022-11-17 21:30:00.000,L2FT01-FTJ020,10.95,0.000,0.666012,16605,0.435592,0.055345,0,0,1,0.9000,大鹏新区,22,22,0,0,0,0,1
2022-11-17,589179428,20190000000000000003,900200000000000045,1,73.797,358.480,26453.333,2022-11-17 21:30:00.000,L2FT01-FTJ020,10.95,0.000,0.666012,16605,0.435592,0.055345,0,0,1,0.9000,大鹏新区,22,22,0,0,0,0,1
2022-11-17,589179428,20190000000000000003,900200000000000049,1,29.840,331.450,9885.000,2022-11-17 21:30:00.000,L2FT01-FTJ020,10.95,0.000,0.666012,16605,0.435592,0.055345,0,0,1,0.9000,大鹏新区,22,22,0,0,0,0,1
2022-11-17,589179428,20190000000000000003,900200000000000056,1,100.217,416.447,41802.000,2022-11-17 21:30:00.000,L2FT01-FTJ020,10.95,0.000,0.666012,16605,0.435592,0.055345,0,0,1,0.9000,大鹏新区,22,22,0,0,0,0,1
2022-11-17,589179428,20190000000000000003,900200000000000037,1,140.985,400.840,56478.000,2022-11-17 21:45:00.000,L2FT01-FTJ020,10.95,0.000,0.666012,16605,0.435592,0.055345,0,0,1,0.9000,大鹏新区,22,22,0,0,0,0,1
2022-11-17,589179428,20190000000000000003,900200000000000044,1,41.710,410.513,17120.667,2022-11-17 21:45:00.000,L2FT01-FTJ020,10.95,0.000,0.666012,16605,0.435592,0.055345,0,0,1,0.9000,大鹏新区,22,22,0,0,0,0,1
2022-11-17,589179428,20190000000000000003,900200000000000045,1,55.310,367.700,20328.667,2022-11-17 21:45:00.000,L2FT01-FTJ020,10.95,0.000,0.666012,16605,0.435592,0.055345,0,0,1,0.9000,大鹏新区,22,22,0,0,0,0,1
2022-11-17,589179428,20190000000000000003,900200000000000056,1,49.717,429.100,21315.333,2022-11-17 21:45:00.000,L2FT01-FTJ020,10.95,0.000,0.666012,16605,0.435592,0.055345,0,0,1,0.9000,大鹏新区,22,22,0,0,0,0,1
2022-11-17,589179428,20190000000000000003,900200000000000056,1,34.790,433.400,15075.000,2022-11-17 22:00:00.000,L2FT01-FTJ020,11.57,0.000,0.666012,16605,0.435592,0.055345,0,0,1,0.9000,大鹏新区,22,22,0,0,0,0,1
2022-11-17,589179428,20190000000000000003,900200000000000045,1,48.590,372.833,18115.333,2022-11-17 22:00:00.000,L2FT01-FTJ020,11.57,0.000,0.666012,16605,0.435592,0.055345,0,0,1,0.9000,大鹏新区,22,22,0,0,0,0,1
2022-11-17,589179428,20190000000000000003,900200000000000037,1,99.706,404.488,40326.250,2022-11-17 22:00:00.000,L2FT01-FTJ020,11.57,0.000,0.666012,16605,0.435592,0.055345,0,0,1,0.9000,大鹏新区,22,22,0,0,0,0,1
2022-11-17,589179428,20190000000000000003,900200000000000044,1,16.638,413.229,6885.000,2022-11-17 22:00:00.000,L2FT01-FTJ020,11.57,0.000,0.666012,16605,0.435592,0.055345,0,0,1,0.9000,大鹏新区,22,22,0,0,0,0,1
2022-11-17,589179428,20190000000000000003,900200000000000045,1,48.590,379.533,18440.000,2022-11-17 22:15:00.000,L2FT01-FTJ020,11.57,0.000,0.666012,16605,0.435592,0.055345,0,0,1,0.9000,大鹏新区,22,22,0,0,0,0,1
2022-11-17,589179428,20190000000000000003,900200000000000045,1,41.069,385.444,15825.556,2022-11-17 22:30:00.000,L2FT01-FTJ020,11.57,0.000,0.666012,16605,0.435592,0.055345,0,0,1,0.9000,大鹏新区,22,22,0,0,0,0,1
2022-11-18,589179428,20190000000000000003,900200000000000047,1,122.908,417.778,51354.444,2022-11-18 00:00:00.000,L2FT01-FTJ020,13.07,0.000,0.666012,16605,0.435592,0.055345,0,0,1,0.9000,大鹏新区,22,22,0,0,0,0,1
2022-11-18,589179428,20190000000000000003,900200000000000047,1,121.884,431.493,52592.000,2022-11-18 00:15:00.000,L2FT01-FTJ020,13.07,0.000,0.666012,16605,0.435592,0.055345,0,0,1,0.9000,大鹏新区,22,22,0,0,0,0,1
2022-11-18,589179428,20190000000000000003,900200000000000047,1,97.626,453.640,44192.667,2022-11-18 00:30:00.000,L2FT01-FTJ020,13.07,0.000,0.666012,16605,0.435592,0.055345,0,0,1,0.9000,大鹏新区,22,22,0,0,0,0,1
2022-11-18,589179428,20190000000000000003,900200000000000047,1,28.703,460.207,13202.000,2022-11-18 00:45:00.000,L2FT01-FTJ020,13.07,0.000,0.666012,16605,0.435592,0.055345,0,0,1,0.9000,大鹏新区,22,22,0,0,0,0,1
2022-11-18,589179428,20190000000000000003,900200000000000049,1,70.840,361.400,25600.000,2022-11-18 00:45:00.000,L2FT01-FTJ020,13.07,0.000,0.666012,16605,0.435592,0.055345,0,0,1,0.9000,大鹏新区,22,22,0,0,0,0,1
2022-11-18,589179428,20190000000000000003,900200000000000045,1,129.876,305.020,39610.000,2022-11-18 01:00:00.000,L2FT01-FTJ020,13.85,0.000,0.666012,16605,0.435592,0.055345,0,0,1,0.9000,大鹏新区,22,22,0,0,0,0,1
2022-11-18,589179428,20190000000000000003,900200000000000047,1,19.890,461.900,9190.000,2022-11-18 01:00:00.000,L2FT01-FTJ020,13.85,0.000,0.666012,16605,0.435592,0.055345,0,0,1,0.9000,大鹏新区,22,22,0,0,0,0,1
2022-11-18,589179428,20190000000000000003,900200000000000049,1,71.500,370.040,26452.667,2022-11-18 01:00:00.000,L2FT01-FTJ020,13.85,0.000,0.666012,16605,0.435592,0.055345,0,0,1,0.9000,大鹏新区,22,22,0,0,0,0,1
2022-11-18,589179428,20190000000000000003,900200000000000049,1,70.151,384.440,26958.667,2022-11-18 01:15:00.000,L2FT01-FTJ020,13.85,0.000,0.666012,16605,0.435592,0.055345,0,0,1,0.9000,大鹏新区,22,22,0,0,0,0,1
2022-11-18,589179428,20190000000000000003,900200000000000045,1,129.867,309.240,40157.333,2022-11-18 01:15:00.000,L2FT01-FTJ020,13.85,0.000,0.666012,16605,0.435592,0.055345,0,0,1,0.9000,大鹏新区,22,22,0,0,0,0,1
2022-11-18,589179428,20190000000000000003,900200000000000049,1,26.585,391.180,10399.333,2022-11-18 01:30:00.000,L2FT01-FTJ020,13.85,0.000,0.666012,16605,0.435592,0.055345,0,0,1,0.9000,大鹏新区,22,22,0,0,0,0,1
2022-11-18,589179428,20190000000000000003,900200000000000045,1,129.878,310.847,40368.667,2022-11-18 01:30:00.000,L2FT01-FTJ020,13.85,0.000,0.666012,16605,0.435592,0.055345,0,0,1,0.9000,大鹏新区,22,22,0,0,0,0,1
2022-11-18,589179428,20190000000000000003,900200000000000045,1,129.890,312.053,40530.667,2022-11-18 01:45:00.000,L2FT01-FTJ020,13.85,0.000,0.666012,16605,0.435592,0.055345,0,0,1,0.9000,大鹏新区,22,22,0,0,0,0,1
2022-11-18,589179428,20190000000000000003,900200000000000045,1,129.991,313.853,40794.000,2022-11-18 02:00:00.000,L2FT01-FTJ020,14.57,0.000,0.666012,16605,0.435592,0.055345,0,0,1,0.9000,大鹏新区,22,22,0,0,0,0,1
2022-11-18,589179428,20190000000000000003,900200000000000045,1,130.054,314.993,40963.333,2022-11-18 02:15:00.000,L2FT01-FTJ020,14.57,0.000,0.666012,16605,0.435592,0.055345,0,0,1,0.9000,大鹏新区,22,22,0,0,0,0,1
2022-11-18,589179428,20190000000000000003,900200000000000042,1,129.853,310.700,40342.857,2022-11-18 02:30:00.000,L2FT01-FTJ020,14.57,0.000,0.666012,16605,0.435592,0.055345,0,0,1,0.9000,大鹏新区,22,22,0,0,0,0,1
2022-11-18,589179428,20190000000000000003,900200000000000045,1,101.865,320.793,32458.667,2022-11-18 02:30:00.000,L2FT01-FTJ020,14.57,0.000,0.666012,16605,0.435592,0.055345,0,0,1,0.9000,大鹏新区,22,22,0,0,0,0,1
2022-11-18,589179428,20190000000000000003,900200000000000042,1,129.854,311.760,40479.333,2022-11-18 02:45:00.000,L2FT01-FTJ020,14.57,0.000,0.666012,16605,0.435592,0.055345,0,0,1,0.9000,大鹏新区,22,22,0,0,0,0,1
2022-11-18,589179428,20190000000000000003,900200000000000042,1,129.841,313.873,40750.667,2022-11-18 03:00:00.000,L2FT01-FTJ020,15.19,0.000,0.666012,16605,0.435592,0.055345,0,0,1,0.9000,大鹏新区,22,22,0,0,0,0,1
2022-11-18,589179428,20190000000000000003,900200000000000042,1,129.934,315.473,40987.333,2022-11-18 03:15:00.000,L2FT01-FTJ020,15.19,0.000,0.666012,16605,0.435592,0.055345,0,0,1,0.9000,大鹏新区,22,22,0,0,0,0,1
2022-11-18,589179428,20190000000000000003,900200000000000042,1,92.220,323.700,29697.143,2022-11-18 03:30:00.000,L2FT01-FTJ020,15.19,0.000,0.666012,16605,0.435592,0.055345,0,0,1,0.9000,大鹏新区,22,22,0,0,0,0,1
2022-11-18,589179428,20190000000000000003,900200000000000037,1,130.695,359.600,47010.000,2022-11-18 04:30:00.000,L2FT01-FTJ020,15.67,0.000,0.666012,16605,0.435592,0.055345,0,0,1,0.9000,大鹏新区,22,22,0,0,0,0,1
2022-11-18,589179428,20190000000000000003,900200000000000038,1,102.800,390.100,40097.500,2022-11-18 04:30:00.000,L2FT01-FTJ020,15.67,0.000,0.666012,16605,0.435592,0.055345,0,0,1,0.9000,大鹏新区,22,22,0,0,0,0,1
2022-11-18,589179428,20190000000000000003,900200000000000039,1,112.938,309.062,34900.769,2022-11-18 04:30:00.000,L2FT01-FTJ020,15.67,0.000,0.666012,16605,0.435592,0.055345,0,0,1,0.9000,大鹏新区,22,22,0,0,0,0,1
2022-11-18,589179428,20190000000000000003,900200000000000039,1,113.060,309.993,35044.667,2022-11-18 04:45:00.000,L2FT01-FTJ020,15.67,0.000,0.666012,16605,0.435592,0.055345,0,0,1,0.9000,大鹏新区,22,22,0,0,0,0,1
2022-11-18,589179428,20190000000000000003,900200000000000037,1,125.020,368.500,46048.667,2022-11-18 04:45:00.000,L2FT01-FTJ020,15.67,0.000,0.666012,16605,0.435592,0.055345,0,0,1,0.9000,大鹏新区,22,22,0,0,0,0,1
2022-11-18,589179428,20190000000000000003,900200000000000037,1,104.864,379.080,39750.667,2022-11-18 05:00:00.000,L2FT01-FTJ020,15.97,0.000,0.666012,16605,0.435592,0.055345,0,0,1,0.9000,大鹏新区,22,22,0,0,0,0,1
2022-11-18,589179428,20190000000000000003,900200000000000039,1,127.614,311.793,39789.333,2022-11-18 05:00:00.000,L2FT01-FTJ020,15.97,0.000,0.666012,16605,0.435592,0.055345,0,0,1,0.9000,大鹏新区,22,22,0,0,0,0,1
2022-11-18,589179428,20190000000000000003,900200000000000037,1,73.387,392.107,28750.667,2022-11-18 05:15:00.000,L2FT01-FTJ020,15.97,0.000,0.666012,16605,0.435592,0.055345,0,0,1,0.9000,大鹏新区,22,22,0,0,0,0,1
2022-11-18,589179428,20190000000000000003,900200000000000039,1,129.890,314.120,40798.667,2022-11-18 05:15:00.000,L2FT01-FTJ020,15.97,0.000,0.666012,16605,0.435592,0.055345,0,0,1,0.9000,大鹏新区,22,22,0,0,0,0,1
2022-11-18,589179428,20190000000000000003,900200000000000037,1,61.954,402.921,24959.286,2022-11-18 05:30:00.000,L2FT01-FTJ020,15.97,0.000,0.666012,16605,0.435592,0.055345,0,0,1,0.9000,大鹏新区,22,22,0,0,0,0,1
2022-11-18,589179428,20190000000000000003,900200000000000039,1,129.818,315.567,40961.333,2022-11-18 05:30:00.000,L2FT01-FTJ020,15.97,0.000,0.666012,16605,0.435592,0.055345,0,0,1,0.9000,大鹏新区,22,22,0,0,0,0,1
2022-11-18,589179428,20190000000000000003,900200000000000039,1,77.840,325.030,25063.000,2022-11-18 05:45:00.000,L2FT01-FTJ020,15.97,0.000,0.666012,16605,0.435592,0.055345,0,0,1,0.9000,大鹏新区,22,22,0,0,0,0,1
2022-11-18,589179428,20190000000000000003,900200000000000045,1,49.793,364.000,18213.333,2022-11-18 07:30:00.000,L2FT01-FTJ020,15.97,0.000,0.666012,16605,0.435592,0.055345,0,0,1,0.9000,大鹏新区,22,22,0,0,0,0,1
2022-11-18,589179428,20190000000000000003,900200000000000047,1,149.348,302.167,47148.333,2022-11-18 07:30:00.000,L2FT01-FTJ020,15.97,0.000,0.666012,16605,0.435592,0.055345,0,0,1,0.9000,大鹏新区,22,22,0,0,0,0,1
2022-11-18,589179428,20190000000000000003,900200000000000048,1,93.932,352.177,33080.000,2022-11-18 07:30:00.000,L2FT01-FTJ020,15.97,0.000,0.666012,16605,0.435592,0.055345,0,0,1,0.9000,大鹏新区,22,22,0,0,0,0,1
2022-11-18,589179428,20190000000000000003,900200000000000048,1,93.866,354.573,33278.000,2022-11-18 07:45:00.000,L2FT01-FTJ020,15.97,0.000,0.666012,16605,0.435592,0.055345,0,0,1,0.9000,大鹏新区,22,22,0,0,0,0,1
2022-11-18,589179428,20190000000000000003,900200000000000037,1,134.324,383.409,51468.182,2022-11-18 07:45:00.000,L2FT01-FTJ020,15.97,0.000,0.666012,16605,0.435592,0.055345,0,0,1,0.9000,大鹏新区,22,22,0,0,0,0,1
2022-11-18,589179428,20190000000000000003,900200000000000047,1,110.932,320.493,35275.714,2022-11-18 07:45:00.000,L2FT01-FTJ020,15.97,0.000,0.666012,16605,0.435592,0.055345,0,0,1,0.9000,大鹏新区,22,22,0,0,0,0,1
2022-11-18,589179428,20190000000000000003,900200000000000048,1,93.800,356.327,33418.000,2022-11-18 08:00:00.000,L2FT01-FTJ020,15.67,0.000,0.666012,16605,0.435592,0.055345,0,0,1,0.9000,大鹏新区,22,22,0,0,0,0,1
2022-11-18,589179428,20190000000000000003,900200000000000037,1,116.763,391.100,45663.333,2022-11-18 08:00:00.000,L2FT01-FTJ020,15.67,0.000,0.666012,16605,0.435592,0.055345,0,0,1,0.9000,大鹏新区,22,22,0,0,0,0,1
2022-11-18,589179428,20190000000000000003,900200000000000044,1,119.729,355.792,42595.833,2022-11-18 08:00:00.000,L2FT01-FTJ020,15.67,0.000,0.666012,16605,0.435592,0.055345,0,0,1,0.9000,大鹏新区,22,22,0,0,0,0,1
2022-11-18,589179428,20190000000000000003,900200000000000044,1,115.210,358.113,41262.667,2022-11-18 08:15:00.000,L2FT01-FTJ020,15.67,0.000,0.666012,16605,0.435592,0.055345,0,0,1,0.9000,大鹏新区,22,22,0,0,0,0,1
2022-11-18,589179428,20190000000000000003,900200000000000048,1,81.555,357.527,29158.000,2022-11-18 08:15:00.000,L2FT01-FTJ020,15.67,0.000,0.666012,16605,0.435592,0.055345,0,0,1,0.9000,大鹏新区,22,22,0,0,0,0,1
2022-11-18,589179428,20190000000000000003,900200000000000044,1,65.559,361.300,23623.077,2022-11-18 08:30:00.000,L2FT01-FTJ020,15.67,0.000,0.666012,16605,0.435592,0.055345,0,0,1,0.9000,大鹏新区,22,22,0,0,0,0,1
2022-11-18,589179428,20190000000000000003,900200000000000048,1,42.881,364.627,15562.667,2022-11-18 08:30:00.000,L2FT01-FTJ020,15.67,0.000,0.666012,16605,0.435592,0.055345,0,0,1,0.9000,大鹏新区,22,22,0,0,0,0,1
2022-11-18,589179428,20190000000000000003,900200000000000052,1,88.957,388.308,34891.667,2022-11-18 10:00:00.000,L2FT01-FTJ020,14.57,0.000,0.666012,16605,0.435592,0.055345,0,0,1,0.9000,大鹏新区,22,22,0,0,0,0,1
2022-11-18,589179428,20190000000000000003,900200000000000052,1,48.957,392.093,19196.667,2022-11-18 10:15:00.000,L2FT01-FTJ020,14.57,0.000,0.666012,16605,0.435592,0.055345,0,0,1,0.9000,大鹏新区,22,22,0,0,0,0,1
2022-11-18,589179428,20190000000000000003,900200000000000052,1,20.939,399.756,8388.889,2022-11-18 10:30:00.000,L2FT01-FTJ020,14.57,0.000,0.666012,16605,0.435592,0.055345,0,0,1,0.9000,大鹏新区,22,22,0,0,0,0,1
2022-11-18,589179428,20190000000000000003,900200000000000039,0,0.000,77.400,0.000,2022-11-18 11:15:00.000,L2FT01-FTJ020,13.85,0.000,0.666012,16605,0.435592,0.055345,0,0,1,0.9000,大鹏新区,22,22,0,0,0,0,1
2022-11-18,589179428,20190000000000000003,900200000000000040,1,122.310,355.729,43600.714,2022-11-18 11:30:00.000,L2FT01-FTJ020,13.85,0.000,0.666012,16605,0.435592,0.055345,0,0,1,0.9000,大鹏新区,22,22,0,0,0,0,1
2022-11-18,589179428,20190000000000000003,900200000000000040,1,122.359,358.473,43859.333,2022-11-18 11:45:00.000,L2FT01-FTJ020,13.85,0.000,0.666012,16605,0.435592,0.055345,0,0,1,0.9000,大鹏新区,22,22,0,0,0,0,1
2022-11-18,589179428,20190000000000000003,900200000000000040,1,72.075,357.073,25768.667,2022-11-18 12:00:00.000,L2FT01-FTJ020,13.07,0.000,0.666012,16605,0.435592,0.055345,0,0,1,0.9000,大鹏新区,22,22,0,0,0,0,1
2022-11-18,589179428,20190000000000000003,900200000000000048,1,71.757,354.733,25453.333,2022-11-18 12:15:00.000,L2FT01-FTJ020,13.07,0.000,0.666012,16605,0.435592,0.055345,0,0,1,0.9000,大鹏新区,22,22,0,0,0,0,1
2022-11-18,589179428,20190000000000000003,900200000000000048,1,58.930,355.293,20936.000,2022-11-18 12:30:00.000,L2FT01-FTJ020,13.07,0.000,0.666012,16605,0.435592,0.055345,0,0,1,0.9000,大鹏新区,22,22,0,0,0,0,1
2022-11-18,589179428,20190000000000000003,900200000000000048,1,32.815,356.675,11700.000,2022-11-18 12:45:00.000,L2FT01-FTJ020,13.07,0.000,0.666012,16605,0.435592,0.055345,0,0,1,0.9000,大鹏新区,22,22,0,0,0,0,1
2022-11-18,589179428,20190000000000000003,900200000000000045,1,131.156,334.637,45182.500,2022-11-18 13:00:00.000,L2FT01-FTJ020,12.30,0.000,0.666012,16605,0.435592,0.055345,0,0,1,0.9000,大鹏新区,22,22,0,0,0,0,1
2022-11-18,589179428,20190000000000000003,900200000000000045,1,149.790,351.340,52624.667,2022-11-18 13:15:00.000,L2FT01-FTJ020,12.30,0.000,0.666012,16605,0.435592,0.055345,0,0,1,0.9000,大鹏新区,22,22,0,0,0,0,1
2022-11-18,589179428,20190000000000000003,900200000000000045,1,149.890,363.147,54429.333,2022-11-18 13:30:00.000,L2FT01-FTJ020,12.30,0.000,0.666012,16605,0.435592,0.055345,0,0,1,0.9000,大鹏新区,22,22,0,0,0,0,1
2022-11-18,589179428,20190000000000000003,900200000000000045,1,149.890,377.114,56525.000,2022-11-18 13:45:00.000,L2FT01-FTJ020,12.30,0.000,0.666012,16605,0.435592,0.055345,0,0,1,0.9000,大鹏新区,22,22,0,0,0,0,1
2022-11-18,589179428,20190000000000000003,900200000000000034,1,129.843,309.864,40228.182,2022-11-18 14:30:00.000,L2FT01-FTJ020,11.57,0.000,0.666012,16605,0.435592,0.055345,0,0,1,0.9000,大鹏新区,22,22,0,0,0,0,1
2022-11-18,589179428,20190000000000000003,900200000000000034,1,129.890,311.007,40394.667,2022-11-18 14:45:00.000,L2FT01-FTJ020,11.57,0.000,0.666012,16605,0.435592,0.055345,0,0,1,0.9000,大鹏新区,22,22,0,0,0,0,1
2022-11-18,589179428,20190000000000000003,900200000000000034,1,129.830,312.440,40560.000,2022-11-18 15:00:00.000,L2FT01-FTJ020,10.95,0.000,0.666012,16605,0.435592,0.055345,0,0,1,0.9000,大鹏新区,22,22,0,0,0,0,1
2022-11-18,589179428,20190000000000000003,900200000000000034,1,129.848,314.480,40832.000,2022-11-18 15:15:00.000,L2FT01-FTJ020,10.95,0.000,0.666012,16605,0.435592,0.055345,0,0,1,0.9000,大鹏新区,22,22,0,0,0,0,1
2022-11-18,589179428,20190000000000000003,900200000000000034,1,129.818,316.820,41124.000,2022-11-18 15:30:00.000,L2FT01-FTJ020,10.95,0.000,0.666012,16605,0.435592,0.055345,0,0,1,0.9000,大鹏新区,22,22,0,0,0,0,1
2022-11-18,589179428,20190000000000000003,900200000000000047,1,129.800,310.400,40286.000,2022-11-18 15:30:00.000,L2FT01-FTJ020,10.95,0.000,0.666012,16605,0.435592,0.055345,0,0,1,0.9000,大鹏新区,22,22,0,0,0,0,1
2022-11-18,589179428,20190000000000000003,900200000000000034,1,84.842,323.250,27426.667,2022-11-18 15:45:00.000,L2FT01-FTJ020,10.95,0.000,0.666012,16605,0.435592,0.055345,0,0,1,0.9000,大鹏新区,22,22,0,0,0,0,1
2022-11-18,589179428,20190000000000000003,900200000000000047,1,129.885,312.133,40539.333,2022-11-18 15:45:00.000,L2FT01-FTJ020,10.95,0.000,0.666012,16605,0.435592,0.055345,0,0,1,0.9000,大鹏新区,22,22,0,0,0,0,1
2022-11-18,589179428,20190000000000000003,900200000000000047,1,129.875,314.900,40893.333,2022-11-18 16:00:00.000,L2FT01-FTJ020,10.47,0.000,0.666012,16605,0.435592,0.055345,0,0,1,0.9000,大鹏新区,22,22,0,0,0,0,1
2022-11-18,589179428,20190000000000000003,900200000000000043,1,66.870,413.129,27639.286,2022-11-18 16:00:00.000,L2FT01-FTJ020,10.47,0.000,0.666012,16605,0.435592,0.055345,0,0,1,0.9000,大鹏新区,22,22,0,0,0,0,1
2022-11-18,589179428,20190000000000000003,900200000000000043,1,58.999,426.160,25117.333,2022-11-18 16:15:00.000,L2FT01-FTJ020,10.47,0.000,0.666012,16605,0.435592,0.055345,0,0,1,0.9000,大鹏新区,22,22,0,0,0,0,1
2022-11-18,589179428,20190000000000000003,900200000000000047,1,100.939,321.878,32270.000,2022-11-18 16:15:00.000,L2FT01-FTJ020,10.47,0.000,0.666012,16605,0.435592,0.055345,0,0,1,0.9000,大鹏新区,22,22,0,0,0,0,1
2022-11-18,589179428,20190000000000000003,900200000000000048,1,49.828,379.225,18893.750,2022-11-18 16:15:00.000,L2FT01-FTJ020,10.47,0.000,0.666012,16605,0.435592,0.055345,0,0,1,0.9000,大鹏新区,22,22,0,0,0,0,1
2022-11-18,589179428,20190000000000000003,900200000000000053,1,129.840,313.920,40754.000,2022-11-18 16:15:00.000,L2FT01-FTJ020,10.47,0.000,0.666012,16605,0.435592,0.055345,0,0,1,0.9000,大鹏新区,22,22,0,0,0,0,1
2022-11-18,589179428,20190000000000000003,900200000000000038,1,86.533,309.600,26656.667,2022-11-18 16:30:00.000,L2FT01-FTJ020,10.47,0.000,0.666012,16605,0.435592,0.055345,0,0,1,0.9000,大鹏新区,22,22,0,0,0,0,1
2022-11-18,589179428,20190000000000000003,900200000000000043,1,36.780,432.444,15904.444,2022-11-18 16:30:00.000,L2FT01-FTJ020,10.47,0.000,0.666012,16605,0.435592,0.055345,0,0,1,0.9000,大鹏新区,22,22,0,0,0,0,1
2022-11-18,589179428,20190000000000000003,900200000000000048,1,49.815,388.875,19370.000,2022-11-18 16:30:00.000,L2FT01-FTJ020,10.47,0.000,0.666012,16605,0.435592,0.055345,0,0,1,0.9000,大鹏新区,22,22,0,0,0,0,1
2022-11-18,589179428,20190000000000000003,900200000000000053,1,129.848,314.660,40855.333,2022-11-18 16:30:00.000,L2FT01-FTJ020,10.47,0.000,0.666012,16605,0.435592,0.055345,0,0,1,0.9000,大鹏新区,22,22,0,0,0,0,1
2022-11-18,589179428,20190000000000000003,900200000000000044,1,144.840,363.800,52693.333,2022-11-18 16:45:00.000,L2FT01-FTJ020,10.47,0.000,0.666012,16605,0.435592,0.055345,0,0,1,0.9000,大鹏新区,22,22,0,0,0,0,1
2022-11-18,589179428,20190000000000000003,900200000000000053,1,83.750,324.720,26966.000,2022-11-18 16:45:00.000,L2FT01-FTJ020,10.47,0.000,0.666012,16605,0.435592,0.055345,0,0,1,0.9000,大鹏新区,22,22,0,0,0,0,1
2022-11-18,589179428,20190000000000000003,900200000000000044,1,144.877,366.953,53161.333,2022-11-18 17:00:00.000,L2FT01-FTJ020,10.17,0.000,0.666012,16605,0.435592,0.055345,0,0,1,0.9000,大鹏新区,22,22,0,0,0,0,1
2022-11-18,589179428,20190000000000000003,900200000000000048,1,84.797,357.742,30276.667,2022-11-18 17:00:00.000,L2FT01-FTJ020,10.17,0.000,0.666012,16605,0.435592,0.055345,0,0,1,0.9000,大鹏新区,22,22,0,0,0,0,1
2022-11-18,589179428,20190000000000000003,900200000000000053,1,135.395,313.775,42482.500,2022-11-18 17:15:00.000,L2FT01-FTJ020,10.17,0.000,0.666012,16605,0.435592,0.055345,0,0,1,0.9000,大鹏新区,22,22,0,0,0,0,1
2022-11-18,589179428,20190000000000000003,900200000000000044,1,144.857,370.087,53608.000,2022-11-18 17:15:00.000,L2FT01-FTJ020,10.17,0.000,0.666012,16605,0.435592,0.055345,0,0,1,0.9000,大鹏新区,22,22,0,0,0,0,1
2022-11-18,589179428,20190000000000000003,900200000000000048,1,61.758,355.280,21938.667,2022-11-18 17:15:00.000,L2FT01-FTJ020,10.17,0.000,0.666012,16605,0.435592,0.055345,0,0,1,0.9000,大鹏新区,22,22,0,0,0,0,1
2022-11-18,589179428,20190000000000000003,900200000000000038,1,44.790,402.700,18040.000,2022-11-18 17:30:00.000,L2FT01-FTJ020,10.17,0.000,0.666012,16605,0.435592,0.055345,0,0,1,0.9000,大鹏新区,22,22,0,0,0,0,1
2022-11-18,589179428,20190000000000000003,900200000000000044,1,21.091,362.127,7691.333,2022-11-18 17:30:00.000,L2FT01-FTJ020,10.17,0.000,0.666012,16605,0.435592,0.055345,0,0,1,0.9000,大鹏新区,22,22,0,0,0,0,1
2022-11-18,589179428,20190000000000000003,900200000000000048,1,33.108,355.664,11775.455,2022-11-18 17:30:00.000,L2FT01-FTJ020,10.17,0.000,0.666012,16605,0.435592,0.055345,0,0,1,0.9000,大鹏新区,22,22,0,0,0,0,1
2022-11-18,589179428,20190000000000000003,900200000000000053,1,132.633,314.253,41677.333,2022-11-18 17:30:00.000,L2FT01-FTJ020,10.17,0.000,0.666012,16605,0.435592,0.055345,0,0,1,0.9000,大鹏新区,22,22,0,0,0,0,1
2022-11-18,589179428,20190000000000000003,900200000000000038,1,44.843,406.573,18232.000,2022-11-18 17:45:00.000,L2FT01-FTJ020,10.17,0.000,0.666012,16605,0.435592,0.055345,0,0,1,0.9000,大鹏新区,22,22,0,0,0,0,1
2022-11-18,589179428,20190000000000000003,900200000000000039,1,153.400,320.720,48140.000,2022-11-18 17:45:00.000,L2FT01-FTJ020,10.17,0.000,0.666012,16605,0.435592,0.055345,0,0,1,0.9000,大鹏新区,22,22,0,0,0,0,1
2022-11-18,589179428,20190000000000000003,900200000000000053,1,121.191,317.600,38388.000,2022-11-18 17:45:00.000,L2FT01-FTJ020,10.17,0.000,0.666012,16605,0.435592,0.055345,0,0,1,0.9000,大鹏新区,22,22,0,0,0,0,1
2022-11-18,589179428,20190000000000000003,900200000000000038,1,44.823,409.553,18356.000,2022-11-18 18:00:00.000,L2FT01-FTJ020,10.07,0.000,0.666012,16605,0.435592,0.055345,0,0,1,0.9000,大鹏新区,22,22,0,0,0,0,1
2022-11-18,589179428,20190000000000000003,900200000000000039,1,138.760,313.925,43683.750,2022-11-18 18:00:00.000,L2FT01-FTJ020,10.07,0.000,0.666012,16605,0.435592,0.055345,0,0,1,0.9000,大鹏新区,22,22,0,0,0,0,1
2022-11-18,589179428,20190000000000000003,900200000000000038,1,44.801,413.322,18514.444,2022-11-18 18:15:00.000,L2FT01-FTJ020,10.07,0.000,0.666012,16605,0.435592,0.055345,0,0,1,0.9000,大鹏新区,22,22,0,0,0,0,1
2022-11-18,589179428,20190000000000000003,900200000000000053,1,63.761,340.864,21733.571,2022-11-18 19:00:00.000,L2FT01-FTJ020,10.17,0.000,0.666012,16605,0.435592,0.055345,0,0,1,0.9000,大鹏新区,22,22,0,0,0,0,1
2022-11-18,589179428,20190000000000000003,900200000000000053,1,63.890,353.447,22580.000,2022-11-18 19:15:00.000,L2FT01-FTJ020,10.17,0.000,0.666012,16605,0.435592,0.055345,0,0,1,0.9000,大鹏新区,22,22,0,0,0,0,1
2022-11-18,589179428,20190000000000000003,900200000000000053,1,51.017,365.673,18638.667,2022-11-18 19:30:00.000,L2FT01-FTJ020,10.17,0.000,0.666012,16605,0.435592,0.055345,0,0,1,0.9000,大鹏新区,22,22,0,0,0,0,1
2022-11-18,589179428,20190000000000000003,900200000000000037,1,86.144,356.843,31000.000,2022-11-18 19:30:00.000,L2FT01-FTJ020,10.17,0.000,0.666012,16605,0.435592,0.055345,0,0,1,0.9000,大鹏新区,22,22,0,0,0,0,1
2022-11-18,589179428,20190000000000000003,900200000000000037,1,91.105,373.873,34040.000,2022-11-18 19:45:00.000,L2FT01-FTJ020,10.17,0.000,0.666012,16605,0.435592,0.055345,0,0,1,0.9000,大鹏新区,22,22,0,0,0,0,1
2022-11-18,589179428,20190000000000000003,900200000000000043,1,93.953,448.900,44631.429,2022-11-18 19:45:00.000,L2FT01-FTJ020,10.17,0.000,0.666012,16605,0.435592,0.055345,0,0,1,0.9000,大鹏新区,22,22,0,0,0,0,1
2022-11-18,589179428,20190000000000000003,900200000000000049,1,106.337,355.467,37795.833,2022-11-18 19:45:00.000,L2FT01-FTJ020,10.17,0.000,0.666012,16605,0.435592,0.055345,0,0,1,0.9000,大鹏新区,22,22,0,0,0,0,1
2022-11-18,589179428,20190000000000000003,900200000000000053,1,26.910,370.587,9969.333,2022-11-18 19:45:00.000,L2FT01-FTJ020,10.17,0.000,0.666012,16605,0.435592,0.055345,0,0,1,0.9000,大鹏新区,22,22,0,0,0,0,1
2022-11-18,589179428,20190000000000000003,900200000000000034,1,102.130,324.593,32982.857,2022-11-18 20:00:00.000,L2FT01-FTJ020,10.47,0.000,0.666012,16605,0.435592,0.055345,0,0,1,0.9000,大鹏新区,22,22,0,0,0,0,1
2022-11-18,589179428,20190000000000000003,900200000000000037,1,58.954,382.871,22573.571,2022-11-18 20:00:00.000,L2FT01-FTJ020,10.47,0.000,0.666012,16605,0.435592,0.055345,0,0,1,0.9000,大鹏新区,22,22,0,0,0,0,1
2022-11-18,589179428,20190000000000000003,900200000000000043,1,129.806,476.667,61870.000,2022-11-18 20:00:00.000,L2FT01-FTJ020,10.47,0.000,0.666012,16605,0.435592,0.055345,0,0,1,0.9000,大鹏新区,22,22,0,0,0,0,1
2022-11-18,589179428,20190000000000000003,900200000000000049,1,100.295,356.913,35792.667,2022-11-18 20:00:00.000,L2FT01-FTJ020,10.47,0.000,0.666012,16605,0.435592,0.055345,0,0,1,0.9000,大鹏新区,22,22,0,0,0,0,1
2022-11-18,589179428,20190000000000000003,900200000000000053,1,13.190,372.227,4908.000,2022-11-18 20:00:00.000,L2FT01-FTJ020,10.47,0.000,0.666012,16605,0.435592,0.055345,0,0,1,0.9000,大鹏新区,22,22,0,0,0,0,1
2022-11-18,589179428,20190000000000000003,900200000000000034,1,103.388,326.227,33723.333,2022-11-18 20:15:00.000,L2FT01-FTJ020,10.47,0.000,0.666012,16605,0.435592,0.055345,0,0,1,0.9000,大鹏新区,22,22,0,0,0,0,1
2022-11-18,589179428,20190000000000000003,900200000000000043,1,89.419,476.440,42601.333,2022-11-18 20:15:00.000,L2FT01-FTJ020,10.47,0.000,0.666012,16605,0.435592,0.055345,0,0,1,0.9000,大鹏新区,22,22,0,0,0,0,1
2022-11-18,589179428,20190000000000000003,900200000000000049,1,68.364,355.920,24335.333,2022-11-18 20:15:00.000,L2FT01-FTJ020,10.47,0.000,0.666012,16605,0.435592,0.055345,0,0,1,0.9000,大鹏新区,22,22,0,0,0,0,1
2022-11-18,589179428,20190000000000000003,900200000000000053,1,13.190,373.900,4930.000,2022-11-18 20:15:00.000,L2FT01-FTJ020,10.47,0.000,0.666012,16605,0.435592,0.055345,0,0,1,0.9000,大鹏新区,22,22,0,0,0,0,1
2022-11-18,589179428,20190000000000000003,900200000000000049,1,38.890,355.567,13827.778,2022-11-18 20:30:00.000,L2FT01-FTJ020,10.47,0.000,0.666012,16605,0.435592,0.055345,0,0,1,0.9000,大鹏新区,22,22,0,0,0,0,1
2022-11-18,589179428,20190000000000000003,900200000000000034,1,99.800,327.660,32696.000,2022-11-18 20:30:00.000,L2FT01-FTJ020,10.47,0.000,0.666012,16605,0.435592,0.055345,0,0,1,0.9000,大鹏新区,22,22,0,0,0,0,1
2022-11-18,589179428,20190000000000000003,900200000000000043,1,49.028,476.175,23353.750,2022-11-18 20:30:00.000,L2FT01-FTJ020,10.47,0.000,0.666012,16605,0.435592,0.055345,0,0,1,0.9000,大鹏新区,22,22,0,0,0,0,1
2022-11-18,589179428,20190000000000000003,900200000000000034,1,99.815,328.950,32830.000,2022-11-18 20:45:00.000,L2FT01-FTJ020,10.47,0.000,0.666012,16605,0.435592,0.055345,0,0,1,0.9000,大鹏新区,22,22,0,0,0,0,1
2022-11-18,589179428,20190000000000000003,900200000000000045,1,129.845,310.400,40300.000,2022-11-18 21:00:00.000,L2FT01-FTJ020,10.95,0.000,0.666012,16605,0.435592,0.055345,0,0,1,0.9000,大鹏新区,22,22,0,0,0,0,1
2022-11-18,589179428,20190000000000000003,900200000000000045,1,129.890,310.871,40377.857,2022-11-18 21:15:00.000,L2FT01-FTJ020,10.95,0.000,0.666012,16605,0.435592,0.055345,0,0,1,0.9000,大鹏新区,22,22,0,0,0,0,1
2022-11-18,589179428,20190000000000000003,900200000000000049,1,67.627,409.500,27678.750,2022-11-18 21:45:00.000,L2FT01-FTJ020,10.95,0.000,0.666012,16605,0.435592,0.055345,0,0,1,0.9000,大鹏新区,22,22,0,0,0,0,1
2022-11-18,589179428,20190000000000000003,900200000000000049,1,62.890,419.587,26448.000,2022-11-18 22:00:00.000,L2FT01-FTJ020,11.57,0.000,0.666012,16605,0.435592,0.055345,0,0,1,0.9000,大鹏新区,22,22,0,0,0,0,1
2022-11-18,589179428,20190000000000000003,900200000000000049,1,50.690,427.900,21690.000,2022-11-18 22:15:00.000,L2FT01-FTJ020,11.57,0.000,0.666012,16605,0.435592,0.055345,0,0,1,0.9000,大鹏新区,22,22,0,0,0,0,1
2022-11-18,589179428,20190000000000000003,900200000000000044,1,82.173,319.682,26799.091,2022-11-18 22:30:00.000,L2FT01-FTJ020,11.57,0.000,0.666012,16605,0.435592,0.055345,0,0,1,0.9000,大鹏新区,22,22,0,0,0,0,1
2022-11-18,589179428,20190000000000000003,900200000000000044,1,90.427,328.093,29665.333,2022-11-18 22:45:00.000,L2FT01-FTJ020,11.57,0.000,0.666012,16605,0.435592,0.055345,0,0,1,0.9000,大鹏新区,22,22,0,0,0,0,1
2022-11-18,589179428,20190000000000000003,900200000000000044,1,78.801,329.040,25928.000,2022-11-18 23:00:00.000,L2FT01-FTJ020,12.30,0.000,0.666012,16605,0.435592,0.055345,0,0,1,0.9000,大鹏新区,22,22,0,0,0,0,1
2022-11-18,589179428,20190000000000000003,900200000000000038,1,35.645,315.600,10810.000,2022-11-18 23:00:00.000,L2FT01-FTJ020,12.30,0.000,0.666012,16605,0.435592,0.055345,0,0,1,0.9000,大鹏新区,22,22,0,0,0,0,1
2022-11-18,589179428,20190000000000000003,900200000000000053,1,67.874,345.808,23469.167,2022-11-18 23:15:00.000,L2FT01-FTJ020,12.30,0.000,0.666012,16605,0.435592,0.055345,0,0,1,0.9000,大鹏新区,22,22,0,0,0,0,1
2022-11-18,589179428,20190000000000000003,900200000000000044,1,43.252,328.267,14199.333,2022-11-18 23:15:00.000,L2FT01-FTJ020,12.30,0.000,0.666012,16605,0.435592,0.055345,0,0,1,0.9000,大鹏新区,22,22,0,0,0,0,1
2022-11-18,589179428,20190000000000000003,900200000000000044,1,20.195,330.600,6670.000,2022-11-18 23:30:00.000,L2FT01-FTJ020,12.30,0.000,0.666012,16605,0.435592,0.055345,0,0,1,0.9000,大鹏新区,22,22,0,0,0,0,1
2022-11-18,589179428,20190000000000000003,900200000000000053,1,62.470,357.673,22327.333,2022-11-18 23:30:00.000,L2FT01-FTJ020,12.30,0.000,0.666012,16605,0.435592,0.055345,0,0,1,0.9000,大鹏新区,22,22,0,0,0,0,1
2022-11-18,589179428,20190000000000000003,900200000000000053,1,16.663,358.980,5981.333,2022-11-18 23:45:00.000,L2FT01-FTJ020,12.30,0.000,0.666012,16605,0.435592,0.055345,0,0,1,0.9000,大鹏新区,22,22,0,0,0,0,1
2022-11-19,589179428,20190000000000000003,900200000000000053,1,13.890,361.260,5016.667,2022-11-19 00:00:00.000,L2FT01-FTJ020,13.07,0.000,0.666012,16605,0.435592,0.055345,0,0,0,0.9000,大鹏新区,22,22,0,0,0,0,1
2022-11-19,589179428,20190000000000000003,900200000000000040,1,122.673,302.750,37136.667,2022-11-19 00:15:00.000,L2FT01-FTJ020,13.07,0.000,0.666012,16605,0.435592,0.055345,0,0,0,0.9000,大鹏新区,22,22,0,0,0,0,1
2022-11-19,589179428,20190000000000000003,900200000000000053,1,13.890,363.900,5053.077,2022-11-19 00:15:00.000,L2FT01-FTJ020,13.07,0.000,0.666012,16605,0.435592,0.055345,0,0,0,0.9000,大鹏新区,22,22,0,0,0,0,1
2022-11-19,589179428,20190000000000000003,900200000000000040,1,122.566,307.440,37680.000,2022-11-19 00:30:00.000,L2FT01-FTJ020,13.07,0.000,0.666012,16605,0.435592,0.055345,0,0,0,0.9000,大鹏新区,22,22,0,0,0,0,1
2022-11-19,589179428,20190000000000000003,900200000000000040,1,122.566,309.720,37958.667,2022-11-19 00:45:00.000,L2FT01-FTJ020,13.07,0.000,0.666012,16605,0.435592,0.055345,0,0,0,0.9000,大鹏新区,22,22,0,0,0,0,1
2022-11-19,589179428,20190000000000000003,900200000000000040,1,122.590,310.507,38063.333,2022-11-19 01:00:00.000,L2FT01-FTJ020,13.85,0.000,0.666012,16605,0.435592,0.055345,0,0,0,0.9000,大鹏新区,22,22,0,0,0,0,1
2022-11-19,589179428,20190000000000000003,900200000000000040,1,122.663,312.133,38285.333,2022-11-19 01:15:00.000,L2FT01-FTJ020,13.85,0.000,0.666012,16605,0.435592,0.055345,0,0,0,0.9000,大鹏新区,22,22,0,0,0,0,1
2022-11-19,589179428,20190000000000000003,900200000000000056,1,128.056,311.822,40062.222,2022-11-19 01:15:00.000,L2FT01-FTJ020,13.85,0.000,0.666012,16605,0.435592,0.055345,0,0,0,0.9000,大鹏新区,22,22,0,0,0,0,1
2022-11-19,589179428,20190000000000000003,900200000000000056,1,144.224,314.120,45301.333,2022-11-19 01:30:00.000,L2FT01-FTJ020,13.85,0.000,0.666012,16605,0.435592,0.055345,0,0,0,0.9000,大鹏新区,22,22,0,0,0,0,1
2022-11-19,589179428,20190000000000000003,900200000000000040,1,122.690,313.487,38459.333,2022-11-19 01:30:00.000,L2FT01-FTJ020,13.85,0.000,0.666012,16605,0.435592,0.055345,0,0,0,0.9000,大鹏新区,22,22,0,0,0,0,1
2022-11-19,589179428,20190000000000000003,900200000000000040,1,122.597,314.120,38508.000,2022-11-19 01:45:00.000,L2FT01-FTJ020,13.85,0.000,0.666012,16605,0.435592,0.055345,0,0,0,0.9000,大鹏新区,22,22,0,0,0,0,1
2022-11-19,589179428,20190000000000000003,900200000000000045,1,143.950,305.800,44015.000,2022-11-19 01:45:00.000,L2FT01-FTJ020,13.85,0.000,0.666012,16605,0.435592,0.055345,0,0,0,0.9000,大鹏新区,22,22,0,0,0,0,1
2022-11-19,589179428,20190000000000000003,900200000000000056,1,131.737,318.127,41785.333,2022-11-19 01:45:00.000,L2FT01-FTJ020,13.85,0.000,0.666012,16605,0.435592,0.055345,0,0,0,0.9000,大鹏新区,22,22,0,0,0,0,1
2022-11-19,589179428,20190000000000000003,900200000000000040,1,122.590,316.560,38806.000,2022-11-19 02:00:00.000,L2FT01-FTJ020,14.57,0.000,0.666012,16605,0.435592,0.055345,0,0,0,0.9000,大鹏新区,22,22,0,0,0,0,1
2022-11-19,589179428,20190000000000000003,900200000000000045,1,143.543,309.453,44415.333,2022-11-19 02:00:00.000,L2FT01-FTJ020,14.57,0.000,0.666012,16605,0.435592,0.055345,0,0,0,0.9000,大鹏新区,22,22,0,0,0,0,1
2022-11-19,589179428,20190000000000000003,900200000000000056,1,30.000,333.200,9990.000,2022-11-19 02:00:00.000,L2FT01-FTJ020,14.57,0.000,0.666012,16605,0.435592,0.055345,0,0,0,0.9000,大鹏新区,22,22,0,0,0,0,1
2022-11-19,589179428,20190000000000000003,900200000000000040,1,41.640,328.375,13625.000,2022-11-19 02:15:00.000,L2FT01-FTJ020,14.57,0.000,0.666012,16605,0.435592,0.055345,0,0,0,0.9000,大鹏新区,22,22,0,0,0,0,1
2022-11-19,589179428,20190000000000000003,900200000000000045,1,143.572,310.940,44638.000,2022-11-19 02:15:00.000,L2FT01-FTJ020,14.57,0.000,0.666012,16605,0.435592,0.055345,0,0,0,0.9000,大鹏新区,22,22,0,0,0,0,1
2022-11-19,589179428,20190000000000000003,900200000000000047,1,156.836,299.850,49195.000,2022-11-19 02:15:00.000,L2FT01-FTJ020,14.57,0.000,0.666012,16605,0.435592,0.055345,0,0,0,0.9000,大鹏新区,22,22,0,0,0,0,1
2022-11-19,589179428,20190000000000000003,900200000000000045,1,143.590,312.253,44835.333,2022-11-19 02:30:00.000,L2FT01-FTJ020,14.57,0.000,0.666012,16605,0.435592,0.055345,0,0,0,0.9000,大鹏新区,22,22,0,0,0,0,1
2022-11-19,589179428,20190000000000000003,900200000000000047,1,179.000,316.353,56622.000,2022-11-19 02:30:00.000,L2FT01-FTJ020,14.57,0.000,0.666012,16605,0.435592,0.055345,0,0,0,0.9000,大鹏新区,22,22,0,0,0,0,1
2022-11-19,589179428,20190000000000000003,900200000000000045,1,143.590,314.033,45089.333,2022-11-19 02:45:00.000,L2FT01-FTJ020,14.57,0.000,0.666012,16605,0.435592,0.055345,0,0,0,0.9000,大鹏新区,22,22,0,0,0,0,1
2022-11-19,589179428,20190000000000000003,900200000000000047,1,175.264,317.413,55625.333,2022-11-19 02:45:00.000,L2FT01-FTJ020,14.57,0.000,0.666012,16605,0.435592,0.055345,0,0,0,0.9000,大鹏新区,22,22,0,0,0,0,1
2022-11-19,589179428,20190000000000000003,900200000000000047,1,112.172,323.270,36100.000,2022-11-19 03:00:00.000,L2FT01-FTJ020,15.19,0.000,0.666012,16605,0.435592,0.055345,0,0,0,0.9000,大鹏新区,22,22,0,0,0,0,1
2022-11-19,589179428,20190000000000000003,900200000000000045,1,143.590,315.293,45271.333,2022-11-19 03:00:00.000,L2FT01-FTJ020,15.19,0.000,0.666012,16605,0.435592,0.055345,0,0,0,0.9000,大鹏新区,22,22,0,0,0,0,1
2022-11-19,589179428,20190000000000000003,900200000000000045,1,97.259,321.785,31054.615,2022-11-19 03:15:00.000,L2FT01-FTJ020,15.19,0.000,0.666012,16605,0.435592,0.055345,0,0,0,0.9000,大鹏新区,22,22,0,0,0,0,1
2022-11-19,589179428,20190000000000000003,900200000000000037,1,24.790,301.100,7460.000,2022-11-19 04:00:00.000,L2FT01-FTJ020,15.67,0.000,0.666012,16605,0.435592,0.055345,0,0,0,0.9000,大鹏新区,22,22,0,0,0,0,1
2022-11-19,589179428,20190000000000000003,900200000000000045,1,129.856,303.400,39394.286,2022-11-19 04:00:00.000,L2FT01-FTJ020,15.67,0.000,0.666012,16605,0.435592,0.055345,0,0,0,0.9000,大鹏新区,22,22,0,0,0,0,1
2022-11-19,589179428,20190000000000000003,900200000000000045,1,129.800,308.373,40022.000,2022-11-19 04:15:00.000,L2FT01-FTJ020,15.67,0.000,0.666012,16605,0.435592,0.055345,0,0,0,0.9000,大鹏新区,22,22,0,0,0,0,1
2022-11-19,589179428,20190000000000000003,900200000000000045,1,129.842,310.827,40354.667,2022-11-19 04:30:00.000,L2FT01-FTJ020,15.67,0.000,0.666012,16605,0.435592,0.055345,0,0,0,0.9000,大鹏新区,22,22,0,0,0,0,1
2022-11-19,589179428,20190000000000000003,900200000000000045,1,129.956,311.927,40533.333,2022-11-19 04:45:00.000,L2FT01-FTJ020,15.67,0.000,0.666012,16605,0.435592,0.055345,0,0,0,0.9000,大鹏新区,22,22,0,0,0,0,1
2022-11-19,589179428,20190000000000000003,900200000000000042,1,121.213,300.813,37501.333,2022-11-19 05:00:00.000,L2FT01-FTJ020,15.97,0.000,0.666012,16605,0.435592,0.055345,0,0,0,0.9000,大鹏新区,22,22,0,0,0,0,1
2022-11-19,589179428,20190000000000000003,900200000000000045,1,129.993,313.740,40779.333,2022-11-19 05:00:00.000,L2FT01-FTJ020,15.97,0.000,0.666012,16605,0.435592,0.055345,0,0,0,0.9000,大鹏新区,22,22,0,0,0,0,1
2022-11-19,589179428,20190000000000000003,900200000000000034,1,129.800,309.080,40114.000,2022-11-19 05:15:00.000,L2FT01-FTJ020,15.97,0.000,0.666012,16605,0.435592,0.055345,0,0,0,0.9000,大鹏新区,22,22,0,0,0,0,1
2022-11-19,589179428,20190000000000000003,900200000000000042,1,129.806,311.133,40382.000,2022-11-19 05:15:00.000,L2FT01-FTJ020,15.97,0.000,0.666012,16605,0.435592,0.055345,0,0,0,0.9000,大鹏新区,22,22,0,0,0,0,1
2022-11-19,589179428,20190000000000000003,900200000000000045,1,129.956,314.913,40921.333,2022-11-19 05:15:00.000,L2FT01-FTJ020,15.97,0.000,0.666012,16605,0.435592,0.055345,0,0,0,0.9000,大鹏新区,22,22,0,0,0,0,1
2022-11-19,589179428,20190000000000000003,900200000000000045,1,123.873,317.933,39342.667,2022-11-19 05:30:00.000,L2FT01-FTJ020,15.97,0.000,0.666012,16605,0.435592,0.055345,0,0,0,0.9000,大鹏新区,22,22,0,0,0,0,1
2022-11-19,589179428,20190000000000000003,900200000000000042,1,129.800,312.460,40552.000,2022-11-19 05:30:00.000,L2FT01-FTJ020,15.97,0.000,0.666012,16605,0.435592,0.055345,0,0,0,0.9000,大鹏新区,22,22,0,0,0,0,1
2022-11-19,589179428,20190000000000000003,900200000000000040,1,129.897,304.600,39563.333,2022-11-19 05:30:00.000,L2FT01-FTJ020,15.97,0.000,0.666012,16605,0.435592,0.055345,0,0,0,0.9000,大鹏新区,22,22,0,0,0,0,1
2022-11-19,589179428,20190000000000000003,900200000000000034,1,129.824,310.580,40316.000,2022-11-19 05:30:00.000,L2FT01-FTJ020,15.97,0.000,0.666012,16605,0.435592,0.055345,0,0,0,0.9000,大鹏新区,22,22,0,0,0,0,1
2022-11-19,589179428,20190000000000000003,900200000000000031,1,183.485,380.512,69760.000,2022-11-19 05:30:00.000,L2FT01-FTJ020,15.97,0.000,0.666012,16605,0.435592,0.055345,0,0,0,0.9000,大鹏新区,22,22,0,0,0,0,1
2022-11-19,589179428,20190000000000000003,900200000000000031,1,120.773,396.013,47734.000,2022-11-19 05:45:00.000,L2FT01-FTJ020,15.97,0.000,0.666012,16605,0.435592,0.055345,0,0,0,0.9000,大鹏新区,22,22,0,0,0,0,1
2022-11-19,589179428,20190000000000000003,900200000000000034,1,129.882,311.380,40438.667,2022-11-19 05:45:00.000,L2FT01-FTJ020,15.97,0.000,0.666012,16605,0.435592,0.055345,0,0,0,0.9000,大鹏新区,22,22,0,0,0,0,1
2022-11-19,589179428,20190000000000000003,900200000000000040,1,129.872,309.273,40163.333,2022-11-19 05:45:00.000,L2FT01-FTJ020,15.97,0.000,0.666012,16605,0.435592,0.055345,0,0,0,0.9000,大鹏新区,22,22,0,0,0,0,1
2022-11-19,589179428,20190000000000000003,900200000000000042,1,129.885,314.233,40811.333,2022-11-19 05:45:00.000,L2FT01-FTJ020,15.97,0.000,0.666012,16605,0.435592,0.055345,0,0,0,0.9000,大鹏新区,22,22,0,0,0,0,1
2022-11-19,589179428,20190000000000000003,900200000000000045,1,30.000,327.733,9830.000,2022-11-19 05:45:00.000,L2FT01-FTJ020,15.97,0.000,0.666012,16605,0.435592,0.055345,0,0,0,0.9000,大鹏新区,22,22,0,0,0,0,1
2022-11-19,589179428,20190000000000000003,900200000000000031,1,19.790,397.860,7872.667,2022-11-19 06:00:00.000,L2FT01-FTJ020,16.07,0.000,0.666012,16605,0.435592,0.055345,0,0,0,0.9000,大鹏新区,22,22,0,0,0,0,1
2022-11-19,589179428,20190000000000000003,900200000000000034,1,129.806,313.907,40742.000,2022-11-19 06:00:00.000,L2FT01-FTJ020,16.07,0.000,0.666012,16605,0.435592,0.055345,0,0,0,0.9000,大鹏新区,22,22,0,0,0,0,1
2022-11-19,589179428,20190000000000000003,900200000000000040,1,129.857,311.387,40431.333,2022-11-19 06:00:00.000,L2FT01-FTJ020,16.07,0.000,0.666012,16605,0.435592,0.055345,0,0,0,0.9000,大鹏新区,22,22,0,0,0,0,1
2022-11-19,589179428,20190000000000000003,900200000000000042,1,129.872,315.467,40968.000,2022-11-19 06:00:00.000,L2FT01-FTJ020,16.07,0.000,0.666012,16605,0.435592,0.055345,0,0,0,0.9000,大鹏新区,22,22,0,0,0,0,1
2022-11-19,589179428,20190000000000000003,900200000000000052,1,141.355,366.209,51815.455,2022-11-19 06:15:00.000,L2FT01-FTJ020,16.07,0.000,0.666012,16605,0.435592,0.055345,0,0,0,0.9000,大鹏新区,22,22,0,0,0,0,1
2022-11-19,589179428,20190000000000000003,900200000000000042,1,112.861,320.270,36047.000,2022-11-19 06:15:00.000,L2FT01-FTJ020,16.07,0.000,0.666012,16605,0.435592,0.055345,0,0,0,0.9000,大鹏新区,22,22,0,0,0,0,1
2022-11-19,589179428,20190000000000000003,900200000000000040,1,130.084,312.767,40684.667,2022-11-19 06:15:00.000,L2FT01-FTJ020,16.07,0.000,0.666012,16605,0.435592,0.055345,0,0,0,0.9000,大鹏新区,22,22,0,0,0,0,1
2022-11-19,589179428,20190000000000000003,900200000000000034,1,121.842,320.320,39010.000,2022-11-19 06:15:00.000,L2FT01-FTJ020,16.07,0.000,0.666012,16605,0.435592,0.055345,0,0,0,0.9000,大鹏新区,22,22,0,0,0,0,1
2022-11-19,589179428,20190000000000000003,900200000000000031,1,19.790,400.847,7931.333,2022-11-19 06:15:00.000,L2FT01-FTJ020,16.07,0.000,0.666012,16605,0.435592,0.055345,0,0,0,0.9000,大鹏新区,22,22,0,0,0,0,1
2022-11-19,589179428,20190000000000000003,900200000000000031,1,19.790,404.113,7996.000,2022-11-19 06:30:00.000,L2FT01-FTJ020,16.07,0.000,0.666012,16605,0.435592,0.055345,0,0,0,0.9000,大鹏新区,22,22,0,0,0,0,1
2022-11-19,589179428,20190000000000000003,900200000000000034,1,54.874,322.442,17710.833,2022-11-19 06:30:00.000,L2FT01-FTJ020,16.07,0.000,0.666012,16605,0.435592,0.055345,0,0,0,0.9000,大鹏新区,22,22,0,0,0,0,1
2022-11-19,589179428,20190000000000000003,900200000000000040,1,130.090,314.387,40896.667,2022-11-19 06:30:00.000,L2FT01-FTJ020,16.07,0.000,0.666012,16605,0.435592,0.055345,0,0,0,0.9000,大鹏新区,22,22,0,0,0,0,1
2022-11-19,589179428,20190000000000000003,900200000000000052,1,115.402,374.487,43206.667,2022-11-19 06:30:00.000,L2FT01-FTJ020,16.07,0.000,0.666012,16605,0.435592,0.055345,0,0,0,0.9000,大鹏新区,22,22,0,0,0,0,1
2022-11-19,589179428,20190000000000000003,900200000000000031,1,17.071,407.053,6946.000,2022-11-19 06:45:00.000,L2FT01-FTJ020,16.07,0.000,0.666012,16605,0.435592,0.055345,0,0,0,0.9000,大鹏新区,22,22,0,0,0,0,1
2022-11-19,589179428,20190000000000000003,900200000000000034,1,78.966,339.775,26871.667,2022-11-19 06:45:00.000,L2FT01-FTJ020,16.07,0.000,0.666012,16605,0.435592,0.055345,0,0,0,0.9000,大鹏新区,22,22,0,0,0,0,1
2022-11-19,589179428,20190000000000000003,900200000000000040,1,130.054,315.453,41023.333,2022-11-19 06:45:00.000,L2FT01-FTJ020,16.07,0.000,0.666012,16605,0.435592,0.055345,0,0,0,0.9000,大鹏新区,22,22,0,0,0,0,1
2022-11-19,589179428,20190000000000000003,900200000000000052,1,91.908,389.160,35715.333,2022-11-19 06:45:00.000,L2FT01-FTJ020,16.07,0.000,0.666012,16605,0.435592,0.055345,0,0,0,0.9000,大鹏新区,22,22,0,0,0,0,1
2022-11-19,589179428,20190000000000000003,900200000000000040,1,116.587,319.773,37192.667,2022-11-19 07:00:00.000,L2FT01-FTJ020,15.97,0.000,0.666012,16605,0.435592,0.055345,0,0,0,0.9000,大鹏新区,22,22,0,0,0,0,1
2022-11-19,589179428,20190000000000000003,900200000000000052,1,66.850,400.200,26752.667,2022-11-19 07:00:00.000,L2FT01-FTJ020,15.97,0.000,0.666012,16605,0.435592,0.055345,0,0,0,0.9000,大鹏新区,22,22,0,0,0,0,1
2022-11-19,589179428,20190000000000000003,900200000000000031,1,9.790,407.800,3990.000,2022-11-19 07:00:00.000,L2FT01-FTJ020,15.97,0.000,0.666012,16605,0.435592,0.055345,0,0,0,0.9000,大鹏新区,22,22,0,0,0,0,1
2022-11-19,589179428,20190000000000000003,900200000000000034,1,80.643,341.920,27575.333,2022-11-19 07:00:00.000,L2FT01-FTJ020,15.97,0.000,0.666012,16605,0.435592,0.055345,0,0,0,0.9000,大鹏新区,22,22,0,0,0,0,1
2022-11-19,589179428,20190000000000000003,900200000000000034,1,59.782,341.362,20404.615,2022-11-19 07:15:00.000,L2FT01-FTJ020,15.97,0.000,0.666012,16605,0.435592,0.055345,0,0,0,0.9000,大鹏新区,22,22,0,0,0,0,1
2022-11-19,589179428,20190000000000000003,900200000000000040,1,35.090,327.800,11507.500,2022-11-19 07:15:00.000,L2FT01-FTJ020,15.97,0.000,0.666012,16605,0.435592,0.055345,0,0,0,0.9000,大鹏新区,22,22,0,0,0,0,1
2022-11-19,589179428,20190000000000000003,900200000000000052,1,19.990,404.913,8112.667,2022-11-19 07:15:00.000,L2FT01-FTJ020,15.97,0.000,0.666012,16605,0.435592,0.055345,0,0,0,0.9000,大鹏新区,22,22,0,0,0,0,1
2022-11-19,589179428,20190000000000000003,900200000000000032,1,44.814,350.080,15684.000,2022-11-19 07:30:00.000,L2FT01-FTJ020,15.97,0.000,0.666012,16605,0.435592,0.055345,0,0,0,0.9000,大鹏新区,22,22,0,0,0,0,1
2022-11-19,589179428,20190000000000000003,900200000000000052,1,12.803,406.420,5202.000,2022-11-19 07:30:00.000,L2FT01-FTJ020,15.97,0.000,0.666012,16605,0.435592,0.055345,0,0,0,0.9000,大鹏新区,22,22,0,0,0,0,1
2022-11-19,589179428,20190000000000000003,900200000000000032,1,33.912,354.093,12001.333,2022-11-19 07:45:00.000,L2FT01-FTJ020,15.97,0.000,0.666012,16605,0.435592,0.055345,0,0,0,0.9000,大鹏新区,22,22,0,0,0,0,1
2022-11-19,589179428,20190000000000000003,900200000000000052,1,12.700,408.290,5184.000,2022-11-19 07:45:00.000,L2FT01-FTJ020,15.97,0.000,0.666012,16605,0.435592,0.055345,0,0,0,0.9000,大鹏新区,22,22,0,0,0,0,1
2022-11-19,589179428,20190000000000000003,900200000000000032,1,23.759,358.733,8518.667,2022-11-19 08:00:00.000,L2FT01-FTJ020,15.67,0.000,0.666012,16605,0.435592,0.055345,0,0,0,0.9000,大鹏新区,22,22,0,0,0,0,1
2022-11-19,589179428,20190000000000000003,900200000000000032,1,17.881,361.511,6462.222,2022-11-19 08:15:00.000,L2FT01-FTJ020,15.67,0.000,0.666012,16605,0.435592,0.055345,0,0,0,0.9000,大鹏新区,22,22,0,0,0,0,1
2022-11-19,589179428,20190000000000000003,900200000000000039,1,121.866,364.160,44374.000,2022-11-19 09:00:00.000,L2FT01-FTJ020,15.19,0.000,0.666012,16605,0.435592,0.055345,0,0,0,0.9000,大鹏新区,22,22,0,0,0,0,1
2022-11-19,589179428,20190000000000000003,900200000000000032,1,74.579,354.967,26424.000,2022-11-19 09:15:00.000,L2FT01-FTJ020,15.19,0.000,0.666012,16605,0.435592,0.055345,0,0,0,0.9000,大鹏新区,22,22,0,0,0,0,1
2022-11-19,589179428,20190000000000000003,900200000000000039,1,95.285,379.307,36080.667,2022-11-19 09:15:00.000,L2FT01-FTJ020,15.19,0.000,0.666012,16605,0.435592,0.055345,0,0,0,0.9000,大鹏新区,22,22,0,0,0,0,1
2022-11-19,589179428,20190000000000000003,900200000000000032,1,79.941,356.413,28490.000,2022-11-19 09:30:00.000,L2FT01-FTJ020,15.19,0.000,0.666012,16605,0.435592,0.055345,0,0,0,0.9000,大鹏新区,22,22,0,0,0,0,1
2022-11-19,589179428,20190000000000000003,900200000000000039,1,59.927,396.313,23722.000,2022-11-19 09:30:00.000,L2FT01-FTJ020,15.19,0.000,0.666012,16605,0.435592,0.055345,0,0,0,0.9000,大鹏新区,22,22,0,0,0,0,1
2022-11-19,589179428,20190000000000000003,900200000000000039,1,45.394,405.643,18411.429,2022-11-19 09:45:00.000,L2FT01-FTJ020,15.19,0.000,0.666012,16605,0.435592,0.055345,0,0,0,0.9000,大鹏新区,22,22,0,0,0,0,1
2022-11-19,589179428,20190000000000000003,900200000000000032,1,63.825,356.607,22760.667,2022-11-19 09:45:00.000,L2FT01-FTJ020,15.19,0.000,0.666012,16605,0.435592,0.055345,0,0,0,0.9000,大鹏新区,22,22,0,0,0,0,1
2022-11-19,589179428,20190000000000000003,900200000000000032,1,34.010,355.280,12082.000,2022-11-19 10:00:00.000,L2FT01-FTJ020,14.57,0.000,0.666012,16605,0.435592,0.055345,0,0,0,0.9000,大鹏新区,22,22,0,0,0,0,1
2022-11-19,589179428,20190000000000000003,900200000000000038,1,200.500,343.200,68810.000,2022-11-19 11:30:00.000,L2FT01-FTJ020,13.85,0.000,0.666012,16605,0.435592,0.055345,0,0,0,0.9000,大鹏新区,22,22,0,0,0,0,1
2022-11-19,589179428,20190000000000000003,900200000000000040,1,104.390,307.550,32105.000,2022-11-19 11:45:00.000,L2FT01-FTJ020,13.85,0.000,0.666012,16605,0.435592,0.055345,0,0,0,0.9000,大鹏新区,22,22,0,0,0,0,1
2022-11-19,589179428,20190000000000000003,900200000000000040,1,106.306,310.207,32972.667,2022-11-19 12:00:00.000,L2FT01-FTJ020,13.07,0.000,0.666012,16605,0.435592,0.055345,0,0,0,0.9000,大鹏新区,22,22,0,0,0,0,1
2022-11-19,589179428,20190000000000000003,900200000000000040,1,106.348,310.893,33058.667,2022-11-19 12:15:00.000,L2FT01-FTJ020,13.07,0.000,0.666012,16605,0.435592,0.055345,0,0,0,0.9000,大鹏新区,22,22,0,0,0,0,1
2022-11-19,589179428,20190000000000000003,900200000000000040,1,106.318,313.247,33298.667,2022-11-19 12:30:00.000,L2FT01-FTJ020,13.07,0.000,0.666012,16605,0.435592,0.055345,0,0,0,0.9000,大鹏新区,22,22,0,0,0,0,1
2022-11-19,589179428,20190000000000000003,900200000000000040,1,106.378,314.253,33427.333,2022-11-19 12:45:00.000,L2FT01-FTJ020,13.07,0.000,0.666012,16605,0.435592,0.055345,0,0,0,0.9000,大鹏新区,22,22,0,0,0,0,1
2022-11-19,589179428,20190000000000000003,900200000000000045,1,92.433,443.827,40981.818,2022-11-19 12:45:00.000,L2FT01-FTJ020,13.07,0.000,0.666012,16605,0.435592,0.055345,0,0,0,0.9000,大鹏新区,22,22,0,0,0,0,1
2022-11-19,589179428,20190000000000000003,900200000000000040,1,96.469,318.654,30654.615,2022-11-19 13:00:00.000,L2FT01-FTJ020,12.30,0.000,0.666012,16605,0.435592,0.055345,0,0,0,0.9000,大鹏新区,22,22,0,0,0,0,1
2022-11-19,589179428,20190000000000000003,900200000000000045,1,63.893,454.647,29046.000,2022-11-19 13:00:00.000,L2FT01-FTJ020,12.30,0.000,0.666012,16605,0.435592,0.055345,0,0,0,0.9000,大鹏新区,22,22,0,0,0,0,1
2022-11-19,589179428,20190000000000000003,900200000000000045,1,29.870,462.293,13836.000,2022-11-19 13:15:00.000,L2FT01-FTJ020,12.30,0.000,0.666012,16605,0.435592,0.055345,0,0,0,0.9000,大鹏新区,22,22,0,0,0,0,1
2022-11-19,589179428,20190000000000000003,900200000000000031,1,141.140,312.800,44150.000,2022-11-19 13:30:00.000,L2FT01-FTJ020,12.30,0.000,0.666012,16605,0.435592,0.055345,0,0,0,0.9000,大鹏新区,22,22,0,0,0,0,1
2022-11-19,589179428,20190000000000000003,900200000000000045,1,12.890,462.380,5960.000,2022-11-19 13:30:00.000,L2FT01-FTJ020,12.30,0.000,0.666012,16605,0.435592,0.055345,0,0,0,0.9000,大鹏新区,22,22,0,0,0,0,1
2022-11-19,589179428,20190000000000000003,900200000000000056,1,115.947,396.880,46058.667,2022-11-19 15:00:00.000,L2FT01-FTJ020,10.95,0.000,0.666012,16605,0.435592,0.055345,0,0,0,0.9000,大鹏新区,22,22,0,0,0,0,1
2022-11-19,589179428,20190000000000000003,900200000000000056,1,120.006,409.727,49165.333,2022-11-19 15:15:00.000,L2FT01-FTJ020,10.95,0.000,0.666012,16605,0.435592,0.055345,0,0,0,0.9000,大鹏新区,22,22,0,0,0,0,1
2022-11-19,589179428,20190000000000000003,900200000000000056,1,83.076,425.180,35253.333,2022-11-19 15:30:00.000,L2FT01-FTJ020,10.95,0.000,0.666012,16605,0.435592,0.055345,0,0,0,0.9000,大鹏新区,22,22,0,0,0,0,1
2022-11-19,589179428,20190000000000000003,900200000000000056,1,50.000,429.850,21490.000,2022-11-19 15:45:00.000,L2FT01-FTJ020,10.95,0.000,0.666012,16605,0.435592,0.055345,0,0,0,0.9000,大鹏新区,22,22,0,0,0,0,1
2022-11-19,589179428,20190000000000000003,900200000000000031,1,135.367,309.433,41883.333,2022-11-19 17:00:00.000,L2FT01-FTJ020,10.17,0.000,0.666012,16605,0.435592,0.055345,0,0,0,0.9000,大鹏新区,22,22,0,0,0,0,1
2022-11-19,589179428,20190000000000000003,900200000000000031,1,137.132,310.707,42603.333,2022-11-19 17:15:00.000,L2FT01-FTJ020,10.17,0.000,0.666012,16605,0.435592,0.055345,0,0,0,0.9000,大鹏新区,22,22,0,0,0,0,1
2022-11-19,589179428,20190000000000000003,900200000000000031,1,136.677,313.007,42776.667,2022-11-19 17:30:00.000,L2FT01-FTJ020,10.17,0.000,0.666012,16605,0.435592,0.055345,0,0,0,0.9000,大鹏新区,22,22,0,0,0,0,1
2022-11-19,589179428,20190000000000000003,900200000000000039,1,125.031,320.613,39312.500,2022-11-19 17:30:00.000,L2FT01-FTJ020,10.17,0.000,0.666012,16605,0.435592,0.055345,0,0,0,0.9000,大鹏新区,22,22,0,0,0,0,1
2022-11-19,589179428,20190000000000000003,900200000000000040,1,129.927,311.367,40453.333,2022-11-19 17:30:00.000,L2FT01-FTJ020,10.17,0.000,0.666012,16605,0.435592,0.055345,0,0,0,0.9000,大鹏新区,22,22,0,0,0,0,1
2022-11-19,589179428,20190000000000000003,900200000000000048,1,129.845,314.908,40885.385,2022-11-19 17:30:00.000,L2FT01-FTJ020,10.17,0.000,0.666012,16605,0.435592,0.055345,0,0,0,0.9000,大鹏新区,22,22,0,0,0,0,1
2022-11-19,589179428,20190000000000000003,900200000000000031,1,134.471,314.093,42233.333,2022-11-19 17:45:00.000,L2FT01-FTJ020,10.17,0.000,0.666012,16605,0.435592,0.055345,0,0,0,0.9000,大鹏新区,22,22,0,0,0,0,1
2022-11-19,589179428,20190000000000000003,900200000000000040,1,129.882,315.867,41022.000,2022-11-19 17:45:00.000,L2FT01-FTJ020,10.17,0.000,0.666012,16605,0.435592,0.055345,0,0,0,0.9000,大鹏新区,22,22,0,0,0,0,1
2022-11-19,589179428,20190000000000000003,900200000000000048,1,129.800,318.850,41385.000,2022-11-19 17:45:00.000,L2FT01-FTJ020,10.17,0.000,0.666012,16605,0.435592,0.055345,0,0,0,0.9000,大鹏新区,22,22,0,0,0,0,1
2022-11-19,589179428,20190000000000000003,900200000000000031,1,122.627,318.264,38913.571,2022-11-19 18:00:00.000,L2FT01-FTJ020,10.07,0.000,0.666012,16605,0.435592,0.055345,0,0,0,0.9000,大鹏新区,22,22,0,0,0,0,1
2022-11-19,589179428,20190000000000000003,900200000000000040,1,74.036,325.080,24052.000,2022-11-19 18:00:00.000,L2FT01-FTJ020,10.07,0.000,0.666012,16605,0.435592,0.055345,0,0,0,0.9000,大鹏新区,22,22,0,0,0,0,1
2022-11-19,589179428,20190000000000000003,900200000000000032,1,116.161,356.727,41471.818,2022-11-19 19:15:00.000,L2FT01-FTJ020,10.17,0.000,0.666012,16605,0.435592,0.055345,0,0,0,0.9000,大鹏新区,22,22,0,0,0,0,1
2022-11-19,589179428,20190000000000000003,900200000000000035,1,35.750,234.800,11460.000,2022-11-19 19:30:00.000,L2FT01-FTJ020,10.17,0.000,0.666012,16605,0.435592,0.055345,0,0,0,0.9000,大鹏新区,22,22,0,0,0,0,1
2022-11-19,589179428,20190000000000000003,900200000000000032,1,103.932,359.673,37390.000,2022-11-19 19:30:00.000,L2FT01-FTJ020,10.17,0.000,0.666012,16605,0.435592,0.055345,0,0,0,0.9000,大鹏新区,22,22,0,0,0,0,1
2022-11-19,589179428,20190000000000000003,900200000000000035,1,71.250,322.880,23003.333,2022-11-19 19:45:00.000,L2FT01-FTJ020,10.17,0.000,0.666012,16605,0.435592,0.055345,0,0,0,0.9000,大鹏新区,22,22,0,0,0,0,1
2022-11-19,589179428,20190000000000000003,900200000000000056,1,126.890,388.700,49320.000,2022-11-19 19:45:00.000,L2FT01-FTJ020,10.17,0.000,0.666012,16605,0.435592,0.055345,0,0,0,0.9000,大鹏新区,22,22,0,0,0,0,1
2022-11-19,589179428,20190000000000000003,900200000000000052,1,71.258,446.167,31790.000,2022-11-19 20:00:00.000,L2FT01-FTJ020,10.47,0.000,0.666012,16605,0.435592,0.055345,0,0,0,0.9000,大鹏新区,22,22,0,0,0,0,1
2022-11-19,589179428,20190000000000000003,900200000000000056,1,121.903,390.147,47555.333,2022-11-19 20:00:00.000,L2FT01-FTJ020,10.47,0.000,0.666012,16605,0.435592,0.055345,0,0,0,0.9000,大鹏新区,22,22,0,0,0,0,1
2022-11-19,589179428,20190000000000000003,900200000000000052,1,63.863,456.013,29122.000,2022-11-19 20:15:00.000,L2FT01-FTJ020,10.47,0.000,0.666012,16605,0.435592,0.055345,0,0,0,0.9000,大鹏新区,22,22,0,0,0,0,1
2022-11-19,589179428,20190000000000000003,900200000000000056,1,98.387,391.740,38544.667,2022-11-19 20:15:00.000,L2FT01-FTJ020,10.47,0.000,0.666012,16605,0.435592,0.055345,0,0,0,0.9000,大鹏新区,22,22,0,0,0,0,1
2022-11-19,589179428,20190000000000000003,900200000000000047,1,94.747,393.033,37226.667,2022-11-19 20:30:00.000,L2FT01-FTJ020,10.47,0.000,0.666012,16605,0.435592,0.055345,0,0,0,0.9000,大鹏新区,22,22,0,0,0,0,1
2022-11-19,589179428,20190000000000000003,900200000000000052,1,23.137,462.000,10716.000,2022-11-19 20:30:00.000,L2FT01-FTJ020,10.47,0.000,0.666012,16605,0.435592,0.055345,0,0,0,0.9000,大鹏新区,22,22,0,0,0,0,1
2022-11-19,589179428,20190000000000000003,900200000000000056,1,61.632,390.680,24100.000,2022-11-19 20:30:00.000,L2FT01-FTJ020,10.47,0.000,0.666012,16605,0.435592,0.055345,0,0,0,0.9000,大鹏新区,22,22,0,0,0,0,1
2022-11-19,589179428,20190000000000000003,900200000000000047,1,65.984,404.153,26625.333,2022-11-19 20:45:00.000,L2FT01-FTJ020,10.47,0.000,0.666012,16605,0.435592,0.055345,0,0,0,0.9000,大鹏新区,22,22,0,0,0,0,1
2022-11-19,589179428,20190000000000000003,900200000000000052,1,12.790,463.108,5923.077,2022-11-19 20:45:00.000,L2FT01-FTJ020,10.47,0.000,0.666012,16605,0.435592,0.055345,0,0,0,0.9000,大鹏新区,22,22,0,0,0,0,1
2022-11-19,589179428,20190000000000000003,900200000000000056,1,43.914,392.022,17214.444,2022-11-19 20:45:00.000,L2FT01-FTJ020,10.47,0.000,0.666012,16605,0.435592,0.055345,0,0,0,0.9000,大鹏新区,22,22,0,0,0,0,1
2022-11-19,589179428,20190000000000000003,900200000000000045,1,67.833,347.529,23571.429,2022-11-19 21:30:00.000,L2FT01-FTJ020,10.95,0.000,0.666012,16605,0.435592,0.055345,0,0,0,0.9000,大鹏新区,22,22,0,0,0,0,1
2022-11-19,589179428,20190000000000000003,900200000000000045,1,54.265,356.027,19304.667,2022-11-19 21:45:00.000,L2FT01-FTJ020,10.95,0.000,0.666012,16605,0.435592,0.055345,0,0,0,0.9000,大鹏新区,22,22,0,0,0,0,1
2022-11-19,589179428,20190000000000000003,900200000000000045,1,24.681,360.127,8884.000,2022-11-19 22:00:00.000,L2FT01-FTJ020,11.57,0.000,0.666012,16605,0.435592,0.055345,0,0,0,0.9000,大鹏新区,22,22,0,0,0,0,1
2022-11-19,589179428,20190000000000000003,900200000000000056,1,18.340,325.750,5975.000,2022-11-19 22:00:00.000,L2FT01-FTJ020,11.57,0.000,0.666012,16605,0.435592,0.055345,0,0,0,0.9000,大鹏新区,22,22,0,0,0,0,1
2022-11-19,589179428,20190000000000000003,900200000000000034,1,124.656,328.156,40905.556,2022-11-19 22:15:00.000,L2FT01-FTJ020,11.57,0.000,0.666012,16605,0.435592,0.055345,0,0,0,0.9000,大鹏新区,22,22,0,0,0,0,1
2022-11-19,589179428,20190000000000000003,900200000000000045,1,13.790,362.033,4991.333,2022-11-19 22:15:00.000,L2FT01-FTJ020,11.57,0.000,0.666012,16605,0.435592,0.055345,0,0,0,0.9000,大鹏新区,22,22,0,0,0,0,1
2022-11-19,589179428,20190000000000000003,900200000000000056,1,131.253,340.860,44737.333,2022-11-19 22:15:00.000,L2FT01-FTJ020,11.57,0.000,0.666012,16605,0.435592,0.055345,0,0,0,0.9000,大鹏新区,22,22,0,0,0,0,1
2022-11-19,589179428,20190000000000000003,900200000000000034,1,125.878,330.893,41650.667,2022-11-19 22:30:00.000,L2FT01-FTJ020,11.57,0.000,0.666012,16605,0.435592,0.055345,0,0,0,0.9000,大鹏新区,22,22,0,0,0,0,1
2022-11-19,589179428,20190000000000000003,900200000000000045,1,13.790,364.311,5022.222,2022-11-19 22:30:00.000,L2FT01-FTJ020,11.57,0.000,0.666012,16605,0.435592,0.055345,0,0,0,0.9000,大鹏新区,22,22,0,0,0,0,1
2022-11-19,589179428,20190000000000000003,900200000000000056,1,131.223,348.930,45786.000,2022-11-19 22:30:00.000,L2FT01-FTJ020,11.57,0.000,0.666012,16605,0.435592,0.055345,0,0,0,0.9000,大鹏新区,22,22,0,0,0,0,1
2022-11-19,589179428,20190000000000000003,900200000000000034,1,77.494,332.610,25751.000,2022-11-19 22:45:00.000,L2FT01-FTJ020,11.57,0.000,0.666012,16605,0.435592,0.055345,0,0,0,0.9000,大鹏新区,22,22,0,0,0,0,1
2022-11-20,589179428,20190000000000000003,900200000000000039,1,84.240,451.855,39770.000,2022-11-20 00:00:00.000,L2FT01-FTJ020,13.07,0.000,0.666012,16605,0.435592,0.055345,0,0,0,0.9000,大鹏新区,22,22,0,0,0,0,1
2022-11-20,589179428,20190000000000000003,900200000000000035,1,102.356,449.413,47451.250,2022-11-20 00:15:00.000,L2FT01-FTJ020,13.07,0.000,0.666012,16605,0.435592,0.055345,0,0,0,0.9000,大鹏新区,22,22,0,0,0,0,1
2022-11-20,589179428,20190000000000000003,900200000000000039,1,86.083,473.253,40740.000,2022-11-20 00:15:00.000,L2FT01-FTJ020,13.07,0.000,0.666012,16605,0.435592,0.055345,0,0,0,0.9000,大鹏新区,22,22,0,0,0,0,1
2022-11-20,589179428,20190000000000000003,900200000000000039,1,33.490,472.175,15817.500,2022-11-20 00:30:00.000,L2FT01-FTJ020,13.07,0.000,0.666012,16605,0.435592,0.055345,0,0,0,0.9000,大鹏新区,22,22,0,0,0,0,1
2022-11-20,589179428,20190000000000000003,900200000000000035,1,116.212,467.007,54268.667,2022-11-20 00:30:00.000,L2FT01-FTJ020,13.07,0.000,0.666012,16605,0.435592,0.055345,0,0,0,0.9000,大鹏新区,22,22,0,0,0,0,1
2022-11-20,589179428,20190000000000000003,900200000000000038,1,70.002,427.818,29948.182,2022-11-20 00:45:00.000,L2FT01-FTJ020,13.07,0.000,0.666012,16605,0.435592,0.055345,0,0,0,0.9000,大鹏新区,22,22,0,0,0,0,1
2022-11-20,589179428,20190000000000000003,900200000000000035,1,105.860,466.633,49396.000,2022-11-20 00:45:00.000,L2FT01-FTJ020,13.07,0.000,0.666012,16605,0.435592,0.055345,0,0,0,0.9000,大鹏新区,22,22,0,0,0,0,1
2022-11-20,589179428,20190000000000000003,900200000000000035,1,104.710,466.333,48827.333,2022-11-20 01:00:00.000,L2FT01-FTJ020,13.85,0.000,0.666012,16605,0.435592,0.055345,0,0,0,0.9000,大鹏新区,22,22,0,0,0,0,1
2022-11-20,589179428,20190000000000000003,900200000000000035,1,47.313,465.614,22029.286,2022-11-20 01:15:00.000,L2FT01-FTJ020,13.85,0.000,0.666012,16605,0.435592,0.055345,0,0,0,0.9000,大鹏新区,22,22,0,0,0,0,1
2022-11-20,589179428,20190000000000000003,900200000000000053,1,149.830,307.040,46002.000,2022-11-20 05:00:00.000,L2FT01-FTJ020,15.97,0.000,0.666012,16605,0.435592,0.055345,0,0,0,0.9000,大鹏新区,22,22,0,0,0,0,1
2022-11-20,589179428,20190000000000000003,900200000000000053,1,149.857,310.420,46515.333,2022-11-20 05:15:00.000,L2FT01-FTJ020,15.97,0.000,0.666012,16605,0.435592,0.055345,0,0,0,0.9000,大鹏新区,22,22,0,0,0,0,1
2022-11-20,589179428,20190000000000000003,900200000000000053,1,149.919,311.420,46684.667,2022-11-20 05:30:00.000,L2FT01-FTJ020,15.97,0.000,0.666012,16605,0.435592,0.055345,0,0,0,0.9000,大鹏新区,22,22,0,0,0,0,1
2022-11-20,589179428,20190000000000000003,900200000000000040,1,149.800,311.560,46671.000,2022-11-20 05:45:00.000,L2FT01-FTJ020,15.97,0.000,0.666012,16605,0.435592,0.055345,0,0,0,0.9000,大鹏新区,22,22,0,0,0,0,1
2022-11-20,589179428,20190000000000000003,900200000000000053,1,150.033,313.267,46997.333,2022-11-20 05:45:00.000,L2FT01-FTJ020,15.97,0.000,0.666012,16605,0.435592,0.055345,0,0,0,0.9000,大鹏新区,22,22,0,0,0,0,1
2022-11-20,589179428,20190000000000000003,900200000000000040,1,149.863,312.880,46886.667,2022-11-20 06:00:00.000,L2FT01-FTJ020,16.07,0.000,0.666012,16605,0.435592,0.055345,0,0,0,0.9000,大鹏新区,22,22,0,0,0,0,1
2022-11-20,589179428,20190000000000000003,900200000000000053,1,150.033,314.667,47207.333,2022-11-20 06:00:00.000,L2FT01-FTJ020,16.07,0.000,0.666012,16605,0.435592,0.055345,0,0,0,0.9000,大鹏新区,22,22,0,0,0,0,1
2022-11-20,589179428,20190000000000000003,900200000000000040,1,149.883,314.147,47082.667,2022-11-20 06:15:00.000,L2FT01-FTJ020,16.07,0.000,0.666012,16605,0.435592,0.055345,0,0,0,0.9000,大鹏新区,22,22,0,0,0,0,1
2022-11-20,589179428,20190000000000000003,900200000000000053,1,149.949,316.227,47416.000,2022-11-20 06:15:00.000,L2FT01-FTJ020,16.07,0.000,0.666012,16605,0.435592,0.055345,0,0,0,0.9000,大鹏新区,22,22,0,0,0,0,1
2022-11-20,589179428,20190000000000000003,900200000000000053,1,99.411,323.543,31995.714,2022-11-20 06:30:00.000,L2FT01-FTJ020,16.07,0.000,0.666012,16605,0.435592,0.055345,0,0,0,0.9000,大鹏新区,22,22,0,0,0,0,1
2022-11-20,589179428,20190000000000000003,900200000000000052,1,113.597,305.100,35730.000,2022-11-20 06:30:00.000,L2FT01-FTJ020,16.07,0.000,0.666012,16605,0.435592,0.055345,0,0,0,0.9000,大鹏新区,22,22,0,0,0,0,1
2022-11-20,589179428,20190000000000000003,900200000000000044,1,86.593,303.267,26913.333,2022-11-20 06:30:00.000,L2FT01-FTJ020,16.07,0.000,0.666012,16605,0.435592,0.055345,0,0,0,0.9000,大鹏新区,22,22,0,0,0,0,1
2022-11-20,589179428,20190000000000000003,900200000000000040,1,149.999,315.533,47326.667,2022-11-20 06:30:00.000,L2FT01-FTJ020,16.07,0.000,0.666012,16605,0.435592,0.055345,0,0,0,0.9000,大鹏新区,22,22,0,0,0,0,1
2022-11-20,589179428,20190000000000000003,900200000000000034,1,129.968,309.427,40212.727,2022-11-20 06:30:00.000,L2FT01-FTJ020,16.07,0.000,0.666012,16605,0.435592,0.055345,0,0,0,0.9000,大鹏新区,22,22,0,0,0,0,1
2022-11-20,589179428,20190000000000000003,900200000000000034,1,129.949,310.787,40382.000,2022-11-20 06:45:00.000,L2FT01-FTJ020,16.07,0.000,0.666012,16605,0.435592,0.055345,0,0,0,0.9000,大鹏新区,22,22,0,0,0,0,1
2022-11-20,589179428,20190000000000000003,900200000000000040,1,105.508,321.978,33780.000,2022-11-20 06:45:00.000,L2FT01-FTJ020,16.07,0.000,0.666012,16605,0.435592,0.055345,0,0,0,0.9000,大鹏新区,22,22,0,0,0,0,1
2022-11-20,589179428,20190000000000000003,900200000000000044,1,129.806,311.453,40422.000,2022-11-20 06:45:00.000,L2FT01-FTJ020,16.07,0.000,0.666012,16605,0.435592,0.055345,0,0,0,0.9000,大鹏新区,22,22,0,0,0,0,1
2022-11-20,589179428,20190000000000000003,900200000000000052,1,129.800,316.500,41080.000,2022-11-20 06:45:00.000,L2FT01-FTJ020,16.07,0.000,0.666012,16605,0.435592,0.055345,0,0,0,0.9000,大鹏新区,22,22,0,0,0,0,1
2022-11-20,589179428,20190000000000000003,900200000000000034,1,129.871,312.193,40540.000,2022-11-20 07:00:00.000,L2FT01-FTJ020,15.97,0.000,0.666012,16605,0.435592,0.055345,0,0,0,0.9000,大鹏新区,22,22,0,0,0,0,1
2022-11-20,589179428,20190000000000000003,900200000000000044,1,129.860,312.247,40546.000,2022-11-20 07:00:00.000,L2FT01-FTJ020,15.97,0.000,0.666012,16605,0.435592,0.055345,0,0,0,0.9000,大鹏新区,22,22,0,0,0,0,1
2022-11-20,589179428,20190000000000000003,900200000000000047,1,121.207,293.280,36920.000,2022-11-20 07:00:00.000,L2FT01-FTJ020,15.97,0.000,0.666012,16605,0.435592,0.055345,0,0,0,0.9000,大鹏新区,22,22,0,0,0,0,1
2022-11-20,589179428,20190000000000000003,900200000000000034,1,129.854,314.047,40778.000,2022-11-20 07:15:00.000,L2FT01-FTJ020,15.97,0.000,0.666012,16605,0.435592,0.055345,0,0,0,0.9000,大鹏新区,22,22,0,0,0,0,1
2022-11-20,589179428,20190000000000000003,900200000000000044,1,129.890,314.233,40813.333,2022-11-20 07:15:00.000,L2FT01-FTJ020,15.97,0.000,0.666012,16605,0.435592,0.055345,0,0,0,0.9000,大鹏新区,22,22,0,0,0,0,1
2022-11-20,589179428,20190000000000000003,900200000000000047,1,129.897,309.933,40257.333,2022-11-20 07:15:00.000,L2FT01-FTJ020,15.97,0.000,0.666012,16605,0.435592,0.055345,0,0,0,0.9000,大鹏新区,22,22,0,0,0,0,1
2022-11-20,589179428,20190000000000000003,900200000000000047,1,129.890,311.673,40480.667,2022-11-20 07:30:00.000,L2FT01-FTJ020,15.97,0.000,0.666012,16605,0.435592,0.055345,0,0,0,0.9000,大鹏新区,22,22,0,0,0,0,1
2022-11-20,589179428,20190000000000000003,900200000000000044,1,129.878,315.593,40986.000,2022-11-20 07:30:00.000,L2FT01-FTJ020,15.97,0.000,0.666012,16605,0.435592,0.055345,0,0,0,0.9000,大鹏新区,22,22,0,0,0,0,1
2022-11-20,589179428,20190000000000000003,900200000000000038,1,54.900,389.300,22690.000,2022-11-20 07:30:00.000,L2FT01-FTJ020,15.97,0.000,0.666012,16605,0.435592,0.055345,0,0,0,0.9000,大鹏新区,22,22,0,0,0,0,1
2022-11-20,589179428,20190000000000000003,900200000000000034,1,129.854,315.373,40949.333,2022-11-20 07:30:00.000,L2FT01-FTJ020,15.97,0.000,0.666012,16605,0.435592,0.055345,0,0,0,0.9000,大鹏新区,22,22,0,0,0,0,1
2022-11-20,589179428,20190000000000000003,900200000000000034,1,99.839,322.267,32036.667,2022-11-20 07:45:00.000,L2FT01-FTJ020,15.97,0.000,0.666012,16605,0.435592,0.055345,0,0,0,0.9000,大鹏新区,22,22,0,0,0,0,1
2022-11-20,589179428,20190000000000000003,900200000000000044,1,122.365,319.050,39013.750,2022-11-20 07:45:00.000,L2FT01-FTJ020,15.97,0.000,0.666012,16605,0.435592,0.055345,0,0,0,0.9000,大鹏新区,22,22,0,0,0,0,1
2022-11-20,589179428,20190000000000000003,900200000000000047,1,129.897,313.133,40673.333,2022-11-20 07:45:00.000,L2FT01-FTJ020,15.97,0.000,0.666012,16605,0.435592,0.055345,0,0,0,0.9000,大鹏新区,22,22,0,0,0,0,1
2022-11-20,589179428,20190000000000000003,900200000000000047,1,129.890,314.687,40872.667,2022-11-20 08:00:00.000,L2FT01-FTJ020,15.67,0.000,0.666012,16605,0.435592,0.055345,0,0,0,0.9000,大鹏新区,22,22,0,0,0,0,1
2022-11-20,589179428,20190000000000000003,900200000000000047,1,129.890,315.713,41006.667,2022-11-20 08:15:00.000,L2FT01-FTJ020,15.67,0.000,0.666012,16605,0.435592,0.055345,0,0,0,0.9000,大鹏新区,22,22,0,0,0,0,1
2022-11-20,589179428,20190000000000000003,900200000000000047,1,129.890,316.700,41130.000,2022-11-20 08:30:00.000,L2FT01-FTJ020,15.67,0.000,0.666012,16605,0.435592,0.055345,0,0,0,0.9000,大鹏新区,22,22,0,0,0,0,1
2022-11-20,589179428,20190000000000000003,900200000000000047,1,105.818,364.900,38608.000,2022-11-20 10:15:00.000,L2FT01-FTJ020,14.57,0.000,0.666012,16605,0.435592,0.055345,0,0,0,0.9000,大鹏新区,22,22,0,0,0,0,1
2022-11-20,589179428,20190000000000000003,900200000000000047,1,104.057,379.180,39442.000,2022-11-20 10:30:00.000,L2FT01-FTJ020,14.57,0.000,0.666012,16605,0.435592,0.055345,0,0,0,0.9000,大鹏新区,22,22,0,0,0,0,1
2022-11-20,589179428,20190000000000000003,900200000000000047,1,78.226,399.113,31154.000,2022-11-20 10:45:00.000,L2FT01-FTJ020,14.57,0.000,0.666012,16605,0.435592,0.055345,0,0,0,0.9000,大鹏新区,22,22,0,0,0,0,1
2022-11-20,589179428,20190000000000000003,900200000000000047,1,49.590,405.100,20090.000,2022-11-20 11:00:00.000,L2FT01-FTJ020,13.85,0.000,0.666012,16605,0.435592,0.055345,0,0,0,0.9000,大鹏新区,22,22,0,0,0,0,1
2022-11-20,589179428,20190000000000000003,900200000000000035,1,46.765,325.925,15445.000,2022-11-20 11:45:00.000,L2FT01-FTJ020,13.85,0.000,0.666012,16605,0.435592,0.055345,0,0,0,0.9000,大鹏新区,22,22,0,0,0,0,1
2022-11-20,589179428,20190000000000000003,900200000000000039,1,89.680,326.800,29381.429,2022-11-20 12:00:00.000,L2FT01-FTJ020,13.07,0.000,0.666012,16605,0.435592,0.055345,0,0,0,0.9000,大鹏新区,22,22,0,0,0,0,1
2022-11-20,589179428,20190000000000000003,900200000000000035,1,132.405,341.073,45157.333,2022-11-20 12:00:00.000,L2FT01-FTJ020,13.07,0.000,0.666012,16605,0.435592,0.055345,0,0,0,0.9000,大鹏新区,22,22,0,0,0,0,1
2022-11-20,589179428,20190000000000000003,900200000000000035,1,132.358,350.047,46329.333,2022-11-20 12:15:00.000,L2FT01-FTJ020,13.07,0.000,0.666012,16605,0.435592,0.055345,0,0,0,0.9000,大鹏新区,22,22,0,0,0,0,1
2022-11-20,589179428,20190000000000000003,900200000000000039,1,84.443,328.193,27846.667,2022-11-20 12:15:00.000,L2FT01-FTJ020,13.07,0.000,0.666012,16605,0.435592,0.055345,0,0,0,0.9000,大鹏新区,22,22,0,0,0,0,1
2022-11-20,589179428,20190000000000000003,900200000000000035,1,127.481,364.300,46420.667,2022-11-20 12:30:00.000,L2FT01-FTJ020,13.07,0.000,0.666012,16605,0.435592,0.055345,0,0,0,0.9000,大鹏新区,22,22,0,0,0,0,1
2022-11-20,589179428,20190000000000000003,900200000000000039,1,102.524,331.900,34022.000,2022-11-20 12:30:00.000,L2FT01-FTJ020,13.07,0.000,0.666012,16605,0.435592,0.055345,0,0,0,0.9000,大鹏新区,22,22,0,0,0,0,1
2022-11-20,589179428,20190000000000000003,900200000000000035,1,88.513,378.440,33476.000,2022-11-20 12:45:00.000,L2FT01-FTJ020,13.07,0.000,0.666012,16605,0.435592,0.055345,0,0,0,0.9000,大鹏新区,22,22,0,0,0,0,1
2022-11-20,589179428,20190000000000000003,900200000000000039,1,79.258,329.344,25745.556,2022-11-20 12:45:00.000,L2FT01-FTJ020,13.07,0.000,0.666012,16605,0.435592,0.055345,0,0,0,0.9000,大鹏新区,22,22,0,0,0,0,1
2022-11-20,589179428,20190000000000000003,900200000000000035,1,51.165,384.938,19700.000,2022-11-20 13:00:00.000,L2FT01-FTJ020,12.30,0.000,0.666012,16605,0.435592,0.055345,0,0,0,0.9000,大鹏新区,22,22,0,0,0,0,1
2022-11-20,589179428,20190000000000000003,900200000000000039,1,143.247,313.080,44844.667,2022-11-20 13:00:00.000,L2FT01-FTJ020,12.30,0.000,0.666012,16605,0.435592,0.055345,0,0,0,0.9000,大鹏新区,22,22,0,0,0,0,1
2022-11-20,589179428,20190000000000000003,900200000000000039,1,129.567,315.120,40830.667,2022-11-20 13:15:00.000,L2FT01-FTJ020,12.30,0.000,0.666012,16605,0.435592,0.055345,0,0,0,0.9000,大鹏新区,22,22,0,0,0,0,1
2022-11-20,589179428,20190000000000000003,900200000000000056,1,106.767,469.691,50880.000,2022-11-20 13:15:00.000,L2FT01-FTJ020,12.30,0.000,0.666012,16605,0.435592,0.055345,0,0,0,0.9000,大鹏新区,22,22,0,0,0,0,1
2022-11-20,589179428,20190000000000000003,900200000000000056,1,126.105,478.393,60326.000,2022-11-20 13:30:00.000,L2FT01-FTJ020,12.30,0.000,0.666012,16605,0.435592,0.055345,0,0,0,0.9000,大鹏新区,22,22,0,0,0,0,1
2022-11-20,589179428,20190000000000000003,900200000000000039,1,115.910,316.373,36675.333,2022-11-20 13:30:00.000,L2FT01-FTJ020,12.30,0.000,0.666012,16605,0.435592,0.055345,0,0,0,0.9000,大鹏新区,22,22,0,0,0,0,1
2022-11-20,589179428,20190000000000000003,900200000000000056,1,126.178,478.693,60398.667,2022-11-20 13:45:00.000,L2FT01-FTJ020,12.30,0.000,0.666012,16605,0.435592,0.055345,0,0,0,0.9000,大鹏新区,22,22,0,0,0,0,1
2022-11-20,589179428,20190000000000000003,900200000000000039,1,55.590,319.920,17804.000,2022-11-20 13:45:00.000,L2FT01-FTJ020,12.30,0.000,0.666012,16605,0.435592,0.055345,0,0,0,0.9000,大鹏新区,22,22,0,0,0,0,1
2022-11-20,589179428,20190000000000000003,900200000000000040,1,132.734,317.643,41960.000,2022-11-20 14:00:00.000,L2FT01-FTJ020,11.57,0.000,0.666012,16605,0.435592,0.055345,0,0,0,0.9000,大鹏新区,22,22,0,0,0,0,1
2022-11-20,589179428,20190000000000000003,900200000000000056,1,125.962,478.947,60327.333,2022-11-20 14:00:00.000,L2FT01-FTJ020,11.57,0.000,0.666012,16605,0.435592,0.055345,0,0,0,0.9000,大鹏新区,22,22,0,0,0,0,1
2022-11-20,589179428,20190000000000000003,900200000000000040,1,149.693,340.400,50953.333,2022-11-20 14:15:00.000,L2FT01-FTJ020,11.57,0.000,0.666012,16605,0.435592,0.055345,0,0,0,0.9000,大鹏新区,22,22,0,0,0,0,1
2022-11-20,589179428,20190000000000000003,900200000000000056,1,106.647,478.967,51079.333,2022-11-20 14:15:00.000,L2FT01-FTJ020,11.57,0.000,0.666012,16605,0.435592,0.055345,0,0,0,0.9000,大鹏新区,22,22,0,0,0,0,1
2022-11-20,589179428,20190000000000000003,900200000000000040,1,149.885,346.745,51970.000,2022-11-20 14:30:00.000,L2FT01-FTJ020,11.57,0.000,0.666012,16605,0.435592,0.055345,0,0,0,0.9000,大鹏新区,22,22,0,0,0,0,1
2022-11-20,589179428,20190000000000000003,900200000000000056,1,52.848,478.311,25288.889,2022-11-20 14:30:00.000,L2FT01-FTJ020,11.57,0.000,0.666012,16605,0.435592,0.055345,0,0,0,0.9000,大鹏新区,22,22,0,0,0,0,1
2022-11-20,589179428,20190000000000000003,900200000000000048,1,109.837,408.787,45016.000,2022-11-20 15:15:00.000,L2FT01-FTJ020,10.95,0.000,0.666012,16605,0.435592,0.055345,0,0,0,0.9000,大鹏新区,22,22,0,0,0,0,1
2022-11-20,589179428,20190000000000000003,900200000000000048,1,82.718,427.680,35306.000,2022-11-20 15:30:00.000,L2FT01-FTJ020,10.95,0.000,0.666012,16605,0.435592,0.055345,0,0,0,0.9000,大鹏新区,22,22,0,0,0,0,1
2022-11-20,589179428,20190000000000000003,900200000000000048,1,40.981,434.864,17813.636,2022-11-20 15:45:00.000,L2FT01-FTJ020,10.95,0.000,0.666012,16605,0.435592,0.055345,0,0,0,0.9000,大鹏新区,22,22,0,0,0,0,1
2022-11-20,589179428,20190000000000000003,900200000000000045,1,64.000,298.200,19080.000,2022-11-20 16:00:00.000,L2FT01-FTJ020,10.47,0.000,0.666012,16605,0.435592,0.055345,0,0,0,0.9000,大鹏新区,22,22,0,0,0,0,1
2022-11-20,589179428,20190000000000000003,900200000000000048,1,149.845,308.000,46151.818,2022-11-20 16:00:00.000,L2FT01-FTJ020,10.47,0.000,0.666012,16605,0.435592,0.055345,0,0,0,0.9000,大鹏新区,22,22,0,0,0,0,1
2022-11-20,589179428,20190000000000000003,900200000000000048,1,149.883,311.100,46625.333,2022-11-20 16:15:00.000,L2FT01-FTJ020,10.47,0.000,0.666012,16605,0.435592,0.055345,0,0,0,0.9000,大鹏新区,22,22,0,0,0,0,1
2022-11-20,589179428,20190000000000000003,900200000000000053,0,0.000,301.400,0.000,2022-11-20 16:15:00.000,L2FT01-FTJ020,10.47,0.000,0.666012,16605,0.435592,0.055345,0,0,0,0.9000,大鹏新区,22,22,0,0,0,0,1
2022-11-20,589179428,20190000000000000003,900200000000000048,1,149.912,312.173,46795.333,2022-11-20 16:30:00.000,L2FT01-FTJ020,10.47,0.000,0.666012,16605,0.435592,0.055345,0,0,0,0.9000,大鹏新区,22,22,0,0,0,0,1
2022-11-20,589179428,20190000000000000003,900200000000000031,1,68.347,445.783,31603.333,2022-11-20 16:30:00.000,L2FT01-FTJ020,10.47,0.000,0.666012,16605,0.435592,0.055345,0,0,0,0.9000,大鹏新区,22,22,0,0,0,0,1
2022-11-20,589179428,20190000000000000003,900200000000000031,1,94.816,469.218,44487.273,2022-11-20 16:45:00.000,L2FT01-FTJ020,10.47,0.000,0.666012,16605,0.435592,0.055345,0,0,0,0.9000,大鹏新区,22,22,0,0,0,0,1
2022-11-20,589179428,20190000000000000003,900200000000000048,1,150.000,314.233,47132.667,2022-11-20 16:45:00.000,L2FT01-FTJ020,10.47,0.000,0.666012,16605,0.435592,0.055345,0,0,0,0.9000,大鹏新区,22,22,0,0,0,0,1
2022-11-20,589179428,20190000000000000003,900200000000000052,1,49.931,339.887,16970.000,2022-11-20 16:45:00.000,L2FT01-FTJ020,10.47,0.000,0.666012,16605,0.435592,0.055345,0,0,0,0.9000,大鹏新区,22,22,0,0,0,0,1
2022-11-20,589179428,20190000000000000003,900200000000000048,1,150.007,315.787,47367.333,2022-11-20 17:00:00.000,L2FT01-FTJ020,10.17,0.000,0.666012,16605,0.435592,0.055345,0,0,0,0.9000,大鹏新区,22,22,0,0,0,0,1
2022-11-20,589179428,20190000000000000003,900200000000000052,1,49.890,350.040,17462.000,2022-11-20 17:00:00.000,L2FT01-FTJ020,10.17,0.000,0.666012,16605,0.435592,0.055345,0,0,0,0.9000,大鹏新区,22,22,0,0,0,0,1
2022-11-20,589179428,20190000000000000003,900200000000000048,1,90.608,321.325,29013.750,2022-11-20 17:15:00.000,L2FT01-FTJ020,10.17,0.000,0.666012,16605,0.435592,0.055345,0,0,0,0.9000,大鹏新区,22,22,0,0,0,0,1
2022-11-20,589179428,20190000000000000003,900200000000000052,1,49.840,359.010,17890.000,2022-11-20 17:15:00.000,L2FT01-FTJ020,10.17,0.000,0.666012,16605,0.435592,0.055345,0,0,0,0.9000,大鹏新区,22,22,0,0,0,0,1
2022-11-20,589179428,20190000000000000003,900200000000000034,1,105.858,455.414,50095.714,2022-11-20 17:30:00.000,L2FT01-FTJ020,10.17,0.000,0.666012,16605,0.435592,0.055345,0,0,0,0.9000,大鹏新区,22,22,0,0,0,0,1
2022-11-20,589179428,20190000000000000003,900200000000000049,1,112.955,470.462,53811.538,2022-11-20 17:30:00.000,L2FT01-FTJ020,10.17,0.000,0.666012,16605,0.435592,0.055345,0,0,0,0.9000,大鹏新区,22,22,0,0,0,0,1
2022-11-20,589179428,20190000000000000003,900200000000000034,1,104.211,473.953,49392.667,2022-11-20 17:45:00.000,L2FT01-FTJ020,10.17,0.000,0.666012,16605,0.435592,0.055345,0,0,0,0.9000,大鹏新区,22,22,0,0,0,0,1
2022-11-20,589179428,20190000000000000003,900200000000000038,1,36.447,436.500,17175.000,2022-11-20 17:45:00.000,L2FT01-FTJ020,10.17,0.000,0.666012,16605,0.435592,0.055345,0,0,0,0.9000,大鹏新区,22,22,0,0,0,0,1
2022-11-20,589179428,20190000000000000003,900200000000000039,1,106.720,371.709,40461.818,2022-11-20 17:45:00.000,L2FT01-FTJ020,10.17,0.000,0.666012,16605,0.435592,0.055345,0,0,0,0.9000,大鹏新区,22,22,0,0,0,0,1
2022-11-20,589179428,20190000000000000003,900200000000000049,1,86.571,477.627,41348.667,2022-11-20 17:45:00.000,L2FT01-FTJ020,10.17,0.000,0.666012,16605,0.435592,0.055345,0,0,0,0.9000,大鹏新区,22,22,0,0,0,0,1
2022-11-20,589179428,20190000000000000003,900200000000000049,1,60.540,477.500,28925.000,2022-11-20 18:00:00.000,L2FT01-FTJ020,10.07,0.000,0.666012,16605,0.435592,0.055345,0,0,0,0.9000,大鹏新区,22,22,0,0,0,0,1
2022-11-20,589179428,20190000000000000003,900200000000000039,1,106.800,386.400,41265.000,2022-11-20 18:00:00.000,L2FT01-FTJ020,10.07,0.000,0.666012,16605,0.435592,0.055345,0,0,0,0.9000,大鹏新区,22,22,0,0,0,0,1
2022-11-20,589179428,20190000000000000003,900200000000000034,1,74.620,473.880,35367.000,2022-11-20 18:00:00.000,L2FT01-FTJ020,10.07,0.000,0.666012,16605,0.435592,0.055345,0,0,0,0.9000,大鹏新区,22,22,0,0,0,0,1
2022-11-20,589179428,20190000000000000003,900200000000000038,1,50.830,475.640,24178.000,2022-11-20 18:00:00.000,L2FT01-FTJ020,10.07,0.000,0.666012,16605,0.435592,0.055345,0,0,0,0.9000,大鹏新区,22,22,0,0,0,0,1
2022-11-20,589179428,20190000000000000003,900200000000000038,1,42.890,475.567,20396.667,2022-11-20 18:15:00.000,L2FT01-FTJ020,10.07,0.000,0.666012,16605,0.435592,0.055345,0,0,0,0.9000,大鹏新区,22,22,0,0,0,0,1
2022-11-20,589179428,20190000000000000003,900200000000000035,1,116.297,413.967,48170.000,2022-11-20 18:30:00.000,L2FT01-FTJ020,10.07,0.000,0.666012,16605,0.435592,0.055345,0,0,0,0.9000,大鹏新区,22,22,0,0,0,0,1
2022-11-20,589179428,20190000000000000003,900200000000000035,1,123.472,426.327,52625.333,2022-11-20 18:45:00.000,L2FT01-FTJ020,10.07,0.000,0.666012,16605,0.435592,0.055345,0,0,0,0.9000,大鹏新区,22,22,0,0,0,0,1
2022-11-20,589179428,20190000000000000003,900200000000000040,1,77.626,327.929,25455.000,2022-11-20 18:45:00.000,L2FT01-FTJ020,10.07,0.000,0.666012,16605,0.435592,0.055345,0,0,0,0.9000,大鹏新区,22,22,0,0,0,0,1
2022-11-20,589179428,20190000000000000003,900200000000000035,1,121.890,445.644,54317.778,2022-11-20 19:00:00.000,L2FT01-FTJ020,10.17,0.000,0.666012,16605,0.435592,0.055345,0,0,0,0.9000,大鹏新区,22,22,0,0,0,0,1
2022-11-20,589179428,20190000000000000003,900200000000000040,1,75.197,329.333,24761.333,2022-11-20 19:00:00.000,L2FT01-FTJ020,10.17,0.000,0.666012,16605,0.435592,0.055345,0,0,0,0.9000,大鹏新区,22,22,0,0,0,0,1
2022-11-20,589179428,20190000000000000003,900200000000000044,1,20.190,369.200,7450.000,2022-11-20 19:00:00.000,L2FT01-FTJ020,10.17,0.000,0.666012,16605,0.435592,0.055345,0,0,0,0.9000,大鹏新区,22,22,0,0,0,0,1
2022-11-20,589179428,20190000000000000003,900200000000000040,1,71.190,330.400,23520.000,2022-11-20 19:15:00.000,L2FT01-FTJ020,10.17,0.000,0.666012,16605,0.435592,0.055345,0,0,0,0.9000,大鹏新区,22,22,0,0,0,0,1
2022-11-20,589179428,20190000000000000003,900200000000000044,1,115.191,469.293,54339.333,2022-11-20 19:15:00.000,L2FT01-FTJ020,10.17,0.000,0.666012,16605,0.435592,0.055345,0,0,0,0.9000,大鹏新区,22,22,0,0,0,0,1
2022-11-20,589179428,20190000000000000003,900200000000000044,1,117.721,472.280,55596.667,2022-11-20 19:30:00.000,L2FT01-FTJ020,10.17,0.000,0.666012,16605,0.435592,0.055345,0,0,0,0.9000,大鹏新区,22,22,0,0,0,0,1
2022-11-20,589179428,20190000000000000003,900200000000000056,1,133.004,370.807,49380.000,2022-11-20 19:30:00.000,L2FT01-FTJ020,10.17,0.000,0.666012,16605,0.435592,0.055345,0,0,0,0.9000,大鹏新区,22,22,0,0,0,0,1
2022-11-20,589179428,20190000000000000003,900200000000000056,1,144.257,370.967,53512.667,2022-11-20 19:45:00.000,L2FT01-FTJ020,10.17,0.000,0.666012,16605,0.435592,0.055345,0,0,0,0.9000,大鹏新区,22,22,0,0,0,0,1
2022-11-20,589179428,20190000000000000003,900200000000000049,1,139.126,410.000,56686.429,2022-11-20 19:45:00.000,L2FT01-FTJ020,10.17,0.000,0.666012,16605,0.435592,0.055345,0,0,0,0.9000,大鹏新区,22,22,0,0,0,0,1
2022-11-20,589179428,20190000000000000003,900200000000000042,1,90.323,325.783,29421.667,2022-11-20 19:45:00.000,L2FT01-FTJ020,10.17,0.000,0.666012,16605,0.435592,0.055345,0,0,0,0.9000,大鹏新区,22,22,0,0,0,0,1
2022-11-20,589179428,20190000000000000003,900200000000000044,1,69.558,471.767,32822.667,2022-11-20 19:45:00.000,L2FT01-FTJ020,10.17,0.000,0.666012,16605,0.435592,0.055345,0,0,0,0.9000,大鹏新区,22,22,0,0,0,0,1
2022-11-20,589179428,20190000000000000003,900200000000000056,1,120.939,371.780,44970.000,2022-11-20 20:00:00.000,L2FT01-FTJ020,10.47,0.000,0.666012,16605,0.435592,0.055345,0,0,0,0.9000,大鹏新区,22,22,0,0,0,0,1
2022-11-20,589179428,20190000000000000003,900200000000000042,1,90.337,326.327,29475.333,2022-11-20 20:00:00.000,L2FT01-FTJ020,10.47,0.000,0.666012,16605,0.435592,0.055345,0,0,0,0.9000,大鹏新区,22,22,0,0,0,0,1
2022-11-20,589179428,20190000000000000003,900200000000000044,1,28.790,471.500,13575.000,2022-11-20 20:00:00.000,L2FT01-FTJ020,10.47,0.000,0.666012,16605,0.435592,0.055345,0,0,0,0.9000,大鹏新区,22,22,0,0,0,0,1
2022-11-20,589179428,20190000000000000003,900200000000000049,1,149.897,415.893,62340.667,2022-11-20 20:00:00.000,L2FT01-FTJ020,10.47,0.000,0.666012,16605,0.435592,0.055345,0,0,0,0.9000,大鹏新区,22,22,0,0,0,0,1
2022-11-20,589179428,20190000000000000003,900200000000000053,1,99.890,349.667,35073.333,2022-11-20 20:00:00.000,L2FT01-FTJ020,10.47,0.000,0.666012,16605,0.435592,0.055345,0,0,0,0.9000,大鹏新区,22,22,0,0,0,0,1
2022-11-20,589179428,20190000000000000003,900200000000000053,1,119.873,356.733,42760.667,2022-11-20 20:15:00.000,L2FT01-FTJ020,10.47,0.000,0.666012,16605,0.435592,0.055345,0,0,0,0.9000,大鹏新区,22,22,0,0,0,0,1
2022-11-20,589179428,20190000000000000003,900200000000000056,1,42.001,371.070,15576.000,2022-11-20 20:15:00.000,L2FT01-FTJ020,10.47,0.000,0.666012,16605,0.435592,0.055345,0,0,0,0.9000,大鹏新区,22,22,0,0,0,0,1
2022-11-20,589179428,20190000000000000003,900200000000000042,1,90.317,328.373,29655.333,2022-11-20 20:15:00.000,L2FT01-FTJ020,10.47,0.000,0.666012,16605,0.435592,0.055345,0,0,0,0.9000,大鹏新区,22,22,0,0,0,0,1
2022-11-20,589179428,20190000000000000003,900200000000000049,1,149.877,431.320,64646.000,2022-11-20 20:15:00.000,L2FT01-FTJ020,10.47,0.000,0.666012,16605,0.435592,0.055345,0,0,0,0.9000,大鹏新区,22,22,0,0,0,0,1
2022-11-20,589179428,20190000000000000003,900200000000000053,1,102.891,358.560,36894.667,2022-11-20 20:30:00.000,L2FT01-FTJ020,10.47,0.000,0.666012,16605,0.435592,0.055345,0,0,0,0.9000,大鹏新区,22,22,0,0,0,0,1
2022-11-20,589179428,20190000000000000003,900200000000000042,1,73.865,328.953,24298.000,2022-11-20 20:30:00.000,L2FT01-FTJ020,10.47,0.000,0.666012,16605,0.435592,0.055345,0,0,0,0.9000,大鹏新区,22,22,0,0,0,0,1
2022-11-20,589179428,20190000000000000003,900200000000000049,1,149.890,451.820,67722.667,2022-11-20 20:30:00.000,L2FT01-FTJ020,10.47,0.000,0.666012,16605,0.435592,0.055345,0,0,0,0.9000,大鹏新区,22,22,0,0,0,0,1
2022-11-20,589179428,20190000000000000003,900200000000000042,1,36.918,329.107,12137.333,2022-11-20 20:45:00.000,L2FT01-FTJ020,10.47,0.000,0.666012,16605,0.435592,0.055345,0,0,0,0.9000,大鹏新区,22,22,0,0,0,0,1
2022-11-20,589179428,20190000000000000003,900200000000000049,1,90.838,464.640,42189.333,2022-11-20 20:45:00.000,L2FT01-FTJ020,10.47,0.000,0.666012,16605,0.435592,0.055345,0,0,0,0.9000,大鹏新区,22,22,0,0,0,0,1
2022-11-20,589179428,20190000000000000003,900200000000000053,1,64.777,364.086,23555.714,2022-11-20 20:45:00.000,L2FT01-FTJ020,10.47,0.000,0.666012,16605,0.435592,0.055345,0,0,0,0.9000,大鹏新区,22,22,0,0,0,0,1
2022-11-20,589179428,20190000000000000003,900200000000000042,1,13.390,334.600,4475.000,2022-11-20 21:00:00.000,L2FT01-FTJ020,10.95,0.000,0.666012,16605,0.435592,0.055345,0,0,0,0.9000,大鹏新区,22,22,0,0,0,0,1
2022-11-20,589179428,20190000000000000003,900200000000000049,1,64.261,468.300,30254.000,2022-11-20 21:00:00.000,L2FT01-FTJ020,10.95,0.000,0.666012,16605,0.435592,0.055345,0,0,0,0.9000,大鹏新区,22,22,0,0,0,0,1
2022-11-20,589179428,20190000000000000003,900200000000000035,1,90.260,349.810,31572.000,2022-11-20 21:30:00.000,L2FT01-FTJ020,10.95,0.000,0.666012,16605,0.435592,0.055345,0,0,0,0.9000,大鹏新区,22,22,0,0,0,0,1
2022-11-20,589179428,20190000000000000003,900200000000000035,1,55.497,348.967,19376.000,2022-11-20 21:45:00.000,L2FT01-FTJ020,10.95,0.000,0.666012,16605,0.435592,0.055345,0,0,0,0.9000,大鹏新区,22,22,0,0,0,0,1
2022-11-20,589179428,20190000000000000003,900200000000000035,1,43.365,350.225,15185.000,2022-11-20 22:00:00.000,L2FT01-FTJ020,11.57,0.000,0.666012,16605,0.435592,0.055345,0,0,0,0.9000,大鹏新区,22,22,0,0,0,0,1
2022-11-20,589179428,20190000000000000003,900200000000000044,1,150.100,310.900,46660.000,2022-11-20 23:15:00.000,L2FT01-FTJ020,12.30,0.000,0.666012,16605,0.435592,0.055345,0,0,0,0.9000,大鹏新区,22,22,0,0,0,0,1
2022-11-21,589179428,20190000000000000003,900200000000000032,1,143.716,359.020,51592.000,2022-11-21 00:00:00.000,L2FT01-FTJ020,13.07,0.000,0.666012,16605,0.435592,0.055345,0,0,1,0.9000,大鹏新区,22,22,0,0,0,0,1
2022-11-21,589179428,20190000000000000003,900200000000000049,1,80.848,462.114,37780.714,2022-11-21 00:15:00.000,L2FT01-FTJ020,13.07,0.000,0.666012,16605,0.435592,0.055345,0,0,1,0.9000,大鹏新区,22,22,0,0,0,0,1
2022-11-21,589179428,20190000000000000003,900200000000000032,1,140.640,364.350,51240.000,2022-11-21 00:15:00.000,L2FT01-FTJ020,13.07,0.000,0.666012,16605,0.435592,0.055345,0,0,1,0.9000,大鹏新区,22,22,0,0,0,0,1
2022-11-21,589179428,20190000000000000003,900200000000000032,1,149.842,305.950,45840.000,2022-11-21 00:30:00.000,L2FT01-FTJ020,13.07,0.000,0.666012,16605,0.435592,0.055345,0,0,1,0.9000,大鹏新区,22,22,0,0,0,0,1
2022-11-21,589179428,20190000000000000003,900200000000000049,1,92.130,468.953,43207.333,2022-11-21 00:30:00.000,L2FT01-FTJ020,13.07,0.000,0.666012,16605,0.435592,0.055345,0,0,1,0.9000,大鹏新区,22,22,0,0,0,0,1
2022-11-21,589179428,20190000000000000003,900200000000000032,1,149.890,309.620,46406.000,2022-11-21 00:45:00.000,L2FT01-FTJ020,13.07,0.000,0.666012,16605,0.435592,0.055345,0,0,1,0.9000,大鹏新区,22,22,0,0,0,0,1
2022-11-21,589179428,20190000000000000003,900200000000000049,1,92.877,468.873,43548.000,2022-11-21 00:45:00.000,L2FT01-FTJ020,13.07,0.000,0.666012,16605,0.435592,0.055345,0,0,1,0.9000,大鹏新区,22,22,0,0,0,0,1
2022-11-21,589179428,20190000000000000003,900200000000000032,1,149.890,311.020,46615.333,2022-11-21 01:00:00.000,L2FT01-FTJ020,13.85,0.000,0.666012,16605,0.435592,0.055345,0,0,1,0.9000,大鹏新区,22,22,0,0,0,0,1
2022-11-21,589179428,20190000000000000003,900200000000000049,1,70.365,468.546,32976.923,2022-11-21 01:00:00.000,L2FT01-FTJ020,13.85,0.000,0.666012,16605,0.435592,0.055345,0,0,1,0.9000,大鹏新区,22,22,0,0,0,0,1
2022-11-21,589179428,20190000000000000003,900200000000000032,1,150.007,312.393,46858.667,2022-11-21 01:15:00.000,L2FT01-FTJ020,13.85,0.000,0.666012,16605,0.435592,0.055345,0,0,1,0.9000,大鹏新区,22,22,0,0,0,0,1
2022-11-21,589179428,20190000000000000003,900200000000000042,1,91.358,364.250,33352.500,2022-11-21 01:15:00.000,L2FT01-FTJ020,13.85,0.000,0.666012,16605,0.435592,0.055345,0,0,1,0.9000,大鹏新区,22,22,0,0,0,0,1
2022-11-21,589179428,20190000000000000003,900200000000000049,1,53.634,325.740,18109.000,2022-11-21 01:15:00.000,L2FT01-FTJ020,13.85,0.000,0.666012,16605,0.435592,0.055345,0,0,1,0.9000,大鹏新区,22,22,0,0,0,0,1
2022-11-21,589179428,20190000000000000003,900200000000000049,1,71.500,341.940,24444.667,2022-11-21 01:30:00.000,L2FT01-FTJ020,13.85,0.000,0.666012,16605,0.435592,0.055345,0,0,1,0.9000,大鹏新区,22,22,0,0,0,0,1
2022-11-21,589179428,20190000000000000003,900200000000000032,1,149.963,314.113,47102.667,2022-11-21 01:30:00.000,L2FT01-FTJ020,13.85,0.000,0.666012,16605,0.435592,0.055345,0,0,1,0.9000,大鹏新区,22,22,0,0,0,0,1
2022-11-21,589179428,20190000000000000003,900200000000000042,1,91.410,380.500,34751.333,2022-11-21 01:30:00.000,L2FT01-FTJ020,13.85,0.000,0.666012,16605,0.435592,0.055345,0,0,1,0.9000,大鹏新区,22,22,0,0,0,0,1
2022-11-21,589179428,20190000000000000003,900200000000000049,1,71.500,347.380,24832.667,2022-11-21 01:45:00.000,L2FT01-FTJ020,13.85,0.000,0.666012,16605,0.435592,0.055345,0,0,1,0.9000,大鹏新区,22,22,0,0,0,0,1
2022-11-21,589179428,20190000000000000003,900200000000000032,1,149.919,315.487,47294.667,2022-11-21 01:45:00.000,L2FT01-FTJ020,13.85,0.000,0.666012,16605,0.435592,0.055345,0,0,1,0.9000,大鹏新区,22,22,0,0,0,0,1
2022-11-21,589179428,20190000000000000003,900200000000000042,1,37.590,386.188,14516.250,2022-11-21 01:45:00.000,L2FT01-FTJ020,13.85,0.000,0.666012,16605,0.435592,0.055345,0,0,1,0.9000,大鹏新区,22,22,0,0,0,0,1
2022-11-21,589179428,20190000000000000003,900200000000000032,1,97.880,322.540,31333.000,2022-11-21 02:00:00.000,L2FT01-FTJ020,14.57,0.000,0.666012,16605,0.435592,0.055345,0,0,1,0.9000,大鹏新区,22,22,0,0,0,0,1
2022-11-21,589179428,20190000000000000003,900200000000000049,1,71.500,356.587,25491.333,2022-11-21 02:00:00.000,L2FT01-FTJ020,14.57,0.000,0.666012,16605,0.435592,0.055345,0,0,1,0.9000,大鹏新区,22,22,0,0,0,0,1
2022-11-21,589179428,20190000000000000003,900200000000000044,1,149.808,307.355,46040.909,2022-11-21 02:15:00.000,L2FT01-FTJ020,14.57,0.000,0.666012,16605,0.435592,0.055345,0,0,1,0.9000,大鹏新区,22,22,0,0,0,0,1
2022-11-21,589179428,20190000000000000003,900200000000000049,1,71.419,367.760,26262.667,2022-11-21 02:15:00.000,L2FT01-FTJ020,14.57,0.000,0.666012,16605,0.435592,0.055345,0,0,1,0.9000,大鹏新区,22,22,0,0,0,0,1
2022-11-21,589179428,20190000000000000003,900200000000000044,1,149.790,310.460,46502.667,2022-11-21 02:30:00.000,L2FT01-FTJ020,14.57,0.000,0.666012,16605,0.435592,0.055345,0,0,1,0.9000,大鹏新区,22,22,0,0,0,0,1
2022-11-21,589179428,20190000000000000003,900200000000000049,1,71.427,379.413,27097.333,2022-11-21 02:30:00.000,L2FT01-FTJ020,14.57,0.000,0.666012,16605,0.435592,0.055345,0,0,1,0.9000,大鹏新区,22,22,0,0,0,0,1
2022-11-21,589179428,20190000000000000003,900200000000000044,1,149.870,311.393,46665.333,2022-11-21 02:45:00.000,L2FT01-FTJ020,14.57,0.000,0.666012,16605,0.435592,0.055345,0,0,1,0.9000,大鹏新区,22,22,0,0,0,0,1
2022-11-21,589179428,20190000000000000003,900200000000000049,1,33.737,385.540,13006.667,2022-11-21 02:45:00.000,L2FT01-FTJ020,14.57,0.000,0.666012,16605,0.435592,0.055345,0,0,1,0.9000,大鹏新区,22,22,0,0,0,0,1
2022-11-21,589179428,20190000000000000003,900200000000000044,1,149.890,313.133,46932.667,2022-11-21 03:00:00.000,L2FT01-FTJ020,15.19,0.000,0.666012,16605,0.435592,0.055345,0,0,1,0.9000,大鹏新区,22,22,0,0,0,0,1
2022-11-21,589179428,20190000000000000003,900200000000000049,1,24.390,387.000,9440.000,2022-11-21 03:00:00.000,L2FT01-FTJ020,15.19,0.000,0.666012,16605,0.435592,0.055345,0,0,1,0.9000,大鹏新区,22,22,0,0,0,0,1
2022-11-21,589179428,20190000000000000003,900200000000000044,1,149.912,314.580,47156.667,2022-11-21 03:15:00.000,L2FT01-FTJ020,15.19,0.000,0.666012,16605,0.435592,0.055345,0,0,1,0.9000,大鹏新区,22,22,0,0,0,0,1
2022-11-21,589179428,20190000000000000003,900200000000000044,1,149.949,315.767,47346.000,2022-11-21 03:30:00.000,L2FT01-FTJ020,15.19,0.000,0.666012,16605,0.435592,0.055345,0,0,1,0.9000,大鹏新区,22,22,0,0,0,0,1
2022-11-21,589179428,20190000000000000003,900200000000000044,1,107.884,323.160,34592.000,2022-11-21 03:45:00.000,L2FT01-FTJ020,15.19,0.000,0.666012,16605,0.435592,0.055345,0,0,1,0.9000,大鹏新区,22,22,0,0,0,0,1
2022-11-21,589179428,20190000000000000003,900200000000000039,1,112.897,307.767,34743.333,2022-11-21 04:45:00.000,L2FT01-FTJ020,15.67,0.000,0.666012,16605,0.435592,0.055345,0,0,1,0.9000,大鹏新区,22,22,0,0,0,0,1
2022-11-21,589179428,20190000000000000003,900200000000000039,1,112.800,309.633,34921.667,2022-11-21 05:00:00.000,L2FT01-FTJ020,15.97,0.000,0.666012,16605,0.435592,0.055345,0,0,1,0.9000,大鹏新区,22,22,0,0,0,0,1
2022-11-21,589179428,20190000000000000003,900200000000000038,0,0.000,129.100,0.000,2022-11-21 05:15:00.000,L2FT01-FTJ020,15.97,0.000,0.666012,16605,0.435592,0.055345,0,0,1,0.9000,大鹏新区,22,22,0,0,0,0,1
2022-11-21,589179428,20190000000000000003,900200000000000039,1,71.795,291.100,22285.000,2022-11-21 05:15:00.000,L2FT01-FTJ020,15.97,0.000,0.666012,16605,0.435592,0.055345,0,0,1,0.9000,大鹏新区,22,22,0,0,0,0,1
2022-11-21,589179428,20190000000000000003,900200000000000039,1,143.232,311.007,44544.667,2022-11-21 05:30:00.000,L2FT01-FTJ020,15.97,0.000,0.666012,16605,0.435592,0.055345,0,0,1,0.9000,大鹏新区,22,22,0,0,0,0,1
2022-11-21,589179428,20190000000000000003,900200000000000039,1,133.218,311.973,41559.333,2022-11-21 05:45:00.000,L2FT01-FTJ020,15.97,0.000,0.666012,16605,0.435592,0.055345,0,0,1,0.9000,大鹏新区,22,22,0,0,0,0,1
2022-11-21,589179428,20190000000000000003,900200000000000048,1,103.962,410.042,42840.000,2022-11-21 05:45:00.000,L2FT01-FTJ020,15.97,0.000,0.666012,16605,0.435592,0.055345,0,0,1,0.9000,大鹏新区,22,22,0,0,0,0,1
2022-11-21,589179428,20190000000000000003,900200000000000039,1,120.736,313.380,37839.333,2022-11-21 06:00:00.000,L2FT01-FTJ020,16.07,0.000,0.666012,16605,0.435592,0.055345,0,0,1,0.9000,大鹏新区,22,22,0,0,0,0,1
2022-11-21,589179428,20190000000000000003,900200000000000048,1,92.123,412.393,38017.333,2022-11-21 06:00:00.000,L2FT01-FTJ020,16.07,0.000,0.666012,16605,0.435592,0.055345,0,0,1,0.9000,大鹏新区,22,22,0,0,0,0,1
2022-11-21,589179428,20190000000000000003,900200000000000039,1,115.114,314.327,36192.667,2022-11-21 06:15:00.000,L2FT01-FTJ020,16.07,0.000,0.666012,16605,0.435592,0.055345,0,0,1,0.9000,大鹏新区,22,22,0,0,0,0,1
2022-11-21,589179428,20190000000000000003,900200000000000048,1,51.535,410.133,21142.667,2022-11-21 06:15:00.000,L2FT01-FTJ020,16.07,0.000,0.666012,16605,0.435592,0.055345,0,0,1,0.9000,大鹏新区,22,22,0,0,0,0,1
2022-11-21,589179428,20190000000000000003,900200000000000039,1,81.508,320.964,25964.286,2022-11-21 06:30:00.000,L2FT01-FTJ020,16.07,0.000,0.666012,16605,0.435592,0.055345,0,0,1,0.9000,大鹏新区,22,22,0,0,0,0,1
2022-11-21,589179428,20190000000000000003,900200000000000032,1,107.645,467.363,51088.750,2022-11-21 06:30:00.000,L2FT01-FTJ020,16.07,0.000,0.666012,16605,0.435592,0.055345,0,0,1,0.9000,大鹏新区,22,22,0,0,0,0,1
2022-11-21,589179428,20190000000000000003,900200000000000048,1,34.209,412.913,14136.667,2022-11-21 06:30:00.000,L2FT01-FTJ020,16.07,0.000,0.666012,16605,0.435592,0.055345,0,0,1,0.9000,大鹏新区,22,22,0,0,0,0,1
2022-11-21,589179428,20190000000000000003,900200000000000048,1,12.690,411.000,5215.000,2022-11-21 06:45:00.000,L2FT01-FTJ020,16.07,0.000,0.666012,16605,0.435592,0.055345,0,0,1,0.9000,大鹏新区,22,22,0,0,0,0,1
2022-11-21,589179428,20190000000000000003,900200000000000032,1,129.592,476.153,61704.667,2022-11-21 06:45:00.000,L2FT01-FTJ020,16.07,0.000,0.666012,16605,0.435592,0.055345,0,0,1,0.9000,大鹏新区,22,22,0,0,0,0,1
2022-11-21,589179428,20190000000000000003,900200000000000040,1,77.820,376.850,29325.000,2022-11-21 07:00:00.000,L2FT01-FTJ020,15.97,0.000,0.666012,16605,0.435592,0.055345,0,0,1,0.9000,大鹏新区,22,22,0,0,0,0,1
2022-11-21,589179428,20190000000000000003,900200000000000049,1,78.670,347.575,27522.500,2022-11-21 07:00:00.000,L2FT01-FTJ020,15.97,0.000,0.666012,16605,0.435592,0.055345,0,0,1,0.9000,大鹏新区,22,22,0,0,0,0,1
2022-11-21,589179428,20190000000000000003,900200000000000032,1,86.591,475.913,41211.333,2022-11-21 07:00:00.000,L2FT01-FTJ020,15.97,0.000,0.666012,16605,0.435592,0.055345,0,0,1,0.9000,大鹏新区,22,22,0,0,0,0,1
2022-11-21,589179428,20190000000000000003,900200000000000032,1,34.540,475.500,16425.000,2022-11-21 07:15:00.000,L2FT01-FTJ020,15.97,0.000,0.666012,16605,0.435592,0.055345,0,0,1,0.9000,大鹏新区,22,22,0,0,0,0,1
2022-11-21,589179428,20190000000000000003,900200000000000040,1,65.036,385.482,25065.455,2022-11-21 07:15:00.000,L2FT01-FTJ020,15.97,0.000,0.666012,16605,0.435592,0.055345,0,0,1,0.9000,大鹏新区,22,22,0,0,0,0,1
2022-11-21,589179428,20190000000000000003,900200000000000049,1,98.373,365.773,35965.333,2022-11-21 07:15:00.000,L2FT01-FTJ020,15.97,0.000,0.666012,16605,0.435592,0.055345,0,0,1,0.9000,大鹏新区,22,22,0,0,0,0,1
2022-11-21,589179428,20190000000000000003,900200000000000053,1,9.945,361.100,4010.000,2022-11-21 07:15:00.000,L2FT01-FTJ020,15.97,0.000,0.666012,16605,0.435592,0.055345,0,0,1,0.9000,大鹏新区,22,22,0,0,0,0,1
2022-11-21,589179428,20190000000000000003,900200000000000030,1,185.798,433.307,80664.000,2022-11-21 07:30:00.000,L2FT01-FTJ020,15.97,0.000,0.666012,16605,0.435592,0.055345,0,0,1,0.9000,大鹏新区,22,22,0,0,0,0,1
2022-11-21,589179428,20190000000000000003,900200000000000049,1,51.710,380.587,19647.333,2022-11-21 07:30:00.000,L2FT01-FTJ020,15.97,0.000,0.666012,16605,0.435592,0.055345,0,0,1,0.9000,大鹏新区,22,22,0,0,0,0,1
2022-11-21,589179428,20190000000000000003,900200000000000053,1,122.581,469.727,57611.333,2022-11-21 07:30:00.000,L2FT01-FTJ020,15.97,0.000,0.666012,16605,0.435592,0.055345,0,0,1,0.9000,大鹏新区,22,22,0,0,0,0,1
2022-11-21,589179428,20190000000000000003,900200000000000030,1,117.772,429.240,50842.000,2022-11-21 07:45:00.000,L2FT01-FTJ020,15.97,0.000,0.666012,16605,0.435592,0.055345,0,0,1,0.9000,大鹏新区,22,22,0,0,0,0,1
2022-11-21,589179428,20190000000000000003,900200000000000049,1,24.008,384.864,9235.455,2022-11-21 07:45:00.000,L2FT01-FTJ020,15.97,0.000,0.666012,16605,0.435592,0.055345,0,0,1,0.9000,大鹏新区,22,22,0,0,0,0,1
2022-11-21,589179428,20190000000000000003,900200000000000053,1,129.890,469.860,61032.000,2022-11-21 07:45:00.000,L2FT01-FTJ020,15.97,0.000,0.666012,16605,0.435592,0.055345,0,0,1,0.9000,大鹏新区,22,22,0,0,0,0,1
2022-11-21,589179428,20190000000000000003,900200000000000030,1,94.945,430.379,40893.571,2022-11-21 08:00:00.000,L2FT01-FTJ020,15.67,0.000,0.666012,16605,0.435592,0.055345,0,0,1,0.9000,大鹏新区,22,22,0,0,0,0,1
2022-11-21,589179428,20190000000000000003,900200000000000053,1,111.843,469.575,52520.000,2022-11-21 08:00:00.000,L2FT01-FTJ020,15.67,0.000,0.666012,16605,0.435592,0.055345,0,0,1,0.9000,大鹏新区,22,22,0,0,0,0,1
2022-11-21,589179428,20190000000000000003,900200000000000052,1,49.193,338.233,17936.667,2022-11-21 08:30:00.000,L2FT01-FTJ020,15.67,0.000,0.666012,16605,0.435592,0.055345,0,0,1,0.9000,大鹏新区,22,22,0,0,0,0,1
2022-11-21,589179428,20190000000000000003,900200000000000045,1,61.928,399.225,24722.500,2022-11-21 08:30:00.000,L2FT01-FTJ020,15.67,0.000,0.666012,16605,0.435592,0.055345,0,0,1,0.9000,大鹏新区,22,22,0,0,0,0,1
2022-11-21,589179428,20190000000000000003,900200000000000045,1,58.571,410.680,24040.000,2022-11-21 08:45:00.000,L2FT01-FTJ020,15.67,0.000,0.666012,16605,0.435592,0.055345,0,0,1,0.9000,大鹏新区,22,22,0,0,0,0,1
2022-11-21,589179428,20190000000000000003,900200000000000052,1,73.797,372.327,27474.667,2022-11-21 08:45:00.000,L2FT01-FTJ020,15.67,0.000,0.666012,16605,0.435592,0.055345,0,0,1,0.9000,大鹏新区,22,22,0,0,0,0,1
2022-11-21,589179428,20190000000000000003,900200000000000031,1,59.926,410.893,24592.000,2022-11-21 09:00:00.000,L2FT01-FTJ020,15.19,0.000,0.666012,16605,0.435592,0.055345,0,0,1,0.9000,大鹏新区,22,22,0,0,0,0,1
2022-11-21,589179428,20190000000000000003,900200000000000042,1,41.297,310.067,13413.333,2022-11-21 09:00:00.000,L2FT01-FTJ020,15.19,0.000,0.666012,16605,0.435592,0.055345,0,0,1,0.9000,大鹏新区,22,22,0,0,0,0,1
2022-11-21,589179428,20190000000000000003,900200000000000045,1,25.677,414.380,10644.000,2022-11-21 09:00:00.000,L2FT01-FTJ020,15.19,0.000,0.666012,16605,0.435592,0.055345,0,0,1,0.9000,大鹏新区,22,22,0,0,0,0,1
2022-11-21,589179428,20190000000000000003,900200000000000052,1,73.810,378.540,27938.000,2022-11-21 09:00:00.000,L2FT01-FTJ020,15.19,0.000,0.666012,16605,0.435592,0.055345,0,0,1,0.9000,大鹏新区,22,22,0,0,0,0,1
2022-11-21,589179428,20190000000000000003,900200000000000031,1,55.464,422.420,23436.000,2022-11-21 09:15:00.000,L2FT01-FTJ020,15.19,0.000,0.666012,16605,0.435592,0.055345,0,0,1,0.9000,大鹏新区,22,22,0,0,0,0,1
2022-11-21,589179428,20190000000000000003,900200000000000042,1,61.803,329.120,20339.333,2022-11-21 09:15:00.000,L2FT01-FTJ020,15.19,0.000,0.666012,16605,0.435592,0.055345,0,0,1,0.9000,大鹏新区,22,22,0,0,0,0,1
2022-11-21,589179428,20190000000000000003,900200000000000052,1,120.372,353.778,42814.444,2022-11-21 09:15:00.000,L2FT01-FTJ020,15.19,0.000,0.666012,16605,0.435592,0.055345,0,0,1,0.9000,大鹏新区,22,22,0,0,0,0,1
2022-11-21,589179428,20190000000000000003,900200000000000031,1,53.790,429.500,23103.333,2022-11-21 09:30:00.000,L2FT01-FTJ020,15.19,0.000,0.666012,16605,0.435592,0.055345,0,0,1,0.9000,大鹏新区,22,22,0,0,0,0,1
2022-11-21,589179428,20190000000000000003,900200000000000042,1,61.863,339.220,20984.000,2022-11-21 09:30:00.000,L2FT01-FTJ020,15.19,0.000,0.666012,16605,0.435592,0.055345,0,0,1,0.9000,大鹏新区,22,22,0,0,0,0,1
2022-11-21,589179428,20190000000000000003,900200000000000052,1,127.179,356.053,45276.000,2022-11-21 09:30:00.000,L2FT01-FTJ020,15.19,0.000,0.666012,16605,0.435592,0.055345,0,0,1,0.9000,大鹏新区,22,22,0,0,0,0,1
2022-11-21,589179428,20190000000000000003,900200000000000052,1,120.324,357.807,43048.667,2022-11-21 09:45:00.000,L2FT01-FTJ020,15.19,0.000,0.666012,16605,0.435592,0.055345,0,0,1,0.9000,大鹏新区,22,22,0,0,0,0,1
2022-11-21,589179428,20190000000000000003,900200000000000042,1,61.890,350.287,21678.000,2022-11-21 09:45:00.000,L2FT01-FTJ020,15.19,0.000,0.666012,16605,0.435592,0.055345,0,0,1,0.9000,大鹏新区,22,22,0,0,0,0,1
2022-11-21,589179428,20190000000000000003,900200000000000042,1,32.910,356.553,11732.000,2022-11-21 10:00:00.000,L2FT01-FTJ020,14.57,0.000,0.666012,16605,0.435592,0.055345,0,0,1,0.9000,大鹏新区,22,22,0,0,0,0,1
2022-11-21,589179428,20190000000000000003,900200000000000052,1,78.287,357.320,28006.000,2022-11-21 10:00:00.000,L2FT01-FTJ020,14.57,0.000,0.666012,16605,0.435592,0.055345,0,0,1,0.9000,大鹏新区,22,22,0,0,0,0,1
2022-11-21,589179428,20190000000000000003,900200000000000042,1,30.890,359.550,11105.000,2022-11-21 10:15:00.000,L2FT01-FTJ020,14.57,0.000,0.666012,16605,0.435592,0.055345,0,0,1,0.9000,大鹏新区,22,22,0,0,0,0,1
2022-11-21,589179428,20190000000000000003,900200000000000052,1,30.690,357.600,10970.000,2022-11-21 10:15:00.000,L2FT01-FTJ020,14.57,0.000,0.666012,16605,0.435592,0.055345,0,0,1,0.9000,大鹏新区,22,22,0,0,0,0,1
2022-11-21,589179428,20190000000000000003,900200000000000035,1,152.917,357.150,54575.000,2022-11-21 11:30:00.000,L2FT01-FTJ020,13.85,0.000,0.666012,16605,0.435592,0.055345,0,0,1,0.9000,大鹏新区,22,22,0,0,0,0,1
2022-11-21,589179428,20190000000000000003,900200000000000035,1,129.190,360.250,46540.000,2022-11-21 11:45:00.000,L2FT01-FTJ020,13.85,0.000,0.666012,16605,0.435592,0.055345,0,0,1,0.9000,大鹏新区,22,22,0,0,0,0,1
2022-11-21,589179428,20190000000000000003,900200000000000040,1,70.019,323.787,22666.667,2022-11-21 11:45:00.000,L2FT01-FTJ020,13.85,0.000,0.666012,16605,0.435592,0.055345,0,0,1,0.9000,大鹏新区,22,22,0,0,0,0,1
2022-11-21,589179428,20190000000000000003,900200000000000034,1,61.654,485.850,29953.750,2022-11-21 12:00:00.000,L2FT01-FTJ020,13.07,0.000,0.666012,16605,0.435592,0.055345,0,0,1,0.9000,大鹏新区,22,22,0,0,0,0,1
2022-11-21,589179428,20190000000000000003,900200000000000040,1,70.000,325.113,22754.000,2022-11-21 12:00:00.000,L2FT01-FTJ020,13.07,0.000,0.666012,16605,0.435592,0.055345,0,0,1,0.9000,大鹏新区,22,22,0,0,0,0,1
2022-11-21,589179428,20190000000000000003,900200000000000048,1,149.862,367.329,55047.857,2022-11-21 12:00:00.000,L2FT01-FTJ020,13.07,0.000,0.666012,16605,0.435592,0.055345,0,0,1,0.9000,大鹏新区,22,22,0,0,0,0,1
2022-11-21,589179428,20190000000000000003,900200000000000048,1,129.898,386.647,50129.333,2022-11-21 12:15:00.000,L2FT01-FTJ020,13.07,0.000,0.666012,16605,0.435592,0.055345,0,0,1,0.9000,大鹏新区,22,22,0,0,0,0,1
2022-11-21,589179428,20190000000000000003,900200000000000040,1,70.000,326.600,22858.000,2022-11-21 12:15:00.000,L2FT01-FTJ020,13.07,0.000,0.666012,16605,0.435592,0.055345,0,0,1,0.9000,大鹏新区,22,22,0,0,0,0,1
2022-11-21,589179428,20190000000000000003,900200000000000031,1,32.207,334.857,10834.286,2022-11-21 12:15:00.000,L2FT01-FTJ020,13.07,0.000,0.666012,16605,0.435592,0.055345,0,0,1,0.9000,大鹏新区,22,22,0,0,0,0,1
2022-11-21,589179428,20190000000000000003,900200000000000034,1,60.351,489.127,29518.000,2022-11-21 12:15:00.000,L2FT01-FTJ020,13.07,0.000,0.666012,16605,0.435592,0.055345,0,0,1,0.9000,大鹏新区,22,22,0,0,0,0,1
2022-11-21,589179428,20190000000000000003,900200000000000031,1,71.012,341.007,24212.000,2022-11-21 12:30:00.000,L2FT01-FTJ020,13.07,0.000,0.666012,16605,0.435592,0.055345,0,0,1,0.9000,大鹏新区,22,22,0,0,0,0,1
2022-11-21,589179428,20190000000000000003,900200000000000034,1,21.891,486.567,10688.667,2022-11-21 12:30:00.000,L2FT01-FTJ020,13.07,0.000,0.666012,16605,0.435592,0.055345,0,0,1,0.9000,大鹏新区,22,22,0,0,0,0,1
2022-11-21,589179428,20190000000000000003,900200000000000040,1,69.845,328.400,22932.667,2022-11-21 12:30:00.000,L2FT01-FTJ020,13.07,0.000,0.666012,16605,0.435592,0.055345,0,0,1,0.9000,大鹏新区,22,22,0,0,0,0,1
2022-11-21,589179428,20190000000000000003,900200000000000048,1,63.073,398.840,25128.000,2022-11-21 12:30:00.000,L2FT01-FTJ020,13.07,0.000,0.666012,16605,0.435592,0.055345,0,0,1,0.9000,大鹏新区,22,22,0,0,0,0,1
2022-11-21,589179428,20190000000000000003,900200000000000031,1,70.993,346.087,24566.000,2022-11-21 12:45:00.000,L2FT01-FTJ020,13.07,0.000,0.666012,16605,0.435592,0.055345,0,0,1,0.9000,大鹏新区,22,22,0,0,0,0,1
2022-11-21,589179428,20190000000000000003,900200000000000034,1,13.185,494.820,6504.667,2022-11-21 12:45:00.000,L2FT01-FTJ020,13.07,0.000,0.666012,16605,0.435592,0.055345,0,0,1,0.9000,大鹏新区,22,22,0,0,0,0,1
2022-11-21,589179428,20190000000000000003,900200000000000040,1,60.739,330.460,20062.667,2022-11-21 12:45:00.000,L2FT01-FTJ020,13.07,0.000,0.666012,16605,0.435592,0.055345,0,0,1,0.9000,大鹏新区,22,22,0,0,0,0,1
2022-11-21,589179428,20190000000000000003,900200000000000048,1,17.457,401.613,7014.000,2022-11-21 12:45:00.000,L2FT01-FTJ020,13.07,0.000,0.666012,16605,0.435592,0.055345,0,0,1,0.9000,大鹏新区,22,22,0,0,0,0,1
2022-11-21,589179428,20190000000000000003,900200000000000040,1,38.423,335.467,12886.667,2022-11-21 13:00:00.000,L2FT01-FTJ020,12.30,0.000,0.666012,16605,0.435592,0.055345,0,0,1,0.9000,大鹏新区,22,22,0,0,0,0,1
2022-11-21,589179428,20190000000000000003,900200000000000031,1,70.993,354.767,25181.333,2022-11-21 13:00:00.000,L2FT01-FTJ020,12.30,0.000,0.666012,16605,0.435592,0.055345,0,0,1,0.9000,大鹏新区,22,22,0,0,0,0,1
2022-11-21,589179428,20190000000000000003,900200000000000034,1,1.045,502.450,525.000,2022-11-21 13:00:00.000,L2FT01-FTJ020,12.30,0.000,0.666012,16605,0.435592,0.055345,0,0,1,0.9000,大鹏新区,22,22,0,0,0,0,1
2022-11-21,589179428,20190000000000000003,900200000000000031,1,71.000,365.933,25976.000,2022-11-21 13:15:00.000,L2FT01-FTJ020,12.30,0.000,0.666012,16605,0.435592,0.055345,0,0,1,0.9000,大鹏新区,22,22,0,0,0,0,1
2022-11-21,589179428,20190000000000000003,900200000000000043,1,53.933,455.180,25251.333,2022-11-21 13:30:00.000,L2FT01-FTJ020,12.30,0.000,0.666012,16605,0.435592,0.055345,0,0,1,0.9000,大鹏新区,22,22,0,0,0,0,1
2022-11-21,589179428,20190000000000000003,900200000000000031,1,65.561,377.173,24707.333,2022-11-21 13:30:00.000,L2FT01-FTJ020,12.30,0.000,0.666012,16605,0.435592,0.055345,0,0,1,0.9000,大鹏新区,22,22,0,0,0,0,1
2022-11-21,589179428,20190000000000000003,900200000000000031,1,52.372,386.040,20210.000,2022-11-21 13:45:00.000,L2FT01-FTJ020,12.30,0.000,0.666012,16605,0.435592,0.055345,0,0,1,0.9000,大鹏新区,22,22,0,0,0,0,1
2022-11-21,589179428,20190000000000000003,900200000000000043,1,64.000,470.887,30130.000,2022-11-21 13:45:00.000,L2FT01-FTJ020,12.30,0.000,0.666012,16605,0.435592,0.055345,0,0,1,0.9000,大鹏新区,22,22,0,0,0,0,1
2022-11-21,589179428,20190000000000000003,900200000000000031,1,34.054,389.420,13256.000,2022-11-21 14:00:00.000,L2FT01-FTJ020,11.57,0.000,0.666012,16605,0.435592,0.055345,0,0,1,0.9000,大鹏新区,22,22,0,0,0,0,1
2022-11-21,589179428,20190000000000000003,900200000000000043,1,64.000,470.900,30130.000,2022-11-21 14:00:00.000,L2FT01-FTJ020,11.57,0.000,0.666012,16605,0.435592,0.055345,0,0,1,0.9000,大鹏新区,22,22,0,0,0,0,1
2022-11-21,589179428,20190000000000000003,900200000000000034,0,0.000,281.900,0.000,2022-11-21 15:30:00.000,L2FT01-FTJ020,10.95,0.000,0.666012,16605,0.435592,0.055345,0,0,1,0.9000,大鹏新区,22,22,0,0,0,0,1
2022-11-21,589179428,20190000000000000003,900200000000000038,0,0.000,303.000,0.000,2022-11-21 15:30:00.000,L2FT01-FTJ020,10.95,0.000,0.666012,16605,0.435592,0.055345,0,0,1,0.9000,大鹏新区,22,22,0,0,0,0,1
2022-11-21,589179428,20190000000000000003,900200000000000031,1,199.345,315.400,62870.000,2022-11-21 17:45:00.000,L2FT01-FTJ020,10.17,0.000,0.666012,16605,0.435592,0.055345,0,0,1,0.9000,大鹏新区,22,22,0,0,0,0,1
2022-11-21,589179428,20190000000000000003,900200000000000045,1,134.912,313.440,42415.000,2022-11-21 17:45:00.000,L2FT01-FTJ020,10.17,0.000,0.666012,16605,0.435592,0.055345,0,0,1,0.9000,大鹏新区,22,22,0,0,0,0,1
2022-11-21,589179428,20190000000000000003,900200000000000031,1,199.156,317.238,63177.500,2022-11-21 18:00:00.000,L2FT01-FTJ020,10.07,0.000,0.666012,16605,0.435592,0.055345,0,0,1,0.9000,大鹏新区,22,22,0,0,0,0,1
2022-11-21,589179428,20190000000000000003,900200000000000034,1,202.301,316.071,63939.286,2022-11-21 18:00:00.000,L2FT01-FTJ020,10.07,0.000,0.666012,16605,0.435592,0.055345,0,0,1,0.9000,大鹏新区,22,22,0,0,0,0,1
2022-11-21,589179428,20190000000000000003,900200000000000045,1,74.037,460.820,34761.333,2022-11-21 18:00:00.000,L2FT01-FTJ020,10.07,0.000,0.666012,16605,0.435592,0.055345,0,0,1,0.9000,大鹏新区,22,22,0,0,0,0,1
2022-11-21,589179428,20190000000000000003,900200000000000047,1,64.900,310.200,20370.000,2022-11-21 18:00:00.000,L2FT01-FTJ020,10.07,0.000,0.666012,16605,0.435592,0.055345,0,0,1,0.9000,大鹏新区,22,22,0,0,0,0,1
2022-11-21,589179428,20190000000000000003,900200000000000047,1,129.945,314.980,40928.000,2022-11-21 18:15:00.000,L2FT01-FTJ020,10.07,0.000,0.666012,16605,0.435592,0.055345,0,0,1,0.9000,大鹏新区,22,22,0,0,0,0,1
2022-11-21,589179428,20190000000000000003,900200000000000045,1,90.823,470.780,42754.667,2022-11-21 18:15:00.000,L2FT01-FTJ020,10.07,0.000,0.666012,16605,0.435592,0.055345,0,0,1,0.9000,大鹏新区,22,22,0,0,0,0,1
2022-11-21,589179428,20190000000000000003,900200000000000031,1,199.803,315.211,62975.556,2022-11-21 18:15:00.000,L2FT01-FTJ020,10.07,0.000,0.666012,16605,0.435592,0.055345,0,0,1,0.9000,大鹏新区,22,22,0,0,0,0,1
2022-11-21,589179428,20190000000000000003,900200000000000034,1,119.642,321.800,38335.000,2022-11-21 18:15:00.000,L2FT01-FTJ020,10.07,0.000,0.666012,16605,0.435592,0.055345,0,0,1,0.9000,大鹏新区,22,22,0,0,0,0,1
2022-11-21,589179428,20190000000000000003,900200000000000045,1,91.150,470.747,42906.667,2022-11-21 18:30:00.000,L2FT01-FTJ020,10.07,0.000,0.666012,16605,0.435592,0.055345,0,0,1,0.9000,大鹏新区,22,22,0,0,0,0,1
2022-11-21,589179428,20190000000000000003,900200000000000048,1,53.036,350.743,18800.000,2022-11-21 18:30:00.000,L2FT01-FTJ020,10.07,0.000,0.666012,16605,0.435592,0.055345,0,0,1,0.9000,大鹏新区,22,22,0,0,0,0,1
2022-11-21,589179428,20190000000000000003,900200000000000045,1,78.954,470.650,37165.000,2022-11-21 18:45:00.000,L2FT01-FTJ020,10.07,0.000,0.666012,16605,0.435592,0.055345,0,0,1,0.9000,大鹏新区,22,22,0,0,0,0,1
2022-11-21,589179428,20190000000000000003,900200000000000048,1,61.790,364.727,22534.667,2022-11-21 18:45:00.000,L2FT01-FTJ020,10.07,0.000,0.666012,16605,0.435592,0.055345,0,0,1,0.9000,大鹏新区,22,22,0,0,0,0,1
2022-11-21,589179428,20190000000000000003,900200000000000048,1,61.790,373.273,23064.667,2022-11-21 19:00:00.000,L2FT01-FTJ020,10.17,0.000,0.666012,16605,0.435592,0.055345,0,0,1,0.9000,大鹏新区,22,22,0,0,0,0,1
2022-11-21,589179428,20190000000000000003,900200000000000056,1,123.323,420.850,51930.000,2022-11-21 19:00:00.000,L2FT01-FTJ020,10.17,0.000,0.666012,16605,0.435592,0.055345,0,0,1,0.9000,大鹏新区,22,22,0,0,0,0,1
2022-11-21,589179428,20190000000000000003,900200000000000056,1,122.425,436.907,53481.333,2022-11-21 19:15:00.000,L2FT01-FTJ020,10.17,0.000,0.666012,16605,0.435592,0.055345,0,0,1,0.9000,大鹏新区,22,22,0,0,0,0,1
2022-11-21,589179428,20190000000000000003,900200000000000035,1,96.511,362.200,35028.182,2022-11-21 19:15:00.000,L2FT01-FTJ020,10.17,0.000,0.666012,16605,0.435592,0.055345,0,0,1,0.9000,大鹏新区,22,22,0,0,0,0,1
2022-11-21,589179428,20190000000000000003,900200000000000048,1,61.403,381.067,23398.000,2022-11-21 19:15:00.000,L2FT01-FTJ020,10.17,0.000,0.666012,16605,0.435592,0.055345,0,0,1,0.9000,大鹏新区,22,22,0,0,0,0,1
2022-11-21,589179428,20190000000000000003,900200000000000056,1,77.939,456.080,35483.333,2022-11-21 19:30:00.000,L2FT01-FTJ020,10.17,0.000,0.666012,16605,0.435592,0.055345,0,0,1,0.9000,大鹏新区,22,22,0,0,0,0,1
2022-11-21,589179428,20190000000000000003,900200000000000048,1,36.617,383.827,14055.333,2022-11-21 19:30:00.000,L2FT01-FTJ020,10.17,0.000,0.666012,16605,0.435592,0.055345,0,0,1,0.9000,大鹏新区,22,22,0,0,0,0,1
2022-11-21,589179428,20190000000000000003,900200000000000035,1,109.521,363.833,39844.667,2022-11-21 19:30:00.000,L2FT01-FTJ020,10.17,0.000,0.666012,16605,0.435592,0.055345,0,0,1,0.9000,大鹏新区,22,22,0,0,0,0,1
2022-11-21,589179428,20190000000000000003,900200000000000035,1,103.136,364.014,37541.429,2022-11-21 19:45:00.000,L2FT01-FTJ020,10.17,0.000,0.666012,16605,0.435592,0.055345,0,0,1,0.9000,大鹏新区,22,22,0,0,0,0,1
2022-11-21,589179428,20190000000000000003,900200000000000048,1,15.052,383.573,5771.333,2022-11-21 19:45:00.000,L2FT01-FTJ020,10.17,0.000,0.666012,16605,0.435592,0.055345,0,0,1,0.9000,大鹏新区,22,22,0,0,0,0,1
2022-11-21,589179428,20190000000000000003,900200000000000056,1,24.936,460.162,11470.769,2022-11-21 19:45:00.000,L2FT01-FTJ020,10.17,0.000,0.666012,16605,0.435592,0.055345,0,0,1,0.9000,大鹏新区,22,22,0,0,0,0,1
2022-11-21,589179428,20190000000000000003,900200000000000035,1,179.927,381.600,68660.000,2022-11-21 20:00:00.000,L2FT01-FTJ020,10.47,0.000,0.666012,16605,0.435592,0.055345,0,0,1,0.9000,大鹏新区,22,22,0,0,0,0,1
2022-11-21,589179428,20190000000000000003,900200000000000048,1,10.000,384.133,3835.833,2022-11-21 20:00:00.000,L2FT01-FTJ020,10.47,0.000,0.666012,16605,0.435592,0.055345,0,0,1,0.9000,大鹏新区,22,22,0,0,0,0,1
2022-11-21,589179428,20190000000000000003,900200000000000035,1,99.079,393.240,38863.333,2022-11-21 20:15:00.000,L2FT01-FTJ020,10.47,0.000,0.666012,16605,0.435592,0.055345,0,0,1,0.9000,大鹏新区,22,22,0,0,0,0,1
2022-11-21,589179428,20190000000000000003,900200000000000049,1,76.182,333.273,25788.182,2022-11-21 20:15:00.000,L2FT01-FTJ020,10.47,0.000,0.666012,16605,0.435592,0.055345,0,0,1,0.9000,大鹏新区,22,22,0,0,0,0,1
2022-11-21,589179428,20190000000000000003,900200000000000035,1,43.065,400.727,17256.000,2022-11-21 20:30:00.000,L2FT01-FTJ020,10.47,0.000,0.666012,16605,0.435592,0.055345,0,0,1,0.9000,大鹏新区,22,22,0,0,0,0,1
2022-11-21,589179428,20190000000000000003,900200000000000049,1,83.883,339.987,28517.333,2022-11-21 20:30:00.000,L2FT01-FTJ020,10.47,0.000,0.666012,16605,0.435592,0.055345,0,0,1,0.9000,大鹏新区,22,22,0,0,0,0,1
2022-11-21,589179428,20190000000000000003,900200000000000035,1,42.890,406.150,17420.000,2022-11-21 20:45:00.000,L2FT01-FTJ020,10.47,0.000,0.666012,16605,0.435592,0.055345,0,0,1,0.9000,大鹏新区,22,22,0,0,0,0,1
2022-11-21,589179428,20190000000000000003,900200000000000049,1,62.468,339.478,21210.000,2022-11-21 20:45:00.000,L2FT01-FTJ020,10.47,0.000,0.666012,16605,0.435592,0.055345,0,0,1,0.9000,大鹏新区,22,22,0,0,0,0,1
2022-11-21,589179428,20190000000000000003,900200000000000044,1,45.009,407.430,18332.000,2022-11-21 21:15:00.000,L2FT01-FTJ020,10.95,0.000,0.666012,16605,0.435592,0.055345,0,0,1,0.9000,大鹏新区,22,22,0,0,0,0,1
2022-11-21,589179428,20190000000000000003,900200000000000048,1,149.828,398.154,59656.154,2022-11-21 21:30:00.000,L2FT01-FTJ020,10.95,0.000,0.666012,16605,0.435592,0.055345,0,0,1,0.9000,大鹏新区,22,22,0,0,0,0,1
2022-11-21,589179428,20190000000000000003,900200000000000044,1,45.000,409.780,18435.333,2022-11-21 21:30:00.000,L2FT01-FTJ020,10.95,0.000,0.666012,16605,0.435592,0.055345,0,0,1,0.9000,大鹏新区,22,22,0,0,0,0,1
2022-11-21,589179428,20190000000000000003,900200000000000044,1,43.513,413.453,17991.333,2022-11-21 21:45:00.000,L2FT01-FTJ020,10.95,0.000,0.666012,16605,0.435592,0.055345,0,0,1,0.9000,大鹏新区,22,22,0,0,0,0,1
2022-11-21,589179428,20190000000000000003,900200000000000048,1,124.939,398.787,49830.667,2022-11-21 21:45:00.000,L2FT01-FTJ020,10.95,0.000,0.666012,16605,0.435592,0.055345,0,0,1,0.9000,大鹏新区,22,22,0,0,0,0,1
2022-11-21,589179428,20190000000000000003,900200000000000044,1,21.079,418.278,8797.778,2022-11-21 22:00:00.000,L2FT01-FTJ020,11.57,0.000,0.666012,16605,0.435592,0.055345,0,0,1,0.9000,大鹏新区,22,22,0,0,0,0,1
2022-11-21,589179428,20190000000000000003,900200000000000048,1,91.160,400.000,36455.833,2022-11-21 22:00:00.000,L2FT01-FTJ020,11.57,0.000,0.666012,16605,0.435592,0.055345,0,0,1,0.9000,大鹏新区,22,22,0,0,0,0,1
2022-11-21,589179428,20190000000000000003,900200000000000031,1,138.668,391.854,54335.385,2022-11-21 23:30:00.000,L2FT01-FTJ020,12.30,0.000,0.666012,16605,0.435592,0.055345,0,0,1,0.9000,大鹏新区,22,22,0,0,0,0,1
2022-11-21,589179428,20190000000000000003,900200000000000031,1,104.351,392.007,40917.333,2022-11-21 23:45:00.000,L2FT01-FTJ020,12.30,0.000,0.666012,16605,0.435592,0.055345,0,0,1,0.9000,大鹏新区,22,22,0,0,0,0,1
2022-11-22,589179428,20190000000000000003,900200000000000031,1,45.851,389.347,17851.333,2022-11-22 00:00:00.000,L2FT01-FTJ020,13.07,0.000,0.666012,16605,0.435592,0.055345,0,0,1,0.9000,大鹏新区,22,22,0,0,0,0,1
2022-11-22,589179428,20190000000000000003,900200000000000048,1,65.986,299.115,20287.692,2022-11-22 00:00:00.000,L2FT01-FTJ020,13.07,0.000,0.666012,16605,0.435592,0.055345,0,0,1,0.9000,大鹏新区,22,22,0,0,0,0,1
2022-11-22,589179428,20190000000000000003,900200000000000031,1,24.490,397.800,9728.889,2022-11-22 00:15:00.000,L2FT01-FTJ020,13.07,0.000,0.666012,16605,0.435592,0.055345,0,0,1,0.9000,大鹏新区,22,22,0,0,0,0,1
2022-11-22,589179428,20190000000000000003,900200000000000040,1,59.928,287.633,18460.000,2022-11-22 00:15:00.000,L2FT01-FTJ020,13.07,0.000,0.666012,16605,0.435592,0.055345,0,0,1,0.9000,大鹏新区,22,22,0,0,0,0,1
2022-11-22,589179428,20190000000000000003,900200000000000048,1,71.390,307.913,21981.333,2022-11-22 00:15:00.000,L2FT01-FTJ020,13.07,0.000,0.666012,16605,0.435592,0.055345,0,0,1,0.9000,大鹏新区,22,22,0,0,0,0,1
2022-11-22,589179428,20190000000000000003,900200000000000040,1,71.790,308.333,22133.333,2022-11-22 00:30:00.000,L2FT01-FTJ020,13.07,0.000,0.666012,16605,0.435592,0.055345,0,0,1,0.9000,大鹏新区,22,22,0,0,0,0,1
2022-11-22,589179428,20190000000000000003,900200000000000048,1,71.427,308.040,22000.000,2022-11-22 00:30:00.000,L2FT01-FTJ020,13.07,0.000,0.666012,16605,0.435592,0.055345,0,0,1,0.9000,大鹏新区,22,22,0,0,0,0,1
2022-11-22,589179428,20190000000000000003,900200000000000040,1,71.803,308.427,22144.667,2022-11-22 00:45:00.000,L2FT01-FTJ020,13.07,0.000,0.666012,16605,0.435592,0.055345,0,0,1,0.9000,大鹏新区,22,22,0,0,0,0,1
2022-11-22,589179428,20190000000000000003,900200000000000048,1,71.449,308.860,22062.667,2022-11-22 00:45:00.000,L2FT01-FTJ020,13.07,0.000,0.666012,16605,0.435592,0.055345,0,0,1,0.9000,大鹏新区,22,22,0,0,0,0,1
2022-11-22,589179428,20190000000000000003,900200000000000048,1,71.456,310.460,22180.667,2022-11-22 01:00:00.000,L2FT01-FTJ020,13.85,0.000,0.666012,16605,0.435592,0.055345,0,0,1,0.9000,大鹏新区,22,22,0,0,0,0,1
2022-11-22,589179428,20190000000000000003,900200000000000040,1,71.817,309.147,22200.000,2022-11-22 01:00:00.000,L2FT01-FTJ020,13.85,0.000,0.666012,16605,0.435592,0.055345,0,0,1,0.9000,大鹏新区,22,22,0,0,0,0,1
2022-11-22,589179428,20190000000000000003,900200000000000040,1,71.817,310.640,22306.667,2022-11-22 01:15:00.000,L2FT01-FTJ020,13.85,0.000,0.666012,16605,0.435592,0.055345,0,0,1,0.9000,大鹏新区,22,22,0,0,0,0,1
2022-11-22,589179428,20190000000000000003,900200000000000048,1,71.441,312.000,22286.667,2022-11-22 01:15:00.000,L2FT01-FTJ020,13.85,0.000,0.666012,16605,0.435592,0.055345,0,0,1,0.9000,大鹏新区,22,22,0,0,0,0,1
2022-11-22,589179428,20190000000000000003,900200000000000049,1,131.209,358.525,47291.250,2022-11-22 01:15:00.000,L2FT01-FTJ020,13.85,0.000,0.666012,16605,0.435592,0.055345,0,0,1,0.9000,大鹏新区,22,22,0,0,0,0,1
2022-11-22,589179428,20190000000000000003,900200000000000040,1,71.890,312.040,22430.000,2022-11-22 01:30:00.000,L2FT01-FTJ020,13.85,0.000,0.666012,16605,0.435592,0.055345,0,0,1,0.9000,大鹏新区,22,22,0,0,0,0,1
2022-11-22,589179428,20190000000000000003,900200000000000048,1,71.434,312.473,22319.333,2022-11-22 01:30:00.000,L2FT01-FTJ020,13.85,0.000,0.666012,16605,0.435592,0.055345,0,0,1,0.9000,大鹏新区,22,22,0,0,0,0,1
2022-11-22,589179428,20190000000000000003,900200000000000049,1,129.439,371.687,48013.333,2022-11-22 01:30:00.000,L2FT01-FTJ020,13.85,0.000,0.666012,16605,0.435592,0.055345,0,0,1,0.9000,大鹏新区,22,22,0,0,0,0,1
2022-11-22,589179428,20190000000000000003,900200000000000040,1,71.870,312.607,22465.333,2022-11-22 01:45:00.000,L2FT01-FTJ020,13.85,0.000,0.666012,16605,0.435592,0.055345,0,0,1,0.9000,大鹏新区,22,22,0,0,0,0,1
2022-11-22,589179428,20190000000000000003,900200000000000048,1,71.471,313.060,22370.000,2022-11-22 01:45:00.000,L2FT01-FTJ020,13.85,0.000,0.666012,16605,0.435592,0.055345,0,0,1,0.9000,大鹏新区,22,22,0,0,0,0,1
2022-11-22,589179428,20190000000000000003,900200000000000049,1,74.343,385.973,28658.000,2022-11-22 01:45:00.000,L2FT01-FTJ020,13.85,0.000,0.666012,16605,0.435592,0.055345,0,0,1,0.9000,大鹏新区,22,22,0,0,0,0,1
2022-11-22,589179428,20190000000000000003,900200000000000048,1,64.406,318.575,20458.333,2022-11-22 02:00:00.000,L2FT01-FTJ020,14.57,0.000,0.666012,16605,0.435592,0.055345,0,0,1,0.9000,大鹏新区,22,22,0,0,0,0,1
2022-11-22,589179428,20190000000000000003,900200000000000049,1,20.184,391.231,7898.462,2022-11-22 02:00:00.000,L2FT01-FTJ020,14.57,0.000,0.666012,16605,0.435592,0.055345,0,0,1,0.9000,大鹏新区,22,22,0,0,0,0,1
2022-11-22,589179428,20190000000000000003,900200000000000040,1,71.883,313.147,22508.000,2022-11-22 02:00:00.000,L2FT01-FTJ020,14.57,0.000,0.666012,16605,0.435592,0.055345,0,0,1,0.9000,大鹏新区,22,22,0,0,0,0,1
2022-11-22,589179428,20190000000000000003,900200000000000042,1,129.899,310.286,40302.857,2022-11-22 02:00:00.000,L2FT01-FTJ020,14.57,0.000,0.666012,16605,0.435592,0.055345,0,0,1,0.9000,大鹏新区,22,22,0,0,0,0,1
2022-11-22,589179428,20190000000000000003,900200000000000040,1,66.290,317.747,20997.333,2022-11-22 02:15:00.000,L2FT01-FTJ020,14.57,0.000,0.666012,16605,0.435592,0.055345,0,0,1,0.9000,大鹏新区,22,22,0,0,0,0,1
2022-11-22,589179428,20190000000000000003,900200000000000042,1,129.934,311.013,40408.000,2022-11-22 02:15:00.000,L2FT01-FTJ020,14.57,0.000,0.666012,16605,0.435592,0.055345,0,0,1,0.9000,大鹏新区,22,22,0,0,0,0,1
2022-11-22,589179428,20190000000000000003,900200000000000042,1,129.831,312.547,40575.333,2022-11-22 02:30:00.000,L2FT01-FTJ020,14.57,0.000,0.666012,16605,0.435592,0.055345,0,0,1,0.9000,大鹏新区,22,22,0,0,0,0,1
2022-11-22,589179428,20190000000000000003,900200000000000042,1,129.812,313.873,40740.667,2022-11-22 02:45:00.000,L2FT01-FTJ020,14.57,0.000,0.666012,16605,0.435592,0.055345,0,0,1,0.9000,大鹏新区,22,22,0,0,0,0,1
2022-11-22,589179428,20190000000000000003,900200000000000042,1,129.793,314.540,40820.667,2022-11-22 03:00:00.000,L2FT01-FTJ020,15.19,0.000,0.666012,16605,0.435592,0.055345,0,0,1,0.9000,大鹏新区,22,22,0,0,0,0,1
2022-11-22,589179428,20190000000000000003,900200000000000042,1,129.830,315.947,41014.667,2022-11-22 03:15:00.000,L2FT01-FTJ020,15.19,0.000,0.666012,16605,0.435592,0.055345,0,0,1,0.9000,大鹏新区,22,22,0,0,0,0,1
2022-11-22,589179428,20190000000000000003,900200000000000042,1,83.702,321.185,26769.231,2022-11-22 03:30:00.000,L2FT01-FTJ020,15.19,0.000,0.666012,16605,0.435592,0.055345,0,0,1,0.9000,大鹏新区,22,22,0,0,0,0,1
2022-11-22,589179428,20190000000000000003,900200000000000038,1,105.800,307.500,32530.000,2022-11-22 04:45:00.000,L2FT01-FTJ020,15.67,0.000,0.666012,16605,0.435592,0.055345,0,0,1,0.9000,大鹏新区,22,22,0,0,0,0,1
2022-11-22,589179428,20190000000000000003,900200000000000034,1,130.036,309.980,40304.000,2022-11-22 05:00:00.000,L2FT01-FTJ020,15.97,0.000,0.666012,16605,0.435592,0.055345,0,0,1,0.9000,大鹏新区,22,22,0,0,0,0,1
2022-11-22,589179428,20190000000000000003,900200000000000040,1,77.928,329.218,25654.545,2022-11-22 05:00:00.000,L2FT01-FTJ020,15.97,0.000,0.666012,16605,0.435592,0.055345,0,0,1,0.9000,大鹏新区,22,22,0,0,0,0,1
2022-11-22,589179428,20190000000000000003,900200000000000040,1,72.118,329.667,23772.667,2022-11-22 05:15:00.000,L2FT01-FTJ020,15.97,0.000,0.666012,16605,0.435592,0.055345,0,0,1,0.9000,大鹏新区,22,22,0,0,0,0,1
2022-11-22,589179428,20190000000000000003,900200000000000030,0,0.000,281.000,0.000,2022-11-22 05:15:00.000,L2FT01-FTJ020,15.97,0.000,0.666012,16605,0.435592,0.055345,0,0,1,0.9000,大鹏新区,22,22,0,0,0,0,1
2022-11-22,589179428,20190000000000000003,900200000000000034,1,129.866,310.820,40361.333,2022-11-22 05:15:00.000,L2FT01-FTJ020,15.97,0.000,0.666012,16605,0.435592,0.055345,0,0,1,0.9000,大鹏新区,22,22,0,0,0,0,1
2022-11-22,589179428,20190000000000000003,900200000000000034,1,129.890,312.267,40558.000,2022-11-22 05:30:00.000,L2FT01-FTJ020,15.97,0.000,0.666012,16605,0.435592,0.055345,0,0,1,0.9000,大鹏新区,22,22,0,0,0,0,1
2022-11-22,589179428,20190000000000000003,900200000000000040,1,45.951,329.313,15130.667,2022-11-22 05:30:00.000,L2FT01-FTJ020,15.97,0.000,0.666012,16605,0.435592,0.055345,0,0,1,0.9000,大鹏新区,22,22,0,0,0,0,1
2022-11-22,589179428,20190000000000000003,900200000000000030,1,113.152,469.207,53390.000,2022-11-22 05:30:00.000,L2FT01-FTJ020,15.97,0.000,0.666012,16605,0.435592,0.055345,0,0,1,0.9000,大鹏新区,22,22,0,0,0,0,1
2022-11-22,589179428,20190000000000000003,900200000000000030,1,127.336,472.547,60168.667,2022-11-22 05:45:00.000,L2FT01-FTJ020,15.97,0.000,0.666012,16605,0.435592,0.055345,0,0,1,0.9000,大鹏新区,22,22,0,0,0,0,1
2022-11-22,589179428,20190000000000000003,900200000000000034,1,129.949,314.280,40836.667,2022-11-22 05:45:00.000,L2FT01-FTJ020,15.97,0.000,0.666012,16605,0.435592,0.055345,0,0,1,0.9000,大鹏新区,22,22,0,0,0,0,1
2022-11-22,589179428,20190000000000000003,900200000000000040,1,28.390,335.000,9506.667,2022-11-22 05:45:00.000,L2FT01-FTJ020,15.97,0.000,0.666012,16605,0.435592,0.055345,0,0,1,0.9000,大鹏新区,22,22,0,0,0,0,1
2022-11-22,589179428,20190000000000000003,900200000000000042,1,142.880,308.738,44110.769,2022-11-22 05:45:00.000,L2FT01-FTJ020,15.97,0.000,0.666012,16605,0.435592,0.055345,0,0,1,0.9000,大鹏新区,22,22,0,0,0,0,1
2022-11-22,589179428,20190000000000000003,900200000000000052,1,56.563,433.100,25863.333,2022-11-22 05:45:00.000,L2FT01-FTJ020,15.97,0.000,0.666012,16605,0.435592,0.055345,0,0,1,0.9000,大鹏新区,22,22,0,0,0,0,1
2022-11-22,589179428,20190000000000000003,900200000000000030,1,127.336,472.667,60182.667,2022-11-22 06:00:00.000,L2FT01-FTJ020,16.07,0.000,0.666012,16605,0.435592,0.055345,0,0,1,0.9000,大鹏新区,22,22,0,0,0,0,1
2022-11-22,589179428,20190000000000000003,900200000000000034,1,115.891,318.660,36838.667,2022-11-22 06:00:00.000,L2FT01-FTJ020,16.07,0.000,0.666012,16605,0.435592,0.055345,0,0,1,0.9000,大鹏新区,22,22,0,0,0,0,1
2022-11-22,589179428,20190000000000000003,900200000000000042,1,143.090,311.247,44534.667,2022-11-22 06:00:00.000,L2FT01-FTJ020,16.07,0.000,0.666012,16605,0.435592,0.055345,0,0,1,0.9000,大鹏新区,22,22,0,0,0,0,1
2022-11-22,589179428,20190000000000000003,900200000000000052,1,129.842,470.380,61071.333,2022-11-22 06:00:00.000,L2FT01-FTJ020,16.07,0.000,0.666012,16605,0.435592,0.055345,0,0,1,0.9000,大鹏新区,22,22,0,0,0,0,1
2022-11-22,589179428,20190000000000000003,900200000000000052,1,117.771,470.113,55366.000,2022-11-22 06:15:00.000,L2FT01-FTJ020,16.07,0.000,0.666012,16605,0.435592,0.055345,0,0,1,0.9000,大鹏新区,22,22,0,0,0,0,1
2022-11-22,589179428,20190000000000000003,900200000000000048,1,53.625,277.625,16675.000,2022-11-22 06:15:00.000,L2FT01-FTJ020,16.07,0.000,0.666012,16605,0.435592,0.055345,0,0,1,0.9000,大鹏新区,22,22,0,0,0,0,1
2022-11-22,589179428,20190000000000000003,900200000000000042,1,143.143,312.000,44658.000,2022-11-22 06:15:00.000,L2FT01-FTJ020,16.07,0.000,0.666012,16605,0.435592,0.055345,0,0,1,0.9000,大鹏新区,22,22,0,0,0,0,1
2022-11-22,589179428,20190000000000000003,900200000000000034,1,29.793,328.750,9792.500,2022-11-22 06:15:00.000,L2FT01-FTJ020,16.07,0.000,0.666012,16605,0.435592,0.055345,0,0,1,0.9000,大鹏新区,22,22,0,0,0,0,1
2022-11-22,589179428,20190000000000000003,900200000000000030,1,101.239,472.567,47842.667,2022-11-22 06:15:00.000,L2FT01-FTJ020,16.07,0.000,0.666012,16605,0.435592,0.055345,0,0,1,0.9000,大鹏新区,22,22,0,0,0,0,1
2022-11-22,589179428,20190000000000000003,900200000000000030,1,71.407,472.383,33736.667,2022-11-22 06:30:00.000,L2FT01-FTJ020,16.07,0.000,0.666012,16605,0.435592,0.055345,0,0,1,0.9000,大鹏新区,22,22,0,0,0,0,1
2022-11-22,589179428,20190000000000000003,900200000000000042,1,143.177,313.800,44926.000,2022-11-22 06:30:00.000,L2FT01-FTJ020,16.07,0.000,0.666012,16605,0.435592,0.055345,0,0,1,0.9000,大鹏新区,22,22,0,0,0,0,1
2022-11-22,589179428,20190000000000000003,900200000000000048,1,71.500,311.975,22300.000,2022-11-22 06:30:00.000,L2FT01-FTJ020,16.07,0.000,0.666012,16605,0.435592,0.055345,0,0,1,0.9000,大鹏新区,22,22,0,0,0,0,1
2022-11-22,589179428,20190000000000000003,900200000000000052,1,104.323,469.840,49018.000,2022-11-22 06:30:00.000,L2FT01-FTJ020,16.07,0.000,0.666012,16605,0.435592,0.055345,0,0,1,0.9000,大鹏新区,22,22,0,0,0,0,1
2022-11-22,589179428,20190000000000000003,900200000000000042,1,143.190,315.053,45110.667,2022-11-22 06:45:00.000,L2FT01-FTJ020,16.07,0.000,0.666012,16605,0.435592,0.055345,0,0,1,0.9000,大鹏新区,22,22,0,0,0,0,1
2022-11-22,589179428,20190000000000000003,900200000000000052,1,35.023,469.078,16431.111,2022-11-22 06:45:00.000,L2FT01-FTJ020,16.07,0.000,0.666012,16605,0.435592,0.055345,0,0,1,0.9000,大鹏新区,22,22,0,0,0,0,1
2022-11-22,589179428,20190000000000000003,900200000000000042,1,133.397,318.413,42425.333,2022-11-22 07:00:00.000,L2FT01-FTJ020,15.97,0.000,0.666012,16605,0.435592,0.055345,0,0,1,0.9000,大鹏新区,22,22,0,0,0,0,1
2022-11-22,589179428,20190000000000000003,900200000000000031,1,56.874,311.960,19986.000,2022-11-22 07:15:00.000,L2FT01-FTJ020,15.97,0.000,0.666012,16605,0.435592,0.055345,0,0,1,0.9000,大鹏新区,22,22,0,0,0,0,1
2022-11-22,589179428,20190000000000000003,900200000000000042,1,29.963,329.033,9853.333,2022-11-22 07:15:00.000,L2FT01-FTJ020,15.97,0.000,0.666012,16605,0.435592,0.055345,0,0,1,0.9000,大鹏新区,22,22,0,0,0,0,1
2022-11-22,589179428,20190000000000000003,900200000000000031,1,70.978,352.527,25016.667,2022-11-22 07:30:00.000,L2FT01-FTJ020,15.97,0.000,0.666012,16605,0.435592,0.055345,0,0,1,0.9000,大鹏新区,22,22,0,0,0,0,1
2022-11-22,589179428,20190000000000000003,900200000000000047,1,120.569,362.657,47115.714,2022-11-22 07:30:00.000,L2FT01-FTJ020,15.97,0.000,0.666012,16605,0.435592,0.055345,0,0,1,0.9000,大鹏新区,22,22,0,0,0,0,1
2022-11-22,589179428,20190000000000000003,900200000000000047,1,141.831,404.287,57322.667,2022-11-22 07:45:00.000,L2FT01-FTJ020,15.97,0.000,0.666012,16605,0.435592,0.055345,0,0,1,0.9000,大鹏新区,22,22,0,0,0,0,1
2022-11-22,589179428,20190000000000000003,900200000000000031,1,70.890,353.253,25040.667,2022-11-22 07:45:00.000,L2FT01-FTJ020,15.97,0.000,0.666012,16605,0.435592,0.055345,0,0,1,0.9000,大鹏新区,22,22,0,0,0,0,1
2022-11-22,589179428,20190000000000000003,900200000000000042,1,70.036,350.789,24735.556,2022-11-22 07:45:00.000,L2FT01-FTJ020,15.97,0.000,0.666012,16605,0.435592,0.055345,0,0,1,0.9000,大鹏新区,22,22,0,0,0,0,1
2022-11-22,589179428,20190000000000000003,900200000000000047,1,99.566,425.740,42306.000,2022-11-22 08:00:00.000,L2FT01-FTJ020,15.67,0.000,0.666012,16605,0.435592,0.055345,0,0,1,0.9000,大鹏新区,22,22,0,0,0,0,1
2022-11-22,589179428,20190000000000000003,900200000000000031,1,70.905,354.940,25164.667,2022-11-22 08:00:00.000,L2FT01-FTJ020,15.67,0.000,0.666012,16605,0.435592,0.055345,0,0,1,0.9000,大鹏新区,22,22,0,0,0,0,1
2022-11-22,589179428,20190000000000000003,900200000000000042,1,78.850,355.413,28022.667,2022-11-22 08:00:00.000,L2FT01-FTJ020,15.67,0.000,0.666012,16605,0.435592,0.055345,0,0,1,0.9000,大鹏新区,22,22,0,0,0,0,1
2022-11-22,589179428,20190000000000000003,900200000000000031,1,66.194,355.953,23560.000,2022-11-22 08:15:00.000,L2FT01-FTJ020,15.67,0.000,0.666012,16605,0.435592,0.055345,0,0,1,0.9000,大鹏新区,22,22,0,0,0,0,1
2022-11-22,589179428,20190000000000000003,900200000000000042,1,60.477,355.920,21525.333,2022-11-22 08:15:00.000,L2FT01-FTJ020,15.67,0.000,0.666012,16605,0.435592,0.055345,0,0,1,0.9000,大鹏新区,22,22,0,0,0,0,1
2022-11-22,589179428,20190000000000000003,900200000000000047,1,45.830,435.573,19961.333,2022-11-22 08:15:00.000,L2FT01-FTJ020,15.67,0.000,0.666012,16605,0.435592,0.055345,0,0,1,0.9000,大鹏新区,22,22,0,0,0,0,1
2022-11-22,589179428,20190000000000000003,900200000000000031,1,56.290,356.675,20077.500,2022-11-22 08:30:00.000,L2FT01-FTJ020,15.67,0.000,0.666012,16605,0.435592,0.055345,0,0,1,0.9000,大鹏新区,22,22,0,0,0,0,1
2022-11-22,589179428,20190000000000000003,900200000000000042,1,40.815,355.100,14492.500,2022-11-22 08:30:00.000,L2FT01-FTJ020,15.67,0.000,0.666012,16605,0.435592,0.055345,0,0,1,0.9000,大鹏新区,22,22,0,0,0,0,1
2022-11-22,589179428,20190000000000000003,900200000000000047,1,45.790,441.250,20205.000,2022-11-22 08:30:00.000,L2FT01-FTJ020,15.67,0.000,0.666012,16605,0.435592,0.055345,0,0,1,0.9000,大鹏新区,22,22,0,0,0,0,1
2022-11-22,589179428,20190000000000000003,900200000000000035,1,126.085,357.845,45115.455,2022-11-22 09:00:00.000,L2FT01-FTJ020,15.19,0.000,0.666012,16605,0.435592,0.055345,0,0,1,0.9000,大鹏新区,22,22,0,0,0,0,1
2022-11-22,589179428,20190000000000000003,900200000000000035,1,121.463,371.000,45031.333,2022-11-22 09:15:00.000,L2FT01-FTJ020,15.19,0.000,0.666012,16605,0.435592,0.055345,0,0,1,0.9000,大鹏新区,22,22,0,0,0,0,1
2022-11-22,589179428,20190000000000000003,900200000000000037,1,90.347,326.343,29484.286,2022-11-22 09:15:00.000,L2FT01-FTJ020,15.19,0.000,0.666012,16605,0.435592,0.055345,0,0,1,0.9000,大鹏新区,22,22,0,0,0,0,1
2022-11-22,589179428,20190000000000000003,900200000000000037,1,90.390,327.167,29571.333,2022-11-22 09:30:00.000,L2FT01-FTJ020,15.19,0.000,0.666012,16605,0.435592,0.055345,0,0,1,0.9000,大鹏新区,22,22,0,0,0,0,1
2022-11-22,589179428,20190000000000000003,900200000000000035,1,102.417,394.987,40372.000,2022-11-22 09:30:00.000,L2FT01-FTJ020,15.19,0.000,0.666012,16605,0.435592,0.055345,0,0,1,0.9000,大鹏新区,22,22,0,0,0,0,1
2022-11-22,589179428,20190000000000000003,900200000000000037,1,90.390,328.933,29730.667,2022-11-22 09:45:00.000,L2FT01-FTJ020,15.19,0.000,0.666012,16605,0.435592,0.055345,0,0,1,0.9000,大鹏新区,22,22,0,0,0,0,1
2022-11-22,589179428,20190000000000000003,900200000000000035,1,43.273,407.800,17623.333,2022-11-22 09:45:00.000,L2FT01-FTJ020,15.19,0.000,0.666012,16605,0.435592,0.055345,0,0,1,0.9000,大鹏新区,22,22,0,0,0,0,1
2022-11-22,589179428,20190000000000000003,900200000000000035,1,15.453,410.812,6345.000,2022-11-22 10:00:00.000,L2FT01-FTJ020,14.57,0.000,0.666012,16605,0.435592,0.055345,0,0,1,0.9000,大鹏新区,22,22,0,0,0,0,1
2022-11-22,589179428,20190000000000000003,900200000000000037,1,81.983,330.073,27060.000,2022-11-22 10:00:00.000,L2FT01-FTJ020,14.57,0.000,0.666012,16605,0.435592,0.055345,0,0,1,0.9000,大鹏新区,22,22,0,0,0,0,1
2022-11-22,589179428,20190000000000000003,900200000000000037,1,47.764,330.120,15759.333,2022-11-22 10:15:00.000,L2FT01-FTJ020,14.57,0.000,0.666012,16605,0.435592,0.055345,0,0,1,0.9000,大鹏新区,22,22,0,0,0,0,1
2022-11-22,589179428,20190000000000000003,900200000000000057,1,67.157,342.133,22973.333,2022-11-22 10:30:00.000,L2FT01-FTJ020,14.57,0.000,0.666012,16605,0.435592,0.055345,0,0,1,0.9000,大鹏新区,22,22,0,0,0,0,1
2022-11-22,589179428,20190000000000000003,900200000000000057,1,66.790,347.773,23224.667,2022-11-22 10:45:00.000,L2FT01-FTJ020,14.57,0.000,0.666012,16605,0.435592,0.055345,0,0,1,0.9000,大鹏新区,22,22,0,0,0,0,1
2022-11-22,589179428,20190000000000000003,900200000000000057,1,66.790,354.967,23709.167,2022-11-22 11:00:00.000,L2FT01-FTJ020,13.85,0.000,0.666012,16605,0.435592,0.055345,0,0,1,0.9000,大鹏新区,22,22,0,0,0,0,1
2022-11-22,589179428,20190000000000000003,900200000000000052,1,122.207,361.557,44425.714,2022-11-22 13:00:00.000,L2FT01-FTJ020,12.30,0.000,0.666012,16605,0.435592,0.055345,0,0,1,0.9000,大鹏新区,22,22,0,0,0,0,1
2022-11-22,589179428,20190000000000000003,900200000000000031,1,111.256,381.500,42427.857,2022-11-22 13:00:00.000,L2FT01-FTJ020,12.30,0.000,0.666012,16605,0.435592,0.055345,0,0,1,0.9000,大鹏新区,22,22,0,0,0,0,1
2022-11-22,589179428,20190000000000000003,900200000000000037,1,123.697,389.450,48170.000,2022-11-22 13:00:00.000,L2FT01-FTJ020,12.30,0.000,0.666012,16605,0.435592,0.055345,0,0,1,0.9000,大鹏新区,22,22,0,0,0,0,1
2022-11-22,589179428,20190000000000000003,900200000000000037,1,123.806,392.267,48560.667,2022-11-22 13:15:00.000,L2FT01-FTJ020,12.30,0.000,0.666012,16605,0.435592,0.055345,0,0,1,0.9000,大鹏新区,22,22,0,0,0,0,1
2022-11-22,589179428,20190000000000000003,900200000000000052,1,148.108,365.353,54108.000,2022-11-22 13:15:00.000,L2FT01-FTJ020,12.30,0.000,0.666012,16605,0.435592,0.055345,0,0,1,0.9000,大鹏新区,22,22,0,0,0,0,1
2022-11-22,589179428,20190000000000000003,900200000000000031,1,119.800,384.167,46018.667,2022-11-22 13:15:00.000,L2FT01-FTJ020,12.30,0.000,0.666012,16605,0.435592,0.055345,0,0,1,0.9000,大鹏新区,22,22,0,0,0,0,1
2022-11-22,589179428,20190000000000000003,900200000000000052,1,83.487,364.673,30460.667,2022-11-22 13:30:00.000,L2FT01-FTJ020,12.30,0.000,0.666012,16605,0.435592,0.055345,0,0,1,0.9000,大鹏新区,22,22,0,0,0,0,1
2022-11-22,589179428,20190000000000000003,900200000000000037,1,123.821,395.054,48912.308,2022-11-22 13:30:00.000,L2FT01-FTJ020,12.30,0.000,0.666012,16605,0.435592,0.055345,0,0,1,0.9000,大鹏新区,22,22,0,0,0,0,1
2022-11-22,589179428,20190000000000000003,900200000000000031,1,119.842,387.660,46455.333,2022-11-22 13:30:00.000,L2FT01-FTJ020,12.30,0.000,0.666012,16605,0.435592,0.055345,0,0,1,0.9000,大鹏新区,22,22,0,0,0,0,1
2022-11-22,589179428,20190000000000000003,900200000000000035,1,49.807,342.808,17074.167,2022-11-22 13:30:00.000,L2FT01-FTJ020,12.30,0.000,0.666012,16605,0.435592,0.055345,0,0,1,0.9000,大鹏新区,22,22,0,0,0,0,1
2022-11-22,589179428,20190000000000000003,900200000000000031,1,36.770,390.700,14396.000,2022-11-22 13:45:00.000,L2FT01-FTJ020,12.30,0.000,0.666012,16605,0.435592,0.055345,0,0,1,0.9000,大鹏新区,22,22,0,0,0,0,1
2022-11-22,589179428,20190000000000000003,900200000000000035,1,49.823,351.747,17522.667,2022-11-22 13:45:00.000,L2FT01-FTJ020,12.30,0.000,0.666012,16605,0.435592,0.055345,0,0,1,0.9000,大鹏新区,22,22,0,0,0,0,1
2022-11-22,589179428,20190000000000000003,900200000000000052,1,20.390,363.600,7410.000,2022-11-22 13:45:00.000,L2FT01-FTJ020,12.30,0.000,0.666012,16605,0.435592,0.055345,0,0,1,0.9000,大鹏新区,22,22,0,0,0,0,1
2022-11-22,589179428,20190000000000000003,900200000000000035,1,24.890,350.860,8730.667,2022-11-22 14:00:00.000,L2FT01-FTJ020,11.57,0.000,0.666012,16605,0.435592,0.055345,0,0,1,0.9000,大鹏新区,22,22,0,0,0,0,1
2022-11-22,589179428,20190000000000000003,900200000000000035,1,24.956,353.087,8808.667,2022-11-22 14:15:00.000,L2FT01-FTJ020,11.57,0.000,0.666012,16605,0.435592,0.055345,0,0,1,0.9000,大鹏新区,22,22,0,0,0,0,1
2022-11-22,589179428,20190000000000000003,900200000000000035,1,12.832,352.247,4524.667,2022-11-22 14:30:00.000,L2FT01-FTJ020,11.57,0.000,0.666012,16605,0.435592,0.055345,0,0,1,0.9000,大鹏新区,22,22,0,0,0,0,1
2022-11-22,589179428,20190000000000000003,900200000000000047,1,89.605,365.438,33482.500,2022-11-22 14:30:00.000,L2FT01-FTJ020,11.57,0.000,0.666012,16605,0.435592,0.055345,0,0,1,0.9000,大鹏新区,22,22,0,0,0,0,1
2022-11-22,589179428,20190000000000000003,900200000000000035,1,9.790,351.940,3443.333,2022-11-22 14:45:00.000,L2FT01-FTJ020,11.57,0.000,0.666012,16605,0.435592,0.055345,0,0,1,0.9000,大鹏新区,22,22,0,0,0,0,1
2022-11-22,589179428,20190000000000000003,900200000000000047,1,102.456,379.967,38925.333,2022-11-22 14:45:00.000,L2FT01-FTJ020,11.57,0.000,0.666012,16605,0.435592,0.055345,0,0,1,0.9000,大鹏新区,22,22,0,0,0,0,1
2022-11-22,589179428,20190000000000000003,900200000000000047,1,102.412,388.893,39825.333,2022-11-22 15:00:00.000,L2FT01-FTJ020,10.95,0.000,0.666012,16605,0.435592,0.055345,0,0,1,0.9000,大鹏新区,22,22,0,0,0,0,1
2022-11-22,589179428,20190000000000000003,900200000000000035,1,9.790,352.400,3450.000,2022-11-22 15:00:00.000,L2FT01-FTJ020,10.95,0.000,0.666012,16605,0.435592,0.055345,0,0,1,0.9000,大鹏新区,22,22,0,0,0,0,1
2022-11-22,589179428,20190000000000000003,900200000000000047,1,102.390,401.980,41158.000,2022-11-22 15:15:00.000,L2FT01-FTJ020,10.95,0.000,0.666012,16605,0.435592,0.055345,0,0,1,0.9000,大鹏新区,22,22,0,0,0,0,1
2022-11-22,589179428,20190000000000000003,900200000000000047,1,58.643,409.740,24130.667,2022-11-22 15:30:00.000,L2FT01-FTJ020,10.95,0.000,0.666012,16605,0.435592,0.055345,0,0,1,0.9000,大鹏新区,22,22,0,0,0,0,1
2022-11-22,589179428,20190000000000000003,900200000000000047,1,20.297,408.893,8298.000,2022-11-22 15:45:00.000,L2FT01-FTJ020,10.95,0.000,0.666012,16605,0.435592,0.055345,0,0,1,0.9000,大鹏新区,22,22,0,0,0,0,1
2022-11-22,589179428,20190000000000000003,900200000000000047,1,20.290,411.707,8352.667,2022-11-22 16:00:00.000,L2FT01-FTJ020,10.47,0.000,0.666012,16605,0.435592,0.055345,0,0,1,0.9000,大鹏新区,22,22,0,0,0,0,1
2022-11-22,589179428,20190000000000000003,900200000000000047,1,20.290,414.693,8413.333,2022-11-22 16:15:00.000,L2FT01-FTJ020,10.47,0.000,0.666012,16605,0.435592,0.055345,0,0,1,0.9000,大鹏新区,22,22,0,0,0,0,1
2022-11-22,589179428,20190000000000000003,900200000000000056,1,113.761,313.462,35778.750,2022-11-22 16:15:00.000,L2FT01-FTJ020,10.47,0.000,0.666012,16605,0.435592,0.055345,0,0,1,0.9000,大鹏新区,22,22,0,0,0,0,1
2022-11-22,589179428,20190000000000000003,900200000000000032,1,149.872,314.360,47112.000,2022-11-22 16:30:00.000,L2FT01-FTJ020,10.47,0.000,0.666012,16605,0.435592,0.055345,0,0,1,0.9000,大鹏新区,22,22,0,0,0,0,1
2022-11-22,589179428,20190000000000000003,900200000000000039,1,191.572,316.183,60567.500,2022-11-22 16:30:00.000,L2FT01-FTJ020,10.47,0.000,0.666012,16605,0.435592,0.055345,0,0,1,0.9000,大鹏新区,22,22,0,0,0,0,1
2022-11-22,589179428,20190000000000000003,900200000000000056,1,130.054,316.540,41165.000,2022-11-22 16:30:00.000,L2FT01-FTJ020,10.47,0.000,0.666012,16605,0.435592,0.055345,0,0,1,0.9000,大鹏新区,22,22,0,0,0,0,1
2022-11-22,589179428,20190000000000000003,900200000000000032,1,144.463,316.787,45737.333,2022-11-22 16:45:00.000,L2FT01-FTJ020,10.47,0.000,0.666012,16605,0.435592,0.055345,0,0,1,0.9000,大鹏新区,22,22,0,0,0,0,1
2022-11-22,589179428,20190000000000000003,900200000000000039,1,129.361,314.880,40740.667,2022-11-22 16:45:00.000,L2FT01-FTJ020,10.47,0.000,0.666012,16605,0.435592,0.055345,0,0,1,0.9000,大鹏新区,22,22,0,0,0,0,1
2022-11-22,589179428,20190000000000000003,900200000000000039,1,143.640,317.900,45660.000,2022-11-22 17:00:00.000,L2FT01-FTJ020,10.17,0.000,0.666012,16605,0.435592,0.055345,0,0,1,0.9000,大鹏新区,22,22,0,0,0,0,1
2022-11-22,589179428,20190000000000000003,900200000000000039,1,49.343,345.675,17180.000,2022-11-22 18:15:00.000,L2FT01-FTJ020,10.07,0.000,0.666012,16605,0.435592,0.055345,0,0,1,0.9000,大鹏新区,22,22,0,0,0,0,1
2022-11-22,589179428,20190000000000000003,900200000000000047,1,194.118,312.375,60670.000,2022-11-22 18:15:00.000,L2FT01-FTJ020,10.07,0.000,0.666012,16605,0.435592,0.055345,0,0,1,0.9000,大鹏新区,22,22,0,0,0,0,1
2022-11-22,589179428,20190000000000000003,900200000000000035,1,85.349,466.471,40442.857,2022-11-22 18:15:00.000,L2FT01-FTJ020,10.07,0.000,0.666012,16605,0.435592,0.055345,0,0,1,0.9000,大鹏新区,22,22,0,0,0,0,1
2022-11-22,589179428,20190000000000000003,900200000000000039,1,65.790,355.360,23378.000,2022-11-22 18:30:00.000,L2FT01-FTJ020,10.07,0.000,0.666012,16605,0.435592,0.055345,0,0,1,0.9000,大鹏新区,22,22,0,0,0,0,1
2022-11-22,589179428,20190000000000000003,900200000000000047,1,184.448,314.564,58022.727,2022-11-22 18:30:00.000,L2FT01-FTJ020,10.07,0.000,0.666012,16605,0.435592,0.055345,0,0,1,0.9000,大鹏新区,22,22,0,0,0,0,1
2022-11-22,589179428,20190000000000000003,900200000000000035,1,80.457,476.380,38328.000,2022-11-22 18:30:00.000,L2FT01-FTJ020,10.07,0.000,0.666012,16605,0.435592,0.055345,0,0,1,0.9000,大鹏新区,22,22,0,0,0,0,1
2022-11-22,589179428,20190000000000000003,900200000000000035,1,24.000,476.200,11420.000,2022-11-22 18:45:00.000,L2FT01-FTJ020,10.07,0.000,0.666012,16605,0.435592,0.055345,0,0,1,0.9000,大鹏新区,22,22,0,0,0,0,1
2022-11-22,589179428,20190000000000000003,900200000000000039,1,65.790,363.707,23928.000,2022-11-22 18:45:00.000,L2FT01-FTJ020,10.07,0.000,0.666012,16605,0.435592,0.055345,0,0,1,0.9000,大鹏新区,22,22,0,0,0,0,1
2022-11-22,589179428,20190000000000000003,900200000000000039,1,65.817,374.720,24661.333,2022-11-22 19:00:00.000,L2FT01-FTJ020,10.17,0.000,0.666012,16605,0.435592,0.055345,0,0,1,0.9000,大鹏新区,22,22,0,0,0,0,1
2022-11-22,589179428,20190000000000000003,900200000000000039,1,65.883,385.653,25407.333,2022-11-22 19:15:00.000,L2FT01-FTJ020,10.17,0.000,0.666012,16605,0.435592,0.055345,0,0,1,0.9000,大鹏新区,22,22,0,0,0,0,1
2022-11-22,589179428,20190000000000000003,900200000000000049,1,44.790,407.050,18230.000,2022-11-22 19:15:00.000,L2FT01-FTJ020,10.17,0.000,0.666012,16605,0.435592,0.055345,0,0,1,0.9000,大鹏新区,22,22,0,0,0,0,1
2022-11-22,589179428,20190000000000000003,900200000000000039,1,53.577,395.653,21179.333,2022-11-22 19:30:00.000,L2FT01-FTJ020,10.17,0.000,0.666012,16605,0.435592,0.055345,0,0,1,0.9000,大鹏新区,22,22,0,0,0,0,1
2022-11-22,589179428,20190000000000000003,900200000000000049,1,44.803,408.953,18321.333,2022-11-22 19:30:00.000,L2FT01-FTJ020,10.17,0.000,0.666012,16605,0.435592,0.055345,0,0,1,0.9000,大鹏新区,22,22,0,0,0,0,1
2022-11-22,589179428,20190000000000000003,900200000000000030,1,100.403,365.329,36887.857,2022-11-22 19:30:00.000,L2FT01-FTJ020,10.17,0.000,0.666012,16605,0.435592,0.055345,0,0,1,0.9000,大鹏新区,22,22,0,0,0,0,1
2022-11-22,589179428,20190000000000000003,900200000000000030,1,76.791,379.393,29115.333,2022-11-22 19:45:00.000,L2FT01-FTJ020,10.17,0.000,0.666012,16605,0.435592,0.055345,0,0,1,0.9000,大鹏新区,22,22,0,0,0,0,1
2022-11-22,589179428,20190000000000000003,900200000000000039,1,23.630,397.547,9393.333,2022-11-22 19:45:00.000,L2FT01-FTJ020,10.17,0.000,0.666012,16605,0.435592,0.055345,0,0,1,0.9000,大鹏新区,22,22,0,0,0,0,1
2022-11-22,589179428,20190000000000000003,900200000000000049,1,43.597,411.980,17960.667,2022-11-22 19:45:00.000,L2FT01-FTJ020,10.17,0.000,0.666012,16605,0.435592,0.055345,0,0,1,0.9000,大鹏新区,22,22,0,0,0,0,1
2022-11-22,589179428,20190000000000000003,900200000000000030,1,31.183,384.800,11996.667,2022-11-22 20:00:00.000,L2FT01-FTJ020,10.47,0.000,0.666012,16605,0.435592,0.055345,0,0,1,0.9000,大鹏新区,22,22,0,0,0,0,1
2022-11-22,589179428,20190000000000000003,900200000000000039,1,11.457,397.420,4553.333,2022-11-22 20:00:00.000,L2FT01-FTJ020,10.47,0.000,0.666012,16605,0.435592,0.055345,0,0,1,0.9000,大鹏新区,22,22,0,0,0,0,1
2022-11-22,589179428,20190000000000000003,900200000000000049,1,22.477,409.987,9216.000,2022-11-22 20:00:00.000,L2FT01-FTJ020,10.47,0.000,0.666012,16605,0.435592,0.055345,0,0,1,0.9000,大鹏新区,22,22,0,0,0,0,1
2022-11-22,589179428,20190000000000000003,900200000000000049,1,13.890,413.478,5742.222,2022-11-22 20:15:00.000,L2FT01-FTJ020,10.47,0.000,0.666012,16605,0.435592,0.055345,0,0,1,0.9000,大鹏新区,22,22,0,0,0,0,1
2022-11-22,589179428,20190000000000000003,900200000000000039,1,9.790,397.600,3890.000,2022-11-22 20:15:00.000,L2FT01-FTJ020,10.47,0.000,0.666012,16605,0.435592,0.055345,0,0,1,0.9000,大鹏新区,22,22,0,0,0,0,1
2022-11-22,589179428,20190000000000000003,900200000000000030,1,25.590,386.950,9902.500,2022-11-22 20:15:00.000,L2FT01-FTJ020,10.47,0.000,0.666012,16605,0.435592,0.055345,0,0,1,0.9000,大鹏新区,22,22,0,0,0,0,1
2022-11-22,589179428,20190000000000000003,900200000000000038,1,147.390,366.900,54080.000,2022-11-22 20:15:00.000,L2FT01-FTJ020,10.47,0.000,0.666012,16605,0.435592,0.055345,0,0,1,0.9000,大鹏新区,22,22,0,0,0,0,1
2022-11-22,589179428,20190000000000000003,900200000000000037,1,71.135,399.745,28436.364,2022-11-22 20:30:00.000,L2FT01-FTJ020,10.47,0.000,0.666012,16605,0.435592,0.055345,0,0,1,0.9000,大鹏新区,22,22,0,0,0,0,1
2022-11-22,589179428,20190000000000000003,900200000000000037,1,71.110,409.413,29112.000,2022-11-22 20:45:00.000,L2FT01-FTJ020,10.47,0.000,0.666012,16605,0.435592,0.055345,0,0,1,0.9000,大鹏新区,22,22,0,0,0,0,1
2022-11-22,589179428,20190000000000000003,900200000000000037,1,65.031,423.200,27496.667,2022-11-22 21:00:00.000,L2FT01-FTJ020,10.95,0.000,0.666012,16605,0.435592,0.055345,0,0,1,0.9000,大鹏新区,22,22,0,0,0,0,1
2022-11-22,589179428,20190000000000000003,900200000000000037,1,43.376,432.007,18728.571,2022-11-22 21:15:00.000,L2FT01-FTJ020,10.95,0.000,0.666012,16605,0.435592,0.055345,0,0,1,0.9000,大鹏新区,22,22,0,0,0,0,1
2022-11-23,589179428,20190000000000000003,900200000000000035,1,179.862,308.556,56502.222,2022-11-23 00:15:00.000,L2FT01-FTJ020,13.07,0.000,0.666012,16605,0.435592,0.055345,0,0,1,0.9000,大鹏新区,22,22,0,0,0,0,1
2022-11-23,589179428,20190000000000000003,900200000000000045,1,75.070,445.450,35177.500,2022-11-23 00:15:00.000,L2FT01-FTJ020,13.07,0.000,0.666012,16605,0.435592,0.055345,0,0,1,0.9000,大鹏新区,22,22,0,0,0,0,1
2022-11-23,589179428,20190000000000000003,900200000000000047,1,71.480,308.500,22047.333,2022-11-23 00:15:00.000,L2FT01-FTJ020,13.07,0.000,0.666012,16605,0.435592,0.055345,0,0,1,0.9000,大鹏新区,22,22,0,0,0,0,1
2022-11-23,589179428,20190000000000000003,900200000000000035,1,204.927,316.347,64824.000,2022-11-23 00:30:00.000,L2FT01-FTJ020,13.07,0.000,0.666012,16605,0.435592,0.055345,0,0,1,0.9000,大鹏新区,22,22,0,0,0,0,1
2022-11-23,589179428,20190000000000000003,900200000000000045,1,129.922,477.640,62054.000,2022-11-23 00:30:00.000,L2FT01-FTJ020,13.07,0.000,0.666012,16605,0.435592,0.055345,0,0,1,0.9000,大鹏新区,22,22,0,0,0,0,1
2022-11-23,589179428,20190000000000000003,900200000000000047,1,71.390,308.687,22036.667,2022-11-23 00:30:00.000,L2FT01-FTJ020,13.07,0.000,0.666012,16605,0.435592,0.055345,0,0,1,0.9000,大鹏新区,22,22,0,0,0,0,1
2022-11-23,589179428,20190000000000000003,900200000000000047,1,71.441,308.940,22067.333,2022-11-23 00:45:00.000,L2FT01-FTJ020,13.07,0.000,0.666012,16605,0.435592,0.055345,0,0,1,0.9000,大鹏新区,22,22,0,0,0,0,1
2022-11-23,589179428,20190000000000000003,900200000000000045,1,130.018,478.067,62152.667,2022-11-23 00:45:00.000,L2FT01-FTJ020,13.07,0.000,0.666012,16605,0.435592,0.055345,0,0,1,0.9000,大鹏新区,22,22,0,0,0,0,1
2022-11-23,589179428,20190000000000000003,900200000000000035,1,155.546,322.475,49938.750,2022-11-23 00:45:00.000,L2FT01-FTJ020,13.07,0.000,0.666012,16605,0.435592,0.055345,0,0,1,0.9000,大鹏新区,22,22,0,0,0,0,1
2022-11-23,589179428,20190000000000000003,900200000000000042,0,0.000,299.200,0.000,2022-11-23 00:45:00.000,L2FT01-FTJ020,13.07,0.000,0.666012,16605,0.435592,0.055345,0,0,1,0.9000,大鹏新区,22,22,0,0,0,0,1
2022-11-23,589179428,20190000000000000003,900200000000000042,1,129.925,308.847,40122.667,2022-11-23 01:00:00.000,L2FT01-FTJ020,13.85,0.000,0.666012,16605,0.435592,0.055345,0,0,1,0.9000,大鹏新区,22,22,0,0,0,0,1
2022-11-23,589179428,20190000000000000003,900200000000000045,1,129.963,478.460,62179.333,2022-11-23 01:00:00.000,L2FT01-FTJ020,13.85,0.000,0.666012,16605,0.435592,0.055345,0,0,1,0.9000,大鹏新区,22,22,0,0,0,0,1
2022-11-23,589179428,20190000000000000003,900200000000000047,1,71.397,309.847,22120.667,2022-11-23 01:00:00.000,L2FT01-FTJ020,13.85,0.000,0.666012,16605,0.435592,0.055345,0,0,1,0.9000,大鹏新区,22,22,0,0,0,0,1
2022-11-23,589179428,20190000000000000003,900200000000000052,1,129.824,306.153,39740.667,2022-11-23 01:00:00.000,L2FT01-FTJ020,13.85,0.000,0.666012,16605,0.435592,0.055345,0,0,1,0.9000,大鹏新区,22,22,0,0,0,0,1
2022-11-23,589179428,20190000000000000003,900200000000000034,1,203.163,305.833,62130.000,2022-11-23 01:15:00.000,L2FT01-FTJ020,13.85,0.000,0.666012,16605,0.435592,0.055345,0,0,1,0.9000,大鹏新区,22,22,0,0,0,0,1
2022-11-23,589179428,20190000000000000003,900200000000000042,1,129.927,310.520,40341.333,2022-11-23 01:15:00.000,L2FT01-FTJ020,13.85,0.000,0.666012,16605,0.435592,0.055345,0,0,1,0.9000,大鹏新区,22,22,0,0,0,0,1
2022-11-23,589179428,20190000000000000003,900200000000000045,1,103.332,478.293,49429.333,2022-11-23 01:15:00.000,L2FT01-FTJ020,13.85,0.000,0.666012,16605,0.435592,0.055345,0,0,1,0.9000,大鹏新区,22,22,0,0,0,0,1
2022-11-23,589179428,20190000000000000003,900200000000000047,1,71.249,311.513,22190.667,2022-11-23 01:15:00.000,L2FT01-FTJ020,13.85,0.000,0.666012,16605,0.435592,0.055345,0,0,1,0.9000,大鹏新区,22,22,0,0,0,0,1
2022-11-23,589179428,20190000000000000003,900200000000000052,1,129.878,310.507,40324.667,2022-11-23 01:15:00.000,L2FT01-FTJ020,13.85,0.000,0.666012,16605,0.435592,0.055345,0,0,1,0.9000,大鹏新区,22,22,0,0,0,0,1
2022-11-23,589179428,20190000000000000003,900200000000000047,1,71.297,312.500,22277.333,2022-11-23 01:30:00.000,L2FT01-FTJ020,13.85,0.000,0.666012,16605,0.435592,0.055345,0,0,1,0.9000,大鹏新区,22,22,0,0,0,0,1
2022-11-23,589179428,20190000000000000003,900200000000000052,1,129.890,311.380,40443.333,2022-11-23 01:30:00.000,L2FT01-FTJ020,13.85,0.000,0.666012,16605,0.435592,0.055345,0,0,1,0.9000,大鹏新区,22,22,0,0,0,0,1
2022-11-23,589179428,20190000000000000003,900200000000000034,1,185.249,309.913,57407.333,2022-11-23 01:30:00.000,L2FT01-FTJ020,13.85,0.000,0.666012,16605,0.435592,0.055345,0,0,1,0.9000,大鹏新区,22,22,0,0,0,0,1
2022-11-23,589179428,20190000000000000003,900200000000000042,1,129.800,311.607,40441.333,2022-11-23 01:30:00.000,L2FT01-FTJ020,13.85,0.000,0.666012,16605,0.435592,0.055345,0,0,1,0.9000,大鹏新区,22,22,0,0,0,0,1
2022-11-23,589179428,20190000000000000003,900200000000000045,1,53.379,477.633,25507.778,2022-11-23 01:30:00.000,L2FT01-FTJ020,13.85,0.000,0.666012,16605,0.435592,0.055345,0,0,1,0.9000,大鹏新区,22,22,0,0,0,0,1
2022-11-23,589179428,20190000000000000003,900200000000000034,1,148.636,310.340,46130.000,2022-11-23 01:45:00.000,L2FT01-FTJ020,13.85,0.000,0.666012,16605,0.435592,0.055345,0,0,1,0.9000,大鹏新区,22,22,0,0,0,0,1
2022-11-23,589179428,20190000000000000003,900200000000000038,1,115.592,305.250,35283.333,2022-11-23 01:45:00.000,L2FT01-FTJ020,13.85,0.000,0.666012,16605,0.435592,0.055345,0,0,1,0.9000,大鹏新区,22,22,0,0,0,0,1
2022-11-23,589179428,20190000000000000003,900200000000000042,1,129.884,313.320,40693.333,2022-11-23 01:45:00.000,L2FT01-FTJ020,13.85,0.000,0.666012,16605,0.435592,0.055345,0,0,1,0.9000,大鹏新区,22,22,0,0,0,0,1
2022-11-23,589179428,20190000000000000003,900200000000000047,1,71.390,313.013,22344.667,2022-11-23 01:45:00.000,L2FT01-FTJ020,13.85,0.000,0.666012,16605,0.435592,0.055345,0,0,1,0.9000,大鹏新区,22,22,0,0,0,0,1
2022-11-23,589179428,20190000000000000003,900200000000000052,1,129.897,312.960,40649.333,2022-11-23 01:45:00.000,L2FT01-FTJ020,13.85,0.000,0.666012,16605,0.435592,0.055345,0,0,1,0.9000,大鹏新区,22,22,0,0,0,0,1
2022-11-23,589179428,20190000000000000003,900200000000000047,1,71.390,313.633,22388.000,2022-11-23 02:00:00.000,L2FT01-FTJ020,14.57,0.000,0.666012,16605,0.435592,0.055345,0,0,1,0.9000,大鹏新区,22,22,0,0,0,0,1
2022-11-23,589179428,20190000000000000003,900200000000000042,1,129.934,314.153,40816.000,2022-11-23 02:00:00.000,L2FT01-FTJ020,14.57,0.000,0.666012,16605,0.435592,0.055345,0,0,1,0.9000,大鹏新区,22,22,0,0,0,0,1
2022-11-23,589179428,20190000000000000003,900200000000000052,1,129.905,314.433,40844.000,2022-11-23 02:00:00.000,L2FT01-FTJ020,14.57,0.000,0.666012,16605,0.435592,0.055345,0,0,1,0.9000,大鹏新区,22,22,0,0,0,0,1
2022-11-23,589179428,20190000000000000003,900200000000000034,1,145.065,311.780,45233.333,2022-11-23 02:00:00.000,L2FT01-FTJ020,14.57,0.000,0.666012,16605,0.435592,0.055345,0,0,1,0.9000,大鹏新区,22,22,0,0,0,0,1
2022-11-23,589179428,20190000000000000003,900200000000000038,1,115.671,309.167,35759.333,2022-11-23 02:00:00.000,L2FT01-FTJ020,14.57,0.000,0.666012,16605,0.435592,0.055345,0,0,1,0.9000,大鹏新区,22,22,0,0,0,0,1
2022-11-23,589179428,20190000000000000003,900200000000000052,1,129.890,315.627,40996.000,2022-11-23 02:15:00.000,L2FT01-FTJ020,14.57,0.000,0.666012,16605,0.435592,0.055345,0,0,1,0.9000,大鹏新区,22,22,0,0,0,0,1
2022-11-23,589179428,20190000000000000003,900200000000000047,1,71.500,314.913,22510.000,2022-11-23 02:15:00.000,L2FT01-FTJ020,14.57,0.000,0.666012,16605,0.435592,0.055345,0,0,1,0.9000,大鹏新区,22,22,0,0,0,0,1
2022-11-23,589179428,20190000000000000003,900200000000000042,1,129.919,315.140,40940.000,2022-11-23 02:15:00.000,L2FT01-FTJ020,14.57,0.000,0.666012,16605,0.435592,0.055345,0,0,1,0.9000,大鹏新区,22,22,0,0,0,0,1
2022-11-23,589179428,20190000000000000003,900200000000000034,1,197.415,311.882,61563.636,2022-11-23 02:15:00.000,L2FT01-FTJ020,14.57,0.000,0.666012,16605,0.435592,0.055345,0,0,1,0.9000,大鹏新区,22,22,0,0,0,0,1
2022-11-23,589179428,20190000000000000003,900200000000000038,1,111.746,310.493,34695.333,2022-11-23 02:15:00.000,L2FT01-FTJ020,14.57,0.000,0.666012,16605,0.435592,0.055345,0,0,1,0.9000,大鹏新区,22,22,0,0,0,0,1
2022-11-23,589179428,20190000000000000003,900200000000000034,1,173.809,312.020,54236.667,2022-11-23 02:30:00.000,L2FT01-FTJ020,14.57,0.000,0.666012,16605,0.435592,0.055345,0,0,1,0.9000,大鹏新区,22,22,0,0,0,0,1
2022-11-23,589179428,20190000000000000003,900200000000000038,1,105.771,311.120,32904.000,2022-11-23 02:30:00.000,L2FT01-FTJ020,14.57,0.000,0.666012,16605,0.435592,0.055345,0,0,1,0.9000,大鹏新区,22,22,0,0,0,0,1
2022-11-23,589179428,20190000000000000003,900200000000000042,1,107.593,320.300,34310.000,2022-11-23 02:30:00.000,L2FT01-FTJ020,14.57,0.000,0.666012,16605,0.435592,0.055345,0,0,1,0.9000,大鹏新区,22,22,0,0,0,0,1
2022-11-23,589179428,20190000000000000003,900200000000000047,1,58.836,322.160,18876.000,2022-11-23 02:30:00.000,L2FT01-FTJ020,14.57,0.000,0.666012,16605,0.435592,0.055345,0,0,1,0.9000,大鹏新区,22,22,0,0,0,0,1
2022-11-23,589179428,20190000000000000003,900200000000000052,1,83.236,324.133,26766.667,2022-11-23 02:30:00.000,L2FT01-FTJ020,14.57,0.000,0.666012,16605,0.435592,0.055345,0,0,1,0.9000,大鹏新区,22,22,0,0,0,0,1
2022-11-23,589179428,20190000000000000003,900200000000000034,1,145.057,312.987,45403.333,2022-11-23 02:45:00.000,L2FT01-FTJ020,14.57,0.000,0.666012,16605,0.435592,0.055345,0,0,1,0.9000,大鹏新区,22,22,0,0,0,0,1
2022-11-23,589179428,20190000000000000003,900200000000000038,1,105.719,312.753,33062.000,2022-11-23 02:45:00.000,L2FT01-FTJ020,14.57,0.000,0.666012,16605,0.435592,0.055345,0,0,1,0.9000,大鹏新区,22,22,0,0,0,0,1
2022-11-23,589179428,20190000000000000003,900200000000000034,1,142.878,314.047,44868.000,2022-11-23 03:00:00.000,L2FT01-FTJ020,15.19,0.000,0.666012,16605,0.435592,0.055345,0,0,1,0.9000,大鹏新区,22,22,0,0,0,0,1
2022-11-23,589179428,20190000000000000003,900200000000000038,1,105.691,313.907,33174.000,2022-11-23 03:00:00.000,L2FT01-FTJ020,15.19,0.000,0.666012,16605,0.435592,0.055345,0,0,1,0.9000,大鹏新区,22,22,0,0,0,0,1
2022-11-23,589179428,20190000000000000003,900200000000000038,1,105.705,314.860,33280.000,2022-11-23 03:15:00.000,L2FT01-FTJ020,15.19,0.000,0.666012,16605,0.435592,0.055345,0,0,1,0.9000,大鹏新区,22,22,0,0,0,0,1
2022-11-23,589179428,20190000000000000003,900200000000000034,1,139.805,316.393,44220.667,2022-11-23 03:15:00.000,L2FT01-FTJ020,15.19,0.000,0.666012,16605,0.435592,0.055345,0,0,1,0.9000,大鹏新区,22,22,0,0,0,0,1
2022-11-23,589179428,20190000000000000003,900200000000000034,1,46.392,323.450,14975.000,2022-11-23 03:30:00.000,L2FT01-FTJ020,15.19,0.000,0.666012,16605,0.435592,0.055345,0,0,1,0.9000,大鹏新区,22,22,0,0,0,0,1
2022-11-23,589179428,20190000000000000003,900200000000000038,1,105.690,316.025,33400.000,2022-11-23 03:30:00.000,L2FT01-FTJ020,15.19,0.000,0.666012,16605,0.435592,0.055345,0,0,1,0.9000,大鹏新区,22,22,0,0,0,0,1
2022-11-23,589179428,20190000000000000003,900200000000000042,1,140.279,310.507,43568.667,2022-11-23 03:30:00.000,L2FT01-FTJ020,15.19,0.000,0.666012,16605,0.435592,0.055345,0,0,1,0.9000,大鹏新区,22,22,0,0,0,0,1
2022-11-23,589179428,20190000000000000003,900200000000000042,1,143.097,313.147,44808.000,2022-11-23 03:45:00.000,L2FT01-FTJ020,15.19,0.000,0.666012,16605,0.435592,0.055345,0,0,1,0.9000,大鹏新区,22,22,0,0,0,0,1
2022-11-23,589179428,20190000000000000003,900200000000000042,1,143.103,314.680,45030.667,2022-11-23 04:00:00.000,L2FT01-FTJ020,15.67,0.000,0.666012,16605,0.435592,0.055345,0,0,1,0.9000,大鹏新区,22,22,0,0,0,0,1
2022-11-23,589179428,20190000000000000003,900200000000000042,1,114.421,320.985,36489.231,2022-11-23 04:15:00.000,L2FT01-FTJ020,15.67,0.000,0.666012,16605,0.435592,0.055345,0,0,1,0.9000,大鹏新区,22,22,0,0,0,0,1
2022-11-23,589179428,20190000000000000003,900200000000000056,1,122.936,410.920,50530.000,2022-11-23 05:15:00.000,L2FT01-FTJ020,15.97,0.000,0.666012,16605,0.435592,0.055345,0,0,1,0.9000,大鹏新区,22,22,0,0,0,0,1
2022-11-23,589179428,20190000000000000003,900200000000000056,1,107.518,411.633,44258.000,2022-11-23 05:30:00.000,L2FT01-FTJ020,15.97,0.000,0.666012,16605,0.435592,0.055345,0,0,1,0.9000,大鹏新区,22,22,0,0,0,0,1
2022-11-23,589179428,20190000000000000003,900200000000000034,1,109.527,308.967,33930.000,2022-11-23 05:45:00.000,L2FT01-FTJ020,15.97,0.000,0.666012,16605,0.435592,0.055345,0,0,1,0.9000,大鹏新区,22,22,0,0,0,0,1
2022-11-23,589179428,20190000000000000003,900200000000000056,1,71.537,410.613,29390.000,2022-11-23 05:45:00.000,L2FT01-FTJ020,15.97,0.000,0.666012,16605,0.435592,0.055345,0,0,1,0.9000,大鹏新区,22,22,0,0,0,0,1
2022-11-23,589179428,20190000000000000003,900200000000000034,1,129.842,311.073,40385.333,2022-11-23 06:00:00.000,L2FT01-FTJ020,16.07,0.000,0.666012,16605,0.435592,0.055345,0,0,1,0.9000,大鹏新区,22,22,0,0,0,0,1
2022-11-23,589179428,20190000000000000003,900200000000000056,1,43.453,410.333,17828.000,2022-11-23 06:00:00.000,L2FT01-FTJ020,16.07,0.000,0.666012,16605,0.435592,0.055345,0,0,1,0.9000,大鹏新区,22,22,0,0,0,0,1
2022-11-23,589179428,20190000000000000003,900200000000000056,1,24.404,415.080,10141.000,2022-11-23 06:15:00.000,L2FT01-FTJ020,16.07,0.000,0.666012,16605,0.435592,0.055345,0,0,1,0.9000,大鹏新区,22,22,0,0,0,0,1
2022-11-23,589179428,20190000000000000003,900200000000000034,1,129.927,312.420,40589.333,2022-11-23 06:15:00.000,L2FT01-FTJ020,16.07,0.000,0.666012,16605,0.435592,0.055345,0,0,1,0.9000,大鹏新区,22,22,0,0,0,0,1
2022-11-23,589179428,20190000000000000003,900200000000000034,1,129.969,314.420,40862.000,2022-11-23 06:30:00.000,L2FT01-FTJ020,16.07,0.000,0.666012,16605,0.435592,0.055345,0,0,1,0.9000,大鹏新区,22,22,0,0,0,0,1
2022-11-23,589179428,20190000000000000003,900200000000000034,1,114.739,319.320,36508.000,2022-11-23 06:45:00.000,L2FT01-FTJ020,16.07,0.000,0.666012,16605,0.435592,0.055345,0,0,1,0.9000,大鹏新区,22,22,0,0,0,0,1
2022-11-23,589179428,20190000000000000003,900200000000000044,1,95.791,364.100,35272.667,2022-11-23 06:45:00.000,L2FT01-FTJ020,16.07,0.000,0.666012,16605,0.435592,0.055345,0,0,1,0.9000,大鹏新区,22,22,0,0,0,0,1
2022-11-23,589179428,20190000000000000003,900200000000000034,1,104.393,317.033,32790.000,2022-11-23 07:00:00.000,L2FT01-FTJ020,15.97,0.000,0.666012,16605,0.435592,0.055345,0,0,1,0.9000,大鹏新区,22,22,0,0,0,0,1
2022-11-23,589179428,20190000000000000003,900200000000000044,1,81.430,380.520,30984.000,2022-11-23 07:00:00.000,L2FT01-FTJ020,15.97,0.000,0.666012,16605,0.435592,0.055345,0,0,1,0.9000,大鹏新区,22,22,0,0,0,0,1
2022-11-23,589179428,20190000000000000003,900200000000000048,1,122.681,362.813,45326.667,2022-11-23 07:00:00.000,L2FT01-FTJ020,15.97,0.000,0.666012,16605,0.435592,0.055345,0,0,1,0.9000,大鹏新区,22,22,0,0,0,0,1
2022-11-23,589179428,20190000000000000003,900200000000000034,1,60.472,327.060,19598.000,2022-11-23 07:15:00.000,L2FT01-FTJ020,15.97,0.000,0.666012,16605,0.435592,0.055345,0,0,1,0.9000,大鹏新区,22,22,0,0,0,0,1
2022-11-23,589179428,20190000000000000003,900200000000000044,1,30.445,385.967,11750.000,2022-11-23 07:15:00.000,L2FT01-FTJ020,15.97,0.000,0.666012,16605,0.435592,0.055345,0,0,1,0.9000,大鹏新区,22,22,0,0,0,0,1
2022-11-23,589179428,20190000000000000003,900200000000000048,1,105.075,388.020,40747.333,2022-11-23 07:15:00.000,L2FT01-FTJ020,15.97,0.000,0.666012,16605,0.435592,0.055345,0,0,1,0.9000,大鹏新区,22,22,0,0,0,0,1
2022-11-23,589179428,20190000000000000003,900200000000000048,1,77.523,397.733,30843.333,2022-11-23 07:30:00.000,L2FT01-FTJ020,15.97,0.000,0.666012,16605,0.435592,0.055345,0,0,1,0.9000,大鹏新区,22,22,0,0,0,0,1
2022-11-23,589179428,20190000000000000003,900200000000000052,1,119.545,319.275,38165.000,2022-11-23 07:30:00.000,L2FT01-FTJ020,15.97,0.000,0.666012,16605,0.435592,0.055345,0,0,1,0.9000,大鹏新区,22,22,0,0,0,0,1
2022-11-23,589179428,20190000000000000003,900200000000000052,1,119.617,324.973,38871.333,2022-11-23 07:45:00.000,L2FT01-FTJ020,15.97,0.000,0.666012,16605,0.435592,0.055345,0,0,1,0.9000,大鹏新区,22,22,0,0,0,0,1
2022-11-23,589179428,20190000000000000003,900200000000000057,1,199.047,360.417,72550.000,2022-11-23 07:45:00.000,L2FT01-FTJ020,15.97,0.000,0.666012,16605,0.435592,0.055345,0,0,1,0.9000,大鹏新区,22,22,0,0,0,0,1
2022-11-23,589179428,20190000000000000003,900200000000000030,1,32.398,328.086,10641.429,2022-11-23 07:45:00.000,L2FT01-FTJ020,15.97,0.000,0.666012,16605,0.435592,0.055345,0,0,1,0.9000,大鹏新区,22,22,0,0,0,0,1
2022-11-23,589179428,20190000000000000003,900200000000000030,1,34.883,334.320,11660.667,2022-11-23 08:00:00.000,L2FT01-FTJ020,15.67,0.000,0.666012,16605,0.435592,0.055345,0,0,1,0.9000,大鹏新区,22,22,0,0,0,0,1
2022-11-23,589179428,20190000000000000003,900200000000000044,1,84.840,347.525,29482.500,2022-11-23 08:00:00.000,L2FT01-FTJ020,15.67,0.000,0.666012,16605,0.435592,0.055345,0,0,1,0.9000,大鹏新区,22,22,0,0,0,0,1
2022-11-23,589179428,20190000000000000003,900200000000000048,1,65.290,398.000,25980.000,2022-11-23 08:00:00.000,L2FT01-FTJ020,15.67,0.000,0.666012,16605,0.435592,0.055345,0,0,1,0.9000,大鹏新区,22,22,0,0,0,0,1
2022-11-23,589179428,20190000000000000003,900200000000000052,1,115.941,326.907,37906.667,2022-11-23 08:00:00.000,L2FT01-FTJ020,15.67,0.000,0.666012,16605,0.435592,0.055345,0,0,1,0.9000,大鹏新区,22,22,0,0,0,0,1
2022-11-23,589179428,20190000000000000003,900200000000000057,1,238.821,381.940,91214.000,2022-11-23 08:00:00.000,L2FT01-FTJ020,15.67,0.000,0.666012,16605,0.435592,0.055345,0,0,1,0.9000,大鹏新区,22,22,0,0,0,0,1
2022-11-23,589179428,20190000000000000003,900200000000000030,1,34.837,342.000,11912.667,2022-11-23 08:15:00.000,L2FT01-FTJ020,15.67,0.000,0.666012,16605,0.435592,0.055345,0,0,1,0.9000,大鹏新区,22,22,0,0,0,0,1
2022-11-23,589179428,20190000000000000003,900200000000000044,1,98.865,354.107,35044.667,2022-11-23 08:15:00.000,L2FT01-FTJ020,15.67,0.000,0.666012,16605,0.435592,0.055345,0,0,1,0.9000,大鹏新区,22,22,0,0,0,0,1
2022-11-23,589179428,20190000000000000003,900200000000000045,1,61.790,390.167,24106.667,2022-11-23 08:15:00.000,L2FT01-FTJ020,15.67,0.000,0.666012,16605,0.435592,0.055345,0,0,1,0.9000,大鹏新区,22,22,0,0,0,0,1
2022-11-23,589179428,20190000000000000003,900200000000000052,1,62.790,325.600,20442.000,2022-11-23 08:15:00.000,L2FT01-FTJ020,15.67,0.000,0.666012,16605,0.435592,0.055345,0,0,1,0.9000,大鹏新区,22,22,0,0,0,0,1
2022-11-23,589179428,20190000000000000003,900200000000000057,1,169.037,400.867,67646.000,2022-11-23 08:15:00.000,L2FT01-FTJ020,15.67,0.000,0.666012,16605,0.435592,0.055345,0,0,1,0.9000,大鹏新区,22,22,0,0,0,0,1
2022-11-23,589179428,20190000000000000003,900200000000000052,1,58.590,329.625,19268.333,2022-11-23 08:30:00.000,L2FT01-FTJ020,15.67,0.000,0.666012,16605,0.435592,0.055345,0,0,1,0.9000,大鹏新区,22,22,0,0,0,0,1
2022-11-23,589179428,20190000000000000003,900200000000000045,1,61.870,400.760,24795.333,2022-11-23 08:30:00.000,L2FT01-FTJ020,15.67,0.000,0.666012,16605,0.435592,0.055345,0,0,1,0.9000,大鹏新区,22,22,0,0,0,0,1
2022-11-23,589179428,20190000000000000003,900200000000000057,1,75.212,404.140,30397.333,2022-11-23 08:30:00.000,L2FT01-FTJ020,15.67,0.000,0.666012,16605,0.435592,0.055345,0,0,1,0.9000,大鹏新区,22,22,0,0,0,0,1
2022-11-23,589179428,20190000000000000003,900200000000000032,1,55.194,449.560,24672.000,2022-11-23 08:30:00.000,L2FT01-FTJ020,15.67,0.000,0.666012,16605,0.435592,0.055345,0,0,1,0.9000,大鹏新区,22,22,0,0,0,0,1
2022-11-23,589179428,20190000000000000003,900200000000000030,1,34.803,348.353,12122.000,2022-11-23 08:30:00.000,L2FT01-FTJ020,15.67,0.000,0.666012,16605,0.435592,0.055345,0,0,1,0.9000,大鹏新区,22,22,0,0,0,0,1
2022-11-23,589179428,20190000000000000003,900200000000000044,1,119.890,358.067,42928.667,2022-11-23 08:30:00.000,L2FT01-FTJ020,15.67,0.000,0.666012,16605,0.435592,0.055345,0,0,1,0.9000,大鹏新区,22,22,0,0,0,0,1
2022-11-23,589179428,20190000000000000003,900200000000000057,1,31.354,403.709,12658.182,2022-11-23 08:45:00.000,L2FT01-FTJ020,15.67,0.000,0.666012,16605,0.435592,0.055345,0,0,1,0.9000,大鹏新区,22,22,0,0,0,0,1
2022-11-23,589179428,20190000000000000003,900200000000000045,1,52.778,413.100,21799.333,2022-11-23 08:45:00.000,L2FT01-FTJ020,15.67,0.000,0.666012,16605,0.435592,0.055345,0,0,1,0.9000,大鹏新区,22,22,0,0,0,0,1
2022-11-23,589179428,20190000000000000003,900200000000000030,1,34.810,354.567,12340.000,2022-11-23 08:45:00.000,L2FT01-FTJ020,15.67,0.000,0.666012,16605,0.435592,0.055345,0,0,1,0.9000,大鹏新区,22,22,0,0,0,0,1
2022-11-23,589179428,20190000000000000003,900200000000000032,1,136.831,450.707,61666.667,2022-11-23 08:45:00.000,L2FT01-FTJ020,15.67,0.000,0.666012,16605,0.435592,0.055345,0,0,1,0.9000,大鹏新区,22,22,0,0,0,0,1
2022-11-23,589179428,20190000000000000003,900200000000000044,1,91.823,358.667,32939.333,2022-11-23 08:45:00.000,L2FT01-FTJ020,15.67,0.000,0.666012,16605,0.435592,0.055345,0,0,1,0.9000,大鹏新区,22,22,0,0,0,0,1
2022-11-23,589179428,20190000000000000003,900200000000000030,1,30.283,360.780,10920.000,2022-11-23 09:00:00.000,L2FT01-FTJ020,15.19,0.000,0.666012,16605,0.435592,0.055345,0,0,1,0.9000,大鹏新区,22,22,0,0,0,0,1
2022-11-23,589179428,20190000000000000003,900200000000000032,1,120.545,452.387,54528.667,2022-11-23 09:00:00.000,L2FT01-FTJ020,15.19,0.000,0.666012,16605,0.435592,0.055345,0,0,1,0.9000,大鹏新区,22,22,0,0,0,0,1
2022-11-23,589179428,20190000000000000003,900200000000000044,1,41.858,360.478,15127.778,2022-11-23 09:00:00.000,L2FT01-FTJ020,15.19,0.000,0.666012,16605,0.435592,0.055345,0,0,1,0.9000,大鹏新区,22,22,0,0,0,0,1
2022-11-23,589179428,20190000000000000003,900200000000000045,1,21.047,414.657,8725.000,2022-11-23 09:00:00.000,L2FT01-FTJ020,15.19,0.000,0.666012,16605,0.435592,0.055345,0,0,1,0.9000,大鹏新区,22,22,0,0,0,0,1
2022-11-23,589179428,20190000000000000003,900200000000000030,1,17.890,363.183,6495.833,2022-11-23 09:15:00.000,L2FT01-FTJ020,15.19,0.000,0.666012,16605,0.435592,0.055345,0,0,1,0.9000,大鹏新区,22,22,0,0,0,0,1
2022-11-23,589179428,20190000000000000003,900200000000000032,1,97.191,453.567,44082.667,2022-11-23 09:15:00.000,L2FT01-FTJ020,15.19,0.000,0.666012,16605,0.435592,0.055345,0,0,1,0.9000,大鹏新区,22,22,0,0,0,0,1
2022-11-23,589179428,20190000000000000003,900200000000000032,1,72.105,454.431,32776.154,2022-11-23 09:30:00.000,L2FT01-FTJ020,15.19,0.000,0.666012,16605,0.435592,0.055345,0,0,1,0.9000,大鹏新区,22,22,0,0,0,0,1
2022-11-23,589179428,20190000000000000003,900200000000000053,1,115.605,357.280,41340.667,2022-11-23 10:30:00.000,L2FT01-FTJ020,14.57,0.000,0.666012,16605,0.435592,0.055345,0,0,1,0.9000,大鹏新区,22,22,0,0,0,0,1
2022-11-23,589179428,20190000000000000003,900200000000000053,1,91.094,358.393,32749.333,2022-11-23 10:45:00.000,L2FT01-FTJ020,14.57,0.000,0.666012,16605,0.435592,0.055345,0,0,1,0.9000,大鹏新区,22,22,0,0,0,0,1
2022-11-23,589179428,20190000000000000003,900200000000000053,1,41.815,356.450,14915.000,2022-11-23 11:00:00.000,L2FT01-FTJ020,13.85,0.000,0.666012,16605,0.435592,0.055345,0,0,1,0.9000,大鹏新区,22,22,0,0,0,0,1
2022-11-23,589179428,20190000000000000003,900200000000000038,0,0.000,340.700,0.000,2022-11-23 11:15:00.000,L2FT01-FTJ020,13.85,0.000,0.666012,16605,0.435592,0.055345,0,0,1,0.9000,大鹏新区,22,22,0,0,0,0,1
2022-11-23,589179428,20190000000000000003,900200000000000037,1,129.824,311.700,40462.500,2022-11-23 11:45:00.000,L2FT01-FTJ020,13.85,0.000,0.666012,16605,0.435592,0.055345,0,0,1,0.9000,大鹏新区,22,22,0,0,0,0,1
2022-11-23,589179428,20190000000000000003,900200000000000037,1,129.842,313.540,40708.667,2022-11-23 12:00:00.000,L2FT01-FTJ020,13.07,0.000,0.666012,16605,0.435592,0.055345,0,0,1,0.9000,大鹏新区,22,22,0,0,0,0,1
2022-11-23,589179428,20190000000000000003,900200000000000040,1,143.690,359.750,51690.000,2022-11-23 12:00:00.000,L2FT01-FTJ020,13.07,0.000,0.666012,16605,0.435592,0.055345,0,0,1,0.9000,大鹏新区,22,22,0,0,0,0,1
2022-11-23,589179428,20190000000000000003,900200000000000037,1,129.890,316.020,41046.000,2022-11-23 12:15:00.000,L2FT01-FTJ020,13.07,0.000,0.666012,16605,0.435592,0.055345,0,0,1,0.9000,大鹏新区,22,22,0,0,0,0,1
2022-11-23,589179428,20190000000000000003,900200000000000040,1,143.630,368.440,52917.333,2022-11-23 12:15:00.000,L2FT01-FTJ020,13.07,0.000,0.666012,16605,0.435592,0.055345,0,0,1,0.9000,大鹏新区,22,22,0,0,0,0,1
2022-11-23,589179428,20190000000000000003,900200000000000031,1,68.418,361.550,24835.000,2022-11-23 12:30:00.000,L2FT01-FTJ020,13.07,0.000,0.666012,16605,0.435592,0.055345,0,0,1,0.9000,大鹏新区,22,22,0,0,0,0,1
2022-11-23,589179428,20190000000000000003,900200000000000037,1,129.617,319.963,41468.750,2022-11-23 12:30:00.000,L2FT01-FTJ020,13.07,0.000,0.666012,16605,0.435592,0.055345,0,0,1,0.9000,大鹏新区,22,22,0,0,0,0,1
2022-11-23,589179428,20190000000000000003,900200000000000040,1,125.330,386.813,48376.000,2022-11-23 12:30:00.000,L2FT01-FTJ020,13.07,0.000,0.666012,16605,0.435592,0.055345,0,0,1,0.9000,大鹏新区,22,22,0,0,0,0,1
2022-11-23,589179428,20190000000000000003,900200000000000043,1,154.111,365.407,56560.714,2022-11-23 12:30:00.000,L2FT01-FTJ020,13.07,0.000,0.666012,16605,0.435592,0.055345,0,0,1,0.9000,大鹏新区,22,22,0,0,0,0,1
2022-11-23,589179428,20190000000000000003,900200000000000031,1,78.500,364.207,28586.000,2022-11-23 12:45:00.000,L2FT01-FTJ020,13.07,0.000,0.666012,16605,0.435592,0.055345,0,0,1,0.9000,大鹏新区,22,22,0,0,0,0,1
2022-11-23,589179428,20190000000000000003,900200000000000040,1,63.019,399.473,25156.000,2022-11-23 12:45:00.000,L2FT01-FTJ020,13.07,0.000,0.666012,16605,0.435592,0.055345,0,0,1,0.9000,大鹏新区,22,22,0,0,0,0,1
2022-11-23,589179428,20190000000000000003,900200000000000043,1,179.207,370.167,66330.000,2022-11-23 12:45:00.000,L2FT01-FTJ020,13.07,0.000,0.666012,16605,0.435592,0.055345,0,0,1,0.9000,大鹏新区,22,22,0,0,0,0,1
2022-11-23,589179428,20190000000000000003,900200000000000040,1,14.919,401.693,5990.000,2022-11-23 13:00:00.000,L2FT01-FTJ020,12.30,0.000,0.666012,16605,0.435592,0.055345,0,0,1,0.9000,大鹏新区,22,22,0,0,0,0,1
2022-11-23,589179428,20190000000000000003,900200000000000043,1,150.236,372.087,55906.000,2022-11-23 13:00:00.000,L2FT01-FTJ020,12.30,0.000,0.666012,16605,0.435592,0.055345,0,0,1,0.9000,大鹏新区,22,22,0,0,0,0,1
2022-11-23,589179428,20190000000000000003,900200000000000031,1,78.013,366.807,28610.667,2022-11-23 13:00:00.000,L2FT01-FTJ020,12.30,0.000,0.666012,16605,0.435592,0.055345,0,0,1,0.9000,大鹏新区,22,22,0,0,0,0,1
2022-11-23,589179428,20190000000000000003,900200000000000031,1,64.415,368.000,23712.500,2022-11-23 13:15:00.000,L2FT01-FTJ020,12.30,0.000,0.666012,16605,0.435592,0.055345,0,0,1,0.9000,大鹏新区,22,22,0,0,0,0,1
2022-11-23,589179428,20190000000000000003,900200000000000037,1,129.845,311.317,40418.333,2022-11-23 13:15:00.000,L2FT01-FTJ020,12.30,0.000,0.666012,16605,0.435592,0.055345,0,0,1,0.9000,大鹏新区,22,22,0,0,0,0,1
2022-11-23,589179428,20190000000000000003,900200000000000043,1,90.129,370.613,33403.750,2022-11-23 13:15:00.000,L2FT01-FTJ020,12.30,0.000,0.666012,16605,0.435592,0.055345,0,0,1,0.9000,大鹏新区,22,22,0,0,0,0,1
2022-11-23,589179428,20190000000000000003,900200000000000037,1,129.878,313.247,40682.000,2022-11-23 13:30:00.000,L2FT01-FTJ020,12.30,0.000,0.666012,16605,0.435592,0.055345,0,0,1,0.9000,大鹏新区,22,22,0,0,0,0,1
2022-11-23,589179428,20190000000000000003,900200000000000037,1,123.854,320.610,39687.000,2022-11-23 13:45:00.000,L2FT01-FTJ020,12.30,0.000,0.666012,16605,0.435592,0.055345,0,0,1,0.9000,大鹏新区,22,22,0,0,0,0,1
2022-11-23,589179428,20190000000000000003,900200000000000047,1,108.870,358.447,39064.000,2022-11-23 13:45:00.000,L2FT01-FTJ020,12.30,0.000,0.666012,16605,0.435592,0.055345,0,0,1,0.9000,大鹏新区,22,22,0,0,0,0,1
2022-11-23,589179428,20190000000000000003,900200000000000047,1,65.881,359.736,23719.091,2022-11-23 14:00:00.000,L2FT01-FTJ020,11.57,0.000,0.666012,16605,0.435592,0.055345,0,0,1,0.9000,大鹏新区,22,22,0,0,0,0,1
2022-11-23,589179428,20190000000000000003,900200000000000034,1,164.830,311.967,51416.667,2022-11-23 15:15:00.000,L2FT01-FTJ020,10.95,0.000,0.666012,16605,0.435592,0.055345,0,0,1,0.9000,大鹏新区,22,22,0,0,0,0,1
2022-11-23,589179428,20190000000000000003,900200000000000034,1,164.812,313.780,51709.333,2022-11-23 15:30:00.000,L2FT01-FTJ020,10.95,0.000,0.666012,16605,0.435592,0.055345,0,0,1,0.9000,大鹏新区,22,22,0,0,0,0,1
2022-11-23,589179428,20190000000000000003,900200000000000034,1,164.848,316.987,52252.667,2022-11-23 15:45:00.000,L2FT01-FTJ020,10.95,0.000,0.666012,16605,0.435592,0.055345,0,0,1,0.9000,大鹏新区,22,22,0,0,0,0,1
2022-11-23,589179428,20190000000000000003,900200000000000034,1,100.820,322.225,32350.000,2022-11-23 16:00:00.000,L2FT01-FTJ020,10.47,0.000,0.666012,16605,0.435592,0.055345,0,0,1,0.9000,大鹏新区,22,22,0,0,0,0,1
2022-11-23,589179428,20190000000000000003,900200000000000032,1,120.574,311.664,37730.000,2022-11-23 17:15:00.000,L2FT01-FTJ020,10.17,0.000,0.666012,16605,0.435592,0.055345,0,0,1,0.9000,大鹏新区,22,22,0,0,0,0,1
2022-11-23,589179428,20190000000000000003,900200000000000037,1,149.923,313.008,46924.167,2022-11-23 17:30:00.000,L2FT01-FTJ020,10.17,0.000,0.666012,16605,0.435592,0.055345,0,0,1,0.9000,大鹏新区,22,22,0,0,0,0,1
2022-11-23,589179428,20190000000000000003,900200000000000039,1,130.427,314.033,40956.667,2022-11-23 17:30:00.000,L2FT01-FTJ020,10.17,0.000,0.666012,16605,0.435592,0.055345,0,0,1,0.9000,大鹏新区,22,22,0,0,0,0,1
2022-11-23,589179428,20190000000000000003,900200000000000032,1,129.966,315.140,40952.000,2022-11-23 17:30:00.000,L2FT01-FTJ020,10.17,0.000,0.666012,16605,0.435592,0.055345,0,0,1,0.9000,大鹏新区,22,22,0,0,0,0,1
2022-11-23,589179428,20190000000000000003,900200000000000032,1,108.493,317.086,34401.429,2022-11-23 17:45:00.000,L2FT01-FTJ020,10.17,0.000,0.666012,16605,0.435592,0.055345,0,0,1,0.9000,大鹏新区,22,22,0,0,0,0,1
2022-11-23,589179428,20190000000000000003,900200000000000037,1,149.890,315.167,47236.667,2022-11-23 17:45:00.000,L2FT01-FTJ020,10.17,0.000,0.666012,16605,0.435592,0.055345,0,0,1,0.9000,大鹏新区,22,22,0,0,0,0,1
2022-11-23,589179428,20190000000000000003,900200000000000039,1,130.500,315.507,41167.333,2022-11-23 17:45:00.000,L2FT01-FTJ020,10.17,0.000,0.666012,16605,0.435592,0.055345,0,0,1,0.9000,大鹏新区,22,22,0,0,0,0,1
2022-11-23,589179428,20190000000000000003,900200000000000037,1,149.963,317.589,47624.444,2022-11-23 18:00:00.000,L2FT01-FTJ020,10.07,0.000,0.666012,16605,0.435592,0.055345,0,0,1,0.9000,大鹏新区,22,22,0,0,0,0,1
2022-11-23,589179428,20190000000000000003,900200000000000039,1,61.290,316.600,19400.000,2022-11-23 18:00:00.000,L2FT01-FTJ020,10.07,0.000,0.666012,16605,0.435592,0.055345,0,0,1,0.9000,大鹏新区,22,22,0,0,0,0,1
2022-11-23,589179428,20190000000000000003,900200000000000056,0,0.000,403.800,0.000,2022-11-23 18:00:00.000,L2FT01-FTJ020,10.07,0.000,0.666012,16605,0.435592,0.055345,0,0,1,0.9000,大鹏新区,22,22,0,0,0,0,1
2022-11-23,589179428,20190000000000000003,900200000000000056,1,44.797,408.467,18298.000,2022-11-23 18:15:00.000,L2FT01-FTJ020,10.07,0.000,0.666012,16605,0.435592,0.055345,0,0,1,0.9000,大鹏新区,22,22,0,0,0,0,1
2022-11-23,589179428,20190000000000000003,900200000000000056,1,40.590,411.627,16718.667,2022-11-23 18:30:00.000,L2FT01-FTJ020,10.07,0.000,0.666012,16605,0.435592,0.055345,0,0,1,0.9000,大鹏新区,22,22,0,0,0,0,1
2022-11-23,589179428,20190000000000000003,900200000000000056,1,20.457,412.953,8438.667,2022-11-23 18:45:00.000,L2FT01-FTJ020,10.07,0.000,0.666012,16605,0.435592,0.055345,0,0,1,0.9000,大鹏新区,22,22,0,0,0,0,1
2022-11-23,589179428,20190000000000000003,900200000000000048,1,132.417,359.264,47576.429,2022-11-23 19:00:00.000,L2FT01-FTJ020,10.17,0.000,0.666012,16605,0.435592,0.055345,0,0,1,0.9000,大鹏新区,22,22,0,0,0,0,1
2022-11-23,589179428,20190000000000000003,900200000000000056,1,13.790,421.100,5805.000,2022-11-23 19:00:00.000,L2FT01-FTJ020,10.17,0.000,0.666012,16605,0.435592,0.055345,0,0,1,0.9000,大鹏新区,22,22,0,0,0,0,1
2022-11-23,589179428,20190000000000000003,900200000000000037,1,71.500,343.900,24580.000,2022-11-23 19:15:00.000,L2FT01-FTJ020,10.17,0.000,0.666012,16605,0.435592,0.055345,0,0,1,0.9000,大鹏新区,22,22,0,0,0,0,1
2022-11-23,589179428,20190000000000000003,900200000000000048,1,101.870,372.727,37968.667,2022-11-23 19:15:00.000,L2FT01-FTJ020,10.17,0.000,0.666012,16605,0.435592,0.055345,0,0,1,0.9000,大鹏新区,22,22,0,0,0,0,1
2022-11-23,589179428,20190000000000000003,900200000000000048,1,65.557,386.960,25338.667,2022-11-23 19:30:00.000,L2FT01-FTJ020,10.17,0.000,0.666012,16605,0.435592,0.055345,0,0,1,0.9000,大鹏新区,22,22,0,0,0,0,1
2022-11-23,589179428,20190000000000000003,900200000000000048,1,39.453,392.014,15461.429,2022-11-23 19:45:00.000,L2FT01-FTJ020,10.17,0.000,0.666012,16605,0.435592,0.055345,0,0,1,0.9000,大鹏新区,22,22,0,0,0,0,1
2022-11-23,589179428,20190000000000000003,900200000000000035,1,68.790,333.100,22910.000,2022-11-23 23:00:00.000,L2FT01-FTJ020,12.30,0.000,0.666012,16605,0.435592,0.055345,0,0,1,0.9000,大鹏新区,22,22,0,0,0,0,1
2022-11-23,589179428,20190000000000000003,900200000000000031,1,149.945,389.550,58410.000,2022-11-23 23:15:00.000,L2FT01-FTJ020,12.30,0.000,0.666012,16605,0.435592,0.055345,0,0,1,0.9000,大鹏新区,22,22,0,0,0,0,1
2022-11-23,589179428,20190000000000000003,900200000000000035,1,67.823,342.833,23248.000,2022-11-23 23:15:00.000,L2FT01-FTJ020,12.30,0.000,0.666012,16605,0.435592,0.055345,0,0,1,0.9000,大鹏新区,22,22,0,0,0,0,1
2022-11-23,589179428,20190000000000000003,900200000000000031,1,141.777,391.787,55544.000,2022-11-23 23:30:00.000,L2FT01-FTJ020,12.30,0.000,0.666012,16605,0.435592,0.055345,0,0,1,0.9000,大鹏新区,22,22,0,0,0,0,1
2022-11-23,589179428,20190000000000000003,900200000000000035,1,63.270,356.627,22550.000,2022-11-23 23:30:00.000,L2FT01-FTJ020,12.30,0.000,0.666012,16605,0.435592,0.055345,0,0,1,0.9000,大鹏新区,22,22,0,0,0,0,1
2022-11-23,589179428,20190000000000000003,900200000000000031,1,107.465,392.027,42140.000,2022-11-23 23:45:00.000,L2FT01-FTJ020,12.30,0.000,0.666012,16605,0.435592,0.055345,0,0,1,0.9000,大鹏新区,22,22,0,0,0,0,1
2022-11-23,589179428,20190000000000000003,900200000000000032,1,150.390,305.600,45960.000,2022-11-23 23:45:00.000,L2FT01-FTJ020,12.30,0.000,0.666012,16605,0.435592,0.055345,0,0,1,0.9000,大鹏新区,22,22,0,0,0,0,1
2022-11-23,589179428,20190000000000000003,900200000000000035,1,28.425,361.360,10266.000,2022-11-23 23:45:00.000,L2FT01-FTJ020,12.30,0.000,0.666012,16605,0.435592,0.055345,0,0,1,0.9000,大鹏新区,22,22,0,0,0,0,1
2022-11-24,589179428,20190000000000000003,900200000000000035,1,13.790,363.100,5004.667,2022-11-24 00:00:00.000,L2FT01-FTJ020,13.07,0.000,0.666012,16605,0.435592,0.055345,0,0,1,0.9000,大鹏新区,22,22,0,0,0,0,1
2022-11-24,589179428,20190000000000000003,900200000000000048,1,71.390,303.893,21693.571,2022-11-24 00:00:00.000,L2FT01-FTJ020,13.07,0.000,0.666012,16605,0.435592,0.055345,0,0,1,0.9000,大鹏新区,22,22,0,0,0,0,1
2022-11-24,589179428,20190000000000000003,900200000000000031,1,49.061,389.200,19105.000,2022-11-24 00:00:00.000,L2FT01-FTJ020,13.07,0.000,0.666012,16605,0.435592,0.055345,0,0,1,0.9000,大鹏新区,22,22,0,0,0,0,1
2022-11-24,589179428,20190000000000000003,900200000000000032,1,149.824,309.860,46423.333,2022-11-24 00:00:00.000,L2FT01-FTJ020,13.07,0.000,0.666012,16605,0.435592,0.055345,0,0,1,0.9000,大鹏新区,22,22,0,0,0,0,1
2022-11-24,589179428,20190000000000000003,900200000000000032,1,149.927,311.313,46672.000,2022-11-24 00:15:00.000,L2FT01-FTJ020,13.07,0.000,0.666012,16605,0.435592,0.055345,0,0,1,0.9000,大鹏新区,22,22,0,0,0,0,1
2022-11-24,589179428,20190000000000000003,900200000000000035,1,13.790,364.900,5030.000,2022-11-24 00:15:00.000,L2FT01-FTJ020,13.07,0.000,0.666012,16605,0.435592,0.055345,0,0,1,0.9000,大鹏新区,22,22,0,0,0,0,1
2022-11-24,589179428,20190000000000000003,900200000000000048,1,71.390,306.620,21888.000,2022-11-24 00:15:00.000,L2FT01-FTJ020,13.07,0.000,0.666012,16605,0.435592,0.055345,0,0,1,0.9000,大鹏新区,22,22,0,0,0,0,1
2022-11-24,589179428,20190000000000000003,900200000000000032,1,150.080,313.093,46984.667,2022-11-24 00:30:00.000,L2FT01-FTJ020,13.07,0.000,0.666012,16605,0.435592,0.055345,0,0,1,0.9000,大鹏新区,22,22,0,0,0,0,1
2022-11-24,589179428,20190000000000000003,900200000000000048,1,71.485,307.573,21983.333,2022-11-24 00:30:00.000,L2FT01-FTJ020,13.07,0.000,0.666012,16605,0.435592,0.055345,0,0,1,0.9000,大鹏新区,22,22,0,0,0,0,1
2022-11-24,589179428,20190000000000000003,900200000000000032,1,150.000,314.420,47160.667,2022-11-24 00:45:00.000,L2FT01-FTJ020,13.07,0.000,0.666012,16605,0.435592,0.055345,0,0,1,0.9000,大鹏新区,22,22,0,0,0,0,1
2022-11-24,589179428,20190000000000000003,900200000000000048,1,71.506,307.900,22011.333,2022-11-24 00:45:00.000,L2FT01-FTJ020,13.07,0.000,0.666012,16605,0.435592,0.055345,0,0,1,0.9000,大鹏新区,22,22,0,0,0,0,1
2022-11-24,589179428,20190000000000000003,900200000000000032,1,150.000,315.600,47337.333,2022-11-24 01:00:00.000,L2FT01-FTJ020,13.85,0.000,0.666012,16605,0.435592,0.055345,0,0,1,0.9000,大鹏新区,22,22,0,0,0,0,1
2022-11-24,589179428,20190000000000000003,900200000000000048,1,71.500,308.333,22040.667,2022-11-24 01:00:00.000,L2FT01-FTJ020,13.85,0.000,0.666012,16605,0.435592,0.055345,0,0,1,0.9000,大鹏新区,22,22,0,0,0,0,1
2022-11-24,589179428,20190000000000000003,900200000000000032,1,115.290,320.500,36791.333,2022-11-24 01:15:00.000,L2FT01-FTJ020,13.85,0.000,0.666012,16605,0.435592,0.055345,0,0,1,0.9000,大鹏新区,22,22,0,0,0,0,1
2022-11-24,589179428,20190000000000000003,900200000000000048,1,71.500,309.153,22099.333,2022-11-24 01:15:00.000,L2FT01-FTJ020,13.85,0.000,0.666012,16605,0.435592,0.055345,0,0,1,0.9000,大鹏新区,22,22,0,0,0,0,1
2022-11-24,589179428,20190000000000000003,900200000000000032,1,29.890,332.500,9940.000,2022-11-24 01:30:00.000,L2FT01-FTJ020,13.85,0.000,0.666012,16605,0.435592,0.055345,0,0,1,0.9000,大鹏新区,22,22,0,0,0,0,1
2022-11-24,589179428,20190000000000000003,900200000000000048,1,71.500,310.453,22192.667,2022-11-24 01:30:00.000,L2FT01-FTJ020,13.85,0.000,0.666012,16605,0.435592,0.055345,0,0,1,0.9000,大鹏新区,22,22,0,0,0,0,1
2022-11-24,589179428,20190000000000000003,900200000000000048,1,71.500,311.533,22268.000,2022-11-24 01:45:00.000,L2FT01-FTJ020,13.85,0.000,0.666012,16605,0.435592,0.055345,0,0,1,0.9000,大鹏新区,22,22,0,0,0,0,1
2022-11-24,589179428,20190000000000000003,900200000000000039,1,142.431,365.113,52003.750,2022-11-24 01:45:00.000,L2FT01-FTJ020,13.85,0.000,0.666012,16605,0.435592,0.055345,0,0,1,0.9000,大鹏新区,22,22,0,0,0,0,1
2022-11-24,589179428,20190000000000000003,900200000000000039,1,133.521,374.420,49956.000,2022-11-24 02:00:00.000,L2FT01-FTJ020,14.57,0.000,0.666012,16605,0.435592,0.055345,0,0,1,0.9000,大鹏新区,22,22,0,0,0,0,1
2022-11-24,589179428,20190000000000000003,900200000000000048,1,71.524,311.860,22303.333,2022-11-24 02:00:00.000,L2FT01-FTJ020,14.57,0.000,0.666012,16605,0.435592,0.055345,0,0,1,0.9000,大鹏新区,22,22,0,0,0,0,1
2022-11-24,589179428,20190000000000000003,900200000000000056,1,142.300,360.000,51220.000,2022-11-24 02:00:00.000,L2FT01-FTJ020,14.57,0.000,0.666012,16605,0.435592,0.055345,0,0,1,0.9000,大鹏新区,22,22,0,0,0,0,1
2022-11-24,589179428,20190000000000000003,900200000000000039,1,107.097,389.480,41690.000,2022-11-24 02:15:00.000,L2FT01-FTJ020,14.57,0.000,0.666012,16605,0.435592,0.055345,0,0,1,0.9000,大鹏新区,22,22,0,0,0,0,1
2022-11-24,589179428,20190000000000000003,900200000000000048,1,71.584,312.167,22344.000,2022-11-24 02:15:00.000,L2FT01-FTJ020,14.57,0.000,0.666012,16605,0.435592,0.055345,0,0,1,0.9000,大鹏新区,22,22,0,0,0,0,1
2022-11-24,589179428,20190000000000000003,900200000000000056,1,141.167,368.667,52037.333,2022-11-24 02:15:00.000,L2FT01-FTJ020,14.57,0.000,0.666012,16605,0.435592,0.055345,0,0,1,0.9000,大鹏新区,22,22,0,0,0,0,1
2022-11-24,589179428,20190000000000000003,900200000000000039,1,64.297,401.673,25825.333,2022-11-24 02:30:00.000,L2FT01-FTJ020,14.57,0.000,0.666012,16605,0.435592,0.055345,0,0,1,0.9000,大鹏新区,22,22,0,0,0,0,1
2022-11-24,589179428,20190000000000000003,900200000000000048,1,71.542,312.833,22376.667,2022-11-24 02:30:00.000,L2FT01-FTJ020,14.57,0.000,0.666012,16605,0.435592,0.055345,0,0,1,0.9000,大鹏新区,22,22,0,0,0,0,1
2022-11-24,589179428,20190000000000000003,900200000000000056,1,115.773,381.147,44082.667,2022-11-24 02:30:00.000,L2FT01-FTJ020,14.57,0.000,0.666012,16605,0.435592,0.055345,0,0,1,0.9000,大鹏新区,22,22,0,0,0,0,1
2022-11-24,589179428,20190000000000000003,900200000000000039,1,43.697,411.273,17970.667,2022-11-24 02:45:00.000,L2FT01-FTJ020,14.57,0.000,0.666012,16605,0.435592,0.055345,0,0,1,0.9000,大鹏新区,22,22,0,0,0,0,1
2022-11-24,589179428,20190000000000000003,900200000000000048,1,71.441,314.800,22484.667,2022-11-24 02:45:00.000,L2FT01-FTJ020,14.57,0.000,0.666012,16605,0.435592,0.055345,0,0,1,0.9000,大鹏新区,22,22,0,0,0,0,1
2022-11-24,589179428,20190000000000000003,900200000000000048,1,43.723,326.933,14233.333,2022-11-24 03:00:00.000,L2FT01-FTJ020,15.19,0.000,0.666012,16605,0.435592,0.055345,0,0,1,0.9000,大鹏新区,22,22,0,0,0,0,1
2022-11-24,589179428,20190000000000000003,900200000000000039,1,12.890,412.007,5310.000,2022-11-24 03:00:00.000,L2FT01-FTJ020,15.19,0.000,0.666012,16605,0.435592,0.055345,0,0,1,0.9000,大鹏新区,22,22,0,0,0,0,1
2022-11-24,589179428,20190000000000000003,900200000000000039,1,12.908,413.658,5338.333,2022-11-24 03:15:00.000,L2FT01-FTJ020,15.19,0.000,0.666012,16605,0.435592,0.055345,0,0,1,0.9000,大鹏新区,22,22,0,0,0,0,1
2022-11-24,589179428,20190000000000000003,900200000000000039,1,12.890,414.100,5340.000,2022-11-24 03:45:00.000,L2FT01-FTJ020,15.19,0.000,0.666012,16605,0.435592,0.055345,0,0,1,0.9000,大鹏新区,22,22,0,0,0,0,1
2022-11-24,589179428,20190000000000000003,900200000000000057,1,135.132,463.900,63693.333,2022-11-24 05:15:00.000,L2FT01-FTJ020,15.97,0.000,0.666012,16605,0.435592,0.055345,0,0,1,0.9000,大鹏新区,22,22,0,0,0,0,1
2022-11-24,589179428,20190000000000000003,900200000000000057,1,169.853,472.813,80304.000,2022-11-24 05:30:00.000,L2FT01-FTJ020,15.97,0.000,0.666012,16605,0.435592,0.055345,0,0,1,0.9000,大鹏新区,22,22,0,0,0,0,1
2022-11-24,589179428,20190000000000000003,900200000000000057,1,162.710,473.007,76960.000,2022-11-24 05:45:00.000,L2FT01-FTJ020,15.97,0.000,0.666012,16605,0.435592,0.055345,0,0,1,0.9000,大鹏新区,22,22,0,0,0,0,1
2022-11-24,589179428,20190000000000000003,900200000000000057,1,92.001,472.687,43484.667,2022-11-24 06:00:00.000,L2FT01-FTJ020,16.07,0.000,0.666012,16605,0.435592,0.055345,0,0,1,0.9000,大鹏新区,22,22,0,0,0,0,1
2022-11-24,589179428,20190000000000000003,900200000000000057,1,52.640,472.413,24876.250,2022-11-24 06:15:00.000,L2FT01-FTJ020,16.07,0.000,0.666012,16605,0.435592,0.055345,0,0,1,0.9000,大鹏新区,22,22,0,0,0,0,1
2022-11-24,589179428,20190000000000000003,900200000000000038,1,50.150,256.000,17495.000,2022-11-24 06:45:00.000,L2FT01-FTJ020,16.07,0.000,0.666012,16605,0.435592,0.055345,0,0,1,0.9000,大鹏新区,22,22,0,0,0,0,1
2022-11-24,589179428,20190000000000000003,900200000000000040,1,134.197,363.267,48893.333,2022-11-24 07:00:00.000,L2FT01-FTJ020,15.97,0.000,0.666012,16605,0.435592,0.055345,0,0,1,0.9000,大鹏新区,22,22,0,0,0,0,1
2022-11-24,589179428,20190000000000000003,900200000000000040,1,144.167,377.827,54435.333,2022-11-24 07:15:00.000,L2FT01-FTJ020,15.97,0.000,0.666012,16605,0.435592,0.055345,0,0,1,0.9000,大鹏新区,22,22,0,0,0,0,1
2022-11-24,589179428,20190000000000000003,900200000000000057,1,36.240,359.200,13095.000,2022-11-24 07:30:00.000,L2FT01-FTJ020,15.97,0.000,0.666012,16605,0.435592,0.055345,0,0,1,0.9000,大鹏新区,22,22,0,0,0,0,1
2022-11-24,589179428,20190000000000000003,900200000000000034,1,197.926,315.277,62402.308,2022-11-24 07:45:00.000,L2FT01-FTJ020,15.97,0.000,0.666012,16605,0.435592,0.055345,0,0,1,0.9000,大鹏新区,22,22,0,0,0,0,1
2022-11-24,589179428,20190000000000000003,900200000000000034,1,164.890,314.700,51890.000,2022-11-24 08:00:00.000,L2FT01-FTJ020,15.67,0.000,0.666012,16605,0.435592,0.055345,0,0,1,0.9000,大鹏新区,22,22,0,0,0,0,1
2022-11-24,589179428,20190000000000000003,900200000000000057,0,0.000,378.400,0.000,2022-11-24 09:45:00.000,L2FT01-FTJ020,15.19,0.000,0.666012,16605,0.435592,0.055345,0,0,1,0.9000,大鹏新区,22,22,0,0,0,0,1
2022-11-24,589179428,20190000000000000003,900200000000000057,1,92.904,348.507,32328.667,2022-11-24 10:00:00.000,L2FT01-FTJ020,14.57,0.000,0.666012,16605,0.435592,0.055345,0,0,1,0.9000,大鹏新区,22,22,0,0,0,0,1
2022-11-24,589179428,20190000000000000003,900200000000000057,1,75.048,360.413,27046.667,2022-11-24 10:15:00.000,L2FT01-FTJ020,14.57,0.000,0.666012,16605,0.435592,0.055345,0,0,1,0.9000,大鹏新区,22,22,0,0,0,0,1
2022-11-24,589179428,20190000000000000003,900200000000000057,1,41.817,367.800,15371.333,2022-11-24 10:30:00.000,L2FT01-FTJ020,14.57,0.000,0.666012,16605,0.435592,0.055345,0,0,1,0.9000,大鹏新区,22,22,0,0,0,0,1
2022-11-24,589179428,20190000000000000003,900200000000000042,1,130.114,309.160,40222.000,2022-11-24 10:30:00.000,L2FT01-FTJ020,14.57,0.000,0.666012,16605,0.435592,0.055345,0,0,1,0.9000,大鹏新区,22,22,0,0,0,0,1
2022-11-24,589179428,20190000000000000003,900200000000000042,1,129.884,310.943,40382.143,2022-11-24 10:45:00.000,L2FT01-FTJ020,14.57,0.000,0.666012,16605,0.435592,0.055345,0,0,1,0.9000,大鹏新区,22,22,0,0,0,0,1
2022-11-24,589179428,20190000000000000003,900200000000000040,1,47.834,396.800,19016.000,2022-11-24 11:00:00.000,L2FT01-FTJ020,13.85,0.000,0.666012,16605,0.435592,0.055345,0,0,1,0.9000,大鹏新区,22,22,0,0,0,0,1
2022-11-24,589179428,20190000000000000003,900200000000000056,1,98.418,326.700,32150.000,2022-11-24 11:00:00.000,L2FT01-FTJ020,13.85,0.000,0.666012,16605,0.435592,0.055345,0,0,1,0.9000,大鹏新区,22,22,0,0,0,0,1
2022-11-24,589179428,20190000000000000003,900200000000000040,1,46.519,403.853,18785.333,2022-11-24 11:15:00.000,L2FT01-FTJ020,13.85,0.000,0.666012,16605,0.435592,0.055345,0,0,1,0.9000,大鹏新区,22,22,0,0,0,0,1
2022-11-24,589179428,20190000000000000003,900200000000000056,1,98.450,327.867,32272.667,2022-11-24 11:15:00.000,L2FT01-FTJ020,13.85,0.000,0.666012,16605,0.435592,0.055345,0,0,1,0.9000,大鹏新区,22,22,0,0,0,0,1
2022-11-24,589179428,20190000000000000003,900200000000000038,1,15.390,343.200,5280.000,2022-11-24 11:30:00.000,L2FT01-FTJ020,13.85,0.000,0.666012,16605,0.435592,0.055345,0,0,1,0.9000,大鹏新区,22,22,0,0,0,0,1
2022-11-24,589179428,20190000000000000003,900200000000000040,1,42.930,411.400,17664.000,2022-11-24 11:30:00.000,L2FT01-FTJ020,13.85,0.000,0.666012,16605,0.435592,0.055345,0,0,1,0.9000,大鹏新区,22,22,0,0,0,0,1
2022-11-24,589179428,20190000000000000003,900200000000000056,1,98.173,329.433,32335.333,2022-11-24 11:30:00.000,L2FT01-FTJ020,13.85,0.000,0.666012,16605,0.435592,0.055345,0,0,1,0.9000,大鹏新区,22,22,0,0,0,0,1
2022-11-24,589179428,20190000000000000003,900200000000000038,1,53.590,346.250,18655.000,2022-11-24 11:45:00.000,L2FT01-FTJ020,13.85,0.000,0.666012,16605,0.435592,0.055345,0,0,1,0.9000,大鹏新区,22,22,0,0,0,0,1
2022-11-24,589179428,20190000000000000003,900200000000000056,1,73.219,329.407,24124.667,2022-11-24 11:45:00.000,L2FT01-FTJ020,13.85,0.000,0.666012,16605,0.435592,0.055345,0,0,1,0.9000,大鹏新区,22,22,0,0,0,0,1
2022-11-24,589179428,20190000000000000003,900200000000000049,1,69.853,489.527,34265.333,2022-11-24 12:00:00.000,L2FT01-FTJ020,13.07,0.000,0.666012,16605,0.435592,0.055345,0,0,1,0.9000,大鹏新区,22,22,0,0,0,0,1
2022-11-24,589179428,20190000000000000003,900200000000000039,1,113.195,309.350,35015.000,2022-11-24 12:15:00.000,L2FT01-FTJ020,13.07,0.000,0.666012,16605,0.435592,0.055345,0,0,1,0.9000,大鹏新区,22,22,0,0,0,0,1
2022-11-24,589179428,20190000000000000003,900200000000000049,1,33.608,487.673,16442.000,2022-11-24 12:15:00.000,L2FT01-FTJ020,13.07,0.000,0.666012,16605,0.435592,0.055345,0,0,1,0.9000,大鹏新区,22,22,0,0,0,0,1
2022-11-24,589179428,20190000000000000003,900200000000000034,1,129.789,312.564,40561.818,2022-11-24 12:15:00.000,L2FT01-FTJ020,13.07,0.000,0.666012,16605,0.435592,0.055345,0,0,1,0.9000,大鹏新区,22,22,0,0,0,0,1
2022-11-24,589179428,20190000000000000003,900200000000000034,1,129.854,314.160,40792.000,2022-11-24 12:30:00.000,L2FT01-FTJ020,13.07,0.000,0.666012,16605,0.435592,0.055345,0,0,1,0.9000,大鹏新区,22,22,0,0,0,0,1
2022-11-24,589179428,20190000000000000003,900200000000000039,1,113.000,310.373,35067.333,2022-11-24 12:30:00.000,L2FT01-FTJ020,13.07,0.000,0.666012,16605,0.435592,0.055345,0,0,1,0.9000,大鹏新区,22,22,0,0,0,0,1
2022-11-24,589179428,20190000000000000003,900200000000000049,1,14.818,487.987,7230.667,2022-11-24 12:30:00.000,L2FT01-FTJ020,13.07,0.000,0.666012,16605,0.435592,0.055345,0,0,1,0.9000,大鹏新区,22,22,0,0,0,0,1
2022-11-24,589179428,20190000000000000003,900200000000000034,1,123.093,316.467,38875.333,2022-11-24 12:45:00.000,L2FT01-FTJ020,13.07,0.000,0.666012,16605,0.435592,0.055345,0,0,1,0.9000,大鹏新区,22,22,0,0,0,0,1
2022-11-24,589179428,20190000000000000003,900200000000000039,1,112.978,310.940,35124.000,2022-11-24 12:45:00.000,L2FT01-FTJ020,13.07,0.000,0.666012,16605,0.435592,0.055345,0,0,1,0.9000,大鹏新区,22,22,0,0,0,0,1
2022-11-24,589179428,20190000000000000003,900200000000000048,1,149.917,429.400,64370.000,2022-11-24 12:45:00.000,L2FT01-FTJ020,13.07,0.000,0.666012,16605,0.435592,0.055345,0,0,1,0.9000,大鹏新区,22,22,0,0,0,0,1
2022-11-24,589179428,20190000000000000003,900200000000000049,1,14.790,493.500,7300.000,2022-11-24 12:45:00.000,L2FT01-FTJ020,13.07,0.000,0.666012,16605,0.435592,0.055345,0,0,1,0.9000,大鹏新区,22,22,0,0,0,0,1
2022-11-24,589179428,20190000000000000003,900200000000000057,1,81.713,340.244,27812.222,2022-11-24 12:45:00.000,L2FT01-FTJ020,13.07,0.000,0.666012,16605,0.435592,0.055345,0,0,1,0.9000,大鹏新区,22,22,0,0,0,0,1
2022-11-24,589179428,20190000000000000003,900200000000000057,1,79.070,342.780,27104.000,2022-11-24 13:00:00.000,L2FT01-FTJ020,12.30,0.000,0.666012,16605,0.435592,0.055345,0,0,1,0.9000,大鹏新区,22,22,0,0,0,0,1
2022-11-24,589179428,20190000000000000003,900200000000000034,1,163.457,315.620,51699.000,2022-11-24 13:00:00.000,L2FT01-FTJ020,12.30,0.000,0.666012,16605,0.435592,0.055345,0,0,1,0.9000,大鹏新区,22,22,0,0,0,0,1
2022-11-24,589179428,20190000000000000003,900200000000000039,1,127.566,314.847,40166.000,2022-11-24 13:00:00.000,L2FT01-FTJ020,12.30,0.000,0.666012,16605,0.435592,0.055345,0,0,1,0.9000,大鹏新区,22,22,0,0,0,0,1
2022-11-24,589179428,20190000000000000003,900200000000000048,1,149.823,430.267,64463.333,2022-11-24 13:00:00.000,L2FT01-FTJ020,12.30,0.000,0.666012,16605,0.435592,0.055345,0,0,1,0.9000,大鹏新区,22,22,0,0,0,0,1
2022-11-24,589179428,20190000000000000003,900200000000000039,1,104.124,316.800,32987.143,2022-11-24 13:15:00.000,L2FT01-FTJ020,12.30,0.000,0.666012,16605,0.435592,0.055345,0,0,1,0.9000,大鹏新区,22,22,0,0,0,0,1
2022-11-24,589179428,20190000000000000003,900200000000000057,1,59.790,344.207,20580.000,2022-11-24 13:15:00.000,L2FT01-FTJ020,12.30,0.000,0.666012,16605,0.435592,0.055345,0,0,1,0.9000,大鹏新区,22,22,0,0,0,0,1
2022-11-24,589179428,20190000000000000003,900200000000000034,1,170.390,316.953,53995.333,2022-11-24 13:15:00.000,L2FT01-FTJ020,12.30,0.000,0.666012,16605,0.435592,0.055345,0,0,1,0.9000,大鹏新区,22,22,0,0,0,0,1
2022-11-24,589179428,20190000000000000003,900200000000000034,1,40.427,323.033,13008.333,2022-11-24 13:30:00.000,L2FT01-FTJ020,12.30,0.000,0.666012,16605,0.435592,0.055345,0,0,1,0.9000,大鹏新区,22,22,0,0,0,0,1
2022-11-24,589179428,20190000000000000003,900200000000000045,1,9.945,462.700,4230.000,2022-11-24 13:30:00.000,L2FT01-FTJ020,12.30,0.000,0.666012,16605,0.435592,0.055345,0,0,1,0.9000,大鹏新区,22,22,0,0,0,0,1
2022-11-24,589179428,20190000000000000003,900200000000000057,1,59.790,347.000,20750.000,2022-11-24 13:30:00.000,L2FT01-FTJ020,12.30,0.000,0.666012,16605,0.435592,0.055345,0,0,1,0.9000,大鹏新区,22,22,0,0,0,0,1
2022-11-24,589179428,20190000000000000003,900200000000000045,1,96.866,471.393,45667.333,2022-11-24 13:45:00.000,L2FT01-FTJ020,12.30,0.000,0.666012,16605,0.435592,0.055345,0,0,1,0.9000,大鹏新区,22,22,0,0,0,0,1
2022-11-24,589179428,20190000000000000003,900200000000000045,1,73.052,471.662,34453.846,2022-11-24 14:00:00.000,L2FT01-FTJ020,11.57,0.000,0.666012,16605,0.435592,0.055345,0,0,1,0.9000,大鹏新区,22,22,0,0,0,0,1
2022-11-24,589179428,20190000000000000003,900200000000000049,1,92.572,377.133,34916.667,2022-11-24 14:15:00.000,L2FT01-FTJ020,11.57,0.000,0.666012,16605,0.435592,0.055345,0,0,1,0.9000,大鹏新区,22,22,0,0,0,0,1
2022-11-24,589179428,20190000000000000003,900200000000000049,1,70.430,391.053,27507.333,2022-11-24 14:30:00.000,L2FT01-FTJ020,11.57,0.000,0.666012,16605,0.435592,0.055345,0,0,1,0.9000,大鹏新区,22,22,0,0,0,0,1
2022-11-24,589179428,20190000000000000003,900200000000000049,1,54.819,400.914,21976.429,2022-11-24 14:45:00.000,L2FT01-FTJ020,11.57,0.000,0.666012,16605,0.435592,0.055345,0,0,1,0.9000,大鹏新区,22,22,0,0,0,0,1
2022-11-24,589179428,20190000000000000003,900200000000000045,1,129.878,314.780,40882.000,2022-11-24 16:00:00.000,L2FT01-FTJ020,10.47,0.000,0.666012,16605,0.435592,0.055345,0,0,1,0.9000,大鹏新区,22,22,0,0,0,0,1
2022-11-24,589179428,20190000000000000003,900200000000000045,1,129.934,317.630,41268.000,2022-11-24 16:15:00.000,L2FT01-FTJ020,10.47,0.000,0.666012,16605,0.435592,0.055345,0,0,1,0.9000,大鹏新区,22,22,0,0,0,0,1
2022-11-24,589179428,20190000000000000003,900200000000000034,1,35.750,271.850,11065.000,2022-11-24 16:30:00.000,L2FT01-FTJ020,10.47,0.000,0.666012,16605,0.435592,0.055345,0,0,1,0.9000,大鹏新区,22,22,0,0,0,0,1
2022-11-24,589179428,20190000000000000003,900200000000000038,0,0.000,325.500,0.000,2022-11-24 16:45:00.000,L2FT01-FTJ020,10.47,0.000,0.666012,16605,0.435592,0.055345,0,0,1,0.9000,大鹏新区,22,22,0,0,0,0,1
2022-11-24,589179428,20190000000000000003,900200000000000053,1,111.353,309.957,34582.857,2022-11-24 17:00:00.000,L2FT01-FTJ020,10.17,0.000,0.666012,16605,0.435592,0.055345,0,0,1,0.9000,大鹏新区,22,22,0,0,0,0,1
2022-11-24,589179428,20190000000000000003,900200000000000053,1,130.048,312.407,40624.667,2022-11-24 17:15:00.000,L2FT01-FTJ020,10.17,0.000,0.666012,16605,0.435592,0.055345,0,0,1,0.9000,大鹏新区,22,22,0,0,0,0,1
2022-11-24,589179428,20190000000000000003,900200000000000053,1,99.013,320.025,31704.167,2022-11-24 17:30:00.000,L2FT01-FTJ020,10.17,0.000,0.666012,16605,0.435592,0.055345,0,0,1,0.9000,大鹏新区,22,22,0,0,0,0,1
2022-11-24,589179428,20190000000000000003,900200000000000048,1,67.513,311.030,20996.000,2022-11-24 18:00:00.000,L2FT01-FTJ020,10.07,0.000,0.666012,16605,0.435592,0.055345,0,0,1,0.9000,大鹏新区,22,22,0,0,0,0,1
2022-11-24,589179428,20190000000000000003,900200000000000034,1,96.873,328.300,31797.500,2022-11-24 18:15:00.000,L2FT01-FTJ020,10.07,0.000,0.666012,16605,0.435592,0.055345,0,0,1,0.9000,大鹏新区,22,22,0,0,0,0,1
2022-11-24,589179428,20190000000000000003,900200000000000048,1,70.030,319.507,22374.000,2022-11-24 18:15:00.000,L2FT01-FTJ020,10.07,0.000,0.666012,16605,0.435592,0.055345,0,0,1,0.9000,大鹏新区,22,22,0,0,0,0,1
2022-11-24,589179428,20190000000000000003,900200000000000034,1,94.159,330.300,31097.333,2022-11-24 18:30:00.000,L2FT01-FTJ020,10.07,0.000,0.666012,16605,0.435592,0.055345,0,0,1,0.9000,大鹏新区,22,22,0,0,0,0,1
2022-11-24,589179428,20190000000000000003,900200000000000048,1,70.030,323.640,22661.333,2022-11-24 18:30:00.000,L2FT01-FTJ020,10.07,0.000,0.666012,16605,0.435592,0.055345,0,0,1,0.9000,大鹏新区,22,22,0,0,0,0,1
2022-11-24,589179428,20190000000000000003,900200000000000034,1,57.585,328.867,18944.667,2022-11-24 18:45:00.000,L2FT01-FTJ020,10.07,0.000,0.666012,16605,0.435592,0.055345,0,0,1,0.9000,大鹏新区,22,22,0,0,0,0,1
2022-11-24,589179428,20190000000000000003,900200000000000048,1,70.060,324.573,22736.667,2022-11-24 18:45:00.000,L2FT01-FTJ020,10.07,0.000,0.666012,16605,0.435592,0.055345,0,0,1,0.9000,大鹏新区,22,22,0,0,0,0,1
2022-11-24,589179428,20190000000000000003,900200000000000034,1,31.110,331.480,10308.000,2022-11-24 19:00:00.000,L2FT01-FTJ020,10.17,0.000,0.666012,16605,0.435592,0.055345,0,0,1,0.9000,大鹏新区,22,22,0,0,0,0,1
2022-11-24,589179428,20190000000000000003,900200000000000048,1,70.090,325.980,22846.000,2022-11-24 19:00:00.000,L2FT01-FTJ020,10.17,0.000,0.666012,16605,0.435592,0.055345,0,0,1,0.9000,大鹏新区,22,22,0,0,0,0,1
2022-11-24,589179428,20190000000000000003,900200000000000048,1,70.090,327.487,22951.333,2022-11-24 19:15:00.000,L2FT01-FTJ020,10.17,0.000,0.666012,16605,0.435592,0.055345,0,0,1,0.9000,大鹏新区,22,22,0,0,0,0,1
2022-11-24,589179428,20190000000000000003,900200000000000053,1,140.340,308.900,43370.000,2022-11-24 19:15:00.000,L2FT01-FTJ020,10.17,0.000,0.666012,16605,0.435592,0.055345,0,0,1,0.9000,大鹏新区,22,22,0,0,0,0,1
2022-11-24,589179428,20190000000000000003,900200000000000053,1,149.823,313.520,46970.000,2022-11-24 19:30:00.000,L2FT01-FTJ020,10.17,0.000,0.666012,16605,0.435592,0.055345,0,0,1,0.9000,大鹏新区,22,22,0,0,0,0,1
2022-11-24,589179428,20190000000000000003,900200000000000048,1,68.991,329.253,22712.000,2022-11-24 19:30:00.000,L2FT01-FTJ020,10.17,0.000,0.666012,16605,0.435592,0.055345,0,0,1,0.9000,大鹏新区,22,22,0,0,0,0,1
2022-11-24,589179428,20190000000000000003,900200000000000053,1,149.891,315.040,47218.667,2022-11-24 19:45:00.000,L2FT01-FTJ020,10.17,0.000,0.666012,16605,0.435592,0.055345,0,0,1,0.9000,大鹏新区,22,22,0,0,0,0,1
2022-11-24,589179428,20190000000000000003,900200000000000048,1,33.427,332.383,11120.000,2022-11-24 19:45:00.000,L2FT01-FTJ020,10.17,0.000,0.666012,16605,0.435592,0.055345,0,0,1,0.9000,大鹏新区,22,22,0,0,0,0,1
2022-11-24,589179428,20190000000000000003,900200000000000053,1,115.476,321.711,36910.000,2022-11-24 20:00:00.000,L2FT01-FTJ020,10.47,0.000,0.666012,16605,0.435592,0.055345,0,0,1,0.9000,大鹏新区,22,22,0,0,0,0,1
2022-11-24,589179428,20190000000000000003,900200000000000045,1,133.974,356.877,47814.615,2022-11-24 20:15:00.000,L2FT01-FTJ020,10.47,0.000,0.666012,16605,0.435592,0.055345,0,0,1,0.9000,大鹏新区,22,22,0,0,0,0,1
2022-11-24,589179428,20190000000000000003,900200000000000045,1,109.854,369.327,40535.333,2022-11-24 20:30:00.000,L2FT01-FTJ020,10.47,0.000,0.666012,16605,0.435592,0.055345,0,0,1,0.9000,大鹏新区,22,22,0,0,0,0,1
2022-11-24,589179428,20190000000000000003,900200000000000045,1,80.808,384.029,30982.857,2022-11-24 20:45:00.000,L2FT01-FTJ020,10.47,0.000,0.666012,16605,0.435592,0.055345,0,0,1,0.9000,大鹏新区,22,22,0,0,0,0,1
2022-11-24,589179428,20190000000000000003,900200000000000034,1,84.400,322.150,27400.000,2022-11-24 21:15:00.000,L2FT01-FTJ020,10.95,0.000,0.666012,16605,0.435592,0.055345,0,0,1,0.9000,大鹏新区,22,22,0,0,0,0,1
2022-11-24,589179428,20190000000000000003,900200000000000034,1,125.806,328.540,41327.333,2022-11-24 21:30:00.000,L2FT01-FTJ020,10.95,0.000,0.666012,16605,0.435592,0.055345,0,0,1,0.9000,大鹏新区,22,22,0,0,0,0,1
2022-11-24,589179428,20190000000000000003,900200000000000057,1,148.893,395.333,58860.000,2022-11-24 21:30:00.000,L2FT01-FTJ020,10.95,0.000,0.666012,16605,0.435592,0.055345,0,0,1,0.9000,大鹏新区,22,22,0,0,0,0,1
2022-11-24,589179428,20190000000000000003,900200000000000034,1,125.812,330.440,41568.667,2022-11-24 21:45:00.000,L2FT01-FTJ020,10.95,0.000,0.666012,16605,0.435592,0.055345,0,0,1,0.9000,大鹏新区,22,22,0,0,0,0,1
2022-11-24,589179428,20190000000000000003,900200000000000057,1,148.790,401.893,59797.333,2022-11-24 21:45:00.000,L2FT01-FTJ020,10.95,0.000,0.666012,16605,0.435592,0.055345,0,0,1,0.9000,大鹏新区,22,22,0,0,0,0,1
2022-11-24,589179428,20190000000000000003,900200000000000034,1,85.253,332.407,28302.143,2022-11-24 22:00:00.000,L2FT01-FTJ020,11.57,0.000,0.666012,16605,0.435592,0.055345,0,0,1,0.9000,大鹏新区,22,22,0,0,0,0,1
2022-11-24,589179428,20190000000000000003,900200000000000057,1,147.611,405.180,59810.667,2022-11-24 22:00:00.000,L2FT01-FTJ020,11.57,0.000,0.666012,16605,0.435592,0.055345,0,0,1,0.9000,大鹏新区,22,22,0,0,0,0,1
2022-11-24,589179428,20190000000000000003,900200000000000057,1,113.389,404.927,45952.000,2022-11-24 22:15:00.000,L2FT01-FTJ020,11.57,0.000,0.666012,16605,0.435592,0.055345,0,0,1,0.9000,大鹏新区,22,22,0,0,0,0,1
2022-11-24,589179428,20190000000000000003,900200000000000057,1,55.150,402.833,22235.333,2022-11-24 22:30:00.000,L2FT01-FTJ020,11.57,0.000,0.666012,16605,0.435592,0.055345,0,0,1,0.9000,大鹏新区,22,22,0,0,0,0,1
2022-11-24,589179428,20190000000000000003,900200000000000057,1,36.790,410.100,15090.000,2022-11-24 22:45:00.000,L2FT01-FTJ020,11.57,0.000,0.666012,16605,0.435592,0.055345,0,0,1,0.9000,大鹏新区,22,22,0,0,0,0,1
2022-11-24,589179428,20190000000000000003,900200000000000049,1,130.590,299.400,39100.000,2022-11-24 23:30:00.000,L2FT01-FTJ020,12.30,0.000,0.666012,16605,0.435592,0.055345,0,0,1,0.9000,大鹏新区,22,22,0,0,0,0,1
2022-11-24,589179428,20190000000000000003,900200000000000031,1,63.590,303.200,19280.000,2022-11-24 23:45:00.000,L2FT01-FTJ020,12.30,0.000,0.666012,16605,0.435592,0.055345,0,0,1,0.9000,大鹏新区,22,22,0,0,0,0,1
2022-11-25,589179428,20190000000000000003,900200000000000034,1,121.982,359.564,43896.364,2022-11-25 00:00:00.000,L2FT01-FTJ020,13.07,0.000,0.666012,16605,0.435592,0.055345,0,0,1,0.9000,大鹏新区,22,22,0,0,0,0,1
2022-11-25,589179428,20190000000000000003,900200000000000040,1,84.908,407.650,33796.667,2022-11-25 00:00:00.000,L2FT01-FTJ020,13.07,0.000,0.666012,16605,0.435592,0.055345,0,0,1,0.9000,大鹏新区,22,22,0,0,0,0,1
2022-11-25,589179428,20190000000000000003,900200000000000057,1,129.830,309.183,40138.333,2022-11-25 00:00:00.000,L2FT01-FTJ020,13.07,0.000,0.666012,16605,0.435592,0.055345,0,0,1,0.9000,大鹏新区,22,22,0,0,0,0,1
2022-11-25,589179428,20190000000000000003,900200000000000034,1,108.749,374.227,40693.333,2022-11-25 00:15:00.000,L2FT01-FTJ020,13.07,0.000,0.666012,16605,0.435592,0.055345,0,0,1,0.9000,大鹏新区,22,22,0,0,0,0,1
2022-11-25,589179428,20190000000000000003,900200000000000040,1,121.333,413.960,50228.667,2022-11-25 00:15:00.000,L2FT01-FTJ020,13.07,0.000,0.666012,16605,0.435592,0.055345,0,0,1,0.9000,大鹏新区,22,22,0,0,0,0,1
2022-11-25,589179428,20190000000000000003,900200000000000044,1,80.315,455.242,37350.000,2022-11-25 00:15:00.000,L2FT01-FTJ020,13.07,0.000,0.666012,16605,0.435592,0.055345,0,0,1,0.9000,大鹏新区,22,22,0,0,0,0,1
2022-11-25,589179428,20190000000000000003,900200000000000047,1,71.310,303.480,21641.000,2022-11-25 00:15:00.000,L2FT01-FTJ020,13.07,0.000,0.666012,16605,0.435592,0.055345,0,0,1,0.9000,大鹏新区,22,22,0,0,0,0,1
2022-11-25,589179428,20190000000000000003,900200000000000057,1,129.991,310.553,40364.667,2022-11-25 00:15:00.000,L2FT01-FTJ020,13.07,0.000,0.666012,16605,0.435592,0.055345,0,0,1,0.9000,大鹏新区,22,22,0,0,0,0,1
2022-11-25,589179428,20190000000000000003,900200000000000057,1,129.877,311.333,40431.333,2022-11-25 00:30:00.000,L2FT01-FTJ020,13.07,0.000,0.666012,16605,0.435592,0.055345,0,0,1,0.9000,大鹏新区,22,22,0,0,0,0,1
2022-11-25,589179428,20190000000000000003,900200000000000044,1,92.890,468.180,43488.000,2022-11-25 00:30:00.000,L2FT01-FTJ020,13.07,0.000,0.666012,16605,0.435592,0.055345,0,0,1,0.9000,大鹏新区,22,22,0,0,0,0,1
2022-11-25,589179428,20190000000000000003,900200000000000047,1,71.390,307.000,21915.333,2022-11-25 00:30:00.000,L2FT01-FTJ020,13.07,0.000,0.666012,16605,0.435592,0.055345,0,0,1,0.9000,大鹏新区,22,22,0,0,0,0,1
2022-11-25,589179428,20190000000000000003,900200000000000034,1,59.520,387.540,23040.000,2022-11-25 00:30:00.000,L2FT01-FTJ020,13.07,0.000,0.666012,16605,0.435592,0.055345,0,0,1,0.9000,大鹏新区,22,22,0,0,0,0,1
2022-11-25,589179428,20190000000000000003,900200000000000040,1,122.312,426.547,52166.667,2022-11-25 00:30:00.000,L2FT01-FTJ020,13.07,0.000,0.666012,16605,0.435592,0.055345,0,0,1,0.9000,大鹏新区,22,22,0,0,0,0,1
2022-11-25,589179428,20190000000000000003,900200000000000034,1,37.690,391.900,14773.333,2022-11-25 00:45:00.000,L2FT01-FTJ020,13.07,0.000,0.666012,16605,0.435592,0.055345,0,0,1,0.9000,大鹏新区,22,22,0,0,0,0,1
2022-11-25,589179428,20190000000000000003,900200000000000040,1,111.871,447.213,49944.000,2022-11-25 00:45:00.000,L2FT01-FTJ020,13.07,0.000,0.666012,16605,0.435592,0.055345,0,0,1,0.9000,大鹏新区,22,22,0,0,0,0,1
2022-11-25,589179428,20190000000000000003,900200000000000044,1,68.534,467.740,32062.667,2022-11-25 00:45:00.000,L2FT01-FTJ020,13.07,0.000,0.666012,16605,0.435592,0.055345,0,0,1,0.9000,大鹏新区,22,22,0,0,0,0,1
2022-11-25,589179428,20190000000000000003,900200000000000047,1,71.390,308.780,22041.333,2022-11-25 00:45:00.000,L2FT01-FTJ020,13.07,0.000,0.666012,16605,0.435592,0.055345,0,0,1,0.9000,大鹏新区,22,22,0,0,0,0,1
2022-11-25,589179428,20190000000000000003,900200000000000057,1,129.842,313.300,40675.333,2022-11-25 00:45:00.000,L2FT01-FTJ020,13.07,0.000,0.666012,16605,0.435592,0.055345,0,0,1,0.9000,大鹏新区,22,22,0,0,0,0,1
2022-11-25,589179428,20190000000000000003,900200000000000040,1,47.399,458.120,21693.333,2022-11-25 01:00:00.000,L2FT01-FTJ020,13.85,0.000,0.666012,16605,0.435592,0.055345,0,0,1,0.9000,大鹏新区,22,22,0,0,0,0,1
2022-11-25,589179428,20190000000000000003,900200000000000047,1,71.390,309.227,22072.667,2022-11-25 01:00:00.000,L2FT01-FTJ020,13.85,0.000,0.666012,16605,0.435592,0.055345,0,0,1,0.9000,大鹏新区,22,22,0,0,0,0,1
2022-11-25,589179428,20190000000000000003,900200000000000057,1,129.860,314.787,40875.333,2022-11-25 01:00:00.000,L2FT01-FTJ020,13.85,0.000,0.666012,16605,0.435592,0.055345,0,0,1,0.9000,大鹏新区,22,22,0,0,0,0,1
2022-11-25,589179428,20190000000000000003,900200000000000057,1,102.590,321.071,32701.429,2022-11-25 01:15:00.000,L2FT01-FTJ020,13.85,0.000,0.666012,16605,0.435592,0.055345,0,0,1,0.9000,大鹏新区,22,22,0,0,0,0,1
2022-11-25,589179428,20190000000000000003,900200000000000032,1,147.617,369.567,54535.000,2022-11-25 01:15:00.000,L2FT01-FTJ020,13.85,0.000,0.666012,16605,0.435592,0.055345,0,0,1,0.9000,大鹏新区,22,22,0,0,0,0,1
2022-11-25,589179428,20190000000000000003,900200000000000040,1,18.561,460.500,8547.143,2022-11-25 01:15:00.000,L2FT01-FTJ020,13.85,0.000,0.666012,16605,0.435592,0.055345,0,0,1,0.9000,大鹏新区,22,22,0,0,0,0,1
2022-11-25,589179428,20190000000000000003,900200000000000047,1,71.383,309.380,22083.333,2022-11-25 01:15:00.000,L2FT01-FTJ020,13.85,0.000,0.666012,16605,0.435592,0.055345,0,0,1,0.9000,大鹏新区,22,22,0,0,0,0,1
2022-11-25,589179428,20190000000000000003,900200000000000047,1,71.390,309.760,22110.667,2022-11-25 01:30:00.000,L2FT01-FTJ020,13.85,0.000,0.666012,16605,0.435592,0.055345,0,0,1,0.9000,大鹏新区,22,22,0,0,0,0,1
2022-11-25,589179428,20190000000000000003,900200000000000032,1,130.715,385.547,50378.000,2022-11-25 01:30:00.000,L2FT01-FTJ020,13.85,0.000,0.666012,16605,0.435592,0.055345,0,0,1,0.9000,大鹏新区,22,22,0,0,0,0,1
2022-11-25,589179428,20190000000000000003,900200000000000032,1,84.626,397.020,33558.000,2022-11-25 01:45:00.000,L2FT01-FTJ020,13.85,0.000,0.666012,16605,0.435592,0.055345,0,0,1,0.9000,大鹏新区,22,22,0,0,0,0,1
2022-11-25,589179428,20190000000000000003,900200000000000047,1,71.390,310.700,22178.667,2022-11-25 01:45:00.000,L2FT01-FTJ020,13.85,0.000,0.666012,16605,0.435592,0.055345,0,0,1,0.9000,大鹏新区,22,22,0,0,0,0,1
2022-11-25,589179428,20190000000000000003,900200000000000032,1,47.510,401.193,19052.000,2022-11-25 02:00:00.000,L2FT01-FTJ020,14.57,0.000,0.666012,16605,0.435592,0.055345,0,0,1,0.9000,大鹏新区,22,22,0,0,0,0,1
2022-11-25,589179428,20190000000000000003,900200000000000037,1,71.190,303.200,21580.000,2022-11-25 02:00:00.000,L2FT01-FTJ020,14.57,0.000,0.666012,16605,0.435592,0.055345,0,0,1,0.9000,大鹏新区,22,22,0,0,0,0,1
2022-11-25,589179428,20190000000000000003,900200000000000047,1,71.390,312.220,22286.000,2022-11-25 02:00:00.000,L2FT01-FTJ020,14.57,0.000,0.666012,16605,0.435592,0.055345,0,0,1,0.9000,大鹏新区,22,22,0,0,0,0,1
2022-11-25,589179428,20190000000000000003,900200000000000032,1,31.397,405.473,12725.333,2022-11-25 02:15:00.000,L2FT01-FTJ020,14.57,0.000,0.666012,16605,0.435592,0.055345,0,0,1,0.9000,大鹏新区,22,22,0,0,0,0,1
2022-11-25,589179428,20190000000000000003,900200000000000037,1,71.103,307.380,21853.333,2022-11-25 02:15:00.000,L2FT01-FTJ020,14.57,0.000,0.666012,16605,0.435592,0.055345,0,0,1,0.9000,大鹏新区,22,22,0,0,0,0,1
2022-11-25,589179428,20190000000000000003,900200000000000047,1,71.383,312.947,22337.333,2022-11-25 02:15:00.000,L2FT01-FTJ020,14.57,0.000,0.666012,16605,0.435592,0.055345,0,0,1,0.9000,大鹏新区,22,22,0,0,0,0,1
2022-11-25,589179428,20190000000000000003,900200000000000032,1,24.790,406.600,10080.000,2022-11-25 02:30:00.000,L2FT01-FTJ020,14.57,0.000,0.666012,16605,0.435592,0.055345,0,0,1,0.9000,大鹏新区,22,22,0,0,0,0,1
2022-11-25,589179428,20190000000000000003,900200000000000037,1,71.183,308.140,21932.000,2022-11-25 02:30:00.000,L2FT01-FTJ020,14.57,0.000,0.666012,16605,0.435592,0.055345,0,0,1,0.9000,大鹏新区,22,22,0,0,0,0,1
2022-11-25,589179428,20190000000000000003,900200000000000047,1,71.357,313.600,22374.667,2022-11-25 02:30:00.000,L2FT01-FTJ020,14.57,0.000,0.666012,16605,0.435592,0.055345,0,0,1,0.9000,大鹏新区,22,22,0,0,0,0,1
2022-11-25,589179428,20190000000000000003,900200000000000037,1,71.190,308.400,21954.000,2022-11-25 02:45:00.000,L2FT01-FTJ020,14.57,0.000,0.666012,16605,0.435592,0.055345,0,0,1,0.9000,大鹏新区,22,22,0,0,0,0,1
2022-11-25,589179428,20190000000000000003,900200000000000047,1,71.390,315.287,22506.000,2022-11-25 02:45:00.000,L2FT01-FTJ020,14.57,0.000,0.666012,16605,0.435592,0.055345,0,0,1,0.9000,大鹏新区,22,22,0,0,0,0,1
2022-11-25,589179428,20190000000000000003,900200000000000047,1,50.283,325.164,16300.714,2022-11-25 03:00:00.000,L2FT01-FTJ020,15.19,0.000,0.666012,16605,0.435592,0.055345,0,0,1,0.9000,大鹏新区,22,22,0,0,0,0,1
2022-11-25,589179428,20190000000000000003,900200000000000037,1,71.243,308.920,22006.667,2022-11-25 03:00:00.000,L2FT01-FTJ020,15.19,0.000,0.666012,16605,0.435592,0.055345,0,0,1,0.9000,大鹏新区,22,22,0,0,0,0,1
2022-11-25,589179428,20190000000000000003,900200000000000037,1,71.290,309.960,22096.667,2022-11-25 03:15:00.000,L2FT01-FTJ020,15.19,0.000,0.666012,16605,0.435592,0.055345,0,0,1,0.9000,大鹏新区,22,22,0,0,0,0,1
2022-11-25,589179428,20190000000000000003,900200000000000037,1,71.290,311.513,22204.667,2022-11-25 03:30:00.000,L2FT01-FTJ020,15.19,0.000,0.666012,16605,0.435592,0.055345,0,0,1,0.9000,大鹏新区,22,22,0,0,0,0,1
2022-11-25,589179428,20190000000000000003,900200000000000037,1,71.290,312.327,22263.333,2022-11-25 03:45:00.000,L2FT01-FTJ020,15.19,0.000,0.666012,16605,0.435592,0.055345,0,0,1,0.9000,大鹏新区,22,22,0,0,0,0,1
2022-11-25,589179428,20190000000000000003,900200000000000039,1,81.892,342.900,29987.500,2022-11-25 03:45:00.000,L2FT01-FTJ020,15.19,0.000,0.666012,16605,0.435592,0.055345,0,0,1,0.9000,大鹏新区,22,22,0,0,0,0,1
2022-11-25,589179428,20190000000000000003,900200000000000031,1,175.410,311.913,54938.750,2022-11-25 04:00:00.000,L2FT01-FTJ020,15.67,0.000,0.666012,16605,0.435592,0.055345,0,0,1,0.9000,大鹏新区,22,22,0,0,0,0,1
2022-11-25,589179428,20190000000000000003,900200000000000037,1,71.277,312.687,22284.667,2022-11-25 04:00:00.000,L2FT01-FTJ020,15.67,0.000,0.666012,16605,0.435592,0.055345,0,0,1,0.9000,大鹏新区,22,22,0,0,0,0,1
2022-11-25,589179428,20190000000000000003,900200000000000039,1,99.381,371.167,36861.333,2022-11-25 04:00:00.000,L2FT01-FTJ020,15.67,0.000,0.666012,16605,0.435592,0.055345,0,0,1,0.9000,大鹏新区,22,22,0,0,0,0,1
2022-11-25,589179428,20190000000000000003,900200000000000031,1,199.973,315.673,63125.333,2022-11-25 04:15:00.000,L2FT01-FTJ020,15.67,0.000,0.666012,16605,0.435592,0.055345,0,0,1,0.9000,大鹏新区,22,22,0,0,0,0,1
2022-11-25,589179428,20190000000000000003,900200000000000037,1,71.257,313.207,22314.667,2022-11-25 04:15:00.000,L2FT01-FTJ020,15.67,0.000,0.666012,16605,0.435592,0.055345,0,0,1,0.9000,大鹏新区,22,22,0,0,0,0,1
2022-11-25,589179428,20190000000000000003,900200000000000039,1,86.000,383.400,32966.000,2022-11-25 04:15:00.000,L2FT01-FTJ020,15.67,0.000,0.666012,16605,0.435592,0.055345,0,0,1,0.9000,大鹏新区,22,22,0,0,0,0,1
2022-11-25,589179428,20190000000000000003,900200000000000037,1,71.243,315.247,22457.333,2022-11-25 04:30:00.000,L2FT01-FTJ020,15.67,0.000,0.666012,16605,0.435592,0.055345,0,0,1,0.9000,大鹏新区,22,22,0,0,0,0,1
2022-11-25,589179428,20190000000000000003,900200000000000039,1,55.445,393.893,21822.667,2022-11-25 04:30:00.000,L2FT01-FTJ020,15.67,0.000,0.666012,16605,0.435592,0.055345,0,0,1,0.9000,大鹏新区,22,22,0,0,0,0,1
2022-11-25,589179428,20190000000000000003,900200000000000031,1,200.000,318.325,63665.000,2022-11-25 04:30:00.000,L2FT01-FTJ020,15.67,0.000,0.666012,16605,0.435592,0.055345,0,0,1,0.9000,大鹏新区,22,22,0,0,0,0,1
2022-11-25,589179428,20190000000000000003,900200000000000037,1,43.123,328.833,14116.667,2022-11-25 04:45:00.000,L2FT01-FTJ020,15.67,0.000,0.666012,16605,0.435592,0.055345,0,0,1,0.9000,大鹏新区,22,22,0,0,0,0,1
2022-11-25,589179428,20190000000000000003,900200000000000039,1,46.337,403.260,18683.333,2022-11-25 04:45:00.000,L2FT01-FTJ020,15.67,0.000,0.666012,16605,0.435592,0.055345,0,0,1,0.9000,大鹏新区,22,22,0,0,0,0,1
2022-11-25,589179428,20190000000000000003,900200000000000039,1,11.890,404.300,4806.000,2022-11-25 05:00:00.000,L2FT01-FTJ020,15.97,0.000,0.666012,16605,0.435592,0.055345,0,0,1,0.9000,大鹏新区,22,22,0,0,0,0,1
2022-11-25,589179428,20190000000000000003,900200000000000031,1,133.294,309.500,41242.000,2022-11-25 05:15:00.000,L2FT01-FTJ020,15.97,0.000,0.666012,16605,0.435592,0.055345,0,0,1,0.9000,大鹏新区,22,22,0,0,0,0,1
2022-11-25,589179428,20190000000000000003,900200000000000031,1,129.890,310.453,40320.667,2022-11-25 05:30:00.000,L2FT01-FTJ020,15.97,0.000,0.666012,16605,0.435592,0.055345,0,0,1,0.9000,大鹏新区,22,22,0,0,0,0,1
2022-11-25,589179428,20190000000000000003,900200000000000045,1,133.529,471.488,63607.500,2022-11-25 05:30:00.000,L2FT01-FTJ020,15.97,0.000,0.666012,16605,0.435592,0.055345,0,0,1,0.9000,大鹏新区,22,22,0,0,0,0,1
2022-11-25,589179428,20190000000000000003,900200000000000031,1,129.919,312.247,40562.667,2022-11-25 05:45:00.000,L2FT01-FTJ020,15.97,0.000,0.666012,16605,0.435592,0.055345,0,0,1,0.9000,大鹏新区,22,22,0,0,0,0,1
2022-11-25,589179428,20190000000000000003,900200000000000045,1,149.863,477.453,71553.333,2022-11-25 05:45:00.000,L2FT01-FTJ020,15.97,0.000,0.666012,16605,0.435592,0.055345,0,0,1,0.9000,大鹏新区,22,22,0,0,0,0,1
2022-11-25,589179428,20190000000000000003,900200000000000031,1,129.800,313.527,40692.667,2022-11-25 06:00:00.000,L2FT01-FTJ020,16.07,0.000,0.666012,16605,0.435592,0.055345,0,0,1,0.9000,大鹏新区,22,22,0,0,0,0,1
2022-11-25,589179428,20190000000000000003,900200000000000045,1,97.678,477.187,46612.667,2022-11-25 06:00:00.000,L2FT01-FTJ020,16.07,0.000,0.666012,16605,0.435592,0.055345,0,0,1,0.9000,大鹏新区,22,22,0,0,0,0,1
2022-11-25,589179428,20190000000000000003,900200000000000045,1,59.410,477.000,28344.000,2022-11-25 06:15:00.000,L2FT01-FTJ020,16.07,0.000,0.666012,16605,0.435592,0.055345,0,0,1,0.9000,大鹏新区,22,22,0,0,0,0,1
2022-11-25,589179428,20190000000000000003,900200000000000031,1,133.467,315.227,42068.000,2022-11-25 06:15:00.000,L2FT01-FTJ020,16.07,0.000,0.666012,16605,0.435592,0.055345,0,0,1,0.9000,大鹏新区,22,22,0,0,0,0,1
2022-11-25,589179428,20190000000000000003,900200000000000039,1,67.891,349.337,23715.000,2022-11-25 06:15:00.000,L2FT01-FTJ020,16.07,0.000,0.666012,16605,0.435592,0.055345,0,0,1,0.9000,大鹏新区,22,22,0,0,0,0,1
2022-11-25,589179428,20190000000000000003,900200000000000038,0,0.000,162.900,0.000,2022-11-25 06:30:00.000,L2FT01-FTJ020,16.07,0.000,0.666012,16605,0.435592,0.055345,0,0,1,0.9000,大鹏新区,22,22,0,0,0,0,1
2022-11-25,589179428,20190000000000000003,900200000000000039,1,58.743,358.200,21021.333,2022-11-25 06:30:00.000,L2FT01-FTJ020,16.07,0.000,0.666012,16605,0.435592,0.055345,0,0,1,0.9000,大鹏新区,22,22,0,0,0,0,1
2022-11-25,589179428,20190000000000000003,900200000000000031,1,90.325,321.620,28895.000,2022-11-25 06:30:00.000,L2FT01-FTJ020,16.07,0.000,0.666012,16605,0.435592,0.055345,0,0,1,0.9000,大鹏新区,22,22,0,0,0,0,1
2022-11-25,589179428,20190000000000000003,900200000000000037,1,83.970,397.515,33440.769,2022-11-25 06:45:00.000,L2FT01-FTJ020,16.07,0.000,0.666012,16605,0.435592,0.055345,0,0,1,0.9000,大鹏新区,22,22,0,0,0,0,1
2022-11-25,589179428,20190000000000000003,900200000000000039,1,29.331,363.243,10650.714,2022-11-25 06:45:00.000,L2FT01-FTJ020,16.07,0.000,0.666012,16605,0.435592,0.055345,0,0,1,0.9000,大鹏新区,22,22,0,0,0,0,1
2022-11-25,589179428,20190000000000000003,900200000000000037,1,105.023,406.433,42712.000,2022-11-25 07:00:00.000,L2FT01-FTJ020,15.97,0.000,0.666012,16605,0.435592,0.055345,0,0,1,0.9000,大鹏新区,22,22,0,0,0,0,1
2022-11-25,589179428,20190000000000000003,900200000000000034,1,76.445,337.633,26136.667,2022-11-25 07:15:00.000,L2FT01-FTJ020,15.97,0.000,0.666012,16605,0.435592,0.055345,0,0,1,0.9000,大鹏新区,22,22,0,0,0,0,1
2022-11-25,589179428,20190000000000000003,900200000000000037,1,108.251,422.887,45714.667,2022-11-25 07:15:00.000,L2FT01-FTJ020,15.97,0.000,0.666012,16605,0.435592,0.055345,0,0,1,0.9000,大鹏新区,22,22,0,0,0,0,1
2022-11-25,589179428,20190000000000000003,900200000000000034,1,134.585,349.533,47040.667,2022-11-25 07:30:00.000,L2FT01-FTJ020,15.97,0.000,0.666012,16605,0.435592,0.055345,0,0,1,0.9000,大鹏新区,22,22,0,0,0,0,1
2022-11-25,589179428,20190000000000000003,900200000000000037,1,51.170,434.893,22234.667,2022-11-25 07:30:00.000,L2FT01-FTJ020,15.97,0.000,0.666012,16605,0.435592,0.055345,0,0,1,0.9000,大鹏新区,22,22,0,0,0,0,1
2022-11-25,589179428,20190000000000000003,900200000000000034,1,130.715,364.260,47591.333,2022-11-25 07:45:00.000,L2FT01-FTJ020,15.97,0.000,0.666012,16605,0.435592,0.055345,0,0,1,0.9000,大鹏新区,22,22,0,0,0,0,1
2022-11-25,589179428,20190000000000000003,900200000000000034,1,88.130,379.313,33396.000,2022-11-25 08:00:00.000,L2FT01-FTJ020,15.67,0.000,0.666012,16605,0.435592,0.055345,0,0,1,0.9000,大鹏新区,22,22,0,0,0,0,1
2022-11-25,589179428,20190000000000000003,900200000000000034,1,33.561,385.113,12922.667,2022-11-25 08:15:00.000,L2FT01-FTJ020,15.67,0.000,0.666012,16605,0.435592,0.055345,0,0,1,0.9000,大鹏新区,22,22,0,0,0,0,1
2022-11-25,589179428,20190000000000000003,900200000000000034,1,25.390,386.650,9815.000,2022-11-25 08:30:00.000,L2FT01-FTJ020,15.67,0.000,0.666012,16605,0.435592,0.055345,0,0,1,0.9000,大鹏新区,22,22,0,0,0,0,1
2022-11-25,589179428,20190000000000000003,900200000000000038,0,0.000,305.900,0.000,2022-11-25 12:30:00.000,L2FT01-FTJ020,13.07,0.000,0.666012,16605,0.435592,0.055345,0,0,1,0.9000,大鹏新区,22,22,0,0,0,0,1
2022-11-25,589179428,20190000000000000003,900200000000000048,1,74.945,282.200,23245.000,2022-11-25 15:45:00.000,L2FT01-FTJ020,10.95,0.000,0.666012,16605,0.435592,0.055345,0,0,1,0.9000,大鹏新区,22,22,0,0,0,0,1
2022-11-25,589179428,20190000000000000003,900200000000000048,1,149.823,312.313,46788.667,2022-11-25 16:00:00.000,L2FT01-FTJ020,10.47,0.000,0.666012,16605,0.435592,0.055345,0,0,1,0.9000,大鹏新区,22,22,0,0,0,0,1
2022-11-25,589179428,20190000000000000003,900200000000000047,1,130.154,312.940,40728.000,2022-11-25 16:00:00.000,L2FT01-FTJ020,10.47,0.000,0.666012,16605,0.435592,0.055345,0,0,1,0.9000,大鹏新区,22,22,0,0,0,0,1
2022-11-25,589179428,20190000000000000003,900200000000000047,1,129.812,314.913,40874.000,2022-11-25 16:15:00.000,L2FT01-FTJ020,10.47,0.000,0.666012,16605,0.435592,0.055345,0,0,1,0.9000,大鹏新区,22,22,0,0,0,0,1
2022-11-25,589179428,20190000000000000003,900200000000000048,1,149.890,314.407,47122.857,2022-11-25 16:15:00.000,L2FT01-FTJ020,10.47,0.000,0.666012,16605,0.435592,0.055345,0,0,1,0.9000,大鹏新区,22,22,0,0,0,0,1
2022-11-25,589179428,20190000000000000003,900200000000000047,1,104.124,319.000,33152.857,2022-11-25 16:30:00.000,L2FT01-FTJ020,10.47,0.000,0.666012,16605,0.435592,0.055345,0,0,1,0.9000,大鹏新区,22,22,0,0,0,0,1
2022-11-25,589179428,20190000000000000003,900200000000000039,1,124.932,430.800,53850.000,2022-11-25 17:00:00.000,L2FT01-FTJ020,10.17,0.000,0.666012,16605,0.435592,0.055345,0,0,1,0.9000,大鹏新区,22,22,0,0,0,0,1
2022-11-25,589179428,20190000000000000003,900200000000000045,1,74.099,320.133,23810.833,2022-11-25 17:00:00.000,L2FT01-FTJ020,10.17,0.000,0.666012,16605,0.435592,0.055345,0,0,1,0.9000,大鹏新区,22,22,0,0,0,0,1
2022-11-25,589179428,20190000000000000003,900200000000000056,1,131.734,314.186,41386.429,2022-11-25 17:00:00.000,L2FT01-FTJ020,10.17,0.000,0.666012,16605,0.435592,0.055345,0,0,1,0.9000,大鹏新区,22,22,0,0,0,0,1
2022-11-25,589179428,20190000000000000003,900200000000000057,1,130.000,309.400,40220.000,2022-11-25 17:00:00.000,L2FT01-FTJ020,10.17,0.000,0.666012,16605,0.435592,0.055345,0,0,1,0.9000,大鹏新区,22,22,0,0,0,0,1
2022-11-25,589179428,20190000000000000003,900200000000000056,1,98.507,320.600,31391.429,2022-11-25 17:15:00.000,L2FT01-FTJ020,10.17,0.000,0.666012,16605,0.435592,0.055345,0,0,1,0.9000,大鹏新区,22,22,0,0,0,0,1
2022-11-25,589179428,20190000000000000003,900200000000000045,1,64.348,327.740,21072.667,2022-11-25 17:15:00.000,L2FT01-FTJ020,10.17,0.000,0.666012,16605,0.435592,0.055345,0,0,1,0.9000,大鹏新区,22,22,0,0,0,0,1
2022-11-25,589179428,20190000000000000003,900200000000000057,1,129.919,313.647,40742.667,2022-11-25 17:15:00.000,L2FT01-FTJ020,10.17,0.000,0.666012,16605,0.435592,0.055345,0,0,1,0.9000,大鹏新区,22,22,0,0,0,0,1
2022-11-25,589179428,20190000000000000003,900200000000000032,1,115.727,348.457,41755.714,2022-11-25 17:15:00.000,L2FT01-FTJ020,10.17,0.000,0.666012,16605,0.435592,0.055345,0,0,1,0.9000,大鹏新区,22,22,0,0,0,0,1
2022-11-25,589179428,20190000000000000003,900200000000000039,1,111.717,448.553,50031.333,2022-11-25 17:15:00.000,L2FT01-FTJ020,10.17,0.000,0.666012,16605,0.435592,0.055345,0,0,1,0.9000,大鹏新区,22,22,0,0,0,0,1
2022-11-25,589179428,20190000000000000003,900200000000000057,1,130.000,315.150,40965.000,2022-11-25 17:30:00.000,L2FT01-FTJ020,10.17,0.000,0.666012,16605,0.435592,0.055345,0,0,1,0.9000,大鹏新区,22,22,0,0,0,0,1
2022-11-25,589179428,20190000000000000003,900200000000000045,1,31.878,330.547,10539.333,2022-11-25 17:30:00.000,L2FT01-FTJ020,10.17,0.000,0.666012,16605,0.435592,0.055345,0,0,1,0.9000,大鹏新区,22,22,0,0,0,0,1
2022-11-25,589179428,20190000000000000003,900200000000000039,1,41.957,459.073,19247.333,2022-11-25 17:30:00.000,L2FT01-FTJ020,10.17,0.000,0.666012,16605,0.435592,0.055345,0,0,1,0.9000,大鹏新区,22,22,0,0,0,0,1
2022-11-25,589179428,20190000000000000003,900200000000000032,1,149.660,365.933,54763.333,2022-11-25 17:30:00.000,L2FT01-FTJ020,10.17,0.000,0.666012,16605,0.435592,0.055345,0,0,1,0.9000,大鹏新区,22,22,0,0,0,0,1
2022-11-25,589179428,20190000000000000003,900200000000000032,1,146.144,369.153,53946.000,2022-11-25 17:45:00.000,L2FT01-FTJ020,10.17,0.000,0.666012,16605,0.435592,0.055345,0,0,1,0.9000,大鹏新区,22,22,0,0,0,0,1
2022-11-25,589179428,20190000000000000003,900200000000000039,1,19.890,461.217,9173.333,2022-11-25 17:45:00.000,L2FT01-FTJ020,10.17,0.000,0.666012,16605,0.435592,0.055345,0,0,1,0.9000,大鹏新区,22,22,0,0,0,0,1
2022-11-25,589179428,20190000000000000003,900200000000000045,1,23.087,332.744,7678.889,2022-11-25 17:45:00.000,L2FT01-FTJ020,10.17,0.000,0.666012,16605,0.435592,0.055345,0,0,1,0.9000,大鹏新区,22,22,0,0,0,0,1
2022-11-25,589179428,20190000000000000003,900200000000000032,1,136.927,370.947,50791.333,2022-11-25 18:00:00.000,L2FT01-FTJ020,10.07,0.000,0.666012,16605,0.435592,0.055345,0,0,1,0.9000,大鹏新区,22,22,0,0,0,0,1
2022-11-25,589179428,20190000000000000003,900200000000000032,1,103.880,371.473,38600.000,2022-11-25 18:15:00.000,L2FT01-FTJ020,10.07,0.000,0.666012,16605,0.435592,0.055345,0,0,1,0.9000,大鹏新区,22,22,0,0,0,0,1
2022-11-25,589179428,20190000000000000003,900200000000000032,1,27.957,371.333,10372.222,2022-11-25 18:30:00.000,L2FT01-FTJ020,10.07,0.000,0.666012,16605,0.435592,0.055345,0,0,1,0.9000,大鹏新区,22,22,0,0,0,0,1
2022-11-25,589179428,20190000000000000003,900200000000000039,1,199.854,316.857,63320.000,2022-11-25 18:45:00.000,L2FT01-FTJ020,10.07,0.000,0.666012,16605,0.435592,0.055345,0,0,1,0.9000,大鹏新区,22,22,0,0,0,0,1
2022-11-25,589179428,20190000000000000003,900200000000000057,1,44.632,428.260,20658.000,2022-11-25 18:45:00.000,L2FT01-FTJ020,10.07,0.000,0.666012,16605,0.435592,0.055345,0,0,1,0.9000,大鹏新区,22,22,0,0,0,0,1
2022-11-25,589179428,20190000000000000003,900200000000000057,1,93.594,469.350,43925.833,2022-11-25 19:00:00.000,L2FT01-FTJ020,10.17,0.000,0.666012,16605,0.435592,0.055345,0,0,1,0.9000,大鹏新区,22,22,0,0,0,0,1
2022-11-25,589179428,20190000000000000003,900200000000000031,1,28.770,385.686,11100.000,2022-11-25 19:00:00.000,L2FT01-FTJ020,10.17,0.000,0.666012,16605,0.435592,0.055345,0,0,1,0.9000,大鹏新区,22,22,0,0,0,0,1
2022-11-25,589179428,20190000000000000003,900200000000000053,1,132.525,428.733,56828.333,2022-11-25 19:00:00.000,L2FT01-FTJ020,10.17,0.000,0.666012,16605,0.435592,0.055345,0,0,1,0.9000,大鹏新区,22,22,0,0,0,0,1
2022-11-25,589179428,20190000000000000003,900200000000000057,1,13.363,412.933,5893.333,2022-11-25 19:15:00.000,L2FT01-FTJ020,10.17,0.000,0.666012,16605,0.435592,0.055345,0,0,1,0.9000,大鹏新区,22,22,0,0,0,0,1
2022-11-25,589179428,20190000000000000003,900200000000000031,1,23.429,388.337,9097.500,2022-11-25 19:15:00.000,L2FT01-FTJ020,10.17,0.000,0.666012,16605,0.435592,0.055345,0,0,1,0.9000,大鹏新区,22,22,0,0,0,0,1
2022-11-25,589179428,20190000000000000003,900200000000000053,1,101.097,428.353,43372.000,2022-11-25 19:15:00.000,L2FT01-FTJ020,10.17,0.000,0.666012,16605,0.435592,0.055345,0,0,1,0.9000,大鹏新区,22,22,0,0,0,0,1
2022-11-25,589179428,20190000000000000003,900200000000000034,1,129.423,358.575,46417.500,2022-11-25 19:30:00.000,L2FT01-FTJ020,10.17,0.000,0.666012,16605,0.435592,0.055345,0,0,1,0.9000,大鹏新区,22,22,0,0,0,0,1
2022-11-25,589179428,20190000000000000003,900200000000000053,1,61.688,429.145,26454.545,2022-11-25 19:30:00.000,L2FT01-FTJ020,10.17,0.000,0.666012,16605,0.435592,0.055345,0,0,1,0.9000,大鹏新区,22,22,0,0,0,0,1
2022-11-25,589179428,20190000000000000003,900200000000000057,1,129.957,472.267,61369.333,2022-11-25 19:30:00.000,L2FT01-FTJ020,10.17,0.000,0.666012,16605,0.435592,0.055345,0,0,1,0.9000,大鹏新区,22,22,0,0,0,0,1
2022-11-25,589179428,20190000000000000003,900200000000000034,1,109.854,369.213,40515.333,2022-11-25 19:45:00.000,L2FT01-FTJ020,10.17,0.000,0.666012,16605,0.435592,0.055345,0,0,1,0.9000,大鹏新区,22,22,0,0,0,0,1
2022-11-25,589179428,20190000000000000003,900200000000000057,1,116.937,472.100,55202.000,2022-11-25 19:45:00.000,L2FT01-FTJ020,10.17,0.000,0.666012,16605,0.435592,0.055345,0,0,1,0.9000,大鹏新区,22,22,0,0,0,0,1
2022-11-25,589179428,20190000000000000003,900200000000000034,1,79.252,383.831,30372.308,2022-11-25 20:00:00.000,L2FT01-FTJ020,10.47,0.000,0.666012,16605,0.435592,0.055345,0,0,1,0.9000,大鹏新区,22,22,0,0,0,0,1
2022-11-25,589179428,20190000000000000003,900200000000000057,1,110.249,472.053,52042.000,2022-11-25 20:00:00.000,L2FT01-FTJ020,10.47,0.000,0.666012,16605,0.435592,0.055345,0,0,1,0.9000,大鹏新区,22,22,0,0,0,0,1
2022-11-25,589179428,20190000000000000003,900200000000000034,1,119.710,355.586,42564.286,2022-11-25 20:15:00.000,L2FT01-FTJ020,10.47,0.000,0.666012,16605,0.435592,0.055345,0,0,1,0.9000,大鹏新区,22,22,0,0,0,0,1
2022-11-25,589179428,20190000000000000003,900200000000000057,1,47.072,471.573,22201.818,2022-11-25 20:15:00.000,L2FT01-FTJ020,10.47,0.000,0.666012,16605,0.435592,0.055345,0,0,1,0.9000,大鹏新区,22,22,0,0,0,0,1
2022-11-25,589179428,20190000000000000003,900200000000000034,1,119.866,358.240,42940.000,2022-11-25 20:30:00.000,L2FT01-FTJ020,10.47,0.000,0.666012,16605,0.435592,0.055345,0,0,1,0.9000,大鹏新区,22,22,0,0,0,0,1
2022-11-25,589179428,20190000000000000003,900200000000000034,1,72.791,362.938,26299.231,2022-11-25 20:45:00.000,L2FT01-FTJ020,10.47,0.000,0.666012,16605,0.435592,0.055345,0,0,1,0.9000,大鹏新区,22,22,0,0,0,0,1
2022-11-25,589179428,20190000000000000003,900200000000000044,1,99.890,405.900,40540.000,2022-11-25 21:00:00.000,L2FT01-FTJ020,10.95,0.000,0.666012,16605,0.435592,0.055345,0,0,1,0.9000,大鹏新区,22,22,0,0,0,0,1
2022-11-25,589179428,20190000000000000003,900200000000000034,1,164.730,368.533,61155.000,2022-11-25 21:15:00.000,L2FT01-FTJ020,10.95,0.000,0.666012,16605,0.435592,0.055345,0,0,1,0.9000,大鹏新区,22,22,0,0,0,0,1
2022-11-25,589179428,20190000000000000003,900200000000000044,1,123.554,417.867,51620.667,2022-11-25 21:15:00.000,L2FT01-FTJ020,10.95,0.000,0.666012,16605,0.435592,0.055345,0,0,1,0.9000,大鹏新区,22,22,0,0,0,0,1
2022-11-25,589179428,20190000000000000003,900200000000000034,1,239.511,374.286,89640.000,2022-11-25 21:30:00.000,L2FT01-FTJ020,10.95,0.000,0.666012,16605,0.435592,0.055345,0,0,1,0.9000,大鹏新区,22,22,0,0,0,0,1
2022-11-25,589179428,20190000000000000003,900200000000000044,1,121.949,433.747,52891.333,2022-11-25 21:30:00.000,L2FT01-FTJ020,10.95,0.000,0.666012,16605,0.435592,0.055345,0,0,1,0.9000,大鹏新区,22,22,0,0,0,0,1
2022-11-25,589179428,20190000000000000003,900200000000000057,1,63.747,395.927,25254.545,2022-11-25 21:30:00.000,L2FT01-FTJ020,10.95,0.000,0.666012,16605,0.435592,0.055345,0,0,1,0.9000,大鹏新区,22,22,0,0,0,0,1
2022-11-25,589179428,20190000000000000003,900200000000000044,1,90.450,454.807,41053.333,2022-11-25 21:45:00.000,L2FT01-FTJ020,10.95,0.000,0.666012,16605,0.435592,0.055345,0,0,1,0.9000,大鹏新区,22,22,0,0,0,0,1
2022-11-25,589179428,20190000000000000003,900200000000000057,1,70.559,401.487,28327.333,2022-11-25 21:45:00.000,L2FT01-FTJ020,10.95,0.000,0.666012,16605,0.435592,0.055345,0,0,1,0.9000,大鹏新区,22,22,0,0,0,0,1
2022-11-25,589179428,20190000000000000003,900200000000000044,1,26.160,459.900,12026.154,2022-11-25 22:00:00.000,L2FT01-FTJ020,11.57,0.000,0.666012,16605,0.435592,0.055345,0,0,1,0.9000,大鹏新区,22,22,0,0,0,0,1
2022-11-25,589179428,20190000000000000003,900200000000000057,1,28.227,407.955,11514.545,2022-11-25 22:00:00.000,L2FT01-FTJ020,11.57,0.000,0.666012,16605,0.435592,0.055345,0,0,1,0.9000,大鹏新区,22,22,0,0,0,0,1
2022-11-26,589179428,20190000000000000003,900200000000000034,1,129.866,311.180,40408.667,2022-11-26 00:45:00.000,L2FT01-FTJ020,13.07,0.000,0.666012,16605,0.435592,0.055345,0,0,0,0.9000,大鹏新区,22,22,0,0,0,0,1
2022-11-26,589179428,20190000000000000003,900200000000000034,1,129.890,312.373,40571.333,2022-11-26 01:00:00.000,L2FT01-FTJ020,13.85,0.000,0.666012,16605,0.435592,0.055345,0,0,0,0.9000,大鹏新区,22,22,0,0,0,0,1
2022-11-26,589179428,20190000000000000003,900200000000000034,1,129.817,314.393,40809.333,2022-11-26 01:15:00.000,L2FT01-FTJ020,13.85,0.000,0.666012,16605,0.435592,0.055345,0,0,0,0.9000,大鹏新区,22,22,0,0,0,0,1
2022-11-26,589179428,20190000000000000003,900200000000000032,1,35.692,435.040,16266.000,2022-11-26 01:15:00.000,L2FT01-FTJ020,13.85,0.000,0.666012,16605,0.435592,0.055345,0,0,0,0.9000,大鹏新区,22,22,0,0,0,0,1
2022-11-26,589179428,20190000000000000003,900200000000000034,1,129.890,316.417,41099.167,2022-11-26 01:30:00.000,L2FT01-FTJ020,13.85,0.000,0.666012,16605,0.435592,0.055345,0,0,0,0.9000,大鹏新区,22,22,0,0,0,0,1
2022-11-26,589179428,20190000000000000003,900200000000000043,1,65.319,310.818,20363.636,2022-11-26 01:45:00.000,L2FT01-FTJ020,13.85,0.000,0.666012,16605,0.435592,0.055345,0,0,0,0.9000,大鹏新区,22,22,0,0,0,0,1
2022-11-26,589179428,20190000000000000003,900200000000000043,1,71.823,312.520,22442.000,2022-11-26 02:00:00.000,L2FT01-FTJ020,14.57,0.000,0.666012,16605,0.435592,0.055345,0,0,0,0.9000,大鹏新区,22,22,0,0,0,0,1
2022-11-26,589179428,20190000000000000003,900200000000000052,1,121.481,305.729,37194.286,2022-11-26 02:00:00.000,L2FT01-FTJ020,14.57,0.000,0.666012,16605,0.435592,0.055345,0,0,0,0.9000,大鹏新区,22,22,0,0,0,0,1
2022-11-26,589179428,20190000000000000003,900200000000000057,1,37.000,301.600,11150.000,2022-11-26 02:00:00.000,L2FT01-FTJ020,14.57,0.000,0.666012,16605,0.435592,0.055345,0,0,0,0.9000,大鹏新区,22,22,0,0,0,0,1
2022-11-26,589179428,20190000000000000003,900200000000000043,1,71.797,312.600,22440.000,2022-11-26 02:15:00.000,L2FT01-FTJ020,14.57,0.000,0.666012,16605,0.435592,0.055345,0,0,0,0.9000,大鹏新区,22,22,0,0,0,0,1
2022-11-26,589179428,20190000000000000003,900200000000000052,1,129.800,310.240,40263.333,2022-11-26 02:15:00.000,L2FT01-FTJ020,14.57,0.000,0.666012,16605,0.435592,0.055345,0,0,0,0.9000,大鹏新区,22,22,0,0,0,0,1
2022-11-26,589179428,20190000000000000003,900200000000000053,0,0.000,315.300,0.000,2022-11-26 02:15:00.000,L2FT01-FTJ020,14.57,0.000,0.666012,16605,0.435592,0.055345,0,0,0,0.9000,大鹏新区,22,22,0,0,0,0,1
2022-11-26,589179428,20190000000000000003,900200000000000057,1,129.929,311.120,40422.000,2022-11-26 02:15:00.000,L2FT01-FTJ020,14.57,0.000,0.666012,16605,0.435592,0.055345,0,0,0,0.9000,大鹏新区,22,22,0,0,0,0,1
2022-11-26,589179428,20190000000000000003,900200000000000053,1,122.203,474.840,58266.000,2022-11-26 02:30:00.000,L2FT01-FTJ020,14.57,0.000,0.666012,16605,0.435592,0.055345,0,0,0,0.9000,大鹏新区,22,22,0,0,0,0,1
2022-11-26,589179428,20190000000000000003,900200000000000057,1,130.060,311.960,40570.667,2022-11-26 02:30:00.000,L2FT01-FTJ020,14.57,0.000,0.666012,16605,0.435592,0.055345,0,0,0,0.9000,大鹏新区,22,22,0,0,0,0,1
2022-11-26,589179428,20190000000000000003,900200000000000043,1,71.790,313.820,22527.333,2022-11-26 02:30:00.000,L2FT01-FTJ020,14.57,0.000,0.666012,16605,0.435592,0.055345,0,0,0,0.9000,大鹏新区,22,22,0,0,0,0,1
2022-11-26,589179428,20190000000000000003,900200000000000052,1,129.878,311.333,40432.667,2022-11-26 02:30:00.000,L2FT01-FTJ020,14.57,0.000,0.666012,16605,0.435592,0.055345,0,0,0,0.9000,大鹏新区,22,22,0,0,0,0,1
2022-11-26,589179428,20190000000000000003,900200000000000053,1,129.824,477.367,61970.000,2022-11-26 02:45:00.000,L2FT01-FTJ020,14.57,0.000,0.666012,16605,0.435592,0.055345,0,0,0,0.9000,大鹏新区,22,22,0,0,0,0,1
2022-11-26,589179428,20190000000000000003,900200000000000057,1,129.831,313.840,40742.000,2022-11-26 02:45:00.000,L2FT01-FTJ020,14.57,0.000,0.666012,16605,0.435592,0.055345,0,0,0,0.9000,大鹏新区,22,22,0,0,0,0,1
2022-11-26,589179428,20190000000000000003,900200000000000043,1,47.411,324.143,15303.571,2022-11-26 02:45:00.000,L2FT01-FTJ020,14.57,0.000,0.666012,16605,0.435592,0.055345,0,0,0,0.9000,大鹏新区,22,22,0,0,0,0,1
2022-11-26,589179428,20190000000000000003,900200000000000052,1,129.919,312.647,40616.000,2022-11-26 02:45:00.000,L2FT01-FTJ020,14.57,0.000,0.666012,16605,0.435592,0.055345,0,0,0,0.9000,大鹏新区,22,22,0,0,0,0,1
2022-11-26,589179428,20190000000000000003,900200000000000057,1,129.885,315.087,40922.667,2022-11-26 03:00:00.000,L2FT01-FTJ020,15.19,0.000,0.666012,16605,0.435592,0.055345,0,0,0,0.9000,大鹏新区,22,22,0,0,0,0,1
2022-11-26,589179428,20190000000000000003,900200000000000052,1,129.993,314.333,40855.333,2022-11-26 03:00:00.000,L2FT01-FTJ020,15.19,0.000,0.666012,16605,0.435592,0.055345,0,0,0,0.9000,大鹏新区,22,22,0,0,0,0,1
2022-11-26,589179428,20190000000000000003,900200000000000053,1,129.963,477.580,62064.667,2022-11-26 03:00:00.000,L2FT01-FTJ020,15.19,0.000,0.666012,16605,0.435592,0.055345,0,0,0,0.9000,大鹏新区,22,22,0,0,0,0,1
2022-11-26,589179428,20190000000000000003,900200000000000052,1,129.985,315.513,41008.667,2022-11-26 03:15:00.000,L2FT01-FTJ020,15.19,0.000,0.666012,16605,0.435592,0.055345,0,0,0,0.9000,大鹏新区,22,22,0,0,0,0,1
2022-11-26,589179428,20190000000000000003,900200000000000053,1,118.107,477.613,56416.000,2022-11-26 03:15:00.000,L2FT01-FTJ020,15.19,0.000,0.666012,16605,0.435592,0.055345,0,0,0,0.9000,大鹏新区,22,22,0,0,0,0,1
2022-11-26,589179428,20190000000000000003,900200000000000057,1,117.879,317.680,37407.333,2022-11-26 03:15:00.000,L2FT01-FTJ020,15.19,0.000,0.666012,16605,0.435592,0.055345,0,0,0,0.9000,大鹏新区,22,22,0,0,0,0,1
2022-11-26,589179428,20190000000000000003,900200000000000044,1,81.685,383.558,32895.000,2022-11-26 03:30:00.000,L2FT01-FTJ020,15.19,0.000,0.666012,16605,0.435592,0.055345,0,0,0,0.9000,大鹏新区,22,22,0,0,0,0,1
2022-11-26,589179428,20190000000000000003,900200000000000052,1,86.507,323.058,27797.500,2022-11-26 03:30:00.000,L2FT01-FTJ020,15.19,0.000,0.666012,16605,0.435592,0.055345,0,0,0,0.9000,大鹏新区,22,22,0,0,0,0,1
2022-11-26,589179428,20190000000000000003,900200000000000053,1,56.350,476.900,26888.000,2022-11-26 03:30:00.000,L2FT01-FTJ020,15.19,0.000,0.666012,16605,0.435592,0.055345,0,0,0,0.9000,大鹏新区,22,22,0,0,0,0,1
2022-11-26,589179428,20190000000000000003,900200000000000057,1,29.723,328.800,9770.000,2022-11-26 03:30:00.000,L2FT01-FTJ020,15.19,0.000,0.666012,16605,0.435592,0.055345,0,0,0,0.9000,大鹏新区,22,22,0,0,0,0,1
2022-11-26,589179428,20190000000000000003,900200000000000044,1,71.344,411.227,29333.333,2022-11-26 03:45:00.000,L2FT01-FTJ020,15.19,0.000,0.666012,16605,0.435592,0.055345,0,0,0,0.9000,大鹏新区,22,22,0,0,0,0,1
2022-11-26,589179428,20190000000000000003,900200000000000044,1,103.484,428.187,44263.333,2022-11-26 04:00:00.000,L2FT01-FTJ020,15.67,0.000,0.666012,16605,0.435592,0.055345,0,0,0,0.9000,大鹏新区,22,22,0,0,0,0,1
2022-11-26,589179428,20190000000000000003,900200000000000044,1,40.154,435.173,17467.273,2022-11-26 04:15:00.000,L2FT01-FTJ020,15.67,0.000,0.666012,16605,0.435592,0.055345,0,0,0,0.9000,大鹏新区,22,22,0,0,0,0,1
2022-11-26,589179428,20190000000000000003,900200000000000035,1,164.890,312.800,51580.000,2022-11-26 05:00:00.000,L2FT01-FTJ020,15.97,0.000,0.666012,16605,0.435592,0.055345,0,0,0,0.9000,大鹏新区,22,22,0,0,0,0,1
2022-11-26,589179428,20190000000000000003,900200000000000045,1,112.910,314.050,38803.333,2022-11-26 05:00:00.000,L2FT01-FTJ020,15.97,0.000,0.666012,16605,0.435592,0.055345,0,0,0,0.9000,大鹏新区,22,22,0,0,0,0,1
2022-11-26,589179428,20190000000000000003,900200000000000045,1,135.427,353.653,47892.667,2022-11-26 05:15:00.000,L2FT01-FTJ020,15.97,0.000,0.666012,16605,0.435592,0.055345,0,0,0,0.9000,大鹏新区,22,22,0,0,0,0,1
2022-11-26,589179428,20190000000000000003,900200000000000035,1,197.597,315.793,62402.000,2022-11-26 05:15:00.000,L2FT01-FTJ020,15.97,0.000,0.666012,16605,0.435592,0.055345,0,0,0,0.9000,大鹏新区,22,22,0,0,0,0,1
2022-11-26,589179428,20190000000000000003,900200000000000035,1,171.512,320.192,54741.538,2022-11-26 05:30:00.000,L2FT01-FTJ020,15.97,0.000,0.666012,16605,0.435592,0.055345,0,0,0,0.9000,大鹏新区,22,22,0,0,0,0,1
2022-11-26,589179428,20190000000000000003,900200000000000045,1,120.517,365.267,43969.333,2022-11-26 05:30:00.000,L2FT01-FTJ020,15.97,0.000,0.666012,16605,0.435592,0.055345,0,0,0,0.9000,大鹏新区,22,22,0,0,0,0,1
2022-11-26,589179428,20190000000000000003,900200000000000039,1,179.953,312.789,55548.889,2022-11-26 05:45:00.000,L2FT01-FTJ020,15.97,0.000,0.666012,16605,0.435592,0.055345,0,0,0,0.9000,大鹏新区,22,22,0,0,0,0,1
2022-11-26,589179428,20190000000000000003,900200000000000045,1,101.845,376.837,38376.250,2022-11-26 05:45:00.000,L2FT01-FTJ020,15.97,0.000,0.666012,16605,0.435592,0.055345,0,0,0,0.9000,大鹏新区,22,22,0,0,0,0,1
2022-11-26,589179428,20190000000000000003,900200000000000053,1,79.945,436.800,37645.000,2022-11-26 05:45:00.000,L2FT01-FTJ020,15.97,0.000,0.666012,16605,0.435592,0.055345,0,0,0,0.9000,大鹏新区,22,22,0,0,0,0,1
2022-11-26,589179428,20190000000000000003,900200000000000032,1,76.567,457.725,36025.000,2022-11-26 06:00:00.000,L2FT01-FTJ020,16.07,0.000,0.666012,16605,0.435592,0.055345,0,0,0,0.9000,大鹏新区,22,22,0,0,0,0,1
2022-11-26,589179428,20190000000000000003,900200000000000039,1,153.567,310.747,47768.667,2022-11-26 06:00:00.000,L2FT01-FTJ020,16.07,0.000,0.666012,16605,0.435592,0.055345,0,0,0,0.9000,大鹏新区,22,22,0,0,0,0,1
2022-11-26,589179428,20190000000000000003,900200000000000053,1,149.810,472.473,70782.000,2022-11-26 06:00:00.000,L2FT01-FTJ020,16.07,0.000,0.666012,16605,0.435592,0.055345,0,0,0,0.9000,大鹏新区,22,22,0,0,0,0,1
2022-11-26,589179428,20190000000000000003,900200000000000032,1,136.933,473.533,64839.333,2022-11-26 06:15:00.000,L2FT01-FTJ020,16.07,0.000,0.666012,16605,0.435592,0.055345,0,0,0,0.9000,大鹏新区,22,22,0,0,0,0,1
2022-11-26,589179428,20190000000000000003,900200000000000039,1,122.266,310.413,37992.000,2022-11-26 06:15:00.000,L2FT01-FTJ020,16.07,0.000,0.666012,16605,0.435592,0.055345,0,0,0,0.9000,大鹏新区,22,22,0,0,0,0,1
2022-11-26,589179428,20190000000000000003,900200000000000053,1,149.871,472.733,70849.333,2022-11-26 06:15:00.000,L2FT01-FTJ020,16.07,0.000,0.666012,16605,0.435592,0.055345,0,0,0,0.9000,大鹏新区,22,22,0,0,0,0,1
2022-11-26,589179428,20190000000000000003,900200000000000039,1,124.041,312.247,38771.333,2022-11-26 06:30:00.000,L2FT01-FTJ020,16.07,0.000,0.666012,16605,0.435592,0.055345,0,0,0,0.9000,大鹏新区,22,22,0,0,0,0,1
2022-11-26,589179428,20190000000000000003,900200000000000053,1,150.000,472.913,70934.000,2022-11-26 06:30:00.000,L2FT01-FTJ020,16.07,0.000,0.666012,16605,0.435592,0.055345,0,0,0,0.9000,大鹏新区,22,22,0,0,0,0,1
2022-11-26,589179428,20190000000000000003,900200000000000032,1,136.927,473.993,64902.667,2022-11-26 06:30:00.000,L2FT01-FTJ020,16.07,0.000,0.666012,16605,0.435592,0.055345,0,0,0,0.9000,大鹏新区,22,22,0,0,0,0,1
2022-11-26,589179428,20190000000000000003,900200000000000032,1,137.005,474.180,64961.333,2022-11-26 06:45:00.000,L2FT01-FTJ020,16.07,0.000,0.666012,16605,0.435592,0.055345,0,0,0,0.9000,大鹏新区,22,22,0,0,0,0,1
2022-11-26,589179428,20190000000000000003,900200000000000037,1,100.000,325.367,31223.333,2022-11-26 06:45:00.000,L2FT01-FTJ020,16.07,0.000,0.666012,16605,0.435592,0.055345,0,0,0,0.9000,大鹏新区,22,22,0,0,0,0,1
2022-11-26,589179428,20190000000000000003,900200000000000039,1,122.069,313.407,38293.333,2022-11-26 06:45:00.000,L2FT01-FTJ020,16.07,0.000,0.666012,16605,0.435592,0.055345,0,0,0,0.9000,大鹏新区,22,22,0,0,0,0,1
2022-11-26,589179428,20190000000000000003,900200000000000053,1,100.393,472.433,47437.333,2022-11-26 06:45:00.000,L2FT01-FTJ020,16.07,0.000,0.666012,16605,0.435592,0.055345,0,0,0,0.9000,大鹏新区,22,22,0,0,0,0,1
2022-11-26,589179428,20190000000000000003,900200000000000032,1,96.967,474.013,45963.333,2022-11-26 07:00:00.000,L2FT01-FTJ020,15.97,0.000,0.666012,16605,0.435592,0.055345,0,0,0,0.9000,大鹏新区,22,22,0,0,0,0,1
2022-11-26,589179428,20190000000000000003,900200000000000039,1,131.090,314.620,41284.667,2022-11-26 07:00:00.000,L2FT01-FTJ020,15.97,0.000,0.666012,16605,0.435592,0.055345,0,0,0,0.9000,大鹏新区,22,22,0,0,0,0,1
2022-11-26,589179428,20190000000000000003,900200000000000053,1,35.615,471.775,16802.500,2022-11-26 07:00:00.000,L2FT01-FTJ020,15.97,0.000,0.666012,16605,0.435592,0.055345,0,0,0,0.9000,大鹏新区,22,22,0,0,0,0,1
2022-11-26,589179428,20190000000000000003,900200000000000032,1,39.490,473.600,18702.500,2022-11-26 07:15:00.000,L2FT01-FTJ020,15.97,0.000,0.666012,16605,0.435592,0.055345,0,0,0,0.9000,大鹏新区,22,22,0,0,0,0,1
2022-11-26,589179428,20190000000000000003,900200000000000039,1,118.634,315.967,37532.000,2022-11-26 07:15:00.000,L2FT01-FTJ020,15.97,0.000,0.666012,16605,0.435592,0.055345,0,0,0,0.9000,大鹏新区,22,22,0,0,0,0,1
2022-11-26,589179428,20190000000000000003,900200000000000039,1,57.090,327.340,18594.000,2022-11-26 07:30:00.000,L2FT01-FTJ020,15.97,0.000,0.666012,16605,0.435592,0.055345,0,0,0,0.9000,大鹏新区,22,22,0,0,0,0,1
2022-11-26,589179428,20190000000000000003,900200000000000042,1,73.313,452.933,34422.222,2022-11-26 07:45:00.000,L2FT01-FTJ020,15.97,0.000,0.666012,16605,0.435592,0.055345,0,0,0,0.9000,大鹏新区,22,22,0,0,0,0,1
2022-11-26,589179428,20190000000000000003,900200000000000042,1,92.410,471.087,43532.667,2022-11-26 08:00:00.000,L2FT01-FTJ020,15.67,0.000,0.666012,16605,0.435592,0.055345,0,0,0,0.9000,大鹏新区,22,22,0,0,0,0,1
2022-11-26,589179428,20190000000000000003,900200000000000053,1,15.390,355.700,5470.000,2022-11-26 08:00:00.000,L2FT01-FTJ020,15.67,0.000,0.666012,16605,0.435592,0.055345,0,0,0,0.9000,大鹏新区,22,22,0,0,0,0,1
2022-11-26,589179428,20190000000000000003,900200000000000053,1,70.905,372.107,26388.000,2022-11-26 08:15:00.000,L2FT01-FTJ020,15.67,0.000,0.666012,16605,0.435592,0.055345,0,0,0,0.9000,大鹏新区,22,22,0,0,0,0,1
2022-11-26,589179428,20190000000000000003,900200000000000042,1,80.577,470.785,37938.462,2022-11-26 08:15:00.000,L2FT01-FTJ020,15.67,0.000,0.666012,16605,0.435592,0.055345,0,0,0,0.9000,大鹏新区,22,22,0,0,0,0,1
2022-11-26,589179428,20190000000000000003,900200000000000053,1,67.777,392.620,26574.667,2022-11-26 08:30:00.000,L2FT01-FTJ020,15.67,0.000,0.666012,16605,0.435592,0.055345,0,0,0,0.9000,大鹏新区,22,22,0,0,0,0,1
2022-11-26,589179428,20190000000000000003,900200000000000053,1,23.265,400.860,9320.000,2022-11-26 08:45:00.000,L2FT01-FTJ020,15.67,0.000,0.666012,16605,0.435592,0.055345,0,0,0,0.9000,大鹏新区,22,22,0,0,0,0,1
2022-11-26,589179428,20190000000000000003,900200000000000035,1,49.890,408.200,20422.500,2022-11-26 10:00:00.000,L2FT01-FTJ020,14.57,0.000,0.666012,16605,0.435592,0.055345,0,0,0,0.9000,大鹏新区,22,22,0,0,0,0,1
2022-11-26,589179428,20190000000000000003,900200000000000035,1,48.557,410.580,19937.333,2022-11-26 10:15:00.000,L2FT01-FTJ020,14.57,0.000,0.666012,16605,0.435592,0.055345,0,0,0,0.9000,大鹏新区,22,22,0,0,0,0,1
2022-11-26,589179428,20190000000000000003,900200000000000035,1,45.210,412.273,18641.333,2022-11-26 10:30:00.000,L2FT01-FTJ020,14.57,0.000,0.666012,16605,0.435592,0.055345,0,0,0,0.9000,大鹏新区,22,22,0,0,0,0,1
2022-11-26,589179428,20190000000000000003,900200000000000035,1,31.457,413.933,13026.667,2022-11-26 10:45:00.000,L2FT01-FTJ020,14.57,0.000,0.666012,16605,0.435592,0.055345,0,0,0,0.9000,大鹏新区,22,22,0,0,0,0,1
2022-11-26,589179428,20190000000000000003,900200000000000035,1,20.557,420.383,8645.000,2022-11-26 11:00:00.000,L2FT01-FTJ020,13.85,0.000,0.666012,16605,0.435592,0.055345,0,0,0,0.9000,大鹏新区,22,22,0,0,0,0,1
2022-11-26,589179428,20190000000000000003,900200000000000030,1,39.092,399.560,15944.000,2022-11-26 12:00:00.000,L2FT01-FTJ020,13.07,0.000,0.666012,16605,0.435592,0.055345,0,0,0,0.9000,大鹏新区,22,22,0,0,0,0,1
2022-11-26,589179428,20190000000000000003,900200000000000030,1,48.870,408.487,19962.000,2022-11-26 12:15:00.000,L2FT01-FTJ020,13.07,0.000,0.666012,16605,0.435592,0.055345,0,0,0,0.9000,大鹏新区,22,22,0,0,0,0,1
2022-11-26,589179428,20190000000000000003,900200000000000052,1,79.012,351.314,28197.857,2022-11-26 12:15:00.000,L2FT01-FTJ020,13.07,0.000,0.666012,16605,0.435592,0.055345,0,0,0,0.9000,大鹏新区,22,22,0,0,0,0,1
2022-11-26,589179428,20190000000000000003,900200000000000052,1,59.463,355.593,21142.000,2022-11-26 12:30:00.000,L2FT01-FTJ020,13.07,0.000,0.666012,16605,0.435592,0.055345,0,0,0,0.9000,大鹏新区,22,22,0,0,0,0,1
2022-11-26,589179428,20190000000000000003,900200000000000030,1,30.592,408.427,12492.667,2022-11-26 12:30:00.000,L2FT01-FTJ020,13.07,0.000,0.666012,16605,0.435592,0.055345,0,0,0,0.9000,大鹏新区,22,22,0,0,0,0,1
2022-11-26,589179428,20190000000000000003,900200000000000052,1,31.919,354.743,11327.143,2022-11-26 12:45:00.000,L2FT01-FTJ020,13.07,0.000,0.666012,16605,0.435592,0.055345,0,0,0,0.9000,大鹏新区,22,22,0,0,0,0,1
2022-11-26,589179428,20190000000000000003,900200000000000042,1,57.236,322.140,20530.000,2022-11-26 12:45:00.000,L2FT01-FTJ020,13.07,0.000,0.666012,16605,0.435592,0.055345,0,0,0,0.9000,大鹏新区,22,22,0,0,0,0,1
2022-11-26,589179428,20190000000000000003,900200000000000030,1,20.500,411.500,8428.571,2022-11-26 12:45:00.000,L2FT01-FTJ020,13.07,0.000,0.666012,16605,0.435592,0.055345,0,0,0,0.9000,大鹏新区,22,22,0,0,0,0,1
2022-11-26,589179428,20190000000000000003,900200000000000042,1,71.390,362.275,25862.500,2022-11-26 13:00:00.000,L2FT01-FTJ020,12.30,0.000,0.666012,16605,0.435592,0.055345,0,0,0,0.9000,大鹏新区,22,22,0,0,0,0,1
2022-11-26,589179428,20190000000000000003,900200000000000042,1,71.390,363.240,25930.000,2022-11-26 13:15:00.000,L2FT01-FTJ020,12.30,0.000,0.666012,16605,0.435592,0.055345,0,0,0,0.9000,大鹏新区,22,22,0,0,0,0,1
2022-11-26,589179428,20190000000000000003,900200000000000042,1,71.390,365.147,26067.333,2022-11-26 13:30:00.000,L2FT01-FTJ020,12.30,0.000,0.666012,16605,0.435592,0.055345,0,0,0,0.9000,大鹏新区,22,22,0,0,0,0,1
2022-11-26,589179428,20190000000000000003,900200000000000035,1,129.845,314.417,40820.000,2022-11-26 13:45:00.000,L2FT01-FTJ020,12.30,0.000,0.666012,16605,0.435592,0.055345,0,0,0,0.9000,大鹏新区,22,22,0,0,0,0,1
2022-11-26,589179428,20190000000000000003,900200000000000042,1,71.390,366.314,26150.000,2022-11-26 13:45:00.000,L2FT01-FTJ020,12.30,0.000,0.666012,16605,0.435592,0.055345,0,0,0,0.9000,大鹏新区,22,22,0,0,0,0,1
2022-11-26,589179428,20190000000000000003,900200000000000035,1,116.841,318.986,37059.286,2022-11-26 14:00:00.000,L2FT01-FTJ020,11.57,0.000,0.666012,16605,0.435592,0.055345,0,0,0,0.9000,大鹏新区,22,22,0,0,0,0,1
2022-11-26,589179428,20190000000000000003,900200000000000053,1,149.861,313.071,46914.286,2022-11-26 15:00:00.000,L2FT01-FTJ020,10.95,0.000,0.666012,16605,0.435592,0.055345,0,0,0,0.9000,大鹏新区,22,22,0,0,0,0,1
2022-11-26,589179428,20190000000000000003,900200000000000053,1,149.919,314.353,47123.333,2022-11-26 15:15:00.000,L2FT01-FTJ020,10.95,0.000,0.666012,16605,0.435592,0.055345,0,0,0,0.9000,大鹏新区,22,22,0,0,0,0,1
2022-11-26,589179428,20190000000000000003,900200000000000057,1,85.970,378.689,32598.889,2022-11-26 15:15:00.000,L2FT01-FTJ020,10.95,0.000,0.666012,16605,0.435592,0.055345,0,0,0,0.9000,大鹏新区,22,22,0,0,0,0,1
2022-11-26,589179428,20190000000000000003,900200000000000053,1,128.631,319.373,40884.667,2022-11-26 15:30:00.000,L2FT01-FTJ020,10.95,0.000,0.666012,16605,0.435592,0.055345,0,0,0,0.9000,大鹏新区,22,22,0,0,0,0,1
2022-11-26,589179428,20190000000000000003,900200000000000057,1,63.140,381.358,24025.000,2022-11-26 15:30:00.000,L2FT01-FTJ020,10.95,0.000,0.666012,16605,0.435592,0.055345,0,0,0,0.9000,大鹏新区,22,22,0,0,0,0,1
2022-11-26,589179428,20190000000000000003,900200000000000045,1,119.535,329.138,39340.000,2022-11-26 16:15:00.000,L2FT01-FTJ020,10.47,0.000,0.666012,16605,0.435592,0.055345,0,0,0,0.9000,大鹏新区,22,22,0,0,0,0,1
2022-11-26,589179428,20190000000000000003,900200000000000044,1,149.846,314.111,47067.778,2022-11-26 16:15:00.000,L2FT01-FTJ020,10.47,0.000,0.666012,16605,0.435592,0.055345,0,0,0,0.9000,大鹏新区,22,22,0,0,0,0,1
2022-11-26,589179428,20190000000000000003,900200000000000032,1,65.145,302.391,20081.818,2022-11-26 16:30:00.000,L2FT01-FTJ020,10.47,0.000,0.666012,16605,0.435592,0.055345,0,0,0,0.9000,大鹏新区,22,22,0,0,0,0,1
2022-11-26,589179428,20190000000000000003,900200000000000045,1,119.519,331.971,39673.571,2022-11-26 16:30:00.000,L2FT01-FTJ020,10.47,0.000,0.666012,16605,0.435592,0.055345,0,0,0,0.9000,大鹏新区,22,22,0,0,0,0,1
2022-11-26,589179428,20190000000000000003,900200000000000032,1,71.590,308.827,22110.000,2022-11-26 16:45:00.000,L2FT01-FTJ020,10.47,0.000,0.666012,16605,0.435592,0.055345,0,0,0,0.9000,大鹏新区,22,22,0,0,0,0,1
2022-11-26,589179428,20190000000000000003,900200000000000032,1,71.572,309.247,22130.667,2022-11-26 17:00:00.000,L2FT01-FTJ020,10.17,0.000,0.666012,16605,0.435592,0.055345,0,0,0,0.9000,大鹏新区,22,22,0,0,0,0,1
2022-11-26,589179428,20190000000000000003,900200000000000032,1,71.534,310.587,22213.750,2022-11-26 17:15:00.000,L2FT01-FTJ020,10.17,0.000,0.666012,16605,0.435592,0.055345,0,0,0,0.9000,大鹏新区,22,22,0,0,0,0,1
2022-11-26,589179428,20190000000000000003,900200000000000045,1,36.257,396.600,14547.333,2022-11-26 20:15:00.000,L2FT01-FTJ020,10.47,0.000,0.666012,16605,0.435592,0.055345,0,0,0,0.9000,大鹏新区,22,22,0,0,0,0,1
2022-11-26,589179428,20190000000000000003,900200000000000045,1,19.863,405.500,8052.727,2022-11-26 20:30:00.000,L2FT01-FTJ020,10.47,0.000,0.666012,16605,0.435592,0.055345,0,0,0,0.9000,大鹏新区,22,22,0,0,0,0,1
2022-11-26,589179428,20190000000000000003,900200000000000038,0,0.000,273.300,0.000,2022-11-26 21:30:00.000,L2FT01-FTJ020,10.95,0.000,0.666012,16605,0.435592,0.055345,0,0,0,0.9000,大鹏新区,22,22,0,0,0,0,1
2022-11-26,589179428,20190000000000000003,900200000000000042,1,175.996,392.220,68953.333,2022-11-26 22:00:00.000,L2FT01-FTJ020,11.57,0.000,0.666012,16605,0.435592,0.055345,0,0,0,0.9000,大鹏新区,22,22,0,0,0,0,1
2022-11-26,589179428,20190000000000000003,900200000000000042,1,125.782,403.580,50750.000,2022-11-26 22:15:00.000,L2FT01-FTJ020,11.57,0.000,0.666012,16605,0.435592,0.055345,0,0,0,0.9000,大鹏新区,22,22,0,0,0,0,1
2022-11-26,589179428,20190000000000000003,900200000000000053,1,125.752,471.247,59634.667,2022-11-26 23:15:00.000,L2FT01-FTJ020,12.30,0.000,0.666012,16605,0.435592,0.055345,0,0,0,0.9000,大鹏新区,22,22,0,0,0,0,1
2022-11-26,589179428,20190000000000000003,900200000000000053,1,92.833,474.773,44075.333,2022-11-26 23:30:00.000,L2FT01-FTJ020,12.30,0.000,0.666012,16605,0.435592,0.055345,0,0,0,0.9000,大鹏新区,22,22,0,0,0,0,1
2022-11-26,589179428,20190000000000000003,900200000000000052,1,9.945,375.850,4120.000,2022-11-26 23:45:00.000,L2FT01-FTJ020,12.30,0.000,0.666012,16605,0.435592,0.055345,0,0,0,0.9000,大鹏新区,22,22,0,0,0,0,1
2022-11-26,589179428,20190000000000000003,900200000000000053,1,50.030,474.360,23742.000,2022-11-26 23:45:00.000,L2FT01-FTJ020,12.30,0.000,0.666012,16605,0.435592,0.055345,0,0,0,0.9000,大鹏新区,22,22,0,0,0,0,1
2022-11-27,589179428,20190000000000000003,900200000000000052,1,122.526,470.693,57782.000,2022-11-27 00:00:00.000,L2FT01-FTJ020,13.07,0.000,0.666012,16605,0.435592,0.055345,0,0,0,0.9000,大鹏新区,22,22,0,0,0,0,1
2022-11-27,589179428,20190000000000000003,900200000000000037,1,129.890,308.100,40020.000,2022-11-27 00:15:00.000,L2FT01-FTJ020,13.07,0.000,0.666012,16605,0.435592,0.055345,0,0,0,0.9000,大鹏新区,22,22,0,0,0,0,1
2022-11-27,589179428,20190000000000000003,900200000000000052,1,117.745,471.693,55541.333,2022-11-27 00:15:00.000,L2FT01-FTJ020,13.07,0.000,0.666012,16605,0.435592,0.055345,0,0,0,0.9000,大鹏新区,22,22,0,0,0,0,1
2022-11-27,589179428,20190000000000000003,900200000000000030,1,27.418,337.800,9280.000,2022-11-27 00:30:00.000,L2FT01-FTJ020,13.07,0.000,0.666012,16605,0.435592,0.055345,0,0,0,0.9000,大鹏新区,22,22,0,0,0,0,1
2022-11-27,589179428,20190000000000000003,900200000000000037,1,129.800,310.000,40230.000,2022-11-27 00:30:00.000,L2FT01-FTJ020,13.07,0.000,0.666012,16605,0.435592,0.055345,0,0,0,0.9000,大鹏新区,22,22,0,0,0,0,1
2022-11-27,589179428,20190000000000000003,900200000000000052,1,116.919,471.727,55154.667,2022-11-27 00:30:00.000,L2FT01-FTJ020,13.07,0.000,0.666012,16605,0.435592,0.055345,0,0,0,0.9000,大鹏新区,22,22,0,0,0,0,1
2022-11-27,589179428,20190000000000000003,900200000000000030,1,35.810,342.493,12263.333,2022-11-27 00:45:00.000,L2FT01-FTJ020,13.07,0.000,0.666012,16605,0.435592,0.055345,0,0,0,0.9000,大鹏新区,22,22,0,0,0,0,1
2022-11-27,589179428,20190000000000000003,900200000000000052,1,109.998,471.680,51882.667,2022-11-27 00:45:00.000,L2FT01-FTJ020,13.07,0.000,0.666012,16605,0.435592,0.055345,0,0,0,0.9000,大鹏新区,22,22,0,0,0,0,1
2022-11-27,589179428,20190000000000000003,900200000000000030,1,35.790,347.213,12426.000,2022-11-27 01:00:00.000,L2FT01-FTJ020,13.85,0.000,0.666012,16605,0.435592,0.055345,0,0,0,0.9000,大鹏新区,22,22,0,0,0,0,1
2022-11-27,589179428,20190000000000000003,900200000000000052,1,42.130,470.980,19843.000,2022-11-27 01:00:00.000,L2FT01-FTJ020,13.85,0.000,0.666012,16605,0.435592,0.055345,0,0,0,0.9000,大鹏新区,22,22,0,0,0,0,1
2022-11-27,589179428,20190000000000000003,900200000000000030,1,35.790,350.620,12547.333,2022-11-27 01:15:00.000,L2FT01-FTJ020,13.85,0.000,0.666012,16605,0.435592,0.055345,0,0,0,0.9000,大鹏新区,22,22,0,0,0,0,1
2022-11-27,589179428,20190000000000000003,900200000000000030,1,35.790,352.733,12622.000,2022-11-27 01:30:00.000,L2FT01-FTJ020,13.85,0.000,0.666012,16605,0.435592,0.055345,0,0,0,0.9000,大鹏新区,22,22,0,0,0,0,1
2022-11-27,589179428,20190000000000000003,900200000000000030,1,35.790,354.933,12702.000,2022-11-27 01:45:00.000,L2FT01-FTJ020,13.85,0.000,0.666012,16605,0.435592,0.055345,0,0,0,0.9000,大鹏新区,22,22,0,0,0,0,1
2022-11-27,589179428,20190000000000000003,900200000000000030,1,35.790,357.933,12810.000,2022-11-27 02:00:00.000,L2FT01-FTJ020,14.57,0.000,0.666012,16605,0.435592,0.055345,0,0,0,0.9000,大鹏新区,22,22,0,0,0,0,1
2022-11-27,589179428,20190000000000000003,900200000000000044,1,111.506,466.500,52632.500,2022-11-27 02:00:00.000,L2FT01-FTJ020,14.57,0.000,0.666012,16605,0.435592,0.055345,0,0,0,0.9000,大鹏新区,22,22,0,0,0,0,1
2022-11-27,589179428,20190000000000000003,900200000000000044,1,126.666,473.413,59964.000,2022-11-27 02:15:00.000,L2FT01-FTJ020,14.57,0.000,0.666012,16605,0.435592,0.055345,0,0,0,0.9000,大鹏新区,22,22,0,0,0,0,1
2022-11-27,589179428,20190000000000000003,900200000000000030,1,35.790,362.213,12962.667,2022-11-27 02:15:00.000,L2FT01-FTJ020,14.57,0.000,0.666012,16605,0.435592,0.055345,0,0,0,0.9000,大鹏新区,22,22,0,0,0,0,1
2022-11-27,589179428,20190000000000000003,900200000000000030,1,35.790,368.040,13171.333,2022-11-27 02:30:00.000,L2FT01-FTJ020,14.57,0.000,0.666012,16605,0.435592,0.055345,0,0,0,0.9000,大鹏新区,22,22,0,0,0,0,1
2022-11-27,589179428,20190000000000000003,900200000000000044,1,83.190,473.193,39364.000,2022-11-27 02:30:00.000,L2FT01-FTJ020,14.57,0.000,0.666012,16605,0.435592,0.055345,0,0,0,0.9000,大鹏新区,22,22,0,0,0,0,1
2022-11-27,589179428,20190000000000000003,900200000000000052,1,150.000,310.400,46560.000,2022-11-27 02:30:00.000,L2FT01-FTJ020,14.57,0.000,0.666012,16605,0.435592,0.055345,0,0,0,0.9000,大鹏新区,22,22,0,0,0,0,1
2022-11-27,589179428,20190000000000000003,900200000000000030,1,35.790,375.080,13422.667,2022-11-27 02:45:00.000,L2FT01-FTJ020,14.57,0.000,0.666012,16605,0.435592,0.055345,0,0,0,0.9000,大鹏新区,22,22,0,0,0,0,1
2022-11-27,589179428,20190000000000000003,900200000000000044,1,59.840,472.750,28295.000,2022-11-27 02:45:00.000,L2FT01-FTJ020,14.57,0.000,0.666012,16605,0.435592,0.055345,0,0,0,0.9000,大鹏新区,22,22,0,0,0,0,1
2022-11-27,589179428,20190000000000000003,900200000000000030,1,35.790,381.840,13665.333,2022-11-27 03:00:00.000,L2FT01-FTJ020,15.19,0.000,0.666012,16605,0.435592,0.055345,0,0,0,0.9000,大鹏新区,22,22,0,0,0,0,1
2022-11-27,589179428,20190000000000000003,900200000000000030,1,35.790,388.507,13904.667,2022-11-27 03:15:00.000,L2FT01-FTJ020,15.19,0.000,0.666012,16605,0.435592,0.055345,0,0,0,0.9000,大鹏新区,22,22,0,0,0,0,1
2022-11-27,589179428,20190000000000000003,900200000000000030,1,35.790,395.260,14144.667,2022-11-27 03:30:00.000,L2FT01-FTJ020,15.19,0.000,0.666012,16605,0.435592,0.055345,0,0,0,0.9000,大鹏新区,22,22,0,0,0,0,1
2022-11-27,589179428,20190000000000000003,900200000000000030,1,33.550,401.733,13478.000,2022-11-27 03:45:00.000,L2FT01-FTJ020,15.19,0.000,0.666012,16605,0.435592,0.055345,0,0,0,0.9000,大鹏新区,22,22,0,0,0,0,1
2022-11-27,589179428,20190000000000000003,900200000000000030,1,28.197,407.407,11481.333,2022-11-27 04:00:00.000,L2FT01-FTJ020,15.67,0.000,0.666012,16605,0.435592,0.055345,0,0,0,0.9000,大鹏新区,22,22,0,0,0,0,1
2022-11-27,589179428,20190000000000000003,900200000000000030,1,9.777,409.192,3998.333,2022-11-27 04:15:00.000,L2FT01-FTJ020,15.67,0.000,0.666012,16605,0.435592,0.055345,0,0,0,0.9000,大鹏新区,22,22,0,0,0,0,1
2022-11-27,589179428,20190000000000000003,900200000000000042,1,125.209,310.163,38906.250,2022-11-27 05:30:00.000,L2FT01-FTJ020,15.97,0.000,0.666012,16605,0.435592,0.055345,0,0,0,0.9000,大鹏新区,22,22,0,0,0,0,1
2022-11-27,589179428,20190000000000000003,900200000000000052,1,129.778,329.753,42792.000,2022-11-27 05:45:00.000,L2FT01-FTJ020,15.97,0.000,0.666012,16605,0.435592,0.055345,0,0,0,0.9000,大鹏新区,22,22,0,0,0,0,1
2022-11-27,589179428,20190000000000000003,900200000000000042,1,143.000,310.833,44443.333,2022-11-27 05:45:00.000,L2FT01-FTJ020,15.97,0.000,0.666012,16605,0.435592,0.055345,0,0,0,0.9000,大鹏新区,22,22,0,0,0,0,1
2022-11-27,589179428,20190000000000000003,900200000000000052,1,121.408,331.480,40240.667,2022-11-27 06:00:00.000,L2FT01-FTJ020,16.07,0.000,0.666012,16605,0.435592,0.055345,0,0,0,0.9000,大鹏新区,22,22,0,0,0,0,1
2022-11-27,589179428,20190000000000000003,900200000000000052,1,91.637,333.490,30555.000,2022-11-27 06:15:00.000,L2FT01-FTJ020,16.07,0.000,0.666012,16605,0.435592,0.055345,0,0,0,0.9000,大鹏新区,22,22,0,0,0,0,1
2022-11-27,589179428,20190000000000000003,900200000000000039,1,201.879,311.037,62787.500,2022-11-27 06:30:00.000,L2FT01-FTJ020,16.07,0.000,0.666012,16605,0.435592,0.055345,0,0,0,0.9000,大鹏新区,22,22,0,0,0,0,1
2022-11-27,589179428,20190000000000000003,900200000000000039,1,153.780,311.273,47910.000,2022-11-27 06:45:00.000,L2FT01-FTJ020,16.07,0.000,0.666012,16605,0.435592,0.055345,0,0,0,0.9000,大鹏新区,22,22,0,0,0,0,1
2022-11-27,589179428,20190000000000000003,900200000000000039,1,131.071,311.408,40838.333,2022-11-27 07:00:00.000,L2FT01-FTJ020,15.97,0.000,0.666012,16605,0.435592,0.055345,0,0,0,0.9000,大鹏新区,22,22,0,0,0,0,1
2022-11-27,589179428,20190000000000000003,900200000000000042,1,10.000,408.500,4110.000,2022-11-27 07:15:00.000,L2FT01-FTJ020,15.97,0.000,0.666012,16605,0.435592,0.055345,0,0,0,0.9000,大鹏新区,22,22,0,0,0,0,1
2022-11-27,589179428,20190000000000000003,900200000000000042,1,122.577,470.907,57864.000,2022-11-27 07:30:00.000,L2FT01-FTJ020,15.97,0.000,0.666012,16605,0.435592,0.055345,0,0,0,0.9000,大鹏新区,22,22,0,0,0,0,1
2022-11-27,589179428,20190000000000000003,900200000000000042,1,120.418,472.260,56865.333,2022-11-27 07:45:00.000,L2FT01-FTJ020,15.97,0.000,0.666012,16605,0.435592,0.055345,0,0,0,0.9000,大鹏新区,22,22,0,0,0,0,1
2022-11-27,589179428,20190000000000000003,900200000000000042,1,116.817,472.253,55165.333,2022-11-27 08:00:00.000,L2FT01-FTJ020,15.67,0.000,0.666012,16605,0.435592,0.055345,0,0,0,0.9000,大鹏新区,22,22,0,0,0,0,1
2022-11-27,589179428,20190000000000000003,900200000000000042,1,112.278,472.213,53017.333,2022-11-27 08:15:00.000,L2FT01-FTJ020,15.67,0.000,0.666012,16605,0.435592,0.055345,0,0,0,0.9000,大鹏新区,22,22,0,0,0,0,1
2022-11-27,589179428,20190000000000000003,900200000000000042,1,44.465,471.658,20975.000,2022-11-27 08:30:00.000,L2FT01-FTJ020,15.67,0.000,0.666012,16605,0.435592,0.055345,0,0,0,0.9000,大鹏新区,22,22,0,0,0,0,1
2022-11-27,589179428,20190000000000000003,900200000000000035,1,122.518,434.807,53277.333,2022-11-27 11:00:00.000,L2FT01-FTJ020,13.85,0.000,0.666012,16605,0.435592,0.055345,0,0,0,0.9000,大鹏新区,22,22,0,0,0,0,1
2022-11-27,589179428,20190000000000000003,900200000000000035,1,83.340,455.700,37896.667,2022-11-27 11:15:00.000,L2FT01-FTJ020,13.85,0.000,0.666012,16605,0.435592,0.055345,0,0,0,0.9000,大鹏新区,22,22,0,0,0,0,1
2022-11-27,589179428,20190000000000000003,900200000000000035,1,32.265,459.725,14835.000,2022-11-27 11:30:00.000,L2FT01-FTJ020,13.85,0.000,0.666012,16605,0.435592,0.055345,0,0,0,0.9000,大鹏新区,22,22,0,0,0,0,1
2022-11-27,589179428,20190000000000000003,900200000000000057,1,79.005,414.720,32777.333,2022-11-27 12:00:00.000,L2FT01-FTJ020,13.07,0.000,0.666012,16605,0.435592,0.055345,0,0,0,0.9000,大鹏新区,22,22,0,0,0,0,1
2022-11-27,589179428,20190000000000000003,900200000000000057,1,56.570,414.827,23484.000,2022-11-27 12:15:00.000,L2FT01-FTJ020,13.07,0.000,0.666012,16605,0.435592,0.055345,0,0,0,0.9000,大鹏新区,22,22,0,0,0,0,1
2022-11-27,589179428,20190000000000000003,900200000000000057,1,17.845,414.527,7383.636,2022-11-27 12:30:00.000,L2FT01-FTJ020,13.07,0.000,0.666012,16605,0.435592,0.055345,0,0,0,0.9000,大鹏新区,22,22,0,0,0,0,1
2022-11-27,589179428,20190000000000000003,900200000000000057,1,94.818,331.000,31380.000,2022-11-27 12:45:00.000,L2FT01-FTJ020,13.07,0.000,0.666012,16605,0.435592,0.055345,0,0,0,0.9000,大鹏新区,22,22,0,0,0,0,1
2022-11-27,589179428,20190000000000000003,900200000000000057,1,73.516,333.267,24445.000,2022-11-27 13:00:00.000,L2FT01-FTJ020,12.30,0.000,0.666012,16605,0.435592,0.055345,0,0,0,0.9000,大鹏新区,22,22,0,0,0,0,1
2022-11-27,589179428,20190000000000000003,900200000000000038,1,75.465,396.900,30252.500,2022-11-27 13:45:00.000,L2FT01-FTJ020,12.30,0.000,0.666012,16605,0.435592,0.055345,0,0,0,0.9000,大鹏新区,22,22,0,0,0,0,1
2022-11-27,589179428,20190000000000000003,900200000000000057,1,149.879,391.012,58603.750,2022-11-27 15:15:00.000,L2FT01-FTJ020,10.95,0.000,0.666012,16605,0.435592,0.055345,0,0,0,0.9000,大鹏新区,22,22,0,0,0,0,1
2022-11-27,589179428,20190000000000000003,900200000000000045,1,87.294,391.780,35219.000,2022-11-27 15:30:00.000,L2FT01-FTJ020,10.95,0.000,0.666012,16605,0.435592,0.055345,0,0,0,0.9000,大鹏新区,22,22,0,0,0,0,1
2022-11-27,589179428,20190000000000000003,900200000000000045,1,76.525,412.513,31621.333,2022-11-27 15:45:00.000,L2FT01-FTJ020,10.95,0.000,0.666012,16605,0.435592,0.055345,0,0,0,0.9000,大鹏新区,22,22,0,0,0,0,1
2022-11-27,589179428,20190000000000000003,900200000000000045,1,73.234,429.680,31419.333,2022-11-27 16:00:00.000,L2FT01-FTJ020,10.47,0.000,0.666012,16605,0.435592,0.055345,0,0,0,0.9000,大鹏新区,22,22,0,0,0,0,1
2022-11-27,589179428,20190000000000000003,900200000000000045,1,38.583,435.622,16800.000,2022-11-27 16:15:00.000,L2FT01-FTJ020,10.47,0.000,0.666012,16605,0.435592,0.055345,0,0,0,0.9000,大鹏新区,22,22,0,0,0,0,1
2022-11-27,589179428,20190000000000000003,900200000000000049,1,71.590,306.800,21960.000,2022-11-27 16:15:00.000,L2FT01-FTJ020,10.47,0.000,0.666012,16605,0.435592,0.055345,0,0,0,0.9000,大鹏新区,22,22,0,0,0,0,1
2022-11-27,589179428,20190000000000000003,900200000000000039,1,60.492,361.620,21916.000,2022-11-27 16:30:00.000,L2FT01-FTJ020,10.47,0.000,0.666012,16605,0.435592,0.055345,0,0,0,0.9000,大鹏新区,22,22,0,0,0,0,1
2022-11-27,589179428,20190000000000000003,900200000000000032,1,119.907,315.408,37333.077,2022-11-27 16:30:00.000,L2FT01-FTJ020,10.47,0.000,0.666012,16605,0.435592,0.055345,0,0,0,0.9000,大鹏新区,22,22,0,0,0,0,1
2022-11-27,589179428,20190000000000000003,900200000000000032,1,129.927,313.960,40788.000,2022-11-27 16:45:00.000,L2FT01-FTJ020,10.47,0.000,0.666012,16605,0.435592,0.055345,0,0,0,0.9000,大鹏新区,22,22,0,0,0,0,1
2022-11-27,589179428,20190000000000000003,900200000000000039,1,84.567,364.333,30806.667,2022-11-27 16:45:00.000,L2FT01-FTJ020,10.47,0.000,0.666012,16605,0.435592,0.055345,0,0,0,0.9000,大鹏新区,22,22,0,0,0,0,1
2022-11-27,589179428,20190000000000000003,900200000000000032,1,129.910,316.573,41123.636,2022-11-27 17:00:00.000,L2FT01-FTJ020,10.17,0.000,0.666012,16605,0.435592,0.055345,0,0,0,0.9000,大鹏新区,22,22,0,0,0,0,1
2022-11-27,589179428,20190000000000000003,900200000000000038,1,59.656,362.260,21628.000,2022-11-27 17:00:00.000,L2FT01-FTJ020,10.17,0.000,0.666012,16605,0.435592,0.055345,0,0,0,0.9000,大鹏新区,22,22,0,0,0,0,1
2022-11-27,589179428,20190000000000000003,900200000000000039,1,87.693,364.133,31930.000,2022-11-27 17:00:00.000,L2FT01-FTJ020,10.17,0.000,0.666012,16605,0.435592,0.055345,0,0,0,0.9000,大鹏新区,22,22,0,0,0,0,1
2022-11-27,589179428,20190000000000000003,900200000000000032,1,69.290,322.300,22330.000,2022-11-27 17:15:00.000,L2FT01-FTJ020,10.17,0.000,0.666012,16605,0.435592,0.055345,0,0,0,0.9000,大鹏新区,22,22,0,0,0,0,1
2022-11-27,589179428,20190000000000000003,900200000000000035,1,18.090,332.100,6010.000,2022-11-27 20:15:00.000,L2FT01-FTJ020,10.47,0.000,0.666012,16605,0.435592,0.055345,0,0,0,0.9000,大鹏新区,22,22,0,0,0,0,1
2022-11-27,589179428,20190000000000000003,900200000000000035,1,117.505,343.913,40547.333,2022-11-27 20:30:00.000,L2FT01-FTJ020,10.47,0.000,0.666012,16605,0.435592,0.055345,0,0,0,0.9000,大鹏新区,22,22,0,0,0,0,1
2022-11-27,589179428,20190000000000000003,900200000000000035,1,129.173,358.340,46276.000,2022-11-27 20:45:00.000,L2FT01-FTJ020,10.47,0.000,0.666012,16605,0.435592,0.055345,0,0,0,0.9000,大鹏新区,22,22,0,0,0,0,1
2022-11-27,589179428,20190000000000000003,900200000000000035,1,100.607,373.673,37513.333,2022-11-27 21:00:00.000,L2FT01-FTJ020,10.95,0.000,0.666012,16605,0.435592,0.055345,0,0,0,0.9000,大鹏新区,22,22,0,0,0,0,1
2022-11-27,589179428,20190000000000000003,900200000000000035,1,81.690,382.000,31205.000,2022-11-27 21:15:00.000,L2FT01-FTJ020,10.95,0.000,0.666012,16605,0.435592,0.055345,0,0,0,0.9000,大鹏新区,22,22,0,0,0,0,1
2022-11-28,589179428,20190000000000000003,900200000000000049,1,105.718,468.938,50281.538,2022-11-28 00:00:00.000,L2FT01-FTJ020,13.07,0.000,0.666012,16605,0.435592,0.055345,0,0,1,0.9000,大鹏新区,22,22,0,0,0,0,1
2022-11-28,589179428,20190000000000000003,900200000000000056,1,150.020,310.720,46614.000,2022-11-28 00:15:00.000,L2FT01-FTJ020,13.07,0.000,0.666012,16605,0.435592,0.055345,0,0,1,0.9000,大鹏新区,22,22,0,0,0,0,1
2022-11-28,589179428,20190000000000000003,900200000000000049,1,80.823,477.413,38588.667,2022-11-28 00:15:00.000,L2FT01-FTJ020,13.07,0.000,0.666012,16605,0.435592,0.055345,0,0,1,0.9000,大鹏新区,22,22,0,0,0,0,1
2022-11-28,589179428,20190000000000000003,900200000000000049,1,32.840,477.300,15675.000,2022-11-28 00:30:00.000,L2FT01-FTJ020,13.07,0.000,0.666012,16605,0.435592,0.055345,0,0,1,0.9000,大鹏新区,22,22,0,0,0,0,1
2022-11-28,589179428,20190000000000000003,900200000000000056,1,150.060,311.333,46716.667,2022-11-28 00:30:00.000,L2FT01-FTJ020,13.07,0.000,0.666012,16605,0.435592,0.055345,0,0,1,0.9000,大鹏新区,22,22,0,0,0,0,1
2022-11-28,589179428,20190000000000000003,900200000000000056,1,150.053,313.520,47041.333,2022-11-28 00:45:00.000,L2FT01-FTJ020,13.07,0.000,0.666012,16605,0.435592,0.055345,0,0,1,0.9000,大鹏新区,22,22,0,0,0,0,1
2022-11-28,589179428,20190000000000000003,900200000000000056,1,150.033,315.013,47258.000,2022-11-28 01:00:00.000,L2FT01-FTJ020,13.85,0.000,0.666012,16605,0.435592,0.055345,0,0,1,0.9000,大鹏新区,22,22,0,0,0,0,1
2022-11-28,589179428,20190000000000000003,900200000000000056,1,117.194,320.482,37406.364,2022-11-28 01:15:00.000,L2FT01-FTJ020,13.85,0.000,0.666012,16605,0.435592,0.055345,0,0,1,0.9000,大鹏新区,22,22,0,0,0,0,1
2022-11-28,589179428,20190000000000000003,900200000000000034,1,199.858,314.000,62749.286,2022-11-28 02:30:00.000,L2FT01-FTJ020,14.57,0.000,0.666012,16605,0.435592,0.055345,0,0,1,0.9000,大鹏新区,22,22,0,0,0,0,1
2022-11-28,589179428,20190000000000000003,900200000000000034,1,175.351,314.520,55154.000,2022-11-28 02:45:00.000,L2FT01-FTJ020,14.57,0.000,0.666012,16605,0.435592,0.055345,0,0,1,0.9000,大鹏新区,22,22,0,0,0,0,1
2022-11-28,589179428,20190000000000000003,900200000000000034,1,161.243,315.273,50832.667,2022-11-28 03:00:00.000,L2FT01-FTJ020,15.19,0.000,0.666012,16605,0.435592,0.055345,0,0,1,0.9000,大鹏新区,22,22,0,0,0,0,1
2022-11-28,589179428,20190000000000000003,900200000000000056,1,129.912,305.517,39687.500,2022-11-28 03:00:00.000,L2FT01-FTJ020,15.19,0.000,0.666012,16605,0.435592,0.055345,0,0,1,0.9000,大鹏新区,22,22,0,0,0,0,1
2022-11-28,589179428,20190000000000000003,900200000000000034,1,121.814,318.960,38720.667,2022-11-28 03:15:00.000,L2FT01-FTJ020,15.19,0.000,0.666012,16605,0.435592,0.055345,0,0,1,0.9000,大鹏新区,22,22,0,0,0,0,1
2022-11-28,589179428,20190000000000000003,900200000000000056,1,130.042,310.427,40366.000,2022-11-28 03:15:00.000,L2FT01-FTJ020,15.19,0.000,0.666012,16605,0.435592,0.055345,0,0,1,0.9000,大鹏新区,22,22,0,0,0,0,1
2022-11-28,589179428,20190000000000000003,900200000000000056,1,130.090,311.480,40519.333,2022-11-28 03:30:00.000,L2FT01-FTJ020,15.19,0.000,0.666012,16605,0.435592,0.055345,0,0,1,0.9000,大鹏新区,22,22,0,0,0,0,1
2022-11-28,589179428,20190000000000000003,900200000000000034,1,22.090,328.600,7260.000,2022-11-28 03:30:00.000,L2FT01-FTJ020,15.19,0.000,0.666012,16605,0.435592,0.055345,0,0,1,0.9000,大鹏新区,22,22,0,0,0,0,1
2022-11-28,589179428,20190000000000000003,900200000000000056,1,130.090,312.987,40716.000,2022-11-28 03:45:00.000,L2FT01-FTJ020,15.19,0.000,0.666012,16605,0.435592,0.055345,0,0,1,0.9000,大鹏新区,22,22,0,0,0,0,1
2022-11-28,589179428,20190000000000000003,900200000000000056,1,130.090,314.447,40904.000,2022-11-28 04:00:00.000,L2FT01-FTJ020,15.67,0.000,0.666012,16605,0.435592,0.055345,0,0,1,0.9000,大鹏新区,22,22,0,0,0,0,1
2022-11-28,589179428,20190000000000000003,900200000000000038,1,71.392,383.700,27390.000,2022-11-28 04:15:00.000,L2FT01-FTJ020,15.67,0.000,0.666012,16605,0.435592,0.055345,0,0,1,0.9000,大鹏新区,22,22,0,0,0,0,1
2022-11-28,589179428,20190000000000000003,900200000000000056,1,130.048,315.487,41025.333,2022-11-28 04:15:00.000,L2FT01-FTJ020,15.67,0.000,0.666012,16605,0.435592,0.055345,0,0,1,0.9000,大鹏新区,22,22,0,0,0,0,1
2022-11-28,589179428,20190000000000000003,900200000000000031,1,64.845,304.700,21325.000,2022-11-28 04:30:00.000,L2FT01-FTJ020,15.67,0.000,0.666012,16605,0.435592,0.055345,0,0,1,0.9000,大鹏新区,22,22,0,0,0,0,1
2022-11-28,589179428,20190000000000000003,900200000000000038,1,71.197,390.087,27772.000,2022-11-28 04:30:00.000,L2FT01-FTJ020,15.67,0.000,0.666012,16605,0.435592,0.055345,0,0,1,0.9000,大鹏新区,22,22,0,0,0,0,1
2022-11-28,589179428,20190000000000000003,900200000000000056,1,103.578,321.636,33131.818,2022-11-28 04:30:00.000,L2FT01-FTJ020,15.67,0.000,0.666012,16605,0.435592,0.055345,0,0,1,0.9000,大鹏新区,22,22,0,0,0,0,1
2022-11-28,589179428,20190000000000000003,900200000000000031,1,129.793,330.280,42862.667,2022-11-28 04:45:00.000,L2FT01-FTJ020,15.67,0.000,0.666012,16605,0.435592,0.055345,0,0,1,0.9000,大鹏新区,22,22,0,0,0,0,1
2022-11-28,589179428,20190000000000000003,900200000000000038,1,70.550,399.800,28204.000,2022-11-28 04:45:00.000,L2FT01-FTJ020,15.67,0.000,0.666012,16605,0.435592,0.055345,0,0,1,0.9000,大鹏新区,22,22,0,0,0,0,1
2022-11-28,589179428,20190000000000000003,900200000000000031,1,115.311,331.987,38276.000,2022-11-28 05:00:00.000,L2FT01-FTJ020,15.97,0.000,0.666012,16605,0.435592,0.055345,0,0,1,0.9000,大鹏新区,22,22,0,0,0,0,1
2022-11-28,589179428,20190000000000000003,900200000000000038,1,38.221,403.320,15415.333,2022-11-28 05:00:00.000,L2FT01-FTJ020,15.97,0.000,0.666012,16605,0.435592,0.055345,0,0,1,0.9000,大鹏新区,22,22,0,0,0,0,1
2022-11-28,589179428,20190000000000000003,900200000000000031,1,82.842,334.600,27741.667,2022-11-28 05:15:00.000,L2FT01-FTJ020,15.97,0.000,0.666012,16605,0.435592,0.055345,0,0,1,0.9000,大鹏新区,22,22,0,0,0,0,1
2022-11-28,589179428,20190000000000000003,900200000000000038,1,20.278,404.540,8200.667,2022-11-28 05:15:00.000,L2FT01-FTJ020,15.97,0.000,0.666012,16605,0.435592,0.055345,0,0,1,0.9000,大鹏新区,22,22,0,0,0,0,1
2022-11-28,589179428,20190000000000000003,900200000000000038,1,11.997,405.293,4861.333,2022-11-28 05:30:00.000,L2FT01-FTJ020,15.97,0.000,0.666012,16605,0.435592,0.055345,0,0,1,0.9000,大鹏新区,22,22,0,0,0,0,1
2022-11-28,589179428,20190000000000000003,900200000000000038,1,9.890,405.700,4010.000,2022-11-28 05:45:00.000,L2FT01-FTJ020,15.97,0.000,0.666012,16605,0.435592,0.055345,0,0,1,0.9000,大鹏新区,22,22,0,0,0,0,1
2022-11-28,589179428,20190000000000000003,900200000000000035,1,50.900,339.150,18775.000,2022-11-28 06:30:00.000,L2FT01-FTJ020,16.07,0.000,0.666012,16605,0.435592,0.055345,0,0,1,0.9000,大鹏新区,22,22,0,0,0,0,1
2022-11-28,589179428,20190000000000000003,900200000000000037,1,45.065,390.925,17880.000,2022-11-28 06:45:00.000,L2FT01-FTJ020,16.07,0.000,0.666012,16605,0.435592,0.055345,0,0,1,0.9000,大鹏新区,22,22,0,0,0,0,1
2022-11-28,589179428,20190000000000000003,900200000000000037,1,137.000,401.875,55052.500,2022-11-28 07:00:00.000,L2FT01-FTJ020,15.97,0.000,0.666012,16605,0.435592,0.055345,0,0,1,0.9000,大鹏新区,22,22,0,0,0,0,1
2022-11-28,589179428,20190000000000000003,900200000000000037,1,13.193,311.267,5533.333,2022-11-28 09:00:00.000,L2FT01-FTJ020,15.19,0.000,0.666012,16605,0.435592,0.055345,0,0,1,0.9000,大鹏新区,22,22,0,0,0,0,1
2022-11-28,589179428,20190000000000000003,900200000000000037,1,126.375,472.700,59734.000,2022-11-28 09:15:00.000,L2FT01-FTJ020,15.19,0.000,0.666012,16605,0.435592,0.055345,0,0,1,0.9000,大鹏新区,22,22,0,0,0,0,1
2022-11-28,589179428,20190000000000000003,900200000000000037,1,63.265,471.907,29862.000,2022-11-28 09:30:00.000,L2FT01-FTJ020,15.19,0.000,0.666012,16605,0.435592,0.055345,0,0,1,0.9000,大鹏新区,22,22,0,0,0,0,1
2022-11-28,589179428,20190000000000000003,900200000000000037,1,28.790,471.500,13570.000,2022-11-28 09:45:00.000,L2FT01-FTJ020,15.19,0.000,0.666012,16605,0.435592,0.055345,0,0,1,0.9000,大鹏新区,22,22,0,0,0,0,1
2022-11-28,589179428,20190000000000000003,900200000000000044,1,52.945,330.890,17515.000,2022-11-28 10:00:00.000,L2FT01-FTJ020,14.57,0.000,0.666012,16605,0.435592,0.055345,0,0,1,0.9000,大鹏新区,22,22,0,0,0,0,1
2022-11-28,589179428,20190000000000000003,900200000000000044,1,52.890,340.087,17984.000,2022-11-28 10:15:00.000,L2FT01-FTJ020,14.57,0.000,0.666012,16605,0.435592,0.055345,0,0,1,0.9000,大鹏新区,22,22,0,0,0,0,1
2022-11-28,589179428,20190000000000000003,900200000000000037,1,126.190,392.300,49500.000,2022-11-28 10:30:00.000,L2FT01-FTJ020,14.57,0.000,0.666012,16605,0.435592,0.055345,0,0,1,0.9000,大鹏新区,22,22,0,0,0,0,1
2022-11-28,589179428,20190000000000000003,900200000000000044,1,51.938,352.860,18322.667,2022-11-28 10:30:00.000,L2FT01-FTJ020,14.57,0.000,0.666012,16605,0.435592,0.055345,0,0,1,0.9000,大鹏新区,22,22,0,0,0,0,1
2022-11-28,589179428,20190000000000000003,900200000000000037,1,88.790,391.713,34831.333,2022-11-28 10:45:00.000,L2FT01-FTJ020,14.57,0.000,0.666012,16605,0.435592,0.055345,0,0,1,0.9000,大鹏新区,22,22,0,0,0,0,1
2022-11-28,589179428,20190000000000000003,900200000000000044,1,28.218,359.920,10147.333,2022-11-28 10:45:00.000,L2FT01-FTJ020,14.57,0.000,0.666012,16605,0.435592,0.055345,0,0,1,0.9000,大鹏新区,22,22,0,0,0,0,1
2022-11-28,589179428,20190000000000000003,900200000000000044,1,10.304,360.914,3715.714,2022-11-28 11:00:00.000,L2FT01-FTJ020,13.85,0.000,0.666012,16605,0.435592,0.055345,0,0,1,0.9000,大鹏新区,22,22,0,0,0,0,1
2022-11-28,589179428,20190000000000000003,900200000000000037,1,45.790,388.500,17790.000,2022-11-28 11:00:00.000,L2FT01-FTJ020,13.85,0.000,0.666012,16605,0.435592,0.055345,0,0,1,0.9000,大鹏新区,22,22,0,0,0,0,1
2022-11-28,589179428,20190000000000000003,900200000000000043,1,130.001,313.790,40792.000,2022-11-28 11:30:00.000,L2FT01-FTJ020,13.85,0.000,0.666012,16605,0.435592,0.055345,0,0,1,0.9000,大鹏新区,22,22,0,0,0,0,1
2022-11-28,589179428,20190000000000000003,900200000000000043,1,129.890,315.813,41019.333,2022-11-28 11:45:00.000,L2FT01-FTJ020,13.85,0.000,0.666012,16605,0.435592,0.055345,0,0,1,0.9000,大鹏新区,22,22,0,0,0,0,1
2022-11-28,589179428,20190000000000000003,900200000000000056,1,49.863,345.500,17612.667,2022-11-28 11:45:00.000,L2FT01-FTJ020,13.85,0.000,0.666012,16605,0.435592,0.055345,0,0,1,0.9000,大鹏新区,22,22,0,0,0,0,1
2022-11-28,589179428,20190000000000000003,900200000000000032,1,121.969,468.429,58007.143,2022-11-28 12:00:00.000,L2FT01-FTJ020,13.07,0.000,0.666012,16605,0.435592,0.055345,0,0,1,0.9000,大鹏新区,22,22,0,0,0,0,1
2022-11-28,589179428,20190000000000000003,900200000000000043,1,29.890,329.800,9860.000,2022-11-28 12:00:00.000,L2FT01-FTJ020,13.07,0.000,0.666012,16605,0.435592,0.055345,0,0,1,0.9000,大鹏新区,22,22,0,0,0,0,1
2022-11-28,589179428,20190000000000000003,900200000000000044,1,9.890,361.400,3570.000,2022-11-28 12:00:00.000,L2FT01-FTJ020,13.07,0.000,0.666012,16605,0.435592,0.055345,0,0,1,0.9000,大鹏新区,22,22,0,0,0,0,1
2022-11-28,589179428,20190000000000000003,900200000000000056,1,69.877,365.853,25535.333,2022-11-28 12:00:00.000,L2FT01-FTJ020,13.07,0.000,0.666012,16605,0.435592,0.055345,0,0,1,0.9000,大鹏新区,22,22,0,0,0,0,1
2022-11-28,589179428,20190000000000000003,900200000000000032,1,145.857,476.900,69564.667,2022-11-28 12:15:00.000,L2FT01-FTJ020,13.07,0.000,0.666012,16605,0.435592,0.055345,0,0,1,0.9000,大鹏新区,22,22,0,0,0,0,1
2022-11-28,589179428,20190000000000000003,900200000000000056,1,43.090,371.114,15991.429,2022-11-28 12:15:00.000,L2FT01-FTJ020,13.07,0.000,0.666012,16605,0.435592,0.055345,0,0,1,0.9000,大鹏新区,22,22,0,0,0,0,1
2022-11-28,589179428,20190000000000000003,900200000000000032,1,94.559,476.467,45050.000,2022-11-28 12:30:00.000,L2FT01-FTJ020,13.07,0.000,0.666012,16605,0.435592,0.055345,0,0,1,0.9000,大鹏新区,22,22,0,0,0,0,1
2022-11-28,589179428,20190000000000000003,900200000000000037,1,63.828,343.562,21927.500,2022-11-28 12:30:00.000,L2FT01-FTJ020,13.07,0.000,0.666012,16605,0.435592,0.055345,0,0,1,0.9000,大鹏新区,22,22,0,0,0,0,1
2022-11-28,589179428,20190000000000000003,900200000000000032,1,54.204,475.800,25802.500,2022-11-28 12:45:00.000,L2FT01-FTJ020,13.07,0.000,0.666012,16605,0.435592,0.055345,0,0,1,0.9000,大鹏新区,22,22,0,0,0,0,1
2022-11-28,589179428,20190000000000000003,900200000000000037,1,63.843,354.227,22612.667,2022-11-28 12:45:00.000,L2FT01-FTJ020,13.07,0.000,0.666012,16605,0.435592,0.055345,0,0,1,0.9000,大鹏新区,22,22,0,0,0,0,1
2022-11-28,589179428,20190000000000000003,900200000000000037,1,48.903,365.607,17867.333,2022-11-28 13:00:00.000,L2FT01-FTJ020,12.30,0.000,0.666012,16605,0.435592,0.055345,0,0,1,0.9000,大鹏新区,22,22,0,0,0,0,1
2022-11-28,589179428,20190000000000000003,900200000000000037,1,26.837,369.627,9916.667,2022-11-28 13:15:00.000,L2FT01-FTJ020,12.30,0.000,0.666012,16605,0.435592,0.055345,0,0,1,0.9000,大鹏新区,22,22,0,0,0,0,1
2022-11-28,589179428,20190000000000000003,900200000000000037,1,13.090,371.400,4861.333,2022-11-28 13:30:00.000,L2FT01-FTJ020,12.30,0.000,0.666012,16605,0.435592,0.055345,0,0,1,0.9000,大鹏新区,22,22,0,0,0,0,1
2022-11-28,589179428,20190000000000000003,900200000000000045,1,132.060,364.383,48333.333,2022-11-28 13:30:00.000,L2FT01-FTJ020,12.30,0.000,0.666012,16605,0.435592,0.055345,0,0,1,0.9000,大鹏新区,22,22,0,0,0,0,1
2022-11-28,589179428,20190000000000000003,900200000000000049,1,77.159,311.283,24232.500,2022-11-28 13:30:00.000,L2FT01-FTJ020,12.30,0.000,0.666012,16605,0.435592,0.055345,0,0,1,0.9000,大鹏新区,22,22,0,0,0,0,1
2022-11-28,589179428,20190000000000000003,900200000000000037,1,13.090,373.200,4885.000,2022-11-28 13:45:00.000,L2FT01-FTJ020,12.30,0.000,0.666012,16605,0.435592,0.055345,0,0,1,0.9000,大鹏新区,22,22,0,0,0,0,1
2022-11-28,589179428,20190000000000000003,900200000000000045,1,149.725,368.407,55158.667,2022-11-28 13:45:00.000,L2FT01-FTJ020,12.30,0.000,0.666012,16605,0.435592,0.055345,0,0,1,0.9000,大鹏新区,22,22,0,0,0,0,1
2022-11-28,589179428,20190000000000000003,900200000000000049,1,80.632,318.093,25646.000,2022-11-28 13:45:00.000,L2FT01-FTJ020,12.30,0.000,0.666012,16605,0.435592,0.055345,0,0,1,0.9000,大鹏新区,22,22,0,0,0,0,1
2022-11-28,589179428,20190000000000000003,900200000000000057,1,54.807,334.233,18376.667,2022-11-28 13:45:00.000,L2FT01-FTJ020,12.30,0.000,0.666012,16605,0.435592,0.055345,0,0,1,0.9000,大鹏新区,22,22,0,0,0,0,1
2022-11-28,589179428,20190000000000000003,900200000000000045,1,149.778,371.173,55591.333,2022-11-28 14:00:00.000,L2FT01-FTJ020,11.57,0.000,0.666012,16605,0.435592,0.055345,0,0,1,0.9000,大鹏新区,22,22,0,0,0,0,1
2022-11-28,589179428,20190000000000000003,900200000000000049,1,76.847,324.547,24936.000,2022-11-28 14:00:00.000,L2FT01-FTJ020,11.57,0.000,0.666012,16605,0.435592,0.055345,0,0,1,0.9000,大鹏新区,22,22,0,0,0,0,1
2022-11-28,589179428,20190000000000000003,900200000000000057,1,59.790,346.853,20738.000,2022-11-28 14:00:00.000,L2FT01-FTJ020,11.57,0.000,0.666012,16605,0.435592,0.055345,0,0,1,0.9000,大鹏新区,22,22,0,0,0,0,1
2022-11-28,589179428,20190000000000000003,900200000000000049,1,58.623,329.244,19308.889,2022-11-28 14:15:00.000,L2FT01-FTJ020,11.57,0.000,0.666012,16605,0.435592,0.055345,0,0,1,0.9000,大鹏新区,22,22,0,0,0,0,1
2022-11-28,589179428,20190000000000000003,900200000000000045,1,140.335,372.788,52313.750,2022-11-28 14:15:00.000,L2FT01-FTJ020,11.57,0.000,0.666012,16605,0.435592,0.055345,0,0,1,0.9000,大鹏新区,22,22,0,0,0,0,1
2022-11-28,589179428,20190000000000000003,900200000000000057,1,57.983,359.360,20827.333,2022-11-28 14:15:00.000,L2FT01-FTJ020,11.57,0.000,0.666012,16605,0.435592,0.055345,0,0,1,0.9000,大鹏新区,22,22,0,0,0,0,1
2022-11-28,589179428,20190000000000000003,900200000000000048,1,113.586,315.475,35766.250,2022-11-28 14:30:00.000,L2FT01-FTJ020,11.57,0.000,0.666012,16605,0.435592,0.055345,0,0,1,0.9000,大鹏新区,22,22,0,0,0,0,1
2022-11-28,589179428,20190000000000000003,900200000000000057,1,24.637,365.253,8994.667,2022-11-28 14:30:00.000,L2FT01-FTJ020,11.57,0.000,0.666012,16605,0.435592,0.055345,0,0,1,0.9000,大鹏新区,22,22,0,0,0,0,1
2022-11-28,589179428,20190000000000000003,900200000000000048,1,84.844,322.440,27212.000,2022-11-28 14:45:00.000,L2FT01-FTJ020,11.57,0.000,0.666012,16605,0.435592,0.055345,0,0,1,0.9000,大鹏新区,22,22,0,0,0,0,1
2022-11-28,589179428,20190000000000000003,900200000000000042,1,120.328,351.267,42263.333,2022-11-28 15:30:00.000,L2FT01-FTJ020,10.95,0.000,0.666012,16605,0.435592,0.055345,0,0,1,0.9000,大鹏新区,22,22,0,0,0,0,1
2022-11-28,589179428,20190000000000000003,900200000000000042,1,108.179,357.687,38675.333,2022-11-28 15:45:00.000,L2FT01-FTJ020,10.95,0.000,0.666012,16605,0.435592,0.055345,0,0,1,0.9000,大鹏新区,22,22,0,0,0,0,1
2022-11-28,589179428,20190000000000000003,900200000000000042,1,97.842,367.453,35950.667,2022-11-28 16:00:00.000,L2FT01-FTJ020,10.47,0.000,0.666012,16605,0.435592,0.055345,0,0,1,0.9000,大鹏新区,22,22,0,0,0,0,1
2022-11-28,589179428,20190000000000000003,900200000000000042,1,97.800,376.550,36825.000,2022-11-28 16:15:00.000,L2FT01-FTJ020,10.47,0.000,0.666012,16605,0.435592,0.055345,0,0,1,0.9000,大鹏新区,22,22,0,0,0,0,1
2022-11-28,589179428,20190000000000000003,900200000000000057,1,86.130,413.100,35806.667,2022-11-28 17:00:00.000,L2FT01-FTJ020,10.17,0.000,0.666012,16605,0.435592,0.055345,0,0,1,0.9000,大鹏新区,22,22,0,0,0,0,1
2022-11-28,589179428,20190000000000000003,900200000000000038,1,25.645,312.200,9205.000,2022-11-28 17:15:00.000,L2FT01-FTJ020,10.17,0.000,0.666012,16605,0.435592,0.055345,0,0,1,0.9000,大鹏新区,22,22,0,0,0,0,1
2022-11-28,589179428,20190000000000000003,900200000000000057,1,123.167,428.347,52746.000,2022-11-28 17:15:00.000,L2FT01-FTJ020,10.17,0.000,0.666012,16605,0.435592,0.055345,0,0,1,0.9000,大鹏新区,22,22,0,0,0,0,1
2022-11-28,589179428,20190000000000000003,900200000000000042,1,97.890,377.800,36980.000,2022-11-28 17:30:00.000,L2FT01-FTJ020,10.17,0.000,0.666012,16605,0.435592,0.055345,0,0,1,0.9000,大鹏新区,22,22,0,0,0,0,1
2022-11-28,589179428,20190000000000000003,900200000000000057,1,102.827,450.620,46226.667,2022-11-28 17:30:00.000,L2FT01-FTJ020,10.17,0.000,0.666012,16605,0.435592,0.055345,0,0,1,0.9000,大鹏新区,22,22,0,0,0,0,1
2022-11-28,589179428,20190000000000000003,900200000000000044,1,50.249,378.092,18906.667,2022-11-28 17:45:00.000,L2FT01-FTJ020,10.17,0.000,0.666012,16605,0.435592,0.055345,0,0,1,0.9000,大鹏新区,22,22,0,0,0,0,1
2022-11-28,589179428,20190000000000000003,900200000000000057,1,33.725,459.487,15484.000,2022-11-28 17:45:00.000,L2FT01-FTJ020,10.17,0.000,0.666012,16605,0.435592,0.055345,0,0,1,0.9000,大鹏新区,22,22,0,0,0,0,1
2022-11-28,589179428,20190000000000000003,900200000000000044,1,50.390,390.620,19668.000,2022-11-28 18:00:00.000,L2FT01-FTJ020,10.07,0.000,0.666012,16605,0.435592,0.055345,0,0,1,0.9000,大鹏新区,22,22,0,0,0,0,1
2022-11-28,589179428,20190000000000000003,900200000000000056,1,144.000,310.500,44705.000,2022-11-28 18:00:00.000,L2FT01-FTJ020,10.07,0.000,0.666012,16605,0.435592,0.055345,0,0,1,0.9000,大鹏新区,22,22,0,0,0,0,1
2022-11-28,589179428,20190000000000000003,900200000000000057,1,19.790,461.400,9130.000,2022-11-28 18:00:00.000,L2FT01-FTJ020,10.07,0.000,0.666012,16605,0.435592,0.055345,0,0,1,0.9000,大鹏新区,22,22,0,0,0,0,1
2022-11-28,589179428,20190000000000000003,900200000000000056,1,144.056,312.679,45037.857,2022-11-28 18:15:00.000,L2FT01-FTJ020,10.07,0.000,0.666012,16605,0.435592,0.055345,0,0,1,0.9000,大鹏新区,22,22,0,0,0,0,1
2022-11-28,589179428,20190000000000000003,900200000000000044,1,19.643,395.147,7759.333,2022-11-28 18:15:00.000,L2FT01-FTJ020,10.07,0.000,0.666012,16605,0.435592,0.055345,0,0,1,0.9000,大鹏新区,22,22,0,0,0,0,1
2022-11-28,589179428,20190000000000000003,900200000000000044,1,7.763,395.855,3071.818,2022-11-28 18:30:00.000,L2FT01-FTJ020,10.07,0.000,0.666012,16605,0.435592,0.055345,0,0,1,0.9000,大鹏新区,22,22,0,0,0,0,1
2022-11-28,589179428,20190000000000000003,900200000000000048,1,93.184,456.167,43653.333,2022-11-28 19:00:00.000,L2FT01-FTJ020,10.17,0.000,0.666012,16605,0.435592,0.055345,0,0,1,0.9000,大鹏新区,22,22,0,0,0,0,1
2022-11-28,589179428,20190000000000000003,900200000000000048,1,123.763,471.887,58397.333,2022-11-28 19:15:00.000,L2FT01-FTJ020,10.17,0.000,0.666012,16605,0.435592,0.055345,0,0,1,0.9000,大鹏新区,22,22,0,0,0,0,1
2022-11-28,589179428,20190000000000000003,900200000000000048,1,116.806,471.827,55106.000,2022-11-28 19:30:00.000,L2FT01-FTJ020,10.17,0.000,0.666012,16605,0.435592,0.055345,0,0,1,0.9000,大鹏新区,22,22,0,0,0,0,1
2022-11-28,589179428,20190000000000000003,900200000000000048,1,73.807,471.413,34800.667,2022-11-28 19:45:00.000,L2FT01-FTJ020,10.17,0.000,0.666012,16605,0.435592,0.055345,0,0,1,0.9000,大鹏新区,22,22,0,0,0,0,1
2022-11-28,589179428,20190000000000000003,900200000000000048,1,28.890,471.050,13610.000,2022-11-28 20:00:00.000,L2FT01-FTJ020,10.47,0.000,0.666012,16605,0.435592,0.055345,0,0,1,0.9000,大鹏新区,22,22,0,0,0,0,1
2022-11-28,589179428,20190000000000000003,900200000000000032,1,66.783,370.300,24780.000,2022-11-28 20:15:00.000,L2FT01-FTJ020,10.47,0.000,0.666012,16605,0.435592,0.055345,0,0,1,0.9000,大鹏新区,22,22,0,0,0,0,1
2022-11-28,589179428,20190000000000000003,900200000000000038,1,71.750,289.450,27880.000,2022-11-28 20:15:00.000,L2FT01-FTJ020,10.47,0.000,0.666012,16605,0.435592,0.055345,0,0,1,0.9000,大鹏新区,22,22,0,0,0,0,1
2022-11-28,589179428,20190000000000000003,900200000000000032,1,70.097,383.613,26878.667,2022-11-28 20:30:00.000,L2FT01-FTJ020,10.47,0.000,0.666012,16605,0.435592,0.055345,0,0,1,0.9000,大鹏新区,22,22,0,0,0,0,1
2022-11-28,589179428,20190000000000000003,900200000000000032,1,44.345,391.936,17380.000,2022-11-28 20:45:00.000,L2FT01-FTJ020,10.47,0.000,0.666012,16605,0.435592,0.055345,0,0,1,0.9000,大鹏新区,22,22,0,0,0,0,1
2022-11-28,589179428,20190000000000000003,900200000000000037,1,126.092,393.840,49658.000,2022-11-28 20:45:00.000,L2FT01-FTJ020,10.47,0.000,0.666012,16605,0.435592,0.055345,0,0,1,0.9000,大鹏新区,22,22,0,0,0,0,1
2022-11-28,589179428,20190000000000000003,900200000000000037,1,98.357,392.875,38650.833,2022-11-28 21:00:00.000,L2FT01-FTJ020,10.95,0.000,0.666012,16605,0.435592,0.055345,0,0,1,0.9000,大鹏新区,22,22,0,0,0,0,1
2022-11-29,589179428,20190000000000000003,900200000000000032,1,66.106,358.823,24820.769,2022-11-29 00:45:00.000,L2FT01-FTJ020,13.07,0.000,0.666012,16605,0.435592,0.055345,0,0,1,0.9000,大鹏新区,22,22,0,0,0,0,1
2022-11-29,589179428,20190000000000000003,900200000000000032,1,71.566,381.540,27303.333,2022-11-29 01:00:00.000,L2FT01-FTJ020,13.85,0.000,0.666012,16605,0.435592,0.055345,0,0,1,0.9000,大鹏新区,22,22,0,0,0,0,1
2022-11-29,589179428,20190000000000000003,900200000000000032,1,71.548,390.460,27934.000,2022-11-29 01:15:00.000,L2FT01-FTJ020,13.85,0.000,0.666012,16605,0.435592,0.055345,0,0,1,0.9000,大鹏新区,22,22,0,0,0,0,1
2022-11-29,589179428,20190000000000000003,900200000000000032,1,71.500,401.187,28681.333,2022-11-29 01:30:00.000,L2FT01-FTJ020,13.85,0.000,0.666012,16605,0.435592,0.055345,0,0,1,0.9000,大鹏新区,22,22,0,0,0,0,1
2022-11-29,589179428,20190000000000000003,900200000000000032,1,71.500,408.317,29188.333,2022-11-29 01:45:00.000,L2FT01-FTJ020,13.85,0.000,0.666012,16605,0.435592,0.055345,0,0,1,0.9000,大鹏新区,22,22,0,0,0,0,1
2022-11-29,589179428,20190000000000000003,900200000000000048,1,149.790,311.977,46729.231,2022-11-29 04:00:00.000,L2FT01-FTJ020,15.67,0.000,0.666012,16605,0.435592,0.055345,0,0,1,0.9000,大鹏新区,22,22,0,0,0,0,1
2022-11-29,589179428,20190000000000000003,900200000000000048,1,149.797,314.487,47108.667,2022-11-29 04:15:00.000,L2FT01-FTJ020,15.67,0.000,0.666012,16605,0.435592,0.055345,0,0,1,0.9000,大鹏新区,22,22,0,0,0,0,1
2022-11-29,589179428,20190000000000000003,900200000000000048,1,111.225,315.133,35086.667,2022-11-29 04:30:00.000,L2FT01-FTJ020,15.67,0.000,0.666012,16605,0.435592,0.055345,0,0,1,0.9000,大鹏新区,22,22,0,0,0,0,1
2022-11-29,589179428,20190000000000000003,900200000000000048,1,47.380,324.300,15270.000,2022-11-29 04:45:00.000,L2FT01-FTJ020,15.67,0.000,0.666012,16605,0.435592,0.055345,0,0,1,0.9000,大鹏新区,22,22,0,0,0,0,1
2022-11-29,589179428,20190000000000000003,900200000000000031,1,204.343,312.414,63834.286,2022-11-29 05:30:00.000,L2FT01-FTJ020,15.97,0.000,0.666012,16605,0.435592,0.055345,0,0,1,0.9000,大鹏新区,22,22,0,0,0,0,1
2022-11-29,589179428,20190000000000000003,900200000000000030,1,16.390,343.950,5645.000,2022-11-29 05:45:00.000,L2FT01-FTJ020,15.97,0.000,0.666012,16605,0.435592,0.055345,0,0,1,0.9000,大鹏新区,22,22,0,0,0,0,1
2022-11-29,589179428,20190000000000000003,900200000000000031,1,198.558,314.093,62362.667,2022-11-29 05:45:00.000,L2FT01-FTJ020,15.97,0.000,0.666012,16605,0.435592,0.055345,0,0,1,0.9000,大鹏新区,22,22,0,0,0,0,1
2022-11-29,589179428,20190000000000000003,900200000000000031,1,201.065,316.840,63701.333,2022-11-29 06:00:00.000,L2FT01-FTJ020,16.07,0.000,0.666012,16605,0.435592,0.055345,0,0,1,0.9000,大鹏新区,22,22,0,0,0,0,1
2022-11-29,589179428,20190000000000000003,900200000000000039,1,8.000,252.400,2685.000,2022-11-29 06:00:00.000,L2FT01-FTJ020,16.07,0.000,0.666012,16605,0.435592,0.055345,0,0,1,0.9000,大鹏新区,22,22,0,0,0,0,1
2022-11-29,589179428,20190000000000000003,900200000000000039,1,101.200,345.320,34999.333,2022-11-29 06:15:00.000,L2FT01-FTJ020,16.07,0.000,0.666012,16605,0.435592,0.055345,0,0,1,0.9000,大鹏新区,22,22,0,0,0,0,1
2022-11-29,589179428,20190000000000000003,900200000000000031,1,149.197,322.675,48032.500,2022-11-29 06:15:00.000,L2FT01-FTJ020,16.07,0.000,0.666012,16605,0.435592,0.055345,0,0,1,0.9000,大鹏新区,22,22,0,0,0,0,1
2022-11-29,589179428,20190000000000000003,900200000000000039,1,107.651,356.647,38392.000,2022-11-29 06:30:00.000,L2FT01-FTJ020,16.07,0.000,0.666012,16605,0.435592,0.055345,0,0,1,0.9000,大鹏新区,22,22,0,0,0,0,1
2022-11-29,589179428,20190000000000000003,900200000000000039,1,93.807,370.747,34724.000,2022-11-29 06:45:00.000,L2FT01-FTJ020,16.07,0.000,0.666012,16605,0.435592,0.055345,0,0,1,0.9000,大鹏新区,22,22,0,0,0,0,1
2022-11-29,589179428,20190000000000000003,900200000000000039,1,67.661,379.229,25658.571,2022-11-29 07:00:00.000,L2FT01-FTJ020,15.97,0.000,0.666012,16605,0.435592,0.055345,0,0,1,0.9000,大鹏新区,22,22,0,0,0,0,1
2022-11-29,589179428,20190000000000000003,900200000000000040,1,129.958,314.320,40846.000,2022-11-29 07:00:00.000,L2FT01-FTJ020,15.97,0.000,0.666012,16605,0.435592,0.055345,0,0,1,0.9000,大鹏新区,22,22,0,0,0,0,1
2022-11-29,589179428,20190000000000000003,900200000000000040,1,129.949,314.933,40921.333,2022-11-29 07:15:00.000,L2FT01-FTJ020,15.97,0.000,0.666012,16605,0.435592,0.055345,0,0,1,0.9000,大鹏新区,22,22,0,0,0,0,1
2022-11-29,589179428,20190000000000000003,900200000000000040,1,97.556,321.587,31122.500,2022-11-29 07:30:00.000,L2FT01-FTJ020,15.97,0.000,0.666012,16605,0.435592,0.055345,0,0,1,0.9000,大鹏新区,22,22,0,0,0,0,1
2022-11-29,589179428,20190000000000000003,900200000000000056,1,131.637,309.637,40995.000,2022-11-29 08:45:00.000,L2FT01-FTJ020,15.67,0.000,0.666012,16605,0.435592,0.055345,0,0,1,0.9000,大鹏新区,22,22,0,0,0,0,1
2022-11-29,589179428,20190000000000000003,900200000000000056,1,150.080,321.587,48260.667,2022-11-29 09:00:00.000,L2FT01-FTJ020,15.19,0.000,0.666012,16605,0.435592,0.055345,0,0,1,0.9000,大鹏新区,22,22,0,0,0,0,1
2022-11-29,589179428,20190000000000000003,900200000000000056,1,141.985,339.773,48196.667,2022-11-29 09:15:00.000,L2FT01-FTJ020,15.19,0.000,0.666012,16605,0.435592,0.055345,0,0,1,0.9000,大鹏新区,22,22,0,0,0,0,1
2022-11-29,589179428,20190000000000000003,900200000000000056,1,61.851,347.353,21472.000,2022-11-29 09:30:00.000,L2FT01-FTJ020,15.19,0.000,0.666012,16605,0.435592,0.055345,0,0,1,0.9000,大鹏新区,22,22,0,0,0,0,1
2022-11-29,589179428,20190000000000000003,900200000000000056,1,36.605,349.160,12780.000,2022-11-29 09:45:00.000,L2FT01-FTJ020,15.19,0.000,0.666012,16605,0.435592,0.055345,0,0,1,0.9000,大鹏新区,22,22,0,0,0,0,1
2022-11-29,589179428,20190000000000000003,900200000000000056,1,18.190,349.033,6350.000,2022-11-29 10:00:00.000,L2FT01-FTJ020,14.57,0.000,0.666012,16605,0.435592,0.055345,0,0,1,0.9000,大鹏新区,22,22,0,0,0,0,1
2022-11-29,589179428,20190000000000000003,900200000000000034,1,129.831,313.407,40686.667,2022-11-29 12:00:00.000,L2FT01-FTJ020,13.07,0.000,0.666012,16605,0.435592,0.055345,0,0,1,0.9000,大鹏新区,22,22,0,0,0,0,1
2022-11-29,589179428,20190000000000000003,900200000000000034,1,118.947,316.427,37627.273,2022-11-29 12:15:00.000,L2FT01-FTJ020,13.07,0.000,0.666012,16605,0.435592,0.055345,0,0,1,0.9000,大鹏新区,22,22,0,0,0,0,1
2022-11-29,589179428,20190000000000000003,900200000000000047,1,43.986,336.213,15398.000,2022-11-29 12:45:00.000,L2FT01-FTJ020,13.07,0.000,0.666012,16605,0.435592,0.055345,0,0,1,0.9000,大鹏新区,22,22,0,0,0,0,1
2022-11-29,589179428,20190000000000000003,900200000000000037,1,129.830,311.667,40463.333,2022-11-29 12:45:00.000,L2FT01-FTJ020,13.07,0.000,0.666012,16605,0.435592,0.055345,0,0,1,0.9000,大鹏新区,22,22,0,0,0,0,1
2022-11-29,589179428,20190000000000000003,900200000000000037,1,129.872,312.340,40561.333,2022-11-29 13:00:00.000,L2FT01-FTJ020,12.30,0.000,0.666012,16605,0.435592,0.055345,0,0,1,0.9000,大鹏新区,22,22,0,0,0,0,1
2022-11-29,589179428,20190000000000000003,900200000000000047,1,34.037,356.433,12124.000,2022-11-29 13:00:00.000,L2FT01-FTJ020,12.30,0.000,0.666012,16605,0.435592,0.055345,0,0,1,0.9000,大鹏新区,22,22,0,0,0,0,1
2022-11-29,589179428,20190000000000000003,900200000000000037,1,127.866,319.133,40794.667,2022-11-29 13:15:00.000,L2FT01-FTJ020,12.30,0.000,0.666012,16605,0.435592,0.055345,0,0,1,0.9000,大鹏新区,22,22,0,0,0,0,1
2022-11-29,589179428,20190000000000000003,900200000000000044,1,58.506,459.593,27235.333,2022-11-29 13:15:00.000,L2FT01-FTJ020,12.30,0.000,0.666012,16605,0.435592,0.055345,0,0,1,0.9000,大鹏新区,22,22,0,0,0,0,1
2022-11-29,589179428,20190000000000000003,900200000000000037,1,71.263,326.027,23226.000,2022-11-29 13:30:00.000,L2FT01-FTJ020,12.30,0.000,0.666012,16605,0.435592,0.055345,0,0,1,0.9000,大鹏新区,22,22,0,0,0,0,1
2022-11-29,589179428,20190000000000000003,900200000000000044,1,64.462,468.433,30195.333,2022-11-29 13:30:00.000,L2FT01-FTJ020,12.30,0.000,0.666012,16605,0.435592,0.055345,0,0,1,0.9000,大鹏新区,22,22,0,0,0,0,1
2022-11-29,589179428,20190000000000000003,900200000000000037,1,43.207,328.583,14215.000,2022-11-29 13:45:00.000,L2FT01-FTJ020,12.30,0.000,0.666012,16605,0.435592,0.055345,0,0,1,0.9000,大鹏新区,22,22,0,0,0,0,1
2022-11-29,589179428,20190000000000000003,900200000000000044,1,64.566,468.273,30233.333,2022-11-29 13:45:00.000,L2FT01-FTJ020,12.30,0.000,0.666012,16605,0.435592,0.055345,0,0,1,0.9000,大鹏新区,22,22,0,0,0,0,1
2022-11-29,589179428,20190000000000000003,900200000000000044,1,64.500,468.153,30190.000,2022-11-29 14:00:00.000,L2FT01-FTJ020,11.57,0.000,0.666012,16605,0.435592,0.055345,0,0,1,0.9000,大鹏新区,22,22,0,0,0,0,1
2022-11-29,589179428,20190000000000000003,900200000000000044,1,43.306,467.887,20265.000,2022-11-29 14:15:00.000,L2FT01-FTJ020,11.57,0.000,0.666012,16605,0.435592,0.055345,0,0,1,0.9000,大鹏新区,22,22,0,0,0,0,1
2022-11-29,589179428,20190000000000000003,900200000000000048,1,111.270,309.457,34558.571,2022-11-29 16:00:00.000,L2FT01-FTJ020,10.47,0.000,0.666012,16605,0.435592,0.055345,0,0,1,0.9000,大鹏新区,22,22,0,0,0,0,1
2022-11-29,589179428,20190000000000000003,900200000000000047,1,71.690,309.000,22150.000,2022-11-29 18:15:00.000,L2FT01-FTJ020,10.07,0.000,0.666012,16605,0.435592,0.055345,0,0,1,0.9000,大鹏新区,22,22,0,0,0,0,1
2022-11-29,589179428,20190000000000000003,900200000000000037,1,9.045,303.650,3225.000,2022-11-29 19:30:00.000,L2FT01-FTJ020,10.17,0.000,0.666012,16605,0.435592,0.055345,0,0,1,0.9000,大鹏新区,22,22,0,0,0,0,1
2022-11-29,589179428,20190000000000000003,900200000000000037,1,106.099,372.733,39583.333,2022-11-29 19:45:00.000,L2FT01-FTJ020,10.17,0.000,0.666012,16605,0.435592,0.055345,0,0,1,0.9000,大鹏新区,22,22,0,0,0,0,1
2022-11-29,589179428,20190000000000000003,900200000000000037,1,64.398,384.940,24762.000,2022-11-29 20:00:00.000,L2FT01-FTJ020,10.47,0.000,0.666012,16605,0.435592,0.055345,0,0,1,0.9000,大鹏新区,22,22,0,0,0,0,1
2022-11-29,589179428,20190000000000000003,900200000000000037,1,26.177,387.680,10147.333,2022-11-29 20:15:00.000,L2FT01-FTJ020,10.47,0.000,0.666012,16605,0.435592,0.055345,0,0,1,0.9000,大鹏新区,22,22,0,0,0,0,1
2022-11-29,589179428,20190000000000000003,900200000000000049,1,61.326,367.957,24377.143,2022-11-29 20:15:00.000,L2FT01-FTJ020,10.47,0.000,0.666012,16605,0.435592,0.055345,0,0,1,0.9000,大鹏新区,22,22,0,0,0,0,1
2022-11-29,589179428,20190000000000000003,900200000000000048,1,149.957,370.867,55613.333,2022-11-29 20:30:00.000,L2FT01-FTJ020,10.47,0.000,0.666012,16605,0.435592,0.055345,0,0,1,0.9000,大鹏新区,22,22,0,0,0,0,1
2022-11-29,589179428,20190000000000000003,900200000000000049,1,71.500,404.887,28944.000,2022-11-29 20:30:00.000,L2FT01-FTJ020,10.47,0.000,0.666012,16605,0.435592,0.055345,0,0,1,0.9000,大鹏新区,22,22,0,0,0,0,1
2022-11-29,589179428,20190000000000000003,900200000000000048,1,123.433,389.627,47966.667,2022-11-29 20:45:00.000,L2FT01-FTJ020,10.47,0.000,0.666012,16605,0.435592,0.055345,0,0,1,0.9000,大鹏新区,22,22,0,0,0,0,1
2022-11-29,589179428,20190000000000000003,900200000000000049,1,71.203,417.233,29703.333,2022-11-29 20:45:00.000,L2FT01-FTJ020,10.47,0.000,0.666012,16605,0.435592,0.055345,0,0,1,0.9000,大鹏新区,22,22,0,0,0,0,1
2022-11-29,589179428,20190000000000000003,900200000000000048,1,42.942,398.780,17121.333,2022-11-29 21:00:00.000,L2FT01-FTJ020,10.95,0.000,0.666012,16605,0.435592,0.055345,0,0,1,0.9000,大鹏新区,22,22,0,0,0,0,1
2022-11-29,589179428,20190000000000000003,900200000000000049,1,57.697,430.433,24811.333,2022-11-29 21:00:00.000,L2FT01-FTJ020,10.95,0.000,0.666012,16605,0.435592,0.055345,0,0,1,0.9000,大鹏新区,22,22,0,0,0,0,1
2022-11-29,589179428,20190000000000000003,900200000000000044,1,133.921,351.820,47577.000,2022-11-29 21:15:00.000,L2FT01-FTJ020,10.95,0.000,0.666012,16605,0.435592,0.055345,0,0,1,0.9000,大鹏新区,22,22,0,0,0,0,1
2022-11-29,589179428,20190000000000000003,900200000000000048,1,42.890,405.275,17381.250,2022-11-29 21:15:00.000,L2FT01-FTJ020,10.95,0.000,0.666012,16605,0.435592,0.055345,0,0,1,0.9000,大鹏新区,22,22,0,0,0,0,1
2022-11-29,589179428,20190000000000000003,900200000000000049,1,34.790,436.129,15172.857,2022-11-29 21:15:00.000,L2FT01-FTJ020,10.95,0.000,0.666012,16605,0.435592,0.055345,0,0,1,0.9000,大鹏新区,22,22,0,0,0,0,1
2022-11-29,589179428,20190000000000000003,900200000000000044,1,145.377,365.880,53168.000,2022-11-29 21:30:00.000,L2FT01-FTJ020,10.95,0.000,0.666012,16605,0.435592,0.055345,0,0,1,0.9000,大鹏新区,22,22,0,0,0,0,1
2022-11-29,589179428,20190000000000000003,900200000000000044,1,111.849,383.400,42832.000,2022-11-29 21:45:00.000,L2FT01-FTJ020,10.95,0.000,0.666012,16605,0.435592,0.055345,0,0,1,0.9000,大鹏新区,22,22,0,0,0,0,1
2022-11-29,589179428,20190000000000000003,900200000000000044,1,77.357,399.527,30863.333,2022-11-29 22:00:00.000,L2FT01-FTJ020,11.57,0.000,0.666012,16605,0.435592,0.055345,0,0,1,0.9000,大鹏新区,22,22,0,0,0,0,1
2022-11-29,589179428,20190000000000000003,900200000000000044,1,57.691,407.386,23498.571,2022-11-29 22:15:00.000,L2FT01-FTJ020,11.57,0.000,0.666012,16605,0.435592,0.055345,0,0,1,0.9000,大鹏新区,22,22,0,0,0,0,1
2022-11-30,589179428,20190000000000000003,900200000000000035,1,142.595,310.318,44246.364,2022-11-30 01:00:00.000,L2FT01-FTJ020,13.85,0.000,0.666012,16605,0.435592,0.055345,0,0,1,0.9000,大鹏新区,22,22,0,0,0,0,1
2022-11-30,589179428,20190000000000000003,900200000000000035,1,142.800,311.413,44464.667,2022-11-30 01:15:00.000,L2FT01-FTJ020,13.85,0.000,0.666012,16605,0.435592,0.055345,0,0,1,0.9000,大鹏新区,22,22,0,0,0,0,1
2022-11-30,589179428,20190000000000000003,900200000000000035,1,142.734,313.580,44755.333,2022-11-30 01:30:00.000,L2FT01-FTJ020,13.85,0.000,0.666012,16605,0.435592,0.055345,0,0,1,0.9000,大鹏新区,22,22,0,0,0,0,1
2022-11-30,589179428,20190000000000000003,900200000000000035,1,142.690,314.913,44932.667,2022-11-30 01:45:00.000,L2FT01-FTJ020,13.85,0.000,0.666012,16605,0.435592,0.055345,0,0,1,0.9000,大鹏新区,22,22,0,0,0,0,1
2022-11-30,589179428,20190000000000000003,900200000000000035,1,109.501,321.233,34987.778,2022-11-30 02:00:00.000,L2FT01-FTJ020,14.57,0.000,0.666012,16605,0.435592,0.055345,0,0,1,0.9000,大鹏新区,22,22,0,0,0,0,1
2022-11-30,589179428,20190000000000000003,900200000000000037,1,150.000,311.700,46750.000,2022-11-30 02:15:00.000,L2FT01-FTJ020,14.57,0.000,0.666012,16605,0.435592,0.055345,0,0,1,0.9000,大鹏新区,22,22,0,0,0,0,1
2022-11-30,589179428,20190000000000000003,900200000000000038,1,55.500,306.600,17010.000,2022-11-30 03:45:00.000,L2FT01-FTJ020,15.19,0.000,0.666012,16605,0.435592,0.055345,0,0,1,0.9000,大鹏新区,22,22,0,0,0,0,1
2022-11-30,589179428,20190000000000000003,900200000000000040,1,48.810,454.500,22810.000,2022-11-30 04:00:00.000,L2FT01-FTJ020,15.67,0.000,0.666012,16605,0.435592,0.055345,0,0,1,0.9000,大鹏新区,22,22,0,0,0,0,1
2022-11-30,589179428,20190000000000000003,900200000000000040,1,63.117,476.313,30062.667,2022-11-30 04:15:00.000,L2FT01-FTJ020,15.67,0.000,0.666012,16605,0.435592,0.055345,0,0,1,0.9000,大鹏新区,22,22,0,0,0,0,1
2022-11-30,589179428,20190000000000000003,900200000000000040,1,63.030,476.887,30056.000,2022-11-30 04:30:00.000,L2FT01-FTJ020,15.67,0.000,0.666012,16605,0.435592,0.055345,0,0,1,0.9000,大鹏新区,22,22,0,0,0,0,1
2022-11-30,589179428,20190000000000000003,900200000000000040,1,63.072,476.760,30067.333,2022-11-30 04:45:00.000,L2FT01-FTJ020,15.67,0.000,0.666012,16605,0.435592,0.055345,0,0,1,0.9000,大鹏新区,22,22,0,0,0,0,1
2022-11-30,589179428,20190000000000000003,900200000000000035,1,119.197,275.767,37203.333,2022-11-30 04:45:00.000,L2FT01-FTJ020,15.67,0.000,0.666012,16605,0.435592,0.055345,0,0,1,0.9000,大鹏新区,22,22,0,0,0,0,1
2022-11-30,589179428,20190000000000000003,900200000000000035,1,178.520,313.687,55995.333,2022-11-30 05:00:00.000,L2FT01-FTJ020,15.97,0.000,0.666012,16605,0.435592,0.055345,0,0,1,0.9000,大鹏新区,22,22,0,0,0,0,1
2022-11-30,589179428,20190000000000000003,900200000000000040,1,63.012,476.933,30049.333,2022-11-30 05:00:00.000,L2FT01-FTJ020,15.97,0.000,0.666012,16605,0.435592,0.055345,0,0,1,0.9000,大鹏新区,22,22,0,0,0,0,1
2022-11-30,589179428,20190000000000000003,900200000000000035,1,178.493,315.380,56288.667,2022-11-30 05:15:00.000,L2FT01-FTJ020,15.97,0.000,0.666012,16605,0.435592,0.055345,0,0,1,0.9000,大鹏新区,22,22,0,0,0,0,1
2022-11-30,589179428,20190000000000000003,900200000000000040,1,59.752,477.162,28508.462,2022-11-30 05:15:00.000,L2FT01-FTJ020,15.97,0.000,0.666012,16605,0.435592,0.055345,0,0,1,0.9000,大鹏新区,22,22,0,0,0,0,1
2022-11-30,589179428,20190000000000000003,900200000000000044,1,35.795,244.300,11660.000,2022-11-30 05:15:00.000,L2FT01-FTJ020,15.97,0.000,0.666012,16605,0.435592,0.055345,0,0,1,0.9000,大鹏新区,22,22,0,0,0,0,1
2022-11-30,589179428,20190000000000000003,900200000000000035,1,132.263,321.967,42260.833,2022-11-30 05:30:00.000,L2FT01-FTJ020,15.97,0.000,0.666012,16605,0.435592,0.055345,0,0,1,0.9000,大鹏新区,22,22,0,0,0,0,1
2022-11-30,589179428,20190000000000000003,900200000000000031,1,238.743,371.192,88615.000,2022-11-30 06:45:00.000,L2FT01-FTJ020,16.07,0.000,0.666012,16605,0.435592,0.055345,0,0,1,0.9000,大鹏新区,22,22,0,0,0,0,1
2022-11-30,589179428,20190000000000000003,900200000000000042,1,94.920,451.400,44635.000,2022-11-30 06:45:00.000,L2FT01-FTJ020,16.07,0.000,0.666012,16605,0.435592,0.055345,0,0,1,0.9000,大鹏新区,22,22,0,0,0,0,1
2022-11-30,589179428,20190000000000000003,900200000000000031,1,206.965,393.193,81260.667,2022-11-30 07:00:00.000,L2FT01-FTJ020,15.97,0.000,0.666012,16605,0.435592,0.055345,0,0,1,0.9000,大鹏新区,22,22,0,0,0,0,1
2022-11-30,589179428,20190000000000000003,900200000000000042,1,169.800,475.480,80729.333,2022-11-30 07:00:00.000,L2FT01-FTJ020,15.97,0.000,0.666012,16605,0.435592,0.055345,0,0,1,0.9000,大鹏新区,22,22,0,0,0,0,1
2022-11-30,589179428,20190000000000000003,900200000000000042,1,167.796,475.840,79841.333,2022-11-30 07:15:00.000,L2FT01-FTJ020,15.97,0.000,0.666012,16605,0.435592,0.055345,0,0,1,0.9000,大鹏新区,22,22,0,0,0,0,1
2022-11-30,589179428,20190000000000000003,900200000000000031,1,140.103,402.460,56355.000,2022-11-30 07:15:00.000,L2FT01-FTJ020,15.97,0.000,0.666012,16605,0.435592,0.055345,0,0,1,0.9000,大鹏新区,22,22,0,0,0,0,1
2022-11-30,589179428,20190000000000000003,900200000000000042,1,145.285,476.020,69164.000,2022-11-30 07:30:00.000,L2FT01-FTJ020,15.97,0.000,0.666012,16605,0.435592,0.055345,0,0,1,0.9000,大鹏新区,22,22,0,0,0,0,1
2022-11-30,589179428,20190000000000000003,900200000000000042,1,76.683,475.760,36486.667,2022-11-30 07:45:00.000,L2FT01-FTJ020,15.97,0.000,0.666012,16605,0.435592,0.055345,0,0,1,0.9000,大鹏新区,22,22,0,0,0,0,1
2022-11-30,589179428,20190000000000000003,900200000000000053,1,137.122,388.277,52830.000,2022-11-30 07:45:00.000,L2FT01-FTJ020,15.97,0.000,0.666012,16605,0.435592,0.055345,0,0,1,0.9000,大鹏新区,22,22,0,0,0,0,1
2022-11-30,589179428,20190000000000000003,900200000000000053,1,70.655,396.887,28061.333,2022-11-30 08:00:00.000,L2FT01-FTJ020,15.67,0.000,0.666012,16605,0.435592,0.055345,0,0,1,0.9000,大鹏新区,22,22,0,0,0,0,1
2022-11-30,589179428,20190000000000000003,900200000000000042,1,35.840,475.250,17035.000,2022-11-30 08:00:00.000,L2FT01-FTJ020,15.67,0.000,0.666012,16605,0.435592,0.055345,0,0,1,0.9000,大鹏新区,22,22,0,0,0,0,1
2022-11-30,589179428,20190000000000000003,900200000000000053,1,19.832,397.587,7884.000,2022-11-30 08:15:00.000,L2FT01-FTJ020,15.67,0.000,0.666012,16605,0.435592,0.055345,0,0,1,0.9000,大鹏新区,22,22,0,0,0,0,1
2022-11-30,589179428,20190000000000000003,900200000000000053,1,19.790,400.600,7926.667,2022-11-30 08:30:00.000,L2FT01-FTJ020,15.67,0.000,0.666012,16605,0.435592,0.055345,0,0,1,0.9000,大鹏新区,22,22,0,0,0,0,1
2022-11-30,589179428,20190000000000000003,900200000000000057,1,54.395,370.085,20153.846,2022-11-30 08:30:00.000,L2FT01-FTJ020,15.67,0.000,0.666012,16605,0.435592,0.055345,0,0,1,0.9000,大鹏新区,22,22,0,0,0,0,1
2022-11-30,589179428,20190000000000000003,900200000000000053,1,19.790,403.613,7984.667,2022-11-30 08:45:00.000,L2FT01-FTJ020,15.67,0.000,0.666012,16605,0.435592,0.055345,0,0,1,0.9000,大鹏新区,22,22,0,0,0,0,1
2022-11-30,589179428,20190000000000000003,900200000000000057,1,23.590,378.800,8930.000,2022-11-30 08:45:00.000,L2FT01-FTJ020,15.67,0.000,0.666012,16605,0.435592,0.055345,0,0,1,0.9000,大鹏新区,22,22,0,0,0,0,1
2022-11-30,589179428,20190000000000000003,900200000000000053,1,19.790,405.433,8023.333,2022-11-30 09:00:00.000,L2FT01-FTJ020,15.19,0.000,0.666012,16605,0.435592,0.055345,0,0,1,0.9000,大鹏新区,22,22,0,0,0,0,1
2022-11-30,589179428,20190000000000000003,900200000000000043,1,80.697,325.333,26421.667,2022-11-30 09:15:00.000,L2FT01-FTJ020,15.19,0.000,0.666012,16605,0.435592,0.055345,0,0,1,0.9000,大鹏新区,22,22,0,0,0,0,1
2022-11-30,589179428,20190000000000000003,900200000000000043,1,96.890,329.347,31907.333,2022-11-30 09:30:00.000,L2FT01-FTJ020,15.19,0.000,0.666012,16605,0.435592,0.055345,0,0,1,0.9000,大鹏新区,22,22,0,0,0,0,1
2022-11-30,589179428,20190000000000000003,900200000000000043,1,78.191,329.500,25770.000,2022-11-30 09:45:00.000,L2FT01-FTJ020,15.19,0.000,0.666012,16605,0.435592,0.055345,0,0,1,0.9000,大鹏新区,22,22,0,0,0,0,1
2022-11-30,589179428,20190000000000000003,900200000000000038,1,76.333,343.833,28563.333,2022-11-30 10:00:00.000,L2FT01-FTJ020,14.57,0.000,0.666012,16605,0.435592,0.055345,0,0,1,0.9000,大鹏新区,22,22,0,0,0,0,1
2022-11-30,589179428,20190000000000000003,900200000000000043,1,37.910,328.755,12456.364,2022-11-30 10:00:00.000,L2FT01-FTJ020,14.57,0.000,0.666012,16605,0.435592,0.055345,0,0,1,0.9000,大鹏新区,22,22,0,0,0,0,1
2022-11-30,589179428,20190000000000000003,900200000000000038,1,114.500,375.000,42930.000,2022-11-30 11:15:00.000,L2FT01-FTJ020,13.85,0.000,0.666012,16605,0.435592,0.055345,0,0,1,0.9000,大鹏新区,22,22,0,0,0,0,1
2022-11-30,589179428,20190000000000000003,900200000000000031,1,190.882,318.613,60190.000,2022-11-30 12:00:00.000,L2FT01-FTJ020,13.07,0.000,0.666012,16605,0.435592,0.055345,0,0,1,0.9000,大鹏新区,22,22,0,0,0,0,1
2022-11-30,589179428,20190000000000000003,900200000000000031,1,153.576,321.423,49030.769,2022-11-30 12:15:00.000,L2FT01-FTJ020,13.07,0.000,0.666012,16605,0.435592,0.055345,0,0,1,0.9000,大鹏新区,22,22,0,0,0,0,1
2022-11-30,589179428,20190000000000000003,900200000000000048,1,99.782,486.217,48513.333,2022-11-30 12:45:00.000,L2FT01-FTJ020,13.07,0.000,0.666012,16605,0.435592,0.055345,0,0,1,0.9000,大鹏新区,22,22,0,0,0,0,1
2022-11-30,589179428,20190000000000000003,900200000000000048,1,99.878,488.907,48834.000,2022-11-30 13:00:00.000,L2FT01-FTJ020,12.30,0.000,0.666012,16605,0.435592,0.055345,0,0,1,0.9000,大鹏新区,22,22,0,0,0,0,1
2022-11-30,589179428,20190000000000000003,900200000000000048,1,56.011,495.129,27687.857,2022-11-30 13:15:00.000,L2FT01-FTJ020,12.30,0.000,0.666012,16605,0.435592,0.055345,0,0,1,0.9000,大鹏新区,22,22,0,0,0,0,1
2022-11-30,589179428,20190000000000000003,900200000000000040,1,94.337,309.333,29261.111,2022-11-30 13:45:00.000,L2FT01-FTJ020,12.30,0.000,0.666012,16605,0.435592,0.055345,0,0,1,0.9000,大鹏新区,22,22,0,0,0,0,1
2022-11-30,589179428,20190000000000000003,900200000000000040,1,106.090,312.287,33129.333,2022-11-30 14:00:00.000,L2FT01-FTJ020,11.57,0.000,0.666012,16605,0.435592,0.055345,0,0,1,0.9000,大鹏新区,22,22,0,0,0,0,1
2022-11-30,589179428,20190000000000000003,900200000000000040,1,44.929,405.807,18230.000,2022-11-30 14:45:00.000,L2FT01-FTJ020,11.57,0.000,0.666012,16605,0.435592,0.055345,0,0,1,0.9000,大鹏新区,22,22,0,0,0,0,1
2022-11-30,589179428,20190000000000000003,900200000000000031,1,199.700,312.200,62340.000,2022-11-30 15:00:00.000,L2FT01-FTJ020,10.95,0.000,0.666012,16605,0.435592,0.055345,0,0,1,0.9000,大鹏新区,22,22,0,0,0,0,1
2022-11-30,589179428,20190000000000000003,900200000000000040,1,44.857,409.547,18370.667,2022-11-30 15:00:00.000,L2FT01-FTJ020,10.95,0.000,0.666012,16605,0.435592,0.055345,0,0,1,0.9000,大鹏新区,22,22,0,0,0,0,1
2022-11-30,589179428,20190000000000000003,900200000000000031,1,199.875,314.833,62922.000,2022-11-30 15:15:00.000,L2FT01-FTJ020,10.95,0.000,0.666012,16605,0.435592,0.055345,0,0,1,0.9000,大鹏新区,22,22,0,0,0,0,1
2022-11-30,589179428,20190000000000000003,900200000000000040,1,44.837,412.707,18503.333,2022-11-30 15:15:00.000,L2FT01-FTJ020,10.95,0.000,0.666012,16605,0.435592,0.055345,0,0,1,0.9000,大鹏新区,22,22,0,0,0,0,1
2022-11-30,589179428,20190000000000000003,900200000000000031,1,195.219,318.073,62070.000,2022-11-30 15:30:00.000,L2FT01-FTJ020,10.95,0.000,0.666012,16605,0.435592,0.055345,0,0,1,0.9000,大鹏新区,22,22,0,0,0,0,1
2022-11-30,589179428,20190000000000000003,900200000000000040,1,23.305,412.893,9620.667,2022-11-30 15:30:00.000,L2FT01-FTJ020,10.95,0.000,0.666012,16605,0.435592,0.055345,0,0,1,0.9000,大鹏新区,22,22,0,0,0,0,1
2022-11-30,589179428,20190000000000000003,900200000000000040,1,14.000,420.600,5883.333,2022-11-30 15:45:00.000,L2FT01-FTJ020,10.95,0.000,0.666012,16605,0.435592,0.055345,0,0,1,0.9000,大鹏新区,22,22,0,0,0,0,1
2022-11-30,589179428,20190000000000000003,900200000000000031,1,42.990,320.700,13776.667,2022-11-30 15:45:00.000,L2FT01-FTJ020,10.95,0.000,0.666012,16605,0.435592,0.055345,0,0,1,0.9000,大鹏新区,22,22,0,0,0,0,1
2022-11-30,589179428,20190000000000000003,900200000000000031,1,201.554,315.580,63596.000,2022-11-30 16:00:00.000,L2FT01-FTJ020,10.47,0.000,0.666012,16605,0.435592,0.055345,0,0,1,0.9000,大鹏新区,22,22,0,0,0,0,1
2022-11-30,589179428,20190000000000000003,900200000000000048,1,100.490,484.050,48645.000,2022-11-30 16:00:00.000,L2FT01-FTJ020,10.47,0.000,0.666012,16605,0.435592,0.055345,0,0,1,0.9000,大鹏新区,22,22,0,0,0,0,1
2022-11-30,589179428,20190000000000000003,900200000000000031,1,118.628,321.633,37912.222,2022-11-30 16:15:00.000,L2FT01-FTJ020,10.47,0.000,0.666012,16605,0.435592,0.055345,0,0,1,0.9000,大鹏新区,22,22,0,0,0,0,1
2022-11-30,589179428,20190000000000000003,900200000000000037,1,15.500,398.400,6170.000,2022-11-30 16:15:00.000,L2FT01-FTJ020,10.47,0.000,0.666012,16605,0.435592,0.055345,0,0,1,0.9000,大鹏新区,22,22,0,0,0,0,1
2022-11-30,589179428,20190000000000000003,900200000000000048,1,99.836,487.480,48668.000,2022-11-30 16:15:00.000,L2FT01-FTJ020,10.47,0.000,0.666012,16605,0.435592,0.055345,0,0,1,0.9000,大鹏新区,22,22,0,0,0,0,1
2022-11-30,589179428,20190000000000000003,900200000000000037,1,106.928,412.617,44540.000,2022-11-30 16:30:00.000,L2FT01-FTJ020,10.47,0.000,0.666012,16605,0.435592,0.055345,0,0,1,0.9000,大鹏新区,22,22,0,0,0,0,1
2022-11-30,589179428,20190000000000000003,900200000000000032,1,90.290,325.950,29430.000,2022-11-30 16:45:00.000,L2FT01-FTJ020,10.47,0.000,0.666012,16605,0.435592,0.055345,0,0,1,0.9000,大鹏新区,22,22,0,0,0,0,1
2022-11-30,589179428,20190000000000000003,900200000000000039,1,46.135,343.485,15904.615,2022-11-30 16:45:00.000,L2FT01-FTJ020,10.47,0.000,0.666012,16605,0.435592,0.055345,0,0,1,0.9000,大鹏新区,22,22,0,0,0,0,1
2022-11-30,589179428,20190000000000000003,900200000000000031,1,66.115,409.225,27062.500,2022-11-30 17:00:00.000,L2FT01-FTJ020,10.17,0.000,0.666012,16605,0.435592,0.055345,0,0,1,0.9000,大鹏新区,22,22,0,0,0,0,1
2022-11-30,589179428,20190000000000000003,900200000000000032,1,90.420,328.193,29672.667,2022-11-30 17:00:00.000,L2FT01-FTJ020,10.17,0.000,0.666012,16605,0.435592,0.055345,0,0,1,0.9000,大鹏新区,22,22,0,0,0,0,1
2022-11-30,589179428,20190000000000000003,900200000000000039,1,49.890,355.146,17715.385,2022-11-30 17:00:00.000,L2FT01-FTJ020,10.17,0.000,0.666012,16605,0.435592,0.055345,0,0,1,0.9000,大鹏新区,22,22,0,0,0,0,1
2022-11-30,589179428,20190000000000000003,900200000000000031,1,57.058,411.093,23465.333,2022-11-30 17:15:00.000,L2FT01-FTJ020,10.17,0.000,0.666012,16605,0.435592,0.055345,0,0,1,0.9000,大鹏新区,22,22,0,0,0,0,1
2022-11-30,589179428,20190000000000000003,900200000000000032,1,78.747,329.100,25916.667,2022-11-30 17:15:00.000,L2FT01-FTJ020,10.17,0.000,0.666012,16605,0.435592,0.055345,0,0,1,0.9000,大鹏新区,22,22,0,0,0,0,1
2022-11-30,589179428,20190000000000000003,900200000000000047,1,122.314,316.983,38740.000,2022-11-30 17:30:00.000,L2FT01-FTJ020,10.17,0.000,0.666012,16605,0.435592,0.055345,0,0,1,0.9000,大鹏新区,22,22,0,0,0,0,1
2022-11-30,589179428,20190000000000000003,900200000000000031,1,23.109,407.913,9436.000,2022-11-30 17:30:00.000,L2FT01-FTJ020,10.17,0.000,0.666012,16605,0.435592,0.055345,0,0,1,0.9000,大鹏新区,22,22,0,0,0,0,1
2022-11-30,589179428,20190000000000000003,900200000000000032,1,42.853,328.340,14070.667,2022-11-30 17:30:00.000,L2FT01-FTJ020,10.17,0.000,0.666012,16605,0.435592,0.055345,0,0,1,0.9000,大鹏新区,22,22,0,0,0,0,1
2022-11-30,589179428,20190000000000000003,900200000000000031,1,14.559,412.885,6009.231,2022-11-30 17:45:00.000,L2FT01-FTJ020,10.17,0.000,0.666012,16605,0.435592,0.055345,0,0,1,0.9000,大鹏新区,22,22,0,0,0,0,1
2022-11-30,589179428,20190000000000000003,900200000000000032,1,26.790,331.400,8875.000,2022-11-30 17:45:00.000,L2FT01-FTJ020,10.17,0.000,0.666012,16605,0.435592,0.055345,0,0,1,0.9000,大鹏新区,22,22,0,0,0,0,1
2022-11-30,589179428,20190000000000000003,900200000000000047,1,65.830,324.120,21332.000,2022-11-30 17:45:00.000,L2FT01-FTJ020,10.17,0.000,0.666012,16605,0.435592,0.055345,0,0,1,0.9000,大鹏新区,22,22,0,0,0,0,1
2022-11-30,589179428,20190000000000000003,900200000000000049,1,48.863,451.100,22631.429,2022-11-30 19:15:00.000,L2FT01-FTJ020,10.17,0.000,0.666012,16605,0.435592,0.055345,0,0,1,0.9000,大鹏新区,22,22,0,0,0,0,1
2022-11-30,589179428,20190000000000000003,900200000000000045,0,0.000,372.600,0.000,2022-11-30 21:00:00.000,L2FT01-FTJ020,10.95,0.000,0.666012,16605,0.435592,0.055345,0,0,1,0.9000,大鹏新区,22,22,0,0,0,0,1
2022-11-30,589179428,20190000000000000003,900200000000000045,1,142.800,394.553,56336.000,2022-11-30 21:15:00.000,L2FT01-FTJ020,10.95,0.000,0.666012,16605,0.435592,0.055345,0,0,1,0.9000,大鹏新区,22,22,0,0,0,0,1
2022-11-30,589179428,20190000000000000003,900200000000000045,1,99.372,403.814,40126.429,2022-11-30 21:30:00.000,L2FT01-FTJ020,10.95,0.000,0.666012,16605,0.435592,0.055345,0,0,1,0.9000,大鹏新区,22,22,0,0,0,0,1
2022-11-30,589179428,20190000000000000003,900200000000000043,1,55.710,389.100,23273.333,2022-11-30 22:00:00.000,L2FT01-FTJ020,11.57,0.000,0.666012,16605,0.435592,0.055345,0,0,1,0.9000,大鹏新区,22,22,0,0,0,0,1
2022-11-30,589179428,20190000000000000003,900200000000000043,1,54.417,427.067,23210.667,2022-11-30 22:15:00.000,L2FT01-FTJ020,11.57,0.000,0.666012,16605,0.435592,0.055345,0,0,1,0.9000,大鹏新区,22,22,0,0,0,0,1
2022-11-30,589179428,20190000000000000003,900200000000000043,1,34.790,432.100,15032.000,2022-11-30 22:30:00.000,L2FT01-FTJ020,11.57,0.000,0.666012,16605,0.435592,0.055345,0,0,1,0.9000,大鹏新区,22,22,0,0,0,0,1
2022-11-30,589179428,20190000000000000003,900200000000000056,1,123.859,347.631,43843.846,2022-11-30 22:30:00.000,L2FT01-FTJ020,11.57,0.000,0.666012,16605,0.435592,0.055345,0,0,1,0.9000,大鹏新区,22,22,0,0,0,0,1
2022-11-30,589179428,20190000000000000003,900200000000000056,1,122.353,363.827,44475.333,2022-11-30 22:45:00.000,L2FT01-FTJ020,11.57,0.000,0.666012,16605,0.435592,0.055345,0,0,1,0.9000,大鹏新区,22,22,0,0,0,0,1
2022-11-30,589179428,20190000000000000003,900200000000000056,1,96.223,378.207,36358.000,2022-11-30 23:00:00.000,L2FT01-FTJ020,12.30,0.000,0.666012,16605,0.435592,0.055345,0,0,1,0.9000,大鹏新区,22,22,0,0,0,0,1
2022-11-30,589179428,20190000000000000003,900200000000000056,1,50.830,388.533,19732.000,2022-11-30 23:15:00.000,L2FT01-FTJ020,12.30,0.000,0.666012,16605,0.435592,0.055345,0,0,1,0.9000,大鹏新区,22,22,0,0,0,0,1
2022-11-30,589179428,20190000000000000003,900200000000000056,1,25.228,393.193,9916.000,2022-11-30 23:30:00.000,L2FT01-FTJ020,12.30,0.000,0.666012,16605,0.435592,0.055345,0,0,1,0.9000,大鹏新区,22,22,0,0,0,0,1
2022-11-30,589179428,20190000000000000003,900200000000000056,1,11.790,395.247,4658.667,2022-11-30 23:45:00.000,L2FT01-FTJ020,12.30,0.000,0.666012,16605,0.435592,0.055345,0,0,1,0.9000,大鹏新区,22,22,0,0,0,0,1
2022-12-01,589179428,20190000000000000003,900200000000000056,1,11.790,396.817,4676.667,2022-12-01 00:00:00.000,L2FT01-FTJ020,16.00,0.000,0.666012,16605,0.435592,0.055345,0,0,1,0.9000,大鹏新区,22,22,0,0,0,0,1
2022-12-01,589179428,20190000000000000003,900200000000000031,1,93.518,364.322,34070.000,2022-12-01 02:45:00.000,L2FT01-FTJ020,17.50,0.000,0.666012,16605,0.435592,0.055345,0,0,1,0.9000,大鹏新区,22,22,0,0,0,0,1
2022-12-01,589179428,20190000000000000003,900200000000000044,1,149.899,309.179,46342.857,2022-12-01 02:45:00.000,L2FT01-FTJ020,17.50,0.000,0.666012,16605,0.435592,0.055345,0,0,1,0.9000,大鹏新区,22,22,0,0,0,0,1
2022-12-01,589179428,20190000000000000003,900200000000000031,1,99.122,372.453,36912.000,2022-12-01 03:00:00.000,L2FT01-FTJ020,18.12,0.000,0.666012,16605,0.435592,0.055345,0,0,1,0.9000,大鹏新区,22,22,0,0,0,0,1
2022-12-01,589179428,20190000000000000003,900200000000000040,1,105.961,308.892,32726.923,2022-12-01 03:00:00.000,L2FT01-FTJ020,18.12,0.000,0.666012,16605,0.435592,0.055345,0,0,1,0.9000,大鹏新区,22,22,0,0,0,0,1
2022-12-01,589179428,20190000000000000003,900200000000000044,1,149.831,310.727,46553.333,2022-12-01 03:00:00.000,L2FT01-FTJ020,18.12,0.000,0.666012,16605,0.435592,0.055345,0,0,1,0.9000,大鹏新区,22,22,0,0,0,0,1
2022-12-01,589179428,20190000000000000003,900200000000000031,1,86.789,386.913,33531.333,2022-12-01 03:15:00.000,L2FT01-FTJ020,18.12,0.000,0.666012,16605,0.435592,0.055345,0,0,1,0.9000,大鹏新区,22,22,0,0,0,0,1
2022-12-01,589179428,20190000000000000003,900200000000000040,1,105.941,310.027,32841.333,2022-12-01 03:15:00.000,L2FT01-FTJ020,18.12,0.000,0.666012,16605,0.435592,0.055345,0,0,1,0.9000,大鹏新区,22,22,0,0,0,0,1
2022-12-01,589179428,20190000000000000003,900200000000000044,1,149.810,311.920,46726.667,2022-12-01 03:15:00.000,L2FT01-FTJ020,18.12,0.000,0.666012,16605,0.435592,0.055345,0,0,1,0.9000,大鹏新区,22,22,0,0,0,0,1
2022-12-01,589179428,20190000000000000003,900200000000000040,1,106.006,310.540,32916.000,2022-12-01 03:30:00.000,L2FT01-FTJ020,18.12,0.000,0.666012,16605,0.435592,0.055345,0,0,1,0.9000,大鹏新区,22,22,0,0,0,0,1
2022-12-01,589179428,20190000000000000003,900200000000000044,1,149.850,313.813,47023.333,2022-12-01 03:30:00.000,L2FT01-FTJ020,18.12,0.000,0.666012,16605,0.435592,0.055345,0,0,1,0.9000,大鹏新区,22,22,0,0,0,0,1
2022-12-01,589179428,20190000000000000003,900200000000000031,1,58.877,397.707,23415.333,2022-12-01 03:30:00.000,L2FT01-FTJ020,18.12,0.000,0.666012,16605,0.435592,0.055345,0,0,1,0.9000,大鹏新区,22,22,0,0,0,0,1
2022-12-01,589179428,20190000000000000003,900200000000000031,1,27.571,404.640,11174.667,2022-12-01 03:45:00.000,L2FT01-FTJ020,18.12,0.000,0.666012,16605,0.435592,0.055345,0,0,1,0.9000,大鹏新区,22,22,0,0,0,0,1
2022-12-01,589179428,20190000000000000003,900200000000000040,1,106.078,312.100,33104.000,2022-12-01 03:45:00.000,L2FT01-FTJ020,18.12,0.000,0.666012,16605,0.435592,0.055345,0,0,1,0.9000,大鹏新区,22,22,0,0,0,0,1
2022-12-01,589179428,20190000000000000003,900200000000000044,1,149.890,315.007,47213.333,2022-12-01 03:45:00.000,L2FT01-FTJ020,18.12,0.000,0.666012,16605,0.435592,0.055345,0,0,1,0.9000,大鹏新区,22,22,0,0,0,0,1
2022-12-01,589179428,20190000000000000003,900200000000000031,1,11.890,405.733,4822.667,2022-12-01 04:00:00.000,L2FT01-FTJ020,18.60,0.000,0.666012,16605,0.435592,0.055345,0,0,1,0.9000,大鹏新区,22,22,0,0,0,0,1
2022-12-01,589179428,20190000000000000003,900200000000000040,1,106.090,313.453,33254.000,2022-12-01 04:00:00.000,L2FT01-FTJ020,18.60,0.000,0.666012,16605,0.435592,0.055345,0,0,1,0.9000,大鹏新区,22,22,0,0,0,0,1
2022-12-01,589179428,20190000000000000003,900200000000000044,1,124.417,319.364,39583.636,2022-12-01 04:00:00.000,L2FT01-FTJ020,18.60,0.000,0.666012,16605,0.435592,0.055345,0,0,1,0.9000,大鹏新区,22,22,0,0,0,0,1
2022-12-01,589179428,20190000000000000003,900200000000000031,1,11.890,407.740,4846.000,2022-12-01 04:15:00.000,L2FT01-FTJ020,18.60,0.000,0.666012,16605,0.435592,0.055345,0,0,1,0.9000,大鹏新区,22,22,0,0,0,0,1
2022-12-01,589179428,20190000000000000003,900200000000000040,1,106.084,314.460,33356.667,2022-12-01 04:15:00.000,L2FT01-FTJ020,18.60,0.000,0.666012,16605,0.435592,0.055345,0,0,1,0.9000,大鹏新区,22,22,0,0,0,0,1
2022-12-01,589179428,20190000000000000003,900200000000000045,1,129.897,310.100,40276.667,2022-12-01 04:15:00.000,L2FT01-FTJ020,18.60,0.000,0.666012,16605,0.435592,0.055345,0,0,1,0.9000,大鹏新区,22,22,0,0,0,0,1
2022-12-01,589179428,20190000000000000003,900200000000000045,1,129.848,311.653,40462.000,2022-12-01 04:30:00.000,L2FT01-FTJ020,18.60,0.000,0.666012,16605,0.435592,0.055345,0,0,1,0.9000,大鹏新区,22,22,0,0,0,0,1
2022-12-01,589179428,20190000000000000003,900200000000000037,1,129.836,311.420,40430.000,2022-12-01 04:30:00.000,L2FT01-FTJ020,18.60,0.000,0.666012,16605,0.435592,0.055345,0,0,1,0.9000,大鹏新区,22,22,0,0,0,0,1
2022-12-01,589179428,20190000000000000003,900200000000000040,1,86.306,319.986,27460.000,2022-12-01 04:30:00.000,L2FT01-FTJ020,18.60,0.000,0.666012,16605,0.435592,0.055345,0,0,1,0.9000,大鹏新区,22,22,0,0,0,0,1
2022-12-01,589179428,20190000000000000003,900200000000000047,1,75.248,444.000,35165.000,2022-12-01 04:45:00.000,L2FT01-FTJ020,18.60,0.000,0.666012,16605,0.435592,0.055345,0,0,1,0.9000,大鹏新区,22,22,0,0,0,0,1
2022-12-01,589179428,20190000000000000003,900200000000000045,1,129.878,312.913,40637.333,2022-12-01 04:45:00.000,L2FT01-FTJ020,18.60,0.000,0.666012,16605,0.435592,0.055345,0,0,1,0.9000,大鹏新区,22,22,0,0,0,0,1
2022-12-01,589179428,20190000000000000003,900200000000000037,1,129.848,312.367,40555.333,2022-12-01 04:45:00.000,L2FT01-FTJ020,18.60,0.000,0.666012,16605,0.435592,0.055345,0,0,1,0.9000,大鹏新区,22,22,0,0,0,0,1
2022-12-01,589179428,20190000000000000003,900200000000000037,1,129.985,313.180,40704.000,2022-12-01 05:00:00.000,L2FT01-FTJ020,18.90,0.000,0.666012,16605,0.435592,0.055345,0,0,1,0.9000,大鹏新区,22,22,0,0,0,0,1
2022-12-01,589179428,20190000000000000003,900200000000000040,1,72.000,361.800,26040.000,2022-12-01 05:00:00.000,L2FT01-FTJ020,18.90,0.000,0.666012,16605,0.435592,0.055345,0,0,1,0.9000,大鹏新区,22,22,0,0,0,0,1
2022-12-01,589179428,20190000000000000003,900200000000000045,1,119.806,319.420,38236.667,2022-12-01 05:00:00.000,L2FT01-FTJ020,18.90,0.000,0.666012,16605,0.435592,0.055345,0,0,1,0.9000,大鹏新区,22,22,0,0,0,0,1
2022-12-01,589179428,20190000000000000003,900200000000000047,1,129.866,476.667,61901.333,2022-12-01 05:00:00.000,L2FT01-FTJ020,18.90,0.000,0.666012,16605,0.435592,0.055345,0,0,1,0.9000,大鹏新区,22,22,0,0,0,0,1
2022-12-01,589179428,20190000000000000003,900200000000000037,1,129.919,314.500,40858.000,2022-12-01 05:15:00.000,L2FT01-FTJ020,18.90,0.000,0.666012,16605,0.435592,0.055345,0,0,1,0.9000,大鹏新区,22,22,0,0,0,0,1
2022-12-01,589179428,20190000000000000003,900200000000000045,1,57.164,325.045,18574.545,2022-12-01 05:15:00.000,L2FT01-FTJ020,18.90,0.000,0.666012,16605,0.435592,0.055345,0,0,1,0.9000,大鹏新区,22,22,0,0,0,0,1
2022-12-01,589179428,20190000000000000003,900200000000000047,1,84.350,476.833,40225.333,2022-12-01 05:15:00.000,L2FT01-FTJ020,18.90,0.000,0.666012,16605,0.435592,0.055345,0,0,1,0.9000,大鹏新区,22,22,0,0,0,0,1
2022-12-01,589179428,20190000000000000003,900200000000000037,1,130.011,315.673,41037.333,2022-12-01 05:30:00.000,L2FT01-FTJ020,18.90,0.000,0.666012,16605,0.435592,0.055345,0,0,1,0.9000,大鹏新区,22,22,0,0,0,0,1
2022-12-01,589179428,20190000000000000003,900200000000000047,1,41.090,478.400,19660.000,2022-12-01 05:30:00.000,L2FT01-FTJ020,18.90,0.000,0.666012,16605,0.435592,0.055345,0,0,1,0.9000,大鹏新区,22,22,0,0,0,0,1
2022-12-01,589179428,20190000000000000003,900200000000000037,1,94.918,322.558,30435.000,2022-12-01 05:45:00.000,L2FT01-FTJ020,18.90,0.000,0.666012,16605,0.435592,0.055345,0,0,1,0.9000,大鹏新区,22,22,0,0,0,0,1
2022-12-01,589179428,20190000000000000003,900200000000000049,1,66.645,311.373,20760.667,2022-12-01 06:45:00.000,L2FT01-FTJ020,19.00,0.000,0.666012,16605,0.435592,0.055345,0,0,1,0.9000,大鹏新区,22,22,0,0,0,0,1
2022-12-01,589179428,20190000000000000003,900200000000000049,1,71.390,312.150,22285.000,2022-12-01 07:00:00.000,L2FT01-FTJ020,18.90,0.000,0.666012,16605,0.435592,0.055345,0,0,1,0.9000,大鹏新区,22,22,0,0,0,0,1
2022-12-01,589179428,20190000000000000003,900200000000000034,1,137.408,313.600,42943.333,2022-12-01 08:15:00.000,L2FT01-FTJ020,18.60,0.000,0.666012,16605,0.435592,0.055345,0,0,1,0.9000,大鹏新区,22,22,0,0,0,0,1
2022-12-01,589179428,20190000000000000003,900200000000000034,1,164.890,313.860,51750.667,2022-12-01 08:30:00.000,L2FT01-FTJ020,18.60,0.000,0.666012,16605,0.435592,0.055345,0,0,1,0.9000,大鹏新区,22,22,0,0,0,0,1
2022-12-01,589179428,20190000000000000003,900200000000000034,1,149.393,358.800,53600.000,2022-12-01 08:45:00.000,L2FT01-FTJ020,18.60,0.000,0.666012,16605,0.435592,0.055345,0,0,1,0.9000,大鹏新区,22,22,0,0,0,0,1
2022-12-01,589179428,20190000000000000003,900200000000000034,1,140.533,358.260,50345.333,2022-12-01 09:00:00.000,L2FT01-FTJ020,18.12,0.000,0.666012,16605,0.435592,0.055345,0,0,1,0.9000,大鹏新区,22,22,0,0,0,0,1
2022-12-01,589179428,20190000000000000003,900200000000000056,1,69.017,369.075,25780.000,2022-12-01 09:00:00.000,L2FT01-FTJ020,18.12,0.000,0.666012,16605,0.435592,0.055345,0,0,1,0.9000,大鹏新区,22,22,0,0,0,0,1
2022-12-01,589179428,20190000000000000003,900200000000000034,1,129.853,359.193,46638.667,2022-12-01 09:15:00.000,L2FT01-FTJ020,18.12,0.000,0.666012,16605,0.435592,0.055345,0,0,1,0.9000,大鹏新区,22,22,0,0,0,0,1
2022-12-01,589179428,20190000000000000003,900200000000000042,1,114.520,350.325,40460.000,2022-12-01 09:15:00.000,L2FT01-FTJ020,18.12,0.000,0.666012,16605,0.435592,0.055345,0,0,1,0.9000,大鹏新区,22,22,0,0,0,0,1
2022-12-01,589179428,20190000000000000003,900200000000000056,1,79.618,384.440,30577.333,2022-12-01 09:15:00.000,L2FT01-FTJ020,18.12,0.000,0.666012,16605,0.435592,0.055345,0,0,1,0.9000,大鹏新区,22,22,0,0,0,0,1
2022-12-01,589179428,20190000000000000003,900200000000000034,1,82.400,358.080,29538.000,2022-12-01 09:30:00.000,L2FT01-FTJ020,18.12,0.000,0.666012,16605,0.435592,0.055345,0,0,1,0.9000,大鹏新区,22,22,0,0,0,0,1
2022-12-01,589179428,20190000000000000003,900200000000000042,1,155.238,364.740,56612.667,2022-12-01 09:30:00.000,L2FT01-FTJ020,18.12,0.000,0.666012,16605,0.435592,0.055345,0,0,1,0.9000,大鹏新区,22,22,0,0,0,0,1
2022-12-01,589179428,20190000000000000003,900200000000000056,1,50.191,398.767,19989.333,2022-12-01 09:30:00.000,L2FT01-FTJ020,18.12,0.000,0.666012,16605,0.435592,0.055345,0,0,1,0.9000,大鹏新区,22,22,0,0,0,0,1
2022-12-01,589179428,20190000000000000003,900200000000000034,1,34.390,357.550,12295.000,2022-12-01 09:45:00.000,L2FT01-FTJ020,18.12,0.000,0.666012,16605,0.435592,0.055345,0,0,1,0.9000,大鹏新区,22,22,0,0,0,0,1
2022-12-01,589179428,20190000000000000003,900200000000000042,1,109.599,378.993,41500.667,2022-12-01 09:45:00.000,L2FT01-FTJ020,18.12,0.000,0.666012,16605,0.435592,0.055345,0,0,1,0.9000,大鹏新区,22,22,0,0,0,0,1
2022-12-01,589179428,20190000000000000003,900200000000000056,1,20.505,403.820,8276.000,2022-12-01 09:45:00.000,L2FT01-FTJ020,18.12,0.000,0.666012,16605,0.435592,0.055345,0,0,1,0.9000,大鹏新区,22,22,0,0,0,0,1
2022-12-01,589179428,20190000000000000003,900200000000000049,1,59.854,354.236,21201.429,2022-12-01 10:00:00.000,L2FT01-FTJ020,17.50,0.000,0.666012,16605,0.435592,0.055345,0,0,1,0.9000,大鹏新区,22,22,0,0,0,0,1
2022-12-01,589179428,20190000000000000003,900200000000000042,1,73.390,383.960,28178.000,2022-12-01 10:00:00.000,L2FT01-FTJ020,17.50,0.000,0.666012,16605,0.435592,0.055345,0,0,1,0.9000,大鹏新区,22,22,0,0,0,0,1
2022-12-01,589179428,20190000000000000003,900200000000000056,1,18.000,406.050,7305.000,2022-12-01 10:00:00.000,L2FT01-FTJ020,17.50,0.000,0.666012,16605,0.435592,0.055345,0,0,1,0.9000,大鹏新区,22,22,0,0,0,0,1
2022-12-01,589179428,20190000000000000003,900200000000000049,1,59.919,355.227,21284.667,2022-12-01 10:15:00.000,L2FT01-FTJ020,17.50,0.000,0.666012,16605,0.435592,0.055345,0,0,1,0.9000,大鹏新区,22,22,0,0,0,0,1
2022-12-01,589179428,20190000000000000003,900200000000000030,1,70.758,330.883,23411.667,2022-12-01 10:15:00.000,L2FT01-FTJ020,17.50,0.000,0.666012,16605,0.435592,0.055345,0,0,1,0.9000,大鹏新区,22,22,0,0,0,0,1
2022-12-01,589179428,20190000000000000003,900200000000000030,1,52.839,336.460,17774.000,2022-12-01 10:30:00.000,L2FT01-FTJ020,17.50,0.000,0.666012,16605,0.435592,0.055345,0,0,1,0.9000,大鹏新区,22,22,0,0,0,0,1
2022-12-01,589179428,20190000000000000003,900200000000000049,1,65.173,359.360,23416.000,2022-12-01 10:30:00.000,L2FT01-FTJ020,17.50,0.000,0.666012,16605,0.435592,0.055345,0,0,1,0.9000,大鹏新区,22,22,0,0,0,0,1
2022-12-01,589179428,20190000000000000003,900200000000000030,1,27.644,338.420,9357.333,2022-12-01 10:45:00.000,L2FT01-FTJ020,17.50,0.000,0.666012,16605,0.435592,0.055345,0,0,1,0.9000,大鹏新区,22,22,0,0,0,0,1
2022-12-01,589179428,20190000000000000003,900200000000000049,1,12.467,353.300,4420.000,2022-12-01 10:45:00.000,L2FT01-FTJ020,17.50,0.000,0.666012,16605,0.435592,0.055345,0,0,1,0.9000,大鹏新区,22,22,0,0,0,0,1
2022-12-01,589179428,20190000000000000003,900200000000000030,1,17.500,339.600,5937.333,2022-12-01 11:00:00.000,L2FT01-FTJ020,16.78,0.000,0.666012,16605,0.435592,0.055345,0,0,1,0.9000,大鹏新区,22,22,0,0,0,0,1
2022-12-01,589179428,20190000000000000003,900200000000000030,1,10.893,340.727,3709.333,2022-12-01 11:15:00.000,L2FT01-FTJ020,16.78,0.000,0.666012,16605,0.435592,0.055345,0,0,1,0.9000,大鹏新区,22,22,0,0,0,0,1
2022-12-01,589179428,20190000000000000003,900200000000000030,1,7.677,341.147,2616.000,2022-12-01 11:30:00.000,L2FT01-FTJ020,16.78,0.000,0.666012,16605,0.435592,0.055345,0,0,1,0.9000,大鹏新区,22,22,0,0,0,0,1
2022-12-01,589179428,20190000000000000003,900200000000000030,1,7.677,342.180,2626.000,2022-12-01 11:45:00.000,L2FT01-FTJ020,16.78,0.000,0.666012,16605,0.435592,0.055345,0,0,1,0.9000,大鹏新区,22,22,0,0,0,0,1
2022-12-01,589179428,20190000000000000003,900200000000000043,1,122.254,460.257,57380.000,2022-12-01 11:45:00.000,L2FT01-FTJ020,16.78,0.000,0.666012,16605,0.435592,0.055345,0,0,1,0.9000,大鹏新区,22,22,0,0,0,0,1
2022-12-01,589179428,20190000000000000003,900200000000000044,1,129.827,311.270,40406.000,2022-12-01 11:45:00.000,L2FT01-FTJ020,16.78,0.000,0.666012,16605,0.435592,0.055345,0,0,1,0.9000,大鹏新区,22,22,0,0,0,0,1
2022-12-01,589179428,20190000000000000003,900200000000000048,1,35.795,241.700,11020.000,2022-12-01 12:00:00.000,L2FT01-FTJ020,16.00,0.000,0.666012,16605,0.435592,0.055345,0,0,1,0.9000,大鹏新区,22,22,0,0,0,0,1
2022-12-01,589179428,20190000000000000003,900200000000000044,1,129.890,313.120,40668.000,2022-12-01 12:00:00.000,L2FT01-FTJ020,16.00,0.000,0.666012,16605,0.435592,0.055345,0,0,1,0.9000,大鹏新区,22,22,0,0,0,0,1
2022-12-01,589179428,20190000000000000003,900200000000000043,1,165.140,471.393,77844.000,2022-12-01 12:00:00.000,L2FT01-FTJ020,16.00,0.000,0.666012,16605,0.435592,0.055345,0,0,1,0.9000,大鹏新区,22,22,0,0,0,0,1
2022-12-01,589179428,20190000000000000003,900200000000000030,1,7.590,342.900,2600.000,2022-12-01 12:00:00.000,L2FT01-FTJ020,16.00,0.000,0.666012,16605,0.435592,0.055345,0,0,1,0.9000,大鹏新区,22,22,0,0,0,0,1
2022-12-01,589179428,20190000000000000003,900200000000000043,1,130.384,471.580,61490.000,2022-12-01 12:15:00.000,L2FT01-FTJ020,16.00,0.000,0.666012,16605,0.435592,0.055345,0,0,1,0.9000,大鹏新区,22,22,0,0,0,0,1
2022-12-01,589179428,20190000000000000003,900200000000000044,1,129.890,314.560,40855.333,2022-12-01 12:15:00.000,L2FT01-FTJ020,16.00,0.000,0.666012,16605,0.435592,0.055345,0,0,1,0.9000,大鹏新区,22,22,0,0,0,0,1
2022-12-01,589179428,20190000000000000003,900200000000000043,1,77.210,471.360,36396.000,2022-12-01 12:30:00.000,L2FT01-FTJ020,16.00,0.000,0.666012,16605,0.435592,0.055345,0,0,1,0.9000,大鹏新区,22,22,0,0,0,0,1
2022-12-01,589179428,20190000000000000003,900200000000000044,1,109.091,319.554,34669.231,2022-12-01 12:30:00.000,L2FT01-FTJ020,16.00,0.000,0.666012,16605,0.435592,0.055345,0,0,1,0.9000,大鹏新区,22,22,0,0,0,0,1
2022-12-01,589179428,20190000000000000003,900200000000000043,1,23.790,470.100,11180.000,2022-12-01 12:45:00.000,L2FT01-FTJ020,16.00,0.000,0.666012,16605,0.435592,0.055345,0,0,1,0.9000,大鹏新区,22,22,0,0,0,0,1
2022-12-01,589179428,20190000000000000003,900200000000000053,1,129.931,311.800,40508.889,2022-12-01 12:45:00.000,L2FT01-FTJ020,16.00,0.000,0.666012,16605,0.435592,0.055345,0,0,1,0.9000,大鹏新区,22,22,0,0,0,0,1
2022-12-01,589179428,20190000000000000003,900200000000000053,1,129.818,314.593,40834.000,2022-12-01 13:00:00.000,L2FT01-FTJ020,15.22,0.000,0.666012,16605,0.435592,0.055345,0,0,1,0.9000,大鹏新区,22,22,0,0,0,0,1
2022-12-01,589179428,20190000000000000003,900200000000000032,1,65.043,316.345,20260.000,2022-12-01 13:15:00.000,L2FT01-FTJ020,15.22,0.000,0.666012,16605,0.435592,0.055345,0,0,1,0.9000,大鹏新区,22,22,0,0,0,0,1
2022-12-01,589179428,20190000000000000003,900200000000000048,1,47.727,324.100,17023.333,2022-12-01 13:15:00.000,L2FT01-FTJ020,15.22,0.000,0.666012,16605,0.435592,0.055345,0,0,1,0.9000,大鹏新区,22,22,0,0,0,0,1
2022-12-01,589179428,20190000000000000003,900200000000000053,1,121.859,317.753,38670.667,2022-12-01 13:15:00.000,L2FT01-FTJ020,15.22,0.000,0.666012,16605,0.435592,0.055345,0,0,1,0.9000,大鹏新区,22,22,0,0,0,0,1
2022-12-01,589179428,20190000000000000003,900200000000000048,1,71.450,361.100,25799.333,2022-12-01 13:30:00.000,L2FT01-FTJ020,15.22,0.000,0.666012,16605,0.435592,0.055345,0,0,1,0.9000,大鹏新区,22,22,0,0,0,0,1
2022-12-01,589179428,20190000000000000003,900200000000000053,1,49.790,326.100,16190.000,2022-12-01 13:30:00.000,L2FT01-FTJ020,15.22,0.000,0.666012,16605,0.435592,0.055345,0,0,1,0.9000,大鹏新区,22,22,0,0,0,0,1
2022-12-01,589179428,20190000000000000003,900200000000000032,1,71.419,312.473,22314.667,2022-12-01 13:30:00.000,L2FT01-FTJ020,15.22,0.000,0.666012,16605,0.435592,0.055345,0,0,1,0.9000,大鹏新区,22,22,0,0,0,0,1
2022-12-01,589179428,20190000000000000003,900200000000000043,1,63.848,338.611,23140.000,2022-12-01 13:30:00.000,L2FT01-FTJ020,15.22,0.000,0.666012,16605,0.435592,0.055345,0,0,1,0.9000,大鹏新区,22,22,0,0,0,0,1
2022-12-01,589179428,20190000000000000003,900200000000000032,1,71.405,312.533,22313.333,2022-12-01 13:45:00.000,L2FT01-FTJ020,15.22,0.000,0.666012,16605,0.435592,0.055345,0,0,1,0.9000,大鹏新区,22,22,0,0,0,0,1
2022-12-01,589179428,20190000000000000003,900200000000000043,1,71.703,372.240,26689.333,2022-12-01 13:45:00.000,L2FT01-FTJ020,15.22,0.000,0.666012,16605,0.435592,0.055345,0,0,1,0.9000,大鹏新区,22,22,0,0,0,0,1
2022-12-01,589179428,20190000000000000003,900200000000000048,1,71.303,374.153,26677.333,2022-12-01 13:45:00.000,L2FT01-FTJ020,15.22,0.000,0.666012,16605,0.435592,0.055345,0,0,1,0.9000,大鹏新区,22,22,0,0,0,0,1
2022-12-01,589179428,20190000000000000003,900200000000000032,1,71.445,312.975,22357.500,2022-12-01 14:00:00.000,L2FT01-FTJ020,14.50,0.000,0.666012,16605,0.435592,0.055345,0,0,1,0.9000,大鹏新区,22,22,0,0,0,0,1
2022-12-01,589179428,20190000000000000003,900200000000000043,1,71.657,382.780,27428.000,2022-12-01 14:00:00.000,L2FT01-FTJ020,14.50,0.000,0.666012,16605,0.435592,0.055345,0,0,1,0.9000,大鹏新区,22,22,0,0,0,0,1
2022-12-01,589179428,20190000000000000003,900200000000000043,1,71.690,387.900,27810.000,2022-12-01 14:15:00.000,L2FT01-FTJ020,14.50,0.000,0.666012,16605,0.435592,0.055345,0,0,1,0.9000,大鹏新区,22,22,0,0,0,0,1
2022-12-01,589179428,20190000000000000003,900200000000000042,1,148.734,361.743,53794.286,2022-12-01 15:00:00.000,L2FT01-FTJ020,13.88,0.000,0.666012,16605,0.435592,0.055345,0,0,1,0.9000,大鹏新区,22,22,0,0,0,0,1
2022-12-01,589179428,20190000000000000003,900200000000000032,1,149.553,389.373,58232.000,2022-12-01 15:15:00.000,L2FT01-FTJ020,13.88,0.000,0.666012,16605,0.435592,0.055345,0,0,1,0.9000,大鹏新区,22,22,0,0,0,0,1
2022-12-01,589179428,20190000000000000003,900200000000000042,1,106.286,370.187,39291.333,2022-12-01 15:15:00.000,L2FT01-FTJ020,13.88,0.000,0.666012,16605,0.435592,0.055345,0,0,1,0.9000,大鹏新区,22,22,0,0,0,0,1
2022-12-01,589179428,20190000000000000003,900200000000000032,1,137.985,408.960,56368.000,2022-12-01 15:30:00.000,L2FT01-FTJ020,13.88,0.000,0.666012,16605,0.435592,0.055345,0,0,1,0.9000,大鹏新区,22,22,0,0,0,0,1
2022-12-01,589179428,20190000000000000003,900200000000000042,1,79.672,388.727,30904.667,2022-12-01 15:30:00.000,L2FT01-FTJ020,13.88,0.000,0.666012,16605,0.435592,0.055345,0,0,1,0.9000,大鹏新区,22,22,0,0,0,0,1
2022-12-01,589179428,20190000000000000003,900200000000000042,1,61.500,398.567,24510.000,2022-12-01 15:45:00.000,L2FT01-FTJ020,13.88,0.000,0.666012,16605,0.435592,0.055345,0,0,1,0.9000,大鹏新区,22,22,0,0,0,0,1
2022-12-01,589179428,20190000000000000003,900200000000000032,1,77.159,423.960,32695.333,2022-12-01 15:45:00.000,L2FT01-FTJ020,13.88,0.000,0.666012,16605,0.435592,0.055345,0,0,1,0.9000,大鹏新区,22,22,0,0,0,0,1
2022-12-01,589179428,20190000000000000003,900200000000000044,1,131.190,308.100,40420.000,2022-12-01 16:30:00.000,L2FT01-FTJ020,13.40,0.000,0.666012,16605,0.435592,0.055345,0,0,1,0.9000,大鹏新区,22,22,0,0,0,0,1
2022-12-01,589179428,20190000000000000003,900200000000000035,1,119.822,315.392,37296.154,2022-12-01 16:45:00.000,L2FT01-FTJ020,13.40,0.000,0.666012,16605,0.435592,0.055345,0,0,1,0.9000,大鹏新区,22,22,0,0,0,0,1
2022-12-01,589179428,20190000000000000003,900200000000000035,1,129.963,313.220,40704.000,2022-12-01 17:00:00.000,L2FT01-FTJ020,13.10,0.000,0.666012,16605,0.435592,0.055345,0,0,1,0.9000,大鹏新区,22,22,0,0,0,0,1
2022-12-01,589179428,20190000000000000003,900200000000000035,1,104.542,319.931,33431.538,2022-12-01 17:15:00.000,L2FT01-FTJ020,13.10,0.000,0.666012,16605,0.435592,0.055345,0,0,1,0.9000,大鹏新区,22,22,0,0,0,0,1
2022-12-01,589179428,20190000000000000003,900200000000000043,1,199.797,314.667,62863.333,2022-12-01 17:45:00.000,L2FT01-FTJ020,13.10,0.000,0.666012,16605,0.435592,0.055345,0,0,1,0.9000,大鹏新区,22,22,0,0,0,0,1
2022-12-01,589179428,20190000000000000003,900200000000000043,1,199.993,316.287,63254.000,2022-12-01 18:00:00.000,L2FT01-FTJ020,13.00,0.000,0.666012,16605,0.435592,0.055345,0,0,1,0.9000,大鹏新区,22,22,0,0,0,0,1
2022-12-01,589179428,20190000000000000003,900200000000000043,1,200.050,319.200,63855.000,2022-12-01 18:15:00.000,L2FT01-FTJ020,13.00,0.000,0.666012,16605,0.435592,0.055345,0,0,1,0.9000,大鹏新区,22,22,0,0,0,0,1
2022-12-01,589179428,20190000000000000003,900200000000000040,1,49.863,336.400,16772.857,2022-12-01 18:30:00.000,L2FT01-FTJ020,13.00,0.000,0.666012,16605,0.435592,0.055345,0,0,1,0.9000,大鹏新区,22,22,0,0,0,0,1
2022-12-01,589179428,20190000000000000003,900200000000000043,1,199.799,313.486,62627.143,2022-12-01 18:30:00.000,L2FT01-FTJ020,13.00,0.000,0.666012,16605,0.435592,0.055345,0,0,1,0.9000,大鹏新区,22,22,0,0,0,0,1
2022-12-01,589179428,20190000000000000003,900200000000000040,1,49.790,349.040,17376.000,2022-12-01 18:45:00.000,L2FT01-FTJ020,13.00,0.000,0.666012,16605,0.435592,0.055345,0,0,1,0.9000,大鹏新区,22,22,0,0,0,0,1
2022-12-01,589179428,20190000000000000003,900200000000000043,1,199.963,315.913,63169.333,2022-12-01 18:45:00.000,L2FT01-FTJ020,13.00,0.000,0.666012,16605,0.435592,0.055345,0,0,1,0.9000,大鹏新区,22,22,0,0,0,0,1
2022-12-01,589179428,20190000000000000003,900200000000000040,1,37.823,362.513,13696.000,2022-12-01 19:00:00.000,L2FT01-FTJ020,13.10,0.000,0.666012,16605,0.435592,0.055345,0,0,1,0.9000,大鹏新区,22,22,0,0,0,0,1
2022-12-01,589179428,20190000000000000003,900200000000000043,1,174.539,320.208,55753.077,2022-12-01 19:00:00.000,L2FT01-FTJ020,13.10,0.000,0.666012,16605,0.435592,0.055345,0,0,1,0.9000,大鹏新区,22,22,0,0,0,0,1
2022-12-01,589179428,20190000000000000003,900200000000000040,1,9.733,363.487,3536.667,2022-12-01 19:15:00.000,L2FT01-FTJ020,13.10,0.000,0.666012,16605,0.435592,0.055345,0,0,1,0.9000,大鹏新区,22,22,0,0,0,0,1
2022-12-01,589179428,20190000000000000003,900200000000000052,1,107.523,352.200,38046.667,2022-12-01 19:15:00.000,L2FT01-FTJ020,13.10,0.000,0.666012,16605,0.435592,0.055345,0,0,1,0.9000,大鹏新区,22,22,0,0,0,0,1
2022-12-01,589179428,20190000000000000003,900200000000000052,1,112.310,368.307,41332.667,2022-12-01 19:30:00.000,L2FT01-FTJ020,13.10,0.000,0.666012,16605,0.435592,0.055345,0,0,1,0.9000,大鹏新区,22,22,0,0,0,0,1
2022-12-01,589179428,20190000000000000003,900200000000000040,1,3.757,363.767,1363.333,2022-12-01 19:30:00.000,L2FT01-FTJ020,13.10,0.000,0.666012,16605,0.435592,0.055345,0,0,1,0.9000,大鹏新区,22,22,0,0,0,0,1
2022-12-01,589179428,20190000000000000003,900200000000000040,1,3.090,364.587,1125.333,2022-12-01 19:45:00.000,L2FT01-FTJ020,13.10,0.000,0.666012,16605,0.435592,0.055345,0,0,1,0.9000,大鹏新区,22,22,0,0,0,0,1
2022-12-01,589179428,20190000000000000003,900200000000000052,1,72.930,380.587,27734.000,2022-12-01 19:45:00.000,L2FT01-FTJ020,13.10,0.000,0.666012,16605,0.435592,0.055345,0,0,1,0.9000,大鹏新区,22,22,0,0,0,0,1
2022-12-01,589179428,20190000000000000003,900200000000000035,1,141.782,361.617,51255.000,2022-12-01 20:00:00.000,L2FT01-FTJ020,13.40,0.000,0.666012,16605,0.435592,0.055345,0,0,1,0.9000,大鹏新区,22,22,0,0,0,0,1
2022-12-01,589179428,20190000000000000003,900200000000000040,1,3.090,365.200,1130.000,2022-12-01 20:00:00.000,L2FT01-FTJ020,13.40,0.000,0.666012,16605,0.435592,0.055345,0,0,1,0.9000,大鹏新区,22,22,0,0,0,0,1
2022-12-01,589179428,20190000000000000003,900200000000000052,1,29.358,386.040,11331.333,2022-12-01 20:00:00.000,L2FT01-FTJ020,13.40,0.000,0.666012,16605,0.435592,0.055345,0,0,1,0.9000,大鹏新区,22,22,0,0,0,0,1
2022-12-01,589179428,20190000000000000003,900200000000000035,1,111.452,375.827,41863.333,2022-12-01 20:15:00.000,L2FT01-FTJ020,13.40,0.000,0.666012,16605,0.435592,0.055345,0,0,1,0.9000,大鹏新区,22,22,0,0,0,0,1
2022-12-01,589179428,20190000000000000003,900200000000000052,1,23.668,388.467,9194.444,2022-12-01 20:15:00.000,L2FT01-FTJ020,13.40,0.000,0.666012,16605,0.435592,0.055345,0,0,1,0.9000,大鹏新区,22,22,0,0,0,0,1
2022-12-01,589179428,20190000000000000003,900200000000000035,1,57.283,387.587,22178.667,2022-12-01 20:30:00.000,L2FT01-FTJ020,13.40,0.000,0.666012,16605,0.435592,0.055345,0,0,1,0.9000,大鹏新区,22,22,0,0,0,0,1
2022-12-01,589179428,20190000000000000003,900200000000000052,1,115.127,460.780,53874.000,2022-12-01 20:30:00.000,L2FT01-FTJ020,13.40,0.000,0.666012,16605,0.435592,0.055345,0,0,1,0.9000,大鹏新区,22,22,0,0,0,0,1
2022-12-01,589179428,20190000000000000003,900200000000000056,1,120.300,406.200,48850.000,2022-12-01 20:30:00.000,L2FT01-FTJ020,13.40,0.000,0.666012,16605,0.435592,0.055345,0,0,1,0.9000,大鹏新区,22,22,0,0,0,0,1
2022-12-01,589179428,20190000000000000003,900200000000000052,1,118.533,469.353,55629.333,2022-12-01 20:45:00.000,L2FT01-FTJ020,13.40,0.000,0.666012,16605,0.435592,0.055345,0,0,1,0.9000,大鹏新区,22,22,0,0,0,0,1
2022-12-01,589179428,20190000000000000003,900200000000000056,1,115.890,409.000,47395.000,2022-12-01 20:45:00.000,L2FT01-FTJ020,13.40,0.000,0.666012,16605,0.435592,0.055345,0,0,1,0.9000,大鹏新区,22,22,0,0,0,0,1
2022-12-01,589179428,20190000000000000003,900200000000000035,1,31.673,392.633,12433.333,2022-12-01 20:45:00.000,L2FT01-FTJ020,13.40,0.000,0.666012,16605,0.435592,0.055345,0,0,1,0.9000,大鹏新区,22,22,0,0,0,0,1
2022-12-01,589179428,20190000000000000003,900200000000000052,1,74.540,468.907,34961.333,2022-12-01 21:00:00.000,L2FT01-FTJ020,13.88,0.000,0.666012,16605,0.435592,0.055345,0,0,1,0.9000,大鹏新区,22,22,0,0,0,0,1
2022-12-01,589179428,20190000000000000003,900200000000000052,1,28.890,468.500,13533.333,2022-12-01 21:15:00.000,L2FT01-FTJ020,13.88,0.000,0.666012,16605,0.435592,0.055345,0,0,1,0.9000,大鹏新区,22,22,0,0,0,0,1
2022-12-01,589179428,20190000000000000003,900200000000000052,1,16.500,301.700,4970.000,2022-12-01 23:30:00.000,L2FT01-FTJ020,15.22,0.000,0.666012,16605,0.435592,0.055345,0,0,1,0.9000,大鹏新区,22,22,0,0,0,0,1
2022-12-02,589179428,20190000000000000003,900200000000000037,1,107.864,462.650,50699.000,2022-12-02 00:00:00.000,L2FT01-FTJ020,16.00,0.000,0.666012,16605,0.435592,0.055345,0,0,1,0.9000,大鹏新区,22,22,0,0,0,0,1
2022-12-02,589179428,20190000000000000003,900200000000000049,1,142.079,308.867,43960.667,2022-12-02 00:00:00.000,L2FT01-FTJ020,16.00,0.000,0.666012,16605,0.435592,0.055345,0,0,1,0.9000,大鹏新区,22,22,0,0,0,0,1
2022-12-02,589179428,20190000000000000003,900200000000000037,1,129.799,472.433,61316.000,2022-12-02 00:15:00.000,L2FT01-FTJ020,16.00,0.000,0.666012,16605,0.435592,0.055345,0,0,1,0.9000,大鹏新区,22,22,0,0,0,0,1
2022-12-02,589179428,20190000000000000003,900200000000000049,1,149.830,311.160,46618.667,2022-12-02 00:15:00.000,L2FT01-FTJ020,16.00,0.000,0.666012,16605,0.435592,0.055345,0,0,1,0.9000,大鹏新区,22,22,0,0,0,0,1
2022-12-02,589179428,20190000000000000003,900200000000000037,1,129.800,473.207,61416.667,2022-12-02 00:30:00.000,L2FT01-FTJ020,16.00,0.000,0.666012,16605,0.435592,0.055345,0,0,1,0.9000,大鹏新区,22,22,0,0,0,0,1
2022-12-02,589179428,20190000000000000003,900200000000000039,1,142.848,308.567,44074.444,2022-12-02 00:30:00.000,L2FT01-FTJ020,16.00,0.000,0.666012,16605,0.435592,0.055345,0,0,1,0.9000,大鹏新区,22,22,0,0,0,0,1
2022-12-02,589179428,20190000000000000003,900200000000000049,1,149.890,312.573,46849.333,2022-12-02 00:30:00.000,L2FT01-FTJ020,16.00,0.000,0.666012,16605,0.435592,0.055345,0,0,1,0.9000,大鹏新区,22,22,0,0,0,0,1
2022-12-02,589179428,20190000000000000003,900200000000000049,1,149.883,314.173,47086.667,2022-12-02 00:45:00.000,L2FT01-FTJ020,16.00,0.000,0.666012,16605,0.435592,0.055345,0,0,1,0.9000,大鹏新区,22,22,0,0,0,0,1
2022-12-02,589179428,20190000000000000003,900200000000000037,1,83.870,473.133,39682.000,2022-12-02 00:45:00.000,L2FT01-FTJ020,16.00,0.000,0.666012,16605,0.435592,0.055345,0,0,1,0.9000,大鹏新区,22,22,0,0,0,0,1
2022-12-02,589179428,20190000000000000003,900200000000000039,1,142.590,310.993,44342.000,2022-12-02 00:45:00.000,L2FT01-FTJ020,16.00,0.000,0.666012,16605,0.435592,0.055345,0,0,1,0.9000,大鹏新区,22,22,0,0,0,0,1
2022-12-02,589179428,20190000000000000003,900200000000000049,1,149.857,315.287,47246.000,2022-12-02 01:00:00.000,L2FT01-FTJ020,16.78,0.000,0.666012,16605,0.435592,0.055345,0,0,1,0.9000,大鹏新区,22,22,0,0,0,0,1
2022-12-02,589179428,20190000000000000003,900200000000000039,1,142.603,311.720,44449.333,2022-12-02 01:00:00.000,L2FT01-FTJ020,16.78,0.000,0.666012,16605,0.435592,0.055345,0,0,1,0.9000,大鹏新区,22,22,0,0,0,0,1
2022-12-02,589179428,20190000000000000003,900200000000000037,1,51.461,472.843,24338.571,2022-12-02 01:00:00.000,L2FT01-FTJ020,16.78,0.000,0.666012,16605,0.435592,0.055345,0,0,1,0.9000,大鹏新区,22,22,0,0,0,0,1
2022-12-02,589179428,20190000000000000003,900200000000000039,1,142.584,313.233,44659.333,2022-12-02 01:15:00.000,L2FT01-FTJ020,16.78,0.000,0.666012,16605,0.435592,0.055345,0,0,1,0.9000,大鹏新区,22,22,0,0,0,0,1
2022-12-02,589179428,20190000000000000003,900200000000000049,1,121.269,321.093,38735.000,2022-12-02 01:15:00.000,L2FT01-FTJ020,16.78,0.000,0.666012,16605,0.435592,0.055345,0,0,1,0.9000,大鹏新区,22,22,0,0,0,0,1
2022-12-02,589179428,20190000000000000003,900200000000000039,1,142.623,314.140,44802.000,2022-12-02 01:30:00.000,L2FT01-FTJ020,16.78,0.000,0.666012,16605,0.435592,0.055345,0,0,1,0.9000,大鹏新区,22,22,0,0,0,0,1
2022-12-02,589179428,20190000000000000003,900200000000000039,1,132.939,317.593,42138.000,2022-12-02 01:45:00.000,L2FT01-FTJ020,16.78,0.000,0.666012,16605,0.435592,0.055345,0,0,1,0.9000,大鹏新区,22,22,0,0,0,0,1
2022-12-02,589179428,20190000000000000003,900200000000000039,1,29.840,329.900,9845.000,2022-12-02 02:00:00.000,L2FT01-FTJ020,17.50,0.000,0.666012,16605,0.435592,0.055345,0,0,1,0.9000,大鹏新区,22,22,0,0,0,0,1
2022-12-02,589179428,20190000000000000003,900200000000000044,1,65.557,355.500,23504.444,2022-12-02 02:00:00.000,L2FT01-FTJ020,17.50,0.000,0.666012,16605,0.435592,0.055345,0,0,1,0.9000,大鹏新区,22,22,0,0,0,0,1
2022-12-02,589179428,20190000000000000003,900200000000000044,1,146.857,372.100,54660.000,2022-12-02 02:15:00.000,L2FT01-FTJ020,17.50,0.000,0.666012,16605,0.435592,0.055345,0,0,1,0.9000,大鹏新区,22,22,0,0,0,0,1
2022-12-02,589179428,20190000000000000003,900200000000000044,1,113.437,386.140,43744.667,2022-12-02 02:30:00.000,L2FT01-FTJ020,17.50,0.000,0.666012,16605,0.435592,0.055345,0,0,1,0.9000,大鹏新区,22,22,0,0,0,0,1
2022-12-02,589179428,20190000000000000003,900200000000000044,1,71.804,393.613,28261.333,2022-12-02 02:45:00.000,L2FT01-FTJ020,17.50,0.000,0.666012,16605,0.435592,0.055345,0,0,1,0.9000,大鹏新区,22,22,0,0,0,0,1
2022-12-02,589179428,20190000000000000003,900200000000000044,1,71.770,401.180,28792.000,2022-12-02 03:00:00.000,L2FT01-FTJ020,18.12,0.000,0.666012,16605,0.435592,0.055345,0,0,1,0.9000,大鹏新区,22,22,0,0,0,0,1
2022-12-02,589179428,20190000000000000003,900200000000000043,1,206.613,313.514,64774.286,2022-12-02 03:45:00.000,L2FT01-FTJ020,18.12,0.000,0.666012,16605,0.435592,0.055345,0,0,1,0.9000,大鹏新区,22,22,0,0,0,0,1
2022-12-02,589179428,20190000000000000003,900200000000000043,1,205.922,314.527,64765.333,2022-12-02 04:00:00.000,L2FT01-FTJ020,18.60,0.000,0.666012,16605,0.435592,0.055345,0,0,1,0.9000,大鹏新区,22,22,0,0,0,0,1
2022-12-02,589179428,20190000000000000003,900200000000000043,1,205.971,316.000,65083.333,2022-12-02 04:15:00.000,L2FT01-FTJ020,18.60,0.000,0.666012,16605,0.435592,0.055345,0,0,1,0.9000,大鹏新区,22,22,0,0,0,0,1
2022-12-02,589179428,20190000000000000003,900200000000000039,1,84.418,301.680,25628.000,2022-12-02 04:30:00.000,L2FT01-FTJ020,18.60,0.000,0.666012,16605,0.435592,0.055345,0,0,1,0.9000,大鹏新区,22,22,0,0,0,0,1
2022-12-02,589179428,20190000000000000003,900200000000000043,1,171.683,319.129,54737.143,2022-12-02 04:30:00.000,L2FT01-FTJ020,18.60,0.000,0.666012,16605,0.435592,0.055345,0,0,1,0.9000,大鹏新区,22,22,0,0,0,0,1
2022-12-02,589179428,20190000000000000003,900200000000000039,1,105.372,308.000,32452.000,2022-12-02 04:45:00.000,L2FT01-FTJ020,18.60,0.000,0.666012,16605,0.435592,0.055345,0,0,1,0.9000,大鹏新区,22,22,0,0,0,0,1
2022-12-02,589179428,20190000000000000003,900200000000000039,1,105.372,310.700,32734.000,2022-12-02 05:00:00.000,L2FT01-FTJ020,18.90,0.000,0.666012,16605,0.435592,0.055345,0,0,1,0.9000,大鹏新区,22,22,0,0,0,0,1
2022-12-02,589179428,20190000000000000003,900200000000000039,1,105.390,311.153,32790.000,2022-12-02 05:15:00.000,L2FT01-FTJ020,18.90,0.000,0.666012,16605,0.435592,0.055345,0,0,1,0.9000,大鹏新区,22,22,0,0,0,0,1
2022-12-02,589179428,20190000000000000003,900200000000000039,1,105.348,312.300,32896.000,2022-12-02 05:30:00.000,L2FT01-FTJ020,18.90,0.000,0.666012,16605,0.435592,0.055345,0,0,1,0.9000,大鹏新区,22,22,0,0,0,0,1
2022-12-02,589179428,20190000000000000003,900200000000000039,1,105.429,313.140,33012.667,2022-12-02 05:45:00.000,L2FT01-FTJ020,18.90,0.000,0.666012,16605,0.435592,0.055345,0,0,1,0.9000,大鹏新区,22,22,0,0,0,0,1
2022-12-02,589179428,20190000000000000003,900200000000000039,1,105.441,313.720,33076.000,2022-12-02 06:00:00.000,L2FT01-FTJ020,19.00,0.000,0.666012,16605,0.435592,0.055345,0,0,1,0.9000,大鹏新区,22,22,0,0,0,0,1
2022-12-02,589179428,20190000000000000003,900200000000000039,1,105.390,315.187,33215.333,2022-12-02 06:15:00.000,L2FT01-FTJ020,19.00,0.000,0.666012,16605,0.435592,0.055345,0,0,1,0.9000,大鹏新区,22,22,0,0,0,0,1
2022-12-02,589179428,20190000000000000003,900200000000000035,1,130.545,379.062,49513.077,2022-12-02 06:30:00.000,L2FT01-FTJ020,19.00,0.000,0.666012,16605,0.435592,0.055345,0,0,1,0.9000,大鹏新区,22,22,0,0,0,0,1
2022-12-02,589179428,20190000000000000003,900200000000000039,1,89.308,321.550,28666.667,2022-12-02 06:30:00.000,L2FT01-FTJ020,19.00,0.000,0.666012,16605,0.435592,0.055345,0,0,1,0.9000,大鹏新区,22,22,0,0,0,0,1
2022-12-02,589179428,20190000000000000003,900200000000000035,1,108.374,395.920,42833.333,2022-12-02 06:45:00.000,L2FT01-FTJ020,19.00,0.000,0.666012,16605,0.435592,0.055345,0,0,1,0.9000,大鹏新区,22,22,0,0,0,0,1
2022-12-02,589179428,20190000000000000003,900200000000000035,1,49.163,403.847,19854.000,2022-12-02 07:00:00.000,L2FT01-FTJ020,18.90,0.000,0.666012,16605,0.435592,0.055345,0,0,1,0.9000,大鹏新区,22,22,0,0,0,0,1
2022-12-02,589179428,20190000000000000003,900200000000000057,1,38.973,410.483,15996.667,2022-12-02 07:00:00.000,L2FT01-FTJ020,18.90,0.000,0.666012,16605,0.435592,0.055345,0,0,1,0.9000,大鹏新区,22,22,0,0,0,0,1
2022-12-02,589179428,20190000000000000003,900200000000000057,1,33.183,409.600,13601.333,2022-12-02 07:15:00.000,L2FT01-FTJ020,18.90,0.000,0.666012,16605,0.435592,0.055345,0,0,1,0.9000,大鹏新区,22,22,0,0,0,0,1
2022-12-02,589179428,20190000000000000003,900200000000000035,1,49.090,414.107,20328.000,2022-12-02 07:15:00.000,L2FT01-FTJ020,18.90,0.000,0.666012,16605,0.435592,0.055345,0,0,1,0.9000,大鹏新区,22,22,0,0,0,0,1
2022-12-02,589179428,20190000000000000003,900200000000000057,1,23.790,409.200,9734.000,2022-12-02 07:30:00.000,L2FT01-FTJ020,18.90,0.000,0.666012,16605,0.435592,0.055345,0,0,1,0.9000,大鹏新区,22,22,0,0,0,0,1
2022-12-02,589179428,20190000000000000003,900200000000000035,1,49.090,420.200,20630.000,2022-12-02 07:30:00.000,L2FT01-FTJ020,18.90,0.000,0.666012,16605,0.435592,0.055345,0,0,1,0.9000,大鹏新区,22,22,0,0,0,0,1
2022-12-02,589179428,20190000000000000003,900200000000000057,1,24.063,410.545,9880.000,2022-12-02 07:45:00.000,L2FT01-FTJ020,18.90,0.000,0.666012,16605,0.435592,0.055345,0,0,1,0.9000,大鹏新区,22,22,0,0,0,0,1
2022-12-02,589179428,20190000000000000003,900200000000000034,1,12.763,340.600,4350.000,2022-12-02 09:00:00.000,L2FT01-FTJ020,18.12,0.000,0.666012,16605,0.435592,0.055345,0,0,1,0.9000,大鹏新区,22,22,0,0,0,0,1
2022-12-02,589179428,20190000000000000003,900200000000000034,1,102.067,358.660,36840.000,2022-12-02 09:15:00.000,L2FT01-FTJ020,18.12,0.000,0.666012,16605,0.435592,0.055345,0,0,1,0.9000,大鹏新区,22,22,0,0,0,0,1
2022-12-02,589179428,20190000000000000003,900200000000000034,1,97.670,376.380,36724.667,2022-12-02 09:30:00.000,L2FT01-FTJ020,18.12,0.000,0.666012,16605,0.435592,0.055345,0,0,1,0.9000,大鹏新区,22,22,0,0,0,0,1
2022-12-02,589179428,20190000000000000003,900200000000000048,1,44.956,325.420,14538.000,2022-12-02 09:30:00.000,L2FT01-FTJ020,18.12,0.000,0.666012,16605,0.435592,0.055345,0,0,1,0.9000,大鹏新区,22,22,0,0,0,0,1
2022-12-02,589179428,20190000000000000003,900200000000000034,1,49.072,385.207,18898.667,2022-12-02 09:45:00.000,L2FT01-FTJ020,18.12,0.000,0.666012,16605,0.435592,0.055345,0,0,1,0.9000,大鹏新区,22,22,0,0,0,0,1
2022-12-02,589179428,20190000000000000003,900200000000000048,1,49.912,330.647,16502.000,2022-12-02 09:45:00.000,L2FT01-FTJ020,18.12,0.000,0.666012,16605,0.435592,0.055345,0,0,1,0.9000,大鹏新区,22,22,0,0,0,0,1
2022-12-02,589179428,20190000000000000003,900200000000000034,1,25.585,387.920,9920.667,2022-12-02 10:00:00.000,L2FT01-FTJ020,17.50,0.000,0.666012,16605,0.435592,0.055345,0,0,1,0.9000,大鹏新区,22,22,0,0,0,0,1
2022-12-02,589179428,20190000000000000003,900200000000000048,1,49.890,336.340,16778.667,2022-12-02 10:00:00.000,L2FT01-FTJ020,17.50,0.000,0.666012,16605,0.435592,0.055345,0,0,1,0.9000,大鹏新区,22,22,0,0,0,0,1
2022-12-02,589179428,20190000000000000003,900200000000000034,1,26.290,390.400,10260.000,2022-12-02 10:15:00.000,L2FT01-FTJ020,17.50,0.000,0.666012,16605,0.435592,0.055345,0,0,1,0.9000,大鹏新区,22,22,0,0,0,0,1
2022-12-02,589179428,20190000000000000003,900200000000000048,1,49.890,342.307,17077.333,2022-12-02 10:15:00.000,L2FT01-FTJ020,17.50,0.000,0.666012,16605,0.435592,0.055345,0,0,1,0.9000,大鹏新区,22,22,0,0,0,0,1
2022-12-02,589179428,20190000000000000003,900200000000000048,1,61.337,351.160,21574.667,2022-12-02 10:30:00.000,L2FT01-FTJ020,17.50,0.000,0.666012,16605,0.435592,0.055345,0,0,1,0.9000,大鹏新区,22,22,0,0,0,0,1
2022-12-02,589179428,20190000000000000003,900200000000000057,1,142.392,349.283,49736.667,2022-12-02 10:30:00.000,L2FT01-FTJ020,17.50,0.000,0.666012,16605,0.435592,0.055345,0,0,1,0.9000,大鹏新区,22,22,0,0,0,0,1
2022-12-02,589179428,20190000000000000003,900200000000000057,1,109.899,348.180,38302.667,2022-12-02 10:45:00.000,L2FT01-FTJ020,17.50,0.000,0.666012,16605,0.435592,0.055345,0,0,1,0.9000,大鹏新区,22,22,0,0,0,0,1
2022-12-02,589179428,20190000000000000003,900200000000000048,1,71.290,359.450,25623.333,2022-12-02 10:45:00.000,L2FT01-FTJ020,17.50,0.000,0.666012,16605,0.435592,0.055345,0,0,1,0.9000,大鹏新区,22,22,0,0,0,0,1
2022-12-02,589179428,20190000000000000003,900200000000000057,1,62.864,346.487,21779.333,2022-12-02 11:00:00.000,L2FT01-FTJ020,16.78,0.000,0.666012,16605,0.435592,0.055345,0,0,1,0.9000,大鹏新区,22,22,0,0,0,0,1
2022-12-02,589179428,20190000000000000003,900200000000000057,1,26.090,355.300,9260.000,2022-12-02 11:15:00.000,L2FT01-FTJ020,16.78,0.000,0.666012,16605,0.435592,0.055345,0,0,1,0.9000,大鹏新区,22,22,0,0,0,0,1
2022-12-02,589179428,20190000000000000003,900200000000000039,1,65.245,453.667,30995.000,2022-12-02 11:30:00.000,L2FT01-FTJ020,16.78,0.000,0.666012,16605,0.435592,0.055345,0,0,1,0.9000,大鹏新区,22,22,0,0,0,0,1
2022-12-02,589179428,20190000000000000003,900200000000000032,1,130.002,312.447,40615.333,2022-12-02 11:45:00.000,L2FT01-FTJ020,16.78,0.000,0.666012,16605,0.435592,0.055345,0,0,1,0.9000,大鹏新区,22,22,0,0,0,0,1
2022-12-02,589179428,20190000000000000003,900200000000000039,1,98.311,476.520,46844.000,2022-12-02 11:45:00.000,L2FT01-FTJ020,16.78,0.000,0.666012,16605,0.435592,0.055345,0,0,1,0.9000,大鹏新区,22,22,0,0,0,0,1
2022-12-02,589179428,20190000000000000003,900200000000000032,1,130.066,315.220,40997.333,2022-12-02 12:00:00.000,L2FT01-FTJ020,16.00,0.000,0.666012,16605,0.435592,0.055345,0,0,1,0.9000,大鹏新区,22,22,0,0,0,0,1
2022-12-02,589179428,20190000000000000003,900200000000000039,1,82.757,476.947,39472.667,2022-12-02 12:00:00.000,L2FT01-FTJ020,16.00,0.000,0.666012,16605,0.435592,0.055345,0,0,1,0.9000,大鹏新区,22,22,0,0,0,0,1
2022-12-02,589179428,20190000000000000003,900200000000000032,1,111.898,316.470,35413.000,2022-12-02 12:15:00.000,L2FT01-FTJ020,16.00,0.000,0.666012,16605,0.435592,0.055345,0,0,1,0.9000,大鹏新区,22,22,0,0,0,0,1
2022-12-02,589179428,20190000000000000003,900200000000000039,1,29.140,476.200,13880.000,2022-12-02 12:15:00.000,L2FT01-FTJ020,16.00,0.000,0.666012,16605,0.435592,0.055345,0,0,1,0.9000,大鹏新区,22,22,0,0,0,0,1
2022-12-02,589179428,20190000000000000003,900200000000000039,1,53.350,361.387,19255.333,2022-12-02 12:30:00.000,L2FT01-FTJ020,16.00,0.000,0.666012,16605,0.435592,0.055345,0,0,1,0.9000,大鹏新区,22,22,0,0,0,0,1
2022-12-02,589179428,20190000000000000003,900200000000000039,1,31.941,367.273,11728.667,2022-12-02 12:45:00.000,L2FT01-FTJ020,16.00,0.000,0.666012,16605,0.435592,0.055345,0,0,1,0.9000,大鹏新区,22,22,0,0,0,0,1
2022-12-02,589179428,20190000000000000003,900200000000000039,1,15.590,369.407,5761.333,2022-12-02 13:00:00.000,L2FT01-FTJ020,15.22,0.000,0.666012,16605,0.435592,0.055345,0,0,1,0.9000,大鹏新区,22,22,0,0,0,0,1
2022-12-02,589179428,20190000000000000003,900200000000000039,1,13.137,371.567,4880.667,2022-12-02 13:15:00.000,L2FT01-FTJ020,15.22,0.000,0.666012,16605,0.435592,0.055345,0,0,1,0.9000,大鹏新区,22,22,0,0,0,0,1
2022-12-02,589179428,20190000000000000003,900200000000000030,1,96.405,450.738,43461.250,2022-12-02 13:30:00.000,L2FT01-FTJ020,15.22,0.000,0.666012,16605,0.435592,0.055345,0,0,1,0.9000,大鹏新区,22,22,0,0,0,0,1
2022-12-02,589179428,20190000000000000003,900200000000000034,1,123.323,314.800,39056.667,2022-12-02 13:30:00.000,L2FT01-FTJ020,15.22,0.000,0.666012,16605,0.435592,0.055345,0,0,1,0.9000,大鹏新区,22,22,0,0,0,0,1
2022-12-02,589179428,20190000000000000003,900200000000000039,1,13.190,373.400,4925.000,2022-12-02 13:30:00.000,L2FT01-FTJ020,15.22,0.000,0.666012,16605,0.435592,0.055345,0,0,1,0.9000,大鹏新区,22,22,0,0,0,0,1
2022-12-02,589179428,20190000000000000003,900200000000000030,1,53.141,457.020,24274.000,2022-12-02 13:45:00.000,L2FT01-FTJ020,15.22,0.000,0.666012,16605,0.435592,0.055345,0,0,1,0.9000,大鹏新区,22,22,0,0,0,0,1
2022-12-02,589179428,20190000000000000003,900200000000000034,1,104.713,316.173,33210.667,2022-12-02 13:45:00.000,L2FT01-FTJ020,15.22,0.000,0.666012,16605,0.435592,0.055345,0,0,1,0.9000,大鹏新区,22,22,0,0,0,0,1
2022-12-02,589179428,20190000000000000003,900200000000000034,1,51.790,314.700,16300.000,2022-12-02 14:00:00.000,L2FT01-FTJ020,14.50,0.000,0.666012,16605,0.435592,0.055345,0,0,1,0.9000,大鹏新区,22,22,0,0,0,0,1
2022-12-02,589179428,20190000000000000003,900200000000000040,1,55.437,371.289,20606.667,2022-12-02 14:00:00.000,L2FT01-FTJ020,14.50,0.000,0.666012,16605,0.435592,0.055345,0,0,1,0.9000,大鹏新区,22,22,0,0,0,0,1
2022-12-02,589179428,20190000000000000003,900200000000000040,1,65.740,380.740,25065.000,2022-12-02 14:15:00.000,L2FT01-FTJ020,14.50,0.000,0.666012,16605,0.435592,0.055345,0,0,1,0.9000,大鹏新区,22,22,0,0,0,0,1
2022-12-02,589179428,20190000000000000003,900200000000000044,1,125.023,310.425,38822.500,2022-12-02 14:45:00.000,L2FT01-FTJ020,14.50,0.000,0.666012,16605,0.435592,0.055345,0,0,1,0.9000,大鹏新区,22,22,0,0,0,0,1
2022-12-02,589179428,20190000000000000003,900200000000000044,1,129.887,312.807,40626.667,2022-12-02 15:00:00.000,L2FT01-FTJ020,13.88,0.000,0.666012,16605,0.435592,0.055345,0,0,1,0.9000,大鹏新区,22,22,0,0,0,0,1
2022-12-02,589179428,20190000000000000003,900200000000000044,1,129.978,315.260,40972.000,2022-12-02 15:15:00.000,L2FT01-FTJ020,13.88,0.000,0.666012,16605,0.435592,0.055345,0,0,1,0.9000,大鹏新区,22,22,0,0,0,0,1
2022-12-02,589179428,20190000000000000003,900200000000000042,1,143.312,342.000,49010.000,2022-12-02 15:30:00.000,L2FT01-FTJ020,13.88,0.000,0.666012,16605,0.435592,0.055345,0,0,1,0.9000,大鹏新区,22,22,0,0,0,0,1
2022-12-02,589179428,20190000000000000003,900200000000000044,1,94.478,322.545,30230.000,2022-12-02 15:30:00.000,L2FT01-FTJ020,13.88,0.000,0.666012,16605,0.435592,0.055345,0,0,1,0.9000,大鹏新区,22,22,0,0,0,0,1
2022-12-02,589179428,20190000000000000003,900200000000000053,1,149.877,311.150,46632.500,2022-12-02 15:45:00.000,L2FT01-FTJ020,13.88,0.000,0.666012,16605,0.435592,0.055345,0,0,1,0.9000,大鹏新区,22,22,0,0,0,0,1
2022-12-02,589179428,20190000000000000003,900200000000000042,1,143.036,346.340,49536.000,2022-12-02 15:45:00.000,L2FT01-FTJ020,13.88,0.000,0.666012,16605,0.435592,0.055345,0,0,1,0.9000,大鹏新区,22,22,0,0,0,0,1
2022-12-02,589179428,20190000000000000003,900200000000000053,1,149.913,314.200,47099.333,2022-12-02 16:00:00.000,L2FT01-FTJ020,13.40,0.000,0.666012,16605,0.435592,0.055345,0,0,1,0.9000,大鹏新区,22,22,0,0,0,0,1
2022-12-02,589179428,20190000000000000003,900200000000000057,1,89.875,357.645,32157.273,2022-12-02 16:00:00.000,L2FT01-FTJ020,13.40,0.000,0.666012,16605,0.435592,0.055345,0,0,1,0.9000,大鹏新区,22,22,0,0,0,0,1
2022-12-02,589179428,20190000000000000003,900200000000000053,1,149.956,315.467,47303.333,2022-12-02 16:15:00.000,L2FT01-FTJ020,13.40,0.000,0.666012,16605,0.435592,0.055345,0,0,1,0.9000,大鹏新区,22,22,0,0,0,0,1
2022-12-02,589179428,20190000000000000003,900200000000000057,1,124.038,369.807,45889.333,2022-12-02 16:15:00.000,L2FT01-FTJ020,13.40,0.000,0.666012,16605,0.435592,0.055345,0,0,1,0.9000,大鹏新区,22,22,0,0,0,0,1
2022-12-02,589179428,20190000000000000003,900200000000000047,1,114.419,371.812,41878.750,2022-12-02 16:30:00.000,L2FT01-FTJ020,13.40,0.000,0.666012,16605,0.435592,0.055345,0,0,1,0.9000,大鹏新区,22,22,0,0,0,0,1
2022-12-02,589179428,20190000000000000003,900200000000000053,1,118.449,322.457,37984.286,2022-12-02 16:30:00.000,L2FT01-FTJ020,13.40,0.000,0.666012,16605,0.435592,0.055345,0,0,1,0.9000,大鹏新区,22,22,0,0,0,0,1
2022-12-02,589179428,20190000000000000003,900200000000000057,1,85.739,385.460,33017.333,2022-12-02 16:30:00.000,L2FT01-FTJ020,13.40,0.000,0.666012,16605,0.435592,0.055345,0,0,1,0.9000,大鹏新区,22,22,0,0,0,0,1
2022-12-02,589179428,20190000000000000003,900200000000000047,1,103.892,378.467,39288.000,2022-12-02 16:45:00.000,L2FT01-FTJ020,13.40,0.000,0.666012,16605,0.435592,0.055345,0,0,1,0.9000,大鹏新区,22,22,0,0,0,0,1
2022-12-02,589179428,20190000000000000003,900200000000000057,1,49.399,392.367,19381.667,2022-12-02 16:45:00.000,L2FT01-FTJ020,13.40,0.000,0.666012,16605,0.435592,0.055345,0,0,1,0.9000,大鹏新区,22,22,0,0,0,0,1
2022-12-02,589179428,20190000000000000003,900200000000000047,1,64.585,396.133,25541.333,2022-12-02 17:00:00.000,L2FT01-FTJ020,13.10,0.000,0.666012,16605,0.435592,0.055345,0,0,1,0.9000,大鹏新区,22,22,0,0,0,0,1
2022-12-02,589179428,20190000000000000003,900200000000000056,0,0.000,126.600,0.000,2022-12-02 17:00:00.000,L2FT01-FTJ020,13.10,0.000,0.666012,16605,0.435592,0.055345,0,0,1,0.9000,大鹏新区,22,22,0,0,0,0,1
2022-12-02,589179428,20190000000000000003,900200000000000047,1,26.238,403.027,10568.000,2022-12-02 17:15:00.000,L2FT01-FTJ020,13.10,0.000,0.666012,16605,0.435592,0.055345,0,0,1,0.9000,大鹏新区,22,22,0,0,0,0,1
2022-12-02,589179428,20190000000000000003,900200000000000047,1,19.894,405.625,8067.500,2022-12-02 17:30:00.000,L2FT01-FTJ020,13.10,0.000,0.666012,16605,0.435592,0.055345,0,0,1,0.9000,大鹏新区,22,22,0,0,0,0,1
2022-12-02,589179428,20190000000000000003,900200000000000031,1,202.918,312.980,63494.000,2022-12-02 17:30:00.000,L2FT01-FTJ020,13.10,0.000,0.666012,16605,0.435592,0.055345,0,0,1,0.9000,大鹏新区,22,22,0,0,0,0,1
2022-12-02,589179428,20190000000000000003,900200000000000031,1,199.900,315.060,62976.000,2022-12-02 17:45:00.000,L2FT01-FTJ020,13.10,0.000,0.666012,16605,0.435592,0.055345,0,0,1,0.9000,大鹏新区,22,22,0,0,0,0,1
2022-12-02,589179428,20190000000000000003,900200000000000031,1,200.000,316.260,63252.000,2022-12-02 18:00:00.000,L2FT01-FTJ020,13.00,0.000,0.666012,16605,0.435592,0.055345,0,0,1,0.9000,大鹏新区,22,22,0,0,0,0,1
2022-12-02,589179428,20190000000000000003,900200000000000037,1,59.710,350.760,20944.000,2022-12-02 18:15:00.000,L2FT01-FTJ020,13.00,0.000,0.666012,16605,0.435592,0.055345,0,0,1,0.9000,大鹏新区,22,22,0,0,0,0,1
2022-12-02,589179428,20190000000000000003,900200000000000037,1,79.038,356.746,28213.846,2022-12-02 18:30:00.000,L2FT01-FTJ020,13.00,0.000,0.666012,16605,0.435592,0.055345,0,0,1,0.9000,大鹏新区,22,22,0,0,0,0,1
2022-12-02,589179428,20190000000000000003,900200000000000037,1,55.093,326.100,18153.333,2022-12-02 19:45:00.000,L2FT01-FTJ020,13.10,0.000,0.666012,16605,0.435592,0.055345,0,0,1,0.9000,大鹏新区,22,22,0,0,0,0,1
2022-12-02,589179428,20190000000000000003,900200000000000037,1,130.091,340.973,44355.333,2022-12-02 20:00:00.000,L2FT01-FTJ020,13.40,0.000,0.666012,16605,0.435592,0.055345,0,0,1,0.9000,大鹏新区,22,22,0,0,0,0,1
2022-12-02,589179428,20190000000000000003,900200000000000037,1,130.218,350.180,45596.667,2022-12-02 20:15:00.000,L2FT01-FTJ020,13.40,0.000,0.666012,16605,0.435592,0.055345,0,0,1,0.9000,大鹏新区,22,22,0,0,0,0,1
2022-12-02,589179428,20190000000000000003,900200000000000048,1,111.895,461.307,52534.286,2022-12-02 20:15:00.000,L2FT01-FTJ020,13.40,0.000,0.666012,16605,0.435592,0.055345,0,0,1,0.9000,大鹏新区,22,22,0,0,0,0,1
2022-12-02,589179428,20190000000000000003,900200000000000037,1,116.785,359.658,42355.000,2022-12-02 20:30:00.000,L2FT01-FTJ020,13.40,0.000,0.666012,16605,0.435592,0.055345,0,0,1,0.9000,大鹏新区,22,22,0,0,0,0,1
2022-12-02,589179428,20190000000000000003,900200000000000044,1,124.153,362.390,45234.000,2022-12-02 20:30:00.000,L2FT01-FTJ020,13.40,0.000,0.666012,16605,0.435592,0.055345,0,0,1,0.9000,大鹏新区,22,22,0,0,0,0,1
2022-12-02,589179428,20190000000000000003,900200000000000048,1,108.018,471.080,50884.000,2022-12-02 20:30:00.000,L2FT01-FTJ020,13.40,0.000,0.666012,16605,0.435592,0.055345,0,0,1,0.9000,大鹏新区,22,22,0,0,0,0,1
2022-12-02,589179428,20190000000000000003,900200000000000044,1,149.823,366.367,54890.000,2022-12-02 20:45:00.000,L2FT01-FTJ020,13.40,0.000,0.666012,16605,0.435592,0.055345,0,0,1,0.9000,大鹏新区,22,22,0,0,0,0,1
2022-12-02,589179428,20190000000000000003,900200000000000040,1,120.611,311.279,37635.714,2022-12-02 20:45:00.000,L2FT01-FTJ020,13.40,0.000,0.666012,16605,0.435592,0.055345,0,0,1,0.9000,大鹏新区,22,22,0,0,0,0,1
2022-12-02,589179428,20190000000000000003,900200000000000037,1,80.232,367.880,29762.000,2022-12-02 20:45:00.000,L2FT01-FTJ020,13.40,0.000,0.666012,16605,0.435592,0.055345,0,0,1,0.9000,大鹏新区,22,22,0,0,0,0,1
2022-12-02,589179428,20190000000000000003,900200000000000034,1,71.120,357.975,25622.500,2022-12-02 20:45:00.000,L2FT01-FTJ020,13.40,0.000,0.666012,16605,0.435592,0.055345,0,0,1,0.9000,大鹏新区,22,22,0,0,0,0,1
2022-12-02,589179428,20190000000000000003,900200000000000034,1,213.979,372.627,79825.333,2022-12-02 21:00:00.000,L2FT01-FTJ020,13.88,0.000,0.666012,16605,0.435592,0.055345,0,0,1,0.9000,大鹏新区,22,22,0,0,0,0,1
2022-12-02,589179428,20190000000000000003,900200000000000040,1,130.000,312.907,40673.333,2022-12-02 21:00:00.000,L2FT01-FTJ020,13.88,0.000,0.666012,16605,0.435592,0.055345,0,0,1,0.9000,大鹏新区,22,22,0,0,0,0,1
2022-12-02,589179428,20190000000000000003,900200000000000034,1,200.239,373.367,74786.667,2022-12-02 21:15:00.000,L2FT01-FTJ020,13.88,0.000,0.666012,16605,0.435592,0.055345,0,0,1,0.9000,大鹏新区,22,22,0,0,0,0,1
2022-12-02,589179428,20190000000000000003,900200000000000035,1,133.770,355.979,47624.286,2022-12-02 21:15:00.000,L2FT01-FTJ020,13.88,0.000,0.666012,16605,0.435592,0.055345,0,0,1,0.9000,大鹏新区,22,22,0,0,0,0,1
2022-12-02,589179428,20190000000000000003,900200000000000040,1,130.000,315.360,40992.000,2022-12-02 21:15:00.000,L2FT01-FTJ020,13.88,0.000,0.666012,16605,0.435592,0.055345,0,0,1,0.9000,大鹏新区,22,22,0,0,0,0,1
2022-12-02,589179428,20190000000000000003,900200000000000034,1,103.883,370.786,38526.429,2022-12-02 21:30:00.000,L2FT01-FTJ020,13.88,0.000,0.666012,16605,0.435592,0.055345,0,0,1,0.9000,大鹏新区,22,22,0,0,0,0,1
2022-12-02,589179428,20190000000000000003,900200000000000035,1,111.878,367.787,41107.333,2022-12-02 21:30:00.000,L2FT01-FTJ020,13.88,0.000,0.666012,16605,0.435592,0.055345,0,0,1,0.9000,大鹏新区,22,22,0,0,0,0,1
2022-12-02,589179428,20190000000000000003,900200000000000035,1,82.263,382.840,31444.667,2022-12-02 21:45:00.000,L2FT01-FTJ020,13.88,0.000,0.666012,16605,0.435592,0.055345,0,0,1,0.9000,大鹏新区,22,22,0,0,0,0,1
2022-12-02,589179428,20190000000000000003,900200000000000035,1,40.893,390.693,15962.667,2022-12-02 22:00:00.000,L2FT01-FTJ020,14.50,0.000,0.666012,16605,0.435592,0.055345,0,0,1,0.9000,大鹏新区,22,22,0,0,0,0,1
2022-12-02,589179428,20190000000000000003,900200000000000035,1,27.390,394.143,10794.286,2022-12-02 22:15:00.000,L2FT01-FTJ020,14.50,0.000,0.666012,16605,0.435592,0.055345,0,0,1,0.9000,大鹏新区,22,22,0,0,0,0,1
2022-12-02,589179428,20190000000000000003,900200000000000030,1,186.463,432.617,80668.333,2022-12-02 23:45:00.000,L2FT01-FTJ020,15.22,0.000,0.666012,16605,0.435592,0.055345,0,0,1,0.9000,大鹏新区,22,22,0,0,0,0,1
2022-12-03,589179428,20190000000000000003,900200000000000030,1,187.707,435.233,81692.000,2022-12-03 00:00:00.000,L2FT01-FTJ020,16.00,0.000,0.666012,16605,0.435592,0.055345,0,0,0,0.9000,大鹏新区,22,22,0,0,0,0,1
2022-12-03,589179428,20190000000000000003,900200000000000030,1,104.219,429.520,44762.000,2022-12-03 00:15:00.000,L2FT01-FTJ020,16.00,0.000,0.666012,16605,0.435592,0.055345,0,0,0,0.9000,大鹏新区,22,22,0,0,0,0,1
2022-12-03,589179428,20190000000000000003,900200000000000030,1,69.829,430.687,30078.000,2022-12-03 00:30:00.000,L2FT01-FTJ020,16.00,0.000,0.666012,16605,0.435592,0.055345,0,0,0,0.9000,大鹏新区,22,22,0,0,0,0,1
2022-12-03,589179428,20190000000000000003,900200000000000030,1,26.090,436.833,11373.333,2022-12-03 00:45:00.000,L2FT01-FTJ020,16.00,0.000,0.666012,16605,0.435592,0.055345,0,0,0,0.9000,大鹏新区,22,22,0,0,0,0,1
2022-12-03,589179428,20190000000000000003,900200000000000037,1,121.200,404.367,49046.667,2022-12-03 01:15:00.000,L2FT01-FTJ020,16.78,0.000,0.666012,16605,0.435592,0.055345,0,0,0,0.9000,大鹏新区,22,22,0,0,0,0,1
2022-12-03,589179428,20190000000000000003,900200000000000037,1,124.679,415.507,51798.667,2022-12-03 01:30:00.000,L2FT01-FTJ020,16.78,0.000,0.666012,16605,0.435592,0.055345,0,0,0,0.9000,大鹏新区,22,22,0,0,0,0,1
2022-12-03,589179428,20190000000000000003,900200000000000037,1,123.890,426.320,52816.667,2022-12-03 01:45:00.000,L2FT01-FTJ020,16.78,0.000,0.666012,16605,0.435592,0.055345,0,0,0,0.9000,大鹏新区,22,22,0,0,0,0,1
2022-12-03,589179428,20190000000000000003,900200000000000031,1,155.310,354.083,55060.833,2022-12-03 02:00:00.000,L2FT01-FTJ020,17.50,0.000,0.666012,16605,0.435592,0.055345,0,0,0,0.9000,大鹏新区,22,22,0,0,0,0,1
2022-12-03,589179428,20190000000000000003,900200000000000037,1,121.341,448.233,54362.000,2022-12-03 02:00:00.000,L2FT01-FTJ020,17.50,0.000,0.666012,16605,0.435592,0.055345,0,0,0,0.9000,大鹏新区,22,22,0,0,0,0,1
2022-12-03,589179428,20190000000000000003,900200000000000031,1,158.421,367.153,58137.333,2022-12-03 02:15:00.000,L2FT01-FTJ020,17.50,0.000,0.666012,16605,0.435592,0.055345,0,0,0,0.9000,大鹏新区,22,22,0,0,0,0,1
2022-12-03,589179428,20190000000000000003,900200000000000037,1,53.213,461.047,24501.333,2022-12-03 02:15:00.000,L2FT01-FTJ020,17.50,0.000,0.666012,16605,0.435592,0.055345,0,0,0,0.9000,大鹏新区,22,22,0,0,0,0,1
2022-12-03,589179428,20190000000000000003,900200000000000039,1,71.210,357.580,25592.000,2022-12-03 02:15:00.000,L2FT01-FTJ020,17.50,0.000,0.666012,16605,0.435592,0.055345,0,0,0,0.9000,大鹏新区,22,22,0,0,0,0,1
2022-12-03,589179428,20190000000000000003,900200000000000037,1,19.868,463.267,9204.444,2022-12-03 02:30:00.000,L2FT01-FTJ020,17.50,0.000,0.666012,16605,0.435592,0.055345,0,0,0,0.9000,大鹏新区,22,22,0,0,0,0,1
2022-12-03,589179428,20190000000000000003,900200000000000039,1,100.695,366.320,36909.333,2022-12-03 02:30:00.000,L2FT01-FTJ020,17.50,0.000,0.666012,16605,0.435592,0.055345,0,0,0,0.9000,大鹏新区,22,22,0,0,0,0,1
2022-12-03,589179428,20190000000000000003,900200000000000031,1,112.861,384.620,43348.000,2022-12-03 02:30:00.000,L2FT01-FTJ020,17.50,0.000,0.666012,16605,0.435592,0.055345,0,0,0,0.9000,大鹏新区,22,22,0,0,0,0,1
2022-12-03,589179428,20190000000000000003,900200000000000031,1,70.490,400.240,28158.667,2022-12-03 02:45:00.000,L2FT01-FTJ020,17.50,0.000,0.666012,16605,0.435592,0.055345,0,0,0,0.9000,大鹏新区,22,22,0,0,0,0,1
2022-12-03,589179428,20190000000000000003,900200000000000039,1,100.757,378.027,38084.000,2022-12-03 02:45:00.000,L2FT01-FTJ020,17.50,0.000,0.666012,16605,0.435592,0.055345,0,0,0,0.9000,大鹏新区,22,22,0,0,0,0,1
2022-12-03,589179428,20190000000000000003,900200000000000031,1,40.057,407.513,16312.000,2022-12-03 03:00:00.000,L2FT01-FTJ020,18.12,0.000,0.666012,16605,0.435592,0.055345,0,0,0,0.9000,大鹏新区,22,22,0,0,0,0,1
2022-12-03,589179428,20190000000000000003,900200000000000039,1,69.273,391.353,27081.333,2022-12-03 03:00:00.000,L2FT01-FTJ020,18.12,0.000,0.666012,16605,0.435592,0.055345,0,0,0,0.9000,大鹏新区,22,22,0,0,0,0,1
2022-12-03,589179428,20190000000000000003,900200000000000031,1,23.890,410.300,9802.000,2022-12-03 03:15:00.000,L2FT01-FTJ020,18.12,0.000,0.666012,16605,0.435592,0.055345,0,0,0,0.9000,大鹏新区,22,22,0,0,0,0,1
2022-12-03,589179428,20190000000000000003,900200000000000039,1,57.565,400.264,23039.091,2022-12-03 03:15:00.000,L2FT01-FTJ020,18.12,0.000,0.666012,16605,0.435592,0.055345,0,0,0,0.9000,大鹏新区,22,22,0,0,0,0,1
2022-12-03,589179428,20190000000000000003,900200000000000053,1,149.841,311.400,46658.000,2022-12-03 03:45:00.000,L2FT01-FTJ020,18.12,0.000,0.666012,16605,0.435592,0.055345,0,0,0,0.9000,大鹏新区,22,22,0,0,0,0,1
2022-12-03,589179428,20190000000000000003,900200000000000053,1,149.929,313.073,46936.667,2022-12-03 04:00:00.000,L2FT01-FTJ020,18.60,0.000,0.666012,16605,0.435592,0.055345,0,0,0,0.9000,大鹏新区,22,22,0,0,0,0,1
2022-12-03,589179428,20190000000000000003,900200000000000053,1,150.000,314.507,47173.333,2022-12-03 04:15:00.000,L2FT01-FTJ020,18.60,0.000,0.666012,16605,0.435592,0.055345,0,0,0,0.9000,大鹏新区,22,22,0,0,0,0,1
2022-12-03,589179428,20190000000000000003,900200000000000053,1,140.606,318.569,44688.462,2022-12-03 04:30:00.000,L2FT01-FTJ020,18.60,0.000,0.666012,16605,0.435592,0.055345,0,0,0,0.9000,大鹏新区,22,22,0,0,0,0,1
2022-12-03,589179428,20190000000000000003,900200000000000037,1,133.180,435.711,58026.667,2022-12-03 05:00:00.000,L2FT01-FTJ020,18.90,0.000,0.666012,16605,0.435592,0.055345,0,0,0,0.9000,大鹏新区,22,22,0,0,0,0,1
2022-12-03,589179428,20190000000000000003,900200000000000031,1,199.835,316.840,63310.000,2022-12-03 05:15:00.000,L2FT01-FTJ020,18.90,0.000,0.666012,16605,0.435592,0.055345,0,0,0,0.9000,大鹏新区,22,22,0,0,0,0,1
2022-12-03,589179428,20190000000000000003,900200000000000039,1,112.876,311.300,35130.000,2022-12-03 05:30:00.000,L2FT01-FTJ020,18.90,0.000,0.666012,16605,0.435592,0.055345,0,0,0,0.9000,大鹏新区,22,22,0,0,0,0,1
2022-12-03,589179428,20190000000000000003,900200000000000032,1,115.262,429.944,49586.667,2022-12-03 05:45:00.000,L2FT01-FTJ020,18.90,0.000,0.666012,16605,0.435592,0.055345,0,0,0,0.9000,大鹏新区,22,22,0,0,0,0,1
2022-12-03,589179428,20190000000000000003,900200000000000031,1,94.390,340.050,32160.000,2022-12-03 05:45:00.000,L2FT01-FTJ020,18.90,0.000,0.666012,16605,0.435592,0.055345,0,0,0,0.9000,大鹏新区,22,22,0,0,0,0,1
2022-12-03,589179428,20190000000000000003,900200000000000039,1,112.793,312.187,35207.333,2022-12-03 05:45:00.000,L2FT01-FTJ020,18.90,0.000,0.666012,16605,0.435592,0.055345,0,0,0,0.9000,大鹏新区,22,22,0,0,0,0,1
2022-12-03,589179428,20190000000000000003,900200000000000044,1,67.324,327.233,22031.111,2022-12-03 06:00:00.000,L2FT01-FTJ020,19.00,0.000,0.666012,16605,0.435592,0.055345,0,0,0,0.9000,大鹏新区,22,22,0,0,0,0,1
2022-12-03,589179428,20190000000000000003,900200000000000039,1,114.448,318.377,36446.154,2022-12-03 06:00:00.000,L2FT01-FTJ020,19.00,0.000,0.666012,16605,0.435592,0.055345,0,0,0,0.9000,大鹏新区,22,22,0,0,0,0,1
2022-12-03,589179428,20190000000000000003,900200000000000032,1,111.495,448.893,49975.333,2022-12-03 06:00:00.000,L2FT01-FTJ020,19.00,0.000,0.666012,16605,0.435592,0.055345,0,0,0,0.9000,大鹏新区,22,22,0,0,0,0,1
2022-12-03,589179428,20190000000000000003,900200000000000031,1,137.647,349.253,48080.667,2022-12-03 06:00:00.000,L2FT01-FTJ020,19.00,0.000,0.666012,16605,0.435592,0.055345,0,0,0,0.9000,大鹏新区,22,22,0,0,0,0,1
2022-12-03,589179428,20190000000000000003,900200000000000031,1,134.566,363.493,48883.333,2022-12-03 06:15:00.000,L2FT01-FTJ020,19.00,0.000,0.666012,16605,0.435592,0.055345,0,0,0,0.9000,大鹏新区,22,22,0,0,0,0,1
2022-12-03,589179428,20190000000000000003,900200000000000032,1,42.123,458.900,19317.333,2022-12-03 06:15:00.000,L2FT01-FTJ020,19.00,0.000,0.666012,16605,0.435592,0.055345,0,0,0,0.9000,大鹏新区,22,22,0,0,0,0,1
2022-12-03,589179428,20190000000000000003,900200000000000044,1,67.863,334.153,22676.000,2022-12-03 06:15:00.000,L2FT01-FTJ020,19.00,0.000,0.666012,16605,0.435592,0.055345,0,0,0,0.9000,大鹏新区,22,22,0,0,0,0,1
2022-12-03,589179428,20190000000000000003,900200000000000031,1,112.518,380.347,42759.333,2022-12-03 06:30:00.000,L2FT01-FTJ020,19.00,0.000,0.666012,16605,0.435592,0.055345,0,0,0,0.9000,大鹏新区,22,22,0,0,0,0,1
2022-12-03,589179428,20190000000000000003,900200000000000032,1,19.790,460.825,9120.000,2022-12-03 06:30:00.000,L2FT01-FTJ020,19.00,0.000,0.666012,16605,0.435592,0.055345,0,0,0,0.9000,大鹏新区,22,22,0,0,0,0,1
2022-12-03,589179428,20190000000000000003,900200000000000044,1,67.890,343.740,23333.333,2022-12-03 06:30:00.000,L2FT01-FTJ020,19.00,0.000,0.666012,16605,0.435592,0.055345,0,0,0,0.9000,大鹏新区,22,22,0,0,0,0,1
2022-12-03,589179428,20190000000000000003,900200000000000031,1,66.071,391.027,25821.333,2022-12-03 06:45:00.000,L2FT01-FTJ020,19.00,0.000,0.666012,16605,0.435592,0.055345,0,0,0,0.9000,大鹏新区,22,22,0,0,0,0,1
2022-12-03,589179428,20190000000000000003,900200000000000044,1,63.357,357.340,22630.000,2022-12-03 06:45:00.000,L2FT01-FTJ020,19.00,0.000,0.666012,16605,0.435592,0.055345,0,0,0,0.9000,大鹏新区,22,22,0,0,0,0,1
2022-12-03,589179428,20190000000000000003,900200000000000031,1,34.054,393.220,13389.000,2022-12-03 07:00:00.000,L2FT01-FTJ020,18.90,0.000,0.666012,16605,0.435592,0.055345,0,0,0,0.9000,大鹏新区,22,22,0,0,0,0,1
2022-12-03,589179428,20190000000000000003,900200000000000035,1,73.262,363.683,27013.333,2022-12-03 07:00:00.000,L2FT01-FTJ020,18.90,0.000,0.666012,16605,0.435592,0.055345,0,0,0,0.9000,大鹏新区,22,22,0,0,0,0,1
2022-12-03,589179428,20190000000000000003,900200000000000044,1,29.831,362.220,10801.333,2022-12-03 07:00:00.000,L2FT01-FTJ020,18.90,0.000,0.666012,16605,0.435592,0.055345,0,0,0,0.9000,大鹏新区,22,22,0,0,0,0,1
2022-12-03,589179428,20190000000000000003,900200000000000035,1,171.236,383.180,65572.667,2022-12-03 07:15:00.000,L2FT01-FTJ020,18.90,0.000,0.666012,16605,0.435592,0.055345,0,0,0,0.9000,大鹏新区,22,22,0,0,0,0,1
2022-12-03,589179428,20190000000000000003,900200000000000044,1,13.583,363.575,4937.500,2022-12-03 07:15:00.000,L2FT01-FTJ020,18.90,0.000,0.666012,16605,0.435592,0.055345,0,0,0,0.9000,大鹏新区,22,22,0,0,0,0,1
2022-12-03,589179428,20190000000000000003,900200000000000034,1,68.301,359.620,24562.000,2022-12-03 07:15:00.000,L2FT01-FTJ020,18.90,0.000,0.666012,16605,0.435592,0.055345,0,0,0,0.9000,大鹏新区,22,22,0,0,0,0,1
2022-12-03,589179428,20190000000000000003,900200000000000030,1,28.632,308.480,9872.000,2022-12-03 07:30:00.000,L2FT01-FTJ020,18.90,0.000,0.666012,16605,0.435592,0.055345,0,0,0,0.9000,大鹏新区,22,22,0,0,0,0,1
2022-12-03,589179428,20190000000000000003,900200000000000034,1,44.919,359.714,16156.429,2022-12-03 07:30:00.000,L2FT01-FTJ020,18.90,0.000,0.666012,16605,0.435592,0.055345,0,0,0,0.9000,大鹏新区,22,22,0,0,0,0,1
2022-12-03,589179428,20190000000000000003,900200000000000035,1,98.083,396.187,38822.667,2022-12-03 07:30:00.000,L2FT01-FTJ020,18.90,0.000,0.666012,16605,0.435592,0.055345,0,0,0,0.9000,大鹏新区,22,22,0,0,0,0,1
2022-12-03,589179428,20190000000000000003,900200000000000035,1,58.051,403.460,23414.667,2022-12-03 07:45:00.000,L2FT01-FTJ020,18.90,0.000,0.666012,16605,0.435592,0.055345,0,0,0,0.9000,大鹏新区,22,22,0,0,0,0,1
2022-12-03,589179428,20190000000000000003,900200000000000035,1,31.090,404.200,12570.000,2022-12-03 08:00:00.000,L2FT01-FTJ020,18.60,0.000,0.666012,16605,0.435592,0.055345,0,0,0,0.9000,大鹏新区,22,22,0,0,0,0,1
2022-12-03,589179428,20190000000000000003,900200000000000032,1,61.516,388.467,23938.333,2022-12-03 10:00:00.000,L2FT01-FTJ020,17.50,0.000,0.666012,16605,0.435592,0.055345,0,0,0,0.9000,大鹏新区,22,22,0,0,0,0,1
2022-12-03,589179428,20190000000000000003,900200000000000042,1,78.956,357.620,28524.000,2022-12-03 10:00:00.000,L2FT01-FTJ020,17.50,0.000,0.666012,16605,0.435592,0.055345,0,0,0,0.9000,大鹏新区,22,22,0,0,0,0,1
2022-12-03,589179428,20190000000000000003,900200000000000032,1,53.396,388.780,20764.667,2022-12-03 10:15:00.000,L2FT01-FTJ020,17.50,0.000,0.666012,16605,0.435592,0.055345,0,0,0,0.9000,大鹏新区,22,22,0,0,0,0,1
2022-12-03,589179428,20190000000000000003,900200000000000042,1,163.184,364.593,59529.333,2022-12-03 10:15:00.000,L2FT01-FTJ020,17.50,0.000,0.666012,16605,0.435592,0.055345,0,0,0,0.9000,大鹏新区,22,22,0,0,0,0,1
2022-12-03,589179428,20190000000000000003,900200000000000052,1,98.909,356.543,35812.857,2022-12-03 10:15:00.000,L2FT01-FTJ020,17.50,0.000,0.666012,16605,0.435592,0.055345,0,0,0,0.9000,大鹏新区,22,22,0,0,0,0,1
2022-12-03,589179428,20190000000000000003,900200000000000052,1,115.763,369.500,42763.333,2022-12-03 10:30:00.000,L2FT01-FTJ020,17.50,0.000,0.666012,16605,0.435592,0.055345,0,0,0,0.9000,大鹏新区,22,22,0,0,0,0,1
2022-12-03,589179428,20190000000000000003,900200000000000032,1,37.645,388.800,14644.000,2022-12-03 10:30:00.000,L2FT01-FTJ020,17.50,0.000,0.666012,16605,0.435592,0.055345,0,0,0,0.9000,大鹏新区,22,22,0,0,0,0,1
2022-12-03,589179428,20190000000000000003,900200000000000042,1,193.497,366.567,70930.667,2022-12-03 10:30:00.000,L2FT01-FTJ020,17.50,0.000,0.666012,16605,0.435592,0.055345,0,0,0,0.9000,大鹏新区,22,22,0,0,0,0,1
2022-12-03,589179428,20190000000000000003,900200000000000052,1,109.857,382.080,41969.333,2022-12-03 10:45:00.000,L2FT01-FTJ020,17.50,0.000,0.666012,16605,0.435592,0.055345,0,0,0,0.9000,大鹏新区,22,22,0,0,0,0,1
2022-12-03,589179428,20190000000000000003,900200000000000032,1,36.090,393.244,14191.111,2022-12-03 10:45:00.000,L2FT01-FTJ020,17.50,0.000,0.666012,16605,0.435592,0.055345,0,0,0,0.9000,大鹏新区,22,22,0,0,0,0,1
2022-12-03,589179428,20190000000000000003,900200000000000042,1,84.481,364.820,30854.667,2022-12-03 10:45:00.000,L2FT01-FTJ020,17.50,0.000,0.666012,16605,0.435592,0.055345,0,0,0,0.9000,大鹏新区,22,22,0,0,0,0,1
2022-12-03,589179428,20190000000000000003,900200000000000042,1,17.757,368.667,6553.333,2022-12-03 11:00:00.000,L2FT01-FTJ020,16.78,0.000,0.666012,16605,0.435592,0.055345,0,0,0,0.9000,大鹏新区,22,22,0,0,0,0,1
2022-12-03,589179428,20190000000000000003,900200000000000052,1,64.890,391.630,25413.000,2022-12-03 11:00:00.000,L2FT01-FTJ020,16.78,0.000,0.666012,16605,0.435592,0.055345,0,0,0,0.9000,大鹏新区,22,22,0,0,0,0,1
2022-12-03,589179428,20190000000000000003,900200000000000057,1,42.652,408.062,17403.077,2022-12-03 12:45:00.000,L2FT01-FTJ020,16.00,0.000,0.666012,16605,0.435592,0.055345,0,0,0,0.9000,大鹏新区,22,22,0,0,0,0,1
2022-12-03,589179428,20190000000000000003,900200000000000037,1,120.124,383.771,46096.429,2022-12-03 13:00:00.000,L2FT01-FTJ020,15.22,0.000,0.666012,16605,0.435592,0.055345,0,0,0,0.9000,大鹏新区,22,22,0,0,0,0,1
2022-12-03,589179428,20190000000000000003,900200000000000052,1,47.231,442.900,21012.000,2022-12-03 13:00:00.000,L2FT01-FTJ020,15.22,0.000,0.666012,16605,0.435592,0.055345,0,0,0,0.9000,大鹏新区,22,22,0,0,0,0,1
2022-12-03,589179428,20190000000000000003,900200000000000057,1,38.070,411.593,15678.667,2022-12-03 13:00:00.000,L2FT01-FTJ020,15.22,0.000,0.666012,16605,0.435592,0.055345,0,0,0,0.9000,大鹏新区,22,22,0,0,0,0,1
2022-12-03,589179428,20190000000000000003,900200000000000037,1,76.378,380.460,29078.667,2022-12-03 13:15:00.000,L2FT01-FTJ020,15.22,0.000,0.666012,16605,0.435592,0.055345,0,0,0,0.9000,大鹏新区,22,22,0,0,0,0,1
2022-12-03,589179428,20190000000000000003,900200000000000052,1,32.890,448.860,14762.000,2022-12-03 13:15:00.000,L2FT01-FTJ020,15.22,0.000,0.666012,16605,0.435592,0.055345,0,0,0,0.9000,大鹏新区,22,22,0,0,0,0,1
2022-12-03,589179428,20190000000000000003,900200000000000057,1,21.543,409.187,8832.667,2022-12-03 13:15:00.000,L2FT01-FTJ020,15.22,0.000,0.666012,16605,0.435592,0.055345,0,0,0,0.9000,大鹏新区,22,22,0,0,0,0,1
2022-12-03,589179428,20190000000000000003,900200000000000057,1,13.890,412.671,5730.714,2022-12-03 13:30:00.000,L2FT01-FTJ020,15.22,0.000,0.666012,16605,0.435592,0.055345,0,0,0,0.9000,大鹏新区,22,22,0,0,0,0,1
2022-12-03,589179428,20190000000000000003,900200000000000037,1,43.443,383.575,16680.000,2022-12-03 13:30:00.000,L2FT01-FTJ020,15.22,0.000,0.666012,16605,0.435592,0.055345,0,0,0,0.9000,大鹏新区,22,22,0,0,0,0,1
2022-12-03,589179428,20190000000000000003,900200000000000052,1,35.803,456.940,16360.000,2022-12-03 13:30:00.000,L2FT01-FTJ020,15.22,0.000,0.666012,16605,0.435592,0.055345,0,0,0,0.9000,大鹏新区,22,22,0,0,0,0,1
2022-12-03,589179428,20190000000000000003,900200000000000052,1,31.663,463.127,14665.455,2022-12-03 13:45:00.000,L2FT01-FTJ020,15.22,0.000,0.666012,16605,0.435592,0.055345,0,0,0,0.9000,大鹏新区,22,22,0,0,0,0,1
2022-12-03,589179428,20190000000000000003,900200000000000057,1,84.282,365.518,30836.364,2022-12-03 14:30:00.000,L2FT01-FTJ020,14.50,0.000,0.666012,16605,0.435592,0.055345,0,0,0,0.9000,大鹏新区,22,22,0,0,0,0,1
2022-12-03,589179428,20190000000000000003,900200000000000057,1,113.505,379.253,43070.667,2022-12-03 14:45:00.000,L2FT01-FTJ020,14.50,0.000,0.666012,16605,0.435592,0.055345,0,0,0,0.9000,大鹏新区,22,22,0,0,0,0,1
2022-12-03,589179428,20190000000000000003,900200000000000057,1,81.886,393.840,32216.667,2022-12-03 15:00:00.000,L2FT01-FTJ020,13.88,0.000,0.666012,16605,0.435592,0.055345,0,0,0,0.9000,大鹏新区,22,22,0,0,0,0,1
2022-12-03,589179428,20190000000000000003,900200000000000057,1,53.870,404.327,21786.000,2022-12-03 15:15:00.000,L2FT01-FTJ020,13.88,0.000,0.666012,16605,0.435592,0.055345,0,0,0,0.9000,大鹏新区,22,22,0,0,0,0,1
2022-12-03,589179428,20190000000000000003,900200000000000057,1,12.879,404.689,5211.111,2022-12-03 15:30:00.000,L2FT01-FTJ020,13.88,0.000,0.666012,16605,0.435592,0.055345,0,0,0,0.9000,大鹏新区,22,22,0,0,0,0,1
2022-12-03,589179428,20190000000000000003,900200000000000053,1,129.993,313.450,40742.500,2022-12-03 16:45:00.000,L2FT01-FTJ020,13.40,0.000,0.666012,16605,0.435592,0.055345,0,0,0,0.9000,大鹏新区,22,22,0,0,0,0,1
2022-12-03,589179428,20190000000000000003,900200000000000053,1,129.866,315.153,40923.333,2022-12-03 17:00:00.000,L2FT01-FTJ020,13.10,0.000,0.666012,16605,0.435592,0.055345,0,0,0,0.9000,大鹏新区,22,22,0,0,0,0,1
2022-12-03,589179428,20190000000000000003,900200000000000056,1,129.467,311.521,40330.714,2022-12-03 17:00:00.000,L2FT01-FTJ020,13.10,0.000,0.666012,16605,0.435592,0.055345,0,0,0,0.9000,大鹏新区,22,22,0,0,0,0,1
2022-12-03,589179428,20190000000000000003,900200000000000053,1,129.890,318.100,41316.000,2022-12-03 17:15:00.000,L2FT01-FTJ020,13.10,0.000,0.666012,16605,0.435592,0.055345,0,0,0,0.9000,大鹏新区,22,22,0,0,0,0,1
2022-12-03,589179428,20190000000000000003,900200000000000056,1,129.955,313.380,40720.667,2022-12-03 17:15:00.000,L2FT01-FTJ020,13.10,0.000,0.666012,16605,0.435592,0.055345,0,0,0,0.9000,大鹏新区,22,22,0,0,0,0,1
2022-12-03,589179428,20190000000000000003,900200000000000056,1,130.559,314.387,41043.333,2022-12-03 17:30:00.000,L2FT01-FTJ020,13.10,0.000,0.666012,16605,0.435592,0.055345,0,0,0,0.9000,大鹏新区,22,22,0,0,0,0,1
2022-12-03,589179428,20190000000000000003,900200000000000056,1,111.454,320.107,35491.429,2022-12-03 17:45:00.000,L2FT01-FTJ020,13.10,0.000,0.666012,16605,0.435592,0.055345,0,0,0,0.9000,大鹏新区,22,22,0,0,0,0,1
2022-12-03,589179428,20190000000000000003,900200000000000037,1,119.690,355.300,42520.000,2022-12-03 18:15:00.000,L2FT01-FTJ020,13.00,0.000,0.666012,16605,0.435592,0.055345,0,0,0,0.9000,大鹏新区,22,22,0,0,0,0,1
2022-12-03,589179428,20190000000000000003,900200000000000037,1,103.913,358.700,37298.182,2022-12-03 18:30:00.000,L2FT01-FTJ020,13.00,0.000,0.666012,16605,0.435592,0.055345,0,0,0,0.9000,大鹏新区,22,22,0,0,0,0,1
2022-12-03,589179428,20190000000000000003,900200000000000035,1,90.352,327.400,29580.000,2022-12-03 20:00:00.000,L2FT01-FTJ020,13.40,0.000,0.666012,16605,0.435592,0.055345,0,0,0,0.9000,大鹏新区,22,22,0,0,0,0,1
2022-12-03,589179428,20190000000000000003,900200000000000035,1,90.337,329.173,29735.333,2022-12-03 20:15:00.000,L2FT01-FTJ020,13.40,0.000,0.666012,16605,0.435592,0.055345,0,0,0,0.9000,大鹏新区,22,22,0,0,0,0,1
2022-12-03,589179428,20190000000000000003,900200000000000039,1,130.690,302.900,39580.000,2022-12-03 20:15:00.000,L2FT01-FTJ020,13.40,0.000,0.666012,16605,0.435592,0.055345,0,0,0,0.9000,大鹏新区,22,22,0,0,0,0,1
2022-12-03,589179428,20190000000000000003,900200000000000035,1,79.966,329.893,26381.333,2022-12-03 20:30:00.000,L2FT01-FTJ020,13.40,0.000,0.666012,16605,0.435592,0.055345,0,0,0,0.9000,大鹏新区,22,22,0,0,0,0,1
2022-12-03,589179428,20190000000000000003,900200000000000035,1,44.775,329.140,14732.667,2022-12-03 20:45:00.000,L2FT01-FTJ020,13.40,0.000,0.666012,16605,0.435592,0.055345,0,0,0,0.9000,大鹏新区,22,22,0,0,0,0,1
2022-12-03,589179428,20190000000000000003,900200000000000035,1,22.430,332.267,7453.333,2022-12-03 21:00:00.000,L2FT01-FTJ020,13.88,0.000,0.666012,16605,0.435592,0.055345,0,0,0,0.9000,大鹏新区,22,22,0,0,0,0,1
2022-12-03,589179428,20190000000000000003,900200000000000042,1,138.707,363.842,50628.333,2022-12-03 21:45:00.000,L2FT01-FTJ020,13.88,0.000,0.666012,16605,0.435592,0.055345,0,0,0,0.9000,大鹏新区,22,22,0,0,0,0,1
2022-12-03,589179428,20190000000000000003,900200000000000042,1,110.238,381.227,41924.667,2022-12-03 22:00:00.000,L2FT01-FTJ020,14.50,0.000,0.666012,16605,0.435592,0.055345,0,0,0,0.9000,大鹏新区,22,22,0,0,0,0,1
2022-12-03,589179428,20190000000000000003,900200000000000042,1,79.830,394.680,31510.000,2022-12-03 22:15:00.000,L2FT01-FTJ020,14.50,0.000,0.666012,16605,0.435592,0.055345,0,0,0,0.9000,大鹏新区,22,22,0,0,0,0,1
2022-12-04,589179428,20190000000000000003,900200000000000053,1,129.902,310.600,40344.444,2022-12-04 00:30:00.000,L2FT01-FTJ020,16.00,0.000,0.666012,16605,0.435592,0.055345,0,0,0,0.9000,大鹏新区,22,22,0,0,0,0,1
2022-12-04,589179428,20190000000000000003,900200000000000053,1,129.890,310.847,40372.000,2022-12-04 00:45:00.000,L2FT01-FTJ020,16.00,0.000,0.666012,16605,0.435592,0.055345,0,0,0,0.9000,大鹏新区,22,22,0,0,0,0,1
2022-12-04,589179428,20190000000000000003,900200000000000053,1,129.991,312.153,40574.000,2022-12-04 01:00:00.000,L2FT01-FTJ020,16.78,0.000,0.666012,16605,0.435592,0.055345,0,0,0,0.9000,大鹏新区,22,22,0,0,0,0,1
2022-12-04,589179428,20190000000000000003,900200000000000057,1,123.563,309.357,38280.000,2022-12-04 01:00:00.000,L2FT01-FTJ020,16.78,0.000,0.666012,16605,0.435592,0.055345,0,0,0,0.9000,大鹏新区,22,22,0,0,0,0,1
2022-12-04,589179428,20190000000000000003,900200000000000057,1,130.000,310.947,40418.667,2022-12-04 01:15:00.000,L2FT01-FTJ020,16.78,0.000,0.666012,16605,0.435592,0.055345,0,0,0,0.9000,大鹏新区,22,22,0,0,0,0,1
2022-12-04,589179428,20190000000000000003,900200000000000053,1,130.000,313.427,40741.333,2022-12-04 01:15:00.000,L2FT01-FTJ020,16.78,0.000,0.666012,16605,0.435592,0.055345,0,0,0,0.9000,大鹏新区,22,22,0,0,0,0,1
2022-12-04,589179428,20190000000000000003,900200000000000053,1,130.054,314.473,40896.000,2022-12-04 01:30:00.000,L2FT01-FTJ020,16.78,0.000,0.666012,16605,0.435592,0.055345,0,0,0,0.9000,大鹏新区,22,22,0,0,0,0,1
2022-12-04,589179428,20190000000000000003,900200000000000057,1,126.111,311.873,39334.000,2022-12-04 01:30:00.000,L2FT01-FTJ020,16.78,0.000,0.666012,16605,0.435592,0.055345,0,0,0,0.9000,大鹏新区,22,22,0,0,0,0,1
2022-12-04,589179428,20190000000000000003,900200000000000053,1,111.403,318.986,35384.286,2022-12-04 01:45:00.000,L2FT01-FTJ020,16.78,0.000,0.666012,16605,0.435592,0.055345,0,0,0,0.9000,大鹏新区,22,22,0,0,0,0,1
2022-12-04,589179428,20190000000000000003,900200000000000057,1,129.848,313.453,40698.000,2022-12-04 01:45:00.000,L2FT01-FTJ020,16.78,0.000,0.666012,16605,0.435592,0.055345,0,0,0,0.9000,大鹏新区,22,22,0,0,0,0,1
2022-12-04,589179428,20190000000000000003,900200000000000057,1,129.866,314.440,40832.000,2022-12-04 02:00:00.000,L2FT01-FTJ020,17.50,0.000,0.666012,16605,0.435592,0.055345,0,0,0,0.9000,大鹏新区,22,22,0,0,0,0,1
2022-12-04,589179428,20190000000000000003,900200000000000057,1,129.806,316.160,41033.333,2022-12-04 02:15:00.000,L2FT01-FTJ020,17.50,0.000,0.666012,16605,0.435592,0.055345,0,0,0,0.9000,大鹏新区,22,22,0,0,0,0,1
2022-12-04,589179428,20190000000000000003,900200000000000057,1,71.458,325.133,23091.667,2022-12-04 02:30:00.000,L2FT01-FTJ020,17.50,0.000,0.666012,16605,0.435592,0.055345,0,0,0,0.9000,大鹏新区,22,22,0,0,0,0,1
2022-12-04,589179428,20190000000000000003,900200000000000034,1,142.840,310.600,44365.000,2022-12-04 03:45:00.000,L2FT01-FTJ020,18.12,0.000,0.666012,16605,0.435592,0.055345,0,0,0,0.9000,大鹏新区,22,22,0,0,0,0,1
2022-12-04,589179428,20190000000000000003,900200000000000034,1,142.597,311.533,44419.333,2022-12-04 04:00:00.000,L2FT01-FTJ020,18.60,0.000,0.666012,16605,0.435592,0.055345,0,0,0,0.9000,大鹏新区,22,22,0,0,0,0,1
2022-12-04,589179428,20190000000000000003,900200000000000034,1,142.572,312.560,44560.667,2022-12-04 04:15:00.000,L2FT01-FTJ020,18.60,0.000,0.666012,16605,0.435592,0.055345,0,0,0,0.9000,大鹏新区,22,22,0,0,0,0,1
2022-12-04,589179428,20190000000000000003,900200000000000034,1,139.266,313.993,43726.667,2022-12-04 04:30:00.000,L2FT01-FTJ020,18.60,0.000,0.666012,16605,0.435592,0.055345,0,0,0,0.9000,大鹏新区,22,22,0,0,0,0,1
2022-12-04,589179428,20190000000000000003,900200000000000057,1,96.916,373.923,36328.462,2022-12-04 04:30:00.000,L2FT01-FTJ020,18.60,0.000,0.666012,16605,0.435592,0.055345,0,0,0,0.9000,大鹏新区,22,22,0,0,0,0,1
2022-12-04,589179428,20190000000000000003,900200000000000034,1,130.774,315.373,41244.000,2022-12-04 04:45:00.000,L2FT01-FTJ020,18.60,0.000,0.666012,16605,0.435592,0.055345,0,0,0,0.9000,大鹏新区,22,22,0,0,0,0,1
2022-12-04,589179428,20190000000000000003,900200000000000057,1,102.800,383.760,39445.333,2022-12-04 04:45:00.000,L2FT01-FTJ020,18.60,0.000,0.666012,16605,0.435592,0.055345,0,0,0,0.9000,大鹏新区,22,22,0,0,0,0,1
2022-12-04,589179428,20190000000000000003,900200000000000057,1,102.800,395.713,40675.333,2022-12-04 05:00:00.000,L2FT01-FTJ020,18.90,0.000,0.666012,16605,0.435592,0.055345,0,0,0,0.9000,大鹏新区,22,22,0,0,0,0,1
2022-12-04,589179428,20190000000000000003,900200000000000034,1,76.393,314.400,24073.333,2022-12-04 05:00:00.000,L2FT01-FTJ020,18.90,0.000,0.666012,16605,0.435592,0.055345,0,0,0,0.9000,大鹏新区,22,22,0,0,0,0,1
2022-12-04,589179428,20190000000000000003,900200000000000057,1,56.084,400.253,22456.667,2022-12-04 05:15:00.000,L2FT01-FTJ020,18.90,0.000,0.666012,16605,0.435592,0.055345,0,0,0,0.9000,大鹏新区,22,22,0,0,0,0,1
2022-12-04,589179428,20190000000000000003,900200000000000053,1,85.661,380.207,32552.143,2022-12-04 05:30:00.000,L2FT01-FTJ020,18.90,0.000,0.666012,16605,0.435592,0.055345,0,0,0,0.9000,大鹏新区,22,22,0,0,0,0,1
2022-12-04,589179428,20190000000000000003,900200000000000057,1,26.937,401.033,10800.000,2022-12-04 05:30:00.000,L2FT01-FTJ020,18.90,0.000,0.666012,16605,0.435592,0.055345,0,0,0,0.9000,大鹏新区,22,22,0,0,0,0,1
2022-12-04,589179428,20190000000000000003,900200000000000031,1,71.290,410.100,29240.000,2022-12-04 05:45:00.000,L2FT01-FTJ020,18.90,0.000,0.666012,16605,0.435592,0.055345,0,0,0,0.9000,大鹏新区,22,22,0,0,0,0,1
2022-12-04,589179428,20190000000000000003,900200000000000035,1,199.890,309.575,61875.000,2022-12-04 05:45:00.000,L2FT01-FTJ020,18.90,0.000,0.666012,16605,0.435592,0.055345,0,0,0,0.9000,大鹏新区,22,22,0,0,0,0,1
2022-12-04,589179428,20190000000000000003,900200000000000049,1,59.795,299.400,19670.000,2022-12-04 05:45:00.000,L2FT01-FTJ020,18.90,0.000,0.666012,16605,0.435592,0.055345,0,0,0,0.9000,大鹏新区,22,22,0,0,0,0,1
2022-12-04,589179428,20190000000000000003,900200000000000053,1,67.603,393.420,26570.000,2022-12-04 05:45:00.000,L2FT01-FTJ020,18.90,0.000,0.666012,16605,0.435592,0.055345,0,0,0,0.9000,大鹏新区,22,22,0,0,0,0,1
2022-12-04,589179428,20190000000000000003,900200000000000057,1,12.737,401.173,5109.333,2022-12-04 05:45:00.000,L2FT01-FTJ020,18.90,0.000,0.666012,16605,0.435592,0.055345,0,0,0,0.9000,大鹏新区,22,22,0,0,0,0,1
2022-12-04,589179428,20190000000000000003,900200000000000035,1,199.915,312.600,62489.333,2022-12-04 06:00:00.000,L2FT01-FTJ020,19.00,0.000,0.666012,16605,0.435592,0.055345,0,0,0,0.9000,大鹏新区,22,22,0,0,0,0,1
2022-12-04,589179428,20190000000000000003,900200000000000049,1,119.542,329.260,39357.333,2022-12-04 06:00:00.000,L2FT01-FTJ020,19.00,0.000,0.666012,16605,0.435592,0.055345,0,0,0,0.9000,大鹏新区,22,22,0,0,0,0,1
2022-12-04,589179428,20190000000000000003,900200000000000053,1,39.303,400.367,15735.333,2022-12-04 06:00:00.000,L2FT01-FTJ020,19.00,0.000,0.666012,16605,0.435592,0.055345,0,0,0,0.9000,大鹏新区,22,22,0,0,0,0,1
2022-12-04,589179428,20190000000000000003,900200000000000057,1,9.865,401.575,3960.000,2022-12-04 06:00:00.000,L2FT01-FTJ020,19.00,0.000,0.666012,16605,0.435592,0.055345,0,0,0,0.9000,大鹏新区,22,22,0,0,0,0,1
2022-12-04,589179428,20190000000000000003,900200000000000049,1,119.590,331.060,39589.333,2022-12-04 06:15:00.000,L2FT01-FTJ020,19.00,0.000,0.666012,16605,0.435592,0.055345,0,0,0,0.9000,大鹏新区,22,22,0,0,0,0,1
2022-12-04,589179428,20190000000000000003,900200000000000053,1,39.290,404.550,15890.000,2022-12-04 06:15:00.000,L2FT01-FTJ020,19.00,0.000,0.666012,16605,0.435592,0.055345,0,0,0,0.9000,大鹏新区,22,22,0,0,0,0,1
2022-12-04,589179428,20190000000000000003,900200000000000035,1,199.993,314.453,62888.000,2022-12-04 06:15:00.000,L2FT01-FTJ020,19.00,0.000,0.666012,16605,0.435592,0.055345,0,0,0,0.9000,大鹏新区,22,22,0,0,0,0,1
2022-12-04,589179428,20190000000000000003,900200000000000035,1,199.985,316.053,63205.333,2022-12-04 06:30:00.000,L2FT01-FTJ020,19.00,0.000,0.666012,16605,0.435592,0.055345,0,0,0,0.9000,大鹏新区,22,22,0,0,0,0,1
2022-12-04,589179428,20190000000000000003,900200000000000049,1,88.152,335.454,29500.000,2022-12-04 06:30:00.000,L2FT01-FTJ020,19.00,0.000,0.666012,16605,0.435592,0.055345,0,0,0,0.9000,大鹏新区,22,22,0,0,0,0,1
2022-12-04,589179428,20190000000000000003,900200000000000035,1,159.929,321.040,51124.667,2022-12-04 06:45:00.000,L2FT01-FTJ020,19.00,0.000,0.666012,16605,0.435592,0.055345,0,0,0,0.9000,大鹏新区,22,22,0,0,0,0,1
2022-12-04,589179428,20190000000000000003,900200000000000047,1,90.033,252.733,27983.333,2022-12-04 06:45:00.000,L2FT01-FTJ020,19.00,0.000,0.666012,16605,0.435592,0.055345,0,0,0,0.9000,大鹏新区,22,22,0,0,0,0,1
2022-12-04,589179428,20190000000000000003,900200000000000048,1,71.543,451.317,33471.667,2022-12-04 06:45:00.000,L2FT01-FTJ020,19.00,0.000,0.666012,16605,0.435592,0.055345,0,0,0,0.9000,大鹏新区,22,22,0,0,0,0,1
2022-12-04,589179428,20190000000000000003,900200000000000035,1,29.790,328.300,9780.000,2022-12-04 07:00:00.000,L2FT01-FTJ020,18.90,0.000,0.666012,16605,0.435592,0.055345,0,0,0,0.9000,大鹏新区,22,22,0,0,0,0,1
2022-12-04,589179428,20190000000000000003,900200000000000040,1,78.666,391.186,30787.143,2022-12-04 07:00:00.000,L2FT01-FTJ020,18.90,0.000,0.666012,16605,0.435592,0.055345,0,0,0,0.9000,大鹏新区,22,22,0,0,0,0,1
2022-12-04,589179428,20190000000000000003,900200000000000047,1,127.922,316.233,40438.000,2022-12-04 07:00:00.000,L2FT01-FTJ020,18.90,0.000,0.666012,16605,0.435592,0.055345,0,0,0,0.9000,大鹏新区,22,22,0,0,0,0,1
2022-12-04,589179428,20190000000000000003,900200000000000048,1,129.857,472.007,61288.667,2022-12-04 07:00:00.000,L2FT01-FTJ020,18.90,0.000,0.666012,16605,0.435592,0.055345,0,0,0,0.9000,大鹏新区,22,22,0,0,0,0,1
2022-12-04,589179428,20190000000000000003,900200000000000040,1,71.839,397.100,28524.667,2022-12-04 07:15:00.000,L2FT01-FTJ020,18.90,0.000,0.666012,16605,0.435592,0.055345,0,0,0,0.9000,大鹏新区,22,22,0,0,0,0,1
2022-12-04,589179428,20190000000000000003,900200000000000047,1,113.417,326.293,36984.667,2022-12-04 07:15:00.000,L2FT01-FTJ020,18.90,0.000,0.666012,16605,0.435592,0.055345,0,0,0,0.9000,大鹏新区,22,22,0,0,0,0,1
2022-12-04,589179428,20190000000000000003,900200000000000048,1,118.590,471.793,55946.667,2022-12-04 07:15:00.000,L2FT01-FTJ020,18.90,0.000,0.666012,16605,0.435592,0.055345,0,0,0,0.9000,大鹏新区,22,22,0,0,0,0,1
2022-12-04,589179428,20190000000000000003,900200000000000048,1,116.806,471.753,55098.667,2022-12-04 07:30:00.000,L2FT01-FTJ020,18.90,0.000,0.666012,16605,0.435592,0.055345,0,0,0,0.9000,大鹏新区,22,22,0,0,0,0,1
2022-12-04,589179428,20190000000000000003,900200000000000047,1,78.227,338.820,26465.333,2022-12-04 07:30:00.000,L2FT01-FTJ020,18.90,0.000,0.666012,16605,0.435592,0.055345,0,0,0,0.9000,大鹏新区,22,22,0,0,0,0,1
2022-12-04,589179428,20190000000000000003,900200000000000040,1,82.592,403.600,33349.333,2022-12-04 07:30:00.000,L2FT01-FTJ020,18.90,0.000,0.666012,16605,0.435592,0.055345,0,0,0,0.9000,大鹏新区,22,22,0,0,0,0,1
2022-12-04,589179428,20190000000000000003,900200000000000044,1,79.867,337.967,28706.667,2022-12-04 07:30:00.000,L2FT01-FTJ020,18.90,0.000,0.666012,16605,0.435592,0.055345,0,0,0,0.9000,大鹏新区,22,22,0,0,0,0,1
2022-12-04,589179428,20190000000000000003,900200000000000040,1,105.993,417.867,44316.667,2022-12-04 07:45:00.000,L2FT01-FTJ020,18.90,0.000,0.666012,16605,0.435592,0.055345,0,0,0,0.9000,大鹏新区,22,22,0,0,0,0,1
2022-12-04,589179428,20190000000000000003,900200000000000044,1,103.533,361.060,37390.000,2022-12-04 07:45:00.000,L2FT01-FTJ020,18.90,0.000,0.666012,16605,0.435592,0.055345,0,0,0,0.9000,大鹏新区,22,22,0,0,0,0,1
2022-12-04,589179428,20190000000000000003,900200000000000047,1,45.390,345.867,15697.333,2022-12-04 07:45:00.000,L2FT01-FTJ020,18.90,0.000,0.666012,16605,0.435592,0.055345,0,0,0,0.9000,大鹏新区,22,22,0,0,0,0,1
2022-12-04,589179428,20190000000000000003,900200000000000048,1,80.491,471.513,37960.667,2022-12-04 07:45:00.000,L2FT01-FTJ020,18.90,0.000,0.666012,16605,0.435592,0.055345,0,0,0,0.9000,大鹏新区,22,22,0,0,0,0,1
2022-12-04,589179428,20190000000000000003,900200000000000049,1,129.927,311.000,40403.333,2022-12-04 07:45:00.000,L2FT01-FTJ020,18.90,0.000,0.666012,16605,0.435592,0.055345,0,0,0,0.9000,大鹏新区,22,22,0,0,0,0,1
2022-12-04,589179428,20190000000000000003,900200000000000040,1,57.731,432.040,24916.000,2022-12-04 08:00:00.000,L2FT01-FTJ020,18.60,0.000,0.666012,16605,0.435592,0.055345,0,0,0,0.9000,大鹏新区,22,22,0,0,0,0,1
2022-12-04,589179428,20190000000000000003,900200000000000044,1,44.638,366.522,16321.111,2022-12-04 08:00:00.000,L2FT01-FTJ020,18.60,0.000,0.666012,16605,0.435592,0.055345,0,0,0,0.9000,大鹏新区,22,22,0,0,0,0,1
2022-12-04,589179428,20190000000000000003,900200000000000047,1,38.290,349.700,13390.000,2022-12-04 08:00:00.000,L2FT01-FTJ020,18.60,0.000,0.666012,16605,0.435592,0.055345,0,0,0,0.9000,大鹏新区,22,22,0,0,0,0,1
2022-12-04,589179428,20190000000000000003,900200000000000048,1,30.340,471.000,14292.500,2022-12-04 08:00:00.000,L2FT01-FTJ020,18.60,0.000,0.666012,16605,0.435592,0.055345,0,0,0,0.9000,大鹏新区,22,22,0,0,0,0,1
2022-12-04,589179428,20190000000000000003,900200000000000049,1,129.905,312.260,40560.667,2022-12-04 08:00:00.000,L2FT01-FTJ020,18.60,0.000,0.666012,16605,0.435592,0.055345,0,0,0,0.9000,大鹏新区,22,22,0,0,0,0,1
2022-12-04,589179428,20190000000000000003,900200000000000040,1,32.634,435.820,14220.000,2022-12-04 08:15:00.000,L2FT01-FTJ020,18.60,0.000,0.666012,16605,0.435592,0.055345,0,0,0,0.9000,大鹏新区,22,22,0,0,0,0,1
2022-12-04,589179428,20190000000000000003,900200000000000049,1,129.912,313.173,40682.000,2022-12-04 08:15:00.000,L2FT01-FTJ020,18.60,0.000,0.666012,16605,0.435592,0.055345,0,0,0,0.9000,大鹏新区,22,22,0,0,0,0,1
2022-12-04,589179428,20190000000000000003,900200000000000049,1,129.934,314.600,40873.333,2022-12-04 08:30:00.000,L2FT01-FTJ020,18.60,0.000,0.666012,16605,0.435592,0.055345,0,0,0,0.9000,大鹏新区,22,22,0,0,0,0,1
2022-12-04,589179428,20190000000000000003,900200000000000039,1,95.028,278.233,27896.667,2022-12-04 08:45:00.000,L2FT01-FTJ020,18.60,0.000,0.666012,16605,0.435592,0.055345,0,0,0,0.9000,大鹏新区,22,22,0,0,0,0,1
2022-12-04,589179428,20190000000000000003,900200000000000049,1,130.000,316.633,41158.000,2022-12-04 08:45:00.000,L2FT01-FTJ020,18.60,0.000,0.666012,16605,0.435592,0.055345,0,0,0,0.9000,大鹏新区,22,22,0,0,0,0,1
2022-12-04,589179428,20190000000000000003,900200000000000039,1,83.439,304.267,25336.667,2022-12-04 09:00:00.000,L2FT01-FTJ020,18.12,0.000,0.666012,16605,0.435592,0.055345,0,0,0,0.9000,大鹏新区,22,22,0,0,0,0,1
2022-12-04,589179428,20190000000000000003,900200000000000049,1,74.827,324.783,24205.000,2022-12-04 09:00:00.000,L2FT01-FTJ020,18.12,0.000,0.666012,16605,0.435592,0.055345,0,0,0,0.9000,大鹏新区,22,22,0,0,0,0,1
2022-12-04,589179428,20190000000000000003,900200000000000053,1,65.261,313.557,20611.429,2022-12-04 09:00:00.000,L2FT01-FTJ020,18.12,0.000,0.666012,16605,0.435592,0.055345,0,0,0,0.9000,大鹏新区,22,22,0,0,0,0,1
2022-12-04,589179428,20190000000000000003,900200000000000039,1,42.230,309.120,13054.000,2022-12-04 09:15:00.000,L2FT01-FTJ020,18.12,0.000,0.666012,16605,0.435592,0.055345,0,0,0,0.9000,大鹏新区,22,22,0,0,0,0,1
2022-12-04,589179428,20190000000000000003,900200000000000053,1,73.944,325.188,24027.500,2022-12-04 09:15:00.000,L2FT01-FTJ020,18.12,0.000,0.666012,16605,0.435592,0.055345,0,0,0,0.9000,大鹏新区,22,22,0,0,0,0,1
2022-12-04,589179428,20190000000000000003,900200000000000034,1,45.170,346.731,15694.615,2022-12-04 09:30:00.000,L2FT01-FTJ020,18.12,0.000,0.666012,16605,0.435592,0.055345,0,0,0,0.9000,大鹏新区,22,22,0,0,0,0,1
2022-12-04,589179428,20190000000000000003,900200000000000034,1,38.639,353.580,13655.333,2022-12-04 09:45:00.000,L2FT01-FTJ020,18.12,0.000,0.666012,16605,0.435592,0.055345,0,0,0,0.9000,大鹏新区,22,22,0,0,0,0,1
2022-12-04,589179428,20190000000000000003,900200000000000034,1,24.853,357.587,8880.667,2022-12-04 10:00:00.000,L2FT01-FTJ020,17.50,0.000,0.666012,16605,0.435592,0.055345,0,0,0,0.9000,大鹏新区,22,22,0,0,0,0,1
2022-12-04,589179428,20190000000000000003,900200000000000034,1,21.790,361.353,7874.000,2022-12-04 10:15:00.000,L2FT01-FTJ020,17.50,0.000,0.666012,16605,0.435592,0.055345,0,0,0,0.9000,大鹏新区,22,22,0,0,0,0,1
2022-12-04,589179428,20190000000000000003,900200000000000034,1,20.291,365.613,7416.000,2022-12-04 10:30:00.000,L2FT01-FTJ020,17.50,0.000,0.666012,16605,0.435592,0.055345,0,0,0,0.9000,大鹏新区,22,22,0,0,0,0,1
2022-12-04,589179428,20190000000000000003,900200000000000048,1,119.393,295.433,37520.000,2022-12-04 10:30:00.000,L2FT01-FTJ020,17.50,0.000,0.666012,16605,0.435592,0.055345,0,0,0,0.9000,大鹏新区,22,22,0,0,0,0,1
2022-12-04,589179428,20190000000000000003,900200000000000048,1,143.123,315.380,45138.000,2022-12-04 10:45:00.000,L2FT01-FTJ020,17.50,0.000,0.666012,16605,0.435592,0.055345,0,0,0,0.9000,大鹏新区,22,22,0,0,0,0,1
2022-12-04,589179428,20190000000000000003,900200000000000034,1,13.020,367.442,4779.167,2022-12-04 10:45:00.000,L2FT01-FTJ020,17.50,0.000,0.666012,16605,0.435592,0.055345,0,0,0,0.9000,大鹏新区,22,22,0,0,0,0,1
2022-12-04,589179428,20190000000000000003,900200000000000048,1,68.190,329.100,22185.000,2022-12-04 11:00:00.000,L2FT01-FTJ020,16.78,0.000,0.666012,16605,0.435592,0.055345,0,0,0,0.9000,大鹏新区,22,22,0,0,0,0,1
2022-12-04,589179428,20190000000000000003,900200000000000037,1,38.418,331.725,14095.000,2022-12-04 11:15:00.000,L2FT01-FTJ020,16.78,0.000,0.666012,16605,0.435592,0.055345,0,0,0,0.9000,大鹏新区,22,22,0,0,0,0,1
2022-12-04,589179428,20190000000000000003,900200000000000037,1,87.360,308.433,27176.667,2022-12-04 11:45:00.000,L2FT01-FTJ020,16.78,0.000,0.666012,16605,0.435592,0.055345,0,0,0,0.9000,大鹏新区,22,22,0,0,0,0,1
2022-12-04,589179428,20190000000000000003,900200000000000037,1,129.887,313.780,40754.000,2022-12-04 12:00:00.000,L2FT01-FTJ020,16.00,0.000,0.666012,16605,0.435592,0.055345,0,0,0,0.9000,大鹏新区,22,22,0,0,0,0,1
2022-12-04,589179428,20190000000000000003,900200000000000037,1,130.000,315.233,40974.667,2022-12-04 12:15:00.000,L2FT01-FTJ020,16.00,0.000,0.666012,16605,0.435592,0.055345,0,0,0,0.9000,大鹏新区,22,22,0,0,0,0,1
2022-12-04,589179428,20190000000000000003,900200000000000037,1,130.000,317.750,41300.000,2022-12-04 12:30:00.000,L2FT01-FTJ020,16.00,0.000,0.666012,16605,0.435592,0.055345,0,0,0,0.9000,大鹏新区,22,22,0,0,0,0,1
2022-12-04,589179428,20190000000000000003,900200000000000030,1,137.690,308.500,42480.000,2022-12-04 13:30:00.000,L2FT01-FTJ020,15.22,0.000,0.666012,16605,0.435592,0.055345,0,0,0,0.9000,大鹏新区,22,22,0,0,0,0,1
2022-12-04,589179428,20190000000000000003,900200000000000037,1,126.591,365.027,46194.545,2022-12-04 13:30:00.000,L2FT01-FTJ020,15.22,0.000,0.666012,16605,0.435592,0.055345,0,0,0,0.9000,大鹏新区,22,22,0,0,0,0,1
2022-12-04,589179428,20190000000000000003,900200000000000030,1,191.239,316.240,60470.667,2022-12-04 13:45:00.000,L2FT01-FTJ020,15.22,0.000,0.666012,16605,0.435592,0.055345,0,0,0,0.9000,大鹏新区,22,22,0,0,0,0,1
2022-12-04,589179428,20190000000000000003,900200000000000035,1,80.594,383.340,30884.000,2022-12-04 13:45:00.000,L2FT01-FTJ020,15.22,0.000,0.666012,16605,0.435592,0.055345,0,0,0,0.9000,大鹏新区,22,22,0,0,0,0,1
2022-12-04,589179428,20190000000000000003,900200000000000037,1,102.193,376.233,38439.167,2022-12-04 13:45:00.000,L2FT01-FTJ020,15.22,0.000,0.666012,16605,0.435592,0.055345,0,0,0,0.9000,大鹏新区,22,22,0,0,0,0,1
2022-12-04,589179428,20190000000000000003,900200000000000030,1,191.117,318.750,60913.333,2022-12-04 14:00:00.000,L2FT01-FTJ020,14.50,0.000,0.666012,16605,0.435592,0.055345,0,0,0,0.9000,大鹏新区,22,22,0,0,0,0,1
2022-12-04,589179428,20190000000000000003,900200000000000035,1,73.000,386.500,28210.000,2022-12-04 14:00:00.000,L2FT01-FTJ020,14.50,0.000,0.666012,16605,0.435592,0.055345,0,0,0,0.9000,大鹏新区,22,22,0,0,0,0,1
2022-12-04,589179428,20190000000000000003,900200000000000049,1,44.902,401.000,18021.111,2022-12-04 15:45:00.000,L2FT01-FTJ020,13.88,0.000,0.666012,16605,0.435592,0.055345,0,0,0,0.9000,大鹏新区,22,22,0,0,0,0,1
2022-12-04,589179428,20190000000000000003,900200000000000039,1,112.927,310.267,35036.667,2022-12-04 15:45:00.000,L2FT01-FTJ020,13.88,0.000,0.666012,16605,0.435592,0.055345,0,0,0,0.9000,大鹏新区,22,22,0,0,0,0,1
2022-12-04,589179428,20190000000000000003,900200000000000044,1,23.790,402.100,9560.000,2022-12-04 15:45:00.000,L2FT01-FTJ020,13.88,0.000,0.666012,16605,0.435592,0.055345,0,0,0,0.9000,大鹏新区,22,22,0,0,0,0,1
2022-12-04,589179428,20190000000000000003,900200000000000039,1,112.971,313.300,35389.333,2022-12-04 16:00:00.000,L2FT01-FTJ020,13.40,0.000,0.666012,16605,0.435592,0.055345,0,0,0,0.9000,大鹏新区,22,22,0,0,0,0,1
2022-12-04,589179428,20190000000000000003,900200000000000044,1,28.257,410.933,11613.333,2022-12-04 16:00:00.000,L2FT01-FTJ020,13.40,0.000,0.666012,16605,0.435592,0.055345,0,0,0,0.9000,大鹏新区,22,22,0,0,0,0,1
2022-12-04,589179428,20190000000000000003,900200000000000049,1,23.044,405.033,9328.667,2022-12-04 16:00:00.000,L2FT01-FTJ020,13.40,0.000,0.666012,16605,0.435592,0.055345,0,0,0,0.9000,大鹏新区,22,22,0,0,0,0,1
2022-12-04,589179428,20190000000000000003,900200000000000038,1,143.590,310.200,44540.000,2022-12-04 16:15:00.000,L2FT01-FTJ020,13.40,0.000,0.666012,16605,0.435592,0.055345,0,0,0,0.9000,大鹏新区,22,22,0,0,0,0,1
2022-12-04,589179428,20190000000000000003,900200000000000039,1,116.360,315.480,36711.333,2022-12-04 16:15:00.000,L2FT01-FTJ020,13.40,0.000,0.666012,16605,0.435592,0.055345,0,0,0,0.9000,大鹏新区,22,22,0,0,0,0,1
2022-12-04,589179428,20190000000000000003,900200000000000040,1,130.000,310.800,40400.000,2022-12-04 16:15:00.000,L2FT01-FTJ020,13.40,0.000,0.666012,16605,0.435592,0.055345,0,0,0,0.9000,大鹏新区,22,22,0,0,0,0,1
2022-12-04,589179428,20190000000000000003,900200000000000044,1,24.230,410.853,9959.333,2022-12-04 16:15:00.000,L2FT01-FTJ020,13.40,0.000,0.666012,16605,0.435592,0.055345,0,0,0,0.9000,大鹏新区,22,22,0,0,0,0,1
2022-12-04,589179428,20190000000000000003,900200000000000049,1,18.000,407.100,7320.000,2022-12-04 16:15:00.000,L2FT01-FTJ020,13.40,0.000,0.666012,16605,0.435592,0.055345,0,0,0,0.9000,大鹏新区,22,22,0,0,0,0,1
2022-12-04,589179428,20190000000000000003,900200000000000044,1,14.123,409.440,5782.000,2022-12-04 16:30:00.000,L2FT01-FTJ020,13.40,0.000,0.666012,16605,0.435592,0.055345,0,0,0,0.9000,大鹏新区,22,22,0,0,0,0,1
2022-12-04,589179428,20190000000000000003,900200000000000052,1,129.818,309.840,40218.000,2022-12-04 16:30:00.000,L2FT01-FTJ020,13.40,0.000,0.666012,16605,0.435592,0.055345,0,0,0,0.9000,大鹏新区,22,22,0,0,0,0,1
2022-12-04,589179428,20190000000000000003,900200000000000043,1,67.963,330.267,22443.333,2022-12-04 16:30:00.000,L2FT01-FTJ020,13.40,0.000,0.666012,16605,0.435592,0.055345,0,0,0,0.9000,大鹏新区,22,22,0,0,0,0,1
2022-12-04,589179428,20190000000000000003,900200000000000040,1,129.867,313.967,40770.667,2022-12-04 16:30:00.000,L2FT01-FTJ020,13.40,0.000,0.666012,16605,0.435592,0.055345,0,0,0,0.9000,大鹏新区,22,22,0,0,0,0,1
2022-12-04,589179428,20190000000000000003,900200000000000039,1,129.800,321.833,41770.000,2022-12-04 16:30:00.000,L2FT01-FTJ020,13.40,0.000,0.666012,16605,0.435592,0.055345,0,0,0,0.9000,大鹏新区,22,22,0,0,0,0,1
2022-12-04,589179428,20190000000000000003,900200000000000031,1,183.376,314.340,57728.000,2022-12-04 16:30:00.000,L2FT01-FTJ020,13.40,0.000,0.666012,16605,0.435592,0.055345,0,0,0,0.9000,大鹏新区,22,22,0,0,0,0,1
2022-12-04,589179428,20190000000000000003,900200000000000031,1,199.878,316.553,63266.667,2022-12-04 16:45:00.000,L2FT01-FTJ020,13.40,0.000,0.666012,16605,0.435592,0.055345,0,0,0,0.9000,大鹏新区,22,22,0,0,0,0,1
2022-12-04,589179428,20190000000000000003,900200000000000040,1,129.976,317.378,41247.778,2022-12-04 16:45:00.000,L2FT01-FTJ020,13.40,0.000,0.666012,16605,0.435592,0.055345,0,0,0,0.9000,大鹏新区,22,22,0,0,0,0,1
2022-12-04,589179428,20190000000000000003,900200000000000043,1,67.797,338.573,22951.333,2022-12-04 16:45:00.000,L2FT01-FTJ020,13.40,0.000,0.666012,16605,0.435592,0.055345,0,0,0,0.9000,大鹏新区,22,22,0,0,0,0,1
2022-12-04,589179428,20190000000000000003,900200000000000044,1,13.790,420.657,5801.429,2022-12-04 16:45:00.000,L2FT01-FTJ020,13.40,0.000,0.666012,16605,0.435592,0.055345,0,0,0,0.9000,大鹏新区,22,22,0,0,0,0,1
2022-12-04,589179428,20190000000000000003,900200000000000052,1,130.873,310.607,40644.667,2022-12-04 16:45:00.000,L2FT01-FTJ020,13.40,0.000,0.666012,16605,0.435592,0.055345,0,0,0,0.9000,大鹏新区,22,22,0,0,0,0,1
2022-12-04,589179428,20190000000000000003,900200000000000031,1,199.950,319.036,63789.091,2022-12-04 17:00:00.000,L2FT01-FTJ020,13.10,0.000,0.666012,16605,0.435592,0.055345,0,0,0,0.9000,大鹏新区,22,22,0,0,0,0,1
2022-12-04,589179428,20190000000000000003,900200000000000043,1,67.790,352.007,23861.333,2022-12-04 17:00:00.000,L2FT01-FTJ020,13.10,0.000,0.666012,16605,0.435592,0.055345,0,0,0,0.9000,大鹏新区,22,22,0,0,0,0,1
2022-12-04,589179428,20190000000000000003,900200000000000052,1,129.800,311.893,40479.333,2022-12-04 17:00:00.000,L2FT01-FTJ020,13.10,0.000,0.666012,16605,0.435592,0.055345,0,0,0,0.9000,大鹏新区,22,22,0,0,0,0,1
2022-12-04,589179428,20190000000000000003,900200000000000043,1,45.177,361.107,16307.333,2022-12-04 17:15:00.000,L2FT01-FTJ020,13.10,0.000,0.666012,16605,0.435592,0.055345,0,0,0,0.9000,大鹏新区,22,22,0,0,0,0,1
2022-12-04,589179428,20190000000000000003,900200000000000052,1,129.867,313.700,40735.333,2022-12-04 17:15:00.000,L2FT01-FTJ020,13.10,0.000,0.666012,16605,0.435592,0.055345,0,0,0,0.9000,大鹏新区,22,22,0,0,0,0,1
2022-12-04,589179428,20190000000000000003,900200000000000052,1,129.949,314.807,40905.333,2022-12-04 17:30:00.000,L2FT01-FTJ020,13.10,0.000,0.666012,16605,0.435592,0.055345,0,0,0,0.9000,大鹏新区,22,22,0,0,0,0,1
2022-12-04,589179428,20190000000000000003,900200000000000043,1,20.660,363.360,7508.000,2022-12-04 17:30:00.000,L2FT01-FTJ020,13.10,0.000,0.666012,16605,0.435592,0.055345,0,0,0,0.9000,大鹏新区,22,22,0,0,0,0,1
2022-12-04,589179428,20190000000000000003,900200000000000052,1,106.295,320.409,33904.545,2022-12-04 17:45:00.000,L2FT01-FTJ020,13.10,0.000,0.666012,16605,0.435592,0.055345,0,0,0,0.9000,大鹏新区,22,22,0,0,0,0,1
2022-12-04,589179428,20190000000000000003,900200000000000049,1,149.976,313.979,47085.714,2022-12-04 19:00:00.000,L2FT01-FTJ020,13.10,0.000,0.666012,16605,0.435592,0.055345,0,0,0,0.9000,大鹏新区,22,22,0,0,0,0,1
2022-12-04,589179428,20190000000000000003,900200000000000049,1,150.060,316.380,47472.000,2022-12-04 19:15:00.000,L2FT01-FTJ020,13.10,0.000,0.666012,16605,0.435592,0.055345,0,0,0,0.9000,大鹏新区,22,22,0,0,0,0,1
2022-12-04,589179428,20190000000000000003,900200000000000049,1,76.442,320.825,24462.500,2022-12-04 19:30:00.000,L2FT01-FTJ020,13.10,0.000,0.666012,16605,0.435592,0.055345,0,0,0,0.9000,大鹏新区,22,22,0,0,0,0,1
2022-12-04,589179428,20190000000000000003,900200000000000052,1,98.383,455.071,45910.000,2022-12-04 19:45:00.000,L2FT01-FTJ020,13.10,0.000,0.666012,16605,0.435592,0.055345,0,0,0,0.9000,大鹏新区,22,22,0,0,0,0,1
2022-12-04,589179428,20190000000000000003,900200000000000052,1,126.402,469.680,59366.000,2022-12-04 20:00:00.000,L2FT01-FTJ020,13.40,0.000,0.666012,16605,0.435592,0.055345,0,0,0,0.9000,大鹏新区,22,22,0,0,0,0,1
2022-12-04,589179428,20190000000000000003,900200000000000052,1,116.985,469.693,54942.667,2022-12-04 20:15:00.000,L2FT01-FTJ020,13.40,0.000,0.666012,16605,0.435592,0.055345,0,0,0,0.9000,大鹏新区,22,22,0,0,0,0,1
2022-12-04,589179428,20190000000000000003,900200000000000052,1,117.066,469.673,54984.000,2022-12-04 20:30:00.000,L2FT01-FTJ020,13.40,0.000,0.666012,16605,0.435592,0.055345,0,0,0,0.9000,大鹏新区,22,22,0,0,0,0,1
2022-12-04,589179428,20190000000000000003,900200000000000052,1,83.850,469.260,39364.000,2022-12-04 20:45:00.000,L2FT01-FTJ020,13.40,0.000,0.666012,16605,0.435592,0.055345,0,0,0,0.9000,大鹏新区,22,22,0,0,0,0,1
2022-12-04,589179428,20190000000000000003,900200000000000052,1,28.790,468.700,13493.333,2022-12-04 21:00:00.000,L2FT01-FTJ020,13.88,0.000,0.666012,16605,0.435592,0.055345,0,0,0,0.9000,大鹏新区,22,22,0,0,0,0,1
2022-12-05,589179428,20190000000000000003,900200000000000044,1,130.000,301.300,39160.000,2022-12-05 00:00:00.000,L2FT01-FTJ020,16.00,0.000,0.666012,16605,0.435592,0.055345,0,0,1,0.9000,大鹏新区,22,22,0,0,0,0,1
2022-12-05,589179428,20190000000000000003,900200000000000030,1,116.545,352.129,41041.429,2022-12-05 00:00:00.000,L2FT01-FTJ020,16.00,0.000,0.666012,16605,0.435592,0.055345,0,0,1,0.9000,大鹏新区,22,22,0,0,0,0,1
2022-12-05,589179428,20190000000000000003,900200000000000056,1,86.630,314.333,26916.667,2022-12-05 00:15:00.000,L2FT01-FTJ020,16.00,0.000,0.666012,16605,0.435592,0.055345,0,0,1,0.9000,大鹏新区,22,22,0,0,0,0,1
2022-12-05,589179428,20190000000000000003,900200000000000044,1,129.806,304.573,39530.667,2022-12-05 00:15:00.000,L2FT01-FTJ020,16.00,0.000,0.666012,16605,0.435592,0.055345,0,0,1,0.9000,大鹏新区,22,22,0,0,0,0,1
2022-12-05,589179428,20190000000000000003,900200000000000030,1,111.954,361.733,40475.333,2022-12-05 00:15:00.000,L2FT01-FTJ020,16.00,0.000,0.666012,16605,0.435592,0.055345,0,0,1,0.9000,大鹏新区,22,22,0,0,0,0,1
2022-12-05,589179428,20190000000000000003,900200000000000030,1,88.183,374.653,33036.667,2022-12-05 00:30:00.000,L2FT01-FTJ020,16.00,0.000,0.666012,16605,0.435592,0.055345,0,0,1,0.9000,大鹏新区,22,22,0,0,0,0,1
2022-12-05,589179428,20190000000000000003,900200000000000044,1,129.800,309.567,40177.333,2022-12-05 00:30:00.000,L2FT01-FTJ020,16.00,0.000,0.666012,16605,0.435592,0.055345,0,0,1,0.9000,大鹏新区,22,22,0,0,0,0,1
2022-12-05,589179428,20190000000000000003,900200000000000056,1,129.934,310.780,40376.667,2022-12-05 00:30:00.000,L2FT01-FTJ020,16.00,0.000,0.666012,16605,0.435592,0.055345,0,0,1,0.9000,大鹏新区,22,22,0,0,0,0,1
2022-12-05,589179428,20190000000000000003,900200000000000030,1,61.960,386.633,23934.000,2022-12-05 00:45:00.000,L2FT01-FTJ020,16.00,0.000,0.666012,16605,0.435592,0.055345,0,0,1,0.9000,大鹏新区,22,22,0,0,0,0,1
2022-12-05,589179428,20190000000000000003,900200000000000044,1,129.800,311.367,40410.000,2022-12-05 00:45:00.000,L2FT01-FTJ020,16.00,0.000,0.666012,16605,0.435592,0.055345,0,0,1,0.9000,大鹏新区,22,22,0,0,0,0,1
2022-12-05,589179428,20190000000000000003,900200000000000056,1,130.181,311.753,40584.000,2022-12-05 00:45:00.000,L2FT01-FTJ020,16.00,0.000,0.666012,16605,0.435592,0.055345,0,0,1,0.9000,大鹏新区,22,22,0,0,0,0,1
2022-12-05,589179428,20190000000000000003,900200000000000030,1,20.227,390.267,7889.333,2022-12-05 01:00:00.000,L2FT01-FTJ020,16.78,0.000,0.666012,16605,0.435592,0.055345,0,0,1,0.9000,大鹏新区,22,22,0,0,0,0,1
2022-12-05,589179428,20190000000000000003,900200000000000044,1,129.884,312.667,40608.000,2022-12-05 01:00:00.000,L2FT01-FTJ020,16.78,0.000,0.666012,16605,0.435592,0.055345,0,0,1,0.9000,大鹏新区,22,22,0,0,0,0,1
2022-12-05,589179428,20190000000000000003,900200000000000056,1,135.018,313.680,42348.667,2022-12-05 01:00:00.000,L2FT01-FTJ020,16.78,0.000,0.666012,16605,0.435592,0.055345,0,0,1,0.9000,大鹏新区,22,22,0,0,0,0,1
2022-12-05,589179428,20190000000000000003,900200000000000030,1,15.590,392.833,6121.333,2022-12-05 01:15:00.000,L2FT01-FTJ020,16.78,0.000,0.666012,16605,0.435592,0.055345,0,0,1,0.9000,大鹏新区,22,22,0,0,0,0,1
2022-12-05,589179428,20190000000000000003,900200000000000044,1,129.836,314.287,40802.000,2022-12-05 01:15:00.000,L2FT01-FTJ020,16.78,0.000,0.666012,16605,0.435592,0.055345,0,0,1,0.9000,大鹏新区,22,22,0,0,0,0,1
2022-12-05,589179428,20190000000000000003,900200000000000056,1,135.030,314.793,42504.667,2022-12-05 01:15:00.000,L2FT01-FTJ020,16.78,0.000,0.666012,16605,0.435592,0.055345,0,0,1,0.9000,大鹏新区,22,22,0,0,0,0,1
2022-12-05,589179428,20190000000000000003,900200000000000056,1,135.053,319.183,43102.500,2022-12-05 01:30:00.000,L2FT01-FTJ020,16.78,0.000,0.666012,16605,0.435592,0.055345,0,0,1,0.9000,大鹏新区,22,22,0,0,0,0,1
2022-12-05,589179428,20190000000000000003,900200000000000030,1,11.217,395.073,4430.000,2022-12-05 01:30:00.000,L2FT01-FTJ020,16.78,0.000,0.666012,16605,0.435592,0.055345,0,0,1,0.9000,大鹏新区,22,22,0,0,0,0,1
2022-12-05,589179428,20190000000000000003,900200000000000044,1,129.848,315.353,40944.667,2022-12-05 01:30:00.000,L2FT01-FTJ020,16.78,0.000,0.666012,16605,0.435592,0.055345,0,0,1,0.9000,大鹏新区,22,22,0,0,0,0,1
2022-12-05,589179428,20190000000000000003,900200000000000030,1,7.390,396.047,2926.000,2022-12-05 01:45:00.000,L2FT01-FTJ020,16.78,0.000,0.666012,16605,0.435592,0.055345,0,0,1,0.9000,大鹏新区,22,22,0,0,0,0,1
2022-12-05,589179428,20190000000000000003,900200000000000044,1,107.150,320.400,34177.333,2022-12-05 01:45:00.000,L2FT01-FTJ020,16.78,0.000,0.666012,16605,0.435592,0.055345,0,0,1,0.9000,大鹏新区,22,22,0,0,0,0,1
2022-12-05,589179428,20190000000000000003,900200000000000030,1,7.390,396.956,2932.222,2022-12-05 02:00:00.000,L2FT01-FTJ020,17.50,0.000,0.666012,16605,0.435592,0.055345,0,0,1,0.9000,大鹏新区,22,22,0,0,0,0,1
2022-12-05,589179428,20190000000000000003,900200000000000034,1,142.810,309.883,44251.667,2022-12-05 02:45:00.000,L2FT01-FTJ020,17.50,0.000,0.666012,16605,0.435592,0.055345,0,0,1,0.9000,大鹏新区,22,22,0,0,0,0,1
2022-12-05,589179428,20190000000000000003,900200000000000035,1,199.800,311.850,62300.000,2022-12-05 04:15:00.000,L2FT01-FTJ020,18.60,0.000,0.666012,16605,0.435592,0.055345,0,0,1,0.9000,大鹏新区,22,22,0,0,0,0,1
2022-12-05,589179428,20190000000000000003,900200000000000035,1,199.866,312.980,62548.000,2022-12-05 04:30:00.000,L2FT01-FTJ020,18.60,0.000,0.666012,16605,0.435592,0.055345,0,0,1,0.9000,大鹏新区,22,22,0,0,0,0,1
2022-12-05,589179428,20190000000000000003,900200000000000035,1,199.956,315.067,62997.333,2022-12-05 04:45:00.000,L2FT01-FTJ020,18.60,0.000,0.666012,16605,0.435592,0.055345,0,0,1,0.9000,大鹏新区,22,22,0,0,0,0,1
2022-12-05,589179428,20190000000000000003,900200000000000035,1,199.993,317.467,63490.667,2022-12-05 05:00:00.000,L2FT01-FTJ020,18.90,0.000,0.666012,16605,0.435592,0.055345,0,0,1,0.9000,大鹏新区,22,22,0,0,0,0,1
2022-12-05,589179428,20190000000000000003,900200000000000035,1,56.490,324.667,18310.000,2022-12-05 05:15:00.000,L2FT01-FTJ020,18.90,0.000,0.666012,16605,0.435592,0.055345,0,0,1,0.9000,大鹏新区,22,22,0,0,0,0,1
2022-12-05,589179428,20190000000000000003,900200000000000052,1,104.440,455.183,49595.000,2022-12-05 05:30:00.000,L2FT01-FTJ020,18.90,0.000,0.666012,16605,0.435592,0.055345,0,0,1,0.9000,大鹏新区,22,22,0,0,0,0,1
2022-12-05,589179428,20190000000000000003,900200000000000052,1,149.810,476.760,71420.667,2022-12-05 05:45:00.000,L2FT01-FTJ020,18.90,0.000,0.666012,16605,0.435592,0.055345,0,0,1,0.9000,大鹏新区,22,22,0,0,0,0,1
2022-12-05,589179428,20190000000000000003,900200000000000052,1,149.817,477.133,71479.333,2022-12-05 06:00:00.000,L2FT01-FTJ020,19.00,0.000,0.666012,16605,0.435592,0.055345,0,0,1,0.9000,大鹏新区,22,22,0,0,0,0,1
2022-12-05,589179428,20190000000000000003,900200000000000052,1,149.890,477.413,71559.333,2022-12-05 06:15:00.000,L2FT01-FTJ020,19.00,0.000,0.666012,16605,0.435592,0.055345,0,0,1,0.9000,大鹏新区,22,22,0,0,0,0,1
2022-12-05,589179428,20190000000000000003,900200000000000052,1,83.191,476.836,39687.857,2022-12-05 06:30:00.000,L2FT01-FTJ020,19.00,0.000,0.666012,16605,0.435592,0.055345,0,0,1,0.9000,大鹏新区,22,22,0,0,0,0,1
2022-12-05,589179428,20190000000000000003,900200000000000044,1,101.738,356.087,36226.667,2022-12-05 07:30:00.000,L2FT01-FTJ020,18.90,0.000,0.666012,16605,0.435592,0.055345,0,0,1,0.9000,大鹏新区,22,22,0,0,0,0,1
2022-12-05,589179428,20190000000000000003,900200000000000044,1,90.292,357.347,32278.667,2022-12-05 07:45:00.000,L2FT01-FTJ020,18.90,0.000,0.666012,16605,0.435592,0.055345,0,0,1,0.9000,大鹏新区,22,22,0,0,0,0,1
2022-12-05,589179428,20190000000000000003,900200000000000044,1,56.279,355.620,20017.333,2022-12-05 08:00:00.000,L2FT01-FTJ020,18.60,0.000,0.666012,16605,0.435592,0.055345,0,0,1,0.9000,大鹏新区,22,22,0,0,0,0,1
2022-12-05,589179428,20190000000000000003,900200000000000044,1,38.142,354.425,13526.250,2022-12-05 08:15:00.000,L2FT01-FTJ020,18.60,0.000,0.666012,16605,0.435592,0.055345,0,0,1,0.9000,大鹏新区,22,22,0,0,0,0,1
2022-12-05,589179428,20190000000000000003,900200000000000035,1,108.904,354.400,38865.455,2022-12-05 11:45:00.000,L2FT01-FTJ020,16.78,0.000,0.666012,16605,0.435592,0.055345,0,0,1,0.9000,大鹏新区,22,22,0,0,0,0,1
2022-12-05,589179428,20190000000000000003,900200000000000035,1,127.150,368.087,46821.333,2022-12-05 12:00:00.000,L2FT01-FTJ020,16.00,0.000,0.666012,16605,0.435592,0.055345,0,0,1,0.9000,大鹏新区,22,22,0,0,0,0,1
2022-12-05,589179428,20190000000000000003,900200000000000035,1,107.681,387.480,41685.333,2022-12-05 12:15:00.000,L2FT01-FTJ020,16.00,0.000,0.666012,16605,0.435592,0.055345,0,0,1,0.9000,大鹏新区,22,22,0,0,0,0,1
2022-12-05,589179428,20190000000000000003,900200000000000035,1,70.065,401.927,28142.667,2022-12-05 12:30:00.000,L2FT01-FTJ020,16.00,0.000,0.666012,16605,0.435592,0.055345,0,0,1,0.9000,大鹏新区,22,22,0,0,0,0,1
2022-12-05,589179428,20190000000000000003,900200000000000056,1,72.499,455.408,34029.167,2022-12-05 12:30:00.000,L2FT01-FTJ020,16.00,0.000,0.666012,16605,0.435592,0.055345,0,0,1,0.9000,大鹏新区,22,22,0,0,0,0,1
2022-12-05,589179428,20190000000000000003,900200000000000035,1,27.623,408.007,11270.667,2022-12-05 12:45:00.000,L2FT01-FTJ020,16.00,0.000,0.666012,16605,0.435592,0.055345,0,0,1,0.9000,大鹏新区,22,22,0,0,0,0,1
2022-12-05,589179428,20190000000000000003,900200000000000056,1,66.397,470.453,31249.333,2022-12-05 12:45:00.000,L2FT01-FTJ020,16.00,0.000,0.666012,16605,0.435592,0.055345,0,0,1,0.9000,大鹏新区,22,22,0,0,0,0,1
2022-12-05,589179428,20190000000000000003,900200000000000056,1,22.325,407.467,9561.667,2022-12-05 13:00:00.000,L2FT01-FTJ020,15.22,0.000,0.666012,16605,0.435592,0.055345,0,0,1,0.9000,大鹏新区,22,22,0,0,0,0,1
2022-12-05,589179428,20190000000000000003,900200000000000043,1,76.618,407.050,31171.250,2022-12-05 13:45:00.000,L2FT01-FTJ020,15.22,0.000,0.666012,16605,0.435592,0.055345,0,0,1,0.9000,大鹏新区,22,22,0,0,0,0,1
2022-12-05,589179428,20190000000000000003,900200000000000043,1,51.354,412.527,21186.364,2022-12-05 14:00:00.000,L2FT01-FTJ020,14.50,0.000,0.666012,16605,0.435592,0.055345,0,0,1,0.9000,大鹏新区,22,22,0,0,0,0,1
2022-12-05,589179428,20190000000000000003,900200000000000044,1,111.982,463.286,52624.286,2022-12-05 14:15:00.000,L2FT01-FTJ020,14.50,0.000,0.666012,16605,0.435592,0.055345,0,0,1,0.9000,大鹏新区,22,22,0,0,0,0,1
2022-12-05,589179428,20190000000000000003,900200000000000044,1,119.645,471.300,56387.333,2022-12-05 14:30:00.000,L2FT01-FTJ020,14.50,0.000,0.666012,16605,0.435592,0.055345,0,0,1,0.9000,大鹏新区,22,22,0,0,0,0,1
2022-12-05,589179428,20190000000000000003,900200000000000044,1,116.927,471.267,55103.333,2022-12-05 14:45:00.000,L2FT01-FTJ020,14.50,0.000,0.666012,16605,0.435592,0.055345,0,0,1,0.9000,大鹏新区,22,22,0,0,0,0,1
2022-12-05,589179428,20190000000000000003,900200000000000042,1,89.996,356.117,32344.167,2022-12-05 15:00:00.000,L2FT01-FTJ020,13.88,0.000,0.666012,16605,0.435592,0.055345,0,0,1,0.9000,大鹏新区,22,22,0,0,0,0,1
2022-12-05,589179428,20190000000000000003,900200000000000044,1,67.837,470.787,31946.667,2022-12-05 15:00:00.000,L2FT01-FTJ020,13.88,0.000,0.666012,16605,0.435592,0.055345,0,0,1,0.9000,大鹏新区,22,22,0,0,0,0,1
2022-12-05,589179428,20190000000000000003,900200000000000032,1,51.157,441.225,23999.167,2022-12-05 15:45:00.000,L2FT01-FTJ020,13.88,0.000,0.666012,16605,0.435592,0.055345,0,0,1,0.9000,大鹏新区,22,22,0,0,0,0,1
2022-12-05,589179428,20190000000000000003,900200000000000047,1,46.030,344.831,16018.462,2022-12-05 16:30:00.000,L2FT01-FTJ020,13.40,0.000,0.666012,16605,0.435592,0.055345,0,0,1,0.9000,大鹏新区,22,22,0,0,0,0,1
2022-12-05,589179428,20190000000000000003,900200000000000047,1,49.828,355.387,17703.750,2022-12-05 16:45:00.000,L2FT01-FTJ020,13.40,0.000,0.666012,16605,0.435592,0.055345,0,0,1,0.9000,大鹏新区,22,22,0,0,0,0,1
2022-12-05,589179428,20190000000000000003,900200000000000043,1,129.861,310.686,40344.286,2022-12-05 17:30:00.000,L2FT01-FTJ020,13.10,0.000,0.666012,16605,0.435592,0.055345,0,0,1,0.9000,大鹏新区,22,22,0,0,0,0,1
2022-12-05,589179428,20190000000000000003,900200000000000037,1,149.890,315.500,47290.000,2022-12-05 17:45:00.000,L2FT01-FTJ020,13.10,0.000,0.666012,16605,0.435592,0.055345,0,0,1,0.9000,大鹏新区,22,22,0,0,0,0,1
2022-12-05,589179428,20190000000000000003,900200000000000043,1,129.927,313.633,40747.333,2022-12-05 17:45:00.000,L2FT01-FTJ020,13.10,0.000,0.666012,16605,0.435592,0.055345,0,0,1,0.9000,大鹏新区,22,22,0,0,0,0,1
2022-12-05,589179428,20190000000000000003,900200000000000037,1,149.790,316.000,47330.000,2022-12-05 18:00:00.000,L2FT01-FTJ020,13.00,0.000,0.666012,16605,0.435592,0.055345,0,0,1,0.9000,大鹏新区,22,22,0,0,0,0,1
2022-12-05,589179428,20190000000000000003,900200000000000043,1,119.880,315.644,37840.000,2022-12-05 18:00:00.000,L2FT01-FTJ020,13.00,0.000,0.666012,16605,0.435592,0.055345,0,0,1,0.9000,大鹏新区,22,22,0,0,0,0,1
2022-12-05,589179428,20190000000000000003,900200000000000037,1,74.820,439.000,34552.500,2022-12-05 19:30:00.000,L2FT01-FTJ020,13.10,0.000,0.666012,16605,0.435592,0.055345,0,0,1,0.9000,大鹏新区,22,22,0,0,0,0,1
2022-12-05,589179428,20190000000000000003,900200000000000049,1,63.790,361.620,23064.000,2022-12-05 19:45:00.000,L2FT01-FTJ020,13.10,0.000,0.666012,16605,0.435592,0.055345,0,0,1,0.9000,大鹏新区,22,22,0,0,0,0,1
2022-12-05,589179428,20190000000000000003,900200000000000037,1,128.151,469.840,60210.000,2022-12-05 19:45:00.000,L2FT01-FTJ020,13.10,0.000,0.666012,16605,0.435592,0.055345,0,0,1,0.9000,大鹏新区,22,22,0,0,0,0,1
2022-12-05,589179428,20190000000000000003,900200000000000037,1,77.171,469.287,36224.667,2022-12-05 20:00:00.000,L2FT01-FTJ020,13.40,0.000,0.666012,16605,0.435592,0.055345,0,0,1,0.9000,大鹏新区,22,22,0,0,0,0,1
2022-12-05,589179428,20190000000000000003,900200000000000039,1,143.140,304.750,43620.000,2022-12-05 20:00:00.000,L2FT01-FTJ020,13.40,0.000,0.666012,16605,0.435592,0.055345,0,0,1,0.9000,大鹏新区,22,22,0,0,0,0,1
2022-12-05,589179428,20190000000000000003,900200000000000049,1,38.223,366.573,14016.667,2022-12-05 20:00:00.000,L2FT01-FTJ020,13.40,0.000,0.666012,16605,0.435592,0.055345,0,0,1,0.9000,大鹏新区,22,22,0,0,0,0,1
2022-12-05,589179428,20190000000000000003,900200000000000037,1,28.718,468.825,13462.500,2022-12-05 20:15:00.000,L2FT01-FTJ020,13.40,0.000,0.666012,16605,0.435592,0.055345,0,0,1,0.9000,大鹏新区,22,22,0,0,0,0,1
2022-12-05,589179428,20190000000000000003,900200000000000042,0,0.000,219.600,0.000,2022-12-05 20:15:00.000,L2FT01-FTJ020,13.40,0.000,0.666012,16605,0.435592,0.055345,0,0,1,0.9000,大鹏新区,22,22,0,0,0,0,1
2022-12-05,589179428,20190000000000000003,900200000000000049,1,20.657,370.240,7654.000,2022-12-05 20:15:00.000,L2FT01-FTJ020,13.40,0.000,0.666012,16605,0.435592,0.055345,0,0,1,0.9000,大鹏新区,22,22,0,0,0,0,1
2022-12-05,589179428,20190000000000000003,900200000000000042,1,178.435,312.867,55824.000,2022-12-05 20:30:00.000,L2FT01-FTJ020,13.40,0.000,0.666012,16605,0.435592,0.055345,0,0,1,0.9000,大鹏新区,22,22,0,0,0,0,1
2022-12-05,589179428,20190000000000000003,900200000000000049,1,13.190,371.847,4902.667,2022-12-05 20:30:00.000,L2FT01-FTJ020,13.40,0.000,0.666012,16605,0.435592,0.055345,0,0,1,0.9000,大鹏新区,22,22,0,0,0,0,1
2022-12-05,589179428,20190000000000000003,900200000000000042,1,178.384,314.353,56072.667,2022-12-05 20:45:00.000,L2FT01-FTJ020,13.40,0.000,0.666012,16605,0.435592,0.055345,0,0,1,0.9000,大鹏新区,22,22,0,0,0,0,1
2022-12-05,589179428,20190000000000000003,900200000000000049,1,13.190,373.600,4930.000,2022-12-05 20:45:00.000,L2FT01-FTJ020,13.40,0.000,0.666012,16605,0.435592,0.055345,0,0,1,0.9000,大鹏新区,22,22,0,0,0,0,1
2022-12-05,589179428,20190000000000000003,900200000000000042,1,178.334,315.350,56235.000,2022-12-05 21:00:00.000,L2FT01-FTJ020,13.88,0.000,0.666012,16605,0.435592,0.055345,0,0,1,0.9000,大鹏新区,22,22,0,0,0,0,1
2022-12-05,589179428,20190000000000000003,900200000000000039,1,68.953,356.038,24588.462,2022-12-05 21:45:00.000,L2FT01-FTJ020,13.88,0.000,0.666012,16605,0.435592,0.055345,0,0,1,0.9000,大鹏新区,22,22,0,0,0,0,1
2022-12-05,589179428,20190000000000000003,900200000000000039,1,84.059,358.289,30116.667,2022-12-05 22:00:00.000,L2FT01-FTJ020,14.50,0.000,0.666012,16605,0.435592,0.055345,0,0,1,0.9000,大鹏新区,22,22,0,0,0,0,1
2022-12-05,589179428,20190000000000000003,900200000000000039,1,85.790,359.200,30810.000,2022-12-05 22:30:00.000,L2FT01-FTJ020,14.50,0.000,0.666012,16605,0.435592,0.055345,0,0,1,0.9000,大鹏新区,22,22,0,0,0,0,1
2022-12-05,589179428,20190000000000000003,900200000000000043,1,49.315,358.825,17720.000,2022-12-05 23:15:00.000,L2FT01-FTJ020,15.22,0.000,0.666012,16605,0.435592,0.055345,0,0,1,0.9000,大鹏新区,22,22,0,0,0,0,1
2022-12-05,589179428,20190000000000000003,900200000000000057,1,141.100,431.700,61113.333,2022-12-05 23:15:00.000,L2FT01-FTJ020,15.22,0.000,0.666012,16605,0.435592,0.055345,0,0,1,0.9000,大鹏新区,22,22,0,0,0,0,1
2022-12-05,589179428,20190000000000000003,900200000000000043,1,54.817,367.893,20166.000,2022-12-05 23:30:00.000,L2FT01-FTJ020,15.22,0.000,0.666012,16605,0.435592,0.055345,0,0,1,0.9000,大鹏新区,22,22,0,0,0,0,1
2022-12-05,589179428,20190000000000000003,900200000000000057,1,102.929,430.013,44276.000,2022-12-05 23:30:00.000,L2FT01-FTJ020,15.22,0.000,0.666012,16605,0.435592,0.055345,0,0,1,0.9000,大鹏新区,22,22,0,0,0,0,1
2022-12-05,589179428,20190000000000000003,900200000000000043,1,54.857,382.407,20975.333,2022-12-05 23:45:00.000,L2FT01-FTJ020,15.22,0.000,0.666012,16605,0.435592,0.055345,0,0,1,0.9000,大鹏新区,22,22,0,0,0,0,1
2022-12-05,589179428,20190000000000000003,900200000000000057,1,63.503,430.220,27277.333,2022-12-05 23:45:00.000,L2FT01-FTJ020,15.22,0.000,0.666012,16605,0.435592,0.055345,0,0,1,0.9000,大鹏新区,22,22,0,0,0,0,1
2022-12-06,589179428,20190000000000000003,900200000000000043,1,40.497,392.947,15905.333,2022-12-06 00:00:00.000,L2FT01-FTJ020,16.00,0.000,0.666012,16605,0.435592,0.055345,0,0,1,0.9000,大鹏新区,22,22,0,0,0,0,1
2022-12-06,589179428,20190000000000000003,900200000000000048,1,63.358,288.333,19226.667,2022-12-06 00:00:00.000,L2FT01-FTJ020,16.00,0.000,0.666012,16605,0.435592,0.055345,0,0,1,0.9000,大鹏新区,22,22,0,0,0,0,1
2022-12-06,589179428,20190000000000000003,900200000000000043,1,14.323,394.307,5647.333,2022-12-06 00:15:00.000,L2FT01-FTJ020,16.00,0.000,0.666012,16605,0.435592,0.055345,0,0,1,0.9000,大鹏新区,22,22,0,0,0,0,1
2022-12-06,589179428,20190000000000000003,900200000000000048,1,71.290,306.520,21849.333,2022-12-06 00:15:00.000,L2FT01-FTJ020,16.00,0.000,0.666012,16605,0.435592,0.055345,0,0,1,0.9000,大鹏新区,22,22,0,0,0,0,1
2022-12-06,589179428,20190000000000000003,900200000000000043,1,6.890,394.711,2720.000,2022-12-06 00:30:00.000,L2FT01-FTJ020,16.00,0.000,0.666012,16605,0.435592,0.055345,0,0,1,0.9000,大鹏新区,22,22,0,0,0,0,1
2022-12-06,589179428,20190000000000000003,900200000000000048,1,71.290,307.700,21932.667,2022-12-06 00:30:00.000,L2FT01-FTJ020,16.00,0.000,0.666012,16605,0.435592,0.055345,0,0,1,0.9000,大鹏新区,22,22,0,0,0,0,1
2022-12-06,589179428,20190000000000000003,900200000000000048,1,71.290,307.820,21942.000,2022-12-06 00:45:00.000,L2FT01-FTJ020,16.00,0.000,0.666012,16605,0.435592,0.055345,0,0,1,0.9000,大鹏新区,22,22,0,0,0,0,1
2022-12-06,589179428,20190000000000000003,900200000000000048,1,71.290,308.033,21959.333,2022-12-06 01:00:00.000,L2FT01-FTJ020,16.78,0.000,0.666012,16605,0.435592,0.055345,0,0,1,0.9000,大鹏新区,22,22,0,0,0,0,1
2022-12-06,589179428,20190000000000000003,900200000000000048,1,71.290,308.573,21996.667,2022-12-06 01:15:00.000,L2FT01-FTJ020,16.78,0.000,0.666012,16605,0.435592,0.055345,0,0,1,0.9000,大鹏新区,22,22,0,0,0,0,1
2022-12-06,589179428,20190000000000000003,900200000000000047,1,149.873,311.025,47070.000,2022-12-06 01:15:00.000,L2FT01-FTJ020,16.78,0.000,0.666012,16605,0.435592,0.055345,0,0,1,0.9000,大鹏新区,22,22,0,0,0,0,1
2022-12-06,589179428,20190000000000000003,900200000000000047,1,199.891,314.787,62918.000,2022-12-06 01:30:00.000,L2FT01-FTJ020,16.78,0.000,0.666012,16605,0.435592,0.055345,0,0,1,0.9000,大鹏新区,22,22,0,0,0,0,1
2022-12-06,589179428,20190000000000000003,900200000000000048,1,71.290,309.567,22068.000,2022-12-06 01:30:00.000,L2FT01-FTJ020,16.78,0.000,0.666012,16605,0.435592,0.055345,0,0,1,0.9000,大鹏新区,22,22,0,0,0,0,1
2022-12-06,589179428,20190000000000000003,900200000000000047,1,178.013,315.720,56205.333,2022-12-06 01:45:00.000,L2FT01-FTJ020,16.78,0.000,0.666012,16605,0.435592,0.055345,0,0,1,0.9000,大鹏新区,22,22,0,0,0,0,1
2022-12-06,589179428,20190000000000000003,900200000000000048,1,71.317,310.747,22160.667,2022-12-06 01:45:00.000,L2FT01-FTJ020,16.78,0.000,0.666012,16605,0.435592,0.055345,0,0,1,0.9000,大鹏新区,22,22,0,0,0,0,1
2022-12-06,589179428,20190000000000000003,900200000000000047,1,135.319,319.821,43088.571,2022-12-06 02:00:00.000,L2FT01-FTJ020,17.50,0.000,0.666012,16605,0.435592,0.055345,0,0,1,0.9000,大鹏新区,22,22,0,0,0,0,1
2022-12-06,589179428,20190000000000000003,900200000000000048,1,71.303,311.313,22195.333,2022-12-06 02:00:00.000,L2FT01-FTJ020,17.50,0.000,0.666012,16605,0.435592,0.055345,0,0,1,0.9000,大鹏新区,22,22,0,0,0,0,1
2022-12-06,589179428,20190000000000000003,900200000000000048,1,71.290,311.487,22200.667,2022-12-06 02:15:00.000,L2FT01-FTJ020,17.50,0.000,0.666012,16605,0.435592,0.055345,0,0,1,0.9000,大鹏新区,22,22,0,0,0,0,1
2022-12-06,589179428,20190000000000000003,900200000000000048,1,71.290,311.827,22228.000,2022-12-06 02:30:00.000,L2FT01-FTJ020,17.50,0.000,0.666012,16605,0.435592,0.055345,0,0,1,0.9000,大鹏新区,22,22,0,0,0,0,1
2022-12-06,589179428,20190000000000000003,900200000000000048,1,71.297,312.580,22282.667,2022-12-06 02:45:00.000,L2FT01-FTJ020,17.50,0.000,0.666012,16605,0.435592,0.055345,0,0,1,0.9000,大鹏新区,22,22,0,0,0,0,1
2022-12-06,589179428,20190000000000000003,900200000000000049,1,99.730,367.333,36633.333,2022-12-06 02:45:00.000,L2FT01-FTJ020,17.50,0.000,0.666012,16605,0.435592,0.055345,0,0,1,0.9000,大鹏新区,22,22,0,0,0,0,1
2022-12-06,589179428,20190000000000000003,900200000000000048,1,67.815,316.492,21418.333,2022-12-06 03:00:00.000,L2FT01-FTJ020,18.12,0.000,0.666012,16605,0.435592,0.055345,0,0,1,0.9000,大鹏新区,22,22,0,0,0,0,1
2022-12-06,589179428,20190000000000000003,900200000000000049,1,88.039,379.113,33342.667,2022-12-06 03:00:00.000,L2FT01-FTJ020,18.12,0.000,0.666012,16605,0.435592,0.055345,0,0,1,0.9000,大鹏新区,22,22,0,0,0,0,1
2022-12-06,589179428,20190000000000000003,900200000000000049,1,44.678,389.227,17366.667,2022-12-06 03:15:00.000,L2FT01-FTJ020,18.12,0.000,0.666012,16605,0.435592,0.055345,0,0,1,0.9000,大鹏新区,22,22,0,0,0,0,1
2022-12-06,589179428,20190000000000000003,900200000000000049,1,15.170,390.643,5921.429,2022-12-06 03:30:00.000,L2FT01-FTJ020,18.12,0.000,0.666012,16605,0.435592,0.055345,0,0,1,0.9000,大鹏新区,22,22,0,0,0,0,1
2022-12-06,589179428,20190000000000000003,900200000000000048,1,116.883,306.260,35932.000,2022-12-06 03:30:00.000,L2FT01-FTJ020,18.12,0.000,0.666012,16605,0.435592,0.055345,0,0,1,0.9000,大鹏新区,22,22,0,0,0,0,1
2022-12-06,589179428,20190000000000000003,900200000000000048,1,129.878,310.127,40275.333,2022-12-06 03:45:00.000,L2FT01-FTJ020,18.12,0.000,0.666012,16605,0.435592,0.055345,0,0,1,0.9000,大鹏新区,22,22,0,0,0,0,1
2022-12-06,589179428,20190000000000000003,900200000000000048,1,129.971,310.640,40370.000,2022-12-06 04:00:00.000,L2FT01-FTJ020,18.60,0.000,0.666012,16605,0.435592,0.055345,0,0,1,0.9000,大鹏新区,22,22,0,0,0,0,1
2022-12-06,589179428,20190000000000000003,900200000000000056,1,149.894,311.280,46658.000,2022-12-06 04:00:00.000,L2FT01-FTJ020,18.60,0.000,0.666012,16605,0.435592,0.055345,0,0,1,0.9000,大鹏新区,22,22,0,0,0,0,1
2022-12-06,589179428,20190000000000000003,900200000000000048,1,130.084,311.673,40540.667,2022-12-06 04:15:00.000,L2FT01-FTJ020,18.60,0.000,0.666012,16605,0.435592,0.055345,0,0,1,0.9000,大鹏新区,22,22,0,0,0,0,1
2022-12-06,589179428,20190000000000000003,900200000000000056,1,149.997,312.687,46900.000,2022-12-06 04:15:00.000,L2FT01-FTJ020,18.60,0.000,0.666012,16605,0.435592,0.055345,0,0,1,0.9000,大鹏新区,22,22,0,0,0,0,1
2022-12-06,589179428,20190000000000000003,900200000000000048,1,130.000,313.073,40694.667,2022-12-06 04:30:00.000,L2FT01-FTJ020,18.60,0.000,0.666012,16605,0.435592,0.055345,0,0,1,0.9000,大鹏新区,22,22,0,0,0,0,1
2022-12-06,589179428,20190000000000000003,900200000000000056,1,150.038,314.327,47158.000,2022-12-06 04:30:00.000,L2FT01-FTJ020,18.60,0.000,0.666012,16605,0.435592,0.055345,0,0,1,0.9000,大鹏新区,22,22,0,0,0,0,1
2022-12-06,589179428,20190000000000000003,900200000000000048,1,129.993,314.080,40823.333,2022-12-06 04:45:00.000,L2FT01-FTJ020,18.60,0.000,0.666012,16605,0.435592,0.055345,0,0,1,0.9000,大鹏新区,22,22,0,0,0,0,1
2022-12-06,589179428,20190000000000000003,900200000000000056,1,150.075,317.050,47577.500,2022-12-06 04:45:00.000,L2FT01-FTJ020,18.60,0.000,0.666012,16605,0.435592,0.055345,0,0,1,0.9000,大鹏新区,22,22,0,0,0,0,1
2022-12-06,589179428,20190000000000000003,900200000000000039,1,113.552,418.991,47747.273,2022-12-06 05:00:00.000,L2FT01-FTJ020,18.90,0.000,0.666012,16605,0.435592,0.055345,0,0,1,0.9000,大鹏新区,22,22,0,0,0,0,1
2022-12-06,589179428,20190000000000000003,900200000000000048,1,127.859,316.960,40504.667,2022-12-06 05:00:00.000,L2FT01-FTJ020,18.90,0.000,0.666012,16605,0.435592,0.055345,0,0,1,0.9000,大鹏新区,22,22,0,0,0,0,1
2022-12-06,589179428,20190000000000000003,900200000000000039,1,121.854,432.340,52682.000,2022-12-06 05:15:00.000,L2FT01-FTJ020,18.90,0.000,0.666012,16605,0.435592,0.055345,0,0,1,0.9000,大鹏新区,22,22,0,0,0,0,1
2022-12-06,589179428,20190000000000000003,900200000000000048,1,36.390,331.733,12050.000,2022-12-06 05:15:00.000,L2FT01-FTJ020,18.90,0.000,0.666012,16605,0.435592,0.055345,0,0,1,0.9000,大鹏新区,22,22,0,0,0,0,1
2022-12-06,589179428,20190000000000000003,900200000000000039,1,98.054,453.253,44360.667,2022-12-06 05:30:00.000,L2FT01-FTJ020,18.90,0.000,0.666012,16605,0.435592,0.055345,0,0,1,0.9000,大鹏新区,22,22,0,0,0,0,1
2022-12-06,589179428,20190000000000000003,900200000000000039,1,30.857,459.440,14169.333,2022-12-06 05:45:00.000,L2FT01-FTJ020,18.90,0.000,0.666012,16605,0.435592,0.055345,0,0,1,0.9000,大鹏新区,22,22,0,0,0,0,1
2022-12-06,589179428,20190000000000000003,900200000000000039,1,19.890,461.233,9173.333,2022-12-06 06:00:00.000,L2FT01-FTJ020,19.00,0.000,0.666012,16605,0.435592,0.055345,0,0,1,0.9000,大鹏新区,22,22,0,0,0,0,1
2022-12-06,589179428,20190000000000000003,900200000000000053,1,17.190,301.100,5170.000,2022-12-06 06:15:00.000,L2FT01-FTJ020,19.00,0.000,0.666012,16605,0.435592,0.055345,0,0,1,0.9000,大鹏新区,22,22,0,0,0,0,1
2022-12-06,589179428,20190000000000000003,900200000000000053,1,129.905,312.187,40552.000,2022-12-06 06:30:00.000,L2FT01-FTJ020,19.00,0.000,0.666012,16605,0.435592,0.055345,0,0,1,0.9000,大鹏新区,22,22,0,0,0,0,1
2022-12-06,589179428,20190000000000000003,900200000000000031,1,63.018,445.788,29527.500,2022-12-06 06:45:00.000,L2FT01-FTJ020,19.00,0.000,0.666012,16605,0.435592,0.055345,0,0,1,0.9000,大鹏新区,22,22,0,0,0,0,1
2022-12-06,589179428,20190000000000000003,900200000000000032,1,101.907,354.975,36187.500,2022-12-06 06:45:00.000,L2FT01-FTJ020,19.00,0.000,0.666012,16605,0.435592,0.055345,0,0,1,0.9000,大鹏新区,22,22,0,0,0,0,1
2022-12-06,589179428,20190000000000000003,900200000000000053,1,130.013,312.767,40660.667,2022-12-06 06:45:00.000,L2FT01-FTJ020,19.00,0.000,0.666012,16605,0.435592,0.055345,0,0,1,0.9000,大鹏新区,22,22,0,0,0,0,1
2022-12-06,589179428,20190000000000000003,900200000000000031,1,68.541,470.847,32278.667,2022-12-06 07:00:00.000,L2FT01-FTJ020,18.90,0.000,0.666012,16605,0.435592,0.055345,0,0,1,0.9000,大鹏新区,22,22,0,0,0,0,1
2022-12-06,589179428,20190000000000000003,900200000000000032,1,117.217,367.987,43104.000,2022-12-06 07:00:00.000,L2FT01-FTJ020,18.90,0.000,0.666012,16605,0.435592,0.055345,0,0,1,0.9000,大鹏新区,22,22,0,0,0,0,1
2022-12-06,589179428,20190000000000000003,900200000000000053,1,130.000,314.193,40840.667,2022-12-06 07:00:00.000,L2FT01-FTJ020,18.90,0.000,0.666012,16605,0.435592,0.055345,0,0,1,0.9000,大鹏新区,22,22,0,0,0,0,1
2022-12-06,589179428,20190000000000000003,900200000000000031,1,21.890,470.217,10290.000,2022-12-06 07:15:00.000,L2FT01-FTJ020,18.90,0.000,0.666012,16605,0.435592,0.055345,0,0,1,0.9000,大鹏新区,22,22,0,0,0,0,1
2022-12-06,589179428,20190000000000000003,900200000000000032,1,84.697,382.193,32283.333,2022-12-06 07:15:00.000,L2FT01-FTJ020,18.90,0.000,0.666012,16605,0.435592,0.055345,0,0,1,0.9000,大鹏新区,22,22,0,0,0,0,1
2022-12-06,589179428,20190000000000000003,900200000000000053,1,130.000,315.620,41026.667,2022-12-06 07:15:00.000,L2FT01-FTJ020,18.90,0.000,0.666012,16605,0.435592,0.055345,0,0,1,0.9000,大鹏新区,22,22,0,0,0,0,1
2022-12-06,589179428,20190000000000000003,900200000000000053,1,86.594,322.300,27780.000,2022-12-06 07:30:00.000,L2FT01-FTJ020,18.90,0.000,0.666012,16605,0.435592,0.055345,0,0,1,0.9000,大鹏新区,22,22,0,0,0,0,1
2022-12-06,589179428,20190000000000000003,900200000000000032,1,45.459,391.423,17788.462,2022-12-06 07:30:00.000,L2FT01-FTJ020,18.90,0.000,0.666012,16605,0.435592,0.055345,0,0,1,0.9000,大鹏新区,22,22,0,0,0,0,1
2022-12-06,589179428,20190000000000000003,900200000000000037,1,58.815,369.425,21835.000,2022-12-06 09:15:00.000,L2FT01-FTJ020,18.12,0.000,0.666012,16605,0.435592,0.055345,0,0,1,0.9000,大鹏新区,22,22,0,0,0,0,1
2022-12-06,589179428,20190000000000000003,900200000000000037,1,76.091,379.787,28896.000,2022-12-06 09:30:00.000,L2FT01-FTJ020,18.12,0.000,0.666012,16605,0.435592,0.055345,0,0,1,0.9000,大鹏新区,22,22,0,0,0,0,1
2022-12-06,589179428,20190000000000000003,900200000000000040,1,149.854,435.038,65191.250,2022-12-06 09:30:00.000,L2FT01-FTJ020,18.12,0.000,0.666012,16605,0.435592,0.055345,0,0,1,0.9000,大鹏新区,22,22,0,0,0,0,1
2022-12-06,589179428,20190000000000000003,900200000000000037,1,34.637,385.780,13362.000,2022-12-06 09:45:00.000,L2FT01-FTJ020,18.12,0.000,0.666012,16605,0.435592,0.055345,0,0,1,0.9000,大鹏新区,22,22,0,0,0,0,1
2022-12-06,589179428,20190000000000000003,900200000000000040,1,116.335,431.240,50197.333,2022-12-06 09:45:00.000,L2FT01-FTJ020,18.12,0.000,0.666012,16605,0.435592,0.055345,0,0,1,0.9000,大鹏新区,22,22,0,0,0,0,1
2022-12-06,589179428,20190000000000000003,900200000000000047,1,199.868,315.250,63002.500,2022-12-06 09:45:00.000,L2FT01-FTJ020,18.12,0.000,0.666012,16605,0.435592,0.055345,0,0,1,0.9000,大鹏新区,22,22,0,0,0,0,1
2022-12-06,589179428,20190000000000000003,900200000000000057,1,96.183,376.590,36190.000,2022-12-06 09:45:00.000,L2FT01-FTJ020,18.12,0.000,0.666012,16605,0.435592,0.055345,0,0,1,0.9000,大鹏新区,22,22,0,0,0,0,1
2022-12-06,589179428,20190000000000000003,900200000000000030,1,45.219,335.571,15185.000,2022-12-06 10:00:00.000,L2FT01-FTJ020,17.50,0.000,0.666012,16605,0.435592,0.055345,0,0,1,0.9000,大鹏新区,22,22,0,0,0,0,1
2022-12-06,589179428,20190000000000000003,900200000000000037,1,26.340,389.143,10248.571,2022-12-06 10:00:00.000,L2FT01-FTJ020,17.50,0.000,0.666012,16605,0.435592,0.055345,0,0,1,0.9000,大鹏新区,22,22,0,0,0,0,1
2022-12-06,589179428,20190000000000000003,900200000000000040,1,77.773,428.113,33320.000,2022-12-06 10:00:00.000,L2FT01-FTJ020,17.50,0.000,0.666012,16605,0.435592,0.055345,0,0,1,0.9000,大鹏新区,22,22,0,0,0,0,1
2022-12-06,589179428,20190000000000000003,900200000000000047,1,199.824,317.213,63380.667,2022-12-06 10:00:00.000,L2FT01-FTJ020,17.50,0.000,0.666012,16605,0.435592,0.055345,0,0,1,0.9000,大鹏新区,22,22,0,0,0,0,1
2022-12-06,589179428,20190000000000000003,900200000000000057,1,68.970,390.813,26929.333,2022-12-06 10:00:00.000,L2FT01-FTJ020,17.50,0.000,0.666012,16605,0.435592,0.055345,0,0,1,0.9000,大鹏新区,22,22,0,0,0,0,1
2022-12-06,589179428,20190000000000000003,900200000000000057,1,41.473,401.687,16642.667,2022-12-06 10:15:00.000,L2FT01-FTJ020,17.50,0.000,0.666012,16605,0.435592,0.055345,0,0,1,0.9000,大鹏新区,22,22,0,0,0,0,1
2022-12-06,589179428,20190000000000000003,900200000000000047,1,199.818,318.960,63728.000,2022-12-06 10:15:00.000,L2FT01-FTJ020,17.50,0.000,0.666012,16605,0.435592,0.055345,0,0,1,0.9000,大鹏新区,22,22,0,0,0,0,1
2022-12-06,589179428,20190000000000000003,900200000000000030,1,31.117,339.120,10549.333,2022-12-06 10:15:00.000,L2FT01-FTJ020,17.50,0.000,0.666012,16605,0.435592,0.055345,0,0,1,0.9000,大鹏新区,22,22,0,0,0,0,1
2022-12-06,589179428,20190000000000000003,900200000000000040,1,56.955,432.637,24615.000,2022-12-06 10:15:00.000,L2FT01-FTJ020,17.50,0.000,0.666012,16605,0.435592,0.055345,0,0,1,0.9000,大鹏新区,22,22,0,0,0,0,1
2022-12-06,589179428,20190000000000000003,900200000000000030,1,18.127,340.433,6169.333,2022-12-06 10:30:00.000,L2FT01-FTJ020,17.50,0.000,0.666012,16605,0.435592,0.055345,0,0,1,0.9000,大鹏新区,22,22,0,0,0,0,1
2022-12-06,589179428,20190000000000000003,900200000000000057,1,20.398,404.547,8250.667,2022-12-06 10:30:00.000,L2FT01-FTJ020,17.50,0.000,0.666012,16605,0.435592,0.055345,0,0,1,0.9000,大鹏新区,22,22,0,0,0,0,1
2022-12-06,589179428,20190000000000000003,900200000000000030,1,8.283,340.413,2818.667,2022-12-06 10:45:00.000,L2FT01-FTJ020,17.50,0.000,0.666012,16605,0.435592,0.055345,0,0,1,0.9000,大鹏新区,22,22,0,0,0,0,1
2022-12-06,589179428,20190000000000000003,900200000000000057,1,20.690,406.800,8415.000,2022-12-06 10:45:00.000,L2FT01-FTJ020,17.50,0.000,0.666012,16605,0.435592,0.055345,0,0,1,0.9000,大鹏新区,22,22,0,0,0,0,1
2022-12-06,589179428,20190000000000000003,900200000000000030,1,7.690,341.260,2622.000,2022-12-06 11:00:00.000,L2FT01-FTJ020,16.78,0.000,0.666012,16605,0.435592,0.055345,0,0,1,0.9000,大鹏新区,22,22,0,0,0,0,1
2022-12-06,589179428,20190000000000000003,900200000000000030,1,7.630,342.340,2612.000,2022-12-06 11:15:00.000,L2FT01-FTJ020,16.78,0.000,0.666012,16605,0.435592,0.055345,0,0,1,0.9000,大鹏新区,22,22,0,0,0,0,1
2022-12-06,589179428,20190000000000000003,900200000000000030,1,7.650,343.060,2624.000,2022-12-06 11:30:00.000,L2FT01-FTJ020,16.78,0.000,0.666012,16605,0.435592,0.055345,0,0,1,0.9000,大鹏新区,22,22,0,0,0,0,1
2022-12-06,589179428,20190000000000000003,900200000000000034,1,40.500,335.400,13580.000,2022-12-06 11:45:00.000,L2FT01-FTJ020,16.78,0.000,0.666012,16605,0.435592,0.055345,0,0,1,0.9000,大鹏新区,22,22,0,0,0,0,1
2022-12-06,589179428,20190000000000000003,900200000000000034,1,109.603,346.873,38092.667,2022-12-06 12:00:00.000,L2FT01-FTJ020,16.00,0.000,0.666012,16605,0.435592,0.055345,0,0,1,0.9000,大鹏新区,22,22,0,0,0,0,1
2022-12-06,589179428,20190000000000000003,900200000000000049,1,150.100,314.700,47230.000,2022-12-06 12:00:00.000,L2FT01-FTJ020,16.00,0.000,0.666012,16605,0.435592,0.055345,0,0,1,0.9000,大鹏新区,22,22,0,0,0,0,1
2022-12-06,589179428,20190000000000000003,900200000000000053,1,107.611,358.683,38671.667,2022-12-06 12:00:00.000,L2FT01-FTJ020,16.00,0.000,0.666012,16605,0.435592,0.055345,0,0,1,0.9000,大鹏新区,22,22,0,0,0,0,1
2022-12-06,589179428,20190000000000000003,900200000000000049,1,150.020,316.280,47445.333,2022-12-06 12:15:00.000,L2FT01-FTJ020,16.00,0.000,0.666012,16605,0.435592,0.055345,0,0,1,0.9000,大鹏新区,22,22,0,0,0,0,1
2022-12-06,589179428,20190000000000000003,900200000000000053,1,47.892,352.775,16892.500,2022-12-06 12:15:00.000,L2FT01-FTJ020,16.00,0.000,0.666012,16605,0.435592,0.055345,0,0,1,0.9000,大鹏新区,22,22,0,0,0,0,1
2022-12-06,589179428,20190000000000000003,900200000000000034,1,132.361,363.627,48112.667,2022-12-06 12:15:00.000,L2FT01-FTJ020,16.00,0.000,0.666012,16605,0.435592,0.055345,0,0,1,0.9000,大鹏新区,22,22,0,0,0,0,1
2022-12-06,589179428,20190000000000000003,900200000000000034,1,96.247,379.187,36462.667,2022-12-06 12:30:00.000,L2FT01-FTJ020,16.00,0.000,0.666012,16605,0.435592,0.055345,0,0,1,0.9000,大鹏新区,22,22,0,0,0,0,1
2022-12-06,589179428,20190000000000000003,900200000000000049,1,119.963,322.517,38521.667,2022-12-06 12:30:00.000,L2FT01-FTJ020,16.00,0.000,0.666012,16605,0.435592,0.055345,0,0,1,0.9000,大鹏新区,22,22,0,0,0,0,1
2022-12-06,589179428,20190000000000000003,900200000000000034,1,36.537,385.220,14070.000,2022-12-06 12:45:00.000,L2FT01-FTJ020,16.00,0.000,0.666012,16605,0.435592,0.055345,0,0,1,0.9000,大鹏新区,22,22,0,0,0,0,1
2022-12-06,589179428,20190000000000000003,900200000000000045,0,0.000,415.600,0.000,2022-12-06 12:45:00.000,L2FT01-FTJ020,16.00,0.000,0.666012,16605,0.435592,0.055345,0,0,1,0.9000,大鹏新区,22,22,0,0,0,0,1
2022-12-06,589179428,20190000000000000003,900200000000000034,1,23.176,386.900,8965.714,2022-12-06 13:00:00.000,L2FT01-FTJ020,15.22,0.000,0.666012,16605,0.435592,0.055345,0,0,1,0.9000,大鹏新区,22,22,0,0,0,0,1
2022-12-06,589179428,20190000000000000003,900200000000000045,1,70.955,388.060,27534.667,2022-12-06 13:00:00.000,L2FT01-FTJ020,15.22,0.000,0.666012,16605,0.435592,0.055345,0,0,1,0.9000,大鹏新区,22,22,0,0,0,0,1
2022-12-06,589179428,20190000000000000003,900200000000000043,1,117.994,362.150,42925.000,2022-12-06 13:15:00.000,L2FT01-FTJ020,15.22,0.000,0.666012,16605,0.435592,0.055345,0,0,1,0.9000,大鹏新区,22,22,0,0,0,0,1
2022-12-06,589179428,20190000000000000003,900200000000000045,1,46.745,398.160,18596.667,2022-12-06 13:15:00.000,L2FT01-FTJ020,15.22,0.000,0.666012,16605,0.435592,0.055345,0,0,1,0.9000,大鹏新区,22,22,0,0,0,0,1
2022-12-06,589179428,20190000000000000003,900200000000000052,1,149.811,456.421,68376.429,2022-12-06 13:15:00.000,L2FT01-FTJ020,15.22,0.000,0.666012,16605,0.435592,0.055345,0,0,1,0.9000,大鹏新区,22,22,0,0,0,0,1
2022-12-06,589179428,20190000000000000003,900200000000000043,1,97.165,376.213,36546.000,2022-12-06 13:30:00.000,L2FT01-FTJ020,15.22,0.000,0.666012,16605,0.435592,0.055345,0,0,1,0.9000,大鹏新区,22,22,0,0,0,0,1
2022-12-06,589179428,20190000000000000003,900200000000000045,1,42.388,404.927,17178.667,2022-12-06 13:30:00.000,L2FT01-FTJ020,15.22,0.000,0.666012,16605,0.435592,0.055345,0,0,1,0.9000,大鹏新区,22,22,0,0,0,0,1
2022-12-06,589179428,20190000000000000003,900200000000000052,1,149.897,460.213,68982.000,2022-12-06 13:30:00.000,L2FT01-FTJ020,15.22,0.000,0.666012,16605,0.435592,0.055345,0,0,1,0.9000,大鹏新区,22,22,0,0,0,0,1
2022-12-06,589179428,20190000000000000003,900200000000000052,1,129.345,461.207,59656.667,2022-12-06 13:45:00.000,L2FT01-FTJ020,15.22,0.000,0.666012,16605,0.435592,0.055345,0,0,1,0.9000,大鹏新区,22,22,0,0,0,0,1
2022-12-06,589179428,20190000000000000003,900200000000000045,1,28.123,410.317,11540.000,2022-12-06 13:45:00.000,L2FT01-FTJ020,15.22,0.000,0.666012,16605,0.435592,0.055345,0,0,1,0.9000,大鹏新区,22,22,0,0,0,0,1
2022-12-06,589179428,20190000000000000003,900200000000000043,1,70.777,394.533,27886.667,2022-12-06 13:45:00.000,L2FT01-FTJ020,15.22,0.000,0.666012,16605,0.435592,0.055345,0,0,1,0.9000,大鹏新区,22,22,0,0,0,0,1
2022-12-06,589179428,20190000000000000003,900200000000000032,1,62.545,329.675,22210.000,2022-12-06 13:45:00.000,L2FT01-FTJ020,15.22,0.000,0.666012,16605,0.435592,0.055345,0,0,1,0.9000,大鹏新区,22,22,0,0,0,0,1
2022-12-06,589179428,20190000000000000003,900200000000000032,1,71.390,356.787,25468.000,2022-12-06 14:00:00.000,L2FT01-FTJ020,14.50,0.000,0.666012,16605,0.435592,0.055345,0,0,1,0.9000,大鹏新区,22,22,0,0,0,0,1
2022-12-06,589179428,20190000000000000003,900200000000000043,1,31.010,402.440,12469.333,2022-12-06 14:00:00.000,L2FT01-FTJ020,14.50,0.000,0.666012,16605,0.435592,0.055345,0,0,1,0.9000,大鹏新区,22,22,0,0,0,0,1
2022-12-06,589179428,20190000000000000003,900200000000000032,1,63.937,357.440,22854.000,2022-12-06 14:15:00.000,L2FT01-FTJ020,14.50,0.000,0.666012,16605,0.435592,0.055345,0,0,1,0.9000,大鹏新区,22,22,0,0,0,0,1
2022-12-06,589179428,20190000000000000003,900200000000000043,1,18.790,405.022,7608.889,2022-12-06 14:15:00.000,L2FT01-FTJ020,14.50,0.000,0.666012,16605,0.435592,0.055345,0,0,1,0.9000,大鹏新区,22,22,0,0,0,0,1
2022-12-06,589179428,20190000000000000003,900200000000000032,1,37.993,359.445,13641.818,2022-12-06 14:30:00.000,L2FT01-FTJ020,14.50,0.000,0.666012,16605,0.435592,0.055345,0,0,1,0.9000,大鹏新区,22,22,0,0,0,0,1
2022-12-06,589179428,20190000000000000003,900200000000000040,1,80.116,369.970,30048.000,2022-12-06 14:45:00.000,L2FT01-FTJ020,14.50,0.000,0.666012,16605,0.435592,0.055345,0,0,1,0.9000,大鹏新区,22,22,0,0,0,0,1
2022-12-06,589179428,20190000000000000003,900200000000000056,1,73.578,361.793,26652.857,2022-12-06 14:45:00.000,L2FT01-FTJ020,14.50,0.000,0.666012,16605,0.435592,0.055345,0,0,1,0.9000,大鹏新区,22,22,0,0,0,0,1
2022-12-06,589179428,20190000000000000003,900200000000000040,1,78.377,388.187,30415.333,2022-12-06 15:00:00.000,L2FT01-FTJ020,13.88,0.000,0.666012,16605,0.435592,0.055345,0,0,1,0.9000,大鹏新区,22,22,0,0,0,0,1
2022-12-06,589179428,20190000000000000003,900200000000000056,1,107.834,380.933,41047.333,2022-12-06 15:00:00.000,L2FT01-FTJ020,13.88,0.000,0.666012,16605,0.435592,0.055345,0,0,1,0.9000,大鹏新区,22,22,0,0,0,0,1
2022-12-06,589179428,20190000000000000003,900200000000000040,1,70.170,401.953,28187.333,2022-12-06 15:15:00.000,L2FT01-FTJ020,13.88,0.000,0.666012,16605,0.435592,0.055345,0,0,1,0.9000,大鹏新区,22,22,0,0,0,0,1
2022-12-06,589179428,20190000000000000003,900200000000000056,1,49.303,389.553,19205.333,2022-12-06 15:15:00.000,L2FT01-FTJ020,13.88,0.000,0.666012,16605,0.435592,0.055345,0,0,1,0.9000,大鹏新区,22,22,0,0,0,0,1
2022-12-06,589179428,20190000000000000003,900200000000000056,1,49.290,399.487,19689.333,2022-12-06 15:30:00.000,L2FT01-FTJ020,13.88,0.000,0.666012,16605,0.435592,0.055345,0,0,1,0.9000,大鹏新区,22,22,0,0,0,0,1
2022-12-06,589179428,20190000000000000003,900200000000000040,1,32.148,408.673,13132.000,2022-12-06 15:30:00.000,L2FT01-FTJ020,13.88,0.000,0.666012,16605,0.435592,0.055345,0,0,1,0.9000,大鹏新区,22,22,0,0,0,0,1
2022-12-06,589179428,20190000000000000003,900200000000000040,1,15.000,409.875,6145.000,2022-12-06 15:45:00.000,L2FT01-FTJ020,13.88,0.000,0.666012,16605,0.435592,0.055345,0,0,1,0.9000,大鹏新区,22,22,0,0,0,0,1
2022-12-06,589179428,20190000000000000003,900200000000000056,1,49.290,405.567,19990.000,2022-12-06 15:45:00.000,L2FT01-FTJ020,13.88,0.000,0.666012,16605,0.435592,0.055345,0,0,1,0.9000,大鹏新区,22,22,0,0,0,0,1
2022-12-06,589179428,20190000000000000003,900200000000000043,1,57.720,464.827,27162.667,2022-12-06 16:15:00.000,L2FT01-FTJ020,13.40,0.000,0.666012,16605,0.435592,0.055345,0,0,1,0.9000,大鹏新区,22,22,0,0,0,0,1
2022-12-06,589179428,20190000000000000003,900200000000000044,1,129.912,310.080,40278.000,2022-12-06 16:15:00.000,L2FT01-FTJ020,13.40,0.000,0.666012,16605,0.435592,0.055345,0,0,1,0.9000,大鹏新区,22,22,0,0,0,0,1
2022-12-06,589179428,20190000000000000003,900200000000000043,1,63.390,473.790,30033.000,2022-12-06 16:30:00.000,L2FT01-FTJ020,13.40,0.000,0.666012,16605,0.435592,0.055345,0,0,1,0.9000,大鹏新区,22,22,0,0,0,0,1
2022-12-06,589179428,20190000000000000003,900200000000000044,1,129.878,311.920,40506.000,2022-12-06 16:30:00.000,L2FT01-FTJ020,13.40,0.000,0.666012,16605,0.435592,0.055345,0,0,1,0.9000,大鹏新区,22,22,0,0,0,0,1
2022-12-06,589179428,20190000000000000003,900200000000000044,1,129.913,312.733,40626.667,2022-12-06 16:45:00.000,L2FT01-FTJ020,13.40,0.000,0.666012,16605,0.435592,0.055345,0,0,1,0.9000,大鹏新区,22,22,0,0,0,0,1
2022-12-06,589179428,20190000000000000003,900200000000000044,1,129.978,314.167,40830.667,2022-12-06 17:00:00.000,L2FT01-FTJ020,13.10,0.000,0.666012,16605,0.435592,0.055345,0,0,1,0.9000,大鹏新区,22,22,0,0,0,0,1
2022-12-06,589179428,20190000000000000003,900200000000000044,1,129.990,315.773,41044.667,2022-12-06 17:15:00.000,L2FT01-FTJ020,13.10,0.000,0.666012,16605,0.435592,0.055345,0,0,1,0.9000,大鹏新区,22,22,0,0,0,0,1
2022-12-06,589179428,20190000000000000003,900200000000000044,1,130.045,318.550,41425.000,2022-12-06 17:30:00.000,L2FT01-FTJ020,13.10,0.000,0.666012,16605,0.435592,0.055345,0,0,1,0.9000,大鹏新区,22,22,0,0,0,0,1
2022-12-06,589179428,20190000000000000003,900200000000000053,1,129.890,313.200,40680.000,2022-12-06 17:45:00.000,L2FT01-FTJ020,13.10,0.000,0.666012,16605,0.435592,0.055345,0,0,1,0.9000,大鹏新区,22,22,0,0,0,0,1
2022-12-06,589179428,20190000000000000003,900200000000000053,1,129.937,315.487,40989.333,2022-12-06 18:00:00.000,L2FT01-FTJ020,13.00,0.000,0.666012,16605,0.435592,0.055345,0,0,1,0.9000,大鹏新区,22,22,0,0,0,0,1
2022-12-06,589179428,20190000000000000003,900200000000000035,1,199.854,314.670,62882.000,2022-12-06 18:30:00.000,L2FT01-FTJ020,13.00,0.000,0.666012,16605,0.435592,0.055345,0,0,1,0.9000,大鹏新区,22,22,0,0,0,0,1
2022-12-06,589179428,20190000000000000003,900200000000000039,1,88.475,400.627,35466.364,2022-12-06 18:45:00.000,L2FT01-FTJ020,13.00,0.000,0.666012,16605,0.435592,0.055345,0,0,1,0.9000,大鹏新区,22,22,0,0,0,0,1
2022-12-06,589179428,20190000000000000003,900200000000000035,1,199.833,316.609,63262.727,2022-12-06 18:45:00.000,L2FT01-FTJ020,13.00,0.000,0.666012,16605,0.435592,0.055345,0,0,1,0.9000,大鹏新区,22,22,0,0,0,0,1
2022-12-06,589179428,20190000000000000003,900200000000000039,1,97.221,423.747,41193.333,2022-12-06 19:00:00.000,L2FT01-FTJ020,13.10,0.000,0.666012,16605,0.435592,0.055345,0,0,1,0.9000,大鹏新区,22,22,0,0,0,0,1
2022-12-06,589179428,20190000000000000003,900200000000000035,1,99.900,307.300,31435.000,2022-12-06 19:15:00.000,L2FT01-FTJ020,13.10,0.000,0.666012,16605,0.435592,0.055345,0,0,1,0.9000,大鹏新区,22,22,0,0,0,0,1
2022-12-06,589179428,20190000000000000003,900200000000000039,1,57.084,438.840,24982.000,2022-12-06 19:15:00.000,L2FT01-FTJ020,13.10,0.000,0.666012,16605,0.435592,0.055345,0,0,1,0.9000,大鹏新区,22,22,0,0,0,0,1
2022-12-06,589179428,20190000000000000003,900200000000000035,1,199.878,316.700,63296.000,2022-12-06 19:30:00.000,L2FT01-FTJ020,13.10,0.000,0.666012,16605,0.435592,0.055345,0,0,1,0.9000,大鹏新区,22,22,0,0,0,0,1
2022-12-06,589179428,20190000000000000003,900200000000000039,1,22.912,443.308,10154.167,2022-12-06 19:30:00.000,L2FT01-FTJ020,13.10,0.000,0.666012,16605,0.435592,0.055345,0,0,1,0.9000,大鹏新区,22,22,0,0,0,0,1
2022-12-06,589179428,20190000000000000003,900200000000000052,1,122.254,388.390,47479.000,2022-12-06 19:30:00.000,L2FT01-FTJ020,13.10,0.000,0.666012,16605,0.435592,0.055345,0,0,1,0.9000,大鹏新区,22,22,0,0,0,0,1
2022-12-06,589179428,20190000000000000003,900200000000000031,1,51.761,315.686,16338.571,2022-12-06 19:45:00.000,L2FT01-FTJ020,13.10,0.000,0.666012,16605,0.435592,0.055345,0,0,1,0.9000,大鹏新区,22,22,0,0,0,0,1
2022-12-06,589179428,20190000000000000003,900200000000000035,1,199.989,317.487,63490.667,2022-12-06 19:45:00.000,L2FT01-FTJ020,13.10,0.000,0.666012,16605,0.435592,0.055345,0,0,1,0.9000,大鹏新区,22,22,0,0,0,0,1
2022-12-06,589179428,20190000000000000003,900200000000000042,1,158.795,380.850,60511.250,2022-12-06 19:45:00.000,L2FT01-FTJ020,13.10,0.000,0.666012,16605,0.435592,0.055345,0,0,1,0.9000,大鹏新区,22,22,0,0,0,0,1
2022-12-06,589179428,20190000000000000003,900200000000000043,1,103.662,469.515,49130.769,2022-12-06 19:45:00.000,L2FT01-FTJ020,13.10,0.000,0.666012,16605,0.435592,0.055345,0,0,1,0.9000,大鹏新区,22,22,0,0,0,0,1
2022-12-06,589179428,20190000000000000003,900200000000000052,1,133.618,390.567,52202.000,2022-12-06 19:45:00.000,L2FT01-FTJ020,13.10,0.000,0.666012,16605,0.435592,0.055345,0,0,1,0.9000,大鹏新区,22,22,0,0,0,0,1
2022-12-06,589179428,20190000000000000003,900200000000000052,1,126.155,392.193,49484.000,2022-12-06 20:00:00.000,L2FT01-FTJ020,13.40,0.000,0.666012,16605,0.435592,0.055345,0,0,1,0.9000,大鹏新区,22,22,0,0,0,0,1
2022-12-06,589179428,20190000000000000003,900200000000000043,1,119.934,474.727,56932.667,2022-12-06 20:00:00.000,L2FT01-FTJ020,13.40,0.000,0.666012,16605,0.435592,0.055345,0,0,1,0.9000,大鹏新区,22,22,0,0,0,0,1
2022-12-06,589179428,20190000000000000003,900200000000000031,1,52.705,323.060,17022.000,2022-12-06 20:00:00.000,L2FT01-FTJ020,13.40,0.000,0.666012,16605,0.435592,0.055345,0,0,1,0.9000,大鹏新区,22,22,0,0,0,0,1
2022-12-06,589179428,20190000000000000003,900200000000000035,1,156.554,321.883,50201.667,2022-12-06 20:00:00.000,L2FT01-FTJ020,13.40,0.000,0.666012,16605,0.435592,0.055345,0,0,1,0.9000,大鹏新区,22,22,0,0,0,0,1
2022-12-06,589179428,20190000000000000003,900200000000000042,1,129.632,386.860,50142.000,2022-12-06 20:00:00.000,L2FT01-FTJ020,13.40,0.000,0.666012,16605,0.435592,0.055345,0,0,1,0.9000,大鹏新区,22,22,0,0,0,0,1
2022-12-06,589179428,20190000000000000003,900200000000000031,1,53.000,334.527,17724.000,2022-12-06 20:15:00.000,L2FT01-FTJ020,13.40,0.000,0.666012,16605,0.435592,0.055345,0,0,1,0.9000,大鹏新区,22,22,0,0,0,0,1
2022-12-06,589179428,20190000000000000003,900200000000000043,1,119.830,474.707,56878.000,2022-12-06 20:15:00.000,L2FT01-FTJ020,13.40,0.000,0.666012,16605,0.435592,0.055345,0,0,1,0.9000,大鹏新区,22,22,0,0,0,0,1
2022-12-06,589179428,20190000000000000003,900200000000000052,1,68.830,389.800,26864.667,2022-12-06 20:15:00.000,L2FT01-FTJ020,13.40,0.000,0.666012,16605,0.435592,0.055345,0,0,1,0.9000,大鹏新区,22,22,0,0,0,0,1
2022-12-06,589179428,20190000000000000003,900200000000000052,1,36.891,394.073,14528.667,2022-12-06 20:30:00.000,L2FT01-FTJ020,13.40,0.000,0.666012,16605,0.435592,0.055345,0,0,1,0.9000,大鹏新区,22,22,0,0,0,0,1
2022-12-06,589179428,20190000000000000003,900200000000000031,1,52.979,346.080,18330.667,2022-12-06 20:30:00.000,L2FT01-FTJ020,13.40,0.000,0.666012,16605,0.435592,0.055345,0,0,1,0.9000,大鹏新区,22,22,0,0,0,0,1
2022-12-06,589179428,20190000000000000003,900200000000000035,1,114.979,365.471,42441.429,2022-12-06 20:30:00.000,L2FT01-FTJ020,13.40,0.000,0.666012,16605,0.435592,0.055345,0,0,1,0.9000,大鹏新区,22,22,0,0,0,0,1
2022-12-06,589179428,20190000000000000003,900200000000000043,1,119.836,474.653,56875.333,2022-12-06 20:30:00.000,L2FT01-FTJ020,13.40,0.000,0.666012,16605,0.435592,0.055345,0,0,1,0.9000,大鹏新区,22,22,0,0,0,0,1
2022-12-06,589179428,20190000000000000003,900200000000000043,1,119.800,474.678,56860.000,2022-12-06 20:45:00.000,L2FT01-FTJ020,13.40,0.000,0.666012,16605,0.435592,0.055345,0,0,1,0.9000,大鹏新区,22,22,0,0,0,0,1
2022-12-06,589179428,20190000000000000003,900200000000000052,1,13.590,397.800,5405.000,2022-12-06 20:45:00.000,L2FT01-FTJ020,13.40,0.000,0.666012,16605,0.435592,0.055345,0,0,1,0.9000,大鹏新区,22,22,0,0,0,0,1
2022-12-06,589179428,20190000000000000003,900200000000000031,1,44.673,357.320,15947.333,2022-12-06 20:45:00.000,L2FT01-FTJ020,13.40,0.000,0.666012,16605,0.435592,0.055345,0,0,1,0.9000,大鹏新区,22,22,0,0,0,0,1
2022-12-06,589179428,20190000000000000003,900200000000000035,1,215.425,373.047,80385.333,2022-12-06 20:45:00.000,L2FT01-FTJ020,13.40,0.000,0.666012,16605,0.435592,0.055345,0,0,1,0.9000,大鹏新区,22,22,0,0,0,0,1
2022-12-06,589179428,20190000000000000003,900200000000000031,1,13.737,359.687,4938.667,2022-12-06 21:00:00.000,L2FT01-FTJ020,13.88,0.000,0.666012,16605,0.435592,0.055345,0,0,1,0.9000,大鹏新区,22,22,0,0,0,0,1
2022-12-06,589179428,20190000000000000003,900200000000000035,1,199.204,373.700,74454.667,2022-12-06 21:00:00.000,L2FT01-FTJ020,13.88,0.000,0.666012,16605,0.435592,0.055345,0,0,1,0.9000,大鹏新区,22,22,0,0,0,0,1
2022-12-06,589179428,20190000000000000003,900200000000000031,1,9.790,360.600,3530.000,2022-12-06 21:15:00.000,L2FT01-FTJ020,13.88,0.000,0.666012,16605,0.435592,0.055345,0,0,1,0.9000,大鹏新区,22,22,0,0,0,0,1
2022-12-06,589179428,20190000000000000003,900200000000000035,1,108.402,371.267,40254.167,2022-12-06 21:15:00.000,L2FT01-FTJ020,13.88,0.000,0.666012,16605,0.435592,0.055345,0,0,1,0.9000,大鹏新区,22,22,0,0,0,0,1
2022-12-06,589179428,20190000000000000003,900200000000000043,1,89.457,326.667,29218.889,2022-12-06 21:15:00.000,L2FT01-FTJ020,13.88,0.000,0.666012,16605,0.435592,0.055345,0,0,1,0.9000,大鹏新区,22,22,0,0,0,0,1
2022-12-06,589179428,20190000000000000003,900200000000000035,1,27.730,367.021,10236.429,2022-12-06 21:30:00.000,L2FT01-FTJ020,13.88,0.000,0.666012,16605,0.435592,0.055345,0,0,1,0.9000,大鹏新区,22,22,0,0,0,0,1
2022-12-06,589179428,20190000000000000003,900200000000000043,1,90.277,327.500,29562.667,2022-12-06 21:30:00.000,L2FT01-FTJ020,13.88,0.000,0.666012,16605,0.435592,0.055345,0,0,1,0.9000,大鹏新区,22,22,0,0,0,0,1
2022-12-06,589179428,20190000000000000003,900200000000000043,1,90.137,329.087,29660.667,2022-12-06 21:45:00.000,L2FT01-FTJ020,13.88,0.000,0.666012,16605,0.435592,0.055345,0,0,1,0.9000,大鹏新区,22,22,0,0,0,0,1
2022-12-06,589179428,20190000000000000003,900200000000000043,1,69.511,329.067,22876.000,2022-12-06 22:00:00.000,L2FT01-FTJ020,14.50,0.000,0.666012,16605,0.435592,0.055345,0,0,1,0.9000,大鹏新区,22,22,0,0,0,0,1
2022-12-06,589179428,20190000000000000003,900200000000000043,1,34.976,329.150,11503.571,2022-12-06 22:15:00.000,L2FT01-FTJ020,14.50,0.000,0.666012,16605,0.435592,0.055345,0,0,1,0.9000,大鹏新区,22,22,0,0,0,0,1
2022-12-07,589179428,20190000000000000003,900200000000000032,1,112.140,368.956,41386.667,2022-12-07 00:00:00.000,L2FT01-FTJ020,16.00,0.000,0.666012,16605,0.435592,0.055345,0,0,1,0.9000,大鹏新区,22,22,0,0,0,0,1
2022-12-07,589179428,20190000000000000003,900200000000000030,1,23.667,297.467,7113.333,2022-12-07 00:00:00.000,L2FT01-FTJ020,16.00,0.000,0.666012,16605,0.435592,0.055345,0,0,1,0.9000,大鹏新区,22,22,0,0,0,0,1
2022-12-07,589179428,20190000000000000003,900200000000000032,1,108.824,385.320,41891.333,2022-12-07 00:15:00.000,L2FT01-FTJ020,16.00,0.000,0.666012,16605,0.435592,0.055345,0,0,1,0.9000,大鹏新区,22,22,0,0,0,0,1
2022-12-07,589179428,20190000000000000003,900200000000000049,1,150.016,309.875,46483.750,2022-12-07 00:15:00.000,L2FT01-FTJ020,16.00,0.000,0.666012,16605,0.435592,0.055345,0,0,1,0.9000,大鹏新区,22,22,0,0,0,0,1
2022-12-07,589179428,20190000000000000003,900200000000000032,1,68.477,396.473,27149.333,2022-12-07 00:30:00.000,L2FT01-FTJ020,16.00,0.000,0.666012,16605,0.435592,0.055345,0,0,1,0.9000,大鹏新区,22,22,0,0,0,0,1
2022-12-07,589179428,20190000000000000003,900200000000000049,1,150.046,311.427,46724.667,2022-12-07 00:30:00.000,L2FT01-FTJ020,16.00,0.000,0.666012,16605,0.435592,0.055345,0,0,1,0.9000,大鹏新区,22,22,0,0,0,0,1
2022-12-07,589179428,20190000000000000003,900200000000000032,1,28.493,403.627,11520.000,2022-12-07 00:45:00.000,L2FT01-FTJ020,16.00,0.000,0.666012,16605,0.435592,0.055345,0,0,1,0.9000,大鹏新区,22,22,0,0,0,0,1
2022-12-07,589179428,20190000000000000003,900200000000000049,1,150.073,312.713,46926.667,2022-12-07 00:45:00.000,L2FT01-FTJ020,16.00,0.000,0.666012,16605,0.435592,0.055345,0,0,1,0.9000,大鹏新区,22,22,0,0,0,0,1
2022-12-07,589179428,20190000000000000003,900200000000000032,1,14.000,404.873,5664.000,2022-12-07 01:00:00.000,L2FT01-FTJ020,16.78,0.000,0.666012,16605,0.435592,0.055345,0,0,1,0.9000,大鹏新区,22,22,0,0,0,0,1
2022-12-07,589179428,20190000000000000003,900200000000000034,1,130.020,310.386,40354.286,2022-12-07 01:00:00.000,L2FT01-FTJ020,16.78,0.000,0.666012,16605,0.435592,0.055345,0,0,1,0.9000,大鹏新区,22,22,0,0,0,0,1
2022-12-07,589179428,20190000000000000003,900200000000000049,1,149.985,314.120,47110.000,2022-12-07 01:00:00.000,L2FT01-FTJ020,16.78,0.000,0.666012,16605,0.435592,0.055345,0,0,1,0.9000,大鹏新区,22,22,0,0,0,0,1
2022-12-07,589179428,20190000000000000003,900200000000000057,1,8.795,333.900,2940.000,2022-12-07 01:15:00.000,L2FT01-FTJ020,16.78,0.000,0.666012,16605,0.435592,0.055345,0,0,1,0.9000,大鹏新区,22,22,0,0,0,0,1
2022-12-07,589179428,20190000000000000003,900200000000000032,1,14.000,406.300,5680.000,2022-12-07 01:15:00.000,L2FT01-FTJ020,16.78,0.000,0.666012,16605,0.435592,0.055345,0,0,1,0.9000,大鹏新区,22,22,0,0,0,0,1
2022-12-07,589179428,20190000000000000003,900200000000000034,1,129.836,311.527,40444.667,2022-12-07 01:15:00.000,L2FT01-FTJ020,16.78,0.000,0.666012,16605,0.435592,0.055345,0,0,1,0.9000,大鹏新区,22,22,0,0,0,0,1
2022-12-07,589179428,20190000000000000003,900200000000000049,1,149.905,315.293,47260.000,2022-12-07 01:15:00.000,L2FT01-FTJ020,16.78,0.000,0.666012,16605,0.435592,0.055345,0,0,1,0.9000,大鹏新区,22,22,0,0,0,0,1
2022-12-07,589179428,20190000000000000003,900200000000000049,1,117.892,319.573,37549.333,2022-12-07 01:30:00.000,L2FT01-FTJ020,16.78,0.000,0.666012,16605,0.435592,0.055345,0,0,1,0.9000,大鹏新区,22,22,0,0,0,0,1
2022-12-07,589179428,20190000000000000003,900200000000000057,1,122.946,347.047,42754.667,2022-12-07 01:30:00.000,L2FT01-FTJ020,16.78,0.000,0.666012,16605,0.435592,0.055345,0,0,1,0.9000,大鹏新区,22,22,0,0,0,0,1
2022-12-07,589179428,20190000000000000003,900200000000000034,1,127.003,312.353,39670.667,2022-12-07 01:30:00.000,L2FT01-FTJ020,16.78,0.000,0.666012,16605,0.435592,0.055345,0,0,1,0.9000,大鹏新区,22,22,0,0,0,0,1
2022-12-07,589179428,20190000000000000003,900200000000000057,1,127.441,362.907,46226.667,2022-12-07 01:45:00.000,L2FT01-FTJ020,16.78,0.000,0.666012,16605,0.435592,0.055345,0,0,1,0.9000,大鹏新区,22,22,0,0,0,0,1
2022-12-07,589179428,20190000000000000003,900200000000000034,1,129.872,313.693,40736.000,2022-12-07 01:45:00.000,L2FT01-FTJ020,16.78,0.000,0.666012,16605,0.435592,0.055345,0,0,1,0.9000,大鹏新区,22,22,0,0,0,0,1
2022-12-07,589179428,20190000000000000003,900200000000000049,1,29.890,333.700,9970.000,2022-12-07 01:45:00.000,L2FT01-FTJ020,16.78,0.000,0.666012,16605,0.435592,0.055345,0,0,1,0.9000,大鹏新区,22,22,0,0,0,0,1
2022-12-07,589179428,20190000000000000003,900200000000000034,1,129.884,314.927,40901.333,2022-12-07 02:00:00.000,L2FT01-FTJ020,17.50,0.000,0.666012,16605,0.435592,0.055345,0,0,1,0.9000,大鹏新区,22,22,0,0,0,0,1
2022-12-07,589179428,20190000000000000003,900200000000000057,1,89.912,378.580,34002.667,2022-12-07 02:00:00.000,L2FT01-FTJ020,17.50,0.000,0.666012,16605,0.435592,0.055345,0,0,1,0.9000,大鹏新区,22,22,0,0,0,0,1
2022-12-07,589179428,20190000000000000003,900200000000000034,1,103.861,320.920,33172.000,2022-12-07 02:15:00.000,L2FT01-FTJ020,17.50,0.000,0.666012,16605,0.435592,0.055345,0,0,1,0.9000,大鹏新区,22,22,0,0,0,0,1
2022-12-07,589179428,20190000000000000003,900200000000000057,1,33.345,385.220,12841.333,2022-12-07 02:15:00.000,L2FT01-FTJ020,17.50,0.000,0.666012,16605,0.435592,0.055345,0,0,1,0.9000,大鹏新区,22,22,0,0,0,0,1
2022-12-07,589179428,20190000000000000003,900200000000000057,1,24.500,386.767,9470.000,2022-12-07 02:30:00.000,L2FT01-FTJ020,17.50,0.000,0.666012,16605,0.435592,0.055345,0,0,1,0.9000,大鹏新区,22,22,0,0,0,0,1
2022-12-07,589179428,20190000000000000003,900200000000000057,1,114.705,358.993,41388.667,2022-12-07 02:45:00.000,L2FT01-FTJ020,17.50,0.000,0.666012,16605,0.435592,0.055345,0,0,1,0.9000,大鹏新区,22,22,0,0,0,0,1
2022-12-07,589179428,20190000000000000003,900200000000000042,1,126.713,313.617,39745.000,2022-12-07 03:00:00.000,L2FT01-FTJ020,18.12,0.000,0.666012,16605,0.435592,0.055345,0,0,1,0.9000,大鹏新区,22,22,0,0,0,0,1
2022-12-07,589179428,20190000000000000003,900200000000000057,1,98.850,376.760,37200.667,2022-12-07 03:00:00.000,L2FT01-FTJ020,18.12,0.000,0.666012,16605,0.435592,0.055345,0,0,1,0.9000,大鹏新区,22,22,0,0,0,0,1
2022-12-07,589179428,20190000000000000003,900200000000000042,1,129.860,315.207,40930.000,2022-12-07 03:15:00.000,L2FT01-FTJ020,18.12,0.000,0.666012,16605,0.435592,0.055345,0,0,1,0.9000,大鹏新区,22,22,0,0,0,0,1
2022-12-07,589179428,20190000000000000003,900200000000000057,1,46.977,385.260,18089.333,2022-12-07 03:15:00.000,L2FT01-FTJ020,18.12,0.000,0.666012,16605,0.435592,0.055345,0,0,1,0.9000,大鹏新区,22,22,0,0,0,0,1
2022-12-07,589179428,20190000000000000003,900200000000000042,1,94.781,321.740,30311.000,2022-12-07 03:30:00.000,L2FT01-FTJ020,18.12,0.000,0.666012,16605,0.435592,0.055345,0,0,1,0.9000,大鹏新区,22,22,0,0,0,0,1
2022-12-07,589179428,20190000000000000003,900200000000000057,1,26.397,388.133,10244.667,2022-12-07 03:30:00.000,L2FT01-FTJ020,18.12,0.000,0.666012,16605,0.435592,0.055345,0,0,1,0.9000,大鹏新区,22,22,0,0,0,0,1
2022-12-07,589179428,20190000000000000003,900200000000000035,1,76.168,456.522,35398.889,2022-12-07 03:30:00.000,L2FT01-FTJ020,18.12,0.000,0.666012,16605,0.435592,0.055345,0,0,1,0.9000,大鹏新区,22,22,0,0,0,0,1
2022-12-07,589179428,20190000000000000003,900200000000000035,1,92.890,467.567,43436.667,2022-12-07 03:45:00.000,L2FT01-FTJ020,18.12,0.000,0.666012,16605,0.435592,0.055345,0,0,1,0.9000,大鹏新区,22,22,0,0,0,0,1
2022-12-07,589179428,20190000000000000003,900200000000000057,1,26.290,390.500,10266.667,2022-12-07 03:45:00.000,L2FT01-FTJ020,18.12,0.000,0.666012,16605,0.435592,0.055345,0,0,1,0.9000,大鹏新区,22,22,0,0,0,0,1
2022-12-07,589179428,20190000000000000003,900200000000000035,1,92.911,467.487,43436.667,2022-12-07 04:00:00.000,L2FT01-FTJ020,18.60,0.000,0.666012,16605,0.435592,0.055345,0,0,1,0.9000,大鹏新区,22,22,0,0,0,0,1
2022-12-07,589179428,20190000000000000003,900200000000000035,1,74.258,467.192,34696.667,2022-12-07 04:15:00.000,L2FT01-FTJ020,18.60,0.000,0.666012,16605,0.435592,0.055345,0,0,1,0.9000,大鹏新区,22,22,0,0,0,0,1
2022-12-07,589179428,20190000000000000003,900200000000000044,1,107.921,445.775,48118.333,2022-12-07 05:45:00.000,L2FT01-FTJ020,18.90,0.000,0.666012,16605,0.435592,0.055345,0,0,1,0.9000,大鹏新区,22,22,0,0,0,0,1
2022-12-07,589179428,20190000000000000003,900200000000000044,1,69.262,456.570,31608.000,2022-12-07 06:00:00.000,L2FT01-FTJ020,19.00,0.000,0.666012,16605,0.435592,0.055345,0,0,1,0.9000,大鹏新区,22,22,0,0,0,0,1
2022-12-07,589179428,20190000000000000003,900200000000000047,1,57.595,361.417,21035.000,2022-12-07 09:15:00.000,L2FT01-FTJ020,18.12,0.000,0.666012,16605,0.435592,0.055345,0,0,1,0.9000,大鹏新区,22,22,0,0,0,0,1
2022-12-07,589179428,20190000000000000003,900200000000000037,1,99.921,366.488,36630.000,2022-12-07 09:30:00.000,L2FT01-FTJ020,18.12,0.000,0.666012,16605,0.435592,0.055345,0,0,1,0.9000,大鹏新区,22,22,0,0,0,0,1
2022-12-07,589179428,20190000000000000003,900200000000000047,1,95.613,377.240,36033.333,2022-12-07 09:30:00.000,L2FT01-FTJ020,18.12,0.000,0.666012,16605,0.435592,0.055345,0,0,1,0.9000,大鹏新区,22,22,0,0,0,0,1
2022-12-07,589179428,20190000000000000003,900200000000000047,1,46.991,385.580,18115.333,2022-12-07 09:45:00.000,L2FT01-FTJ020,18.12,0.000,0.666012,16605,0.435592,0.055345,0,0,1,0.9000,大鹏新区,22,22,0,0,0,0,1
2022-12-07,589179428,20190000000000000003,900200000000000037,1,87.803,381.860,33499.333,2022-12-07 09:45:00.000,L2FT01-FTJ020,18.12,0.000,0.666012,16605,0.435592,0.055345,0,0,1,0.9000,大鹏新区,22,22,0,0,0,0,1
2022-12-07,589179428,20190000000000000003,900200000000000039,1,131.395,350.700,46090.000,2022-12-07 09:45:00.000,L2FT01-FTJ020,18.12,0.000,0.666012,16605,0.435592,0.055345,0,0,1,0.9000,大鹏新区,22,22,0,0,0,0,1
2022-12-07,589179428,20190000000000000003,900200000000000047,1,26.250,387.020,10158.000,2022-12-07 10:00:00.000,L2FT01-FTJ020,17.50,0.000,0.666012,16605,0.435592,0.055345,0,0,1,0.9000,大鹏新区,22,22,0,0,0,0,1
2022-12-07,589179428,20190000000000000003,900200000000000039,1,134.215,359.853,48290.000,2022-12-07 10:00:00.000,L2FT01-FTJ020,17.50,0.000,0.666012,16605,0.435592,0.055345,0,0,1,0.9000,大鹏新区,22,22,0,0,0,0,1
2022-12-07,589179428,20190000000000000003,900200000000000037,1,56.091,397.573,22272.667,2022-12-07 10:00:00.000,L2FT01-FTJ020,17.50,0.000,0.666012,16605,0.435592,0.055345,0,0,1,0.9000,大鹏新区,22,22,0,0,0,0,1
2022-12-07,589179428,20190000000000000003,900200000000000037,1,24.190,403.560,9759.333,2022-12-07 10:15:00.000,L2FT01-FTJ020,17.50,0.000,0.666012,16605,0.435592,0.055345,0,0,1,0.9000,大鹏新区,22,22,0,0,0,0,1
2022-12-07,589179428,20190000000000000003,900200000000000039,1,101.980,371.627,37894.545,2022-12-07 10:15:00.000,L2FT01-FTJ020,17.50,0.000,0.666012,16605,0.435592,0.055345,0,0,1,0.9000,大鹏新区,22,22,0,0,0,0,1
2022-12-07,589179428,20190000000000000003,900200000000000037,1,17.833,405.943,7240.000,2022-12-07 10:30:00.000,L2FT01-FTJ020,17.50,0.000,0.666012,16605,0.435592,0.055345,0,0,1,0.9000,大鹏新区,22,22,0,0,0,0,1
2022-12-07,589179428,20190000000000000003,900200000000000047,1,47.891,345.721,16590.000,2022-12-07 11:30:00.000,L2FT01-FTJ020,16.78,0.000,0.666012,16605,0.435592,0.055345,0,0,1,0.9000,大鹏新区,22,22,0,0,0,0,1
2022-12-07,589179428,20190000000000000003,900200000000000047,1,45.617,355.120,16196.667,2022-12-07 11:45:00.000,L2FT01-FTJ020,16.78,0.000,0.666012,16605,0.435592,0.055345,0,0,1,0.9000,大鹏新区,22,22,0,0,0,0,1
2022-12-07,589179428,20190000000000000003,900200000000000047,1,31.190,355.247,11080.000,2022-12-07 12:00:00.000,L2FT01-FTJ020,16.00,0.000,0.666012,16605,0.435592,0.055345,0,0,1,0.9000,大鹏新区,22,22,0,0,0,0,1
2022-12-07,589179428,20190000000000000003,900200000000000042,1,79.821,353.860,28242.000,2022-12-07 12:15:00.000,L2FT01-FTJ020,16.00,0.000,0.666012,16605,0.435592,0.055345,0,0,1,0.9000,大鹏新区,22,22,0,0,0,0,1
2022-12-07,589179428,20190000000000000003,900200000000000047,1,23.397,355.473,8316.000,2022-12-07 12:15:00.000,L2FT01-FTJ020,16.00,0.000,0.666012,16605,0.435592,0.055345,0,0,1,0.9000,大鹏新区,22,22,0,0,0,0,1
2022-12-07,589179428,20190000000000000003,900200000000000030,1,35.804,413.143,14792.857,2022-12-07 12:30:00.000,L2FT01-FTJ020,16.00,0.000,0.666012,16605,0.435592,0.055345,0,0,1,0.9000,大鹏新区,22,22,0,0,0,0,1
2022-12-07,589179428,20190000000000000003,900200000000000039,1,49.357,360.333,17834.444,2022-12-07 12:30:00.000,L2FT01-FTJ020,16.00,0.000,0.666012,16605,0.435592,0.055345,0,0,1,0.9000,大鹏新区,22,22,0,0,0,0,1
2022-12-07,589179428,20190000000000000003,900200000000000042,1,79.817,355.420,28368.667,2022-12-07 12:30:00.000,L2FT01-FTJ020,16.00,0.000,0.666012,16605,0.435592,0.055345,0,0,1,0.9000,大鹏新区,22,22,0,0,0,0,1
2022-12-07,589179428,20190000000000000003,900200000000000047,1,17.790,355.453,6321.333,2022-12-07 12:30:00.000,L2FT01-FTJ020,16.00,0.000,0.666012,16605,0.435592,0.055345,0,0,1,0.9000,大鹏新区,22,22,0,0,0,0,1
2022-12-07,589179428,20190000000000000003,900200000000000053,1,149.993,311.325,46692.500,2022-12-07 12:45:00.000,L2FT01-FTJ020,16.00,0.000,0.666012,16605,0.435592,0.055345,0,0,1,0.9000,大鹏新区,22,22,0,0,0,0,1
2022-12-07,589179428,20190000000000000003,900200000000000049,1,85.962,373.330,32097.000,2022-12-07 12:45:00.000,L2FT01-FTJ020,16.00,0.000,0.666012,16605,0.435592,0.055345,0,0,1,0.9000,大鹏新区,22,22,0,0,0,0,1
2022-12-07,589179428,20190000000000000003,900200000000000047,1,9.790,354.270,3470.000,2022-12-07 12:45:00.000,L2FT01-FTJ020,16.00,0.000,0.666012,16605,0.435592,0.055345,0,0,1,0.9000,大鹏新区,22,22,0,0,0,0,1
2022-12-07,589179428,20190000000000000003,900200000000000030,1,35.790,417.713,14950.000,2022-12-07 12:45:00.000,L2FT01-FTJ020,16.00,0.000,0.666012,16605,0.435592,0.055345,0,0,1,0.9000,大鹏新区,22,22,0,0,0,0,1
2022-12-07,589179428,20190000000000000003,900200000000000040,1,128.420,313.371,40680.000,2022-12-07 12:45:00.000,L2FT01-FTJ020,16.00,0.000,0.666012,16605,0.435592,0.055345,0,0,1,0.9000,大鹏新区,22,22,0,0,0,0,1
2022-12-07,589179428,20190000000000000003,900200000000000039,1,54.850,370.213,20306.667,2022-12-07 12:45:00.000,L2FT01-FTJ020,16.00,0.000,0.666012,16605,0.435592,0.055345,0,0,1,0.9000,大鹏新区,22,22,0,0,0,0,1
2022-12-07,589179428,20190000000000000003,900200000000000042,1,79.430,357.033,28358.667,2022-12-07 12:45:00.000,L2FT01-FTJ020,16.00,0.000,0.666012,16605,0.435592,0.055345,0,0,1,0.9000,大鹏新区,22,22,0,0,0,0,1
2022-12-07,589179428,20190000000000000003,900200000000000053,1,149.810,314.133,47059.333,2022-12-07 13:00:00.000,L2FT01-FTJ020,15.22,0.000,0.666012,16605,0.435592,0.055345,0,0,1,0.9000,大鹏新区,22,22,0,0,0,0,1
2022-12-07,589179428,20190000000000000003,900200000000000030,1,35.498,425.680,15110.000,2022-12-07 13:00:00.000,L2FT01-FTJ020,15.22,0.000,0.666012,16605,0.435592,0.055345,0,0,1,0.9000,大鹏新区,22,22,0,0,0,0,1
2022-12-07,589179428,20190000000000000003,900200000000000039,1,54.817,383.320,21010.667,2022-12-07 13:00:00.000,L2FT01-FTJ020,15.22,0.000,0.666012,16605,0.435592,0.055345,0,0,1,0.9000,大鹏新区,22,22,0,0,0,0,1
2022-12-07,589179428,20190000000000000003,900200000000000040,1,149.790,317.660,47582.000,2022-12-07 13:00:00.000,L2FT01-FTJ020,15.22,0.000,0.666012,16605,0.435592,0.055345,0,0,1,0.9000,大鹏新区,22,22,0,0,0,0,1
2022-12-07,589179428,20190000000000000003,900200000000000042,1,60.434,356.711,21557.778,2022-12-07 13:00:00.000,L2FT01-FTJ020,15.22,0.000,0.666012,16605,0.435592,0.055345,0,0,1,0.9000,大鹏新区,22,22,0,0,0,0,1
2022-12-07,589179428,20190000000000000003,900200000000000049,1,80.685,387.507,31234.667,2022-12-07 13:00:00.000,L2FT01-FTJ020,15.22,0.000,0.666012,16605,0.435592,0.055345,0,0,1,0.9000,大鹏新区,22,22,0,0,0,0,1
2022-12-07,589179428,20190000000000000003,900200000000000049,1,58.190,397.687,23150.000,2022-12-07 13:15:00.000,L2FT01-FTJ020,15.22,0.000,0.666012,16605,0.435592,0.055345,0,0,1,0.9000,大鹏新区,22,22,0,0,0,0,1
2022-12-07,589179428,20190000000000000003,900200000000000053,1,149.877,315.780,47326.000,2022-12-07 13:15:00.000,L2FT01-FTJ020,15.22,0.000,0.666012,16605,0.435592,0.055345,0,0,1,0.9000,大鹏新区,22,22,0,0,0,0,1
2022-12-07,589179428,20190000000000000003,900200000000000030,1,34.879,433.400,15114.000,2022-12-07 13:15:00.000,L2FT01-FTJ020,15.22,0.000,0.666012,16605,0.435592,0.055345,0,0,1,0.9000,大鹏新区,22,22,0,0,0,0,1
2022-12-07,589179428,20190000000000000003,900200000000000039,1,44.017,395.160,17377.333,2022-12-07 13:15:00.000,L2FT01-FTJ020,15.22,0.000,0.666012,16605,0.435592,0.055345,0,0,1,0.9000,大鹏新区,22,22,0,0,0,0,1
2022-12-07,589179428,20190000000000000003,900200000000000030,1,34.319,440.487,15114.667,2022-12-07 13:30:00.000,L2FT01-FTJ020,15.22,0.000,0.666012,16605,0.435592,0.055345,0,0,1,0.9000,大鹏新区,22,22,0,0,0,0,1
2022-12-07,589179428,20190000000000000003,900200000000000039,1,14.154,396.282,5608.182,2022-12-07 13:30:00.000,L2FT01-FTJ020,15.22,0.000,0.666012,16605,0.435592,0.055345,0,0,1,0.9000,大鹏新区,22,22,0,0,0,0,1
2022-12-07,589179428,20190000000000000003,900200000000000049,1,31.417,405.313,12756.000,2022-12-07 13:30:00.000,L2FT01-FTJ020,15.22,0.000,0.666012,16605,0.435592,0.055345,0,0,1,0.9000,大鹏新区,22,22,0,0,0,0,1
2022-12-07,589179428,20190000000000000003,900200000000000030,1,33.773,447.687,15116.667,2022-12-07 13:45:00.000,L2FT01-FTJ020,15.22,0.000,0.666012,16605,0.435592,0.055345,0,0,1,0.9000,大鹏新区,22,22,0,0,0,0,1
2022-12-07,589179428,20190000000000000003,900200000000000049,1,11.889,405.367,4813.333,2022-12-07 13:45:00.000,L2FT01-FTJ020,15.22,0.000,0.666012,16605,0.435592,0.055345,0,0,1,0.9000,大鹏新区,22,22,0,0,0,0,1
2022-12-07,589179428,20190000000000000003,900200000000000030,1,33.349,453.114,15111.429,2022-12-07 14:00:00.000,L2FT01-FTJ020,14.50,0.000,0.666012,16605,0.435592,0.055345,0,0,1,0.9000,大鹏新区,22,22,0,0,0,0,1
2022-12-07,589179428,20190000000000000003,900200000000000031,1,199.800,308.200,61570.000,2022-12-07 15:30:00.000,L2FT01-FTJ020,13.88,0.000,0.666012,16605,0.435592,0.055345,0,0,1,0.9000,大鹏新区,22,22,0,0,0,0,1
2022-12-07,589179428,20190000000000000003,900200000000000031,1,204.445,311.773,63737.333,2022-12-07 15:45:00.000,L2FT01-FTJ020,13.88,0.000,0.666012,16605,0.435592,0.055345,0,0,1,0.9000,大鹏新区,22,22,0,0,0,0,1
2022-12-07,589179428,20190000000000000003,900200000000000040,1,139.825,312.153,43817.333,2022-12-07 15:45:00.000,L2FT01-FTJ020,13.88,0.000,0.666012,16605,0.435592,0.055345,0,0,1,0.9000,大鹏新区,22,22,0,0,0,0,1
2022-12-07,589179428,20190000000000000003,900200000000000031,1,204.800,313.800,64261.333,2022-12-07 16:00:00.000,L2FT01-FTJ020,13.40,0.000,0.666012,16605,0.435592,0.055345,0,0,1,0.9000,大鹏新区,22,22,0,0,0,0,1
2022-12-07,589179428,20190000000000000003,900200000000000040,1,149.837,316.707,47451.333,2022-12-07 16:00:00.000,L2FT01-FTJ020,13.40,0.000,0.666012,16605,0.435592,0.055345,0,0,1,0.9000,大鹏新区,22,22,0,0,0,0,1
2022-12-07,589179428,20190000000000000003,900200000000000043,1,153.840,289.371,48485.714,2022-12-07 16:00:00.000,L2FT01-FTJ020,13.40,0.000,0.666012,16605,0.435592,0.055345,0,0,1,0.9000,大鹏新区,22,22,0,0,0,0,1
2022-12-07,589179428,20190000000000000003,900200000000000043,1,133.908,319.922,42647.778,2022-12-07 16:15:00.000,L2FT01-FTJ020,13.40,0.000,0.666012,16605,0.435592,0.055345,0,0,1,0.9000,大鹏新区,22,22,0,0,0,0,1
2022-12-07,589179428,20190000000000000003,900200000000000040,1,149.890,320.200,47995.000,2022-12-07 16:15:00.000,L2FT01-FTJ020,13.40,0.000,0.666012,16605,0.435592,0.055345,0,0,1,0.9000,大鹏新区,22,22,0,0,0,0,1
2022-12-07,589179428,20190000000000000003,900200000000000032,1,130.095,311.150,40475.000,2022-12-07 16:15:00.000,L2FT01-FTJ020,13.40,0.000,0.666012,16605,0.435592,0.055345,0,0,1,0.9000,大鹏新区,22,22,0,0,0,0,1
2022-12-07,589179428,20190000000000000003,900200000000000031,1,204.800,315.520,64614.000,2022-12-07 16:15:00.000,L2FT01-FTJ020,13.40,0.000,0.666012,16605,0.435592,0.055345,0,0,1,0.9000,大鹏新区,22,22,0,0,0,0,1
2022-12-07,589179428,20190000000000000003,900200000000000031,1,161.911,316.260,51266.000,2022-12-07 16:30:00.000,L2FT01-FTJ020,13.40,0.000,0.666012,16605,0.435592,0.055345,0,0,1,0.9000,大鹏新区,22,22,0,0,0,0,1
2022-12-07,589179428,20190000000000000003,900200000000000032,1,129.800,312.267,40527.333,2022-12-07 16:30:00.000,L2FT01-FTJ020,13.40,0.000,0.666012,16605,0.435592,0.055345,0,0,1,0.9000,大鹏新区,22,22,0,0,0,0,1
2022-12-07,589179428,20190000000000000003,900200000000000031,1,142.193,315.718,44859.091,2022-12-07 16:45:00.000,L2FT01-FTJ020,13.40,0.000,0.666012,16605,0.435592,0.055345,0,0,1,0.9000,大鹏新区,22,22,0,0,0,0,1
2022-12-07,589179428,20190000000000000003,900200000000000032,1,129.812,313.853,40737.333,2022-12-07 16:45:00.000,L2FT01-FTJ020,13.40,0.000,0.666012,16605,0.435592,0.055345,0,0,1,0.9000,大鹏新区,22,22,0,0,0,0,1
2022-12-07,589179428,20190000000000000003,900200000000000031,1,199.907,317.754,63516.923,2022-12-07 17:00:00.000,L2FT01-FTJ020,13.10,0.000,0.666012,16605,0.435592,0.055345,0,0,1,0.9000,大鹏新区,22,22,0,0,0,0,1
2022-12-07,589179428,20190000000000000003,900200000000000032,1,129.842,315.493,40960.667,2022-12-07 17:00:00.000,L2FT01-FTJ020,13.10,0.000,0.666012,16605,0.435592,0.055345,0,0,1,0.9000,大鹏新区,22,22,0,0,0,0,1
2022-12-07,589179428,20190000000000000003,900200000000000032,1,129.830,317.383,41201.667,2022-12-07 17:15:00.000,L2FT01-FTJ020,13.10,0.000,0.666012,16605,0.435592,0.055345,0,0,1,0.9000,大鹏新区,22,22,0,0,0,0,1
2022-12-07,589179428,20190000000000000003,900200000000000032,1,149.941,313.580,47016.000,2022-12-07 17:45:00.000,L2FT01-FTJ020,13.10,0.000,0.666012,16605,0.435592,0.055345,0,0,1,0.9000,大鹏新区,22,22,0,0,0,0,1
2022-12-07,589179428,20190000000000000003,900200000000000031,1,49.845,338.336,16863.636,2022-12-07 18:00:00.000,L2FT01-FTJ020,13.00,0.000,0.666012,16605,0.435592,0.055345,0,0,1,0.9000,大鹏新区,22,22,0,0,0,0,1
2022-12-07,589179428,20190000000000000003,900200000000000032,1,148.497,316.980,47058.667,2022-12-07 18:00:00.000,L2FT01-FTJ020,13.00,0.000,0.666012,16605,0.435592,0.055345,0,0,1,0.9000,大鹏新区,22,22,0,0,0,0,1
2022-12-07,589179428,20190000000000000003,900200000000000031,1,49.790,346.453,17250.000,2022-12-07 18:15:00.000,L2FT01-FTJ020,13.00,0.000,0.666012,16605,0.435592,0.055345,0,0,1,0.9000,大鹏新区,22,22,0,0,0,0,1
2022-12-07,589179428,20190000000000000003,900200000000000031,1,49.790,356.673,17756.667,2022-12-07 18:30:00.000,L2FT01-FTJ020,13.00,0.000,0.666012,16605,0.435592,0.055345,0,0,1,0.9000,大鹏新区,22,22,0,0,0,0,1
2022-12-07,589179428,20190000000000000003,900200000000000030,1,191.750,312.950,60005.000,2022-12-07 18:30:00.000,L2FT01-FTJ020,13.00,0.000,0.666012,16605,0.435592,0.055345,0,0,1,0.9000,大鹏新区,22,22,0,0,0,0,1
2022-12-07,589179428,20190000000000000003,900200000000000030,1,191.119,315.800,60350.000,2022-12-07 18:45:00.000,L2FT01-FTJ020,13.00,0.000,0.666012,16605,0.435592,0.055345,0,0,1,0.9000,大鹏新区,22,22,0,0,0,0,1
2022-12-07,589179428,20190000000000000003,900200000000000037,0,0.000,398.800,0.000,2022-12-07 18:45:00.000,L2FT01-FTJ020,13.00,0.000,0.666012,16605,0.435592,0.055345,0,0,1,0.9000,大鹏新区,22,22,0,0,0,0,1
2022-12-07,589179428,20190000000000000003,900200000000000049,1,56.990,305.950,17455.000,2022-12-07 18:45:00.000,L2FT01-FTJ020,13.00,0.000,0.666012,16605,0.435592,0.055345,0,0,1,0.9000,大鹏新区,22,22,0,0,0,0,1
2022-12-07,589179428,20190000000000000003,900200000000000030,1,191.100,317.822,60732.222,2022-12-07 19:00:00.000,L2FT01-FTJ020,13.10,0.000,0.666012,16605,0.435592,0.055345,0,0,1,0.9000,大鹏新区,22,22,0,0,0,0,1
2022-12-07,589179428,20190000000000000003,900200000000000031,1,52.147,407.914,21321.429,2022-12-07 19:00:00.000,L2FT01-FTJ020,13.10,0.000,0.666012,16605,0.435592,0.055345,0,0,1,0.9000,大鹏新区,22,22,0,0,0,0,1
2022-12-07,589179428,20190000000000000003,900200000000000037,1,45.008,408.482,18380.909,2022-12-07 19:00:00.000,L2FT01-FTJ020,13.10,0.000,0.666012,16605,0.435592,0.055345,0,0,1,0.9000,大鹏新区,22,22,0,0,0,0,1
2022-12-07,589179428,20190000000000000003,900200000000000031,1,50.057,410.747,20566.000,2022-12-07 19:15:00.000,L2FT01-FTJ020,13.10,0.000,0.666012,16605,0.435592,0.055345,0,0,1,0.9000,大鹏新区,22,22,0,0,0,0,1
2022-12-07,589179428,20190000000000000003,900200000000000037,1,45.000,410.407,18464.000,2022-12-07 19:15:00.000,L2FT01-FTJ020,13.10,0.000,0.666012,16605,0.435592,0.055345,0,0,1,0.9000,大鹏新区,22,22,0,0,0,0,1
2022-12-07,589179428,20190000000000000003,900200000000000031,1,39.070,411.780,16105.333,2022-12-07 19:30:00.000,L2FT01-FTJ020,13.10,0.000,0.666012,16605,0.435592,0.055345,0,0,1,0.9000,大鹏新区,22,22,0,0,0,0,1
2022-12-07,589179428,20190000000000000003,900200000000000037,1,43.633,413.207,18027.333,2022-12-07 19:30:00.000,L2FT01-FTJ020,13.10,0.000,0.666012,16605,0.435592,0.055345,0,0,1,0.9000,大鹏新区,22,22,0,0,0,0,1
2022-12-07,589179428,20190000000000000003,900200000000000031,1,19.223,412.353,7925.333,2022-12-07 19:45:00.000,L2FT01-FTJ020,13.10,0.000,0.666012,16605,0.435592,0.055345,0,0,1,0.9000,大鹏新区,22,22,0,0,0,0,1
2022-12-07,589179428,20190000000000000003,900200000000000037,1,26.154,416.214,10884.286,2022-12-07 19:45:00.000,L2FT01-FTJ020,13.10,0.000,0.666012,16605,0.435592,0.055345,0,0,1,0.9000,大鹏新区,22,22,0,0,0,0,1
2022-12-07,589179428,20190000000000000003,900200000000000031,1,13.890,417.800,5803.333,2022-12-07 20:00:00.000,L2FT01-FTJ020,13.40,0.000,0.666012,16605,0.435592,0.055345,0,0,1,0.9000,大鹏新区,22,22,0,0,0,0,1
2022-12-07,589179428,20190000000000000003,900200000000000049,1,62.556,382.962,24717.500,2022-12-07 20:00:00.000,L2FT01-FTJ020,13.40,0.000,0.666012,16605,0.435592,0.055345,0,0,1,0.9000,大鹏新区,22,22,0,0,0,0,1
2022-12-07,589179428,20190000000000000003,900200000000000049,1,71.390,401.907,28691.333,2022-12-07 20:15:00.000,L2FT01-FTJ020,13.40,0.000,0.666012,16605,0.435592,0.055345,0,0,1,0.9000,大鹏新区,22,22,0,0,0,0,1
2022-12-07,589179428,20190000000000000003,900200000000000032,1,149.447,434.986,65007.143,2022-12-07 20:15:00.000,L2FT01-FTJ020,13.40,0.000,0.666012,16605,0.435592,0.055345,0,0,1,0.9000,大鹏新区,22,22,0,0,0,0,1
2022-12-07,589179428,20190000000000000003,900200000000000032,1,143.066,435.207,62268.667,2022-12-07 20:30:00.000,L2FT01-FTJ020,13.40,0.000,0.666012,16605,0.435592,0.055345,0,0,1,0.9000,大鹏新区,22,22,0,0,0,0,1
2022-12-07,589179428,20190000000000000003,900200000000000049,1,62.392,410.200,25588.667,2022-12-07 20:30:00.000,L2FT01-FTJ020,13.40,0.000,0.666012,16605,0.435592,0.055345,0,0,1,0.9000,大鹏新区,22,22,0,0,0,0,1
2022-12-07,589179428,20190000000000000003,900200000000000032,1,135.895,435.860,59230.667,2022-12-07 20:45:00.000,L2FT01-FTJ020,13.40,0.000,0.666012,16605,0.435592,0.055345,0,0,1,0.9000,大鹏新区,22,22,0,0,0,0,1
2022-12-07,589179428,20190000000000000003,900200000000000049,1,69.118,423.480,29258.000,2022-12-07 20:45:00.000,L2FT01-FTJ020,13.40,0.000,0.666012,16605,0.435592,0.055345,0,0,1,0.9000,大鹏新区,22,22,0,0,0,0,1
2022-12-07,589179428,20190000000000000003,900200000000000032,1,72.597,431.367,31424.667,2022-12-07 21:00:00.000,L2FT01-FTJ020,13.88,0.000,0.666012,16605,0.435592,0.055345,0,0,1,0.9000,大鹏新区,22,22,0,0,0,0,1
2022-12-07,589179428,20190000000000000003,900200000000000049,1,43.003,433.600,18632.667,2022-12-07 21:00:00.000,L2FT01-FTJ020,13.88,0.000,0.666012,16605,0.435592,0.055345,0,0,1,0.9000,大鹏新区,22,22,0,0,0,0,1
2022-12-07,589179428,20190000000000000003,900200000000000032,1,40.243,428.987,17284.000,2022-12-07 21:15:00.000,L2FT01-FTJ020,13.88,0.000,0.666012,16605,0.435592,0.055345,0,0,1,0.9000,大鹏新区,22,22,0,0,0,0,1
2022-12-07,589179428,20190000000000000003,900200000000000032,1,30.074,428.336,12880.000,2022-12-07 21:30:00.000,L2FT01-FTJ020,13.88,0.000,0.666012,16605,0.435592,0.055345,0,0,1,0.9000,大鹏新区,22,22,0,0,0,0,1
2022-12-07,589179428,20190000000000000003,900200000000000040,1,115.032,364.060,41874.000,2022-12-07 21:30:00.000,L2FT01-FTJ020,13.88,0.000,0.666012,16605,0.435592,0.055345,0,0,1,0.9000,大鹏新区,22,22,0,0,0,0,1
2022-12-07,589179428,20190000000000000003,900200000000000040,1,113.331,377.647,42787.333,2022-12-07 21:45:00.000,L2FT01-FTJ020,13.88,0.000,0.666012,16605,0.435592,0.055345,0,0,1,0.9000,大鹏新区,22,22,0,0,0,0,1
2022-12-07,589179428,20190000000000000003,900200000000000040,1,89.930,395.780,35542.000,2022-12-07 22:00:00.000,L2FT01-FTJ020,14.50,0.000,0.666012,16605,0.435592,0.055345,0,0,1,0.9000,大鹏新区,22,22,0,0,0,0,1
2022-12-07,589179428,20190000000000000003,900200000000000040,1,54.797,406.160,22233.333,2022-12-07 22:15:00.000,L2FT01-FTJ020,14.50,0.000,0.666012,16605,0.435592,0.055345,0,0,1,0.9000,大鹏新区,22,22,0,0,0,0,1
2022-12-07,589179428,20190000000000000003,900200000000000040,1,18.273,408.955,7466.364,2022-12-07 22:30:00.000,L2FT01-FTJ020,14.50,0.000,0.666012,16605,0.435592,0.055345,0,0,1,0.9000,大鹏新区,22,22,0,0,0,0,1
2022-12-08,589179428,20190000000000000003,900200000000000057,1,129.834,310.950,40368.750,2022-12-08 00:00:00.000,L2FT01-FTJ020,16.00,0.000,0.666012,16605,0.435592,0.055345,0,0,1,0.9000,大鹏新区,22,22,0,0,0,0,1
2022-12-08,589179428,20190000000000000003,900200000000000057,1,129.860,311.060,40391.333,2022-12-08 00:15:00.000,L2FT01-FTJ020,16.00,0.000,0.666012,16605,0.435592,0.055345,0,0,1,0.9000,大鹏新区,22,22,0,0,0,0,1
2022-12-08,589179428,20190000000000000003,900200000000000057,1,129.860,312.520,40580.000,2022-12-08 00:30:00.000,L2FT01-FTJ020,16.00,0.000,0.666012,16605,0.435592,0.055345,0,0,1,0.9000,大鹏新区,22,22,0,0,0,0,1
2022-12-08,589179428,20190000000000000003,900200000000000057,1,129.817,313.680,40716.667,2022-12-08 00:45:00.000,L2FT01-FTJ020,16.00,0.000,0.666012,16605,0.435592,0.055345,0,0,1,0.9000,大鹏新区,22,22,0,0,0,0,1
2022-12-08,589179428,20190000000000000003,900200000000000057,1,129.806,314.860,40864.667,2022-12-08 01:00:00.000,L2FT01-FTJ020,16.78,0.000,0.666012,16605,0.435592,0.055345,0,0,1,0.9000,大鹏新区,22,22,0,0,0,0,1
2022-12-08,589179428,20190000000000000003,900200000000000053,1,129.850,310.954,40373.077,2022-12-08 01:15:00.000,L2FT01-FTJ020,16.78,0.000,0.666012,16605,0.435592,0.055345,0,0,1,0.9000,大鹏新区,22,22,0,0,0,0,1
2022-12-08,589179428,20190000000000000003,900200000000000057,1,105.627,320.450,33683.333,2022-12-08 01:15:00.000,L2FT01-FTJ020,16.78,0.000,0.666012,16605,0.435592,0.055345,0,0,1,0.9000,大鹏新区,22,22,0,0,0,0,1
2022-12-08,589179428,20190000000000000003,900200000000000053,1,129.956,311.700,40504.000,2022-12-08 01:30:00.000,L2FT01-FTJ020,16.78,0.000,0.666012,16605,0.435592,0.055345,0,0,1,0.9000,大鹏新区,22,22,0,0,0,0,1
2022-12-08,589179428,20190000000000000003,900200000000000053,1,130.000,313.007,40686.000,2022-12-08 01:45:00.000,L2FT01-FTJ020,16.78,0.000,0.666012,16605,0.435592,0.055345,0,0,1,0.9000,大鹏新区,22,22,0,0,0,0,1
2022-12-08,589179428,20190000000000000003,900200000000000053,1,130.000,314.187,40840.000,2022-12-08 02:00:00.000,L2FT01-FTJ020,17.50,0.000,0.666012,16605,0.435592,0.055345,0,0,1,0.9000,大鹏新区,22,22,0,0,0,0,1
2022-12-08,589179428,20190000000000000003,900200000000000053,1,130.000,316.173,41098.667,2022-12-08 02:15:00.000,L2FT01-FTJ020,17.50,0.000,0.666012,16605,0.435592,0.055345,0,0,1,0.9000,大鹏新区,22,22,0,0,0,0,1
2022-12-08,589179428,20190000000000000003,900200000000000047,1,71.424,308.667,22045.556,2022-12-08 02:30:00.000,L2FT01-FTJ020,17.50,0.000,0.666012,16605,0.435592,0.055345,0,0,1,0.9000,大鹏新区,22,22,0,0,0,0,1
2022-12-08,589179428,20190000000000000003,900200000000000047,1,71.350,309.260,22064.667,2022-12-08 02:45:00.000,L2FT01-FTJ020,17.50,0.000,0.666012,16605,0.435592,0.055345,0,0,1,0.9000,大鹏新区,22,22,0,0,0,0,1
2022-12-08,589179428,20190000000000000003,900200000000000047,1,71.390,310.980,22198.667,2022-12-08 03:00:00.000,L2FT01-FTJ020,18.12,0.000,0.666012,16605,0.435592,0.055345,0,0,1,0.9000,大鹏新区,22,22,0,0,0,0,1
2022-12-08,589179428,20190000000000000003,900200000000000047,1,71.323,311.740,22234.000,2022-12-08 03:15:00.000,L2FT01-FTJ020,18.12,0.000,0.666012,16605,0.435592,0.055345,0,0,1,0.9000,大鹏新区,22,22,0,0,0,0,1
2022-12-08,589179428,20190000000000000003,900200000000000047,1,71.390,312.027,22272.667,2022-12-08 03:30:00.000,L2FT01-FTJ020,18.12,0.000,0.666012,16605,0.435592,0.055345,0,0,1,0.9000,大鹏新区,22,22,0,0,0,0,1
2022-12-08,589179428,20190000000000000003,900200000000000049,1,100.557,368.833,37090.000,2022-12-08 03:30:00.000,L2FT01-FTJ020,18.12,0.000,0.666012,16605,0.435592,0.055345,0,0,1,0.9000,大鹏新区,22,22,0,0,0,0,1
2022-12-08,589179428,20190000000000000003,900200000000000047,1,71.390,312.587,22313.333,2022-12-08 03:45:00.000,L2FT01-FTJ020,18.12,0.000,0.666012,16605,0.435592,0.055345,0,0,1,0.9000,大鹏新区,22,22,0,0,0,0,1
2022-12-08,589179428,20190000000000000003,900200000000000049,1,86.204,380.907,32794.000,2022-12-08 03:45:00.000,L2FT01-FTJ020,18.12,0.000,0.666012,16605,0.435592,0.055345,0,0,1,0.9000,大鹏新区,22,22,0,0,0,0,1
2022-12-08,589179428,20190000000000000003,900200000000000047,1,71.357,313.547,22372.667,2022-12-08 04:00:00.000,L2FT01-FTJ020,18.60,0.000,0.666012,16605,0.435592,0.055345,0,0,1,0.9000,大鹏新区,22,22,0,0,0,0,1
2022-12-08,589179428,20190000000000000003,900200000000000049,1,40.851,390.067,15922.667,2022-12-08 04:00:00.000,L2FT01-FTJ020,18.60,0.000,0.666012,16605,0.435592,0.055345,0,0,1,0.9000,大鹏新区,22,22,0,0,0,0,1
2022-12-08,589179428,20190000000000000003,900200000000000047,1,65.461,318.843,20817.143,2022-12-08 04:15:00.000,L2FT01-FTJ020,18.60,0.000,0.666012,16605,0.435592,0.055345,0,0,1,0.9000,大鹏新区,22,22,0,0,0,0,1
2022-12-08,589179428,20190000000000000003,900200000000000049,1,13.290,391.120,5198.000,2022-12-08 04:15:00.000,L2FT01-FTJ020,18.60,0.000,0.666012,16605,0.435592,0.055345,0,0,1,0.9000,大鹏新区,22,22,0,0,0,0,1
2022-12-08,589179428,20190000000000000003,900200000000000031,1,94.553,330.750,32035.000,2022-12-08 06:15:00.000,L2FT01-FTJ020,19.00,0.000,0.666012,16605,0.435592,0.055345,0,0,1,0.9000,大鹏新区,22,22,0,0,0,0,1
2022-12-08,589179428,20190000000000000003,900200000000000031,1,130.369,346.440,45162.667,2022-12-08 06:30:00.000,L2FT01-FTJ020,19.00,0.000,0.666012,16605,0.435592,0.055345,0,0,1,0.9000,大鹏新区,22,22,0,0,0,0,1
2022-12-08,589179428,20190000000000000003,900200000000000031,1,130.263,357.927,46620.000,2022-12-08 06:45:00.000,L2FT01-FTJ020,19.00,0.000,0.666012,16605,0.435592,0.055345,0,0,1,0.9000,大鹏新区,22,22,0,0,0,0,1
2022-12-08,589179428,20190000000000000003,900200000000000031,1,125.700,367.700,46198.000,2022-12-08 07:00:00.000,L2FT01-FTJ020,18.90,0.000,0.666012,16605,0.435592,0.055345,0,0,1,0.9000,大鹏新区,22,22,0,0,0,0,1
2022-12-08,589179428,20190000000000000003,900200000000000030,1,13.260,410.600,5323.333,2022-12-08 08:30:00.000,L2FT01-FTJ020,18.60,0.000,0.666012,16605,0.435592,0.055345,0,0,1,0.9000,大鹏新区,22,22,0,0,0,0,1
2022-12-08,589179428,20190000000000000003,900200000000000042,1,138.814,469.685,65723.077,2022-12-08 08:45:00.000,L2FT01-FTJ020,18.60,0.000,0.666012,16605,0.435592,0.055345,0,0,1,0.9000,大鹏新区,22,22,0,0,0,0,1
2022-12-08,589179428,20190000000000000003,900200000000000030,1,20.810,404.087,8408.000,2022-12-08 08:45:00.000,L2FT01-FTJ020,18.60,0.000,0.666012,16605,0.435592,0.055345,0,0,1,0.9000,大鹏新区,22,22,0,0,0,0,1
2022-12-08,589179428,20190000000000000003,900200000000000030,1,17.657,404.927,7150.667,2022-12-08 09:00:00.000,L2FT01-FTJ020,18.12,0.000,0.666012,16605,0.435592,0.055345,0,0,1,0.9000,大鹏新区,22,22,0,0,0,0,1
2022-12-08,589179428,20190000000000000003,900200000000000042,1,148.899,474.287,70620.667,2022-12-08 09:00:00.000,L2FT01-FTJ020,18.12,0.000,0.666012,16605,0.435592,0.055345,0,0,1,0.9000,大鹏新区,22,22,0,0,0,0,1
2022-12-08,589179428,20190000000000000003,900200000000000030,1,14.890,406.593,6053.333,2022-12-08 09:15:00.000,L2FT01-FTJ020,18.12,0.000,0.666012,16605,0.435592,0.055345,0,0,1,0.9000,大鹏新区,22,22,0,0,0,0,1
2022-12-08,589179428,20190000000000000003,900200000000000039,1,55.747,374.782,20944.545,2022-12-08 09:15:00.000,L2FT01-FTJ020,18.12,0.000,0.666012,16605,0.435592,0.055345,0,0,1,0.9000,大鹏新区,22,22,0,0,0,0,1
2022-12-08,589179428,20190000000000000003,900200000000000042,1,148.850,474.627,70649.333,2022-12-08 09:15:00.000,L2FT01-FTJ020,18.12,0.000,0.666012,16605,0.435592,0.055345,0,0,1,0.9000,大鹏新区,22,22,0,0,0,0,1
2022-12-08,589179428,20190000000000000003,900200000000000030,1,14.890,407.427,6065.333,2022-12-08 09:30:00.000,L2FT01-FTJ020,18.12,0.000,0.666012,16605,0.435592,0.055345,0,0,1,0.9000,大鹏新区,22,22,0,0,0,0,1
2022-12-08,589179428,20190000000000000003,900200000000000039,1,56.170,384.667,21594.000,2022-12-08 09:30:00.000,L2FT01-FTJ020,18.12,0.000,0.666012,16605,0.435592,0.055345,0,0,1,0.9000,大鹏新区,22,22,0,0,0,0,1
2022-12-08,589179428,20190000000000000003,900200000000000042,1,148.890,474.847,70699.333,2022-12-08 09:30:00.000,L2FT01-FTJ020,18.12,0.000,0.666012,16605,0.435592,0.055345,0,0,1,0.9000,大鹏新区,22,22,0,0,0,0,1
2022-12-08,589179428,20190000000000000003,900200000000000047,1,57.404,340.214,19528.571,2022-12-08 09:30:00.000,L2FT01-FTJ020,18.12,0.000,0.666012,16605,0.435592,0.055345,0,0,1,0.9000,大鹏新区,22,22,0,0,0,0,1
2022-12-08,589179428,20190000000000000003,900200000000000030,1,10.690,406.733,4346.667,2022-12-08 09:45:00.000,L2FT01-FTJ020,18.12,0.000,0.666012,16605,0.435592,0.055345,0,0,1,0.9000,大鹏新区,22,22,0,0,0,0,1
2022-12-08,589179428,20190000000000000003,900200000000000039,1,25.490,387.353,9873.333,2022-12-08 09:45:00.000,L2FT01-FTJ020,18.12,0.000,0.666012,16605,0.435592,0.055345,0,0,1,0.9000,大鹏新区,22,22,0,0,0,0,1
2022-12-08,589179428,20190000000000000003,900200000000000042,1,148.790,475.240,70708.000,2022-12-08 09:45:00.000,L2FT01-FTJ020,18.12,0.000,0.666012,16605,0.435592,0.055345,0,0,1,0.9000,大鹏新区,22,22,0,0,0,0,1
2022-12-08,589179428,20190000000000000003,900200000000000047,1,38.305,347.027,13292.667,2022-12-08 09:45:00.000,L2FT01-FTJ020,18.12,0.000,0.666012,16605,0.435592,0.055345,0,0,1,0.9000,大鹏新区,22,22,0,0,0,0,1
2022-12-08,589179428,20190000000000000003,900200000000000047,1,18.063,352.893,6370.667,2022-12-08 10:00:00.000,L2FT01-FTJ020,17.50,0.000,0.666012,16605,0.435592,0.055345,0,0,1,0.9000,大鹏新区,22,22,0,0,0,0,1
2022-12-08,589179428,20190000000000000003,900200000000000030,1,8.000,406.693,3248.667,2022-12-08 10:00:00.000,L2FT01-FTJ020,17.50,0.000,0.666012,16605,0.435592,0.055345,0,0,1,0.9000,大鹏新区,22,22,0,0,0,0,1
2022-12-08,589179428,20190000000000000003,900200000000000039,1,26.090,390.350,10183.333,2022-12-08 10:00:00.000,L2FT01-FTJ020,17.50,0.000,0.666012,16605,0.435592,0.055345,0,0,1,0.9000,大鹏新区,22,22,0,0,0,0,1
2022-12-08,589179428,20190000000000000003,900200000000000030,1,8.000,409.200,3268.000,2022-12-08 10:15:00.000,L2FT01-FTJ020,17.50,0.000,0.666012,16605,0.435592,0.055345,0,0,1,0.9000,大鹏新区,22,22,0,0,0,0,1
2022-12-08,589179428,20190000000000000003,900200000000000047,1,10.190,354.200,3610.000,2022-12-08 10:15:00.000,L2FT01-FTJ020,17.50,0.000,0.666012,16605,0.435592,0.055345,0,0,1,0.9000,大鹏新区,22,22,0,0,0,0,1
2022-12-08,589179428,20190000000000000003,900200000000000030,1,8.000,414.414,3310.000,2022-12-08 10:30:00.000,L2FT01-FTJ020,17.50,0.000,0.666012,16605,0.435592,0.055345,0,0,1,0.9000,大鹏新区,22,22,0,0,0,0,1
2022-12-08,589179428,20190000000000000003,900200000000000042,1,112.093,367.129,42687.143,2022-12-08 10:45:00.000,L2FT01-FTJ020,17.50,0.000,0.666012,16605,0.435592,0.055345,0,0,1,0.9000,大鹏新区,22,22,0,0,0,0,1
2022-12-08,589179428,20190000000000000003,900200000000000042,1,68.620,389.780,26706.667,2022-12-08 11:00:00.000,L2FT01-FTJ020,16.78,0.000,0.666012,16605,0.435592,0.055345,0,0,1,0.9000,大鹏新区,22,22,0,0,0,0,1
2022-12-08,589179428,20190000000000000003,900200000000000039,1,84.448,362.700,30670.000,2022-12-08 11:15:00.000,L2FT01-FTJ020,16.78,0.000,0.666012,16605,0.435592,0.055345,0,0,1,0.9000,大鹏新区,22,22,0,0,0,0,1
2022-12-08,589179428,20190000000000000003,900200000000000042,1,19.572,392.791,7686.364,2022-12-08 11:15:00.000,L2FT01-FTJ020,16.78,0.000,0.666012,16605,0.435592,0.055345,0,0,1,0.9000,大鹏新区,22,22,0,0,0,0,1
2022-12-08,589179428,20190000000000000003,900200000000000039,1,225.366,374.033,84386.000,2022-12-08 11:30:00.000,L2FT01-FTJ020,16.78,0.000,0.666012,16605,0.435592,0.055345,0,0,1,0.9000,大鹏新区,22,22,0,0,0,0,1
2022-12-08,589179428,20190000000000000003,900200000000000039,1,173.071,373.767,64718.000,2022-12-08 11:45:00.000,L2FT01-FTJ020,16.78,0.000,0.666012,16605,0.435592,0.055345,0,0,1,0.9000,大鹏新区,22,22,0,0,0,0,1
2022-12-08,589179428,20190000000000000003,900200000000000039,1,114.023,372.325,42450.000,2022-12-08 12:00:00.000,L2FT01-FTJ020,16.00,0.000,0.666012,16605,0.435592,0.055345,0,0,1,0.9000,大鹏新区,22,22,0,0,0,0,1
2022-12-08,589179428,20190000000000000003,900200000000000048,1,150.201,312.100,46874.444,2022-12-08 12:45:00.000,L2FT01-FTJ020,16.00,0.000,0.666012,16605,0.435592,0.055345,0,0,1,0.9000,大鹏新区,22,22,0,0,0,0,1
2022-12-08,589179428,20190000000000000003,900200000000000048,1,149.877,314.107,47074.667,2022-12-08 13:00:00.000,L2FT01-FTJ020,15.22,0.000,0.666012,16605,0.435592,0.055345,0,0,1,0.9000,大鹏新区,22,22,0,0,0,0,1
2022-12-08,589179428,20190000000000000003,900200000000000037,1,21.590,359.000,7750.000,2022-12-08 13:00:00.000,L2FT01-FTJ020,15.22,0.000,0.666012,16605,0.435592,0.055345,0,0,1,0.9000,大鹏新区,22,22,0,0,0,0,1
2022-12-08,589179428,20190000000000000003,900200000000000040,1,131.792,421.280,55660.000,2022-12-08 13:15:00.000,L2FT01-FTJ020,15.22,0.000,0.666012,16605,0.435592,0.055345,0,0,1,0.9000,大鹏新区,22,22,0,0,0,0,1
2022-12-08,589179428,20190000000000000003,900200000000000043,1,105.995,447.927,47560.000,2022-12-08 13:15:00.000,L2FT01-FTJ020,15.22,0.000,0.666012,16605,0.435592,0.055345,0,0,1,0.9000,大鹏新区,22,22,0,0,0,0,1
2022-12-08,589179428,20190000000000000003,900200000000000048,1,149.890,316.693,47466.667,2022-12-08 13:15:00.000,L2FT01-FTJ020,15.22,0.000,0.666012,16605,0.435592,0.055345,0,0,1,0.9000,大鹏新区,22,22,0,0,0,0,1
2022-12-08,589179428,20190000000000000003,900200000000000040,1,149.837,433.033,64884.667,2022-12-08 13:30:00.000,L2FT01-FTJ020,15.22,0.000,0.666012,16605,0.435592,0.055345,0,0,1,0.9000,大鹏新区,22,22,0,0,0,0,1
2022-12-08,589179428,20190000000000000003,900200000000000043,1,41.970,458.807,19242.667,2022-12-08 13:30:00.000,L2FT01-FTJ020,15.22,0.000,0.666012,16605,0.435592,0.055345,0,0,1,0.9000,大鹏新区,22,22,0,0,0,0,1
2022-12-08,589179428,20190000000000000003,900200000000000048,1,61.390,327.125,19975.000,2022-12-08 13:30:00.000,L2FT01-FTJ020,15.22,0.000,0.666012,16605,0.435592,0.055345,0,0,1,0.9000,大鹏新区,22,22,0,0,0,0,1
2022-12-08,589179428,20190000000000000003,900200000000000040,1,149.890,445.800,66825.000,2022-12-08 13:45:00.000,L2FT01-FTJ020,15.22,0.000,0.666012,16605,0.435592,0.055345,0,0,1,0.9000,大鹏新区,22,22,0,0,0,0,1
2022-12-08,589179428,20190000000000000003,900200000000000043,1,19.790,460.817,9116.667,2022-12-08 13:45:00.000,L2FT01-FTJ020,15.22,0.000,0.666012,16605,0.435592,0.055345,0,0,1,0.9000,大鹏新区,22,22,0,0,0,0,1
2022-12-08,589179428,20190000000000000003,900200000000000047,1,50.790,305.100,15490.000,2022-12-08 15:30:00.000,L2FT01-FTJ020,13.88,0.000,0.666012,16605,0.435592,0.055345,0,0,1,0.9000,大鹏新区,22,22,0,0,0,0,1
2022-12-08,589179428,20190000000000000003,900200000000000053,1,129.947,311.083,40421.667,2022-12-08 16:00:00.000,L2FT01-FTJ020,13.40,0.000,0.666012,16605,0.435592,0.055345,0,0,1,0.9000,大鹏新区,22,22,0,0,0,0,1
2022-12-08,589179428,20190000000000000003,900200000000000053,1,129.800,311.687,40450.667,2022-12-08 16:15:00.000,L2FT01-FTJ020,13.40,0.000,0.666012,16605,0.435592,0.055345,0,0,1,0.9000,大鹏新区,22,22,0,0,0,0,1
2022-12-08,589179428,20190000000000000003,900200000000000038,0,0.000,305.300,0.000,2022-12-08 16:30:00.000,L2FT01-FTJ020,13.40,0.000,0.666012,16605,0.435592,0.055345,0,0,1,0.9000,大鹏新区,22,22,0,0,0,0,1
2022-12-08,589179428,20190000000000000003,900200000000000053,1,129.830,312.947,40626.000,2022-12-08 16:30:00.000,L2FT01-FTJ020,13.40,0.000,0.666012,16605,0.435592,0.055345,0,0,1,0.9000,大鹏新区,22,22,0,0,0,0,1
2022-12-08,589179428,20190000000000000003,900200000000000032,1,74.895,311.400,24585.000,2022-12-08 16:30:00.000,L2FT01-FTJ020,13.40,0.000,0.666012,16605,0.435592,0.055345,0,0,1,0.9000,大鹏新区,22,22,0,0,0,0,1
2022-12-08,589179428,20190000000000000003,900200000000000032,1,148.870,334.080,49728.000,2022-12-08 16:45:00.000,L2FT01-FTJ020,13.40,0.000,0.666012,16605,0.435592,0.055345,0,0,1,0.9000,大鹏新区,22,22,0,0,0,0,1
2022-12-08,589179428,20190000000000000003,900200000000000035,1,130.050,308.911,40172.222,2022-12-08 16:45:00.000,L2FT01-FTJ020,13.40,0.000,0.666012,16605,0.435592,0.055345,0,0,1,0.9000,大鹏新区,22,22,0,0,0,0,1
2022-12-08,589179428,20190000000000000003,900200000000000053,1,129.890,315.200,40939.333,2022-12-08 16:45:00.000,L2FT01-FTJ020,13.40,0.000,0.666012,16605,0.435592,0.055345,0,0,1,0.9000,大鹏新区,22,22,0,0,0,0,1
2022-12-08,589179428,20190000000000000003,900200000000000032,1,134.505,345.947,46499.333,2022-12-08 17:00:00.000,L2FT01-FTJ020,13.10,0.000,0.666012,16605,0.435592,0.055345,0,0,1,0.9000,大鹏新区,22,22,0,0,0,0,1
2022-12-08,589179428,20190000000000000003,900200000000000035,1,130.090,310.953,40450.667,2022-12-08 17:00:00.000,L2FT01-FTJ020,13.10,0.000,0.666012,16605,0.435592,0.055345,0,0,1,0.9000,大鹏新区,22,22,0,0,0,0,1
2022-12-08,589179428,20190000000000000003,900200000000000052,1,149.881,314.900,47196.364,2022-12-08 17:00:00.000,L2FT01-FTJ020,13.10,0.000,0.666012,16605,0.435592,0.055345,0,0,1,0.9000,大鹏新区,22,22,0,0,0,0,1
2022-12-08,589179428,20190000000000000003,900200000000000053,1,129.800,316.800,41120.000,2022-12-08 17:00:00.000,L2FT01-FTJ020,13.10,0.000,0.666012,16605,0.435592,0.055345,0,0,1,0.9000,大鹏新区,22,22,0,0,0,0,1
2022-12-08,589179428,20190000000000000003,900200000000000032,1,95.673,358.807,34293.333,2022-12-08 17:15:00.000,L2FT01-FTJ020,13.10,0.000,0.666012,16605,0.435592,0.055345,0,0,1,0.9000,大鹏新区,22,22,0,0,0,0,1
2022-12-08,589179428,20190000000000000003,900200000000000035,1,129.922,311.967,40528.000,2022-12-08 17:15:00.000,L2FT01-FTJ020,13.10,0.000,0.666012,16605,0.435592,0.055345,0,0,1,0.9000,大鹏新区,22,22,0,0,0,0,1
2022-12-08,589179428,20190000000000000003,900200000000000052,1,149.932,316.154,47398.462,2022-12-08 17:15:00.000,L2FT01-FTJ020,13.10,0.000,0.666012,16605,0.435592,0.055345,0,0,1,0.9000,大鹏新区,22,22,0,0,0,0,1
2022-12-08,589179428,20190000000000000003,900200000000000032,1,61.975,365.853,22669.333,2022-12-08 17:30:00.000,L2FT01-FTJ020,13.10,0.000,0.666012,16605,0.435592,0.055345,0,0,1,0.9000,大鹏新区,22,22,0,0,0,0,1
2022-12-08,589179428,20190000000000000003,900200000000000035,1,130.090,313.773,40816.667,2022-12-08 17:30:00.000,L2FT01-FTJ020,13.10,0.000,0.666012,16605,0.435592,0.055345,0,0,1,0.9000,大鹏新区,22,22,0,0,0,0,1
2022-12-08,589179428,20190000000000000003,900200000000000038,1,57.160,375.167,26920.000,2022-12-08 17:30:00.000,L2FT01-FTJ020,13.10,0.000,0.666012,16605,0.435592,0.055345,0,0,1,0.9000,大鹏新区,22,22,0,0,0,0,1
2022-12-08,589179428,20190000000000000003,900200000000000043,1,61.777,378.562,23435.385,2022-12-08 17:45:00.000,L2FT01-FTJ020,13.10,0.000,0.666012,16605,0.435592,0.055345,0,0,1,0.9000,大鹏新区,22,22,0,0,0,0,1
2022-12-08,589179428,20190000000000000003,900200000000000035,1,130.072,315.187,40994.667,2022-12-08 17:45:00.000,L2FT01-FTJ020,13.10,0.000,0.666012,16605,0.435592,0.055345,0,0,1,0.9000,大鹏新区,22,22,0,0,0,0,1
2022-12-08,589179428,20190000000000000003,900200000000000032,1,61.996,372.080,23066.000,2022-12-08 17:45:00.000,L2FT01-FTJ020,13.10,0.000,0.666012,16605,0.435592,0.055345,0,0,1,0.9000,大鹏新区,22,22,0,0,0,0,1
2022-12-08,589179428,20190000000000000003,900200000000000035,1,92.158,322.111,29490.000,2022-12-08 18:00:00.000,L2FT01-FTJ020,13.00,0.000,0.666012,16605,0.435592,0.055345,0,0,1,0.9000,大鹏新区,22,22,0,0,0,0,1
2022-12-08,589179428,20190000000000000003,900200000000000043,1,50.098,389.477,19499.231,2022-12-08 18:00:00.000,L2FT01-FTJ020,13.00,0.000,0.666012,16605,0.435592,0.055345,0,0,1,0.9000,大鹏新区,22,22,0,0,0,0,1
2022-12-08,589179428,20190000000000000003,900200000000000045,1,149.854,312.682,46852.727,2022-12-08 18:30:00.000,L2FT01-FTJ020,13.00,0.000,0.666012,16605,0.435592,0.055345,0,0,1,0.9000,大鹏新区,22,22,0,0,0,0,1
2022-12-08,589179428,20190000000000000003,900200000000000045,1,149.830,314.607,47135.333,2022-12-08 18:45:00.000,L2FT01-FTJ020,13.00,0.000,0.666012,16605,0.435592,0.055345,0,0,1,0.9000,大鹏新区,22,22,0,0,0,0,1
2022-12-08,589179428,20190000000000000003,900200000000000044,1,149.345,386.000,57644.000,2022-12-08 19:00:00.000,L2FT01-FTJ020,13.10,0.000,0.666012,16605,0.435592,0.055345,0,0,1,0.9000,大鹏新区,22,22,0,0,0,0,1
2022-12-08,589179428,20190000000000000003,900200000000000045,1,130.970,318.692,41605.385,2022-12-08 19:00:00.000,L2FT01-FTJ020,13.10,0.000,0.666012,16605,0.435592,0.055345,0,0,1,0.9000,大鹏新区,22,22,0,0,0,0,1
2022-12-08,589179428,20190000000000000003,900200000000000044,1,141.573,398.236,56339.286,2022-12-08 19:15:00.000,L2FT01-FTJ020,13.10,0.000,0.666012,16605,0.435592,0.055345,0,0,1,0.9000,大鹏新区,22,22,0,0,0,0,1
2022-12-08,589179428,20190000000000000003,900200000000000045,1,142.532,398.920,56898.000,2022-12-08 20:15:00.000,L2FT01-FTJ020,13.40,0.000,0.666012,16605,0.435592,0.055345,0,0,1,0.9000,大鹏新区,22,22,0,0,0,0,1
2022-12-08,589179428,20190000000000000003,900200000000000045,1,149.850,407.393,61047.333,2022-12-08 20:30:00.000,L2FT01-FTJ020,13.40,0.000,0.666012,16605,0.435592,0.055345,0,0,1,0.9000,大鹏新区,22,22,0,0,0,0,1
2022-12-08,589179428,20190000000000000003,900200000000000045,1,149.284,424.293,63332.000,2022-12-08 20:45:00.000,L2FT01-FTJ020,13.40,0.000,0.666012,16605,0.435592,0.055345,0,0,1,0.9000,大鹏新区,22,22,0,0,0,0,1
2022-12-08,589179428,20190000000000000003,900200000000000045,1,104.049,438.300,45592.222,2022-12-08 21:00:00.000,L2FT01-FTJ020,13.88,0.000,0.666012,16605,0.435592,0.055345,0,0,1,0.9000,大鹏新区,22,22,0,0,0,0,1
2022-12-08,589179428,20190000000000000003,900200000000000048,1,130.354,310.260,40438.000,2022-12-08 21:00:00.000,L2FT01-FTJ020,13.88,0.000,0.666012,16605,0.435592,0.055345,0,0,1,0.9000,大鹏新区,22,22,0,0,0,0,1
2022-12-08,589179428,20190000000000000003,900200000000000048,1,129.860,313.273,40678.000,2022-12-08 21:15:00.000,L2FT01-FTJ020,13.88,0.000,0.666012,16605,0.435592,0.055345,0,0,1,0.9000,大鹏新区,22,22,0,0,0,0,1
2022-12-08,589179428,20190000000000000003,900200000000000031,1,56.856,410.320,23918.000,2022-12-08 21:15:00.000,L2FT01-FTJ020,13.88,0.000,0.666012,16605,0.435592,0.055345,0,0,1,0.9000,大鹏新区,22,22,0,0,0,0,1
2022-12-08,589179428,20190000000000000003,900200000000000031,1,70.445,423.820,29853.333,2022-12-08 21:30:00.000,L2FT01-FTJ020,13.88,0.000,0.666012,16605,0.435592,0.055345,0,0,1,0.9000,大鹏新区,22,22,0,0,0,0,1
2022-12-08,589179428,20190000000000000003,900200000000000048,1,127.747,316.307,40390.714,2022-12-08 21:30:00.000,L2FT01-FTJ020,13.88,0.000,0.666012,16605,0.435592,0.055345,0,0,1,0.9000,大鹏新区,22,22,0,0,0,0,1
2022-12-08,589179428,20190000000000000003,900200000000000031,1,70.137,425.193,29821.333,2022-12-08 21:45:00.000,L2FT01-FTJ020,13.88,0.000,0.666012,16605,0.435592,0.055345,0,0,1,0.9000,大鹏新区,22,22,0,0,0,0,1
2022-12-08,589179428,20190000000000000003,900200000000000031,1,69.523,428.867,29815.333,2022-12-08 22:00:00.000,L2FT01-FTJ020,14.50,0.000,0.666012,16605,0.435592,0.055345,0,0,1,0.9000,大鹏新区,22,22,0,0,0,0,1
2022-12-08,589179428,20190000000000000003,900200000000000031,1,27.145,440.800,11935.000,2022-12-08 22:15:00.000,L2FT01-FTJ020,14.50,0.000,0.666012,16605,0.435592,0.055345,0,0,1,0.9000,大鹏新区,22,22,0,0,0,0,1
2022-12-09,589179428,20190000000000000003,900200000000000030,1,32.261,352.457,11378.571,2022-12-09 00:00:00.000,L2FT01-FTJ020,16.00,0.000,0.666012,16605,0.435592,0.055345,0,0,1,0.9000,大鹏新区,22,22,0,0,0,0,1
2022-12-09,589179428,20190000000000000003,900200000000000030,1,35.790,354.640,12690.667,2022-12-09 00:15:00.000,L2FT01-FTJ020,16.00,0.000,0.666012,16605,0.435592,0.055345,0,0,1,0.9000,大鹏新区,22,22,0,0,0,0,1
2022-12-09,589179428,20190000000000000003,900200000000000030,1,35.790,356.629,12761.429,2022-12-09 00:30:00.000,L2FT01-FTJ020,16.00,0.000,0.666012,16605,0.435592,0.055345,0,0,1,0.9000,大鹏新区,22,22,0,0,0,0,1
2022-12-09,589179428,20190000000000000003,900200000000000031,1,102.578,346.283,37530.000,2022-12-09 00:30:00.000,L2FT01-FTJ020,16.00,0.000,0.666012,16605,0.435592,0.055345,0,0,1,0.9000,大鹏新区,22,22,0,0,0,0,1
2022-12-09,589179428,20190000000000000003,900200000000000031,1,121.963,378.660,46112.000,2022-12-09 00:45:00.000,L2FT01-FTJ020,16.00,0.000,0.666012,16605,0.435592,0.055345,0,0,1,0.9000,大鹏新区,22,22,0,0,0,0,1
2022-12-09,589179428,20190000000000000003,900200000000000031,1,61.315,388.530,23821.000,2022-12-09 01:00:00.000,L2FT01-FTJ020,16.78,0.000,0.666012,16605,0.435592,0.055345,0,0,1,0.9000,大鹏新区,22,22,0,0,0,0,1
2022-12-09,589179428,20190000000000000003,900200000000000047,1,71.494,307.029,21947.143,2022-12-09 02:30:00.000,L2FT01-FTJ020,17.50,0.000,0.666012,16605,0.435592,0.055345,0,0,1,0.9000,大鹏新区,22,22,0,0,0,0,1
2022-12-09,589179428,20190000000000000003,900200000000000047,1,71.397,308.173,22000.000,2022-12-09 02:45:00.000,L2FT01-FTJ020,17.50,0.000,0.666012,16605,0.435592,0.055345,0,0,1,0.9000,大鹏新区,22,22,0,0,0,0,1
2022-12-09,589179428,20190000000000000003,900200000000000047,1,71.390,308.920,22052.000,2022-12-09 03:00:00.000,L2FT01-FTJ020,18.12,0.000,0.666012,16605,0.435592,0.055345,0,0,1,0.9000,大鹏新区,22,22,0,0,0,0,1
2022-12-09,589179428,20190000000000000003,900200000000000047,1,71.390,310.693,22176.000,2022-12-09 03:15:00.000,L2FT01-FTJ020,18.12,0.000,0.666012,16605,0.435592,0.055345,0,0,1,0.9000,大鹏新区,22,22,0,0,0,0,1
2022-12-09,589179428,20190000000000000003,900200000000000047,1,71.377,311.360,22222.000,2022-12-09 03:30:00.000,L2FT01-FTJ020,18.12,0.000,0.666012,16605,0.435592,0.055345,0,0,1,0.9000,大鹏新区,22,22,0,0,0,0,1
2022-12-09,589179428,20190000000000000003,900200000000000047,1,71.390,311.800,22256.667,2022-12-09 03:45:00.000,L2FT01-FTJ020,18.12,0.000,0.666012,16605,0.435592,0.055345,0,0,1,0.9000,大鹏新区,22,22,0,0,0,0,1
2022-12-09,589179428,20190000000000000003,900200000000000047,1,71.390,312.860,22334.000,2022-12-09 04:00:00.000,L2FT01-FTJ020,18.60,0.000,0.666012,16605,0.435592,0.055345,0,0,1,0.9000,大鹏新区,22,22,0,0,0,0,1
2022-12-09,589179428,20190000000000000003,900200000000000047,1,71.390,316.957,22625.714,2022-12-09 04:15:00.000,L2FT01-FTJ020,18.60,0.000,0.666012,16605,0.435592,0.055345,0,0,1,0.9000,大鹏新区,22,22,0,0,0,0,1
2022-12-09,589179428,20190000000000000003,900200000000000045,1,60.819,339.613,20681.250,2022-12-09 06:00:00.000,L2FT01-FTJ020,19.00,0.000,0.666012,16605,0.435592,0.055345,0,0,1,0.9000,大鹏新区,22,22,0,0,0,0,1
2022-12-09,589179428,20190000000000000003,900200000000000035,1,129.906,310.488,40331.250,2022-12-09 06:15:00.000,L2FT01-FTJ020,19.00,0.000,0.666012,16605,0.435592,0.055345,0,0,1,0.9000,大鹏新区,22,22,0,0,0,0,1
2022-12-09,589179428,20190000000000000003,900200000000000037,1,108.390,422.300,45810.000,2022-12-09 06:15:00.000,L2FT01-FTJ020,19.00,0.000,0.666012,16605,0.435592,0.055345,0,0,1,0.9000,大鹏新区,22,22,0,0,0,0,1
2022-12-09,589179428,20190000000000000003,900200000000000045,1,71.390,345.253,24646.667,2022-12-09 06:15:00.000,L2FT01-FTJ020,19.00,0.000,0.666012,16605,0.435592,0.055345,0,0,1,0.9000,大鹏新区,22,22,0,0,0,0,1
2022-12-09,589179428,20190000000000000003,900200000000000035,1,129.890,311.527,40462.667,2022-12-09 06:30:00.000,L2FT01-FTJ020,19.00,0.000,0.666012,16605,0.435592,0.055345,0,0,1,0.9000,大鹏新区,22,22,0,0,0,0,1
2022-12-09,589179428,20190000000000000003,900200000000000037,1,123.399,440.393,54326.000,2022-12-09 06:30:00.000,L2FT01-FTJ020,19.00,0.000,0.666012,16605,0.435592,0.055345,0,0,1,0.9000,大鹏新区,22,22,0,0,0,0,1
2022-12-09,589179428,20190000000000000003,900200000000000045,1,71.390,353.567,25240.000,2022-12-09 06:30:00.000,L2FT01-FTJ020,19.00,0.000,0.666012,16605,0.435592,0.055345,0,0,1,0.9000,大鹏新区,22,22,0,0,0,0,1
2022-12-09,589179428,20190000000000000003,900200000000000037,1,64.177,457.407,29321.333,2022-12-09 06:45:00.000,L2FT01-FTJ020,19.00,0.000,0.666012,16605,0.435592,0.055345,0,0,1,0.9000,大鹏新区,22,22,0,0,0,0,1
2022-12-09,589179428,20190000000000000003,900200000000000045,1,71.390,363.993,25981.333,2022-12-09 06:45:00.000,L2FT01-FTJ020,19.00,0.000,0.666012,16605,0.435592,0.055345,0,0,1,0.9000,大鹏新区,22,22,0,0,0,0,1
2022-12-09,589179428,20190000000000000003,900200000000000035,1,129.818,312.420,40553.333,2022-12-09 06:45:00.000,L2FT01-FTJ020,19.00,0.000,0.666012,16605,0.435592,0.055345,0,0,1,0.9000,大鹏新区,22,22,0,0,0,0,1
2022-12-09,589179428,20190000000000000003,900200000000000035,1,129.842,313.793,40740.000,2022-12-09 07:00:00.000,L2FT01-FTJ020,18.90,0.000,0.666012,16605,0.435592,0.055345,0,0,1,0.9000,大鹏新区,22,22,0,0,0,0,1
2022-12-09,589179428,20190000000000000003,900200000000000037,1,23.598,460.283,10857.500,2022-12-09 07:00:00.000,L2FT01-FTJ020,18.90,0.000,0.666012,16605,0.435592,0.055345,0,0,1,0.9000,大鹏新区,22,22,0,0,0,0,1
2022-12-09,589179428,20190000000000000003,900200000000000045,1,71.390,376.547,26880.667,2022-12-09 07:00:00.000,L2FT01-FTJ020,18.90,0.000,0.666012,16605,0.435592,0.055345,0,0,1,0.9000,大鹏新区,22,22,0,0,0,0,1
2022-12-09,589179428,20190000000000000003,900200000000000035,1,129.800,314.960,40877.333,2022-12-09 07:15:00.000,L2FT01-FTJ020,18.90,0.000,0.666012,16605,0.435592,0.055345,0,0,1,0.9000,大鹏新区,22,22,0,0,0,0,1
2022-12-09,589179428,20190000000000000003,900200000000000045,1,46.837,385.407,18046.000,2022-12-09 07:15:00.000,L2FT01-FTJ020,18.90,0.000,0.666012,16605,0.435592,0.055345,0,0,1,0.9000,大鹏新区,22,22,0,0,0,0,1
2022-12-09,589179428,20190000000000000003,900200000000000035,1,86.994,322.279,27894.286,2022-12-09 07:30:00.000,L2FT01-FTJ020,18.90,0.000,0.666012,16605,0.435592,0.055345,0,0,1,0.9000,大鹏新区,22,22,0,0,0,0,1
2022-12-09,589179428,20190000000000000003,900200000000000045,1,24.571,387.860,9528.667,2022-12-09 07:30:00.000,L2FT01-FTJ020,18.90,0.000,0.666012,16605,0.435592,0.055345,0,0,1,0.9000,大鹏新区,22,22,0,0,0,0,1
2022-12-09,589179428,20190000000000000003,900200000000000045,1,24.590,390.200,9595.000,2022-12-09 07:45:00.000,L2FT01-FTJ020,18.90,0.000,0.666012,16605,0.435592,0.055345,0,0,1,0.9000,大鹏新区,22,22,0,0,0,0,1
2022-12-09,589179428,20190000000000000003,900200000000000042,1,63.992,344.940,22068.000,2022-12-09 08:00:00.000,L2FT01-FTJ020,18.60,0.000,0.666012,16605,0.435592,0.055345,0,0,1,0.9000,大鹏新区,22,22,0,0,0,0,1
2022-12-09,589179428,20190000000000000003,900200000000000034,1,82.618,330.150,27295.000,2022-12-09 08:15:00.000,L2FT01-FTJ020,18.60,0.000,0.666012,16605,0.435592,0.055345,0,0,1,0.9000,大鹏新区,22,22,0,0,0,0,1
2022-12-09,589179428,20190000000000000003,900200000000000042,1,63.857,356.293,22750.000,2022-12-09 08:15:00.000,L2FT01-FTJ020,18.60,0.000,0.666012,16605,0.435592,0.055345,0,0,1,0.9000,大鹏新区,22,22,0,0,0,0,1
2022-12-09,589179428,20190000000000000003,900200000000000042,1,42.430,364.593,15475.333,2022-12-09 08:30:00.000,L2FT01-FTJ020,18.60,0.000,0.666012,16605,0.435592,0.055345,0,0,1,0.9000,大鹏新区,22,22,0,0,0,0,1
2022-12-09,589179428,20190000000000000003,900200000000000034,1,110.949,333.040,36952.000,2022-12-09 08:30:00.000,L2FT01-FTJ020,18.60,0.000,0.666012,16605,0.435592,0.055345,0,0,1,0.9000,大鹏新区,22,22,0,0,0,0,1
2022-12-09,589179428,20190000000000000003,900200000000000042,1,24.357,368.387,8974.000,2022-12-09 08:45:00.000,L2FT01-FTJ020,18.60,0.000,0.666012,16605,0.435592,0.055345,0,0,1,0.9000,大鹏新区,22,22,0,0,0,0,1
2022-12-09,589179428,20190000000000000003,900200000000000034,1,68.914,335.467,23185.556,2022-12-09 08:45:00.000,L2FT01-FTJ020,18.60,0.000,0.666012,16605,0.435592,0.055345,0,0,1,0.9000,大鹏新区,22,22,0,0,0,0,1
2022-12-09,589179428,20190000000000000003,900200000000000035,1,29.890,325.300,9720.000,2022-12-09 08:45:00.000,L2FT01-FTJ020,18.60,0.000,0.666012,16605,0.435592,0.055345,0,0,1,0.9000,大鹏新区,22,22,0,0,0,0,1
2022-12-09,589179428,20190000000000000003,900200000000000042,1,13.190,368.450,4860.000,2022-12-09 09:00:00.000,L2FT01-FTJ020,18.12,0.000,0.666012,16605,0.435592,0.055345,0,0,1,0.9000,大鹏新区,22,22,0,0,0,0,1
2022-12-09,589179428,20190000000000000003,900200000000000056,1,51.507,413.883,21308.333,2022-12-09 09:00:00.000,L2FT01-FTJ020,18.12,0.000,0.666012,16605,0.435592,0.055345,0,0,1,0.9000,大鹏新区,22,22,0,0,0,0,1
2022-12-09,589179428,20190000000000000003,900200000000000056,1,44.767,423.269,18935.385,2022-12-09 09:15:00.000,L2FT01-FTJ020,18.12,0.000,0.666012,16605,0.435592,0.055345,0,0,1,0.9000,大鹏新区,22,22,0,0,0,0,1
2022-12-09,589179428,20190000000000000003,900200000000000042,1,9.895,372.500,4010.000,2022-12-09 10:15:00.000,L2FT01-FTJ020,17.50,0.000,0.666012,16605,0.435592,0.055345,0,0,1,0.9000,大鹏新区,22,22,0,0,0,0,1
2022-12-09,589179428,20190000000000000003,900200000000000035,1,104.389,406.323,42523.077,2022-12-09 10:30:00.000,L2FT01-FTJ020,17.50,0.000,0.666012,16605,0.435592,0.055345,0,0,1,0.9000,大鹏新区,22,22,0,0,0,0,1
2022-12-09,589179428,20190000000000000003,900200000000000042,1,115.598,471.711,54578.889,2022-12-09 10:30:00.000,L2FT01-FTJ020,17.50,0.000,0.666012,16605,0.435592,0.055345,0,0,1,0.9000,大鹏新区,22,22,0,0,0,0,1
2022-12-09,589179428,20190000000000000003,900200000000000032,1,143.251,311.629,44638.571,2022-12-09 10:45:00.000,L2FT01-FTJ020,17.50,0.000,0.666012,16605,0.435592,0.055345,0,0,1,0.9000,大鹏新区,22,22,0,0,0,0,1
2022-12-09,589179428,20190000000000000003,900200000000000035,1,89.771,423.513,37995.333,2022-12-09 10:45:00.000,L2FT01-FTJ020,17.50,0.000,0.666012,16605,0.435592,0.055345,0,0,1,0.9000,大鹏新区,22,22,0,0,0,0,1
2022-12-09,589179428,20190000000000000003,900200000000000040,1,44.813,409.908,18368.462,2022-12-09 10:45:00.000,L2FT01-FTJ020,17.50,0.000,0.666012,16605,0.435592,0.055345,0,0,1,0.9000,大鹏新区,22,22,0,0,0,0,1
2022-12-09,589179428,20190000000000000003,900200000000000040,1,44.590,411.573,18348.667,2022-12-09 11:00:00.000,L2FT01-FTJ020,16.78,0.000,0.666012,16605,0.435592,0.055345,0,0,1,0.9000,大鹏新区,22,22,0,0,0,0,1
2022-12-09,589179428,20190000000000000003,900200000000000035,1,52.221,433.650,22655.000,2022-12-09 11:00:00.000,L2FT01-FTJ020,16.78,0.000,0.666012,16605,0.435592,0.055345,0,0,1,0.9000,大鹏新区,22,22,0,0,0,0,1
2022-12-09,589179428,20190000000000000003,900200000000000032,1,143.030,314.200,44936.000,2022-12-09 11:00:00.000,L2FT01-FTJ020,16.78,0.000,0.666012,16605,0.435592,0.055345,0,0,1,0.9000,大鹏新区,22,22,0,0,0,0,1
2022-12-09,589179428,20190000000000000003,900200000000000032,1,143.041,315.718,45156.364,2022-12-09 11:15:00.000,L2FT01-FTJ020,16.78,0.000,0.666012,16605,0.435592,0.055345,0,0,1,0.9000,大鹏新区,22,22,0,0,0,0,1
2022-12-09,589179428,20190000000000000003,900200000000000040,1,39.403,413.133,16281.333,2022-12-09 11:15:00.000,L2FT01-FTJ020,16.78,0.000,0.666012,16605,0.435592,0.055345,0,0,1,0.9000,大鹏新区,22,22,0,0,0,0,1
2022-12-09,589179428,20190000000000000003,900200000000000048,1,10.190,362.300,3690.000,2022-12-09 11:15:00.000,L2FT01-FTJ020,16.78,0.000,0.666012,16605,0.435592,0.055345,0,0,1,0.9000,大鹏新区,22,22,0,0,0,0,1
2022-12-09,589179428,20190000000000000003,900200000000000040,1,21.064,416.336,8755.714,2022-12-09 11:30:00.000,L2FT01-FTJ020,16.78,0.000,0.666012,16605,0.435592,0.055345,0,0,1,0.9000,大鹏新区,22,22,0,0,0,0,1
2022-12-09,589179428,20190000000000000003,900200000000000048,1,54.810,382.467,20962.667,2022-12-09 11:30:00.000,L2FT01-FTJ020,16.78,0.000,0.666012,16605,0.435592,0.055345,0,0,1,0.9000,大鹏新区,22,22,0,0,0,0,1
2022-12-09,589179428,20190000000000000003,900200000000000031,1,83.695,307.900,25935.000,2022-12-09 11:45:00.000,L2FT01-FTJ020,16.78,0.000,0.666012,16605,0.435592,0.055345,0,0,1,0.9000,大鹏新区,22,22,0,0,0,0,1
2022-12-09,589179428,20190000000000000003,900200000000000048,1,37.523,394.113,14789.333,2022-12-09 11:45:00.000,L2FT01-FTJ020,16.78,0.000,0.666012,16605,0.435592,0.055345,0,0,1,0.9000,大鹏新区,22,22,0,0,0,0,1
2022-12-09,589179428,20190000000000000003,900200000000000031,1,129.899,314.147,40806.000,2022-12-09 12:00:00.000,L2FT01-FTJ020,16.00,0.000,0.666012,16605,0.435592,0.055345,0,0,1,0.9000,大鹏新区,22,22,0,0,0,0,1
2022-12-09,589179428,20190000000000000003,900200000000000039,1,61.922,365.490,22629.000,2022-12-09 12:00:00.000,L2FT01-FTJ020,16.00,0.000,0.666012,16605,0.435592,0.055345,0,0,1,0.9000,大鹏新区,22,22,0,0,0,0,1
2022-12-09,589179428,20190000000000000003,900200000000000048,1,14.403,395.227,5691.333,2022-12-09 12:00:00.000,L2FT01-FTJ020,16.00,0.000,0.666012,16605,0.435592,0.055345,0,0,1,0.9000,大鹏新区,22,22,0,0,0,0,1
2022-12-09,589179428,20190000000000000003,900200000000000052,1,149.849,312.929,46888.571,2022-12-09 12:00:00.000,L2FT01-FTJ020,16.00,0.000,0.666012,16605,0.435592,0.055345,0,0,1,0.9000,大鹏新区,22,22,0,0,0,0,1
2022-12-09,589179428,20190000000000000003,900200000000000048,1,7.007,395.650,2771.667,2022-12-09 12:15:00.000,L2FT01-FTJ020,16.00,0.000,0.666012,16605,0.435592,0.055345,0,0,1,0.9000,大鹏新区,22,22,0,0,0,0,1
2022-12-09,589179428,20190000000000000003,900200000000000047,1,129.859,313.663,40727.500,2022-12-09 12:15:00.000,L2FT01-FTJ020,16.00,0.000,0.666012,16605,0.435592,0.055345,0,0,1,0.9000,大鹏新区,22,22,0,0,0,0,1
2022-12-09,589179428,20190000000000000003,900200000000000052,1,149.877,314.580,47144.667,2022-12-09 12:15:00.000,L2FT01-FTJ020,16.00,0.000,0.666012,16605,0.435592,0.055345,0,0,1,0.9000,大鹏新区,22,22,0,0,0,0,1
2022-12-09,589179428,20190000000000000003,900200000000000031,1,115.905,321.800,37216.000,2022-12-09 12:15:00.000,L2FT01-FTJ020,16.00,0.000,0.666012,16605,0.435592,0.055345,0,0,1,0.9000,大鹏新区,22,22,0,0,0,0,1
2022-12-09,589179428,20190000000000000003,900200000000000039,1,61.843,374.640,23167.333,2022-12-09 12:15:00.000,L2FT01-FTJ020,16.00,0.000,0.666012,16605,0.435592,0.055345,0,0,1,0.9000,大鹏新区,22,22,0,0,0,0,1
2022-12-09,589179428,20190000000000000003,900200000000000031,1,31.203,328.033,10236.667,2022-12-09 12:30:00.000,L2FT01-FTJ020,16.00,0.000,0.666012,16605,0.435592,0.055345,0,0,1,0.9000,大鹏新区,22,22,0,0,0,0,1
2022-12-09,589179428,20190000000000000003,900200000000000039,1,60.143,382.700,23010.000,2022-12-09 12:30:00.000,L2FT01-FTJ020,16.00,0.000,0.666012,16605,0.435592,0.055345,0,0,1,0.9000,大鹏新区,22,22,0,0,0,0,1
2022-12-09,589179428,20190000000000000003,900200000000000047,1,129.861,316.353,41078.667,2022-12-09 12:30:00.000,L2FT01-FTJ020,16.00,0.000,0.666012,16605,0.435592,0.055345,0,0,1,0.9000,大鹏新区,22,22,0,0,0,0,1
2022-12-09,589179428,20190000000000000003,900200000000000052,1,125.236,320.808,39896.923,2022-12-09 12:30:00.000,L2FT01-FTJ020,16.00,0.000,0.666012,16605,0.435592,0.055345,0,0,1,0.9000,大鹏新区,22,22,0,0,0,0,1
2022-12-09,589179428,20190000000000000003,900200000000000031,1,29.890,337.688,10091.250,2022-12-09 12:45:00.000,L2FT01-FTJ020,16.00,0.000,0.666012,16605,0.435592,0.055345,0,0,1,0.9000,大鹏新区,22,22,0,0,0,0,1
2022-12-09,589179428,20190000000000000003,900200000000000039,1,34.537,385.067,13297.333,2022-12-09 12:45:00.000,L2FT01-FTJ020,16.00,0.000,0.666012,16605,0.435592,0.055345,0,0,1,0.9000,大鹏新区,22,22,0,0,0,0,1
2022-12-09,589179428,20190000000000000003,900200000000000047,1,129.978,317.360,41244.000,2022-12-09 12:45:00.000,L2FT01-FTJ020,16.00,0.000,0.666012,16605,0.435592,0.055345,0,0,1,0.9000,大鹏新区,22,22,0,0,0,0,1
2022-12-09,589179428,20190000000000000003,900200000000000039,1,18.807,385.100,7243.333,2022-12-09 13:00:00.000,L2FT01-FTJ020,15.22,0.000,0.666012,16605,0.435592,0.055345,0,0,1,0.9000,大鹏新区,22,22,0,0,0,0,1
2022-12-09,589179428,20190000000000000003,900200000000000042,1,61.492,360.983,22266.667,2022-12-09 13:45:00.000,L2FT01-FTJ020,15.22,0.000,0.666012,16605,0.435592,0.055345,0,0,1,0.9000,大鹏新区,22,22,0,0,0,0,1
2022-12-09,589179428,20190000000000000003,900200000000000042,1,71.390,361.520,25807.333,2022-12-09 14:00:00.000,L2FT01-FTJ020,14.50,0.000,0.666012,16605,0.435592,0.055345,0,0,1,0.9000,大鹏新区,22,22,0,0,0,0,1
2022-12-09,589179428,20190000000000000003,900200000000000042,1,71.390,360.267,25718.000,2022-12-09 14:15:00.000,L2FT01-FTJ020,14.50,0.000,0.666012,16605,0.435592,0.055345,0,0,1,0.9000,大鹏新区,22,22,0,0,0,0,1
2022-12-09,589179428,20190000000000000003,900200000000000042,1,71.390,361.667,25818.000,2022-12-09 14:30:00.000,L2FT01-FTJ020,14.50,0.000,0.666012,16605,0.435592,0.055345,0,0,1,0.9000,大鹏新区,22,22,0,0,0,0,1
2022-12-09,589179428,20190000000000000003,900200000000000032,1,149.611,365.891,54740.909,2022-12-09 14:30:00.000,L2FT01-FTJ020,14.50,0.000,0.666012,16605,0.435592,0.055345,0,0,1,0.9000,大鹏新区,22,22,0,0,0,0,1
2022-12-09,589179428,20190000000000000003,900200000000000030,1,2.690,355.200,950.000,2022-12-09 14:30:00.000,L2FT01-FTJ020,14.50,0.000,0.666012,16605,0.435592,0.055345,0,0,1,0.9000,大鹏新区,22,22,0,0,0,0,1
2022-12-09,589179428,20190000000000000003,900200000000000030,1,76.800,362.493,27853.333,2022-12-09 14:45:00.000,L2FT01-FTJ020,14.50,0.000,0.666012,16605,0.435592,0.055345,0,0,1,0.9000,大鹏新区,22,22,0,0,0,0,1
2022-12-09,589179428,20190000000000000003,900200000000000032,1,130.301,381.207,49613.333,2022-12-09 14:45:00.000,L2FT01-FTJ020,14.50,0.000,0.666012,16605,0.435592,0.055345,0,0,1,0.9000,大鹏新区,22,22,0,0,0,0,1
2022-12-09,589179428,20190000000000000003,900200000000000042,1,55.668,364.044,20260.000,2022-12-09 14:45:00.000,L2FT01-FTJ020,14.50,0.000,0.666012,16605,0.435592,0.055345,0,0,1,0.9000,大鹏新区,22,22,0,0,0,0,1
2022-12-09,589179428,20190000000000000003,900200000000000030,1,86.519,363.386,31437.143,2022-12-09 15:00:00.000,L2FT01-FTJ020,13.88,0.000,0.666012,16605,0.435592,0.055345,0,0,1,0.9000,大鹏新区,22,22,0,0,0,0,1
2022-12-09,589179428,20190000000000000003,900200000000000032,1,86.692,392.980,34036.667,2022-12-09 15:00:00.000,L2FT01-FTJ020,13.88,0.000,0.666012,16605,0.435592,0.055345,0,0,1,0.9000,大鹏新区,22,22,0,0,0,0,1
2022-12-09,589179428,20190000000000000003,900200000000000032,1,70.895,399.350,28305.000,2022-12-09 15:15:00.000,L2FT01-FTJ020,13.88,0.000,0.666012,16605,0.435592,0.055345,0,0,1,0.9000,大鹏新区,22,22,0,0,0,0,1
2022-12-09,589179428,20190000000000000003,900200000000000031,0,0.000,128.400,0.000,2022-12-09 15:45:00.000,L2FT01-FTJ020,13.88,0.000,0.666012,16605,0.435592,0.055345,0,0,1,0.9000,大鹏新区,22,22,0,0,0,0,1
2022-12-09,589179428,20190000000000000003,900200000000000044,1,39.711,405.310,16315.000,2022-12-09 16:15:00.000,L2FT01-FTJ020,13.40,0.000,0.666012,16605,0.435592,0.055345,0,0,1,0.9000,大鹏新区,22,22,0,0,0,0,1
2022-12-09,589179428,20190000000000000003,900200000000000044,1,28.010,409.173,11472.667,2022-12-09 16:30:00.000,L2FT01-FTJ020,13.40,0.000,0.666012,16605,0.435592,0.055345,0,0,1,0.9000,大鹏新区,22,22,0,0,0,0,1
2022-12-09,589179428,20190000000000000003,900200000000000044,1,15.473,410.367,6350.000,2022-12-09 16:45:00.000,L2FT01-FTJ020,13.40,0.000,0.666012,16605,0.435592,0.055345,0,0,1,0.9000,大鹏新区,22,22,0,0,0,0,1
2022-12-09,589179428,20190000000000000003,900200000000000049,1,50.024,345.993,17305.333,2022-12-09 16:45:00.000,L2FT01-FTJ020,13.40,0.000,0.666012,16605,0.435592,0.055345,0,0,1,0.9000,大鹏新区,22,22,0,0,0,0,1
2022-12-09,589179428,20190000000000000003,900200000000000042,1,111.270,313.529,35025.714,2022-12-09 17:00:00.000,L2FT01-FTJ020,13.10,0.000,0.666012,16605,0.435592,0.055345,0,0,1,0.9000,大鹏新区,22,22,0,0,0,0,1
2022-12-09,589179428,20190000000000000003,900200000000000049,1,50.000,355.078,17751.111,2022-12-09 17:00:00.000,L2FT01-FTJ020,13.10,0.000,0.666012,16605,0.435592,0.055345,0,0,1,0.9000,大鹏新区,22,22,0,0,0,0,1
2022-12-09,589179428,20190000000000000003,900200000000000042,1,129.878,315.483,40970.000,2022-12-09 17:15:00.000,L2FT01-FTJ020,13.10,0.000,0.666012,16605,0.435592,0.055345,0,0,1,0.9000,大鹏新区,22,22,0,0,0,0,1
2022-12-09,589179428,20190000000000000003,900200000000000056,1,71.391,394.707,28177.857,2022-12-09 19:00:00.000,L2FT01-FTJ020,13.10,0.000,0.666012,16605,0.435592,0.055345,0,0,1,0.9000,大鹏新区,22,22,0,0,0,0,1
2022-12-09,589179428,20190000000000000003,900200000000000056,1,70.437,394.787,27806.667,2022-12-09 19:15:00.000,L2FT01-FTJ020,13.10,0.000,0.666012,16605,0.435592,0.055345,0,0,1,0.9000,大鹏新区,22,22,0,0,0,0,1
2022-12-09,589179428,20190000000000000003,900200000000000056,1,60.503,394.640,23885.333,2022-12-09 19:30:00.000,L2FT01-FTJ020,13.10,0.000,0.666012,16605,0.435592,0.055345,0,0,1,0.9000,大鹏新区,22,22,0,0,0,0,1
2022-12-09,589179428,20190000000000000003,900200000000000056,1,51.357,395.800,20349.333,2022-12-09 19:45:00.000,L2FT01-FTJ020,13.10,0.000,0.666012,16605,0.435592,0.055345,0,0,1,0.9000,大鹏新区,22,22,0,0,0,0,1
2022-12-09,589179428,20190000000000000003,900200000000000056,1,40.840,405.750,16555.000,2022-12-09 20:00:00.000,L2FT01-FTJ020,13.40,0.000,0.666012,16605,0.435592,0.055345,0,0,1,0.9000,大鹏新区,22,22,0,0,0,0,1
2022-12-09,589179428,20190000000000000003,900200000000000049,1,98.973,350.673,34646.667,2022-12-09 20:30:00.000,L2FT01-FTJ020,13.40,0.000,0.666012,16605,0.435592,0.055345,0,0,1,0.9000,大鹏新区,22,22,0,0,0,0,1
2022-12-09,589179428,20190000000000000003,900200000000000049,1,128.281,364.600,46750.000,2022-12-09 20:45:00.000,L2FT01-FTJ020,13.40,0.000,0.666012,16605,0.435592,0.055345,0,0,1,0.9000,大鹏新区,22,22,0,0,0,0,1
2022-12-09,589179428,20190000000000000003,900200000000000049,1,84.999,378.967,32201.667,2022-12-09 21:00:00.000,L2FT01-FTJ020,13.88,0.000,0.666012,16605,0.435592,0.055345,0,0,1,0.9000,大鹏新区,22,22,0,0,0,0,1
2022-12-09,589179428,20190000000000000003,900200000000000032,1,57.345,318.000,20665.000,2022-12-09 22:30:00.000,L2FT01-FTJ020,14.50,0.000,0.666012,16605,0.435592,0.055345,0,0,1,0.9000,大鹏新区,22,22,0,0,0,0,1
2022-12-09,589179428,20190000000000000003,900200000000000032,1,72.919,357.320,26067.333,2022-12-09 22:45:00.000,L2FT01-FTJ020,14.50,0.000,0.666012,16605,0.435592,0.055345,0,0,1,0.9000,大鹏新区,22,22,0,0,0,0,1
2022-12-09,589179428,20190000000000000003,900200000000000032,1,39.078,360.012,14050.000,2022-12-09 23:00:00.000,L2FT01-FTJ020,15.22,0.000,0.666012,16605,0.435592,0.055345,0,0,1,0.9000,大鹏新区,22,22,0,0,0,0,1
2022-12-10,589179428,20190000000000000003,900200000000000031,1,132.695,349.400,46365.000,2022-12-10 00:00:00.000,L2FT01-FTJ020,16.00,0.000,0.666012,16605,0.435592,0.055345,0,0,0,0.9000,大鹏新区,22,22,0,0,0,0,1
2022-12-10,589179428,20190000000000000003,900200000000000031,1,134.461,357.240,48028.667,2022-12-10 00:15:00.000,L2FT01-FTJ020,16.00,0.000,0.666012,16605,0.435592,0.055345,0,0,0,0.9000,大鹏新区,22,22,0,0,0,0,1
2022-12-10,589179428,20190000000000000003,900200000000000031,1,107.904,370.213,39898.667,2022-12-10 00:30:00.000,L2FT01-FTJ020,16.00,0.000,0.666012,16605,0.435592,0.055345,0,0,0,0.9000,大鹏新区,22,22,0,0,0,0,1
2022-12-10,589179428,20190000000000000003,900200000000000031,1,73.971,384.967,28423.333,2022-12-10 00:45:00.000,L2FT01-FTJ020,16.00,0.000,0.666012,16605,0.435592,0.055345,0,0,0,0.9000,大鹏新区,22,22,0,0,0,0,1
2022-12-10,589179428,20190000000000000003,900200000000000031,1,37.078,392.433,14541.333,2022-12-10 01:00:00.000,L2FT01-FTJ020,16.78,0.000,0.666012,16605,0.435592,0.055345,0,0,0,0.9000,大鹏新区,22,22,0,0,0,0,1
2022-12-10,589179428,20190000000000000003,900200000000000037,1,119.527,348.967,41710.000,2022-12-10 01:00:00.000,L2FT01-FTJ020,16.78,0.000,0.666012,16605,0.435592,0.055345,0,0,0,0.9000,大鹏新区,22,22,0,0,0,0,1
2022-12-10,589179428,20190000000000000003,900200000000000031,1,11.883,395.080,4694.000,2022-12-10 01:15:00.000,L2FT01-FTJ020,16.78,0.000,0.666012,16605,0.435592,0.055345,0,0,0,0.9000,大鹏新区,22,22,0,0,0,0,1
2022-12-10,589179428,20190000000000000003,900200000000000037,1,119.677,355.247,42511.333,2022-12-10 01:15:00.000,L2FT01-FTJ020,16.78,0.000,0.666012,16605,0.435592,0.055345,0,0,0,0.9000,大鹏新区,22,22,0,0,0,0,1
2022-12-10,589179428,20190000000000000003,900200000000000031,1,11.890,396.700,4715.000,2022-12-10 01:30:00.000,L2FT01-FTJ020,16.78,0.000,0.666012,16605,0.435592,0.055345,0,0,0,0.9000,大鹏新区,22,22,0,0,0,0,1
2022-12-10,589179428,20190000000000000003,900200000000000037,1,119.756,356.600,42700.667,2022-12-10 01:30:00.000,L2FT01-FTJ020,16.78,0.000,0.666012,16605,0.435592,0.055345,0,0,0,0.9000,大鹏新区,22,22,0,0,0,0,1
2022-12-10,589179428,20190000000000000003,900200000000000037,1,119.749,358.807,42964.000,2022-12-10 01:45:00.000,L2FT01-FTJ020,16.78,0.000,0.666012,16605,0.435592,0.055345,0,0,0,0.9000,大鹏新区,22,22,0,0,0,0,1
2022-12-10,589179428,20190000000000000003,900200000000000037,1,84.497,361.250,30573.333,2022-12-10 02:00:00.000,L2FT01-FTJ020,17.50,0.000,0.666012,16605,0.435592,0.055345,0,0,0,0.9000,大鹏新区,22,22,0,0,0,0,1
2022-12-10,589179428,20190000000000000003,900200000000000057,1,115.428,311.756,35737.778,2022-12-10 02:30:00.000,L2FT01-FTJ020,17.50,0.000,0.666012,16605,0.435592,0.055345,0,0,0,0.9000,大鹏新区,22,22,0,0,0,0,1
2022-12-10,589179428,20190000000000000003,900200000000000057,1,129.890,310.600,40340.000,2022-12-10 02:45:00.000,L2FT01-FTJ020,17.50,0.000,0.666012,16605,0.435592,0.055345,0,0,0,0.9000,大鹏新区,22,22,0,0,0,0,1
2022-12-10,589179428,20190000000000000003,900200000000000057,1,129.866,311.320,40426.667,2022-12-10 03:00:00.000,L2FT01-FTJ020,18.12,0.000,0.666012,16605,0.435592,0.055345,0,0,0,0.9000,大鹏新区,22,22,0,0,0,0,1
2022-12-10,589179428,20190000000000000003,900200000000000057,1,129.854,313.127,40656.000,2022-12-10 03:15:00.000,L2FT01-FTJ020,18.12,0.000,0.666012,16605,0.435592,0.055345,0,0,0,0.9000,大鹏新区,22,22,0,0,0,0,1
2022-12-10,589179428,20190000000000000003,900200000000000034,1,130.792,303.058,40667.500,2022-12-10 03:30:00.000,L2FT01-FTJ020,18.12,0.000,0.666012,16605,0.435592,0.055345,0,0,0,0.9000,大鹏新区,22,22,0,0,0,0,1
2022-12-10,589179428,20190000000000000003,900200000000000057,1,129.806,314.793,40856.000,2022-12-10 03:30:00.000,L2FT01-FTJ020,18.12,0.000,0.666012,16605,0.435592,0.055345,0,0,0,0.9000,大鹏新区,22,22,0,0,0,0,1
2022-12-10,589179428,20190000000000000003,900200000000000057,1,93.970,320.975,29979.167,2022-12-10 03:45:00.000,L2FT01-FTJ020,18.12,0.000,0.666012,16605,0.435592,0.055345,0,0,0,0.9000,大鹏新区,22,22,0,0,0,0,1
2022-12-10,589179428,20190000000000000003,900200000000000034,1,142.536,313.373,44662.667,2022-12-10 03:45:00.000,L2FT01-FTJ020,18.12,0.000,0.666012,16605,0.435592,0.055345,0,0,0,0.9000,大鹏新区,22,22,0,0,0,0,1
2022-12-10,589179428,20190000000000000003,900200000000000030,1,117.064,310.160,36322.000,2022-12-10 03:45:00.000,L2FT01-FTJ020,18.12,0.000,0.666012,16605,0.435592,0.055345,0,0,0,0.9000,大鹏新区,22,22,0,0,0,0,1
2022-12-10,589179428,20190000000000000003,900200000000000030,1,130.105,310.800,40433.333,2022-12-10 04:00:00.000,L2FT01-FTJ020,18.60,0.000,0.666012,16605,0.435592,0.055345,0,0,0,0.9000,大鹏新区,22,22,0,0,0,0,1
2022-12-10,589179428,20190000000000000003,900200000000000034,1,142.584,315.047,44918.000,2022-12-10 04:00:00.000,L2FT01-FTJ020,18.60,0.000,0.666012,16605,0.435592,0.055345,0,0,0,0.9000,大鹏新区,22,22,0,0,0,0,1
2022-12-10,589179428,20190000000000000003,900200000000000030,1,125.004,312.000,38997.333,2022-12-10 04:15:00.000,L2FT01-FTJ020,18.60,0.000,0.666012,16605,0.435592,0.055345,0,0,0,0.9000,大鹏新区,22,22,0,0,0,0,1
2022-12-10,589179428,20190000000000000003,900200000000000034,1,115.840,313.269,36067.692,2022-12-10 04:15:00.000,L2FT01-FTJ020,18.60,0.000,0.666012,16605,0.435592,0.055345,0,0,0,0.9000,大鹏新区,22,22,0,0,0,0,1
2022-12-10,589179428,20190000000000000003,900200000000000045,1,129.902,309.071,40146.429,2022-12-10 04:15:00.000,L2FT01-FTJ020,18.60,0.000,0.666012,16605,0.435592,0.055345,0,0,0,0.9000,大鹏新区,22,22,0,0,0,0,1
2022-12-10,589179428,20190000000000000003,900200000000000030,1,121.500,312.873,38010.000,2022-12-10 04:30:00.000,L2FT01-FTJ020,18.60,0.000,0.666012,16605,0.435592,0.055345,0,0,0,0.9000,大鹏新区,22,22,0,0,0,0,1
2022-12-10,589179428,20190000000000000003,900200000000000034,1,129.884,308.927,40121.333,2022-12-10 04:30:00.000,L2FT01-FTJ020,18.60,0.000,0.666012,16605,0.435592,0.055345,0,0,0,0.9000,大鹏新区,22,22,0,0,0,0,1
2022-12-10,589179428,20190000000000000003,900200000000000045,1,129.956,311.293,40450.000,2022-12-10 04:30:00.000,L2FT01-FTJ020,18.60,0.000,0.666012,16605,0.435592,0.055345,0,0,0,0.9000,大鹏新区,22,22,0,0,0,0,1
2022-12-10,589179428,20190000000000000003,900200000000000056,1,64.619,338.029,22031.429,2022-12-10 04:45:00.000,L2FT01-FTJ020,18.60,0.000,0.666012,16605,0.435592,0.055345,0,0,0,0.9000,大鹏新区,22,22,0,0,0,0,1
2022-12-10,589179428,20190000000000000003,900200000000000049,1,57.598,325.215,19590.000,2022-12-10 04:45:00.000,L2FT01-FTJ020,18.60,0.000,0.666012,16605,0.435592,0.055345,0,0,0,0.9000,大鹏新区,22,22,0,0,0,0,1
2022-12-10,589179428,20190000000000000003,900200000000000047,1,71.427,363.671,25974.286,2022-12-10 04:45:00.000,L2FT01-FTJ020,18.60,0.000,0.666012,16605,0.435592,0.055345,0,0,0,0.9000,大鹏新区,22,22,0,0,0,0,1
2022-12-10,589179428,20190000000000000003,900200000000000045,1,129.963,311.887,40530.667,2022-12-10 04:45:00.000,L2FT01-FTJ020,18.60,0.000,0.666012,16605,0.435592,0.055345,0,0,0,0.9000,大鹏新区,22,22,0,0,0,0,1
2022-12-10,589179428,20190000000000000003,900200000000000042,1,199.700,306.700,61240.000,2022-12-10 04:45:00.000,L2FT01-FTJ020,18.60,0.000,0.666012,16605,0.435592,0.055345,0,0,0,0.9000,大鹏新区,22,22,0,0,0,0,1
2022-12-10,589179428,20190000000000000003,900200000000000034,1,129.748,310.193,40242.000,2022-12-10 04:45:00.000,L2FT01-FTJ020,18.60,0.000,0.666012,16605,0.435592,0.055345,0,0,0,0.9000,大鹏新区,22,22,0,0,0,0,1
2022-12-10,589179428,20190000000000000003,900200000000000030,1,121.500,313.920,38137.333,2022-12-10 04:45:00.000,L2FT01-FTJ020,18.60,0.000,0.666012,16605,0.435592,0.055345,0,0,0,0.9000,大鹏新区,22,22,0,0,0,0,1
2022-12-10,589179428,20190000000000000003,900200000000000030,1,121.536,316.953,38517.333,2022-12-10 05:00:00.000,L2FT01-FTJ020,18.90,0.000,0.666012,16605,0.435592,0.055345,0,0,0,0.9000,大鹏新区,22,22,0,0,0,0,1
2022-12-10,589179428,20190000000000000003,900200000000000034,1,129.842,311.120,40392.000,2022-12-10 05:00:00.000,L2FT01-FTJ020,18.90,0.000,0.666012,16605,0.435592,0.055345,0,0,0,0.9000,大鹏新区,22,22,0,0,0,0,1
2022-12-10,589179428,20190000000000000003,900200000000000042,1,199.890,312.187,62398.667,2022-12-10 05:00:00.000,L2FT01-FTJ020,18.90,0.000,0.666012,16605,0.435592,0.055345,0,0,0,0.9000,大鹏新区,22,22,0,0,0,0,1
2022-12-10,589179428,20190000000000000003,900200000000000045,1,129.978,313.767,40778.667,2022-12-10 05:00:00.000,L2FT01-FTJ020,18.90,0.000,0.666012,16605,0.435592,0.055345,0,0,0,0.9000,大鹏新区,22,22,0,0,0,0,1
2022-12-10,589179428,20190000000000000003,900200000000000047,1,71.317,374.073,26677.333,2022-12-10 05:00:00.000,L2FT01-FTJ020,18.90,0.000,0.666012,16605,0.435592,0.055345,0,0,0,0.9000,大鹏新区,22,22,0,0,0,0,1
2022-12-10,589179428,20190000000000000003,900200000000000049,1,71.412,344.813,24621.333,2022-12-10 05:00:00.000,L2FT01-FTJ020,18.90,0.000,0.666012,16605,0.435592,0.055345,0,0,0,0.9000,大鹏新区,22,22,0,0,0,0,1
2022-12-10,589179428,20190000000000000003,900200000000000056,1,98.277,351.933,34560.667,2022-12-10 05:00:00.000,L2FT01-FTJ020,18.90,0.000,0.666012,16605,0.435592,0.055345,0,0,0,0.9000,大鹏新区,22,22,0,0,0,0,1
2022-12-10,589179428,20190000000000000003,900200000000000049,1,71.478,353.453,25259.333,2022-12-10 05:15:00.000,L2FT01-FTJ020,18.90,0.000,0.666012,16605,0.435592,0.055345,0,0,0,0.9000,大鹏新区,22,22,0,0,0,0,1
2022-12-10,589179428,20190000000000000003,900200000000000047,1,69.197,389.833,26961.333,2022-12-10 05:15:00.000,L2FT01-FTJ020,18.90,0.000,0.666012,16605,0.435592,0.055345,0,0,0,0.9000,大鹏新区,22,22,0,0,0,0,1
2022-12-10,589179428,20190000000000000003,900200000000000045,1,129.934,314.947,40919.333,2022-12-10 05:15:00.000,L2FT01-FTJ020,18.90,0.000,0.666012,16605,0.435592,0.055345,0,0,0,0.9000,大鹏新区,22,22,0,0,0,0,1
2022-12-10,589179428,20190000000000000003,900200000000000056,1,64.723,365.607,23636.000,2022-12-10 05:15:00.000,L2FT01-FTJ020,18.90,0.000,0.666012,16605,0.435592,0.055345,0,0,0,0.9000,大鹏新区,22,22,0,0,0,0,1
2022-12-10,589179428,20190000000000000003,900200000000000034,1,129.800,312.773,40593.333,2022-12-10 05:15:00.000,L2FT01-FTJ020,18.90,0.000,0.666012,16605,0.435592,0.055345,0,0,0,0.9000,大鹏新区,22,22,0,0,0,0,1
2022-12-10,589179428,20190000000000000003,900200000000000030,1,35.757,328.200,11733.333,2022-12-10 05:15:00.000,L2FT01-FTJ020,18.90,0.000,0.666012,16605,0.435592,0.055345,0,0,0,0.9000,大鹏新区,22,22,0,0,0,0,1
2022-12-10,589179428,20190000000000000003,900200000000000042,1,190.398,313.473,59686.000,2022-12-10 05:15:00.000,L2FT01-FTJ020,18.90,0.000,0.666012,16605,0.435592,0.055345,0,0,0,0.9000,大鹏新区,22,22,0,0,0,0,1
2022-12-10,589179428,20190000000000000003,900200000000000049,1,71.506,364.173,26036.000,2022-12-10 05:30:00.000,L2FT01-FTJ020,18.90,0.000,0.666012,16605,0.435592,0.055345,0,0,0,0.9000,大鹏新区,22,22,0,0,0,0,1
2022-12-10,589179428,20190000000000000003,900200000000000047,1,38.082,398.385,15163.846,2022-12-10 05:30:00.000,L2FT01-FTJ020,18.90,0.000,0.666012,16605,0.435592,0.055345,0,0,0,0.9000,大鹏新区,22,22,0,0,0,0,1
2022-12-10,589179428,20190000000000000003,900200000000000056,1,41.790,372.847,15578.667,2022-12-10 05:30:00.000,L2FT01-FTJ020,18.90,0.000,0.666012,16605,0.435592,0.055345,0,0,0,0.9000,大鹏新区,22,22,0,0,0,0,1
2022-12-10,589179428,20190000000000000003,900200000000000042,1,164.848,314.253,51801.333,2022-12-10 05:30:00.000,L2FT01-FTJ020,18.90,0.000,0.666012,16605,0.435592,0.055345,0,0,0,0.9000,大鹏新区,22,22,0,0,0,0,1
2022-12-10,589179428,20190000000000000003,900200000000000034,1,129.836,313.913,40754.000,2022-12-10 05:30:00.000,L2FT01-FTJ020,18.90,0.000,0.666012,16605,0.435592,0.055345,0,0,0,0.9000,大鹏新区,22,22,0,0,0,0,1
2022-12-10,589179428,20190000000000000003,900200000000000045,1,123.939,318.213,39388.000,2022-12-10 05:30:00.000,L2FT01-FTJ020,18.90,0.000,0.666012,16605,0.435592,0.055345,0,0,0,0.9000,大鹏新区,22,22,0,0,0,0,1
2022-12-10,589179428,20190000000000000003,900200000000000034,1,129.884,315.327,40954.667,2022-12-10 05:45:00.000,L2FT01-FTJ020,18.90,0.000,0.666012,16605,0.435592,0.055345,0,0,0,0.9000,大鹏新区,22,22,0,0,0,0,1
2022-12-10,589179428,20190000000000000003,900200000000000042,1,164.872,315.660,52041.333,2022-12-10 05:45:00.000,L2FT01-FTJ020,18.90,0.000,0.666012,16605,0.435592,0.055345,0,0,0,0.9000,大鹏新区,22,22,0,0,0,0,1
2022-12-10,589179428,20190000000000000003,900200000000000045,1,96.795,314.683,30173.333,2022-12-10 05:45:00.000,L2FT01-FTJ020,18.90,0.000,0.666012,16605,0.435592,0.055345,0,0,0,0.9000,大鹏新区,22,22,0,0,0,0,1
2022-12-10,589179428,20190000000000000003,900200000000000049,1,71.463,376.073,26872.000,2022-12-10 05:45:00.000,L2FT01-FTJ020,18.90,0.000,0.666012,16605,0.435592,0.055345,0,0,0,0.9000,大鹏新区,22,22,0,0,0,0,1
2022-12-10,589179428,20190000000000000003,900200000000000056,1,20.450,376.927,7712.667,2022-12-10 05:45:00.000,L2FT01-FTJ020,18.90,0.000,0.666012,16605,0.435592,0.055345,0,0,0,0.9000,大鹏新区,22,22,0,0,0,0,1
2022-12-10,589179428,20190000000000000003,900200000000000056,1,12.690,378.315,4799.231,2022-12-10 06:00:00.000,L2FT01-FTJ020,19.00,0.000,0.666012,16605,0.435592,0.055345,0,0,0,0.9000,大鹏新区,22,22,0,0,0,0,1
2022-12-10,589179428,20190000000000000003,900200000000000053,1,67.829,321.812,21826.250,2022-12-10 06:00:00.000,L2FT01-FTJ020,19.00,0.000,0.666012,16605,0.435592,0.055345,0,0,0,0.9000,大鹏新区,22,22,0,0,0,0,1
2022-12-10,589179428,20190000000000000003,900200000000000049,1,44.895,384.633,17258.667,2022-12-10 06:00:00.000,L2FT01-FTJ020,19.00,0.000,0.666012,16605,0.435592,0.055345,0,0,0,0.9000,大鹏新区,22,22,0,0,0,0,1
2022-12-10,589179428,20190000000000000003,900200000000000042,1,133.554,321.318,42721.818,2022-12-10 06:00:00.000,L2FT01-FTJ020,19.00,0.000,0.666012,16605,0.435592,0.055345,0,0,0,0.9000,大鹏新区,22,22,0,0,0,0,1
2022-12-10,589179428,20190000000000000003,900200000000000034,1,101.290,322.157,32461.429,2022-12-10 06:00:00.000,L2FT01-FTJ020,19.00,0.000,0.666012,16605,0.435592,0.055345,0,0,0,0.9000,大鹏新区,22,22,0,0,0,0,1
2022-12-10,589179428,20190000000000000003,900200000000000045,1,129.882,311.053,40396.000,2022-12-10 06:00:00.000,L2FT01-FTJ020,19.00,0.000,0.666012,16605,0.435592,0.055345,0,0,0,0.9000,大鹏新区,22,22,0,0,0,0,1
2022-12-10,589179428,20190000000000000003,900200000000000045,1,129.985,312.360,40597.333,2022-12-10 06:15:00.000,L2FT01-FTJ020,19.00,0.000,0.666012,16605,0.435592,0.055345,0,0,0,0.9000,大鹏新区,22,22,0,0,0,0,1
2022-12-10,589179428,20190000000000000003,900200000000000049,1,24.590,386.180,9496.000,2022-12-10 06:15:00.000,L2FT01-FTJ020,19.00,0.000,0.666012,16605,0.435592,0.055345,0,0,0,0.9000,大鹏新区,22,22,0,0,0,0,1
2022-12-10,589179428,20190000000000000003,900200000000000053,1,67.790,327.547,22201.333,2022-12-10 06:15:00.000,L2FT01-FTJ020,19.00,0.000,0.666012,16605,0.435592,0.055345,0,0,0,0.9000,大鹏新区,22,22,0,0,0,0,1
2022-12-10,589179428,20190000000000000003,900200000000000039,1,129.773,315.100,40887.500,2022-12-10 06:30:00.000,L2FT01-FTJ020,19.00,0.000,0.666012,16605,0.435592,0.055345,0,0,0,0.9000,大鹏新区,22,22,0,0,0,0,1
2022-12-10,589179428,20190000000000000003,900200000000000044,1,129.590,310.000,40170.000,2022-12-10 06:30:00.000,L2FT01-FTJ020,19.00,0.000,0.666012,16605,0.435592,0.055345,0,0,0,0.9000,大鹏新区,22,22,0,0,0,0,1
2022-12-10,589179428,20190000000000000003,900200000000000045,1,130.965,313.480,41052.000,2022-12-10 06:30:00.000,L2FT01-FTJ020,19.00,0.000,0.666012,16605,0.435592,0.055345,0,0,0,0.9000,大鹏新区,22,22,0,0,0,0,1
2022-12-10,589179428,20190000000000000003,900200000000000053,1,67.790,334.660,22684.000,2022-12-10 06:30:00.000,L2FT01-FTJ020,19.00,0.000,0.666012,16605,0.435592,0.055345,0,0,0,0.9000,大鹏新区,22,22,0,0,0,0,1
2022-12-10,589179428,20190000000000000003,900200000000000053,1,67.870,344.713,23394.000,2022-12-10 06:45:00.000,L2FT01-FTJ020,19.00,0.000,0.666012,16605,0.435592,0.055345,0,0,0,0.9000,大鹏新区,22,22,0,0,0,0,1
2022-12-10,589179428,20190000000000000003,900200000000000039,1,103.777,320.770,33099.000,2022-12-10 06:45:00.000,L2FT01-FTJ020,19.00,0.000,0.666012,16605,0.435592,0.055345,0,0,0,0.9000,大鹏新区,22,22,0,0,0,0,1
2022-12-10,589179428,20190000000000000003,900200000000000044,1,129.845,311.287,40414.667,2022-12-10 06:45:00.000,L2FT01-FTJ020,19.00,0.000,0.666012,16605,0.435592,0.055345,0,0,0,0.9000,大鹏新区,22,22,0,0,0,0,1
2022-12-10,589179428,20190000000000000003,900200000000000045,1,129.800,314.473,40814.000,2022-12-10 06:45:00.000,L2FT01-FTJ020,19.00,0.000,0.666012,16605,0.435592,0.055345,0,0,0,0.9000,大鹏新区,22,22,0,0,0,0,1
2022-12-10,589179428,20190000000000000003,900200000000000053,1,63.343,356.560,22574.667,2022-12-10 07:00:00.000,L2FT01-FTJ020,18.90,0.000,0.666012,16605,0.435592,0.055345,0,0,0,0.9000,大鹏新区,22,22,0,0,0,0,1
2022-12-10,589179428,20190000000000000003,900200000000000044,1,129.897,312.333,40568.000,2022-12-10 07:00:00.000,L2FT01-FTJ020,18.90,0.000,0.666012,16605,0.435592,0.055345,0,0,0,0.9000,大鹏新区,22,22,0,0,0,0,1
2022-12-10,589179428,20190000000000000003,900200000000000045,1,130.736,316.953,41435.333,2022-12-10 07:00:00.000,L2FT01-FTJ020,18.90,0.000,0.666012,16605,0.435592,0.055345,0,0,0,0.9000,大鹏新区,22,22,0,0,0,0,1
2022-12-10,589179428,20190000000000000003,900200000000000044,1,129.890,313.633,40734.667,2022-12-10 07:15:00.000,L2FT01-FTJ020,18.90,0.000,0.666012,16605,0.435592,0.055345,0,0,0,0.9000,大鹏新区,22,22,0,0,0,0,1
2022-12-10,589179428,20190000000000000003,900200000000000045,1,57.315,326.300,18630.000,2022-12-10 07:15:00.000,L2FT01-FTJ020,18.90,0.000,0.666012,16605,0.435592,0.055345,0,0,0,0.9000,大鹏新区,22,22,0,0,0,0,1
2022-12-10,589179428,20190000000000000003,900200000000000053,1,32.595,361.420,11776.667,2022-12-10 07:15:00.000,L2FT01-FTJ020,18.90,0.000,0.666012,16605,0.435592,0.055345,0,0,0,0.9000,大鹏新区,22,22,0,0,0,0,1
2022-12-10,589179428,20190000000000000003,900200000000000044,1,129.897,314.413,40838.667,2022-12-10 07:30:00.000,L2FT01-FTJ020,18.90,0.000,0.666012,16605,0.435592,0.055345,0,0,0,0.9000,大鹏新区,22,22,0,0,0,0,1
2022-12-10,589179428,20190000000000000003,900200000000000053,1,13.590,362.180,4920.000,2022-12-10 07:30:00.000,L2FT01-FTJ020,18.90,0.000,0.666012,16605,0.435592,0.055345,0,0,0,0.9000,大鹏新区,22,22,0,0,0,0,1
2022-12-10,589179428,20190000000000000003,900200000000000043,1,81.549,326.429,26621.429,2022-12-10 07:45:00.000,L2FT01-FTJ020,18.90,0.000,0.666012,16605,0.435592,0.055345,0,0,0,0.9000,大鹏新区,22,22,0,0,0,0,1
2022-12-10,589179428,20190000000000000003,900200000000000044,1,125.919,318.287,40026.667,2022-12-10 07:45:00.000,L2FT01-FTJ020,18.90,0.000,0.666012,16605,0.435592,0.055345,0,0,0,0.9000,大鹏新区,22,22,0,0,0,0,1
2022-12-10,589179428,20190000000000000003,900200000000000032,1,90.481,357.327,33007.333,2022-12-10 08:00:00.000,L2FT01-FTJ020,18.60,0.000,0.666012,16605,0.435592,0.055345,0,0,0,0.9000,大鹏新区,22,22,0,0,0,0,1
2022-12-10,589179428,20190000000000000003,900200000000000043,1,93.678,328.100,30732.667,2022-12-10 08:00:00.000,L2FT01-FTJ020,18.60,0.000,0.666012,16605,0.435592,0.055345,0,0,0,0.9000,大鹏新区,22,22,0,0,0,0,1
2022-12-10,589179428,20190000000000000003,900200000000000044,1,69.890,330.400,23090.000,2022-12-10 08:00:00.000,L2FT01-FTJ020,18.60,0.000,0.666012,16605,0.435592,0.055345,0,0,0,0.9000,大鹏新区,22,22,0,0,0,0,1
2022-12-10,589179428,20190000000000000003,900200000000000043,1,94.855,329.927,31290.000,2022-12-10 08:15:00.000,L2FT01-FTJ020,18.60,0.000,0.666012,16605,0.435592,0.055345,0,0,0,0.9000,大鹏新区,22,22,0,0,0,0,1
2022-12-10,589179428,20190000000000000003,900200000000000044,1,93.152,354.440,33696.000,2022-12-10 08:15:00.000,L2FT01-FTJ020,18.60,0.000,0.666012,16605,0.435592,0.055345,0,0,0,0.9000,大鹏新区,22,22,0,0,0,0,1
2022-12-10,589179428,20190000000000000003,900200000000000032,1,82.143,378.313,31060.000,2022-12-10 08:15:00.000,L2FT01-FTJ020,18.60,0.000,0.666012,16605,0.435592,0.055345,0,0,0,0.9000,大鹏新区,22,22,0,0,0,0,1
2022-12-10,589179428,20190000000000000003,900200000000000032,1,38.545,385.253,14846.000,2022-12-10 08:30:00.000,L2FT01-FTJ020,18.60,0.000,0.666012,16605,0.435592,0.055345,0,0,0,0.9000,大鹏新区,22,22,0,0,0,0,1
2022-12-10,589179428,20190000000000000003,900200000000000040,1,149.895,314.200,47095.000,2022-12-10 08:30:00.000,L2FT01-FTJ020,18.60,0.000,0.666012,16605,0.435592,0.055345,0,0,0,0.9000,大鹏新区,22,22,0,0,0,0,1
2022-12-10,589179428,20190000000000000003,900200000000000043,1,94.820,332.067,31482.222,2022-12-10 08:30:00.000,L2FT01-FTJ020,18.60,0.000,0.666012,16605,0.435592,0.055345,0,0,0,0.9000,大鹏新区,22,22,0,0,0,0,1
2022-12-10,589179428,20190000000000000003,900200000000000044,1,73.685,360.167,26574.667,2022-12-10 08:30:00.000,L2FT01-FTJ020,18.60,0.000,0.666012,16605,0.435592,0.055345,0,0,0,0.9000,大鹏新区,22,22,0,0,0,0,1
2022-12-10,589179428,20190000000000000003,900200000000000032,1,23.619,387.807,9157.857,2022-12-10 08:45:00.000,L2FT01-FTJ020,18.60,0.000,0.666012,16605,0.435592,0.055345,0,0,0,0.9000,大鹏新区,22,22,0,0,0,0,1
2022-12-10,589179428,20190000000000000003,900200000000000040,1,149.901,315.886,47348.571,2022-12-10 08:45:00.000,L2FT01-FTJ020,18.60,0.000,0.666012,16605,0.435592,0.055345,0,0,0,0.9000,大鹏新区,22,22,0,0,0,0,1
2022-12-10,589179428,20190000000000000003,900200000000000044,1,34.790,362.200,12600.000,2022-12-10 08:45:00.000,L2FT01-FTJ020,18.60,0.000,0.666012,16605,0.435592,0.055345,0,0,0,0.9000,大鹏新区,22,22,0,0,0,0,1
2022-12-10,589179428,20190000000000000003,900200000000000040,1,129.994,312.770,40656.000,2022-12-10 09:00:00.000,L2FT01-FTJ020,18.12,0.000,0.666012,16605,0.435592,0.055345,0,0,0,0.9000,大鹏新区,22,22,0,0,0,0,1
2022-12-10,589179428,20190000000000000003,900200000000000040,1,130.090,312.742,40681.667,2022-12-10 09:15:00.000,L2FT01-FTJ020,18.12,0.000,0.666012,16605,0.435592,0.055345,0,0,0,0.9000,大鹏新区,22,22,0,0,0,0,1
2022-12-10,589179428,20190000000000000003,900200000000000043,1,70.790,385.300,27317.273,2022-12-10 10:45:00.000,L2FT01-FTJ020,17.50,0.000,0.666012,16605,0.435592,0.055345,0,0,0,0.9000,大鹏新区,22,22,0,0,0,0,1
2022-12-10,589179428,20190000000000000003,900200000000000057,1,44.849,409.371,18358.571,2022-12-10 10:45:00.000,L2FT01-FTJ020,17.50,0.000,0.666012,16605,0.435592,0.055345,0,0,0,0.9000,大鹏新区,22,22,0,0,0,0,1
2022-12-10,589179428,20190000000000000003,900200000000000043,1,97.803,396.740,38855.333,2022-12-10 11:00:00.000,L2FT01-FTJ020,16.78,0.000,0.666012,16605,0.435592,0.055345,0,0,0,0.9000,大鹏新区,22,22,0,0,0,0,1
2022-12-10,589179428,20190000000000000003,900200000000000057,1,44.857,411.007,18435.333,2022-12-10 11:00:00.000,L2FT01-FTJ020,16.78,0.000,0.666012,16605,0.435592,0.055345,0,0,0,0.9000,大鹏新区,22,22,0,0,0,0,1
2022-12-10,589179428,20190000000000000003,900200000000000057,1,44.863,413.227,18538.000,2022-12-10 11:15:00.000,L2FT01-FTJ020,16.78,0.000,0.666012,16605,0.435592,0.055345,0,0,0,0.9000,大鹏新区,22,22,0,0,0,0,1
2022-12-10,589179428,20190000000000000003,900200000000000043,1,68.560,407.567,27935.333,2022-12-10 11:15:00.000,L2FT01-FTJ020,16.78,0.000,0.666012,16605,0.435592,0.055345,0,0,0,0.9000,大鹏新区,22,22,0,0,0,0,1
2022-12-10,589179428,20190000000000000003,900200000000000043,1,58.341,417.800,24360.667,2022-12-10 11:30:00.000,L2FT01-FTJ020,16.78,0.000,0.666012,16605,0.435592,0.055345,0,0,0,0.9000,大鹏新区,22,22,0,0,0,0,1
2022-12-10,589179428,20190000000000000003,900200000000000057,1,34.990,413.660,14490.000,2022-12-10 11:30:00.000,L2FT01-FTJ020,16.78,0.000,0.666012,16605,0.435592,0.055345,0,0,0,0.9000,大鹏新区,22,22,0,0,0,0,1
2022-12-10,589179428,20190000000000000003,900200000000000039,1,105.017,379.980,39891.000,2022-12-10 11:45:00.000,L2FT01-FTJ020,16.78,0.000,0.666012,16605,0.435592,0.055345,0,0,0,0.9000,大鹏新区,22,22,0,0,0,0,1
2022-12-10,589179428,20190000000000000003,900200000000000044,1,86.563,280.900,26953.333,2022-12-10 11:45:00.000,L2FT01-FTJ020,16.78,0.000,0.666012,16605,0.435592,0.055345,0,0,0,0.9000,大鹏新区,22,22,0,0,0,0,1
2022-12-10,589179428,20190000000000000003,900200000000000057,1,14.303,412.353,5892.667,2022-12-10 11:45:00.000,L2FT01-FTJ020,16.78,0.000,0.666012,16605,0.435592,0.055345,0,0,0,0.9000,大鹏新区,22,22,0,0,0,0,1
2022-12-10,589179428,20190000000000000003,900200000000000035,1,99.991,392.100,39200.000,2022-12-10 12:00:00.000,L2FT01-FTJ020,16.00,0.000,0.666012,16605,0.435592,0.055345,0,0,0,0.9000,大鹏新区,22,22,0,0,0,0,1
2022-12-10,589179428,20190000000000000003,900200000000000039,1,91.197,395.407,35999.333,2022-12-10 12:00:00.000,L2FT01-FTJ020,16.00,0.000,0.666012,16605,0.435592,0.055345,0,0,0,0.9000,大鹏新区,22,22,0,0,0,0,1
2022-12-10,589179428,20190000000000000003,900200000000000044,1,129.845,312.553,40578.000,2022-12-10 12:00:00.000,L2FT01-FTJ020,16.00,0.000,0.666012,16605,0.435592,0.055345,0,0,0,0.9000,大鹏新区,22,22,0,0,0,0,1
2022-12-10,589179428,20190000000000000003,900200000000000049,1,129.890,314.400,40840.000,2022-12-10 12:00:00.000,L2FT01-FTJ020,16.00,0.000,0.666012,16605,0.435592,0.055345,0,0,0,0.9000,大鹏新区,22,22,0,0,0,0,1
2022-12-10,589179428,20190000000000000003,900200000000000044,1,129.897,314.440,40842.667,2022-12-10 12:15:00.000,L2FT01-FTJ020,16.00,0.000,0.666012,16605,0.435592,0.055345,0,0,0,0.9000,大鹏新区,22,22,0,0,0,0,1
2022-12-10,589179428,20190000000000000003,900200000000000049,1,129.872,315.293,40946.000,2022-12-10 12:15:00.000,L2FT01-FTJ020,16.00,0.000,0.666012,16605,0.435592,0.055345,0,0,0,0.9000,大鹏新区,22,22,0,0,0,0,1
2022-12-10,589179428,20190000000000000003,900200000000000039,1,51.563,405.927,20913.333,2022-12-10 12:15:00.000,L2FT01-FTJ020,16.00,0.000,0.666012,16605,0.435592,0.055345,0,0,0,0.9000,大鹏新区,22,22,0,0,0,0,1
2022-12-10,589179428,20190000000000000003,900200000000000035,1,71.917,390.647,28097.333,2022-12-10 12:15:00.000,L2FT01-FTJ020,16.00,0.000,0.666012,16605,0.435592,0.055345,0,0,0,0.9000,大鹏新区,22,22,0,0,0,0,1
2022-12-10,589179428,20190000000000000003,900200000000000035,1,51.091,390.287,19947.333,2022-12-10 12:30:00.000,L2FT01-FTJ020,16.00,0.000,0.666012,16605,0.435592,0.055345,0,0,0,0.9000,大鹏新区,22,22,0,0,0,0,1
2022-12-10,589179428,20190000000000000003,900200000000000039,1,24.590,410.267,10086.667,2022-12-10 12:30:00.000,L2FT01-FTJ020,16.00,0.000,0.666012,16605,0.435592,0.055345,0,0,0,0.9000,大鹏新区,22,22,0,0,0,0,1
2022-12-10,589179428,20190000000000000003,900200000000000044,1,129.949,316.240,41093.333,2022-12-10 12:30:00.000,L2FT01-FTJ020,16.00,0.000,0.666012,16605,0.435592,0.055345,0,0,0,0.9000,大鹏新区,22,22,0,0,0,0,1
2022-12-10,589179428,20190000000000000003,900200000000000049,1,113.861,320.720,36354.000,2022-12-10 12:30:00.000,L2FT01-FTJ020,16.00,0.000,0.666012,16605,0.435592,0.055345,0,0,0,0.9000,大鹏新区,22,22,0,0,0,0,1
2022-12-10,589179428,20190000000000000003,900200000000000035,1,36.830,392.200,14447.333,2022-12-10 12:45:00.000,L2FT01-FTJ020,16.00,0.000,0.666012,16605,0.435592,0.055345,0,0,0,0.9000,大鹏新区,22,22,0,0,0,0,1
2022-12-10,589179428,20190000000000000003,900200000000000037,1,69.570,350.940,24468.000,2022-12-10 12:45:00.000,L2FT01-FTJ020,16.00,0.000,0.666012,16605,0.435592,0.055345,0,0,0,0.9000,大鹏新区,22,22,0,0,0,0,1
2022-12-10,589179428,20190000000000000003,900200000000000039,1,14.865,411.825,6122.500,2022-12-10 12:45:00.000,L2FT01-FTJ020,16.00,0.000,0.666012,16605,0.435592,0.055345,0,0,0,0.9000,大鹏新区,22,22,0,0,0,0,1
2022-12-10,589179428,20190000000000000003,900200000000000044,1,89.920,325.188,29040.000,2022-12-10 12:45:00.000,L2FT01-FTJ020,16.00,0.000,0.666012,16605,0.435592,0.055345,0,0,0,0.9000,大鹏新区,22,22,0,0,0,0,1
2022-12-10,589179428,20190000000000000003,900200000000000035,1,16.061,397.221,6395.714,2022-12-10 13:00:00.000,L2FT01-FTJ020,15.22,0.000,0.666012,16605,0.435592,0.055345,0,0,0,0.9000,大鹏新区,22,22,0,0,0,0,1
2022-12-10,589179428,20190000000000000003,900200000000000037,1,76.363,355.053,27111.333,2022-12-10 13:00:00.000,L2FT01-FTJ020,15.22,0.000,0.666012,16605,0.435592,0.055345,0,0,0,0.9000,大鹏新区,22,22,0,0,0,0,1
2022-12-10,589179428,20190000000000000003,900200000000000037,1,76.397,357.060,27276.667,2022-12-10 13:15:00.000,L2FT01-FTJ020,15.22,0.000,0.666012,16605,0.435592,0.055345,0,0,0,0.9000,大鹏新区,22,22,0,0,0,0,1
2022-12-10,589179428,20190000000000000003,900200000000000037,1,63.870,357.880,22882.000,2022-12-10 13:30:00.000,L2FT01-FTJ020,15.22,0.000,0.666012,16605,0.435592,0.055345,0,0,0,0.9000,大鹏新区,22,22,0,0,0,0,1
2022-12-10,589179428,20190000000000000003,900200000000000037,1,24.823,354.060,8787.333,2022-12-10 13:45:00.000,L2FT01-FTJ020,15.22,0.000,0.666012,16605,0.435592,0.055345,0,0,0,0.9000,大鹏新区,22,22,0,0,0,0,1
2022-12-10,589179428,20190000000000000003,900200000000000030,1,73.056,483.380,35306.000,2022-12-10 13:45:00.000,L2FT01-FTJ020,15.22,0.000,0.666012,16605,0.435592,0.055345,0,0,0,0.9000,大鹏新区,22,22,0,0,0,0,1
2022-12-10,589179428,20190000000000000003,900200000000000037,1,24.790,358.700,8891.000,2022-12-10 14:00:00.000,L2FT01-FTJ020,14.50,0.000,0.666012,16605,0.435592,0.055345,0,0,0,0.9000,大鹏新区,22,22,0,0,0,0,1
2022-12-10,589179428,20190000000000000003,900200000000000030,1,70.817,485.709,34395.455,2022-12-10 14:00:00.000,L2FT01-FTJ020,14.50,0.000,0.666012,16605,0.435592,0.055345,0,0,0,0.9000,大鹏新区,22,22,0,0,0,0,1
2022-12-10,589179428,20190000000000000003,900200000000000037,1,20.000,381.600,7630.000,2022-12-10 14:30:00.000,L2FT01-FTJ020,14.50,0.000,0.666012,16605,0.435592,0.055345,0,0,0,0.9000,大鹏新区,22,22,0,0,0,0,1
2022-12-10,589179428,20190000000000000003,900200000000000037,1,122.484,477.573,58504.000,2022-12-10 14:45:00.000,L2FT01-FTJ020,14.50,0.000,0.666012,16605,0.435592,0.055345,0,0,0,0.9000,大鹏新区,22,22,0,0,0,0,1
2022-12-10,589179428,20190000000000000003,900200000000000037,1,108.021,477.487,51584.000,2022-12-10 15:00:00.000,L2FT01-FTJ020,13.88,0.000,0.666012,16605,0.435592,0.055345,0,0,0,0.9000,大鹏新区,22,22,0,0,0,0,1
2022-12-10,589179428,20190000000000000003,900200000000000037,1,83.790,477.520,40012.000,2022-12-10 15:15:00.000,L2FT01-FTJ020,13.88,0.000,0.666012,16605,0.435592,0.055345,0,0,0,0.9000,大鹏新区,22,22,0,0,0,0,1
2022-12-10,589179428,20190000000000000003,900200000000000044,1,60.176,470.483,28309.167,2022-12-10 16:15:00.000,L2FT01-FTJ020,13.40,0.000,0.666012,16605,0.435592,0.055345,0,0,0,0.9000,大鹏新区,22,22,0,0,0,0,1
2022-12-10,589179428,20190000000000000003,900200000000000057,1,59.825,329.350,19701.667,2022-12-10 16:15:00.000,L2FT01-FTJ020,13.40,0.000,0.666012,16605,0.435592,0.055345,0,0,0,0.9000,大鹏新区,22,22,0,0,0,0,1
2022-12-10,589179428,20190000000000000003,900200000000000057,1,59.810,336.113,20100.667,2022-12-10 16:30:00.000,L2FT01-FTJ020,13.40,0.000,0.666012,16605,0.435592,0.055345,0,0,0,0.9000,大鹏新区,22,22,0,0,0,0,1
2022-12-10,589179428,20190000000000000003,900200000000000048,1,95.367,320.991,30609.091,2022-12-10 16:45:00.000,L2FT01-FTJ020,13.40,0.000,0.666012,16605,0.435592,0.055345,0,0,0,0.9000,大鹏新区,22,22,0,0,0,0,1
2022-12-10,589179428,20190000000000000003,900200000000000057,1,59.817,348.487,20843.333,2022-12-10 16:45:00.000,L2FT01-FTJ020,13.40,0.000,0.666012,16605,0.435592,0.055345,0,0,0,0.9000,大鹏新区,22,22,0,0,0,0,1
2022-12-10,589179428,20190000000000000003,900200000000000048,1,95.434,326.180,31124.667,2022-12-10 17:00:00.000,L2FT01-FTJ020,13.10,0.000,0.666012,16605,0.435592,0.055345,0,0,0,0.9000,大鹏新区,22,22,0,0,0,0,1
2022-12-10,589179428,20190000000000000003,900200000000000057,1,53.477,360.233,19244.667,2022-12-10 17:00:00.000,L2FT01-FTJ020,13.10,0.000,0.666012,16605,0.435592,0.055345,0,0,0,0.9000,大鹏新区,22,22,0,0,0,0,1
2022-12-10,589179428,20190000000000000003,900200000000000034,1,58.716,382.675,22535.000,2022-12-10 17:00:00.000,L2FT01-FTJ020,13.10,0.000,0.666012,16605,0.435592,0.055345,0,0,0,0.9000,大鹏新区,22,22,0,0,0,0,1
2022-12-10,589179428,20190000000000000003,900200000000000042,1,129.863,310.430,40308.000,2022-12-10 17:00:00.000,L2FT01-FTJ020,13.10,0.000,0.666012,16605,0.435592,0.055345,0,0,0,0.9000,大鹏新区,22,22,0,0,0,0,1
2022-12-10,589179428,20190000000000000003,900200000000000034,1,32.653,386.560,12616.667,2022-12-10 17:15:00.000,L2FT01-FTJ020,13.10,0.000,0.666012,16605,0.435592,0.055345,0,0,0,0.9000,大鹏新区,22,22,0,0,0,0,1
2022-12-10,589179428,20190000000000000003,900200000000000039,1,75.363,307.633,23373.333,2022-12-10 17:15:00.000,L2FT01-FTJ020,13.10,0.000,0.666012,16605,0.435592,0.055345,0,0,0,0.9000,大鹏新区,22,22,0,0,0,0,1
2022-12-10,589179428,20190000000000000003,900200000000000042,1,132.815,311.807,41410.667,2022-12-10 17:15:00.000,L2FT01-FTJ020,13.10,0.000,0.666012,16605,0.435592,0.055345,0,0,0,0.9000,大鹏新区,22,22,0,0,0,0,1
2022-12-10,589179428,20190000000000000003,900200000000000048,1,95.390,327.340,31224.000,2022-12-10 17:15:00.000,L2FT01-FTJ020,13.10,0.000,0.666012,16605,0.435592,0.055345,0,0,0,0.9000,大鹏新区,22,22,0,0,0,0,1
2022-12-10,589179428,20190000000000000003,900200000000000057,1,23.497,364.757,8569.286,2022-12-10 17:15:00.000,L2FT01-FTJ020,13.10,0.000,0.666012,16605,0.435592,0.055345,0,0,0,0.9000,大鹏新区,22,22,0,0,0,0,1
2022-12-10,589179428,20190000000000000003,900200000000000034,1,26.213,390.100,10222.143,2022-12-10 17:30:00.000,L2FT01-FTJ020,13.10,0.000,0.666012,16605,0.435592,0.055345,0,0,0,0.9000,大鹏新区,22,22,0,0,0,0,1
2022-12-10,589179428,20190000000000000003,900200000000000042,1,132.705,313.547,41602.667,2022-12-10 17:30:00.000,L2FT01-FTJ020,13.10,0.000,0.666012,16605,0.435592,0.055345,0,0,0,0.9000,大鹏新区,22,22,0,0,0,0,1
2022-12-10,589179428,20190000000000000003,900200000000000048,1,95.590,328.533,31403.333,2022-12-10 17:30:00.000,L2FT01-FTJ020,13.10,0.000,0.666012,16605,0.435592,0.055345,0,0,0,0.9000,大鹏新区,22,22,0,0,0,0,1
2022-12-10,589179428,20190000000000000003,900200000000000056,1,67.866,328.000,22257.500,2022-12-10 17:30:00.000,L2FT01-FTJ020,13.10,0.000,0.666012,16605,0.435592,0.055345,0,0,0,0.9000,大鹏新区,22,22,0,0,0,0,1
2022-12-10,589179428,20190000000000000003,900200000000000056,1,67.823,336.607,22828.000,2022-12-10 17:45:00.000,L2FT01-FTJ020,13.10,0.000,0.666012,16605,0.435592,0.055345,0,0,0,0.9000,大鹏新区,22,22,0,0,0,0,1
2022-12-10,589179428,20190000000000000003,900200000000000034,1,119.819,312.800,37581.538,2022-12-10 17:45:00.000,L2FT01-FTJ020,13.10,0.000,0.666012,16605,0.435592,0.055345,0,0,0,0.9000,大鹏新区,22,22,0,0,0,0,1
2022-12-10,589179428,20190000000000000003,900200000000000042,1,129.829,314.620,40842.000,2022-12-10 17:45:00.000,L2FT01-FTJ020,13.10,0.000,0.666012,16605,0.435592,0.055345,0,0,0,0.9000,大鹏新区,22,22,0,0,0,0,1
2022-12-10,589179428,20190000000000000003,900200000000000056,1,67.790,348.513,23623.333,2022-12-10 18:00:00.000,L2FT01-FTJ020,13.00,0.000,0.666012,16605,0.435592,0.055345,0,0,0,0.9000,大鹏新区,22,22,0,0,0,0,1
2022-12-10,589179428,20190000000000000003,900200000000000042,1,111.267,320.329,35443.571,2022-12-10 18:00:00.000,L2FT01-FTJ020,13.00,0.000,0.666012,16605,0.435592,0.055345,0,0,0,0.9000,大鹏新区,22,22,0,0,0,0,1
2022-12-10,589179428,20190000000000000003,900200000000000030,1,191.081,314.636,60117.273,2022-12-10 18:00:00.000,L2FT01-FTJ020,13.00,0.000,0.666012,16605,0.435592,0.055345,0,0,0,0.9000,大鹏新区,22,22,0,0,0,0,1
2022-12-10,589179428,20190000000000000003,900200000000000034,1,95.554,320.814,30670.000,2022-12-10 18:00:00.000,L2FT01-FTJ020,13.00,0.000,0.666012,16605,0.435592,0.055345,0,0,0,0.9000,大鹏新区,22,22,0,0,0,0,1
2022-12-10,589179428,20190000000000000003,900200000000000030,1,191.000,315.583,60271.667,2022-12-10 18:15:00.000,L2FT01-FTJ020,13.00,0.000,0.666012,16605,0.435592,0.055345,0,0,0,0.9000,大鹏新区,22,22,0,0,0,0,1
2022-12-10,589179428,20190000000000000003,900200000000000056,1,56.457,358.980,20246.000,2022-12-10 18:15:00.000,L2FT01-FTJ020,13.00,0.000,0.666012,16605,0.435592,0.055345,0,0,0,0.9000,大鹏新区,22,22,0,0,0,0,1
2022-12-10,589179428,20190000000000000003,900200000000000030,1,191.238,312.337,59726.250,2022-12-10 18:30:00.000,L2FT01-FTJ020,13.00,0.000,0.666012,16605,0.435592,0.055345,0,0,0,0.9000,大鹏新区,22,22,0,0,0,0,1
2022-12-10,589179428,20190000000000000003,900200000000000056,1,22.804,363.153,8278.667,2022-12-10 18:30:00.000,L2FT01-FTJ020,13.00,0.000,0.666012,16605,0.435592,0.055345,0,0,0,0.9000,大鹏新区,22,22,0,0,0,0,1
2022-12-10,589179428,20190000000000000003,900200000000000030,1,191.047,313.980,59980.000,2022-12-10 18:45:00.000,L2FT01-FTJ020,13.00,0.000,0.666012,16605,0.435592,0.055345,0,0,0,0.9000,大鹏新区,22,22,0,0,0,0,1
2022-12-10,589179428,20190000000000000003,900200000000000043,1,162.761,303.100,51234.545,2022-12-10 18:45:00.000,L2FT01-FTJ020,13.00,0.000,0.666012,16605,0.435592,0.055345,0,0,0,0.9000,大鹏新区,22,22,0,0,0,0,1
2022-12-10,589179428,20190000000000000003,900200000000000056,1,13.890,364.200,5057.500,2022-12-10 18:45:00.000,L2FT01-FTJ020,13.00,0.000,0.666012,16605,0.435592,0.055345,0,0,0,0.9000,大鹏新区,22,22,0,0,0,0,1
2022-12-10,589179428,20190000000000000003,900200000000000030,1,191.067,316.060,60384.667,2022-12-10 19:00:00.000,L2FT01-FTJ020,13.10,0.000,0.666012,16605,0.435592,0.055345,0,0,0,0.9000,大鹏新区,22,22,0,0,0,0,1
2022-12-10,589179428,20190000000000000003,900200000000000043,1,179.022,317.469,56827.692,2022-12-10 19:00:00.000,L2FT01-FTJ020,13.10,0.000,0.666012,16605,0.435592,0.055345,0,0,0,0.9000,大鹏新区,22,22,0,0,0,0,1
2022-12-10,589179428,20190000000000000003,900200000000000048,1,71.355,354.036,25260.000,2022-12-10 19:15:00.000,L2FT01-FTJ020,13.10,0.000,0.666012,16605,0.435592,0.055345,0,0,0,0.9000,大鹏新区,22,22,0,0,0,0,1
2022-12-10,589179428,20190000000000000003,900200000000000030,1,148.444,321.473,47488.182,2022-12-10 19:15:00.000,L2FT01-FTJ020,13.10,0.000,0.666012,16605,0.435592,0.055345,0,0,0,0.9000,大鹏新区,22,22,0,0,0,0,1
2022-12-10,589179428,20190000000000000003,900200000000000039,1,61.630,382.200,23060.000,2022-12-10 19:15:00.000,L2FT01-FTJ020,13.10,0.000,0.666012,16605,0.435592,0.055345,0,0,0,0.9000,大鹏新区,22,22,0,0,0,0,1
2022-12-10,589179428,20190000000000000003,900200000000000052,1,60.295,373.450,22680.000,2022-12-10 19:30:00.000,L2FT01-FTJ020,13.10,0.000,0.666012,16605,0.435592,0.055345,0,0,0,0.9000,大鹏新区,22,22,0,0,0,0,1
2022-12-10,589179428,20190000000000000003,900200000000000048,1,67.690,355.520,24064.667,2022-12-10 19:30:00.000,L2FT01-FTJ020,13.10,0.000,0.666012,16605,0.435592,0.055345,0,0,0,0.9000,大鹏新区,22,22,0,0,0,0,1
2022-12-10,589179428,20190000000000000003,900200000000000048,1,51.377,355.700,18278.667,2022-12-10 19:45:00.000,L2FT01-FTJ020,13.10,0.000,0.666012,16605,0.435592,0.055345,0,0,0,0.9000,大鹏新区,22,22,0,0,0,0,1
2022-12-10,589179428,20190000000000000003,900200000000000048,1,24.890,356.957,8880.000,2022-12-10 20:00:00.000,L2FT01-FTJ020,13.40,0.000,0.666012,16605,0.435592,0.055345,0,0,0,0.9000,大鹏新区,22,22,0,0,0,0,1
2022-12-10,589179428,20190000000000000003,900200000000000031,1,106.540,388.929,41428.571,2022-12-10 21:30:00.000,L2FT01-FTJ020,13.88,0.000,0.666012,16605,0.435592,0.055345,0,0,0,0.9000,大鹏新区,22,22,0,0,0,0,1
2022-12-10,589179428,20190000000000000003,900200000000000037,1,149.914,313.060,46930.000,2022-12-10 21:30:00.000,L2FT01-FTJ020,13.88,0.000,0.666012,16605,0.435592,0.055345,0,0,0,0.9000,大鹏新区,22,22,0,0,0,0,1
2022-12-10,589179428,20190000000000000003,900200000000000031,1,85.119,390.233,33220.667,2022-12-10 21:45:00.000,L2FT01-FTJ020,13.88,0.000,0.666012,16605,0.435592,0.055345,0,0,0,0.9000,大鹏新区,22,22,0,0,0,0,1
2022-12-10,589179428,20190000000000000003,900200000000000037,1,149.858,313.873,47034.667,2022-12-10 21:45:00.000,L2FT01-FTJ020,13.88,0.000,0.666012,16605,0.435592,0.055345,0,0,0,0.9000,大鹏新区,22,22,0,0,0,0,1
2022-12-10,589179428,20190000000000000003,900200000000000031,1,63.319,389.200,24646.000,2022-12-10 22:00:00.000,L2FT01-FTJ020,14.50,0.000,0.666012,16605,0.435592,0.055345,0,0,0,0.9000,大鹏新区,22,22,0,0,0,0,1
2022-12-10,589179428,20190000000000000003,900200000000000037,1,150.053,315.987,47412.000,2022-12-10 22:00:00.000,L2FT01-FTJ020,14.50,0.000,0.666012,16605,0.435592,0.055345,0,0,0,0.9000,大鹏新区,22,22,0,0,0,0,1
2022-12-10,589179428,20190000000000000003,900200000000000031,1,47.523,389.840,18528.667,2022-12-10 22:15:00.000,L2FT01-FTJ020,14.50,0.000,0.666012,16605,0.435592,0.055345,0,0,0,0.9000,大鹏新区,22,22,0,0,0,0,1
2022-12-10,589179428,20190000000000000003,900200000000000037,1,139.324,319.850,44495.833,2022-12-10 22:15:00.000,L2FT01-FTJ020,14.50,0.000,0.666012,16605,0.435592,0.055345,0,0,0,0.9000,大鹏新区,22,22,0,0,0,0,1
2022-12-10,589179428,20190000000000000003,900200000000000031,1,28.575,395.969,11315.385,2022-12-10 22:30:00.000,L2FT01-FTJ020,14.50,0.000,0.666012,16605,0.435592,0.055345,0,0,0,0.9000,大鹏新区,22,22,0,0,0,0,1
2022-12-11,589179428,20190000000000000003,900200000000000052,1,121.904,465.779,57277.857,2022-12-11 00:00:00.000,L2FT01-FTJ020,16.00,0.000,0.666012,16605,0.435592,0.055345,0,0,0,0.9000,大鹏新区,22,22,0,0,0,0,1
2022-12-11,589179428,20190000000000000003,900200000000000057,1,118.665,358.725,42562.500,2022-12-11 00:00:00.000,L2FT01-FTJ020,16.00,0.000,0.666012,16605,0.435592,0.055345,0,0,0,0.9000,大鹏新区,22,22,0,0,0,0,1
2022-12-11,589179428,20190000000000000003,900200000000000057,1,127.779,368.247,47066.000,2022-12-11 00:15:00.000,L2FT01-FTJ020,16.00,0.000,0.666012,16605,0.435592,0.055345,0,0,0,0.9000,大鹏新区,22,22,0,0,0,0,1
2022-12-11,589179428,20190000000000000003,900200000000000052,1,129.890,470.860,61159.333,2022-12-11 00:15:00.000,L2FT01-FTJ020,16.00,0.000,0.666012,16605,0.435592,0.055345,0,0,0,0.9000,大鹏新区,22,22,0,0,0,0,1
2022-12-11,589179428,20190000000000000003,900200000000000052,1,112.084,470.840,52774.000,2022-12-11 00:30:00.000,L2FT01-FTJ020,16.00,0.000,0.666012,16605,0.435592,0.055345,0,0,0,0.9000,大鹏新区,22,22,0,0,0,0,1
2022-12-11,589179428,20190000000000000003,900200000000000057,1,108.363,385.936,41777.857,2022-12-11 00:30:00.000,L2FT01-FTJ020,16.00,0.000,0.666012,16605,0.435592,0.055345,0,0,0,0.9000,大鹏新区,22,22,0,0,0,0,1
2022-12-11,589179428,20190000000000000003,900200000000000052,1,65.883,470.353,30993.333,2022-12-11 00:45:00.000,L2FT01-FTJ020,16.00,0.000,0.666012,16605,0.435592,0.055345,0,0,0,0.9000,大鹏新区,22,22,0,0,0,0,1
2022-12-11,589179428,20190000000000000003,900200000000000052,1,93.472,357.240,33534.000,2022-12-11 01:00:00.000,L2FT01-FTJ020,16.78,0.000,0.666012,16605,0.435592,0.055345,0,0,0,0.9000,大鹏新区,22,22,0,0,0,0,1
2022-12-11,589179428,20190000000000000003,900200000000000052,1,113.924,366.313,41739.333,2022-12-11 01:15:00.000,L2FT01-FTJ020,16.78,0.000,0.666012,16605,0.435592,0.055345,0,0,0,0.9000,大鹏新区,22,22,0,0,0,0,1
2022-12-11,589179428,20190000000000000003,900200000000000034,1,19.927,445.567,8873.333,2022-12-11 01:30:00.000,L2FT01-FTJ020,16.78,0.000,0.666012,16605,0.435592,0.055345,0,0,0,0.9000,大鹏新区,22,22,0,0,0,0,1
2022-12-11,589179428,20190000000000000003,900200000000000052,1,102.259,375.687,38403.333,2022-12-11 01:30:00.000,L2FT01-FTJ020,16.78,0.000,0.666012,16605,0.435592,0.055345,0,0,0,0.9000,大鹏新区,22,22,0,0,0,0,1
2022-12-11,589179428,20190000000000000003,900200000000000034,1,112.267,471.913,52994.000,2022-12-11 01:45:00.000,L2FT01-FTJ020,16.78,0.000,0.666012,16605,0.435592,0.055345,0,0,0,0.9000,大鹏新区,22,22,0,0,0,0,1
2022-12-11,589179428,20190000000000000003,900200000000000052,1,78.760,389.120,30593.333,2022-12-11 01:45:00.000,L2FT01-FTJ020,16.78,0.000,0.666012,16605,0.435592,0.055345,0,0,0,0.9000,大鹏新区,22,22,0,0,0,0,1
2022-12-11,589179428,20190000000000000003,900200000000000034,1,126.278,472.507,59662.667,2022-12-11 02:00:00.000,L2FT01-FTJ020,17.50,0.000,0.666012,16605,0.435592,0.055345,0,0,0,0.9000,大鹏新区,22,22,0,0,0,0,1
2022-12-11,589179428,20190000000000000003,900200000000000052,1,57.410,400.213,22974.667,2022-12-11 02:00:00.000,L2FT01-FTJ020,17.50,0.000,0.666012,16605,0.435592,0.055345,0,0,0,0.9000,大鹏新区,22,22,0,0,0,0,1
2022-12-11,589179428,20190000000000000003,900200000000000034,1,126.278,472.760,59695.333,2022-12-11 02:15:00.000,L2FT01-FTJ020,17.50,0.000,0.666012,16605,0.435592,0.055345,0,0,0,0.9000,大鹏新区,22,22,0,0,0,0,1
2022-12-11,589179428,20190000000000000003,900200000000000052,1,15.063,404.467,6098.667,2022-12-11 02:15:00.000,L2FT01-FTJ020,17.50,0.000,0.666012,16605,0.435592,0.055345,0,0,0,0.9000,大鹏新区,22,22,0,0,0,0,1
2022-12-11,589179428,20190000000000000003,900200000000000056,1,149.959,312.079,46796.429,2022-12-11 02:30:00.000,L2FT01-FTJ020,17.50,0.000,0.666012,16605,0.435592,0.055345,0,0,0,0.9000,大鹏新区,22,22,0,0,0,0,1
2022-12-11,589179428,20190000000000000003,900200000000000034,1,103.334,472.713,48846.000,2022-12-11 02:30:00.000,L2FT01-FTJ020,17.50,0.000,0.666012,16605,0.435592,0.055345,0,0,0,0.9000,大鹏新区,22,22,0,0,0,0,1
2022-12-11,589179428,20190000000000000003,900200000000000052,1,11.890,406.293,4830.667,2022-12-11 02:30:00.000,L2FT01-FTJ020,17.50,0.000,0.666012,16605,0.435592,0.055345,0,0,0,0.9000,大鹏新区,22,22,0,0,0,0,1
2022-12-11,589179428,20190000000000000003,900200000000000034,1,64.745,472.525,30595.000,2022-12-11 02:45:00.000,L2FT01-FTJ020,17.50,0.000,0.666012,16605,0.435592,0.055345,0,0,0,0.9000,大鹏新区,22,22,0,0,0,0,1
2022-12-11,589179428,20190000000000000003,900200000000000043,1,83.605,403.340,33704.000,2022-12-11 02:45:00.000,L2FT01-FTJ020,17.50,0.000,0.666012,16605,0.435592,0.055345,0,0,0,0.9000,大鹏新区,22,22,0,0,0,0,1
2022-12-11,589179428,20190000000000000003,900200000000000052,1,11.890,407.933,4850.000,2022-12-11 02:45:00.000,L2FT01-FTJ020,17.50,0.000,0.666012,16605,0.435592,0.055345,0,0,0,0.9000,大鹏新区,22,22,0,0,0,0,1
2022-12-11,589179428,20190000000000000003,900200000000000056,1,150.087,314.327,47172.667,2022-12-11 02:45:00.000,L2FT01-FTJ020,17.50,0.000,0.666012,16605,0.435592,0.055345,0,0,0,0.9000,大鹏新区,22,22,0,0,0,0,1
2022-12-11,589179428,20190000000000000003,900200000000000043,1,51.863,411.387,21332.667,2022-12-11 03:00:00.000,L2FT01-FTJ020,18.12,0.000,0.666012,16605,0.435592,0.055345,0,0,0,0.9000,大鹏新区,22,22,0,0,0,0,1
2022-12-11,589179428,20190000000000000003,900200000000000056,1,150.000,316.340,47447.333,2022-12-11 03:00:00.000,L2FT01-FTJ020,18.12,0.000,0.666012,16605,0.435592,0.055345,0,0,0,0.9000,大鹏新区,22,22,0,0,0,0,1
2022-12-11,589179428,20190000000000000003,900200000000000043,1,57.737,422.687,24413.333,2022-12-11 03:15:00.000,L2FT01-FTJ020,18.12,0.000,0.666012,16605,0.435592,0.055345,0,0,0,0.9000,大鹏新区,22,22,0,0,0,0,1
2022-12-11,589179428,20190000000000000003,900200000000000056,1,83.060,325.167,26996.667,2022-12-11 03:15:00.000,L2FT01-FTJ020,18.12,0.000,0.666012,16605,0.435592,0.055345,0,0,0,0.9000,大鹏新区,22,22,0,0,0,0,1
2022-12-11,589179428,20190000000000000003,900200000000000043,1,50.890,428.000,21780.000,2022-12-11 03:30:00.000,L2FT01-FTJ020,18.12,0.000,0.666012,16605,0.435592,0.055345,0,0,0,0.9000,大鹏新区,22,22,0,0,0,0,1
2022-12-11,589179428,20190000000000000003,900200000000000044,1,149.790,308.171,46158.571,2022-12-11 03:30:00.000,L2FT01-FTJ020,18.12,0.000,0.666012,16605,0.435592,0.055345,0,0,0,0.9000,大鹏新区,22,22,0,0,0,0,1
2022-12-11,589179428,20190000000000000003,900200000000000044,1,149.823,310.520,46520.000,2022-12-11 03:45:00.000,L2FT01-FTJ020,18.12,0.000,0.666012,16605,0.435592,0.055345,0,0,0,0.9000,大鹏新区,22,22,0,0,0,0,1
2022-12-11,589179428,20190000000000000003,900200000000000044,1,149.883,311.267,46651.333,2022-12-11 04:00:00.000,L2FT01-FTJ020,18.60,0.000,0.666012,16605,0.435592,0.055345,0,0,0,0.9000,大鹏新区,22,22,0,0,0,0,1
2022-12-11,589179428,20190000000000000003,900200000000000044,1,149.890,313.033,46917.333,2022-12-11 04:15:00.000,L2FT01-FTJ020,18.60,0.000,0.666012,16605,0.435592,0.055345,0,0,0,0.9000,大鹏新区,22,22,0,0,0,0,1
2022-12-11,589179428,20190000000000000003,900200000000000035,0,0.000,181.200,0.000,2022-12-11 04:15:00.000,L2FT01-FTJ020,18.60,0.000,0.666012,16605,0.435592,0.055345,0,0,0,0.9000,大鹏新区,22,22,0,0,0,0,1
2022-12-11,589179428,20190000000000000003,900200000000000044,1,149.890,314.273,47103.333,2022-12-11 04:30:00.000,L2FT01-FTJ020,18.60,0.000,0.666012,16605,0.435592,0.055345,0,0,0,0.9000,大鹏新区,22,22,0,0,0,0,1
2022-12-11,589179428,20190000000000000003,900200000000000030,1,95.533,304.500,29206.667,2022-12-11 04:45:00.000,L2FT01-FTJ020,18.60,0.000,0.666012,16605,0.435592,0.055345,0,0,0,0.9000,大鹏新区,22,22,0,0,0,0,1
2022-12-11,589179428,20190000000000000003,900200000000000040,1,120.187,359.513,43216.000,2022-12-11 04:45:00.000,L2FT01-FTJ020,18.60,0.000,0.666012,16605,0.435592,0.055345,0,0,0,0.9000,大鹏新区,22,22,0,0,0,0,1
2022-12-11,589179428,20190000000000000003,900200000000000044,1,144.586,317.020,45802.667,2022-12-11 04:45:00.000,L2FT01-FTJ020,18.60,0.000,0.666012,16605,0.435592,0.055345,0,0,0,0.9000,大鹏新区,22,22,0,0,0,0,1
2022-12-11,589179428,20190000000000000003,900200000000000048,1,94.890,360.225,34182.500,2022-12-11 04:45:00.000,L2FT01-FTJ020,18.60,0.000,0.666012,16605,0.435592,0.055345,0,0,0,0.9000,大鹏新区,22,22,0,0,0,0,1
2022-12-11,589179428,20190000000000000003,900200000000000040,1,112.941,370.707,41841.333,2022-12-11 05:00:00.000,L2FT01-FTJ020,18.90,0.000,0.666012,16605,0.435592,0.055345,0,0,0,0.9000,大鹏新区,22,22,0,0,0,0,1
2022-12-11,589179428,20190000000000000003,900200000000000044,1,43.223,331.467,14293.333,2022-12-11 05:00:00.000,L2FT01-FTJ020,18.90,0.000,0.666012,16605,0.435592,0.055345,0,0,0,0.9000,大鹏新区,22,22,0,0,0,0,1
2022-12-11,589179428,20190000000000000003,900200000000000048,1,99.299,372.013,36965.333,2022-12-11 05:00:00.000,L2FT01-FTJ020,18.90,0.000,0.666012,16605,0.435592,0.055345,0,0,0,0.9000,大鹏新区,22,22,0,0,0,0,1
2022-12-11,589179428,20190000000000000003,900200000000000032,1,124.706,420.850,52505.000,2022-12-11 05:15:00.000,L2FT01-FTJ020,18.90,0.000,0.666012,16605,0.435592,0.055345,0,0,0,0.9000,大鹏新区,22,22,0,0,0,0,1
2022-12-11,589179428,20190000000000000003,900200000000000040,1,94.324,386.787,36434.000,2022-12-11 05:15:00.000,L2FT01-FTJ020,18.90,0.000,0.666012,16605,0.435592,0.055345,0,0,0,0.9000,大鹏新区,22,22,0,0,0,0,1
2022-12-11,589179428,20190000000000000003,900200000000000048,1,77.890,386.973,30141.333,2022-12-11 05:15:00.000,L2FT01-FTJ020,18.90,0.000,0.666012,16605,0.435592,0.055345,0,0,0,0.9000,大鹏新区,22,22,0,0,0,0,1
2022-12-11,589179428,20190000000000000003,900200000000000048,1,47.063,397.100,18678.667,2022-12-11 05:30:00.000,L2FT01-FTJ020,18.90,0.000,0.666012,16605,0.435592,0.055345,0,0,0,0.9000,大鹏新区,22,22,0,0,0,0,1
2022-12-11,589179428,20190000000000000003,900200000000000032,1,121.860,435.653,53088.000,2022-12-11 05:30:00.000,L2FT01-FTJ020,18.90,0.000,0.666012,16605,0.435592,0.055345,0,0,0,0.9000,大鹏新区,22,22,0,0,0,0,1
2022-12-11,589179428,20190000000000000003,900200000000000032,1,86.833,455.653,39483.333,2022-12-11 05:45:00.000,L2FT01-FTJ020,18.90,0.000,0.666012,16605,0.435592,0.055345,0,0,0,0.9000,大鹏新区,22,22,0,0,0,0,1
2022-12-11,589179428,20190000000000000003,900200000000000037,1,130.190,310.100,40370.000,2022-12-11 05:45:00.000,L2FT01-FTJ020,18.90,0.000,0.666012,16605,0.435592,0.055345,0,0,0,0.9000,大鹏新区,22,22,0,0,0,0,1
2022-12-11,589179428,20190000000000000003,900200000000000048,1,38.497,403.953,15548.667,2022-12-11 05:45:00.000,L2FT01-FTJ020,18.90,0.000,0.666012,16605,0.435592,0.055345,0,0,0,0.9000,大鹏新区,22,22,0,0,0,0,1
2022-12-11,589179428,20190000000000000003,900200000000000032,1,34.790,459.333,15980.000,2022-12-11 06:00:00.000,L2FT01-FTJ020,19.00,0.000,0.666012,16605,0.435592,0.055345,0,0,0,0.9000,大鹏新区,22,22,0,0,0,0,1
2022-12-11,589179428,20190000000000000003,900200000000000037,1,129.842,312.673,40594.667,2022-12-11 06:00:00.000,L2FT01-FTJ020,19.00,0.000,0.666012,16605,0.435592,0.055345,0,0,0,0.9000,大鹏新区,22,22,0,0,0,0,1
2022-12-11,589179428,20190000000000000003,900200000000000048,1,26.190,407.350,10668.333,2022-12-11 06:00:00.000,L2FT01-FTJ020,19.00,0.000,0.666012,16605,0.435592,0.055345,0,0,0,0.9000,大鹏新区,22,22,0,0,0,0,1
2022-12-11,589179428,20190000000000000003,900200000000000037,1,129.890,313.267,40687.333,2022-12-11 06:15:00.000,L2FT01-FTJ020,19.00,0.000,0.666012,16605,0.435592,0.055345,0,0,0,0.9000,大鹏新区,22,22,0,0,0,0,1
2022-12-11,589179428,20190000000000000003,900200000000000037,1,129.860,314.553,40844.667,2022-12-11 06:30:00.000,L2FT01-FTJ020,19.00,0.000,0.666012,16605,0.435592,0.055345,0,0,0,0.9000,大鹏新区,22,22,0,0,0,0,1
2022-12-11,589179428,20190000000000000003,900200000000000034,1,200.540,314.108,62986.923,2022-12-11 06:45:00.000,L2FT01-FTJ020,19.00,0.000,0.666012,16605,0.435592,0.055345,0,0,0,0.9000,大鹏新区,22,22,0,0,0,0,1
2022-12-11,589179428,20190000000000000003,900200000000000037,1,129.854,315.607,40979.333,2022-12-11 06:45:00.000,L2FT01-FTJ020,19.00,0.000,0.666012,16605,0.435592,0.055345,0,0,0,0.9000,大鹏新区,22,22,0,0,0,0,1
2022-12-11,589179428,20190000000000000003,900200000000000034,1,202.806,316.033,64088.667,2022-12-11 07:00:00.000,L2FT01-FTJ020,18.90,0.000,0.666012,16605,0.435592,0.055345,0,0,0,0.9000,大鹏新区,22,22,0,0,0,0,1
2022-12-11,589179428,20190000000000000003,900200000000000037,1,110.790,321.200,35474.000,2022-12-11 07:00:00.000,L2FT01-FTJ020,18.90,0.000,0.666012,16605,0.435592,0.055345,0,0,0,0.9000,大鹏新区,22,22,0,0,0,0,1
2022-12-11,589179428,20190000000000000003,900200000000000040,1,111.796,453.829,52560.000,2022-12-11 07:15:00.000,L2FT01-FTJ020,18.90,0.000,0.666012,16605,0.435592,0.055345,0,0,0,0.9000,大鹏新区,22,22,0,0,0,0,1
2022-12-11,589179428,20190000000000000003,900200000000000034,1,198.017,318.593,63078.000,2022-12-11 07:15:00.000,L2FT01-FTJ020,18.90,0.000,0.666012,16605,0.435592,0.055345,0,0,0,0.9000,大鹏新区,22,22,0,0,0,0,1
2022-12-11,589179428,20190000000000000003,900200000000000040,1,149.803,472.447,70775.333,2022-12-11 07:30:00.000,L2FT01-FTJ020,18.90,0.000,0.666012,16605,0.435592,0.055345,0,0,0,0.9000,大鹏新区,22,22,0,0,0,0,1
2022-12-11,589179428,20190000000000000003,900200000000000034,1,61.872,321.880,19858.000,2022-12-11 07:30:00.000,L2FT01-FTJ020,18.90,0.000,0.666012,16605,0.435592,0.055345,0,0,0,0.9000,大鹏新区,22,22,0,0,0,0,1
2022-12-11,589179428,20190000000000000003,900200000000000040,1,149.970,472.813,70906.667,2022-12-11 07:45:00.000,L2FT01-FTJ020,18.90,0.000,0.666012,16605,0.435592,0.055345,0,0,0,0.9000,大鹏新区,22,22,0,0,0,0,1
2022-12-11,589179428,20190000000000000003,900200000000000049,1,84.158,358.633,30181.667,2022-12-11 07:45:00.000,L2FT01-FTJ020,18.90,0.000,0.666012,16605,0.435592,0.055345,0,0,0,0.9000,大鹏新区,22,22,0,0,0,0,1
2022-12-11,589179428,20190000000000000003,900200000000000040,1,122.391,472.787,57870.000,2022-12-11 08:00:00.000,L2FT01-FTJ020,18.60,0.000,0.666012,16605,0.435592,0.055345,0,0,0,0.9000,大鹏新区,22,22,0,0,0,0,1
2022-12-11,589179428,20190000000000000003,900200000000000049,1,88.883,359.627,31960.667,2022-12-11 08:00:00.000,L2FT01-FTJ020,18.60,0.000,0.666012,16605,0.435592,0.055345,0,0,0,0.9000,大鹏新区,22,22,0,0,0,0,1
2022-12-11,589179428,20190000000000000003,900200000000000040,1,71.338,472.391,33710.000,2022-12-11 08:15:00.000,L2FT01-FTJ020,18.60,0.000,0.666012,16605,0.435592,0.055345,0,0,0,0.9000,大鹏新区,22,22,0,0,0,0,1
2022-12-11,589179428,20190000000000000003,900200000000000049,1,70.779,358.807,25406.000,2022-12-11 08:15:00.000,L2FT01-FTJ020,18.60,0.000,0.666012,16605,0.435592,0.055345,0,0,0,0.9000,大鹏新区,22,22,0,0,0,0,1
2022-12-11,589179428,20190000000000000003,900200000000000049,1,44.257,358.625,15870.000,2022-12-11 08:30:00.000,L2FT01-FTJ020,18.60,0.000,0.666012,16605,0.435592,0.055345,0,0,0,0.9000,大鹏新区,22,22,0,0,0,0,1
2022-12-11,589179428,20190000000000000003,900200000000000037,1,40.941,384.438,16375.000,2022-12-11 08:45:00.000,L2FT01-FTJ020,18.60,0.000,0.666012,16605,0.435592,0.055345,0,0,0,0.9000,大鹏新区,22,22,0,0,0,0,1
2022-12-11,589179428,20190000000000000003,900200000000000037,1,23.843,403.807,9627.333,2022-12-11 09:00:00.000,L2FT01-FTJ020,18.12,0.000,0.666012,16605,0.435592,0.055345,0,0,0,0.9000,大鹏新区,22,22,0,0,0,0,1
2022-12-11,589179428,20190000000000000003,900200000000000037,1,17.912,406.200,7276.000,2022-12-11 09:15:00.000,L2FT01-FTJ020,18.12,0.000,0.666012,16605,0.435592,0.055345,0,0,0,0.9000,大鹏新区,22,22,0,0,0,0,1
2022-12-11,589179428,20190000000000000003,900200000000000053,1,129.947,310.525,40347.500,2022-12-11 09:45:00.000,L2FT01-FTJ020,18.12,0.000,0.666012,16605,0.435592,0.055345,0,0,0,0.9000,大鹏新区,22,22,0,0,0,0,1
2022-12-11,589179428,20190000000000000003,900200000000000053,1,129.854,311.640,40464.000,2022-12-11 10:00:00.000,L2FT01-FTJ020,17.50,0.000,0.666012,16605,0.435592,0.055345,0,0,0,0.9000,大鹏新区,22,22,0,0,0,0,1
2022-12-11,589179428,20190000000000000003,900200000000000053,1,127.260,313.373,39874.667,2022-12-11 10:15:00.000,L2FT01-FTJ020,17.50,0.000,0.666012,16605,0.435592,0.055345,0,0,0,0.9000,大鹏新区,22,22,0,0,0,0,1
2022-12-11,589179428,20190000000000000003,900200000000000053,1,120.024,314.827,37782.667,2022-12-11 10:30:00.000,L2FT01-FTJ020,17.50,0.000,0.666012,16605,0.435592,0.055345,0,0,0,0.9000,大鹏新区,22,22,0,0,0,0,1
2022-12-11,589179428,20190000000000000003,900200000000000053,1,120.090,318.900,38295.000,2022-12-11 10:45:00.000,L2FT01-FTJ020,17.50,0.000,0.666012,16605,0.435592,0.055345,0,0,0,0.9000,大鹏新区,22,22,0,0,0,0,1
2022-12-11,589179428,20190000000000000003,900200000000000037,1,45.015,407.233,18328.333,2022-12-11 10:45:00.000,L2FT01-FTJ020,17.50,0.000,0.666012,16605,0.435592,0.055345,0,0,0,0.9000,大鹏新区,22,22,0,0,0,0,1
2022-12-11,589179428,20190000000000000003,900200000000000037,1,44.958,409.647,18413.333,2022-12-11 11:00:00.000,L2FT01-FTJ020,16.78,0.000,0.666012,16605,0.435592,0.055345,0,0,0,0.9000,大鹏新区,22,22,0,0,0,0,1
2022-12-11,589179428,20190000000000000003,900200000000000037,1,42.990,412.107,17716.000,2022-12-11 11:15:00.000,L2FT01-FTJ020,16.78,0.000,0.666012,16605,0.435592,0.055345,0,0,0,0.9000,大鹏新区,22,22,0,0,0,0,1
2022-12-11,589179428,20190000000000000003,900200000000000037,1,27.157,411.167,11191.333,2022-12-11 11:30:00.000,L2FT01-FTJ020,16.78,0.000,0.666012,16605,0.435592,0.055345,0,0,0,0.9000,大鹏新区,22,22,0,0,0,0,1
2022-12-11,589179428,20190000000000000003,900200000000000037,1,13.811,411.757,5685.714,2022-12-11 11:45:00.000,L2FT01-FTJ020,16.78,0.000,0.666012,16605,0.435592,0.055345,0,0,0,0.9000,大鹏新区,22,22,0,0,0,0,1
2022-12-11,589179428,20190000000000000003,900200000000000044,1,83.332,374.240,30770.000,2022-12-11 13:00:00.000,L2FT01-FTJ020,15.22,0.000,0.666012,16605,0.435592,0.055345,0,0,0,0.9000,大鹏新区,22,22,0,0,0,0,1
2022-12-11,589179428,20190000000000000003,900200000000000043,1,199.859,314.814,62912.857,2022-12-11 13:30:00.000,L2FT01-FTJ020,15.22,0.000,0.666012,16605,0.435592,0.055345,0,0,0,0.9000,大鹏新区,22,22,0,0,0,0,1
2022-12-11,589179428,20190000000000000003,900200000000000043,1,199.963,318.120,63610.667,2022-12-11 13:45:00.000,L2FT01-FTJ020,15.22,0.000,0.666012,16605,0.435592,0.055345,0,0,0,0.9000,大鹏新区,22,22,0,0,0,0,1
2022-12-11,589179428,20190000000000000003,900200000000000043,1,69.790,324.233,22630.000,2022-12-11 14:00:00.000,L2FT01-FTJ020,14.50,0.000,0.666012,16605,0.435592,0.055345,0,0,0,0.9000,大鹏新区,22,22,0,0,0,0,1
2022-12-11,589179428,20190000000000000003,900200000000000031,1,98.221,455.812,46736.250,2022-12-11 14:15:00.000,L2FT01-FTJ020,14.50,0.000,0.666012,16605,0.435592,0.055345,0,0,0,0.9000,大鹏新区,22,22,0,0,0,0,1
2022-12-11,589179428,20190000000000000003,900200000000000031,1,114.219,476.387,54417.333,2022-12-11 14:30:00.000,L2FT01-FTJ020,14.50,0.000,0.666012,16605,0.435592,0.055345,0,0,0,0.9000,大鹏新区,22,22,0,0,0,0,1
2022-12-11,589179428,20190000000000000003,900200000000000034,1,56.240,418.300,23525.000,2022-12-11 14:30:00.000,L2FT01-FTJ020,14.50,0.000,0.666012,16605,0.435592,0.055345,0,0,0,0.9000,大鹏新区,22,22,0,0,0,0,1
2022-12-11,589179428,20190000000000000003,900200000000000053,1,83.930,341.000,28794.000,2022-12-11 14:45:00.000,L2FT01-FTJ020,14.50,0.000,0.666012,16605,0.435592,0.055345,0,0,0,0.9000,大鹏新区,22,22,0,0,0,0,1
2022-12-11,589179428,20190000000000000003,900200000000000052,1,129.845,310.350,40290.000,2022-12-11 14:45:00.000,L2FT01-FTJ020,14.50,0.000,0.666012,16605,0.435592,0.055345,0,0,0,0.9000,大鹏新区,22,22,0,0,0,0,1
2022-12-11,589179428,20190000000000000003,900200000000000034,1,56.363,421.547,23759.333,2022-12-11 14:45:00.000,L2FT01-FTJ020,14.50,0.000,0.666012,16605,0.435592,0.055345,0,0,0,0.9000,大鹏新区,22,22,0,0,0,0,1
2022-12-11,589179428,20190000000000000003,900200000000000031,1,67.652,476.164,32220.000,2022-12-11 14:45:00.000,L2FT01-FTJ020,14.50,0.000,0.666012,16605,0.435592,0.055345,0,0,0,0.9000,大鹏新区,22,22,0,0,0,0,1
2022-12-11,589179428,20190000000000000003,900200000000000034,1,40.982,419.133,17191.333,2022-12-11 15:00:00.000,L2FT01-FTJ020,13.88,0.000,0.666012,16605,0.435592,0.055345,0,0,0,0.9000,大鹏新区,22,22,0,0,0,0,1
2022-12-11,589179428,20190000000000000003,900200000000000052,1,129.806,310.853,40347.333,2022-12-11 15:00:00.000,L2FT01-FTJ020,13.88,0.000,0.666012,16605,0.435592,0.055345,0,0,0,0.9000,大鹏新区,22,22,0,0,0,0,1
2022-12-11,589179428,20190000000000000003,900200000000000053,1,93.510,357.047,33361.333,2022-12-11 15:00:00.000,L2FT01-FTJ020,13.88,0.000,0.666012,16605,0.435592,0.055345,0,0,0,0.9000,大鹏新区,22,22,0,0,0,0,1
2022-12-11,589179428,20190000000000000003,900200000000000034,1,42.217,419.793,17732.000,2022-12-11 15:15:00.000,L2FT01-FTJ020,13.88,0.000,0.666012,16605,0.435592,0.055345,0,0,0,0.9000,大鹏新区,22,22,0,0,0,0,1
2022-12-11,589179428,20190000000000000003,900200000000000052,1,129.860,311.760,40482.667,2022-12-11 15:15:00.000,L2FT01-FTJ020,13.88,0.000,0.666012,16605,0.435592,0.055345,0,0,0,0.9000,大鹏新区,22,22,0,0,0,0,1
2022-12-11,589179428,20190000000000000003,900200000000000053,1,51.123,367.560,18778.667,2022-12-11 15:15:00.000,L2FT01-FTJ020,13.88,0.000,0.666012,16605,0.435592,0.055345,0,0,0,0.9000,大鹏新区,22,22,0,0,0,0,1
2022-12-11,589179428,20190000000000000003,900200000000000034,1,33.397,420.040,14026.667,2022-12-11 15:30:00.000,L2FT01-FTJ020,13.88,0.000,0.666012,16605,0.435592,0.055345,0,0,0,0.9000,大鹏新区,22,22,0,0,0,0,1
2022-12-11,589179428,20190000000000000003,900200000000000052,1,129.878,314.627,40860.667,2022-12-11 15:30:00.000,L2FT01-FTJ020,13.88,0.000,0.666012,16605,0.435592,0.055345,0,0,0,0.9000,大鹏新区,22,22,0,0,0,0,1
2022-12-11,589179428,20190000000000000003,900200000000000053,1,41.790,374.593,15653.333,2022-12-11 15:30:00.000,L2FT01-FTJ020,13.88,0.000,0.666012,16605,0.435592,0.055345,0,0,0,0.9000,大鹏新区,22,22,0,0,0,0,1
2022-12-11,589179428,20190000000000000003,900200000000000034,1,27.476,428.743,11751.429,2022-12-11 15:45:00.000,L2FT01-FTJ020,13.88,0.000,0.666012,16605,0.435592,0.055345,0,0,0,0.9000,大鹏新区,22,22,0,0,0,0,1
2022-12-11,589179428,20190000000000000003,900200000000000052,1,73.653,323.538,23633.077,2022-12-11 15:45:00.000,L2FT01-FTJ020,13.88,0.000,0.666012,16605,0.435592,0.055345,0,0,0,0.9000,大鹏新区,22,22,0,0,0,0,1
2022-12-11,589179428,20190000000000000003,900200000000000053,1,12.590,376.960,4745.333,2022-12-11 15:45:00.000,L2FT01-FTJ020,13.88,0.000,0.666012,16605,0.435592,0.055345,0,0,0,0.9000,大鹏新区,22,22,0,0,0,0,1
2022-12-11,589179428,20190000000000000003,900200000000000053,1,12.579,378.512,4760.000,2022-12-11 16:00:00.000,L2FT01-FTJ020,13.40,0.000,0.666012,16605,0.435592,0.055345,0,0,0,0.9000,大鹏新区,22,22,0,0,0,0,1
2022-12-11,589179428,20190000000000000003,900200000000000037,1,129.904,313.200,40681.111,2022-12-11 16:00:00.000,L2FT01-FTJ020,13.40,0.000,0.666012,16605,0.435592,0.055345,0,0,0,0.9000,大鹏新区,22,22,0,0,0,0,1
2022-12-11,589179428,20190000000000000003,900200000000000032,1,127.255,469.500,60190.909,2022-12-11 16:15:00.000,L2FT01-FTJ020,13.40,0.000,0.666012,16605,0.435592,0.055345,0,0,0,0.9000,大鹏新区,22,22,0,0,0,0,1
2022-12-11,589179428,20190000000000000003,900200000000000034,1,84.132,386.760,32554.000,2022-12-11 16:15:00.000,L2FT01-FTJ020,13.40,0.000,0.666012,16605,0.435592,0.055345,0,0,0,0.9000,大鹏新区,22,22,0,0,0,0,1
2022-12-11,589179428,20190000000000000003,900200000000000037,1,130.024,315.480,41016.000,2022-12-11 16:15:00.000,L2FT01-FTJ020,13.40,0.000,0.666012,16605,0.435592,0.055345,0,0,0,0.9000,大鹏新区,22,22,0,0,0,0,1
2022-12-11,589179428,20190000000000000003,900200000000000031,1,138.711,358.492,49723.333,2022-12-11 16:30:00.000,L2FT01-FTJ020,13.40,0.000,0.666012,16605,0.435592,0.055345,0,0,0,0.9000,大鹏新区,22,22,0,0,0,0,1
2022-12-11,589179428,20190000000000000003,900200000000000032,1,136.603,473.587,64694.667,2022-12-11 16:30:00.000,L2FT01-FTJ020,13.40,0.000,0.666012,16605,0.435592,0.055345,0,0,0,0.9000,大鹏新区,22,22,0,0,0,0,1
2022-12-11,589179428,20190000000000000003,900200000000000034,1,59.484,396.073,23560.667,2022-12-11 16:30:00.000,L2FT01-FTJ020,13.40,0.000,0.666012,16605,0.435592,0.055345,0,0,0,0.9000,大鹏新区,22,22,0,0,0,0,1
2022-12-11,589179428,20190000000000000003,900200000000000037,1,99.849,315.664,31535.455,2022-12-11 16:30:00.000,L2FT01-FTJ020,13.40,0.000,0.666012,16605,0.435592,0.055345,0,0,0,0.9000,大鹏新区,22,22,0,0,0,0,1
2022-12-11,589179428,20190000000000000003,900200000000000045,1,71.790,308.000,22110.000,2022-12-11 16:30:00.000,L2FT01-FTJ020,13.40,0.000,0.666012,16605,0.435592,0.055345,0,0,0,0.9000,大鹏新区,22,22,0,0,0,0,1
2022-12-11,589179428,20190000000000000003,900200000000000031,1,128.786,359.440,46287.333,2022-12-11 16:45:00.000,L2FT01-FTJ020,13.40,0.000,0.666012,16605,0.435592,0.055345,0,0,0,0.9000,大鹏新区,22,22,0,0,0,0,1
2022-12-11,589179428,20190000000000000003,900200000000000032,1,136.597,473.640,64697.333,2022-12-11 16:45:00.000,L2FT01-FTJ020,13.40,0.000,0.666012,16605,0.435592,0.055345,0,0,0,0.9000,大鹏新区,22,22,0,0,0,0,1
2022-12-11,589179428,20190000000000000003,900200000000000034,1,53.383,404.809,21610.000,2022-12-11 16:45:00.000,L2FT01-FTJ020,13.40,0.000,0.666012,16605,0.435592,0.055345,0,0,0,0.9000,大鹏新区,22,22,0,0,0,0,1
2022-12-11,589179428,20190000000000000003,900200000000000032,1,136.605,473.664,64704.286,2022-12-11 17:00:00.000,L2FT01-FTJ020,13.10,0.000,0.666012,16605,0.435592,0.055345,0,0,0,0.9000,大鹏新区,22,22,0,0,0,0,1
2022-12-11,589179428,20190000000000000003,900200000000000031,1,83.337,358.593,29912.667,2022-12-11 17:00:00.000,L2FT01-FTJ020,13.10,0.000,0.666012,16605,0.435592,0.055345,0,0,0,0.9000,大鹏新区,22,22,0,0,0,0,1
2022-12-11,589179428,20190000000000000003,900200000000000031,1,34.757,359.800,12500.000,2022-12-11 17:15:00.000,L2FT01-FTJ020,13.10,0.000,0.666012,16605,0.435592,0.055345,0,0,0,0.9000,大鹏新区,22,22,0,0,0,0,1
2022-12-11,589179428,20190000000000000003,900200000000000045,1,93.835,355.791,33382.727,2022-12-11 18:30:00.000,L2FT01-FTJ020,13.00,0.000,0.666012,16605,0.435592,0.055345,0,0,0,0.9000,大鹏新区,22,22,0,0,0,0,1
2022-12-11,589179428,20190000000000000003,900200000000000045,1,93.836,357.533,33544.667,2022-12-11 18:45:00.000,L2FT01-FTJ020,13.00,0.000,0.666012,16605,0.435592,0.055345,0,0,0,0.9000,大鹏新区,22,22,0,0,0,0,1
2022-12-11,589179428,20190000000000000003,900200000000000045,1,64.211,356.353,22884.000,2022-12-11 19:00:00.000,L2FT01-FTJ020,13.10,0.000,0.666012,16605,0.435592,0.055345,0,0,0,0.9000,大鹏新区,22,22,0,0,0,0,1
2022-12-11,589179428,20190000000000000003,900200000000000045,1,36.499,356.500,13015.833,2022-12-11 19:15:00.000,L2FT01-FTJ020,13.10,0.000,0.666012,16605,0.435592,0.055345,0,0,0,0.9000,大鹏新区,22,22,0,0,0,0,1
2022-12-11,589179428,20190000000000000003,900200000000000043,1,70.710,410.780,29046.000,2022-12-11 19:45:00.000,L2FT01-FTJ020,13.10,0.000,0.666012,16605,0.435592,0.055345,0,0,0,0.9000,大鹏新区,22,22,0,0,0,0,1
2022-12-11,589179428,20190000000000000003,900200000000000043,1,64.099,411.647,26400.000,2022-12-11 20:00:00.000,L2FT01-FTJ020,13.40,0.000,0.666012,16605,0.435592,0.055345,0,0,0,0.9000,大鹏新区,22,22,0,0,0,0,1
2022-12-11,589179428,20190000000000000003,900200000000000043,1,45.577,411.440,18794.667,2022-12-11 20:15:00.000,L2FT01-FTJ020,13.40,0.000,0.666012,16605,0.435592,0.055345,0,0,0,0.9000,大鹏新区,22,22,0,0,0,0,1
2022-12-11,589179428,20190000000000000003,900200000000000043,1,18.023,409.893,7383.333,2022-12-11 20:30:00.000,L2FT01-FTJ020,13.40,0.000,0.666012,16605,0.435592,0.055345,0,0,0,0.9000,大鹏新区,22,22,0,0,0,0,1
2022-12-11,589179428,20190000000000000003,900200000000000030,1,21.083,408.600,8622.143,2022-12-11 20:45:00.000,L2FT01-FTJ020,13.40,0.000,0.666012,16605,0.435592,0.055345,0,0,0,0.9000,大鹏新区,22,22,0,0,0,0,1
2022-12-11,589179428,20190000000000000003,900200000000000043,1,13.857,416.233,5766.667,2022-12-11 20:45:00.000,L2FT01-FTJ020,13.40,0.000,0.666012,16605,0.435592,0.055345,0,0,0,0.9000,大鹏新区,22,22,0,0,0,0,1
2022-12-11,589179428,20190000000000000003,900200000000000030,1,11.823,408.613,4828.667,2022-12-11 21:00:00.000,L2FT01-FTJ020,13.88,0.000,0.666012,16605,0.435592,0.055345,0,0,0,0.9000,大鹏新区,22,22,0,0,0,0,1
2022-12-11,589179428,20190000000000000003,900200000000000057,1,133.983,354.464,47500.000,2022-12-11 21:15:00.000,L2FT01-FTJ020,13.88,0.000,0.666012,16605,0.435592,0.055345,0,0,0,0.9000,大鹏新区,22,22,0,0,0,0,1
2022-12-11,589179428,20190000000000000003,900200000000000030,1,8.583,413.015,3540.769,2022-12-11 21:15:00.000,L2FT01-FTJ020,13.88,0.000,0.666012,16605,0.435592,0.055345,0,0,0,0.9000,大鹏新区,22,22,0,0,0,0,1
2022-12-11,589179428,20190000000000000003,900200000000000057,1,122.292,364.580,44545.333,2022-12-11 21:30:00.000,L2FT01-FTJ020,13.88,0.000,0.666012,16605,0.435592,0.055345,0,0,0,0.9000,大鹏新区,22,22,0,0,0,0,1
2022-12-11,589179428,20190000000000000003,900200000000000057,1,93.454,379.433,35417.333,2022-12-11 21:45:00.000,L2FT01-FTJ020,13.88,0.000,0.666012,16605,0.435592,0.055345,0,0,0,0.9000,大鹏新区,22,22,0,0,0,0,1
2022-12-11,589179428,20190000000000000003,900200000000000057,1,46.572,389.033,18096.000,2022-12-11 22:00:00.000,L2FT01-FTJ020,14.50,0.000,0.666012,16605,0.435592,0.055345,0,0,0,0.9000,大鹏新区,22,22,0,0,0,0,1
2022-12-11,589179428,20190000000000000003,900200000000000057,1,23.262,393.587,9146.667,2022-12-11 22:15:00.000,L2FT01-FTJ020,14.50,0.000,0.666012,16605,0.435592,0.055345,0,0,0,0.9000,大鹏新区,22,22,0,0,0,0,1
2022-12-11,589179428,20190000000000000003,900200000000000057,1,11.823,395.673,4676.667,2022-12-11 22:30:00.000,L2FT01-FTJ020,14.50,0.000,0.666012,16605,0.435592,0.055345,0,0,0,0.9000,大鹏新区,22,22,0,0,0,0,1
2022-12-11,589179428,20190000000000000003,900200000000000057,1,11.790,397.180,4682.000,2022-12-11 22:45:00.000,L2FT01-FTJ020,14.50,0.000,0.666012,16605,0.435592,0.055345,0,0,0,0.9000,大鹏新区,22,22,0,0,0,0,1
2022-12-12,589179428,20190000000000000003,900200000000000057,1,145.864,401.464,58555.714,2022-12-12 00:15:00.000,L2FT01-FTJ020,16.00,0.000,0.666012,16605,0.435592,0.055345,0,0,1,0.9000,大鹏新区,22,22,0,0,0,0,1
2022-12-12,589179428,20190000000000000003,900200000000000057,1,145.913,404.013,58948.667,2022-12-12 00:30:00.000,L2FT01-FTJ020,16.00,0.000,0.666012,16605,0.435592,0.055345,0,0,1,0.9000,大鹏新区,22,22,0,0,0,0,1
2022-12-12,589179428,20190000000000000003,900200000000000057,1,115.599,403.413,46647.333,2022-12-12 00:45:00.000,L2FT01-FTJ020,16.00,0.000,0.666012,16605,0.435592,0.055345,0,0,1,0.9000,大鹏新区,22,22,0,0,0,0,1
2022-12-12,589179428,20190000000000000003,900200000000000057,1,62.863,401.567,25245.333,2022-12-12 01:00:00.000,L2FT01-FTJ020,16.78,0.000,0.666012,16605,0.435592,0.055345,0,0,1,0.9000,大鹏新区,22,22,0,0,0,0,1
2022-12-12,589179428,20190000000000000003,900200000000000057,1,24.790,406.633,10080.000,2022-12-12 01:15:00.000,L2FT01-FTJ020,16.78,0.000,0.666012,16605,0.435592,0.055345,0,0,1,0.9000,大鹏新区,22,22,0,0,0,0,1
2022-12-12,589179428,20190000000000000003,900200000000000056,1,80.563,350.733,28583.333,2022-12-12 01:30:00.000,L2FT01-FTJ020,16.78,0.000,0.666012,16605,0.435592,0.055345,0,0,1,0.9000,大鹏新区,22,22,0,0,0,0,1
2022-12-12,589179428,20190000000000000003,900200000000000056,1,128.989,365.127,47112.000,2022-12-12 01:45:00.000,L2FT01-FTJ020,16.78,0.000,0.666012,16605,0.435592,0.055345,0,0,1,0.9000,大鹏新区,22,22,0,0,0,0,1
2022-12-12,589179428,20190000000000000003,900200000000000056,1,105.898,372.853,39476.000,2022-12-12 02:00:00.000,L2FT01-FTJ020,17.50,0.000,0.666012,16605,0.435592,0.055345,0,0,1,0.9000,大鹏新区,22,22,0,0,0,0,1
2022-12-12,589179428,20190000000000000003,900200000000000056,1,95.240,386.760,36804.000,2022-12-12 02:15:00.000,L2FT01-FTJ020,17.50,0.000,0.666012,16605,0.435592,0.055345,0,0,1,0.9000,大鹏新区,22,22,0,0,0,0,1
2022-12-12,589179428,20190000000000000003,900200000000000056,1,60.710,396.873,24093.333,2022-12-12 02:30:00.000,L2FT01-FTJ020,17.50,0.000,0.666012,16605,0.435592,0.055345,0,0,1,0.9000,大鹏新区,22,22,0,0,0,0,1
2022-12-12,589179428,20190000000000000003,900200000000000056,1,34.183,404.460,13841.333,2022-12-12 02:45:00.000,L2FT01-FTJ020,17.50,0.000,0.666012,16605,0.435592,0.055345,0,0,1,0.9000,大鹏新区,22,22,0,0,0,0,1
2022-12-12,589179428,20190000000000000003,900200000000000056,1,10.890,404.947,4408.000,2022-12-12 03:00:00.000,L2FT01-FTJ020,18.12,0.000,0.666012,16605,0.435592,0.055345,0,0,1,0.9000,大鹏新区,22,22,0,0,0,0,1
2022-12-12,589179428,20190000000000000003,900200000000000056,1,10.890,406.813,4429.333,2022-12-12 03:15:00.000,L2FT01-FTJ020,18.12,0.000,0.666012,16605,0.435592,0.055345,0,0,1,0.9000,大鹏新区,22,22,0,0,0,0,1
2022-12-12,589179428,20190000000000000003,900200000000000056,1,10.890,408.100,4443.333,2022-12-12 03:30:00.000,L2FT01-FTJ020,18.12,0.000,0.666012,16605,0.435592,0.055345,0,0,1,0.9000,大鹏新区,22,22,0,0,0,0,1
2022-12-12,589179428,20190000000000000003,900200000000000031,1,199.720,313.350,62576.250,2022-12-12 04:15:00.000,L2FT01-FTJ020,18.60,0.000,0.666012,16605,0.435592,0.055345,0,0,1,0.9000,大鹏新区,22,22,0,0,0,0,1
2022-12-12,589179428,20190000000000000003,900200000000000031,1,199.860,315.733,63096.667,2022-12-12 04:30:00.000,L2FT01-FTJ020,18.60,0.000,0.666012,16605,0.435592,0.055345,0,0,1,0.9000,大鹏新区,22,22,0,0,0,0,1
2022-12-12,589179428,20190000000000000003,900200000000000031,1,199.890,317.691,63498.182,2022-12-12 04:45:00.000,L2FT01-FTJ020,18.60,0.000,0.666012,16605,0.435592,0.055345,0,0,1,0.9000,大鹏新区,22,22,0,0,0,0,1
2022-12-12,589179428,20190000000000000003,900200000000000048,1,84.226,356.150,30030.000,2022-12-12 05:00:00.000,L2FT01-FTJ020,18.90,0.000,0.666012,16605,0.435592,0.055345,0,0,1,0.9000,大鹏新区,22,22,0,0,0,0,1
2022-12-12,589179428,20190000000000000003,900200000000000048,1,74.901,357.453,26801.333,2022-12-12 05:15:00.000,L2FT01-FTJ020,18.90,0.000,0.666012,16605,0.435592,0.055345,0,0,1,0.9000,大鹏新区,22,22,0,0,0,0,1
2022-12-12,589179428,20190000000000000003,900200000000000048,1,51.390,356.500,18320.000,2022-12-12 05:30:00.000,L2FT01-FTJ020,18.90,0.000,0.666012,16605,0.435592,0.055345,0,0,1,0.9000,大鹏新区,22,22,0,0,0,0,1
2022-12-12,589179428,20190000000000000003,900200000000000042,1,98.977,342.771,34054.286,2022-12-12 06:00:00.000,L2FT01-FTJ020,19.00,0.000,0.666012,16605,0.435592,0.055345,0,0,1,0.9000,大鹏新区,22,22,0,0,0,0,1
2022-12-12,589179428,20190000000000000003,900200000000000052,1,149.821,386.069,57840.000,2022-12-12 06:15:00.000,L2FT01-FTJ020,19.00,0.000,0.666012,16605,0.435592,0.055345,0,0,1,0.9000,大鹏新区,22,22,0,0,0,0,1
2022-12-12,589179428,20190000000000000003,900200000000000042,1,131.673,354.473,46662.000,2022-12-12 06:15:00.000,L2FT01-FTJ020,19.00,0.000,0.666012,16605,0.435592,0.055345,0,0,1,0.9000,大鹏新区,22,22,0,0,0,0,1
2022-12-12,589179428,20190000000000000003,900200000000000045,1,89.161,370.450,33045.000,2022-12-12 06:15:00.000,L2FT01-FTJ020,19.00,0.000,0.666012,16605,0.435592,0.055345,0,0,1,0.9000,大鹏新区,22,22,0,0,0,0,1
2022-12-12,589179428,20190000000000000003,900200000000000032,1,114.890,355.300,40820.000,2022-12-12 06:30:00.000,L2FT01-FTJ020,19.00,0.000,0.666012,16605,0.435592,0.055345,0,0,1,0.9000,大鹏新区,22,22,0,0,0,0,1
2022-12-12,589179428,20190000000000000003,900200000000000037,1,93.590,357.100,33420.000,2022-12-12 06:30:00.000,L2FT01-FTJ020,19.00,0.000,0.666012,16605,0.435592,0.055345,0,0,1,0.9000,大鹏新区,22,22,0,0,0,0,1
2022-12-12,589179428,20190000000000000003,900200000000000042,1,108.913,371.107,40366.667,2022-12-12 06:30:00.000,L2FT01-FTJ020,19.00,0.000,0.666012,16605,0.435592,0.055345,0,0,1,0.9000,大鹏新区,22,22,0,0,0,0,1
2022-12-12,589179428,20190000000000000003,900200000000000045,1,93.795,384.133,36024.667,2022-12-12 06:30:00.000,L2FT01-FTJ020,19.00,0.000,0.666012,16605,0.435592,0.055345,0,0,1,0.9000,大鹏新区,22,22,0,0,0,0,1
2022-12-12,589179428,20190000000000000003,900200000000000052,1,125.604,384.300,48276.000,2022-12-12 06:30:00.000,L2FT01-FTJ020,19.00,0.000,0.666012,16605,0.435592,0.055345,0,0,1,0.9000,大鹏新区,22,22,0,0,0,0,1
2022-12-12,589179428,20190000000000000003,900200000000000032,1,114.884,361.513,41547.333,2022-12-12 06:45:00.000,L2FT01-FTJ020,19.00,0.000,0.666012,16605,0.435592,0.055345,0,0,1,0.9000,大鹏新区,22,22,0,0,0,0,1
2022-12-12,589179428,20190000000000000003,900200000000000037,1,93.756,357.260,33491.333,2022-12-12 06:45:00.000,L2FT01-FTJ020,19.00,0.000,0.666012,16605,0.435592,0.055345,0,0,1,0.9000,大鹏新区,22,22,0,0,0,0,1
2022-12-12,589179428,20190000000000000003,900200000000000042,1,68.363,383.407,26180.667,2022-12-12 06:45:00.000,L2FT01-FTJ020,19.00,0.000,0.666012,16605,0.435592,0.055345,0,0,1,0.9000,大鹏新区,22,22,0,0,0,0,1
2022-12-12,589179428,20190000000000000003,900200000000000045,1,61.677,395.887,24415.333,2022-12-12 06:45:00.000,L2FT01-FTJ020,19.00,0.000,0.666012,16605,0.435592,0.055345,0,0,1,0.9000,大鹏新区,22,22,0,0,0,0,1
2022-12-12,589179428,20190000000000000003,900200000000000052,1,73.270,379.980,27858.000,2022-12-12 06:45:00.000,L2FT01-FTJ020,19.00,0.000,0.666012,16605,0.435592,0.055345,0,0,1,0.9000,大鹏新区,22,22,0,0,0,0,1
2022-12-12,589179428,20190000000000000003,900200000000000052,1,43.146,384.556,16575.556,2022-12-12 07:00:00.000,L2FT01-FTJ020,18.90,0.000,0.666012,16605,0.435592,0.055345,0,0,1,0.9000,大鹏新区,22,22,0,0,0,0,1
2022-12-12,589179428,20190000000000000003,900200000000000045,1,35.177,404.213,14242.000,2022-12-12 07:00:00.000,L2FT01-FTJ020,18.90,0.000,0.666012,16605,0.435592,0.055345,0,0,1,0.9000,大鹏新区,22,22,0,0,0,0,1
2022-12-12,589179428,20190000000000000003,900200000000000042,1,24.485,386.573,9462.000,2022-12-12 07:00:00.000,L2FT01-FTJ020,18.90,0.000,0.666012,16605,0.435592,0.055345,0,0,1,0.9000,大鹏新区,22,22,0,0,0,0,1
2022-12-12,589179428,20190000000000000003,900200000000000039,1,11.697,333.167,3990.000,2022-12-12 07:00:00.000,L2FT01-FTJ020,18.90,0.000,0.666012,16605,0.435592,0.055345,0,0,1,0.9000,大鹏新区,22,22,0,0,0,0,1
2022-12-12,589179428,20190000000000000003,900200000000000037,1,93.818,357.687,33552.000,2022-12-12 07:00:00.000,L2FT01-FTJ020,18.90,0.000,0.666012,16605,0.435592,0.055345,0,0,1,0.9000,大鹏新区,22,22,0,0,0,0,1
2022-12-12,589179428,20190000000000000003,900200000000000032,1,136.310,375.321,51127.143,2022-12-12 07:00:00.000,L2FT01-FTJ020,18.90,0.000,0.666012,16605,0.435592,0.055345,0,0,1,0.9000,大鹏新区,22,22,0,0,0,0,1
2022-12-12,589179428,20190000000000000003,900200000000000037,1,88.017,358.907,31590.667,2022-12-12 07:15:00.000,L2FT01-FTJ020,18.90,0.000,0.666012,16605,0.435592,0.055345,0,0,1,0.9000,大鹏新区,22,22,0,0,0,0,1
2022-12-12,589179428,20190000000000000003,900200000000000039,1,124.299,359.453,44664.000,2022-12-12 07:15:00.000,L2FT01-FTJ020,18.90,0.000,0.666012,16605,0.435592,0.055345,0,0,1,0.9000,大鹏新区,22,22,0,0,0,0,1
2022-12-12,589179428,20190000000000000003,900200000000000042,1,24.542,390.092,9570.769,2022-12-12 07:15:00.000,L2FT01-FTJ020,18.90,0.000,0.666012,16605,0.435592,0.055345,0,0,1,0.9000,大鹏新区,22,22,0,0,0,0,1
2022-12-12,589179428,20190000000000000003,900200000000000045,1,136.227,378.691,52462.727,2022-12-12 07:15:00.000,L2FT01-FTJ020,18.90,0.000,0.666012,16605,0.435592,0.055345,0,0,1,0.9000,大鹏新区,22,22,0,0,0,0,1
2022-12-12,589179428,20190000000000000003,900200000000000037,1,52.337,358.260,18756.000,2022-12-12 07:30:00.000,L2FT01-FTJ020,18.90,0.000,0.666012,16605,0.435592,0.055345,0,0,1,0.9000,大鹏新区,22,22,0,0,0,0,1
2022-12-12,589179428,20190000000000000003,900200000000000039,1,97.701,373.964,36501.818,2022-12-12 07:30:00.000,L2FT01-FTJ020,18.90,0.000,0.666012,16605,0.435592,0.055345,0,0,1,0.9000,大鹏新区,22,22,0,0,0,0,1
2022-12-12,589179428,20190000000000000003,900200000000000045,1,148.003,385.447,57052.000,2022-12-12 07:30:00.000,L2FT01-FTJ020,18.90,0.000,0.666012,16605,0.435592,0.055345,0,0,1,0.9000,大鹏新区,22,22,0,0,0,0,1
2022-12-12,589179428,20190000000000000003,900200000000000044,1,60.057,334.218,21099.091,2022-12-12 07:45:00.000,L2FT01-FTJ020,18.90,0.000,0.666012,16605,0.435592,0.055345,0,0,1,0.9000,大鹏新区,22,22,0,0,0,0,1
2022-12-12,589179428,20190000000000000003,900200000000000045,1,118.580,384.573,45617.333,2022-12-12 07:45:00.000,L2FT01-FTJ020,18.90,0.000,0.666012,16605,0.435592,0.055345,0,0,1,0.9000,大鹏新区,22,22,0,0,0,0,1
2022-12-12,589179428,20190000000000000003,900200000000000044,1,71.297,354.740,25290.000,2022-12-12 08:00:00.000,L2FT01-FTJ020,18.60,0.000,0.666012,16605,0.435592,0.055345,0,0,1,0.9000,大鹏新区,22,22,0,0,0,0,1
2022-12-12,589179428,20190000000000000003,900200000000000045,1,45.913,383.073,17573.333,2022-12-12 08:00:00.000,L2FT01-FTJ020,18.60,0.000,0.666012,16605,0.435592,0.055345,0,0,1,0.9000,大鹏新区,22,22,0,0,0,0,1
2022-12-12,589179428,20190000000000000003,900200000000000044,1,71.290,357.847,25508.667,2022-12-12 08:15:00.000,L2FT01-FTJ020,18.60,0.000,0.666012,16605,0.435592,0.055345,0,0,1,0.9000,大鹏新区,22,22,0,0,0,0,1
2022-12-12,589179428,20190000000000000003,900200000000000044,1,71.290,362.767,25860.667,2022-12-12 08:30:00.000,L2FT01-FTJ020,18.60,0.000,0.666012,16605,0.435592,0.055345,0,0,1,0.9000,大鹏新区,22,22,0,0,0,0,1
2022-12-12,589179428,20190000000000000003,900200000000000044,1,71.290,368.773,26287.273,2022-12-12 08:45:00.000,L2FT01-FTJ020,18.60,0.000,0.666012,16605,0.435592,0.055345,0,0,1,0.9000,大鹏新区,22,22,0,0,0,0,1
2022-12-12,589179428,20190000000000000003,900200000000000031,1,205.809,430.950,88687.500,2022-12-12 09:00:00.000,L2FT01-FTJ020,18.12,0.000,0.666012,16605,0.435592,0.055345,0,0,1,0.9000,大鹏新区,22,22,0,0,0,0,1
2022-12-12,589179428,20190000000000000003,900200000000000031,1,199.039,435.987,86832.667,2022-12-12 09:15:00.000,L2FT01-FTJ020,18.12,0.000,0.666012,16605,0.435592,0.055345,0,0,1,0.9000,大鹏新区,22,22,0,0,0,0,1
2022-12-12,589179428,20190000000000000003,900200000000000031,1,108.495,429.833,46638.667,2022-12-12 09:30:00.000,L2FT01-FTJ020,18.12,0.000,0.666012,16605,0.435592,0.055345,0,0,1,0.9000,大鹏新区,22,22,0,0,0,0,1
2022-12-12,589179428,20190000000000000003,900200000000000031,1,61.077,431.460,26314.667,2022-12-12 09:45:00.000,L2FT01-FTJ020,18.12,0.000,0.666012,16605,0.435592,0.055345,0,0,1,0.9000,大鹏新区,22,22,0,0,0,0,1
2022-12-12,589179428,20190000000000000003,900200000000000031,1,22.140,445.700,9860.000,2022-12-12 10:00:00.000,L2FT01-FTJ020,17.50,0.000,0.666012,16605,0.435592,0.055345,0,0,1,0.9000,大鹏新区,22,22,0,0,0,0,1
2022-12-12,589179428,20190000000000000003,900200000000000040,1,68.057,447.550,31540.000,2022-12-12 11:00:00.000,L2FT01-FTJ020,16.78,0.000,0.666012,16605,0.435592,0.055345,0,0,1,0.9000,大鹏新区,22,22,0,0,0,0,1
2022-12-12,589179428,20190000000000000003,900200000000000040,1,92.870,470.073,43655.333,2022-12-12 11:15:00.000,L2FT01-FTJ020,16.78,0.000,0.666012,16605,0.435592,0.055345,0,0,1,0.9000,大鹏新区,22,22,0,0,0,0,1
2022-12-12,589179428,20190000000000000003,900200000000000040,1,77.005,469.900,36194.615,2022-12-12 11:30:00.000,L2FT01-FTJ020,16.78,0.000,0.666012,16605,0.435592,0.055345,0,0,1,0.9000,大鹏新区,22,22,0,0,0,0,1
2022-12-12,589179428,20190000000000000003,900200000000000056,1,25.390,350.400,8900.000,2022-12-12 11:30:00.000,L2FT01-FTJ020,16.78,0.000,0.666012,16605,0.435592,0.055345,0,0,1,0.9000,大鹏新区,22,22,0,0,0,0,1
2022-12-12,589179428,20190000000000000003,900200000000000035,1,152.180,313.985,47683.077,2022-12-12 12:00:00.000,L2FT01-FTJ020,16.00,0.000,0.666012,16605,0.435592,0.055345,0,0,1,0.9000,大鹏新区,22,22,0,0,0,0,1
2022-12-12,589179428,20190000000000000003,900200000000000043,1,94.021,378.633,35602.667,2022-12-12 12:00:00.000,L2FT01-FTJ020,16.00,0.000,0.666012,16605,0.435592,0.055345,0,0,1,0.9000,大鹏新区,22,22,0,0,0,0,1
2022-12-12,589179428,20190000000000000003,900200000000000043,1,71.325,394.453,28108.000,2022-12-12 12:15:00.000,L2FT01-FTJ020,16.00,0.000,0.666012,16605,0.435592,0.055345,0,0,1,0.9000,大鹏新区,22,22,0,0,0,0,1
2022-12-12,589179428,20190000000000000003,900200000000000035,1,165.006,315.433,52044.667,2022-12-12 12:15:00.000,L2FT01-FTJ020,16.00,0.000,0.666012,16605,0.435592,0.055345,0,0,1,0.9000,大鹏新区,22,22,0,0,0,0,1
2022-12-12,589179428,20190000000000000003,900200000000000035,1,147.104,318.429,46820.714,2022-12-12 12:30:00.000,L2FT01-FTJ020,16.00,0.000,0.666012,16605,0.435592,0.055345,0,0,1,0.9000,大鹏新区,22,22,0,0,0,0,1
2022-12-12,589179428,20190000000000000003,900200000000000043,1,59.143,404.913,23951.333,2022-12-12 12:30:00.000,L2FT01-FTJ020,16.00,0.000,0.666012,16605,0.435592,0.055345,0,0,1,0.9000,大鹏新区,22,22,0,0,0,0,1
2022-12-12,589179428,20190000000000000003,900200000000000035,1,168.749,395.267,66635.000,2022-12-12 12:45:00.000,L2FT01-FTJ020,16.00,0.000,0.666012,16605,0.435592,0.055345,0,0,1,0.9000,大鹏新区,22,22,0,0,0,0,1
2022-12-12,589179428,20190000000000000003,900200000000000043,1,19.507,409.253,7998.000,2022-12-12 12:45:00.000,L2FT01-FTJ020,16.00,0.000,0.666012,16605,0.435592,0.055345,0,0,1,0.9000,大鹏新区,22,22,0,0,0,0,1
2022-12-12,589179428,20190000000000000003,900200000000000047,1,79.823,354.700,28313.333,2022-12-12 12:45:00.000,L2FT01-FTJ020,16.00,0.000,0.666012,16605,0.435592,0.055345,0,0,1,0.9000,大鹏新区,22,22,0,0,0,0,1
2022-12-12,589179428,20190000000000000003,900200000000000035,1,107.037,415.833,44417.333,2022-12-12 13:00:00.000,L2FT01-FTJ020,15.22,0.000,0.666012,16605,0.435592,0.055345,0,0,1,0.9000,大鹏新区,22,22,0,0,0,0,1
2022-12-12,589179428,20190000000000000003,900200000000000043,1,12.985,410.587,5328.000,2022-12-12 13:00:00.000,L2FT01-FTJ020,15.22,0.000,0.666012,16605,0.435592,0.055345,0,0,1,0.9000,大鹏新区,22,22,0,0,0,0,1
2022-12-12,589179428,20190000000000000003,900200000000000047,1,79.790,354.920,28318.000,2022-12-12 13:00:00.000,L2FT01-FTJ020,15.22,0.000,0.666012,16605,0.435592,0.055345,0,0,1,0.9000,大鹏新区,22,22,0,0,0,0,1
2022-12-12,589179428,20190000000000000003,900200000000000035,1,58.572,433.987,25382.000,2022-12-12 13:15:00.000,L2FT01-FTJ020,15.22,0.000,0.666012,16605,0.435592,0.055345,0,0,1,0.9000,大鹏新区,22,22,0,0,0,0,1
2022-12-12,589179428,20190000000000000003,900200000000000043,1,13.000,412.167,5353.333,2022-12-12 13:15:00.000,L2FT01-FTJ020,15.22,0.000,0.666012,16605,0.435592,0.055345,0,0,1,0.9000,大鹏新区,22,22,0,0,0,0,1
2022-12-12,589179428,20190000000000000003,900200000000000047,1,79.885,356.527,28479.333,2022-12-12 13:15:00.000,L2FT01-FTJ020,15.22,0.000,0.666012,16605,0.435592,0.055345,0,0,1,0.9000,大鹏新区,22,22,0,0,0,0,1
2022-12-12,589179428,20190000000000000003,900200000000000035,1,23.859,439.550,10481.429,2022-12-12 13:30:00.000,L2FT01-FTJ020,15.22,0.000,0.666012,16605,0.435592,0.055345,0,0,1,0.9000,大鹏新区,22,22,0,0,0,0,1
2022-12-12,589179428,20190000000000000003,900200000000000047,1,73.601,357.680,26326.667,2022-12-12 13:30:00.000,L2FT01-FTJ020,15.22,0.000,0.666012,16605,0.435592,0.055345,0,0,1,0.9000,大鹏新区,22,22,0,0,0,0,1
2022-12-12,589179428,20190000000000000003,900200000000000049,1,115.502,397.427,45932.727,2022-12-12 13:45:00.000,L2FT01-FTJ020,15.22,0.000,0.666012,16605,0.435592,0.055345,0,0,1,0.9000,大鹏新区,22,22,0,0,0,0,1
2022-12-12,589179428,20190000000000000003,900200000000000047,1,45.409,359.615,16301.538,2022-12-12 13:45:00.000,L2FT01-FTJ020,15.22,0.000,0.666012,16605,0.435592,0.055345,0,0,1,0.9000,大鹏新区,22,22,0,0,0,0,1
2022-12-12,589179428,20190000000000000003,900200000000000034,1,118.126,330.314,39025.714,2022-12-12 13:45:00.000,L2FT01-FTJ020,15.22,0.000,0.666012,16605,0.435592,0.055345,0,0,1,0.9000,大鹏新区,22,22,0,0,0,0,1
2022-12-12,589179428,20190000000000000003,900200000000000035,1,51.295,386.150,19807.500,2022-12-12 13:45:00.000,L2FT01-FTJ020,15.22,0.000,0.666012,16605,0.435592,0.055345,0,0,1,0.9000,大鹏新区,22,22,0,0,0,0,1
2022-12-12,589179428,20190000000000000003,900200000000000034,1,119.567,331.060,39579.333,2022-12-12 14:00:00.000,L2FT01-FTJ020,14.50,0.000,0.666012,16605,0.435592,0.055345,0,0,1,0.9000,大鹏新区,22,22,0,0,0,0,1
2022-12-12,589179428,20190000000000000003,900200000000000035,1,60.451,394.293,23841.333,2022-12-12 14:00:00.000,L2FT01-FTJ020,14.50,0.000,0.666012,16605,0.435592,0.055345,0,0,1,0.9000,大鹏新区,22,22,0,0,0,0,1
2022-12-12,589179428,20190000000000000003,900200000000000049,1,99.657,398.800,39746.667,2022-12-12 14:00:00.000,L2FT01-FTJ020,14.50,0.000,0.666012,16605,0.435592,0.055345,0,0,1,0.9000,大鹏新区,22,22,0,0,0,0,1
2022-12-12,589179428,20190000000000000003,900200000000000034,1,119.690,332.960,39850.667,2022-12-12 14:15:00.000,L2FT01-FTJ020,14.50,0.000,0.666012,16605,0.435592,0.055345,0,0,1,0.9000,大鹏新区,22,22,0,0,0,0,1
2022-12-12,589179428,20190000000000000003,900200000000000035,1,39.429,401.793,15839.333,2022-12-12 14:15:00.000,L2FT01-FTJ020,14.50,0.000,0.666012,16605,0.435592,0.055345,0,0,1,0.9000,大鹏新区,22,22,0,0,0,0,1
2022-12-12,589179428,20190000000000000003,900200000000000034,1,79.453,336.238,26753.750,2022-12-12 14:30:00.000,L2FT01-FTJ020,14.50,0.000,0.666012,16605,0.435592,0.055345,0,0,1,0.9000,大鹏新区,22,22,0,0,0,0,1
2022-12-12,589179428,20190000000000000003,900200000000000035,1,32.250,408.093,13155.333,2022-12-12 14:30:00.000,L2FT01-FTJ020,14.50,0.000,0.666012,16605,0.435592,0.055345,0,0,1,0.9000,大鹏新区,22,22,0,0,0,0,1
2022-12-12,589179428,20190000000000000003,900200000000000031,1,55.238,335.992,18648.462,2022-12-12 14:45:00.000,L2FT01-FTJ020,14.50,0.000,0.666012,16605,0.435592,0.055345,0,0,1,0.9000,大鹏新区,22,22,0,0,0,0,1
2022-12-12,589179428,20190000000000000003,900200000000000035,1,14.790,410.500,6070.000,2022-12-12 14:45:00.000,L2FT01-FTJ020,14.50,0.000,0.666012,16605,0.435592,0.055345,0,0,1,0.9000,大鹏新区,22,22,0,0,0,0,1
2022-12-12,589179428,20190000000000000003,900200000000000031,1,49.789,346.640,17248.000,2022-12-12 15:00:00.000,L2FT01-FTJ020,13.88,0.000,0.666012,16605,0.435592,0.055345,0,0,1,0.9000,大鹏新区,22,22,0,0,0,0,1
2022-12-12,589179428,20190000000000000003,900200000000000031,1,38.664,353.327,13652.667,2022-12-12 15:15:00.000,L2FT01-FTJ020,13.88,0.000,0.666012,16605,0.435592,0.055345,0,0,1,0.9000,大鹏新区,22,22,0,0,0,0,1
2022-12-12,589179428,20190000000000000003,900200000000000031,1,25.145,357.308,8980.000,2022-12-12 15:30:00.000,L2FT01-FTJ020,13.88,0.000,0.666012,16605,0.435592,0.055345,0,0,1,0.9000,大鹏新区,22,22,0,0,0,0,1
2022-12-12,589179428,20190000000000000003,900200000000000035,1,133.230,324.300,42056.667,2022-12-12 15:45:00.000,L2FT01-FTJ020,13.88,0.000,0.666012,16605,0.435592,0.055345,0,0,1,0.9000,大鹏新区,22,22,0,0,0,0,1
2022-12-12,589179428,20190000000000000003,900200000000000032,1,71.590,306.700,21950.000,2022-12-12 16:00:00.000,L2FT01-FTJ020,13.40,0.000,0.666012,16605,0.435592,0.055345,0,0,1,0.9000,大鹏新区,22,22,0,0,0,0,1
2022-12-12,589179428,20190000000000000003,900200000000000035,1,199.809,316.080,63149.000,2022-12-12 16:00:00.000,L2FT01-FTJ020,13.40,0.000,0.666012,16605,0.435592,0.055345,0,0,1,0.9000,大鹏新区,22,22,0,0,0,0,1
2022-12-12,589179428,20190000000000000003,900200000000000052,1,130.297,315.067,41050.000,2022-12-12 16:00:00.000,L2FT01-FTJ020,13.40,0.000,0.666012,16605,0.435592,0.055345,0,0,1,0.9000,大鹏新区,22,22,0,0,0,0,1
2022-12-12,589179428,20190000000000000003,900200000000000052,1,118.965,317.073,37709.091,2022-12-12 16:15:00.000,L2FT01-FTJ020,13.40,0.000,0.666012,16605,0.435592,0.055345,0,0,1,0.9000,大鹏新区,22,22,0,0,0,0,1
2022-12-12,589179428,20190000000000000003,900200000000000042,1,11.638,409.180,4686.000,2022-12-12 16:30:00.000,L2FT01-FTJ020,13.40,0.000,0.666012,16605,0.435592,0.055345,0,0,1,0.9000,大鹏新区,22,22,0,0,0,0,1
2022-12-12,589179428,20190000000000000003,900200000000000031,1,43.840,372.650,16335.000,2022-12-12 16:45:00.000,L2FT01-FTJ020,13.40,0.000,0.666012,16605,0.435592,0.055345,0,0,1,0.9000,大鹏新区,22,22,0,0,0,0,1
2022-12-12,589179428,20190000000000000003,900200000000000034,1,95.795,366.809,35143.636,2022-12-12 16:45:00.000,L2FT01-FTJ020,13.40,0.000,0.666012,16605,0.435592,0.055345,0,0,1,0.9000,大鹏新区,22,22,0,0,0,0,1
2022-12-12,589179428,20190000000000000003,900200000000000042,1,117.173,428.067,50094.667,2022-12-12 16:45:00.000,L2FT01-FTJ020,13.40,0.000,0.666012,16605,0.435592,0.055345,0,0,1,0.9000,大鹏新区,22,22,0,0,0,0,1
2022-12-12,589179428,20190000000000000003,900200000000000031,1,43.843,375.500,16462.000,2022-12-12 17:00:00.000,L2FT01-FTJ020,13.10,0.000,0.666012,16605,0.435592,0.055345,0,0,1,0.9000,大鹏新区,22,22,0,0,0,0,1
2022-12-12,589179428,20190000000000000003,900200000000000034,1,100.542,383.153,38521.333,2022-12-12 17:00:00.000,L2FT01-FTJ020,13.10,0.000,0.666012,16605,0.435592,0.055345,0,0,1,0.9000,大鹏新区,22,22,0,0,0,0,1
2022-12-12,589179428,20190000000000000003,900200000000000042,1,91.527,437.233,40016.667,2022-12-12 17:00:00.000,L2FT01-FTJ020,13.10,0.000,0.666012,16605,0.435592,0.055345,0,0,1,0.9000,大鹏新区,22,22,0,0,0,0,1
2022-12-12,589179428,20190000000000000003,900200000000000034,1,77.590,398.860,30901.333,2022-12-12 17:15:00.000,L2FT01-FTJ020,13.10,0.000,0.666012,16605,0.435592,0.055345,0,0,1,0.9000,大鹏新区,22,22,0,0,0,0,1
2022-12-12,589179428,20190000000000000003,900200000000000035,1,40.830,410.640,16770.667,2022-12-12 17:15:00.000,L2FT01-FTJ020,13.10,0.000,0.666012,16605,0.435592,0.055345,0,0,1,0.9000,大鹏新区,22,22,0,0,0,0,1
2022-12-12,589179428,20190000000000000003,900200000000000031,1,43.724,375.973,16437.333,2022-12-12 17:15:00.000,L2FT01-FTJ020,13.10,0.000,0.666012,16605,0.435592,0.055345,0,0,1,0.9000,大鹏新区,22,22,0,0,0,0,1
2022-12-12,589179428,20190000000000000003,900200000000000031,1,43.797,377.440,16530.000,2022-12-12 17:30:00.000,L2FT01-FTJ020,13.10,0.000,0.666012,16605,0.435592,0.055345,0,0,1,0.9000,大鹏新区,22,22,0,0,0,0,1
2022-12-12,589179428,20190000000000000003,900200000000000034,1,41.293,407.567,16817.333,2022-12-12 17:30:00.000,L2FT01-FTJ020,13.10,0.000,0.666012,16605,0.435592,0.055345,0,0,1,0.9000,大鹏新区,22,22,0,0,0,0,1
2022-12-12,589179428,20190000000000000003,900200000000000035,1,17.883,407.293,7288.000,2022-12-12 17:30:00.000,L2FT01-FTJ020,13.10,0.000,0.666012,16605,0.435592,0.055345,0,0,1,0.9000,大鹏新区,22,22,0,0,0,0,1
2022-12-12,589179428,20190000000000000003,900200000000000031,1,43.790,379.038,16596.250,2022-12-12 17:45:00.000,L2FT01-FTJ020,13.10,0.000,0.666012,16605,0.435592,0.055345,0,0,1,0.9000,大鹏新区,22,22,0,0,0,0,1
2022-12-12,589179428,20190000000000000003,900200000000000034,1,16.594,409.200,6786.250,2022-12-12 17:45:00.000,L2FT01-FTJ020,13.10,0.000,0.666012,16605,0.435592,0.055345,0,0,1,0.9000,大鹏新区,22,22,0,0,0,0,1
2022-12-12,589179428,20190000000000000003,900200000000000035,1,13.890,410.745,5704.545,2022-12-12 17:45:00.000,L2FT01-FTJ020,13.10,0.000,0.666012,16605,0.435592,0.055345,0,0,1,0.9000,大鹏新区,22,22,0,0,0,0,1
2022-12-12,589179428,20190000000000000003,900200000000000042,1,85.110,364.529,31327.143,2022-12-12 18:00:00.000,L2FT01-FTJ020,13.00,0.000,0.666012,16605,0.435592,0.055345,0,0,1,0.9000,大鹏新区,22,22,0,0,0,0,1
2022-12-12,589179428,20190000000000000003,900200000000000042,1,96.774,374.273,36218.000,2022-12-12 18:15:00.000,L2FT01-FTJ020,13.00,0.000,0.666012,16605,0.435592,0.055345,0,0,1,0.9000,大鹏新区,22,22,0,0,0,0,1
2022-12-12,589179428,20190000000000000003,900200000000000042,1,69.491,382.513,26577.333,2022-12-12 18:30:00.000,L2FT01-FTJ020,13.00,0.000,0.666012,16605,0.435592,0.055345,0,0,1,0.9000,大鹏新区,22,22,0,0,0,0,1
2022-12-12,589179428,20190000000000000003,900200000000000032,1,129.890,311.400,40450.000,2022-12-12 18:45:00.000,L2FT01-FTJ020,13.00,0.000,0.666012,16605,0.435592,0.055345,0,0,1,0.9000,大鹏新区,22,22,0,0,0,0,1
2022-12-12,589179428,20190000000000000003,900200000000000042,1,71.223,396.347,28226.667,2022-12-12 18:45:00.000,L2FT01-FTJ020,13.00,0.000,0.666012,16605,0.435592,0.055345,0,0,1,0.9000,大鹏新区,22,22,0,0,0,0,1
2022-12-12,589179428,20190000000000000003,900200000000000032,1,132.333,314.100,41562.000,2022-12-12 19:00:00.000,L2FT01-FTJ020,13.10,0.000,0.666012,16605,0.435592,0.055345,0,0,1,0.9000,大鹏新区,22,22,0,0,0,0,1
2022-12-12,589179428,20190000000000000003,900200000000000042,1,63.970,411.920,26324.000,2022-12-12 19:00:00.000,L2FT01-FTJ020,13.10,0.000,0.666012,16605,0.435592,0.055345,0,0,1,0.9000,大鹏新区,22,22,0,0,0,0,1
2022-12-12,589179428,20190000000000000003,900200000000000042,1,35.530,418.420,14866.000,2022-12-12 19:15:00.000,L2FT01-FTJ020,13.10,0.000,0.666012,16605,0.435592,0.055345,0,0,1,0.9000,大鹏新区,22,22,0,0,0,0,1
2022-12-12,589179428,20190000000000000003,900200000000000037,1,59.843,341.100,20565.000,2022-12-12 19:15:00.000,L2FT01-FTJ020,13.10,0.000,0.666012,16605,0.435592,0.055345,0,0,1,0.9000,大鹏新区,22,22,0,0,0,0,1
2022-12-12,589179428,20190000000000000003,900200000000000031,1,109.145,332.193,36138.000,2022-12-12 19:15:00.000,L2FT01-FTJ020,13.10,0.000,0.666012,16605,0.435592,0.055345,0,0,1,0.9000,大鹏新区,22,22,0,0,0,0,1
2022-12-12,589179428,20190000000000000003,900200000000000032,1,129.434,316.269,40912.308,2022-12-12 19:15:00.000,L2FT01-FTJ020,13.10,0.000,0.666012,16605,0.435592,0.055345,0,0,1,0.9000,大鹏新区,22,22,0,0,0,0,1
2022-12-12,589179428,20190000000000000003,900200000000000031,1,85.194,330.487,28178.000,2022-12-12 19:30:00.000,L2FT01-FTJ020,13.10,0.000,0.666012,16605,0.435592,0.055345,0,0,1,0.9000,大鹏新区,22,22,0,0,0,0,1
2022-12-12,589179428,20190000000000000003,900200000000000031,1,45.958,335.000,15373.333,2022-12-12 19:45:00.000,L2FT01-FTJ020,13.10,0.000,0.666012,16605,0.435592,0.055345,0,0,1,0.9000,大鹏新区,22,22,0,0,0,0,1
2022-12-12,589179428,20190000000000000003,900200000000000056,1,69.390,347.900,24140.000,2022-12-12 23:45:00.000,L2FT01-FTJ020,15.22,0.000,0.666012,16605,0.435592,0.055345,0,0,1,0.9000,大鹏新区,22,22,0,0,0,0,1
2022-12-13,589179428,20190000000000000003,900200000000000039,1,191.442,310.358,59410.833,2022-12-13 00:00:00.000,L2FT01-FTJ020,16.00,0.000,0.666012,16605,0.435592,0.055345,0,0,1,0.9000,大鹏新区,22,22,0,0,0,0,1
2022-12-13,589179428,20190000000000000003,900200000000000047,1,120.586,311.143,37785.000,2022-12-13 00:00:00.000,L2FT01-FTJ020,16.00,0.000,0.666012,16605,0.435592,0.055345,0,0,1,0.9000,大鹏新区,22,22,0,0,0,0,1
2022-12-13,589179428,20190000000000000003,900200000000000048,1,70.954,308.000,21852.500,2022-12-13 00:00:00.000,L2FT01-FTJ020,16.00,0.000,0.666012,16605,0.435592,0.055345,0,0,1,0.9000,大鹏新区,22,22,0,0,0,0,1
2022-12-13,589179428,20190000000000000003,900200000000000056,1,136.906,359.860,49265.333,2022-12-13 00:00:00.000,L2FT01-FTJ020,16.00,0.000,0.666012,16605,0.435592,0.055345,0,0,1,0.9000,大鹏新区,22,22,0,0,0,0,1
2022-12-13,589179428,20190000000000000003,900200000000000056,1,138.195,373.567,51582.667,2022-12-13 00:15:00.000,L2FT01-FTJ020,16.00,0.000,0.666012,16605,0.435592,0.055345,0,0,1,0.9000,大鹏新区,22,22,0,0,0,0,1
2022-12-13,589179428,20190000000000000003,900200000000000039,1,149.668,311.633,46647.333,2022-12-13 00:15:00.000,L2FT01-FTJ020,16.00,0.000,0.666012,16605,0.435592,0.055345,0,0,1,0.9000,大鹏新区,22,22,0,0,0,0,1
2022-12-13,589179428,20190000000000000003,900200000000000047,1,129.900,314.980,40912.000,2022-12-13 00:15:00.000,L2FT01-FTJ020,16.00,0.000,0.666012,16605,0.435592,0.055345,0,0,1,0.9000,大鹏新区,22,22,0,0,0,0,1
2022-12-13,589179428,20190000000000000003,900200000000000048,1,71.297,308.407,21982.667,2022-12-13 00:15:00.000,L2FT01-FTJ020,16.00,0.000,0.666012,16605,0.435592,0.055345,0,0,1,0.9000,大鹏新区,22,22,0,0,0,0,1
2022-12-13,589179428,20190000000000000003,900200000000000056,1,81.037,387.933,31396.667,2022-12-13 00:30:00.000,L2FT01-FTJ020,16.00,0.000,0.666012,16605,0.435592,0.055345,0,0,1,0.9000,大鹏新区,22,22,0,0,0,0,1
2022-12-13,589179428,20190000000000000003,900200000000000048,1,71.290,308.987,22026.667,2022-12-13 00:30:00.000,L2FT01-FTJ020,16.00,0.000,0.666012,16605,0.435592,0.055345,0,0,1,0.9000,大鹏新区,22,22,0,0,0,0,1
2022-12-13,589179428,20190000000000000003,900200000000000047,1,129.825,315.300,40930.667,2022-12-13 00:30:00.000,L2FT01-FTJ020,16.00,0.000,0.666012,16605,0.435592,0.055345,0,0,1,0.9000,大鹏新区,22,22,0,0,0,0,1
2022-12-13,589179428,20190000000000000003,900200000000000039,1,139.287,312.140,43472.667,2022-12-13 00:30:00.000,L2FT01-FTJ020,16.00,0.000,0.666012,16605,0.435592,0.055345,0,0,1,0.9000,大鹏新区,22,22,0,0,0,0,1
2022-12-13,589179428,20190000000000000003,900200000000000039,1,130.515,313.020,40858.667,2022-12-13 00:45:00.000,L2FT01-FTJ020,16.00,0.000,0.666012,16605,0.435592,0.055345,0,0,1,0.9000,大鹏新区,22,22,0,0,0,0,1
2022-12-13,589179428,20190000000000000003,900200000000000047,1,119.812,317.207,37998.667,2022-12-13 00:45:00.000,L2FT01-FTJ020,16.00,0.000,0.666012,16605,0.435592,0.055345,0,0,1,0.9000,大鹏新区,22,22,0,0,0,0,1
2022-12-13,589179428,20190000000000000003,900200000000000048,1,71.377,310.607,22167.333,2022-12-13 00:45:00.000,L2FT01-FTJ020,16.00,0.000,0.666012,16605,0.435592,0.055345,0,0,1,0.9000,大鹏新区,22,22,0,0,0,0,1
2022-12-13,589179428,20190000000000000003,900200000000000056,1,47.963,395.093,18946.667,2022-12-13 00:45:00.000,L2FT01-FTJ020,16.00,0.000,0.666012,16605,0.435592,0.055345,0,0,1,0.9000,大鹏新区,22,22,0,0,0,0,1
2022-12-13,589179428,20190000000000000003,900200000000000048,1,71.343,311.373,22210.667,2022-12-13 01:00:00.000,L2FT01-FTJ020,16.78,0.000,0.666012,16605,0.435592,0.055345,0,0,1,0.9000,大鹏新区,22,22,0,0,0,0,1
2022-12-13,589179428,20190000000000000003,900200000000000039,1,130.491,314.033,40982.000,2022-12-13 01:00:00.000,L2FT01-FTJ020,16.78,0.000,0.666012,16605,0.435592,0.055345,0,0,1,0.9000,大鹏新区,22,22,0,0,0,0,1
2022-12-13,589179428,20190000000000000003,900200000000000047,1,46.507,320.933,14903.333,2022-12-13 01:00:00.000,L2FT01-FTJ020,16.78,0.000,0.666012,16605,0.435592,0.055345,0,0,1,0.9000,大鹏新区,22,22,0,0,0,0,1
2022-12-13,589179428,20190000000000000003,900200000000000056,1,47.890,401.955,19250.000,2022-12-13 01:00:00.000,L2FT01-FTJ020,16.78,0.000,0.666012,16605,0.435592,0.055345,0,0,1,0.9000,大鹏新区,22,22,0,0,0,0,1
2022-12-13,589179428,20190000000000000003,900200000000000048,1,71.297,311.740,22224.000,2022-12-13 01:15:00.000,L2FT01-FTJ020,16.78,0.000,0.666012,16605,0.435592,0.055345,0,0,1,0.9000,大鹏新区,22,22,0,0,0,0,1
2022-12-13,589179428,20190000000000000003,900200000000000039,1,130.157,315.113,41020.000,2022-12-13 01:15:00.000,L2FT01-FTJ020,16.78,0.000,0.666012,16605,0.435592,0.055345,0,0,1,0.9000,大鹏新区,22,22,0,0,0,0,1
2022-12-13,589179428,20190000000000000003,900200000000000057,1,130.031,304.145,39543.636,2022-12-13 01:30:00.000,L2FT01-FTJ020,16.78,0.000,0.666012,16605,0.435592,0.055345,0,0,1,0.9000,大鹏新区,22,22,0,0,0,0,1
2022-12-13,589179428,20190000000000000003,900200000000000039,1,97.208,318.147,30878.000,2022-12-13 01:30:00.000,L2FT01-FTJ020,16.78,0.000,0.666012,16605,0.435592,0.055345,0,0,1,0.9000,大鹏新区,22,22,0,0,0,0,1
2022-12-13,589179428,20190000000000000003,900200000000000048,1,71.330,312.307,22274.000,2022-12-13 01:30:00.000,L2FT01-FTJ020,16.78,0.000,0.666012,16605,0.435592,0.055345,0,0,1,0.9000,大鹏新区,22,22,0,0,0,0,1
2022-12-13,589179428,20190000000000000003,900200000000000048,1,71.337,313.320,22348.667,2022-12-13 01:45:00.000,L2FT01-FTJ020,16.78,0.000,0.666012,16605,0.435592,0.055345,0,0,1,0.9000,大鹏新区,22,22,0,0,0,0,1
2022-12-13,589179428,20190000000000000003,900200000000000057,1,130.012,309.227,40198.000,2022-12-13 01:45:00.000,L2FT01-FTJ020,16.78,0.000,0.666012,16605,0.435592,0.055345,0,0,1,0.9000,大鹏新区,22,22,0,0,0,0,1
2022-12-13,589179428,20190000000000000003,900200000000000048,1,79.701,317.000,25079.091,2022-12-13 02:00:00.000,L2FT01-FTJ020,17.50,0.000,0.666012,16605,0.435592,0.055345,0,0,1,0.9000,大鹏新区,22,22,0,0,0,0,1
2022-12-13,589179428,20190000000000000003,900200000000000057,1,129.852,311.193,40405.333,2022-12-13 02:00:00.000,L2FT01-FTJ020,17.50,0.000,0.666012,16605,0.435592,0.055345,0,0,1,0.9000,大鹏新区,22,22,0,0,0,0,1
2022-12-13,589179428,20190000000000000003,900200000000000042,1,104.556,322.155,35605.455,2022-12-13 02:15:00.000,L2FT01-FTJ020,17.50,0.000,0.666012,16605,0.435592,0.055345,0,0,1,0.9000,大鹏新区,22,22,0,0,0,0,1
2022-12-13,589179428,20190000000000000003,900200000000000048,1,129.800,311.080,40372.667,2022-12-13 02:15:00.000,L2FT01-FTJ020,17.50,0.000,0.666012,16605,0.435592,0.055345,0,0,1,0.9000,大鹏新区,22,22,0,0,0,0,1
2022-12-13,589179428,20190000000000000003,900200000000000057,1,129.806,311.807,40470.000,2022-12-13 02:15:00.000,L2FT01-FTJ020,17.50,0.000,0.666012,16605,0.435592,0.055345,0,0,1,0.9000,大鹏新区,22,22,0,0,0,0,1
2022-12-13,589179428,20190000000000000003,900200000000000042,1,139.447,348.607,48610.000,2022-12-13 02:30:00.000,L2FT01-FTJ020,17.50,0.000,0.666012,16605,0.435592,0.055345,0,0,1,0.9000,大鹏新区,22,22,0,0,0,0,1
2022-12-13,589179428,20190000000000000003,900200000000000048,1,129.830,312.100,40516.000,2022-12-13 02:30:00.000,L2FT01-FTJ020,17.50,0.000,0.666012,16605,0.435592,0.055345,0,0,1,0.9000,大鹏新区,22,22,0,0,0,0,1
2022-12-13,589179428,20190000000000000003,900200000000000049,1,83.518,361.225,31407.500,2022-12-13 02:30:00.000,L2FT01-FTJ020,17.50,0.000,0.666012,16605,0.435592,0.055345,0,0,1,0.9000,大鹏新区,22,22,0,0,0,0,1
2022-12-13,589179428,20190000000000000003,900200000000000057,1,129.866,313.893,40761.333,2022-12-13 02:30:00.000,L2FT01-FTJ020,17.50,0.000,0.666012,16605,0.435592,0.055345,0,0,1,0.9000,大鹏新区,22,22,0,0,0,0,1
2022-12-13,589179428,20190000000000000003,900200000000000057,1,111.848,320.473,35819.333,2022-12-13 02:45:00.000,L2FT01-FTJ020,17.50,0.000,0.666012,16605,0.435592,0.055345,0,0,1,0.9000,大鹏新区,22,22,0,0,0,0,1
2022-12-13,589179428,20190000000000000003,900200000000000049,1,61.633,387.227,23836.667,2022-12-13 02:45:00.000,L2FT01-FTJ020,17.50,0.000,0.666012,16605,0.435592,0.055345,0,0,1,0.9000,大鹏新区,22,22,0,0,0,0,1
2022-12-13,589179428,20190000000000000003,900200000000000048,1,129.848,313.287,40676.000,2022-12-13 02:45:00.000,L2FT01-FTJ020,17.50,0.000,0.666012,16605,0.435592,0.055345,0,0,1,0.9000,大鹏新区,22,22,0,0,0,0,1
2022-12-13,589179428,20190000000000000003,900200000000000042,1,136.193,361.320,49186.667,2022-12-13 02:45:00.000,L2FT01-FTJ020,17.50,0.000,0.666012,16605,0.435592,0.055345,0,0,1,0.9000,大鹏新区,22,22,0,0,0,0,1
2022-12-13,589179428,20190000000000000003,900200000000000042,1,96.192,376.447,36183.333,2022-12-13 03:00:00.000,L2FT01-FTJ020,18.12,0.000,0.666012,16605,0.435592,0.055345,0,0,1,0.9000,大鹏新区,22,22,0,0,0,0,1
2022-12-13,589179428,20190000000000000003,900200000000000048,1,129.830,314.100,40776.667,2022-12-13 03:00:00.000,L2FT01-FTJ020,18.12,0.000,0.666012,16605,0.435592,0.055345,0,0,1,0.9000,大鹏新区,22,22,0,0,0,0,1
2022-12-13,589179428,20190000000000000003,900200000000000049,1,23.257,390.808,9085.000,2022-12-13 03:00:00.000,L2FT01-FTJ020,18.12,0.000,0.666012,16605,0.435592,0.055345,0,0,1,0.9000,大鹏新区,22,22,0,0,0,0,1
2022-12-13,589179428,20190000000000000003,900200000000000057,1,56.562,324.667,18380.000,2022-12-13 03:00:00.000,L2FT01-FTJ020,18.12,0.000,0.666012,16605,0.435592,0.055345,0,0,1,0.9000,大鹏新区,22,22,0,0,0,0,1
2022-12-13,589179428,20190000000000000003,900200000000000042,1,45.050,385.160,17350.000,2022-12-13 03:15:00.000,L2FT01-FTJ020,18.12,0.000,0.666012,16605,0.435592,0.055345,0,0,1,0.9000,大鹏新区,22,22,0,0,0,0,1
2022-12-13,589179428,20190000000000000003,900200000000000048,1,113.890,316.027,35988.667,2022-12-13 03:15:00.000,L2FT01-FTJ020,18.12,0.000,0.666012,16605,0.435592,0.055345,0,0,1,0.9000,大鹏新区,22,22,0,0,0,0,1
2022-12-13,589179428,20190000000000000003,900200000000000042,1,26.283,387.940,10195.333,2022-12-13 03:30:00.000,L2FT01-FTJ020,18.12,0.000,0.666012,16605,0.435592,0.055345,0,0,1,0.9000,大鹏新区,22,22,0,0,0,0,1
2022-12-13,589179428,20190000000000000003,900200000000000048,1,49.934,325.880,16176.000,2022-12-13 03:30:00.000,L2FT01-FTJ020,18.12,0.000,0.666012,16605,0.435592,0.055345,0,0,1,0.9000,大鹏新区,22,22,0,0,0,0,1
2022-12-13,589179428,20190000000000000003,900200000000000042,1,26.290,390.300,10260.000,2022-12-13 03:45:00.000,L2FT01-FTJ020,18.12,0.000,0.666012,16605,0.435592,0.055345,0,0,1,0.9000,大鹏新区,22,22,0,0,0,0,1
2022-12-13,589179428,20190000000000000003,900200000000000057,1,188.943,420.489,79696.667,2022-12-13 05:00:00.000,L2FT01-FTJ020,18.90,0.000,0.666012,16605,0.435592,0.055345,0,0,1,0.9000,大鹏新区,22,22,0,0,0,0,1
2022-12-13,589179428,20190000000000000003,900200000000000057,1,175.805,440.533,77306.667,2022-12-13 05:15:00.000,L2FT01-FTJ020,18.90,0.000,0.666012,16605,0.435592,0.055345,0,0,1,0.9000,大鹏新区,22,22,0,0,0,0,1
2022-12-13,589179428,20190000000000000003,900200000000000057,1,77.935,451.507,35151.333,2022-12-13 05:30:00.000,L2FT01-FTJ020,18.90,0.000,0.666012,16605,0.435592,0.055345,0,0,1,0.9000,大鹏新区,22,22,0,0,0,0,1
2022-12-13,589179428,20190000000000000003,900200000000000042,1,35.845,343.500,14850.000,2022-12-13 05:45:00.000,L2FT01-FTJ020,18.90,0.000,0.666012,16605,0.435592,0.055345,0,0,1,0.9000,大鹏新区,22,22,0,0,0,0,1
2022-12-13,589179428,20190000000000000003,900200000000000057,1,16.398,452.180,7414.000,2022-12-13 05:45:00.000,L2FT01-FTJ020,18.90,0.000,0.666012,16605,0.435592,0.055345,0,0,1,0.9000,大鹏新区,22,22,0,0,0,0,1
2022-12-13,589179428,20190000000000000003,900200000000000037,1,65.942,338.229,23122.857,2022-12-13 06:00:00.000,L2FT01-FTJ020,19.00,0.000,0.666012,16605,0.435592,0.055345,0,0,1,0.9000,大鹏新区,22,22,0,0,0,0,1
2022-12-13,589179428,20190000000000000003,900200000000000042,1,70.991,420.973,29883.333,2022-12-13 06:00:00.000,L2FT01-FTJ020,19.00,0.000,0.666012,16605,0.435592,0.055345,0,0,1,0.9000,大鹏新区,22,22,0,0,0,0,1
2022-12-13,589179428,20190000000000000003,900200000000000056,1,113.324,467.267,53432.222,2022-12-13 06:00:00.000,L2FT01-FTJ020,19.00,0.000,0.666012,16605,0.435592,0.055345,0,0,1,0.9000,大鹏新区,22,22,0,0,0,0,1
2022-12-13,589179428,20190000000000000003,900200000000000057,1,10.230,452.680,4628.000,2022-12-13 06:00:00.000,L2FT01-FTJ020,19.00,0.000,0.666012,16605,0.435592,0.055345,0,0,1,0.9000,大鹏新区,22,22,0,0,0,0,1
2022-12-13,589179428,20190000000000000003,900200000000000037,1,71.000,355.900,25264.000,2022-12-13 06:15:00.000,L2FT01-FTJ020,19.00,0.000,0.666012,16605,0.435592,0.055345,0,0,1,0.9000,大鹏新区,22,22,0,0,0,0,1
2022-12-13,589179428,20190000000000000003,900200000000000042,1,69.013,433.873,29938.000,2022-12-13 06:15:00.000,L2FT01-FTJ020,19.00,0.000,0.666012,16605,0.435592,0.055345,0,0,1,0.9000,大鹏新区,22,22,0,0,0,0,1
2022-12-13,589179428,20190000000000000003,900200000000000056,1,126.372,472.607,59722.667,2022-12-13 06:15:00.000,L2FT01-FTJ020,19.00,0.000,0.666012,16605,0.435592,0.055345,0,0,1,0.9000,大鹏新区,22,22,0,0,0,0,1
2022-12-13,589179428,20190000000000000003,900200000000000037,1,71.006,365.180,25925.333,2022-12-13 06:30:00.000,L2FT01-FTJ020,19.00,0.000,0.666012,16605,0.435592,0.055345,0,0,1,0.9000,大鹏新区,22,22,0,0,0,0,1
2022-12-13,589179428,20190000000000000003,900200000000000042,1,66.819,448.173,29942.667,2022-12-13 06:30:00.000,L2FT01-FTJ020,19.00,0.000,0.666012,16605,0.435592,0.055345,0,0,1,0.9000,大鹏新区,22,22,0,0,0,0,1
2022-12-13,589179428,20190000000000000003,900200000000000056,1,126.372,472.887,59758.667,2022-12-13 06:30:00.000,L2FT01-FTJ020,19.00,0.000,0.666012,16605,0.435592,0.055345,0,0,1,0.9000,大鹏新区,22,22,0,0,0,0,1
2022-12-13,589179428,20190000000000000003,900200000000000056,1,126.359,473.067,59772.000,2022-12-13 06:45:00.000,L2FT01-FTJ020,19.00,0.000,0.666012,16605,0.435592,0.055345,0,0,1,0.9000,大鹏新区,22,22,0,0,0,0,1
2022-12-13,589179428,20190000000000000003,900200000000000037,1,71.029,378.140,26856.000,2022-12-13 06:45:00.000,L2FT01-FTJ020,19.00,0.000,0.666012,16605,0.435592,0.055345,0,0,1,0.9000,大鹏新区,22,22,0,0,0,0,1
2022-12-13,589179428,20190000000000000003,900200000000000037,1,55.115,388.907,21409.333,2022-12-13 07:00:00.000,L2FT01-FTJ020,18.90,0.000,0.666012,16605,0.435592,0.055345,0,0,1,0.9000,大鹏新区,22,22,0,0,0,0,1
2022-12-13,589179428,20190000000000000003,900200000000000056,1,126.300,473.211,59761.111,2022-12-13 07:00:00.000,L2FT01-FTJ020,18.90,0.000,0.666012,16605,0.435592,0.055345,0,0,1,0.9000,大鹏新区,22,22,0,0,0,0,1
2022-12-13,589179428,20190000000000000003,900200000000000037,1,34.040,388.550,13146.000,2022-12-13 07:15:00.000,L2FT01-FTJ020,18.90,0.000,0.666012,16605,0.435592,0.055345,0,0,1,0.9000,大鹏新区,22,22,0,0,0,0,1
2022-12-13,589179428,20190000000000000003,900200000000000057,1,75.200,458.654,35190.000,2022-12-13 07:15:00.000,L2FT01-FTJ020,18.90,0.000,0.666012,16605,0.435592,0.055345,0,0,1,0.9000,大鹏新区,22,22,0,0,0,0,1
2022-12-13,589179428,20190000000000000003,900200000000000037,1,50.030,348.787,17446.667,2022-12-13 07:30:00.000,L2FT01-FTJ020,18.90,0.000,0.666012,16605,0.435592,0.055345,0,0,1,0.9000,大鹏新区,22,22,0,0,0,0,1
2022-12-13,589179428,20190000000000000003,900200000000000057,1,35.064,470.553,16502.000,2022-12-13 07:30:00.000,L2FT01-FTJ020,18.90,0.000,0.666012,16605,0.435592,0.055345,0,0,1,0.9000,大鹏新区,22,22,0,0,0,0,1
2022-12-13,589179428,20190000000000000003,900200000000000037,1,38.262,353.893,13556.000,2022-12-13 07:45:00.000,L2FT01-FTJ020,18.90,0.000,0.666012,16605,0.435592,0.055345,0,0,1,0.9000,大鹏新区,22,22,0,0,0,0,1
2022-12-13,589179428,20190000000000000003,900200000000000057,1,21.790,470.233,10243.333,2022-12-13 07:45:00.000,L2FT01-FTJ020,18.90,0.000,0.666012,16605,0.435592,0.055345,0,0,1,0.9000,大鹏新区,22,22,0,0,0,0,1
2022-12-13,589179428,20190000000000000003,900200000000000037,1,24.890,353.653,8800.000,2022-12-13 08:00:00.000,L2FT01-FTJ020,18.60,0.000,0.666012,16605,0.435592,0.055345,0,0,1,0.9000,大鹏新区,22,22,0,0,0,0,1
2022-12-13,589179428,20190000000000000003,900200000000000037,1,17.890,354.600,6349.333,2022-12-13 08:15:00.000,L2FT01-FTJ020,18.60,0.000,0.666012,16605,0.435592,0.055345,0,0,1,0.9000,大鹏新区,22,22,0,0,0,0,1
2022-12-13,589179428,20190000000000000003,900200000000000037,1,9.890,353.480,3494.000,2022-12-13 08:30:00.000,L2FT01-FTJ020,18.60,0.000,0.666012,16605,0.435592,0.055345,0,0,1,0.9000,大鹏新区,22,22,0,0,0,0,1
2022-12-13,589179428,20190000000000000003,900200000000000037,1,9.890,354.460,3504.000,2022-12-13 08:45:00.000,L2FT01-FTJ020,18.60,0.000,0.666012,16605,0.435592,0.055345,0,0,1,0.9000,大鹏新区,22,22,0,0,0,0,1
2022-12-13,589179428,20190000000000000003,900200000000000035,1,59.293,364.800,21853.333,2022-12-13 08:45:00.000,L2FT01-FTJ020,18.60,0.000,0.666012,16605,0.435592,0.055345,0,0,1,0.9000,大鹏新区,22,22,0,0,0,0,1
2022-12-13,589179428,20190000000000000003,900200000000000037,1,9.878,355.450,3508.750,2022-12-13 09:00:00.000,L2FT01-FTJ020,18.12,0.000,0.666012,16605,0.435592,0.055345,0,0,1,0.9000,大鹏新区,22,22,0,0,0,0,1
2022-12-13,589179428,20190000000000000003,900200000000000035,1,114.687,370.600,42504.000,2022-12-13 09:00:00.000,L2FT01-FTJ020,18.12,0.000,0.666012,16605,0.435592,0.055345,0,0,1,0.9000,大鹏新区,22,22,0,0,0,0,1
2022-12-13,589179428,20190000000000000003,900200000000000031,1,137.898,388.850,53922.500,2022-12-13 09:15:00.000,L2FT01-FTJ020,18.12,0.000,0.666012,16605,0.435592,0.055345,0,0,1,0.9000,大鹏新区,22,22,0,0,0,0,1
2022-12-13,589179428,20190000000000000003,900200000000000035,1,113.178,370.667,41958.333,2022-12-13 09:15:00.000,L2FT01-FTJ020,18.12,0.000,0.666012,16605,0.435592,0.055345,0,0,1,0.9000,大鹏新区,22,22,0,0,0,0,1
2022-12-13,589179428,20190000000000000003,900200000000000031,1,121.155,403.880,48832.667,2022-12-13 09:30:00.000,L2FT01-FTJ020,18.12,0.000,0.666012,16605,0.435592,0.055345,0,0,1,0.9000,大鹏新区,22,22,0,0,0,0,1
2022-12-13,589179428,20190000000000000003,900200000000000031,1,88.808,421.950,37456.250,2022-12-13 09:45:00.000,L2FT01-FTJ020,18.12,0.000,0.666012,16605,0.435592,0.055345,0,0,1,0.9000,大鹏新区,22,22,0,0,0,0,1
2022-12-13,589179428,20190000000000000003,900200000000000057,1,15.890,358.600,5700.000,2022-12-13 10:00:00.000,L2FT01-FTJ020,17.50,0.000,0.666012,16605,0.435592,0.055345,0,0,1,0.9000,大鹏新区,22,22,0,0,0,0,1
2022-12-13,589179428,20190000000000000003,900200000000000034,1,55.873,331.430,18515.000,2022-12-13 10:30:00.000,L2FT01-FTJ020,17.50,0.000,0.666012,16605,0.435592,0.055345,0,0,1,0.9000,大鹏新区,22,22,0,0,0,0,1
2022-12-13,589179428,20190000000000000003,900200000000000034,1,56.000,336.013,18811.333,2022-12-13 10:45:00.000,L2FT01-FTJ020,17.50,0.000,0.666012,16605,0.435592,0.055345,0,0,1,0.9000,大鹏新区,22,22,0,0,0,0,1
2022-12-13,589179428,20190000000000000003,900200000000000037,1,96.890,403.400,39080.000,2022-12-13 10:45:00.000,L2FT01-FTJ020,17.50,0.000,0.666012,16605,0.435592,0.055345,0,0,1,0.9000,大鹏新区,22,22,0,0,0,0,1
2022-12-13,589179428,20190000000000000003,900200000000000039,1,199.855,314.992,62946.923,2022-12-13 10:45:00.000,L2FT01-FTJ020,17.50,0.000,0.666012,16605,0.435592,0.055345,0,0,1,0.9000,大鹏新区,22,22,0,0,0,0,1
2022-12-13,589179428,20190000000000000003,900200000000000034,1,67.951,345.653,23494.667,2022-12-13 11:00:00.000,L2FT01-FTJ020,16.78,0.000,0.666012,16605,0.435592,0.055345,0,0,1,0.9000,大鹏新区,22,22,0,0,0,0,1
2022-12-13,589179428,20190000000000000003,900200000000000037,1,102.814,410.113,42165.333,2022-12-13 11:00:00.000,L2FT01-FTJ020,16.78,0.000,0.666012,16605,0.435592,0.055345,0,0,1,0.9000,大鹏新区,22,22,0,0,0,0,1
2022-12-13,589179428,20190000000000000003,900200000000000039,1,140.755,313.353,44148.667,2022-12-13 11:00:00.000,L2FT01-FTJ020,16.78,0.000,0.666012,16605,0.435592,0.055345,0,0,1,0.9000,大鹏新区,22,22,0,0,0,0,1
2022-12-13,589179428,20190000000000000003,900200000000000039,1,128.276,313.755,40261.818,2022-12-13 11:15:00.000,L2FT01-FTJ020,16.78,0.000,0.666012,16605,0.435592,0.055345,0,0,1,0.9000,大鹏新区,22,22,0,0,0,0,1
2022-12-13,589179428,20190000000000000003,900200000000000034,1,69.797,356.833,24904.667,2022-12-13 11:15:00.000,L2FT01-FTJ020,16.78,0.000,0.666012,16605,0.435592,0.055345,0,0,1,0.9000,大鹏新区,22,22,0,0,0,0,1
2022-12-13,589179428,20190000000000000003,900200000000000037,1,106.478,412.000,43874.000,2022-12-13 11:15:00.000,L2FT01-FTJ020,16.78,0.000,0.666012,16605,0.435592,0.055345,0,0,1,0.9000,大鹏新区,22,22,0,0,0,0,1
2022-12-13,589179428,20190000000000000003,900200000000000034,1,41.810,364.033,15221.333,2022-12-13 11:30:00.000,L2FT01-FTJ020,16.78,0.000,0.666012,16605,0.435592,0.055345,0,0,1,0.9000,大鹏新区,22,22,0,0,0,0,1
2022-12-13,589179428,20190000000000000003,900200000000000037,1,81.160,411.933,33454.667,2022-12-13 11:30:00.000,L2FT01-FTJ020,16.78,0.000,0.666012,16605,0.435592,0.055345,0,0,1,0.9000,大鹏新区,22,22,0,0,0,0,1
2022-12-13,589179428,20190000000000000003,900200000000000037,1,50.474,410.740,20740.000,2022-12-13 11:45:00.000,L2FT01-FTJ020,16.78,0.000,0.666012,16605,0.435592,0.055345,0,0,1,0.9000,大鹏新区,22,22,0,0,0,0,1
2022-12-13,589179428,20190000000000000003,900200000000000044,1,108.351,341.713,37222.667,2022-12-13 12:00:00.000,L2FT01-FTJ020,16.00,0.000,0.666012,16605,0.435592,0.055345,0,0,1,0.9000,大鹏新区,22,22,0,0,0,0,1
2022-12-13,589179428,20190000000000000003,900200000000000045,1,129.898,313.500,40717.333,2022-12-13 12:00:00.000,L2FT01-FTJ020,16.00,0.000,0.666012,16605,0.435592,0.055345,0,0,1,0.9000,大鹏新区,22,22,0,0,0,0,1
2022-12-13,589179428,20190000000000000003,900200000000000048,1,59.017,399.050,23547.500,2022-12-13 12:00:00.000,L2FT01-FTJ020,16.00,0.000,0.666012,16605,0.435592,0.055345,0,0,1,0.9000,大鹏新区,22,22,0,0,0,0,1
2022-12-13,589179428,20190000000000000003,900200000000000044,1,125.641,353.757,44442.857,2022-12-13 12:15:00.000,L2FT01-FTJ020,16.00,0.000,0.666012,16605,0.435592,0.055345,0,0,1,0.9000,大鹏新区,22,22,0,0,0,0,1
2022-12-13,589179428,20190000000000000003,900200000000000045,1,129.897,315.260,40949.333,2022-12-13 12:15:00.000,L2FT01-FTJ020,16.00,0.000,0.666012,16605,0.435592,0.055345,0,0,1,0.9000,大鹏新区,22,22,0,0,0,0,1
2022-12-13,589179428,20190000000000000003,900200000000000048,1,59.542,404.793,24099.286,2022-12-13 12:15:00.000,L2FT01-FTJ020,16.00,0.000,0.666012,16605,0.435592,0.055345,0,0,1,0.9000,大鹏新区,22,22,0,0,0,0,1
2022-12-13,589179428,20190000000000000003,900200000000000045,1,112.172,320.200,35748.889,2022-12-13 12:30:00.000,L2FT01-FTJ020,16.00,0.000,0.666012,16605,0.435592,0.055345,0,0,1,0.9000,大鹏新区,22,22,0,0,0,0,1
2022-12-13,589179428,20190000000000000003,900200000000000053,1,97.373,310.400,30327.500,2022-12-13 12:45:00.000,L2FT01-FTJ020,16.00,0.000,0.666012,16605,0.435592,0.055345,0,0,1,0.9000,大鹏新区,22,22,0,0,0,0,1
2022-12-13,589179428,20190000000000000003,900200000000000053,1,129.842,312.433,40564.000,2022-12-13 13:00:00.000,L2FT01-FTJ020,15.22,0.000,0.666012,16605,0.435592,0.055345,0,0,1,0.9000,大鹏新区,22,22,0,0,0,0,1
2022-12-13,589179428,20190000000000000003,900200000000000042,1,129.826,312.029,40504.286,2022-12-13 13:15:00.000,L2FT01-FTJ020,15.22,0.000,0.666012,16605,0.435592,0.055345,0,0,1,0.9000,大鹏新区,22,22,0,0,0,0,1
2022-12-13,589179428,20190000000000000003,900200000000000053,1,129.890,314.787,40886.000,2022-12-13 13:15:00.000,L2FT01-FTJ020,15.22,0.000,0.666012,16605,0.435592,0.055345,0,0,1,0.9000,大鹏新区,22,22,0,0,0,0,1
2022-12-13,589179428,20190000000000000003,900200000000000042,1,129.830,312.880,40616.000,2022-12-13 13:30:00.000,L2FT01-FTJ020,15.22,0.000,0.666012,16605,0.435592,0.055345,0,0,1,0.9000,大鹏新区,22,22,0,0,0,0,1
2022-12-13,589179428,20190000000000000003,900200000000000053,1,108.198,320.733,34488.333,2022-12-13 13:30:00.000,L2FT01-FTJ020,15.22,0.000,0.666012,16605,0.435592,0.055345,0,0,1,0.9000,大鹏新区,22,22,0,0,0,0,1
2022-12-13,589179428,20190000000000000003,900200000000000042,1,129.876,314.973,40902.667,2022-12-13 13:45:00.000,L2FT01-FTJ020,15.22,0.000,0.666012,16605,0.435592,0.055345,0,0,1,0.9000,大鹏新区,22,22,0,0,0,0,1
2022-12-13,589179428,20190000000000000003,900200000000000042,1,116.485,319.487,37112.667,2022-12-13 14:00:00.000,L2FT01-FTJ020,14.50,0.000,0.666012,16605,0.435592,0.055345,0,0,1,0.9000,大鹏新区,22,22,0,0,0,0,1
2022-12-13,589179428,20190000000000000003,900200000000000042,1,29.890,325.800,9740.000,2022-12-13 14:15:00.000,L2FT01-FTJ020,14.50,0.000,0.666012,16605,0.435592,0.055345,0,0,1,0.9000,大鹏新区,22,22,0,0,0,0,1
2022-12-13,589179428,20190000000000000003,900200000000000057,1,164.767,316.600,52160.000,2022-12-13 15:45:00.000,L2FT01-FTJ020,13.88,0.000,0.666012,16605,0.435592,0.055345,0,0,1,0.9000,大鹏新区,22,22,0,0,0,0,1
2022-12-13,589179428,20190000000000000003,900200000000000049,1,129.873,311.383,40439.167,2022-12-13 16:30:00.000,L2FT01-FTJ020,13.40,0.000,0.666012,16605,0.435592,0.055345,0,0,1,0.9000,大鹏新区,22,22,0,0,0,0,1
2022-12-13,589179428,20190000000000000003,900200000000000042,1,45.500,307.700,14000.000,2022-12-13 16:45:00.000,L2FT01-FTJ020,13.40,0.000,0.666012,16605,0.435592,0.055345,0,0,1,0.9000,大鹏新区,22,22,0,0,0,0,1
2022-12-13,589179428,20190000000000000003,900200000000000049,1,129.919,313.667,40749.333,2022-12-13 16:45:00.000,L2FT01-FTJ020,13.40,0.000,0.666012,16605,0.435592,0.055345,0,0,1,0.9000,大鹏新区,22,22,0,0,0,0,1
2022-12-13,589179428,20190000000000000003,900200000000000049,1,129.971,314.580,40882.000,2022-12-13 17:00:00.000,L2FT01-FTJ020,13.10,0.000,0.666012,16605,0.435592,0.055345,0,0,1,0.9000,大鹏新区,22,22,0,0,0,0,1
2022-12-13,589179428,20190000000000000003,900200000000000056,1,58.579,352.779,20615.714,2022-12-13 17:00:00.000,L2FT01-FTJ020,13.10,0.000,0.666012,16605,0.435592,0.055345,0,0,1,0.9000,大鹏新区,22,22,0,0,0,0,1
2022-12-13,589179428,20190000000000000003,900200000000000056,1,71.297,362.207,25822.667,2022-12-13 17:15:00.000,L2FT01-FTJ020,13.10,0.000,0.666012,16605,0.435592,0.055345,0,0,1,0.9000,大鹏新区,22,22,0,0,0,0,1
2022-12-13,589179428,20190000000000000003,900200000000000049,1,111.365,320.271,35477.143,2022-12-13 17:15:00.000,L2FT01-FTJ020,13.10,0.000,0.666012,16605,0.435592,0.055345,0,0,1,0.9000,大鹏新区,22,22,0,0,0,0,1
2022-12-13,589179428,20190000000000000003,900200000000000056,1,71.290,369.850,26365.000,2022-12-13 17:30:00.000,L2FT01-FTJ020,13.10,0.000,0.666012,16605,0.435592,0.055345,0,0,1,0.9000,大鹏新区,22,22,0,0,0,0,1
2022-12-13,589179428,20190000000000000003,900200000000000043,1,57.823,366.467,21190.000,2022-12-13 17:45:00.000,L2FT01-FTJ020,13.10,0.000,0.666012,16605,0.435592,0.055345,0,0,1,0.9000,大鹏新区,22,22,0,0,0,0,1
2022-12-13,589179428,20190000000000000003,900200000000000043,1,65.550,373.173,24489.333,2022-12-13 18:00:00.000,L2FT01-FTJ020,13.00,0.000,0.666012,16605,0.435592,0.055345,0,0,1,0.9000,大鹏新区,22,22,0,0,0,0,1
2022-12-13,589179428,20190000000000000003,900200000000000043,1,67.371,388.113,26110.000,2022-12-13 18:15:00.000,L2FT01-FTJ020,13.00,0.000,0.666012,16605,0.435592,0.055345,0,0,1,0.9000,大鹏新区,22,22,0,0,0,0,1
2022-12-13,589179428,20190000000000000003,900200000000000053,1,129.917,313.425,40717.500,2022-12-13 18:15:00.000,L2FT01-FTJ020,13.00,0.000,0.666012,16605,0.435592,0.055345,0,0,1,0.9000,大鹏新区,22,22,0,0,0,0,1
2022-12-13,589179428,20190000000000000003,900200000000000043,1,45.790,395.022,18086.667,2022-12-13 18:30:00.000,L2FT01-FTJ020,13.00,0.000,0.666012,16605,0.435592,0.055345,0,0,1,0.9000,大鹏新区,22,22,0,0,0,0,1
2022-12-13,589179428,20190000000000000003,900200000000000053,1,129.978,313.960,40804.000,2022-12-13 18:30:00.000,L2FT01-FTJ020,13.00,0.000,0.666012,16605,0.435592,0.055345,0,0,1,0.9000,大鹏新区,22,22,0,0,0,0,1
2022-12-13,589179428,20190000000000000003,900200000000000032,1,51.091,436.391,22353.636,2022-12-13 20:30:00.000,L2FT01-FTJ020,13.40,0.000,0.666012,16605,0.435592,0.055345,0,0,1,0.9000,大鹏新区,22,22,0,0,0,0,1
2022-12-13,589179428,20190000000000000003,900200000000000032,1,41.783,445.360,18606.000,2022-12-13 20:45:00.000,L2FT01-FTJ020,13.40,0.000,0.666012,16605,0.435592,0.055345,0,0,1,0.9000,大鹏新区,22,22,0,0,0,0,1
2022-12-13,589179428,20190000000000000003,900200000000000057,1,59.826,351.827,21047.273,2022-12-13 20:45:00.000,L2FT01-FTJ020,13.40,0.000,0.666012,16605,0.435592,0.055345,0,0,1,0.9000,大鹏新区,22,22,0,0,0,0,1
2022-12-13,589179428,20190000000000000003,900200000000000032,1,27.841,449.893,12523.571,2022-12-13 21:00:00.000,L2FT01-FTJ020,13.88,0.000,0.666012,16605,0.435592,0.055345,0,0,1,0.9000,大鹏新区,22,22,0,0,0,0,1
2022-12-13,589179428,20190000000000000003,900200000000000057,1,59.843,354.420,21207.333,2022-12-13 21:00:00.000,L2FT01-FTJ020,13.88,0.000,0.666012,16605,0.435592,0.055345,0,0,1,0.9000,大鹏新区,22,22,0,0,0,0,1
2022-12-13,589179428,20190000000000000003,900200000000000057,1,59.790,356.525,21317.500,2022-12-13 21:15:00.000,L2FT01-FTJ020,13.88,0.000,0.666012,16605,0.435592,0.055345,0,0,1,0.9000,大鹏新区,22,22,0,0,0,0,1
2022-12-13,589179428,20190000000000000003,900200000000000037,1,65.734,300.300,22406.000,2022-12-13 21:45:00.000,L2FT01-FTJ020,13.88,0.000,0.666012,16605,0.435592,0.055345,0,0,1,0.9000,大鹏新区,22,22,0,0,0,0,1
2022-12-13,589179428,20190000000000000003,900200000000000053,1,87.880,342.538,30337.500,2022-12-13 22:00:00.000,L2FT01-FTJ020,14.50,0.000,0.666012,16605,0.435592,0.055345,0,0,1,0.9000,大鹏新区,22,22,0,0,0,0,1
2022-12-13,589179428,20190000000000000003,900200000000000053,1,128.583,354.840,45616.000,2022-12-13 22:15:00.000,L2FT01-FTJ020,14.50,0.000,0.666012,16605,0.435592,0.055345,0,0,1,0.9000,大鹏新区,22,22,0,0,0,0,1
2022-12-13,589179428,20190000000000000003,900200000000000053,1,104.943,370.553,38841.333,2022-12-13 22:30:00.000,L2FT01-FTJ020,14.50,0.000,0.666012,16605,0.435592,0.055345,0,0,1,0.9000,大鹏新区,22,22,0,0,0,0,1
2022-12-13,589179428,20190000000000000003,900200000000000053,1,74.165,382.008,28313.333,2022-12-13 22:45:00.000,L2FT01-FTJ020,14.50,0.000,0.666012,16605,0.435592,0.055345,0,0,1,0.9000,大鹏新区,22,22,0,0,0,0,1
