date,operator_id,station_id,connector_id,connector_status,current_a,voltage_v,power_w,report_time,grid_id,temperature_c,rainfall_mm,district_nev_penetration_rate,district_ev_sales,district_bev_ratio,district_operating_ev_ratio,is_major_holiday,has_major_event,is_workday,grid_area_km2,district_name,grid_total_charging_facilities,grid_slow_charging_facilities,grid_fast_charging_facilities,grid_super_charging_facilities,grid_super_charging_stations,grid_public_fast_charging_stations,grid_public_slow_charging_stations
2021-10-26,589179428,20190000000000000003,900200000000000045,1,132.878,316.933,42110.667,2021-10-26 00:00:00.000,L2FT01-FTJ011,12.00,0.000,0.666012,16605,0.435592,0.055345,0,0,1,0.6600,南山区,21,21,0,0,0,0,1
2021-10-26,589179428,20190000000000000003,900200000000000045,1,59.083,320.617,18892.500,2021-10-26 00:15:00.000,L2FT01-FTJ011,12.00,0.000,0.666012,16605,0.435592,0.055345,0,0,1,0.6600,南山区,21,21,0,0,0,0,1
2021-10-26,589179428,20190000000000000003,900200000000000050,1,48.176,440.429,21215.714,2021-10-26 00:15:00.000,L2FT01-FTJ011,12.00,0.000,0.666012,16605,0.435592,0.055345,0,0,1,0.6600,南山区,21,21,0,0,0,0,1
2021-10-26,589179428,20190000000000000003,900200000000000050,1,34.842,444.017,15468.333,2021-10-26 00:30:00.000,L2FT01-FTJ011,12.00,0.000,0.666012,16605,0.435592,0.055345,0,0,1,0.6600,南山区,21,21,0,0,0,0,1
2021-10-26,589179428,20190000000000000003,900200000000000030,1,116.943,306.480,35960.000,2021-10-26 01:15:00.000,L2FT01-FTJ011,12.78,0.000,0.666012,16605,0.435592,0.055345,0,0,1,0.6600,南山区,21,21,0,0,0,0,1
2021-10-26,589179428,20190000000000000003,900200000000000030,1,129.890,310.260,40298.000,2021-10-26 01:30:00.000,L2FT01-FTJ011,12.78,0.000,0.666012,16605,0.435592,0.055345,0,0,1,0.6600,南山区,21,21,0,0,0,0,1
2021-10-26,589179428,20190000000000000003,900200000000000030,1,129.890,311.013,40394.667,2021-10-26 01:45:00.000,L2FT01-FTJ011,12.78,0.000,0.666012,16605,0.435592,0.055345,0,0,1,0.6600,南山区,21,21,0,0,0,0,1
2021-10-26,589179428,20190000000000000003,900200000000000057,1,103.031,339.444,34968.889,2021-10-26 01:45:00.000,L2FT01-FTJ011,12.78,0.000,0.666012,16605,0.435592,0.055345,0,0,1,0.6600,南山区,21,21,0,0,0,0,1
2021-10-26,589179428,20190000000000000003,900200000000000030,1,129.897,312.407,40579.333,2021-10-26 02:00:00.000,L2FT01-FTJ011,13.50,0.000,0.666012,16605,0.435592,0.055345,0,0,1,0.6600,南山区,21,21,0,0,0,0,1
2021-10-26,589179428,20190000000000000003,900200000000000057,1,103.054,344.800,35529.333,2021-10-26 02:00:00.000,L2FT01-FTJ011,13.50,0.000,0.666012,16605,0.435592,0.055345,0,0,1,0.6600,南山区,21,21,0,0,0,0,1
2021-10-26,589179428,20190000000000000003,900200000000000030,1,129.890,314.460,40842.667,2021-10-26 02:15:00.000,L2FT01-FTJ011,13.50,0.000,0.666012,16605,0.435592,0.055345,0,0,1,0.6600,南山区,21,21,0,0,0,0,1
2021-10-26,589179428,20190000000000000003,900200000000000057,1,103.090,354.760,36570.667,2021-10-26 02:15:00.000,L2FT01-FTJ011,13.50,0.000,0.666012,16605,0.435592,0.055345,0,0,1,0.6600,南山区,21,21,0,0,0,0,1
2021-10-26,589179428,20190000000000000003,900200000000000030,1,113.865,317.033,36073.333,2021-10-26 02:30:00.000,L2FT01-FTJ011,13.50,0.000,0.666012,16605,0.435592,0.055345,0,0,1,0.6600,南山区,21,21,0,0,0,0,1
2021-10-26,589179428,20190000000000000003,900200000000000057,1,103.084,368.993,38036.000,2021-10-26 02:30:00.000,L2FT01-FTJ011,13.50,0.000,0.666012,16605,0.435592,0.055345,0,0,1,0.6600,南山区,21,21,0,0,0,0,1
2021-10-26,589179428,20190000000000000003,900200000000000030,1,44.815,327.325,14645.000,2021-10-26 02:45:00.000,L2FT01-FTJ011,13.50,0.000,0.666012,16605,0.435592,0.055345,0,0,1,0.6600,南山区,21,21,0,0,0,0,1
2021-10-26,589179428,20190000000000000003,900200000000000057,1,64.545,380.573,24553.333,2021-10-26 02:45:00.000,L2FT01-FTJ011,13.50,0.000,0.666012,16605,0.435592,0.055345,0,0,1,0.6600,南山区,21,21,0,0,0,0,1
2021-10-26,589179428,20190000000000000003,900200000000000057,1,25.590,382.213,9780.000,2021-10-26 03:00:00.000,L2FT01-FTJ011,14.12,0.000,0.666012,16605,0.435592,0.055345,0,0,1,0.6600,南山区,21,21,0,0,0,0,1
2021-10-26,589179428,20190000000000000003,900200000000000049,1,57.727,346.300,20186.667,2021-10-26 05:15:00.000,L2FT01-FTJ011,14.90,0.000,0.666012,16605,0.435592,0.055345,0,0,1,0.6600,南山区,21,21,0,0,0,0,1
2021-10-26,589179428,20190000000000000003,900200000000000049,1,134.547,363.760,48920.667,2021-10-26 05:30:00.000,L2FT01-FTJ011,14.90,0.000,0.666012,16605,0.435592,0.055345,0,0,1,0.6600,南山区,21,21,0,0,0,0,1
2021-10-26,589179428,20190000000000000003,900200000000000049,1,90.583,379.693,34360.000,2021-10-26 05:45:00.000,L2FT01-FTJ011,14.90,0.000,0.666012,16605,0.435592,0.055345,0,0,1,0.6600,南山区,21,21,0,0,0,0,1
2021-10-26,589179428,20190000000000000003,900200000000000049,1,36.427,386.253,14063.333,2021-10-26 06:00:00.000,L2FT01-FTJ011,15.00,0.000,0.666012,16605,0.435592,0.055345,0,0,1,0.6600,南山区,21,21,0,0,0,0,1
2021-10-26,589179428,20190000000000000003,900200000000000049,1,25.971,389.527,10112.667,2021-10-26 06:15:00.000,L2FT01-FTJ011,15.00,0.000,0.666012,16605,0.435592,0.055345,0,0,1,0.6600,南山区,21,21,0,0,0,0,1
2021-10-26,589179428,20190000000000000003,900200000000000049,1,25.890,392.240,10154.000,2021-10-26 06:30:00.000,L2FT01-FTJ011,15.00,0.000,0.666012,16605,0.435592,0.055345,0,0,1,0.6600,南山区,21,21,0,0,0,0,1
2021-10-26,589179428,20190000000000000003,900200000000000032,1,71.892,367.700,26432.500,2021-10-26 07:15:00.000,L2FT01-FTJ011,14.90,0.000,0.666012,16605,0.435592,0.055345,0,0,1,0.6600,南山区,21,21,0,0,0,0,1
2021-10-26,589179428,20190000000000000003,900200000000000056,1,90.457,353.033,31933.333,2021-10-26 07:15:00.000,L2FT01-FTJ011,14.90,0.000,0.666012,16605,0.435592,0.055345,0,0,1,0.6600,南山区,21,21,0,0,0,0,1
2021-10-26,589179428,20190000000000000003,900200000000000056,1,80.957,356.033,28834.000,2021-10-26 07:30:00.000,L2FT01-FTJ011,14.90,0.000,0.666012,16605,0.435592,0.055345,0,0,1,0.6600,南山区,21,21,0,0,0,0,1
2021-10-26,589179428,20190000000000000003,900200000000000032,1,70.072,382.180,26798.000,2021-10-26 07:30:00.000,L2FT01-FTJ011,14.90,0.000,0.666012,16605,0.435592,0.055345,0,0,1,0.6600,南山区,21,21,0,0,0,0,1
2021-10-26,589179428,20190000000000000003,900200000000000032,1,51.226,398.400,20372.000,2021-10-26 07:45:00.000,L2FT01-FTJ011,14.90,0.000,0.666012,16605,0.435592,0.055345,0,0,1,0.6600,南山区,21,21,0,0,0,0,1
2021-10-26,589179428,20190000000000000003,900200000000000056,1,54.211,355.653,19282.000,2021-10-26 07:45:00.000,L2FT01-FTJ011,14.90,0.000,0.666012,16605,0.435592,0.055345,0,0,1,0.6600,南山区,21,21,0,0,0,0,1
2021-10-26,589179428,20190000000000000003,900200000000000032,1,24.500,401.400,9830.000,2021-10-26 08:00:00.000,L2FT01-FTJ011,14.60,0.000,0.666012,16605,0.435592,0.055345,0,0,1,0.6600,南山区,21,21,0,0,0,0,1
2021-10-26,589179428,20190000000000000003,900200000000000056,1,26.391,355.186,9372.857,2021-10-26 08:00:00.000,L2FT01-FTJ011,14.60,0.000,0.666012,16605,0.435592,0.055345,0,0,1,0.6600,南山区,21,21,0,0,0,0,1
2021-10-26,589179428,20190000000000000003,900200000000000053,1,73.811,352.980,26050.667,2021-10-26 09:15:00.000,L2FT01-FTJ011,14.12,0.000,0.666012,16605,0.435592,0.055345,0,0,1,0.6600,南山区,21,21,0,0,0,0,1
2021-10-26,589179428,20190000000000000003,900200000000000053,1,73.803,363.960,26860.667,2021-10-26 09:30:00.000,L2FT01-FTJ011,14.12,0.000,0.666012,16605,0.435592,0.055345,0,0,1,0.6600,南山区,21,21,0,0,0,0,1
2021-10-26,589179428,20190000000000000003,900200000000000053,1,73.890,373.860,27622.000,2021-10-26 09:45:00.000,L2FT01-FTJ011,14.12,0.000,0.666012,16605,0.435592,0.055345,0,0,1,0.6600,南山区,21,21,0,0,0,0,1
2021-10-26,589179428,20190000000000000003,900200000000000053,1,65.997,382.993,25262.000,2021-10-26 10:00:00.000,L2FT01-FTJ011,13.50,0.000,0.666012,16605,0.435592,0.055345,0,0,1,0.6600,南山区,21,21,0,0,0,0,1
2021-10-26,589179428,20190000000000000003,900200000000000053,1,30.923,385.578,11924.444,2021-10-26 10:15:00.000,L2FT01-FTJ011,13.50,0.000,0.666012,16605,0.435592,0.055345,0,0,1,0.6600,南山区,21,21,0,0,0,0,1
2021-10-26,589179428,20190000000000000003,900200000000000052,1,117.489,357.120,41952.000,2021-10-26 10:30:00.000,L2FT01-FTJ011,13.50,0.000,0.666012,16605,0.435592,0.055345,0,0,1,0.6600,南山区,21,21,0,0,0,0,1
2021-10-26,589179428,20190000000000000003,900200000000000052,1,74.379,360.686,26785.714,2021-10-26 10:45:00.000,L2FT01-FTJ011,13.50,0.000,0.666012,16605,0.435592,0.055345,0,0,1,0.6600,南山区,21,21,0,0,0,0,1
2021-10-26,589179428,20190000000000000003,900200000000000044,1,47.120,391.914,18452.857,2021-10-26 11:00:00.000,L2FT01-FTJ011,12.78,0.000,0.666012,16605,0.435592,0.055345,0,0,1,0.6600,南山区,21,21,0,0,0,0,1
2021-10-26,589179428,20190000000000000003,900200000000000044,1,24.337,398.513,9698.000,2021-10-26 11:15:00.000,L2FT01-FTJ011,12.78,0.000,0.666012,16605,0.435592,0.055345,0,0,1,0.6600,南山区,21,21,0,0,0,0,1
2021-10-26,589179428,20190000000000000003,900200000000000044,1,10.170,399.350,4058.571,2021-10-26 11:30:00.000,L2FT01-FTJ011,12.78,0.000,0.666012,16605,0.435592,0.055345,0,0,1,0.6600,南山区,21,21,0,0,0,0,1
2021-10-26,589179428,20190000000000000003,900200000000000031,1,101.427,375.525,38030.000,2021-10-26 12:00:00.000,L2FT01-FTJ011,12.00,0.000,0.666012,16605,0.435592,0.055345,0,0,1,0.6600,南山区,21,21,0,0,0,0,1
2021-10-26,589179428,20190000000000000003,900200000000000042,1,112.995,309.800,35001.667,2021-10-26 12:15:00.000,L2FT01-FTJ011,12.00,0.000,0.666012,16605,0.435592,0.055345,0,0,1,0.6600,南山区,21,21,0,0,0,0,1
2021-10-26,589179428,20190000000000000003,900200000000000031,1,64.390,386.647,24866.000,2021-10-26 12:15:00.000,L2FT01-FTJ011,12.00,0.000,0.666012,16605,0.435592,0.055345,0,0,1,0.6600,南山区,21,21,0,0,0,0,1
2021-10-26,589179428,20190000000000000003,900200000000000031,1,17.998,390.773,7032.667,2021-10-26 12:30:00.000,L2FT01-FTJ011,12.00,0.000,0.666012,16605,0.435592,0.055345,0,0,1,0.6600,南山区,21,21,0,0,0,0,1
2021-10-26,589179428,20190000000000000003,900200000000000042,1,112.806,311.333,35115.333,2021-10-26 12:30:00.000,L2FT01-FTJ011,12.00,0.000,0.666012,16605,0.435592,0.055345,0,0,1,0.6600,南山区,21,21,0,0,0,0,1
2021-10-26,589179428,20190000000000000003,900200000000000031,1,12.890,391.700,5050.000,2021-10-26 12:45:00.000,L2FT01-FTJ011,12.00,0.000,0.666012,16605,0.435592,0.055345,0,0,1,0.6600,南山区,21,21,0,0,0,0,1
2021-10-26,589179428,20190000000000000003,900200000000000042,1,119.512,315.867,37762.000,2021-10-26 12:45:00.000,L2FT01-FTJ011,12.00,0.000,0.666012,16605,0.435592,0.055345,0,0,1,0.6600,南山区,21,21,0,0,0,0,1
2021-10-26,589179428,20190000000000000003,900200000000000042,1,75.559,325.314,24533.571,2021-10-26 13:00:00.000,L2FT01-FTJ011,11.22,0.000,0.666012,16605,0.435592,0.055345,0,0,1,0.6600,南山区,21,21,0,0,0,0,1
2021-10-26,589179428,20190000000000000003,900200000000000052,1,149.915,312.575,46860.000,2021-10-26 17:00:00.000,L2FT01-FTJ011,9.10,0.000,0.666012,16605,0.435592,0.055345,0,0,1,0.6600,南山区,21,21,0,0,0,0,1
2021-10-26,589179428,20190000000000000003,900200000000000052,1,149.867,315.062,47214.615,2021-10-26 17:15:00.000,L2FT01-FTJ011,9.10,0.000,0.666012,16605,0.435592,0.055345,0,0,1,0.6600,南山区,21,21,0,0,0,0,1
2021-10-26,589179428,20190000000000000003,900200000000000057,1,129.808,311.067,40373.333,2021-10-26 17:45:00.000,L2FT01-FTJ011,9.10,0.000,0.666012,16605,0.435592,0.055345,0,0,1,0.6600,南山区,21,21,0,0,0,0,1
2021-10-26,589179428,20190000000000000003,900200000000000057,1,129.878,311.740,40484.667,2021-10-26 18:00:00.000,L2FT01-FTJ011,9.00,0.000,0.666012,16605,0.435592,0.055345,0,0,1,0.6600,南山区,21,21,0,0,0,0,1
2021-10-26,589179428,20190000000000000003,900200000000000052,1,120.800,403.600,48750.000,2021-10-26 18:15:00.000,L2FT01-FTJ011,9.00,0.000,0.666012,16605,0.435592,0.055345,0,0,1,0.6600,南山区,21,21,0,0,0,0,1
2021-10-26,589179428,20190000000000000003,900200000000000057,1,129.890,313.667,40740.000,2021-10-26 18:15:00.000,L2FT01-FTJ011,9.00,0.000,0.666012,16605,0.435592,0.055345,0,0,1,0.6600,南山区,21,21,0,0,0,0,1
2021-10-26,589179428,20190000000000000003,900200000000000057,1,129.848,315.020,40900.000,2021-10-26 18:30:00.000,L2FT01-FTJ011,9.00,0.000,0.666012,16605,0.435592,0.055345,0,0,1,0.6600,南山区,21,21,0,0,0,0,1
2021-10-26,589179428,20190000000000000003,900200000000000057,1,121.700,316.018,38460.909,2021-10-26 18:45:00.000,L2FT01-FTJ011,9.00,0.000,0.666012,16605,0.435592,0.055345,0,0,1,0.6600,南山区,21,21,0,0,0,0,1
2021-10-26,589179428,20190000000000000003,900200000000000044,1,99.810,375.311,37455.556,2021-10-26 19:00:00.000,L2FT01-FTJ011,9.10,0.000,0.666012,16605,0.435592,0.055345,0,0,1,0.6600,南山区,21,21,0,0,0,0,1
2021-10-26,589179428,20190000000000000003,900200000000000044,1,99.800,387.973,38717.333,2021-10-26 19:15:00.000,L2FT01-FTJ011,9.10,0.000,0.666012,16605,0.435592,0.055345,0,0,1,0.6600,南山区,21,21,0,0,0,0,1
2021-10-26,589179428,20190000000000000003,900200000000000043,1,69.005,340.240,23482.000,2021-10-26 19:30:00.000,L2FT01-FTJ011,9.10,0.000,0.666012,16605,0.435592,0.055345,0,0,1,0.6600,南山区,21,21,0,0,0,0,1
2021-10-26,589179428,20190000000000000003,900200000000000044,1,68.814,397.780,27362.000,2021-10-26 19:30:00.000,L2FT01-FTJ011,9.10,0.000,0.666012,16605,0.435592,0.055345,0,0,1,0.6600,南山区,21,21,0,0,0,0,1
2021-10-26,589179428,20190000000000000003,900200000000000044,1,20.978,398.120,8351.333,2021-10-26 19:45:00.000,L2FT01-FTJ011,9.10,0.000,0.666012,16605,0.435592,0.055345,0,0,1,0.6600,南山区,21,21,0,0,0,0,1
2021-10-26,589179428,20190000000000000003,900200000000000043,1,69.890,351.807,24586.667,2021-10-26 19:45:00.000,L2FT01-FTJ011,9.10,0.000,0.666012,16605,0.435592,0.055345,0,0,1,0.6600,南山区,21,21,0,0,0,0,1
2021-10-26,589179428,20190000000000000003,900200000000000037,1,59.623,353.520,21352.000,2021-10-26 20:00:00.000,L2FT01-FTJ011,9.40,0.000,0.666012,16605,0.435592,0.055345,0,0,1,0.6600,南山区,21,21,0,0,0,0,1
2021-10-26,589179428,20190000000000000003,900200000000000043,1,59.063,362.120,21367.333,2021-10-26 20:00:00.000,L2FT01-FTJ011,9.40,0.000,0.666012,16605,0.435592,0.055345,0,0,1,0.6600,南山区,21,21,0,0,0,0,1
2021-10-26,589179428,20190000000000000003,900200000000000044,1,7.841,397.930,3118.000,2021-10-26 20:00:00.000,L2FT01-FTJ011,9.40,0.000,0.666012,16605,0.435592,0.055345,0,0,1,0.6600,南山区,21,21,0,0,0,0,1
2021-10-26,589179428,20190000000000000003,900200000000000037,1,102.103,368.500,37592.000,2021-10-26 20:15:00.000,L2FT01-FTJ011,9.40,0.000,0.666012,16605,0.435592,0.055345,0,0,1,0.6600,南山区,21,21,0,0,0,0,1
2021-10-26,589179428,20190000000000000003,900200000000000043,1,29.590,364.100,10770.000,2021-10-26 20:15:00.000,L2FT01-FTJ011,9.40,0.000,0.666012,16605,0.435592,0.055345,0,0,1,0.6600,南山区,21,21,0,0,0,0,1
2021-10-26,589179428,20190000000000000003,900200000000000037,1,66.293,377.053,24977.333,2021-10-26 20:30:00.000,L2FT01-FTJ011,9.40,0.000,0.666012,16605,0.435592,0.055345,0,0,1,0.6600,南山区,21,21,0,0,0,0,1
2021-10-26,589179428,20190000000000000003,900200000000000037,1,33.390,379.118,12657.273,2021-10-26 20:45:00.000,L2FT01-FTJ011,9.40,0.000,0.666012,16605,0.435592,0.055345,0,0,1,0.6600,南山区,21,21,0,0,0,0,1
2021-10-26,589179428,20190000000000000003,900200000000000035,1,244.773,374.844,91750.000,2021-10-26 21:00:00.000,L2FT01-FTJ011,9.88,0.000,0.666012,16605,0.435592,0.055345,0,0,1,0.6600,南山区,21,21,0,0,0,0,1
2021-10-26,589179428,20190000000000000003,900200000000000035,1,206.712,389.208,80356.154,2021-10-26 21:15:00.000,L2FT01-FTJ011,9.88,0.000,0.666012,16605,0.435592,0.055345,0,0,1,0.6600,南山区,21,21,0,0,0,0,1
2021-10-26,589179428,20190000000000000003,900200000000000035,1,132.148,399.980,52804.000,2021-10-26 21:30:00.000,L2FT01-FTJ011,9.88,0.000,0.666012,16605,0.435592,0.055345,0,0,1,0.6600,南山区,21,21,0,0,0,0,1
2021-10-26,589179428,20190000000000000003,900200000000000035,1,80.242,403.650,32390.000,2021-10-26 21:45:00.000,L2FT01-FTJ011,9.88,0.000,0.666012,16605,0.435592,0.055345,0,0,1,0.6600,南山区,21,21,0,0,0,0,1
2021-10-26,589179428,20190000000000000003,900200000000000035,1,18.990,336.650,6395.000,2021-10-26 23:00:00.000,L2FT01-FTJ011,11.22,0.000,0.666012,16605,0.435592,0.055345,0,0,1,0.6600,南山区,21,21,0,0,0,0,1
2021-10-26,589179428,20190000000000000003,900200000000000035,1,131.513,350.153,46155.333,2021-10-26 23:15:00.000,L2FT01-FTJ011,11.22,0.000,0.666012,16605,0.435592,0.055345,0,0,1,0.6600,南山区,21,21,0,0,0,0,1
2021-10-26,589179428,20190000000000000003,900200000000000057,1,103.015,338.117,34826.667,2021-10-26 23:15:00.000,L2FT01-FTJ011,11.22,0.000,0.666012,16605,0.435592,0.055345,0,0,1,0.6600,南山区,21,21,0,0,0,0,1
2021-10-26,589179428,20190000000000000003,900200000000000035,1,127.364,368.480,46878.000,2021-10-26 23:30:00.000,L2FT01-FTJ011,11.22,0.000,0.666012,16605,0.435592,0.055345,0,0,1,0.6600,南山区,21,21,0,0,0,0,1
2021-10-26,589179428,20190000000000000003,900200000000000057,1,103.048,342.793,35322.000,2021-10-26 23:30:00.000,L2FT01-FTJ011,11.22,0.000,0.666012,16605,0.435592,0.055345,0,0,1,0.6600,南山区,21,21,0,0,0,0,1
2021-10-26,589179428,20190000000000000003,900200000000000035,1,79.523,382.060,30356.667,2021-10-26 23:45:00.000,L2FT01-FTJ011,11.22,0.000,0.666012,16605,0.435592,0.055345,0,0,1,0.6600,南山区,21,21,0,0,0,0,1
2021-10-26,589179428,20190000000000000003,900200000000000057,1,103.090,350.385,36120.000,2021-10-26 23:45:00.000,L2FT01-FTJ011,11.22,0.000,0.666012,16605,0.435592,0.055345,0,0,1,0.6600,南山区,21,21,0,0,0,0,1
2021-10-27,589179428,20190000000000000003,900200000000000034,1,132.057,308.393,40722.667,2021-10-27 00:00:00.000,L2FT01-FTJ011,12.00,0.000,0.666012,16605,0.435592,0.055345,0,0,1,0.6600,南山区,21,21,0,0,0,0,1
2021-10-27,589179428,20190000000000000003,900200000000000035,1,30.402,386.720,11754.667,2021-10-27 00:00:00.000,L2FT01-FTJ011,12.00,0.000,0.666012,16605,0.435592,0.055345,0,0,1,0.6600,南山区,21,21,0,0,0,0,1
2021-10-27,589179428,20190000000000000003,900200000000000034,1,132.878,309.760,41156.667,2021-10-27 00:15:00.000,L2FT01-FTJ011,12.00,0.000,0.666012,16605,0.435592,0.055345,0,0,1,0.6600,南山区,21,21,0,0,0,0,1
2021-10-27,589179428,20190000000000000003,900200000000000035,1,26.000,388.925,10107.500,2021-10-27 00:15:00.000,L2FT01-FTJ011,12.00,0.000,0.666012,16605,0.435592,0.055345,0,0,1,0.6600,南山区,21,21,0,0,0,0,1
2021-10-27,589179428,20190000000000000003,900200000000000034,1,132.884,310.700,41285.333,2021-10-27 00:30:00.000,L2FT01-FTJ011,12.00,0.000,0.666012,16605,0.435592,0.055345,0,0,1,0.6600,南山区,21,21,0,0,0,0,1
2021-10-27,589179428,20190000000000000003,900200000000000050,1,129.913,307.657,39962.857,2021-10-27 00:45:00.000,L2FT01-FTJ011,12.00,0.000,0.666012,16605,0.435592,0.055345,0,0,1,0.6600,南山区,21,21,0,0,0,0,1
2021-10-27,589179428,20190000000000000003,900200000000000034,1,132.878,313.140,41607.333,2021-10-27 00:45:00.000,L2FT01-FTJ011,12.00,0.000,0.666012,16605,0.435592,0.055345,0,0,1,0.6600,南山区,21,21,0,0,0,0,1
2021-10-27,589179428,20190000000000000003,900200000000000034,1,132.890,314.580,41803.333,2021-10-27 01:00:00.000,L2FT01-FTJ011,12.78,0.000,0.666012,16605,0.435592,0.055345,0,0,1,0.6600,南山区,21,21,0,0,0,0,1
2021-10-27,589179428,20190000000000000003,900200000000000050,1,76.857,310.110,23823.000,2021-10-27 01:00:00.000,L2FT01-FTJ011,12.78,0.000,0.666012,16605,0.435592,0.055345,0,0,1,0.6600,南山区,21,21,0,0,0,0,1
2021-10-27,589179428,20190000000000000003,900200000000000034,1,87.836,322.367,28103.333,2021-10-27 01:15:00.000,L2FT01-FTJ011,12.78,0.000,0.666012,16605,0.435592,0.055345,0,0,1,0.6600,南山区,21,21,0,0,0,0,1
2021-10-27,589179428,20190000000000000003,900200000000000038,1,120.535,315.300,37987.857,2021-10-27 01:15:00.000,L2FT01-FTJ011,12.78,0.000,0.666012,16605,0.435592,0.055345,0,0,1,0.6600,南山区,21,21,0,0,0,0,1
2021-10-27,589179428,20190000000000000003,900200000000000038,1,122.300,319.450,39030.000,2021-10-27 01:30:00.000,L2FT01-FTJ011,12.78,0.000,0.666012,16605,0.435592,0.055345,0,0,1,0.6600,南山区,21,21,0,0,0,0,1
2021-10-27,589179428,20190000000000000003,900200000000000040,1,97.373,306.300,30042.500,2021-10-27 01:45:00.000,L2FT01-FTJ011,12.78,0.000,0.666012,16605,0.435592,0.055345,0,0,1,0.6600,南山区,21,21,0,0,0,0,1
2021-10-27,589179428,20190000000000000003,900200000000000040,1,129.884,310.460,40320.667,2021-10-27 02:00:00.000,L2FT01-FTJ011,13.50,0.000,0.666012,16605,0.435592,0.055345,0,0,1,0.6600,南山区,21,21,0,0,0,0,1
2021-10-27,589179428,20190000000000000003,900200000000000040,1,129.890,311.347,40438.667,2021-10-27 02:15:00.000,L2FT01-FTJ011,13.50,0.000,0.666012,16605,0.435592,0.055345,0,0,1,0.6600,南山区,21,21,0,0,0,0,1
2021-10-27,589179428,20190000000000000003,900200000000000053,1,149.837,310.808,46569.231,2021-10-27 02:15:00.000,L2FT01-FTJ011,13.50,0.000,0.666012,16605,0.435592,0.055345,0,0,1,0.6600,南山区,21,21,0,0,0,0,1
2021-10-27,589179428,20190000000000000003,900200000000000053,1,149.843,311.807,46720.000,2021-10-27 02:30:00.000,L2FT01-FTJ011,13.50,0.000,0.666012,16605,0.435592,0.055345,0,0,1,0.6600,南山区,21,21,0,0,0,0,1
2021-10-27,589179428,20190000000000000003,900200000000000053,1,149.941,313.900,47064.000,2021-10-27 02:45:00.000,L2FT01-FTJ011,13.50,0.000,0.666012,16605,0.435592,0.055345,0,0,1,0.6600,南山区,21,21,0,0,0,0,1
2021-10-27,589179428,20190000000000000003,900200000000000053,1,149.890,315.273,47253.333,2021-10-27 03:00:00.000,L2FT01-FTJ011,14.12,0.000,0.666012,16605,0.435592,0.055345,0,0,1,0.6600,南山区,21,21,0,0,0,0,1
2021-10-27,589179428,20190000000000000003,900200000000000053,1,96.537,322.387,30861.333,2021-10-27 03:15:00.000,L2FT01-FTJ011,14.12,0.000,0.666012,16605,0.435592,0.055345,0,0,1,0.6600,南山区,21,21,0,0,0,0,1
2021-10-27,589179428,20190000000000000003,900200000000000040,1,110.445,359.067,39653.333,2021-10-27 04:30:00.000,L2FT01-FTJ011,14.60,0.000,0.666012,16605,0.435592,0.055345,0,0,1,0.6600,南山区,21,21,0,0,0,0,1
2021-10-27,589179428,20190000000000000003,900200000000000050,1,119.493,311.700,37311.667,2021-10-27 04:30:00.000,L2FT01-FTJ011,14.60,0.000,0.666012,16605,0.435592,0.055345,0,0,1,0.6600,南山区,21,21,0,0,0,0,1
2021-10-27,589179428,20190000000000000003,900200000000000040,1,68.107,356.307,24279.333,2021-10-27 04:45:00.000,L2FT01-FTJ011,14.60,0.000,0.666012,16605,0.435592,0.055345,0,0,1,0.6600,南山区,21,21,0,0,0,0,1
2021-10-27,589179428,20190000000000000003,900200000000000050,1,129.853,313.700,40731.333,2021-10-27 04:45:00.000,L2FT01-FTJ011,14.60,0.000,0.666012,16605,0.435592,0.055345,0,0,1,0.6600,南山区,21,21,0,0,0,0,1
2021-10-27,589179428,20190000000000000003,900200000000000050,1,122.700,314.700,38604.667,2021-10-27 05:00:00.000,L2FT01-FTJ011,14.90,0.000,0.666012,16605,0.435592,0.055345,0,0,1,0.6600,南山区,21,21,0,0,0,0,1
2021-10-27,589179428,20190000000000000003,900200000000000040,1,34.971,358.044,12497.778,2021-10-27 05:00:00.000,L2FT01-FTJ011,14.90,0.000,0.666012,16605,0.435592,0.055345,0,0,1,0.6600,南山区,21,21,0,0,0,0,1
2021-10-27,589179428,20190000000000000003,900200000000000050,0,0.000,316.300,0.000,2021-10-27 05:15:00.000,L2FT01-FTJ011,14.90,0.000,0.666012,16605,0.435592,0.055345,0,0,1,0.6600,南山区,21,21,0,0,0,0,1
2021-10-27,589179428,20190000000000000003,900200000000000057,1,81.340,323.856,26337.778,2021-10-27 10:00:00.000,L2FT01-FTJ011,13.50,0.000,0.666012,16605,0.435592,0.055345,0,0,1,0.6600,南山区,21,21,0,0,0,0,1
2021-10-27,589179428,20190000000000000003,900200000000000057,1,58.891,328.607,19346.667,2021-10-27 10:15:00.000,L2FT01-FTJ011,13.50,0.000,0.666012,16605,0.435592,0.055345,0,0,1,0.6600,南山区,21,21,0,0,0,0,1
2021-10-27,589179428,20190000000000000003,900200000000000057,1,29.677,331.100,9826.000,2021-10-27 10:30:00.000,L2FT01-FTJ011,13.50,0.000,0.666012,16605,0.435592,0.055345,0,0,1,0.6600,南山区,21,21,0,0,0,0,1
2021-10-27,589179428,20190000000000000003,900200000000000057,1,19.435,333.018,6471.818,2021-10-27 10:45:00.000,L2FT01-FTJ011,13.50,0.000,0.666012,16605,0.435592,0.055345,0,0,1,0.6600,南山区,21,21,0,0,0,0,1
2021-10-27,589179428,20190000000000000003,900200000000000048,1,82.870,459.553,38753.333,2021-10-27 12:15:00.000,L2FT01-FTJ011,12.00,0.000,0.666012,16605,0.435592,0.055345,0,0,1,0.6600,南山区,21,21,0,0,0,0,1
2021-10-27,589179428,20190000000000000003,900200000000000048,1,54.217,470.055,25492.727,2021-10-27 12:30:00.000,L2FT01-FTJ011,12.00,0.000,0.666012,16605,0.435592,0.055345,0,0,1,0.6600,南山区,21,21,0,0,0,0,1
2021-10-27,589179428,20190000000000000003,900200000000000034,1,129.863,310.060,40262.000,2021-10-27 13:00:00.000,L2FT01-FTJ011,11.22,0.000,0.666012,16605,0.435592,0.055345,0,0,1,0.6600,南山区,21,21,0,0,0,0,1
2021-10-27,589179428,20190000000000000003,900200000000000034,1,129.824,312.647,40585.333,2021-10-27 13:15:00.000,L2FT01-FTJ011,11.22,0.000,0.666012,16605,0.435592,0.055345,0,0,1,0.6600,南山区,21,21,0,0,0,0,1
2021-10-27,589179428,20190000000000000003,900200000000000048,1,121.878,310.740,37902.000,2021-10-27 13:15:00.000,L2FT01-FTJ011,11.22,0.000,0.666012,16605,0.435592,0.055345,0,0,1,0.6600,南山区,21,21,0,0,0,0,1
2021-10-27,589179428,20190000000000000003,900200000000000034,1,129.836,314.107,40778.667,2021-10-27 13:30:00.000,L2FT01-FTJ011,11.22,0.000,0.666012,16605,0.435592,0.055345,0,0,1,0.6600,南山区,21,21,0,0,0,0,1
2021-10-27,589179428,20190000000000000003,900200000000000038,1,129.800,316.000,41015.000,2021-10-27 13:30:00.000,L2FT01-FTJ011,11.22,0.000,0.666012,16605,0.435592,0.055345,0,0,1,0.6600,南山区,21,21,0,0,0,0,1
2021-10-27,589179428,20190000000000000003,900200000000000048,1,129.866,314.300,40814.667,2021-10-27 13:30:00.000,L2FT01-FTJ011,11.22,0.000,0.666012,16605,0.435592,0.055345,0,0,1,0.6600,南山区,21,21,0,0,0,0,1
2021-10-27,589179428,20190000000000000003,900200000000000034,1,100.796,320.680,32094.000,2021-10-27 13:45:00.000,L2FT01-FTJ011,11.22,0.000,0.666012,16605,0.435592,0.055345,0,0,1,0.6600,南山区,21,21,0,0,0,0,1
2021-10-27,589179428,20190000000000000003,900200000000000039,1,84.469,329.915,27870.000,2021-10-27 13:45:00.000,L2FT01-FTJ011,11.22,0.000,0.666012,16605,0.435592,0.055345,0,0,1,0.6600,南山区,21,21,0,0,0,0,1
2021-10-27,589179428,20190000000000000003,900200000000000048,1,129.890,316.280,41079.333,2021-10-27 13:45:00.000,L2FT01-FTJ011,11.22,0.000,0.666012,16605,0.435592,0.055345,0,0,1,0.6600,南山区,21,21,0,0,0,0,1
2021-10-27,589179428,20190000000000000003,900200000000000048,1,65.549,323.286,21135.714,2021-10-27 14:00:00.000,L2FT01-FTJ011,10.50,0.000,0.666012,16605,0.435592,0.055345,0,0,1,0.6600,南山区,21,21,0,0,0,0,1
2021-10-27,589179428,20190000000000000003,900200000000000039,1,42.695,328.615,14021.538,2021-10-27 14:00:00.000,L2FT01-FTJ011,10.50,0.000,0.666012,16605,0.435592,0.055345,0,0,1,0.6600,南山区,21,21,0,0,0,0,1
2021-10-27,589179428,20190000000000000003,900200000000000049,1,94.548,390.030,36974.000,2021-10-27 14:45:00.000,L2FT01-FTJ011,10.50,0.000,0.666012,16605,0.435592,0.055345,0,0,1,0.6600,南山区,21,21,0,0,0,0,1
2021-10-27,589179428,20190000000000000003,900200000000000049,1,97.371,401.880,39120.667,2021-10-27 15:00:00.000,L2FT01-FTJ011,9.88,0.000,0.666012,16605,0.435592,0.055345,0,0,1,0.6600,南山区,21,21,0,0,0,0,1
2021-10-27,589179428,20190000000000000003,900200000000000049,1,42.004,405.353,17028.000,2021-10-27 15:15:00.000,L2FT01-FTJ011,9.88,0.000,0.666012,16605,0.435592,0.055345,0,0,1,0.6600,南山区,21,21,0,0,0,0,1
2021-10-27,589179428,20190000000000000003,900200000000000049,1,15.539,405.687,6302.000,2021-10-27 15:30:00.000,L2FT01-FTJ011,9.88,0.000,0.666012,16605,0.435592,0.055345,0,0,1,0.6600,南山区,21,21,0,0,0,0,1
2021-10-27,589179428,20190000000000000003,900200000000000049,1,10.000,405.800,4050.000,2021-10-27 15:45:00.000,L2FT01-FTJ011,9.88,0.000,0.666012,16605,0.435592,0.055345,0,0,1,0.6600,南山区,21,21,0,0,0,0,1
2021-10-27,589179428,20190000000000000003,900200000000000032,1,54.414,360.122,19766.667,2021-10-27 16:15:00.000,L2FT01-FTJ011,9.40,0.000,0.666012,16605,0.435592,0.055345,0,0,1,0.6600,南山区,21,21,0,0,0,0,1
2021-10-27,589179428,20190000000000000003,900200000000000032,1,87.113,373.493,32514.667,2021-10-27 16:30:00.000,L2FT01-FTJ011,9.40,0.000,0.666012,16605,0.435592,0.055345,0,0,1,0.6600,南山区,21,21,0,0,0,0,1
2021-10-27,589179428,20190000000000000003,900200000000000031,1,107.500,307.000,33000.000,2021-10-27 16:45:00.000,L2FT01-FTJ011,9.40,0.000,0.666012,16605,0.435592,0.055345,0,0,1,0.6600,南山区,21,21,0,0,0,0,1
2021-10-27,589179428,20190000000000000003,900200000000000032,1,55.388,382.713,21196.000,2021-10-27 16:45:00.000,L2FT01-FTJ011,9.40,0.000,0.666012,16605,0.435592,0.055345,0,0,1,0.6600,南山区,21,21,0,0,0,0,1
2021-10-27,589179428,20190000000000000003,900200000000000044,1,112.750,322.150,36265.000,2021-10-27 16:45:00.000,L2FT01-FTJ011,9.40,0.000,0.666012,16605,0.435592,0.055345,0,0,1,0.6600,南山区,21,21,0,0,0,0,1
2021-10-27,589179428,20190000000000000003,900200000000000047,1,179.248,316.100,56657.500,2021-10-27 16:45:00.000,L2FT01-FTJ011,9.40,0.000,0.666012,16605,0.435592,0.055345,0,0,1,0.6600,南山区,21,21,0,0,0,0,1
2021-10-27,589179428,20190000000000000003,900200000000000032,1,43.496,389.367,16929.167,2021-10-27 17:00:00.000,L2FT01-FTJ011,9.10,0.000,0.666012,16605,0.435592,0.055345,0,0,1,0.6600,南山区,21,21,0,0,0,0,1
2021-10-27,589179428,20190000000000000003,900200000000000044,1,105.613,313.022,33057.778,2021-10-27 17:00:00.000,L2FT01-FTJ011,9.10,0.000,0.666012,16605,0.435592,0.055345,0,0,1,0.6600,南山区,21,21,0,0,0,0,1
2021-10-27,589179428,20190000000000000003,900200000000000047,1,149.933,318.240,47652.000,2021-10-27 17:00:00.000,L2FT01-FTJ011,9.10,0.000,0.666012,16605,0.435592,0.055345,0,0,1,0.6600,南山区,21,21,0,0,0,0,1
2021-10-27,589179428,20190000000000000003,900200000000000050,1,183.217,315.030,57888.000,2021-10-27 17:00:00.000,L2FT01-FTJ011,9.10,0.000,0.666012,16605,0.435592,0.055345,0,0,1,0.6600,南山区,21,21,0,0,0,0,1
2021-10-27,589179428,20190000000000000003,900200000000000050,1,179.305,319.071,57062.143,2021-10-27 17:15:00.000,L2FT01-FTJ011,9.10,0.000,0.666012,16605,0.435592,0.055345,0,0,1,0.6600,南山区,21,21,0,0,0,0,1
2021-10-27,589179428,20190000000000000003,900200000000000047,1,29.890,331.850,9920.000,2021-10-27 17:15:00.000,L2FT01-FTJ011,9.10,0.000,0.666012,16605,0.435592,0.055345,0,0,1,0.6600,南山区,21,21,0,0,0,0,1
2021-10-27,589179428,20190000000000000003,900200000000000040,1,129.865,311.140,40402.000,2021-10-27 17:15:00.000,L2FT01-FTJ011,9.10,0.000,0.666012,16605,0.435592,0.055345,0,0,1,0.6600,南山区,21,21,0,0,0,0,1
2021-10-27,589179428,20190000000000000003,900200000000000044,1,105.578,313.873,33135.333,2021-10-27 17:15:00.000,L2FT01-FTJ011,9.10,0.000,0.666012,16605,0.435592,0.055345,0,0,1,0.6600,南山区,21,21,0,0,0,0,1
2021-10-27,589179428,20190000000000000003,900200000000000040,1,129.884,312.520,40589.333,2021-10-27 17:30:00.000,L2FT01-FTJ011,9.10,0.000,0.666012,16605,0.435592,0.055345,0,0,1,0.6600,南山区,21,21,0,0,0,0,1
2021-10-27,589179428,20190000000000000003,900200000000000044,1,105.590,315.100,33270.000,2021-10-27 17:30:00.000,L2FT01-FTJ011,9.10,0.000,0.666012,16605,0.435592,0.055345,0,0,1,0.6600,南山区,21,21,0,0,0,0,1
2021-10-27,589179428,20190000000000000003,900200000000000045,1,129.845,313.900,40755.000,2021-10-27 17:30:00.000,L2FT01-FTJ011,9.10,0.000,0.666012,16605,0.435592,0.055345,0,0,1,0.6600,南山区,21,21,0,0,0,0,1
2021-10-27,589179428,20190000000000000003,900200000000000040,1,129.921,314.371,40841.429,2021-10-27 17:45:00.000,L2FT01-FTJ011,9.10,0.000,0.666012,16605,0.435592,0.055345,0,0,1,0.6600,南山区,21,21,0,0,0,0,1
2021-10-27,589179428,20190000000000000003,900200000000000045,1,129.814,314.400,40808.462,2021-10-27 17:45:00.000,L2FT01-FTJ011,9.10,0.000,0.666012,16605,0.435592,0.055345,0,0,1,0.6600,南山区,21,21,0,0,0,0,1
2021-10-27,589179428,20190000000000000003,900200000000000056,1,129.845,311.708,40469.167,2021-10-27 18:00:00.000,L2FT01-FTJ011,9.00,0.000,0.666012,16605,0.435592,0.055345,0,0,1,0.6600,南山区,21,21,0,0,0,0,1
2021-10-27,589179428,20190000000000000003,900200000000000056,1,129.956,314.440,40859.333,2021-10-27 18:15:00.000,L2FT01-FTJ011,9.00,0.000,0.666012,16605,0.435592,0.055345,0,0,1,0.6600,南山区,21,21,0,0,0,0,1
2021-10-27,589179428,20190000000000000003,900200000000000042,1,203.714,315.385,64240.769,2021-10-27 18:30:00.000,L2FT01-FTJ011,9.00,0.000,0.666012,16605,0.435592,0.055345,0,0,1,0.6600,南山区,21,21,0,0,0,0,1
2021-10-27,589179428,20190000000000000003,900200000000000056,1,130.000,316.340,41119.333,2021-10-27 18:30:00.000,L2FT01-FTJ011,9.00,0.000,0.666012,16605,0.435592,0.055345,0,0,1,0.6600,南山区,21,21,0,0,0,0,1
2021-10-27,589179428,20190000000000000003,900200000000000056,1,130.000,321.400,41780.000,2021-10-27 18:45:00.000,L2FT01-FTJ011,9.00,0.000,0.666012,16605,0.435592,0.055345,0,0,1,0.6600,南山区,21,21,0,0,0,0,1
2021-10-27,589179428,20190000000000000003,900200000000000048,1,63.290,440.800,29396.667,2021-10-27 19:45:00.000,L2FT01-FTJ011,9.10,0.000,0.666012,16605,0.435592,0.055345,0,0,1,0.6600,南山区,21,21,0,0,0,0,1
2021-10-27,589179428,20190000000000000003,900200000000000048,1,149.830,475.620,71262.000,2021-10-27 20:00:00.000,L2FT01-FTJ011,9.40,0.000,0.666012,16605,0.435592,0.055345,0,0,1,0.6600,南山区,21,21,0,0,0,0,1
2021-10-27,589179428,20190000000000000003,900200000000000034,1,129.890,313.740,40749.333,2021-10-27 20:15:00.000,L2FT01-FTJ011,9.40,0.000,0.666012,16605,0.435592,0.055345,0,0,1,0.6600,南山区,21,21,0,0,0,0,1
2021-10-27,589179428,20190000000000000003,900200000000000034,1,96.286,323.687,31141.333,2021-10-27 20:30:00.000,L2FT01-FTJ011,9.40,0.000,0.666012,16605,0.435592,0.055345,0,0,1,0.6600,南山区,21,21,0,0,0,0,1
2021-10-27,589179428,20190000000000000003,900200000000000034,1,29.757,322.733,9603.333,2021-10-27 20:45:00.000,L2FT01-FTJ011,9.40,0.000,0.666012,16605,0.435592,0.055345,0,0,1,0.6600,南山区,21,21,0,0,0,0,1
2021-10-27,589179428,20190000000000000003,900200000000000035,1,206.740,312.080,64518.000,2021-10-27 21:00:00.000,L2FT01-FTJ011,9.88,0.000,0.666012,16605,0.435592,0.055345,0,0,1,0.6600,南山区,21,21,0,0,0,0,1
2021-10-27,589179428,20190000000000000003,900200000000000035,1,201.704,313.073,63144.667,2021-10-27 21:15:00.000,L2FT01-FTJ011,9.88,0.000,0.666012,16605,0.435592,0.055345,0,0,1,0.6600,南山区,21,21,0,0,0,0,1
2021-10-27,589179428,20190000000000000003,900200000000000035,1,199.543,315.147,62884.000,2021-10-27 21:30:00.000,L2FT01-FTJ011,9.88,0.000,0.666012,16605,0.435592,0.055345,0,0,1,0.6600,南山区,21,21,0,0,0,0,1
2021-10-27,589179428,20190000000000000003,900200000000000035,1,164.985,315.453,52040.667,2021-10-27 21:45:00.000,L2FT01-FTJ011,9.88,0.000,0.666012,16605,0.435592,0.055345,0,0,1,0.6600,南山区,21,21,0,0,0,0,1
2021-10-27,589179428,20190000000000000003,900200000000000035,1,119.503,321.293,38151.429,2021-10-27 22:00:00.000,L2FT01-FTJ011,10.50,0.000,0.666012,16605,0.435592,0.055345,0,0,1,0.6600,南山区,21,21,0,0,0,0,1
2021-10-27,589179428,20190000000000000003,900200000000000040,1,129.996,314.620,40896.000,2021-10-27 23:30:00.000,L2FT01-FTJ011,11.22,0.000,0.666012,16605,0.435592,0.055345,0,0,1,0.6600,南山区,21,21,0,0,0,0,1
2021-10-27,589179428,20190000000000000003,900200000000000050,1,202.773,312.262,63315.000,2021-10-27 23:30:00.000,L2FT01-FTJ011,11.22,0.000,0.666012,16605,0.435592,0.055345,0,0,1,0.6600,南山区,21,21,0,0,0,0,1
2021-10-27,589179428,20190000000000000003,900200000000000040,1,129.890,315.020,40916.000,2021-10-27 23:45:00.000,L2FT01-FTJ011,11.22,0.000,0.666012,16605,0.435592,0.055345,0,0,1,0.6600,南山区,21,21,0,0,0,0,1
2021-10-28,589179428,20190000000000000003,900200000000000040,1,149.840,362.550,54320.000,2021-10-28 00:00:00.000,L2FT01-FTJ011,12.00,0.000,0.666012,16605,0.435592,0.055345,0,0,1,0.6600,南山区,21,21,0,0,0,0,1
2021-10-28,589179428,20190000000000000003,900200000000000040,1,117.333,371.780,43560.000,2021-10-28 00:15:00.000,L2FT01-FTJ011,12.00,0.000,0.666012,16605,0.435592,0.055345,0,0,1,0.6600,南山区,21,21,0,0,0,0,1
2021-10-28,589179428,20190000000000000003,900200000000000035,1,110.416,353.620,39106.000,2021-10-28 00:30:00.000,L2FT01-FTJ011,12.00,0.000,0.666012,16605,0.435592,0.055345,0,0,1,0.6600,南山区,21,21,0,0,0,0,1
2021-10-28,589179428,20190000000000000003,900200000000000040,1,80.172,391.607,31330.000,2021-10-28 00:30:00.000,L2FT01-FTJ011,12.00,0.000,0.666012,16605,0.435592,0.055345,0,0,1,0.6600,南山区,21,21,0,0,0,0,1
2021-10-28,589179428,20190000000000000003,900200000000000035,1,112.816,359.020,40500.000,2021-10-28 00:45:00.000,L2FT01-FTJ011,12.00,0.000,0.666012,16605,0.435592,0.055345,0,0,1,0.6600,南山区,21,21,0,0,0,0,1
2021-10-28,589179428,20190000000000000003,900200000000000040,1,62.963,401.100,25250.000,2021-10-28 00:45:00.000,L2FT01-FTJ011,12.00,0.000,0.666012,16605,0.435592,0.055345,0,0,1,0.6600,南山区,21,21,0,0,0,0,1
2021-10-28,589179428,20190000000000000003,900200000000000035,1,51.942,360.267,18738.333,2021-10-28 01:00:00.000,L2FT01-FTJ011,12.78,0.000,0.666012,16605,0.435592,0.055345,0,0,1,0.6600,南山区,21,21,0,0,0,0,1
2021-10-28,589179428,20190000000000000003,900200000000000038,1,129.851,308.631,40071.538,2021-10-28 03:30:00.000,L2FT01-FTJ011,14.12,0.000,0.666012,16605,0.435592,0.055345,0,0,1,0.6600,南山区,21,21,0,0,0,0,1
2021-10-28,589179428,20190000000000000003,900200000000000038,1,129.897,310.533,40335.333,2021-10-28 03:45:00.000,L2FT01-FTJ011,14.12,0.000,0.666012,16605,0.435592,0.055345,0,0,1,0.6600,南山区,21,21,0,0,0,0,1
2021-10-28,589179428,20190000000000000003,900200000000000038,1,129.765,311.820,40458.667,2021-10-28 04:00:00.000,L2FT01-FTJ011,14.60,0.000,0.666012,16605,0.435592,0.055345,0,0,1,0.6600,南山区,21,21,0,0,0,0,1
2021-10-28,589179428,20190000000000000003,900200000000000038,1,129.800,313.780,40724.000,2021-10-28 04:15:00.000,L2FT01-FTJ011,14.60,0.000,0.666012,16605,0.435592,0.055345,0,0,1,0.6600,南山区,21,21,0,0,0,0,1
2021-10-28,589179428,20190000000000000003,900200000000000038,1,129.800,314.973,40878.000,2021-10-28 04:30:00.000,L2FT01-FTJ011,14.60,0.000,0.666012,16605,0.435592,0.055345,0,0,1,0.6600,南山区,21,21,0,0,0,0,1
2021-10-28,589179428,20190000000000000003,900200000000000038,1,123.132,318.878,39228.889,2021-10-28 04:45:00.000,L2FT01-FTJ011,14.60,0.000,0.666012,16605,0.435592,0.055345,0,0,1,0.6600,南山区,21,21,0,0,0,0,1
2021-10-28,589179428,20190000000000000003,900200000000000042,1,130.396,309.160,40310.000,2021-10-28 05:45:00.000,L2FT01-FTJ011,14.90,0.000,0.666012,16605,0.435592,0.055345,0,0,1,0.6600,南山区,21,21,0,0,0,0,1
2021-10-28,589179428,20190000000000000003,900200000000000042,1,130.190,310.440,40414.000,2021-10-28 06:00:00.000,L2FT01-FTJ011,15.00,0.000,0.666012,16605,0.435592,0.055345,0,0,1,0.6600,南山区,21,21,0,0,0,0,1
2021-10-28,589179428,20190000000000000003,900200000000000042,1,127.364,312.513,39799.333,2021-10-28 06:15:00.000,L2FT01-FTJ011,15.00,0.000,0.666012,16605,0.435592,0.055345,0,0,1,0.6600,南山区,21,21,0,0,0,0,1
2021-10-28,589179428,20190000000000000003,900200000000000042,1,121.590,313.507,38117.333,2021-10-28 06:30:00.000,L2FT01-FTJ011,15.00,0.000,0.666012,16605,0.435592,0.055345,0,0,1,0.6600,南山区,21,21,0,0,0,0,1
2021-10-28,589179428,20190000000000000003,900200000000000042,1,121.548,314.653,38242.667,2021-10-28 06:45:00.000,L2FT01-FTJ011,15.00,0.000,0.666012,16605,0.435592,0.055345,0,0,1,0.6600,南山区,21,21,0,0,0,0,1
2021-10-28,589179428,20190000000000000003,900200000000000042,1,99.797,320.393,31784.000,2021-10-28 07:00:00.000,L2FT01-FTJ011,14.90,0.000,0.666012,16605,0.435592,0.055345,0,0,1,0.6600,南山区,21,21,0,0,0,0,1
2021-10-28,589179428,20190000000000000003,900200000000000042,1,11.190,390.400,4370.000,2021-10-28 10:15:00.000,L2FT01-FTJ011,13.50,0.000,0.666012,16605,0.435592,0.055345,0,0,1,0.6600,南山区,21,21,0,0,0,0,1
2021-10-28,589179428,20190000000000000003,900200000000000042,1,44.797,406.787,18222.000,2021-10-28 10:30:00.000,L2FT01-FTJ011,13.50,0.000,0.666012,16605,0.435592,0.055345,0,0,1,0.6600,南山区,21,21,0,0,0,0,1
2021-10-28,589179428,20190000000000000003,900200000000000042,1,44.790,410.000,18364.000,2021-10-28 10:45:00.000,L2FT01-FTJ011,13.50,0.000,0.666012,16605,0.435592,0.055345,0,0,1,0.6600,南山区,21,21,0,0,0,0,1
2021-10-28,589179428,20190000000000000003,900200000000000042,1,44.790,413.660,18526.667,2021-10-28 11:00:00.000,L2FT01-FTJ011,12.78,0.000,0.666012,16605,0.435592,0.055345,0,0,1,0.6600,南山区,21,21,0,0,0,0,1
2021-10-28,589179428,20190000000000000003,900200000000000042,1,21.528,415.215,8934.615,2021-10-28 11:15:00.000,L2FT01-FTJ011,12.78,0.000,0.666012,16605,0.435592,0.055345,0,0,1,0.6600,南山区,21,21,0,0,0,0,1
2021-10-28,589179428,20190000000000000003,900200000000000032,1,71.747,323.314,23196.429,2021-10-28 12:45:00.000,L2FT01-FTJ011,12.00,0.000,0.666012,16605,0.435592,0.055345,0,0,1,0.6600,南山区,21,21,0,0,0,0,1
2021-10-28,589179428,20190000000000000003,900200000000000044,1,63.831,349.340,22297.000,2021-10-28 12:45:00.000,L2FT01-FTJ011,12.00,0.000,0.666012,16605,0.435592,0.055345,0,0,1,0.6600,南山区,21,21,0,0,0,0,1
2021-10-28,589179428,20190000000000000003,900200000000000040,1,18.000,343.050,6170.000,2021-10-28 13:00:00.000,L2FT01-FTJ011,11.22,0.000,0.666012,16605,0.435592,0.055345,0,0,1,0.6600,南山区,21,21,0,0,0,0,1
2021-10-28,589179428,20190000000000000003,900200000000000044,1,63.790,360.200,22976.000,2021-10-28 13:00:00.000,L2FT01-FTJ011,11.22,0.000,0.666012,16605,0.435592,0.055345,0,0,1,0.6600,南山区,21,21,0,0,0,0,1
2021-10-28,589179428,20190000000000000003,900200000000000032,1,71.790,324.300,23280.000,2021-10-28 13:00:00.000,L2FT01-FTJ011,11.22,0.000,0.666012,16605,0.435592,0.055345,0,0,1,0.6600,南山区,21,21,0,0,0,0,1
2021-10-28,589179428,20190000000000000003,900200000000000032,1,71.790,325.673,23378.667,2021-10-28 13:15:00.000,L2FT01-FTJ011,11.22,0.000,0.666012,16605,0.435592,0.055345,0,0,1,0.6600,南山区,21,21,0,0,0,0,1
2021-10-28,589179428,20190000000000000003,900200000000000040,1,136.819,361.820,49483.333,2021-10-28 13:15:00.000,L2FT01-FTJ011,11.22,0.000,0.666012,16605,0.435592,0.055345,0,0,1,0.6600,南山区,21,21,0,0,0,0,1
2021-10-28,589179428,20190000000000000003,900200000000000044,1,63.783,370.933,23657.333,2021-10-28 13:15:00.000,L2FT01-FTJ011,11.22,0.000,0.666012,16605,0.435592,0.055345,0,0,1,0.6600,南山区,21,21,0,0,0,0,1
2021-10-28,589179428,20190000000000000003,900200000000000056,1,93.067,330.350,30742.500,2021-10-28 13:30:00.000,L2FT01-FTJ011,11.22,0.000,0.666012,16605,0.435592,0.055345,0,0,1,0.6600,南山区,21,21,0,0,0,0,1
2021-10-28,589179428,20190000000000000003,900200000000000031,1,90.075,454.882,40924.545,2021-10-28 13:30:00.000,L2FT01-FTJ011,11.22,0.000,0.666012,16605,0.435592,0.055345,0,0,1,0.6600,南山区,21,21,0,0,0,0,1
2021-10-28,589179428,20190000000000000003,900200000000000032,1,71.790,327.050,23476.667,2021-10-28 13:30:00.000,L2FT01-FTJ011,11.22,0.000,0.666012,16605,0.435592,0.055345,0,0,1,0.6600,南山区,21,21,0,0,0,0,1
2021-10-28,589179428,20190000000000000003,900200000000000040,1,131.060,374.033,49020.000,2021-10-28 13:30:00.000,L2FT01-FTJ011,11.22,0.000,0.666012,16605,0.435592,0.055345,0,0,1,0.6600,南山区,21,21,0,0,0,0,1
2021-10-28,589179428,20190000000000000003,900200000000000044,1,63.283,381.007,24107.333,2021-10-28 13:30:00.000,L2FT01-FTJ011,11.22,0.000,0.666012,16605,0.435592,0.055345,0,0,1,0.6600,南山区,21,21,0,0,0,0,1
2021-10-28,589179428,20190000000000000003,900200000000000031,1,29.529,459.587,13562.000,2021-10-28 13:45:00.000,L2FT01-FTJ011,11.22,0.000,0.666012,16605,0.435592,0.055345,0,0,1,0.6600,南山区,21,21,0,0,0,0,1
2021-10-28,589179428,20190000000000000003,900200000000000042,1,45.443,386.075,17637.500,2021-10-28 13:45:00.000,L2FT01-FTJ011,11.22,0.000,0.666012,16605,0.435592,0.055345,0,0,1,0.6600,南山区,21,21,0,0,0,0,1
2021-10-28,589179428,20190000000000000003,900200000000000044,1,29.375,384.962,11310.769,2021-10-28 13:45:00.000,L2FT01-FTJ011,11.22,0.000,0.666012,16605,0.435592,0.055345,0,0,1,0.6600,南山区,21,21,0,0,0,0,1
2021-10-28,589179428,20190000000000000003,900200000000000056,1,63.979,328.813,21046.667,2021-10-28 13:45:00.000,L2FT01-FTJ011,11.22,0.000,0.666012,16605,0.435592,0.055345,0,0,1,0.6600,南山区,21,21,0,0,0,0,1
2021-10-28,589179428,20190000000000000003,900200000000000042,1,58.590,389.660,22827.333,2021-10-28 14:00:00.000,L2FT01-FTJ011,10.50,0.000,0.666012,16605,0.435592,0.055345,0,0,1,0.6600,南山区,21,21,0,0,0,0,1
2021-10-28,589179428,20190000000000000003,900200000000000056,1,32.973,329.167,10850.000,2021-10-28 14:00:00.000,L2FT01-FTJ011,10.50,0.000,0.666012,16605,0.435592,0.055345,0,0,1,0.6600,南山区,21,21,0,0,0,0,1
2021-10-28,589179428,20190000000000000003,900200000000000042,1,58.590,392.020,22967.333,2021-10-28 14:15:00.000,L2FT01-FTJ011,10.50,0.000,0.666012,16605,0.435592,0.055345,0,0,1,0.6600,南山区,21,21,0,0,0,0,1
2021-10-28,589179428,20190000000000000003,900200000000000042,1,56.921,393.207,22377.333,2021-10-28 14:30:00.000,L2FT01-FTJ011,10.50,0.000,0.666012,16605,0.435592,0.055345,0,0,1,0.6600,南山区,21,21,0,0,0,0,1
2021-10-28,589179428,20190000000000000003,900200000000000049,1,57.390,403.100,23485.000,2021-10-28 14:45:00.000,L2FT01-FTJ011,10.50,0.000,0.666012,16605,0.435592,0.055345,0,0,1,0.6600,南山区,21,21,0,0,0,0,1
2021-10-28,589179428,20190000000000000003,900200000000000042,1,34.778,393.420,13677.333,2021-10-28 14:45:00.000,L2FT01-FTJ011,10.50,0.000,0.666012,16605,0.435592,0.055345,0,0,1,0.6600,南山区,21,21,0,0,0,0,1
2021-10-28,589179428,20190000000000000003,900200000000000042,1,22.390,401.300,8985.000,2021-10-28 15:00:00.000,L2FT01-FTJ011,9.88,0.000,0.666012,16605,0.435592,0.055345,0,0,1,0.6600,南山区,21,21,0,0,0,0,1
2021-10-28,589179428,20190000000000000003,900200000000000049,1,94.790,421.473,39915.333,2021-10-28 15:00:00.000,L2FT01-FTJ011,9.88,0.000,0.666012,16605,0.435592,0.055345,0,0,1,0.6600,南山区,21,21,0,0,0,0,1
2021-10-28,589179428,20190000000000000003,900200000000000038,1,129.890,313.000,40650.000,2021-10-28 15:15:00.000,L2FT01-FTJ011,9.88,0.000,0.666012,16605,0.435592,0.055345,0,0,1,0.6600,南山区,21,21,0,0,0,0,1
2021-10-28,589179428,20190000000000000003,900200000000000049,1,40.762,428.673,17474.000,2021-10-28 15:15:00.000,L2FT01-FTJ011,9.88,0.000,0.666012,16605,0.435592,0.055345,0,0,1,0.6600,南山区,21,21,0,0,0,0,1
2021-10-28,589179428,20190000000000000003,900200000000000038,1,129.884,314.140,40799.333,2021-10-28 15:30:00.000,L2FT01-FTJ011,9.88,0.000,0.666012,16605,0.435592,0.055345,0,0,1,0.6600,南山区,21,21,0,0,0,0,1
2021-10-28,589179428,20190000000000000003,900200000000000049,1,24.070,431.647,10392.000,2021-10-28 15:30:00.000,L2FT01-FTJ011,9.88,0.000,0.666012,16605,0.435592,0.055345,0,0,1,0.6600,南山区,21,21,0,0,0,0,1
2021-10-28,589179428,20190000000000000003,900200000000000038,1,129.890,315.800,41020.000,2021-10-28 15:45:00.000,L2FT01-FTJ011,9.88,0.000,0.666012,16605,0.435592,0.055345,0,0,1,0.6600,南山区,21,21,0,0,0,0,1
2021-10-28,589179428,20190000000000000003,900200000000000043,1,55.264,342.829,18942.857,2021-10-28 15:45:00.000,L2FT01-FTJ011,9.88,0.000,0.666012,16605,0.435592,0.055345,0,0,1,0.6600,南山区,21,21,0,0,0,0,1
2021-10-28,589179428,20190000000000000003,900200000000000049,1,10.390,431.353,4482.000,2021-10-28 15:45:00.000,L2FT01-FTJ011,9.88,0.000,0.666012,16605,0.435592,0.055345,0,0,1,0.6600,南山区,21,21,0,0,0,0,1
2021-10-28,589179428,20190000000000000003,900200000000000043,1,51.697,345.667,17863.333,2021-10-28 16:00:00.000,L2FT01-FTJ011,9.40,0.000,0.666012,16605,0.435592,0.055345,0,0,1,0.6600,南山区,21,21,0,0,0,0,1
2021-10-28,589179428,20190000000000000003,900200000000000049,1,10.390,433.340,4501.333,2021-10-28 16:00:00.000,L2FT01-FTJ011,9.40,0.000,0.666012,16605,0.435592,0.055345,0,0,1,0.6600,南山区,21,21,0,0,0,0,1
2021-10-28,589179428,20190000000000000003,900200000000000049,1,10.390,435.363,4523.750,2021-10-28 16:15:00.000,L2FT01-FTJ011,9.40,0.000,0.666012,16605,0.435592,0.055345,0,0,1,0.6600,南山区,21,21,0,0,0,0,1
2021-10-28,589179428,20190000000000000003,900200000000000031,1,191.498,314.625,60245.000,2021-10-28 16:30:00.000,L2FT01-FTJ011,9.40,0.000,0.666012,16605,0.435592,0.055345,0,0,1,0.6600,南山区,21,21,0,0,0,0,1
2021-10-28,589179428,20190000000000000003,900200000000000031,1,191.200,316.100,60433.333,2021-10-28 16:45:00.000,L2FT01-FTJ011,9.40,0.000,0.666012,16605,0.435592,0.055345,0,0,1,0.6600,南山区,21,21,0,0,0,0,1
2021-10-28,589179428,20190000000000000003,900200000000000038,1,239.923,360.475,86480.000,2021-10-28 17:00:00.000,L2FT01-FTJ011,9.10,0.000,0.666012,16605,0.435592,0.055345,0,0,1,0.6600,南山区,21,21,0,0,0,0,1
2021-10-28,589179428,20190000000000000003,900200000000000038,1,166.883,366.247,61059.333,2021-10-28 17:15:00.000,L2FT01-FTJ011,9.10,0.000,0.666012,16605,0.435592,0.055345,0,0,1,0.6600,南山区,21,21,0,0,0,0,1
2021-10-28,589179428,20190000000000000003,900200000000000038,1,139.595,386.220,53911.333,2021-10-28 17:30:00.000,L2FT01-FTJ011,9.10,0.000,0.666012,16605,0.435592,0.055345,0,0,1,0.6600,南山区,21,21,0,0,0,0,1
2021-10-28,589179428,20190000000000000003,900200000000000038,1,72.505,403.667,29232.000,2021-10-28 17:45:00.000,L2FT01-FTJ011,9.10,0.000,0.666012,16605,0.435592,0.055345,0,0,1,0.6600,南山区,21,21,0,0,0,0,1
2021-10-28,589179428,20190000000000000003,900200000000000047,1,71.526,311.714,22292.857,2021-10-28 17:45:00.000,L2FT01-FTJ011,9.10,0.000,0.666012,16605,0.435592,0.055345,0,0,1,0.6600,南山区,21,21,0,0,0,0,1
2021-10-28,589179428,20190000000000000003,900200000000000038,1,23.195,404.200,9380.000,2021-10-28 18:00:00.000,L2FT01-FTJ011,9.00,0.000,0.666012,16605,0.435592,0.055345,0,0,1,0.6600,南山区,21,21,0,0,0,0,1
2021-10-28,589179428,20190000000000000003,900200000000000047,1,71.500,312.347,22327.333,2021-10-28 18:00:00.000,L2FT01-FTJ011,9.00,0.000,0.666012,16605,0.435592,0.055345,0,0,1,0.6600,南山区,21,21,0,0,0,0,1
2021-10-28,589179428,20190000000000000003,900200000000000037,1,67.803,314.200,21302.000,2021-10-28 18:15:00.000,L2FT01-FTJ011,9.00,0.000,0.666012,16605,0.435592,0.055345,0,0,1,0.6600,南山区,21,21,0,0,0,0,1
2021-10-28,589179428,20190000000000000003,900200000000000047,1,71.500,314.747,22499.333,2021-10-28 18:15:00.000,L2FT01-FTJ011,9.00,0.000,0.666012,16605,0.435592,0.055345,0,0,1,0.6600,南山区,21,21,0,0,0,0,1
2021-10-28,589179428,20190000000000000003,900200000000000037,1,67.790,321.825,21815.000,2021-10-28 18:30:00.000,L2FT01-FTJ011,9.00,0.000,0.666012,16605,0.435592,0.055345,0,0,1,0.6600,南山区,21,21,0,0,0,0,1
2021-10-28,589179428,20190000000000000003,900200000000000047,1,50.695,331.800,16735.000,2021-10-28 18:30:00.000,L2FT01-FTJ011,9.00,0.000,0.666012,16605,0.435592,0.055345,0,0,1,0.6600,南山区,21,21,0,0,0,0,1
2021-10-28,589179428,20190000000000000003,900200000000000053,1,66.663,375.829,25155.714,2021-10-28 19:15:00.000,L2FT01-FTJ011,9.10,0.000,0.666012,16605,0.435592,0.055345,0,0,1,0.6600,南山区,21,21,0,0,0,0,1
2021-10-28,589179428,20190000000000000003,900200000000000053,1,54.223,384.547,20832.667,2021-10-28 19:30:00.000,L2FT01-FTJ011,9.10,0.000,0.666012,16605,0.435592,0.055345,0,0,1,0.6600,南山区,21,21,0,0,0,0,1
2021-10-28,589179428,20190000000000000003,900200000000000053,1,25.790,386.500,9966.000,2021-10-28 19:45:00.000,L2FT01-FTJ011,9.10,0.000,0.666012,16605,0.435592,0.055345,0,0,1,0.6600,南山区,21,21,0,0,0,0,1
2021-10-28,589179428,20190000000000000003,900200000000000053,1,118.197,353.100,41736.667,2021-10-28 20:15:00.000,L2FT01-FTJ011,9.40,0.000,0.666012,16605,0.435592,0.055345,0,0,1,0.6600,南山区,21,21,0,0,0,0,1
2021-10-28,589179428,20190000000000000003,900200000000000053,1,119.818,355.480,42588.667,2021-10-28 20:30:00.000,L2FT01-FTJ011,9.40,0.000,0.666012,16605,0.435592,0.055345,0,0,1,0.6600,南山区,21,21,0,0,0,0,1
2021-10-28,589179428,20190000000000000003,900200000000000053,1,119.878,358.027,42919.333,2021-10-28 20:45:00.000,L2FT01-FTJ011,9.40,0.000,0.666012,16605,0.435592,0.055345,0,0,1,0.6600,南山区,21,21,0,0,0,0,1
2021-10-28,589179428,20190000000000000003,900200000000000053,1,91.442,361.167,32999.167,2021-10-28 21:00:00.000,L2FT01-FTJ011,9.88,0.000,0.666012,16605,0.435592,0.055345,0,0,1,0.6600,南山区,21,21,0,0,0,0,1
2021-10-28,589179428,20190000000000000003,900200000000000045,1,106.000,307.000,32540.000,2021-10-28 21:15:00.000,L2FT01-FTJ011,9.88,0.000,0.666012,16605,0.435592,0.055345,0,0,1,0.6600,南山区,21,21,0,0,0,0,1
2021-10-28,589179428,20190000000000000003,900200000000000038,1,104.485,376.853,39326.000,2021-10-28 21:15:00.000,L2FT01-FTJ011,9.88,0.000,0.666012,16605,0.435592,0.055345,0,0,1,0.6600,南山区,21,21,0,0,0,0,1
2021-10-28,589179428,20190000000000000003,900200000000000044,1,98.031,350.682,34352.727,2021-10-28 21:15:00.000,L2FT01-FTJ011,9.88,0.000,0.666012,16605,0.435592,0.055345,0,0,1,0.6600,南山区,21,21,0,0,0,0,1
2021-10-28,589179428,20190000000000000003,900200000000000038,1,67.293,395.253,26558.000,2021-10-28 21:30:00.000,L2FT01-FTJ011,9.88,0.000,0.666012,16605,0.435592,0.055345,0,0,1,0.6600,南山区,21,21,0,0,0,0,1
2021-10-28,589179428,20190000000000000003,900200000000000044,1,87.963,364.720,32066.000,2021-10-28 21:30:00.000,L2FT01-FTJ011,9.88,0.000,0.666012,16605,0.435592,0.055345,0,0,1,0.6600,南山区,21,21,0,0,0,0,1
2021-10-28,589179428,20190000000000000003,900200000000000045,1,105.712,309.727,32738.667,2021-10-28 21:30:00.000,L2FT01-FTJ011,9.88,0.000,0.666012,16605,0.435592,0.055345,0,0,1,0.6600,南山区,21,21,0,0,0,0,1
2021-10-28,589179428,20190000000000000003,900200000000000038,1,28.939,402.840,11649.333,2021-10-28 21:45:00.000,L2FT01-FTJ011,9.88,0.000,0.666012,16605,0.435592,0.055345,0,0,1,0.6600,南山区,21,21,0,0,0,0,1
2021-10-28,589179428,20190000000000000003,900200000000000044,1,29.807,368.967,10996.667,2021-10-28 21:45:00.000,L2FT01-FTJ011,9.88,0.000,0.666012,16605,0.435592,0.055345,0,0,1,0.6600,南山区,21,21,0,0,0,0,1
2021-10-28,589179428,20190000000000000003,900200000000000045,1,105.690,310.150,32775.000,2021-10-28 21:45:00.000,L2FT01-FTJ011,9.88,0.000,0.666012,16605,0.435592,0.055345,0,0,1,0.6600,南山区,21,21,0,0,0,0,1
2021-10-28,589179428,20190000000000000003,900200000000000038,1,18.640,404.250,7535.000,2021-10-28 22:00:00.000,L2FT01-FTJ011,10.50,0.000,0.666012,16605,0.435592,0.055345,0,0,1,0.6600,南山区,21,21,0,0,0,0,1
2021-10-29,589179428,20190000000000000003,900200000000000048,1,149.845,310.445,46515.455,2021-10-29 00:30:00.000,L2FT01-FTJ011,12.00,0.000,0.666012,16605,0.435592,0.055345,0,0,1,0.6600,南山区,21,21,0,0,0,0,1
2021-10-29,589179428,20190000000000000003,900200000000000048,1,150.000,311.393,46706.667,2021-10-29 00:45:00.000,L2FT01-FTJ011,12.00,0.000,0.666012,16605,0.435592,0.055345,0,0,1,0.6600,南山区,21,21,0,0,0,0,1
2021-10-29,589179428,20190000000000000003,900200000000000056,1,103.097,354.157,36510.714,2021-10-29 00:45:00.000,L2FT01-FTJ011,12.00,0.000,0.666012,16605,0.435592,0.055345,0,0,1,0.6600,南山区,21,21,0,0,0,0,1
2021-10-29,589179428,20190000000000000003,900200000000000048,1,150.000,313.533,47026.667,2021-10-29 01:00:00.000,L2FT01-FTJ011,12.78,0.000,0.666012,16605,0.435592,0.055345,0,0,1,0.6600,南山区,21,21,0,0,0,0,1
2021-10-29,589179428,20190000000000000003,900200000000000056,1,103.177,369.300,38102.000,2021-10-29 01:00:00.000,L2FT01-FTJ011,12.78,0.000,0.666012,16605,0.435592,0.055345,0,0,1,0.6600,南山区,21,21,0,0,0,0,1
2021-10-29,589179428,20190000000000000003,900200000000000056,1,71.715,380.350,27274.167,2021-10-29 01:15:00.000,L2FT01-FTJ011,12.78,0.000,0.666012,16605,0.435592,0.055345,0,0,1,0.6600,南山区,21,21,0,0,0,0,1
2021-10-29,589179428,20190000000000000003,900200000000000048,1,150.040,314.893,47243.333,2021-10-29 01:15:00.000,L2FT01-FTJ011,12.78,0.000,0.666012,16605,0.435592,0.055345,0,0,1,0.6600,南山区,21,21,0,0,0,0,1
2021-10-29,589179428,20190000000000000003,900200000000000056,1,15.790,380.183,6001.667,2021-10-29 01:30:00.000,L2FT01-FTJ011,12.78,0.000,0.666012,16605,0.435592,0.055345,0,0,1,0.6600,南山区,21,21,0,0,0,0,1
2021-10-29,589179428,20190000000000000003,900200000000000048,1,116.166,320.500,37020.769,2021-10-29 01:30:00.000,L2FT01-FTJ011,12.78,0.000,0.666012,16605,0.435592,0.055345,0,0,1,0.6600,南山区,21,21,0,0,0,0,1
2021-10-29,589179428,20190000000000000003,900200000000000050,0,0.000,313.600,0.000,2021-10-29 03:00:00.000,L2FT01-FTJ011,14.12,0.000,0.666012,16605,0.435592,0.055345,0,0,1,0.6600,南山区,21,21,0,0,0,0,1
2021-10-29,589179428,20190000000000000003,900200000000000049,1,65.045,302.350,19955.000,2021-10-29 03:45:00.000,L2FT01-FTJ011,14.12,0.000,0.666012,16605,0.435592,0.055345,0,0,1,0.6600,南山区,21,21,0,0,0,0,1
2021-10-29,589179428,20190000000000000003,900200000000000053,1,66.220,396.520,26312.000,2021-10-29 03:45:00.000,L2FT01-FTJ011,14.12,0.000,0.666012,16605,0.435592,0.055345,0,0,1,0.6600,南山区,21,21,0,0,0,0,1
2021-10-29,589179428,20190000000000000003,900200000000000049,1,130.024,309.893,40290.000,2021-10-29 04:00:00.000,L2FT01-FTJ011,14.60,0.000,0.666012,16605,0.435592,0.055345,0,0,1,0.6600,南山区,21,21,0,0,0,0,1
2021-10-29,589179428,20190000000000000003,900200000000000053,1,63.144,407.660,25735.333,2021-10-29 04:00:00.000,L2FT01-FTJ011,14.60,0.000,0.666012,16605,0.435592,0.055345,0,0,1,0.6600,南山区,21,21,0,0,0,0,1
2021-10-29,589179428,20190000000000000003,900200000000000049,1,130.090,311.160,40477.333,2021-10-29 04:15:00.000,L2FT01-FTJ011,14.60,0.000,0.666012,16605,0.435592,0.055345,0,0,1,0.6600,南山区,21,21,0,0,0,0,1
2021-10-29,589179428,20190000000000000003,900200000000000053,1,13.500,408.867,5516.667,2021-10-29 04:15:00.000,L2FT01-FTJ011,14.60,0.000,0.666012,16605,0.435592,0.055345,0,0,1,0.6600,南山区,21,21,0,0,0,0,1
2021-10-29,589179428,20190000000000000003,900200000000000031,1,84.500,355.200,30010.000,2021-10-29 04:30:00.000,L2FT01-FTJ011,14.60,0.000,0.666012,16605,0.435592,0.055345,0,0,1,0.6600,南山区,21,21,0,0,0,0,1
2021-10-29,589179428,20190000000000000003,900200000000000049,1,130.025,312.613,40644.000,2021-10-29 04:30:00.000,L2FT01-FTJ011,14.60,0.000,0.666012,16605,0.435592,0.055345,0,0,1,0.6600,南山区,21,21,0,0,0,0,1
2021-10-29,589179428,20190000000000000003,900200000000000031,1,65.425,355.120,23248.667,2021-10-29 04:45:00.000,L2FT01-FTJ011,14.60,0.000,0.666012,16605,0.435592,0.055345,0,0,1,0.6600,南山区,21,21,0,0,0,0,1
2021-10-29,589179428,20190000000000000003,900200000000000049,1,130.000,314.460,40875.333,2021-10-29 04:45:00.000,L2FT01-FTJ011,14.60,0.000,0.666012,16605,0.435592,0.055345,0,0,1,0.6600,南山区,21,21,0,0,0,0,1
2021-10-29,589179428,20190000000000000003,900200000000000031,1,38.377,354.500,13601.333,2021-10-29 05:00:00.000,L2FT01-FTJ011,14.90,0.000,0.666012,16605,0.435592,0.055345,0,0,1,0.6600,南山区,21,21,0,0,0,0,1
2021-10-29,589179428,20190000000000000003,900200000000000049,1,130.000,315.913,41064.667,2021-10-29 05:00:00.000,L2FT01-FTJ011,14.90,0.000,0.666012,16605,0.435592,0.055345,0,0,1,0.6600,南山区,21,21,0,0,0,0,1
2021-10-29,589179428,20190000000000000003,900200000000000031,1,29.000,360.300,10445.000,2021-10-29 05:15:00.000,L2FT01-FTJ011,14.90,0.000,0.666012,16605,0.435592,0.055345,0,0,1,0.6600,南山区,21,21,0,0,0,0,1
2021-10-29,589179428,20190000000000000003,900200000000000049,1,79.875,325.382,25807.273,2021-10-29 05:15:00.000,L2FT01-FTJ011,14.90,0.000,0.666012,16605,0.435592,0.055345,0,0,1,0.6600,南山区,21,21,0,0,0,0,1
2021-10-29,589179428,20190000000000000003,900200000000000053,1,121.206,367.790,44746.000,2021-10-29 05:30:00.000,L2FT01-FTJ011,14.90,0.000,0.666012,16605,0.435592,0.055345,0,0,1,0.6600,南山区,21,21,0,0,0,0,1
2021-10-29,589179428,20190000000000000003,900200000000000053,1,112.919,378.100,42692.000,2021-10-29 05:45:00.000,L2FT01-FTJ011,14.90,0.000,0.666012,16605,0.435592,0.055345,0,0,1,0.6600,南山区,21,21,0,0,0,0,1
2021-10-29,589179428,20190000000000000003,900200000000000050,1,129.793,306.967,39840.000,2021-10-29 05:45:00.000,L2FT01-FTJ011,14.90,0.000,0.666012,16605,0.435592,0.055345,0,0,1,0.6600,南山区,21,21,0,0,0,0,1
2021-10-29,589179428,20190000000000000003,900200000000000048,1,121.873,430.400,52447.500,2021-10-29 05:45:00.000,L2FT01-FTJ011,14.90,0.000,0.666012,16605,0.435592,0.055345,0,0,1,0.6600,南山区,21,21,0,0,0,0,1
2021-10-29,589179428,20190000000000000003,900200000000000048,1,90.646,427.627,38828.000,2021-10-29 06:00:00.000,L2FT01-FTJ011,15.00,0.000,0.666012,16605,0.435592,0.055345,0,0,1,0.6600,南山区,21,21,0,0,0,0,1
2021-10-29,589179428,20190000000000000003,900200000000000050,1,129.879,309.820,40236.000,2021-10-29 06:00:00.000,L2FT01-FTJ011,15.00,0.000,0.666012,16605,0.435592,0.055345,0,0,1,0.6600,南山区,21,21,0,0,0,0,1
2021-10-29,589179428,20190000000000000003,900200000000000053,1,75.163,391.487,29400.667,2021-10-29 06:00:00.000,L2FT01-FTJ011,15.00,0.000,0.666012,16605,0.435592,0.055345,0,0,1,0.6600,南山区,21,21,0,0,0,0,1
2021-10-29,589179428,20190000000000000003,900200000000000048,1,60.434,431.589,26028.889,2021-10-29 06:15:00.000,L2FT01-FTJ011,15.00,0.000,0.666012,16605,0.435592,0.055345,0,0,1,0.6600,南山区,21,21,0,0,0,0,1
2021-10-29,589179428,20190000000000000003,900200000000000050,1,130.199,310.693,40446.667,2021-10-29 06:15:00.000,L2FT01-FTJ011,15.00,0.000,0.666012,16605,0.435592,0.055345,0,0,1,0.6600,南山区,21,21,0,0,0,0,1
2021-10-29,589179428,20190000000000000003,900200000000000053,1,58.657,402.260,23583.333,2021-10-29 06:15:00.000,L2FT01-FTJ011,15.00,0.000,0.666012,16605,0.435592,0.055345,0,0,1,0.6600,南山区,21,21,0,0,0,0,1
2021-10-29,589179428,20190000000000000003,900200000000000050,1,129.836,312.187,40528.667,2021-10-29 06:30:00.000,L2FT01-FTJ011,15.00,0.000,0.666012,16605,0.435592,0.055345,0,0,1,0.6600,南山区,21,21,0,0,0,0,1
2021-10-29,589179428,20190000000000000003,900200000000000053,1,13.072,404.300,5282.667,2021-10-29 06:30:00.000,L2FT01-FTJ011,15.00,0.000,0.666012,16605,0.435592,0.055345,0,0,1,0.6600,南山区,21,21,0,0,0,0,1
2021-10-29,589179428,20190000000000000003,900200000000000050,1,129.890,313.727,40748.000,2021-10-29 06:45:00.000,L2FT01-FTJ011,15.00,0.000,0.666012,16605,0.435592,0.055345,0,0,1,0.6600,南山区,21,21,0,0,0,0,1
2021-10-29,589179428,20190000000000000003,900200000000000053,1,13.090,405.843,5312.857,2021-10-29 06:45:00.000,L2FT01-FTJ011,15.00,0.000,0.666012,16605,0.435592,0.055345,0,0,1,0.6600,南山区,21,21,0,0,0,0,1
2021-10-29,589179428,20190000000000000003,900200000000000050,1,129.897,314.807,40890.000,2021-10-29 07:00:00.000,L2FT01-FTJ011,14.90,0.000,0.666012,16605,0.435592,0.055345,0,0,1,0.6600,南山区,21,21,0,0,0,0,1
2021-10-29,589179428,20190000000000000003,900200000000000031,1,75.442,372.733,28120.000,2021-10-29 07:15:00.000,L2FT01-FTJ011,14.90,0.000,0.666012,16605,0.435592,0.055345,0,0,1,0.6600,南山区,21,21,0,0,0,0,1
2021-10-29,589179428,20190000000000000003,900200000000000050,1,104.176,321.236,33237.143,2021-10-29 07:15:00.000,L2FT01-FTJ011,14.90,0.000,0.666012,16605,0.435592,0.055345,0,0,1,0.6600,南山区,21,21,0,0,0,0,1
2021-10-29,589179428,20190000000000000003,900200000000000031,1,71.038,388.227,27546.667,2021-10-29 07:30:00.000,L2FT01-FTJ011,14.90,0.000,0.666012,16605,0.435592,0.055345,0,0,1,0.6600,南山区,21,21,0,0,0,0,1
2021-10-29,589179428,20190000000000000003,900200000000000035,1,183.652,316.600,58282.222,2021-10-29 07:45:00.000,L2FT01-FTJ011,14.90,0.000,0.666012,16605,0.435592,0.055345,0,0,1,0.6600,南山区,21,21,0,0,0,0,1
2021-10-29,589179428,20190000000000000003,900200000000000057,1,66.870,338.720,22648.000,2021-10-29 07:45:00.000,L2FT01-FTJ011,14.90,0.000,0.666012,16605,0.435592,0.055345,0,0,1,0.6600,南山区,21,21,0,0,0,0,1
2021-10-29,589179428,20190000000000000003,900200000000000031,1,33.017,399.873,13196.667,2021-10-29 07:45:00.000,L2FT01-FTJ011,14.90,0.000,0.666012,16605,0.435592,0.055345,0,0,1,0.6600,南山区,21,21,0,0,0,0,1
2021-10-29,589179428,20190000000000000003,900200000000000057,1,66.830,343.953,22985.333,2021-10-29 08:00:00.000,L2FT01-FTJ011,14.60,0.000,0.666012,16605,0.435592,0.055345,0,0,1,0.6600,南山区,21,21,0,0,0,0,1
2021-10-29,589179428,20190000000000000003,900200000000000057,1,66.837,349.033,23328.000,2021-10-29 08:15:00.000,L2FT01-FTJ011,14.60,0.000,0.666012,16605,0.435592,0.055345,0,0,1,0.6600,南山区,21,21,0,0,0,0,1
2021-10-29,589179428,20190000000000000003,900200000000000057,1,66.797,357.007,23846.000,2021-10-29 08:30:00.000,L2FT01-FTJ011,14.60,0.000,0.666012,16605,0.435592,0.055345,0,0,1,0.6600,南山区,21,21,0,0,0,0,1
2021-10-29,589179428,20190000000000000003,900200000000000057,1,66.790,368.140,24586.000,2021-10-29 08:45:00.000,L2FT01-FTJ011,14.60,0.000,0.666012,16605,0.435592,0.055345,0,0,1,0.6600,南山区,21,21,0,0,0,0,1
2021-10-29,589179428,20190000000000000003,900200000000000057,1,66.790,375.467,25076.667,2021-10-29 09:00:00.000,L2FT01-FTJ011,14.12,0.000,0.666012,16605,0.435592,0.055345,0,0,1,0.6600,南山区,21,21,0,0,0,0,1
2021-10-29,589179428,20190000000000000003,900200000000000030,1,82.732,344.583,28525.833,2021-10-29 11:30:00.000,L2FT01-FTJ011,12.78,0.000,0.666012,16605,0.435592,0.055345,0,0,1,0.6600,南山区,21,21,0,0,0,0,1
2021-10-29,589179428,20190000000000000003,900200000000000030,1,84.743,351.573,29792.667,2021-10-29 11:45:00.000,L2FT01-FTJ011,12.78,0.000,0.666012,16605,0.435592,0.055345,0,0,1,0.6600,南山区,21,21,0,0,0,0,1
2021-10-29,589179428,20190000000000000003,900200000000000030,1,84.790,352.980,29927.000,2021-10-29 12:00:00.000,L2FT01-FTJ011,12.00,0.000,0.666012,16605,0.435592,0.055345,0,0,1,0.6600,南山区,21,21,0,0,0,0,1
2021-10-29,589179428,20190000000000000003,900200000000000050,1,20.000,392.900,7850.000,2021-10-29 15:00:00.000,L2FT01-FTJ011,9.88,0.000,0.666012,16605,0.435592,0.055345,0,0,1,0.6600,南山区,21,21,0,0,0,0,1
2021-10-29,589179428,20190000000000000003,900200000000000049,1,150.100,308.800,46350.000,2021-10-29 15:00:00.000,L2FT01-FTJ011,9.88,0.000,0.666012,16605,0.435592,0.055345,0,0,1,0.6600,南山区,21,21,0,0,0,0,1
2021-10-29,589179428,20190000000000000003,900200000000000049,1,149.825,310.827,46566.667,2021-10-29 15:15:00.000,L2FT01-FTJ011,9.88,0.000,0.666012,16605,0.435592,0.055345,0,0,1,0.6600,南山区,21,21,0,0,0,0,1
2021-10-29,589179428,20190000000000000003,900200000000000049,1,149.877,311.980,46754.667,2021-10-29 15:30:00.000,L2FT01-FTJ011,9.88,0.000,0.666012,16605,0.435592,0.055345,0,0,1,0.6600,南山区,21,21,0,0,0,0,1
2021-10-29,589179428,20190000000000000003,900200000000000049,1,149.890,314.000,47062.667,2021-10-29 15:45:00.000,L2FT01-FTJ011,9.88,0.000,0.666012,16605,0.435592,0.055345,0,0,1,0.6600,南山区,21,21,0,0,0,0,1
2021-10-29,589179428,20190000000000000003,900200000000000049,1,149.912,315.293,47264.667,2021-10-29 16:00:00.000,L2FT01-FTJ011,9.40,0.000,0.666012,16605,0.435592,0.055345,0,0,1,0.6600,南山区,21,21,0,0,0,0,1
2021-10-29,589179428,20190000000000000003,900200000000000049,1,116.552,321.558,37222.500,2021-10-29 16:15:00.000,L2FT01-FTJ011,9.40,0.000,0.666012,16605,0.435592,0.055345,0,0,1,0.6600,南山区,21,21,0,0,0,0,1
2021-10-29,589179428,20190000000000000003,900200000000000038,1,71.500,306.500,21910.000,2021-10-29 16:30:00.000,L2FT01-FTJ011,9.40,0.000,0.666012,16605,0.435592,0.055345,0,0,1,0.6600,南山区,21,21,0,0,0,0,1
2021-10-29,589179428,20190000000000000003,900200000000000048,1,149.804,343.857,51510.000,2021-10-29 17:15:00.000,L2FT01-FTJ011,9.10,0.000,0.666012,16605,0.435592,0.055345,0,0,1,0.6600,南山区,21,21,0,0,0,0,1
2021-10-29,589179428,20190000000000000003,900200000000000049,1,71.623,306.133,21923.333,2021-10-29 17:30:00.000,L2FT01-FTJ011,9.10,0.000,0.666012,16605,0.435592,0.055345,0,0,1,0.6600,南山区,21,21,0,0,0,0,1
2021-10-29,589179428,20190000000000000003,900200000000000048,1,119.421,343.853,41065.333,2021-10-29 17:30:00.000,L2FT01-FTJ011,9.10,0.000,0.666012,16605,0.435592,0.055345,0,0,1,0.6600,南山区,21,21,0,0,0,0,1
2021-10-29,589179428,20190000000000000003,900200000000000048,1,64.993,346.873,22580.000,2021-10-29 17:45:00.000,L2FT01-FTJ011,9.10,0.000,0.666012,16605,0.435592,0.055345,0,0,1,0.6600,南山区,21,21,0,0,0,0,1
2021-10-29,589179428,20190000000000000003,900200000000000042,1,38.361,410.543,15741.429,2021-10-29 18:00:00.000,L2FT01-FTJ011,9.00,0.000,0.666012,16605,0.435592,0.055345,0,0,1,0.6600,南山区,21,21,0,0,0,0,1
2021-10-29,589179428,20190000000000000003,900200000000000044,1,129.857,310.167,40273.333,2021-10-29 18:00:00.000,L2FT01-FTJ011,9.00,0.000,0.666012,16605,0.435592,0.055345,0,0,1,0.6600,南山区,21,21,0,0,0,0,1
2021-10-29,589179428,20190000000000000003,900200000000000049,1,129.836,313.329,40818.571,2021-10-29 18:00:00.000,L2FT01-FTJ011,9.00,0.000,0.666012,16605,0.435592,0.055345,0,0,1,0.6600,南山区,21,21,0,0,0,0,1
2021-10-29,589179428,20190000000000000003,900200000000000044,1,130.048,310.947,40435.333,2021-10-29 18:15:00.000,L2FT01-FTJ011,9.00,0.000,0.666012,16605,0.435592,0.055345,0,0,1,0.6600,南山区,21,21,0,0,0,0,1
2021-10-29,589179428,20190000000000000003,900200000000000049,1,150.000,314.500,47170.000,2021-10-29 18:15:00.000,L2FT01-FTJ011,9.00,0.000,0.666012,16605,0.435592,0.055345,0,0,1,0.6600,南山区,21,21,0,0,0,0,1
2021-10-29,589179428,20190000000000000003,900200000000000044,1,129.555,313.740,40643.333,2021-10-29 18:30:00.000,L2FT01-FTJ011,9.00,0.000,0.666012,16605,0.435592,0.055345,0,0,1,0.6600,南山区,21,21,0,0,0,0,1
2021-10-29,589179428,20190000000000000003,900200000000000044,1,116.006,315.286,36576.429,2021-10-29 18:45:00.000,L2FT01-FTJ011,9.00,0.000,0.666012,16605,0.435592,0.055345,0,0,1,0.6600,南山区,21,21,0,0,0,0,1
2021-10-29,589179428,20190000000000000003,900200000000000043,1,181.178,313.250,56852.857,2021-10-29 18:45:00.000,L2FT01-FTJ011,9.00,0.000,0.666012,16605,0.435592,0.055345,0,0,1,0.6600,南山区,21,21,0,0,0,0,1
2021-10-29,589179428,20190000000000000003,900200000000000043,1,191.700,316.031,60578.462,2021-10-29 19:00:00.000,L2FT01-FTJ011,9.10,0.000,0.666012,16605,0.435592,0.055345,0,0,1,0.6600,南山区,21,21,0,0,0,0,1
2021-10-29,589179428,20190000000000000003,900200000000000045,1,103.876,304.780,32398.000,2021-10-29 19:00:00.000,L2FT01-FTJ011,9.10,0.000,0.666012,16605,0.435592,0.055345,0,0,1,0.6600,南山区,21,21,0,0,0,0,1
2021-10-29,589179428,20190000000000000003,900200000000000045,1,129.890,314.673,40870.667,2021-10-29 19:15:00.000,L2FT01-FTJ011,9.10,0.000,0.666012,16605,0.435592,0.055345,0,0,1,0.6600,南山区,21,21,0,0,0,0,1
2021-10-29,589179428,20190000000000000003,900200000000000045,1,129.917,316.500,41116.250,2021-10-29 19:30:00.000,L2FT01-FTJ011,9.10,0.000,0.666012,16605,0.435592,0.055345,0,0,1,0.6600,南山区,21,21,0,0,0,0,1
2021-10-29,589179428,20190000000000000003,900200000000000049,1,138.540,355.700,49270.000,2021-10-29 21:15:00.000,L2FT01-FTJ011,9.88,0.000,0.666012,16605,0.435592,0.055345,0,0,1,0.6600,南山区,21,21,0,0,0,0,1
2021-10-29,589179428,20190000000000000003,900200000000000049,1,122.985,363.753,44693.333,2021-10-29 21:30:00.000,L2FT01-FTJ011,9.88,0.000,0.666012,16605,0.435592,0.055345,0,0,1,0.6600,南山区,21,21,0,0,0,0,1
2021-10-29,589179428,20190000000000000003,900200000000000049,1,89.908,381.927,34272.000,2021-10-29 21:45:00.000,L2FT01-FTJ011,9.88,0.000,0.666012,16605,0.435592,0.055345,0,0,1,0.6600,南山区,21,21,0,0,0,0,1
2021-10-29,589179428,20190000000000000003,900200000000000049,1,43.858,391.993,17180.000,2021-10-29 22:00:00.000,L2FT01-FTJ011,10.50,0.000,0.666012,16605,0.435592,0.055345,0,0,1,0.6600,南山区,21,21,0,0,0,0,1
2021-10-29,589179428,20190000000000000003,900200000000000043,1,107.094,456.940,50434.000,2021-10-29 22:00:00.000,L2FT01-FTJ011,10.50,0.000,0.666012,16605,0.435592,0.055345,0,0,1,0.6600,南山区,21,21,0,0,0,0,1
2021-10-29,589179428,20190000000000000003,900200000000000043,1,169.843,474.287,80551.333,2021-10-29 22:15:00.000,L2FT01-FTJ011,10.50,0.000,0.666012,16605,0.435592,0.055345,0,0,1,0.6600,南山区,21,21,0,0,0,0,1
2021-10-29,589179428,20190000000000000003,900200000000000049,1,39.790,400.064,15918.182,2021-10-29 22:15:00.000,L2FT01-FTJ011,10.50,0.000,0.666012,16605,0.435592,0.055345,0,0,1,0.6600,南山区,21,21,0,0,0,0,1
2021-10-29,589179428,20190000000000000003,900200000000000038,1,129.864,302.246,39246.154,2021-10-29 22:30:00.000,L2FT01-FTJ011,10.50,0.000,0.666012,16605,0.435592,0.055345,0,0,1,0.6600,南山区,21,21,0,0,0,0,1
2021-10-29,589179428,20190000000000000003,900200000000000043,1,169.949,474.420,80624.000,2021-10-29 22:30:00.000,L2FT01-FTJ011,10.50,0.000,0.666012,16605,0.435592,0.055345,0,0,1,0.6600,南山区,21,21,0,0,0,0,1
2021-10-29,589179428,20190000000000000003,900200000000000038,1,129.890,307.400,39926.000,2021-10-29 22:45:00.000,L2FT01-FTJ011,10.50,0.000,0.666012,16605,0.435592,0.055345,0,0,1,0.6600,南山区,21,21,0,0,0,0,1
2021-10-29,589179428,20190000000000000003,900200000000000043,1,161.605,474.207,76631.333,2021-10-29 22:45:00.000,L2FT01-FTJ011,10.50,0.000,0.666012,16605,0.435592,0.055345,0,0,1,0.6600,南山区,21,21,0,0,0,0,1
2021-10-29,589179428,20190000000000000003,900200000000000032,1,135.309,308.936,41797.857,2021-10-29 23:00:00.000,L2FT01-FTJ011,11.22,0.000,0.666012,16605,0.435592,0.055345,0,0,1,0.6600,南山区,21,21,0,0,0,0,1
2021-10-29,589179428,20190000000000000003,900200000000000038,1,129.890,310.000,40265.000,2021-10-29 23:00:00.000,L2FT01-FTJ011,11.22,0.000,0.666012,16605,0.435592,0.055345,0,0,1,0.6600,南山区,21,21,0,0,0,0,1
2021-10-29,589179428,20190000000000000003,900200000000000043,1,77.548,473.347,36708.667,2021-10-29 23:00:00.000,L2FT01-FTJ011,11.22,0.000,0.666012,16605,0.435592,0.055345,0,0,1,0.6600,南山区,21,21,0,0,0,0,1
2021-10-29,589179428,20190000000000000003,900200000000000052,1,129.244,363.675,47240.000,2021-10-29 23:00:00.000,L2FT01-FTJ011,11.22,0.000,0.666012,16605,0.435592,0.055345,0,0,1,0.6600,南山区,21,21,0,0,0,0,1
2021-10-29,589179428,20190000000000000003,900200000000000032,1,132.884,310.167,41216.667,2021-10-29 23:15:00.000,L2FT01-FTJ011,11.22,0.000,0.666012,16605,0.435592,0.055345,0,0,1,0.6600,南山区,21,21,0,0,0,0,1
2021-10-29,589179428,20190000000000000003,900200000000000043,1,37.961,473.386,17972.857,2021-10-29 23:15:00.000,L2FT01-FTJ011,11.22,0.000,0.666012,16605,0.435592,0.055345,0,0,1,0.6600,南山区,21,21,0,0,0,0,1
2021-10-29,589179428,20190000000000000003,900200000000000052,1,135.859,374.873,50884.000,2021-10-29 23:15:00.000,L2FT01-FTJ011,11.22,0.000,0.666012,16605,0.435592,0.055345,0,0,1,0.6600,南山区,21,21,0,0,0,0,1
2021-10-29,589179428,20190000000000000003,900200000000000032,1,132.532,311.113,41229.333,2021-10-29 23:30:00.000,L2FT01-FTJ011,11.22,0.000,0.666012,16605,0.435592,0.055345,0,0,1,0.6600,南山区,21,21,0,0,0,0,1
2021-10-29,589179428,20190000000000000003,900200000000000052,1,105.211,391.173,41118.000,2021-10-29 23:30:00.000,L2FT01-FTJ011,11.22,0.000,0.666012,16605,0.435592,0.055345,0,0,1,0.6600,南山区,21,21,0,0,0,0,1
2021-10-29,589179428,20190000000000000003,900200000000000052,1,65.117,404.113,26312.000,2021-10-29 23:45:00.000,L2FT01-FTJ011,11.22,0.000,0.666012,16605,0.435592,0.055345,0,0,1,0.6600,南山区,21,21,0,0,0,0,1
2021-10-29,589179428,20190000000000000003,900200000000000032,1,132.512,313.553,41547.333,2021-10-29 23:45:00.000,L2FT01-FTJ011,11.22,0.000,0.666012,16605,0.435592,0.055345,0,0,1,0.6600,南山区,21,21,0,0,0,0,1
2021-10-30,589179428,20190000000000000003,900200000000000032,1,132.980,314.953,41879.333,2021-10-30 00:00:00.000,L2FT01-FTJ011,12.00,0.000,0.666012,16605,0.435592,0.055345,0,0,0,0.6600,南山区,21,21,0,0,0,0,1
2021-10-30,589179428,20190000000000000003,900200000000000052,1,30.383,412.340,12541.333,2021-10-30 00:00:00.000,L2FT01-FTJ011,12.00,0.000,0.666012,16605,0.435592,0.055345,0,0,0,0.6600,南山区,21,21,0,0,0,0,1
2021-10-30,589179428,20190000000000000003,900200000000000032,1,90.965,322.420,29078.000,2021-10-30 00:15:00.000,L2FT01-FTJ011,12.00,0.000,0.666012,16605,0.435592,0.055345,0,0,0,0.6600,南山区,21,21,0,0,0,0,1
2021-10-30,589179428,20190000000000000003,900200000000000052,1,12.890,413.907,5334.667,2021-10-30 00:15:00.000,L2FT01-FTJ011,12.00,0.000,0.666012,16605,0.435592,0.055345,0,0,0,0.6600,南山区,21,21,0,0,0,0,1
2021-10-30,589179428,20190000000000000003,900200000000000052,1,12.890,415.400,5350.000,2021-10-30 00:30:00.000,L2FT01-FTJ011,12.00,0.000,0.666012,16605,0.435592,0.055345,0,0,0,0.6600,南山区,21,21,0,0,0,0,1
2021-10-30,589179428,20190000000000000003,900200000000000040,1,142.408,370.617,52775.000,2021-10-30 03:45:00.000,L2FT01-FTJ011,14.12,0.000,0.666012,16605,0.435592,0.055345,0,0,0,0.6600,南山区,21,21,0,0,0,0,1
2021-10-30,589179428,20190000000000000003,900200000000000056,1,129.927,309.333,40188.333,2021-10-30 03:45:00.000,L2FT01-FTJ011,14.12,0.000,0.666012,16605,0.435592,0.055345,0,0,0,0.6600,南山区,21,21,0,0,0,0,1
2021-10-30,589179428,20190000000000000003,900200000000000040,1,117.074,381.413,44607.333,2021-10-30 04:00:00.000,L2FT01-FTJ011,14.60,0.000,0.666012,16605,0.435592,0.055345,0,0,0,0.6600,南山区,21,21,0,0,0,0,1
2021-10-30,589179428,20190000000000000003,900200000000000056,1,130.035,310.253,40341.333,2021-10-30 04:00:00.000,L2FT01-FTJ011,14.60,0.000,0.666012,16605,0.435592,0.055345,0,0,0,0.6600,南山区,21,21,0,0,0,0,1
2021-10-30,589179428,20190000000000000003,900200000000000031,1,83.590,356.675,29812.500,2021-10-30 04:15:00.000,L2FT01-FTJ011,14.60,0.000,0.666012,16605,0.435592,0.055345,0,0,0,0.6600,南山区,21,21,0,0,0,0,1
2021-10-30,589179428,20190000000000000003,900200000000000040,1,81.667,397.253,32394.000,2021-10-30 04:15:00.000,L2FT01-FTJ011,14.60,0.000,0.666012,16605,0.435592,0.055345,0,0,0,0.6600,南山区,21,21,0,0,0,0,1
2021-10-30,589179428,20190000000000000003,900200000000000056,1,130.048,311.407,40494.000,2021-10-30 04:15:00.000,L2FT01-FTJ011,14.60,0.000,0.666012,16605,0.435592,0.055345,0,0,0,0.6600,南山区,21,21,0,0,0,0,1
2021-10-30,589179428,20190000000000000003,900200000000000031,1,59.759,354.633,21203.333,2021-10-30 04:30:00.000,L2FT01-FTJ011,14.60,0.000,0.666012,16605,0.435592,0.055345,0,0,0,0.6600,南山区,21,21,0,0,0,0,1
2021-10-30,589179428,20190000000000000003,900200000000000040,1,63.590,408.760,25993.333,2021-10-30 04:30:00.000,L2FT01-FTJ011,14.60,0.000,0.666012,16605,0.435592,0.055345,0,0,0,0.6600,南山区,21,21,0,0,0,0,1
2021-10-30,589179428,20190000000000000003,900200000000000056,1,130.090,313.807,40821.333,2021-10-30 04:30:00.000,L2FT01-FTJ011,14.60,0.000,0.666012,16605,0.435592,0.055345,0,0,0,0.6600,南山区,21,21,0,0,0,0,1
2021-10-30,589179428,20190000000000000003,900200000000000056,1,130.066,315.287,41006.000,2021-10-30 04:45:00.000,L2FT01-FTJ011,14.60,0.000,0.666012,16605,0.435592,0.055345,0,0,0,0.6600,南山区,21,21,0,0,0,0,1
2021-10-30,589179428,20190000000000000003,900200000000000040,1,12.657,411.213,5203.333,2021-10-30 04:45:00.000,L2FT01-FTJ011,14.60,0.000,0.666012,16605,0.435592,0.055345,0,0,0,0.6600,南山区,21,21,0,0,0,0,1
2021-10-30,589179428,20190000000000000003,900200000000000031,1,37.285,355.233,13236.000,2021-10-30 04:45:00.000,L2FT01-FTJ011,14.60,0.000,0.666012,16605,0.435592,0.055345,0,0,0,0.6600,南山区,21,21,0,0,0,0,1
2021-10-30,589179428,20190000000000000003,900200000000000040,1,12.690,413.053,5240.667,2021-10-30 05:00:00.000,L2FT01-FTJ011,14.90,0.000,0.666012,16605,0.435592,0.055345,0,0,0,0.6600,南山区,21,21,0,0,0,0,1
2021-10-30,589179428,20190000000000000003,900200000000000056,1,84.903,323.170,27261.000,2021-10-30 05:00:00.000,L2FT01-FTJ011,14.90,0.000,0.666012,16605,0.435592,0.055345,0,0,0,0.6600,南山区,21,21,0,0,0,0,1
2021-10-30,589179428,20190000000000000003,900200000000000040,1,12.690,414.520,5260.000,2021-10-30 05:15:00.000,L2FT01-FTJ011,14.90,0.000,0.666012,16605,0.435592,0.055345,0,0,0,0.6600,南山区,21,21,0,0,0,0,1
2021-10-30,589179428,20190000000000000003,900200000000000053,1,71.598,340.817,24620.000,2021-10-30 05:30:00.000,L2FT01-FTJ011,14.90,0.000,0.666012,16605,0.435592,0.055345,0,0,0,0.6600,南山区,21,21,0,0,0,0,1
2021-10-30,589179428,20190000000000000003,900200000000000053,1,125.713,352.667,44330.667,2021-10-30 05:45:00.000,L2FT01-FTJ011,14.90,0.000,0.666012,16605,0.435592,0.055345,0,0,0,0.6600,南山区,21,21,0,0,0,0,1
2021-10-30,589179428,20190000000000000003,900200000000000031,1,121.808,430.300,52409.091,2021-10-30 06:00:00.000,L2FT01-FTJ011,15.00,0.000,0.666012,16605,0.435592,0.055345,0,0,0,0.6600,南山区,21,21,0,0,0,0,1
2021-10-30,589179428,20190000000000000003,900200000000000053,1,114.392,369.233,42196.000,2021-10-30 06:00:00.000,L2FT01-FTJ011,15.00,0.000,0.666012,16605,0.435592,0.055345,0,0,0,0.6600,南山区,21,21,0,0,0,0,1
2021-10-30,589179428,20190000000000000003,900200000000000053,1,71.605,381.353,27283.333,2021-10-30 06:15:00.000,L2FT01-FTJ011,15.00,0.000,0.666012,16605,0.435592,0.055345,0,0,0,0.6600,南山区,21,21,0,0,0,0,1
2021-10-30,589179428,20190000000000000003,900200000000000031,1,76.870,427.060,32854.000,2021-10-30 06:15:00.000,L2FT01-FTJ011,15.00,0.000,0.666012,16605,0.435592,0.055345,0,0,0,0.6600,南山区,21,21,0,0,0,0,1
2021-10-30,589179428,20190000000000000003,900200000000000031,1,55.956,434.200,24260.000,2021-10-30 06:30:00.000,L2FT01-FTJ011,15.00,0.000,0.666012,16605,0.435592,0.055345,0,0,0,0.6600,南山区,21,21,0,0,0,0,1
2021-10-30,589179428,20190000000000000003,900200000000000053,1,29.195,386.147,11272.000,2021-10-30 06:30:00.000,L2FT01-FTJ011,15.00,0.000,0.666012,16605,0.435592,0.055345,0,0,0,0.6600,南山区,21,21,0,0,0,0,1
2021-10-30,589179428,20190000000000000003,900200000000000053,1,23.500,387.500,9100.000,2021-10-30 06:45:00.000,L2FT01-FTJ011,15.00,0.000,0.666012,16605,0.435592,0.055345,0,0,0,0.6600,南山区,21,21,0,0,0,0,1
2021-10-30,589179428,20190000000000000003,900200000000000037,1,129.836,310.200,40270.769,2021-10-30 07:15:00.000,L2FT01-FTJ011,14.90,0.000,0.666012,16605,0.435592,0.055345,0,0,0,0.6600,南山区,21,21,0,0,0,0,1
2021-10-30,589179428,20190000000000000003,900200000000000037,1,129.866,311.307,40425.333,2021-10-30 07:30:00.000,L2FT01-FTJ011,14.90,0.000,0.666012,16605,0.435592,0.055345,0,0,0,0.6600,南山区,21,21,0,0,0,0,1
2021-10-30,589179428,20190000000000000003,900200000000000037,1,129.890,313.427,40709.333,2021-10-30 07:45:00.000,L2FT01-FTJ011,14.90,0.000,0.666012,16605,0.435592,0.055345,0,0,0,0.6600,南山区,21,21,0,0,0,0,1
2021-10-30,589179428,20190000000000000003,900200000000000037,1,129.890,314.413,40837.333,2021-10-30 08:00:00.000,L2FT01-FTJ011,14.60,0.000,0.666012,16605,0.435592,0.055345,0,0,0,0.6600,南山区,21,21,0,0,0,0,1
2021-10-30,589179428,20190000000000000003,900200000000000037,1,129.884,315.747,41009.333,2021-10-30 08:15:00.000,L2FT01-FTJ011,14.60,0.000,0.666012,16605,0.435592,0.055345,0,0,0,0.6600,南山区,21,21,0,0,0,0,1
2021-10-30,589179428,20190000000000000003,900200000000000037,1,124.543,319.918,39801.818,2021-10-30 08:30:00.000,L2FT01-FTJ011,14.60,0.000,0.666012,16605,0.435592,0.055345,0,0,0,0.6600,南山区,21,21,0,0,0,0,1
2021-10-30,589179428,20190000000000000003,900200000000000057,1,129.800,310.400,40280.000,2021-10-30 10:45:00.000,L2FT01-FTJ011,13.50,0.000,0.666012,16605,0.435592,0.055345,0,0,0,0.6600,南山区,21,21,0,0,0,0,1
2021-10-30,589179428,20190000000000000003,900200000000000057,1,129.840,311.250,40412.500,2021-10-30 11:00:00.000,L2FT01-FTJ011,12.78,0.000,0.666012,16605,0.435592,0.055345,0,0,0,0.6600,南山区,21,21,0,0,0,0,1
2021-10-30,589179428,20190000000000000003,900200000000000042,1,115.845,359.600,41652.500,2021-10-30 12:45:00.000,L2FT01-FTJ011,12.00,0.000,0.666012,16605,0.435592,0.055345,0,0,0,0.6600,南山区,21,21,0,0,0,0,1
2021-10-30,589179428,20190000000000000003,900200000000000035,1,119.890,353.600,42390.000,2021-10-30 13:00:00.000,L2FT01-FTJ011,11.22,0.000,0.666012,16605,0.435592,0.055345,0,0,0,0.6600,南山区,21,21,0,0,0,0,1
2021-10-30,589179428,20190000000000000003,900200000000000042,1,105.939,369.067,39073.333,2021-10-30 13:00:00.000,L2FT01-FTJ011,11.22,0.000,0.666012,16605,0.435592,0.055345,0,0,0,0.6600,南山区,21,21,0,0,0,0,1
2021-10-30,589179428,20190000000000000003,900200000000000035,1,119.800,357.027,42767.333,2021-10-30 13:15:00.000,L2FT01-FTJ011,11.22,0.000,0.666012,16605,0.435592,0.055345,0,0,0,0.6600,南山区,21,21,0,0,0,0,1
2021-10-30,589179428,20190000000000000003,900200000000000042,1,95.810,382.044,36595.556,2021-10-30 13:15:00.000,L2FT01-FTJ011,11.22,0.000,0.666012,16605,0.435592,0.055345,0,0,0,0.6600,南山区,21,21,0,0,0,0,1
2021-10-30,589179428,20190000000000000003,900200000000000035,1,119.830,360.500,43195.556,2021-10-30 13:30:00.000,L2FT01-FTJ011,11.22,0.000,0.666012,16605,0.435592,0.055345,0,0,0,0.6600,南山区,21,21,0,0,0,0,1
2021-10-30,589179428,20190000000000000003,900200000000000042,1,147.380,309.329,45744.286,2021-10-30 15:00:00.000,L2FT01-FTJ011,9.88,0.000,0.666012,16605,0.435592,0.055345,0,0,0,0.6600,南山区,21,21,0,0,0,0,1
2021-10-30,589179428,20190000000000000003,900200000000000042,1,164.890,312.527,51530.667,2021-10-30 15:15:00.000,L2FT01-FTJ011,9.88,0.000,0.666012,16605,0.435592,0.055345,0,0,0,0.6600,南山区,21,21,0,0,0,0,1
2021-10-30,589179428,20190000000000000003,900200000000000042,1,157.027,313.647,49254.667,2021-10-30 15:30:00.000,L2FT01-FTJ011,9.88,0.000,0.666012,16605,0.435592,0.055345,0,0,0,0.6600,南山区,21,21,0,0,0,0,1
2021-10-30,589179428,20190000000000000003,900200000000000038,1,203.740,312.889,63746.667,2021-10-30 15:45:00.000,L2FT01-FTJ011,9.88,0.000,0.666012,16605,0.435592,0.055345,0,0,0,0.6600,南山区,21,21,0,0,0,0,1
2021-10-30,589179428,20190000000000000003,900200000000000042,1,132.728,314.100,41697.333,2021-10-30 15:45:00.000,L2FT01-FTJ011,9.88,0.000,0.666012,16605,0.435592,0.055345,0,0,0,0.6600,南山区,21,21,0,0,0,0,1
2021-10-30,589179428,20190000000000000003,900200000000000038,1,204.927,315.713,64695.333,2021-10-30 16:00:00.000,L2FT01-FTJ011,9.40,0.000,0.666012,16605,0.435592,0.055345,0,0,0,0.6600,南山区,21,21,0,0,0,0,1
2021-10-30,589179428,20190000000000000003,900200000000000042,1,134.390,315.760,42433.333,2021-10-30 16:00:00.000,L2FT01-FTJ011,9.40,0.000,0.666012,16605,0.435592,0.055345,0,0,0,0.6600,南山区,21,21,0,0,0,0,1
2021-10-30,589179428,20190000000000000003,900200000000000042,1,75.836,319.380,24140.000,2021-10-30 16:15:00.000,L2FT01-FTJ011,9.40,0.000,0.666012,16605,0.435592,0.055345,0,0,0,0.6600,南山区,21,21,0,0,0,0,1
2021-10-30,589179428,20190000000000000003,900200000000000038,1,147.912,316.908,46921.667,2021-10-30 16:15:00.000,L2FT01-FTJ011,9.40,0.000,0.666012,16605,0.435592,0.055345,0,0,0,0.6600,南山区,21,21,0,0,0,0,1
2021-10-30,589179428,20190000000000000003,900200000000000042,1,22.000,328.700,7230.000,2021-10-30 16:30:00.000,L2FT01-FTJ011,9.40,0.000,0.666012,16605,0.435592,0.055345,0,0,0,0.6600,南山区,21,21,0,0,0,0,1
2021-10-30,589179428,20190000000000000003,900200000000000045,0,0.000,302.200,0.000,2021-10-30 16:30:00.000,L2FT01-FTJ011,9.40,0.000,0.666012,16605,0.435592,0.055345,0,0,0,0.6600,南山区,21,21,0,0,0,0,1
2021-10-30,589179428,20190000000000000003,900200000000000030,1,132.406,310.847,41154.667,2021-10-30 17:15:00.000,L2FT01-FTJ011,9.10,0.000,0.666012,16605,0.435592,0.055345,0,0,0,0.6600,南山区,21,21,0,0,0,0,1
2021-10-30,589179428,20190000000000000003,900200000000000039,1,155.600,361.700,56280.000,2021-10-30 17:15:00.000,L2FT01-FTJ011,9.10,0.000,0.666012,16605,0.435592,0.055345,0,0,0,0.6600,南山区,21,21,0,0,0,0,1
2021-10-30,589179428,20190000000000000003,900200000000000030,1,124.452,312.400,38870.667,2021-10-30 17:30:00.000,L2FT01-FTJ011,9.10,0.000,0.666012,16605,0.435592,0.055345,0,0,0,0.6600,南山区,21,21,0,0,0,0,1
2021-10-30,589179428,20190000000000000003,900200000000000037,1,130.060,307.450,39982.500,2021-10-30 17:30:00.000,L2FT01-FTJ011,9.10,0.000,0.666012,16605,0.435592,0.055345,0,0,0,0.6600,南山区,21,21,0,0,0,0,1
2021-10-30,589179428,20190000000000000003,900200000000000039,1,123.791,367.793,45484.000,2021-10-30 17:30:00.000,L2FT01-FTJ011,9.10,0.000,0.666012,16605,0.435592,0.055345,0,0,0,0.6600,南山区,21,21,0,0,0,0,1
2021-10-30,589179428,20190000000000000003,900200000000000030,1,112.072,313.520,35134.667,2021-10-30 17:45:00.000,L2FT01-FTJ011,9.10,0.000,0.666012,16605,0.435592,0.055345,0,0,0,0.6600,南山区,21,21,0,0,0,0,1
2021-10-30,589179428,20190000000000000003,900200000000000037,1,129.985,310.213,40319.333,2021-10-30 17:45:00.000,L2FT01-FTJ011,9.10,0.000,0.666012,16605,0.435592,0.055345,0,0,0,0.6600,南山区,21,21,0,0,0,0,1
2021-10-30,589179428,20190000000000000003,900200000000000039,1,94.321,384.720,36241.333,2021-10-30 17:45:00.000,L2FT01-FTJ011,9.10,0.000,0.666012,16605,0.435592,0.055345,0,0,0,0.6600,南山区,21,21,0,0,0,0,1
2021-10-30,589179428,20190000000000000003,900200000000000030,1,112.090,314.473,35248.000,2021-10-30 18:00:00.000,L2FT01-FTJ011,9.00,0.000,0.666012,16605,0.435592,0.055345,0,0,0,0.6600,南山区,21,21,0,0,0,0,1
2021-10-30,589179428,20190000000000000003,900200000000000037,1,130.036,310.913,40426.667,2021-10-30 18:00:00.000,L2FT01-FTJ011,9.00,0.000,0.666012,16605,0.435592,0.055345,0,0,0,0.6600,南山区,21,21,0,0,0,0,1
2021-10-30,589179428,20190000000000000003,900200000000000039,1,53.316,399.073,21252.667,2021-10-30 18:00:00.000,L2FT01-FTJ011,9.00,0.000,0.666012,16605,0.435592,0.055345,0,0,0,0.6600,南山区,21,21,0,0,0,0,1
2021-10-30,589179428,20190000000000000003,900200000000000030,1,86.010,320.673,27388.667,2021-10-30 18:15:00.000,L2FT01-FTJ011,9.00,0.000,0.666012,16605,0.435592,0.055345,0,0,0,0.6600,南山区,21,21,0,0,0,0,1
2021-10-30,589179428,20190000000000000003,900200000000000037,1,130.036,312.560,40640.667,2021-10-30 18:15:00.000,L2FT01-FTJ011,9.00,0.000,0.666012,16605,0.435592,0.055345,0,0,0,0.6600,南山区,21,21,0,0,0,0,1
2021-10-30,589179428,20190000000000000003,900200000000000039,1,36.890,403.600,14890.000,2021-10-30 18:15:00.000,L2FT01-FTJ011,9.00,0.000,0.666012,16605,0.435592,0.055345,0,0,0,0.6600,南山区,21,21,0,0,0,0,1
2021-10-30,589179428,20190000000000000003,900200000000000037,1,130.000,314.793,40918.000,2021-10-30 18:30:00.000,L2FT01-FTJ011,9.00,0.000,0.666012,16605,0.435592,0.055345,0,0,0,0.6600,南山区,21,21,0,0,0,0,1
2021-10-30,589179428,20190000000000000003,900200000000000037,1,117.462,316.358,37151.667,2021-10-30 18:45:00.000,L2FT01-FTJ011,9.00,0.000,0.666012,16605,0.435592,0.055345,0,0,0,0.6600,南山区,21,21,0,0,0,0,1
2021-10-30,589179428,20190000000000000003,900200000000000038,1,54.790,351.625,19263.750,2021-10-30 18:45:00.000,L2FT01-FTJ011,9.00,0.000,0.666012,16605,0.435592,0.055345,0,0,0,0.6600,南山区,21,21,0,0,0,0,1
2021-10-30,589179428,20190000000000000003,900200000000000038,1,54.790,357.787,19602.000,2021-10-30 19:00:00.000,L2FT01-FTJ011,9.10,0.000,0.666012,16605,0.435592,0.055345,0,0,0,0.6600,南山区,21,21,0,0,0,0,1
2021-10-30,589179428,20190000000000000003,900200000000000038,1,54.790,364.507,19970.667,2021-10-30 19:15:00.000,L2FT01-FTJ011,9.10,0.000,0.666012,16605,0.435592,0.055345,0,0,0,0.6600,南山区,21,21,0,0,0,0,1
2021-10-30,589179428,20190000000000000003,900200000000000038,1,54.790,375.233,20558.000,2021-10-30 19:30:00.000,L2FT01-FTJ011,9.10,0.000,0.666012,16605,0.435592,0.055345,0,0,0,0.6600,南山区,21,21,0,0,0,0,1
2021-10-30,589179428,20190000000000000003,900200000000000050,1,125.770,449.275,56520.000,2021-10-30 19:30:00.000,L2FT01-FTJ011,9.10,0.000,0.666012,16605,0.435592,0.055345,0,0,0,0.6600,南山区,21,21,0,0,0,0,1
2021-10-30,589179428,20190000000000000003,900200000000000047,1,148.773,363.038,54280.000,2021-10-30 19:45:00.000,L2FT01-FTJ011,9.10,0.000,0.666012,16605,0.435592,0.055345,0,0,0,0.6600,南山区,21,21,0,0,0,0,1
2021-10-30,589179428,20190000000000000003,900200000000000050,1,67.004,457.320,30592.667,2021-10-30 19:45:00.000,L2FT01-FTJ011,9.10,0.000,0.666012,16605,0.435592,0.055345,0,0,0,0.6600,南山区,21,21,0,0,0,0,1
2021-10-30,589179428,20190000000000000003,900200000000000038,1,54.790,388.573,21288.667,2021-10-30 19:45:00.000,L2FT01-FTJ011,9.10,0.000,0.666012,16605,0.435592,0.055345,0,0,0,0.6600,南山区,21,21,0,0,0,0,1
2021-10-30,589179428,20190000000000000003,900200000000000038,1,26.697,395.187,10549.333,2021-10-30 20:00:00.000,L2FT01-FTJ011,9.40,0.000,0.666012,16605,0.435592,0.055345,0,0,0,0.6600,南山区,21,21,0,0,0,0,1
2021-10-30,589179428,20190000000000000003,900200000000000047,1,184.958,366.773,67835.333,2021-10-30 20:00:00.000,L2FT01-FTJ011,9.40,0.000,0.666012,16605,0.435592,0.055345,0,0,0,0.6600,南山区,21,21,0,0,0,0,1
2021-10-30,589179428,20190000000000000003,900200000000000050,1,22.755,460.909,10484.545,2021-10-30 20:00:00.000,L2FT01-FTJ011,9.40,0.000,0.666012,16605,0.435592,0.055345,0,0,0,0.6600,南山区,21,21,0,0,0,0,1
2021-10-30,589179428,20190000000000000003,900200000000000038,1,8.904,395.736,3522.857,2021-10-30 20:15:00.000,L2FT01-FTJ011,9.40,0.000,0.666012,16605,0.435592,0.055345,0,0,0,0.6600,南山区,21,21,0,0,0,0,1
2021-10-30,589179428,20190000000000000003,900200000000000047,1,121.816,365.480,44540.667,2021-10-30 20:15:00.000,L2FT01-FTJ011,9.40,0.000,0.666012,16605,0.435592,0.055345,0,0,0,0.6600,南山区,21,21,0,0,0,0,1
2021-10-30,589179428,20190000000000000003,900200000000000047,1,35.303,364.750,12872.500,2021-10-30 20:30:00.000,L2FT01-FTJ011,9.40,0.000,0.666012,16605,0.435592,0.055345,0,0,0,0.6600,南山区,21,21,0,0,0,0,1
2021-10-30,589179428,20190000000000000003,900200000000000038,1,45.018,404.740,18214.000,2021-10-30 21:00:00.000,L2FT01-FTJ011,9.88,0.000,0.666012,16605,0.435592,0.055345,0,0,0,0.6600,南山区,21,21,0,0,0,0,1
2021-10-30,589179428,20190000000000000003,900200000000000038,1,44.890,406.400,18242.000,2021-10-30 21:15:00.000,L2FT01-FTJ011,9.88,0.000,0.666012,16605,0.435592,0.055345,0,0,0,0.6600,南山区,21,21,0,0,0,0,1
2021-10-30,589179428,20190000000000000003,900200000000000038,1,44.890,410.553,18430.000,2021-10-30 21:30:00.000,L2FT01-FTJ011,9.88,0.000,0.666012,16605,0.435592,0.055345,0,0,0,0.6600,南山区,21,21,0,0,0,0,1
2021-10-30,589179428,20190000000000000003,900200000000000031,1,190.956,316.467,60426.667,2021-10-30 21:45:00.000,L2FT01-FTJ011,9.88,0.000,0.666012,16605,0.435592,0.055345,0,0,0,0.6600,南山区,21,21,0,0,0,0,1
2021-10-30,589179428,20190000000000000003,900200000000000038,1,32.237,411.593,13279.333,2021-10-30 21:45:00.000,L2FT01-FTJ011,9.88,0.000,0.666012,16605,0.435592,0.055345,0,0,0,0.6600,南山区,21,21,0,0,0,0,1
2021-10-30,589179428,20190000000000000003,900200000000000038,1,17.481,417.009,7279.091,2021-10-30 22:00:00.000,L2FT01-FTJ011,10.50,0.000,0.666012,16605,0.435592,0.055345,0,0,0,0.6600,南山区,21,21,0,0,0,0,1
2021-10-30,589179428,20190000000000000003,900200000000000034,1,152.026,313.243,47817.143,2021-10-30 23:30:00.000,L2FT01-FTJ011,11.22,0.000,0.666012,16605,0.435592,0.055345,0,0,0,0.6600,南山区,21,21,0,0,0,0,1
2021-10-30,589179428,20190000000000000003,900200000000000034,1,164.157,326.893,53624.000,2021-10-30 23:45:00.000,L2FT01-FTJ011,11.22,0.000,0.666012,16605,0.435592,0.055345,0,0,0,0.6600,南山区,21,21,0,0,0,0,1
2021-10-31,589179428,20190000000000000003,900200000000000034,1,121.507,343.367,41660.667,2021-10-31 00:00:00.000,L2FT01-FTJ011,12.00,0.000,0.666012,16605,0.435592,0.055345,0,0,0,0.6600,南山区,21,21,0,0,0,0,1
2021-10-31,589179428,20190000000000000003,900200000000000034,1,53.639,348.013,18664.000,2021-10-31 00:15:00.000,L2FT01-FTJ011,12.00,0.000,0.666012,16605,0.435592,0.055345,0,0,0,0.6600,南山区,21,21,0,0,0,0,1
2021-10-31,589179428,20190000000000000003,900200000000000034,1,26.981,348.847,9409.333,2021-10-31 00:30:00.000,L2FT01-FTJ011,12.00,0.000,0.666012,16605,0.435592,0.055345,0,0,0,0.6600,南山区,21,21,0,0,0,0,1
2021-10-31,589179428,20190000000000000003,900200000000000034,1,15.500,349.000,5400.000,2021-10-31 00:45:00.000,L2FT01-FTJ011,12.00,0.000,0.666012,16605,0.435592,0.055345,0,0,0,0.6600,南山区,21,21,0,0,0,0,1
2021-10-31,589179428,20190000000000000003,900200000000000045,1,128.963,389.833,50270.000,2021-10-31 01:15:00.000,L2FT01-FTJ011,12.78,0.000,0.666012,16605,0.435592,0.055345,0,0,0,0.6600,南山区,21,21,0,0,0,0,1
2021-10-31,589179428,20190000000000000003,900200000000000045,1,123.624,390.727,48300.667,2021-10-31 01:30:00.000,L2FT01-FTJ011,12.78,0.000,0.666012,16605,0.435592,0.055345,0,0,0,0.6600,南山区,21,21,0,0,0,0,1
2021-10-31,589179428,20190000000000000003,900200000000000045,1,97.562,392.073,38253.333,2021-10-31 01:45:00.000,L2FT01-FTJ011,12.78,0.000,0.666012,16605,0.435592,0.055345,0,0,0,0.6600,南山区,21,21,0,0,0,0,1
2021-10-31,589179428,20190000000000000003,900200000000000045,1,61.090,391.446,23938.462,2021-10-31 02:00:00.000,L2FT01-FTJ011,13.50,0.000,0.666012,16605,0.435592,0.055345,0,0,0,0.6600,南山区,21,21,0,0,0,0,1
2021-10-31,589179428,20190000000000000003,900200000000000039,1,195.393,312.782,61134.545,2021-10-31 03:00:00.000,L2FT01-FTJ011,14.12,0.000,0.666012,16605,0.435592,0.055345,0,0,0,0.6600,南山区,21,21,0,0,0,0,1
2021-10-31,589179428,20190000000000000003,900200000000000039,1,194.512,314.773,61226.000,2021-10-31 03:15:00.000,L2FT01-FTJ011,14.12,0.000,0.666012,16605,0.435592,0.055345,0,0,0,0.6600,南山区,21,21,0,0,0,0,1
2021-10-31,589179428,20190000000000000003,900200000000000045,1,120.903,356.167,43293.333,2021-10-31 03:15:00.000,L2FT01-FTJ011,14.12,0.000,0.666012,16605,0.435592,0.055345,0,0,0,0.6600,南山区,21,21,0,0,0,0,1
2021-10-31,589179428,20190000000000000003,900200000000000045,1,149.790,360.600,54010.000,2021-10-31 03:30:00.000,L2FT01-FTJ011,14.12,0.000,0.666012,16605,0.435592,0.055345,0,0,0,0.6600,南山区,21,21,0,0,0,0,1
2021-10-31,589179428,20190000000000000003,900200000000000039,1,165.000,314.500,51886.667,2021-10-31 03:30:00.000,L2FT01-FTJ011,14.12,0.000,0.666012,16605,0.435592,0.055345,0,0,0,0.6600,南山区,21,21,0,0,0,0,1
2021-10-31,589179428,20190000000000000003,900200000000000038,1,119.822,356.525,42715.000,2021-10-31 12:15:00.000,L2FT01-FTJ011,12.00,0.000,0.666012,16605,0.435592,0.055345,0,0,0,0.6600,南山区,21,21,0,0,0,0,1
2021-10-31,589179428,20190000000000000003,900200000000000038,1,95.846,358.647,34450.667,2021-10-31 12:30:00.000,L2FT01-FTJ011,12.00,0.000,0.666012,16605,0.435592,0.055345,0,0,0,0.6600,南山区,21,21,0,0,0,0,1
2021-10-31,589179428,20190000000000000003,900200000000000038,1,47.982,355.950,17075.000,2021-10-31 12:45:00.000,L2FT01-FTJ011,12.00,0.000,0.666012,16605,0.435592,0.055345,0,0,0,0.6600,南山区,21,21,0,0,0,0,1
2021-10-31,589179428,20190000000000000003,900200000000000040,1,149.898,313.308,46962.500,2021-10-31 17:00:00.000,L2FT01-FTJ011,9.10,0.000,0.666012,16605,0.435592,0.055345,0,0,0,0.6600,南山区,21,21,0,0,0,0,1
2021-10-31,589179428,20190000000000000003,900200000000000040,1,103.880,312.478,32537.778,2021-10-31 17:15:00.000,L2FT01-FTJ011,9.10,0.000,0.666012,16605,0.435592,0.055345,0,0,0,0.6600,南山区,21,21,0,0,0,0,1
2021-10-31,589179428,20190000000000000003,900200000000000043,1,129.872,310.850,40367.143,2021-10-31 17:15:00.000,L2FT01-FTJ011,9.10,0.000,0.666012,16605,0.435592,0.055345,0,0,0,0.6600,南山区,21,21,0,0,0,0,1
2021-10-31,589179428,20190000000000000003,900200000000000043,1,129.971,313.547,40748.000,2021-10-31 17:30:00.000,L2FT01-FTJ011,9.10,0.000,0.666012,16605,0.435592,0.055345,0,0,0,0.6600,南山区,21,21,0,0,0,0,1
2021-10-31,589179428,20190000000000000003,900200000000000043,1,129.829,314.729,40854.286,2021-10-31 17:45:00.000,L2FT01-FTJ011,9.10,0.000,0.666012,16605,0.435592,0.055345,0,0,0,0.6600,南山区,21,21,0,0,0,0,1
2021-10-31,589179428,20190000000000000003,900200000000000035,1,149.815,355.363,53235.000,2021-10-31 18:00:00.000,L2FT01-FTJ011,9.00,0.000,0.666012,16605,0.435592,0.055345,0,0,0,0.6600,南山区,21,21,0,0,0,0,1
2021-10-31,589179428,20190000000000000003,900200000000000044,1,64.065,328.345,21034.545,2021-10-31 18:00:00.000,L2FT01-FTJ011,9.00,0.000,0.666012,16605,0.435592,0.055345,0,0,0,0.6600,南山区,21,21,0,0,0,0,1
2021-10-31,589179428,20190000000000000003,900200000000000035,1,149.986,371.133,55662.667,2021-10-31 18:15:00.000,L2FT01-FTJ011,9.00,0.000,0.666012,16605,0.435592,0.055345,0,0,0,0.6600,南山区,21,21,0,0,0,0,1
2021-10-31,589179428,20190000000000000003,900200000000000044,1,64.060,337.073,21590.000,2021-10-31 18:15:00.000,L2FT01-FTJ011,9.00,0.000,0.666012,16605,0.435592,0.055345,0,0,0,0.6600,南山区,21,21,0,0,0,0,1
2021-10-31,589179428,20190000000000000003,900200000000000035,1,56.952,383.160,21842.000,2021-10-31 18:30:00.000,L2FT01-FTJ011,9.00,0.000,0.666012,16605,0.435592,0.055345,0,0,0,0.6600,南山区,21,21,0,0,0,0,1
2021-10-31,589179428,20190000000000000003,900200000000000044,1,63.859,348.313,22240.000,2021-10-31 18:30:00.000,L2FT01-FTJ011,9.00,0.000,0.666012,16605,0.435592,0.055345,0,0,0,0.6600,南山区,21,21,0,0,0,0,1
2021-10-31,589179428,20190000000000000003,900200000000000044,1,63.877,359.880,22987.333,2021-10-31 18:45:00.000,L2FT01-FTJ011,9.00,0.000,0.666012,16605,0.435592,0.055345,0,0,0,0.6600,南山区,21,21,0,0,0,0,1
2021-10-31,589179428,20190000000000000003,900200000000000052,1,129.875,313.333,40690.000,2021-10-31 18:45:00.000,L2FT01-FTJ011,9.00,0.000,0.666012,16605,0.435592,0.055345,0,0,0,0.6600,南山区,21,21,0,0,0,0,1
2021-10-31,589179428,20190000000000000003,900200000000000035,1,16.000,382.475,6115.000,2021-10-31 18:45:00.000,L2FT01-FTJ011,9.00,0.000,0.666012,16605,0.435592,0.055345,0,0,0,0.6600,南山区,21,21,0,0,0,0,1
2021-10-31,589179428,20190000000000000003,900200000000000044,1,30.557,365.967,11179.333,2021-10-31 19:00:00.000,L2FT01-FTJ011,9.10,0.000,0.666012,16605,0.435592,0.055345,0,0,0,0.6600,南山区,21,21,0,0,0,0,1
2021-10-31,589179428,20190000000000000003,900200000000000052,1,129.890,314.900,40901.333,2021-10-31 19:00:00.000,L2FT01-FTJ011,9.10,0.000,0.666012,16605,0.435592,0.055345,0,0,0,0.6600,南山区,21,21,0,0,0,0,1
2021-10-31,589179428,20190000000000000003,900200000000000044,1,12.590,367.186,4621.429,2021-10-31 19:15:00.000,L2FT01-FTJ011,9.10,0.000,0.666012,16605,0.435592,0.055345,0,0,0,0.6600,南山区,21,21,0,0,0,0,1
2021-10-31,589179428,20190000000000000003,900200000000000052,1,129.919,316.140,41070.667,2021-10-31 19:15:00.000,L2FT01-FTJ011,9.10,0.000,0.666012,16605,0.435592,0.055345,0,0,0,0.6600,南山区,21,21,0,0,0,0,1
2021-10-31,589179428,20190000000000000003,900200000000000052,1,89.907,323.275,28938.750,2021-10-31 19:30:00.000,L2FT01-FTJ011,9.10,0.000,0.666012,16605,0.435592,0.055345,0,0,0,0.6600,南山区,21,21,0,0,0,0,1
2021-10-31,589179428,20190000000000000003,900200000000000050,1,114.609,429.600,49315.714,2021-10-31 20:15:00.000,L2FT01-FTJ011,9.40,0.000,0.666012,16605,0.435592,0.055345,0,0,0,0.6600,南山区,21,21,0,0,0,0,1
2021-10-31,589179428,20190000000000000003,900200000000000050,1,54.285,439.593,23834.667,2021-10-31 20:30:00.000,L2FT01-FTJ011,9.40,0.000,0.666012,16605,0.435592,0.055345,0,0,0,0.6600,南山区,21,21,0,0,0,0,1
2021-10-31,589179428,20190000000000000003,900200000000000050,1,34.890,444.725,15517.500,2021-10-31 20:45:00.000,L2FT01-FTJ011,9.40,0.000,0.666012,16605,0.435592,0.055345,0,0,0,0.6600,南山区,21,21,0,0,0,0,1
2021-10-31,589179428,20190000000000000003,900200000000000039,1,129.836,308.260,40020.000,2021-10-31 23:00:00.000,L2FT01-FTJ011,11.22,0.000,0.666012,16605,0.435592,0.055345,0,0,0,0.6600,南山区,21,21,0,0,0,0,1
2021-10-31,589179428,20190000000000000003,900200000000000039,1,129.941,310.620,40360.000,2021-10-31 23:15:00.000,L2FT01-FTJ011,11.22,0.000,0.666012,16605,0.435592,0.055345,0,0,0,0.6600,南山区,21,21,0,0,0,0,1
2021-10-31,589179428,20190000000000000003,900200000000000039,1,129.932,311.560,40476.667,2021-10-31 23:30:00.000,L2FT01-FTJ011,11.22,0.000,0.666012,16605,0.435592,0.055345,0,0,0,0.6600,南山区,21,21,0,0,0,0,1
2021-10-31,589179428,20190000000000000003,900200000000000039,1,129.836,313.447,40694.000,2021-10-31 23:45:00.000,L2FT01-FTJ011,11.22,0.000,0.666012,16605,0.435592,0.055345,0,0,0,0.6600,南山区,21,21,0,0,0,0,1
2021-11-01,589179428,20190000000000000003,900200000000000039,1,129.800,314.633,40834.000,2021-11-01 00:00:00.000,L2FT01-FTJ011,13.07,0.000,0.666012,16605,0.435592,0.055345,0,0,1,0.6600,南山区,21,21,0,0,0,0,1
2021-11-01,589179428,20190000000000000003,900200000000000047,1,199.895,312.587,62480.000,2021-11-01 00:00:00.000,L2FT01-FTJ011,13.07,0.000,0.666012,16605,0.435592,0.055345,0,0,1,0.6600,南山区,21,21,0,0,0,0,1
2021-11-01,589179428,20190000000000000003,900200000000000039,1,129.800,315.887,40997.333,2021-11-01 00:15:00.000,L2FT01-FTJ011,13.07,0.000,0.666012,16605,0.435592,0.055345,0,0,1,0.6600,南山区,21,21,0,0,0,0,1
2021-11-01,589179428,20190000000000000003,900200000000000047,1,199.890,314.487,62857.333,2021-11-01 00:15:00.000,L2FT01-FTJ011,13.07,0.000,0.666012,16605,0.435592,0.055345,0,0,1,0.6600,南山区,21,21,0,0,0,0,1
2021-11-01,589179428,20190000000000000003,900200000000000047,1,199.890,316.607,63281.429,2021-11-01 00:30:00.000,L2FT01-FTJ011,13.07,0.000,0.666012,16605,0.435592,0.055345,0,0,1,0.6600,南山区,21,21,0,0,0,0,1
2021-11-01,589179428,20190000000000000003,900200000000000039,1,91.632,323.282,29408.182,2021-11-01 00:30:00.000,L2FT01-FTJ011,13.07,0.000,0.666012,16605,0.435592,0.055345,0,0,1,0.6600,南山区,21,21,0,0,0,0,1
2021-11-01,589179428,20190000000000000003,900200000000000043,1,118.661,362.360,42976.000,2021-11-01 01:45:00.000,L2FT01-FTJ011,13.85,0.000,0.666012,16605,0.435592,0.055345,0,0,1,0.6600,南山区,21,21,0,0,0,0,1
2021-11-01,589179428,20190000000000000003,900200000000000043,1,109.793,377.700,41464.000,2021-11-01 02:00:00.000,L2FT01-FTJ011,14.57,0.000,0.666012,16605,0.435592,0.055345,0,0,1,0.6600,南山区,21,21,0,0,0,0,1
2021-11-01,589179428,20190000000000000003,900200000000000043,1,60.327,390.927,23568.000,2021-11-01 02:15:00.000,L2FT01-FTJ011,14.57,0.000,0.666012,16605,0.435592,0.055345,0,0,1,0.6600,南山区,21,21,0,0,0,0,1
2021-11-01,589179428,20190000000000000003,900200000000000043,1,42.610,398.760,16990.667,2021-11-01 02:30:00.000,L2FT01-FTJ011,14.57,0.000,0.666012,16605,0.435592,0.055345,0,0,1,0.6600,南山区,21,21,0,0,0,0,1
2021-11-01,589179428,20190000000000000003,900200000000000043,1,41.821,405.414,16954.286,2021-11-01 02:45:00.000,L2FT01-FTJ011,14.57,0.000,0.666012,16605,0.435592,0.055345,0,0,1,0.6600,南山区,21,21,0,0,0,0,1
2021-11-01,589179428,20190000000000000003,900200000000000053,1,90.258,395.200,35670.000,2021-11-01 04:00:00.000,L2FT01-FTJ011,15.67,0.000,0.666012,16605,0.435592,0.055345,0,0,1,0.6600,南山区,21,21,0,0,0,0,1
2021-11-01,589179428,20190000000000000003,900200000000000053,1,66.723,402.913,26883.333,2021-11-01 04:15:00.000,L2FT01-FTJ011,15.67,0.000,0.666012,16605,0.435592,0.055345,0,0,1,0.6600,南山区,21,21,0,0,0,0,1
2021-11-01,589179428,20190000000000000003,900200000000000053,1,31.219,409.913,12828.667,2021-11-01 04:30:00.000,L2FT01-FTJ011,15.67,0.000,0.666012,16605,0.435592,0.055345,0,0,1,0.6600,南山区,21,21,0,0,0,0,1
2021-11-01,589179428,20190000000000000003,900200000000000053,1,13.390,410.200,5491.000,2021-11-01 04:45:00.000,L2FT01-FTJ011,15.67,0.000,0.666012,16605,0.435592,0.055345,0,0,1,0.6600,南山区,21,21,0,0,0,0,1
2021-11-01,589179428,20190000000000000003,900200000000000044,1,104.549,345.818,36440.909,2021-11-01 05:15:00.000,L2FT01-FTJ011,15.97,0.000,0.666012,16605,0.435592,0.055345,0,0,1,0.6600,南山区,21,21,0,0,0,0,1
2021-11-01,589179428,20190000000000000003,900200000000000044,1,135.231,362.793,49034.667,2021-11-01 05:30:00.000,L2FT01-FTJ011,15.97,0.000,0.666012,16605,0.435592,0.055345,0,0,1,0.6600,南山区,21,21,0,0,0,0,1
2021-11-01,589179428,20190000000000000003,900200000000000044,1,95.437,379.140,36149.333,2021-11-01 05:45:00.000,L2FT01-FTJ011,15.97,0.000,0.666012,16605,0.435592,0.055345,0,0,1,0.6600,南山区,21,21,0,0,0,0,1
2021-11-01,589179428,20190000000000000003,900200000000000044,1,38.728,386.140,14948.000,2021-11-01 06:00:00.000,L2FT01-FTJ011,16.07,0.000,0.666012,16605,0.435592,0.055345,0,0,1,0.6600,南山区,21,21,0,0,0,0,1
2021-11-01,589179428,20190000000000000003,900200000000000044,1,25.956,389.373,10103.333,2021-11-01 06:15:00.000,L2FT01-FTJ011,16.07,0.000,0.666012,16605,0.435592,0.055345,0,0,1,0.6600,南山区,21,21,0,0,0,0,1
2021-11-01,589179428,20190000000000000003,900200000000000044,1,25.934,392.060,10164.000,2021-11-01 06:30:00.000,L2FT01-FTJ011,16.07,0.000,0.666012,16605,0.435592,0.055345,0,0,1,0.6600,南山区,21,21,0,0,0,0,1
2021-11-01,589179428,20190000000000000003,900200000000000056,1,99.162,392.307,38831.333,2021-11-01 11:15:00.000,L2FT01-FTJ011,13.85,0.000,0.666012,16605,0.435592,0.055345,0,0,1,0.6600,南山区,21,21,0,0,0,0,1
2021-11-01,589179428,20190000000000000003,900200000000000056,1,51.550,402.467,20740.667,2021-11-01 11:30:00.000,L2FT01-FTJ011,13.85,0.000,0.666012,16605,0.435592,0.055345,0,0,1,0.6600,南山区,21,21,0,0,0,0,1
2021-11-01,589179428,20190000000000000003,900200000000000034,1,121.590,378.300,46000.000,2021-11-01 11:30:00.000,L2FT01-FTJ011,13.85,0.000,0.666012,16605,0.435592,0.055345,0,0,1,0.6600,南山区,21,21,0,0,0,0,1
2021-11-01,589179428,20190000000000000003,900200000000000037,1,143.492,314.340,45102.000,2021-11-01 11:30:00.000,L2FT01-FTJ011,13.85,0.000,0.666012,16605,0.435592,0.055345,0,0,1,0.6600,南山区,21,21,0,0,0,0,1
2021-11-01,589179428,20190000000000000003,900200000000000034,1,83.137,385.760,32022.000,2021-11-01 11:45:00.000,L2FT01-FTJ011,13.85,0.000,0.666012,16605,0.435592,0.055345,0,0,1,0.6600,南山区,21,21,0,0,0,0,1
2021-11-01,589179428,20190000000000000003,900200000000000037,1,143.306,314.893,45121.333,2021-11-01 11:45:00.000,L2FT01-FTJ011,13.85,0.000,0.666012,16605,0.435592,0.055345,0,0,1,0.6600,南山区,21,21,0,0,0,0,1
2021-11-01,589179428,20190000000000000003,900200000000000056,1,49.790,409.700,20396.667,2021-11-01 11:45:00.000,L2FT01-FTJ011,13.85,0.000,0.666012,16605,0.435592,0.055345,0,0,1,0.6600,南山区,21,21,0,0,0,0,1
2021-11-01,589179428,20190000000000000003,900200000000000034,1,47.045,392.370,18456.000,2021-11-01 12:00:00.000,L2FT01-FTJ011,13.07,0.000,0.666012,16605,0.435592,0.055345,0,0,1,0.6600,南山区,21,21,0,0,0,0,1
2021-11-01,589179428,20190000000000000003,900200000000000037,1,121.841,320.379,38827.143,2021-11-01 12:00:00.000,L2FT01-FTJ011,13.07,0.000,0.666012,16605,0.435592,0.055345,0,0,1,0.6600,南山区,21,21,0,0,0,0,1
2021-11-01,589179428,20190000000000000003,900200000000000053,1,16.545,343.550,5685.000,2021-11-01 12:30:00.000,L2FT01-FTJ011,13.07,0.000,0.666012,16605,0.435592,0.055345,0,0,1,0.6600,南山区,21,21,0,0,0,0,1
2021-11-01,589179428,20190000000000000003,900200000000000034,1,73.790,359.075,26495.000,2021-11-01 12:45:00.000,L2FT01-FTJ011,13.07,0.000,0.666012,16605,0.435592,0.055345,0,0,1,0.6600,南山区,21,21,0,0,0,0,1
2021-11-01,589179428,20190000000000000003,900200000000000053,1,100.252,356.387,35970.667,2021-11-01 12:45:00.000,L2FT01-FTJ011,13.07,0.000,0.666012,16605,0.435592,0.055345,0,0,1,0.6600,南山区,21,21,0,0,0,0,1
2021-11-01,589179428,20190000000000000003,900200000000000034,1,73.790,367.640,27126.667,2021-11-01 13:00:00.000,L2FT01-FTJ011,12.30,0.000,0.666012,16605,0.435592,0.055345,0,0,1,0.6600,南山区,21,21,0,0,0,0,1
2021-11-01,589179428,20190000000000000003,900200000000000053,1,96.299,370.220,35626.667,2021-11-01 13:00:00.000,L2FT01-FTJ011,12.30,0.000,0.666012,16605,0.435592,0.055345,0,0,1,0.6600,南山区,21,21,0,0,0,0,1
2021-11-01,589179428,20190000000000000003,900200000000000034,1,73.790,377.647,27864.667,2021-11-01 13:15:00.000,L2FT01-FTJ011,12.30,0.000,0.666012,16605,0.435592,0.055345,0,0,1,0.6600,南山区,21,21,0,0,0,0,1
2021-11-01,589179428,20190000000000000003,900200000000000053,1,57.417,377.833,21683.333,2021-11-01 13:15:00.000,L2FT01-FTJ011,12.30,0.000,0.666012,16605,0.435592,0.055345,0,0,1,0.6600,南山区,21,21,0,0,0,0,1
2021-11-01,589179428,20190000000000000003,900200000000000053,1,33.590,379.100,12733.333,2021-11-01 13:30:00.000,L2FT01-FTJ011,12.30,0.000,0.666012,16605,0.435592,0.055345,0,0,1,0.6600,南山区,21,21,0,0,0,0,1
2021-11-01,589179428,20190000000000000003,900200000000000034,1,48.770,385.180,18777.333,2021-11-01 13:30:00.000,L2FT01-FTJ011,12.30,0.000,0.666012,16605,0.435592,0.055345,0,0,1,0.6600,南山区,21,21,0,0,0,0,1
2021-11-01,589179428,20190000000000000003,900200000000000042,1,67.824,338.300,22942.222,2021-11-01 13:45:00.000,L2FT01-FTJ011,12.30,0.000,0.666012,16605,0.435592,0.055345,0,0,1,0.6600,南山区,21,21,0,0,0,0,1
2021-11-01,589179428,20190000000000000003,900200000000000034,1,24.290,385.667,9366.667,2021-11-01 13:45:00.000,L2FT01-FTJ011,12.30,0.000,0.666012,16605,0.435592,0.055345,0,0,1,0.6600,南山区,21,21,0,0,0,0,1
2021-11-01,589179428,20190000000000000003,900200000000000042,1,67.790,349.760,23709.333,2021-11-01 14:00:00.000,L2FT01-FTJ011,11.57,0.000,0.666012,16605,0.435592,0.055345,0,0,1,0.6600,南山区,21,21,0,0,0,0,1
2021-11-01,589179428,20190000000000000003,900200000000000042,1,54.197,360.407,19522.000,2021-11-01 14:15:00.000,L2FT01-FTJ011,11.57,0.000,0.666012,16605,0.435592,0.055345,0,0,1,0.6600,南山区,21,21,0,0,0,0,1
2021-11-01,589179428,20190000000000000003,900200000000000042,1,25.764,364.193,9382.667,2021-11-01 14:30:00.000,L2FT01-FTJ011,11.57,0.000,0.666012,16605,0.435592,0.055345,0,0,1,0.6600,南山区,21,21,0,0,0,0,1
2021-11-01,589179428,20190000000000000003,900200000000000053,1,89.993,353.467,32096.667,2021-11-01 14:30:00.000,L2FT01-FTJ011,11.57,0.000,0.666012,16605,0.435592,0.055345,0,0,1,0.6600,南山区,21,21,0,0,0,0,1
2021-11-01,589179428,20190000000000000003,900200000000000042,1,13.590,364.500,4950.000,2021-11-01 14:45:00.000,L2FT01-FTJ011,11.57,0.000,0.666012,16605,0.435592,0.055345,0,0,1,0.6600,南山区,21,21,0,0,0,0,1
2021-11-01,589179428,20190000000000000003,900200000000000053,1,150.000,360.800,54120.000,2021-11-01 14:45:00.000,L2FT01-FTJ011,11.57,0.000,0.666012,16605,0.435592,0.055345,0,0,1,0.6600,南山区,21,21,0,0,0,0,1
2021-11-01,589179428,20190000000000000003,900200000000000050,1,118.120,312.989,37106.667,2021-11-01 17:00:00.000,L2FT01-FTJ011,10.17,0.000,0.666012,16605,0.435592,0.055345,0,0,1,0.6600,南山区,21,21,0,0,0,0,1
2021-11-01,589179428,20190000000000000003,900200000000000057,1,45.337,392.547,17776.000,2021-11-01 17:00:00.000,L2FT01-FTJ011,10.17,0.000,0.666012,16605,0.435592,0.055345,0,0,1,0.6600,南山区,21,21,0,0,0,0,1
2021-11-01,589179428,20190000000000000003,900200000000000050,1,175.043,315.480,55217.333,2021-11-01 17:15:00.000,L2FT01-FTJ011,10.17,0.000,0.666012,16605,0.435592,0.055345,0,0,1,0.6600,南山区,21,21,0,0,0,0,1
2021-11-01,589179428,20190000000000000003,900200000000000057,1,19.223,398.192,7653.333,2021-11-01 17:15:00.000,L2FT01-FTJ011,10.17,0.000,0.666012,16605,0.435592,0.055345,0,0,1,0.6600,南山区,21,21,0,0,0,0,1
2021-11-01,589179428,20190000000000000003,900200000000000037,1,149.801,312.367,46792.222,2021-11-01 17:30:00.000,L2FT01-FTJ011,10.17,0.000,0.666012,16605,0.435592,0.055345,0,0,1,0.6600,南山区,21,21,0,0,0,0,1
2021-11-01,589179428,20190000000000000003,900200000000000050,1,171.610,316.938,54386.250,2021-11-01 17:30:00.000,L2FT01-FTJ011,10.17,0.000,0.666012,16605,0.435592,0.055345,0,0,1,0.6600,南山区,21,21,0,0,0,0,1
2021-11-01,589179428,20190000000000000003,900200000000000037,1,149.890,315.460,47281.333,2021-11-01 17:45:00.000,L2FT01-FTJ011,10.17,0.000,0.666012,16605,0.435592,0.055345,0,0,1,0.6600,南山区,21,21,0,0,0,0,1
2021-11-01,589179428,20190000000000000003,900200000000000050,1,130.072,314.411,40892.222,2021-11-01 17:45:00.000,L2FT01-FTJ011,10.17,0.000,0.666012,16605,0.435592,0.055345,0,0,1,0.6600,南山区,21,21,0,0,0,0,1
2021-11-01,589179428,20190000000000000003,900200000000000037,1,149.890,321.367,48166.667,2021-11-01 18:00:00.000,L2FT01-FTJ011,10.07,0.000,0.666012,16605,0.435592,0.055345,0,0,1,0.6600,南山区,21,21,0,0,0,0,1
2021-11-01,589179428,20190000000000000003,900200000000000050,1,104.486,320.900,33361.538,2021-11-01 18:00:00.000,L2FT01-FTJ011,10.07,0.000,0.666012,16605,0.435592,0.055345,0,0,1,0.6600,南山区,21,21,0,0,0,0,1
2021-11-01,589179428,20190000000000000003,900200000000000057,1,228.130,388.467,88616.667,2021-11-01 18:30:00.000,L2FT01-FTJ011,10.07,0.000,0.666012,16605,0.435592,0.055345,0,0,1,0.6600,南山区,21,21,0,0,0,0,1
2021-11-01,589179428,20190000000000000003,900200000000000057,1,163.613,391.367,64014.667,2021-11-01 18:45:00.000,L2FT01-FTJ011,10.07,0.000,0.666012,16605,0.435592,0.055345,0,0,1,0.6600,南山区,21,21,0,0,0,0,1
2021-11-01,589179428,20190000000000000003,900200000000000039,1,104.518,414.480,43530.000,2021-11-01 19:00:00.000,L2FT01-FTJ011,10.17,0.000,0.666012,16605,0.435592,0.055345,0,0,1,0.6600,南山区,21,21,0,0,0,0,1
2021-11-01,589179428,20190000000000000003,900200000000000057,1,97.626,399.193,38941.333,2021-11-01 19:00:00.000,L2FT01-FTJ011,10.17,0.000,0.666012,16605,0.435592,0.055345,0,0,1,0.6600,南山区,21,21,0,0,0,0,1
2021-11-01,589179428,20190000000000000003,900200000000000039,1,122.345,426.373,52157.333,2021-11-01 19:15:00.000,L2FT01-FTJ011,10.17,0.000,0.666012,16605,0.435592,0.055345,0,0,1,0.6600,南山区,21,21,0,0,0,0,1
2021-11-01,589179428,20190000000000000003,900200000000000057,1,62.611,404.973,25355.333,2021-11-01 19:15:00.000,L2FT01-FTJ011,10.17,0.000,0.666012,16605,0.435592,0.055345,0,0,1,0.6600,南山区,21,21,0,0,0,0,1
2021-11-01,589179428,20190000000000000003,900200000000000039,1,121.890,443.488,54057.500,2021-11-01 19:30:00.000,L2FT01-FTJ011,10.17,0.000,0.666012,16605,0.435592,0.055345,0,0,1,0.6600,南山区,21,21,0,0,0,0,1
2021-11-01,589179428,20190000000000000003,900200000000000044,1,92.370,369.660,34104.667,2021-11-01 19:30:00.000,L2FT01-FTJ011,10.17,0.000,0.666012,16605,0.435592,0.055345,0,0,1,0.6600,南山区,21,21,0,0,0,0,1
2021-11-01,589179428,20190000000000000003,900200000000000057,1,62.590,412.593,25824.000,2021-11-01 19:30:00.000,L2FT01-FTJ011,10.17,0.000,0.666012,16605,0.435592,0.055345,0,0,1,0.6600,南山区,21,21,0,0,0,0,1
2021-11-01,589179428,20190000000000000003,900200000000000044,1,71.547,387.367,27677.333,2021-11-01 19:45:00.000,L2FT01-FTJ011,10.17,0.000,0.666012,16605,0.435592,0.055345,0,0,1,0.6600,南山区,21,21,0,0,0,0,1
2021-11-01,589179428,20190000000000000003,900200000000000057,1,62.590,416.800,26090.000,2021-11-01 19:45:00.000,L2FT01-FTJ011,10.17,0.000,0.666012,16605,0.435592,0.055345,0,0,1,0.6600,南山区,21,21,0,0,0,0,1
2021-11-01,589179428,20190000000000000003,900200000000000044,1,47.739,400.773,19105.333,2021-11-01 20:00:00.000,L2FT01-FTJ011,10.47,0.000,0.666012,16605,0.435592,0.055345,0,0,1,0.6600,南山区,21,21,0,0,0,0,1
2021-11-01,589179428,20190000000000000003,900200000000000037,1,131.283,470.500,62537.857,2021-11-01 20:15:00.000,L2FT01-FTJ011,10.47,0.000,0.666012,16605,0.435592,0.055345,0,0,1,0.6600,南山区,21,21,0,0,0,0,1
2021-11-01,589179428,20190000000000000003,900200000000000044,1,18.207,403.400,7343.333,2021-11-01 20:15:00.000,L2FT01-FTJ011,10.47,0.000,0.666012,16605,0.435592,0.055345,0,0,1,0.6600,南山区,21,21,0,0,0,0,1
2021-11-01,589179428,20190000000000000003,900200000000000037,1,149.850,477.733,71587.333,2021-11-01 20:30:00.000,L2FT01-FTJ011,10.47,0.000,0.666012,16605,0.435592,0.055345,0,0,1,0.6600,南山区,21,21,0,0,0,0,1
2021-11-01,589179428,20190000000000000003,900200000000000037,1,149.790,477.867,71576.667,2021-11-01 20:45:00.000,L2FT01-FTJ011,10.47,0.000,0.666012,16605,0.435592,0.055345,0,0,1,0.6600,南山区,21,21,0,0,0,0,1
2021-11-01,589179428,20190000000000000003,900200000000000042,1,117.468,453.500,53962.500,2021-11-01 21:45:00.000,L2FT01-FTJ011,10.95,0.000,0.666012,16605,0.435592,0.055345,0,0,1,0.6600,南山区,21,21,0,0,0,0,1
2021-11-01,589179428,20190000000000000003,900200000000000042,1,149.890,460.633,69043.333,2021-11-01 22:00:00.000,L2FT01-FTJ011,11.57,0.000,0.666012,16605,0.435592,0.055345,0,0,1,0.6600,南山区,21,21,0,0,0,0,1
2021-11-01,589179428,20190000000000000003,900200000000000050,1,119.340,354.220,42270.000,2021-11-01 22:15:00.000,L2FT01-FTJ011,11.57,0.000,0.666012,16605,0.435592,0.055345,0,0,1,0.6600,南山区,21,21,0,0,0,0,1
2021-11-01,589179428,20190000000000000003,900200000000000050,1,117.465,356.873,41913.333,2021-11-01 22:30:00.000,L2FT01-FTJ011,11.57,0.000,0.666012,16605,0.435592,0.055345,0,0,1,0.6600,南山区,21,21,0,0,0,0,1
2021-11-01,589179428,20190000000000000003,900200000000000050,1,58.307,359.043,20961.429,2021-11-01 22:45:00.000,L2FT01-FTJ011,11.57,0.000,0.666012,16605,0.435592,0.055345,0,0,1,0.6600,南山区,21,21,0,0,0,0,1
2021-11-01,589179428,20190000000000000003,900200000000000031,1,98.471,465.200,46262.308,2021-11-01 23:00:00.000,L2FT01-FTJ011,12.30,0.000,0.666012,16605,0.435592,0.055345,0,0,1,0.6600,南山区,21,21,0,0,0,0,1
2021-11-01,589179428,20190000000000000003,900200000000000031,1,112.690,470.947,53074.667,2021-11-01 23:15:00.000,L2FT01-FTJ011,12.30,0.000,0.666012,16605,0.435592,0.055345,0,0,1,0.6600,南山区,21,21,0,0,0,0,1
2021-11-01,589179428,20190000000000000003,900200000000000031,1,97.867,470.827,46077.333,2021-11-01 23:30:00.000,L2FT01-FTJ011,12.30,0.000,0.666012,16605,0.435592,0.055345,0,0,1,0.6600,南山区,21,21,0,0,0,0,1
2021-11-01,589179428,20190000000000000003,900200000000000031,1,95.500,470.800,44960.000,2021-11-01 23:45:00.000,L2FT01-FTJ011,12.30,0.000,0.666012,16605,0.435592,0.055345,0,0,1,0.6600,南山区,21,21,0,0,0,0,1
2021-11-02,589179428,20190000000000000003,900200000000000031,1,85.689,470.753,40338.667,2021-11-02 00:00:00.000,L2FT01-FTJ011,13.07,0.000,0.666012,16605,0.435592,0.055345,0,0,1,0.6600,南山区,21,21,0,0,0,0,1
2021-11-02,589179428,20190000000000000003,900200000000000031,1,31.601,470.355,14863.636,2021-11-02 00:15:00.000,L2FT01-FTJ011,13.07,0.000,0.666012,16605,0.435592,0.055345,0,0,1,0.6600,南山区,21,21,0,0,0,0,1
2021-11-02,589179428,20190000000000000003,900200000000000043,1,109.549,368.200,40331.250,2021-11-02 00:30:00.000,L2FT01-FTJ011,13.07,0.000,0.666012,16605,0.435592,0.055345,0,0,1,0.6600,南山区,21,21,0,0,0,0,1
2021-11-02,589179428,20190000000000000003,900200000000000035,1,129.900,301.650,39180.000,2021-11-02 00:30:00.000,L2FT01-FTJ011,13.07,0.000,0.666012,16605,0.435592,0.055345,0,0,1,0.6600,南山区,21,21,0,0,0,0,1
2021-11-02,589179428,20190000000000000003,900200000000000035,1,130.012,305.120,39664.667,2021-11-02 00:45:00.000,L2FT01-FTJ011,13.07,0.000,0.666012,16605,0.435592,0.055345,0,0,1,0.6600,南山区,21,21,0,0,0,0,1
2021-11-02,589179428,20190000000000000003,900200000000000043,1,105.033,384.507,40361.333,2021-11-02 00:45:00.000,L2FT01-FTJ011,13.07,0.000,0.666012,16605,0.435592,0.055345,0,0,1,0.6600,南山区,21,21,0,0,0,0,1
2021-11-02,589179428,20190000000000000003,900200000000000035,1,130.025,310.127,40322.000,2021-11-02 01:00:00.000,L2FT01-FTJ011,13.85,0.000,0.666012,16605,0.435592,0.055345,0,0,1,0.6600,南山区,21,21,0,0,0,0,1
2021-11-02,589179428,20190000000000000003,900200000000000043,1,40.497,393.133,15922.667,2021-11-02 01:00:00.000,L2FT01-FTJ011,13.85,0.000,0.666012,16605,0.435592,0.055345,0,0,1,0.6600,南山区,21,21,0,0,0,0,1
2021-11-02,589179428,20190000000000000003,900200000000000035,1,129.812,311.380,40416.667,2021-11-02 01:15:00.000,L2FT01-FTJ011,13.85,0.000,0.666012,16605,0.435592,0.055345,0,0,1,0.6600,南山区,21,21,0,0,0,0,1
2021-11-02,589179428,20190000000000000003,900200000000000043,1,42.478,402.200,17080.667,2021-11-02 01:15:00.000,L2FT01-FTJ011,13.85,0.000,0.666012,16605,0.435592,0.055345,0,0,1,0.6600,南山区,21,21,0,0,0,0,1
2021-11-02,589179428,20190000000000000003,900200000000000052,1,149.840,311.610,46689.000,2021-11-02 01:15:00.000,L2FT01-FTJ011,13.85,0.000,0.666012,16605,0.435592,0.055345,0,0,1,0.6600,南山区,21,21,0,0,0,0,1
2021-11-02,589179428,20190000000000000003,900200000000000056,1,101.226,321.545,32428.182,2021-11-02 01:30:00.000,L2FT01-FTJ011,13.85,0.000,0.666012,16605,0.435592,0.055345,0,0,1,0.6600,南山区,21,21,0,0,0,0,1
2021-11-02,589179428,20190000000000000003,900200000000000052,1,149.863,314.040,47060.667,2021-11-02 01:30:00.000,L2FT01-FTJ011,13.85,0.000,0.666012,16605,0.435592,0.055345,0,0,1,0.6600,南山区,21,21,0,0,0,0,1
2021-11-02,589179428,20190000000000000003,900200000000000043,1,42.390,407.550,17275.000,2021-11-02 01:30:00.000,L2FT01-FTJ011,13.85,0.000,0.666012,16605,0.435592,0.055345,0,0,1,0.6600,南山区,21,21,0,0,0,0,1
2021-11-02,589179428,20190000000000000003,900200000000000035,1,129.800,312.567,40566.667,2021-11-02 01:30:00.000,L2FT01-FTJ011,13.85,0.000,0.666012,16605,0.435592,0.055345,0,0,1,0.6600,南山区,21,21,0,0,0,0,1
2021-11-02,589179428,20190000000000000003,900200000000000035,1,129.800,314.280,40788.667,2021-11-02 01:45:00.000,L2FT01-FTJ011,13.85,0.000,0.666012,16605,0.435592,0.055345,0,0,1,0.6600,南山区,21,21,0,0,0,0,1
2021-11-02,589179428,20190000000000000003,900200000000000052,1,149.890,315.827,47336.000,2021-11-02 01:45:00.000,L2FT01-FTJ011,13.85,0.000,0.666012,16605,0.435592,0.055345,0,0,1,0.6600,南山区,21,21,0,0,0,0,1
2021-11-02,589179428,20190000000000000003,900200000000000035,1,129.800,315.527,40950.000,2021-11-02 02:00:00.000,L2FT01-FTJ011,14.57,0.000,0.666012,16605,0.435592,0.055345,0,0,1,0.6600,南山区,21,21,0,0,0,0,1
2021-11-02,589179428,20190000000000000003,900200000000000052,1,99.840,325.050,32287.500,2021-11-02 02:00:00.000,L2FT01-FTJ011,14.57,0.000,0.666012,16605,0.435592,0.055345,0,0,1,0.6600,南山区,21,21,0,0,0,0,1
2021-11-02,589179428,20190000000000000003,900200000000000035,1,89.116,323.379,28620.714,2021-11-02 02:15:00.000,L2FT01-FTJ011,14.57,0.000,0.666012,16605,0.435592,0.055345,0,0,1,0.6600,南山区,21,21,0,0,0,0,1
2021-11-02,589179428,20190000000000000003,900200000000000049,1,53.398,332.915,17819.231,2021-11-02 07:15:00.000,L2FT01-FTJ011,15.97,0.000,0.666012,16605,0.435592,0.055345,0,0,1,0.6600,南山区,21,21,0,0,0,0,1
2021-11-02,589179428,20190000000000000003,900200000000000049,1,57.290,344.687,19744.667,2021-11-02 07:30:00.000,L2FT01-FTJ011,15.97,0.000,0.666012,16605,0.435592,0.055345,0,0,1,0.6600,南山区,21,21,0,0,0,0,1
2021-11-02,589179428,20190000000000000003,900200000000000049,1,56.343,356.053,20056.000,2021-11-02 07:45:00.000,L2FT01-FTJ011,15.97,0.000,0.666012,16605,0.435592,0.055345,0,0,1,0.6600,南山区,21,21,0,0,0,0,1
2021-11-02,589179428,20190000000000000003,900200000000000049,1,26.697,361.253,9640.667,2021-11-02 08:00:00.000,L2FT01-FTJ011,15.67,0.000,0.666012,16605,0.435592,0.055345,0,0,1,0.6600,南山区,21,21,0,0,0,0,1
2021-11-02,589179428,20190000000000000003,900200000000000049,1,20.043,363.375,7282.500,2021-11-02 08:15:00.000,L2FT01-FTJ011,15.67,0.000,0.666012,16605,0.435592,0.055345,0,0,1,0.6600,南山区,21,21,0,0,0,0,1
2021-11-02,589179428,20190000000000000003,900200000000000048,1,117.005,348.715,40996.154,2021-11-02 09:45:00.000,L2FT01-FTJ011,15.19,0.000,0.666012,16605,0.435592,0.055345,0,0,1,0.6600,南山区,21,21,0,0,0,0,1
2021-11-02,589179428,20190000000000000003,900200000000000048,1,126.605,366.740,46390.000,2021-11-02 10:00:00.000,L2FT01-FTJ011,14.57,0.000,0.666012,16605,0.435592,0.055345,0,0,1,0.6600,南山区,21,21,0,0,0,0,1
2021-11-02,589179428,20190000000000000003,900200000000000048,1,78.661,380.620,29915.333,2021-11-02 10:15:00.000,L2FT01-FTJ011,14.57,0.000,0.666012,16605,0.435592,0.055345,0,0,1,0.6600,南山区,21,21,0,0,0,0,1
2021-11-02,589179428,20190000000000000003,900200000000000052,1,119.829,353.580,42364.000,2021-11-02 10:15:00.000,L2FT01-FTJ011,14.57,0.000,0.666012,16605,0.435592,0.055345,0,0,1,0.6600,南山区,21,21,0,0,0,0,1
2021-11-02,589179428,20190000000000000003,900200000000000052,1,119.818,356.267,42681.333,2021-11-02 10:30:00.000,L2FT01-FTJ011,14.57,0.000,0.666012,16605,0.435592,0.055345,0,0,1,0.6600,南山区,21,21,0,0,0,0,1
2021-11-02,589179428,20190000000000000003,900200000000000048,1,29.639,385.667,11429.333,2021-11-02 10:30:00.000,L2FT01-FTJ011,14.57,0.000,0.666012,16605,0.435592,0.055345,0,0,1,0.6600,南山区,21,21,0,0,0,0,1
2021-11-02,589179428,20190000000000000003,900200000000000030,1,49.390,327.400,16170.000,2021-11-02 10:45:00.000,L2FT01-FTJ011,14.57,0.000,0.666012,16605,0.435592,0.055345,0,0,1,0.6600,南山区,21,21,0,0,0,0,1
2021-11-02,589179428,20190000000000000003,900200000000000032,1,149.823,314.967,47186.667,2021-11-02 10:45:00.000,L2FT01-FTJ011,14.57,0.000,0.666012,16605,0.435592,0.055345,0,0,1,0.6600,南山区,21,21,0,0,0,0,1
2021-11-02,589179428,20190000000000000003,900200000000000048,1,25.421,388.086,9864.286,2021-11-02 10:45:00.000,L2FT01-FTJ011,14.57,0.000,0.666012,16605,0.435592,0.055345,0,0,1,0.6600,南山区,21,21,0,0,0,0,1
2021-11-02,589179428,20190000000000000003,900200000000000052,1,75.833,359.158,27195.000,2021-11-02 10:45:00.000,L2FT01-FTJ011,14.57,0.000,0.666012,16605,0.435592,0.055345,0,0,1,0.6600,南山区,21,21,0,0,0,0,1
2021-11-02,589179428,20190000000000000003,900200000000000032,1,139.177,316.087,43998.667,2021-11-02 11:00:00.000,L2FT01-FTJ011,13.85,0.000,0.666012,16605,0.435592,0.055345,0,0,1,0.6600,南山区,21,21,0,0,0,0,1
2021-11-02,589179428,20190000000000000003,900200000000000032,1,69.890,315.500,22050.000,2021-11-02 11:15:00.000,L2FT01-FTJ011,13.85,0.000,0.666012,16605,0.435592,0.055345,0,0,1,0.6600,南山区,21,21,0,0,0,0,1
2021-11-02,589179428,20190000000000000003,900200000000000057,1,138.579,366.378,51012.222,2021-11-02 12:45:00.000,L2FT01-FTJ011,13.07,0.000,0.666012,16605,0.435592,0.055345,0,0,1,0.6600,南山区,21,21,0,0,0,0,1
2021-11-02,589179428,20190000000000000003,900200000000000048,1,97.485,342.260,33467.000,2021-11-02 13:00:00.000,L2FT01-FTJ011,12.30,0.000,0.666012,16605,0.435592,0.055345,0,0,1,0.6600,南山区,21,21,0,0,0,0,1
2021-11-02,589179428,20190000000000000003,900200000000000057,1,136.087,376.947,51250.667,2021-11-02 13:00:00.000,L2FT01-FTJ011,12.30,0.000,0.666012,16605,0.435592,0.055345,0,0,1,0.6600,南山区,21,21,0,0,0,0,1
2021-11-02,589179428,20190000000000000003,900200000000000048,1,90.300,358.360,32288.000,2021-11-02 13:15:00.000,L2FT01-FTJ011,12.30,0.000,0.666012,16605,0.435592,0.055345,0,0,1,0.6600,南山区,21,21,0,0,0,0,1
2021-11-02,589179428,20190000000000000003,900200000000000057,1,104.757,392.800,41089.333,2021-11-02 13:15:00.000,L2FT01-FTJ011,12.30,0.000,0.666012,16605,0.435592,0.055345,0,0,1,0.6600,南山区,21,21,0,0,0,0,1
2021-11-02,589179428,20190000000000000003,900200000000000048,1,41.374,367.393,15196.667,2021-11-02 13:30:00.000,L2FT01-FTJ011,12.30,0.000,0.666012,16605,0.435592,0.055345,0,0,1,0.6600,南山区,21,21,0,0,0,0,1
2021-11-02,589179428,20190000000000000003,900200000000000057,1,69.000,405.153,27951.333,2021-11-02 13:30:00.000,L2FT01-FTJ011,12.30,0.000,0.666012,16605,0.435592,0.055345,0,0,1,0.6600,南山区,21,21,0,0,0,0,1
2021-11-02,589179428,20190000000000000003,900200000000000050,1,160.167,367.357,58840.000,2021-11-02 13:45:00.000,L2FT01-FTJ011,12.30,0.000,0.666012,16605,0.435592,0.055345,0,0,1,0.6600,南山区,21,21,0,0,0,0,1
2021-11-02,589179428,20190000000000000003,900200000000000057,1,28.479,412.247,11761.333,2021-11-02 13:45:00.000,L2FT01-FTJ011,12.30,0.000,0.666012,16605,0.435592,0.055345,0,0,1,0.6600,南山区,21,21,0,0,0,0,1
2021-11-02,589179428,20190000000000000003,900200000000000045,1,66.790,339.750,22805.000,2021-11-02 13:45:00.000,L2FT01-FTJ011,12.30,0.000,0.666012,16605,0.435592,0.055345,0,0,1,0.6600,南山区,21,21,0,0,0,0,1
2021-11-02,589179428,20190000000000000003,900200000000000048,1,17.013,372.115,6332.308,2021-11-02 13:45:00.000,L2FT01-FTJ011,12.30,0.000,0.666012,16605,0.435592,0.055345,0,0,1,0.6600,南山区,21,21,0,0,0,0,1
2021-11-02,589179428,20190000000000000003,900200000000000045,1,89.357,344.620,30798.000,2021-11-02 14:00:00.000,L2FT01-FTJ011,11.57,0.000,0.666012,16605,0.435592,0.055345,0,0,1,0.6600,南山区,21,21,0,0,0,0,1
2021-11-02,589179428,20190000000000000003,900200000000000050,1,91.282,373.220,34322.667,2021-11-02 14:00:00.000,L2FT01-FTJ011,11.57,0.000,0.666012,16605,0.435592,0.055345,0,0,1,0.6600,南山区,21,21,0,0,0,0,1
2021-11-02,589179428,20190000000000000003,900200000000000057,1,13.690,413.253,5656.000,2021-11-02 14:00:00.000,L2FT01-FTJ011,11.57,0.000,0.666012,16605,0.435592,0.055345,0,0,1,0.6600,南山区,21,21,0,0,0,0,1
2021-11-02,589179428,20190000000000000003,900200000000000045,1,66.390,343.900,22830.000,2021-11-02 14:15:00.000,L2FT01-FTJ011,11.57,0.000,0.666012,16605,0.435592,0.055345,0,0,1,0.6600,南山区,21,21,0,0,0,0,1
2021-11-02,589179428,20190000000000000003,900200000000000050,1,125.851,387.429,48755.714,2021-11-02 14:15:00.000,L2FT01-FTJ011,11.57,0.000,0.666012,16605,0.435592,0.055345,0,0,1,0.6600,南山区,21,21,0,0,0,0,1
2021-11-02,589179428,20190000000000000003,900200000000000057,1,13.690,415.443,5687.143,2021-11-02 14:15:00.000,L2FT01-FTJ011,11.57,0.000,0.666012,16605,0.435592,0.055345,0,0,1,0.6600,南山区,21,21,0,0,0,0,1
2021-11-02,589179428,20190000000000000003,900200000000000031,1,166.784,310.400,51967.143,2021-11-02 15:15:00.000,L2FT01-FTJ011,10.95,0.000,0.666012,16605,0.435592,0.055345,0,0,1,0.6600,南山区,21,21,0,0,0,0,1
2021-11-02,589179428,20190000000000000003,900200000000000031,1,191.127,313.853,59980.667,2021-11-02 15:30:00.000,L2FT01-FTJ011,10.95,0.000,0.666012,16605,0.435592,0.055345,0,0,1,0.6600,南山区,21,21,0,0,0,0,1
2021-11-02,589179428,20190000000000000003,900200000000000031,1,180.578,315.393,56948.667,2021-11-02 15:45:00.000,L2FT01-FTJ011,10.95,0.000,0.666012,16605,0.435592,0.055345,0,0,1,0.6600,南山区,21,21,0,0,0,0,1
2021-11-02,589179428,20190000000000000003,900200000000000031,1,159.223,318.475,50669.167,2021-11-02 16:00:00.000,L2FT01-FTJ011,10.47,0.000,0.666012,16605,0.435592,0.055345,0,0,1,0.6600,南山区,21,21,0,0,0,0,1
2021-11-02,589179428,20190000000000000003,900200000000000037,1,149.945,311.050,46635.000,2021-11-02 16:00:00.000,L2FT01-FTJ011,10.47,0.000,0.666012,16605,0.435592,0.055345,0,0,1,0.6600,南山区,21,21,0,0,0,0,1
2021-11-02,589179428,20190000000000000003,900200000000000037,1,149.803,312.233,46771.333,2021-11-02 16:15:00.000,L2FT01-FTJ011,10.47,0.000,0.666012,16605,0.435592,0.055345,0,0,1,0.6600,南山区,21,21,0,0,0,0,1
2021-11-02,589179428,20190000000000000003,900200000000000037,1,149.897,314.620,47158.000,2021-11-02 16:30:00.000,L2FT01-FTJ011,10.47,0.000,0.666012,16605,0.435592,0.055345,0,0,1,0.6600,南山区,21,21,0,0,0,0,1
2021-11-02,589179428,20190000000000000003,900200000000000037,1,144.637,316.840,45822.000,2021-11-02 16:45:00.000,L2FT01-FTJ011,10.47,0.000,0.666012,16605,0.435592,0.055345,0,0,1,0.6600,南山区,21,21,0,0,0,0,1
2021-11-02,589179428,20190000000000000003,900200000000000045,1,149.847,364.993,54691.429,2021-11-02 16:45:00.000,L2FT01-FTJ011,10.47,0.000,0.666012,16605,0.435592,0.055345,0,0,1,0.6600,南山区,21,21,0,0,0,0,1
2021-11-02,589179428,20190000000000000003,900200000000000037,1,29.790,315.050,9385.000,2021-11-02 17:00:00.000,L2FT01-FTJ011,10.17,0.000,0.666012,16605,0.435592,0.055345,0,0,1,0.6600,南山区,21,21,0,0,0,0,1
2021-11-02,589179428,20190000000000000003,900200000000000045,1,149.744,387.387,58007.333,2021-11-02 17:00:00.000,L2FT01-FTJ011,10.17,0.000,0.666012,16605,0.435592,0.055345,0,0,1,0.6600,南山区,21,21,0,0,0,0,1
2021-11-02,589179428,20190000000000000003,900200000000000045,1,60.886,401.967,24444.000,2021-11-02 17:15:00.000,L2FT01-FTJ011,10.17,0.000,0.666012,16605,0.435592,0.055345,0,0,1,0.6600,南山区,21,21,0,0,0,0,1
2021-11-02,589179428,20190000000000000003,900200000000000038,1,71.500,306.800,21930.000,2021-11-02 17:30:00.000,L2FT01-FTJ011,10.17,0.000,0.666012,16605,0.435592,0.055345,0,0,1,0.6600,南山区,21,21,0,0,0,0,1
2021-11-02,589179428,20190000000000000003,900200000000000045,1,24.475,404.117,9888.333,2021-11-02 17:30:00.000,L2FT01-FTJ011,10.17,0.000,0.666012,16605,0.435592,0.055345,0,0,1,0.6600,南山区,21,21,0,0,0,0,1
2021-11-02,589179428,20190000000000000003,900200000000000034,1,201.592,313.113,63118.667,2021-11-02 18:30:00.000,L2FT01-FTJ011,10.07,0.000,0.666012,16605,0.435592,0.055345,0,0,1,0.6600,南山区,21,21,0,0,0,0,1
2021-11-02,589179428,20190000000000000003,900200000000000034,1,177.032,314.100,55614.000,2021-11-02 18:45:00.000,L2FT01-FTJ011,10.07,0.000,0.666012,16605,0.435592,0.055345,0,0,1,0.6600,南山区,21,21,0,0,0,0,1
2021-11-03,589179428,20190000000000000003,900200000000000048,1,122.362,350.340,42849.000,2021-11-03 00:15:00.000,L2FT01-FTJ011,13.07,0.000,0.666012,16605,0.435592,0.055345,0,0,1,0.6600,南山区,21,21,0,0,0,0,1
2021-11-03,589179428,20190000000000000003,900200000000000048,1,88.597,361.727,32003.333,2021-11-03 00:30:00.000,L2FT01-FTJ011,13.07,0.000,0.666012,16605,0.435592,0.055345,0,0,1,0.6600,南山区,21,21,0,0,0,0,1
2021-11-03,589179428,20190000000000000003,900200000000000048,1,53.777,369.320,19859.333,2021-11-03 00:45:00.000,L2FT01-FTJ011,13.07,0.000,0.666012,16605,0.435592,0.055345,0,0,1,0.6600,南山区,21,21,0,0,0,0,1
2021-11-03,589179428,20190000000000000003,900200000000000048,1,42.063,375.227,15778.182,2021-11-03 01:00:00.000,L2FT01-FTJ011,13.85,0.000,0.666012,16605,0.435592,0.055345,0,0,1,0.6600,南山区,21,21,0,0,0,0,1
2021-11-03,589179428,20190000000000000003,900200000000000039,1,199.834,313.988,62738.750,2021-11-03 01:45:00.000,L2FT01-FTJ011,13.85,0.000,0.666012,16605,0.435592,0.055345,0,0,1,0.6600,南山区,21,21,0,0,0,0,1
2021-11-03,589179428,20190000000000000003,900200000000000039,1,199.848,315.867,63120.000,2021-11-03 02:00:00.000,L2FT01-FTJ011,14.57,0.000,0.666012,16605,0.435592,0.055345,0,0,1,0.6600,南山区,21,21,0,0,0,0,1
2021-11-03,589179428,20190000000000000003,900200000000000039,1,163.815,316.320,51817.333,2021-11-03 02:15:00.000,L2FT01-FTJ011,14.57,0.000,0.666012,16605,0.435592,0.055345,0,0,1,0.6600,南山区,21,21,0,0,0,0,1
2021-11-03,589179428,20190000000000000003,900200000000000039,1,164.800,317.800,52370.000,2021-11-03 02:30:00.000,L2FT01-FTJ011,14.57,0.000,0.666012,16605,0.435592,0.055345,0,0,1,0.6600,南山区,21,21,0,0,0,0,1
2021-11-03,589179428,20190000000000000003,900200000000000057,1,129.809,314.510,40822.000,2021-11-03 07:00:00.000,L2FT01-FTJ011,15.97,0.000,0.666012,16605,0.435592,0.055345,0,0,1,0.6600,南山区,21,21,0,0,0,0,1
2021-11-03,589179428,20190000000000000003,900200000000000050,1,74.007,375.383,27780.000,2021-11-03 07:15:00.000,L2FT01-FTJ011,15.97,0.000,0.666012,16605,0.435592,0.055345,0,0,1,0.6600,南山区,21,21,0,0,0,0,1
2021-11-03,589179428,20190000000000000003,900200000000000057,1,129.800,314.663,40838.750,2021-11-03 07:15:00.000,L2FT01-FTJ011,15.97,0.000,0.666012,16605,0.435592,0.055345,0,0,1,0.6600,南山区,21,21,0,0,0,0,1
2021-11-03,589179428,20190000000000000003,900200000000000050,1,69.525,389.767,27063.333,2021-11-03 07:30:00.000,L2FT01-FTJ011,15.97,0.000,0.666012,16605,0.435592,0.055345,0,0,1,0.6600,南山区,21,21,0,0,0,0,1
2021-11-03,589179428,20190000000000000003,900200000000000050,1,36.493,399.100,14557.143,2021-11-03 07:45:00.000,L2FT01-FTJ011,15.97,0.000,0.666012,16605,0.435592,0.055345,0,0,1,0.6600,南山区,21,21,0,0,0,0,1
2021-11-03,589179428,20190000000000000003,900200000000000053,1,67.736,367.591,24970.909,2021-11-03 09:00:00.000,L2FT01-FTJ011,15.19,0.000,0.666012,16605,0.435592,0.055345,0,0,1,0.6600,南山区,21,21,0,0,0,0,1
2021-11-03,589179428,20190000000000000003,900200000000000053,1,73.956,377.193,27892.667,2021-11-03 09:15:00.000,L2FT01-FTJ011,15.19,0.000,0.666012,16605,0.435592,0.055345,0,0,1,0.6600,南山区,21,21,0,0,0,0,1
2021-11-03,589179428,20190000000000000003,900200000000000053,1,50.880,384.907,19576.667,2021-11-03 09:30:00.000,L2FT01-FTJ011,15.19,0.000,0.666012,16605,0.435592,0.055345,0,0,1,0.6600,南山区,21,21,0,0,0,0,1
2021-11-03,589179428,20190000000000000003,900200000000000053,1,24.500,385.333,9433.333,2021-11-03 09:45:00.000,L2FT01-FTJ011,15.19,0.000,0.666012,16605,0.435592,0.055345,0,0,1,0.6600,南山区,21,21,0,0,0,0,1
2021-11-03,589179428,20190000000000000003,900200000000000038,1,73.453,454.538,34085.000,2021-11-03 10:00:00.000,L2FT01-FTJ011,14.57,0.000,0.666012,16605,0.435592,0.055345,0,0,1,0.6600,南山区,21,21,0,0,0,0,1
2021-11-03,589179428,20190000000000000003,900200000000000038,1,70.490,467.400,32950.000,2021-11-03 10:15:00.000,L2FT01-FTJ011,14.57,0.000,0.666012,16605,0.435592,0.055345,0,0,1,0.6600,南山区,21,21,0,0,0,0,1
2021-11-03,589179428,20190000000000000003,900200000000000038,1,81.157,327.733,26596.667,2021-11-03 11:15:00.000,L2FT01-FTJ011,13.85,0.000,0.666012,16605,0.435592,0.055345,0,0,1,0.6600,南山区,21,21,0,0,0,0,1
2021-11-03,589179428,20190000000000000003,900200000000000053,1,113.643,454.850,51685.000,2021-11-03 11:30:00.000,L2FT01-FTJ011,13.85,0.000,0.666012,16605,0.435592,0.055345,0,0,1,0.6600,南山区,21,21,0,0,0,0,1
2021-11-03,589179428,20190000000000000003,900200000000000038,1,70.001,334.447,23395.333,2021-11-03 11:30:00.000,L2FT01-FTJ011,13.85,0.000,0.666012,16605,0.435592,0.055345,0,0,1,0.6600,南山区,21,21,0,0,0,0,1
2021-11-03,589179428,20190000000000000003,900200000000000030,1,122.596,415.280,50940.000,2021-11-03 11:30:00.000,L2FT01-FTJ011,13.85,0.000,0.666012,16605,0.435592,0.055345,0,0,1,0.6600,南山区,21,21,0,0,0,0,1
2021-11-03,589179428,20190000000000000003,900200000000000030,1,122.124,424.753,51872.000,2021-11-03 11:45:00.000,L2FT01-FTJ011,13.85,0.000,0.666012,16605,0.435592,0.055345,0,0,1,0.6600,南山区,21,21,0,0,0,0,1
2021-11-03,589179428,20190000000000000003,900200000000000038,1,26.939,336.347,9060.667,2021-11-03 11:45:00.000,L2FT01-FTJ011,13.85,0.000,0.666012,16605,0.435592,0.055345,0,0,1,0.6600,南山区,21,21,0,0,0,0,1
2021-11-03,589179428,20190000000000000003,900200000000000053,1,46.411,459.169,21288.462,2021-11-03 11:45:00.000,L2FT01-FTJ011,13.85,0.000,0.666012,16605,0.435592,0.055345,0,0,1,0.6600,南山区,21,21,0,0,0,0,1
2021-11-03,589179428,20190000000000000003,900200000000000030,1,107.911,444.553,47900.000,2021-11-03 12:00:00.000,L2FT01-FTJ011,13.07,0.000,0.666012,16605,0.435592,0.055345,0,0,1,0.6600,南山区,21,21,0,0,0,0,1
2021-11-03,589179428,20190000000000000003,900200000000000038,1,12.790,336.907,4306.667,2021-11-03 12:00:00.000,L2FT01-FTJ011,13.07,0.000,0.666012,16605,0.435592,0.055345,0,0,1,0.6600,南山区,21,21,0,0,0,0,1
2021-11-03,589179428,20190000000000000003,900200000000000030,1,56.277,458.240,25756.000,2021-11-03 12:15:00.000,L2FT01-FTJ011,13.07,0.000,0.666012,16605,0.435592,0.055345,0,0,1,0.6600,南山区,21,21,0,0,0,0,1
2021-11-03,589179428,20190000000000000003,900200000000000038,1,12.790,338.071,4322.857,2021-11-03 12:15:00.000,L2FT01-FTJ011,13.07,0.000,0.666012,16605,0.435592,0.055345,0,0,1,0.6600,南山区,21,21,0,0,0,0,1
2021-11-03,589179428,20190000000000000003,900200000000000030,1,21.730,461.140,10019.000,2021-11-03 12:30:00.000,L2FT01-FTJ011,13.07,0.000,0.666012,16605,0.435592,0.055345,0,0,1,0.6600,南山区,21,21,0,0,0,0,1
2021-11-03,589179428,20190000000000000003,900200000000000035,1,129.822,313.525,40697.500,2021-11-03 16:45:00.000,L2FT01-FTJ011,10.47,0.000,0.666012,16605,0.435592,0.055345,0,0,1,0.6600,南山区,21,21,0,0,0,0,1
2021-11-03,589179428,20190000000000000003,900200000000000049,1,67.918,341.958,23222.500,2021-11-03 16:45:00.000,L2FT01-FTJ011,10.47,0.000,0.666012,16605,0.435592,0.055345,0,0,1,0.6600,南山区,21,21,0,0,0,0,1
2021-11-03,589179428,20190000000000000003,900200000000000035,1,129.884,314.380,40831.333,2021-11-03 17:00:00.000,L2FT01-FTJ011,10.17,0.000,0.666012,16605,0.435592,0.055345,0,0,1,0.6600,南山区,21,21,0,0,0,0,1
2021-11-03,589179428,20190000000000000003,900200000000000049,1,65.563,353.720,23180.667,2021-11-03 17:00:00.000,L2FT01-FTJ011,10.17,0.000,0.666012,16605,0.435592,0.055345,0,0,1,0.6600,南山区,21,21,0,0,0,0,1
2021-11-03,589179428,20190000000000000003,900200000000000035,1,129.890,316.267,41076.667,2021-11-03 17:15:00.000,L2FT01-FTJ011,10.17,0.000,0.666012,16605,0.435592,0.055345,0,0,1,0.6600,南山区,21,21,0,0,0,0,1
2021-11-03,589179428,20190000000000000003,900200000000000049,1,33.877,359.313,12170.667,2021-11-03 17:15:00.000,L2FT01-FTJ011,10.17,0.000,0.666012,16605,0.435592,0.055345,0,0,1,0.6600,南山区,21,21,0,0,0,0,1
2021-11-03,589179428,20190000000000000003,900200000000000056,1,144.257,310.600,44803.333,2021-11-03 17:15:00.000,L2FT01-FTJ011,10.17,0.000,0.666012,16605,0.435592,0.055345,0,0,1,0.6600,南山区,21,21,0,0,0,0,1
2021-11-03,589179428,20190000000000000003,900200000000000049,1,22.046,363.920,8018.667,2021-11-03 17:30:00.000,L2FT01-FTJ011,10.17,0.000,0.666012,16605,0.435592,0.055345,0,0,1,0.6600,南山区,21,21,0,0,0,0,1
2021-11-03,589179428,20190000000000000003,900200000000000049,1,14.000,364.950,5105.000,2021-11-03 17:45:00.000,L2FT01-FTJ011,10.17,0.000,0.666012,16605,0.435592,0.055345,0,0,1,0.6600,南山区,21,21,0,0,0,0,1
2021-11-03,589179428,20190000000000000003,900200000000000038,1,199.909,316.023,63172.308,2021-11-03 18:30:00.000,L2FT01-FTJ011,10.07,0.000,0.666012,16605,0.435592,0.055345,0,0,1,0.6600,南山区,21,21,0,0,0,0,1
2021-11-03,589179428,20190000000000000003,900200000000000038,1,199.982,318.700,63733.333,2021-11-03 18:45:00.000,L2FT01-FTJ011,10.07,0.000,0.666012,16605,0.435592,0.055345,0,0,1,0.6600,南山区,21,21,0,0,0,0,1
2021-11-03,589179428,20190000000000000003,900200000000000034,1,174.637,312.886,54887.143,2021-11-03 19:00:00.000,L2FT01-FTJ011,10.17,0.000,0.666012,16605,0.435592,0.055345,0,0,1,0.6600,南山区,21,21,0,0,0,0,1
2021-11-03,589179428,20190000000000000003,900200000000000056,1,86.195,362.050,31300.000,2021-11-03 19:00:00.000,L2FT01-FTJ011,10.17,0.000,0.666012,16605,0.435592,0.055345,0,0,1,0.6600,南山区,21,21,0,0,0,0,1
2021-11-03,589179428,20190000000000000003,900200000000000034,1,204.890,315.133,64566.667,2021-11-03 19:15:00.000,L2FT01-FTJ011,10.17,0.000,0.666012,16605,0.435592,0.055345,0,0,1,0.6600,南山区,21,21,0,0,0,0,1
2021-11-03,589179428,20190000000000000003,900200000000000056,1,150.066,369.387,55428.667,2021-11-03 19:15:00.000,L2FT01-FTJ011,10.17,0.000,0.666012,16605,0.435592,0.055345,0,0,1,0.6600,南山区,21,21,0,0,0,0,1
2021-11-03,589179428,20190000000000000003,900200000000000056,1,142.905,371.933,53147.333,2021-11-03 19:30:00.000,L2FT01-FTJ011,10.17,0.000,0.666012,16605,0.435592,0.055345,0,0,1,0.6600,南山区,21,21,0,0,0,0,1
2021-11-03,589179428,20190000000000000003,900200000000000056,1,111.000,371.700,41250.000,2021-11-03 19:45:00.000,L2FT01-FTJ011,10.17,0.000,0.666012,16605,0.435592,0.055345,0,0,1,0.6600,南山区,21,21,0,0,0,0,1
2021-11-03,589179428,20190000000000000003,900200000000000042,1,29.892,448.425,13620.000,2021-11-03 20:00:00.000,L2FT01-FTJ011,10.47,0.000,0.666012,16605,0.435592,0.055345,0,0,1,0.6600,南山区,21,21,0,0,0,0,1
2021-11-03,589179428,20190000000000000003,900200000000000048,1,137.823,391.833,54003.333,2021-11-03 21:30:00.000,L2FT01-FTJ011,10.95,0.000,0.666012,16605,0.435592,0.055345,0,0,1,0.6600,南山区,21,21,0,0,0,0,1
2021-11-03,589179428,20190000000000000003,900200000000000048,1,135.010,405.393,54700.000,2021-11-03 21:45:00.000,L2FT01-FTJ011,10.95,0.000,0.666012,16605,0.435592,0.055345,0,0,1,0.6600,南山区,21,21,0,0,0,0,1
2021-11-03,589179428,20190000000000000003,900200000000000048,1,88.206,420.787,37082.000,2021-11-03 22:00:00.000,L2FT01-FTJ011,11.57,0.000,0.666012,16605,0.435592,0.055345,0,0,1,0.6600,南山区,21,21,0,0,0,0,1
2021-11-03,589179428,20190000000000000003,900200000000000048,1,72.690,428.650,31160.000,2021-11-03 22:15:00.000,L2FT01-FTJ011,11.57,0.000,0.666012,16605,0.435592,0.055345,0,0,1,0.6600,南山区,21,21,0,0,0,0,1
2021-11-03,589179428,20190000000000000003,900200000000000037,1,99.957,369.800,36963.333,2021-11-03 23:30:00.000,L2FT01-FTJ011,12.30,0.000,0.666012,16605,0.435592,0.055345,0,0,1,0.6600,南山区,21,21,0,0,0,0,1
2021-11-03,589179428,20190000000000000003,900200000000000052,1,106.990,491.273,52574.667,2021-11-03 23:30:00.000,L2FT01-FTJ011,12.30,0.000,0.666012,16605,0.435592,0.055345,0,0,1,0.6600,南山区,21,21,0,0,0,0,1
2021-11-03,589179428,20190000000000000003,900200000000000043,1,129.811,309.975,40232.500,2021-11-03 23:45:00.000,L2FT01-FTJ011,12.30,0.000,0.666012,16605,0.435592,0.055345,0,0,1,0.6600,南山区,21,21,0,0,0,0,1
2021-11-03,589179428,20190000000000000003,900200000000000052,1,63.693,496.887,31599.333,2021-11-03 23:45:00.000,L2FT01-FTJ011,12.30,0.000,0.666012,16605,0.435592,0.055345,0,0,1,0.6600,南山区,21,21,0,0,0,0,1
2021-11-03,589179428,20190000000000000003,900200000000000037,1,99.818,379.967,37924.667,2021-11-03 23:45:00.000,L2FT01-FTJ011,12.30,0.000,0.666012,16605,0.435592,0.055345,0,0,1,0.6600,南山区,21,21,0,0,0,0,1
2021-11-04,589179428,20190000000000000003,900200000000000037,1,95.401,394.267,37597.333,2021-11-04 00:00:00.000,L2FT01-FTJ011,13.07,0.000,0.666012,16605,0.435592,0.055345,0,0,1,0.6600,南山区,21,21,0,0,0,0,1
2021-11-04,589179428,20190000000000000003,900200000000000043,1,129.842,310.680,40335.333,2021-11-04 00:00:00.000,L2FT01-FTJ011,13.07,0.000,0.666012,16605,0.435592,0.055345,0,0,1,0.6600,南山区,21,21,0,0,0,0,1
2021-11-04,589179428,20190000000000000003,900200000000000052,1,17.540,505.500,8870.000,2021-11-04 00:00:00.000,L2FT01-FTJ011,13.07,0.000,0.666012,16605,0.435592,0.055345,0,0,1,0.6600,南山区,21,21,0,0,0,0,1
2021-11-04,589179428,20190000000000000003,900200000000000037,1,39.099,398.027,15560.667,2021-11-04 00:15:00.000,L2FT01-FTJ011,13.07,0.000,0.666012,16605,0.435592,0.055345,0,0,1,0.6600,南山区,21,21,0,0,0,0,1
2021-11-04,589179428,20190000000000000003,900200000000000043,1,129.848,313.393,40690.000,2021-11-04 00:15:00.000,L2FT01-FTJ011,13.07,0.000,0.666012,16605,0.435592,0.055345,0,0,1,0.6600,南山区,21,21,0,0,0,0,1
2021-11-04,589179428,20190000000000000003,900200000000000043,1,105.871,315.427,33386.667,2021-11-04 00:30:00.000,L2FT01-FTJ011,13.07,0.000,0.666012,16605,0.435592,0.055345,0,0,1,0.6600,南山区,21,21,0,0,0,0,1
2021-11-04,589179428,20190000000000000003,900200000000000037,1,12.938,398.093,5149.333,2021-11-04 00:30:00.000,L2FT01-FTJ011,13.07,0.000,0.666012,16605,0.435592,0.055345,0,0,1,0.6600,南山区,21,21,0,0,0,0,1
2021-11-04,589179428,20190000000000000003,900200000000000043,1,49.867,324.375,16135.000,2021-11-04 00:45:00.000,L2FT01-FTJ011,13.07,0.000,0.666012,16605,0.435592,0.055345,0,0,1,0.6600,南山区,21,21,0,0,0,0,1
2021-11-04,589179428,20190000000000000003,900200000000000037,1,6.565,398.050,2610.000,2021-11-04 00:45:00.000,L2FT01-FTJ011,13.07,0.000,0.666012,16605,0.435592,0.055345,0,0,1,0.6600,南山区,21,21,0,0,0,0,1
2021-11-04,589179428,20190000000000000003,900200000000000038,1,150.998,362.783,55079.167,2021-11-04 01:15:00.000,L2FT01-FTJ011,13.85,0.000,0.666012,16605,0.435592,0.055345,0,0,1,0.6600,南山区,21,21,0,0,0,0,1
2021-11-04,589179428,20190000000000000003,900200000000000038,1,164.013,377.353,61856.000,2021-11-04 01:30:00.000,L2FT01-FTJ011,13.85,0.000,0.666012,16605,0.435592,0.055345,0,0,1,0.6600,南山区,21,21,0,0,0,0,1
2021-11-04,589179428,20190000000000000003,900200000000000038,1,129.292,393.627,50827.333,2021-11-04 01:45:00.000,L2FT01-FTJ011,13.85,0.000,0.666012,16605,0.435592,0.055345,0,0,1,0.6600,南山区,21,21,0,0,0,0,1
2021-11-04,589179428,20190000000000000003,900200000000000038,1,74.185,402.093,29827.333,2021-11-04 02:00:00.000,L2FT01-FTJ011,14.57,0.000,0.666012,16605,0.435592,0.055345,0,0,1,0.6600,南山区,21,21,0,0,0,0,1
2021-11-04,589179428,20190000000000000003,900200000000000034,1,98.467,465.329,46755.714,2021-11-04 02:15:00.000,L2FT01-FTJ011,14.57,0.000,0.666012,16605,0.435592,0.055345,0,0,1,0.6600,南山区,21,21,0,0,0,0,1
2021-11-04,589179428,20190000000000000003,900200000000000038,1,30.435,405.273,12332.000,2021-11-04 02:15:00.000,L2FT01-FTJ011,14.57,0.000,0.666012,16605,0.435592,0.055345,0,0,1,0.6600,南山区,21,21,0,0,0,0,1
2021-11-04,589179428,20190000000000000003,900200000000000034,1,129.836,477.333,61972.000,2021-11-04 02:30:00.000,L2FT01-FTJ011,14.57,0.000,0.666012,16605,0.435592,0.055345,0,0,1,0.6600,南山区,21,21,0,0,0,0,1
2021-11-04,589179428,20190000000000000003,900200000000000038,1,30.269,408.300,12357.500,2021-11-04 02:30:00.000,L2FT01-FTJ011,14.57,0.000,0.666012,16605,0.435592,0.055345,0,0,1,0.6600,南山区,21,21,0,0,0,0,1
2021-11-04,589179428,20190000000000000003,900200000000000034,1,99.760,476.700,47563.333,2021-11-04 02:45:00.000,L2FT01-FTJ011,14.57,0.000,0.666012,16605,0.435592,0.055345,0,0,1,0.6600,南山区,21,21,0,0,0,0,1
2021-11-04,589179428,20190000000000000003,900200000000000042,1,173.447,311.100,54158.333,2021-11-04 03:15:00.000,L2FT01-FTJ011,15.19,0.000,0.666012,16605,0.435592,0.055345,0,0,1,0.6600,南山区,21,21,0,0,0,0,1
2021-11-04,589179428,20190000000000000003,900200000000000042,1,192.833,312.967,60344.667,2021-11-04 03:30:00.000,L2FT01-FTJ011,15.19,0.000,0.666012,16605,0.435592,0.055345,0,0,1,0.6600,南山区,21,21,0,0,0,0,1
2021-11-04,589179428,20190000000000000003,900200000000000044,1,105.800,311.700,32970.000,2021-11-04 03:30:00.000,L2FT01-FTJ011,15.19,0.000,0.666012,16605,0.435592,0.055345,0,0,1,0.6600,南山区,21,21,0,0,0,0,1
2021-11-04,589179428,20190000000000000003,900200000000000042,1,154.277,313.467,48358.000,2021-11-04 03:45:00.000,L2FT01-FTJ011,15.19,0.000,0.666012,16605,0.435592,0.055345,0,0,1,0.6600,南山区,21,21,0,0,0,0,1
2021-11-04,589179428,20190000000000000003,900200000000000042,1,143.405,314.067,45036.667,2021-11-04 04:00:00.000,L2FT01-FTJ011,15.67,0.000,0.666012,16605,0.435592,0.055345,0,0,1,0.6600,南山区,21,21,0,0,0,0,1
2021-11-04,589179428,20190000000000000003,900200000000000042,1,137.271,316.520,43409.333,2021-11-04 04:15:00.000,L2FT01-FTJ011,15.67,0.000,0.666012,16605,0.435592,0.055345,0,0,1,0.6600,南山区,21,21,0,0,0,0,1
2021-11-04,589179428,20190000000000000003,900200000000000042,1,31.857,330.067,10493.333,2021-11-04 04:30:00.000,L2FT01-FTJ011,15.67,0.000,0.666012,16605,0.435592,0.055345,0,0,1,0.6600,南山区,21,21,0,0,0,0,1
2021-11-04,589179428,20190000000000000003,900200000000000042,1,88.390,367.100,32450.000,2021-11-04 10:15:00.000,L2FT01-FTJ011,14.57,0.000,0.666012,16605,0.435592,0.055345,0,0,1,0.6600,南山区,21,21,0,0,0,0,1
2021-11-04,589179428,20190000000000000003,900200000000000042,1,154.993,385.847,59802.000,2021-11-04 10:30:00.000,L2FT01-FTJ011,14.57,0.000,0.666012,16605,0.435592,0.055345,0,0,1,0.6600,南山区,21,21,0,0,0,0,1
2021-11-04,589179428,20190000000000000003,900200000000000032,1,61.826,360.627,22505.455,2021-11-04 10:45:00.000,L2FT01-FTJ011,14.57,0.000,0.666012,16605,0.435592,0.055345,0,0,1,0.6600,南山区,21,21,0,0,0,0,1
2021-11-04,589179428,20190000000000000003,900200000000000042,1,112.875,406.350,45830.000,2021-11-04 10:45:00.000,L2FT01-FTJ011,14.57,0.000,0.666012,16605,0.435592,0.055345,0,0,1,0.6600,南山区,21,21,0,0,0,0,1
2021-11-04,589179428,20190000000000000003,900200000000000032,1,82.787,374.500,30983.333,2021-11-04 11:00:00.000,L2FT01-FTJ011,13.85,0.000,0.666012,16605,0.435592,0.055345,0,0,1,0.6600,南山区,21,21,0,0,0,0,1
2021-11-04,589179428,20190000000000000003,900200000000000049,1,149.023,314.650,46890.000,2021-11-04 11:00:00.000,L2FT01-FTJ011,13.85,0.000,0.666012,16605,0.435592,0.055345,0,0,1,0.6600,南山区,21,21,0,0,0,0,1
2021-11-04,589179428,20190000000000000003,900200000000000032,1,55.483,383.427,21275.333,2021-11-04 11:15:00.000,L2FT01-FTJ011,13.85,0.000,0.666012,16605,0.435592,0.055345,0,0,1,0.6600,南山区,21,21,0,0,0,0,1
2021-11-04,589179428,20190000000000000003,900200000000000049,1,149.812,315.100,47203.333,2021-11-04 11:15:00.000,L2FT01-FTJ011,13.85,0.000,0.666012,16605,0.435592,0.055345,0,0,1,0.6600,南山区,21,21,0,0,0,0,1
2021-11-04,589179428,20190000000000000003,900200000000000032,1,40.701,389.480,15847.000,2021-11-04 11:30:00.000,L2FT01-FTJ011,13.85,0.000,0.666012,16605,0.435592,0.055345,0,0,1,0.6600,南山区,21,21,0,0,0,0,1
2021-11-04,589179428,20190000000000000003,900200000000000034,1,61.611,349.190,21584.000,2021-11-04 11:30:00.000,L2FT01-FTJ011,13.85,0.000,0.666012,16605,0.435592,0.055345,0,0,1,0.6600,南山区,21,21,0,0,0,0,1
2021-11-04,589179428,20190000000000000003,900200000000000052,1,67.847,331.322,22475.556,2021-11-04 11:30:00.000,L2FT01-FTJ011,13.85,0.000,0.666012,16605,0.435592,0.055345,0,0,1,0.6600,南山区,21,21,0,0,0,0,1
2021-11-04,589179428,20190000000000000003,900200000000000034,1,56.518,359.247,20292.667,2021-11-04 11:45:00.000,L2FT01-FTJ011,13.85,0.000,0.666012,16605,0.435592,0.055345,0,0,1,0.6600,南山区,21,21,0,0,0,0,1
2021-11-04,589179428,20190000000000000003,900200000000000052,1,67.790,341.880,23174.000,2021-11-04 11:45:00.000,L2FT01-FTJ011,13.85,0.000,0.666012,16605,0.435592,0.055345,0,0,1,0.6600,南山区,21,21,0,0,0,0,1
2021-11-04,589179428,20190000000000000003,900200000000000034,1,27.456,363.360,9968.667,2021-11-04 12:00:00.000,L2FT01-FTJ011,13.07,0.000,0.666012,16605,0.435592,0.055345,0,0,1,0.6600,南山区,21,21,0,0,0,0,1
2021-11-04,589179428,20190000000000000003,900200000000000052,1,67.790,354.773,24046.667,2021-11-04 12:00:00.000,L2FT01-FTJ011,13.07,0.000,0.666012,16605,0.435592,0.055345,0,0,1,0.6600,南山区,21,21,0,0,0,0,1
2021-11-04,589179428,20190000000000000003,900200000000000034,1,13.500,364.300,4914.286,2021-11-04 12:15:00.000,L2FT01-FTJ011,13.07,0.000,0.666012,16605,0.435592,0.055345,0,0,1,0.6600,南山区,21,21,0,0,0,0,1
2021-11-04,589179428,20190000000000000003,900200000000000052,1,40.257,362.647,14596.667,2021-11-04 12:15:00.000,L2FT01-FTJ011,13.07,0.000,0.666012,16605,0.435592,0.055345,0,0,1,0.6600,南山区,21,21,0,0,0,0,1
2021-11-04,589179428,20190000000000000003,900200000000000056,1,150.197,358.933,53906.667,2021-11-04 12:30:00.000,L2FT01-FTJ011,13.07,0.000,0.666012,16605,0.435592,0.055345,0,0,1,0.6600,南山区,21,21,0,0,0,0,1
2021-11-04,589179428,20190000000000000003,900200000000000052,1,14.730,364.453,5367.333,2021-11-04 12:30:00.000,L2FT01-FTJ011,13.07,0.000,0.666012,16605,0.435592,0.055345,0,0,1,0.6600,南山区,21,21,0,0,0,0,1
2021-11-04,589179428,20190000000000000003,900200000000000056,1,137.609,366.527,50413.333,2021-11-04 12:45:00.000,L2FT01-FTJ011,13.07,0.000,0.666012,16605,0.435592,0.055345,0,0,1,0.6600,南山区,21,21,0,0,0,0,1
2021-11-04,589179428,20190000000000000003,900200000000000056,1,117.979,383.633,45216.667,2021-11-04 13:00:00.000,L2FT01-FTJ011,12.30,0.000,0.666012,16605,0.435592,0.055345,0,0,1,0.6600,南山区,21,21,0,0,0,0,1
2021-11-04,589179428,20190000000000000003,900200000000000056,1,62.097,396.020,24564.667,2021-11-04 13:15:00.000,L2FT01-FTJ011,12.30,0.000,0.666012,16605,0.435592,0.055345,0,0,1,0.6600,南山区,21,21,0,0,0,0,1
2021-11-04,589179428,20190000000000000003,900200000000000056,1,20.153,399.967,8060.667,2021-11-04 13:30:00.000,L2FT01-FTJ011,12.30,0.000,0.666012,16605,0.435592,0.055345,0,0,1,0.6600,南山区,21,21,0,0,0,0,1
2021-11-04,589179428,20190000000000000003,900200000000000056,1,14.000,400.950,5610.000,2021-11-04 13:45:00.000,L2FT01-FTJ011,12.30,0.000,0.666012,16605,0.435592,0.055345,0,0,1,0.6600,南山区,21,21,0,0,0,0,1
2021-11-04,589179428,20190000000000000003,900200000000000032,1,150.000,314.600,47190.000,2021-11-04 14:45:00.000,L2FT01-FTJ011,11.57,0.000,0.666012,16605,0.435592,0.055345,0,0,1,0.6600,南山区,21,21,0,0,0,0,1
2021-11-04,589179428,20190000000000000003,900200000000000032,1,137.591,318.231,43700.769,2021-11-04 15:00:00.000,L2FT01-FTJ011,10.95,0.000,0.666012,16605,0.435592,0.055345,0,0,1,0.6600,南山区,21,21,0,0,0,0,1
2021-11-04,589179428,20190000000000000003,900200000000000056,1,147.966,311.256,46058.889,2021-11-04 16:30:00.000,L2FT01-FTJ011,10.47,0.000,0.666012,16605,0.435592,0.055345,0,0,1,0.6600,南山区,21,21,0,0,0,0,1
2021-11-04,589179428,20190000000000000003,900200000000000056,1,150.000,312.573,46884.667,2021-11-04 16:45:00.000,L2FT01-FTJ011,10.47,0.000,0.666012,16605,0.435592,0.055345,0,0,1,0.6600,南山区,21,21,0,0,0,0,1
2021-11-04,589179428,20190000000000000003,900200000000000056,1,150.073,315.000,47269.333,2021-11-04 17:00:00.000,L2FT01-FTJ011,10.17,0.000,0.666012,16605,0.435592,0.055345,0,0,1,0.6600,南山区,21,21,0,0,0,0,1
2021-11-04,589179428,20190000000000000003,900200000000000030,1,192.140,315.860,60684.000,2021-11-04 17:15:00.000,L2FT01-FTJ011,10.17,0.000,0.666012,16605,0.435592,0.055345,0,0,1,0.6600,南山区,21,21,0,0,0,0,1
2021-11-04,589179428,20190000000000000003,900200000000000037,1,133.416,313.660,41844.000,2021-11-04 17:15:00.000,L2FT01-FTJ011,10.17,0.000,0.666012,16605,0.435592,0.055345,0,0,1,0.6600,南山区,21,21,0,0,0,0,1
2021-11-04,589179428,20190000000000000003,900200000000000056,1,150.086,316.271,47465.714,2021-11-04 17:15:00.000,L2FT01-FTJ011,10.17,0.000,0.666012,16605,0.435592,0.055345,0,0,1,0.6600,南山区,21,21,0,0,0,0,1
2021-11-04,589179428,20190000000000000003,900200000000000030,1,133.226,313.873,41851.333,2021-11-04 17:30:00.000,L2FT01-FTJ011,10.17,0.000,0.666012,16605,0.435592,0.055345,0,0,1,0.6600,南山区,21,21,0,0,0,0,1
2021-11-04,589179428,20190000000000000003,900200000000000037,1,132.961,315.140,41901.333,2021-11-04 17:30:00.000,L2FT01-FTJ011,10.17,0.000,0.666012,16605,0.435592,0.055345,0,0,1,0.6600,南山区,21,21,0,0,0,0,1
2021-11-04,589179428,20190000000000000003,900200000000000030,1,120.673,316.022,38151.111,2021-11-04 17:45:00.000,L2FT01-FTJ011,10.17,0.000,0.666012,16605,0.435592,0.055345,0,0,1,0.6600,南山区,21,21,0,0,0,0,1
2021-11-04,589179428,20190000000000000003,900200000000000049,1,64.290,388.425,24980.000,2021-11-04 18:30:00.000,L2FT01-FTJ011,10.07,0.000,0.666012,16605,0.435592,0.055345,0,0,1,0.6600,南山区,21,21,0,0,0,0,1
2021-11-04,589179428,20190000000000000003,900200000000000038,1,239.745,364.647,87417.333,2021-11-04 18:30:00.000,L2FT01-FTJ011,10.07,0.000,0.666012,16605,0.435592,0.055345,0,0,1,0.6600,南山区,21,21,0,0,0,0,1
2021-11-04,589179428,20190000000000000003,900200000000000045,1,149.854,313.875,47032.500,2021-11-04 18:30:00.000,L2FT01-FTJ011,10.07,0.000,0.666012,16605,0.435592,0.055345,0,0,1,0.6600,南山区,21,21,0,0,0,0,1
2021-11-04,589179428,20190000000000000003,900200000000000031,1,145.170,365.500,53057.778,2021-11-04 18:45:00.000,L2FT01-FTJ011,10.07,0.000,0.666012,16605,0.435592,0.055345,0,0,1,0.6600,南山区,21,21,0,0,0,0,1
2021-11-04,589179428,20190000000000000003,900200000000000038,1,229.727,390.867,89712.667,2021-11-04 18:45:00.000,L2FT01-FTJ011,10.07,0.000,0.666012,16605,0.435592,0.055345,0,0,1,0.6600,南山区,21,21,0,0,0,0,1
2021-11-04,589179428,20190000000000000003,900200000000000045,1,149.823,314.467,47113.333,2021-11-04 18:45:00.000,L2FT01-FTJ011,10.07,0.000,0.666012,16605,0.435592,0.055345,0,0,1,0.6600,南山区,21,21,0,0,0,0,1
2021-11-04,589179428,20190000000000000003,900200000000000031,1,129.517,375.880,48630.000,2021-11-04 19:00:00.000,L2FT01-FTJ011,10.17,0.000,0.666012,16605,0.435592,0.055345,0,0,1,0.6600,南山区,21,21,0,0,0,0,1
2021-11-04,589179428,20190000000000000003,900200000000000038,1,132.414,402.700,53296.364,2021-11-04 19:00:00.000,L2FT01-FTJ011,10.17,0.000,0.666012,16605,0.435592,0.055345,0,0,1,0.6600,南山区,21,21,0,0,0,0,1
2021-11-04,589179428,20190000000000000003,900200000000000045,1,121.290,321.100,38697.143,2021-11-04 19:00:00.000,L2FT01-FTJ011,10.17,0.000,0.666012,16605,0.435592,0.055345,0,0,1,0.6600,南山区,21,21,0,0,0,0,1
2021-11-04,589179428,20190000000000000003,900200000000000031,1,110.023,385.850,42447.500,2021-11-04 19:15:00.000,L2FT01-FTJ011,10.17,0.000,0.666012,16605,0.435592,0.055345,0,0,1,0.6600,南山区,21,21,0,0,0,0,1
2021-11-04,589179428,20190000000000000003,900200000000000056,1,130.346,364.150,47492.000,2021-11-04 19:30:00.000,L2FT01-FTJ011,10.17,0.000,0.666012,16605,0.435592,0.055345,0,0,1,0.6600,南山区,21,21,0,0,0,0,1
2021-11-04,589179428,20190000000000000003,900200000000000056,1,105.683,377.033,39807.333,2021-11-04 19:45:00.000,L2FT01-FTJ011,10.17,0.000,0.666012,16605,0.435592,0.055345,0,0,1,0.6600,南山区,21,21,0,0,0,0,1
2021-11-04,589179428,20190000000000000003,900200000000000056,1,69.569,395.253,27450.667,2021-11-04 20:00:00.000,L2FT01-FTJ011,10.47,0.000,0.666012,16605,0.435592,0.055345,0,0,1,0.6600,南山区,21,21,0,0,0,0,1
2021-11-04,589179428,20190000000000000003,900200000000000056,1,28.828,402.727,11602.667,2021-11-04 20:15:00.000,L2FT01-FTJ011,10.47,0.000,0.666012,16605,0.435592,0.055345,0,0,1,0.6600,南山区,21,21,0,0,0,0,1
2021-11-04,589179428,20190000000000000003,900200000000000056,1,18.500,404.333,7473.333,2021-11-04 20:30:00.000,L2FT01-FTJ011,10.47,0.000,0.666012,16605,0.435592,0.055345,0,0,1,0.6600,南山区,21,21,0,0,0,0,1
2021-11-04,589179428,20190000000000000003,900200000000000040,1,101.994,371.770,38019.000,2021-11-04 20:45:00.000,L2FT01-FTJ011,10.47,0.000,0.666012,16605,0.435592,0.055345,0,0,1,0.6600,南山区,21,21,0,0,0,0,1
2021-11-04,589179428,20190000000000000003,900200000000000040,1,110.365,387.773,42794.000,2021-11-04 21:00:00.000,L2FT01-FTJ011,10.95,0.000,0.666012,16605,0.435592,0.055345,0,0,1,0.6600,南山区,21,21,0,0,0,0,1
2021-11-04,589179428,20190000000000000003,900200000000000040,1,68.891,401.040,27609.333,2021-11-04 21:15:00.000,L2FT01-FTJ011,10.95,0.000,0.666012,16605,0.435592,0.055345,0,0,1,0.6600,南山区,21,21,0,0,0,0,1
2021-11-04,589179428,20190000000000000003,900200000000000040,1,36.410,405.944,14777.778,2021-11-04 21:30:00.000,L2FT01-FTJ011,10.95,0.000,0.666012,16605,0.435592,0.055345,0,0,1,0.6600,南山区,21,21,0,0,0,0,1
2021-11-04,589179428,20190000000000000003,900200000000000044,1,58.590,387.233,22686.667,2021-11-04 22:15:00.000,L2FT01-FTJ011,11.57,0.000,0.666012,16605,0.435592,0.055345,0,0,1,0.6600,南山区,21,21,0,0,0,0,1
2021-11-04,589179428,20190000000000000003,900200000000000044,1,58.600,389.520,22825.000,2021-11-04 22:30:00.000,L2FT01-FTJ011,11.57,0.000,0.666012,16605,0.435592,0.055345,0,0,1,0.6600,南山区,21,21,0,0,0,0,1
2021-11-05,589179428,20190000000000000003,900200000000000057,1,103.110,341.660,35226.000,2021-11-05 01:30:00.000,L2FT01-FTJ011,13.85,0.000,0.666012,16605,0.435592,0.055345,0,0,1,0.6600,南山区,21,21,0,0,0,0,1
2021-11-05,589179428,20190000000000000003,900200000000000057,1,103.190,347.560,35863.333,2021-11-05 01:45:00.000,L2FT01-FTJ011,13.85,0.000,0.666012,16605,0.435592,0.055345,0,0,1,0.6600,南山区,21,21,0,0,0,0,1
2021-11-05,589179428,20190000000000000003,900200000000000049,1,71.418,301.325,21515.000,2021-11-05 02:00:00.000,L2FT01-FTJ011,14.57,0.000,0.666012,16605,0.435592,0.055345,0,0,1,0.6600,南山区,21,21,0,0,0,0,1
2021-11-05,589179428,20190000000000000003,900200000000000057,1,103.271,360.473,37222.000,2021-11-05 02:00:00.000,L2FT01-FTJ011,14.57,0.000,0.666012,16605,0.435592,0.055345,0,0,1,0.6600,南山区,21,21,0,0,0,0,1
2021-11-05,589179428,20190000000000000003,900200000000000049,1,71.390,304.667,21747.333,2021-11-05 02:15:00.000,L2FT01-FTJ011,14.57,0.000,0.666012,16605,0.435592,0.055345,0,0,1,0.6600,南山区,21,21,0,0,0,0,1
2021-11-05,589179428,20190000000000000003,900200000000000057,1,99.832,375.693,37486.667,2021-11-05 02:15:00.000,L2FT01-FTJ011,14.57,0.000,0.666012,16605,0.435592,0.055345,0,0,1,0.6600,南山区,21,21,0,0,0,0,1
2021-11-05,589179428,20190000000000000003,900200000000000049,1,71.412,307.640,21966.667,2021-11-05 02:30:00.000,L2FT01-FTJ011,14.57,0.000,0.666012,16605,0.435592,0.055345,0,0,1,0.6600,南山区,21,21,0,0,0,0,1
2021-11-05,589179428,20190000000000000003,900200000000000057,1,34.063,381.547,12992.667,2021-11-05 02:30:00.000,L2FT01-FTJ011,14.57,0.000,0.666012,16605,0.435592,0.055345,0,0,1,0.6600,南山区,21,21,0,0,0,0,1
2021-11-05,589179428,20190000000000000003,900200000000000049,1,71.500,308.547,22057.333,2021-11-05 02:45:00.000,L2FT01-FTJ011,14.57,0.000,0.666012,16605,0.435592,0.055345,0,0,1,0.6600,南山区,21,21,0,0,0,0,1
2021-11-05,589179428,20190000000000000003,900200000000000057,1,25.690,383.250,9845.000,2021-11-05 02:45:00.000,L2FT01-FTJ011,14.57,0.000,0.666012,16605,0.435592,0.055345,0,0,1,0.6600,南山区,21,21,0,0,0,0,1
2021-11-05,589179428,20190000000000000003,900200000000000049,1,71.493,308.953,22082.667,2021-11-05 03:00:00.000,L2FT01-FTJ011,15.19,0.000,0.666012,16605,0.435592,0.055345,0,0,1,0.6600,南山区,21,21,0,0,0,0,1
2021-11-05,589179428,20190000000000000003,900200000000000049,1,71.427,309.533,22106.000,2021-11-05 03:15:00.000,L2FT01-FTJ011,15.19,0.000,0.666012,16605,0.435592,0.055345,0,0,1,0.6600,南山区,21,21,0,0,0,0,1
2021-11-05,589179428,20190000000000000003,900200000000000049,1,71.500,310.347,22184.000,2021-11-05 03:30:00.000,L2FT01-FTJ011,15.19,0.000,0.666012,16605,0.435592,0.055345,0,0,1,0.6600,南山区,21,21,0,0,0,0,1
2021-11-05,589179428,20190000000000000003,900200000000000049,1,71.500,311.673,22280.000,2021-11-05 03:45:00.000,L2FT01-FTJ011,15.19,0.000,0.666012,16605,0.435592,0.055345,0,0,1,0.6600,南山区,21,21,0,0,0,0,1
2021-11-05,589179428,20190000000000000003,900200000000000049,1,71.500,312.493,22338.000,2021-11-05 04:00:00.000,L2FT01-FTJ011,15.67,0.000,0.666012,16605,0.435592,0.055345,0,0,1,0.6600,南山区,21,21,0,0,0,0,1
2021-11-05,589179428,20190000000000000003,900200000000000049,1,71.500,312.907,22367.333,2021-11-05 04:15:00.000,L2FT01-FTJ011,15.67,0.000,0.666012,16605,0.435592,0.055345,0,0,1,0.6600,南山区,21,21,0,0,0,0,1
2021-11-05,589179428,20190000000000000003,900200000000000049,1,71.500,313.493,22410.000,2021-11-05 04:30:00.000,L2FT01-FTJ011,15.67,0.000,0.666012,16605,0.435592,0.055345,0,0,1,0.6600,南山区,21,21,0,0,0,0,1
2021-11-05,589179428,20190000000000000003,900200000000000049,1,71.485,314.860,22503.333,2021-11-05 04:45:00.000,L2FT01-FTJ011,15.67,0.000,0.666012,16605,0.435592,0.055345,0,0,1,0.6600,南山区,21,21,0,0,0,0,1
2021-11-05,589179428,20190000000000000003,900200000000000049,1,50.645,323.717,16313.333,2021-11-05 05:00:00.000,L2FT01-FTJ011,15.97,0.000,0.666012,16605,0.435592,0.055345,0,0,1,0.6600,南山区,21,21,0,0,0,0,1
2021-11-05,589179428,20190000000000000003,900200000000000031,1,75.475,368.817,27835.000,2021-11-05 07:15:00.000,L2FT01-FTJ011,15.97,0.000,0.666012,16605,0.435592,0.055345,0,0,1,0.6600,南山区,21,21,0,0,0,0,1
2021-11-05,589179428,20190000000000000003,900200000000000031,1,74.887,384.847,28813.333,2021-11-05 07:30:00.000,L2FT01-FTJ011,15.97,0.000,0.666012,16605,0.435592,0.055345,0,0,1,0.6600,南山区,21,21,0,0,0,0,1
2021-11-05,589179428,20190000000000000003,900200000000000048,1,72.090,328.767,23696.667,2021-11-05 07:30:00.000,L2FT01-FTJ011,15.97,0.000,0.666012,16605,0.435592,0.055345,0,0,1,0.6600,南山区,21,21,0,0,0,0,1
2021-11-05,589179428,20190000000000000003,900200000000000048,1,71.790,334.460,24010.000,2021-11-05 07:45:00.000,L2FT01-FTJ011,15.97,0.000,0.666012,16605,0.435592,0.055345,0,0,1,0.6600,南山区,21,21,0,0,0,0,1
2021-11-05,589179428,20190000000000000003,900200000000000031,1,43.692,397.680,17358.000,2021-11-05 07:45:00.000,L2FT01-FTJ011,15.97,0.000,0.666012,16605,0.435592,0.055345,0,0,1,0.6600,南山区,21,21,0,0,0,0,1
2021-11-05,589179428,20190000000000000003,900200000000000048,1,71.744,346.380,24848.667,2021-11-05 08:00:00.000,L2FT01-FTJ011,15.67,0.000,0.666012,16605,0.435592,0.055345,0,0,1,0.6600,南山区,21,21,0,0,0,0,1
2021-11-05,589179428,20190000000000000003,900200000000000048,1,68.291,356.770,24359.000,2021-11-05 08:15:00.000,L2FT01-FTJ011,15.67,0.000,0.666012,16605,0.435592,0.055345,0,0,1,0.6600,南山区,21,21,0,0,0,0,1
2021-11-05,589179428,20190000000000000003,900200000000000030,1,52.219,360.686,18885.714,2021-11-05 12:30:00.000,L2FT01-FTJ011,13.07,0.000,0.666012,16605,0.435592,0.055345,0,0,1,0.6600,南山区,21,21,0,0,0,0,1
2021-11-05,589179428,20190000000000000003,900200000000000042,1,63.861,313.200,20000.000,2021-11-05 12:30:00.000,L2FT01-FTJ011,13.07,0.000,0.666012,16605,0.435592,0.055345,0,0,1,0.6600,南山区,21,21,0,0,0,0,1
2021-11-05,589179428,20190000000000000003,900200000000000053,1,99.277,347.700,34816.667,2021-11-05 12:45:00.000,L2FT01-FTJ011,13.07,0.000,0.666012,16605,0.435592,0.055345,0,0,1,0.6600,南山区,21,21,0,0,0,0,1
2021-11-05,589179428,20190000000000000003,900200000000000030,1,51.207,369.333,18900.000,2021-11-05 12:45:00.000,L2FT01-FTJ011,13.07,0.000,0.666012,16605,0.435592,0.055345,0,0,1,0.6600,南山区,21,21,0,0,0,0,1
2021-11-05,589179428,20190000000000000003,900200000000000042,1,63.883,320.927,20500.667,2021-11-05 12:45:00.000,L2FT01-FTJ011,13.07,0.000,0.666012,16605,0.435592,0.055345,0,0,1,0.6600,南山区,21,21,0,0,0,0,1
2021-11-05,589179428,20190000000000000003,900200000000000053,1,137.095,362.747,49710.667,2021-11-05 13:00:00.000,L2FT01-FTJ011,12.30,0.000,0.666012,16605,0.435592,0.055345,0,0,1,0.6600,南山区,21,21,0,0,0,0,1
2021-11-05,589179428,20190000000000000003,900200000000000042,1,63.843,326.440,20840.000,2021-11-05 13:00:00.000,L2FT01-FTJ011,12.30,0.000,0.666012,16605,0.435592,0.055345,0,0,1,0.6600,南山区,21,21,0,0,0,0,1
2021-11-05,589179428,20190000000000000003,900200000000000030,1,46.384,379.787,17623.333,2021-11-05 13:00:00.000,L2FT01-FTJ011,12.30,0.000,0.666012,16605,0.435592,0.055345,0,0,1,0.6600,南山区,21,21,0,0,0,0,1
2021-11-05,589179428,20190000000000000003,900200000000000030,1,40.643,389.860,15832.667,2021-11-05 13:15:00.000,L2FT01-FTJ011,12.30,0.000,0.666012,16605,0.435592,0.055345,0,0,1,0.6600,南山区,21,21,0,0,0,0,1
2021-11-05,589179428,20190000000000000003,900200000000000042,1,63.868,330.678,21117.778,2021-11-05 13:15:00.000,L2FT01-FTJ011,12.30,0.000,0.666012,16605,0.435592,0.055345,0,0,1,0.6600,南山区,21,21,0,0,0,0,1
2021-11-05,589179428,20190000000000000003,900200000000000053,1,96.450,378.653,36484.000,2021-11-05 13:15:00.000,L2FT01-FTJ011,12.30,0.000,0.666012,16605,0.435592,0.055345,0,0,1,0.6600,南山区,21,21,0,0,0,0,1
2021-11-05,589179428,20190000000000000003,900200000000000030,1,27.623,396.280,10944.000,2021-11-05 13:30:00.000,L2FT01-FTJ011,12.30,0.000,0.666012,16605,0.435592,0.055345,0,0,1,0.6600,南山区,21,21,0,0,0,0,1
2021-11-05,589179428,20190000000000000003,900200000000000053,1,62.992,385.917,24308.333,2021-11-05 13:30:00.000,L2FT01-FTJ011,12.30,0.000,0.666012,16605,0.435592,0.055345,0,0,1,0.6600,南山区,21,21,0,0,0,0,1
2021-11-05,589179428,20190000000000000003,900200000000000030,1,22.890,399.300,9140.000,2021-11-05 13:45:00.000,L2FT01-FTJ011,12.30,0.000,0.666012,16605,0.435592,0.055345,0,0,1,0.6600,南山区,21,21,0,0,0,0,1
2021-11-05,589179428,20190000000000000003,900200000000000039,1,67.904,334.771,22730.000,2021-11-05 15:00:00.000,L2FT01-FTJ011,10.95,0.000,0.666012,16605,0.435592,0.055345,0,0,1,0.6600,南山区,21,21,0,0,0,0,1
2021-11-05,589179428,20190000000000000003,900200000000000050,1,111.711,359.792,40185.385,2021-11-05 15:00:00.000,L2FT01-FTJ011,10.95,0.000,0.666012,16605,0.435592,0.055345,0,0,1,0.6600,南山区,21,21,0,0,0,0,1
2021-11-05,589179428,20190000000000000003,900200000000000039,1,67.803,345.347,23413.333,2021-11-05 15:15:00.000,L2FT01-FTJ011,10.95,0.000,0.666012,16605,0.435592,0.055345,0,0,1,0.6600,南山区,21,21,0,0,0,0,1
2021-11-05,589179428,20190000000000000003,900200000000000050,1,51.329,361.925,18611.250,2021-11-05 15:15:00.000,L2FT01-FTJ011,10.95,0.000,0.666012,16605,0.435592,0.055345,0,0,1,0.6600,南山区,21,21,0,0,0,0,1
2021-11-05,589179428,20190000000000000003,900200000000000057,1,199.838,312.480,62440.000,2021-11-05 15:15:00.000,L2FT01-FTJ011,10.95,0.000,0.666012,16605,0.435592,0.055345,0,0,1,0.6600,南山区,21,21,0,0,0,0,1
2021-11-05,589179428,20190000000000000003,900200000000000039,1,65.523,357.760,23434.000,2021-11-05 15:30:00.000,L2FT01-FTJ011,10.95,0.000,0.666012,16605,0.435592,0.055345,0,0,1,0.6600,南山区,21,21,0,0,0,0,1
2021-11-05,589179428,20190000000000000003,900200000000000057,1,199.836,313.567,62655.333,2021-11-05 15:30:00.000,L2FT01-FTJ011,10.95,0.000,0.666012,16605,0.435592,0.055345,0,0,1,0.6600,南山区,21,21,0,0,0,0,1
2021-11-05,589179428,20190000000000000003,900200000000000039,1,33.910,361.383,12253.333,2021-11-05 15:45:00.000,L2FT01-FTJ011,10.95,0.000,0.666012,16605,0.435592,0.055345,0,0,1,0.6600,南山区,21,21,0,0,0,0,1
2021-11-05,589179428,20190000000000000003,900200000000000057,1,169.565,314.493,53324.667,2021-11-05 15:45:00.000,L2FT01-FTJ011,10.95,0.000,0.666012,16605,0.435592,0.055345,0,0,1,0.6600,南山区,21,21,0,0,0,0,1
2021-11-05,589179428,20190000000000000003,900200000000000057,1,149.810,314.640,47134.000,2021-11-05 16:00:00.000,L2FT01-FTJ011,10.47,0.000,0.666012,16605,0.435592,0.055345,0,0,1,0.6600,南山区,21,21,0,0,0,0,1
2021-11-05,589179428,20190000000000000003,900200000000000045,1,149.830,310.540,46526.000,2021-11-05 16:15:00.000,L2FT01-FTJ011,10.47,0.000,0.666012,16605,0.435592,0.055345,0,0,1,0.6600,南山区,21,21,0,0,0,0,1
2021-11-05,589179428,20190000000000000003,900200000000000042,0,0.000,351.700,0.000,2021-11-05 16:30:00.000,L2FT01-FTJ011,10.47,0.000,0.666012,16605,0.435592,0.055345,0,0,1,0.6600,南山区,21,21,0,0,0,0,1
2021-11-05,589179428,20190000000000000003,900200000000000045,1,149.941,311.867,46759.333,2021-11-05 16:30:00.000,L2FT01-FTJ011,10.47,0.000,0.666012,16605,0.435592,0.055345,0,0,1,0.6600,南山区,21,21,0,0,0,0,1
2021-11-05,589179428,20190000000000000003,900200000000000042,1,130.181,362.613,47516.250,2021-11-05 16:45:00.000,L2FT01-FTJ011,10.47,0.000,0.666012,16605,0.435592,0.055345,0,0,1,0.6600,南山区,21,21,0,0,0,0,1
2021-11-05,589179428,20190000000000000003,900200000000000045,1,150.087,314.180,47150.667,2021-11-05 16:45:00.000,L2FT01-FTJ011,10.47,0.000,0.666012,16605,0.435592,0.055345,0,0,1,0.6600,南山区,21,21,0,0,0,0,1
2021-11-05,589179428,20190000000000000003,900200000000000045,1,136.643,316.233,43220.667,2021-11-05 17:00:00.000,L2FT01-FTJ011,10.17,0.000,0.666012,16605,0.435592,0.055345,0,0,1,0.6600,南山区,21,21,0,0,0,0,1
2021-11-05,589179428,20190000000000000003,900200000000000045,1,29.790,315.000,9380.000,2021-11-05 17:15:00.000,L2FT01-FTJ011,10.17,0.000,0.666012,16605,0.435592,0.055345,0,0,1,0.6600,南山区,21,21,0,0,0,0,1
2021-11-05,589179428,20190000000000000003,900200000000000043,1,90.157,337.133,30393.333,2021-11-05 17:30:00.000,L2FT01-FTJ011,10.17,0.000,0.666012,16605,0.435592,0.055345,0,0,1,0.6600,南山区,21,21,0,0,0,0,1
2021-11-05,589179428,20190000000000000003,900200000000000043,1,90.163,338.113,30485.333,2021-11-05 17:45:00.000,L2FT01-FTJ011,10.17,0.000,0.666012,16605,0.435592,0.055345,0,0,1,0.6600,南山区,21,21,0,0,0,0,1
2021-11-05,589179428,20190000000000000003,900200000000000030,1,90.350,361.057,32602.857,2021-11-05 18:00:00.000,L2FT01-FTJ011,10.07,0.000,0.666012,16605,0.435592,0.055345,0,0,1,0.6600,南山区,21,21,0,0,0,0,1
2021-11-05,589179428,20190000000000000003,900200000000000043,1,90.317,339.807,30687.333,2021-11-05 18:00:00.000,L2FT01-FTJ011,10.07,0.000,0.666012,16605,0.435592,0.055345,0,0,1,0.6600,南山区,21,21,0,0,0,0,1
2021-11-05,589179428,20190000000000000003,900200000000000030,1,77.297,373.620,28879.333,2021-11-05 18:15:00.000,L2FT01-FTJ011,10.07,0.000,0.666012,16605,0.435592,0.055345,0,0,1,0.6600,南山区,21,21,0,0,0,0,1
2021-11-05,589179428,20190000000000000003,900200000000000043,1,88.557,341.807,30268.667,2021-11-05 18:15:00.000,L2FT01-FTJ011,10.07,0.000,0.666012,16605,0.435592,0.055345,0,0,1,0.6600,南山区,21,21,0,0,0,0,1
2021-11-05,589179428,20190000000000000003,900200000000000048,1,129.829,312.020,40505.000,2021-11-05 18:15:00.000,L2FT01-FTJ011,10.07,0.000,0.666012,16605,0.435592,0.055345,0,0,1,0.6600,南山区,21,21,0,0,0,0,1
2021-11-05,589179428,20190000000000000003,900200000000000030,1,60.978,393.187,23916.000,2021-11-05 18:30:00.000,L2FT01-FTJ011,10.07,0.000,0.666012,16605,0.435592,0.055345,0,0,1,0.6600,南山区,21,21,0,0,0,0,1
2021-11-05,589179428,20190000000000000003,900200000000000043,1,64.365,341.550,21982.500,2021-11-05 18:30:00.000,L2FT01-FTJ011,10.07,0.000,0.666012,16605,0.435592,0.055345,0,0,1,0.6600,南山区,21,21,0,0,0,0,1
2021-11-05,589179428,20190000000000000003,900200000000000048,1,117.805,318.300,37470.000,2021-11-05 18:30:00.000,L2FT01-FTJ011,10.07,0.000,0.666012,16605,0.435592,0.055345,0,0,1,0.6600,南山区,21,21,0,0,0,0,1
2021-11-05,589179428,20190000000000000003,900200000000000048,1,69.840,320.950,22410.000,2021-11-05 18:45:00.000,L2FT01-FTJ011,10.07,0.000,0.666012,16605,0.435592,0.055345,0,0,1,0.6600,南山区,21,21,0,0,0,0,1
2021-11-05,589179428,20190000000000000003,900200000000000030,1,31.500,398.500,12550.000,2021-11-05 18:45:00.000,L2FT01-FTJ011,10.07,0.000,0.666012,16605,0.435592,0.055345,0,0,1,0.6600,南山区,21,21,0,0,0,0,1
2021-11-05,589179428,20190000000000000003,900200000000000045,1,149.858,345.283,51743.333,2021-11-05 20:45:00.000,L2FT01-FTJ011,10.47,0.000,0.666012,16605,0.435592,0.055345,0,0,1,0.6600,南山区,21,21,0,0,0,0,1
2021-11-05,589179428,20190000000000000003,900200000000000056,1,25.373,340.783,8647.500,2021-11-05 20:45:00.000,L2FT01-FTJ011,10.47,0.000,0.666012,16605,0.435592,0.055345,0,0,1,0.6600,南山区,21,21,0,0,0,0,1
2021-11-05,589179428,20190000000000000003,900200000000000045,1,149.790,349.800,52400.000,2021-11-05 21:00:00.000,L2FT01-FTJ011,10.95,0.000,0.666012,16605,0.435592,0.055345,0,0,1,0.6600,南山区,21,21,0,0,0,0,1
2021-11-05,589179428,20190000000000000003,900200000000000056,1,13.590,341.933,4644.667,2021-11-05 21:00:00.000,L2FT01-FTJ011,10.95,0.000,0.666012,16605,0.435592,0.055345,0,0,1,0.6600,南山区,21,21,0,0,0,0,1
2021-11-05,589179428,20190000000000000003,900200000000000056,1,13.590,343.050,4660.000,2021-11-05 21:15:00.000,L2FT01-FTJ011,10.95,0.000,0.666012,16605,0.435592,0.055345,0,0,1,0.6600,南山区,21,21,0,0,0,0,1
2021-11-05,589179428,20190000000000000003,900200000000000030,1,56.257,353.900,19933.333,2021-11-05 21:45:00.000,L2FT01-FTJ011,10.95,0.000,0.666012,16605,0.435592,0.055345,0,0,1,0.6600,南山区,21,21,0,0,0,0,1
2021-11-05,589179428,20190000000000000003,900200000000000048,1,71.420,408.457,29170.000,2021-11-05 22:00:00.000,L2FT01-FTJ011,11.57,0.000,0.666012,16605,0.435592,0.055345,0,0,1,0.6600,南山区,21,21,0,0,0,0,1
2021-11-05,589179428,20190000000000000003,900200000000000048,1,70.618,423.073,29873.333,2021-11-05 22:15:00.000,L2FT01-FTJ011,11.57,0.000,0.666012,16605,0.435592,0.055345,0,0,1,0.6600,南山区,21,21,0,0,0,0,1
2021-11-05,589179428,20190000000000000003,900200000000000048,1,59.051,437.133,25787.333,2021-11-05 22:30:00.000,L2FT01-FTJ011,11.57,0.000,0.666012,16605,0.435592,0.055345,0,0,1,0.6600,南山区,21,21,0,0,0,0,1
2021-11-05,589179428,20190000000000000003,900200000000000048,1,34.933,443.486,15491.429,2021-11-05 22:45:00.000,L2FT01-FTJ011,11.57,0.000,0.666012,16605,0.435592,0.055345,0,0,1,0.6600,南山区,21,21,0,0,0,0,1
2021-11-05,589179428,20190000000000000003,900200000000000053,1,54.590,346.908,18937.500,2021-11-05 23:15:00.000,L2FT01-FTJ011,12.30,0.000,0.666012,16605,0.435592,0.055345,0,0,1,0.6600,南山区,21,21,0,0,0,0,1
2021-11-05,589179428,20190000000000000003,900200000000000053,1,54.790,355.480,19475.333,2021-11-05 23:30:00.000,L2FT01-FTJ011,12.30,0.000,0.666012,16605,0.435592,0.055345,0,0,1,0.6600,南山区,21,21,0,0,0,0,1
2021-11-05,589179428,20190000000000000003,900200000000000053,1,54.790,361.460,19802.000,2021-11-05 23:45:00.000,L2FT01-FTJ011,12.30,0.000,0.666012,16605,0.435592,0.055345,0,0,1,0.6600,南山区,21,21,0,0,0,0,1
2021-11-06,589179428,20190000000000000003,900200000000000053,1,54.790,370.547,20300.667,2021-11-06 00:00:00.000,L2FT01-FTJ011,13.07,0.000,0.666012,16605,0.435592,0.055345,0,0,0,0.6600,南山区,21,21,0,0,0,0,1
2021-11-06,589179428,20190000000000000003,900200000000000053,1,41.597,379.787,15788.000,2021-11-06 00:15:00.000,L2FT01-FTJ011,13.07,0.000,0.666012,16605,0.435592,0.055345,0,0,0,0.6600,南山区,21,21,0,0,0,0,1
2021-11-06,589179428,20190000000000000003,900200000000000053,1,32.890,386.720,12718.000,2021-11-06 00:30:00.000,L2FT01-FTJ011,13.07,0.000,0.666012,16605,0.435592,0.055345,0,0,0,0.6600,南山区,21,21,0,0,0,0,1
2021-11-06,589179428,20190000000000000003,900200000000000053,1,27.610,394.100,10873.333,2021-11-06 00:45:00.000,L2FT01-FTJ011,13.07,0.000,0.666012,16605,0.435592,0.055345,0,0,0,0.6600,南山区,21,21,0,0,0,0,1
2021-11-06,589179428,20190000000000000003,900200000000000053,1,10.015,395.707,3959.333,2021-11-06 01:00:00.000,L2FT01-FTJ011,13.85,0.000,0.666012,16605,0.435592,0.055345,0,0,0,0.6600,南山区,21,21,0,0,0,0,1
2021-11-06,589179428,20190000000000000003,900200000000000056,1,149.991,370.475,55565.000,2021-11-06 02:00:00.000,L2FT01-FTJ011,14.57,0.000,0.666012,16605,0.435592,0.055345,0,0,0,0.6600,南山区,21,21,0,0,0,0,1
2021-11-06,589179428,20190000000000000003,900200000000000056,1,119.939,383.280,45952.000,2021-11-06 02:15:00.000,L2FT01-FTJ011,14.57,0.000,0.666012,16605,0.435592,0.055345,0,0,0,0.6600,南山区,21,21,0,0,0,0,1
2021-11-06,589179428,20190000000000000003,900200000000000056,1,78.611,398.467,31292.667,2021-11-06 02:30:00.000,L2FT01-FTJ011,14.57,0.000,0.666012,16605,0.435592,0.055345,0,0,0,0.6600,南山区,21,21,0,0,0,0,1
2021-11-06,589179428,20190000000000000003,900200000000000052,1,129.872,307.320,39908.000,2021-11-06 02:45:00.000,L2FT01-FTJ011,14.57,0.000,0.666012,16605,0.435592,0.055345,0,0,0,0.6600,南山区,21,21,0,0,0,0,1
2021-11-06,589179428,20190000000000000003,900200000000000056,1,50.390,409.800,20636.000,2021-11-06 02:45:00.000,L2FT01-FTJ011,14.57,0.000,0.666012,16605,0.435592,0.055345,0,0,0,0.6600,南山区,21,21,0,0,0,0,1
2021-11-06,589179428,20190000000000000003,900200000000000052,1,129.884,310.167,40282.667,2021-11-06 03:00:00.000,L2FT01-FTJ011,15.19,0.000,0.666012,16605,0.435592,0.055345,0,0,0,0.6600,南山区,21,21,0,0,0,0,1
2021-11-06,589179428,20190000000000000003,900200000000000056,1,13.690,411.907,5638.000,2021-11-06 03:00:00.000,L2FT01-FTJ011,15.19,0.000,0.666012,16605,0.435592,0.055345,0,0,0,0.6600,南山区,21,21,0,0,0,0,1
2021-11-06,589179428,20190000000000000003,900200000000000052,1,129.941,311.080,40417.333,2021-11-06 03:15:00.000,L2FT01-FTJ011,15.19,0.000,0.666012,16605,0.435592,0.055345,0,0,0,0.6600,南山区,21,21,0,0,0,0,1
2021-11-06,589179428,20190000000000000003,900200000000000056,1,13.690,414.500,5674.167,2021-11-06 03:15:00.000,L2FT01-FTJ011,15.19,0.000,0.666012,16605,0.435592,0.055345,0,0,0,0.6600,南山区,21,21,0,0,0,0,1
2021-11-06,589179428,20190000000000000003,900200000000000052,1,130.000,312.833,40663.333,2021-11-06 03:30:00.000,L2FT01-FTJ011,15.19,0.000,0.666012,16605,0.435592,0.055345,0,0,0,0.6600,南山区,21,21,0,0,0,0,1
2021-11-06,589179428,20190000000000000003,900200000000000052,1,130.000,314.527,40884.000,2021-11-06 03:45:00.000,L2FT01-FTJ011,15.19,0.000,0.666012,16605,0.435592,0.055345,0,0,0,0.6600,南山区,21,21,0,0,0,0,1
2021-11-06,589179428,20190000000000000003,900200000000000052,1,130.000,315.827,41053.333,2021-11-06 04:00:00.000,L2FT01-FTJ011,15.67,0.000,0.666012,16605,0.435592,0.055345,0,0,0,0.6600,南山区,21,21,0,0,0,0,1
2021-11-06,589179428,20190000000000000003,900200000000000052,1,96.051,323.485,30878.462,2021-11-06 04:15:00.000,L2FT01-FTJ011,15.67,0.000,0.666012,16605,0.435592,0.055345,0,0,0,0.6600,南山区,21,21,0,0,0,0,1
2021-11-06,589179428,20190000000000000003,900200000000000053,1,88.610,354.400,31402.667,2021-11-06 07:30:00.000,L2FT01-FTJ011,15.97,0.000,0.666012,16605,0.435592,0.055345,0,0,0,0.6600,南山区,21,21,0,0,0,0,1
2021-11-06,589179428,20190000000000000003,900200000000000053,1,71.137,355.693,25312.000,2021-11-06 07:45:00.000,L2FT01-FTJ011,15.97,0.000,0.666012,16605,0.435592,0.055345,0,0,0,0.6600,南山区,21,21,0,0,0,0,1
2021-11-06,589179428,20190000000000000003,900200000000000031,1,119.500,328.000,39190.000,2021-11-06 07:45:00.000,L2FT01-FTJ011,15.97,0.000,0.666012,16605,0.435592,0.055345,0,0,0,0.6600,南山区,21,21,0,0,0,0,1
2021-11-06,589179428,20190000000000000003,900200000000000031,1,119.518,331.453,39609.333,2021-11-06 08:00:00.000,L2FT01-FTJ011,15.67,0.000,0.666012,16605,0.435592,0.055345,0,0,0,0.6600,南山区,21,21,0,0,0,0,1
2021-11-06,589179428,20190000000000000003,900200000000000053,1,43.162,355.307,15340.000,2021-11-06 08:00:00.000,L2FT01-FTJ011,15.67,0.000,0.666012,16605,0.435592,0.055345,0,0,0,0.6600,南山区,21,21,0,0,0,0,1
2021-11-06,589179428,20190000000000000003,900200000000000031,1,80.195,337.012,26975.000,2021-11-06 08:15:00.000,L2FT01-FTJ011,15.67,0.000,0.666012,16605,0.435592,0.055345,0,0,0,0.6600,南山区,21,21,0,0,0,0,1
2021-11-06,589179428,20190000000000000003,900200000000000030,1,113.297,303.400,34860.000,2021-11-06 09:45:00.000,L2FT01-FTJ011,15.19,0.000,0.666012,16605,0.435592,0.055345,0,0,0,0.6600,南山区,21,21,0,0,0,0,1
2021-11-06,589179428,20190000000000000003,900200000000000030,1,172.057,317.420,54608.667,2021-11-06 10:00:00.000,L2FT01-FTJ011,14.57,0.000,0.666012,16605,0.435592,0.055345,0,0,0,0.6600,南山区,21,21,0,0,0,0,1
2021-11-06,589179428,20190000000000000003,900200000000000038,1,120.877,317.227,38241.818,2021-11-06 10:15:00.000,L2FT01-FTJ011,14.57,0.000,0.666012,16605,0.435592,0.055345,0,0,0,0.6600,南山区,21,21,0,0,0,0,1
2021-11-06,589179428,20190000000000000003,900200000000000044,1,76.335,325.736,24865.455,2021-11-06 10:15:00.000,L2FT01-FTJ011,14.57,0.000,0.666012,16605,0.435592,0.055345,0,0,0,0.6600,南山区,21,21,0,0,0,0,1
2021-11-06,589179428,20190000000000000003,900200000000000030,1,158.941,335.133,53254.667,2021-11-06 10:15:00.000,L2FT01-FTJ011,14.57,0.000,0.666012,16605,0.435592,0.055345,0,0,0,0.6600,南山区,21,21,0,0,0,0,1
2021-11-06,589179428,20190000000000000003,900200000000000030,1,81.378,346.647,28200.000,2021-11-06 10:30:00.000,L2FT01-FTJ011,14.57,0.000,0.666012,16605,0.435592,0.055345,0,0,0,0.6600,南山区,21,21,0,0,0,0,1
2021-11-06,589179428,20190000000000000003,900200000000000038,1,29.790,333.700,9940.000,2021-11-06 10:30:00.000,L2FT01-FTJ011,14.57,0.000,0.666012,16605,0.435592,0.055345,0,0,0,0.6600,南山区,21,21,0,0,0,0,1
2021-11-06,589179428,20190000000000000003,900200000000000044,1,76.350,350.493,26759.333,2021-11-06 10:30:00.000,L2FT01-FTJ011,14.57,0.000,0.666012,16605,0.435592,0.055345,0,0,0,0.6600,南山区,21,21,0,0,0,0,1
2021-11-06,589179428,20190000000000000003,900200000000000030,1,44.947,349.240,15693.333,2021-11-06 10:45:00.000,L2FT01-FTJ011,14.57,0.000,0.666012,16605,0.435592,0.055345,0,0,0,0.6600,南山区,21,21,0,0,0,0,1
2021-11-06,589179428,20190000000000000003,900200000000000044,1,56.465,362.667,20532.667,2021-11-06 10:45:00.000,L2FT01-FTJ011,14.57,0.000,0.666012,16605,0.435592,0.055345,0,0,0,0.6600,南山区,21,21,0,0,0,0,1
2021-11-06,589179428,20190000000000000003,900200000000000044,1,15.090,359.587,5423.750,2021-11-06 11:00:00.000,L2FT01-FTJ011,13.85,0.000,0.666012,16605,0.435592,0.055345,0,0,0,0.6600,南山区,21,21,0,0,0,0,1
2021-11-06,589179428,20190000000000000003,900200000000000030,1,29.830,349.440,10422.000,2021-11-06 11:00:00.000,L2FT01-FTJ011,13.85,0.000,0.666012,16605,0.435592,0.055345,0,0,0,0.6600,南山区,21,21,0,0,0,0,1
2021-11-06,589179428,20190000000000000003,900200000000000038,1,49.234,310.256,15273.333,2021-11-06 12:00:00.000,L2FT01-FTJ011,13.07,0.000,0.666012,16605,0.435592,0.055345,0,0,0,0.6600,南山区,21,21,0,0,0,0,1
2021-11-06,589179428,20190000000000000003,900200000000000049,1,67.842,339.750,23047.500,2021-11-06 12:30:00.000,L2FT01-FTJ011,13.07,0.000,0.666012,16605,0.435592,0.055345,0,0,0,0.6600,南山区,21,21,0,0,0,0,1
2021-11-06,589179428,20190000000000000003,900200000000000049,1,67.790,352.267,23879.333,2021-11-06 12:45:00.000,L2FT01-FTJ011,13.07,0.000,0.666012,16605,0.435592,0.055345,0,0,0,0.6600,南山区,21,21,0,0,0,0,1
2021-11-06,589179428,20190000000000000003,900200000000000049,1,47.023,361.907,17010.000,2021-11-06 13:00:00.000,L2FT01-FTJ011,12.30,0.000,0.666012,16605,0.435592,0.055345,0,0,0,0.6600,南山区,21,21,0,0,0,0,1
2021-11-06,589179428,20190000000000000003,900200000000000049,1,21.197,365.033,7734.000,2021-11-06 13:15:00.000,L2FT01-FTJ011,12.30,0.000,0.666012,16605,0.435592,0.055345,0,0,0,0.6600,南山区,21,21,0,0,0,0,1
2021-11-06,589179428,20190000000000000003,900200000000000049,1,13.690,365.800,5010.000,2021-11-06 13:30:00.000,L2FT01-FTJ011,12.30,0.000,0.666012,16605,0.435592,0.055345,0,0,0,0.6600,南山区,21,21,0,0,0,0,1
2021-11-06,589179428,20190000000000000003,900200000000000042,1,62.398,354.469,22116.923,2021-11-06 14:15:00.000,L2FT01-FTJ011,11.57,0.000,0.666012,16605,0.435592,0.055345,0,0,0,0.6600,南山区,21,21,0,0,0,0,1
2021-11-06,589179428,20190000000000000003,900200000000000042,1,55.545,354.850,19705.000,2021-11-06 14:30:00.000,L2FT01-FTJ011,11.57,0.000,0.666012,16605,0.435592,0.055345,0,0,0,0.6600,南山区,21,21,0,0,0,0,1
2021-11-06,589179428,20190000000000000003,900200000000000047,1,201.438,316.320,63714.000,2021-11-06 16:00:00.000,L2FT01-FTJ011,10.47,0.000,0.666012,16605,0.435592,0.055345,0,0,0,0.6600,南山区,21,21,0,0,0,0,1
2021-11-06,589179428,20190000000000000003,900200000000000047,1,203.033,317.282,64411.818,2021-11-06 16:15:00.000,L2FT01-FTJ011,10.47,0.000,0.666012,16605,0.435592,0.055345,0,0,0,0.6600,南山区,21,21,0,0,0,0,1
2021-11-06,589179428,20190000000000000003,900200000000000043,1,68.310,332.200,22685.000,2021-11-06 17:45:00.000,L2FT01-FTJ011,10.17,0.000,0.666012,16605,0.435592,0.055345,0,0,0,0.6600,南山区,21,21,0,0,0,0,1
2021-11-06,589179428,20190000000000000003,900200000000000043,1,59.111,339.827,20077.333,2021-11-06 18:00:00.000,L2FT01-FTJ011,10.07,0.000,0.666012,16605,0.435592,0.055345,0,0,0,0.6600,南山区,21,21,0,0,0,0,1
2021-11-06,589179428,20190000000000000003,900200000000000043,1,48.817,347.800,16970.000,2021-11-06 18:15:00.000,L2FT01-FTJ011,10.07,0.000,0.666012,16605,0.435592,0.055345,0,0,0,0.6600,南山区,21,21,0,0,0,0,1
2021-11-06,589179428,20190000000000000003,900200000000000032,1,47.890,300.300,14380.000,2021-11-06 18:30:00.000,L2FT01-FTJ011,10.07,0.000,0.666012,16605,0.435592,0.055345,0,0,0,0.6600,南山区,21,21,0,0,0,0,1
2021-11-06,589179428,20190000000000000003,900200000000000043,1,36.839,354.307,13044.667,2021-11-06 18:30:00.000,L2FT01-FTJ011,10.07,0.000,0.666012,16605,0.435592,0.055345,0,0,0,0.6600,南山区,21,21,0,0,0,0,1
2021-11-06,589179428,20190000000000000003,900200000000000043,1,23.404,358.487,8386.000,2021-11-06 18:45:00.000,L2FT01-FTJ011,10.07,0.000,0.666012,16605,0.435592,0.055345,0,0,0,0.6600,南山区,21,21,0,0,0,0,1
2021-11-06,589179428,20190000000000000003,900200000000000048,1,149.876,310.186,46487.143,2021-11-06 18:45:00.000,L2FT01-FTJ011,10.07,0.000,0.666012,16605,0.435592,0.055345,0,0,0,0.6600,南山区,21,21,0,0,0,0,1
2021-11-06,589179428,20190000000000000003,900200000000000048,1,149.803,311.620,46678.667,2021-11-06 19:00:00.000,L2FT01-FTJ011,10.17,0.000,0.666012,16605,0.435592,0.055345,0,0,0,0.6600,南山区,21,21,0,0,0,0,1
2021-11-06,589179428,20190000000000000003,900200000000000043,1,21.797,362.560,7901.333,2021-11-06 19:00:00.000,L2FT01-FTJ011,10.17,0.000,0.666012,16605,0.435592,0.055345,0,0,0,0.6600,南山区,21,21,0,0,0,0,1
2021-11-06,589179428,20190000000000000003,900200000000000043,1,18.684,366.547,6844.667,2021-11-06 19:15:00.000,L2FT01-FTJ011,10.17,0.000,0.666012,16605,0.435592,0.055345,0,0,0,0.6600,南山区,21,21,0,0,0,0,1
2021-11-06,589179428,20190000000000000003,900200000000000043,1,11.608,368.050,4271.667,2021-11-06 19:30:00.000,L2FT01-FTJ011,10.17,0.000,0.666012,16605,0.435592,0.055345,0,0,0,0.6600,南山区,21,21,0,0,0,0,1
2021-11-06,589179428,20190000000000000003,900200000000000049,1,59.180,446.943,27357.143,2021-11-06 20:30:00.000,L2FT01-FTJ011,10.47,0.000,0.666012,16605,0.435592,0.055345,0,0,0,0.6600,南山区,21,21,0,0,0,0,1
2021-11-06,589179428,20190000000000000003,900200000000000049,1,28.177,470.286,13250.000,2021-11-06 20:45:00.000,L2FT01-FTJ011,10.47,0.000,0.666012,16605,0.435592,0.055345,0,0,0,0.6600,南山区,21,21,0,0,0,0,1
2021-11-07,589179428,20190000000000000003,900200000000000038,1,128.697,304.967,39248.333,2021-11-07 00:45:00.000,L2FT01-FTJ011,13.07,0.000,0.666012,16605,0.435592,0.055345,0,0,0,0.6600,南山区,21,21,0,0,0,0,1
2021-11-07,589179428,20190000000000000003,900200000000000038,1,129.919,309.293,40180.667,2021-11-07 01:00:00.000,L2FT01-FTJ011,13.85,0.000,0.666012,16605,0.435592,0.055345,0,0,0,0.6600,南山区,21,21,0,0,0,0,1
2021-11-07,589179428,20190000000000000003,900200000000000038,1,126.625,310.487,39316.000,2021-11-07 01:15:00.000,L2FT01-FTJ011,13.85,0.000,0.666012,16605,0.435592,0.055345,0,0,0,0.6600,南山区,21,21,0,0,0,0,1
2021-11-07,589179428,20190000000000000003,900200000000000053,1,18.360,331.100,6076.667,2021-11-07 01:15:00.000,L2FT01-FTJ011,13.85,0.000,0.666012,16605,0.435592,0.055345,0,0,0,0.6600,南山区,21,21,0,0,0,0,1
2021-11-07,589179428,20190000000000000003,900200000000000038,1,129.842,311.813,40482.667,2021-11-07 01:30:00.000,L2FT01-FTJ011,13.85,0.000,0.666012,16605,0.435592,0.055345,0,0,0,0.6600,南山区,21,21,0,0,0,0,1
2021-11-07,589179428,20190000000000000003,900200000000000053,1,135.369,345.273,46734.667,2021-11-07 01:30:00.000,L2FT01-FTJ011,13.85,0.000,0.666012,16605,0.435592,0.055345,0,0,0,0.6600,南山区,21,21,0,0,0,0,1
2021-11-07,589179428,20190000000000000003,900200000000000053,1,134.245,358.067,48058.667,2021-11-07 01:45:00.000,L2FT01-FTJ011,13.85,0.000,0.666012,16605,0.435592,0.055345,0,0,0,0.6600,南山区,21,21,0,0,0,0,1
2021-11-07,589179428,20190000000000000003,900200000000000038,1,129.890,313.780,40754.667,2021-11-07 01:45:00.000,L2FT01-FTJ011,13.85,0.000,0.666012,16605,0.435592,0.055345,0,0,0,0.6600,南山区,21,21,0,0,0,0,1
2021-11-07,589179428,20190000000000000003,900200000000000044,1,149.821,311.269,46632.308,2021-11-07 01:45:00.000,L2FT01-FTJ011,13.85,0.000,0.666012,16605,0.435592,0.055345,0,0,0,0.6600,南山区,21,21,0,0,0,0,1
2021-11-07,589179428,20190000000000000003,900200000000000030,1,120.020,410.125,49267.500,2021-11-07 02:00:00.000,L2FT01-FTJ011,14.57,0.000,0.666012,16605,0.435592,0.055345,0,0,0,0.6600,南山区,21,21,0,0,0,0,1
2021-11-07,589179428,20190000000000000003,900200000000000038,1,129.890,314.727,40878.000,2021-11-07 02:00:00.000,L2FT01-FTJ011,14.57,0.000,0.666012,16605,0.435592,0.055345,0,0,0,0.6600,南山区,21,21,0,0,0,0,1
2021-11-07,589179428,20190000000000000003,900200000000000044,1,149.890,313.367,46967.333,2021-11-07 02:00:00.000,L2FT01-FTJ011,14.57,0.000,0.666012,16605,0.435592,0.055345,0,0,0,0.6600,南山区,21,21,0,0,0,0,1
2021-11-07,589179428,20190000000000000003,900200000000000053,1,104.284,374.627,39006.667,2021-11-07 02:00:00.000,L2FT01-FTJ011,14.57,0.000,0.666012,16605,0.435592,0.055345,0,0,0,0.6600,南山区,21,21,0,0,0,0,1
2021-11-07,589179428,20190000000000000003,900200000000000053,1,55.447,384.560,21306.667,2021-11-07 02:15:00.000,L2FT01-FTJ011,14.57,0.000,0.666012,16605,0.435592,0.055345,0,0,0,0.6600,南山区,21,21,0,0,0,0,1
2021-11-07,589179428,20190000000000000003,900200000000000044,1,149.912,315.120,47237.333,2021-11-07 02:15:00.000,L2FT01-FTJ011,14.57,0.000,0.666012,16605,0.435592,0.055345,0,0,0,0.6600,南山区,21,21,0,0,0,0,1
2021-11-07,589179428,20190000000000000003,900200000000000038,1,108.523,319.733,34526.000,2021-11-07 02:15:00.000,L2FT01-FTJ011,14.57,0.000,0.666012,16605,0.435592,0.055345,0,0,0,0.6600,南山区,21,21,0,0,0,0,1
2021-11-07,589179428,20190000000000000003,900200000000000030,1,122.754,419.587,51498.667,2021-11-07 02:15:00.000,L2FT01-FTJ011,14.57,0.000,0.666012,16605,0.435592,0.055345,0,0,0,0.6600,南山区,21,21,0,0,0,0,1
2021-11-07,589179428,20190000000000000003,900200000000000030,1,121.806,436.040,53108.000,2021-11-07 02:30:00.000,L2FT01-FTJ011,14.57,0.000,0.666012,16605,0.435592,0.055345,0,0,0,0.6600,南山区,21,21,0,0,0,0,1
2021-11-07,589179428,20190000000000000003,900200000000000044,1,124.567,319.760,39663.333,2021-11-07 02:30:00.000,L2FT01-FTJ011,14.57,0.000,0.666012,16605,0.435592,0.055345,0,0,0,0.6600,南山区,21,21,0,0,0,0,1
2021-11-07,589179428,20190000000000000003,900200000000000053,1,25.465,386.212,9832.500,2021-11-07 02:30:00.000,L2FT01-FTJ011,14.57,0.000,0.666012,16605,0.435592,0.055345,0,0,0,0.6600,南山区,21,21,0,0,0,0,1
2021-11-07,589179428,20190000000000000003,900200000000000030,1,82.766,456.213,37683.333,2021-11-07 02:45:00.000,L2FT01-FTJ011,14.57,0.000,0.666012,16605,0.435592,0.055345,0,0,0,0.6600,南山区,21,21,0,0,0,0,1
2021-11-07,589179428,20190000000000000003,900200000000000035,1,75.550,349.133,26444.667,2021-11-07 02:45:00.000,L2FT01-FTJ011,14.57,0.000,0.666012,16605,0.435592,0.055345,0,0,0,0.6600,南山区,21,21,0,0,0,0,1
2021-11-07,589179428,20190000000000000003,900200000000000044,1,29.890,332.200,9930.000,2021-11-07 02:45:00.000,L2FT01-FTJ011,14.57,0.000,0.666012,16605,0.435592,0.055345,0,0,0,0.6600,南山区,21,21,0,0,0,0,1
2021-11-07,589179428,20190000000000000003,900200000000000030,1,30.227,460.000,13903.333,2021-11-07 03:00:00.000,L2FT01-FTJ011,15.19,0.000,0.666012,16605,0.435592,0.055345,0,0,0,0.6600,南山区,21,21,0,0,0,0,1
2021-11-07,589179428,20190000000000000003,900200000000000035,1,80.870,361.320,29214.667,2021-11-07 03:00:00.000,L2FT01-FTJ011,15.19,0.000,0.666012,16605,0.435592,0.055345,0,0,0,0.6600,南山区,21,21,0,0,0,0,1
2021-11-07,589179428,20190000000000000003,900200000000000035,1,49.799,365.560,18202.667,2021-11-07 03:15:00.000,L2FT01-FTJ011,15.19,0.000,0.666012,16605,0.435592,0.055345,0,0,0,0.6600,南山区,21,21,0,0,0,0,1
2021-11-07,589179428,20190000000000000003,900200000000000035,1,29.625,365.993,10841.333,2021-11-07 03:30:00.000,L2FT01-FTJ011,15.19,0.000,0.666012,16605,0.435592,0.055345,0,0,0,0.6600,南山区,21,21,0,0,0,0,1
2021-11-07,589179428,20190000000000000003,900200000000000035,1,19.363,366.000,7084.286,2021-11-07 03:45:00.000,L2FT01-FTJ011,15.19,0.000,0.666012,16605,0.435592,0.055345,0,0,0,0.6600,南山区,21,21,0,0,0,0,1
2021-11-07,589179428,20190000000000000003,900200000000000053,1,122.999,422.087,51915.333,2021-11-07 10:45:00.000,L2FT01-FTJ011,14.57,0.000,0.666012,16605,0.435592,0.055345,0,0,0,0.6600,南山区,21,21,0,0,0,0,1
2021-11-07,589179428,20190000000000000003,900200000000000053,1,121.865,442.560,53920.667,2021-11-07 11:00:00.000,L2FT01-FTJ011,13.85,0.000,0.666012,16605,0.435592,0.055345,0,0,0,0.6600,南山区,21,21,0,0,0,0,1
2021-11-07,589179428,20190000000000000003,900200000000000057,1,64.010,331.378,21207.778,2021-11-07 11:00:00.000,L2FT01-FTJ011,13.85,0.000,0.666012,16605,0.435592,0.055345,0,0,0,0.6600,南山区,21,21,0,0,0,0,1
2021-11-07,589179428,20190000000000000003,900200000000000057,1,64.006,335.553,21473.333,2021-11-07 11:15:00.000,L2FT01-FTJ011,13.85,0.000,0.666012,16605,0.435592,0.055345,0,0,0,0.6600,南山区,21,21,0,0,0,0,1
2021-11-07,589179428,20190000000000000003,900200000000000053,1,59.092,457.540,27002.000,2021-11-07 11:15:00.000,L2FT01-FTJ011,13.85,0.000,0.666012,16605,0.435592,0.055345,0,0,0,0.6600,南山区,21,21,0,0,0,0,1
2021-11-07,589179428,20190000000000000003,900200000000000053,1,21.496,460.530,9896.000,2021-11-07 11:30:00.000,L2FT01-FTJ011,13.85,0.000,0.666012,16605,0.435592,0.055345,0,0,0,0.6600,南山区,21,21,0,0,0,0,1
2021-11-07,589179428,20190000000000000003,900200000000000057,1,63.920,342.047,21860.667,2021-11-07 11:30:00.000,L2FT01-FTJ011,13.85,0.000,0.666012,16605,0.435592,0.055345,0,0,0,0.6600,南山区,21,21,0,0,0,0,1
2021-11-07,589179428,20190000000000000003,900200000000000057,1,63.790,352.033,22454.667,2021-11-07 11:45:00.000,L2FT01-FTJ011,13.85,0.000,0.666012,16605,0.435592,0.055345,0,0,0,0.6600,南山区,21,21,0,0,0,0,1
2021-11-07,589179428,20190000000000000003,900200000000000057,1,63.790,363.193,23166.667,2021-11-07 12:00:00.000,L2FT01-FTJ011,13.07,0.000,0.666012,16605,0.435592,0.055345,0,0,0,0.6600,南山区,21,21,0,0,0,0,1
2021-11-07,589179428,20190000000000000003,900200000000000057,1,46.763,373.060,17430.000,2021-11-07 12:15:00.000,L2FT01-FTJ011,13.07,0.000,0.666012,16605,0.435592,0.055345,0,0,0,0.6600,南山区,21,21,0,0,0,0,1
2021-11-07,589179428,20190000000000000003,900200000000000057,1,20.670,376.980,7789.333,2021-11-07 12:30:00.000,L2FT01-FTJ011,13.07,0.000,0.666012,16605,0.435592,0.055345,0,0,0,0.6600,南山区,21,21,0,0,0,0,1
2021-11-07,589179428,20190000000000000003,900200000000000057,1,13.190,378.125,4985.000,2021-11-07 12:45:00.000,L2FT01-FTJ011,13.07,0.000,0.666012,16605,0.435592,0.055345,0,0,0,0.6600,南山区,21,21,0,0,0,0,1
2021-11-07,589179428,20190000000000000003,900200000000000040,1,97.438,328.969,32051.538,2021-11-07 12:45:00.000,L2FT01-FTJ011,13.07,0.000,0.666012,16605,0.435592,0.055345,0,0,0,0.6600,南山区,21,21,0,0,0,0,1
2021-11-07,589179428,20190000000000000003,900200000000000040,1,78.769,333.633,26184.444,2021-11-07 13:00:00.000,L2FT01-FTJ011,12.30,0.000,0.666012,16605,0.435592,0.055345,0,0,0,0.6600,南山区,21,21,0,0,0,0,1
2021-11-07,589179428,20190000000000000003,900200000000000043,1,69.890,328.993,22991.333,2021-11-07 14:15:00.000,L2FT01-FTJ011,11.57,0.000,0.666012,16605,0.435592,0.055345,0,0,0,0.6600,南山区,21,21,0,0,0,0,1
2021-11-07,589179428,20190000000000000003,900200000000000043,1,69.890,334.360,23365.333,2021-11-07 14:30:00.000,L2FT01-FTJ011,11.57,0.000,0.666012,16605,0.435592,0.055345,0,0,0,0.6600,南山区,21,21,0,0,0,0,1
2021-11-07,589179428,20190000000000000003,900200000000000043,1,69.797,340.947,23795.333,2021-11-07 14:45:00.000,L2FT01-FTJ011,11.57,0.000,0.666012,16605,0.435592,0.055345,0,0,0,0.6600,南山区,21,21,0,0,0,0,1
2021-11-07,589179428,20190000000000000003,900200000000000043,1,69.830,350.347,24463.333,2021-11-07 15:00:00.000,L2FT01-FTJ011,10.95,0.000,0.666012,16605,0.435592,0.055345,0,0,0,0.6600,南山区,21,21,0,0,0,0,1
2021-11-07,589179428,20190000000000000003,900200000000000043,1,69.790,359.827,25110.000,2021-11-07 15:15:00.000,L2FT01-FTJ011,10.95,0.000,0.666012,16605,0.435592,0.055345,0,0,0,0.6600,南山区,21,21,0,0,0,0,1
2021-11-07,589179428,20190000000000000003,900200000000000052,1,95.030,399.500,37960.000,2021-11-07 15:45:00.000,L2FT01-FTJ011,10.95,0.000,0.666012,16605,0.435592,0.055345,0,0,0,0.6600,南山区,21,21,0,0,0,0,1
2021-11-07,589179428,20190000000000000003,900200000000000052,1,95.000,401.787,38164.667,2021-11-07 16:00:00.000,L2FT01-FTJ011,10.47,0.000,0.666012,16605,0.435592,0.055345,0,0,0,0.6600,南山区,21,21,0,0,0,0,1
2021-11-07,589179428,20190000000000000003,900200000000000052,1,85.931,404.460,34755.333,2021-11-07 16:15:00.000,L2FT01-FTJ011,10.47,0.000,0.666012,16605,0.435592,0.055345,0,0,0,0.6600,南山区,21,21,0,0,0,0,1
2021-11-07,589179428,20190000000000000003,900200000000000052,1,14.690,399.300,5860.000,2021-11-07 16:30:00.000,L2FT01-FTJ011,10.47,0.000,0.666012,16605,0.435592,0.055345,0,0,0,0.6600,南山区,21,21,0,0,0,0,1
2021-11-07,589179428,20190000000000000003,900200000000000053,1,132.937,313.529,41678.571,2021-11-07 16:45:00.000,L2FT01-FTJ011,10.47,0.000,0.666012,16605,0.435592,0.055345,0,0,0,0.6600,南山区,21,21,0,0,0,0,1
2021-11-07,589179428,20190000000000000003,900200000000000048,1,128.531,311.264,40010.909,2021-11-07 17:00:00.000,L2FT01-FTJ011,10.17,0.000,0.666012,16605,0.435592,0.055345,0,0,0,0.6600,南山区,21,21,0,0,0,0,1
2021-11-07,589179428,20190000000000000003,900200000000000053,1,111.984,317.621,35417.143,2021-11-07 17:00:00.000,L2FT01-FTJ011,10.17,0.000,0.666012,16605,0.435592,0.055345,0,0,0,0.6600,南山区,21,21,0,0,0,0,1
2021-11-07,589179428,20190000000000000003,900200000000000048,1,129.890,313.773,40752.667,2021-11-07 17:15:00.000,L2FT01-FTJ011,10.17,0.000,0.666012,16605,0.435592,0.055345,0,0,0,0.6600,南山区,21,21,0,0,0,0,1
2021-11-07,589179428,20190000000000000003,900200000000000048,1,107.560,318.546,34088.462,2021-11-07 17:30:00.000,L2FT01-FTJ011,10.17,0.000,0.666012,16605,0.435592,0.055345,0,0,0,0.6600,南山区,21,21,0,0,0,0,1
2021-11-07,589179428,20190000000000000003,900200000000000047,1,71.090,301.067,21396.667,2021-11-07 18:00:00.000,L2FT01-FTJ011,10.07,0.000,0.666012,16605,0.435592,0.055345,0,0,0,0.6600,南山区,21,21,0,0,0,0,1
2021-11-07,589179428,20190000000000000003,900200000000000043,1,130.460,312.667,40790.000,2021-11-07 18:15:00.000,L2FT01-FTJ011,10.07,0.000,0.666012,16605,0.435592,0.055345,0,0,0,0.6600,南山区,21,21,0,0,0,0,1
2021-11-07,589179428,20190000000000000003,900200000000000043,1,134.818,313.920,42316.667,2021-11-07 18:30:00.000,L2FT01-FTJ011,10.07,0.000,0.666012,16605,0.435592,0.055345,0,0,0,0.6600,南山区,21,21,0,0,0,0,1
2021-11-07,589179428,20190000000000000003,900200000000000043,1,134.890,316.200,42650.000,2021-11-07 18:45:00.000,L2FT01-FTJ011,10.07,0.000,0.666012,16605,0.435592,0.055345,0,0,0,0.6600,南山区,21,21,0,0,0,0,1
2021-11-07,589179428,20190000000000000003,900200000000000048,1,84.461,319.757,26807.143,2021-11-07 18:45:00.000,L2FT01-FTJ011,10.07,0.000,0.666012,16605,0.435592,0.055345,0,0,0,0.6600,南山区,21,21,0,0,0,0,1
2021-11-07,589179428,20190000000000000003,900200000000000053,1,149.826,314.600,47132.727,2021-11-07 20:15:00.000,L2FT01-FTJ011,10.47,0.000,0.666012,16605,0.435592,0.055345,0,0,0,0.6600,南山区,21,21,0,0,0,0,1
2021-11-07,589179428,20190000000000000003,900200000000000056,1,82.457,361.100,29766.667,2021-11-07 21:00:00.000,L2FT01-FTJ011,10.95,0.000,0.666012,16605,0.435592,0.055345,0,0,0,0.6600,南山区,21,21,0,0,0,0,1
2021-11-07,589179428,20190000000000000003,900200000000000056,1,77.210,374.487,28912.000,2021-11-07 21:15:00.000,L2FT01-FTJ011,10.95,0.000,0.666012,16605,0.435592,0.055345,0,0,0,0.6600,南山区,21,21,0,0,0,0,1
2021-11-07,589179428,20190000000000000003,900200000000000056,1,55.678,393.427,21847.333,2021-11-07 21:30:00.000,L2FT01-FTJ011,10.95,0.000,0.666012,16605,0.435592,0.055345,0,0,0,0.6600,南山区,21,21,0,0,0,0,1
2021-11-07,589179428,20190000000000000003,900200000000000049,1,136.958,469.508,65053.333,2021-11-07 23:00:00.000,L2FT01-FTJ011,12.30,0.000,0.666012,16605,0.435592,0.055345,0,0,0,0.6600,南山区,21,21,0,0,0,0,1
2021-11-07,589179428,20190000000000000003,900200000000000043,1,92.174,466.457,43780.000,2021-11-07 23:00:00.000,L2FT01-FTJ011,12.30,0.000,0.666012,16605,0.435592,0.055345,0,0,0,0.6600,南山区,21,21,0,0,0,0,1
2021-11-07,589179428,20190000000000000003,900200000000000049,1,149.890,476.073,71358.000,2021-11-07 23:15:00.000,L2FT01-FTJ011,12.30,0.000,0.666012,16605,0.435592,0.055345,0,0,0,0.6600,南山区,21,21,0,0,0,0,1
2021-11-07,589179428,20190000000000000003,900200000000000043,1,105.190,476.087,50078.667,2021-11-07 23:15:00.000,L2FT01-FTJ011,12.30,0.000,0.666012,16605,0.435592,0.055345,0,0,0,0.6600,南山区,21,21,0,0,0,0,1
2021-11-07,589179428,20190000000000000003,900200000000000043,1,102.650,475.860,48849.333,2021-11-07 23:30:00.000,L2FT01-FTJ011,12.30,0.000,0.666012,16605,0.435592,0.055345,0,0,0,0.6600,南山区,21,21,0,0,0,0,1
2021-11-07,589179428,20190000000000000003,900200000000000049,1,149.989,476.573,71478.667,2021-11-07 23:30:00.000,L2FT01-FTJ011,12.30,0.000,0.666012,16605,0.435592,0.055345,0,0,0,0.6600,南山区,21,21,0,0,0,0,1
2021-11-07,589179428,20190000000000000003,900200000000000052,1,18.500,339.500,6280.000,2021-11-07 23:30:00.000,L2FT01-FTJ011,12.30,0.000,0.666012,16605,0.435592,0.055345,0,0,0,0.6600,南山区,21,21,0,0,0,0,1
2021-11-07,589179428,20190000000000000003,900200000000000043,1,78.799,475.460,37466.000,2021-11-07 23:45:00.000,L2FT01-FTJ011,12.30,0.000,0.666012,16605,0.435592,0.055345,0,0,0,0.6600,南山区,21,21,0,0,0,0,1
2021-11-07,589179428,20190000000000000003,900200000000000049,1,130.583,476.687,62250.667,2021-11-07 23:45:00.000,L2FT01-FTJ011,12.30,0.000,0.666012,16605,0.435592,0.055345,0,0,0,0.6600,南山区,21,21,0,0,0,0,1
2021-11-07,589179428,20190000000000000003,900200000000000052,1,131.586,354.673,46790.000,2021-11-07 23:45:00.000,L2FT01-FTJ011,12.30,0.000,0.666012,16605,0.435592,0.055345,0,0,0,0.6600,南山区,21,21,0,0,0,0,1
2021-11-08,589179428,20190000000000000003,900200000000000049,1,66.261,476.121,31558.571,2021-11-08 00:00:00.000,L2FT01-FTJ011,13.07,0.000,0.666012,16605,0.435592,0.055345,0,0,1,0.6600,南山区,21,21,0,0,0,0,1
2021-11-08,589179428,20190000000000000003,900200000000000052,1,113.451,373.567,42318.667,2021-11-08 00:00:00.000,L2FT01-FTJ011,13.07,0.000,0.666012,16605,0.435592,0.055345,0,0,1,0.6600,南山区,21,21,0,0,0,0,1
2021-11-08,589179428,20190000000000000003,900200000000000043,1,36.531,475.240,17361.000,2021-11-08 00:00:00.000,L2FT01-FTJ011,13.07,0.000,0.666012,16605,0.435592,0.055345,0,0,1,0.6600,南山区,21,21,0,0,0,0,1
2021-11-08,589179428,20190000000000000003,900200000000000052,1,65.443,384.820,25160.000,2021-11-08 00:15:00.000,L2FT01-FTJ011,13.07,0.000,0.666012,16605,0.435592,0.055345,0,0,1,0.6600,南山区,21,21,0,0,0,0,1
2021-11-08,589179428,20190000000000000003,900200000000000052,1,26.324,387.567,10201.333,2021-11-08 00:30:00.000,L2FT01-FTJ011,13.07,0.000,0.666012,16605,0.435592,0.055345,0,0,1,0.6600,南山区,21,21,0,0,0,0,1
2021-11-08,589179428,20190000000000000003,900200000000000052,1,26.257,391.200,10270.833,2021-11-08 00:45:00.000,L2FT01-FTJ011,13.07,0.000,0.666012,16605,0.435592,0.055345,0,0,1,0.6600,南山区,21,21,0,0,0,0,1
2021-11-08,589179428,20190000000000000003,900200000000000040,1,121.874,307.556,37480.000,2021-11-08 02:30:00.000,L2FT01-FTJ011,14.57,0.000,0.666012,16605,0.435592,0.055345,0,0,1,0.6600,南山区,21,21,0,0,0,0,1
2021-11-08,589179428,20190000000000000003,900200000000000040,1,121.800,309.727,37720.667,2021-11-08 02:45:00.000,L2FT01-FTJ011,14.57,0.000,0.666012,16605,0.435592,0.055345,0,0,1,0.6600,南山区,21,21,0,0,0,0,1
2021-11-08,589179428,20190000000000000003,900200000000000040,1,119.894,310.333,37203.333,2021-11-08 03:00:00.000,L2FT01-FTJ011,15.19,0.000,0.666012,16605,0.435592,0.055345,0,0,1,0.6600,南山区,21,21,0,0,0,0,1
2021-11-08,589179428,20190000000000000003,900200000000000040,1,112.486,311.587,35050.000,2021-11-08 03:15:00.000,L2FT01-FTJ011,15.19,0.000,0.666012,16605,0.435592,0.055345,0,0,1,0.6600,南山区,21,21,0,0,0,0,1
2021-11-08,589179428,20190000000000000003,900200000000000044,1,129.917,311.150,40422.500,2021-11-08 03:30:00.000,L2FT01-FTJ011,15.19,0.000,0.666012,16605,0.435592,0.055345,0,0,1,0.6600,南山区,21,21,0,0,0,0,1
2021-11-08,589179428,20190000000000000003,900200000000000040,1,107.345,312.833,33586.000,2021-11-08 03:30:00.000,L2FT01-FTJ011,15.19,0.000,0.666012,16605,0.435592,0.055345,0,0,1,0.6600,南山区,21,21,0,0,0,0,1
2021-11-08,589179428,20190000000000000003,900200000000000040,1,109.243,313.513,34249.333,2021-11-08 03:45:00.000,L2FT01-FTJ011,15.19,0.000,0.666012,16605,0.435592,0.055345,0,0,1,0.6600,南山区,21,21,0,0,0,0,1
2021-11-08,589179428,20190000000000000003,900200000000000044,1,128.328,313.580,40237.333,2021-11-08 03:45:00.000,L2FT01-FTJ011,15.19,0.000,0.666012,16605,0.435592,0.055345,0,0,1,0.6600,南山区,21,21,0,0,0,0,1
2021-11-08,589179428,20190000000000000003,900200000000000040,1,109.613,314.387,34464.000,2021-11-08 04:00:00.000,L2FT01-FTJ011,15.67,0.000,0.666012,16605,0.435592,0.055345,0,0,1,0.6600,南山区,21,21,0,0,0,0,1
2021-11-08,589179428,20190000000000000003,900200000000000044,1,130.006,314.293,40855.333,2021-11-08 04:00:00.000,L2FT01-FTJ011,15.67,0.000,0.666012,16605,0.435592,0.055345,0,0,1,0.6600,南山区,21,21,0,0,0,0,1
2021-11-08,589179428,20190000000000000003,900200000000000040,1,86.076,320.869,27437.692,2021-11-08 04:15:00.000,L2FT01-FTJ011,15.67,0.000,0.666012,16605,0.435592,0.055345,0,0,1,0.6600,南山区,21,21,0,0,0,0,1
2021-11-08,589179428,20190000000000000003,900200000000000044,1,126.053,318.507,40105.333,2021-11-08 04:15:00.000,L2FT01-FTJ011,15.67,0.000,0.666012,16605,0.435592,0.055345,0,0,1,0.6600,南山区,21,21,0,0,0,0,1
2021-11-08,589179428,20190000000000000003,900200000000000044,1,29.890,332.400,9930.000,2021-11-08 04:30:00.000,L2FT01-FTJ011,15.67,0.000,0.666012,16605,0.435592,0.055345,0,0,1,0.6600,南山区,21,21,0,0,0,0,1
2021-11-08,589179428,20190000000000000003,900200000000000053,1,138.694,430.680,59738.000,2021-11-08 05:00:00.000,L2FT01-FTJ011,15.97,0.000,0.666012,16605,0.435592,0.055345,0,0,1,0.6600,南山区,21,21,0,0,0,0,1
2021-11-08,589179428,20190000000000000003,900200000000000053,1,104.594,428.987,44930.000,2021-11-08 05:15:00.000,L2FT01-FTJ011,15.97,0.000,0.666012,16605,0.435592,0.055345,0,0,1,0.6600,南山区,21,21,0,0,0,0,1
2021-11-08,589179428,20190000000000000003,900200000000000053,1,61.455,429.479,26341.429,2021-11-08 05:30:00.000,L2FT01-FTJ011,15.97,0.000,0.666012,16605,0.435592,0.055345,0,0,1,0.6600,南山区,21,21,0,0,0,0,1
2021-11-08,589179428,20190000000000000003,900200000000000050,1,103.563,356.000,37160.000,2021-11-08 08:00:00.000,L2FT01-FTJ011,15.67,0.000,0.666012,16605,0.435592,0.055345,0,0,1,0.6600,南山区,21,21,0,0,0,0,1
2021-11-08,589179428,20190000000000000003,900200000000000050,1,154.174,364.207,56158.667,2021-11-08 08:15:00.000,L2FT01-FTJ011,15.67,0.000,0.666012,16605,0.435592,0.055345,0,0,1,0.6600,南山区,21,21,0,0,0,0,1
2021-11-08,589179428,20190000000000000003,900200000000000050,1,163.122,364.787,59544.667,2021-11-08 08:30:00.000,L2FT01-FTJ011,15.67,0.000,0.666012,16605,0.435592,0.055345,0,0,1,0.6600,南山区,21,21,0,0,0,0,1
2021-11-08,589179428,20190000000000000003,900200000000000050,1,123.921,364.580,45186.000,2021-11-08 08:45:00.000,L2FT01-FTJ011,15.67,0.000,0.666012,16605,0.435592,0.055345,0,0,1,0.6600,南山区,21,21,0,0,0,0,1
2021-11-08,589179428,20190000000000000003,900200000000000050,1,83.627,363.567,30400.000,2021-11-08 09:00:00.000,L2FT01-FTJ011,15.19,0.000,0.666012,16605,0.435592,0.055345,0,0,1,0.6600,南山区,21,21,0,0,0,0,1
2021-11-08,589179428,20190000000000000003,900200000000000050,1,141.262,389.583,55315.000,2021-11-08 11:00:00.000,L2FT01-FTJ011,13.85,0.000,0.666012,16605,0.435592,0.055345,0,0,1,0.6600,南山区,21,21,0,0,0,0,1
2021-11-08,589179428,20190000000000000003,900200000000000039,1,68.860,363.067,25200.000,2021-11-08 11:00:00.000,L2FT01-FTJ011,13.85,0.000,0.666012,16605,0.435592,0.055345,0,0,1,0.6600,南山区,21,21,0,0,0,0,1
2021-11-08,589179428,20190000000000000003,900200000000000038,1,116.024,358.875,41662.500,2021-11-08 11:15:00.000,L2FT01-FTJ011,13.85,0.000,0.666012,16605,0.435592,0.055345,0,0,1,0.6600,南山区,21,21,0,0,0,0,1
2021-11-08,589179428,20190000000000000003,900200000000000039,1,109.505,374.267,40977.333,2021-11-08 11:15:00.000,L2FT01-FTJ011,13.85,0.000,0.666012,16605,0.435592,0.055345,0,0,1,0.6600,南山区,21,21,0,0,0,0,1
2021-11-08,589179428,20190000000000000003,900200000000000050,1,160.856,405.740,65226.000,2021-11-08 11:15:00.000,L2FT01-FTJ011,13.85,0.000,0.666012,16605,0.435592,0.055345,0,0,1,0.6600,南山区,21,21,0,0,0,0,1
2021-11-08,589179428,20190000000000000003,900200000000000038,1,75.401,357.429,27056.429,2021-11-08 11:30:00.000,L2FT01-FTJ011,13.85,0.000,0.666012,16605,0.435592,0.055345,0,0,1,0.6600,南山区,21,21,0,0,0,0,1
2021-11-08,589179428,20190000000000000003,900200000000000039,1,84.659,389.207,32897.333,2021-11-08 11:30:00.000,L2FT01-FTJ011,13.85,0.000,0.666012,16605,0.435592,0.055345,0,0,1,0.6600,南山区,21,21,0,0,0,0,1
2021-11-08,589179428,20190000000000000003,900200000000000050,1,112.181,424.060,47490.667,2021-11-08 11:30:00.000,L2FT01-FTJ011,13.85,0.000,0.666012,16605,0.435592,0.055345,0,0,1,0.6600,南山区,21,21,0,0,0,0,1
2021-11-08,589179428,20190000000000000003,900200000000000050,1,61.639,435.273,26814.667,2021-11-08 11:45:00.000,L2FT01-FTJ011,13.85,0.000,0.666012,16605,0.435592,0.055345,0,0,1,0.6600,南山区,21,21,0,0,0,0,1
2021-11-08,589179428,20190000000000000003,900200000000000039,1,63.790,398.011,25388.889,2021-11-08 11:45:00.000,L2FT01-FTJ011,13.85,0.000,0.666012,16605,0.435592,0.055345,0,0,1,0.6600,南山区,21,21,0,0,0,0,1
2021-11-08,589179428,20190000000000000003,900200000000000050,1,44.181,443.540,19583.333,2021-11-08 12:00:00.000,L2FT01-FTJ011,13.07,0.000,0.666012,16605,0.435592,0.055345,0,0,1,0.6600,南山区,21,21,0,0,0,0,1
2021-11-08,589179428,20190000000000000003,900200000000000049,1,55.160,444.800,25603.333,2021-11-08 12:45:00.000,L2FT01-FTJ011,13.07,0.000,0.666012,16605,0.435592,0.055345,0,0,1,0.6600,南山区,21,21,0,0,0,0,1
2021-11-08,589179428,20190000000000000003,900200000000000039,1,129.790,317.200,41170.000,2021-11-08 13:00:00.000,L2FT01-FTJ011,12.30,0.000,0.666012,16605,0.435592,0.055345,0,0,1,0.6600,南山区,21,21,0,0,0,0,1
2021-11-08,589179428,20190000000000000003,900200000000000035,1,49.782,332.583,16554.167,2021-11-08 13:30:00.000,L2FT01-FTJ011,12.30,0.000,0.666012,16605,0.435592,0.055345,0,0,1,0.6600,南山区,21,21,0,0,0,0,1
2021-11-08,589179428,20190000000000000003,900200000000000035,1,49.790,342.147,17034.000,2021-11-08 13:45:00.000,L2FT01-FTJ011,12.30,0.000,0.666012,16605,0.435592,0.055345,0,0,1,0.6600,南山区,21,21,0,0,0,0,1
2021-11-08,589179428,20190000000000000003,900200000000000040,1,58.270,491.629,28640.000,2021-11-08 14:00:00.000,L2FT01-FTJ011,11.57,0.000,0.666012,16605,0.435592,0.055345,0,0,1,0.6600,南山区,21,21,0,0,0,0,1
2021-11-08,589179428,20190000000000000003,900200000000000035,1,17.175,346.115,5989.231,2021-11-08 14:00:00.000,L2FT01-FTJ011,11.57,0.000,0.666012,16605,0.435592,0.055345,0,0,1,0.6600,南山区,21,21,0,0,0,0,1
2021-11-08,589179428,20190000000000000003,900200000000000056,1,65.385,353.164,23271.818,2021-11-08 15:15:00.000,L2FT01-FTJ011,10.95,0.000,0.666012,16605,0.435592,0.055345,0,0,1,0.6600,南山区,21,21,0,0,0,0,1
2021-11-08,589179428,20190000000000000003,900200000000000056,1,85.351,365.850,31244.167,2021-11-08 15:30:00.000,L2FT01-FTJ011,10.95,0.000,0.666012,16605,0.435592,0.055345,0,0,1,0.6600,南山区,21,21,0,0,0,0,1
2021-11-08,589179428,20190000000000000003,900200000000000057,1,129.890,306.700,39840.000,2021-11-08 15:45:00.000,L2FT01-FTJ011,10.95,0.000,0.666012,16605,0.435592,0.055345,0,0,1,0.6600,南山区,21,21,0,0,0,0,1
2021-11-08,589179428,20190000000000000003,900200000000000057,1,129.842,310.487,40310.667,2021-11-08 16:00:00.000,L2FT01-FTJ011,10.47,0.000,0.666012,16605,0.435592,0.055345,0,0,1,0.6600,南山区,21,21,0,0,0,0,1
2021-11-08,589179428,20190000000000000003,900200000000000057,1,129.877,311.067,40398.667,2021-11-08 16:15:00.000,L2FT01-FTJ011,10.47,0.000,0.666012,16605,0.435592,0.055345,0,0,1,0.6600,南山区,21,21,0,0,0,0,1
2021-11-08,589179428,20190000000000000003,900200000000000034,1,103.836,308.820,32250.000,2021-11-08 16:30:00.000,L2FT01-FTJ011,10.47,0.000,0.666012,16605,0.435592,0.055345,0,0,1,0.6600,南山区,21,21,0,0,0,0,1
2021-11-08,589179428,20190000000000000003,900200000000000057,1,129.818,312.647,40582.000,2021-11-08 16:30:00.000,L2FT01-FTJ011,10.47,0.000,0.666012,16605,0.435592,0.055345,0,0,1,0.6600,南山区,21,21,0,0,0,0,1
2021-11-08,589179428,20190000000000000003,900200000000000034,1,129.866,311.827,40492.667,2021-11-08 16:45:00.000,L2FT01-FTJ011,10.47,0.000,0.666012,16605,0.435592,0.055345,0,0,1,0.6600,南山区,21,21,0,0,0,0,1
2021-11-08,589179428,20190000000000000003,900200000000000057,1,129.893,314.767,40883.333,2021-11-08 16:45:00.000,L2FT01-FTJ011,10.47,0.000,0.666012,16605,0.435592,0.055345,0,0,1,0.6600,南山区,21,21,0,0,0,0,1
2021-11-08,589179428,20190000000000000003,900200000000000034,1,129.872,313.787,40748.667,2021-11-08 17:00:00.000,L2FT01-FTJ011,10.17,0.000,0.666012,16605,0.435592,0.055345,0,0,1,0.6600,南山区,21,21,0,0,0,0,1
2021-11-08,589179428,20190000000000000003,900200000000000057,1,129.875,316.100,41051.667,2021-11-08 17:00:00.000,L2FT01-FTJ011,10.17,0.000,0.666012,16605,0.435592,0.055345,0,0,1,0.6600,南山区,21,21,0,0,0,0,1
2021-11-08,589179428,20190000000000000003,900200000000000034,1,129.860,314.233,40803.333,2021-11-08 17:15:00.000,L2FT01-FTJ011,10.17,0.000,0.666012,16605,0.435592,0.055345,0,0,1,0.6600,南山区,21,21,0,0,0,0,1
2021-11-08,589179428,20190000000000000003,900200000000000052,1,70.903,404.389,28671.111,2021-11-08 17:30:00.000,L2FT01-FTJ011,10.17,0.000,0.666012,16605,0.435592,0.055345,0,0,1,0.6600,南山区,21,21,0,0,0,0,1
2021-11-08,589179428,20190000000000000003,900200000000000049,1,71.590,305.100,21840.000,2021-11-08 17:45:00.000,L2FT01-FTJ011,10.17,0.000,0.666012,16605,0.435592,0.055345,0,0,1,0.6600,南山区,21,21,0,0,0,0,1
2021-11-08,589179428,20190000000000000003,900200000000000052,1,59.895,406.780,24384.000,2021-11-08 17:45:00.000,L2FT01-FTJ011,10.17,0.000,0.666012,16605,0.435592,0.055345,0,0,1,0.6600,南山区,21,21,0,0,0,0,1
2021-11-08,589179428,20190000000000000003,900200000000000042,1,129.913,309.983,40266.667,2021-11-08 19:30:00.000,L2FT01-FTJ011,10.17,0.000,0.666012,16605,0.435592,0.055345,0,0,1,0.6600,南山区,21,21,0,0,0,0,1
2021-11-08,589179428,20190000000000000003,900200000000000042,1,129.978,310.940,40410.000,2021-11-08 19:45:00.000,L2FT01-FTJ011,10.17,0.000,0.666012,16605,0.435592,0.055345,0,0,1,0.6600,南山区,21,21,0,0,0,0,1
2021-11-08,589179428,20190000000000000003,900200000000000042,1,129.839,312.280,40542.000,2021-11-08 20:00:00.000,L2FT01-FTJ011,10.47,0.000,0.666012,16605,0.435592,0.055345,0,0,1,0.6600,南山区,21,21,0,0,0,0,1
2021-11-08,589179428,20190000000000000003,900200000000000042,1,129.836,313.933,40756.667,2021-11-08 20:15:00.000,L2FT01-FTJ011,10.47,0.000,0.666012,16605,0.435592,0.055345,0,0,1,0.6600,南山区,21,21,0,0,0,0,1
2021-11-08,589179428,20190000000000000003,900200000000000042,1,129.921,315.200,40947.333,2021-11-08 20:30:00.000,L2FT01-FTJ011,10.47,0.000,0.666012,16605,0.435592,0.055345,0,0,1,0.6600,南山区,21,21,0,0,0,0,1
2021-11-08,589179428,20190000000000000003,900200000000000042,1,94.408,322.464,30232.727,2021-11-08 20:45:00.000,L2FT01-FTJ011,10.47,0.000,0.666012,16605,0.435592,0.055345,0,0,1,0.6600,南山区,21,21,0,0,0,0,1
2021-11-09,589179428,20190000000000000003,900200000000000056,1,130.051,311.250,40475.000,2021-11-09 02:00:00.000,L2FT01-FTJ011,14.57,0.000,0.666012,16605,0.435592,0.055345,0,0,1,0.6600,南山区,21,21,0,0,0,0,1
2021-11-09,589179428,20190000000000000003,900200000000000056,1,130.066,312.067,40586.667,2021-11-09 02:15:00.000,L2FT01-FTJ011,14.57,0.000,0.666012,16605,0.435592,0.055345,0,0,1,0.6600,南山区,21,21,0,0,0,0,1
2021-11-09,589179428,20190000000000000003,900200000000000056,1,130.066,313.633,40790.667,2021-11-09 02:30:00.000,L2FT01-FTJ011,14.57,0.000,0.666012,16605,0.435592,0.055345,0,0,1,0.6600,南山区,21,21,0,0,0,0,1
2021-11-09,589179428,20190000000000000003,900200000000000056,1,130.000,314.847,40925.333,2021-11-09 02:45:00.000,L2FT01-FTJ011,14.57,0.000,0.666012,16605,0.435592,0.055345,0,0,1,0.6600,南山区,21,21,0,0,0,0,1
2021-11-09,589179428,20190000000000000003,900200000000000056,1,104.549,319.200,33236.000,2021-11-09 03:00:00.000,L2FT01-FTJ011,15.19,0.000,0.666012,16605,0.435592,0.055345,0,0,1,0.6600,南山区,21,21,0,0,0,0,1
2021-11-09,589179428,20190000000000000003,900200000000000056,1,29.790,335.000,9980.000,2021-11-09 03:15:00.000,L2FT01-FTJ011,15.19,0.000,0.666012,16605,0.435592,0.055345,0,0,1,0.6600,南山区,21,21,0,0,0,0,1
2021-11-09,589179428,20190000000000000003,900200000000000049,1,76.319,351.743,26842.857,2021-11-09 07:15:00.000,L2FT01-FTJ011,15.97,0.000,0.666012,16605,0.435592,0.055345,0,0,1,0.6600,南山区,21,21,0,0,0,0,1
2021-11-09,589179428,20190000000000000003,900200000000000049,1,76.390,364.053,27808.667,2021-11-09 07:30:00.000,L2FT01-FTJ011,15.97,0.000,0.666012,16605,0.435592,0.055345,0,0,1,0.6600,南山区,21,21,0,0,0,0,1
2021-11-09,589179428,20190000000000000003,900200000000000049,1,68.203,377.300,25728.000,2021-11-09 07:45:00.000,L2FT01-FTJ011,15.97,0.000,0.666012,16605,0.435592,0.055345,0,0,1,0.6600,南山区,21,21,0,0,0,0,1
2021-11-09,589179428,20190000000000000003,900200000000000049,1,35.844,380.092,13625.385,2021-11-09 08:00:00.000,L2FT01-FTJ011,15.67,0.000,0.666012,16605,0.435592,0.055345,0,0,1,0.6600,南山区,21,21,0,0,0,0,1
2021-11-09,589179428,20190000000000000003,900200000000000032,1,150.166,314.850,47275.000,2021-11-09 09:15:00.000,L2FT01-FTJ011,15.19,0.000,0.666012,16605,0.435592,0.055345,0,0,1,0.6600,南山区,21,21,0,0,0,0,1
2021-11-09,589179428,20190000000000000003,900200000000000032,1,131.722,317.191,41730.909,2021-11-09 09:30:00.000,L2FT01-FTJ011,15.19,0.000,0.666012,16605,0.435592,0.055345,0,0,1,0.6600,南山区,21,21,0,0,0,0,1
2021-11-09,589179428,20190000000000000003,900200000000000049,1,103.248,360.762,37243.750,2021-11-09 09:45:00.000,L2FT01-FTJ011,15.19,0.000,0.666012,16605,0.435592,0.055345,0,0,1,0.6600,南山区,21,21,0,0,0,0,1
2021-11-09,589179428,20190000000000000003,900200000000000048,1,99.163,366.767,36378.333,2021-11-09 10:00:00.000,L2FT01-FTJ011,14.57,0.000,0.666012,16605,0.435592,0.055345,0,0,1,0.6600,南山区,21,21,0,0,0,0,1
2021-11-09,589179428,20190000000000000003,900200000000000049,1,103.042,373.920,38525.333,2021-11-09 10:00:00.000,L2FT01-FTJ011,14.57,0.000,0.666012,16605,0.435592,0.055345,0,0,1,0.6600,南山区,21,21,0,0,0,0,1
2021-11-09,589179428,20190000000000000003,900200000000000049,1,42.819,381.653,16343.333,2021-11-09 10:15:00.000,L2FT01-FTJ011,14.57,0.000,0.666012,16605,0.435592,0.055345,0,0,1,0.6600,南山区,21,21,0,0,0,0,1
2021-11-09,589179428,20190000000000000003,900200000000000048,1,99.820,371.420,37068.000,2021-11-09 10:15:00.000,L2FT01-FTJ011,14.57,0.000,0.666012,16605,0.435592,0.055345,0,0,1,0.6600,南山区,21,21,0,0,0,0,1
2021-11-09,589179428,20190000000000000003,900200000000000049,1,25.590,383.550,9813.333,2021-11-09 10:30:00.000,L2FT01-FTJ011,14.57,0.000,0.666012,16605,0.435592,0.055345,0,0,1,0.6600,南山区,21,21,0,0,0,0,1
2021-11-09,589179428,20190000000000000003,900200000000000052,1,66.412,335.067,22266.000,2021-11-09 11:00:00.000,L2FT01-FTJ011,13.85,0.000,0.666012,16605,0.435592,0.055345,0,0,1,0.6600,南山区,21,21,0,0,0,0,1
2021-11-09,589179428,20190000000000000003,900200000000000040,1,100.540,362.587,36431.333,2021-11-09 11:15:00.000,L2FT01-FTJ011,13.85,0.000,0.666012,16605,0.435592,0.055345,0,0,1,0.6600,南山区,21,21,0,0,0,0,1
2021-11-09,589179428,20190000000000000003,900200000000000052,1,40.417,339.527,13726.000,2021-11-09 11:15:00.000,L2FT01-FTJ011,13.85,0.000,0.666012,16605,0.435592,0.055345,0,0,1,0.6600,南山区,21,21,0,0,0,0,1
2021-11-09,589179428,20190000000000000003,900200000000000040,1,80.819,375.173,30304.000,2021-11-09 11:30:00.000,L2FT01-FTJ011,13.85,0.000,0.666012,16605,0.435592,0.055345,0,0,1,0.6600,南山区,21,21,0,0,0,0,1
2021-11-09,589179428,20190000000000000003,900200000000000052,1,22.790,339.900,7744.615,2021-11-09 11:30:00.000,L2FT01-FTJ011,13.85,0.000,0.666012,16605,0.435592,0.055345,0,0,1,0.6600,南山区,21,21,0,0,0,0,1
2021-11-09,589179428,20190000000000000003,900200000000000040,1,56.179,390.040,21877.333,2021-11-09 11:45:00.000,L2FT01-FTJ011,13.85,0.000,0.666012,16605,0.435592,0.055345,0,0,1,0.6600,南山区,21,21,0,0,0,0,1
2021-11-09,589179428,20190000000000000003,900200000000000040,1,31.853,397.547,12660.667,2021-11-09 12:00:00.000,L2FT01-FTJ011,13.07,0.000,0.666012,16605,0.435592,0.055345,0,0,1,0.6600,南山区,21,21,0,0,0,0,1
2021-11-09,589179428,20190000000000000003,900200000000000030,1,37.104,396.000,14691.250,2021-11-09 12:15:00.000,L2FT01-FTJ011,13.07,0.000,0.666012,16605,0.435592,0.055345,0,0,1,0.6600,南山区,21,21,0,0,0,0,1
2021-11-09,589179428,20190000000000000003,900200000000000040,1,20.511,402.980,8258.667,2021-11-09 12:15:00.000,L2FT01-FTJ011,13.07,0.000,0.666012,16605,0.435592,0.055345,0,0,1,0.6600,南山区,21,21,0,0,0,0,1
2021-11-09,589179428,20190000000000000003,900200000000000030,1,16.517,397.953,6568.667,2021-11-09 12:30:00.000,L2FT01-FTJ011,13.07,0.000,0.666012,16605,0.435592,0.055345,0,0,1,0.6600,南山区,21,21,0,0,0,0,1
2021-11-09,589179428,20190000000000000003,900200000000000040,1,10.000,404.100,4040.000,2021-11-09 12:30:00.000,L2FT01-FTJ011,13.07,0.000,0.666012,16605,0.435592,0.055345,0,0,1,0.6600,南山区,21,21,0,0,0,0,1
2021-11-09,589179428,20190000000000000003,900200000000000030,1,9.590,399.089,3825.556,2021-11-09 12:45:00.000,L2FT01-FTJ011,13.07,0.000,0.666012,16605,0.435592,0.055345,0,0,1,0.6600,南山区,21,21,0,0,0,0,1
2021-11-09,589179428,20190000000000000003,900200000000000038,1,86.745,310.150,27090.000,2021-11-09 13:00:00.000,L2FT01-FTJ011,12.30,0.000,0.666012,16605,0.435592,0.055345,0,0,1,0.6600,南山区,21,21,0,0,0,0,1
2021-11-09,589179428,20190000000000000003,900200000000000057,1,74.528,324.750,24725.000,2021-11-09 13:45:00.000,L2FT01-FTJ011,12.30,0.000,0.666012,16605,0.435592,0.055345,0,0,1,0.6600,南山区,21,21,0,0,0,0,1
2021-11-09,589179428,20190000000000000003,900200000000000057,1,57.138,329.333,18830.000,2021-11-09 14:00:00.000,L2FT01-FTJ011,11.57,0.000,0.666012,16605,0.435592,0.055345,0,0,1,0.6600,南山区,21,21,0,0,0,0,1
2021-11-09,589179428,20190000000000000003,900200000000000057,1,29.232,330.020,9644.000,2021-11-09 14:15:00.000,L2FT01-FTJ011,11.57,0.000,0.666012,16605,0.435592,0.055345,0,0,1,0.6600,南山区,21,21,0,0,0,0,1
2021-11-09,589179428,20190000000000000003,900200000000000038,1,173.638,319.467,55395.833,2021-11-09 15:45:00.000,L2FT01-FTJ011,10.95,0.000,0.666012,16605,0.435592,0.055345,0,0,1,0.6600,南山区,21,21,0,0,0,0,1
2021-11-09,589179428,20190000000000000003,900200000000000038,1,69.890,323.950,22640.000,2021-11-09 16:00:00.000,L2FT01-FTJ011,10.47,0.000,0.666012,16605,0.435592,0.055345,0,0,1,0.6600,南山区,21,21,0,0,0,0,1
2021-11-09,589179428,20190000000000000003,900200000000000048,1,109.631,356.211,39046.667,2021-11-09 17:00:00.000,L2FT01-FTJ011,10.17,0.000,0.666012,16605,0.435592,0.055345,0,0,1,0.6600,南山区,21,21,0,0,0,0,1
2021-11-09,589179428,20190000000000000003,900200000000000056,1,130.891,314.086,41109.286,2021-11-09 17:00:00.000,L2FT01-FTJ011,10.17,0.000,0.666012,16605,0.435592,0.055345,0,0,1,0.6600,南山区,21,21,0,0,0,0,1
2021-11-09,589179428,20190000000000000003,900200000000000048,1,70.005,355.667,24917.333,2021-11-09 17:15:00.000,L2FT01-FTJ011,10.17,0.000,0.666012,16605,0.435592,0.055345,0,0,1,0.6600,南山区,21,21,0,0,0,0,1
2021-11-09,589179428,20190000000000000003,900200000000000056,1,122.375,317.508,38765.385,2021-11-09 17:15:00.000,L2FT01-FTJ011,10.17,0.000,0.666012,16605,0.435592,0.055345,0,0,1,0.6600,南山区,21,21,0,0,0,0,1
2021-11-09,589179428,20190000000000000003,900200000000000048,1,36.379,353.578,12871.111,2021-11-09 17:30:00.000,L2FT01-FTJ011,10.17,0.000,0.666012,16605,0.435592,0.055345,0,0,1,0.6600,南山区,21,21,0,0,0,0,1
2021-11-09,589179428,20190000000000000003,900200000000000045,1,149.824,311.675,46694.167,2021-11-09 18:15:00.000,L2FT01-FTJ011,10.07,0.000,0.666012,16605,0.435592,0.055345,0,0,1,0.6600,南山区,21,21,0,0,0,0,1
2021-11-09,589179428,20190000000000000003,900200000000000045,1,149.823,314.067,47052.667,2021-11-09 18:30:00.000,L2FT01-FTJ011,10.07,0.000,0.666012,16605,0.435592,0.055345,0,0,1,0.6600,南山区,21,21,0,0,0,0,1
2021-11-09,589179428,20190000000000000003,900200000000000045,1,149.830,315.740,47305.000,2021-11-09 18:45:00.000,L2FT01-FTJ011,10.07,0.000,0.666012,16605,0.435592,0.055345,0,0,1,0.6600,南山区,21,21,0,0,0,0,1
2021-11-09,589179428,20190000000000000003,900200000000000057,1,103.101,346.327,35704.545,2021-11-09 21:00:00.000,L2FT01-FTJ011,10.95,0.000,0.666012,16605,0.435592,0.055345,0,0,1,0.6600,南山区,21,21,0,0,0,0,1
2021-11-09,589179428,20190000000000000003,900200000000000057,1,103.205,357.480,36892.000,2021-11-09 21:15:00.000,L2FT01-FTJ011,10.95,0.000,0.666012,16605,0.435592,0.055345,0,0,1,0.6600,南山区,21,21,0,0,0,0,1
2021-11-09,589179428,20190000000000000003,900200000000000057,1,103.256,372.587,38467.333,2021-11-09 21:30:00.000,L2FT01-FTJ011,10.95,0.000,0.666012,16605,0.435592,0.055345,0,0,1,0.6600,南山区,21,21,0,0,0,0,1
2021-11-09,589179428,20190000000000000003,900200000000000057,1,85.960,381.133,32790.000,2021-11-09 21:45:00.000,L2FT01-FTJ011,10.95,0.000,0.666012,16605,0.435592,0.055345,0,0,1,0.6600,南山区,21,21,0,0,0,0,1
2021-11-09,589179428,20190000000000000003,900200000000000052,1,99.890,355.000,35460.000,2021-11-09 22:45:00.000,L2FT01-FTJ011,11.57,0.000,0.666012,16605,0.435592,0.055345,0,0,1,0.6600,南山区,21,21,0,0,0,0,1
2021-11-09,589179428,20190000000000000003,900200000000000031,1,129.984,309.543,40233.571,2021-11-09 23:00:00.000,L2FT01-FTJ011,12.30,0.000,0.666012,16605,0.435592,0.055345,0,0,1,0.6600,南山区,21,21,0,0,0,0,1
2021-11-09,589179428,20190000000000000003,900200000000000052,1,99.830,360.320,35965.333,2021-11-09 23:00:00.000,L2FT01-FTJ011,12.30,0.000,0.666012,16605,0.435592,0.055345,0,0,1,0.6600,南山区,21,21,0,0,0,0,1
2021-11-09,589179428,20190000000000000003,900200000000000052,1,99.897,368.153,36778.000,2021-11-09 23:15:00.000,L2FT01-FTJ011,12.30,0.000,0.666012,16605,0.435592,0.055345,0,0,1,0.6600,南山区,21,21,0,0,0,0,1
2021-11-09,589179428,20190000000000000003,900200000000000031,1,130.177,310.073,40361.333,2021-11-09 23:15:00.000,L2FT01-FTJ011,12.30,0.000,0.666012,16605,0.435592,0.055345,0,0,1,0.6600,南山区,21,21,0,0,0,0,1
2021-11-09,589179428,20190000000000000003,900200000000000031,1,130.783,312.107,40814.000,2021-11-09 23:30:00.000,L2FT01-FTJ011,12.30,0.000,0.666012,16605,0.435592,0.055345,0,0,1,0.6600,南山区,21,21,0,0,0,0,1
2021-11-09,589179428,20190000000000000003,900200000000000052,1,99.956,379.567,37940.667,2021-11-09 23:30:00.000,L2FT01-FTJ011,12.30,0.000,0.666012,16605,0.435592,0.055345,0,0,1,0.6600,南山区,21,21,0,0,0,0,1
2021-11-09,589179428,20190000000000000003,900200000000000031,1,129.818,313.853,40739.333,2021-11-09 23:45:00.000,L2FT01-FTJ011,12.30,0.000,0.666012,16605,0.435592,0.055345,0,0,1,0.6600,南山区,21,21,0,0,0,0,1
2021-11-09,589179428,20190000000000000003,900200000000000052,1,99.187,392.693,38948.000,2021-11-09 23:45:00.000,L2FT01-FTJ011,12.30,0.000,0.666012,16605,0.435592,0.055345,0,0,1,0.6600,南山区,21,21,0,0,0,0,1
2021-11-10,589179428,20190000000000000003,900200000000000031,1,98.665,319.800,31346.154,2021-11-10 00:00:00.000,L2FT01-FTJ011,13.07,0.000,0.666012,16605,0.435592,0.055345,0,0,1,0.6600,南山区,21,21,0,0,0,0,1
2021-11-10,589179428,20190000000000000003,900200000000000052,1,50.234,398.079,19997.857,2021-11-10 00:00:00.000,L2FT01-FTJ011,13.07,0.000,0.666012,16605,0.435592,0.055345,0,0,1,0.6600,南山区,21,21,0,0,0,0,1
2021-11-10,589179428,20190000000000000003,900200000000000032,1,129.917,314.750,40890.000,2021-11-10 04:00:00.000,L2FT01-FTJ011,15.67,0.000,0.666012,16605,0.435592,0.055345,0,0,1,0.6600,南山区,21,21,0,0,0,0,1
2021-11-10,589179428,20190000000000000003,900200000000000032,1,130.041,314.827,40936.667,2021-11-10 04:15:00.000,L2FT01-FTJ011,15.67,0.000,0.666012,16605,0.435592,0.055345,0,0,1,0.6600,南山区,21,21,0,0,0,0,1
2021-11-10,589179428,20190000000000000003,900200000000000032,1,102.687,319.700,32680.000,2021-11-10 04:30:00.000,L2FT01-FTJ011,15.67,0.000,0.666012,16605,0.435592,0.055345,0,0,1,0.6600,南山区,21,21,0,0,0,0,1
2021-11-10,589179428,20190000000000000003,900200000000000038,1,114.247,353.450,40644.000,2021-11-10 05:15:00.000,L2FT01-FTJ011,15.97,0.000,0.666012,16605,0.435592,0.055345,0,0,1,0.6600,南山区,21,21,0,0,0,0,1
2021-11-10,589179428,20190000000000000003,900200000000000038,1,115.779,371.360,42926.000,2021-11-10 05:30:00.000,L2FT01-FTJ011,15.97,0.000,0.666012,16605,0.435592,0.055345,0,0,1,0.6600,南山区,21,21,0,0,0,0,1
2021-11-10,589179428,20190000000000000003,900200000000000038,1,70.997,383.673,27208.000,2021-11-10 05:45:00.000,L2FT01-FTJ011,15.97,0.000,0.666012,16605,0.435592,0.055345,0,0,1,0.6600,南山区,21,21,0,0,0,0,1
2021-11-10,589179428,20190000000000000003,900200000000000038,1,25.890,387.107,10020.667,2021-11-10 06:00:00.000,L2FT01-FTJ011,16.07,0.000,0.666012,16605,0.435592,0.055345,0,0,1,0.6600,南山区,21,21,0,0,0,0,1
2021-11-10,589179428,20190000000000000003,900200000000000038,1,25.941,390.800,10135.385,2021-11-10 06:15:00.000,L2FT01-FTJ011,16.07,0.000,0.666012,16605,0.435592,0.055345,0,0,1,0.6600,南山区,21,21,0,0,0,0,1
2021-11-10,589179428,20190000000000000003,900200000000000043,1,73.340,326.500,23975.000,2021-11-10 09:30:00.000,L2FT01-FTJ011,15.19,0.000,0.666012,16605,0.435592,0.055345,0,0,1,0.6600,南山区,21,21,0,0,0,0,1
2021-11-10,589179428,20190000000000000003,900200000000000047,1,103.040,358.144,36900.000,2021-11-10 09:30:00.000,L2FT01-FTJ011,15.19,0.000,0.666012,16605,0.435592,0.055345,0,0,1,0.6600,南山区,21,21,0,0,0,0,1
2021-11-10,589179428,20190000000000000003,900200000000000043,1,47.483,328.120,15576.667,2021-11-10 09:45:00.000,L2FT01-FTJ011,15.19,0.000,0.666012,16605,0.435592,0.055345,0,0,1,0.6600,南山区,21,21,0,0,0,0,1
2021-11-10,589179428,20190000000000000003,900200000000000047,1,103.110,370.960,38248.000,2021-11-10 09:45:00.000,L2FT01-FTJ011,15.19,0.000,0.666012,16605,0.435592,0.055345,0,0,1,0.6600,南山区,21,21,0,0,0,0,1
2021-11-10,589179428,20190000000000000003,900200000000000047,1,58.352,381.647,22264.667,2021-11-10 10:00:00.000,L2FT01-FTJ011,14.57,0.000,0.666012,16605,0.435592,0.055345,0,0,1,0.6600,南山区,21,21,0,0,0,0,1
2021-11-10,589179428,20190000000000000003,900200000000000043,1,26.777,330.573,8850.000,2021-11-10 10:00:00.000,L2FT01-FTJ011,14.57,0.000,0.666012,16605,0.435592,0.055345,0,0,1,0.6600,南山区,21,21,0,0,0,0,1
2021-11-10,589179428,20190000000000000003,900200000000000043,1,16.023,332.567,5329.333,2021-11-10 10:15:00.000,L2FT01-FTJ011,14.57,0.000,0.666012,16605,0.435592,0.055345,0,0,1,0.6600,南山区,21,21,0,0,0,0,1
2021-11-10,589179428,20190000000000000003,900200000000000047,1,25.690,383.350,9847.500,2021-11-10 10:15:00.000,L2FT01-FTJ011,14.57,0.000,0.666012,16605,0.435592,0.055345,0,0,1,0.6600,南山区,21,21,0,0,0,0,1
2021-11-10,589179428,20190000000000000003,900200000000000043,1,13.383,334.229,4470.714,2021-11-10 10:30:00.000,L2FT01-FTJ011,14.57,0.000,0.666012,16605,0.435592,0.055345,0,0,1,0.6600,南山区,21,21,0,0,0,0,1
2021-11-10,589179428,20190000000000000003,900200000000000040,1,35.757,305.533,10923.333,2021-11-10 11:15:00.000,L2FT01-FTJ011,13.85,0.000,0.666012,16605,0.435592,0.055345,0,0,1,0.6600,南山区,21,21,0,0,0,0,1
2021-11-10,589179428,20190000000000000003,900200000000000057,1,127.128,434.100,55188.333,2021-11-10 11:45:00.000,L2FT01-FTJ011,13.85,0.000,0.666012,16605,0.435592,0.055345,0,0,1,0.6600,南山区,21,21,0,0,0,0,1
2021-11-10,589179428,20190000000000000003,900200000000000053,1,112.883,361.029,40768.571,2021-11-10 12:00:00.000,L2FT01-FTJ011,13.07,0.000,0.666012,16605,0.435592,0.055345,0,0,1,0.6600,南山区,21,21,0,0,0,0,1
2021-11-10,589179428,20190000000000000003,900200000000000057,1,110.417,450.447,49663.333,2021-11-10 12:00:00.000,L2FT01-FTJ011,13.07,0.000,0.666012,16605,0.435592,0.055345,0,0,1,0.6600,南山区,21,21,0,0,0,0,1
2021-11-10,589179428,20190000000000000003,900200000000000050,1,178.639,314.433,56417.778,2021-11-10 12:00:00.000,L2FT01-FTJ011,13.07,0.000,0.666012,16605,0.435592,0.055345,0,0,1,0.6600,南山区,21,21,0,0,0,0,1
2021-11-10,589179428,20190000000000000003,900200000000000048,1,50.757,338.967,17316.667,2021-11-10 12:15:00.000,L2FT01-FTJ011,13.07,0.000,0.666012,16605,0.435592,0.055345,0,0,1,0.6600,南山区,21,21,0,0,0,0,1
2021-11-10,589179428,20190000000000000003,900200000000000050,1,201.211,317.380,63857.333,2021-11-10 12:15:00.000,L2FT01-FTJ011,13.07,0.000,0.666012,16605,0.435592,0.055345,0,0,1,0.6600,南山区,21,21,0,0,0,0,1
2021-11-10,589179428,20190000000000000003,900200000000000053,1,78.606,362.067,28444.444,2021-11-10 12:15:00.000,L2FT01-FTJ011,13.07,0.000,0.666012,16605,0.435592,0.055345,0,0,1,0.6600,南山区,21,21,0,0,0,0,1
2021-11-10,589179428,20190000000000000003,900200000000000057,1,38.737,459.680,17791.333,2021-11-10 12:15:00.000,L2FT01-FTJ011,13.07,0.000,0.666012,16605,0.435592,0.055345,0,0,1,0.6600,南山区,21,21,0,0,0,0,1
2021-11-10,589179428,20190000000000000003,900200000000000057,1,19.876,461.929,9180.000,2021-11-10 12:30:00.000,L2FT01-FTJ011,13.07,0.000,0.666012,16605,0.435592,0.055345,0,0,1,0.6600,南山区,21,21,0,0,0,0,1
2021-11-10,589179428,20190000000000000003,900200000000000048,1,81.870,350.933,28729.333,2021-11-10 12:30:00.000,L2FT01-FTJ011,13.07,0.000,0.666012,16605,0.435592,0.055345,0,0,1,0.6600,南山区,21,21,0,0,0,0,1
2021-11-10,589179428,20190000000000000003,900200000000000050,1,91.832,324.760,29730.000,2021-11-10 12:30:00.000,L2FT01-FTJ011,13.07,0.000,0.666012,16605,0.435592,0.055345,0,0,1,0.6600,南山区,21,21,0,0,0,0,1
2021-11-10,589179428,20190000000000000003,900200000000000048,1,80.543,362.093,29158.000,2021-11-10 12:45:00.000,L2FT01-FTJ011,13.07,0.000,0.666012,16605,0.435592,0.055345,0,0,1,0.6600,南山区,21,21,0,0,0,0,1
2021-11-10,589179428,20190000000000000003,900200000000000048,1,49.626,366.047,18162.000,2021-11-10 13:00:00.000,L2FT01-FTJ011,12.30,0.000,0.666012,16605,0.435592,0.055345,0,0,1,0.6600,南山区,21,21,0,0,0,0,1
2021-11-10,589179428,20190000000000000003,900200000000000048,1,29.987,366.387,10983.333,2021-11-10 13:15:00.000,L2FT01-FTJ011,12.30,0.000,0.666012,16605,0.435592,0.055345,0,0,1,0.6600,南山区,21,21,0,0,0,0,1
2021-11-10,589179428,20190000000000000003,900200000000000048,1,19.490,366.300,7137.778,2021-11-10 13:30:00.000,L2FT01-FTJ011,12.30,0.000,0.666012,16605,0.435592,0.055345,0,0,1,0.6600,南山区,21,21,0,0,0,0,1
2021-11-10,589179428,20190000000000000003,900200000000000052,1,89.500,403.700,36130.000,2021-11-10 13:30:00.000,L2FT01-FTJ011,12.30,0.000,0.666012,16605,0.435592,0.055345,0,0,1,0.6600,南山区,21,21,0,0,0,0,1
2021-11-10,589179428,20190000000000000003,900200000000000057,1,92.840,360.500,33795.000,2021-11-10 13:30:00.000,L2FT01-FTJ011,12.30,0.000,0.666012,16605,0.435592,0.055345,0,0,1,0.6600,南山区,21,21,0,0,0,0,1
2021-11-10,589179428,20190000000000000003,900200000000000052,1,65.577,403.260,26446.667,2021-11-10 13:45:00.000,L2FT01-FTJ011,12.30,0.000,0.666012,16605,0.435592,0.055345,0,0,1,0.6600,南山区,21,21,0,0,0,0,1
2021-11-10,589179428,20190000000000000003,900200000000000057,1,153.795,379.833,58425.333,2021-11-10 13:45:00.000,L2FT01-FTJ011,12.30,0.000,0.666012,16605,0.435592,0.055345,0,0,1,0.6600,南山区,21,21,0,0,0,0,1
2021-11-10,589179428,20190000000000000003,900200000000000052,1,57.210,406.153,23260.000,2021-11-10 14:00:00.000,L2FT01-FTJ011,11.57,0.000,0.666012,16605,0.435592,0.055345,0,0,1,0.6600,南山区,21,21,0,0,0,0,1
2021-11-10,589179428,20190000000000000003,900200000000000057,1,130.403,401.682,52235.455,2021-11-10 14:00:00.000,L2FT01-FTJ011,11.57,0.000,0.666012,16605,0.435592,0.055345,0,0,1,0.6600,南山区,21,21,0,0,0,0,1
2021-11-10,589179428,20190000000000000003,900200000000000044,1,70.140,382.350,26820.000,2021-11-10 14:30:00.000,L2FT01-FTJ011,11.57,0.000,0.666012,16605,0.435592,0.055345,0,0,1,0.6600,南山区,21,21,0,0,0,0,1
2021-11-10,589179428,20190000000000000003,900200000000000035,1,67.849,344.057,23341.429,2021-11-10 14:45:00.000,L2FT01-FTJ011,11.57,0.000,0.666012,16605,0.435592,0.055345,0,0,1,0.6600,南山区,21,21,0,0,0,0,1
2021-11-10,589179428,20190000000000000003,900200000000000039,1,203.011,314.043,63748.571,2021-11-10 14:45:00.000,L2FT01-FTJ011,11.57,0.000,0.666012,16605,0.435592,0.055345,0,0,1,0.6600,南山区,21,21,0,0,0,0,1
2021-11-10,589179428,20190000000000000003,900200000000000044,1,45.646,387.987,17690.667,2021-11-10 14:45:00.000,L2FT01-FTJ011,11.57,0.000,0.666012,16605,0.435592,0.055345,0,0,1,0.6600,南山区,21,21,0,0,0,0,1
2021-11-10,589179428,20190000000000000003,900200000000000035,1,67.790,354.253,24013.333,2021-11-10 15:00:00.000,L2FT01-FTJ011,10.95,0.000,0.666012,16605,0.435592,0.055345,0,0,1,0.6600,南山区,21,21,0,0,0,0,1
2021-11-10,589179428,20190000000000000003,900200000000000038,1,162.926,311.636,50918.182,2021-11-10 15:00:00.000,L2FT01-FTJ011,10.95,0.000,0.666012,16605,0.435592,0.055345,0,0,1,0.6600,南山区,21,21,0,0,0,0,1
2021-11-10,589179428,20190000000000000003,900200000000000039,1,191.659,316.060,60576.000,2021-11-10 15:00:00.000,L2FT01-FTJ011,10.95,0.000,0.666012,16605,0.435592,0.055345,0,0,1,0.6600,南山区,21,21,0,0,0,0,1
2021-11-10,589179428,20190000000000000003,900200000000000044,1,36.304,395.514,14357.143,2021-11-10 15:00:00.000,L2FT01-FTJ011,10.95,0.000,0.666012,16605,0.435592,0.055345,0,0,1,0.6600,南山区,21,21,0,0,0,0,1
2021-11-10,589179428,20190000000000000003,900200000000000039,1,164.866,316.753,52219.333,2021-11-10 15:15:00.000,L2FT01-FTJ011,10.95,0.000,0.666012,16605,0.435592,0.055345,0,0,1,0.6600,南山区,21,21,0,0,0,0,1
2021-11-10,589179428,20190000000000000003,900200000000000035,1,40.657,361.740,14708.000,2021-11-10 15:15:00.000,L2FT01-FTJ011,10.95,0.000,0.666012,16605,0.435592,0.055345,0,0,1,0.6600,南山区,21,21,0,0,0,0,1
2021-11-10,589179428,20190000000000000003,900200000000000038,1,179.080,314.700,56352.667,2021-11-10 15:15:00.000,L2FT01-FTJ011,10.95,0.000,0.666012,16605,0.435592,0.055345,0,0,1,0.6600,南山区,21,21,0,0,0,0,1
2021-11-10,589179428,20190000000000000003,900200000000000035,1,25.734,364.320,9380.000,2021-11-10 15:30:00.000,L2FT01-FTJ011,10.95,0.000,0.666012,16605,0.435592,0.055345,0,0,1,0.6600,南山区,21,21,0,0,0,0,1
2021-11-10,589179428,20190000000000000003,900200000000000038,1,179.100,316.967,56763.333,2021-11-10 15:30:00.000,L2FT01-FTJ011,10.95,0.000,0.666012,16605,0.435592,0.055345,0,0,1,0.6600,南山区,21,21,0,0,0,0,1
2021-11-10,589179428,20190000000000000003,900200000000000039,1,98.107,325.429,31624.286,2021-11-10 15:30:00.000,L2FT01-FTJ011,10.95,0.000,0.666012,16605,0.435592,0.055345,0,0,1,0.6600,南山区,21,21,0,0,0,0,1
2021-11-10,589179428,20190000000000000003,900200000000000038,1,71.375,325.350,23111.667,2021-11-10 15:45:00.000,L2FT01-FTJ011,10.95,0.000,0.666012,16605,0.435592,0.055345,0,0,1,0.6600,南山区,21,21,0,0,0,0,1
2021-11-10,589179428,20190000000000000003,900200000000000030,1,71.735,310.918,22301.818,2021-11-10 17:15:00.000,L2FT01-FTJ011,10.17,0.000,0.666012,16605,0.435592,0.055345,0,0,1,0.6600,南山区,21,21,0,0,0,0,1
2021-11-10,589179428,20190000000000000003,900200000000000038,1,71.500,310.700,22210.000,2021-11-10 17:15:00.000,L2FT01-FTJ011,10.17,0.000,0.666012,16605,0.435592,0.055345,0,0,1,0.6600,南山区,21,21,0,0,0,0,1
2021-11-10,589179428,20190000000000000003,900200000000000038,1,71.500,311.500,22270.000,2021-11-10 17:30:00.000,L2FT01-FTJ011,10.17,0.000,0.666012,16605,0.435592,0.055345,0,0,1,0.6600,南山区,21,21,0,0,0,0,1
2021-11-10,589179428,20190000000000000003,900200000000000038,1,131.054,313.620,41100.000,2021-11-10 17:45:00.000,L2FT01-FTJ011,10.17,0.000,0.666012,16605,0.435592,0.055345,0,0,1,0.6600,南山区,21,21,0,0,0,0,1
2021-11-10,589179428,20190000000000000003,900200000000000047,1,129.800,312.814,40600.000,2021-11-10 17:45:00.000,L2FT01-FTJ011,10.17,0.000,0.666012,16605,0.435592,0.055345,0,0,1,0.6600,南山区,21,21,0,0,0,0,1
2021-11-10,589179428,20190000000000000003,900200000000000047,1,129.872,315.127,40924.000,2021-11-10 18:00:00.000,L2FT01-FTJ011,10.07,0.000,0.666012,16605,0.435592,0.055345,0,0,1,0.6600,南山区,21,21,0,0,0,0,1
2021-11-10,589179428,20190000000000000003,900200000000000049,1,71.690,306.900,22000.000,2021-11-10 18:00:00.000,L2FT01-FTJ011,10.07,0.000,0.666012,16605,0.435592,0.055345,0,0,1,0.6600,南山区,21,21,0,0,0,0,1
2021-11-10,589179428,20190000000000000003,900200000000000047,1,129.904,315.950,41042.500,2021-11-10 18:15:00.000,L2FT01-FTJ011,10.07,0.000,0.666012,16605,0.435592,0.055345,0,0,1,0.6600,南山区,21,21,0,0,0,0,1
2021-11-10,589179428,20190000000000000003,900200000000000048,1,71.414,358.078,25568.889,2021-11-10 18:15:00.000,L2FT01-FTJ011,10.07,0.000,0.666012,16605,0.435592,0.055345,0,0,1,0.6600,南山区,21,21,0,0,0,0,1
2021-11-10,589179428,20190000000000000003,900200000000000048,1,71.290,365.773,26075.333,2021-11-10 18:30:00.000,L2FT01-FTJ011,10.07,0.000,0.666012,16605,0.435592,0.055345,0,0,1,0.6600,南山区,21,21,0,0,0,0,1
2021-11-10,589179428,20190000000000000003,900200000000000047,1,109.962,356.133,39241.667,2021-11-10 18:30:00.000,L2FT01-FTJ011,10.07,0.000,0.666012,16605,0.435592,0.055345,0,0,1,0.6600,南山区,21,21,0,0,0,0,1
2021-11-10,589179428,20190000000000000003,900200000000000044,1,121.131,307.262,37218.750,2021-11-10 18:30:00.000,L2FT01-FTJ011,10.07,0.000,0.666012,16605,0.435592,0.055345,0,0,1,0.6600,南山区,21,21,0,0,0,0,1
2021-11-10,589179428,20190000000000000003,900200000000000044,1,121.683,309.867,37703.333,2021-11-10 18:45:00.000,L2FT01-FTJ011,10.07,0.000,0.666012,16605,0.435592,0.055345,0,0,1,0.6600,南山区,21,21,0,0,0,0,1
2021-11-10,589179428,20190000000000000003,900200000000000047,1,117.473,360.667,42366.667,2021-11-10 18:45:00.000,L2FT01-FTJ011,10.07,0.000,0.666012,16605,0.435592,0.055345,0,0,1,0.6600,南山区,21,21,0,0,0,0,1
2021-11-10,589179428,20190000000000000003,900200000000000048,1,71.290,377.418,26905.455,2021-11-10 18:45:00.000,L2FT01-FTJ011,10.07,0.000,0.666012,16605,0.435592,0.055345,0,0,1,0.6600,南山区,21,21,0,0,0,0,1
2021-11-10,589179428,20190000000000000003,900200000000000044,1,121.690,310.373,37768.000,2021-11-10 19:00:00.000,L2FT01-FTJ011,10.17,0.000,0.666012,16605,0.435592,0.055345,0,0,1,0.6600,南山区,21,21,0,0,0,0,1
2021-11-10,589179428,20190000000000000003,900200000000000047,1,59.292,362.133,21452.500,2021-11-10 19:00:00.000,L2FT01-FTJ011,10.17,0.000,0.666012,16605,0.435592,0.055345,0,0,1,0.6600,南山区,21,21,0,0,0,0,1
2021-11-10,589179428,20190000000000000003,900200000000000044,1,121.690,310.933,37833.333,2021-11-10 19:15:00.000,L2FT01-FTJ011,10.17,0.000,0.666012,16605,0.435592,0.055345,0,0,1,0.6600,南山区,21,21,0,0,0,0,1
2021-11-10,589179428,20190000000000000003,900200000000000044,1,112.075,470.027,53280.000,2021-11-10 21:00:00.000,L2FT01-FTJ011,10.95,0.000,0.666012,16605,0.435592,0.055345,0,0,1,0.6600,南山区,21,21,0,0,0,0,1
2021-11-10,589179428,20190000000000000003,900200000000000044,1,121.407,476.587,57859.333,2021-11-10 21:15:00.000,L2FT01-FTJ011,10.95,0.000,0.666012,16605,0.435592,0.055345,0,0,1,0.6600,南山区,21,21,0,0,0,0,1
2021-11-10,589179428,20190000000000000003,900200000000000044,1,121.412,476.980,57908.000,2021-11-10 21:30:00.000,L2FT01-FTJ011,10.95,0.000,0.666012,16605,0.435592,0.055345,0,0,1,0.6600,南山区,21,21,0,0,0,0,1
2021-11-10,589179428,20190000000000000003,900200000000000044,1,121.434,477.147,57938.000,2021-11-10 21:45:00.000,L2FT01-FTJ011,10.95,0.000,0.666012,16605,0.435592,0.055345,0,0,1,0.6600,南山区,21,21,0,0,0,0,1
2021-11-10,589179428,20190000000000000003,900200000000000044,1,96.618,477.120,46101.333,2021-11-10 22:00:00.000,L2FT01-FTJ011,11.57,0.000,0.666012,16605,0.435592,0.055345,0,0,1,0.6600,南山区,21,21,0,0,0,0,1
2021-11-10,589179428,20190000000000000003,900200000000000044,1,55.070,476.667,26260.000,2021-11-10 22:15:00.000,L2FT01-FTJ011,11.57,0.000,0.666012,16605,0.435592,0.055345,0,0,1,0.6600,南山区,21,21,0,0,0,0,1
2021-11-10,589179428,20190000000000000003,900200000000000047,1,139.024,471.692,65924.167,2021-11-10 23:00:00.000,L2FT01-FTJ011,12.30,0.000,0.666012,16605,0.435592,0.055345,0,0,1,0.6600,南山区,21,21,0,0,0,0,1
2021-11-10,589179428,20190000000000000003,900200000000000047,1,149.890,475.153,71220.667,2021-11-10 23:15:00.000,L2FT01-FTJ011,12.30,0.000,0.666012,16605,0.435592,0.055345,0,0,1,0.6600,南山区,21,21,0,0,0,0,1
2021-11-10,589179428,20190000000000000003,900200000000000047,1,149.584,475.633,71144.667,2021-11-10 23:30:00.000,L2FT01-FTJ011,12.30,0.000,0.666012,16605,0.435592,0.055345,0,0,1,0.6600,南山区,21,21,0,0,0,0,1
2021-11-10,589179428,20190000000000000003,900200000000000047,1,149.863,476.055,71341.818,2021-11-10 23:45:00.000,L2FT01-FTJ011,12.30,0.000,0.666012,16605,0.435592,0.055345,0,0,1,0.6600,南山区,21,21,0,0,0,0,1
2021-11-11,589179428,20190000000000000003,900200000000000043,1,199.854,315.400,63028.571,2021-11-11 00:00:00.000,L2FT01-FTJ011,13.07,0.000,0.666012,16605,0.435592,0.055345,0,0,1,0.6600,南山区,21,21,0,0,0,0,1
2021-11-11,589179428,20190000000000000003,900200000000000043,1,186.571,317.780,59213.333,2021-11-11 00:15:00.000,L2FT01-FTJ011,13.07,0.000,0.666012,16605,0.435592,0.055345,0,0,1,0.6600,南山区,21,21,0,0,0,0,1
2021-11-11,589179428,20190000000000000003,900200000000000043,1,29.945,328.650,9835.000,2021-11-11 00:30:00.000,L2FT01-FTJ011,13.07,0.000,0.666012,16605,0.435592,0.055345,0,0,1,0.6600,南山区,21,21,0,0,0,0,1
2021-11-11,589179428,20190000000000000003,900200000000000045,1,129.822,307.525,39917.500,2021-11-11 05:00:00.000,L2FT01-FTJ011,15.97,0.000,0.666012,16605,0.435592,0.055345,0,0,1,0.6600,南山区,21,21,0,0,0,0,1
2021-11-11,589179428,20190000000000000003,900200000000000045,1,129.934,309.740,40244.000,2021-11-11 05:15:00.000,L2FT01-FTJ011,15.97,0.000,0.666012,16605,0.435592,0.055345,0,0,1,0.6600,南山区,21,21,0,0,0,0,1
2021-11-11,589179428,20190000000000000003,900200000000000045,1,130.000,310.320,40336.667,2021-11-11 05:30:00.000,L2FT01-FTJ011,15.97,0.000,0.666012,16605,0.435592,0.055345,0,0,1,0.6600,南山区,21,21,0,0,0,0,1
2021-11-11,589179428,20190000000000000003,900200000000000045,1,130.000,311.807,40530.667,2021-11-11 05:45:00.000,L2FT01-FTJ011,15.97,0.000,0.666012,16605,0.435592,0.055345,0,0,1,0.6600,南山区,21,21,0,0,0,0,1
2021-11-11,589179428,20190000000000000003,900200000000000045,1,129.993,313.460,40742.667,2021-11-11 06:00:00.000,L2FT01-FTJ011,16.07,0.000,0.666012,16605,0.435592,0.055345,0,0,1,0.6600,南山区,21,21,0,0,0,0,1
2021-11-11,589179428,20190000000000000003,900200000000000045,1,129.949,314.307,40840.000,2021-11-11 06:15:00.000,L2FT01-FTJ011,16.07,0.000,0.666012,16605,0.435592,0.055345,0,0,1,0.6600,南山区,21,21,0,0,0,0,1
2021-11-11,589179428,20190000000000000003,900200000000000045,1,130.000,315.733,41040.667,2021-11-11 06:30:00.000,L2FT01-FTJ011,16.07,0.000,0.666012,16605,0.435592,0.055345,0,0,1,0.6600,南山区,21,21,0,0,0,0,1
2021-11-11,589179428,20190000000000000003,900200000000000045,1,89.929,324.078,28937.778,2021-11-11 06:45:00.000,L2FT01-FTJ011,16.07,0.000,0.666012,16605,0.435592,0.055345,0,0,1,0.6600,南山区,21,21,0,0,0,0,1
2021-11-11,589179428,20190000000000000003,900200000000000045,1,63.190,333.550,21080.000,2021-11-11 07:15:00.000,L2FT01-FTJ011,15.97,0.000,0.666012,16605,0.435592,0.055345,0,0,1,0.6600,南山区,21,21,0,0,0,0,1
2021-11-11,589179428,20190000000000000003,900200000000000045,1,69.850,340.667,23794.667,2021-11-11 07:30:00.000,L2FT01-FTJ011,15.97,0.000,0.666012,16605,0.435592,0.055345,0,0,1,0.6600,南山区,21,21,0,0,0,0,1
2021-11-11,589179428,20190000000000000003,900200000000000045,1,69.883,351.653,24574.000,2021-11-11 07:45:00.000,L2FT01-FTJ011,15.97,0.000,0.666012,16605,0.435592,0.055345,0,0,1,0.6600,南山区,21,21,0,0,0,0,1
2021-11-11,589179428,20190000000000000003,900200000000000030,1,126.290,359.067,45891.667,2021-11-11 08:00:00.000,L2FT01-FTJ011,15.67,0.000,0.666012,16605,0.435592,0.055345,0,0,1,0.6600,南山区,21,21,0,0,0,0,1
2021-11-11,589179428,20190000000000000003,900200000000000045,1,69.812,360.689,25180.000,2021-11-11 08:00:00.000,L2FT01-FTJ011,15.67,0.000,0.666012,16605,0.435592,0.055345,0,0,1,0.6600,南山区,21,21,0,0,0,0,1
2021-11-11,589179428,20190000000000000003,900200000000000030,1,123.095,378.800,46610.667,2021-11-11 08:15:00.000,L2FT01-FTJ011,15.67,0.000,0.666012,16605,0.435592,0.055345,0,0,1,0.6600,南山区,21,21,0,0,0,0,1
2021-11-11,589179428,20190000000000000003,900200000000000030,1,73.838,394.107,29067.333,2021-11-11 08:30:00.000,L2FT01-FTJ011,15.67,0.000,0.666012,16605,0.435592,0.055345,0,0,1,0.6600,南山区,21,21,0,0,0,0,1
2021-11-11,589179428,20190000000000000003,900200000000000030,1,49.990,402.400,20116.000,2021-11-11 08:45:00.000,L2FT01-FTJ011,15.67,0.000,0.666012,16605,0.435592,0.055345,0,0,1,0.6600,南山区,21,21,0,0,0,0,1
2021-11-11,589179428,20190000000000000003,900200000000000030,1,24.577,406.380,9996.000,2021-11-11 09:00:00.000,L2FT01-FTJ011,15.19,0.000,0.666012,16605,0.435592,0.055345,0,0,1,0.6600,南山区,21,21,0,0,0,0,1
2021-11-11,589179428,20190000000000000003,900200000000000030,1,17.337,407.825,7066.667,2021-11-11 09:15:00.000,L2FT01-FTJ011,15.19,0.000,0.666012,16605,0.435592,0.055345,0,0,1,0.6600,南山区,21,21,0,0,0,0,1
2021-11-11,589179428,20190000000000000003,900200000000000049,1,103.087,354.400,36530.833,2021-11-11 10:00:00.000,L2FT01-FTJ011,14.57,0.000,0.666012,16605,0.435592,0.055345,0,0,1,0.6600,南山区,21,21,0,0,0,0,1
2021-11-11,589179428,20190000000000000003,900200000000000049,1,103.219,368.473,38031.333,2021-11-11 10:15:00.000,L2FT01-FTJ011,14.57,0.000,0.666012,16605,0.435592,0.055345,0,0,1,0.6600,南山区,21,21,0,0,0,0,1
2021-11-11,589179428,20190000000000000003,900200000000000049,1,72.175,381.313,27500.000,2021-11-11 10:30:00.000,L2FT01-FTJ011,14.57,0.000,0.666012,16605,0.435592,0.055345,0,0,1,0.6600,南山区,21,21,0,0,0,0,1
2021-11-11,589179428,20190000000000000003,900200000000000049,1,25.681,383.282,9841.818,2021-11-11 10:45:00.000,L2FT01-FTJ011,14.57,0.000,0.666012,16605,0.435592,0.055345,0,0,1,0.6600,南山区,21,21,0,0,0,0,1
2021-11-11,589179428,20190000000000000003,900200000000000043,1,16.790,337.100,5656.667,2021-11-11 11:00:00.000,L2FT01-FTJ011,13.85,0.000,0.666012,16605,0.435592,0.055345,0,0,1,0.6600,南山区,21,21,0,0,0,0,1
2021-11-11,589179428,20190000000000000003,900200000000000043,1,118.721,351.467,41942.667,2021-11-11 11:15:00.000,L2FT01-FTJ011,13.85,0.000,0.666012,16605,0.435592,0.055345,0,0,1,0.6600,南山区,21,21,0,0,0,0,1
2021-11-11,589179428,20190000000000000003,900200000000000043,1,106.531,366.560,39017.333,2021-11-11 11:30:00.000,L2FT01-FTJ011,13.85,0.000,0.666012,16605,0.435592,0.055345,0,0,1,0.6600,南山区,21,21,0,0,0,0,1
2021-11-11,589179428,20190000000000000003,900200000000000043,1,72.310,375.460,27124.667,2021-11-11 11:45:00.000,L2FT01-FTJ011,13.85,0.000,0.666012,16605,0.435592,0.055345,0,0,1,0.6600,南山区,21,21,0,0,0,0,1
2021-11-11,589179428,20190000000000000003,900200000000000037,1,119.513,330.100,39448.571,2021-11-11 12:00:00.000,L2FT01-FTJ011,13.07,0.000,0.666012,16605,0.435592,0.055345,0,0,1,0.6600,南山区,21,21,0,0,0,0,1
2021-11-11,589179428,20190000000000000003,900200000000000043,1,35.968,378.777,13621.538,2021-11-11 12:00:00.000,L2FT01-FTJ011,13.07,0.000,0.666012,16605,0.435592,0.055345,0,0,1,0.6600,南山区,21,21,0,0,0,0,1
2021-11-11,589179428,20190000000000000003,900200000000000049,1,128.086,311.345,39883.636,2021-11-11 12:00:00.000,L2FT01-FTJ011,13.07,0.000,0.666012,16605,0.435592,0.055345,0,0,1,0.6600,南山区,21,21,0,0,0,0,1
2021-11-11,589179428,20190000000000000003,900200000000000037,1,119.500,332.520,39730.000,2021-11-11 12:15:00.000,L2FT01-FTJ011,13.07,0.000,0.666012,16605,0.435592,0.055345,0,0,1,0.6600,南山区,21,21,0,0,0,0,1
2021-11-11,589179428,20190000000000000003,900200000000000039,1,54.563,335.891,18350.000,2021-11-11 12:15:00.000,L2FT01-FTJ011,13.07,0.000,0.666012,16605,0.435592,0.055345,0,0,1,0.6600,南山区,21,21,0,0,0,0,1
2021-11-11,589179428,20190000000000000003,900200000000000040,1,14.845,324.900,4850.000,2021-11-11 12:15:00.000,L2FT01-FTJ011,13.07,0.000,0.666012,16605,0.435592,0.055345,0,0,1,0.6600,南山区,21,21,0,0,0,0,1
2021-11-11,589179428,20190000000000000003,900200000000000049,1,129.985,314.367,40858.000,2021-11-11 12:15:00.000,L2FT01-FTJ011,13.07,0.000,0.666012,16605,0.435592,0.055345,0,0,1,0.6600,南山区,21,21,0,0,0,0,1
2021-11-11,589179428,20190000000000000003,900200000000000049,1,130.060,316.342,41141.667,2021-11-11 12:30:00.000,L2FT01-FTJ011,13.07,0.000,0.666012,16605,0.435592,0.055345,0,0,1,0.6600,南山区,21,21,0,0,0,0,1
2021-11-11,589179428,20190000000000000003,900200000000000045,1,149.819,314.700,47146.429,2021-11-11 12:30:00.000,L2FT01-FTJ011,13.07,0.000,0.666012,16605,0.435592,0.055345,0,0,1,0.6600,南山区,21,21,0,0,0,0,1
2021-11-11,589179428,20190000000000000003,900200000000000037,1,119.590,334.800,40040.000,2021-11-11 12:30:00.000,L2FT01-FTJ011,13.07,0.000,0.666012,16605,0.435592,0.055345,0,0,1,0.6600,南山区,21,21,0,0,0,0,1
2021-11-11,589179428,20190000000000000003,900200000000000039,1,57.390,346.980,19910.000,2021-11-11 12:30:00.000,L2FT01-FTJ011,13.07,0.000,0.666012,16605,0.435592,0.055345,0,0,1,0.6600,南山区,21,21,0,0,0,0,1
2021-11-11,589179428,20190000000000000003,900200000000000039,1,57.390,356.760,20473.000,2021-11-11 12:45:00.000,L2FT01-FTJ011,13.07,0.000,0.666012,16605,0.435592,0.055345,0,0,1,0.6600,南山区,21,21,0,0,0,0,1
2021-11-11,589179428,20190000000000000003,900200000000000045,1,144.537,317.447,45847.333,2021-11-11 12:45:00.000,L2FT01-FTJ011,13.07,0.000,0.666012,16605,0.435592,0.055345,0,0,1,0.6600,南山区,21,21,0,0,0,0,1
2021-11-11,589179428,20190000000000000003,900200000000000045,1,43.190,331.233,14273.333,2021-11-11 13:00:00.000,L2FT01-FTJ011,12.30,0.000,0.666012,16605,0.435592,0.055345,0,0,1,0.6600,南山区,21,21,0,0,0,0,1
2021-11-11,589179428,20190000000000000003,900200000000000048,1,143.411,334.757,48002.857,2021-11-11 14:15:00.000,L2FT01-FTJ011,11.57,0.000,0.666012,16605,0.435592,0.055345,0,0,1,0.6600,南山区,21,21,0,0,0,0,1
2021-11-11,589179428,20190000000000000003,900200000000000048,1,107.054,340.580,36458.000,2021-11-11 14:30:00.000,L2FT01-FTJ011,11.57,0.000,0.666012,16605,0.435592,0.055345,0,0,1,0.6600,南山区,21,21,0,0,0,0,1
2021-11-11,589179428,20190000000000000003,900200000000000048,1,98.287,356.527,34996.000,2021-11-11 14:45:00.000,L2FT01-FTJ011,11.57,0.000,0.666012,16605,0.435592,0.055345,0,0,1,0.6600,南山区,21,21,0,0,0,0,1
2021-11-11,589179428,20190000000000000003,900200000000000048,1,41.337,366.087,15132.000,2021-11-11 15:00:00.000,L2FT01-FTJ011,10.95,0.000,0.666012,16605,0.435592,0.055345,0,0,1,0.6600,南山区,21,21,0,0,0,0,1
2021-11-11,589179428,20190000000000000003,900200000000000048,1,20.790,371.764,7727.857,2021-11-11 15:15:00.000,L2FT01-FTJ011,10.95,0.000,0.666012,16605,0.435592,0.055345,0,0,1,0.6600,南山区,21,21,0,0,0,0,1
2021-11-11,589179428,20190000000000000003,900200000000000039,1,12.070,305.000,3680.000,2021-11-11 15:15:00.000,L2FT01-FTJ011,10.95,0.000,0.666012,16605,0.435592,0.055345,0,0,1,0.6600,南山区,21,21,0,0,0,0,1
2021-11-11,589179428,20190000000000000003,900200000000000039,1,12.657,306.753,3883.333,2021-11-11 15:30:00.000,L2FT01-FTJ011,10.95,0.000,0.666012,16605,0.435592,0.055345,0,0,1,0.6600,南山区,21,21,0,0,0,0,1
2021-11-11,589179428,20190000000000000003,900200000000000039,1,32.731,310.093,10238.000,2021-11-11 15:45:00.000,L2FT01-FTJ011,10.95,0.000,0.666012,16605,0.435592,0.055345,0,0,1,0.6600,南山区,21,21,0,0,0,0,1
2021-11-11,589179428,20190000000000000003,900200000000000048,1,149.893,428.600,64240.000,2021-11-11 15:45:00.000,L2FT01-FTJ011,10.95,0.000,0.666012,16605,0.435592,0.055345,0,0,1,0.6600,南山区,21,21,0,0,0,0,1
2021-11-11,589179428,20190000000000000003,900200000000000039,1,71.303,319.627,22789.333,2021-11-11 16:00:00.000,L2FT01-FTJ011,10.47,0.000,0.666012,16605,0.435592,0.055345,0,0,1,0.6600,南山区,21,21,0,0,0,0,1
2021-11-11,589179428,20190000000000000003,900200000000000049,1,71.049,447.914,32967.143,2021-11-11 16:00:00.000,L2FT01-FTJ011,10.47,0.000,0.666012,16605,0.435592,0.055345,0,0,1,0.6600,南山区,21,21,0,0,0,0,1
2021-11-11,589179428,20190000000000000003,900200000000000048,1,131.198,430.253,56453.333,2021-11-11 16:00:00.000,L2FT01-FTJ011,10.47,0.000,0.666012,16605,0.435592,0.055345,0,0,1,0.6600,南山区,21,21,0,0,0,0,1
2021-11-11,589179428,20190000000000000003,900200000000000049,1,92.470,470.413,43500.000,2021-11-11 16:15:00.000,L2FT01-FTJ011,10.47,0.000,0.666012,16605,0.435592,0.055345,0,0,1,0.6600,南山区,21,21,0,0,0,0,1
2021-11-11,589179428,20190000000000000003,900200000000000039,1,71.290,323.300,23045.000,2021-11-11 16:15:00.000,L2FT01-FTJ011,10.47,0.000,0.666012,16605,0.435592,0.055345,0,0,1,0.6600,南山区,21,21,0,0,0,0,1
2021-11-11,589179428,20190000000000000003,900200000000000048,1,77.483,427.080,33117.333,2021-11-11 16:15:00.000,L2FT01-FTJ011,10.47,0.000,0.666012,16605,0.435592,0.055345,0,0,1,0.6600,南山区,21,21,0,0,0,0,1
2021-11-11,589179428,20190000000000000003,900200000000000039,1,134.105,311.064,41710.714,2021-11-11 16:30:00.000,L2FT01-FTJ011,10.47,0.000,0.666012,16605,0.435592,0.055345,0,0,1,0.6600,南山区,21,21,0,0,0,0,1
2021-11-11,589179428,20190000000000000003,900200000000000048,1,53.290,434.100,23092.857,2021-11-11 16:30:00.000,L2FT01-FTJ011,10.47,0.000,0.666012,16605,0.435592,0.055345,0,0,1,0.6600,南山区,21,21,0,0,0,0,1
2021-11-11,589179428,20190000000000000003,900200000000000049,1,93.632,470.333,44035.000,2021-11-11 16:30:00.000,L2FT01-FTJ011,10.47,0.000,0.666012,16605,0.435592,0.055345,0,0,1,0.6600,南山区,21,21,0,0,0,0,1
2021-11-11,589179428,20190000000000000003,900200000000000039,1,134.878,313.560,42290.000,2021-11-11 16:45:00.000,L2FT01-FTJ011,10.47,0.000,0.666012,16605,0.435592,0.055345,0,0,1,0.6600,南山区,21,21,0,0,0,0,1
2021-11-11,589179428,20190000000000000003,900200000000000039,1,134.890,314.540,42426.667,2021-11-11 17:00:00.000,L2FT01-FTJ011,10.17,0.000,0.666012,16605,0.435592,0.055345,0,0,1,0.6600,南山区,21,21,0,0,0,0,1
2021-11-11,589179428,20190000000000000003,900200000000000039,1,134.919,316.693,42726.667,2021-11-11 17:15:00.000,L2FT01-FTJ011,10.17,0.000,0.666012,16605,0.435592,0.055345,0,0,1,0.6600,南山区,21,21,0,0,0,0,1
2021-11-11,589179428,20190000000000000003,900200000000000039,1,100.872,324.240,32566.000,2021-11-11 17:30:00.000,L2FT01-FTJ011,10.17,0.000,0.666012,16605,0.435592,0.055345,0,0,1,0.6600,南山区,21,21,0,0,0,0,1
2021-11-11,589179428,20190000000000000003,900200000000000040,1,9.790,305.100,2980.000,2021-11-11 18:00:00.000,L2FT01-FTJ011,10.07,0.000,0.666012,16605,0.435592,0.055345,0,0,1,0.6600,南山区,21,21,0,0,0,0,1
2021-11-11,589179428,20190000000000000003,900200000000000039,1,64.122,343.900,22592.000,2021-11-11 19:15:00.000,L2FT01-FTJ011,10.17,0.000,0.666012,16605,0.435592,0.055345,0,0,1,0.6600,南山区,21,21,0,0,0,0,1
2021-11-11,589179428,20190000000000000003,900200000000000035,1,173.642,318.509,55064.545,2021-11-11 19:15:00.000,L2FT01-FTJ011,10.17,0.000,0.666012,16605,0.435592,0.055345,0,0,1,0.6600,南山区,21,21,0,0,0,0,1
2021-11-11,589179428,20190000000000000003,900200000000000056,1,149.972,361.100,54152.222,2021-11-11 19:15:00.000,L2FT01-FTJ011,10.17,0.000,0.666012,16605,0.435592,0.055345,0,0,1,0.6600,南山区,21,21,0,0,0,0,1
2021-11-11,589179428,20190000000000000003,900200000000000056,1,150.080,373.300,56020.667,2021-11-11 19:30:00.000,L2FT01-FTJ011,10.17,0.000,0.666012,16605,0.435592,0.055345,0,0,1,0.6600,南山区,21,21,0,0,0,0,1
2021-11-11,589179428,20190000000000000003,900200000000000039,1,71.190,357.813,25471.333,2021-11-11 19:30:00.000,L2FT01-FTJ011,10.17,0.000,0.666012,16605,0.435592,0.055345,0,0,1,0.6600,南山区,21,21,0,0,0,0,1
2021-11-11,589179428,20190000000000000003,900200000000000056,1,149.399,389.947,58250.000,2021-11-11 19:45:00.000,L2FT01-FTJ011,10.17,0.000,0.666012,16605,0.435592,0.055345,0,0,1,0.6600,南山区,21,21,0,0,0,0,1
2021-11-11,589179428,20190000000000000003,900200000000000039,1,71.190,369.087,26274.000,2021-11-11 19:45:00.000,L2FT01-FTJ011,10.17,0.000,0.666012,16605,0.435592,0.055345,0,0,1,0.6600,南山区,21,21,0,0,0,0,1
2021-11-11,589179428,20190000000000000003,900200000000000039,1,71.190,381.893,27186.667,2021-11-11 20:00:00.000,L2FT01-FTJ011,10.47,0.000,0.666012,16605,0.435592,0.055345,0,0,1,0.6600,南山区,21,21,0,0,0,0,1
2021-11-11,589179428,20190000000000000003,900200000000000056,1,114.608,402.207,46066.667,2021-11-11 20:00:00.000,L2FT01-FTJ011,10.47,0.000,0.666012,16605,0.435592,0.055345,0,0,1,0.6600,南山区,21,21,0,0,0,0,1
2021-11-11,589179428,20190000000000000003,900200000000000039,1,45.930,392.053,17988.667,2021-11-11 20:15:00.000,L2FT01-FTJ011,10.47,0.000,0.666012,16605,0.435592,0.055345,0,0,1,0.6600,南山区,21,21,0,0,0,0,1
2021-11-11,589179428,20190000000000000003,900200000000000056,1,63.591,403.760,25676.000,2021-11-11 20:15:00.000,L2FT01-FTJ011,10.47,0.000,0.666012,16605,0.435592,0.055345,0,0,1,0.6600,南山区,21,21,0,0,0,0,1
2021-11-11,589179428,20190000000000000003,900200000000000039,1,14.870,394.500,5865.333,2021-11-11 20:30:00.000,L2FT01-FTJ011,10.47,0.000,0.666012,16605,0.435592,0.055345,0,0,1,0.6600,南山区,21,21,0,0,0,0,1
2021-11-11,589179428,20190000000000000003,900200000000000056,1,29.657,403.433,11963.333,2021-11-11 20:30:00.000,L2FT01-FTJ011,10.47,0.000,0.666012,16605,0.435592,0.055345,0,0,1,0.6600,南山区,21,21,0,0,0,0,1
2021-11-11,589179428,20190000000000000003,900200000000000039,1,14.890,396.900,5909.000,2021-11-11 20:45:00.000,L2FT01-FTJ011,10.47,0.000,0.666012,16605,0.435592,0.055345,0,0,1,0.6600,南山区,21,21,0,0,0,0,1
2021-11-11,589179428,20190000000000000003,900200000000000038,1,134.309,312.700,41996.250,2021-11-11 23:15:00.000,L2FT01-FTJ011,12.30,0.000,0.666012,16605,0.435592,0.055345,0,0,1,0.6600,南山区,21,21,0,0,0,0,1
2021-11-11,589179428,20190000000000000003,900200000000000038,1,135.945,313.760,42651.333,2021-11-11 23:30:00.000,L2FT01-FTJ011,12.30,0.000,0.666012,16605,0.435592,0.055345,0,0,1,0.6600,南山区,21,21,0,0,0,0,1
2021-11-11,589179428,20190000000000000003,900200000000000048,1,117.295,458.275,55292.500,2021-11-11 23:30:00.000,L2FT01-FTJ011,12.30,0.000,0.666012,16605,0.435592,0.055345,0,0,1,0.6600,南山区,21,21,0,0,0,0,1
2021-11-11,589179428,20190000000000000003,900200000000000034,1,108.887,353.227,38456.000,2021-11-11 23:45:00.000,L2FT01-FTJ011,12.30,0.000,0.666012,16605,0.435592,0.055345,0,0,1,0.6600,南山区,21,21,0,0,0,0,1
2021-11-11,589179428,20190000000000000003,900200000000000038,1,129.100,316.187,40795.333,2021-11-11 23:45:00.000,L2FT01-FTJ011,12.30,0.000,0.666012,16605,0.435592,0.055345,0,0,1,0.6600,南山区,21,21,0,0,0,0,1
2021-11-11,589179428,20190000000000000003,900200000000000048,1,149.850,474.373,71085.333,2021-11-11 23:45:00.000,L2FT01-FTJ011,12.30,0.000,0.666012,16605,0.435592,0.055345,0,0,1,0.6600,南山区,21,21,0,0,0,0,1
2021-11-11,589179428,20190000000000000003,900200000000000049,1,71.408,308.267,22010.000,2021-11-11 23:45:00.000,L2FT01-FTJ011,12.30,0.000,0.666012,16605,0.435592,0.055345,0,0,1,0.6600,南山区,21,21,0,0,0,0,1
2021-11-12,589179428,20190000000000000003,900200000000000049,1,71.377,308.680,22031.333,2021-11-12 00:00:00.000,L2FT01-FTJ011,13.07,0.000,0.666012,16605,0.435592,0.055345,0,0,1,0.6600,南山区,21,21,0,0,0,0,1
2021-11-12,589179428,20190000000000000003,900200000000000048,1,149.927,474.920,71202.000,2021-11-12 00:00:00.000,L2FT01-FTJ011,13.07,0.000,0.666012,16605,0.435592,0.055345,0,0,1,0.6600,南山区,21,21,0,0,0,0,1
2021-11-12,589179428,20190000000000000003,900200000000000034,1,102.901,354.887,36512.667,2021-11-12 00:00:00.000,L2FT01-FTJ011,13.07,0.000,0.666012,16605,0.435592,0.055345,0,0,1,0.6600,南山区,21,21,0,0,0,0,1
2021-11-12,589179428,20190000000000000003,900200000000000038,1,29.790,318.400,9480.000,2021-11-12 00:00:00.000,L2FT01-FTJ011,13.07,0.000,0.666012,16605,0.435592,0.055345,0,0,1,0.6600,南山区,21,21,0,0,0,0,1
2021-11-12,589179428,20190000000000000003,900200000000000034,1,94.473,356.300,33658.667,2021-11-12 00:15:00.000,L2FT01-FTJ011,13.07,0.000,0.666012,16605,0.435592,0.055345,0,0,1,0.6600,南山区,21,21,0,0,0,0,1
2021-11-12,589179428,20190000000000000003,900200000000000048,1,145.891,475.320,69348.000,2021-11-12 00:15:00.000,L2FT01-FTJ011,13.07,0.000,0.666012,16605,0.435592,0.055345,0,0,1,0.6600,南山区,21,21,0,0,0,0,1
2021-11-12,589179428,20190000000000000003,900200000000000049,1,71.390,309.707,22107.333,2021-11-12 00:15:00.000,L2FT01-FTJ011,13.07,0.000,0.666012,16605,0.435592,0.055345,0,0,1,0.6600,南山区,21,21,0,0,0,0,1
2021-11-12,589179428,20190000000000000003,900200000000000034,1,63.606,355.167,22587.778,2021-11-12 00:30:00.000,L2FT01-FTJ011,13.07,0.000,0.666012,16605,0.435592,0.055345,0,0,1,0.6600,南山区,21,21,0,0,0,0,1
2021-11-12,589179428,20190000000000000003,900200000000000048,1,79.581,475.033,37806.000,2021-11-12 00:30:00.000,L2FT01-FTJ011,13.07,0.000,0.666012,16605,0.435592,0.055345,0,0,1,0.6600,南山区,21,21,0,0,0,0,1
2021-11-12,589179428,20190000000000000003,900200000000000049,1,71.390,311.840,22260.000,2021-11-12 00:30:00.000,L2FT01-FTJ011,13.07,0.000,0.666012,16605,0.435592,0.055345,0,0,1,0.6600,南山区,21,21,0,0,0,0,1
2021-11-12,589179428,20190000000000000003,900200000000000049,1,71.390,312.620,22315.333,2021-11-12 00:45:00.000,L2FT01-FTJ011,13.07,0.000,0.666012,16605,0.435592,0.055345,0,0,1,0.6600,南山区,21,21,0,0,0,0,1
2021-11-12,589179428,20190000000000000003,900200000000000049,1,71.449,313.287,22380.667,2021-11-12 01:00:00.000,L2FT01-FTJ011,13.85,0.000,0.666012,16605,0.435592,0.055345,0,0,1,0.6600,南山区,21,21,0,0,0,0,1
2021-11-12,589179428,20190000000000000003,900200000000000049,1,71.397,316.020,22560.000,2021-11-12 01:15:00.000,L2FT01-FTJ011,13.85,0.000,0.666012,16605,0.435592,0.055345,0,0,1,0.6600,南山区,21,21,0,0,0,0,1
2021-11-12,589179428,20190000000000000003,900200000000000049,1,55.242,327.725,18115.000,2021-11-12 01:30:00.000,L2FT01-FTJ011,13.85,0.000,0.666012,16605,0.435592,0.055345,0,0,1,0.6600,南山区,21,21,0,0,0,0,1
2021-11-12,589179428,20190000000000000003,900200000000000053,1,129.875,308.018,40001.818,2021-11-12 02:15:00.000,L2FT01-FTJ011,14.57,0.000,0.666012,16605,0.435592,0.055345,0,0,1,0.6600,南山区,21,21,0,0,0,0,1
2021-11-12,589179428,20190000000000000003,900200000000000053,1,129.890,310.667,40349.333,2021-11-12 02:30:00.000,L2FT01-FTJ011,14.57,0.000,0.666012,16605,0.435592,0.055345,0,0,1,0.6600,南山区,21,21,0,0,0,0,1
2021-11-12,589179428,20190000000000000003,900200000000000053,1,129.985,311.533,40490.000,2021-11-12 02:45:00.000,L2FT01-FTJ011,14.57,0.000,0.666012,16605,0.435592,0.055345,0,0,1,0.6600,南山区,21,21,0,0,0,0,1
2021-11-12,589179428,20190000000000000003,900200000000000053,1,130.018,313.313,40732.667,2021-11-12 03:00:00.000,L2FT01-FTJ011,15.19,0.000,0.666012,16605,0.435592,0.055345,0,0,1,0.6600,南山区,21,21,0,0,0,0,1
2021-11-12,589179428,20190000000000000003,900200000000000053,1,130.054,315.307,41004.667,2021-11-12 03:15:00.000,L2FT01-FTJ011,15.19,0.000,0.666012,16605,0.435592,0.055345,0,0,1,0.6600,南山区,21,21,0,0,0,0,1
2021-11-12,589179428,20190000000000000003,900200000000000053,1,125.985,319.633,40251.333,2021-11-12 03:30:00.000,L2FT01-FTJ011,15.19,0.000,0.666012,16605,0.435592,0.055345,0,0,1,0.6600,南山区,21,21,0,0,0,0,1
2021-11-12,589179428,20190000000000000003,900200000000000053,1,49.866,325.620,16205.333,2021-11-12 03:45:00.000,L2FT01-FTJ011,15.19,0.000,0.666012,16605,0.435592,0.055345,0,0,1,0.6600,南山区,21,21,0,0,0,0,1
2021-11-12,589179428,20190000000000000003,900200000000000053,1,29.890,336.300,10050.000,2021-11-12 04:00:00.000,L2FT01-FTJ011,15.67,0.000,0.666012,16605,0.435592,0.055345,0,0,1,0.6600,南山区,21,21,0,0,0,0,1
2021-11-12,589179428,20190000000000000003,900200000000000057,1,199.700,314.400,62780.000,2021-11-12 05:15:00.000,L2FT01-FTJ011,15.97,0.000,0.666012,16605,0.435592,0.055345,0,0,1,0.6600,南山区,21,21,0,0,0,0,1
2021-11-12,589179428,20190000000000000003,900200000000000057,1,199.945,316.840,63348.000,2021-11-12 05:30:00.000,L2FT01-FTJ011,15.97,0.000,0.666012,16605,0.435592,0.055345,0,0,1,0.6600,南山区,21,21,0,0,0,0,1
2021-11-12,589179428,20190000000000000003,900200000000000049,1,73.815,358.950,26495.000,2021-11-12 07:30:00.000,L2FT01-FTJ011,15.97,0.000,0.666012,16605,0.435592,0.055345,0,0,1,0.6600,南山区,21,21,0,0,0,0,1
2021-11-12,589179428,20190000000000000003,900200000000000053,1,119.815,385.908,46233.077,2021-11-12 07:30:00.000,L2FT01-FTJ011,15.97,0.000,0.666012,16605,0.435592,0.055345,0,0,1,0.6600,南山区,21,21,0,0,0,0,1
2021-11-12,589179428,20190000000000000003,900200000000000049,1,73.790,368.047,27157.333,2021-11-12 07:45:00.000,L2FT01-FTJ011,15.97,0.000,0.666012,16605,0.435592,0.055345,0,0,1,0.6600,南山区,21,21,0,0,0,0,1
2021-11-12,589179428,20190000000000000003,900200000000000053,1,97.116,390.893,37930.000,2021-11-12 07:45:00.000,L2FT01-FTJ011,15.97,0.000,0.666012,16605,0.435592,0.055345,0,0,1,0.6600,南山区,21,21,0,0,0,0,1
2021-11-12,589179428,20190000000000000003,900200000000000049,1,73.830,378.280,27927.333,2021-11-12 08:00:00.000,L2FT01-FTJ011,15.67,0.000,0.666012,16605,0.435592,0.055345,0,0,1,0.6600,南山区,21,21,0,0,0,0,1
2021-11-12,589179428,20190000000000000003,900200000000000049,1,49.463,385.053,19042.667,2021-11-12 08:15:00.000,L2FT01-FTJ011,15.67,0.000,0.666012,16605,0.435592,0.055345,0,0,1,0.6600,南山区,21,21,0,0,0,0,1
2021-11-12,589179428,20190000000000000003,900200000000000049,1,24.190,385.420,9322.000,2021-11-12 08:30:00.000,L2FT01-FTJ011,15.67,0.000,0.666012,16605,0.435592,0.055345,0,0,1,0.6600,南山区,21,21,0,0,0,0,1
2021-11-12,589179428,20190000000000000003,900200000000000049,1,51.560,329.333,16976.667,2021-11-12 08:45:00.000,L2FT01-FTJ011,15.67,0.000,0.666012,16605,0.435592,0.055345,0,0,1,0.6600,南山区,21,21,0,0,0,0,1
2021-11-12,589179428,20190000000000000003,900200000000000049,1,49.647,335.473,16653.333,2021-11-12 09:00:00.000,L2FT01-FTJ011,15.19,0.000,0.666012,16605,0.435592,0.055345,0,0,1,0.6600,南山区,21,21,0,0,0,0,1
2021-11-12,589179428,20190000000000000003,900200000000000049,1,48.665,346.167,16839.333,2021-11-12 09:15:00.000,L2FT01-FTJ011,15.19,0.000,0.666012,16605,0.435592,0.055345,0,0,1,0.6600,南山区,21,21,0,0,0,0,1
2021-11-12,589179428,20190000000000000003,900200000000000049,1,35.265,352.580,12426.000,2021-11-12 09:30:00.000,L2FT01-FTJ011,15.19,0.000,0.666012,16605,0.435592,0.055345,0,0,1,0.6600,南山区,21,21,0,0,0,0,1
2021-11-12,589179428,20190000000000000003,900200000000000032,1,125.760,452.233,56880.000,2021-11-12 09:45:00.000,L2FT01-FTJ011,15.19,0.000,0.666012,16605,0.435592,0.055345,0,0,1,0.6600,南山区,21,21,0,0,0,0,1
2021-11-12,589179428,20190000000000000003,900200000000000049,1,24.559,357.187,8766.000,2021-11-12 09:45:00.000,L2FT01-FTJ011,15.19,0.000,0.666012,16605,0.435592,0.055345,0,0,1,0.6600,南山区,21,21,0,0,0,0,1
2021-11-12,589179428,20190000000000000003,900200000000000049,1,17.379,360.647,6263.333,2021-11-12 10:00:00.000,L2FT01-FTJ011,14.57,0.000,0.666012,16605,0.435592,0.055345,0,0,1,0.6600,南山区,21,21,0,0,0,0,1
2021-11-12,589179428,20190000000000000003,900200000000000032,1,83.790,456.886,38265.714,2021-11-12 10:00:00.000,L2FT01-FTJ011,14.57,0.000,0.666012,16605,0.435592,0.055345,0,0,1,0.6600,南山区,21,21,0,0,0,0,1
2021-11-12,589179428,20190000000000000003,900200000000000049,1,7.652,361.773,2768.000,2021-11-12 10:15:00.000,L2FT01-FTJ011,14.57,0.000,0.666012,16605,0.435592,0.055345,0,0,1,0.6600,南山区,21,21,0,0,0,0,1
2021-11-12,589179428,20190000000000000003,900200000000000049,1,4.414,362.460,1596.000,2021-11-12 10:30:00.000,L2FT01-FTJ011,14.57,0.000,0.666012,16605,0.435592,0.055345,0,0,1,0.6600,南山区,21,21,0,0,0,0,1
2021-11-12,589179428,20190000000000000003,900200000000000049,1,59.719,409.100,26540.909,2021-11-12 10:45:00.000,L2FT01-FTJ011,14.57,0.000,0.666012,16605,0.435592,0.055345,0,0,1,0.6600,南山区,21,21,0,0,0,0,1
2021-11-12,589179428,20190000000000000003,900200000000000048,1,99.836,311.880,31130.000,2021-11-12 11:00:00.000,L2FT01-FTJ011,13.85,0.000,0.666012,16605,0.435592,0.055345,0,0,1,0.6600,南山区,21,21,0,0,0,0,1
2021-11-12,589179428,20190000000000000003,900200000000000049,1,72.840,450.575,32817.500,2021-11-12 11:00:00.000,L2FT01-FTJ011,13.85,0.000,0.666012,16605,0.435592,0.055345,0,0,1,0.6600,南山区,21,21,0,0,0,0,1
2021-11-12,589179428,20190000000000000003,900200000000000048,1,93.691,323.200,30254.000,2021-11-12 11:15:00.000,L2FT01-FTJ011,13.85,0.000,0.666012,16605,0.435592,0.055345,0,0,1,0.6600,南山区,21,21,0,0,0,0,1
2021-11-12,589179428,20190000000000000003,900200000000000048,1,72.990,338.493,24682.000,2021-11-12 11:30:00.000,L2FT01-FTJ011,13.85,0.000,0.666012,16605,0.435592,0.055345,0,0,1,0.6600,南山区,21,21,0,0,0,0,1
2021-11-12,589179428,20190000000000000003,900200000000000048,1,39.793,348.413,13848.667,2021-11-12 11:45:00.000,L2FT01-FTJ011,13.85,0.000,0.666012,16605,0.435592,0.055345,0,0,1,0.6600,南山区,21,21,0,0,0,0,1
2021-11-12,589179428,20190000000000000003,900200000000000048,1,22.620,351.870,7957.000,2021-11-12 12:00:00.000,L2FT01-FTJ011,13.07,0.000,0.666012,16605,0.435592,0.055345,0,0,1,0.6600,南山区,21,21,0,0,0,0,1
2021-11-12,589179428,20190000000000000003,900200000000000048,1,114.514,342.815,39435.385,2021-11-12 12:15:00.000,L2FT01-FTJ011,13.07,0.000,0.666012,16605,0.435592,0.055345,0,0,1,0.6600,南山区,21,21,0,0,0,0,1
2021-11-12,589179428,20190000000000000003,900200000000000039,1,114.493,357.833,41146.667,2021-11-12 12:30:00.000,L2FT01-FTJ011,13.07,0.000,0.666012,16605,0.435592,0.055345,0,0,1,0.6600,南山区,21,21,0,0,0,0,1
2021-11-12,589179428,20190000000000000003,900200000000000048,1,132.491,354.387,46950.667,2021-11-12 12:30:00.000,L2FT01-FTJ011,13.07,0.000,0.666012,16605,0.435592,0.055345,0,0,1,0.6600,南山区,21,21,0,0,0,0,1
2021-11-12,589179428,20190000000000000003,900200000000000039,1,159.823,376.247,60130.667,2021-11-12 12:45:00.000,L2FT01-FTJ011,13.07,0.000,0.666012,16605,0.435592,0.055345,0,0,1,0.6600,南山区,21,21,0,0,0,0,1
2021-11-12,589179428,20190000000000000003,900200000000000048,1,115.367,370.900,42732.667,2021-11-12 12:45:00.000,L2FT01-FTJ011,13.07,0.000,0.666012,16605,0.435592,0.055345,0,0,1,0.6600,南山区,21,21,0,0,0,0,1
2021-11-12,589179428,20190000000000000003,900200000000000048,1,73.690,383.073,28202.667,2021-11-12 13:00:00.000,L2FT01-FTJ011,12.30,0.000,0.666012,16605,0.435592,0.055345,0,0,1,0.6600,南山区,21,21,0,0,0,0,1
2021-11-12,589179428,20190000000000000003,900200000000000039,1,64.101,388.040,24858.000,2021-11-12 13:00:00.000,L2FT01-FTJ011,12.30,0.000,0.666012,16605,0.435592,0.055345,0,0,1,0.6600,南山区,21,21,0,0,0,0,1
2021-11-12,589179428,20190000000000000003,900200000000000048,1,25.090,386.143,9686.429,2021-11-12 13:15:00.000,L2FT01-FTJ011,12.30,0.000,0.666012,16605,0.435592,0.055345,0,0,1,0.6600,南山区,21,21,0,0,0,0,1
2021-11-12,589179428,20190000000000000003,900200000000000039,1,20.107,389.879,7836.429,2021-11-12 13:15:00.000,L2FT01-FTJ011,12.30,0.000,0.666012,16605,0.435592,0.055345,0,0,1,0.6600,南山区,21,21,0,0,0,0,1
2021-11-12,589179428,20190000000000000003,900200000000000045,1,80.825,335.753,27114.000,2021-11-12 13:15:00.000,L2FT01-FTJ011,12.30,0.000,0.666012,16605,0.435592,0.055345,0,0,1,0.6600,南山区,21,21,0,0,0,0,1
2021-11-12,589179428,20190000000000000003,900200000000000045,1,40.563,340.440,13803.333,2021-11-12 13:30:00.000,L2FT01-FTJ011,12.30,0.000,0.666012,16605,0.435592,0.055345,0,0,1,0.6600,南山区,21,21,0,0,0,0,1
2021-11-12,589179428,20190000000000000003,900200000000000045,1,16.057,341.347,5482.000,2021-11-12 13:45:00.000,L2FT01-FTJ011,12.30,0.000,0.666012,16605,0.435592,0.055345,0,0,1,0.6600,南山区,21,21,0,0,0,0,1
2021-11-12,589179428,20190000000000000003,900200000000000045,1,13.390,341.900,4580.000,2021-11-12 14:00:00.000,L2FT01-FTJ011,11.57,0.000,0.666012,16605,0.435592,0.055345,0,0,1,0.6600,南山区,21,21,0,0,0,0,1
2021-11-12,589179428,20190000000000000003,900200000000000053,1,116.862,354.900,42642.222,2021-11-12 15:15:00.000,L2FT01-FTJ011,10.95,0.000,0.666012,16605,0.435592,0.055345,0,0,1,0.6600,南山区,21,21,0,0,0,0,1
2021-11-12,589179428,20190000000000000003,900200000000000053,1,106.540,375.820,40008.000,2021-11-12 15:30:00.000,L2FT01-FTJ011,10.95,0.000,0.666012,16605,0.435592,0.055345,0,0,1,0.6600,南山区,21,21,0,0,0,0,1
2021-11-12,589179428,20190000000000000003,900200000000000053,1,73.193,393.773,28775.333,2021-11-12 15:45:00.000,L2FT01-FTJ011,10.95,0.000,0.666012,16605,0.435592,0.055345,0,0,1,0.6600,南山区,21,21,0,0,0,0,1
2021-11-12,589179428,20190000000000000003,900200000000000053,1,50.190,401.250,20145.000,2021-11-12 16:00:00.000,L2FT01-FTJ011,10.47,0.000,0.666012,16605,0.435592,0.055345,0,0,1,0.6600,南山区,21,21,0,0,0,0,1
2021-11-12,589179428,20190000000000000003,900200000000000049,1,129.945,313.150,40685.000,2021-11-12 16:30:00.000,L2FT01-FTJ011,10.47,0.000,0.666012,16605,0.435592,0.055345,0,0,1,0.6600,南山区,21,21,0,0,0,0,1
2021-11-12,589179428,20190000000000000003,900200000000000032,1,129.849,308.218,40020.000,2021-11-12 16:30:00.000,L2FT01-FTJ011,10.47,0.000,0.666012,16605,0.435592,0.055345,0,0,1,0.6600,南山区,21,21,0,0,0,0,1
2021-11-12,589179428,20190000000000000003,900200000000000032,1,129.956,310.527,40352.000,2021-11-12 16:45:00.000,L2FT01-FTJ011,10.47,0.000,0.666012,16605,0.435592,0.055345,0,0,1,0.6600,南山区,21,21,0,0,0,0,1
2021-11-12,589179428,20190000000000000003,900200000000000049,1,129.812,314.540,40826.667,2021-11-12 16:45:00.000,L2FT01-FTJ011,10.47,0.000,0.666012,16605,0.435592,0.055345,0,0,1,0.6600,南山区,21,21,0,0,0,0,1
2021-11-12,589179428,20190000000000000003,900200000000000032,1,130.042,311.213,40467.333,2021-11-12 17:00:00.000,L2FT01-FTJ011,10.17,0.000,0.666012,16605,0.435592,0.055345,0,0,1,0.6600,南山区,21,21,0,0,0,0,1
2021-11-12,589179428,20190000000000000003,900200000000000049,1,69.810,325.100,22471.667,2021-11-12 17:00:00.000,L2FT01-FTJ011,10.17,0.000,0.666012,16605,0.435592,0.055345,0,0,1,0.6600,南山区,21,21,0,0,0,0,1
2021-11-12,589179428,20190000000000000003,900200000000000032,1,130.047,312.940,40694.667,2021-11-12 17:15:00.000,L2FT01-FTJ011,10.17,0.000,0.666012,16605,0.435592,0.055345,0,0,1,0.6600,南山区,21,21,0,0,0,0,1
2021-11-12,589179428,20190000000000000003,900200000000000035,1,89.015,322.738,28726.250,2021-11-12 17:15:00.000,L2FT01-FTJ011,10.17,0.000,0.666012,16605,0.435592,0.055345,0,0,1,0.6600,南山区,21,21,0,0,0,0,1
2021-11-12,589179428,20190000000000000003,900200000000000056,1,131.178,313.560,41126.000,2021-11-12 17:15:00.000,L2FT01-FTJ011,10.17,0.000,0.666012,16605,0.435592,0.055345,0,0,1,0.6600,南山区,21,21,0,0,0,0,1
2021-11-12,589179428,20190000000000000003,900200000000000056,1,133.072,315.040,41920.667,2021-11-12 17:30:00.000,L2FT01-FTJ011,10.17,0.000,0.666012,16605,0.435592,0.055345,0,0,1,0.6600,南山区,21,21,0,0,0,0,1
2021-11-12,589179428,20190000000000000003,900200000000000037,1,130.347,313.783,40896.667,2021-11-12 17:30:00.000,L2FT01-FTJ011,10.17,0.000,0.666012,16605,0.435592,0.055345,0,0,1,0.6600,南山区,21,21,0,0,0,0,1
2021-11-12,589179428,20190000000000000003,900200000000000032,1,129.912,315.073,40929.333,2021-11-12 17:30:00.000,L2FT01-FTJ011,10.17,0.000,0.666012,16605,0.435592,0.055345,0,0,1,0.6600,南山区,21,21,0,0,0,0,1
2021-11-12,589179428,20190000000000000003,900200000000000035,1,85.270,331.873,28293.333,2021-11-12 17:30:00.000,L2FT01-FTJ011,10.17,0.000,0.666012,16605,0.435592,0.055345,0,0,1,0.6600,南山区,21,21,0,0,0,0,1
2021-11-12,589179428,20190000000000000003,900200000000000032,1,84.857,324.107,27295.000,2021-11-12 17:45:00.000,L2FT01-FTJ011,10.17,0.000,0.666012,16605,0.435592,0.055345,0,0,1,0.6600,南山区,21,21,0,0,0,0,1
2021-11-12,589179428,20190000000000000003,900200000000000035,1,53.883,338.993,18262.667,2021-11-12 17:45:00.000,L2FT01-FTJ011,10.17,0.000,0.666012,16605,0.435592,0.055345,0,0,1,0.6600,南山区,21,21,0,0,0,0,1
2021-11-12,589179428,20190000000000000003,900200000000000037,1,129.890,315.000,40912.000,2021-11-12 17:45:00.000,L2FT01-FTJ011,10.17,0.000,0.666012,16605,0.435592,0.055345,0,0,1,0.6600,南山区,21,21,0,0,0,0,1
2021-11-12,589179428,20190000000000000003,900200000000000056,1,75.618,322.550,24285.000,2021-11-12 17:45:00.000,L2FT01-FTJ011,10.17,0.000,0.666012,16605,0.435592,0.055345,0,0,1,0.6600,南山区,21,21,0,0,0,0,1
2021-11-12,589179428,20190000000000000003,900200000000000035,1,23.015,340.640,7840.000,2021-11-12 18:00:00.000,L2FT01-FTJ011,10.07,0.000,0.666012,16605,0.435592,0.055345,0,0,1,0.6600,南山区,21,21,0,0,0,0,1
2021-11-12,589179428,20190000000000000003,900200000000000037,1,123.872,317.340,39304.000,2021-11-12 18:00:00.000,L2FT01-FTJ011,10.07,0.000,0.666012,16605,0.435592,0.055345,0,0,1,0.6600,南山区,21,21,0,0,0,0,1
2021-11-12,589179428,20190000000000000003,900200000000000035,1,13.500,341.350,4603.333,2021-11-12 18:15:00.000,L2FT01-FTJ011,10.07,0.000,0.666012,16605,0.435592,0.055345,0,0,1,0.6600,南山区,21,21,0,0,0,0,1
2021-11-12,589179428,20190000000000000003,900200000000000048,1,119.514,327.940,39190.000,2021-11-12 18:15:00.000,L2FT01-FTJ011,10.07,0.000,0.666012,16605,0.435592,0.055345,0,0,1,0.6600,南山区,21,21,0,0,0,0,1
2021-11-12,589179428,20190000000000000003,900200000000000049,1,67.880,319.200,21665.000,2021-11-12 18:15:00.000,L2FT01-FTJ011,10.07,0.000,0.666012,16605,0.435592,0.055345,0,0,1,0.6600,南山区,21,21,0,0,0,0,1
2021-11-12,589179428,20190000000000000003,900200000000000035,1,200.750,315.650,63360.000,2021-11-12 18:30:00.000,L2FT01-FTJ011,10.07,0.000,0.666012,16605,0.435592,0.055345,0,0,1,0.6600,南山区,21,21,0,0,0,0,1
2021-11-12,589179428,20190000000000000003,900200000000000048,1,119.512,329.867,39418.000,2021-11-12 18:30:00.000,L2FT01-FTJ011,10.07,0.000,0.666012,16605,0.435592,0.055345,0,0,1,0.6600,南山区,21,21,0,0,0,0,1
2021-11-12,589179428,20190000000000000003,900200000000000049,1,67.790,325.353,22053.333,2021-11-12 18:30:00.000,L2FT01-FTJ011,10.07,0.000,0.666012,16605,0.435592,0.055345,0,0,1,0.6600,南山区,21,21,0,0,0,0,1
2021-11-12,589179428,20190000000000000003,900200000000000049,1,67.890,332.947,22601.333,2021-11-12 18:45:00.000,L2FT01-FTJ011,10.07,0.000,0.666012,16605,0.435592,0.055345,0,0,1,0.6600,南山区,21,21,0,0,0,0,1
2021-11-12,589179428,20190000000000000003,900200000000000048,1,105.625,333.340,35159.333,2021-11-12 18:45:00.000,L2FT01-FTJ011,10.07,0.000,0.666012,16605,0.435592,0.055345,0,0,1,0.6600,南山区,21,21,0,0,0,0,1
2021-11-12,589179428,20190000000000000003,900200000000000035,1,205.818,316.473,65134.000,2021-11-12 18:45:00.000,L2FT01-FTJ011,10.07,0.000,0.666012,16605,0.435592,0.055345,0,0,1,0.6600,南山区,21,21,0,0,0,0,1
2021-11-12,589179428,20190000000000000003,900200000000000035,1,193.570,319.375,61810.000,2021-11-12 19:00:00.000,L2FT01-FTJ011,10.17,0.000,0.666012,16605,0.435592,0.055345,0,0,1,0.6600,南山区,21,21,0,0,0,0,1
2021-11-12,589179428,20190000000000000003,900200000000000049,1,67.863,343.527,23310.667,2021-11-12 19:00:00.000,L2FT01-FTJ011,10.17,0.000,0.666012,16605,0.435592,0.055345,0,0,1,0.6600,南山区,21,21,0,0,0,0,1
2021-11-12,589179428,20190000000000000003,900200000000000049,1,67.801,352.633,23908.889,2021-11-12 19:15:00.000,L2FT01-FTJ011,10.17,0.000,0.666012,16605,0.435592,0.055345,0,0,1,0.6600,南山区,21,21,0,0,0,0,1
2021-11-12,589179428,20190000000000000003,900200000000000048,1,148.607,360.600,53585.556,2021-11-12 19:45:00.000,L2FT01-FTJ011,10.17,0.000,0.666012,16605,0.435592,0.055345,0,0,1,0.6600,南山区,21,21,0,0,0,0,1
2021-11-12,589179428,20190000000000000003,900200000000000048,1,144.291,371.700,53616.000,2021-11-12 20:00:00.000,L2FT01-FTJ011,10.47,0.000,0.666012,16605,0.435592,0.055345,0,0,1,0.6600,南山区,21,21,0,0,0,0,1
2021-11-12,589179428,20190000000000000003,900200000000000053,0,0.000,336.700,0.000,2021-11-12 20:00:00.000,L2FT01-FTJ011,10.47,0.000,0.666012,16605,0.435592,0.055345,0,0,1,0.6600,南山区,21,21,0,0,0,0,1
2021-11-12,589179428,20190000000000000003,900200000000000048,1,112.683,384.773,43357.333,2021-11-12 20:15:00.000,L2FT01-FTJ011,10.47,0.000,0.666012,16605,0.435592,0.055345,0,0,1,0.6600,南山区,21,21,0,0,0,0,1
2021-11-12,589179428,20190000000000000003,900200000000000048,1,72.103,398.813,28738.000,2021-11-12 20:30:00.000,L2FT01-FTJ011,10.47,0.000,0.666012,16605,0.435592,0.055345,0,0,1,0.6600,南山区,21,21,0,0,0,0,1
2021-11-12,589179428,20190000000000000003,900200000000000048,1,65.890,405.900,26743.333,2021-11-12 20:45:00.000,L2FT01-FTJ011,10.47,0.000,0.666012,16605,0.435592,0.055345,0,0,1,0.6600,南山区,21,21,0,0,0,0,1
2021-11-12,589179428,20190000000000000003,900200000000000038,1,239.081,372.357,89028.571,2021-11-12 21:15:00.000,L2FT01-FTJ011,10.95,0.000,0.666012,16605,0.435592,0.055345,0,0,1,0.6600,南山区,21,21,0,0,0,0,1
2021-11-12,589179428,20190000000000000003,900200000000000038,1,175.809,392.120,68772.667,2021-11-12 21:30:00.000,L2FT01-FTJ011,10.95,0.000,0.666012,16605,0.435592,0.055345,0,0,1,0.6600,南山区,21,21,0,0,0,0,1
2021-11-12,589179428,20190000000000000003,900200000000000038,1,79.853,402.580,32124.667,2021-11-12 21:45:00.000,L2FT01-FTJ011,10.95,0.000,0.666012,16605,0.435592,0.055345,0,0,1,0.6600,南山区,21,21,0,0,0,0,1
2021-11-12,589179428,20190000000000000003,900200000000000038,1,33.072,403.187,13331.333,2021-11-12 22:00:00.000,L2FT01-FTJ011,11.57,0.000,0.666012,16605,0.435592,0.055345,0,0,1,0.6600,南山区,21,21,0,0,0,0,1
2021-11-12,589179428,20190000000000000003,900200000000000038,1,18.272,403.033,7362.667,2021-11-12 22:15:00.000,L2FT01-FTJ011,11.57,0.000,0.666012,16605,0.435592,0.055345,0,0,1,0.6600,南山区,21,21,0,0,0,0,1
2021-11-13,589179428,20190000000000000003,900200000000000053,1,130.145,303.150,39448.333,2021-11-13 01:45:00.000,L2FT01-FTJ011,13.85,0.000,0.666012,16605,0.435592,0.055345,0,0,0,0.6600,南山区,21,21,0,0,0,0,1
2021-11-13,589179428,20190000000000000003,900200000000000053,1,129.806,308.373,40023.333,2021-11-13 02:00:00.000,L2FT01-FTJ011,14.57,0.000,0.666012,16605,0.435592,0.055345,0,0,0,0.6600,南山区,21,21,0,0,0,0,1
2021-11-13,589179428,20190000000000000003,900200000000000053,1,129.860,311.380,40433.333,2021-11-13 02:15:00.000,L2FT01-FTJ011,14.57,0.000,0.666012,16605,0.435592,0.055345,0,0,0,0.6600,南山区,21,21,0,0,0,0,1
2021-11-13,589179428,20190000000000000003,900200000000000053,1,129.860,312.213,40541.333,2021-11-13 02:30:00.000,L2FT01-FTJ011,14.57,0.000,0.666012,16605,0.435592,0.055345,0,0,0,0.6600,南山区,21,21,0,0,0,0,1
2021-11-13,589179428,20190000000000000003,900200000000000053,1,129.878,313.913,40768.000,2021-11-13 02:45:00.000,L2FT01-FTJ011,14.57,0.000,0.666012,16605,0.435592,0.055345,0,0,0,0.6600,南山区,21,21,0,0,0,0,1
2021-11-13,589179428,20190000000000000003,900200000000000053,1,129.890,315.193,40938.000,2021-11-13 03:00:00.000,L2FT01-FTJ011,15.19,0.000,0.666012,16605,0.435592,0.055345,0,0,0,0.6600,南山区,21,21,0,0,0,0,1
2021-11-13,589179428,20190000000000000003,900200000000000053,1,127.884,318.000,40652.667,2021-11-13 03:15:00.000,L2FT01-FTJ011,15.19,0.000,0.666012,16605,0.435592,0.055345,0,0,0,0.6600,南山区,21,21,0,0,0,0,1
2021-11-13,589179428,20190000000000000003,900200000000000053,1,44.161,328.600,14474.286,2021-11-13 03:30:00.000,L2FT01-FTJ011,15.19,0.000,0.666012,16605,0.435592,0.055345,0,0,0,0.6600,南山区,21,21,0,0,0,0,1
2021-11-13,589179428,20190000000000000003,900200000000000053,1,28.890,344.500,9950.000,2021-11-13 07:45:00.000,L2FT01-FTJ011,15.97,0.000,0.666012,16605,0.435592,0.055345,0,0,0,0.6600,南山区,21,21,0,0,0,0,1
2021-11-13,589179428,20190000000000000003,900200000000000053,1,108.240,360.193,38991.333,2021-11-13 08:00:00.000,L2FT01-FTJ011,15.67,0.000,0.666012,16605,0.435592,0.055345,0,0,0,0.6600,南山区,21,21,0,0,0,0,1
2021-11-13,589179428,20190000000000000003,900200000000000053,1,54.963,363.650,19955.000,2021-11-13 08:15:00.000,L2FT01-FTJ011,15.67,0.000,0.666012,16605,0.435592,0.055345,0,0,0,0.6600,南山区,21,21,0,0,0,0,1
2021-11-13,589179428,20190000000000000003,900200000000000042,1,45.590,359.250,16390.000,2021-11-13 09:15:00.000,L2FT01-FTJ011,15.19,0.000,0.666012,16605,0.435592,0.055345,0,0,0,0.6600,南山区,21,21,0,0,0,0,1
2021-11-13,589179428,20190000000000000003,900200000000000042,1,83.299,364.827,30396.000,2021-11-13 09:30:00.000,L2FT01-FTJ011,15.19,0.000,0.666012,16605,0.435592,0.055345,0,0,0,0.6600,南山区,21,21,0,0,0,0,1
2021-11-13,589179428,20190000000000000003,900200000000000042,1,99.317,367.907,36559.333,2021-11-13 09:45:00.000,L2FT01-FTJ011,15.19,0.000,0.666012,16605,0.435592,0.055345,0,0,0,0.6600,南山区,21,21,0,0,0,0,1
2021-11-13,589179428,20190000000000000003,900200000000000042,1,139.095,372.012,51742.500,2021-11-13 10:00:00.000,L2FT01-FTJ011,14.57,0.000,0.666012,16605,0.435592,0.055345,0,0,0,0.6600,南山区,21,21,0,0,0,0,1
2021-11-13,589179428,20190000000000000003,900200000000000049,1,94.556,390.225,36872.500,2021-11-13 11:30:00.000,L2FT01-FTJ011,13.85,0.000,0.666012,16605,0.435592,0.055345,0,0,0,0.6600,南山区,21,21,0,0,0,0,1
2021-11-13,589179428,20190000000000000003,900200000000000049,1,49.516,396.971,19633.571,2021-11-13 11:45:00.000,L2FT01-FTJ011,13.85,0.000,0.666012,16605,0.435592,0.055345,0,0,0,0.6600,南山区,21,21,0,0,0,0,1
2021-11-13,589179428,20190000000000000003,900200000000000047,1,129.878,314.880,40894.000,2021-11-13 12:45:00.000,L2FT01-FTJ011,13.07,0.000,0.666012,16605,0.435592,0.055345,0,0,0,0.6600,南山区,21,21,0,0,0,0,1
2021-11-13,589179428,20190000000000000003,900200000000000057,1,239.869,421.033,100990.833,2021-11-13 12:45:00.000,L2FT01-FTJ011,13.07,0.000,0.666012,16605,0.435592,0.055345,0,0,0,0.6600,南山区,21,21,0,0,0,0,1
2021-11-13,589179428,20190000000000000003,900200000000000057,1,196.834,446.280,87638.000,2021-11-13 13:00:00.000,L2FT01-FTJ011,12.30,0.000,0.666012,16605,0.435592,0.055345,0,0,0,0.6600,南山区,21,21,0,0,0,0,1
2021-11-13,589179428,20190000000000000003,900200000000000047,1,129.845,317.317,41200.000,2021-11-13 13:00:00.000,L2FT01-FTJ011,12.30,0.000,0.666012,16605,0.435592,0.055345,0,0,0,0.6600,南山区,21,21,0,0,0,0,1
2021-11-13,589179428,20190000000000000003,900200000000000057,1,131.750,458.460,60390.000,2021-11-13 13:15:00.000,L2FT01-FTJ011,12.30,0.000,0.666012,16605,0.435592,0.055345,0,0,0,0.6600,南山区,21,21,0,0,0,0,1
2021-11-13,589179428,20190000000000000003,900200000000000049,1,122.776,428.157,52565.000,2021-11-13 14:30:00.000,L2FT01-FTJ011,11.57,0.000,0.666012,16605,0.435592,0.055345,0,0,0,0.6600,南山区,21,21,0,0,0,0,1
2021-11-13,589179428,20190000000000000003,900200000000000049,1,121.800,442.025,53832.500,2021-11-13 14:45:00.000,L2FT01-FTJ011,11.57,0.000,0.666012,16605,0.435592,0.055345,0,0,0,0.6600,南山区,21,21,0,0,0,0,1
2021-11-13,589179428,20190000000000000003,900200000000000038,1,52.123,336.733,17680.000,2021-11-13 15:15:00.000,L2FT01-FTJ011,10.95,0.000,0.666012,16605,0.435592,0.055345,0,0,0,0.6600,南山区,21,21,0,0,0,0,1
2021-11-13,589179428,20190000000000000003,900200000000000038,1,139.523,349.433,48751.333,2021-11-13 15:30:00.000,L2FT01-FTJ011,10.95,0.000,0.666012,16605,0.435592,0.055345,0,0,0,0.6600,南山区,21,21,0,0,0,0,1
2021-11-13,589179428,20190000000000000003,900200000000000038,1,135.572,364.427,49383.333,2021-11-13 15:45:00.000,L2FT01-FTJ011,10.95,0.000,0.666012,16605,0.435592,0.055345,0,0,0,0.6600,南山区,21,21,0,0,0,0,1
2021-11-13,589179428,20190000000000000003,900200000000000038,1,98.431,376.525,37051.250,2021-11-13 16:00:00.000,L2FT01-FTJ011,10.47,0.000,0.666012,16605,0.435592,0.055345,0,0,0,0.6600,南山区,21,21,0,0,0,0,1
2021-11-13,589179428,20190000000000000003,900200000000000031,1,95.056,402.920,38298.000,2021-11-13 17:15:00.000,L2FT01-FTJ011,10.17,0.000,0.666012,16605,0.435592,0.055345,0,0,0,0.6600,南山区,21,21,0,0,0,0,1
2021-11-13,589179428,20190000000000000003,900200000000000031,1,87.777,405.060,35553.333,2021-11-13 17:30:00.000,L2FT01-FTJ011,10.17,0.000,0.666012,16605,0.435592,0.055345,0,0,0,0.6600,南山区,21,21,0,0,0,0,1
2021-11-13,589179428,20190000000000000003,900200000000000031,1,46.610,404.880,18948.000,2021-11-13 17:45:00.000,L2FT01-FTJ011,10.17,0.000,0.666012,16605,0.435592,0.055345,0,0,0,0.6600,南山区,21,21,0,0,0,0,1
2021-11-13,589179428,20190000000000000003,900200000000000039,1,199.795,315.950,63120.000,2021-11-13 18:00:00.000,L2FT01-FTJ011,10.07,0.000,0.666012,16605,0.435592,0.055345,0,0,0,0.6600,南山区,21,21,0,0,0,0,1
2021-11-13,589179428,20190000000000000003,900200000000000038,1,71.372,350.993,25047.333,2021-11-13 18:15:00.000,L2FT01-FTJ011,10.07,0.000,0.666012,16605,0.435592,0.055345,0,0,0,0.6600,南山区,21,21,0,0,0,0,1
2021-11-13,589179428,20190000000000000003,900200000000000039,1,207.825,316.645,65800.909,2021-11-13 18:15:00.000,L2FT01-FTJ011,10.07,0.000,0.666012,16605,0.435592,0.055345,0,0,0,0.6600,南山区,21,21,0,0,0,0,1
2021-11-13,589179428,20190000000000000003,900200000000000038,1,71.277,353.633,25204.000,2021-11-13 18:30:00.000,L2FT01-FTJ011,10.07,0.000,0.666012,16605,0.435592,0.055345,0,0,0,0.6600,南山区,21,21,0,0,0,0,1
2021-11-13,589179428,20190000000000000003,900200000000000038,1,62.483,358.547,22363.333,2021-11-13 18:45:00.000,L2FT01-FTJ011,10.07,0.000,0.666012,16605,0.435592,0.055345,0,0,0,0.6600,南山区,21,21,0,0,0,0,1
2021-11-13,589179428,20190000000000000003,900200000000000053,0,0.000,395.300,0.000,2021-11-13 19:45:00.000,L2FT01-FTJ011,10.17,0.000,0.666012,16605,0.435592,0.055345,0,0,0,0.6600,南山区,21,21,0,0,0,0,1
2021-11-13,589179428,20190000000000000003,900200000000000053,1,149.857,354.740,53156.667,2021-11-13 20:00:00.000,L2FT01-FTJ011,10.47,0.000,0.666012,16605,0.435592,0.055345,0,0,0,0.6600,南山区,21,21,0,0,0,0,1
2021-11-13,589179428,20190000000000000003,900200000000000053,1,149.971,373.113,55954.000,2021-11-13 20:15:00.000,L2FT01-FTJ011,10.47,0.000,0.666012,16605,0.435592,0.055345,0,0,0,0.6600,南山区,21,21,0,0,0,0,1
2021-11-13,589179428,20190000000000000003,900200000000000053,1,47.407,382.760,18160.000,2021-11-13 20:30:00.000,L2FT01-FTJ011,10.47,0.000,0.666012,16605,0.435592,0.055345,0,0,0,0.6600,南山区,21,21,0,0,0,0,1
2021-11-13,589179428,20190000000000000003,900200000000000053,1,16.023,382.250,6120.000,2021-11-13 20:45:00.000,L2FT01-FTJ011,10.47,0.000,0.666012,16605,0.435592,0.055345,0,0,0,0.6600,南山区,21,21,0,0,0,0,1
2021-11-13,589179428,20190000000000000003,900200000000000057,1,103.040,341.189,35153.333,2021-11-13 23:45:00.000,L2FT01-FTJ011,12.30,0.000,0.666012,16605,0.435592,0.055345,0,0,0,0.6600,南山区,21,21,0,0,0,0,1
2021-11-14,589179428,20190000000000000003,900200000000000057,1,103.110,347.233,35802.000,2021-11-14 00:00:00.000,L2FT01-FTJ011,13.07,0.000,0.666012,16605,0.435592,0.055345,0,0,0,0.6600,南山区,21,21,0,0,0,0,1
2021-11-14,589179428,20190000000000000003,900200000000000057,1,103.190,359.140,37058.000,2021-11-14 00:15:00.000,L2FT01-FTJ011,13.07,0.000,0.666012,16605,0.435592,0.055345,0,0,0,0.6600,南山区,21,21,0,0,0,0,1
2021-11-14,589179428,20190000000000000003,900200000000000057,1,103.110,374.273,38592.000,2021-11-14 00:30:00.000,L2FT01-FTJ011,13.07,0.000,0.666012,16605,0.435592,0.055345,0,0,0,0.6600,南山区,21,21,0,0,0,0,1
2021-11-14,589179428,20190000000000000003,900200000000000057,1,33.543,380.720,12770.000,2021-11-14 00:45:00.000,L2FT01-FTJ011,13.07,0.000,0.666012,16605,0.435592,0.055345,0,0,0,0.6600,南山区,21,21,0,0,0,0,1
2021-11-14,589179428,20190000000000000003,900200000000000057,1,25.590,382.600,9790.000,2021-11-14 01:00:00.000,L2FT01-FTJ011,13.85,0.000,0.666012,16605,0.435592,0.055345,0,0,0,0.6600,南山区,21,21,0,0,0,0,1
2021-11-14,589179428,20190000000000000003,900200000000000053,1,109.785,351.512,38720.000,2021-11-14 03:45:00.000,L2FT01-FTJ011,15.19,0.000,0.666012,16605,0.435592,0.055345,0,0,0,0.6600,南山区,21,21,0,0,0,0,1
2021-11-14,589179428,20190000000000000003,900200000000000053,1,119.842,356.213,42686.667,2021-11-14 04:00:00.000,L2FT01-FTJ011,15.67,0.000,0.666012,16605,0.435592,0.055345,0,0,0,0.6600,南山区,21,21,0,0,0,0,1
2021-11-14,589179428,20190000000000000003,900200000000000053,1,119.884,358.107,42930.667,2021-11-14 04:15:00.000,L2FT01-FTJ011,15.67,0.000,0.666012,16605,0.435592,0.055345,0,0,0,0.6600,南山区,21,21,0,0,0,0,1
2021-11-14,589179428,20190000000000000003,900200000000000053,1,71.947,356.667,25752.667,2021-11-14 04:30:00.000,L2FT01-FTJ011,15.67,0.000,0.666012,16605,0.435592,0.055345,0,0,0,0.6600,南山区,21,21,0,0,0,0,1
2021-11-14,589179428,20190000000000000003,900200000000000053,1,43.623,359.750,15668.333,2021-11-14 04:45:00.000,L2FT01-FTJ011,15.67,0.000,0.666012,16605,0.435592,0.055345,0,0,0,0.6600,南山区,21,21,0,0,0,0,1
2021-11-14,589179428,20190000000000000003,900200000000000052,1,111.545,326.800,36664.000,2021-11-14 09:30:00.000,L2FT01-FTJ011,15.19,0.000,0.666012,16605,0.435592,0.055345,0,0,0,0.6600,南山区,21,21,0,0,0,0,1
2021-11-14,589179428,20190000000000000003,900200000000000052,1,119.597,330.173,39485.333,2021-11-14 09:45:00.000,L2FT01-FTJ011,15.19,0.000,0.666012,16605,0.435592,0.055345,0,0,0,0.6600,南山区,21,21,0,0,0,0,1
2021-11-14,589179428,20190000000000000003,900200000000000056,1,57.310,357.700,20498.000,2021-11-14 10:00:00.000,L2FT01-FTJ011,14.57,0.000,0.666012,16605,0.435592,0.055345,0,0,0,0.6600,南山区,21,21,0,0,0,0,1
2021-11-14,589179428,20190000000000000003,900200000000000052,1,119.690,331.800,39712.857,2021-11-14 10:00:00.000,L2FT01-FTJ011,14.57,0.000,0.666012,16605,0.435592,0.055345,0,0,0,0.6600,南山区,21,21,0,0,0,0,1
2021-11-14,589179428,20190000000000000003,900200000000000056,1,27.219,360.243,9807.143,2021-11-14 10:15:00.000,L2FT01-FTJ011,14.57,0.000,0.666012,16605,0.435592,0.055345,0,0,0,0.6600,南山区,21,21,0,0,0,0,1
2021-11-14,589179428,20190000000000000003,900200000000000045,1,116.306,367.371,43032.857,2021-11-14 11:00:00.000,L2FT01-FTJ011,13.85,0.000,0.666012,16605,0.435592,0.055345,0,0,0,0.6600,南山区,21,21,0,0,0,0,1
2021-11-14,589179428,20190000000000000003,900200000000000056,1,59.792,337.600,20876.667,2021-11-14 11:00:00.000,L2FT01-FTJ011,13.85,0.000,0.666012,16605,0.435592,0.055345,0,0,0,0.6600,南山区,21,21,0,0,0,0,1
2021-11-14,589179428,20190000000000000003,900200000000000045,1,149.857,371.807,55717.333,2021-11-14 11:15:00.000,L2FT01-FTJ011,13.85,0.000,0.666012,16605,0.435592,0.055345,0,0,0,0.6600,南山区,21,21,0,0,0,0,1
2021-11-14,589179428,20190000000000000003,900200000000000056,1,71.637,358.067,25648.000,2021-11-14 11:15:00.000,L2FT01-FTJ011,13.85,0.000,0.666012,16605,0.435592,0.055345,0,0,0,0.6600,南山区,21,21,0,0,0,0,1
2021-11-14,589179428,20190000000000000003,900200000000000045,1,127.151,372.293,47345.333,2021-11-14 11:30:00.000,L2FT01-FTJ011,13.85,0.000,0.666012,16605,0.435592,0.055345,0,0,0,0.6600,南山区,21,21,0,0,0,0,1
2021-11-14,589179428,20190000000000000003,900200000000000056,1,71.670,368.980,26444.667,2021-11-14 11:30:00.000,L2FT01-FTJ011,13.85,0.000,0.666012,16605,0.435592,0.055345,0,0,0,0.6600,南山区,21,21,0,0,0,0,1
2021-11-14,589179428,20190000000000000003,900200000000000045,1,49.173,370.133,18213.333,2021-11-14 11:45:00.000,L2FT01-FTJ011,13.85,0.000,0.666012,16605,0.435592,0.055345,0,0,0,0.6600,南山区,21,21,0,0,0,0,1
2021-11-14,589179428,20190000000000000003,900200000000000056,1,62.183,379.793,23597.333,2021-11-14 11:45:00.000,L2FT01-FTJ011,13.85,0.000,0.666012,16605,0.435592,0.055345,0,0,0,0.6600,南山区,21,21,0,0,0,0,1
2021-11-14,589179428,20190000000000000003,900200000000000045,1,23.540,373.000,8780.000,2021-11-14 12:00:00.000,L2FT01-FTJ011,13.07,0.000,0.666012,16605,0.435592,0.055345,0,0,0,0.6600,南山区,21,21,0,0,0,0,1
2021-11-14,589179428,20190000000000000003,900200000000000056,1,25.657,383.117,9828.333,2021-11-14 12:00:00.000,L2FT01-FTJ011,13.07,0.000,0.666012,16605,0.435592,0.055345,0,0,0,0.6600,南山区,21,21,0,0,0,0,1
2021-11-14,589179428,20190000000000000003,900200000000000044,1,57.315,347.812,19935.000,2021-11-14 13:00:00.000,L2FT01-FTJ011,12.30,0.000,0.666012,16605,0.435592,0.055345,0,0,0,0.6600,南山区,21,21,0,0,0,0,1
2021-11-14,589179428,20190000000000000003,900200000000000044,1,54.651,357.107,19504.000,2021-11-14 13:15:00.000,L2FT01-FTJ011,12.30,0.000,0.666012,16605,0.435592,0.055345,0,0,0,0.6600,南山区,21,21,0,0,0,0,1
2021-11-14,589179428,20190000000000000003,900200000000000053,1,84.598,353.692,29920.000,2021-11-14 13:15:00.000,L2FT01-FTJ011,12.30,0.000,0.666012,16605,0.435592,0.055345,0,0,0,0.6600,南山区,21,21,0,0,0,0,1
2021-11-14,589179428,20190000000000000003,900200000000000044,1,28.073,360.883,10133.333,2021-11-14 13:30:00.000,L2FT01-FTJ011,12.30,0.000,0.666012,16605,0.435592,0.055345,0,0,0,0.6600,南山区,21,21,0,0,0,0,1
2021-11-14,589179428,20190000000000000003,900200000000000053,1,84.590,356.100,30121.333,2021-11-14 13:30:00.000,L2FT01-FTJ011,12.30,0.000,0.666012,16605,0.435592,0.055345,0,0,0,0.6600,南山区,21,21,0,0,0,0,1
2021-11-14,589179428,20190000000000000003,900200000000000053,1,66.711,356.360,23772.667,2021-11-14 13:45:00.000,L2FT01-FTJ011,12.30,0.000,0.666012,16605,0.435592,0.055345,0,0,0,0.6600,南山区,21,21,0,0,0,0,1
2021-11-14,589179428,20190000000000000003,900200000000000044,1,42.265,384.700,16290.000,2021-11-14 14:00:00.000,L2FT01-FTJ011,11.57,0.000,0.666012,16605,0.435592,0.055345,0,0,0,0.6600,南山区,21,21,0,0,0,0,1
2021-11-14,589179428,20190000000000000003,900200000000000053,1,38.099,357.900,13620.000,2021-11-14 14:00:00.000,L2FT01-FTJ011,11.57,0.000,0.666012,16605,0.435592,0.055345,0,0,0,0.6600,南山区,21,21,0,0,0,0,1
2021-11-14,589179428,20190000000000000003,900200000000000044,1,25.489,386.420,9846.000,2021-11-14 14:15:00.000,L2FT01-FTJ011,11.57,0.000,0.666012,16605,0.435592,0.055345,0,0,0,0.6600,南山区,21,21,0,0,0,0,1
2021-11-14,589179428,20190000000000000003,900200000000000056,1,65.758,365.650,24533.333,2021-11-14 15:45:00.000,L2FT01-FTJ011,10.95,0.000,0.666012,16605,0.435592,0.055345,0,0,0,0.6600,南山区,21,21,0,0,0,0,1
2021-11-14,589179428,20190000000000000003,900200000000000056,1,69.837,388.440,27114.667,2021-11-14 16:00:00.000,L2FT01-FTJ011,10.47,0.000,0.666012,16605,0.435592,0.055345,0,0,0,0.6600,南山区,21,21,0,0,0,0,1
2021-11-14,589179428,20190000000000000003,900200000000000047,1,129.900,308.609,40087.273,2021-11-14 16:15:00.000,L2FT01-FTJ011,10.47,0.000,0.666012,16605,0.435592,0.055345,0,0,0,0.6600,南山区,21,21,0,0,0,0,1
2021-11-14,589179428,20190000000000000003,900200000000000056,1,45.050,401.680,18074.000,2021-11-14 16:15:00.000,L2FT01-FTJ011,10.47,0.000,0.666012,16605,0.435592,0.055345,0,0,0,0.6600,南山区,21,21,0,0,0,0,1
2021-11-14,589179428,20190000000000000003,900200000000000056,1,18.190,403.740,7344.000,2021-11-14 16:30:00.000,L2FT01-FTJ011,10.47,0.000,0.666012,16605,0.435592,0.055345,0,0,0,0.6600,南山区,21,21,0,0,0,0,1
2021-11-14,589179428,20190000000000000003,900200000000000047,1,129.956,310.313,40323.333,2021-11-14 16:30:00.000,L2FT01-FTJ011,10.47,0.000,0.666012,16605,0.435592,0.055345,0,0,0,0.6600,南山区,21,21,0,0,0,0,1
2021-11-14,589179428,20190000000000000003,900200000000000047,1,129.842,311.100,40389.333,2021-11-14 16:45:00.000,L2FT01-FTJ011,10.47,0.000,0.666012,16605,0.435592,0.055345,0,0,0,0.6600,南山区,21,21,0,0,0,0,1
2021-11-14,589179428,20190000000000000003,900200000000000053,1,119.923,468.714,57005.714,2021-11-14 16:45:00.000,L2FT01-FTJ011,10.47,0.000,0.666012,16605,0.435592,0.055345,0,0,0,0.6600,南山区,21,21,0,0,0,0,1
2021-11-14,589179428,20190000000000000003,900200000000000039,1,92.832,322.590,29940.000,2021-11-14 17:00:00.000,L2FT01-FTJ011,10.17,0.000,0.666012,16605,0.435592,0.055345,0,0,0,0.6600,南山区,21,21,0,0,0,0,1
2021-11-14,589179428,20190000000000000003,900200000000000047,1,129.854,313.287,40678.000,2021-11-14 17:00:00.000,L2FT01-FTJ011,10.17,0.000,0.666012,16605,0.435592,0.055345,0,0,0,0.6600,南山区,21,21,0,0,0,0,1
2021-11-14,589179428,20190000000000000003,900200000000000053,1,87.206,476.060,41529.333,2021-11-14 17:00:00.000,L2FT01-FTJ011,10.17,0.000,0.666012,16605,0.435592,0.055345,0,0,0,0.6600,南山区,21,21,0,0,0,0,1
2021-11-14,589179428,20190000000000000003,900200000000000047,1,129.911,314.607,40868.000,2021-11-14 17:15:00.000,L2FT01-FTJ011,10.17,0.000,0.666012,16605,0.435592,0.055345,0,0,0,0.6600,南山区,21,21,0,0,0,0,1
2021-11-14,589179428,20190000000000000003,900200000000000039,1,89.357,334.513,29886.000,2021-11-14 17:15:00.000,L2FT01-FTJ011,10.17,0.000,0.666012,16605,0.435592,0.055345,0,0,0,0.6600,南山区,21,21,0,0,0,0,1
2021-11-14,589179428,20190000000000000003,900200000000000053,1,24.790,475.100,11780.000,2021-11-14 17:15:00.000,L2FT01-FTJ011,10.17,0.000,0.666012,16605,0.435592,0.055345,0,0,0,0.6600,南山区,21,21,0,0,0,0,1
2021-11-14,589179428,20190000000000000003,900200000000000047,1,130.000,315.733,41043.333,2021-11-14 17:30:00.000,L2FT01-FTJ011,10.17,0.000,0.666012,16605,0.435592,0.055345,0,0,0,0.6600,南山区,21,21,0,0,0,0,1
2021-11-14,589179428,20190000000000000003,900200000000000039,1,51.623,339.327,17534.000,2021-11-14 17:30:00.000,L2FT01-FTJ011,10.17,0.000,0.666012,16605,0.435592,0.055345,0,0,0,0.6600,南山区,21,21,0,0,0,0,1
2021-11-14,589179428,20190000000000000003,900200000000000039,1,25.526,340.607,8697.857,2021-11-14 17:45:00.000,L2FT01-FTJ011,10.17,0.000,0.666012,16605,0.435592,0.055345,0,0,0,0.6600,南山区,21,21,0,0,0,0,1
2021-11-14,589179428,20190000000000000003,900200000000000044,1,129.912,304.860,39604.000,2021-11-14 18:00:00.000,L2FT01-FTJ011,10.07,0.000,0.666012,16605,0.435592,0.055345,0,0,0,0.6600,南山区,21,21,0,0,0,0,1
2021-11-14,589179428,20190000000000000003,900200000000000045,1,127.492,368.325,47172.500,2021-11-14 18:00:00.000,L2FT01-FTJ011,10.07,0.000,0.666012,16605,0.435592,0.055345,0,0,0,0.6600,南山区,21,21,0,0,0,0,1
2021-11-14,589179428,20190000000000000003,900200000000000040,1,78.545,355.775,27942.500,2021-11-14 18:15:00.000,L2FT01-FTJ011,10.07,0.000,0.666012,16605,0.435592,0.055345,0,0,0,0.6600,南山区,21,21,0,0,0,0,1
2021-11-14,589179428,20190000000000000003,900200000000000044,1,126.711,308.773,39120.667,2021-11-14 18:15:00.000,L2FT01-FTJ011,10.07,0.000,0.666012,16605,0.435592,0.055345,0,0,0,0.6600,南山区,21,21,0,0,0,0,1
2021-11-14,589179428,20190000000000000003,900200000000000045,1,149.817,384.593,57616.000,2021-11-14 18:15:00.000,L2FT01-FTJ011,10.07,0.000,0.666012,16605,0.435592,0.055345,0,0,0,0.6600,南山区,21,21,0,0,0,0,1
2021-11-14,589179428,20190000000000000003,900200000000000040,1,78.590,360.673,28344.667,2021-11-14 18:30:00.000,L2FT01-FTJ011,10.07,0.000,0.666012,16605,0.435592,0.055345,0,0,0,0.6600,南山区,21,21,0,0,0,0,1
2021-11-14,589179428,20190000000000000003,900200000000000044,1,123.771,310.207,38396.667,2021-11-14 18:30:00.000,L2FT01-FTJ011,10.07,0.000,0.666012,16605,0.435592,0.055345,0,0,0,0.6600,南山区,21,21,0,0,0,0,1
2021-11-14,589179428,20190000000000000003,900200000000000045,1,149.790,402.350,60265.000,2021-11-14 18:30:00.000,L2FT01-FTJ011,10.07,0.000,0.666012,16605,0.435592,0.055345,0,0,0,0.6600,南山区,21,21,0,0,0,0,1
2021-11-14,589179428,20190000000000000003,900200000000000040,1,78.590,362.327,28473.333,2021-11-14 18:45:00.000,L2FT01-FTJ011,10.07,0.000,0.666012,16605,0.435592,0.055345,0,0,0,0.6600,南山区,21,21,0,0,0,0,1
2021-11-14,589179428,20190000000000000003,900200000000000044,1,130.026,311.220,40461.333,2021-11-14 18:45:00.000,L2FT01-FTJ011,10.07,0.000,0.666012,16605,0.435592,0.055345,0,0,0,0.6600,南山区,21,21,0,0,0,0,1
2021-11-14,589179428,20190000000000000003,900200000000000047,1,95.893,357.950,34431.667,2021-11-14 18:45:00.000,L2FT01-FTJ011,10.07,0.000,0.666012,16605,0.435592,0.055345,0,0,0,0.6600,南山区,21,21,0,0,0,0,1
2021-11-14,589179428,20190000000000000003,900200000000000053,0,0.000,307.100,0.000,2021-11-14 18:45:00.000,L2FT01-FTJ011,10.07,0.000,0.666012,16605,0.435592,0.055345,0,0,0,0.6600,南山区,21,21,0,0,0,0,1
2021-11-14,589179428,20190000000000000003,900200000000000047,1,58.898,362.450,21367.857,2021-11-14 19:00:00.000,L2FT01-FTJ011,10.17,0.000,0.666012,16605,0.435592,0.055345,0,0,0,0.6600,南山区,21,21,0,0,0,0,1
2021-11-14,589179428,20190000000000000003,900200000000000053,1,83.594,402.680,33639.333,2021-11-14 19:00:00.000,L2FT01-FTJ011,10.17,0.000,0.666012,16605,0.435592,0.055345,0,0,0,0.6600,南山区,21,21,0,0,0,0,1
2021-11-14,589179428,20190000000000000003,900200000000000040,1,78.590,364.640,28655.333,2021-11-14 19:00:00.000,L2FT01-FTJ011,10.17,0.000,0.666012,16605,0.435592,0.055345,0,0,0,0.6600,南山区,21,21,0,0,0,0,1
2021-11-14,589179428,20190000000000000003,900200000000000044,1,128.168,312.762,40080.769,2021-11-14 19:00:00.000,L2FT01-FTJ011,10.17,0.000,0.666012,16605,0.435592,0.055345,0,0,0,0.6600,南山区,21,21,0,0,0,0,1
2021-11-14,589179428,20190000000000000003,900200000000000040,1,78.500,366.800,28790.000,2021-11-14 19:15:00.000,L2FT01-FTJ011,10.17,0.000,0.666012,16605,0.435592,0.055345,0,0,0,0.6600,南山区,21,21,0,0,0,0,1
2021-11-14,589179428,20190000000000000003,900200000000000053,1,36.890,403.450,14880.000,2021-11-14 19:15:00.000,L2FT01-FTJ011,10.17,0.000,0.666012,16605,0.435592,0.055345,0,0,0,0.6600,南山区,21,21,0,0,0,0,1
2021-11-14,589179428,20190000000000000003,900200000000000049,1,119.860,356.733,42755.000,2021-11-14 20:15:00.000,L2FT01-FTJ011,10.47,0.000,0.666012,16605,0.435592,0.055345,0,0,0,0.6600,南山区,21,21,0,0,0,0,1
2021-11-14,589179428,20190000000000000003,900200000000000043,1,116.856,309.760,36311.000,2021-11-14 20:30:00.000,L2FT01-FTJ011,10.47,0.000,0.666012,16605,0.435592,0.055345,0,0,0,0.6600,南山区,21,21,0,0,0,0,1
2021-11-14,589179428,20190000000000000003,900200000000000049,1,117.550,358.827,42180.667,2021-11-14 20:30:00.000,L2FT01-FTJ011,10.47,0.000,0.666012,16605,0.435592,0.055345,0,0,0,0.6600,南山区,21,21,0,0,0,0,1
2021-11-14,589179428,20190000000000000003,900200000000000043,1,129.873,313.453,40705.333,2021-11-14 20:45:00.000,L2FT01-FTJ011,10.47,0.000,0.666012,16605,0.435592,0.055345,0,0,0,0.6600,南山区,21,21,0,0,0,0,1
2021-11-14,589179428,20190000000000000003,900200000000000049,1,61.773,361.091,22301.818,2021-11-14 20:45:00.000,L2FT01-FTJ011,10.47,0.000,0.666012,16605,0.435592,0.055345,0,0,0,0.6600,南山区,21,21,0,0,0,0,1
2021-11-14,589179428,20190000000000000003,900200000000000050,1,129.845,310.690,40337.000,2021-11-14 21:00:00.000,L2FT01-FTJ011,10.95,0.000,0.666012,16605,0.435592,0.055345,0,0,0,0.6600,南山区,21,21,0,0,0,0,1
2021-11-14,589179428,20190000000000000003,900200000000000043,1,129.777,315.733,40971.333,2021-11-14 21:00:00.000,L2FT01-FTJ011,10.95,0.000,0.666012,16605,0.435592,0.055345,0,0,0,0.6600,南山区,21,21,0,0,0,0,1
2021-11-14,589179428,20190000000000000003,900200000000000043,1,39.875,328.850,13061.667,2021-11-14 21:15:00.000,L2FT01-FTJ011,10.95,0.000,0.666012,16605,0.435592,0.055345,0,0,0,0.6600,南山区,21,21,0,0,0,0,1
2021-11-14,589179428,20190000000000000003,900200000000000050,1,129.818,312.180,40522.667,2021-11-14 21:15:00.000,L2FT01-FTJ011,10.95,0.000,0.666012,16605,0.435592,0.055345,0,0,0,0.6600,南山区,21,21,0,0,0,0,1
2021-11-14,589179428,20190000000000000003,900200000000000050,1,129.851,314.533,40838.667,2021-11-14 21:30:00.000,L2FT01-FTJ011,10.95,0.000,0.666012,16605,0.435592,0.055345,0,0,0,0.6600,南山区,21,21,0,0,0,0,1
2021-11-14,589179428,20190000000000000003,900200000000000050,1,108.457,318.907,34462.000,2021-11-14 21:45:00.000,L2FT01-FTJ011,10.95,0.000,0.666012,16605,0.435592,0.055345,0,0,0,0.6600,南山区,21,21,0,0,0,0,1
2021-11-14,589179428,20190000000000000003,900200000000000056,1,122.988,414.850,51025.000,2021-11-14 23:30:00.000,L2FT01-FTJ011,12.30,0.000,0.666012,16605,0.435592,0.055345,0,0,0,0.6600,南山区,21,21,0,0,0,0,1
2021-11-14,589179428,20190000000000000003,900200000000000039,1,58.603,390.887,22906.250,2021-11-14 23:45:00.000,L2FT01-FTJ011,12.30,0.000,0.666012,16605,0.435592,0.055345,0,0,0,0.6600,南山区,21,21,0,0,0,0,1
2021-11-14,589179428,20190000000000000003,900200000000000056,1,121.961,426.627,52030.000,2021-11-14 23:45:00.000,L2FT01-FTJ011,12.30,0.000,0.666012,16605,0.435592,0.055345,0,0,0,0.6600,南山区,21,21,0,0,0,0,1
2021-11-15,589179428,20190000000000000003,900200000000000056,1,112.051,448.427,50172.000,2021-11-15 00:00:00.000,L2FT01-FTJ011,13.07,0.000,0.666012,16605,0.435592,0.055345,0,0,1,0.6600,南山区,21,21,0,0,0,0,1
2021-11-15,589179428,20190000000000000003,900200000000000039,1,58.590,392.773,23010.667,2021-11-15 00:00:00.000,L2FT01-FTJ011,13.07,0.000,0.666012,16605,0.435592,0.055345,0,0,1,0.6600,南山区,21,21,0,0,0,0,1
2021-11-15,589179428,20190000000000000003,900200000000000038,1,129.898,309.950,40258.571,2021-11-15 00:00:00.000,L2FT01-FTJ011,13.07,0.000,0.666012,16605,0.435592,0.055345,0,0,1,0.6600,南山区,21,21,0,0,0,0,1
2021-11-15,589179428,20190000000000000003,900200000000000038,1,129.824,311.253,40404.000,2021-11-15 00:15:00.000,L2FT01-FTJ011,13.07,0.000,0.666012,16605,0.435592,0.055345,0,0,1,0.6600,南山区,21,21,0,0,0,0,1
2021-11-15,589179428,20190000000000000003,900200000000000039,1,51.539,393.527,20281.333,2021-11-15 00:15:00.000,L2FT01-FTJ011,13.07,0.000,0.666012,16605,0.435592,0.055345,0,0,1,0.6600,南山区,21,21,0,0,0,0,1
2021-11-15,589179428,20190000000000000003,900200000000000056,1,40.917,458.767,18755.333,2021-11-15 00:15:00.000,L2FT01-FTJ011,13.07,0.000,0.666012,16605,0.435592,0.055345,0,0,1,0.6600,南山区,21,21,0,0,0,0,1
2021-11-15,589179428,20190000000000000003,900200000000000038,1,129.823,313.047,40637.333,2021-11-15 00:30:00.000,L2FT01-FTJ011,13.07,0.000,0.666012,16605,0.435592,0.055345,0,0,1,0.6600,南山区,21,21,0,0,0,0,1
2021-11-15,589179428,20190000000000000003,900200000000000039,1,26.310,394.492,10368.462,2021-11-15 00:30:00.000,L2FT01-FTJ011,13.07,0.000,0.666012,16605,0.435592,0.055345,0,0,1,0.6600,南山区,21,21,0,0,0,0,1
2021-11-15,589179428,20190000000000000003,900200000000000056,1,19.840,460.817,9141.667,2021-11-15 00:30:00.000,L2FT01-FTJ011,13.07,0.000,0.666012,16605,0.435592,0.055345,0,0,1,0.6600,南山区,21,21,0,0,0,0,1
2021-11-15,589179428,20190000000000000003,900200000000000038,1,129.842,314.307,40806.000,2021-11-15 00:45:00.000,L2FT01-FTJ011,13.07,0.000,0.666012,16605,0.435592,0.055345,0,0,1,0.6600,南山区,21,21,0,0,0,0,1
2021-11-15,589179428,20190000000000000003,900200000000000038,1,129.818,315.527,40956.000,2021-11-15 01:00:00.000,L2FT01-FTJ011,13.85,0.000,0.666012,16605,0.435592,0.055345,0,0,1,0.6600,南山区,21,21,0,0,0,0,1
2021-11-15,589179428,20190000000000000003,900200000000000038,1,90.717,320.867,28967.500,2021-11-15 01:15:00.000,L2FT01-FTJ011,13.85,0.000,0.666012,16605,0.435592,0.055345,0,0,1,0.6600,南山区,21,21,0,0,0,0,1
2021-11-15,589179428,20190000000000000003,900200000000000056,1,29.290,389.350,11465.000,2021-11-15 02:45:00.000,L2FT01-FTJ011,14.57,0.000,0.666012,16605,0.435592,0.055345,0,0,1,0.6600,南山区,21,21,0,0,0,0,1
2021-11-15,589179428,20190000000000000003,900200000000000056,1,54.484,398.280,21704.667,2021-11-15 03:00:00.000,L2FT01-FTJ011,15.19,0.000,0.666012,16605,0.435592,0.055345,0,0,1,0.6600,南山区,21,21,0,0,0,0,1
2021-11-15,589179428,20190000000000000003,900200000000000056,1,58.857,405.633,23873.333,2021-11-15 03:15:00.000,L2FT01-FTJ011,15.19,0.000,0.666012,16605,0.435592,0.055345,0,0,1,0.6600,南山区,21,21,0,0,0,0,1
2021-11-15,589179428,20190000000000000003,900200000000000043,1,113.103,359.092,40619.167,2021-11-15 06:15:00.000,L2FT01-FTJ011,16.07,0.000,0.666012,16605,0.435592,0.055345,0,0,1,0.6600,南山区,21,21,0,0,0,0,1
2021-11-15,589179428,20190000000000000003,900200000000000043,1,56.796,357.644,20405.556,2021-11-15 06:30:00.000,L2FT01-FTJ011,16.07,0.000,0.666012,16605,0.435592,0.055345,0,0,1,0.6600,南山区,21,21,0,0,0,0,1
2021-11-15,589179428,20190000000000000003,900200000000000049,1,105.840,403.250,42745.000,2021-11-15 09:30:00.000,L2FT01-FTJ011,15.19,0.000,0.666012,16605,0.435592,0.055345,0,0,1,0.6600,南山区,21,21,0,0,0,0,1
2021-11-15,589179428,20190000000000000003,900200000000000049,1,138.817,413.080,57350.667,2021-11-15 09:45:00.000,L2FT01-FTJ011,15.19,0.000,0.666012,16605,0.435592,0.055345,0,0,1,0.6600,南山区,21,21,0,0,0,0,1
2021-11-15,589179428,20190000000000000003,900200000000000049,1,113.380,413.353,46868.000,2021-11-15 10:00:00.000,L2FT01-FTJ011,14.57,0.000,0.666012,16605,0.435592,0.055345,0,0,1,0.6600,南山区,21,21,0,0,0,0,1
2021-11-15,589179428,20190000000000000003,900200000000000049,1,81.043,413.460,33535.333,2021-11-15 10:15:00.000,L2FT01-FTJ011,14.57,0.000,0.666012,16605,0.435592,0.055345,0,0,1,0.6600,南山区,21,21,0,0,0,0,1
2021-11-15,589179428,20190000000000000003,900200000000000049,1,41.545,416.293,17280.667,2021-11-15 10:30:00.000,L2FT01-FTJ011,14.57,0.000,0.666012,16605,0.435592,0.055345,0,0,1,0.6600,南山区,21,21,0,0,0,0,1
2021-11-15,589179428,20190000000000000003,900200000000000049,1,12.988,420.378,5456.667,2021-11-15 10:45:00.000,L2FT01-FTJ011,14.57,0.000,0.666012,16605,0.435592,0.055345,0,0,1,0.6600,南山区,21,21,0,0,0,0,1
2021-11-15,589179428,20190000000000000003,900200000000000031,1,64.817,379.336,24860.714,2021-11-15 11:30:00.000,L2FT01-FTJ011,13.85,0.000,0.666012,16605,0.435592,0.055345,0,0,1,0.6600,南山区,21,21,0,0,0,0,1
2021-11-15,589179428,20190000000000000003,900200000000000031,1,30.265,389.873,11790.667,2021-11-15 11:45:00.000,L2FT01-FTJ011,13.85,0.000,0.666012,16605,0.435592,0.055345,0,0,1,0.6600,南山区,21,21,0,0,0,0,1
2021-11-15,589179428,20190000000000000003,900200000000000031,1,12.690,391.167,4963.333,2021-11-15 12:00:00.000,L2FT01-FTJ011,13.07,0.000,0.666012,16605,0.435592,0.055345,0,0,1,0.6600,南山区,21,21,0,0,0,0,1
2021-11-15,589179428,20190000000000000003,900200000000000056,1,119.885,311.292,37388.462,2021-11-15 13:45:00.000,L2FT01-FTJ011,12.30,0.000,0.666012,16605,0.435592,0.055345,0,0,1,0.6600,南山区,21,21,0,0,0,0,1
2021-11-15,589179428,20190000000000000003,900200000000000056,1,130.000,313.427,40741.333,2021-11-15 14:00:00.000,L2FT01-FTJ011,11.57,0.000,0.666012,16605,0.435592,0.055345,0,0,1,0.6600,南山区,21,21,0,0,0,0,1
2021-11-15,589179428,20190000000000000003,900200000000000052,1,90.139,401.823,36203.846,2021-11-15 14:15:00.000,L2FT01-FTJ011,11.57,0.000,0.666012,16605,0.435592,0.055345,0,0,1,0.6600,南山区,21,21,0,0,0,0,1
2021-11-15,589179428,20190000000000000003,900200000000000056,1,130.000,315.173,40968.667,2021-11-15 14:15:00.000,L2FT01-FTJ011,11.57,0.000,0.666012,16605,0.435592,0.055345,0,0,1,0.6600,南山区,21,21,0,0,0,0,1
2021-11-15,589179428,20190000000000000003,900200000000000052,1,40.512,404.747,16398.667,2021-11-15 14:30:00.000,L2FT01-FTJ011,11.57,0.000,0.666012,16605,0.435592,0.055345,0,0,1,0.6600,南山区,21,21,0,0,0,0,1
2021-11-15,589179428,20190000000000000003,900200000000000056,1,125.986,318.100,40045.333,2021-11-15 14:30:00.000,L2FT01-FTJ011,11.57,0.000,0.666012,16605,0.435592,0.055345,0,0,1,0.6600,南山区,21,21,0,0,0,0,1
2021-11-15,589179428,20190000000000000003,900200000000000052,1,16.672,405.200,6754.667,2021-11-15 14:45:00.000,L2FT01-FTJ011,11.57,0.000,0.666012,16605,0.435592,0.055345,0,0,1,0.6600,南山区,21,21,0,0,0,0,1
2021-11-15,589179428,20190000000000000003,900200000000000056,1,39.790,330.250,13140.000,2021-11-15 14:45:00.000,L2FT01-FTJ011,11.57,0.000,0.666012,16605,0.435592,0.055345,0,0,1,0.6600,南山区,21,21,0,0,0,0,1
2021-11-15,589179428,20190000000000000003,900200000000000052,1,10.450,405.540,4238.000,2021-11-15 15:00:00.000,L2FT01-FTJ011,10.95,0.000,0.666012,16605,0.435592,0.055345,0,0,1,0.6600,南山区,21,21,0,0,0,0,1
2021-11-15,589179428,20190000000000000003,900200000000000042,1,108.227,306.033,33601.667,2021-11-15 15:30:00.000,L2FT01-FTJ011,10.95,0.000,0.666012,16605,0.435592,0.055345,0,0,1,0.6600,南山区,21,21,0,0,0,0,1
2021-11-15,589179428,20190000000000000003,900200000000000042,1,129.818,310.860,40352.000,2021-11-15 15:45:00.000,L2FT01-FTJ011,10.95,0.000,0.666012,16605,0.435592,0.055345,0,0,1,0.6600,南山区,21,21,0,0,0,0,1
2021-11-15,589179428,20190000000000000003,900200000000000050,1,130.500,313.200,40870.000,2021-11-15 16:00:00.000,L2FT01-FTJ011,10.47,0.000,0.666012,16605,0.435592,0.055345,0,0,1,0.6600,南山区,21,21,0,0,0,0,1
2021-11-15,589179428,20190000000000000003,900200000000000032,1,102.890,371.000,38170.000,2021-11-15 16:00:00.000,L2FT01-FTJ011,10.47,0.000,0.666012,16605,0.435592,0.055345,0,0,1,0.6600,南山区,21,21,0,0,0,0,1
2021-11-15,589179428,20190000000000000003,900200000000000032,1,92.148,384.320,35396.000,2021-11-15 16:15:00.000,L2FT01-FTJ011,10.47,0.000,0.666012,16605,0.435592,0.055345,0,0,1,0.6600,南山区,21,21,0,0,0,0,1
2021-11-15,589179428,20190000000000000003,900200000000000052,1,36.690,394.375,14477.500,2021-11-15 16:15:00.000,L2FT01-FTJ011,10.47,0.000,0.666012,16605,0.435592,0.055345,0,0,1,0.6600,南山区,21,21,0,0,0,0,1
2021-11-15,589179428,20190000000000000003,900200000000000032,1,62.895,395.450,24868.333,2021-11-15 16:30:00.000,L2FT01-FTJ011,10.47,0.000,0.666012,16605,0.435592,0.055345,0,0,1,0.6600,南山区,21,21,0,0,0,0,1
2021-11-15,589179428,20190000000000000003,900200000000000052,1,13.590,394.433,5360.000,2021-11-15 16:30:00.000,L2FT01-FTJ011,10.47,0.000,0.666012,16605,0.435592,0.055345,0,0,1,0.6600,南山区,21,21,0,0,0,0,1
2021-11-15,589179428,20190000000000000003,900200000000000052,1,13.590,396.650,5390.000,2021-11-15 16:45:00.000,L2FT01-FTJ011,10.47,0.000,0.666012,16605,0.435592,0.055345,0,0,1,0.6600,南山区,21,21,0,0,0,0,1
2021-11-15,589179428,20190000000000000003,900200000000000056,1,129.881,313.400,40701.250,2021-11-15 17:00:00.000,L2FT01-FTJ011,10.17,0.000,0.666012,16605,0.435592,0.055345,0,0,1,0.6600,南山区,21,21,0,0,0,0,1
2021-11-15,589179428,20190000000000000003,900200000000000049,1,75.893,390.167,29606.667,2021-11-15 17:15:00.000,L2FT01-FTJ011,10.17,0.000,0.666012,16605,0.435592,0.055345,0,0,1,0.6600,南山区,21,21,0,0,0,0,1
2021-11-15,589179428,20190000000000000003,900200000000000056,1,129.963,314.500,40868.667,2021-11-15 17:15:00.000,L2FT01-FTJ011,10.17,0.000,0.666012,16605,0.435592,0.055345,0,0,1,0.6600,南山区,21,21,0,0,0,0,1
2021-11-15,589179428,20190000000000000003,900200000000000049,1,55.073,368.658,20495.833,2021-11-15 17:30:00.000,L2FT01-FTJ011,10.17,0.000,0.666012,16605,0.435592,0.055345,0,0,1,0.6600,南山区,21,21,0,0,0,0,1
2021-11-15,589179428,20190000000000000003,900200000000000056,1,130.000,315.600,41025.000,2021-11-15 17:30:00.000,L2FT01-FTJ011,10.17,0.000,0.666012,16605,0.435592,0.055345,0,0,1,0.6600,南山区,21,21,0,0,0,0,1
2021-11-15,589179428,20190000000000000003,900200000000000049,1,54.790,358.013,19614.667,2021-11-15 17:45:00.000,L2FT01-FTJ011,10.17,0.000,0.666012,16605,0.435592,0.055345,0,0,1,0.6600,南山区,21,21,0,0,0,0,1
2021-11-15,589179428,20190000000000000003,900200000000000052,1,132.064,313.144,41350.000,2021-11-15 17:45:00.000,L2FT01-FTJ011,10.17,0.000,0.666012,16605,0.435592,0.055345,0,0,1,0.6600,南山区,21,21,0,0,0,0,1
2021-11-15,589179428,20190000000000000003,900200000000000049,1,54.790,364.680,19980.000,2021-11-15 18:00:00.000,L2FT01-FTJ011,10.07,0.000,0.666012,16605,0.435592,0.055345,0,0,1,0.6600,南山区,21,21,0,0,0,0,1
2021-11-15,589179428,20190000000000000003,900200000000000052,1,131.890,314.013,41414.667,2021-11-15 18:00:00.000,L2FT01-FTJ011,10.07,0.000,0.666012,16605,0.435592,0.055345,0,0,1,0.6600,南山区,21,21,0,0,0,0,1
2021-11-15,589179428,20190000000000000003,900200000000000037,1,129.855,313.700,40732.308,2021-11-15 18:00:00.000,L2FT01-FTJ011,10.07,0.000,0.666012,16605,0.435592,0.055345,0,0,1,0.6600,南山区,21,21,0,0,0,0,1
2021-11-15,589179428,20190000000000000003,900200000000000044,1,67.790,323.650,21938.333,2021-11-15 18:00:00.000,L2FT01-FTJ011,10.07,0.000,0.666012,16605,0.435592,0.055345,0,0,1,0.6600,南山区,21,21,0,0,0,0,1
2021-11-15,589179428,20190000000000000003,900200000000000037,1,127.837,315.273,40294.000,2021-11-15 18:15:00.000,L2FT01-FTJ011,10.07,0.000,0.666012,16605,0.435592,0.055345,0,0,1,0.6600,南山区,21,21,0,0,0,0,1
2021-11-15,589179428,20190000000000000003,900200000000000044,1,67.790,328.713,22280.667,2021-11-15 18:15:00.000,L2FT01-FTJ011,10.07,0.000,0.666012,16605,0.435592,0.055345,0,0,1,0.6600,南山区,21,21,0,0,0,0,1
2021-11-15,589179428,20190000000000000003,900200000000000049,1,54.790,375.240,20558.000,2021-11-15 18:15:00.000,L2FT01-FTJ011,10.07,0.000,0.666012,16605,0.435592,0.055345,0,0,1,0.6600,南山区,21,21,0,0,0,0,1
2021-11-15,589179428,20190000000000000003,900200000000000052,1,115.129,318.329,36502.857,2021-11-15 18:15:00.000,L2FT01-FTJ011,10.07,0.000,0.666012,16605,0.435592,0.055345,0,0,1,0.6600,南山区,21,21,0,0,0,0,1
2021-11-15,589179428,20190000000000000003,900200000000000049,1,54.790,388.500,21284.000,2021-11-15 18:30:00.000,L2FT01-FTJ011,10.07,0.000,0.666012,16605,0.435592,0.055345,0,0,1,0.6600,南山区,21,21,0,0,0,0,1
2021-11-15,589179428,20190000000000000003,900200000000000044,1,67.790,337.480,22876.667,2021-11-15 18:30:00.000,L2FT01-FTJ011,10.07,0.000,0.666012,16605,0.435592,0.055345,0,0,1,0.6600,南山区,21,21,0,0,0,0,1
2021-11-15,589179428,20190000000000000003,900200000000000038,1,178.610,308.911,56415.556,2021-11-15 18:30:00.000,L2FT01-FTJ011,10.07,0.000,0.666012,16605,0.435592,0.055345,0,0,1,0.6600,南山区,21,21,0,0,0,0,1
2021-11-15,589179428,20190000000000000003,900200000000000032,1,69.850,332.580,23228.667,2021-11-15 18:30:00.000,L2FT01-FTJ011,10.07,0.000,0.666012,16605,0.435592,0.055345,0,0,1,0.6600,南山区,21,21,0,0,0,0,1
2021-11-15,589179428,20190000000000000003,900200000000000037,1,49.723,323.233,15993.333,2021-11-15 18:30:00.000,L2FT01-FTJ011,10.07,0.000,0.666012,16605,0.435592,0.055345,0,0,1,0.6600,南山区,21,21,0,0,0,0,1
2021-11-15,589179428,20190000000000000003,900200000000000032,1,69.863,338.720,23661.333,2021-11-15 18:45:00.000,L2FT01-FTJ011,10.07,0.000,0.666012,16605,0.435592,0.055345,0,0,1,0.6600,南山区,21,21,0,0,0,0,1
2021-11-15,589179428,20190000000000000003,900200000000000038,1,195.180,317.760,61979.333,2021-11-15 18:45:00.000,L2FT01-FTJ011,10.07,0.000,0.666012,16605,0.435592,0.055345,0,0,1,0.6600,南山区,21,21,0,0,0,0,1
2021-11-15,589179428,20190000000000000003,900200000000000044,1,67.790,349.073,23662.000,2021-11-15 18:45:00.000,L2FT01-FTJ011,10.07,0.000,0.666012,16605,0.435592,0.055345,0,0,1,0.6600,南山区,21,21,0,0,0,0,1
2021-11-15,589179428,20190000000000000003,900200000000000049,1,27.577,395.260,10898.000,2021-11-15 18:45:00.000,L2FT01-FTJ011,10.07,0.000,0.666012,16605,0.435592,0.055345,0,0,1,0.6600,南山区,21,21,0,0,0,0,1
2021-11-15,589179428,20190000000000000003,900200000000000044,1,54.217,359.973,19500.000,2021-11-15 19:00:00.000,L2FT01-FTJ011,10.17,0.000,0.666012,16605,0.435592,0.055345,0,0,1,0.6600,南山区,21,21,0,0,0,0,1
2021-11-15,589179428,20190000000000000003,900200000000000043,1,129.905,309.740,40234.000,2021-11-15 19:00:00.000,L2FT01-FTJ011,10.17,0.000,0.666012,16605,0.435592,0.055345,0,0,1,0.6600,南山区,21,21,0,0,0,0,1
2021-11-15,589179428,20190000000000000003,900200000000000049,1,9.235,395.880,3654.667,2021-11-15 19:00:00.000,L2FT01-FTJ011,10.17,0.000,0.666012,16605,0.435592,0.055345,0,0,1,0.6600,南山区,21,21,0,0,0,0,1
2021-11-15,589179428,20190000000000000003,900200000000000032,1,69.797,347.420,24247.333,2021-11-15 19:00:00.000,L2FT01-FTJ011,10.17,0.000,0.666012,16605,0.435592,0.055345,0,0,1,0.6600,南山区,21,21,0,0,0,0,1
2021-11-15,589179428,20190000000000000003,900200000000000038,1,49.840,329.600,16370.000,2021-11-15 19:00:00.000,L2FT01-FTJ011,10.17,0.000,0.666012,16605,0.435592,0.055345,0,0,1,0.6600,南山区,21,21,0,0,0,0,1
2021-11-15,589179428,20190000000000000003,900200000000000032,1,69.810,358.107,24998.667,2021-11-15 19:15:00.000,L2FT01-FTJ011,10.17,0.000,0.666012,16605,0.435592,0.055345,0,0,1,0.6600,南山区,21,21,0,0,0,0,1
2021-11-15,589179428,20190000000000000003,900200000000000043,1,129.891,310.607,40342.000,2021-11-15 19:15:00.000,L2FT01-FTJ011,10.17,0.000,0.666012,16605,0.435592,0.055345,0,0,1,0.6600,南山区,21,21,0,0,0,0,1
2021-11-15,589179428,20190000000000000003,900200000000000044,1,23.787,363.827,8651.333,2021-11-15 19:15:00.000,L2FT01-FTJ011,10.17,0.000,0.666012,16605,0.435592,0.055345,0,0,1,0.6600,南山区,21,21,0,0,0,0,1
2021-11-15,589179428,20190000000000000003,900200000000000049,1,7.000,396.300,2770.000,2021-11-15 19:15:00.000,L2FT01-FTJ011,10.17,0.000,0.666012,16605,0.435592,0.055345,0,0,1,0.6600,南山区,21,21,0,0,0,0,1
2021-11-15,589179428,20190000000000000003,900200000000000043,1,129.830,312.480,40565.333,2021-11-15 19:30:00.000,L2FT01-FTJ011,10.17,0.000,0.666012,16605,0.435592,0.055345,0,0,1,0.6600,南山区,21,21,0,0,0,0,1
2021-11-15,589179428,20190000000000000003,900200000000000044,1,13.890,364.500,5060.000,2021-11-15 19:30:00.000,L2FT01-FTJ011,10.17,0.000,0.666012,16605,0.435592,0.055345,0,0,1,0.6600,南山区,21,21,0,0,0,0,1
2021-11-15,589179428,20190000000000000003,900200000000000032,1,69.790,364.867,25463.333,2021-11-15 19:30:00.000,L2FT01-FTJ011,10.17,0.000,0.666012,16605,0.435592,0.055345,0,0,1,0.6600,南山区,21,21,0,0,0,0,1
2021-11-15,589179428,20190000000000000003,900200000000000043,1,129.842,313.713,40729.333,2021-11-15 19:45:00.000,L2FT01-FTJ011,10.17,0.000,0.666012,16605,0.435592,0.055345,0,0,1,0.6600,南山区,21,21,0,0,0,0,1
2021-11-15,589179428,20190000000000000003,900200000000000057,1,103.920,362.500,37692.500,2021-11-15 19:45:00.000,L2FT01-FTJ011,10.17,0.000,0.666012,16605,0.435592,0.055345,0,0,1,0.6600,南山区,21,21,0,0,0,0,1
2021-11-15,589179428,20190000000000000003,900200000000000043,1,129.905,315.473,40979.333,2021-11-15 20:00:00.000,L2FT01-FTJ011,10.47,0.000,0.666012,16605,0.435592,0.055345,0,0,1,0.6600,南山区,21,21,0,0,0,0,1
2021-11-15,589179428,20190000000000000003,900200000000000057,1,94.680,367.927,34821.333,2021-11-15 20:00:00.000,L2FT01-FTJ011,10.47,0.000,0.666012,16605,0.435592,0.055345,0,0,1,0.6600,南山区,21,21,0,0,0,0,1
2021-11-15,589179428,20190000000000000003,900200000000000043,1,69.858,324.050,22518.333,2021-11-15 20:15:00.000,L2FT01-FTJ011,10.47,0.000,0.666012,16605,0.435592,0.055345,0,0,1,0.6600,南山区,21,21,0,0,0,0,1
2021-11-15,589179428,20190000000000000003,900200000000000057,1,68.530,375.827,25747.333,2021-11-15 20:15:00.000,L2FT01-FTJ011,10.47,0.000,0.666012,16605,0.435592,0.055345,0,0,1,0.6600,南山区,21,21,0,0,0,0,1
2021-11-15,589179428,20190000000000000003,900200000000000057,1,61.790,387.213,23923.333,2021-11-15 20:30:00.000,L2FT01-FTJ011,10.47,0.000,0.666012,16605,0.435592,0.055345,0,0,1,0.6600,南山区,21,21,0,0,0,0,1
2021-11-15,589179428,20190000000000000003,900200000000000057,1,61.790,393.400,24310.000,2021-11-15 20:45:00.000,L2FT01-FTJ011,10.47,0.000,0.666012,16605,0.435592,0.055345,0,0,1,0.6600,南山区,21,21,0,0,0,0,1
2021-11-15,589179428,20190000000000000003,900200000000000049,1,130.000,301.700,39220.000,2021-11-15 23:00:00.000,L2FT01-FTJ011,12.30,0.000,0.666012,16605,0.435592,0.055345,0,0,1,0.6600,南山区,21,21,0,0,0,0,1
2021-11-15,589179428,20190000000000000003,900200000000000049,1,129.818,306.593,39797.333,2021-11-15 23:15:00.000,L2FT01-FTJ011,12.30,0.000,0.666012,16605,0.435592,0.055345,0,0,1,0.6600,南山区,21,21,0,0,0,0,1
2021-11-15,589179428,20190000000000000003,900200000000000049,1,129.884,310.867,40374.000,2021-11-15 23:30:00.000,L2FT01-FTJ011,12.30,0.000,0.666012,16605,0.435592,0.055345,0,0,1,0.6600,南山区,21,21,0,0,0,0,1
2021-11-15,589179428,20190000000000000003,900200000000000049,1,129.992,311.927,40546.000,2021-11-15 23:45:00.000,L2FT01-FTJ011,12.30,0.000,0.666012,16605,0.435592,0.055345,0,0,1,0.6600,南山区,21,21,0,0,0,0,1
2021-11-16,589179428,20190000000000000003,900200000000000049,1,130.011,313.600,40767.333,2021-11-16 00:00:00.000,L2FT01-FTJ011,13.07,0.000,0.666012,16605,0.435592,0.055345,0,0,1,0.6600,南山区,21,21,0,0,0,0,1
2021-11-16,589179428,20190000000000000003,900200000000000049,1,129.879,314.673,40866.667,2021-11-16 00:15:00.000,L2FT01-FTJ011,13.07,0.000,0.666012,16605,0.435592,0.055345,0,0,1,0.6600,南山区,21,21,0,0,0,0,1
2021-11-16,589179428,20190000000000000003,900200000000000049,1,129.836,315.913,41013.333,2021-11-16 00:30:00.000,L2FT01-FTJ011,13.07,0.000,0.666012,16605,0.435592,0.055345,0,0,1,0.6600,南山区,21,21,0,0,0,0,1
2021-11-16,589179428,20190000000000000003,900200000000000037,1,91.167,347.333,32001.333,2021-11-16 00:45:00.000,L2FT01-FTJ011,13.07,0.000,0.666012,16605,0.435592,0.055345,0,0,1,0.6600,南山区,21,21,0,0,0,0,1
2021-11-16,589179428,20190000000000000003,900200000000000049,1,91.699,322.736,29426.364,2021-11-16 00:45:00.000,L2FT01-FTJ011,13.07,0.000,0.666012,16605,0.435592,0.055345,0,0,1,0.6600,南山区,21,21,0,0,0,0,1
2021-11-16,589179428,20190000000000000003,900200000000000037,1,103.383,363.953,37602.667,2021-11-16 01:00:00.000,L2FT01-FTJ011,13.85,0.000,0.666012,16605,0.435592,0.055345,0,0,1,0.6600,南山区,21,21,0,0,0,0,1
2021-11-16,589179428,20190000000000000003,900200000000000030,1,183.744,311.357,57384.286,2021-11-16 01:00:00.000,L2FT01-FTJ011,13.85,0.000,0.666012,16605,0.435592,0.055345,0,0,1,0.6600,南山区,21,21,0,0,0,0,1
2021-11-16,589179428,20190000000000000003,900200000000000030,1,148.822,311.607,46392.667,2021-11-16 01:15:00.000,L2FT01-FTJ011,13.85,0.000,0.666012,16605,0.435592,0.055345,0,0,1,0.6600,南山区,21,21,0,0,0,0,1
2021-11-16,589179428,20190000000000000003,900200000000000037,1,76.400,376.220,28714.667,2021-11-16 01:15:00.000,L2FT01-FTJ011,13.85,0.000,0.666012,16605,0.435592,0.055345,0,0,1,0.6600,南山区,21,21,0,0,0,0,1
2021-11-16,589179428,20190000000000000003,900200000000000030,1,130.903,312.700,40939.333,2021-11-16 01:30:00.000,L2FT01-FTJ011,13.85,0.000,0.666012,16605,0.435592,0.055345,0,0,1,0.6600,南山区,21,21,0,0,0,0,1
2021-11-16,589179428,20190000000000000003,900200000000000037,1,52.911,384.827,20358.667,2021-11-16 01:30:00.000,L2FT01-FTJ011,13.85,0.000,0.666012,16605,0.435592,0.055345,0,0,1,0.6600,南山区,21,21,0,0,0,0,1
2021-11-16,589179428,20190000000000000003,900200000000000030,1,127.756,313.693,40079.333,2021-11-16 01:45:00.000,L2FT01-FTJ011,13.85,0.000,0.666012,16605,0.435592,0.055345,0,0,1,0.6600,南山区,21,21,0,0,0,0,1
2021-11-16,589179428,20190000000000000003,900200000000000037,1,37.679,389.543,14675.714,2021-11-16 01:45:00.000,L2FT01-FTJ011,13.85,0.000,0.666012,16605,0.435592,0.055345,0,0,1,0.6600,南山区,21,21,0,0,0,0,1
2021-11-16,589179428,20190000000000000003,900200000000000030,1,125.671,314.673,39549.333,2021-11-16 02:00:00.000,L2FT01-FTJ011,14.57,0.000,0.666012,16605,0.435592,0.055345,0,0,1,0.6600,南山区,21,21,0,0,0,0,1
2021-11-16,589179428,20190000000000000003,900200000000000030,1,104.448,319.253,33230.000,2021-11-16 02:15:00.000,L2FT01-FTJ011,14.57,0.000,0.666012,16605,0.435592,0.055345,0,0,1,0.6600,南山区,21,21,0,0,0,0,1
2021-11-16,589179428,20190000000000000003,900200000000000030,1,21.890,330.300,7230.000,2021-11-16 02:30:00.000,L2FT01-FTJ011,14.57,0.000,0.666012,16605,0.435592,0.055345,0,0,1,0.6600,南山区,21,21,0,0,0,0,1
2021-11-16,589179428,20190000000000000003,900200000000000049,1,67.138,357.900,24028.462,2021-11-16 07:45:00.000,L2FT01-FTJ011,15.97,0.000,0.666012,16605,0.435592,0.055345,0,0,1,0.6600,南山区,21,21,0,0,0,0,1
2021-11-16,589179428,20190000000000000003,900200000000000049,1,50.065,363.533,18193.333,2021-11-16 08:00:00.000,L2FT01-FTJ011,15.67,0.000,0.666012,16605,0.435592,0.055345,0,0,1,0.6600,南山区,21,21,0,0,0,0,1
2021-11-16,589179428,20190000000000000003,900200000000000049,1,30.547,364.707,11138.000,2021-11-16 08:15:00.000,L2FT01-FTJ011,15.67,0.000,0.666012,16605,0.435592,0.055345,0,0,1,0.6600,南山区,21,21,0,0,0,0,1
2021-11-16,589179428,20190000000000000003,900200000000000049,1,19.232,364.540,7008.000,2021-11-16 08:30:00.000,L2FT01-FTJ011,15.67,0.000,0.666012,16605,0.435592,0.055345,0,0,1,0.6600,南山区,21,21,0,0,0,0,1
2021-11-16,589179428,20190000000000000003,900200000000000053,1,69.817,356.273,24907.273,2021-11-16 09:00:00.000,L2FT01-FTJ011,15.19,0.000,0.666012,16605,0.435592,0.055345,0,0,1,0.6600,南山区,21,21,0,0,0,0,1
2021-11-16,589179428,20190000000000000003,900200000000000053,1,73.850,367.540,27144.000,2021-11-16 09:15:00.000,L2FT01-FTJ011,15.19,0.000,0.666012,16605,0.435592,0.055345,0,0,1,0.6600,南山区,21,21,0,0,0,0,1
2021-11-16,589179428,20190000000000000003,900200000000000053,1,73.803,377.000,27822.667,2021-11-16 09:30:00.000,L2FT01-FTJ011,15.19,0.000,0.666012,16605,0.435592,0.055345,0,0,1,0.6600,南山区,21,21,0,0,0,0,1
2021-11-16,589179428,20190000000000000003,900200000000000053,1,51.503,384.713,19804.667,2021-11-16 09:45:00.000,L2FT01-FTJ011,15.19,0.000,0.666012,16605,0.435592,0.055345,0,0,1,0.6600,南山区,21,21,0,0,0,0,1
2021-11-16,589179428,20190000000000000003,900200000000000053,1,24.390,385.300,9395.000,2021-11-16 10:00:00.000,L2FT01-FTJ011,14.57,0.000,0.666012,16605,0.435592,0.055345,0,0,1,0.6600,南山区,21,21,0,0,0,0,1
2021-11-16,589179428,20190000000000000003,900200000000000052,1,150.134,311.414,46748.571,2021-11-16 12:15:00.000,L2FT01-FTJ011,13.07,0.000,0.666012,16605,0.435592,0.055345,0,0,1,0.6600,南山区,21,21,0,0,0,0,1
2021-11-16,589179428,20190000000000000003,900200000000000052,1,149.790,314.427,47096.000,2021-11-16 12:30:00.000,L2FT01-FTJ011,13.07,0.000,0.666012,16605,0.435592,0.055345,0,0,1,0.6600,南山区,21,21,0,0,0,0,1
2021-11-16,589179428,20190000000000000003,900200000000000034,1,99.825,362.900,36220.667,2021-11-16 12:45:00.000,L2FT01-FTJ011,13.07,0.000,0.666012,16605,0.435592,0.055345,0,0,1,0.6600,南山区,21,21,0,0,0,0,1
2021-11-16,589179428,20190000000000000003,900200000000000052,1,149.890,315.792,47330.769,2021-11-16 12:45:00.000,L2FT01-FTJ011,13.07,0.000,0.666012,16605,0.435592,0.055345,0,0,1,0.6600,南山区,21,21,0,0,0,0,1
2021-11-16,589179428,20190000000000000003,900200000000000034,1,95.799,380.713,36449.333,2021-11-16 13:00:00.000,L2FT01-FTJ011,12.30,0.000,0.666012,16605,0.435592,0.055345,0,0,1,0.6600,南山区,21,21,0,0,0,0,1
2021-11-16,589179428,20190000000000000003,900200000000000037,0,0.000,414.300,0.000,2021-11-16 14:45:00.000,L2FT01-FTJ011,11.57,0.000,0.666012,16605,0.435592,0.055345,0,0,1,0.6600,南山区,21,21,0,0,0,0,1
2021-11-16,589179428,20190000000000000003,900200000000000043,1,67.984,334.114,22711.429,2021-11-16 15:00:00.000,L2FT01-FTJ011,10.95,0.000,0.666012,16605,0.435592,0.055345,0,0,1,0.6600,南山区,21,21,0,0,0,0,1
2021-11-16,589179428,20190000000000000003,900200000000000048,1,106.590,422.800,45070.000,2021-11-16 15:00:00.000,L2FT01-FTJ011,10.95,0.000,0.666012,16605,0.435592,0.055345,0,0,1,0.6600,南山区,21,21,0,0,0,0,1
2021-11-16,589179428,20190000000000000003,900200000000000037,1,102.854,377.400,38814.667,2021-11-16 15:00:00.000,L2FT01-FTJ011,10.95,0.000,0.666012,16605,0.435592,0.055345,0,0,1,0.6600,南山区,21,21,0,0,0,0,1
2021-11-16,589179428,20190000000000000003,900200000000000037,1,102.812,390.760,40170.000,2021-11-16 15:15:00.000,L2FT01-FTJ011,10.95,0.000,0.666012,16605,0.435592,0.055345,0,0,1,0.6600,南山区,21,21,0,0,0,0,1
2021-11-16,589179428,20190000000000000003,900200000000000043,1,67.790,346.707,23502.667,2021-11-16 15:15:00.000,L2FT01-FTJ011,10.95,0.000,0.666012,16605,0.435592,0.055345,0,0,1,0.6600,南山区,21,21,0,0,0,0,1
2021-11-16,589179428,20190000000000000003,900200000000000048,1,108.222,429.980,46574.000,2021-11-16 15:15:00.000,L2FT01-FTJ011,10.95,0.000,0.666012,16605,0.435592,0.055345,0,0,1,0.6600,南山区,21,21,0,0,0,0,1
2021-11-16,589179428,20190000000000000003,900200000000000056,1,56.891,351.420,19989.000,2021-11-16 15:30:00.000,L2FT01-FTJ011,10.95,0.000,0.666012,16605,0.435592,0.055345,0,0,1,0.6600,南山区,21,21,0,0,0,0,1
2021-11-16,589179428,20190000000000000003,900200000000000034,1,124.868,377.600,47147.500,2021-11-16 15:30:00.000,L2FT01-FTJ011,10.95,0.000,0.666012,16605,0.435592,0.055345,0,0,1,0.6600,南山区,21,21,0,0,0,0,1
2021-11-16,589179428,20190000000000000003,900200000000000037,1,61.579,397.513,24490.000,2021-11-16 15:30:00.000,L2FT01-FTJ011,10.95,0.000,0.666012,16605,0.435592,0.055345,0,0,1,0.6600,南山区,21,21,0,0,0,0,1
2021-11-16,589179428,20190000000000000003,900200000000000043,1,67.790,357.664,24244.545,2021-11-16 15:30:00.000,L2FT01-FTJ011,10.95,0.000,0.666012,16605,0.435592,0.055345,0,0,1,0.6600,南山区,21,21,0,0,0,0,1
2021-11-16,589179428,20190000000000000003,900200000000000048,1,52.545,432.964,22683.636,2021-11-16 15:30:00.000,L2FT01-FTJ011,10.95,0.000,0.666012,16605,0.435592,0.055345,0,0,1,0.6600,南山区,21,21,0,0,0,0,1
2021-11-16,589179428,20190000000000000003,900200000000000034,1,124.842,379.480,47370.000,2021-11-16 15:45:00.000,L2FT01-FTJ011,10.95,0.000,0.666012,16605,0.435592,0.055345,0,0,1,0.6600,南山区,21,21,0,0,0,0,1
2021-11-16,589179428,20190000000000000003,900200000000000037,1,30.970,399.247,12362.667,2021-11-16 15:45:00.000,L2FT01-FTJ011,10.95,0.000,0.666012,16605,0.435592,0.055345,0,0,1,0.6600,南山区,21,21,0,0,0,0,1
2021-11-16,589179428,20190000000000000003,900200000000000056,1,56.790,362.433,20580.667,2021-11-16 15:45:00.000,L2FT01-FTJ011,10.95,0.000,0.666012,16605,0.435592,0.055345,0,0,1,0.6600,南山区,21,21,0,0,0,0,1
2021-11-16,589179428,20190000000000000003,900200000000000034,1,124.890,381.300,47620.000,2021-11-16 16:00:00.000,L2FT01-FTJ011,10.47,0.000,0.666012,16605,0.435592,0.055345,0,0,1,0.6600,南山区,21,21,0,0,0,0,1
2021-11-16,589179428,20190000000000000003,900200000000000037,1,22.060,401.300,8850.000,2021-11-16 16:00:00.000,L2FT01-FTJ011,10.47,0.000,0.666012,16605,0.435592,0.055345,0,0,1,0.6600,南山区,21,21,0,0,0,0,1
2021-11-16,589179428,20190000000000000003,900200000000000056,1,37.817,371.793,14053.333,2021-11-16 16:00:00.000,L2FT01-FTJ011,10.47,0.000,0.666012,16605,0.435592,0.055345,0,0,1,0.6600,南山区,21,21,0,0,0,0,1
2021-11-16,589179428,20190000000000000003,900200000000000056,1,12.511,373.521,4672.857,2021-11-16 16:15:00.000,L2FT01-FTJ011,10.47,0.000,0.666012,16605,0.435592,0.055345,0,0,1,0.6600,南山区,21,21,0,0,0,0,1
2021-11-16,589179428,20190000000000000003,900200000000000037,1,13.090,402.487,5267.333,2021-11-16 16:15:00.000,L2FT01-FTJ011,10.47,0.000,0.666012,16605,0.435592,0.055345,0,0,1,0.6600,南山区,21,21,0,0,0,0,1
2021-11-16,589179428,20190000000000000003,900200000000000037,1,12.147,403.979,4906.429,2021-11-16 16:30:00.000,L2FT01-FTJ011,10.47,0.000,0.666012,16605,0.435592,0.055345,0,0,1,0.6600,南山区,21,21,0,0,0,0,1
2021-11-16,589179428,20190000000000000003,900200000000000030,1,36.000,288.000,11185.000,2021-11-16 16:30:00.000,L2FT01-FTJ011,10.47,0.000,0.666012,16605,0.435592,0.055345,0,0,1,0.6600,南山区,21,21,0,0,0,0,1
2021-11-16,589179428,20190000000000000003,900200000000000034,1,112.827,289.914,34965.714,2021-11-16 16:30:00.000,L2FT01-FTJ011,10.47,0.000,0.666012,16605,0.435592,0.055345,0,0,1,0.6600,南山区,21,21,0,0,0,0,1
2021-11-16,589179428,20190000000000000003,900200000000000034,1,129.800,311.427,40418.000,2021-11-16 16:45:00.000,L2FT01-FTJ011,10.47,0.000,0.666012,16605,0.435592,0.055345,0,0,1,0.6600,南山区,21,21,0,0,0,0,1
2021-11-16,589179428,20190000000000000003,900200000000000042,1,201.975,316.000,63822.500,2021-11-16 16:45:00.000,L2FT01-FTJ011,10.47,0.000,0.666012,16605,0.435592,0.055345,0,0,1,0.6600,南山区,21,21,0,0,0,0,1
2021-11-16,589179428,20190000000000000003,900200000000000057,1,200.757,313.636,62957.143,2021-11-16 16:45:00.000,L2FT01-FTJ011,10.47,0.000,0.666012,16605,0.435592,0.055345,0,0,1,0.6600,南山区,21,21,0,0,0,0,1
2021-11-16,589179428,20190000000000000003,900200000000000034,1,129.800,313.253,40655.333,2021-11-16 17:00:00.000,L2FT01-FTJ011,10.17,0.000,0.666012,16605,0.435592,0.055345,0,0,1,0.6600,南山区,21,21,0,0,0,0,1
2021-11-16,589179428,20190000000000000003,900200000000000042,1,184.014,316.087,58163.333,2021-11-16 17:00:00.000,L2FT01-FTJ011,10.17,0.000,0.666012,16605,0.435592,0.055345,0,0,1,0.6600,南山区,21,21,0,0,0,0,1
2021-11-16,589179428,20190000000000000003,900200000000000053,0,0.000,313.400,0.000,2021-11-16 17:00:00.000,L2FT01-FTJ011,10.17,0.000,0.666012,16605,0.435592,0.055345,0,0,1,0.6600,南山区,21,21,0,0,0,0,1
2021-11-16,589179428,20190000000000000003,900200000000000057,1,201.453,316.167,63687.333,2021-11-16 17:00:00.000,L2FT01-FTJ011,10.17,0.000,0.666012,16605,0.435592,0.055345,0,0,1,0.6600,南山区,21,21,0,0,0,0,1
2021-11-16,589179428,20190000000000000003,900200000000000057,1,134.720,316.993,42752.857,2021-11-16 17:15:00.000,L2FT01-FTJ011,10.17,0.000,0.666012,16605,0.435592,0.055345,0,0,1,0.6600,南山区,21,21,0,0,0,0,1
2021-11-16,589179428,20190000000000000003,900200000000000053,1,84.162,405.120,34086.000,2021-11-16 17:15:00.000,L2FT01-FTJ011,10.17,0.000,0.666012,16605,0.435592,0.055345,0,0,1,0.6600,南山区,21,21,0,0,0,0,1
2021-11-16,589179428,20190000000000000003,900200000000000034,1,129.848,314.340,40812.667,2021-11-16 17:15:00.000,L2FT01-FTJ011,10.17,0.000,0.666012,16605,0.435592,0.055345,0,0,1,0.6600,南山区,21,21,0,0,0,0,1
2021-11-16,589179428,20190000000000000003,900200000000000042,1,164.500,317.900,52290.000,2021-11-16 17:15:00.000,L2FT01-FTJ011,10.17,0.000,0.666012,16605,0.435592,0.055345,0,0,1,0.6600,南山区,21,21,0,0,0,0,1
2021-11-16,589179428,20190000000000000003,900200000000000034,1,125.831,317.760,39950.667,2021-11-16 17:30:00.000,L2FT01-FTJ011,10.17,0.000,0.666012,16605,0.435592,0.055345,0,0,1,0.6600,南山区,21,21,0,0,0,0,1
2021-11-16,589179428,20190000000000000003,900200000000000053,1,14.890,400.750,5965.000,2021-11-16 17:30:00.000,L2FT01-FTJ011,10.17,0.000,0.666012,16605,0.435592,0.055345,0,0,1,0.6600,南山区,21,21,0,0,0,0,1
2021-11-16,589179428,20190000000000000003,900200000000000049,1,110.596,444.743,49435.714,2021-11-16 17:45:00.000,L2FT01-FTJ011,10.17,0.000,0.666012,16605,0.435592,0.055345,0,0,1,0.6600,南山区,21,21,0,0,0,0,1
2021-11-16,589179428,20190000000000000003,900200000000000034,1,29.740,332.150,9875.000,2021-11-16 17:45:00.000,L2FT01-FTJ011,10.17,0.000,0.666012,16605,0.435592,0.055345,0,0,1,0.6600,南山区,21,21,0,0,0,0,1
2021-11-16,589179428,20190000000000000003,900200000000000049,1,69.557,457.753,31790.000,2021-11-16 18:00:00.000,L2FT01-FTJ011,10.07,0.000,0.666012,16605,0.435592,0.055345,0,0,1,0.6600,南山区,21,21,0,0,0,0,1
2021-11-16,589179428,20190000000000000003,900200000000000037,1,131.523,309.650,40866.667,2021-11-16 18:00:00.000,L2FT01-FTJ011,10.07,0.000,0.666012,16605,0.435592,0.055345,0,0,1,0.6600,南山区,21,21,0,0,0,0,1
2021-11-16,589179428,20190000000000000003,900200000000000037,1,149.890,312.307,46808.667,2021-11-16 18:15:00.000,L2FT01-FTJ011,10.07,0.000,0.666012,16605,0.435592,0.055345,0,0,1,0.6600,南山区,21,21,0,0,0,0,1
2021-11-16,589179428,20190000000000000003,900200000000000049,1,21.492,460.940,9905.000,2021-11-16 18:15:00.000,L2FT01-FTJ011,10.07,0.000,0.666012,16605,0.435592,0.055345,0,0,1,0.6600,南山区,21,21,0,0,0,0,1
2021-11-16,589179428,20190000000000000003,900200000000000037,1,149.890,313.780,47029.333,2021-11-16 18:30:00.000,L2FT01-FTJ011,10.07,0.000,0.666012,16605,0.435592,0.055345,0,0,1,0.6600,南山区,21,21,0,0,0,0,1
2021-11-16,589179428,20190000000000000003,900200000000000037,1,149.890,315.560,47296.667,2021-11-16 18:45:00.000,L2FT01-FTJ011,10.07,0.000,0.666012,16605,0.435592,0.055345,0,0,1,0.6600,南山区,21,21,0,0,0,0,1
2021-11-16,589179428,20190000000000000003,900200000000000037,1,142.817,317.300,45316.667,2021-11-16 19:00:00.000,L2FT01-FTJ011,10.17,0.000,0.666012,16605,0.435592,0.055345,0,0,1,0.6600,南山区,21,21,0,0,0,0,1
2021-11-16,589179428,20190000000000000003,900200000000000037,1,74.340,317.200,23597.500,2021-11-16 19:15:00.000,L2FT01-FTJ011,10.17,0.000,0.666012,16605,0.435592,0.055345,0,0,1,0.6600,南山区,21,21,0,0,0,0,1
2021-11-16,589179428,20190000000000000003,900200000000000056,1,109.890,359.900,39550.000,2021-11-16 23:45:00.000,L2FT01-FTJ011,12.30,0.000,0.666012,16605,0.435592,0.055345,0,0,1,0.6600,南山区,21,21,0,0,0,0,1
2021-11-17,589179428,20190000000000000003,900200000000000053,1,99.971,367.087,36698.000,2021-11-17 00:00:00.000,L2FT01-FTJ011,13.07,0.000,0.666012,16605,0.435592,0.055345,0,0,1,0.6600,南山区,21,21,0,0,0,0,1
2021-11-17,589179428,20190000000000000003,900200000000000056,1,109.542,369.740,40497.333,2021-11-17 00:00:00.000,L2FT01-FTJ011,13.07,0.000,0.666012,16605,0.435592,0.055345,0,0,1,0.6600,南山区,21,21,0,0,0,0,1
2021-11-17,589179428,20190000000000000003,900200000000000053,1,99.890,380.180,37978.000,2021-11-17 00:15:00.000,L2FT01-FTJ011,13.07,0.000,0.666012,16605,0.435592,0.055345,0,0,1,0.6600,南山区,21,21,0,0,0,0,1
2021-11-17,589179428,20190000000000000003,900200000000000056,1,87.117,387.633,33716.667,2021-11-17 00:15:00.000,L2FT01-FTJ011,13.07,0.000,0.666012,16605,0.435592,0.055345,0,0,1,0.6600,南山区,21,21,0,0,0,0,1
2021-11-17,589179428,20190000000000000003,900200000000000053,1,97.559,393.647,38394.667,2021-11-17 00:30:00.000,L2FT01-FTJ011,13.07,0.000,0.666012,16605,0.435592,0.055345,0,0,1,0.6600,南山区,21,21,0,0,0,0,1
2021-11-17,589179428,20190000000000000003,900200000000000056,1,42.441,395.293,16774.000,2021-11-17 00:30:00.000,L2FT01-FTJ011,13.07,0.000,0.666012,16605,0.435592,0.055345,0,0,1,0.6600,南山区,21,21,0,0,0,0,1
2021-11-17,589179428,20190000000000000003,900200000000000039,1,186.353,310.654,58040.769,2021-11-17 00:30:00.000,L2FT01-FTJ011,13.07,0.000,0.666012,16605,0.435592,0.055345,0,0,1,0.6600,南山区,21,21,0,0,0,0,1
2021-11-17,589179428,20190000000000000003,900200000000000053,1,43.017,398.133,17124.667,2021-11-17 00:45:00.000,L2FT01-FTJ011,13.07,0.000,0.666012,16605,0.435592,0.055345,0,0,1,0.6600,南山区,21,21,0,0,0,0,1
2021-11-17,589179428,20190000000000000003,900200000000000056,1,42.500,404.000,17165.000,2021-11-17 00:45:00.000,L2FT01-FTJ011,13.07,0.000,0.666012,16605,0.435592,0.055345,0,0,1,0.6600,南山区,21,21,0,0,0,0,1
2021-11-17,589179428,20190000000000000003,900200000000000039,1,199.836,313.413,62624.667,2021-11-17 00:45:00.000,L2FT01-FTJ011,13.07,0.000,0.666012,16605,0.435592,0.055345,0,0,1,0.6600,南山区,21,21,0,0,0,0,1
2021-11-17,589179428,20190000000000000003,900200000000000053,1,14.353,398.187,5713.333,2021-11-17 01:00:00.000,L2FT01-FTJ011,13.85,0.000,0.666012,16605,0.435592,0.055345,0,0,1,0.6600,南山区,21,21,0,0,0,0,1
2021-11-17,589179428,20190000000000000003,900200000000000039,1,175.627,314.580,55250.667,2021-11-17 01:00:00.000,L2FT01-FTJ011,13.85,0.000,0.666012,16605,0.435592,0.055345,0,0,1,0.6600,南山区,21,21,0,0,0,0,1
2021-11-17,589179428,20190000000000000003,900200000000000039,1,164.872,315.707,52048.000,2021-11-17 01:15:00.000,L2FT01-FTJ011,13.85,0.000,0.666012,16605,0.435592,0.055345,0,0,1,0.6600,南山区,21,21,0,0,0,0,1
2021-11-17,589179428,20190000000000000003,900200000000000053,1,7.212,398.140,2868.000,2021-11-17 01:15:00.000,L2FT01-FTJ011,13.85,0.000,0.666012,16605,0.435592,0.055345,0,0,1,0.6600,南山区,21,21,0,0,0,0,1
2021-11-17,589179428,20190000000000000003,900200000000000039,1,113.358,322.991,36298.182,2021-11-17 01:30:00.000,L2FT01-FTJ011,13.85,0.000,0.666012,16605,0.435592,0.055345,0,0,1,0.6600,南山区,21,21,0,0,0,0,1
2021-11-17,589179428,20190000000000000003,900200000000000053,1,110.056,347.400,38385.714,2021-11-17 05:45:00.000,L2FT01-FTJ011,15.97,0.000,0.666012,16605,0.435592,0.055345,0,0,1,0.6600,南山区,21,21,0,0,0,0,1
2021-11-17,589179428,20190000000000000003,900200000000000052,1,136.790,430.740,58925.333,2021-11-17 06:00:00.000,L2FT01-FTJ011,16.07,0.000,0.666012,16605,0.435592,0.055345,0,0,1,0.6600,南山区,21,21,0,0,0,0,1
2021-11-17,589179428,20190000000000000003,900200000000000053,1,122.161,363.473,44382.667,2021-11-17 06:00:00.000,L2FT01-FTJ011,16.07,0.000,0.666012,16605,0.435592,0.055345,0,0,1,0.6600,南山区,21,21,0,0,0,0,1
2021-11-17,589179428,20190000000000000003,900200000000000052,1,90.645,428.360,38896.000,2021-11-17 06:15:00.000,L2FT01-FTJ011,16.07,0.000,0.666012,16605,0.435592,0.055345,0,0,1,0.6600,南山区,21,21,0,0,0,0,1
2021-11-17,589179428,20190000000000000003,900200000000000053,1,86.590,377.947,32698.667,2021-11-17 06:15:00.000,L2FT01-FTJ011,16.07,0.000,0.666012,16605,0.435592,0.055345,0,0,1,0.6600,南山区,21,21,0,0,0,0,1
2021-11-17,589179428,20190000000000000003,900200000000000052,1,56.436,431.589,24304.444,2021-11-17 06:30:00.000,L2FT01-FTJ011,16.07,0.000,0.666012,16605,0.435592,0.055345,0,0,1,0.6600,南山区,21,21,0,0,0,0,1
2021-11-17,589179428,20190000000000000003,900200000000000053,1,40.458,385.360,15585.333,2021-11-17 06:30:00.000,L2FT01-FTJ011,16.07,0.000,0.666012,16605,0.435592,0.055345,0,0,1,0.6600,南山区,21,21,0,0,0,0,1
2021-11-17,589179428,20190000000000000003,900200000000000053,1,23.478,386.850,9078.333,2021-11-17 06:45:00.000,L2FT01-FTJ011,16.07,0.000,0.666012,16605,0.435592,0.055345,0,0,1,0.6600,南山区,21,21,0,0,0,0,1
2021-11-17,589179428,20190000000000000003,900200000000000031,1,102.451,315.543,33520.000,2021-11-17 07:15:00.000,L2FT01-FTJ011,15.97,0.000,0.666012,16605,0.435592,0.055345,0,0,1,0.6600,南山区,21,21,0,0,0,0,1
2021-11-17,589179428,20190000000000000003,900200000000000031,1,119.512,329.547,39380.667,2021-11-17 07:30:00.000,L2FT01-FTJ011,15.97,0.000,0.666012,16605,0.435592,0.055345,0,0,1,0.6600,南山区,21,21,0,0,0,0,1
2021-11-17,589179428,20190000000000000003,900200000000000031,1,98.077,333.573,32638.000,2021-11-17 07:45:00.000,L2FT01-FTJ011,15.97,0.000,0.666012,16605,0.435592,0.055345,0,0,1,0.6600,南山区,21,21,0,0,0,0,1
2021-11-17,589179428,20190000000000000003,900200000000000052,1,113.986,355.462,40547.500,2021-11-17 08:15:00.000,L2FT01-FTJ011,15.67,0.000,0.666012,16605,0.435592,0.055345,0,0,1,0.6600,南山区,21,21,0,0,0,0,1
2021-11-17,589179428,20190000000000000003,900200000000000052,1,119.806,358.653,42963.333,2021-11-17 08:30:00.000,L2FT01-FTJ011,15.67,0.000,0.666012,16605,0.435592,0.055345,0,0,1,0.6600,南山区,21,21,0,0,0,0,1
2021-11-17,589179428,20190000000000000003,900200000000000052,1,66.131,361.918,23887.273,2021-11-17 08:45:00.000,L2FT01-FTJ011,15.67,0.000,0.666012,16605,0.435592,0.055345,0,0,1,0.6600,南山区,21,21,0,0,0,0,1
2021-11-17,589179428,20190000000000000003,900200000000000039,1,51.536,352.700,18226.667,2021-11-17 11:45:00.000,L2FT01-FTJ011,13.85,0.000,0.666012,16605,0.435592,0.055345,0,0,1,0.6600,南山区,21,21,0,0,0,0,1
2021-11-17,589179428,20190000000000000003,900200000000000039,1,39.517,360.680,14242.667,2021-11-17 12:00:00.000,L2FT01-FTJ011,13.07,0.000,0.666012,16605,0.435592,0.055345,0,0,1,0.6600,南山区,21,21,0,0,0,0,1
2021-11-17,589179428,20190000000000000003,900200000000000039,1,62.583,355.070,22100.000,2021-11-17 12:15:00.000,L2FT01-FTJ011,13.07,0.000,0.666012,16605,0.435592,0.055345,0,0,1,0.6600,南山区,21,21,0,0,0,0,1
2021-11-17,589179428,20190000000000000003,900200000000000052,1,149.904,357.171,53538.571,2021-11-17 12:15:00.000,L2FT01-FTJ011,13.07,0.000,0.666012,16605,0.435592,0.055345,0,0,1,0.6600,南山区,21,21,0,0,0,0,1
2021-11-17,589179428,20190000000000000003,900200000000000039,1,84.500,353.853,29895.333,2021-11-17 12:30:00.000,L2FT01-FTJ011,13.07,0.000,0.666012,16605,0.435592,0.055345,0,0,1,0.6600,南山区,21,21,0,0,0,0,1
2021-11-17,589179428,20190000000000000003,900200000000000052,1,149.797,363.433,54440.667,2021-11-17 12:30:00.000,L2FT01-FTJ011,13.07,0.000,0.666012,16605,0.435592,0.055345,0,0,1,0.6600,南山区,21,21,0,0,0,0,1
2021-11-17,589179428,20190000000000000003,900200000000000039,1,81.539,356.007,29026.667,2021-11-17 12:45:00.000,L2FT01-FTJ011,13.07,0.000,0.666012,16605,0.435592,0.055345,0,0,1,0.6600,南山区,21,21,0,0,0,0,1
2021-11-17,589179428,20190000000000000003,900200000000000052,1,149.843,376.220,56374.667,2021-11-17 12:45:00.000,L2FT01-FTJ011,13.07,0.000,0.666012,16605,0.435592,0.055345,0,0,1,0.6600,南山区,21,21,0,0,0,0,1
2021-11-17,589179428,20190000000000000003,900200000000000052,1,109.153,391.047,42623.333,2021-11-17 13:00:00.000,L2FT01-FTJ011,12.30,0.000,0.666012,16605,0.435592,0.055345,0,0,1,0.6600,南山区,21,21,0,0,0,0,1
2021-11-17,589179428,20190000000000000003,900200000000000039,1,57.504,355.747,20455.333,2021-11-17 13:00:00.000,L2FT01-FTJ011,12.30,0.000,0.666012,16605,0.435592,0.055345,0,0,1,0.6600,南山区,21,21,0,0,0,0,1
2021-11-17,589179428,20190000000000000003,900200000000000039,1,28.108,356.218,10008.182,2021-11-17 13:15:00.000,L2FT01-FTJ011,12.30,0.000,0.666012,16605,0.435592,0.055345,0,0,1,0.6600,南山区,21,21,0,0,0,0,1
2021-11-17,589179428,20190000000000000003,900200000000000052,1,69.322,398.631,27634.615,2021-11-17 13:15:00.000,L2FT01-FTJ011,12.30,0.000,0.666012,16605,0.435592,0.055345,0,0,1,0.6600,南山区,21,21,0,0,0,0,1
2021-11-17,589179428,20190000000000000003,900200000000000053,1,114.137,357.733,40899.333,2021-11-17 15:30:00.000,L2FT01-FTJ011,10.95,0.000,0.666012,16605,0.435592,0.055345,0,0,1,0.6600,南山区,21,21,0,0,0,0,1
2021-11-17,589179428,20190000000000000003,900200000000000034,1,129.895,309.000,40132.500,2021-11-17 15:45:00.000,L2FT01-FTJ011,10.95,0.000,0.666012,16605,0.435592,0.055345,0,0,1,0.6600,南山区,21,21,0,0,0,0,1
2021-11-17,589179428,20190000000000000003,900200000000000052,1,129.808,314.309,40795.455,2021-11-17 15:45:00.000,L2FT01-FTJ011,10.95,0.000,0.666012,16605,0.435592,0.055345,0,0,1,0.6600,南山区,21,21,0,0,0,0,1
2021-11-17,589179428,20190000000000000003,900200000000000053,1,93.256,361.379,33682.857,2021-11-17 15:45:00.000,L2FT01-FTJ011,10.95,0.000,0.666012,16605,0.435592,0.055345,0,0,1,0.6600,南山区,21,21,0,0,0,0,1
2021-11-17,589179428,20190000000000000003,900200000000000052,1,127.063,316.655,40210.000,2021-11-17 16:00:00.000,L2FT01-FTJ011,10.47,0.000,0.666012,16605,0.435592,0.055345,0,0,1,0.6600,南山区,21,21,0,0,0,0,1
2021-11-17,589179428,20190000000000000003,900200000000000034,1,129.890,310.253,40296.000,2021-11-17 16:00:00.000,L2FT01-FTJ011,10.47,0.000,0.666012,16605,0.435592,0.055345,0,0,1,0.6600,南山区,21,21,0,0,0,0,1
2021-11-17,589179428,20190000000000000003,900200000000000034,1,129.872,311.060,40395.333,2021-11-17 16:15:00.000,L2FT01-FTJ011,10.47,0.000,0.666012,16605,0.435592,0.055345,0,0,1,0.6600,南山区,21,21,0,0,0,0,1
2021-11-17,589179428,20190000000000000003,900200000000000034,1,129.812,313.413,40680.667,2021-11-17 16:30:00.000,L2FT01-FTJ011,10.47,0.000,0.666012,16605,0.435592,0.055345,0,0,1,0.6600,南山区,21,21,0,0,0,0,1
2021-11-17,589179428,20190000000000000003,900200000000000034,1,125.806,315.367,39667.333,2021-11-17 16:45:00.000,L2FT01-FTJ011,10.47,0.000,0.666012,16605,0.435592,0.055345,0,0,1,0.6600,南山区,21,21,0,0,0,0,1
2021-11-17,589179428,20190000000000000003,900200000000000034,1,60.882,321.820,19497.000,2021-11-17 17:00:00.000,L2FT01-FTJ011,10.17,0.000,0.666012,16605,0.435592,0.055345,0,0,1,0.6600,南山区,21,21,0,0,0,0,1
2021-11-17,589179428,20190000000000000003,900200000000000049,1,130.090,310.400,40375.000,2021-11-17 17:00:00.000,L2FT01-FTJ011,10.17,0.000,0.666012,16605,0.435592,0.055345,0,0,1,0.6600,南山区,21,21,0,0,0,0,1
2021-11-17,589179428,20190000000000000003,900200000000000045,1,119.084,306.608,36949.167,2021-11-17 17:15:00.000,L2FT01-FTJ011,10.17,0.000,0.666012,16605,0.435592,0.055345,0,0,1,0.6600,南山区,21,21,0,0,0,0,1
2021-11-17,589179428,20190000000000000003,900200000000000049,1,129.927,311.540,40474.667,2021-11-17 17:15:00.000,L2FT01-FTJ011,10.17,0.000,0.666012,16605,0.435592,0.055345,0,0,1,0.6600,南山区,21,21,0,0,0,0,1
2021-11-17,589179428,20190000000000000003,900200000000000053,1,87.645,382.800,33540.000,2021-11-17 17:15:00.000,L2FT01-FTJ011,10.17,0.000,0.666012,16605,0.435592,0.055345,0,0,1,0.6600,南山区,21,21,0,0,0,0,1
2021-11-17,589179428,20190000000000000003,900200000000000045,1,129.890,312.807,40628.667,2021-11-17 17:30:00.000,L2FT01-FTJ011,10.17,0.000,0.666012,16605,0.435592,0.055345,0,0,1,0.6600,南山区,21,21,0,0,0,0,1
2021-11-17,589179428,20190000000000000003,900200000000000049,1,130.000,313.913,40804.667,2021-11-17 17:30:00.000,L2FT01-FTJ011,10.17,0.000,0.666012,16605,0.435592,0.055345,0,0,1,0.6600,南山区,21,21,0,0,0,0,1
2021-11-17,589179428,20190000000000000003,900200000000000045,1,129.884,314.793,40884.667,2021-11-17 17:45:00.000,L2FT01-FTJ011,10.17,0.000,0.666012,16605,0.435592,0.055345,0,0,1,0.6600,南山区,21,21,0,0,0,0,1
2021-11-17,589179428,20190000000000000003,900200000000000049,1,130.011,315.220,40978.000,2021-11-17 17:45:00.000,L2FT01-FTJ011,10.17,0.000,0.666012,16605,0.435592,0.055345,0,0,1,0.6600,南山区,21,21,0,0,0,0,1
2021-11-17,589179428,20190000000000000003,900200000000000044,1,150.350,309.800,46575.000,2021-11-17 18:00:00.000,L2FT01-FTJ011,10.07,0.000,0.666012,16605,0.435592,0.055345,0,0,1,0.6600,南山区,21,21,0,0,0,0,1
2021-11-17,589179428,20190000000000000003,900200000000000045,1,99.840,319.350,31860.000,2021-11-17 18:00:00.000,L2FT01-FTJ011,10.07,0.000,0.666012,16605,0.435592,0.055345,0,0,1,0.6600,南山区,21,21,0,0,0,0,1
2021-11-17,589179428,20190000000000000003,900200000000000049,1,84.615,318.673,26868.667,2021-11-17 18:00:00.000,L2FT01-FTJ011,10.07,0.000,0.666012,16605,0.435592,0.055345,0,0,1,0.6600,南山区,21,21,0,0,0,0,1
2021-11-17,589179428,20190000000000000003,900200000000000043,1,185.458,313.030,58467.000,2021-11-17 18:30:00.000,L2FT01-FTJ011,10.07,0.000,0.666012,16605,0.435592,0.055345,0,0,1,0.6600,南山区,21,21,0,0,0,0,1
2021-11-17,589179428,20190000000000000003,900200000000000043,1,207.927,315.800,65660.000,2021-11-17 18:45:00.000,L2FT01-FTJ011,10.07,0.000,0.666012,16605,0.435592,0.055345,0,0,1,0.6600,南山区,21,21,0,0,0,0,1
2021-11-17,589179428,20190000000000000003,900200000000000057,1,41.390,302.100,12500.000,2021-11-17 21:00:00.000,L2FT01-FTJ011,10.95,0.000,0.666012,16605,0.435592,0.055345,0,0,1,0.6600,南山区,21,21,0,0,0,0,1
2021-11-17,589179428,20190000000000000003,900200000000000045,1,82.423,367.500,30611.429,2021-11-17 21:30:00.000,L2FT01-FTJ011,10.95,0.000,0.666012,16605,0.435592,0.055345,0,0,1,0.6600,南山区,21,21,0,0,0,0,1
2021-11-17,589179428,20190000000000000003,900200000000000045,1,86.485,380.520,32878.000,2021-11-17 21:45:00.000,L2FT01-FTJ011,10.95,0.000,0.666012,16605,0.435592,0.055345,0,0,1,0.6600,南山区,21,21,0,0,0,0,1
2021-11-17,589179428,20190000000000000003,900200000000000045,1,34.590,386.620,13374.000,2021-11-17 22:00:00.000,L2FT01-FTJ011,11.57,0.000,0.666012,16605,0.435592,0.055345,0,0,1,0.6600,南山区,21,21,0,0,0,0,1
2021-11-17,589179428,20190000000000000003,900200000000000045,1,26.290,390.047,10253.333,2021-11-17 22:15:00.000,L2FT01-FTJ011,11.57,0.000,0.666012,16605,0.435592,0.055345,0,0,1,0.6600,南山区,21,21,0,0,0,0,1
2021-11-17,589179428,20190000000000000003,900200000000000045,1,26.290,392.450,10315.000,2021-11-17 22:30:00.000,L2FT01-FTJ011,11.57,0.000,0.666012,16605,0.435592,0.055345,0,0,1,0.6600,南山区,21,21,0,0,0,0,1
2021-11-17,589179428,20190000000000000003,900200000000000043,1,130.046,310.427,40364.667,2021-11-17 23:45:00.000,L2FT01-FTJ011,12.30,0.000,0.666012,16605,0.435592,0.055345,0,0,1,0.6600,南山区,21,21,0,0,0,0,1
2021-11-18,589179428,20190000000000000003,900200000000000043,1,129.854,312.780,40612.000,2021-11-18 00:00:00.000,L2FT01-FTJ011,13.07,0.000,0.666012,16605,0.435592,0.055345,0,0,1,0.6600,南山区,21,21,0,0,0,0,1
2021-11-18,589179428,20190000000000000003,900200000000000043,1,129.818,314.613,40838.000,2021-11-18 00:15:00.000,L2FT01-FTJ011,13.07,0.000,0.666012,16605,0.435592,0.055345,0,0,1,0.6600,南山区,21,21,0,0,0,0,1
2021-11-18,589179428,20190000000000000003,900200000000000043,1,97.856,319.833,31192.667,2021-11-18 00:30:00.000,L2FT01-FTJ011,13.07,0.000,0.666012,16605,0.435592,0.055345,0,0,1,0.6600,南山区,21,21,0,0,0,0,1
2021-11-18,589179428,20190000000000000003,900200000000000043,1,29.790,323.500,9640.000,2021-11-18 00:45:00.000,L2FT01-FTJ011,13.07,0.000,0.666012,16605,0.435592,0.055345,0,0,1,0.6600,南山区,21,21,0,0,0,0,1
2021-11-18,589179428,20190000000000000003,900200000000000056,1,51.473,395.760,20372.000,2021-11-18 03:45:00.000,L2FT01-FTJ011,15.19,0.000,0.666012,16605,0.435592,0.055345,0,0,1,0.6600,南山区,21,21,0,0,0,0,1
2021-11-18,589179428,20190000000000000003,900200000000000056,1,42.670,403.773,17230.667,2021-11-18 04:00:00.000,L2FT01-FTJ011,15.67,0.000,0.666012,16605,0.435592,0.055345,0,0,1,0.6600,南山区,21,21,0,0,0,0,1
2021-11-18,589179428,20190000000000000003,900200000000000056,1,11.810,404.847,4780.000,2021-11-18 04:15:00.000,L2FT01-FTJ011,15.67,0.000,0.666012,16605,0.435592,0.055345,0,0,1,0.6600,南山区,21,21,0,0,0,0,1
2021-11-18,589179428,20190000000000000003,900200000000000056,1,11.840,406.488,4812.500,2021-11-18 04:30:00.000,L2FT01-FTJ011,15.67,0.000,0.666012,16605,0.435592,0.055345,0,0,1,0.6600,南山区,21,21,0,0,0,0,1
2021-11-18,589179428,20190000000000000003,900200000000000034,1,79.310,342.083,27231.667,2021-11-18 06:45:00.000,L2FT01-FTJ011,16.07,0.000,0.666012,16605,0.435592,0.055345,0,0,1,0.6600,南山区,21,21,0,0,0,0,1
2021-11-18,589179428,20190000000000000003,900200000000000034,1,86.650,344.100,29820.667,2021-11-18 07:00:00.000,L2FT01-FTJ011,15.97,0.000,0.666012,16605,0.435592,0.055345,0,0,1,0.6600,南山区,21,21,0,0,0,0,1
2021-11-18,589179428,20190000000000000003,900200000000000031,1,26.590,326.500,8680.000,2021-11-18 07:00:00.000,L2FT01-FTJ011,15.97,0.000,0.666012,16605,0.435592,0.055345,0,0,1,0.6600,南山区,21,21,0,0,0,0,1
2021-11-18,589179428,20190000000000000003,900200000000000031,1,76.330,352.613,26914.000,2021-11-18 07:15:00.000,L2FT01-FTJ011,15.97,0.000,0.666012,16605,0.435592,0.055345,0,0,1,0.6600,南山区,21,21,0,0,0,0,1
2021-11-18,589179428,20190000000000000003,900200000000000034,1,54.975,345.485,18978.462,2021-11-18 07:15:00.000,L2FT01-FTJ011,15.97,0.000,0.666012,16605,0.435592,0.055345,0,0,1,0.6600,南山区,21,21,0,0,0,0,1
2021-11-18,589179428,20190000000000000003,900200000000000031,1,76.343,369.500,28206.667,2021-11-18 07:30:00.000,L2FT01-FTJ011,15.97,0.000,0.666012,16605,0.435592,0.055345,0,0,1,0.6600,南山区,21,21,0,0,0,0,1
2021-11-18,589179428,20190000000000000003,900200000000000031,1,57.943,379.280,21971.333,2021-11-18 07:45:00.000,L2FT01-FTJ011,15.97,0.000,0.666012,16605,0.435592,0.055345,0,0,1,0.6600,南山区,21,21,0,0,0,0,1
2021-11-18,589179428,20190000000000000003,900200000000000031,1,26.763,380.693,10192.000,2021-11-18 08:00:00.000,L2FT01-FTJ011,15.67,0.000,0.666012,16605,0.435592,0.055345,0,0,1,0.6600,南山区,21,21,0,0,0,0,1
2021-11-18,589179428,20190000000000000003,900200000000000044,1,44.760,331.767,16190.000,2021-11-18 08:00:00.000,L2FT01-FTJ011,15.67,0.000,0.666012,16605,0.435592,0.055345,0,0,1,0.6600,南山区,21,21,0,0,0,0,1
2021-11-18,589179428,20190000000000000003,900200000000000044,1,149.587,369.267,55234.667,2021-11-18 08:15:00.000,L2FT01-FTJ011,15.67,0.000,0.666012,16605,0.435592,0.055345,0,0,1,0.6600,南山区,21,21,0,0,0,0,1
2021-11-18,589179428,20190000000000000003,900200000000000031,1,13.915,380.450,5293.750,2021-11-18 08:15:00.000,L2FT01-FTJ011,15.67,0.000,0.666012,16605,0.435592,0.055345,0,0,1,0.6600,南山区,21,21,0,0,0,0,1
2021-11-18,589179428,20190000000000000003,900200000000000044,1,149.720,370.429,55459.286,2021-11-18 08:30:00.000,L2FT01-FTJ011,15.67,0.000,0.666012,16605,0.435592,0.055345,0,0,1,0.6600,南山区,21,21,0,0,0,0,1
2021-11-18,589179428,20190000000000000003,900200000000000049,1,65.121,353.238,22990.000,2021-11-18 10:30:00.000,L2FT01-FTJ011,14.57,0.000,0.666012,16605,0.435592,0.055345,0,0,1,0.6600,南山区,21,21,0,0,0,0,1
2021-11-18,589179428,20190000000000000003,900200000000000049,1,25.587,354.187,9063.333,2021-11-18 10:45:00.000,L2FT01-FTJ011,14.57,0.000,0.666012,16605,0.435592,0.055345,0,0,1,0.6600,南山区,21,21,0,0,0,0,1
2021-11-18,589179428,20190000000000000003,900200000000000050,1,105.334,362.380,38294.000,2021-11-18 10:45:00.000,L2FT01-FTJ011,14.57,0.000,0.666012,16605,0.435592,0.055345,0,0,1,0.6600,南山区,21,21,0,0,0,0,1
2021-11-18,589179428,20190000000000000003,900200000000000049,1,11.000,353.450,3880.000,2021-11-18 11:00:00.000,L2FT01-FTJ011,13.85,0.000,0.666012,16605,0.435592,0.055345,0,0,1,0.6600,南山区,21,21,0,0,0,0,1
2021-11-18,589179428,20190000000000000003,900200000000000050,1,98.722,368.860,36393.333,2021-11-18 11:00:00.000,L2FT01-FTJ011,13.85,0.000,0.666012,16605,0.435592,0.055345,0,0,1,0.6600,南山区,21,21,0,0,0,0,1
2021-11-18,589179428,20190000000000000003,900200000000000050,1,69.497,377.060,26192.000,2021-11-18 11:15:00.000,L2FT01-FTJ011,13.85,0.000,0.666012,16605,0.435592,0.055345,0,0,1,0.6600,南山区,21,21,0,0,0,0,1
2021-11-18,589179428,20190000000000000003,900200000000000050,1,61.790,388.227,23986.000,2021-11-18 11:30:00.000,L2FT01-FTJ011,13.85,0.000,0.666012,16605,0.435592,0.055345,0,0,1,0.6600,南山区,21,21,0,0,0,0,1
2021-11-18,589179428,20190000000000000003,900200000000000050,1,61.777,399.967,24706.667,2021-11-18 11:45:00.000,L2FT01-FTJ011,13.85,0.000,0.666012,16605,0.435592,0.055345,0,0,1,0.6600,南山区,21,21,0,0,0,0,1
2021-11-18,589179428,20190000000000000003,900200000000000040,1,47.390,332.725,15980.000,2021-11-18 11:45:00.000,L2FT01-FTJ011,13.85,0.000,0.666012,16605,0.435592,0.055345,0,0,1,0.6600,南山区,21,21,0,0,0,0,1
2021-11-18,589179428,20190000000000000003,900200000000000030,0,0.000,463.400,0.000,2021-11-18 12:00:00.000,L2FT01-FTJ011,13.07,0.000,0.666012,16605,0.435592,0.055345,0,0,1,0.6600,南山区,21,21,0,0,0,0,1
2021-11-18,589179428,20190000000000000003,900200000000000040,1,136.031,346.113,47077.333,2021-11-18 12:00:00.000,L2FT01-FTJ011,13.07,0.000,0.666012,16605,0.435592,0.055345,0,0,1,0.6600,南山区,21,21,0,0,0,0,1
2021-11-18,589179428,20190000000000000003,900200000000000047,1,99.897,351.500,35846.667,2021-11-18 12:00:00.000,L2FT01-FTJ011,13.07,0.000,0.666012,16605,0.435592,0.055345,0,0,1,0.6600,南山区,21,21,0,0,0,0,1
2021-11-18,589179428,20190000000000000003,900200000000000050,1,47.419,407.814,19334.286,2021-11-18 12:00:00.000,L2FT01-FTJ011,13.07,0.000,0.666012,16605,0.435592,0.055345,0,0,1,0.6600,南山区,21,21,0,0,0,0,1
2021-11-18,589179428,20190000000000000003,900200000000000030,1,159.825,473.227,75985.333,2021-11-18 12:15:00.000,L2FT01-FTJ011,13.07,0.000,0.666012,16605,0.435592,0.055345,0,0,1,0.6600,南山区,21,21,0,0,0,0,1
2021-11-18,589179428,20190000000000000003,900200000000000040,1,135.977,357.400,48592.000,2021-11-18 12:15:00.000,L2FT01-FTJ011,13.07,0.000,0.666012,16605,0.435592,0.055345,0,0,1,0.6600,南山区,21,21,0,0,0,0,1
2021-11-18,589179428,20190000000000000003,900200000000000047,1,90.424,360.721,32659.286,2021-11-18 12:15:00.000,L2FT01-FTJ011,13.07,0.000,0.666012,16605,0.435592,0.055345,0,0,1,0.6600,南山区,21,21,0,0,0,0,1
2021-11-18,589179428,20190000000000000003,900200000000000040,1,110.862,374.000,41400.000,2021-11-18 12:30:00.000,L2FT01-FTJ011,13.07,0.000,0.666012,16605,0.435592,0.055345,0,0,1,0.6600,南山区,21,21,0,0,0,0,1
2021-11-18,589179428,20190000000000000003,900200000000000030,1,167.939,476.047,79942.000,2021-11-18 12:30:00.000,L2FT01-FTJ011,13.07,0.000,0.666012,16605,0.435592,0.055345,0,0,1,0.6600,南山区,21,21,0,0,0,0,1
2021-11-18,589179428,20190000000000000003,900200000000000030,1,70.208,475.233,33377.500,2021-11-18 12:45:00.000,L2FT01-FTJ011,13.07,0.000,0.666012,16605,0.435592,0.055345,0,0,1,0.6600,南山区,21,21,0,0,0,0,1
2021-11-18,589179428,20190000000000000003,900200000000000040,1,63.763,384.873,24520.667,2021-11-18 12:45:00.000,L2FT01-FTJ011,13.07,0.000,0.666012,16605,0.435592,0.055345,0,0,1,0.6600,南山区,21,21,0,0,0,0,1
2021-11-18,589179428,20190000000000000003,900200000000000040,1,25.777,387.560,9988.667,2021-11-18 13:00:00.000,L2FT01-FTJ011,12.30,0.000,0.666012,16605,0.435592,0.055345,0,0,1,0.6600,南山区,21,21,0,0,0,0,1
2021-11-18,589179428,20190000000000000003,900200000000000040,1,25.790,389.600,10050.000,2021-11-18 13:15:00.000,L2FT01-FTJ011,12.30,0.000,0.666012,16605,0.435592,0.055345,0,0,1,0.6600,南山区,21,21,0,0,0,0,1
2021-11-18,589179428,20190000000000000003,900200000000000049,1,89.795,323.500,28700.000,2021-11-18 13:15:00.000,L2FT01-FTJ011,12.30,0.000,0.666012,16605,0.435592,0.055345,0,0,1,0.6600,南山区,21,21,0,0,0,0,1
2021-11-18,589179428,20190000000000000003,900200000000000049,1,119.075,315.992,37584.167,2021-11-18 15:00:00.000,L2FT01-FTJ011,10.95,0.000,0.666012,16605,0.435592,0.055345,0,0,1,0.6600,南山区,21,21,0,0,0,0,1
2021-11-18,589179428,20190000000000000003,900200000000000040,1,97.083,372.962,36350.000,2021-11-18 15:00:00.000,L2FT01-FTJ011,10.95,0.000,0.666012,16605,0.435592,0.055345,0,0,1,0.6600,南山区,21,21,0,0,0,0,1
2021-11-18,589179428,20190000000000000003,900200000000000049,1,126.447,318.438,40241.250,2021-11-18 15:15:00.000,L2FT01-FTJ011,10.95,0.000,0.666012,16605,0.435592,0.055345,0,0,1,0.6600,南山区,21,21,0,0,0,0,1
2021-11-18,589179428,20190000000000000003,900200000000000040,1,73.390,384.840,28220.000,2021-11-18 15:15:00.000,L2FT01-FTJ011,10.95,0.000,0.666012,16605,0.435592,0.055345,0,0,1,0.6600,南山区,21,21,0,0,0,0,1
2021-11-18,589179428,20190000000000000003,900200000000000040,1,28.403,387.260,10997.333,2021-11-18 15:30:00.000,L2FT01-FTJ011,10.95,0.000,0.666012,16605,0.435592,0.055345,0,0,1,0.6600,南山区,21,21,0,0,0,0,1
2021-11-18,589179428,20190000000000000003,900200000000000040,1,26.790,389.300,10430.000,2021-11-18 15:45:00.000,L2FT01-FTJ011,10.95,0.000,0.666012,16605,0.435592,0.055345,0,0,1,0.6600,南山区,21,21,0,0,0,0,1
2021-11-18,589179428,20190000000000000003,900200000000000050,1,129.856,313.675,40728.750,2021-11-18 16:00:00.000,L2FT01-FTJ011,10.47,0.000,0.666012,16605,0.435592,0.055345,0,0,1,0.6600,南山区,21,21,0,0,0,0,1
2021-11-18,589179428,20190000000000000003,900200000000000042,1,235.936,362.460,85501.333,2021-11-18 16:15:00.000,L2FT01-FTJ011,10.47,0.000,0.666012,16605,0.435592,0.055345,0,0,1,0.6600,南山区,21,21,0,0,0,0,1
2021-11-18,589179428,20190000000000000003,900200000000000050,1,129.890,314.067,40791.667,2021-11-18 16:15:00.000,L2FT01-FTJ011,10.47,0.000,0.666012,16605,0.435592,0.055345,0,0,1,0.6600,南山区,21,21,0,0,0,0,1
2021-11-18,589179428,20190000000000000003,900200000000000042,1,196.716,376.240,73926.667,2021-11-18 16:30:00.000,L2FT01-FTJ011,10.47,0.000,0.666012,16605,0.435592,0.055345,0,0,1,0.6600,南山区,21,21,0,0,0,0,1
2021-11-18,589179428,20190000000000000003,900200000000000042,1,146.490,396.413,57956.667,2021-11-18 16:45:00.000,L2FT01-FTJ011,10.47,0.000,0.666012,16605,0.435592,0.055345,0,0,1,0.6600,南山区,21,21,0,0,0,0,1
2021-11-18,589179428,20190000000000000003,900200000000000042,1,114.348,339.215,37788.462,2021-11-18 17:00:00.000,L2FT01-FTJ011,10.17,0.000,0.666012,16605,0.435592,0.055345,0,0,1,0.6600,南山区,21,21,0,0,0,0,1
2021-11-18,589179428,20190000000000000003,900200000000000047,1,71.890,309.100,22220.000,2021-11-18 17:00:00.000,L2FT01-FTJ011,10.17,0.000,0.666012,16605,0.435592,0.055345,0,0,1,0.6600,南山区,21,21,0,0,0,0,1
2021-11-18,589179428,20190000000000000003,900200000000000034,1,199.800,312.100,62350.000,2021-11-18 17:15:00.000,L2FT01-FTJ011,10.17,0.000,0.666012,16605,0.435592,0.055345,0,0,1,0.6600,南山区,21,21,0,0,0,0,1
2021-11-18,589179428,20190000000000000003,900200000000000037,1,143.040,313.914,44920.000,2021-11-18 17:15:00.000,L2FT01-FTJ011,10.17,0.000,0.666012,16605,0.435592,0.055345,0,0,1,0.6600,南山区,21,21,0,0,0,0,1
2021-11-18,589179428,20190000000000000003,900200000000000042,1,129.800,313.380,40672.000,2021-11-18 17:15:00.000,L2FT01-FTJ011,10.17,0.000,0.666012,16605,0.435592,0.055345,0,0,1,0.6600,南山区,21,21,0,0,0,0,1
2021-11-18,589179428,20190000000000000003,900200000000000048,1,133.191,314.878,41931.111,2021-11-18 17:15:00.000,L2FT01-FTJ011,10.17,0.000,0.666012,16605,0.435592,0.055345,0,0,1,0.6600,南山区,21,21,0,0,0,0,1
2021-11-18,589179428,20190000000000000003,900200000000000042,1,119.154,316.820,37640.667,2021-11-18 17:30:00.000,L2FT01-FTJ011,10.17,0.000,0.666012,16605,0.435592,0.055345,0,0,1,0.6600,南山区,21,21,0,0,0,0,1
2021-11-18,589179428,20190000000000000003,900200000000000048,1,148.550,318.860,47354.667,2021-11-18 17:30:00.000,L2FT01-FTJ011,10.17,0.000,0.666012,16605,0.435592,0.055345,0,0,1,0.6600,南山区,21,21,0,0,0,0,1
2021-11-18,589179428,20190000000000000003,900200000000000034,1,202.049,316.033,63852.667,2021-11-18 17:30:00.000,L2FT01-FTJ011,10.17,0.000,0.666012,16605,0.435592,0.055345,0,0,1,0.6600,南山区,21,21,0,0,0,0,1
2021-11-18,589179428,20190000000000000003,900200000000000034,1,188.027,316.933,59600.000,2021-11-18 17:45:00.000,L2FT01-FTJ011,10.17,0.000,0.666012,16605,0.435592,0.055345,0,0,1,0.6600,南山区,21,21,0,0,0,0,1
2021-11-18,589179428,20190000000000000003,900200000000000037,1,149.823,313.878,47023.333,2021-11-18 17:45:00.000,L2FT01-FTJ011,10.17,0.000,0.666012,16605,0.435592,0.055345,0,0,1,0.6600,南山区,21,21,0,0,0,0,1
2021-11-18,589179428,20190000000000000003,900200000000000042,1,30.000,334.650,10035.000,2021-11-18 17:45:00.000,L2FT01-FTJ011,10.17,0.000,0.666012,16605,0.435592,0.055345,0,0,1,0.6600,南山区,21,21,0,0,0,0,1
2021-11-18,589179428,20190000000000000003,900200000000000048,1,69.918,320.275,22390.000,2021-11-18 17:45:00.000,L2FT01-FTJ011,10.17,0.000,0.666012,16605,0.435592,0.055345,0,0,1,0.6600,南山区,21,21,0,0,0,0,1
2021-11-18,589179428,20190000000000000003,900200000000000037,1,149.823,314.987,47190.000,2021-11-18 18:00:00.000,L2FT01-FTJ011,10.07,0.000,0.666012,16605,0.435592,0.055345,0,0,1,0.6600,南山区,21,21,0,0,0,0,1
2021-11-18,589179428,20190000000000000003,900200000000000037,1,149.890,316.500,47440.000,2021-11-18 18:15:00.000,L2FT01-FTJ011,10.07,0.000,0.666012,16605,0.435592,0.055345,0,0,1,0.6600,南山区,21,21,0,0,0,0,1
2021-11-18,589179428,20190000000000000003,900200000000000042,0,0.000,315.800,0.000,2021-11-18 18:30:00.000,L2FT01-FTJ011,10.07,0.000,0.666012,16605,0.435592,0.055345,0,0,1,0.6600,南山区,21,21,0,0,0,0,1
2021-11-18,589179428,20190000000000000003,900200000000000042,1,164.945,316.080,52132.667,2021-11-18 18:45:00.000,L2FT01-FTJ011,10.07,0.000,0.666012,16605,0.435592,0.055345,0,0,1,0.6600,南山区,21,21,0,0,0,0,1
2021-11-18,589179428,20190000000000000003,900200000000000042,1,100.539,321.233,32108.889,2021-11-18 19:00:00.000,L2FT01-FTJ011,10.17,0.000,0.666012,16605,0.435592,0.055345,0,0,1,0.6600,南山区,21,21,0,0,0,0,1
2021-11-18,589179428,20190000000000000003,900200000000000057,1,67.557,449.833,31383.333,2021-11-18 20:00:00.000,L2FT01-FTJ011,10.47,0.000,0.666012,16605,0.435592,0.055345,0,0,1,0.6600,南山区,21,21,0,0,0,0,1
2021-11-18,589179428,20190000000000000003,900200000000000043,1,87.033,369.770,32183.000,2021-11-18 20:15:00.000,L2FT01-FTJ011,10.47,0.000,0.666012,16605,0.435592,0.055345,0,0,1,0.6600,南山区,21,21,0,0,0,0,1
2021-11-18,589179428,20190000000000000003,900200000000000043,1,70.650,378.733,26740.000,2021-11-18 20:30:00.000,L2FT01-FTJ011,10.47,0.000,0.666012,16605,0.435592,0.055345,0,0,1,0.6600,南山区,21,21,0,0,0,0,1
2021-11-18,589179428,20190000000000000003,900200000000000043,1,65.291,390.860,25517.333,2021-11-18 20:45:00.000,L2FT01-FTJ011,10.47,0.000,0.666012,16605,0.435592,0.055345,0,0,1,0.6600,南山区,21,21,0,0,0,0,1
2021-11-18,589179428,20190000000000000003,900200000000000034,1,56.965,411.275,23421.250,2021-11-18 21:00:00.000,L2FT01-FTJ011,10.95,0.000,0.666012,16605,0.435592,0.055345,0,0,1,0.6600,南山区,21,21,0,0,0,0,1
2021-11-18,589179428,20190000000000000003,900200000000000043,1,58.365,402.687,23490.000,2021-11-18 21:00:00.000,L2FT01-FTJ011,10.95,0.000,0.666012,16605,0.435592,0.055345,0,0,1,0.6600,南山区,21,21,0,0,0,0,1
2021-11-18,589179428,20190000000000000003,900200000000000043,1,43.690,407.000,17780.000,2021-11-18 21:15:00.000,L2FT01-FTJ011,10.95,0.000,0.666012,16605,0.435592,0.055345,0,0,1,0.6600,南山区,21,21,0,0,0,0,1
2021-11-18,589179428,20190000000000000003,900200000000000034,1,95.321,427.420,40938.000,2021-11-18 21:15:00.000,L2FT01-FTJ011,10.95,0.000,0.666012,16605,0.435592,0.055345,0,0,1,0.6600,南山区,21,21,0,0,0,0,1
2021-11-18,589179428,20190000000000000003,900200000000000047,1,100.927,357.250,36185.000,2021-11-18 22:00:00.000,L2FT01-FTJ011,11.57,0.000,0.666012,16605,0.435592,0.055345,0,0,1,0.6600,南山区,21,21,0,0,0,0,1
2021-11-18,589179428,20190000000000000003,900200000000000047,1,61.668,359.222,22180.000,2021-11-18 22:15:00.000,L2FT01-FTJ011,11.57,0.000,0.666012,16605,0.435592,0.055345,0,0,1,0.6600,南山区,21,21,0,0,0,0,1
2021-11-18,589179428,20190000000000000003,900200000000000038,1,129.890,310.140,40283.000,2021-11-18 23:00:00.000,L2FT01-FTJ011,12.30,0.000,0.666012,16605,0.435592,0.055345,0,0,1,0.6600,南山区,21,21,0,0,0,0,1
2021-11-18,589179428,20190000000000000003,900200000000000038,1,129.897,310.513,40332.667,2021-11-18 23:15:00.000,L2FT01-FTJ011,12.30,0.000,0.666012,16605,0.435592,0.055345,0,0,1,0.6600,南山区,21,21,0,0,0,0,1
2021-11-18,589179428,20190000000000000003,900200000000000038,1,129.842,312.580,40582.667,2021-11-18 23:30:00.000,L2FT01-FTJ011,12.30,0.000,0.666012,16605,0.435592,0.055345,0,0,1,0.6600,南山区,21,21,0,0,0,0,1
2021-11-18,589179428,20190000000000000003,900200000000000038,1,129.800,313.833,40730.000,2021-11-18 23:45:00.000,L2FT01-FTJ011,12.30,0.000,0.666012,16605,0.435592,0.055345,0,0,1,0.6600,南山区,21,21,0,0,0,0,1
2021-11-18,589179428,20190000000000000003,900200000000000040,1,9.945,399.100,4435.000,2021-11-18 23:45:00.000,L2FT01-FTJ011,12.30,0.000,0.666012,16605,0.435592,0.055345,0,0,1,0.6600,南山区,21,21,0,0,0,0,1
2021-11-19,589179428,20190000000000000003,900200000000000038,1,129.878,315.380,40958.000,2021-11-19 00:00:00.000,L2FT01-FTJ011,13.07,0.000,0.666012,16605,0.435592,0.055345,0,0,1,0.6600,南山区,21,21,0,0,0,0,1
2021-11-19,589179428,20190000000000000003,900200000000000040,1,129.860,476.973,61937.333,2021-11-19 00:00:00.000,L2FT01-FTJ011,13.07,0.000,0.666012,16605,0.435592,0.055345,0,0,1,0.6600,南山区,21,21,0,0,0,0,1
2021-11-19,589179428,20190000000000000003,900200000000000038,1,86.534,321.189,27672.222,2021-11-19 00:15:00.000,L2FT01-FTJ011,13.07,0.000,0.666012,16605,0.435592,0.055345,0,0,1,0.6600,南山区,21,21,0,0,0,0,1
2021-11-19,589179428,20190000000000000003,900200000000000040,1,129.941,477.107,61992.667,2021-11-19 00:15:00.000,L2FT01-FTJ011,13.07,0.000,0.666012,16605,0.435592,0.055345,0,0,1,0.6600,南山区,21,21,0,0,0,0,1
2021-11-19,589179428,20190000000000000003,900200000000000040,1,88.971,476.613,42404.000,2021-11-19 00:30:00.000,L2FT01-FTJ011,13.07,0.000,0.666012,16605,0.435592,0.055345,0,0,1,0.6600,南山区,21,21,0,0,0,0,1
2021-11-19,589179428,20190000000000000003,900200000000000040,1,37.801,475.956,17992.222,2021-11-19 00:45:00.000,L2FT01-FTJ011,13.07,0.000,0.666012,16605,0.435592,0.055345,0,0,1,0.6600,南山区,21,21,0,0,0,0,1
2021-11-19,589179428,20190000000000000003,900200000000000056,1,114.224,355.700,40903.000,2021-11-19 05:30:00.000,L2FT01-FTJ011,15.97,0.000,0.666012,16605,0.435592,0.055345,0,0,1,0.6600,南山区,21,21,0,0,0,0,1
2021-11-19,589179428,20190000000000000003,900200000000000040,1,82.310,341.480,28312.000,2021-11-19 05:45:00.000,L2FT01-FTJ011,15.97,0.000,0.666012,16605,0.435592,0.055345,0,0,1,0.6600,南山区,21,21,0,0,0,0,1
2021-11-19,589179428,20190000000000000003,900200000000000056,1,112.542,372.493,41852.667,2021-11-19 05:45:00.000,L2FT01-FTJ011,15.97,0.000,0.666012,16605,0.435592,0.055345,0,0,1,0.6600,南山区,21,21,0,0,0,0,1
2021-11-19,589179428,20190000000000000003,900200000000000056,1,66.851,384.340,25667.333,2021-11-19 06:00:00.000,L2FT01-FTJ011,16.07,0.000,0.666012,16605,0.435592,0.055345,0,0,1,0.6600,南山区,21,21,0,0,0,0,1
2021-11-19,589179428,20190000000000000003,900200000000000040,1,125.309,352.307,44143.333,2021-11-19 06:00:00.000,L2FT01-FTJ011,16.07,0.000,0.666012,16605,0.435592,0.055345,0,0,1,0.6600,南山区,21,21,0,0,0,0,1
2021-11-19,589179428,20190000000000000003,900200000000000040,1,114.768,368.520,42248.667,2021-11-19 06:15:00.000,L2FT01-FTJ011,16.07,0.000,0.666012,16605,0.435592,0.055345,0,0,1,0.6600,南山区,21,21,0,0,0,0,1
2021-11-19,589179428,20190000000000000003,900200000000000056,1,26.000,387.300,10064.667,2021-11-19 06:15:00.000,L2FT01-FTJ011,16.07,0.000,0.666012,16605,0.435592,0.055345,0,0,1,0.6600,南山区,21,21,0,0,0,0,1
2021-11-19,589179428,20190000000000000003,900200000000000040,1,73.263,381.073,27900.000,2021-11-19 06:30:00.000,L2FT01-FTJ011,16.07,0.000,0.666012,16605,0.435592,0.055345,0,0,1,0.6600,南山区,21,21,0,0,0,0,1
2021-11-19,589179428,20190000000000000003,900200000000000056,1,25.936,390.858,10133.333,2021-11-19 06:30:00.000,L2FT01-FTJ011,16.07,0.000,0.666012,16605,0.435592,0.055345,0,0,1,0.6600,南山区,21,21,0,0,0,0,1
2021-11-19,589179428,20190000000000000003,900200000000000040,1,32.990,385.767,12727.778,2021-11-19 06:45:00.000,L2FT01-FTJ011,16.07,0.000,0.666012,16605,0.435592,0.055345,0,0,1,0.6600,南山区,21,21,0,0,0,0,1
2021-11-19,589179428,20190000000000000003,900200000000000035,1,129.890,303.850,39465.000,2021-11-19 07:30:00.000,L2FT01-FTJ011,15.97,0.000,0.666012,16605,0.435592,0.055345,0,0,1,0.6600,南山区,21,21,0,0,0,0,1
2021-11-19,589179428,20190000000000000003,900200000000000035,1,129.866,309.007,40126.000,2021-11-19 07:45:00.000,L2FT01-FTJ011,15.97,0.000,0.666012,16605,0.435592,0.055345,0,0,1,0.6600,南山区,21,21,0,0,0,0,1
2021-11-19,589179428,20190000000000000003,900200000000000035,1,129.834,311.033,40379.333,2021-11-19 08:00:00.000,L2FT01-FTJ011,15.67,0.000,0.666012,16605,0.435592,0.055345,0,0,1,0.6600,南山区,21,21,0,0,0,0,1
2021-11-19,589179428,20190000000000000003,900200000000000035,1,129.836,312.293,40542.667,2021-11-19 08:15:00.000,L2FT01-FTJ011,15.67,0.000,0.666012,16605,0.435592,0.055345,0,0,1,0.6600,南山区,21,21,0,0,0,0,1
2021-11-19,589179428,20190000000000000003,900200000000000035,1,129.800,313.887,40738.000,2021-11-19 08:30:00.000,L2FT01-FTJ011,15.67,0.000,0.666012,16605,0.435592,0.055345,0,0,1,0.6600,南山区,21,21,0,0,0,0,1
2021-11-19,589179428,20190000000000000003,900200000000000035,1,129.800,314.853,40862.000,2021-11-19 08:45:00.000,L2FT01-FTJ011,15.67,0.000,0.666012,16605,0.435592,0.055345,0,0,1,0.6600,南山区,21,21,0,0,0,0,1
2021-11-19,589179428,20190000000000000003,900200000000000035,1,121.727,317.427,38609.333,2021-11-19 09:00:00.000,L2FT01-FTJ011,15.19,0.000,0.666012,16605,0.435592,0.055345,0,0,1,0.6600,南山区,21,21,0,0,0,0,1
2021-11-19,589179428,20190000000000000003,900200000000000035,1,49.890,326.075,16265.000,2021-11-19 09:15:00.000,L2FT01-FTJ011,15.19,0.000,0.666012,16605,0.435592,0.055345,0,0,1,0.6600,南山区,21,21,0,0,0,0,1
2021-11-19,589179428,20190000000000000003,900200000000000032,1,41.363,340.600,15673.333,2021-11-19 11:15:00.000,L2FT01-FTJ011,13.85,0.000,0.666012,16605,0.435592,0.055345,0,0,1,0.6600,南山区,21,21,0,0,0,0,1
2021-11-19,589179428,20190000000000000003,900200000000000032,1,61.934,387.940,24022.667,2021-11-19 11:30:00.000,L2FT01-FTJ011,13.85,0.000,0.666012,16605,0.435592,0.055345,0,0,1,0.6600,南山区,21,21,0,0,0,0,1
2021-11-19,589179428,20190000000000000003,900200000000000032,1,62.000,402.320,24938.667,2021-11-19 11:45:00.000,L2FT01-FTJ011,13.85,0.000,0.666012,16605,0.435592,0.055345,0,0,1,0.6600,南山区,21,21,0,0,0,0,1
2021-11-19,589179428,20190000000000000003,900200000000000047,1,111.785,384.640,42986.000,2021-11-19 12:00:00.000,L2FT01-FTJ011,13.07,0.000,0.666012,16605,0.435592,0.055345,0,0,1,0.6600,南山区,21,21,0,0,0,0,1
2021-11-19,589179428,20190000000000000003,900200000000000032,1,47.015,412.993,19414.000,2021-11-19 12:00:00.000,L2FT01-FTJ011,13.07,0.000,0.666012,16605,0.435592,0.055345,0,0,1,0.6600,南山区,21,21,0,0,0,0,1
2021-11-19,589179428,20190000000000000003,900200000000000032,1,18.857,414.333,7814.667,2021-11-19 12:15:00.000,L2FT01-FTJ011,13.07,0.000,0.666012,16605,0.435592,0.055345,0,0,1,0.6600,南山区,21,21,0,0,0,0,1
2021-11-19,589179428,20190000000000000003,900200000000000047,1,49.484,390.280,19309.333,2021-11-19 12:15:00.000,L2FT01-FTJ011,13.07,0.000,0.666012,16605,0.435592,0.055345,0,0,1,0.6600,南山区,21,21,0,0,0,0,1
2021-11-19,589179428,20190000000000000003,900200000000000032,1,8.889,415.160,3688.667,2021-11-19 12:30:00.000,L2FT01-FTJ011,13.07,0.000,0.666012,16605,0.435592,0.055345,0,0,1,0.6600,南山区,21,21,0,0,0,0,1
2021-11-19,589179428,20190000000000000003,900200000000000047,1,49.390,400.240,19767.333,2021-11-19 12:30:00.000,L2FT01-FTJ011,13.07,0.000,0.666012,16605,0.435592,0.055345,0,0,1,0.6600,南山区,21,21,0,0,0,0,1
2021-11-19,589179428,20190000000000000003,900200000000000032,1,6.000,415.450,2490.000,2021-11-19 12:45:00.000,L2FT01-FTJ011,13.07,0.000,0.666012,16605,0.435592,0.055345,0,0,1,0.6600,南山区,21,21,0,0,0,0,1
2021-11-19,589179428,20190000000000000003,900200000000000047,1,49.390,406.533,20080.000,2021-11-19 12:45:00.000,L2FT01-FTJ011,13.07,0.000,0.666012,16605,0.435592,0.055345,0,0,1,0.6600,南山区,21,21,0,0,0,0,1
2021-11-19,589179428,20190000000000000003,900200000000000049,1,149.962,312.100,46800.000,2021-11-19 13:15:00.000,L2FT01-FTJ011,12.30,0.000,0.666012,16605,0.435592,0.055345,0,0,1,0.6600,南山区,21,21,0,0,0,0,1
2021-11-19,589179428,20190000000000000003,900200000000000049,1,149.890,312.887,46895.333,2021-11-19 13:30:00.000,L2FT01-FTJ011,12.30,0.000,0.666012,16605,0.435592,0.055345,0,0,1,0.6600,南山区,21,21,0,0,0,0,1
2021-11-19,589179428,20190000000000000003,900200000000000049,1,149.890,314.980,47210.000,2021-11-19 13:45:00.000,L2FT01-FTJ011,12.30,0.000,0.666012,16605,0.435592,0.055345,0,0,1,0.6600,南山区,21,21,0,0,0,0,1
2021-11-19,589179428,20190000000000000003,900200000000000031,1,164.822,311.700,51373.750,2021-11-19 14:30:00.000,L2FT01-FTJ011,11.57,0.000,0.666012,16605,0.435592,0.055345,0,0,1,0.6600,南山区,21,21,0,0,0,0,1
2021-11-19,589179428,20190000000000000003,900200000000000031,1,164.800,312.700,51528.000,2021-11-19 14:45:00.000,L2FT01-FTJ011,11.57,0.000,0.666012,16605,0.435592,0.055345,0,0,1,0.6600,南山区,21,21,0,0,0,0,1
2021-11-19,589179428,20190000000000000003,900200000000000031,1,164.830,315.067,51928.667,2021-11-19 15:00:00.000,L2FT01-FTJ011,10.95,0.000,0.666012,16605,0.435592,0.055345,0,0,1,0.6600,南山区,21,21,0,0,0,0,1
2021-11-19,589179428,20190000000000000003,900200000000000031,1,116.639,321.273,37186.000,2021-11-19 15:15:00.000,L2FT01-FTJ011,10.95,0.000,0.666012,16605,0.435592,0.055345,0,0,1,0.6600,南山区,21,21,0,0,0,0,1
2021-11-19,589179428,20190000000000000003,900200000000000049,1,108.333,309.300,33663.333,2021-11-19 15:30:00.000,L2FT01-FTJ011,10.95,0.000,0.666012,16605,0.435592,0.055345,0,0,1,0.6600,南山区,21,21,0,0,0,0,1
2021-11-19,589179428,20190000000000000003,900200000000000031,1,21.890,336.800,7370.000,2021-11-19 15:30:00.000,L2FT01-FTJ011,10.95,0.000,0.666012,16605,0.435592,0.055345,0,0,1,0.6600,南山区,21,21,0,0,0,0,1
2021-11-19,589179428,20190000000000000003,900200000000000049,1,130.036,311.247,40470.667,2021-11-19 15:45:00.000,L2FT01-FTJ011,10.95,0.000,0.666012,16605,0.435592,0.055345,0,0,1,0.6600,南山区,21,21,0,0,0,0,1
2021-11-19,589179428,20190000000000000003,900200000000000049,1,130.060,313.560,40778.667,2021-11-19 16:00:00.000,L2FT01-FTJ011,10.47,0.000,0.666012,16605,0.435592,0.055345,0,0,1,0.6600,南山区,21,21,0,0,0,0,1
2021-11-19,589179428,20190000000000000003,900200000000000049,1,130.042,315.167,40981.333,2021-11-19 16:15:00.000,L2FT01-FTJ011,10.47,0.000,0.666012,16605,0.435592,0.055345,0,0,1,0.6600,南山区,21,21,0,0,0,0,1
2021-11-19,589179428,20190000000000000003,900200000000000031,1,202.177,315.600,63802.222,2021-11-19 16:30:00.000,L2FT01-FTJ011,10.47,0.000,0.666012,16605,0.435592,0.055345,0,0,1,0.6600,南山区,21,21,0,0,0,0,1
2021-11-19,589179428,20190000000000000003,900200000000000048,1,99.848,335.550,35040.000,2021-11-19 16:30:00.000,L2FT01-FTJ011,10.47,0.000,0.666012,16605,0.435592,0.055345,0,0,1,0.6600,南山区,21,21,0,0,0,0,1
2021-11-19,589179428,20190000000000000003,900200000000000049,1,130.000,316.200,41100.000,2021-11-19 16:30:00.000,L2FT01-FTJ011,10.47,0.000,0.666012,16605,0.435592,0.055345,0,0,1,0.6600,南山区,21,21,0,0,0,0,1
2021-11-19,589179428,20190000000000000003,900200000000000031,1,204.800,317.320,64982.000,2021-11-19 16:45:00.000,L2FT01-FTJ011,10.47,0.000,0.666012,16605,0.435592,0.055345,0,0,1,0.6600,南山区,21,21,0,0,0,0,1
2021-11-19,589179428,20190000000000000003,900200000000000034,1,119.433,287.233,37683.333,2021-11-19 16:45:00.000,L2FT01-FTJ011,10.47,0.000,0.666012,16605,0.435592,0.055345,0,0,1,0.6600,南山区,21,21,0,0,0,0,1
2021-11-19,589179428,20190000000000000003,900200000000000048,1,119.854,355.693,42628.000,2021-11-19 16:45:00.000,L2FT01-FTJ011,10.47,0.000,0.666012,16605,0.435592,0.055345,0,0,1,0.6600,南山区,21,21,0,0,0,0,1
2021-11-19,589179428,20190000000000000003,900200000000000049,1,111.528,470.033,53076.667,2021-11-19 16:45:00.000,L2FT01-FTJ011,10.47,0.000,0.666012,16605,0.435592,0.055345,0,0,1,0.6600,南山区,21,21,0,0,0,0,1
2021-11-19,589179428,20190000000000000003,900200000000000056,1,150.083,314.417,47185.000,2021-11-19 16:45:00.000,L2FT01-FTJ011,10.47,0.000,0.666012,16605,0.435592,0.055345,0,0,1,0.6600,南山区,21,21,0,0,0,0,1
2021-11-19,589179428,20190000000000000003,900200000000000034,1,178.817,316.900,56663.000,2021-11-19 17:00:00.000,L2FT01-FTJ011,10.17,0.000,0.666012,16605,0.435592,0.055345,0,0,1,0.6600,南山区,21,21,0,0,0,0,1
2021-11-19,589179428,20190000000000000003,900200000000000039,1,71.500,305.700,21850.000,2021-11-19 17:00:00.000,L2FT01-FTJ011,10.17,0.000,0.666012,16605,0.435592,0.055345,0,0,1,0.6600,南山区,21,21,0,0,0,0,1
2021-11-19,589179428,20190000000000000003,900200000000000048,1,96.544,356.413,34420.667,2021-11-19 17:00:00.000,L2FT01-FTJ011,10.17,0.000,0.666012,16605,0.435592,0.055345,0,0,1,0.6600,南山区,21,21,0,0,0,0,1
2021-11-19,589179428,20190000000000000003,900200000000000049,1,120.496,477.420,57536.000,2021-11-19 17:00:00.000,L2FT01-FTJ011,10.17,0.000,0.666012,16605,0.435592,0.055345,0,0,1,0.6600,南山区,21,21,0,0,0,0,1
2021-11-19,589179428,20190000000000000003,900200000000000056,1,150.045,314.669,47211.538,2021-11-19 17:00:00.000,L2FT01-FTJ011,10.17,0.000,0.666012,16605,0.435592,0.055345,0,0,1,0.6600,南山区,21,21,0,0,0,0,1
2021-11-19,589179428,20190000000000000003,900200000000000048,1,62.114,360.000,22348.571,2021-11-19 17:15:00.000,L2FT01-FTJ011,10.17,0.000,0.666012,16605,0.435592,0.055345,0,0,1,0.6600,南山区,21,21,0,0,0,0,1
2021-11-19,589179428,20190000000000000003,900200000000000035,1,203.306,312.211,63472.222,2021-11-19 17:15:00.000,L2FT01-FTJ011,10.17,0.000,0.666012,16605,0.435592,0.055345,0,0,1,0.6600,南山区,21,21,0,0,0,0,1
2021-11-19,589179428,20190000000000000003,900200000000000035,1,196.866,313.320,61680.667,2021-11-19 17:30:00.000,L2FT01-FTJ011,10.17,0.000,0.666012,16605,0.435592,0.055345,0,0,1,0.6600,南山区,21,21,0,0,0,0,1
2021-11-19,589179428,20190000000000000003,900200000000000048,1,107.547,303.500,33720.000,2021-11-19 17:45:00.000,L2FT01-FTJ011,10.17,0.000,0.666012,16605,0.435592,0.055345,0,0,1,0.6600,南山区,21,21,0,0,0,0,1
2021-11-19,589179428,20190000000000000003,900200000000000035,1,161.737,313.840,50760.000,2021-11-19 17:45:00.000,L2FT01-FTJ011,10.17,0.000,0.666012,16605,0.435592,0.055345,0,0,1,0.6600,南山区,21,21,0,0,0,0,1
2021-11-19,589179428,20190000000000000003,900200000000000035,1,164.851,315.543,52012.857,2021-11-19 18:00:00.000,L2FT01-FTJ011,10.07,0.000,0.666012,16605,0.435592,0.055345,0,0,1,0.6600,南山区,21,21,0,0,0,0,1
2021-11-19,589179428,20190000000000000003,900200000000000048,1,143.212,313.930,44958.000,2021-11-19 18:00:00.000,L2FT01-FTJ011,10.07,0.000,0.666012,16605,0.435592,0.055345,0,0,1,0.6600,南山区,21,21,0,0,0,0,1
2021-11-19,589179428,20190000000000000003,900200000000000044,1,149.890,311.300,46660.000,2021-11-19 18:15:00.000,L2FT01-FTJ011,10.07,0.000,0.666012,16605,0.435592,0.055345,0,0,1,0.6600,南山区,21,21,0,0,0,0,1
2021-11-19,589179428,20190000000000000003,900200000000000044,1,149.843,314.413,47110.667,2021-11-19 18:30:00.000,L2FT01-FTJ011,10.07,0.000,0.666012,16605,0.435592,0.055345,0,0,1,0.6600,南山区,21,21,0,0,0,0,1
2021-11-19,589179428,20190000000000000003,900200000000000044,1,149.890,315.000,47210.000,2021-11-19 18:45:00.000,L2FT01-FTJ011,10.07,0.000,0.666012,16605,0.435592,0.055345,0,0,1,0.6600,南山区,21,21,0,0,0,0,1
2021-11-19,589179428,20190000000000000003,900200000000000044,1,150.132,311.475,46758.333,2021-11-19 19:15:00.000,L2FT01-FTJ011,10.17,0.000,0.666012,16605,0.435592,0.055345,0,0,1,0.6600,南山区,21,21,0,0,0,0,1
2021-11-19,589179428,20190000000000000003,900200000000000044,1,149.945,314.067,47090.000,2021-11-19 19:30:00.000,L2FT01-FTJ011,10.17,0.000,0.666012,16605,0.435592,0.055345,0,0,1,0.6600,南山区,21,21,0,0,0,0,1
2021-11-19,589179428,20190000000000000003,900200000000000044,1,70.015,345.133,24160.000,2021-11-19 20:45:00.000,L2FT01-FTJ011,10.47,0.000,0.666012,16605,0.435592,0.055345,0,0,1,0.6600,南山区,21,21,0,0,0,0,1
2021-11-19,589179428,20190000000000000003,900200000000000044,1,70.084,347.080,24323.333,2021-11-19 21:00:00.000,L2FT01-FTJ011,10.95,0.000,0.666012,16605,0.435592,0.055345,0,0,1,0.6600,南山区,21,21,0,0,0,0,1
2021-11-19,589179428,20190000000000000003,900200000000000044,1,51.223,345.227,17710.667,2021-11-19 21:15:00.000,L2FT01-FTJ011,10.95,0.000,0.666012,16605,0.435592,0.055345,0,0,1,0.6600,南山区,21,21,0,0,0,0,1
2021-11-19,589179428,20190000000000000003,900200000000000056,1,119.545,327.837,39188.750,2021-11-19 21:15:00.000,L2FT01-FTJ011,10.95,0.000,0.666012,16605,0.435592,0.055345,0,0,1,0.6600,南山区,21,21,0,0,0,0,1
2021-11-19,589179428,20190000000000000003,900200000000000056,1,119.708,330.333,39541.333,2021-11-19 21:30:00.000,L2FT01-FTJ011,10.95,0.000,0.666012,16605,0.435592,0.055345,0,0,1,0.6600,南山区,21,21,0,0,0,0,1
2021-11-19,589179428,20190000000000000003,900200000000000056,1,92.146,335.887,30840.000,2021-11-19 21:45:00.000,L2FT01-FTJ011,10.95,0.000,0.666012,16605,0.435592,0.055345,0,0,1,0.6600,南山区,21,21,0,0,0,0,1
2021-11-19,589179428,20190000000000000003,900200000000000057,1,125.476,342.620,43296.000,2021-11-19 22:00:00.000,L2FT01-FTJ011,11.57,0.000,0.666012,16605,0.435592,0.055345,0,0,1,0.6600,南山区,21,21,0,0,0,0,1
2021-11-19,589179428,20190000000000000003,900200000000000057,1,178.062,357.500,63652.308,2021-11-19 22:15:00.000,L2FT01-FTJ011,11.57,0.000,0.666012,16605,0.435592,0.055345,0,0,1,0.6600,南山区,21,21,0,0,0,0,1
2021-11-20,589179428,20190000000000000003,900200000000000038,1,132.481,366.157,48610.000,2021-11-20 00:15:00.000,L2FT01-FTJ011,13.07,0.000,0.666012,16605,0.435592,0.055345,0,0,0,0.6600,南山区,21,21,0,0,0,0,1
2021-11-20,589179428,20190000000000000003,900200000000000038,1,129.202,376.380,48608.667,2021-11-20 00:30:00.000,L2FT01-FTJ011,13.07,0.000,0.666012,16605,0.435592,0.055345,0,0,0,0.6600,南山区,21,21,0,0,0,0,1
2021-11-20,589179428,20190000000000000003,900200000000000038,1,90.727,391.740,35489.333,2021-11-20 00:45:00.000,L2FT01-FTJ011,13.07,0.000,0.666012,16605,0.435592,0.055345,0,0,0,0.6600,南山区,21,21,0,0,0,0,1
2021-11-20,589179428,20190000000000000003,900200000000000038,1,61.525,403.627,24819.333,2021-11-20 01:00:00.000,L2FT01-FTJ011,13.85,0.000,0.666012,16605,0.435592,0.055345,0,0,0,0.6600,南山区,21,21,0,0,0,0,1
2021-11-20,589179428,20190000000000000003,900200000000000038,1,15.084,405.773,6120.000,2021-11-20 01:15:00.000,L2FT01-FTJ011,13.85,0.000,0.666012,16605,0.435592,0.055345,0,0,0,0.6600,南山区,21,21,0,0,0,0,1
2021-11-20,589179428,20190000000000000003,900200000000000038,1,14.638,408.280,5974.667,2021-11-20 01:30:00.000,L2FT01-FTJ011,13.85,0.000,0.666012,16605,0.435592,0.055345,0,0,0,0.6600,南山区,21,21,0,0,0,0,1
2021-11-20,589179428,20190000000000000003,900200000000000056,1,149.945,306.500,45955.000,2021-11-20 01:30:00.000,L2FT01-FTJ011,13.85,0.000,0.666012,16605,0.435592,0.055345,0,0,0,0.6600,南山区,21,21,0,0,0,0,1
2021-11-20,589179428,20190000000000000003,900200000000000038,1,14.790,409.750,6060.000,2021-11-20 01:45:00.000,L2FT01-FTJ011,13.85,0.000,0.666012,16605,0.435592,0.055345,0,0,0,0.6600,南山区,21,21,0,0,0,0,1
2021-11-20,589179428,20190000000000000003,900200000000000056,1,149.969,309.980,46484.667,2021-11-20 01:45:00.000,L2FT01-FTJ011,13.85,0.000,0.666012,16605,0.435592,0.055345,0,0,0,0.6600,南山区,21,21,0,0,0,0,1
2021-11-20,589179428,20190000000000000003,900200000000000056,1,150.027,311.227,46689.333,2021-11-20 02:00:00.000,L2FT01-FTJ011,14.57,0.000,0.666012,16605,0.435592,0.055345,0,0,0,0.6600,南山区,21,21,0,0,0,0,1
2021-11-20,589179428,20190000000000000003,900200000000000056,1,150.100,313.067,46987.333,2021-11-20 02:15:00.000,L2FT01-FTJ011,14.57,0.000,0.666012,16605,0.435592,0.055345,0,0,0,0.6600,南山区,21,21,0,0,0,0,1
2021-11-20,589179428,20190000000000000003,900200000000000056,1,150.093,314.480,47197.333,2021-11-20 02:30:00.000,L2FT01-FTJ011,14.57,0.000,0.666012,16605,0.435592,0.055345,0,0,0,0.6600,南山区,21,21,0,0,0,0,1
2021-11-20,589179428,20190000000000000003,900200000000000056,1,150.087,315.533,47354.000,2021-11-20 02:45:00.000,L2FT01-FTJ011,14.57,0.000,0.666012,16605,0.435592,0.055345,0,0,0,0.6600,南山区,21,21,0,0,0,0,1
2021-11-20,589179428,20190000000000000003,900200000000000056,1,139.399,319.067,44424.000,2021-11-20 03:00:00.000,L2FT01-FTJ011,15.19,0.000,0.666012,16605,0.435592,0.055345,0,0,0,0.6600,南山区,21,21,0,0,0,0,1
2021-11-20,589179428,20190000000000000003,900200000000000056,1,39.840,331.350,13195.000,2021-11-20 03:15:00.000,L2FT01-FTJ011,15.19,0.000,0.666012,16605,0.435592,0.055345,0,0,0,0.6600,南山区,21,21,0,0,0,0,1
2021-11-20,589179428,20190000000000000003,900200000000000049,1,117.920,297.922,36413.333,2021-11-20 03:45:00.000,L2FT01-FTJ011,15.19,0.000,0.666012,16605,0.435592,0.055345,0,0,0,0.6600,南山区,21,21,0,0,0,0,1
2021-11-20,589179428,20190000000000000003,900200000000000049,1,129.800,310.200,40258.667,2021-11-20 04:00:00.000,L2FT01-FTJ011,15.67,0.000,0.666012,16605,0.435592,0.055345,0,0,0,0.6600,南山区,21,21,0,0,0,0,1
2021-11-20,589179428,20190000000000000003,900200000000000049,1,129.836,310.993,40374.000,2021-11-20 04:15:00.000,L2FT01-FTJ011,15.67,0.000,0.666012,16605,0.435592,0.055345,0,0,0,0.6600,南山区,21,21,0,0,0,0,1
2021-11-20,589179428,20190000000000000003,900200000000000049,1,129.890,312.760,40623.333,2021-11-20 04:30:00.000,L2FT01-FTJ011,15.67,0.000,0.666012,16605,0.435592,0.055345,0,0,0,0.6600,南山区,21,21,0,0,0,0,1
2021-11-20,589179428,20190000000000000003,900200000000000049,1,129.884,314.013,40782.667,2021-11-20 04:45:00.000,L2FT01-FTJ011,15.67,0.000,0.666012,16605,0.435592,0.055345,0,0,0,0.6600,南山区,21,21,0,0,0,0,1
2021-11-20,589179428,20190000000000000003,900200000000000049,1,129.871,314.827,40885.333,2021-11-20 05:00:00.000,L2FT01-FTJ011,15.97,0.000,0.666012,16605,0.435592,0.055345,0,0,0,0.6600,南山区,21,21,0,0,0,0,1
2021-11-20,589179428,20190000000000000003,900200000000000049,1,129.890,317.007,41174.667,2021-11-20 05:15:00.000,L2FT01-FTJ011,15.97,0.000,0.666012,16605,0.435592,0.055345,0,0,0,0.6600,南山区,21,21,0,0,0,0,1
2021-11-20,589179428,20190000000000000003,900200000000000049,1,64.840,328.900,21240.000,2021-11-20 05:30:00.000,L2FT01-FTJ011,15.97,0.000,0.666012,16605,0.435592,0.055345,0,0,0,0.6600,南山区,21,21,0,0,0,0,1
2021-11-20,589179428,20190000000000000003,900200000000000037,1,82.691,352.893,29287.333,2021-11-20 07:30:00.000,L2FT01-FTJ011,15.97,0.000,0.666012,16605,0.435592,0.055345,0,0,0,0.6600,南山区,21,21,0,0,0,0,1
2021-11-20,589179428,20190000000000000003,900200000000000037,1,83.343,355.827,29660.667,2021-11-20 07:45:00.000,L2FT01-FTJ011,15.97,0.000,0.666012,16605,0.435592,0.055345,0,0,0,0.6600,南山区,21,21,0,0,0,0,1
2021-11-20,589179428,20190000000000000003,900200000000000057,0,0.000,327.200,0.000,2021-11-20 07:45:00.000,L2FT01-FTJ011,15.97,0.000,0.666012,16605,0.435592,0.055345,0,0,0,0.6600,南山区,21,21,0,0,0,0,1
2021-11-20,589179428,20190000000000000003,900200000000000037,1,57.971,355.227,20591.333,2021-11-20 08:00:00.000,L2FT01-FTJ011,15.67,0.000,0.666012,16605,0.435592,0.055345,0,0,0,0.6600,南山区,21,21,0,0,0,0,1
2021-11-20,589179428,20190000000000000003,900200000000000057,1,66.797,354.900,23706.000,2021-11-20 08:00:00.000,L2FT01-FTJ011,15.67,0.000,0.666012,16605,0.435592,0.055345,0,0,0,0.6600,南山区,21,21,0,0,0,0,1
2021-11-20,589179428,20190000000000000003,900200000000000037,1,27.090,354.077,9590.769,2021-11-20 08:15:00.000,L2FT01-FTJ011,15.67,0.000,0.666012,16605,0.435592,0.055345,0,0,0,0.6600,南山区,21,21,0,0,0,0,1
2021-11-20,589179428,20190000000000000003,900200000000000057,1,66.817,367.353,24543.333,2021-11-20 08:15:00.000,L2FT01-FTJ011,15.67,0.000,0.666012,16605,0.435592,0.055345,0,0,0,0.6600,南山区,21,21,0,0,0,0,1
2021-11-20,589179428,20190000000000000003,900200000000000057,1,54.777,377.573,20668.667,2021-11-20 08:30:00.000,L2FT01-FTJ011,15.67,0.000,0.666012,16605,0.435592,0.055345,0,0,0,0.6600,南山区,21,21,0,0,0,0,1
2021-11-20,589179428,20190000000000000003,900200000000000042,1,206.524,361.938,78360.000,2021-11-20 09:45:00.000,L2FT01-FTJ011,15.19,0.000,0.666012,16605,0.435592,0.055345,0,0,0,0.6600,南山区,21,21,0,0,0,0,1
2021-11-20,589179428,20190000000000000003,900200000000000042,1,173.351,392.393,67938.000,2021-11-20 10:00:00.000,L2FT01-FTJ011,14.57,0.000,0.666012,16605,0.435592,0.055345,0,0,0,0.6600,南山区,21,21,0,0,0,0,1
2021-11-20,589179428,20190000000000000003,900200000000000042,1,140.300,399.700,56070.000,2021-11-20 10:15:00.000,L2FT01-FTJ011,14.57,0.000,0.666012,16605,0.435592,0.055345,0,0,0,0.6600,南山区,21,21,0,0,0,0,1
2021-11-20,589179428,20190000000000000003,900200000000000057,1,135.463,316.500,42606.667,2021-11-20 11:00:00.000,L2FT01-FTJ011,13.85,0.000,0.666012,16605,0.435592,0.055345,0,0,0,0.6600,南山区,21,21,0,0,0,0,1
2021-11-20,589179428,20190000000000000003,900200000000000057,1,202.583,316.867,64188.667,2021-11-20 11:15:00.000,L2FT01-FTJ011,13.85,0.000,0.666012,16605,0.435592,0.055345,0,0,0,0.6600,南山区,21,21,0,0,0,0,1
2021-11-20,589179428,20190000000000000003,900200000000000057,1,188.163,319.000,60024.286,2021-11-20 11:30:00.000,L2FT01-FTJ011,13.85,0.000,0.666012,16605,0.435592,0.055345,0,0,0,0.6600,南山区,21,21,0,0,0,0,1
2021-11-20,589179428,20190000000000000003,900200000000000034,1,213.249,362.973,76647.273,2021-11-20 16:00:00.000,L2FT01-FTJ011,10.47,0.000,0.666012,16605,0.435592,0.055345,0,0,0,0.6600,南山区,21,21,0,0,0,0,1
2021-11-20,589179428,20190000000000000003,900200000000000034,1,239.836,371.527,89102.000,2021-11-20 16:15:00.000,L2FT01-FTJ011,10.47,0.000,0.666012,16605,0.435592,0.055345,0,0,0,0.6600,南山区,21,21,0,0,0,0,1
2021-11-20,589179428,20190000000000000003,900200000000000034,1,239.890,382.400,91730.000,2021-11-20 16:30:00.000,L2FT01-FTJ011,10.47,0.000,0.666012,16605,0.435592,0.055345,0,0,0,0.6600,南山区,21,21,0,0,0,0,1
2021-11-20,589179428,20190000000000000003,900200000000000035,1,67.358,377.008,25715.000,2021-11-20 17:15:00.000,L2FT01-FTJ011,10.17,0.000,0.666012,16605,0.435592,0.055345,0,0,0,0.6600,南山区,21,21,0,0,0,0,1
2021-11-20,589179428,20190000000000000003,900200000000000035,1,58.992,393.980,23214.000,2021-11-20 17:30:00.000,L2FT01-FTJ011,10.17,0.000,0.666012,16605,0.435592,0.055345,0,0,0,0.6600,南山区,21,21,0,0,0,0,1
2021-11-20,589179428,20190000000000000003,900200000000000035,1,42.840,400.525,17155.000,2021-11-20 17:45:00.000,L2FT01-FTJ011,10.17,0.000,0.666012,16605,0.435592,0.055345,0,0,0,0.6600,南山区,21,21,0,0,0,0,1
2021-11-20,589179428,20190000000000000003,900200000000000038,1,148.329,299.630,46714.000,2021-11-20 18:00:00.000,L2FT01-FTJ011,10.07,0.000,0.666012,16605,0.435592,0.055345,0,0,0,0.6600,南山区,21,21,0,0,0,0,1
2021-11-20,589179428,20190000000000000003,900200000000000032,1,139.440,313.980,43845.000,2021-11-20 18:15:00.000,L2FT01-FTJ011,10.07,0.000,0.666012,16605,0.435592,0.055345,0,0,0,0.6600,南山区,21,21,0,0,0,0,1
2021-11-20,589179428,20190000000000000003,900200000000000038,1,138.743,316.509,43925.455,2021-11-20 18:15:00.000,L2FT01-FTJ011,10.07,0.000,0.666012,16605,0.435592,0.055345,0,0,0,0.6600,南山区,21,21,0,0,0,0,1
2021-11-20,589179428,20190000000000000003,900200000000000032,1,149.908,315.867,47348.333,2021-11-20 18:30:00.000,L2FT01-FTJ011,10.07,0.000,0.666012,16605,0.435592,0.055345,0,0,0,0.6600,南山区,21,21,0,0,0,0,1
2021-11-20,589179428,20190000000000000003,900200000000000045,1,67.440,369.667,25046.667,2021-11-20 19:00:00.000,L2FT01-FTJ011,10.17,0.000,0.666012,16605,0.435592,0.055345,0,0,0,0.6600,南山区,21,21,0,0,0,0,1
2021-11-20,589179428,20190000000000000003,900200000000000049,1,135.224,360.908,48936.154,2021-11-20 19:30:00.000,L2FT01-FTJ011,10.17,0.000,0.666012,16605,0.435592,0.055345,0,0,0,0.6600,南山区,21,21,0,0,0,0,1
2021-11-20,589179428,20190000000000000003,900200000000000049,1,147.705,364.627,53854.000,2021-11-20 19:45:00.000,L2FT01-FTJ011,10.17,0.000,0.666012,16605,0.435592,0.055345,0,0,0,0.6600,南山区,21,21,0,0,0,0,1
2021-11-20,589179428,20190000000000000003,900200000000000049,1,91.199,364.040,33210.000,2021-11-20 20:00:00.000,L2FT01-FTJ011,10.47,0.000,0.666012,16605,0.435592,0.055345,0,0,0,0.6600,南山区,21,21,0,0,0,0,1
2021-11-20,589179428,20190000000000000003,900200000000000057,1,135.631,362.778,49462.222,2021-11-20 20:00:00.000,L2FT01-FTJ011,10.47,0.000,0.666012,16605,0.435592,0.055345,0,0,0,0.6600,南山区,21,21,0,0,0,0,1
2021-11-20,589179428,20190000000000000003,900200000000000057,1,194.578,366.887,71385.333,2021-11-20 20:15:00.000,L2FT01-FTJ011,10.47,0.000,0.666012,16605,0.435592,0.055345,0,0,0,0.6600,南山区,21,21,0,0,0,0,1
2021-11-20,589179428,20190000000000000003,900200000000000049,1,26.623,363.000,9661.667,2021-11-20 20:15:00.000,L2FT01-FTJ011,10.47,0.000,0.666012,16605,0.435592,0.055345,0,0,0,0.6600,南山区,21,21,0,0,0,0,1
2021-11-20,589179428,20190000000000000003,900200000000000057,1,123.313,365.453,45087.333,2021-11-20 20:30:00.000,L2FT01-FTJ011,10.47,0.000,0.666012,16605,0.435592,0.055345,0,0,0,0.6600,南山区,21,21,0,0,0,0,1
2021-11-20,589179428,20190000000000000003,900200000000000057,1,34.604,364.357,12605.714,2021-11-20 20:45:00.000,L2FT01-FTJ011,10.47,0.000,0.666012,16605,0.435592,0.055345,0,0,0,0.6600,南山区,21,21,0,0,0,0,1
2021-11-20,589179428,20190000000000000003,900200000000000035,1,77.892,314.033,24455.000,2021-11-20 21:00:00.000,L2FT01-FTJ011,10.95,0.000,0.666012,16605,0.435592,0.055345,0,0,0,0.6600,南山区,21,21,0,0,0,0,1
2021-11-20,589179428,20190000000000000003,900200000000000035,1,74.575,318.169,23724.615,2021-11-20 21:15:00.000,L2FT01-FTJ011,10.95,0.000,0.666012,16605,0.435592,0.055345,0,0,0,0.6600,南山区,21,21,0,0,0,0,1
2021-11-20,589179428,20190000000000000003,900200000000000032,1,130.712,310.677,40604.615,2021-11-20 23:00:00.000,L2FT01-FTJ011,12.30,0.000,0.666012,16605,0.435592,0.055345,0,0,0,0.6600,南山区,21,21,0,0,0,0,1
2021-11-20,589179428,20190000000000000003,900200000000000038,1,207.830,436.200,90650.000,2021-11-20 23:00:00.000,L2FT01-FTJ011,12.30,0.000,0.666012,16605,0.435592,0.055345,0,0,0,0.6600,南山区,21,21,0,0,0,0,1
2021-11-20,589179428,20190000000000000003,900200000000000052,1,68.691,359.573,24891.818,2021-11-20 23:00:00.000,L2FT01-FTJ011,12.30,0.000,0.666012,16605,0.435592,0.055345,0,0,0,0.6600,南山区,21,21,0,0,0,0,1
2021-11-20,589179428,20190000000000000003,900200000000000032,1,131.877,313.053,41280.667,2021-11-20 23:15:00.000,L2FT01-FTJ011,12.30,0.000,0.666012,16605,0.435592,0.055345,0,0,0,0.6600,南山区,21,21,0,0,0,0,1
2021-11-20,589179428,20190000000000000003,900200000000000038,1,140.870,431.707,60962.667,2021-11-20 23:15:00.000,L2FT01-FTJ011,12.30,0.000,0.666012,16605,0.435592,0.055345,0,0,0,0.6600,南山区,21,21,0,0,0,0,1
2021-11-20,589179428,20190000000000000003,900200000000000052,1,84.957,373.560,31715.333,2021-11-20 23:15:00.000,L2FT01-FTJ011,12.30,0.000,0.666012,16605,0.435592,0.055345,0,0,0,0.6600,南山区,21,21,0,0,0,0,1
2021-11-20,589179428,20190000000000000003,900200000000000052,1,54.917,382.873,21023.333,2021-11-20 23:30:00.000,L2FT01-FTJ011,12.30,0.000,0.666012,16605,0.435592,0.055345,0,0,0,0.6600,南山区,21,21,0,0,0,0,1
2021-11-20,589179428,20190000000000000003,900200000000000032,1,132.048,315.000,41592.667,2021-11-20 23:30:00.000,L2FT01-FTJ011,12.30,0.000,0.666012,16605,0.435592,0.055345,0,0,0,0.6600,南山区,21,21,0,0,0,0,1
2021-11-20,589179428,20190000000000000003,900200000000000038,1,83.597,429.133,35907.333,2021-11-20 23:30:00.000,L2FT01-FTJ011,12.30,0.000,0.666012,16605,0.435592,0.055345,0,0,0,0.6600,南山区,21,21,0,0,0,0,1
2021-11-20,589179428,20190000000000000003,900200000000000032,1,90.945,321.613,29058.750,2021-11-20 23:45:00.000,L2FT01-FTJ011,12.30,0.000,0.666012,16605,0.435592,0.055345,0,0,0,0.6600,南山区,21,21,0,0,0,0,1
2021-11-20,589179428,20190000000000000003,900200000000000038,1,71.857,432.567,31081.667,2021-11-20 23:45:00.000,L2FT01-FTJ011,12.30,0.000,0.666012,16605,0.435592,0.055345,0,0,0,0.6600,南山区,21,21,0,0,0,0,1
2021-11-20,589179428,20190000000000000003,900200000000000052,1,54.090,388.500,21013.333,2021-11-20 23:45:00.000,L2FT01-FTJ011,12.30,0.000,0.666012,16605,0.435592,0.055345,0,0,0,0.6600,南山区,21,21,0,0,0,0,1
2021-11-21,589179428,20190000000000000003,900200000000000035,1,129.854,309.760,40218.000,2021-11-21 01:00:00.000,L2FT01-FTJ011,13.85,0.000,0.666012,16605,0.435592,0.055345,0,0,0,0.6600,南山区,21,21,0,0,0,0,1
2021-11-21,589179428,20190000000000000003,900200000000000032,1,129.915,310.209,40295.455,2021-11-21 01:00:00.000,L2FT01-FTJ011,13.85,0.000,0.666012,16605,0.435592,0.055345,0,0,0,0.6600,南山区,21,21,0,0,0,0,1
2021-11-21,589179428,20190000000000000003,900200000000000035,1,129.978,310.760,40388.667,2021-11-21 01:15:00.000,L2FT01-FTJ011,13.85,0.000,0.666012,16605,0.435592,0.055345,0,0,0,0.6600,南山区,21,21,0,0,0,0,1
2021-11-21,589179428,20190000000000000003,900200000000000032,1,130.090,311.073,40466.000,2021-11-21 01:15:00.000,L2FT01-FTJ011,13.85,0.000,0.666012,16605,0.435592,0.055345,0,0,0,0.6600,南山区,21,21,0,0,0,0,1
2021-11-21,589179428,20190000000000000003,900200000000000032,1,129.968,312.940,40668.667,2021-11-21 01:30:00.000,L2FT01-FTJ011,13.85,0.000,0.666012,16605,0.435592,0.055345,0,0,0,0.6600,南山区,21,21,0,0,0,0,1
2021-11-21,589179428,20190000000000000003,900200000000000035,1,129.951,312.813,40645.333,2021-11-21 01:30:00.000,L2FT01-FTJ011,13.85,0.000,0.666012,16605,0.435592,0.055345,0,0,0,0.6600,南山区,21,21,0,0,0,0,1
2021-11-21,589179428,20190000000000000003,900200000000000032,1,129.872,314.233,40808.000,2021-11-21 01:45:00.000,L2FT01-FTJ011,13.85,0.000,0.666012,16605,0.435592,0.055345,0,0,0,0.6600,南山区,21,21,0,0,0,0,1
2021-11-21,589179428,20190000000000000003,900200000000000035,1,129.842,314.400,40820.000,2021-11-21 01:45:00.000,L2FT01-FTJ011,13.85,0.000,0.666012,16605,0.435592,0.055345,0,0,0,0.6600,南山区,21,21,0,0,0,0,1
2021-11-21,589179428,20190000000000000003,900200000000000032,1,130.499,315.733,41200.667,2021-11-21 02:00:00.000,L2FT01-FTJ011,14.57,0.000,0.666012,16605,0.435592,0.055345,0,0,0,0.6600,南山区,21,21,0,0,0,0,1
2021-11-21,589179428,20190000000000000003,900200000000000035,1,106.974,320.157,34048.571,2021-11-21 02:00:00.000,L2FT01-FTJ011,14.57,0.000,0.666012,16605,0.435592,0.055345,0,0,0,0.6600,南山区,21,21,0,0,0,0,1
2021-11-21,589179428,20190000000000000003,900200000000000032,1,92.690,323.771,29762.857,2021-11-21 02:15:00.000,L2FT01-FTJ011,14.57,0.000,0.666012,16605,0.435592,0.055345,0,0,0,0.6600,南山区,21,21,0,0,0,0,1
2021-11-21,589179428,20190000000000000003,900200000000000053,1,63.176,448.900,29228.000,2021-11-21 04:15:00.000,L2FT01-FTJ011,15.67,0.000,0.666012,16605,0.435592,0.055345,0,0,0,0.6600,南山区,21,21,0,0,0,0,1
2021-11-21,589179428,20190000000000000003,900200000000000053,1,92.730,469.067,43498.667,2021-11-21 04:30:00.000,L2FT01-FTJ011,15.67,0.000,0.666012,16605,0.435592,0.055345,0,0,0,0.6600,南山区,21,21,0,0,0,0,1
2021-11-21,589179428,20190000000000000003,900200000000000053,1,89.491,468.990,41971.000,2021-11-21 04:45:00.000,L2FT01-FTJ011,15.67,0.000,0.666012,16605,0.435592,0.055345,0,0,0,0.6600,南山区,21,21,0,0,0,0,1
2021-11-21,589179428,20190000000000000003,900200000000000037,1,117.010,309.443,36277.143,2021-11-21 05:00:00.000,L2FT01-FTJ011,15.97,0.000,0.666012,16605,0.435592,0.055345,0,0,0,0.6600,南山区,21,21,0,0,0,0,1
2021-11-21,589179428,20190000000000000003,900200000000000037,1,129.866,311.733,40481.333,2021-11-21 05:15:00.000,L2FT01-FTJ011,15.97,0.000,0.666012,16605,0.435592,0.055345,0,0,0,0.6600,南山区,21,21,0,0,0,0,1
2021-11-21,589179428,20190000000000000003,900200000000000037,1,129.912,313.860,40771.333,2021-11-21 05:30:00.000,L2FT01-FTJ011,15.97,0.000,0.666012,16605,0.435592,0.055345,0,0,0,0.6600,南山区,21,21,0,0,0,0,1
2021-11-21,589179428,20190000000000000003,900200000000000037,1,130.000,314.880,40930.000,2021-11-21 05:45:00.000,L2FT01-FTJ011,15.97,0.000,0.666012,16605,0.435592,0.055345,0,0,0,0.6600,南山区,21,21,0,0,0,0,1
2021-11-21,589179428,20190000000000000003,900200000000000037,1,130.000,317.633,41288.000,2021-11-21 06:00:00.000,L2FT01-FTJ011,16.07,0.000,0.666012,16605,0.435592,0.055345,0,0,0,0.6600,南山区,21,21,0,0,0,0,1
2021-11-21,589179428,20190000000000000003,900200000000000037,1,64.868,330.650,21290.000,2021-11-21 06:15:00.000,L2FT01-FTJ011,16.07,0.000,0.666012,16605,0.435592,0.055345,0,0,0,0.6600,南山区,21,21,0,0,0,0,1
2021-11-21,589179428,20190000000000000003,900200000000000035,1,129.920,311.150,40420.000,2021-11-21 06:15:00.000,L2FT01-FTJ011,16.07,0.000,0.666012,16605,0.435592,0.055345,0,0,0,0.6600,南山区,21,21,0,0,0,0,1
2021-11-21,589179428,20190000000000000003,900200000000000035,1,129.916,314.113,40805.333,2021-11-21 06:30:00.000,L2FT01-FTJ011,16.07,0.000,0.666012,16605,0.435592,0.055345,0,0,0,0.6600,南山区,21,21,0,0,0,0,1
2021-11-21,589179428,20190000000000000003,900200000000000035,1,99.929,319.447,31786.667,2021-11-21 06:45:00.000,L2FT01-FTJ011,16.07,0.000,0.666012,16605,0.435592,0.055345,0,0,0,0.6600,南山区,21,21,0,0,0,0,1
2021-11-21,589179428,20190000000000000003,900200000000000035,1,29.790,328.400,9780.000,2021-11-21 07:00:00.000,L2FT01-FTJ011,15.97,0.000,0.666012,16605,0.435592,0.055345,0,0,0,0.6600,南山区,21,21,0,0,0,0,1
2021-11-21,589179428,20190000000000000003,900200000000000057,1,59.093,330.167,20613.333,2021-11-21 07:30:00.000,L2FT01-FTJ011,15.97,0.000,0.666012,16605,0.435592,0.055345,0,0,0,0.6600,南山区,21,21,0,0,0,0,1
2021-11-21,589179428,20190000000000000003,900200000000000057,1,88.677,352.547,31261.333,2021-11-21 07:45:00.000,L2FT01-FTJ011,15.97,0.000,0.666012,16605,0.435592,0.055345,0,0,0,0.6600,南山区,21,21,0,0,0,0,1
2021-11-21,589179428,20190000000000000003,900200000000000057,1,88.683,354.313,31419.333,2021-11-21 08:00:00.000,L2FT01-FTJ011,15.67,0.000,0.666012,16605,0.435592,0.055345,0,0,0,0.6600,南山区,21,21,0,0,0,0,1
2021-11-21,589179428,20190000000000000003,900200000000000057,1,86.930,356.353,30979.333,2021-11-21 08:15:00.000,L2FT01-FTJ011,15.67,0.000,0.666012,16605,0.435592,0.055345,0,0,0,0.6600,南山区,21,21,0,0,0,0,1
2021-11-21,589179428,20190000000000000003,900200000000000057,1,62.290,355.386,22137.143,2021-11-21 08:30:00.000,L2FT01-FTJ011,15.67,0.000,0.666012,16605,0.435592,0.055345,0,0,0,0.6600,南山区,21,21,0,0,0,0,1
2021-11-21,589179428,20190000000000000003,900200000000000052,1,12.990,404.840,5260.000,2021-11-21 10:00:00.000,L2FT01-FTJ011,14.57,0.000,0.666012,16605,0.435592,0.055345,0,0,0,0.6600,南山区,21,21,0,0,0,0,1
2021-11-21,589179428,20190000000000000003,900200000000000052,1,9.790,405.057,3962.857,2021-11-21 10:15:00.000,L2FT01-FTJ011,14.57,0.000,0.666012,16605,0.435592,0.055345,0,0,0,0.6600,南山区,21,21,0,0,0,0,1
2021-11-21,589179428,20190000000000000003,900200000000000042,1,73.591,425.371,31312.857,2021-11-21 12:45:00.000,L2FT01-FTJ011,13.07,0.000,0.666012,16605,0.435592,0.055345,0,0,0,0.6600,南山区,21,21,0,0,0,0,1
2021-11-21,589179428,20190000000000000003,900200000000000042,1,70.909,407.571,28524.286,2021-11-21 13:00:00.000,L2FT01-FTJ011,12.30,0.000,0.666012,16605,0.435592,0.055345,0,0,0,0.6600,南山区,21,21,0,0,0,0,1
2021-11-21,589179428,20190000000000000003,900200000000000042,1,167.524,359.460,60209.333,2021-11-21 13:15:00.000,L2FT01-FTJ011,12.30,0.000,0.666012,16605,0.435592,0.055345,0,0,0,0.6600,南山区,21,21,0,0,0,0,1
2021-11-21,589179428,20190000000000000003,900200000000000042,1,134.048,369.823,49547.692,2021-11-21 13:30:00.000,L2FT01-FTJ011,12.30,0.000,0.666012,16605,0.435592,0.055345,0,0,0,0.6600,南山区,21,21,0,0,0,0,1
2021-11-21,589179428,20190000000000000003,900200000000000049,1,120.376,321.383,38262.500,2021-11-21 13:30:00.000,L2FT01-FTJ011,12.30,0.000,0.666012,16605,0.435592,0.055345,0,0,0,0.6600,南山区,21,21,0,0,0,0,1
2021-11-21,589179428,20190000000000000003,900200000000000049,1,48.927,324.007,15842.000,2021-11-21 13:45:00.000,L2FT01-FTJ011,12.30,0.000,0.666012,16605,0.435592,0.055345,0,0,0,0.6600,南山区,21,21,0,0,0,0,1
2021-11-21,589179428,20190000000000000003,900200000000000042,1,95.820,385.607,36890.667,2021-11-21 13:45:00.000,L2FT01-FTJ011,12.30,0.000,0.666012,16605,0.435592,0.055345,0,0,0,0.6600,南山区,21,21,0,0,0,0,1
2021-11-21,589179428,20190000000000000003,900200000000000042,1,44.068,393.069,17314.615,2021-11-21 14:00:00.000,L2FT01-FTJ011,11.57,0.000,0.666012,16605,0.435592,0.055345,0,0,0,0.6600,南山区,21,21,0,0,0,0,1
2021-11-21,589179428,20190000000000000003,900200000000000049,1,24.936,324.960,8110.000,2021-11-21 14:00:00.000,L2FT01-FTJ011,11.57,0.000,0.666012,16605,0.435592,0.055345,0,0,0,0.6600,南山区,21,21,0,0,0,0,1
2021-11-21,589179428,20190000000000000003,900200000000000040,1,137.993,381.322,52694.444,2021-11-21 14:15:00.000,L2FT01-FTJ011,11.57,0.000,0.666012,16605,0.435592,0.055345,0,0,0,0.6600,南山区,21,21,0,0,0,0,1
2021-11-21,589179428,20190000000000000003,900200000000000040,1,120.547,395.540,47624.000,2021-11-21 14:30:00.000,L2FT01-FTJ011,11.57,0.000,0.666012,16605,0.435592,0.055345,0,0,0,0.6600,南山区,21,21,0,0,0,0,1
2021-11-21,589179428,20190000000000000003,900200000000000040,1,88.415,403.225,35647.500,2021-11-21 14:45:00.000,L2FT01-FTJ011,11.57,0.000,0.666012,16605,0.435592,0.055345,0,0,0,0.6600,南山区,21,21,0,0,0,0,1
2021-11-21,589179428,20190000000000000003,900200000000000043,1,74.229,345.387,25948.750,2021-11-21 15:15:00.000,L2FT01-FTJ011,10.95,0.000,0.666012,16605,0.435592,0.055345,0,0,0,0.6600,南山区,21,21,0,0,0,0,1
2021-11-21,589179428,20190000000000000003,900200000000000040,1,57.090,344.800,19680.000,2021-11-21 15:30:00.000,L2FT01-FTJ011,10.95,0.000,0.666012,16605,0.435592,0.055345,0,0,0,0.6600,南山区,21,21,0,0,0,0,1
2021-11-21,589179428,20190000000000000003,900200000000000043,1,108.136,354.013,38305.333,2021-11-21 15:30:00.000,L2FT01-FTJ011,10.95,0.000,0.666012,16605,0.435592,0.055345,0,0,0,0.6600,南山区,21,21,0,0,0,0,1
2021-11-21,589179428,20190000000000000003,900200000000000040,1,56.803,354.347,20125.333,2021-11-21 15:45:00.000,L2FT01-FTJ011,10.95,0.000,0.666012,16605,0.435592,0.055345,0,0,0,0.6600,南山区,21,21,0,0,0,0,1
2021-11-21,589179428,20190000000000000003,900200000000000043,1,119.800,356.860,42747.333,2021-11-21 15:45:00.000,L2FT01-FTJ011,10.95,0.000,0.666012,16605,0.435592,0.055345,0,0,0,0.6600,南山区,21,21,0,0,0,0,1
2021-11-21,589179428,20190000000000000003,900200000000000040,1,54.883,367.167,20144.000,2021-11-21 16:00:00.000,L2FT01-FTJ011,10.47,0.000,0.666012,16605,0.435592,0.055345,0,0,0,0.6600,南山区,21,21,0,0,0,0,1
2021-11-21,589179428,20190000000000000003,900200000000000043,1,85.007,357.060,30350.000,2021-11-21 16:00:00.000,L2FT01-FTJ011,10.47,0.000,0.666012,16605,0.435592,0.055345,0,0,0,0.6600,南山区,21,21,0,0,0,0,1
2021-11-21,589179428,20190000000000000003,900200000000000040,1,23.737,372.527,8838.667,2021-11-21 16:15:00.000,L2FT01-FTJ011,10.47,0.000,0.666012,16605,0.435592,0.055345,0,0,0,0.6600,南山区,21,21,0,0,0,0,1
2021-11-21,589179428,20190000000000000003,900200000000000043,1,46.292,361.600,16751.667,2021-11-21 16:15:00.000,L2FT01-FTJ011,10.47,0.000,0.666012,16605,0.435592,0.055345,0,0,0,0.6600,南山区,21,21,0,0,0,0,1
2021-11-21,589179428,20190000000000000003,900200000000000056,1,117.560,464.975,55895.000,2021-11-21 16:15:00.000,L2FT01-FTJ011,10.47,0.000,0.666012,16605,0.435592,0.055345,0,0,0,0.6600,南山区,21,21,0,0,0,0,1
2021-11-21,589179428,20190000000000000003,900200000000000040,1,11.431,373.613,4268.750,2021-11-21 16:30:00.000,L2FT01-FTJ011,10.47,0.000,0.666012,16605,0.435592,0.055345,0,0,0,0.6600,南山区,21,21,0,0,0,0,1
2021-11-21,589179428,20190000000000000003,900200000000000056,1,150.080,477.687,71686.667,2021-11-21 16:30:00.000,L2FT01-FTJ011,10.47,0.000,0.666012,16605,0.435592,0.055345,0,0,0,0.6600,南山区,21,21,0,0,0,0,1
2021-11-21,589179428,20190000000000000003,900200000000000056,1,150.039,477.647,71662.667,2021-11-21 16:45:00.000,L2FT01-FTJ011,10.47,0.000,0.666012,16605,0.435592,0.055345,0,0,0,0.6600,南山区,21,21,0,0,0,0,1
2021-11-21,589179428,20190000000000000003,900200000000000039,1,163.891,346.950,56859.000,2021-11-21 16:45:00.000,L2FT01-FTJ011,10.47,0.000,0.666012,16605,0.435592,0.055345,0,0,0,0.6600,南山区,21,21,0,0,0,0,1
2021-11-21,589179428,20190000000000000003,900200000000000034,1,73.968,446.050,34757.500,2021-11-21 17:00:00.000,L2FT01-FTJ011,10.17,0.000,0.666012,16605,0.435592,0.055345,0,0,0,0.6600,南山区,21,21,0,0,0,0,1
2021-11-21,589179428,20190000000000000003,900200000000000039,1,109.845,348.787,38373.333,2021-11-21 17:00:00.000,L2FT01-FTJ011,10.17,0.000,0.666012,16605,0.435592,0.055345,0,0,0,0.6600,南山区,21,21,0,0,0,0,1
2021-11-21,589179428,20190000000000000003,900200000000000056,1,150.047,477.473,71640.000,2021-11-21 17:00:00.000,L2FT01-FTJ011,10.17,0.000,0.666012,16605,0.435592,0.055345,0,0,0,0.6600,南山区,21,21,0,0,0,0,1
2021-11-21,589179428,20190000000000000003,900200000000000034,1,129.812,477.040,61921.333,2021-11-21 17:15:00.000,L2FT01-FTJ011,10.17,0.000,0.666012,16605,0.435592,0.055345,0,0,0,0.6600,南山区,21,21,0,0,0,0,1
2021-11-21,589179428,20190000000000000003,900200000000000039,1,17.240,346.550,5972.500,2021-11-21 17:15:00.000,L2FT01-FTJ011,10.17,0.000,0.666012,16605,0.435592,0.055345,0,0,0,0.6600,南山区,21,21,0,0,0,0,1
2021-11-21,589179428,20190000000000000003,900200000000000056,1,108.598,476.773,51781.333,2021-11-21 17:15:00.000,L2FT01-FTJ011,10.17,0.000,0.666012,16605,0.435592,0.055345,0,0,0,0.6600,南山区,21,21,0,0,0,0,1
2021-11-21,589179428,20190000000000000003,900200000000000056,1,55.328,476.038,26348.750,2021-11-21 17:30:00.000,L2FT01-FTJ011,10.17,0.000,0.666012,16605,0.435592,0.055345,0,0,0,0.6600,南山区,21,21,0,0,0,0,1
2021-11-21,589179428,20190000000000000003,900200000000000034,1,120.831,477.093,57650.000,2021-11-21 17:30:00.000,L2FT01-FTJ011,10.17,0.000,0.666012,16605,0.435592,0.055345,0,0,0,0.6600,南山区,21,21,0,0,0,0,1
2021-11-21,589179428,20190000000000000003,900200000000000034,1,87.294,477.091,41643.636,2021-11-21 17:45:00.000,L2FT01-FTJ011,10.17,0.000,0.666012,16605,0.435592,0.055345,0,0,0,0.6600,南山区,21,21,0,0,0,0,1
2021-11-21,589179428,20190000000000000003,900200000000000042,1,149.825,326.575,47080.000,2021-11-21 18:30:00.000,L2FT01-FTJ011,10.07,0.000,0.666012,16605,0.435592,0.055345,0,0,0,0.6600,南山区,21,21,0,0,0,0,1
2021-11-21,589179428,20190000000000000003,900200000000000042,1,207.710,316.043,65641.429,2021-11-21 18:45:00.000,L2FT01-FTJ011,10.07,0.000,0.666012,16605,0.435592,0.055345,0,0,0,0.6600,南山区,21,21,0,0,0,0,1
2021-11-21,589179428,20190000000000000003,900200000000000057,1,105.528,355.100,37466.923,2021-11-21 21:00:00.000,L2FT01-FTJ011,10.95,0.000,0.666012,16605,0.435592,0.055345,0,0,0,0.6600,南山区,21,21,0,0,0,0,1
2021-11-21,589179428,20190000000000000003,900200000000000057,1,80.385,355.600,28601.333,2021-11-21 21:15:00.000,L2FT01-FTJ011,10.95,0.000,0.666012,16605,0.435592,0.055345,0,0,0,0.6600,南山区,21,21,0,0,0,0,1
2021-11-21,589179428,20190000000000000003,900200000000000057,1,41.669,353.871,14752.857,2021-11-21 21:30:00.000,L2FT01-FTJ011,10.95,0.000,0.666012,16605,0.435592,0.055345,0,0,0,0.6600,南山区,21,21,0,0,0,0,1
2021-11-21,589179428,20190000000000000003,900200000000000057,1,129.816,313.118,40643.636,2021-11-21 22:00:00.000,L2FT01-FTJ011,11.57,0.000,0.666012,16605,0.435592,0.055345,0,0,0,0.6600,南山区,21,21,0,0,0,0,1
2021-11-21,589179428,20190000000000000003,900200000000000057,1,129.800,315.260,40914.667,2021-11-21 22:15:00.000,L2FT01-FTJ011,11.57,0.000,0.666012,16605,0.435592,0.055345,0,0,0,0.6600,南山区,21,21,0,0,0,0,1
2021-11-21,589179428,20190000000000000003,900200000000000057,1,95.156,322.247,30456.000,2021-11-21 22:30:00.000,L2FT01-FTJ011,11.57,0.000,0.666012,16605,0.435592,0.055345,0,0,0,0.6600,南山区,21,21,0,0,0,0,1
2021-11-21,589179428,20190000000000000003,900200000000000057,1,29.890,338.300,10110.000,2021-11-21 22:45:00.000,L2FT01-FTJ011,11.57,0.000,0.666012,16605,0.435592,0.055345,0,0,0,0.6600,南山区,21,21,0,0,0,0,1
2021-11-22,589179428,20190000000000000003,900200000000000043,1,129.890,310.100,40280.000,2021-11-22 00:30:00.000,L2FT01-FTJ011,13.07,0.000,0.666012,16605,0.435592,0.055345,0,0,1,0.6600,南山区,21,21,0,0,0,0,1
2021-11-22,589179428,20190000000000000003,900200000000000043,1,129.861,310.580,40330.000,2021-11-22 00:45:00.000,L2FT01-FTJ011,13.07,0.000,0.666012,16605,0.435592,0.055345,0,0,1,0.6600,南山区,21,21,0,0,0,0,1
2021-11-22,589179428,20190000000000000003,900200000000000045,1,133.445,309.250,41265.000,2021-11-22 00:45:00.000,L2FT01-FTJ011,13.07,0.000,0.666012,16605,0.435592,0.055345,0,0,1,0.6600,南山区,21,21,0,0,0,0,1
2021-11-22,589179428,20190000000000000003,900200000000000043,1,129.993,311.967,40549.333,2021-11-22 01:00:00.000,L2FT01-FTJ011,13.85,0.000,0.666012,16605,0.435592,0.055345,0,0,1,0.6600,南山区,21,21,0,0,0,0,1
2021-11-22,589179428,20190000000000000003,900200000000000045,1,129.905,310.467,40328.667,2021-11-22 01:00:00.000,L2FT01-FTJ011,13.85,0.000,0.666012,16605,0.435592,0.055345,0,0,1,0.6600,南山区,21,21,0,0,0,0,1
2021-11-22,589179428,20190000000000000003,900200000000000043,1,129.805,314.047,40760.000,2021-11-22 01:15:00.000,L2FT01-FTJ011,13.85,0.000,0.666012,16605,0.435592,0.055345,0,0,1,0.6600,南山区,21,21,0,0,0,0,1
2021-11-22,589179428,20190000000000000003,900200000000000045,1,129.934,312.707,40628.667,2021-11-22 01:15:00.000,L2FT01-FTJ011,13.85,0.000,0.666012,16605,0.435592,0.055345,0,0,1,0.6600,南山区,21,21,0,0,0,0,1
2021-11-22,589179428,20190000000000000003,900200000000000043,1,127.884,316.193,40431.333,2021-11-22 01:30:00.000,L2FT01-FTJ011,13.85,0.000,0.666012,16605,0.435592,0.055345,0,0,1,0.6600,南山区,21,21,0,0,0,0,1
2021-11-22,589179428,20190000000000000003,900200000000000045,1,129.890,313.960,40778.667,2021-11-22 01:30:00.000,L2FT01-FTJ011,13.85,0.000,0.666012,16605,0.435592,0.055345,0,0,1,0.6600,南山区,21,21,0,0,0,0,1
2021-11-22,589179428,20190000000000000003,900200000000000043,1,62.047,321.911,19950.000,2021-11-22 01:45:00.000,L2FT01-FTJ011,13.85,0.000,0.666012,16605,0.435592,0.055345,0,0,1,0.6600,南山区,21,21,0,0,0,0,1
2021-11-22,589179428,20190000000000000003,900200000000000045,1,129.941,316.093,41070.667,2021-11-22 01:45:00.000,L2FT01-FTJ011,13.85,0.000,0.666012,16605,0.435592,0.055345,0,0,1,0.6600,南山区,21,21,0,0,0,0,1
2021-11-22,589179428,20190000000000000003,900200000000000045,1,52.292,330.150,17167.500,2021-11-22 02:00:00.000,L2FT01-FTJ011,14.57,0.000,0.666012,16605,0.435592,0.055345,0,0,1,0.6600,南山区,21,21,0,0,0,0,1
2021-11-22,589179428,20190000000000000003,900200000000000053,1,148.725,368.627,54818.667,2021-11-22 03:30:00.000,L2FT01-FTJ011,15.19,0.000,0.666012,16605,0.435592,0.055345,0,0,1,0.6600,南山区,21,21,0,0,0,0,1
2021-11-22,589179428,20190000000000000003,900200000000000053,1,120.549,381.047,45902.000,2021-11-22 03:45:00.000,L2FT01-FTJ011,15.19,0.000,0.666012,16605,0.435592,0.055345,0,0,1,0.6600,南山区,21,21,0,0,0,0,1
2021-11-22,589179428,20190000000000000003,900200000000000053,1,85.634,396.127,33876.000,2021-11-22 04:00:00.000,L2FT01-FTJ011,15.67,0.000,0.666012,16605,0.435592,0.055345,0,0,1,0.6600,南山区,21,21,0,0,0,0,1
2021-11-22,589179428,20190000000000000003,900200000000000053,1,63.337,407.440,25796.667,2021-11-22 04:15:00.000,L2FT01-FTJ011,15.67,0.000,0.666012,16605,0.435592,0.055345,0,0,1,0.6600,南山区,21,21,0,0,0,0,1
2021-11-22,589179428,20190000000000000003,900200000000000053,1,13.397,409.560,5486.000,2021-11-22 04:30:00.000,L2FT01-FTJ011,15.67,0.000,0.666012,16605,0.435592,0.055345,0,0,1,0.6600,南山区,21,21,0,0,0,0,1
2021-11-22,589179428,20190000000000000003,900200000000000038,1,78.339,460.527,37005.455,2021-11-22 04:45:00.000,L2FT01-FTJ011,15.67,0.000,0.666012,16605,0.435592,0.055345,0,0,1,0.6600,南山区,21,21,0,0,0,0,1
2021-11-22,589179428,20190000000000000003,900200000000000053,1,13.390,410.500,5500.000,2021-11-22 04:45:00.000,L2FT01-FTJ011,15.67,0.000,0.666012,16605,0.435592,0.055345,0,0,1,0.6600,南山区,21,21,0,0,0,0,1
2021-11-22,589179428,20190000000000000003,900200000000000038,1,87.304,476.186,41572.857,2021-11-22 05:00:00.000,L2FT01-FTJ011,15.97,0.000,0.666012,16605,0.435592,0.055345,0,0,1,0.6600,南山区,21,21,0,0,0,0,1
2021-11-22,589179428,20190000000000000003,900200000000000047,1,73.720,308.025,24147.500,2021-11-22 09:00:00.000,L2FT01-FTJ011,15.19,0.000,0.666012,16605,0.435592,0.055345,0,0,1,0.6600,南山区,21,21,0,0,0,0,1
2021-11-22,589179428,20190000000000000003,900200000000000047,1,98.306,328.347,32276.667,2021-11-22 09:15:00.000,L2FT01-FTJ011,15.19,0.000,0.666012,16605,0.435592,0.055345,0,0,1,0.6600,南山区,21,21,0,0,0,0,1
2021-11-22,589179428,20190000000000000003,900200000000000047,1,98.372,329.453,32408.667,2021-11-22 09:30:00.000,L2FT01-FTJ011,15.19,0.000,0.666012,16605,0.435592,0.055345,0,0,1,0.6600,南山区,21,21,0,0,0,0,1
2021-11-22,589179428,20190000000000000003,900200000000000047,1,90.324,330.467,29849.333,2021-11-22 09:45:00.000,L2FT01-FTJ011,15.19,0.000,0.666012,16605,0.435592,0.055345,0,0,1,0.6600,南山区,21,21,0,0,0,0,1
2021-11-22,589179428,20190000000000000003,900200000000000047,1,52.792,329.480,17392.000,2021-11-22 10:00:00.000,L2FT01-FTJ011,14.57,0.000,0.666012,16605,0.435592,0.055345,0,0,1,0.6600,南山区,21,21,0,0,0,0,1
2021-11-22,589179428,20190000000000000003,900200000000000047,1,153.797,362.533,55750.000,2021-11-22 10:30:00.000,L2FT01-FTJ011,14.57,0.000,0.666012,16605,0.435592,0.055345,0,0,1,0.6600,南山区,21,21,0,0,0,0,1
2021-11-22,589179428,20190000000000000003,900200000000000057,1,16.890,354.000,5980.000,2021-11-22 10:30:00.000,L2FT01-FTJ011,14.57,0.000,0.666012,16605,0.435592,0.055345,0,0,1,0.6600,南山区,21,21,0,0,0,0,1
2021-11-22,589179428,20190000000000000003,900200000000000047,1,115.382,368.033,42440.667,2021-11-22 10:45:00.000,L2FT01-FTJ011,14.57,0.000,0.666012,16605,0.435592,0.055345,0,0,1,0.6600,南山区,21,21,0,0,0,0,1
2021-11-22,589179428,20190000000000000003,900200000000000057,1,59.811,362.573,21806.667,2021-11-22 10:45:00.000,L2FT01-FTJ011,14.57,0.000,0.666012,16605,0.435592,0.055345,0,0,1,0.6600,南山区,21,21,0,0,0,0,1
2021-11-22,589179428,20190000000000000003,900200000000000047,1,92.201,385.847,35522.000,2021-11-22 11:00:00.000,L2FT01-FTJ011,13.85,0.000,0.666012,16605,0.435592,0.055345,0,0,1,0.6600,南山区,21,21,0,0,0,0,1
2021-11-22,589179428,20190000000000000003,900200000000000057,1,55.797,373.073,20811.333,2021-11-22 11:00:00.000,L2FT01-FTJ011,13.85,0.000,0.666012,16605,0.435592,0.055345,0,0,1,0.6600,南山区,21,21,0,0,0,0,1
2021-11-22,589179428,20190000000000000003,900200000000000057,1,54.303,382.127,20749.333,2021-11-22 11:15:00.000,L2FT01-FTJ011,13.85,0.000,0.666012,16605,0.435592,0.055345,0,0,1,0.6600,南山区,21,21,0,0,0,0,1
2021-11-22,589179428,20190000000000000003,900200000000000047,1,52.251,399.793,20864.667,2021-11-22 11:15:00.000,L2FT01-FTJ011,13.85,0.000,0.666012,16605,0.435592,0.055345,0,0,1,0.6600,南山区,21,21,0,0,0,0,1
2021-11-22,589179428,20190000000000000003,900200000000000047,1,21.799,404.009,8807.273,2021-11-22 11:30:00.000,L2FT01-FTJ011,13.85,0.000,0.666012,16605,0.435592,0.055345,0,0,1,0.6600,南山区,21,21,0,0,0,0,1
2021-11-22,589179428,20190000000000000003,900200000000000053,1,46.469,334.850,15595.714,2021-11-22 11:30:00.000,L2FT01-FTJ011,13.85,0.000,0.666012,16605,0.435592,0.055345,0,0,1,0.6600,南山区,21,21,0,0,0,0,1
2021-11-22,589179428,20190000000000000003,900200000000000057,1,44.535,388.973,17318.182,2021-11-22 11:30:00.000,L2FT01-FTJ011,13.85,0.000,0.666012,16605,0.435592,0.055345,0,0,1,0.6600,南山区,21,21,0,0,0,0,1
2021-11-22,589179428,20190000000000000003,900200000000000031,1,87.927,331.933,31126.667,2021-11-22 11:45:00.000,L2FT01-FTJ011,13.85,0.000,0.666012,16605,0.435592,0.055345,0,0,1,0.6600,南山区,21,21,0,0,0,0,1
2021-11-22,589179428,20190000000000000003,900200000000000053,1,49.790,340.387,16946.000,2021-11-22 11:45:00.000,L2FT01-FTJ011,13.85,0.000,0.666012,16605,0.435592,0.055345,0,0,1,0.6600,南山区,21,21,0,0,0,0,1
2021-11-22,589179428,20190000000000000003,900200000000000053,1,49.790,346.893,17272.000,2021-11-22 12:00:00.000,L2FT01-FTJ011,13.07,0.000,0.666012,16605,0.435592,0.055345,0,0,1,0.6600,南山区,21,21,0,0,0,0,1
2021-11-22,589179428,20190000000000000003,900200000000000031,1,124.511,361.767,45006.000,2021-11-22 12:00:00.000,L2FT01-FTJ011,13.07,0.000,0.666012,16605,0.435592,0.055345,0,0,1,0.6600,南山区,21,21,0,0,0,0,1
2021-11-22,589179428,20190000000000000003,900200000000000040,1,129.867,312.767,40614.667,2021-11-22 12:00:00.000,L2FT01-FTJ011,13.07,0.000,0.666012,16605,0.435592,0.055345,0,0,1,0.6600,南山区,21,21,0,0,0,0,1
2021-11-22,589179428,20190000000000000003,900200000000000031,1,93.419,379.867,35414.667,2021-11-22 12:15:00.000,L2FT01-FTJ011,13.07,0.000,0.666012,16605,0.435592,0.055345,0,0,1,0.6600,南山区,21,21,0,0,0,0,1
2021-11-22,589179428,20190000000000000003,900200000000000040,1,129.860,316.133,41050.000,2021-11-22 12:15:00.000,L2FT01-FTJ011,13.07,0.000,0.666012,16605,0.435592,0.055345,0,0,1,0.6600,南山区,21,21,0,0,0,0,1
2021-11-22,589179428,20190000000000000003,900200000000000053,1,49.790,355.947,17720.000,2021-11-22 12:15:00.000,L2FT01-FTJ011,13.07,0.000,0.666012,16605,0.435592,0.055345,0,0,1,0.6600,南山区,21,21,0,0,0,0,1
2021-11-22,589179428,20190000000000000003,900200000000000031,1,45.330,391.040,17710.000,2021-11-22 12:30:00.000,L2FT01-FTJ011,13.07,0.000,0.666012,16605,0.435592,0.055345,0,0,1,0.6600,南山区,21,21,0,0,0,0,1
2021-11-22,589179428,20190000000000000003,900200000000000053,1,41.206,364.420,15008.667,2021-11-22 12:30:00.000,L2FT01-FTJ011,13.07,0.000,0.666012,16605,0.435592,0.055345,0,0,1,0.6600,南山区,21,21,0,0,0,0,1
2021-11-22,589179428,20190000000000000003,900200000000000053,1,20.025,366.667,7341.333,2021-11-22 12:45:00.000,L2FT01-FTJ011,13.07,0.000,0.666012,16605,0.435592,0.055345,0,0,1,0.6600,南山区,21,21,0,0,0,0,1
2021-11-22,589179428,20190000000000000003,900200000000000031,1,39.890,395.900,15790.000,2021-11-22 12:45:00.000,L2FT01-FTJ011,13.07,0.000,0.666012,16605,0.435592,0.055345,0,0,1,0.6600,南山区,21,21,0,0,0,0,1
2021-11-22,589179428,20190000000000000003,900200000000000053,1,15.090,367.600,5545.000,2021-11-22 13:00:00.000,L2FT01-FTJ011,12.30,0.000,0.666012,16605,0.435592,0.055345,0,0,1,0.6600,南山区,21,21,0,0,0,0,1
2021-11-22,589179428,20190000000000000003,900200000000000050,1,105.983,387.529,42584.286,2021-11-22 13:15:00.000,L2FT01-FTJ011,12.30,0.000,0.666012,16605,0.435592,0.055345,0,0,1,0.6600,南山区,21,21,0,0,0,0,1
2021-11-22,589179428,20190000000000000003,900200000000000039,1,199.935,315.500,63077.273,2021-11-22 13:15:00.000,L2FT01-FTJ011,12.30,0.000,0.666012,16605,0.435592,0.055345,0,0,1,0.6600,南山区,21,21,0,0,0,0,1
2021-11-22,589179428,20190000000000000003,900200000000000050,1,85.586,414.554,35312.308,2021-11-22 13:30:00.000,L2FT01-FTJ011,12.30,0.000,0.666012,16605,0.435592,0.055345,0,0,1,0.6600,南山区,21,21,0,0,0,0,1
2021-11-22,589179428,20190000000000000003,900200000000000039,1,200.012,317.514,63505.000,2021-11-22 13:30:00.000,L2FT01-FTJ011,12.30,0.000,0.666012,16605,0.435592,0.055345,0,0,1,0.6600,南山区,21,21,0,0,0,0,1
2021-11-22,589179428,20190000000000000003,900200000000000038,1,63.823,332.267,21203.333,2021-11-22 14:15:00.000,L2FT01-FTJ011,11.57,0.000,0.666012,16605,0.435592,0.055345,0,0,1,0.6600,南山区,21,21,0,0,0,0,1
2021-11-22,589179428,20190000000000000003,900200000000000038,1,63.790,336.287,21451.333,2021-11-22 14:30:00.000,L2FT01-FTJ011,11.57,0.000,0.666012,16605,0.435592,0.055345,0,0,1,0.6600,南山区,21,21,0,0,0,0,1
2021-11-22,589179428,20190000000000000003,900200000000000038,1,63.797,342.907,21875.333,2021-11-22 14:45:00.000,L2FT01-FTJ011,11.57,0.000,0.666012,16605,0.435592,0.055345,0,0,1,0.6600,南山区,21,21,0,0,0,0,1
2021-11-22,589179428,20190000000000000003,900200000000000038,1,63.817,353.087,22532.667,2021-11-22 15:00:00.000,L2FT01-FTJ011,10.95,0.000,0.666012,16605,0.435592,0.055345,0,0,1,0.6600,南山区,21,21,0,0,0,0,1
2021-11-22,589179428,20190000000000000003,900200000000000038,1,63.803,364.753,23270.000,2021-11-22 15:15:00.000,L2FT01-FTJ011,10.95,0.000,0.666012,16605,0.435592,0.055345,0,0,1,0.6600,南山区,21,21,0,0,0,0,1
2021-11-22,589179428,20190000000000000003,900200000000000038,1,34.043,371.473,12643.333,2021-11-22 15:30:00.000,L2FT01-FTJ011,10.95,0.000,0.666012,16605,0.435592,0.055345,0,0,1,0.6600,南山区,21,21,0,0,0,0,1
2021-11-22,589179428,20190000000000000003,900200000000000038,1,16.865,374.360,6313.333,2021-11-22 15:45:00.000,L2FT01-FTJ011,10.95,0.000,0.666012,16605,0.435592,0.055345,0,0,1,0.6600,南山区,21,21,0,0,0,0,1
2021-11-22,589179428,20190000000000000003,900200000000000038,1,13.147,375.657,4937.143,2021-11-22 16:00:00.000,L2FT01-FTJ011,10.47,0.000,0.666012,16605,0.435592,0.055345,0,0,1,0.6600,南山区,21,21,0,0,0,0,1
2021-11-22,589179428,20190000000000000003,900200000000000049,1,46.828,365.050,17096.250,2021-11-22 18:15:00.000,L2FT01-FTJ011,10.07,0.000,0.666012,16605,0.435592,0.055345,0,0,1,0.6600,南山区,21,21,0,0,0,0,1
2021-11-22,589179428,20190000000000000003,900200000000000039,1,92.529,365.600,33995.000,2021-11-22 18:30:00.000,L2FT01-FTJ011,10.07,0.000,0.666012,16605,0.435592,0.055345,0,0,1,0.6600,南山区,21,21,0,0,0,0,1
2021-11-22,589179428,20190000000000000003,900200000000000039,1,102.800,373.100,38349.333,2021-11-22 18:45:00.000,L2FT01-FTJ011,10.07,0.000,0.666012,16605,0.435592,0.055345,0,0,1,0.6600,南山区,21,21,0,0,0,0,1
2021-11-22,589179428,20190000000000000003,900200000000000039,1,102.812,381.300,39198.000,2021-11-22 19:00:00.000,L2FT01-FTJ011,10.17,0.000,0.666012,16605,0.435592,0.055345,0,0,1,0.6600,南山区,21,21,0,0,0,0,1
2021-11-22,589179428,20190000000000000003,900200000000000039,1,102.927,393.160,40464.000,2021-11-22 19:15:00.000,L2FT01-FTJ011,10.17,0.000,0.666012,16605,0.435592,0.055345,0,0,1,0.6600,南山区,21,21,0,0,0,0,1
2021-11-22,589179428,20190000000000000003,900200000000000039,1,76.361,401.850,30690.714,2021-11-22 19:30:00.000,L2FT01-FTJ011,10.17,0.000,0.666012,16605,0.435592,0.055345,0,0,1,0.6600,南山区,21,21,0,0,0,0,1
2021-11-22,589179428,20190000000000000003,900200000000000056,1,108.640,411.700,44755.000,2021-11-22 22:00:00.000,L2FT01-FTJ011,11.57,0.000,0.666012,16605,0.435592,0.055345,0,0,1,0.6600,南山区,21,21,0,0,0,0,1
2021-11-22,589179428,20190000000000000003,900200000000000056,1,124.001,422.660,52398.000,2021-11-22 22:15:00.000,L2FT01-FTJ011,11.57,0.000,0.666012,16605,0.435592,0.055345,0,0,1,0.6600,南山区,21,21,0,0,0,0,1
2021-11-22,589179428,20190000000000000003,900200000000000056,1,121.585,441.927,53723.333,2021-11-22 22:30:00.000,L2FT01-FTJ011,11.57,0.000,0.666012,16605,0.435592,0.055345,0,0,1,0.6600,南山区,21,21,0,0,0,0,1
2021-11-22,589179428,20190000000000000003,900200000000000056,1,59.897,457.380,27359.333,2021-11-22 22:45:00.000,L2FT01-FTJ011,11.57,0.000,0.666012,16605,0.435592,0.055345,0,0,1,0.6600,南山区,21,21,0,0,0,0,1
2021-11-22,589179428,20190000000000000003,900200000000000056,1,20.657,460.033,9502.222,2021-11-22 23:00:00.000,L2FT01-FTJ011,12.30,0.000,0.666012,16605,0.435592,0.055345,0,0,1,0.6600,南山区,21,21,0,0,0,0,1
2021-11-23,589179428,20190000000000000003,900200000000000034,0,0.000,297.900,0.000,2021-11-23 02:30:00.000,L2FT01-FTJ011,14.57,0.000,0.666012,16605,0.435592,0.055345,0,0,1,0.6600,南山区,21,21,0,0,0,0,1
2021-11-23,589179428,20190000000000000003,900200000000000034,1,129.928,310.220,40304.000,2021-11-23 02:45:00.000,L2FT01-FTJ011,14.57,0.000,0.666012,16605,0.435592,0.055345,0,0,1,0.6600,南山区,21,21,0,0,0,0,1
2021-11-23,589179428,20190000000000000003,900200000000000034,1,130.000,311.247,40457.333,2021-11-23 03:00:00.000,L2FT01-FTJ011,15.19,0.000,0.666012,16605,0.435592,0.055345,0,0,1,0.6600,南山区,21,21,0,0,0,0,1
2021-11-23,589179428,20190000000000000003,900200000000000034,1,129.824,312.480,40562.667,2021-11-23 03:15:00.000,L2FT01-FTJ011,15.19,0.000,0.666012,16605,0.435592,0.055345,0,0,1,0.6600,南山区,21,21,0,0,0,0,1
2021-11-23,589179428,20190000000000000003,900200000000000034,1,129.890,313.807,40758.000,2021-11-23 03:30:00.000,L2FT01-FTJ011,15.19,0.000,0.666012,16605,0.435592,0.055345,0,0,1,0.6600,南山区,21,21,0,0,0,0,1
2021-11-23,589179428,20190000000000000003,900200000000000034,1,129.848,315.033,40902.667,2021-11-23 03:45:00.000,L2FT01-FTJ011,15.19,0.000,0.666012,16605,0.435592,0.055345,0,0,1,0.6600,南山区,21,21,0,0,0,0,1
2021-11-23,589179428,20190000000000000003,900200000000000034,1,113.798,320.190,36329.000,2021-11-23 04:00:00.000,L2FT01-FTJ011,15.67,0.000,0.666012,16605,0.435592,0.055345,0,0,1,0.6600,南山区,21,21,0,0,0,0,1
2021-11-23,589179428,20190000000000000003,900200000000000035,1,23.393,333.100,8466.667,2021-11-23 07:15:00.000,L2FT01-FTJ011,15.97,0.000,0.666012,16605,0.435592,0.055345,0,0,1,0.6600,南山区,21,21,0,0,0,0,1
2021-11-23,589179428,20190000000000000003,900200000000000040,1,76.290,356.907,27226.667,2021-11-23 07:15:00.000,L2FT01-FTJ011,15.97,0.000,0.666012,16605,0.435592,0.055345,0,0,1,0.6600,南山区,21,21,0,0,0,0,1
2021-11-23,589179428,20190000000000000003,900200000000000035,1,64.992,371.100,24111.667,2021-11-23 07:30:00.000,L2FT01-FTJ011,15.97,0.000,0.666012,16605,0.435592,0.055345,0,0,1,0.6600,南山区,21,21,0,0,0,0,1
2021-11-23,589179428,20190000000000000003,900200000000000040,1,76.391,373.487,28529.333,2021-11-23 07:30:00.000,L2FT01-FTJ011,15.97,0.000,0.666012,16605,0.435592,0.055345,0,0,1,0.6600,南山区,21,21,0,0,0,0,1
2021-11-23,589179428,20190000000000000003,900200000000000030,1,119.570,328.489,39273.333,2021-11-23 07:45:00.000,L2FT01-FTJ011,15.97,0.000,0.666012,16605,0.435592,0.055345,0,0,1,0.6600,南山区,21,21,0,0,0,0,1
2021-11-23,589179428,20190000000000000003,900200000000000040,1,48.821,378.500,18483.000,2021-11-23 07:45:00.000,L2FT01-FTJ011,15.97,0.000,0.666012,16605,0.435592,0.055345,0,0,1,0.6600,南山区,21,21,0,0,0,0,1
2021-11-23,589179428,20190000000000000003,900200000000000030,1,119.560,329.487,39390.000,2021-11-23 08:00:00.000,L2FT01-FTJ011,15.67,0.000,0.666012,16605,0.435592,0.055345,0,0,1,0.6600,南山区,21,21,0,0,0,0,1
2021-11-23,589179428,20190000000000000003,900200000000000030,1,119.590,331.933,39694.000,2021-11-23 08:15:00.000,L2FT01-FTJ011,15.67,0.000,0.666012,16605,0.435592,0.055345,0,0,1,0.6600,南山区,21,21,0,0,0,0,1
2021-11-23,589179428,20190000000000000003,900200000000000030,1,61.303,336.975,20611.250,2021-11-23 08:30:00.000,L2FT01-FTJ011,15.67,0.000,0.666012,16605,0.435592,0.055345,0,0,1,0.6600,南山区,21,21,0,0,0,0,1
2021-11-23,589179428,20190000000000000003,900200000000000031,1,199.839,316.971,63337.143,2021-11-23 10:15:00.000,L2FT01-FTJ011,14.57,0.000,0.666012,16605,0.435592,0.055345,0,0,1,0.6600,南山区,21,21,0,0,0,0,1
2021-11-23,589179428,20190000000000000003,900200000000000031,1,79.912,319.933,25450.833,2021-11-23 10:30:00.000,L2FT01-FTJ011,14.57,0.000,0.666012,16605,0.435592,0.055345,0,0,1,0.6600,南山区,21,21,0,0,0,0,1
2021-11-23,589179428,20190000000000000003,900200000000000042,1,129.845,311.800,40485.000,2021-11-23 11:30:00.000,L2FT01-FTJ011,13.85,0.000,0.666012,16605,0.435592,0.055345,0,0,1,0.6600,南山区,21,21,0,0,0,0,1
2021-11-23,589179428,20190000000000000003,900200000000000042,1,129.947,312.580,40614.000,2021-11-23 11:45:00.000,L2FT01-FTJ011,13.85,0.000,0.666012,16605,0.435592,0.055345,0,0,1,0.6600,南山区,21,21,0,0,0,0,1
2021-11-23,589179428,20190000000000000003,900200000000000042,1,130.057,313.213,40733.333,2021-11-23 12:00:00.000,L2FT01-FTJ011,13.07,0.000,0.666012,16605,0.435592,0.055345,0,0,1,0.6600,南山区,21,21,0,0,0,0,1
2021-11-23,589179428,20190000000000000003,900200000000000042,1,129.834,315.163,40913.750,2021-11-23 12:15:00.000,L2FT01-FTJ011,13.07,0.000,0.666012,16605,0.435592,0.055345,0,0,1,0.6600,南山区,21,21,0,0,0,0,1
2021-11-23,589179428,20190000000000000003,900200000000000030,1,49.927,349.636,17452.727,2021-11-23 12:30:00.000,L2FT01-FTJ011,13.07,0.000,0.666012,16605,0.435592,0.055345,0,0,1,0.6600,南山区,21,21,0,0,0,0,1
2021-11-23,589179428,20190000000000000003,900200000000000048,1,74.484,354.780,26403.333,2021-11-23 12:30:00.000,L2FT01-FTJ011,13.07,0.000,0.666012,16605,0.435592,0.055345,0,0,1,0.6600,南山区,21,21,0,0,0,0,1
2021-11-23,589179428,20190000000000000003,900200000000000030,1,29.870,351.820,10520.667,2021-11-23 12:45:00.000,L2FT01-FTJ011,13.07,0.000,0.666012,16605,0.435592,0.055345,0,0,1,0.6600,南山区,21,21,0,0,0,0,1
2021-11-23,589179428,20190000000000000003,900200000000000048,1,79.790,356.287,28426.667,2021-11-23 12:45:00.000,L2FT01-FTJ011,13.07,0.000,0.666012,16605,0.435592,0.055345,0,0,1,0.6600,南山区,21,21,0,0,0,0,1
2021-11-23,589179428,20190000000000000003,900200000000000030,1,24.890,353.180,8788.667,2021-11-23 13:00:00.000,L2FT01-FTJ011,12.30,0.000,0.666012,16605,0.435592,0.055345,0,0,1,0.6600,南山区,21,21,0,0,0,0,1
2021-11-23,589179428,20190000000000000003,900200000000000048,1,76.423,357.447,27317.333,2021-11-23 13:00:00.000,L2FT01-FTJ011,12.30,0.000,0.666012,16605,0.435592,0.055345,0,0,1,0.6600,南山区,21,21,0,0,0,0,1
2021-11-23,589179428,20190000000000000003,900200000000000030,1,16.890,353.920,5986.000,2021-11-23 13:15:00.000,L2FT01-FTJ011,12.30,0.000,0.666012,16605,0.435592,0.055345,0,0,1,0.6600,南山区,21,21,0,0,0,0,1
2021-11-23,589179428,20190000000000000003,900200000000000048,1,46.905,358.827,16808.667,2021-11-23 13:15:00.000,L2FT01-FTJ011,12.30,0.000,0.666012,16605,0.435592,0.055345,0,0,1,0.6600,南山区,21,21,0,0,0,0,1
2021-11-23,589179428,20190000000000000003,900200000000000030,1,9.934,352.680,3501.333,2021-11-23 13:30:00.000,L2FT01-FTJ011,12.30,0.000,0.666012,16605,0.435592,0.055345,0,0,1,0.6600,南山区,21,21,0,0,0,0,1
2021-11-23,589179428,20190000000000000003,900200000000000030,1,9.934,353.653,3509.333,2021-11-23 13:45:00.000,L2FT01-FTJ011,12.30,0.000,0.666012,16605,0.435592,0.055345,0,0,1,0.6600,南山区,21,21,0,0,0,0,1
2021-11-23,589179428,20190000000000000003,900200000000000030,1,9.958,354.900,3530.000,2021-11-23 14:00:00.000,L2FT01-FTJ011,11.57,0.000,0.666012,16605,0.435592,0.055345,0,0,1,0.6600,南山区,21,21,0,0,0,0,1
2021-11-23,589179428,20190000000000000003,900200000000000056,1,55.911,329.900,18441.667,2021-11-23 16:30:00.000,L2FT01-FTJ011,10.47,0.000,0.666012,16605,0.435592,0.055345,0,0,1,0.6600,南山区,21,21,0,0,0,0,1
2021-11-23,589179428,20190000000000000003,900200000000000056,1,56.000,333.813,18688.667,2021-11-23 16:45:00.000,L2FT01-FTJ011,10.47,0.000,0.666012,16605,0.435592,0.055345,0,0,1,0.6600,南山区,21,21,0,0,0,0,1
2021-11-23,589179428,20190000000000000003,900200000000000042,1,143.140,299.400,45026.000,2021-11-23 17:00:00.000,L2FT01-FTJ011,10.17,0.000,0.666012,16605,0.435592,0.055345,0,0,1,0.6600,南山区,21,21,0,0,0,0,1
2021-11-23,589179428,20190000000000000003,900200000000000056,1,69.777,341.593,23833.333,2021-11-23 17:00:00.000,L2FT01-FTJ011,10.17,0.000,0.666012,16605,0.435592,0.055345,0,0,1,0.6600,南山区,21,21,0,0,0,0,1
2021-11-23,589179428,20190000000000000003,900200000000000042,1,178.627,315.813,56407.333,2021-11-23 17:15:00.000,L2FT01-FTJ011,10.17,0.000,0.666012,16605,0.435592,0.055345,0,0,1,0.6600,南山区,21,21,0,0,0,0,1
2021-11-23,589179428,20190000000000000003,900200000000000044,0,0.000,221.600,0.000,2021-11-23 17:15:00.000,L2FT01-FTJ011,10.17,0.000,0.666012,16605,0.435592,0.055345,0,0,1,0.6600,南山区,21,21,0,0,0,0,1
2021-11-23,589179428,20190000000000000003,900200000000000056,1,69.803,351.373,24524.667,2021-11-23 17:15:00.000,L2FT01-FTJ011,10.17,0.000,0.666012,16605,0.435592,0.055345,0,0,1,0.6600,南山区,21,21,0,0,0,0,1
2021-11-23,589179428,20190000000000000003,900200000000000056,1,69.790,361.018,25194.545,2021-11-23 17:30:00.000,L2FT01-FTJ011,10.17,0.000,0.666012,16605,0.435592,0.055345,0,0,1,0.6600,南山区,21,21,0,0,0,0,1
2021-11-23,589179428,20190000000000000003,900200000000000042,1,178.600,318.029,56794.286,2021-11-23 17:30:00.000,L2FT01-FTJ011,10.17,0.000,0.666012,16605,0.435592,0.055345,0,0,1,0.6600,南山区,21,21,0,0,0,0,1
2021-11-23,589179428,20190000000000000003,900200000000000038,1,117.845,312.350,36995.000,2021-11-23 18:45:00.000,L2FT01-FTJ011,10.07,0.000,0.666012,16605,0.435592,0.055345,0,0,1,0.6600,南山区,21,21,0,0,0,0,1
2021-11-23,589179428,20190000000000000003,900200000000000038,1,164.880,316.678,52211.111,2021-11-23 19:00:00.000,L2FT01-FTJ011,10.17,0.000,0.666012,16605,0.435592,0.055345,0,0,1,0.6600,南山区,21,21,0,0,0,0,1
2021-11-23,589179428,20190000000000000003,900200000000000049,1,43.807,322.786,15190.000,2021-11-23 19:30:00.000,L2FT01-FTJ011,10.17,0.000,0.666012,16605,0.435592,0.055345,0,0,1,0.6600,南山区,21,21,0,0,0,0,1
2021-11-23,589179428,20190000000000000003,900200000000000047,1,89.690,354.950,31827.500,2021-11-23 19:45:00.000,L2FT01-FTJ011,10.17,0.000,0.666012,16605,0.435592,0.055345,0,0,1,0.6600,南山区,21,21,0,0,0,0,1
2021-11-23,589179428,20190000000000000003,900200000000000049,1,43.485,351.973,15298.000,2021-11-23 19:45:00.000,L2FT01-FTJ011,10.17,0.000,0.666012,16605,0.435592,0.055345,0,0,1,0.6600,南山区,21,21,0,0,0,0,1
2021-11-23,589179428,20190000000000000003,900200000000000047,1,84.863,357.640,30349.333,2021-11-23 20:00:00.000,L2FT01-FTJ011,10.47,0.000,0.666012,16605,0.435592,0.055345,0,0,1,0.6600,南山区,21,21,0,0,0,0,1
2021-11-23,589179428,20190000000000000003,900200000000000049,1,29.639,357.120,10578.667,2021-11-23 20:00:00.000,L2FT01-FTJ011,10.47,0.000,0.666012,16605,0.435592,0.055345,0,0,1,0.6600,南山区,21,21,0,0,0,0,1
2021-11-23,589179428,20190000000000000003,900200000000000049,1,21.870,360.773,7888.667,2021-11-23 20:15:00.000,L2FT01-FTJ011,10.47,0.000,0.666012,16605,0.435592,0.055345,0,0,1,0.6600,南山区,21,21,0,0,0,0,1
2021-11-23,589179428,20190000000000000003,900200000000000047,1,59.947,360.056,21610.000,2021-11-23 20:15:00.000,L2FT01-FTJ011,10.47,0.000,0.666012,16605,0.435592,0.055345,0,0,1,0.6600,南山区,21,21,0,0,0,0,1
2021-11-23,589179428,20190000000000000003,900200000000000049,1,21.644,365.160,7902.000,2021-11-23 20:30:00.000,L2FT01-FTJ011,10.47,0.000,0.666012,16605,0.435592,0.055345,0,0,1,0.6600,南山区,21,21,0,0,0,0,1
2021-11-23,589179428,20190000000000000003,900200000000000049,1,14.251,368.047,5241.333,2021-11-23 20:45:00.000,L2FT01-FTJ011,10.47,0.000,0.666012,16605,0.435592,0.055345,0,0,1,0.6600,南山区,21,21,0,0,0,0,1
2021-11-23,589179428,20190000000000000003,900200000000000049,1,10.590,368.900,3910.000,2021-11-23 21:00:00.000,L2FT01-FTJ011,10.95,0.000,0.666012,16605,0.435592,0.055345,0,0,1,0.6600,南山区,21,21,0,0,0,0,1
2021-11-23,589179428,20190000000000000003,900200000000000040,1,129.880,310.714,40352.857,2021-11-23 22:15:00.000,L2FT01-FTJ011,11.57,0.000,0.666012,16605,0.435592,0.055345,0,0,1,0.6600,南山区,21,21,0,0,0,0,1
2021-11-23,589179428,20190000000000000003,900200000000000040,1,129.811,311.238,40397.500,2021-11-23 22:30:00.000,L2FT01-FTJ011,11.57,0.000,0.666012,16605,0.435592,0.055345,0,0,1,0.6600,南山区,21,21,0,0,0,0,1
2021-11-23,589179428,20190000000000000003,900200000000000045,1,11.893,325.600,3973.333,2021-11-23 22:45:00.000,L2FT01-FTJ011,11.57,0.000,0.666012,16605,0.435592,0.055345,0,0,1,0.6600,南山区,21,21,0,0,0,0,1
2021-11-23,589179428,20190000000000000003,900200000000000053,1,48.147,358.143,17301.429,2021-11-23 22:45:00.000,L2FT01-FTJ011,11.57,0.000,0.666012,16605,0.435592,0.055345,0,0,1,0.6600,南山区,21,21,0,0,0,0,1
2021-11-23,589179428,20190000000000000003,900200000000000044,1,126.009,346.991,43996.364,2021-11-23 23:00:00.000,L2FT01-FTJ011,12.30,0.000,0.666012,16605,0.435592,0.055345,0,0,1,0.6600,南山区,21,21,0,0,0,0,1
2021-11-23,589179428,20190000000000000003,900200000000000053,1,54.797,366.753,20096.000,2021-11-23 23:00:00.000,L2FT01-FTJ011,12.30,0.000,0.666012,16605,0.435592,0.055345,0,0,1,0.6600,南山区,21,21,0,0,0,0,1
2021-11-23,589179428,20190000000000000003,900200000000000044,1,148.246,358.067,53079.333,2021-11-23 23:15:00.000,L2FT01-FTJ011,12.30,0.000,0.666012,16605,0.435592,0.055345,0,0,1,0.6600,南山区,21,21,0,0,0,0,1
2021-11-23,589179428,20190000000000000003,900200000000000053,1,54.790,378.853,20755.333,2021-11-23 23:15:00.000,L2FT01-FTJ011,12.30,0.000,0.666012,16605,0.435592,0.055345,0,0,1,0.6600,南山区,21,21,0,0,0,0,1
2021-11-23,589179428,20190000000000000003,900200000000000044,1,142.576,363.900,51891.333,2021-11-23 23:30:00.000,L2FT01-FTJ011,12.30,0.000,0.666012,16605,0.435592,0.055345,0,0,1,0.6600,南山区,21,21,0,0,0,0,1
2021-11-23,589179428,20190000000000000003,900200000000000053,1,48.937,391.360,19139.333,2021-11-23 23:30:00.000,L2FT01-FTJ011,12.30,0.000,0.666012,16605,0.435592,0.055345,0,0,1,0.6600,南山区,21,21,0,0,0,0,1
2021-11-23,589179428,20190000000000000003,900200000000000044,1,150.053,375.073,56278.000,2021-11-23 23:45:00.000,L2FT01-FTJ011,12.30,0.000,0.666012,16605,0.435592,0.055345,0,0,1,0.6600,南山区,21,21,0,0,0,0,1
2021-11-23,589179428,20190000000000000003,900200000000000053,1,19.697,394.760,7774.000,2021-11-23 23:45:00.000,L2FT01-FTJ011,12.30,0.000,0.666012,16605,0.435592,0.055345,0,0,1,0.6600,南山区,21,21,0,0,0,0,1
2021-11-24,589179428,20190000000000000003,900200000000000053,1,8.463,395.387,3342.000,2021-11-24 00:00:00.000,L2FT01-FTJ011,13.07,0.000,0.666012,16605,0.435592,0.055345,0,0,1,0.6600,南山区,21,21,0,0,0,0,1
2021-11-24,589179428,20190000000000000003,900200000000000044,1,136.538,391.653,53426.000,2021-11-24 00:00:00.000,L2FT01-FTJ011,13.07,0.000,0.666012,16605,0.435592,0.055345,0,0,1,0.6600,南山区,21,21,0,0,0,0,1
2021-11-24,589179428,20190000000000000003,900200000000000044,1,72.810,400.380,29152.667,2021-11-24 00:15:00.000,L2FT01-FTJ011,13.07,0.000,0.666012,16605,0.435592,0.055345,0,0,1,0.6600,南山区,21,21,0,0,0,0,1
2021-11-24,589179428,20190000000000000003,900200000000000044,1,39.043,405.007,15820.667,2021-11-24 00:30:00.000,L2FT01-FTJ011,13.07,0.000,0.666012,16605,0.435592,0.055345,0,0,1,0.6600,南山区,21,21,0,0,0,0,1
2021-11-24,589179428,20190000000000000003,900200000000000052,1,67.427,386.133,27630.000,2021-11-24 00:30:00.000,L2FT01-FTJ011,13.07,0.000,0.666012,16605,0.435592,0.055345,0,0,1,0.6600,南山区,21,21,0,0,0,0,1
2021-11-24,589179428,20190000000000000003,900200000000000044,1,30.123,407.573,12273.333,2021-11-24 00:45:00.000,L2FT01-FTJ011,13.07,0.000,0.666012,16605,0.435592,0.055345,0,0,1,0.6600,南山区,21,21,0,0,0,0,1
2021-11-24,589179428,20190000000000000003,900200000000000052,1,99.667,410.807,40940.000,2021-11-24 00:45:00.000,L2FT01-FTJ011,13.07,0.000,0.666012,16605,0.435592,0.055345,0,0,1,0.6600,南山区,21,21,0,0,0,0,1
2021-11-24,589179428,20190000000000000003,900200000000000044,1,29.000,409.400,11870.000,2021-11-24 01:00:00.000,L2FT01-FTJ011,13.85,0.000,0.666012,16605,0.435592,0.055345,0,0,1,0.6600,南山区,21,21,0,0,0,0,1
2021-11-24,589179428,20190000000000000003,900200000000000052,1,99.271,413.847,41088.000,2021-11-24 01:00:00.000,L2FT01-FTJ011,13.85,0.000,0.666012,16605,0.435592,0.055345,0,0,1,0.6600,南山区,21,21,0,0,0,0,1
2021-11-24,589179428,20190000000000000003,900200000000000052,1,65.390,411.980,26936.000,2021-11-24 01:15:00.000,L2FT01-FTJ011,13.85,0.000,0.666012,16605,0.435592,0.055345,0,0,1,0.6600,南山区,21,21,0,0,0,0,1
2021-11-24,589179428,20190000000000000003,900200000000000044,1,119.354,311.886,37297.143,2021-11-24 02:15:00.000,L2FT01-FTJ011,14.57,0.000,0.666012,16605,0.435592,0.055345,0,0,1,0.6600,南山区,21,21,0,0,0,0,1
2021-11-24,589179428,20190000000000000003,900200000000000044,1,129.800,314.513,40821.333,2021-11-24 02:30:00.000,L2FT01-FTJ011,14.57,0.000,0.666012,16605,0.435592,0.055345,0,0,1,0.6600,南山区,21,21,0,0,0,0,1
2021-11-24,589179428,20190000000000000003,900200000000000044,1,129.854,314.980,40898.000,2021-11-24 02:45:00.000,L2FT01-FTJ011,14.57,0.000,0.666012,16605,0.435592,0.055345,0,0,1,0.6600,南山区,21,21,0,0,0,0,1
2021-11-24,589179428,20190000000000000003,900200000000000044,1,127.842,318.267,40668.000,2021-11-24 03:00:00.000,L2FT01-FTJ011,15.19,0.000,0.666012,16605,0.435592,0.055345,0,0,1,0.6600,南山区,21,21,0,0,0,0,1
2021-11-24,589179428,20190000000000000003,900200000000000044,1,49.840,330.500,16460.000,2021-11-24 03:15:00.000,L2FT01-FTJ011,15.19,0.000,0.666012,16605,0.435592,0.055345,0,0,1,0.6600,南山区,21,21,0,0,0,0,1
2021-11-24,589179428,20190000000000000003,900200000000000042,1,199.854,318.593,63666.667,2021-11-24 04:45:00.000,L2FT01-FTJ011,15.67,0.000,0.666012,16605,0.435592,0.055345,0,0,1,0.6600,南山区,21,21,0,0,0,0,1
2021-11-24,589179428,20190000000000000003,900200000000000042,1,158.320,322.854,50930.769,2021-11-24 05:00:00.000,L2FT01-FTJ011,15.97,0.000,0.666012,16605,0.435592,0.055345,0,0,1,0.6600,南山区,21,21,0,0,0,0,1
2021-11-24,589179428,20190000000000000003,900200000000000053,1,149.858,360.233,53981.111,2021-11-24 06:45:00.000,L2FT01-FTJ011,16.07,0.000,0.666012,16605,0.435592,0.055345,0,0,1,0.6600,南山区,21,21,0,0,0,0,1
2021-11-24,589179428,20190000000000000003,900200000000000053,1,149.890,367.553,55091.333,2021-11-24 07:00:00.000,L2FT01-FTJ011,15.97,0.000,0.666012,16605,0.435592,0.055345,0,0,1,0.6600,南山区,21,21,0,0,0,0,1
2021-11-24,589179428,20190000000000000003,900200000000000053,1,149.927,380.693,57075.333,2021-11-24 07:15:00.000,L2FT01-FTJ011,15.97,0.000,0.666012,16605,0.435592,0.055345,0,0,1,0.6600,南山区,21,21,0,0,0,0,1
2021-11-24,589179428,20190000000000000003,900200000000000053,1,149.972,394.500,59163.333,2021-11-24 07:30:00.000,L2FT01-FTJ011,15.97,0.000,0.666012,16605,0.435592,0.055345,0,0,1,0.6600,南山区,21,21,0,0,0,0,1
2021-11-24,589179428,20190000000000000003,900200000000000035,1,100.499,343.337,34501.250,2021-11-24 10:30:00.000,L2FT01-FTJ011,14.57,0.000,0.666012,16605,0.435592,0.055345,0,0,1,0.6600,南山区,21,21,0,0,0,0,1
2021-11-24,589179428,20190000000000000003,900200000000000035,1,99.911,353.747,35343.333,2021-11-24 10:45:00.000,L2FT01-FTJ011,14.57,0.000,0.666012,16605,0.435592,0.055345,0,0,1,0.6600,南山区,21,21,0,0,0,0,1
2021-11-24,589179428,20190000000000000003,900200000000000035,1,89.775,374.433,33556.667,2021-11-24 11:00:00.000,L2FT01-FTJ011,13.85,0.000,0.666012,16605,0.435592,0.055345,0,0,1,0.6600,南山区,21,21,0,0,0,0,1
2021-11-24,589179428,20190000000000000003,900200000000000035,1,41.210,385.747,15874.667,2021-11-24 11:15:00.000,L2FT01-FTJ011,13.85,0.000,0.666012,16605,0.435592,0.055345,0,0,1,0.6600,南山区,21,21,0,0,0,0,1
2021-11-24,589179428,20190000000000000003,900200000000000035,1,21.630,389.083,8411.667,2021-11-24 11:30:00.000,L2FT01-FTJ011,13.85,0.000,0.666012,16605,0.435592,0.055345,0,0,1,0.6600,南山区,21,21,0,0,0,0,1
2021-11-24,589179428,20190000000000000003,900200000000000031,1,106.489,359.078,38045.556,2021-11-24 12:15:00.000,L2FT01-FTJ011,13.07,0.000,0.666012,16605,0.435592,0.055345,0,0,1,0.6600,南山区,21,21,0,0,0,0,1
2021-11-24,589179428,20190000000000000003,900200000000000057,1,129.839,312.371,40552.857,2021-11-24 12:15:00.000,L2FT01-FTJ011,13.07,0.000,0.666012,16605,0.435592,0.055345,0,0,1,0.6600,南山区,21,21,0,0,0,0,1
2021-11-24,589179428,20190000000000000003,900200000000000031,1,94.251,358.073,33752.000,2021-11-24 12:30:00.000,L2FT01-FTJ011,13.07,0.000,0.666012,16605,0.435592,0.055345,0,0,1,0.6600,南山区,21,21,0,0,0,0,1
2021-11-24,589179428,20190000000000000003,900200000000000057,1,129.890,314.920,40903.333,2021-11-24 12:30:00.000,L2FT01-FTJ011,13.07,0.000,0.666012,16605,0.435592,0.055345,0,0,1,0.6600,南山区,21,21,0,0,0,0,1
2021-11-24,589179428,20190000000000000003,900200000000000031,1,55.973,359.733,20175.000,2021-11-24 12:45:00.000,L2FT01-FTJ011,13.07,0.000,0.666012,16605,0.435592,0.055345,0,0,1,0.6600,南山区,21,21,0,0,0,0,1
2021-11-24,589179428,20190000000000000003,900200000000000057,1,129.815,316.550,41087.500,2021-11-24 12:45:00.000,L2FT01-FTJ011,13.07,0.000,0.666012,16605,0.435592,0.055345,0,0,1,0.6600,南山区,21,21,0,0,0,0,1
2021-11-24,589179428,20190000000000000003,900200000000000042,1,129.845,311.133,40395.000,2021-11-24 14:30:00.000,L2FT01-FTJ011,11.57,0.000,0.666012,16605,0.435592,0.055345,0,0,1,0.6600,南山区,21,21,0,0,0,0,1
2021-11-24,589179428,20190000000000000003,900200000000000042,1,129.881,311.787,40491.333,2021-11-24 14:45:00.000,L2FT01-FTJ011,11.57,0.000,0.666012,16605,0.435592,0.055345,0,0,1,0.6600,南山区,21,21,0,0,0,0,1
2021-11-24,589179428,20190000000000000003,900200000000000042,1,129.804,313.340,40669.333,2021-11-24 15:00:00.000,L2FT01-FTJ011,10.95,0.000,0.666012,16605,0.435592,0.055345,0,0,1,0.6600,南山区,21,21,0,0,0,0,1
2021-11-24,589179428,20190000000000000003,900200000000000042,1,129.838,314.492,40829.167,2021-11-24 15:15:00.000,L2FT01-FTJ011,10.95,0.000,0.666012,16605,0.435592,0.055345,0,0,1,0.6600,南山区,21,21,0,0,0,0,1
2021-11-24,589179428,20190000000000000003,900200000000000049,1,122.635,415.753,50992.667,2021-11-24 15:30:00.000,L2FT01-FTJ011,10.95,0.000,0.666012,16605,0.435592,0.055345,0,0,1,0.6600,南山区,21,21,0,0,0,0,1
2021-11-24,589179428,20190000000000000003,900200000000000049,1,121.818,428.967,52251.333,2021-11-24 15:45:00.000,L2FT01-FTJ011,10.95,0.000,0.666012,16605,0.435592,0.055345,0,0,1,0.6600,南山区,21,21,0,0,0,0,1
2021-11-24,589179428,20190000000000000003,900200000000000049,1,108.574,450.987,48884.000,2021-11-24 16:00:00.000,L2FT01-FTJ011,10.47,0.000,0.666012,16605,0.435592,0.055345,0,0,1,0.6600,南山区,21,21,0,0,0,0,1
2021-11-24,589179428,20190000000000000003,900200000000000049,1,53.190,459.283,24425.000,2021-11-24 16:15:00.000,L2FT01-FTJ011,10.47,0.000,0.666012,16605,0.435592,0.055345,0,0,1,0.6600,南山区,21,21,0,0,0,0,1
2021-11-24,589179428,20190000000000000003,900200000000000048,1,92.550,358.443,33228.571,2021-11-24 16:45:00.000,L2FT01-FTJ011,10.47,0.000,0.666012,16605,0.435592,0.055345,0,0,1,0.6600,南山区,21,21,0,0,0,0,1
2021-11-24,589179428,20190000000000000003,900200000000000037,1,38.890,303.900,11820.000,2021-11-24 17:00:00.000,L2FT01-FTJ011,10.17,0.000,0.666012,16605,0.435592,0.055345,0,0,1,0.6600,南山区,21,21,0,0,0,0,1
2021-11-24,589179428,20190000000000000003,900200000000000048,1,34.757,358.833,12520.000,2021-11-24 17:00:00.000,L2FT01-FTJ011,10.17,0.000,0.666012,16605,0.435592,0.055345,0,0,1,0.6600,南山区,21,21,0,0,0,0,1
2021-11-24,589179428,20190000000000000003,900200000000000057,1,130.150,305.550,39760.000,2021-11-24 17:00:00.000,L2FT01-FTJ011,10.17,0.000,0.666012,16605,0.435592,0.055345,0,0,1,0.6600,南山区,21,21,0,0,0,0,1
2021-11-24,589179428,20190000000000000003,900200000000000039,1,35.750,295.350,12560.000,2021-11-24 17:15:00.000,L2FT01-FTJ011,10.17,0.000,0.666012,16605,0.435592,0.055345,0,0,1,0.6600,南山区,21,21,0,0,0,0,1
2021-11-24,589179428,20190000000000000003,900200000000000040,0,0.000,180.800,0.000,2021-11-24 17:15:00.000,L2FT01-FTJ011,10.17,0.000,0.666012,16605,0.435592,0.055345,0,0,1,0.6600,南山区,21,21,0,0,0,0,1
2021-11-24,589179428,20190000000000000003,900200000000000047,0,0.000,400.500,0.000,2021-11-24 17:15:00.000,L2FT01-FTJ011,10.17,0.000,0.666012,16605,0.435592,0.055345,0,0,1,0.6600,南山区,21,21,0,0,0,0,1
2021-11-24,589179428,20190000000000000003,900200000000000039,1,71.197,352.973,25129.333,2021-11-24 17:30:00.000,L2FT01-FTJ011,10.17,0.000,0.666012,16605,0.435592,0.055345,0,0,1,0.6600,南山区,21,21,0,0,0,0,1
2021-11-24,589179428,20190000000000000003,900200000000000039,1,71.143,355.293,25274.667,2021-11-24 17:45:00.000,L2FT01-FTJ011,10.17,0.000,0.666012,16605,0.435592,0.055345,0,0,1,0.6600,南山区,21,21,0,0,0,0,1
2021-11-24,589179428,20190000000000000003,900200000000000039,1,58.169,357.722,20847.778,2021-11-24 18:00:00.000,L2FT01-FTJ011,10.07,0.000,0.666012,16605,0.435592,0.055345,0,0,1,0.6600,南山区,21,21,0,0,0,0,1
2021-11-24,589179428,20190000000000000003,900200000000000044,1,138.065,355.409,49267.273,2021-11-24 19:15:00.000,L2FT01-FTJ011,10.17,0.000,0.666012,16605,0.435592,0.055345,0,0,1,0.6600,南山区,21,21,0,0,0,0,1
2021-11-24,589179428,20190000000000000003,900200000000000044,1,149.791,366.533,54901.333,2021-11-24 19:30:00.000,L2FT01-FTJ011,10.17,0.000,0.666012,16605,0.435592,0.055345,0,0,1,0.6600,南山区,21,21,0,0,0,0,1
2021-11-24,589179428,20190000000000000003,900200000000000044,1,149.811,382.240,57262.000,2021-11-24 19:45:00.000,L2FT01-FTJ011,10.17,0.000,0.666012,16605,0.435592,0.055345,0,0,1,0.6600,南山区,21,21,0,0,0,0,1
2021-11-24,589179428,20190000000000000003,900200000000000044,1,149.760,391.767,58670.000,2021-11-24 20:00:00.000,L2FT01-FTJ011,10.47,0.000,0.666012,16605,0.435592,0.055345,0,0,1,0.6600,南山区,21,21,0,0,0,0,1
2021-11-24,589179428,20190000000000000003,900200000000000052,1,79.727,221.067,26210.000,2021-11-24 20:15:00.000,L2FT01-FTJ011,10.47,0.000,0.666012,16605,0.435592,0.055345,0,0,1,0.6600,南山区,21,21,0,0,0,0,1
2021-11-24,589179428,20190000000000000003,900200000000000052,1,119.671,330.947,39602.667,2021-11-24 20:30:00.000,L2FT01-FTJ011,10.47,0.000,0.666012,16605,0.435592,0.055345,0,0,1,0.6600,南山区,21,21,0,0,0,0,1
2021-11-24,589179428,20190000000000000003,900200000000000052,1,83.730,334.885,27985.385,2021-11-24 20:45:00.000,L2FT01-FTJ011,10.47,0.000,0.666012,16605,0.435592,0.055345,0,0,1,0.6600,南山区,21,21,0,0,0,0,1
