date,operator_id,station_id,connector_id,connector_status,current_a,voltage_v,power_w,report_time,grid_id,temperature_c,rainfall_mm,district_nev_penetration_rate,district_ev_sales,district_bev_ratio,district_operating_ev_ratio,is_major_holiday,has_major_event,is_workday,grid_area_km2,district_name,grid_total_charging_facilities,grid_slow_charging_facilities,grid_fast_charging_facilities,grid_super_charging_facilities,grid_super_charging_stations,grid_public_fast_charging_stations,grid_public_slow_charging_stations
2023-03-02,589179428,20190000000000000003,900200000000000031,1,86.445,377.020,32562.000,2023-03-02 00:00:00.000,L2FT01-FTJ023,26.93,0.000,0.666012,16605,0.435592,0.055345,0,0,1,0.4200,罗湖区,21,21,0,0,0,0,1
2023-03-02,589179428,20190000000000000003,900200000000000047,1,148.909,466.967,70302.667,2023-03-02 00:00:00.000,L2FT01-FTJ023,26.93,0.000,0.666012,16605,0.435592,0.055345,0,0,1,0.4200,罗湖区,21,21,0,0,0,0,1
2023-03-02,589179428,20190000000000000003,900200000000000031,1,42.099,384.913,16197.333,2023-03-02 00:15:00.000,L2FT01-FTJ023,26.93,0.000,0.666012,16605,0.435592,0.055345,0,0,1,0.4200,罗湖区,21,21,0,0,0,0,1
2023-03-02,589179428,20190000000000000003,900200000000000047,1,169.890,473.127,80380.000,2023-03-02 00:15:00.000,L2FT01-FTJ023,26.93,0.000,0.666012,16605,0.435592,0.055345,0,0,1,0.4200,罗湖区,21,21,0,0,0,0,1
2023-03-02,589179428,20190000000000000003,900200000000000031,1,23.419,387.420,9071.333,2023-03-02 00:30:00.000,L2FT01-FTJ023,26.93,0.000,0.666012,16605,0.435592,0.055345,0,0,1,0.4200,罗湖区,21,21,0,0,0,0,1
2023-03-02,589179428,20190000000000000003,900200000000000047,1,159.258,473.327,75380.000,2023-03-02 00:30:00.000,L2FT01-FTJ023,26.93,0.000,0.666012,16605,0.435592,0.055345,0,0,1,0.4200,罗湖区,21,21,0,0,0,0,1
2023-03-02,589179428,20190000000000000003,900200000000000047,1,87.492,472.927,41382.667,2023-03-02 00:45:00.000,L2FT01-FTJ023,26.93,0.000,0.666012,16605,0.435592,0.055345,0,0,1,0.4200,罗湖区,21,21,0,0,0,0,1
2023-03-02,589179428,20190000000000000003,900200000000000047,1,25.790,472.600,12190.000,2023-03-02 01:00:00.000,L2FT01-FTJ023,27.70,0.000,0.666012,16605,0.435592,0.055345,0,0,1,0.4200,罗湖区,21,21,0,0,0,0,1
2023-03-02,589179428,20190000000000000003,900200000000000043,1,143.518,272.380,43534.000,2023-03-02 01:30:00.000,L2FT01-FTJ023,27.70,0.000,0.666012,16605,0.435592,0.055345,0,0,1,0.4200,罗湖区,21,21,0,0,0,0,1
2023-03-02,589179428,20190000000000000003,900200000000000043,1,179.193,307.633,55120.667,2023-03-02 01:45:00.000,L2FT01-FTJ023,27.70,0.000,0.666012,16605,0.435592,0.055345,0,0,1,0.4200,罗湖区,21,21,0,0,0,0,1
2023-03-02,589179428,20190000000000000003,900200000000000043,1,179.280,311.293,55804.000,2023-03-02 02:00:00.000,L2FT01-FTJ023,28.43,0.000,0.666012,16605,0.435592,0.055345,0,0,1,0.4200,罗湖区,21,21,0,0,0,0,1
2023-03-02,589179428,20190000000000000003,900200000000000043,1,179.324,313.080,56139.333,2023-03-02 02:15:00.000,L2FT01-FTJ023,28.43,0.000,0.666012,16605,0.435592,0.055345,0,0,1,0.4200,罗湖区,21,21,0,0,0,0,1
2023-03-02,589179428,20190000000000000003,900200000000000031,1,35.490,336.867,12003.333,2023-03-02 02:30:00.000,L2FT01-FTJ023,28.43,0.000,0.666012,16605,0.435592,0.055345,0,0,1,0.4200,罗湖区,21,21,0,0,0,0,1
2023-03-02,589179428,20190000000000000003,900200000000000043,1,179.342,314.587,56414.667,2023-03-02 02:30:00.000,L2FT01-FTJ023,28.43,0.000,0.666012,16605,0.435592,0.055345,0,0,1,0.4200,罗湖区,21,21,0,0,0,0,1
2023-03-02,589179428,20190000000000000003,900200000000000043,1,179.372,316.127,56702.667,2023-03-02 02:45:00.000,L2FT01-FTJ023,28.43,0.000,0.666012,16605,0.435592,0.055345,0,0,1,0.4200,罗湖区,21,21,0,0,0,0,1
2023-03-02,589179428,20190000000000000003,900200000000000031,1,71.030,342.687,24338.000,2023-03-02 02:45:00.000,L2FT01-FTJ023,28.43,0.000,0.666012,16605,0.435592,0.055345,0,0,1,0.4200,罗湖区,21,21,0,0,0,0,1
2023-03-02,589179428,20190000000000000003,900200000000000031,1,71.000,349.220,24788.667,2023-03-02 03:00:00.000,L2FT01-FTJ023,29.05,0.000,0.666012,16605,0.435592,0.055345,0,0,1,0.4200,罗湖区,21,21,0,0,0,0,1
2023-03-02,589179428,20190000000000000003,900200000000000043,1,100.904,323.150,32398.750,2023-03-02 03:00:00.000,L2FT01-FTJ023,29.05,0.000,0.666012,16605,0.435592,0.055345,0,0,1,0.4200,罗湖区,21,21,0,0,0,0,1
2023-03-02,589179428,20190000000000000003,900200000000000047,1,143.381,311.229,44620.000,2023-03-02 03:00:00.000,L2FT01-FTJ023,29.05,0.000,0.666012,16605,0.435592,0.055345,0,0,1,0.4200,罗湖区,21,21,0,0,0,0,1
2023-03-02,589179428,20190000000000000003,900200000000000031,1,70.934,359.320,25484.000,2023-03-02 03:15:00.000,L2FT01-FTJ023,29.05,0.000,0.666012,16605,0.435592,0.055345,0,0,1,0.4200,罗湖区,21,21,0,0,0,0,1
2023-03-02,589179428,20190000000000000003,900200000000000047,1,143.263,311.580,44633.333,2023-03-02 03:15:00.000,L2FT01-FTJ023,29.05,0.000,0.666012,16605,0.435592,0.055345,0,0,1,0.4200,罗湖区,21,21,0,0,0,0,1
2023-03-02,589179428,20190000000000000003,900200000000000031,1,70.890,370.673,26275.333,2023-03-02 03:30:00.000,L2FT01-FTJ023,29.05,0.000,0.666012,16605,0.435592,0.055345,0,0,1,0.4200,罗湖区,21,21,0,0,0,0,1
2023-03-02,589179428,20190000000000000003,900200000000000047,1,143.234,313.647,44922.000,2023-03-02 03:30:00.000,L2FT01-FTJ023,29.05,0.000,0.666012,16605,0.435592,0.055345,0,0,1,0.4200,罗湖区,21,21,0,0,0,0,1
2023-03-02,589179428,20190000000000000003,900200000000000031,1,67.343,382.107,25720.000,2023-03-02 03:45:00.000,L2FT01-FTJ023,29.05,0.000,0.666012,16605,0.435592,0.055345,0,0,1,0.4200,罗湖区,21,21,0,0,0,0,1
2023-03-02,589179428,20190000000000000003,900200000000000032,1,119.058,309.250,36921.667,2023-03-02 03:45:00.000,L2FT01-FTJ023,29.05,0.000,0.666012,16605,0.435592,0.055345,0,0,1,0.4200,罗湖区,21,21,0,0,0,0,1
2023-03-02,589179428,20190000000000000003,900200000000000047,1,143.300,314.880,45116.667,2023-03-02 03:45:00.000,L2FT01-FTJ023,29.05,0.000,0.666012,16605,0.435592,0.055345,0,0,1,0.4200,罗湖区,21,21,0,0,0,0,1
2023-03-02,589179428,20190000000000000003,900200000000000047,1,133.512,318.447,42452.000,2023-03-02 04:00:00.000,L2FT01-FTJ023,29.53,0.000,0.666012,16605,0.435592,0.055345,0,0,1,0.4200,罗湖区,21,21,0,0,0,0,1
2023-03-02,589179428,20190000000000000003,900200000000000031,1,29.490,385.830,11379.000,2023-03-02 04:00:00.000,L2FT01-FTJ023,29.53,0.000,0.666012,16605,0.435592,0.055345,0,0,1,0.4200,罗湖区,21,21,0,0,0,0,1
2023-03-02,589179428,20190000000000000003,900200000000000032,1,129.912,310.600,40348.667,2023-03-02 04:00:00.000,L2FT01-FTJ023,29.53,0.000,0.666012,16605,0.435592,0.055345,0,0,1,0.4200,罗湖区,21,21,0,0,0,0,1
2023-03-02,589179428,20190000000000000003,900200000000000042,1,199.752,312.273,62370.909,2023-03-02 04:00:00.000,L2FT01-FTJ023,29.53,0.000,0.666012,16605,0.435592,0.055345,0,0,1,0.4200,罗湖区,21,21,0,0,0,0,1
2023-03-02,589179428,20190000000000000003,900200000000000047,1,29.890,328.850,9830.000,2023-03-02 04:15:00.000,L2FT01-FTJ023,29.53,0.000,0.666012,16605,0.435592,0.055345,0,0,1,0.4200,罗湖区,21,21,0,0,0,0,1
2023-03-02,589179428,20190000000000000003,900200000000000032,1,129.890,311.760,40492.667,2023-03-02 04:15:00.000,L2FT01-FTJ023,29.53,0.000,0.666012,16605,0.435592,0.055345,0,0,1,0.4200,罗湖区,21,21,0,0,0,0,1
2023-03-02,589179428,20190000000000000003,900200000000000042,1,200.766,314.000,63035.333,2023-03-02 04:15:00.000,L2FT01-FTJ023,29.53,0.000,0.666012,16605,0.435592,0.055345,0,0,1,0.4200,罗湖区,21,21,0,0,0,0,1
2023-03-02,589179428,20190000000000000003,900200000000000032,1,129.956,313.360,40719.333,2023-03-02 04:30:00.000,L2FT01-FTJ023,29.53,0.000,0.666012,16605,0.435592,0.055345,0,0,1,0.4200,罗湖区,21,21,0,0,0,0,1
2023-03-02,589179428,20190000000000000003,900200000000000042,1,180.653,315.147,56934.667,2023-03-02 04:30:00.000,L2FT01-FTJ023,29.53,0.000,0.666012,16605,0.435592,0.055345,0,0,1,0.4200,罗湖区,21,21,0,0,0,0,1
2023-03-02,589179428,20190000000000000003,900200000000000031,1,65.113,337.908,22900.833,2023-03-02 04:45:00.000,L2FT01-FTJ023,29.53,0.000,0.666012,16605,0.435592,0.055345,0,0,1,0.4200,罗湖区,21,21,0,0,0,0,1
2023-03-02,589179428,20190000000000000003,900200000000000032,1,129.949,314.287,40837.333,2023-03-02 04:45:00.000,L2FT01-FTJ023,29.53,0.000,0.666012,16605,0.435592,0.055345,0,0,1,0.4200,罗湖区,21,21,0,0,0,0,1
2023-03-02,589179428,20190000000000000003,900200000000000042,1,168.180,316.947,53317.333,2023-03-02 04:45:00.000,L2FT01-FTJ023,29.53,0.000,0.666012,16605,0.435592,0.055345,0,0,1,0.4200,罗湖区,21,21,0,0,0,0,1
2023-03-02,589179428,20190000000000000003,900200000000000031,1,70.890,352.833,25011.333,2023-03-02 05:00:00.000,L2FT01-FTJ023,29.83,0.000,0.666012,16605,0.435592,0.055345,0,0,1,0.4200,罗湖区,21,21,0,0,0,0,1
2023-03-02,589179428,20190000000000000003,900200000000000032,1,111.873,318.120,35487.333,2023-03-02 05:00:00.000,L2FT01-FTJ023,29.83,0.000,0.666012,16605,0.435592,0.055345,0,0,1,0.4200,罗湖区,21,21,0,0,0,0,1
2023-03-02,589179428,20190000000000000003,900200000000000042,1,59.895,325.800,19406.667,2023-03-02 05:00:00.000,L2FT01-FTJ023,29.83,0.000,0.666012,16605,0.435592,0.055345,0,0,1,0.4200,罗湖区,21,21,0,0,0,0,1
2023-03-02,589179428,20190000000000000003,900200000000000031,1,70.890,355.107,25172.000,2023-03-02 05:15:00.000,L2FT01-FTJ023,29.83,0.000,0.666012,16605,0.435592,0.055345,0,0,1,0.4200,罗湖区,21,21,0,0,0,0,1
2023-03-02,589179428,20190000000000000003,900200000000000032,1,29.890,328.500,9815.000,2023-03-02 05:15:00.000,L2FT01-FTJ023,29.83,0.000,0.666012,16605,0.435592,0.055345,0,0,1,0.4200,罗湖区,21,21,0,0,0,0,1
2023-03-02,589179428,20190000000000000003,900200000000000045,1,129.826,310.171,40264.286,2023-03-02 05:30:00.000,L2FT01-FTJ023,29.83,0.000,0.666012,16605,0.435592,0.055345,0,0,1,0.4200,罗湖区,21,21,0,0,0,0,1
2023-03-02,589179428,20190000000000000003,900200000000000031,1,56.811,355.413,20193.333,2023-03-02 05:30:00.000,L2FT01-FTJ023,29.83,0.000,0.666012,16605,0.435592,0.055345,0,0,1,0.4200,罗湖区,21,21,0,0,0,0,1
2023-03-02,589179428,20190000000000000003,900200000000000045,1,129.842,310.853,40356.667,2023-03-02 05:45:00.000,L2FT01-FTJ023,29.83,0.000,0.666012,16605,0.435592,0.055345,0,0,1,0.4200,罗湖区,21,21,0,0,0,0,1
2023-03-02,589179428,20190000000000000003,900200000000000031,1,41.290,355.300,14670.000,2023-03-02 05:45:00.000,L2FT01-FTJ023,29.83,0.000,0.666012,16605,0.435592,0.055345,0,0,1,0.4200,罗湖区,21,21,0,0,0,0,1
2023-03-02,589179428,20190000000000000003,900200000000000032,1,102.334,455.087,47835.000,2023-03-02 06:00:00.000,L2FT01-FTJ023,29.93,0.000,0.666012,16605,0.435592,0.055345,0,0,1,0.4200,罗湖区,21,21,0,0,0,0,1
2023-03-02,589179428,20190000000000000003,900200000000000045,1,130.539,312.367,40771.333,2023-03-02 06:00:00.000,L2FT01-FTJ023,29.93,0.000,0.666012,16605,0.435592,0.055345,0,0,1,0.4200,罗湖区,21,21,0,0,0,0,1
2023-03-02,589179428,20190000000000000003,900200000000000032,1,127.207,470.333,59828.000,2023-03-02 06:15:00.000,L2FT01-FTJ023,29.93,0.000,0.666012,16605,0.435592,0.055345,0,0,1,0.4200,罗湖区,21,21,0,0,0,0,1
2023-03-02,589179428,20190000000000000003,900200000000000045,1,129.812,313.667,40713.333,2023-03-02 06:15:00.000,L2FT01-FTJ023,29.93,0.000,0.666012,16605,0.435592,0.055345,0,0,1,0.4200,罗湖区,21,21,0,0,0,0,1
2023-03-02,589179428,20190000000000000003,900200000000000032,1,116.941,470.113,54974.667,2023-03-02 06:30:00.000,L2FT01-FTJ023,29.93,0.000,0.666012,16605,0.435592,0.055345,0,0,1,0.4200,罗湖区,21,21,0,0,0,0,1
2023-03-02,589179428,20190000000000000003,900200000000000045,1,118.495,314.247,37240.000,2023-03-02 06:30:00.000,L2FT01-FTJ023,29.93,0.000,0.666012,16605,0.435592,0.055345,0,0,1,0.4200,罗湖区,21,21,0,0,0,0,1
2023-03-02,589179428,20190000000000000003,900200000000000052,1,149.913,358.573,53752.000,2023-03-02 06:45:00.000,L2FT01-FTJ023,29.93,0.000,0.666012,16605,0.435592,0.055345,0,0,1,0.4200,罗湖区,21,21,0,0,0,0,1
2023-03-02,589179428,20190000000000000003,900200000000000032,1,83.735,469.633,39333.333,2023-03-02 06:45:00.000,L2FT01-FTJ023,29.93,0.000,0.666012,16605,0.435592,0.055345,0,0,1,0.4200,罗湖区,21,21,0,0,0,0,1
2023-03-02,589179428,20190000000000000003,900200000000000045,1,116.319,317.507,36896.667,2023-03-02 06:45:00.000,L2FT01-FTJ023,29.93,0.000,0.666012,16605,0.435592,0.055345,0,0,1,0.4200,罗湖区,21,21,0,0,0,0,1
2023-03-02,589179428,20190000000000000003,900200000000000052,1,150.007,365.413,54811.333,2023-03-02 07:00:00.000,L2FT01-FTJ023,29.83,0.000,0.666012,16605,0.435592,0.055345,0,0,1,0.4200,罗湖区,21,21,0,0,0,0,1
2023-03-02,589179428,20190000000000000003,900200000000000056,1,92.028,340.383,31575.000,2023-03-02 07:00:00.000,L2FT01-FTJ023,29.83,0.000,0.666012,16605,0.435592,0.055345,0,0,1,0.4200,罗湖区,21,21,0,0,0,0,1
2023-03-02,589179428,20190000000000000003,900200000000000032,1,30.707,469.017,14403.333,2023-03-02 07:00:00.000,L2FT01-FTJ023,29.83,0.000,0.666012,16605,0.435592,0.055345,0,0,1,0.4200,罗湖区,21,21,0,0,0,0,1
2023-03-02,589179428,20190000000000000003,900200000000000045,1,40.790,329.600,13425.000,2023-03-02 07:00:00.000,L2FT01-FTJ023,29.83,0.000,0.666012,16605,0.435592,0.055345,0,0,1,0.4200,罗湖区,21,21,0,0,0,0,1
2023-03-02,589179428,20190000000000000003,900200000000000056,1,129.101,351.300,45350.667,2023-03-02 07:15:00.000,L2FT01-FTJ023,29.83,0.000,0.666012,16605,0.435592,0.055345,0,0,1,0.4200,罗湖区,21,21,0,0,0,0,1
2023-03-02,589179428,20190000000000000003,900200000000000043,1,156.197,370.182,58040.000,2023-03-02 07:15:00.000,L2FT01-FTJ023,29.83,0.000,0.666012,16605,0.435592,0.055345,0,0,1,0.4200,罗湖区,21,21,0,0,0,0,1
2023-03-02,589179428,20190000000000000003,900200000000000052,1,150.000,376.440,56463.333,2023-03-02 07:15:00.000,L2FT01-FTJ023,29.83,0.000,0.666012,16605,0.435592,0.055345,0,0,1,0.4200,罗湖区,21,21,0,0,0,0,1
2023-03-02,589179428,20190000000000000003,900200000000000043,1,216.004,373.547,80686.667,2023-03-02 07:30:00.000,L2FT01-FTJ023,29.83,0.000,0.666012,16605,0.435592,0.055345,0,0,1,0.4200,罗湖区,21,21,0,0,0,0,1
2023-03-02,589179428,20190000000000000003,900200000000000052,1,150.070,388.920,58361.000,2023-03-02 07:30:00.000,L2FT01-FTJ023,29.83,0.000,0.666012,16605,0.435592,0.055345,0,0,1,0.4200,罗湖区,21,21,0,0,0,0,1
2023-03-02,589179428,20190000000000000003,900200000000000056,1,124.433,366.787,45621.333,2023-03-02 07:30:00.000,L2FT01-FTJ023,29.83,0.000,0.666012,16605,0.435592,0.055345,0,0,1,0.4200,罗湖区,21,21,0,0,0,0,1
2023-03-02,589179428,20190000000000000003,900200000000000043,1,132.366,371.760,49224.667,2023-03-02 07:45:00.000,L2FT01-FTJ023,29.83,0.000,0.666012,16605,0.435592,0.055345,0,0,1,0.4200,罗湖区,21,21,0,0,0,0,1
2023-03-02,589179428,20190000000000000003,900200000000000045,1,28.090,405.700,11400.000,2023-03-02 07:45:00.000,L2FT01-FTJ023,29.83,0.000,0.666012,16605,0.435592,0.055345,0,0,1,0.4200,罗湖区,21,21,0,0,0,0,1
2023-03-02,589179428,20190000000000000003,900200000000000056,1,78.963,379.913,29991.333,2023-03-02 07:45:00.000,L2FT01-FTJ023,29.83,0.000,0.666012,16605,0.435592,0.055345,0,0,1,0.4200,罗湖区,21,21,0,0,0,0,1
2023-03-02,589179428,20190000000000000003,900200000000000043,1,59.379,370.050,21980.000,2023-03-02 08:00:00.000,L2FT01-FTJ023,29.53,0.000,0.666012,16605,0.435592,0.055345,0,0,1,0.4200,罗湖区,21,21,0,0,0,0,1
2023-03-02,589179428,20190000000000000003,900200000000000045,1,28.000,409.753,11467.333,2023-03-02 08:00:00.000,L2FT01-FTJ023,29.53,0.000,0.666012,16605,0.435592,0.055345,0,0,1,0.4200,罗湖区,21,21,0,0,0,0,1
2023-03-02,589179428,20190000000000000003,900200000000000056,1,40.258,385.673,15526.364,2023-03-02 08:00:00.000,L2FT01-FTJ023,29.53,0.000,0.666012,16605,0.435592,0.055345,0,0,1,0.4200,罗湖区,21,21,0,0,0,0,1
2023-03-02,589179428,20190000000000000003,900200000000000045,1,21.233,409.520,8698.000,2023-03-02 08:15:00.000,L2FT01-FTJ023,29.53,0.000,0.666012,16605,0.435592,0.055345,0,0,1,0.4200,罗湖区,21,21,0,0,0,0,1
2023-03-02,589179428,20190000000000000003,900200000000000045,1,13.790,410.246,5656.923,2023-03-02 08:30:00.000,L2FT01-FTJ023,29.53,0.000,0.666012,16605,0.435592,0.055345,0,0,1,0.4200,罗湖区,21,21,0,0,0,0,1
2023-03-02,589179428,20190000000000000003,900200000000000040,1,63.637,324.600,20706.000,2023-03-02 10:00:00.000,L2FT01-FTJ023,28.43,0.000,0.666012,16605,0.435592,0.055345,0,0,1,0.4200,罗湖区,21,21,0,0,0,0,1
2023-03-02,589179428,20190000000000000003,900200000000000040,1,70.000,327.707,22935.333,2023-03-02 10:15:00.000,L2FT01-FTJ023,28.43,0.000,0.666012,16605,0.435592,0.055345,0,0,1,0.4200,罗湖区,21,21,0,0,0,0,1
2023-03-02,589179428,20190000000000000003,900200000000000040,1,64.791,329.480,21342.667,2023-03-02 10:30:00.000,L2FT01-FTJ023,28.43,0.000,0.666012,16605,0.435592,0.055345,0,0,1,0.4200,罗湖区,21,21,0,0,0,0,1
2023-03-02,589179428,20190000000000000003,900200000000000040,1,38.459,331.489,12737.778,2023-03-02 10:45:00.000,L2FT01-FTJ023,28.43,0.000,0.666012,16605,0.435592,0.055345,0,0,1,0.4200,罗湖区,21,21,0,0,0,0,1
2023-03-02,589179428,20190000000000000003,900200000000000047,1,95.439,354.492,35425.385,2023-03-02 11:30:00.000,L2FT01-FTJ023,27.70,0.000,0.666012,16605,0.435592,0.055345,0,0,1,0.4200,罗湖区,21,21,0,0,0,0,1
2023-03-02,589179428,20190000000000000003,900200000000000043,1,69.279,409.857,28381.429,2023-03-02 11:45:00.000,L2FT01-FTJ023,27.70,0.000,0.666012,16605,0.435592,0.055345,0,0,1,0.4200,罗湖区,21,21,0,0,0,0,1
2023-03-02,589179428,20190000000000000003,900200000000000047,1,78.544,382.173,29991.333,2023-03-02 11:45:00.000,L2FT01-FTJ023,27.70,0.000,0.666012,16605,0.435592,0.055345,0,0,1,0.4200,罗湖区,21,21,0,0,0,0,1
2023-03-02,589179428,20190000000000000003,900200000000000043,1,50.912,417.040,21229.333,2023-03-02 12:00:00.000,L2FT01-FTJ023,26.93,0.000,0.666012,16605,0.435592,0.055345,0,0,1,0.4200,罗湖区,21,21,0,0,0,0,1
2023-03-02,589179428,20190000000000000003,900200000000000047,1,30.191,387.020,11684.000,2023-03-02 12:00:00.000,L2FT01-FTJ023,26.93,0.000,0.666012,16605,0.435592,0.055345,0,0,1,0.4200,罗湖区,21,21,0,0,0,0,1
2023-03-02,589179428,20190000000000000003,900200000000000052,0,0.000,319.900,0.000,2023-03-02 12:00:00.000,L2FT01-FTJ023,26.93,0.000,0.666012,16605,0.435592,0.055345,0,0,1,0.4200,罗湖区,21,21,0,0,0,0,1
2023-03-02,589179428,20190000000000000003,900200000000000043,1,40.670,426.647,17340.000,2023-03-02 12:15:00.000,L2FT01-FTJ023,26.93,0.000,0.666012,16605,0.435592,0.055345,0,0,1,0.4200,罗湖区,21,21,0,0,0,0,1
2023-03-02,589179428,20190000000000000003,900200000000000047,1,25.941,390.627,10130.000,2023-03-02 12:15:00.000,L2FT01-FTJ023,26.93,0.000,0.666012,16605,0.435592,0.055345,0,0,1,0.4200,罗湖区,21,21,0,0,0,0,1
2023-03-02,589179428,20190000000000000003,900200000000000052,1,94.327,332.967,31413.333,2023-03-02 12:15:00.000,L2FT01-FTJ023,26.93,0.000,0.666012,16605,0.435592,0.055345,0,0,1,0.4200,罗湖区,21,21,0,0,0,0,1
2023-03-02,589179428,20190000000000000003,900200000000000031,1,130.027,311.533,40503.333,2023-03-02 12:30:00.000,L2FT01-FTJ023,26.93,0.000,0.666012,16605,0.435592,0.055345,0,0,1,0.4200,罗湖区,21,21,0,0,0,0,1
2023-03-02,589179428,20190000000000000003,900200000000000043,1,34.790,430.967,14990.000,2023-03-02 12:30:00.000,L2FT01-FTJ023,26.93,0.000,0.666012,16605,0.435592,0.055345,0,0,1,0.4200,罗湖区,21,21,0,0,0,0,1
2023-03-02,589179428,20190000000000000003,900200000000000047,1,74.497,399.467,33571.667,2023-03-02 12:30:00.000,L2FT01-FTJ023,26.93,0.000,0.666012,16605,0.435592,0.055345,0,0,1,0.4200,罗湖区,21,21,0,0,0,0,1
2023-03-02,589179428,20190000000000000003,900200000000000047,1,124.220,461.460,57318.667,2023-03-02 12:45:00.000,L2FT01-FTJ023,26.93,0.000,0.666012,16605,0.435592,0.055345,0,0,1,0.4200,罗湖区,21,21,0,0,0,0,1
2023-03-02,589179428,20190000000000000003,900200000000000031,1,129.854,314.473,40831.333,2023-03-02 12:45:00.000,L2FT01-FTJ023,26.93,0.000,0.666012,16605,0.435592,0.055345,0,0,1,0.4200,罗湖区,21,21,0,0,0,0,1
2023-03-02,589179428,20190000000000000003,900200000000000031,1,129.878,315.907,41027.333,2023-03-02 13:00:00.000,L2FT01-FTJ023,26.15,0.000,0.666012,16605,0.435592,0.055345,0,0,1,0.4200,罗湖区,21,21,0,0,0,0,1
2023-03-02,589179428,20190000000000000003,900200000000000047,1,80.349,458.760,36908.000,2023-03-02 13:00:00.000,L2FT01-FTJ023,26.15,0.000,0.666012,16605,0.435592,0.055345,0,0,1,0.4200,罗湖区,21,21,0,0,0,0,1
2023-03-02,589179428,20190000000000000003,900200000000000031,1,69.760,327.233,22786.667,2023-03-02 13:15:00.000,L2FT01-FTJ023,26.15,0.000,0.666012,16605,0.435592,0.055345,0,0,1,0.4200,罗湖区,21,21,0,0,0,0,1
2023-03-02,589179428,20190000000000000003,900200000000000047,1,51.001,459.130,23482.000,2023-03-02 13:15:00.000,L2FT01-FTJ023,26.15,0.000,0.666012,16605,0.435592,0.055345,0,0,1,0.4200,罗湖区,21,21,0,0,0,0,1
2023-03-02,589179428,20190000000000000003,900200000000000045,1,100.797,351.733,35756.667,2023-03-02 14:15:00.000,L2FT01-FTJ023,25.43,0.000,0.666012,16605,0.435592,0.055345,0,0,1,0.4200,罗湖区,21,21,0,0,0,0,1
2023-03-02,589179428,20190000000000000003,900200000000000047,1,72.945,360.300,26725.000,2023-03-02 14:15:00.000,L2FT01-FTJ023,25.43,0.000,0.666012,16605,0.435592,0.055345,0,0,1,0.4200,罗湖区,21,21,0,0,0,0,1
2023-03-02,589179428,20190000000000000003,900200000000000049,1,41.257,436.000,18960.000,2023-03-02 14:15:00.000,L2FT01-FTJ023,25.43,0.000,0.666012,16605,0.435592,0.055345,0,0,1,0.4200,罗湖区,21,21,0,0,0,0,1
2023-03-02,589179428,20190000000000000003,900200000000000031,1,61.291,320.180,19693.000,2023-03-02 14:30:00.000,L2FT01-FTJ023,25.43,0.000,0.666012,16605,0.435592,0.055345,0,0,1,0.4200,罗湖区,21,21,0,0,0,0,1
2023-03-02,589179428,20190000000000000003,900200000000000045,1,149.810,358.967,53773.333,2023-03-02 14:30:00.000,L2FT01-FTJ023,25.43,0.000,0.666012,16605,0.435592,0.055345,0,0,1,0.4200,罗湖区,21,21,0,0,0,0,1
2023-03-02,589179428,20190000000000000003,900200000000000047,1,123.277,376.400,46340.714,2023-03-02 14:30:00.000,L2FT01-FTJ023,25.43,0.000,0.666012,16605,0.435592,0.055345,0,0,1,0.4200,罗湖区,21,21,0,0,0,0,1
2023-03-02,589179428,20190000000000000003,900200000000000048,1,20.090,360.300,7240.000,2023-03-02 14:30:00.000,L2FT01-FTJ023,25.43,0.000,0.666012,16605,0.435592,0.055345,0,0,1,0.4200,罗湖区,21,21,0,0,0,0,1
2023-03-02,589179428,20190000000000000003,900200000000000045,1,149.857,363.167,54420.000,2023-03-02 14:45:00.000,L2FT01-FTJ023,25.43,0.000,0.666012,16605,0.435592,0.055345,0,0,1,0.4200,罗湖区,21,21,0,0,0,0,1
2023-03-02,589179428,20190000000000000003,900200000000000048,1,86.177,467.153,40490.000,2023-03-02 14:45:00.000,L2FT01-FTJ023,25.43,0.000,0.666012,16605,0.435592,0.055345,0,0,1,0.4200,罗湖区,21,21,0,0,0,0,1
2023-03-02,589179428,20190000000000000003,900200000000000031,1,67.790,327.060,22170.000,2023-03-02 14:45:00.000,L2FT01-FTJ023,25.43,0.000,0.666012,16605,0.435592,0.055345,0,0,1,0.4200,罗湖区,21,21,0,0,0,0,1
2023-03-02,589179428,20190000000000000003,900200000000000031,1,67.790,331.225,22450.000,2023-03-02 15:00:00.000,L2FT01-FTJ023,24.81,0.000,0.666012,16605,0.435592,0.055345,0,0,1,0.4200,罗湖区,21,21,0,0,0,0,1
2023-03-02,589179428,20190000000000000003,900200000000000048,1,92.257,470.633,43422.667,2023-03-02 15:00:00.000,L2FT01-FTJ023,24.81,0.000,0.666012,16605,0.435592,0.055345,0,0,1,0.4200,罗湖区,21,21,0,0,0,0,1
2023-03-02,589179428,20190000000000000003,900200000000000035,1,129.945,308.142,40038.333,2023-03-02 15:15:00.000,L2FT01-FTJ023,24.81,0.000,0.666012,16605,0.435592,0.055345,0,0,1,0.4200,罗湖区,21,21,0,0,0,0,1
2023-03-02,589179428,20190000000000000003,900200000000000048,1,93.164,470.621,43845.714,2023-03-02 15:15:00.000,L2FT01-FTJ023,24.81,0.000,0.666012,16605,0.435592,0.055345,0,0,1,0.4200,罗湖区,21,21,0,0,0,0,1
2023-03-02,589179428,20190000000000000003,900200000000000035,1,129.897,310.247,40298.667,2023-03-02 15:30:00.000,L2FT01-FTJ023,24.81,0.000,0.666012,16605,0.435592,0.055345,0,0,1,0.4200,罗湖区,21,21,0,0,0,0,1
2023-03-02,589179428,20190000000000000003,900200000000000035,1,129.837,311.120,40389.333,2023-03-02 15:45:00.000,L2FT01-FTJ023,24.81,0.000,0.666012,16605,0.435592,0.055345,0,0,1,0.4200,罗湖区,21,21,0,0,0,0,1
2023-03-02,589179428,20190000000000000003,900200000000000049,1,152.390,311.600,47480.000,2023-03-02 15:45:00.000,L2FT01-FTJ023,24.81,0.000,0.666012,16605,0.435592,0.055345,0,0,1,0.4200,罗湖区,21,21,0,0,0,0,1
2023-03-02,589179428,20190000000000000003,900200000000000035,1,129.842,313.127,40652.667,2023-03-02 16:00:00.000,L2FT01-FTJ023,24.33,0.000,0.666012,16605,0.435592,0.055345,0,0,1,0.4200,罗湖区,21,21,0,0,0,0,1
2023-03-02,589179428,20190000000000000003,900200000000000035,1,129.800,314.667,40838.667,2023-03-02 16:15:00.000,L2FT01-FTJ023,24.33,0.000,0.666012,16605,0.435592,0.055345,0,0,1,0.4200,罗湖区,21,21,0,0,0,0,1
2023-03-02,589179428,20190000000000000003,900200000000000044,1,20.090,378.000,7590.000,2023-03-02 16:15:00.000,L2FT01-FTJ023,24.33,0.000,0.666012,16605,0.435592,0.055345,0,0,1,0.4200,罗湖区,21,21,0,0,0,0,1
2023-03-02,589179428,20190000000000000003,900200000000000044,1,122.586,474.647,58199.333,2023-03-02 16:30:00.000,L2FT01-FTJ023,24.33,0.000,0.666012,16605,0.435592,0.055345,0,0,1,0.4200,罗湖区,21,21,0,0,0,0,1
2023-03-02,589179428,20190000000000000003,900200000000000035,1,104.826,319.790,33391.000,2023-03-02 16:30:00.000,L2FT01-FTJ023,24.33,0.000,0.666012,16605,0.435592,0.055345,0,0,1,0.4200,罗湖区,21,21,0,0,0,0,1
2023-03-02,589179428,20190000000000000003,900200000000000044,1,126.847,474.887,60236.667,2023-03-02 16:45:00.000,L2FT01-FTJ023,24.33,0.000,0.666012,16605,0.435592,0.055345,0,0,1,0.4200,罗湖区,21,21,0,0,0,0,1
2023-03-02,589179428,20190000000000000003,900200000000000044,1,87.220,474.693,41399.333,2023-03-02 17:00:00.000,L2FT01-FTJ023,24.03,0.000,0.666012,16605,0.435592,0.055345,0,0,1,0.4200,罗湖区,21,21,0,0,0,0,1
2023-03-02,589179428,20190000000000000003,900200000000000052,1,101.823,308.200,31653.333,2023-03-02 17:15:00.000,L2FT01-FTJ023,24.03,0.000,0.666012,16605,0.435592,0.055345,0,0,1,0.4200,罗湖区,21,21,0,0,0,0,1
2023-03-02,589179428,20190000000000000003,900200000000000044,1,54.065,474.225,25642.500,2023-03-02 17:15:00.000,L2FT01-FTJ023,24.03,0.000,0.666012,16605,0.435592,0.055345,0,0,1,0.4200,罗湖区,21,21,0,0,0,0,1
2023-03-02,589179428,20190000000000000003,900200000000000034,1,130.045,313.900,40821.250,2023-03-02 17:15:00.000,L2FT01-FTJ023,24.03,0.000,0.666012,16605,0.435592,0.055345,0,0,1,0.4200,罗湖区,21,21,0,0,0,0,1
2023-03-02,589179428,20190000000000000003,900200000000000034,1,127.939,315.753,40382.000,2023-03-02 17:30:00.000,L2FT01-FTJ023,24.03,0.000,0.666012,16605,0.435592,0.055345,0,0,1,0.4200,罗湖区,21,21,0,0,0,0,1
2023-03-02,589179428,20190000000000000003,900200000000000030,1,133.197,282.500,41640.000,2023-03-02 17:45:00.000,L2FT01-FTJ023,24.03,0.000,0.666012,16605,0.435592,0.055345,0,0,1,0.4200,罗湖区,21,21,0,0,0,0,1
2023-03-02,589179428,20190000000000000003,900200000000000030,1,202.759,315.500,63966.667,2023-03-02 18:00:00.000,L2FT01-FTJ023,23.93,0.000,0.666012,16605,0.435592,0.055345,0,0,1,0.4200,罗湖区,21,21,0,0,0,0,1
2023-03-02,589179428,20190000000000000003,900200000000000031,1,177.882,314.391,55920.909,2023-03-02 18:00:00.000,L2FT01-FTJ023,23.93,0.000,0.666012,16605,0.435592,0.055345,0,0,1,0.4200,罗湖区,21,21,0,0,0,0,1
2023-03-02,589179428,20190000000000000003,900200000000000034,1,117.827,309.744,36571.111,2023-03-02 18:00:00.000,L2FT01-FTJ023,23.93,0.000,0.666012,16605,0.435592,0.055345,0,0,1,0.4200,罗湖区,21,21,0,0,0,0,1
2023-03-02,589179428,20190000000000000003,900200000000000030,1,201.945,317.550,64125.000,2023-03-02 18:15:00.000,L2FT01-FTJ023,23.93,0.000,0.666012,16605,0.435592,0.055345,0,0,1,0.4200,罗湖区,21,21,0,0,0,0,1
2023-03-02,589179428,20190000000000000003,900200000000000031,1,178.033,317.022,56434.444,2023-03-02 18:15:00.000,L2FT01-FTJ023,23.93,0.000,0.666012,16605,0.435592,0.055345,0,0,1,0.4200,罗湖区,21,21,0,0,0,0,1
2023-03-02,589179428,20190000000000000003,900200000000000034,1,129.905,314.940,40910.000,2023-03-02 18:15:00.000,L2FT01-FTJ023,23.93,0.000,0.666012,16605,0.435592,0.055345,0,0,1,0.4200,罗湖区,21,21,0,0,0,0,1
2023-03-02,589179428,20190000000000000003,900200000000000034,1,109.860,321.767,35360.000,2023-03-02 18:30:00.000,L2FT01-FTJ023,23.93,0.000,0.666012,16605,0.435592,0.055345,0,0,1,0.4200,罗湖区,21,21,0,0,0,0,1
2023-03-02,589179428,20190000000000000003,900200000000000052,1,44.863,406.273,18224.545,2023-03-02 19:45:00.000,L2FT01-FTJ023,24.03,0.000,0.666012,16605,0.435592,0.055345,0,0,1,0.4200,罗湖区,21,21,0,0,0,0,1
2023-03-02,589179428,20190000000000000003,900200000000000052,1,44.890,408.567,18340.000,2023-03-02 20:00:00.000,L2FT01-FTJ023,24.33,0.000,0.666012,16605,0.435592,0.055345,0,0,1,0.4200,罗湖区,21,21,0,0,0,0,1
2023-03-02,589179428,20190000000000000003,900200000000000052,1,43.611,411.240,17934.000,2023-03-02 20:15:00.000,L2FT01-FTJ023,24.33,0.000,0.666012,16605,0.435592,0.055345,0,0,1,0.4200,罗湖区,21,21,0,0,0,0,1
2023-03-02,589179428,20190000000000000003,900200000000000052,1,29.563,411.540,12176.667,2023-03-02 20:30:00.000,L2FT01-FTJ023,24.33,0.000,0.666012,16605,0.435592,0.055345,0,0,1,0.4200,罗湖区,21,21,0,0,0,0,1
2023-03-02,589179428,20190000000000000003,900200000000000052,1,14.410,413.480,5956.000,2023-03-02 20:45:00.000,L2FT01-FTJ023,24.33,0.000,0.666012,16605,0.435592,0.055345,0,0,1,0.4200,罗湖区,21,21,0,0,0,0,1
2023-03-02,589179428,20190000000000000003,900200000000000031,1,163.848,344.907,56511.429,2023-03-02 20:45:00.000,L2FT01-FTJ023,24.33,0.000,0.666012,16605,0.435592,0.055345,0,0,1,0.4200,罗湖区,21,21,0,0,0,0,1
2023-03-02,589179428,20190000000000000003,900200000000000031,1,94.459,345.493,32791.333,2023-03-02 21:00:00.000,L2FT01-FTJ023,24.81,0.000,0.666012,16605,0.435592,0.055345,0,0,1,0.4200,罗湖区,21,21,0,0,0,0,1
2023-03-02,589179428,20190000000000000003,900200000000000031,1,18.243,340.533,6216.667,2023-03-02 21:15:00.000,L2FT01-FTJ023,24.81,0.000,0.666012,16605,0.435592,0.055345,0,0,1,0.4200,罗湖区,21,21,0,0,0,0,1
2023-03-02,589179428,20190000000000000003,900200000000000049,1,90.750,330.982,30031.818,2023-03-02 22:00:00.000,L2FT01-FTJ023,25.43,0.000,0.666012,16605,0.435592,0.055345,0,0,1,0.4200,罗湖区,21,21,0,0,0,0,1
2023-03-02,589179428,20190000000000000003,900200000000000056,1,93.463,421.500,40240.000,2023-03-02 22:00:00.000,L2FT01-FTJ023,25.43,0.000,0.666012,16605,0.435592,0.055345,0,0,1,0.4200,罗湖区,21,21,0,0,0,0,1
2023-03-02,589179428,20190000000000000003,900200000000000049,1,31.827,336.733,10700.000,2023-03-02 22:15:00.000,L2FT01-FTJ023,25.43,0.000,0.666012,16605,0.435592,0.055345,0,0,1,0.4200,罗湖区,21,21,0,0,0,0,1
2023-03-02,589179428,20190000000000000003,900200000000000056,1,137.653,432.107,59479.333,2023-03-02 22:15:00.000,L2FT01-FTJ023,25.43,0.000,0.666012,16605,0.435592,0.055345,0,0,1,0.4200,罗湖区,21,21,0,0,0,0,1
2023-03-02,589179428,20190000000000000003,900200000000000056,1,137.144,434.140,59540.667,2023-03-02 22:30:00.000,L2FT01-FTJ023,25.43,0.000,0.666012,16605,0.435592,0.055345,0,0,1,0.4200,罗湖区,21,21,0,0,0,0,1
2023-03-02,589179428,20190000000000000003,900200000000000056,1,137.127,437.000,59923.333,2023-03-02 22:45:00.000,L2FT01-FTJ023,25.43,0.000,0.666012,16605,0.435592,0.055345,0,0,1,0.4200,罗湖区,21,21,0,0,0,0,1
2023-03-03,589179428,20190000000000000003,900200000000000042,1,199.849,309.233,61794.000,2023-03-03 00:15:00.000,L2FT01-FTJ023,26.93,0.000,0.666012,16605,0.435592,0.055345,0,0,1,0.4200,罗湖区,21,21,0,0,0,0,1
2023-03-03,589179428,20190000000000000003,900200000000000042,1,200.000,312.780,62556.000,2023-03-03 00:30:00.000,L2FT01-FTJ023,26.93,0.000,0.666012,16605,0.435592,0.055345,0,0,1,0.4200,罗湖区,21,21,0,0,0,0,1
2023-03-03,589179428,20190000000000000003,900200000000000042,1,187.788,314.420,59045.333,2023-03-03 00:45:00.000,L2FT01-FTJ023,26.93,0.000,0.666012,16605,0.435592,0.055345,0,0,1,0.4200,罗湖区,21,21,0,0,0,0,1
2023-03-03,589179428,20190000000000000003,900200000000000042,1,179.163,315.567,56550.000,2023-03-03 01:00:00.000,L2FT01-FTJ023,27.70,0.000,0.666012,16605,0.435592,0.055345,0,0,1,0.4200,罗湖区,21,21,0,0,0,0,1
2023-03-03,589179428,20190000000000000003,900200000000000042,1,160.297,318.227,50972.000,2023-03-03 01:15:00.000,L2FT01-FTJ023,27.70,0.000,0.666012,16605,0.435592,0.055345,0,0,1,0.4200,罗湖区,21,21,0,0,0,0,1
2023-03-03,589179428,20190000000000000003,900200000000000042,1,35.365,328.975,11605.000,2023-03-03 01:30:00.000,L2FT01-FTJ023,27.70,0.000,0.666012,16605,0.435592,0.055345,0,0,1,0.4200,罗湖区,21,21,0,0,0,0,1
2023-03-03,589179428,20190000000000000003,900200000000000031,1,139.890,356.600,49875.000,2023-03-03 01:30:00.000,L2FT01-FTJ023,27.70,0.000,0.666012,16605,0.435592,0.055345,0,0,1,0.4200,罗湖区,21,21,0,0,0,0,1
2023-03-03,589179428,20190000000000000003,900200000000000031,1,136.790,365.887,50048.667,2023-03-03 01:45:00.000,L2FT01-FTJ023,27.70,0.000,0.666012,16605,0.435592,0.055345,0,0,1,0.4200,罗湖区,21,21,0,0,0,0,1
2023-03-03,589179428,20190000000000000003,900200000000000031,1,88.967,380.187,33762.667,2023-03-03 02:00:00.000,L2FT01-FTJ023,28.43,0.000,0.666012,16605,0.435592,0.055345,0,0,1,0.4200,罗湖区,21,21,0,0,0,0,1
2023-03-03,589179428,20190000000000000003,900200000000000031,1,38.135,387.320,14755.333,2023-03-03 02:15:00.000,L2FT01-FTJ023,28.43,0.000,0.666012,16605,0.435592,0.055345,0,0,1,0.4200,罗湖区,21,21,0,0,0,0,1
2023-03-03,589179428,20190000000000000003,900200000000000044,1,149.881,309.420,46374.000,2023-03-03 02:30:00.000,L2FT01-FTJ023,28.43,0.000,0.666012,16605,0.435592,0.055345,0,0,1,0.4200,罗湖区,21,21,0,0,0,0,1
2023-03-03,589179428,20190000000000000003,900200000000000044,1,149.830,311.187,46622.667,2023-03-03 02:45:00.000,L2FT01-FTJ023,28.43,0.000,0.666012,16605,0.435592,0.055345,0,0,1,0.4200,罗湖区,21,21,0,0,0,0,1
2023-03-03,589179428,20190000000000000003,900200000000000044,1,149.797,312.047,46741.333,2023-03-03 03:00:00.000,L2FT01-FTJ023,29.05,0.000,0.666012,16605,0.435592,0.055345,0,0,1,0.4200,罗湖区,21,21,0,0,0,0,1
2023-03-03,589179428,20190000000000000003,900200000000000044,1,149.934,313.833,47052.000,2023-03-03 03:15:00.000,L2FT01-FTJ023,29.05,0.000,0.666012,16605,0.435592,0.055345,0,0,1,0.4200,罗湖区,21,21,0,0,0,0,1
2023-03-03,589179428,20190000000000000003,900200000000000044,1,149.971,315.067,47248.000,2023-03-03 03:30:00.000,L2FT01-FTJ023,29.05,0.000,0.666012,16605,0.435592,0.055345,0,0,1,0.4200,罗湖区,21,21,0,0,0,0,1
2023-03-03,589179428,20190000000000000003,900200000000000044,1,119.221,318.700,37890.667,2023-03-03 03:45:00.000,L2FT01-FTJ023,29.05,0.000,0.666012,16605,0.435592,0.055345,0,0,1,0.4200,罗湖区,21,21,0,0,0,0,1
2023-03-03,589179428,20190000000000000003,900200000000000044,1,29.790,329.700,9820.000,2023-03-03 04:00:00.000,L2FT01-FTJ023,29.53,0.000,0.666012,16605,0.435592,0.055345,0,0,1,0.4200,罗湖区,21,21,0,0,0,0,1
2023-03-03,589179428,20190000000000000003,900200000000000038,1,80.592,330.420,30124.000,2023-03-03 05:00:00.000,L2FT01-FTJ023,29.83,0.000,0.666012,16605,0.435592,0.055345,0,0,1,0.4200,罗湖区,21,21,0,0,0,0,1
2023-03-03,589179428,20190000000000000003,900200000000000038,1,82.283,382.950,31485.000,2023-03-03 05:15:00.000,L2FT01-FTJ023,29.83,0.000,0.666012,16605,0.435592,0.055345,0,0,1,0.4200,罗湖区,21,21,0,0,0,0,1
2023-03-03,589179428,20190000000000000003,900200000000000034,1,96.445,356.000,34401.667,2023-03-03 05:45:00.000,L2FT01-FTJ023,29.83,0.000,0.666012,16605,0.435592,0.055345,0,0,1,0.4200,罗湖区,21,21,0,0,0,0,1
2023-03-03,589179428,20190000000000000003,900200000000000034,1,106.975,364.687,39017.333,2023-03-03 06:00:00.000,L2FT01-FTJ023,29.93,0.000,0.666012,16605,0.435592,0.055345,0,0,1,0.4200,罗湖区,21,21,0,0,0,0,1
2023-03-03,589179428,20190000000000000003,900200000000000047,1,54.965,431.625,25070.000,2023-03-03 06:15:00.000,L2FT01-FTJ023,29.93,0.000,0.666012,16605,0.435592,0.055345,0,0,1,0.4200,罗湖区,21,21,0,0,0,0,1
2023-03-03,589179428,20190000000000000003,900200000000000034,1,98.459,373.533,36770.000,2023-03-03 06:15:00.000,L2FT01-FTJ023,29.93,0.000,0.666012,16605,0.435592,0.055345,0,0,1,0.4200,罗湖区,21,21,0,0,0,0,1
2023-03-03,589179428,20190000000000000003,900200000000000034,1,80.534,387.473,31159.333,2023-03-03 06:30:00.000,L2FT01-FTJ023,29.93,0.000,0.666012,16605,0.435592,0.055345,0,0,1,0.4200,罗湖区,21,21,0,0,0,0,1
2023-03-03,589179428,20190000000000000003,900200000000000047,1,90.823,471.193,42796.000,2023-03-03 06:30:00.000,L2FT01-FTJ023,29.93,0.000,0.666012,16605,0.435592,0.055345,0,0,1,0.4200,罗湖区,21,21,0,0,0,0,1
2023-03-03,589179428,20190000000000000003,900200000000000034,1,55.894,397.640,22222.667,2023-03-03 06:45:00.000,L2FT01-FTJ023,29.93,0.000,0.666012,16605,0.435592,0.055345,0,0,1,0.4200,罗湖区,21,21,0,0,0,0,1
2023-03-03,589179428,20190000000000000003,900200000000000047,1,91.423,470.893,43050.000,2023-03-03 06:45:00.000,L2FT01-FTJ023,29.93,0.000,0.666012,16605,0.435592,0.055345,0,0,1,0.4200,罗湖区,21,21,0,0,0,0,1
2023-03-03,589179428,20190000000000000003,900200000000000034,1,25.810,404.567,10452.667,2023-03-03 07:00:00.000,L2FT01-FTJ023,29.83,0.000,0.666012,16605,0.435592,0.055345,0,0,1,0.4200,罗湖区,21,21,0,0,0,0,1
2023-03-03,589179428,20190000000000000003,900200000000000047,1,84.817,470.593,39918.667,2023-03-03 07:00:00.000,L2FT01-FTJ023,29.83,0.000,0.666012,16605,0.435592,0.055345,0,0,1,0.4200,罗湖区,21,21,0,0,0,0,1
2023-03-03,589179428,20190000000000000003,900200000000000034,1,10.890,405.693,4416.667,2023-03-03 07:15:00.000,L2FT01-FTJ023,29.83,0.000,0.666012,16605,0.435592,0.055345,0,0,1,0.4200,罗湖区,21,21,0,0,0,0,1
2023-03-03,589179428,20190000000000000003,900200000000000034,1,10.890,407.627,4437.273,2023-03-03 07:30:00.000,L2FT01-FTJ023,29.83,0.000,0.666012,16605,0.435592,0.055345,0,0,1,0.4200,罗湖区,21,21,0,0,0,0,1
2023-03-03,589179428,20190000000000000003,900200000000000035,1,104.267,337.192,35441.538,2023-03-03 07:30:00.000,L2FT01-FTJ023,29.83,0.000,0.666012,16605,0.435592,0.055345,0,0,1,0.4200,罗湖区,21,21,0,0,0,0,1
2023-03-03,589179428,20190000000000000003,900200000000000035,1,136.369,348.100,47470.714,2023-03-03 07:45:00.000,L2FT01-FTJ023,29.83,0.000,0.666012,16605,0.435592,0.055345,0,0,1,0.4200,罗湖区,21,21,0,0,0,0,1
2023-03-03,589179428,20190000000000000003,900200000000000031,1,70.000,328.700,23002.000,2023-03-03 08:15:00.000,L2FT01-FTJ023,29.53,0.000,0.666012,16605,0.435592,0.055345,0,0,1,0.4200,罗湖区,21,21,0,0,0,0,1
2023-03-03,589179428,20190000000000000003,900200000000000031,1,68.884,330.140,22738.667,2023-03-03 08:30:00.000,L2FT01-FTJ023,29.53,0.000,0.666012,16605,0.435592,0.055345,0,0,1,0.4200,罗湖区,21,21,0,0,0,0,1
2023-03-03,589179428,20190000000000000003,900200000000000031,1,38.051,332.027,12610.667,2023-03-03 08:45:00.000,L2FT01-FTJ023,29.53,0.000,0.666012,16605,0.435592,0.055345,0,0,1,0.4200,罗湖区,21,21,0,0,0,0,1
2023-03-03,589179428,20190000000000000003,900200000000000031,1,13.390,334.600,4480.000,2023-03-03 09:00:00.000,L2FT01-FTJ023,29.05,0.000,0.666012,16605,0.435592,0.055345,0,0,1,0.4200,罗湖区,21,21,0,0,0,0,1
2023-03-03,589179428,20190000000000000003,900200000000000052,1,52.457,351.600,18483.333,2023-03-03 10:00:00.000,L2FT01-FTJ023,28.43,0.000,0.666012,16605,0.435592,0.055345,0,0,1,0.4200,罗湖区,21,21,0,0,0,0,1
2023-03-03,589179428,20190000000000000003,900200000000000052,1,59.797,356.073,21290.667,2023-03-03 10:15:00.000,L2FT01-FTJ023,28.43,0.000,0.666012,16605,0.435592,0.055345,0,0,1,0.4200,罗湖区,21,21,0,0,0,0,1
2023-03-03,589179428,20190000000000000003,900200000000000052,1,66.004,359.553,23730.000,2023-03-03 10:30:00.000,L2FT01-FTJ023,28.43,0.000,0.666012,16605,0.435592,0.055345,0,0,1,0.4200,罗湖区,21,21,0,0,0,0,1
2023-03-03,589179428,20190000000000000003,900200000000000034,1,129.877,310.129,40275.714,2023-03-03 10:45:00.000,L2FT01-FTJ023,28.43,0.000,0.666012,16605,0.435592,0.055345,0,0,1,0.4200,罗湖区,21,21,0,0,0,0,1
2023-03-03,589179428,20190000000000000003,900200000000000052,1,40.691,361.840,14794.000,2023-03-03 10:45:00.000,L2FT01-FTJ023,28.43,0.000,0.666012,16605,0.435592,0.055345,0,0,1,0.4200,罗湖区,21,21,0,0,0,0,1
2023-03-03,589179428,20190000000000000003,900200000000000034,1,129.975,313.047,40684.000,2023-03-03 11:00:00.000,L2FT01-FTJ023,27.70,0.000,0.666012,16605,0.435592,0.055345,0,0,1,0.4200,罗湖区,21,21,0,0,0,0,1
2023-03-03,589179428,20190000000000000003,900200000000000049,1,81.410,449.029,38110.000,2023-03-03 11:00:00.000,L2FT01-FTJ023,27.70,0.000,0.666012,16605,0.435592,0.055345,0,0,1,0.4200,罗湖区,21,21,0,0,0,0,1
2023-03-03,589179428,20190000000000000003,900200000000000034,1,127.911,315.593,40353.333,2023-03-03 11:15:00.000,L2FT01-FTJ023,27.70,0.000,0.666012,16605,0.435592,0.055345,0,0,1,0.4200,罗湖区,21,21,0,0,0,0,1
2023-03-03,589179428,20190000000000000003,900200000000000049,1,123.805,471.987,58433.333,2023-03-03 11:15:00.000,L2FT01-FTJ023,27.70,0.000,0.666012,16605,0.435592,0.055345,0,0,1,0.4200,罗湖区,21,21,0,0,0,0,1
2023-03-03,589179428,20190000000000000003,900200000000000034,1,44.815,326.350,14595.000,2023-03-03 11:30:00.000,L2FT01-FTJ023,27.70,0.000,0.666012,16605,0.435592,0.055345,0,0,1,0.4200,罗湖区,21,21,0,0,0,0,1
2023-03-03,589179428,20190000000000000003,900200000000000047,1,90.341,326.900,29528.750,2023-03-03 11:30:00.000,L2FT01-FTJ023,27.70,0.000,0.666012,16605,0.435592,0.055345,0,0,1,0.4200,罗湖区,21,21,0,0,0,0,1
2023-03-03,589179428,20190000000000000003,900200000000000049,1,116.890,472.033,55176.667,2023-03-03 11:30:00.000,L2FT01-FTJ023,27.70,0.000,0.666012,16605,0.435592,0.055345,0,0,1,0.4200,罗湖区,21,21,0,0,0,0,1
2023-03-03,589179428,20190000000000000003,900200000000000047,1,90.290,328.867,29692.000,2023-03-03 11:45:00.000,L2FT01-FTJ023,27.70,0.000,0.666012,16605,0.435592,0.055345,0,0,1,0.4200,罗湖区,21,21,0,0,0,0,1
2023-03-03,589179428,20190000000000000003,900200000000000048,1,111.855,354.507,39782.667,2023-03-03 12:00:00.000,L2FT01-FTJ023,26.93,0.000,0.666012,16605,0.435592,0.055345,0,0,1,0.4200,罗湖区,21,21,0,0,0,0,1
2023-03-03,589179428,20190000000000000003,900200000000000047,1,74.725,329.440,24616.667,2023-03-03 12:00:00.000,L2FT01-FTJ023,26.93,0.000,0.666012,16605,0.435592,0.055345,0,0,1,0.4200,罗湖区,21,21,0,0,0,0,1
2023-03-03,589179428,20190000000000000003,900200000000000047,1,37.505,329.267,12338.667,2023-03-03 12:15:00.000,L2FT01-FTJ023,26.93,0.000,0.666012,16605,0.435592,0.055345,0,0,1,0.4200,罗湖区,21,21,0,0,0,0,1
2023-03-03,589179428,20190000000000000003,900200000000000048,1,101.759,359.147,36530.667,2023-03-03 12:15:00.000,L2FT01-FTJ023,26.93,0.000,0.666012,16605,0.435592,0.055345,0,0,1,0.4200,罗湖区,21,21,0,0,0,0,1
2023-03-03,589179428,20190000000000000003,900200000000000048,1,33.790,360.550,12245.000,2023-03-03 12:30:00.000,L2FT01-FTJ023,26.93,0.000,0.666012,16605,0.435592,0.055345,0,0,1,0.4200,罗湖区,21,21,0,0,0,0,1
2023-03-03,589179428,20190000000000000003,900200000000000039,1,95.860,368.300,35303.333,2023-03-03 12:45:00.000,L2FT01-FTJ023,26.93,0.000,0.666012,16605,0.435592,0.055345,0,0,1,0.4200,罗湖区,21,21,0,0,0,0,1
2023-03-03,589179428,20190000000000000003,900200000000000039,1,95.701,382.780,36628.000,2023-03-03 13:00:00.000,L2FT01-FTJ023,26.15,0.000,0.666012,16605,0.435592,0.055345,0,0,1,0.4200,罗湖区,21,21,0,0,0,0,1
2023-03-03,589179428,20190000000000000003,900200000000000039,1,56.192,397.833,22322.667,2023-03-03 13:15:00.000,L2FT01-FTJ023,26.15,0.000,0.666012,16605,0.435592,0.055345,0,0,1,0.4200,罗湖区,21,21,0,0,0,0,1
2023-03-03,589179428,20190000000000000003,900200000000000039,1,18.875,400.492,7556.667,2023-03-03 13:30:00.000,L2FT01-FTJ023,26.15,0.000,0.666012,16605,0.435592,0.055345,0,0,1,0.4200,罗湖区,21,21,0,0,0,0,1
2023-03-03,589179428,20190000000000000003,900200000000000032,1,48.063,386.600,18580.000,2023-03-03 14:15:00.000,L2FT01-FTJ023,25.43,0.000,0.666012,16605,0.435592,0.055345,0,0,1,0.4200,罗湖区,21,21,0,0,0,0,1
2023-03-03,589179428,20190000000000000003,900200000000000049,1,105.335,357.262,37766.154,2023-03-03 14:15:00.000,L2FT01-FTJ023,25.43,0.000,0.666012,16605,0.435592,0.055345,0,0,1,0.4200,罗湖区,21,21,0,0,0,0,1
2023-03-03,589179428,20190000000000000003,900200000000000049,1,106.281,358.760,38125.333,2023-03-03 14:30:00.000,L2FT01-FTJ023,25.43,0.000,0.666012,16605,0.435592,0.055345,0,0,1,0.4200,罗湖区,21,21,0,0,0,0,1
2023-03-03,589179428,20190000000000000003,900200000000000049,1,68.428,357.200,24445.455,2023-03-03 14:45:00.000,L2FT01-FTJ023,25.43,0.000,0.666012,16605,0.435592,0.055345,0,0,1,0.4200,罗湖区,21,21,0,0,0,0,1
2023-03-03,589179428,20190000000000000003,900200000000000040,1,70.945,444.200,33305.000,2023-03-03 16:15:00.000,L2FT01-FTJ023,24.33,0.000,0.666012,16605,0.435592,0.055345,0,0,1,0.4200,罗湖区,21,21,0,0,0,0,1
2023-03-03,589179428,20190000000000000003,900200000000000045,1,150.000,313.100,46960.000,2023-03-03 16:30:00.000,L2FT01-FTJ023,24.33,0.000,0.666012,16605,0.435592,0.055345,0,0,1,0.4200,罗湖区,21,21,0,0,0,0,1
2023-03-03,589179428,20190000000000000003,900200000000000040,1,129.839,474.873,61652.667,2023-03-03 16:30:00.000,L2FT01-FTJ023,24.33,0.000,0.666012,16605,0.435592,0.055345,0,0,1,0.4200,罗湖区,21,21,0,0,0,0,1
2023-03-03,589179428,20190000000000000003,900200000000000040,1,117.289,474.833,55696.667,2023-03-03 16:45:00.000,L2FT01-FTJ023,24.33,0.000,0.666012,16605,0.435592,0.055345,0,0,1,0.4200,罗湖区,21,21,0,0,0,0,1
2023-03-03,589179428,20190000000000000003,900200000000000040,1,80.650,474.500,38273.333,2023-03-03 17:00:00.000,L2FT01-FTJ023,24.03,0.000,0.666012,16605,0.435592,0.055345,0,0,1,0.4200,罗湖区,21,21,0,0,0,0,1
2023-03-03,589179428,20190000000000000003,900200000000000040,1,37.297,474.000,17676.667,2023-03-03 17:15:00.000,L2FT01-FTJ023,24.03,0.000,0.666012,16605,0.435592,0.055345,0,0,1,0.4200,罗湖区,21,21,0,0,0,0,1
2023-03-03,589179428,20190000000000000003,900200000000000048,1,142.792,363.075,51850.000,2023-03-03 17:30:00.000,L2FT01-FTJ023,24.03,0.000,0.666012,16605,0.435592,0.055345,0,0,1,0.4200,罗湖区,21,21,0,0,0,0,1
2023-03-03,589179428,20190000000000000003,900200000000000048,1,121.836,362.040,44104.000,2023-03-03 17:45:00.000,L2FT01-FTJ023,24.03,0.000,0.666012,16605,0.435592,0.055345,0,0,1,0.4200,罗湖区,21,21,0,0,0,0,1
2023-03-03,589179428,20190000000000000003,900200000000000037,1,142.740,309.400,44160.000,2023-03-03 18:00:00.000,L2FT01-FTJ023,23.93,0.000,0.666012,16605,0.435592,0.055345,0,0,1,0.4200,罗湖区,21,21,0,0,0,0,1
2023-03-03,589179428,20190000000000000003,900200000000000038,1,178.853,312.500,55887.143,2023-03-03 18:00:00.000,L2FT01-FTJ023,23.93,0.000,0.666012,16605,0.435592,0.055345,0,0,1,0.4200,罗湖区,21,21,0,0,0,0,1
2023-03-03,589179428,20190000000000000003,900200000000000037,1,142.349,312.340,44458.000,2023-03-03 18:15:00.000,L2FT01-FTJ023,23.93,0.000,0.666012,16605,0.435592,0.055345,0,0,1,0.4200,罗湖区,21,21,0,0,0,0,1
2023-03-03,589179428,20190000000000000003,900200000000000038,1,178.854,314.967,56329.333,2023-03-03 18:15:00.000,L2FT01-FTJ023,23.93,0.000,0.666012,16605,0.435592,0.055345,0,0,1,0.4200,罗湖区,21,21,0,0,0,0,1
2023-03-03,589179428,20190000000000000003,900200000000000047,1,183.513,315.592,58064.167,2023-03-03 18:15:00.000,L2FT01-FTJ023,23.93,0.000,0.666012,16605,0.435592,0.055345,0,0,1,0.4200,罗湖区,21,21,0,0,0,0,1
2023-03-03,589179428,20190000000000000003,900200000000000037,1,142.366,314.413,44759.333,2023-03-03 18:30:00.000,L2FT01-FTJ023,23.93,0.000,0.666012,16605,0.435592,0.055345,0,0,1,0.4200,罗湖区,21,21,0,0,0,0,1
2023-03-03,589179428,20190000000000000003,900200000000000038,1,170.426,318.593,54256.667,2023-03-03 18:30:00.000,L2FT01-FTJ023,23.93,0.000,0.666012,16605,0.435592,0.055345,0,0,1,0.4200,罗湖区,21,21,0,0,0,0,1
2023-03-03,589179428,20190000000000000003,900200000000000047,1,105.601,317.118,33454.545,2023-03-03 18:30:00.000,L2FT01-FTJ023,23.93,0.000,0.666012,16605,0.435592,0.055345,0,0,1,0.4200,罗湖区,21,21,0,0,0,0,1
2023-03-03,589179428,20190000000000000003,900200000000000037,1,142.390,315.600,44940.000,2023-03-03 18:45:00.000,L2FT01-FTJ023,23.93,0.000,0.666012,16605,0.435592,0.055345,0,0,1,0.4200,罗湖区,21,21,0,0,0,0,1
2023-03-03,589179428,20190000000000000003,900200000000000038,1,43.223,329.967,14226.667,2023-03-03 18:45:00.000,L2FT01-FTJ023,23.93,0.000,0.666012,16605,0.435592,0.055345,0,0,1,0.4200,罗湖区,21,21,0,0,0,0,1
2023-03-03,589179428,20190000000000000003,900200000000000031,1,70.790,409.300,28970.000,2023-03-03 19:00:00.000,L2FT01-FTJ023,24.03,0.000,0.666012,16605,0.435592,0.055345,0,0,1,0.4200,罗湖区,21,21,0,0,0,0,1
2023-03-03,589179428,20190000000000000003,900200000000000030,1,44.814,408.531,18304.615,2023-03-03 19:00:00.000,L2FT01-FTJ023,24.03,0.000,0.666012,16605,0.435592,0.055345,0,0,1,0.4200,罗湖区,21,21,0,0,0,0,1
2023-03-03,589179428,20190000000000000003,900200000000000030,1,43.810,410.793,17997.333,2023-03-03 19:15:00.000,L2FT01-FTJ023,24.03,0.000,0.666012,16605,0.435592,0.055345,0,0,1,0.4200,罗湖区,21,21,0,0,0,0,1
2023-03-03,589179428,20190000000000000003,900200000000000031,1,63.643,411.187,26186.667,2023-03-03 19:15:00.000,L2FT01-FTJ023,24.03,0.000,0.666012,16605,0.435592,0.055345,0,0,1,0.4200,罗湖区,21,21,0,0,0,0,1
2023-03-03,589179428,20190000000000000003,900200000000000030,1,39.590,413.267,16371.333,2023-03-03 19:30:00.000,L2FT01-FTJ023,24.03,0.000,0.666012,16605,0.435592,0.055345,0,0,1,0.4200,罗湖区,21,21,0,0,0,0,1
2023-03-03,589179428,20190000000000000003,900200000000000031,1,54.912,412.607,22671.333,2023-03-03 19:30:00.000,L2FT01-FTJ023,24.03,0.000,0.666012,16605,0.435592,0.055345,0,0,1,0.4200,罗湖区,21,21,0,0,0,0,1
2023-03-03,589179428,20190000000000000003,900200000000000030,1,18.540,414.385,7684.615,2023-03-03 19:45:00.000,L2FT01-FTJ023,24.03,0.000,0.666012,16605,0.435592,0.055345,0,0,1,0.4200,罗湖区,21,21,0,0,0,0,1
2023-03-03,589179428,20190000000000000003,900200000000000031,1,21.410,408.860,8755.333,2023-03-03 19:45:00.000,L2FT01-FTJ023,24.03,0.000,0.666012,16605,0.435592,0.055345,0,0,1,0.4200,罗湖区,21,21,0,0,0,0,1
2023-03-03,589179428,20190000000000000003,900200000000000031,1,13.834,412.356,5704.444,2023-03-03 20:00:00.000,L2FT01-FTJ023,24.33,0.000,0.666012,16605,0.435592,0.055345,0,0,1,0.4200,罗湖区,21,21,0,0,0,0,1
2023-03-03,589179428,20190000000000000003,900200000000000056,1,96.442,427.250,41286.250,2023-03-03 20:30:00.000,L2FT01-FTJ023,24.33,0.000,0.666012,16605,0.435592,0.055345,0,0,1,0.4200,罗湖区,21,21,0,0,0,0,1
2023-03-03,589179428,20190000000000000003,900200000000000039,1,44.934,409.917,18417.500,2023-03-03 20:45:00.000,L2FT01-FTJ023,24.33,0.000,0.666012,16605,0.435592,0.055345,0,0,1,0.4200,罗湖区,21,21,0,0,0,0,1
2023-03-03,589179428,20190000000000000003,900200000000000056,1,61.290,427.786,26188.571,2023-03-03 20:45:00.000,L2FT01-FTJ023,24.33,0.000,0.666012,16605,0.435592,0.055345,0,0,1,0.4200,罗湖区,21,21,0,0,0,0,1
2023-03-03,589179428,20190000000000000003,900200000000000039,1,43.830,411.913,18052.667,2023-03-03 21:00:00.000,L2FT01-FTJ023,24.81,0.000,0.666012,16605,0.435592,0.055345,0,0,1,0.4200,罗湖区,21,21,0,0,0,0,1
2023-03-03,589179428,20190000000000000003,900200000000000039,1,35.797,412.793,14788.667,2023-03-03 21:15:00.000,L2FT01-FTJ023,24.81,0.000,0.666012,16605,0.435592,0.055345,0,0,1,0.4200,罗湖区,21,21,0,0,0,0,1
2023-03-03,589179428,20190000000000000003,900200000000000039,1,19.190,412.027,7907.333,2023-03-03 21:30:00.000,L2FT01-FTJ023,24.81,0.000,0.666012,16605,0.435592,0.055345,0,0,1,0.4200,罗湖区,21,21,0,0,0,0,1
2023-03-03,589179428,20190000000000000003,900200000000000034,1,47.865,341.750,16565.000,2023-03-03 21:45:00.000,L2FT01-FTJ023,24.81,0.000,0.666012,16605,0.435592,0.055345,0,0,1,0.4200,罗湖区,21,21,0,0,0,0,1
2023-03-03,589179428,20190000000000000003,900200000000000039,1,13.890,420.990,5847.000,2023-03-03 21:45:00.000,L2FT01-FTJ023,24.81,0.000,0.666012,16605,0.435592,0.055345,0,0,1,0.4200,罗湖区,21,21,0,0,0,0,1
2023-03-03,589179428,20190000000000000003,900200000000000034,1,137.219,359.573,49320.000,2023-03-03 22:00:00.000,L2FT01-FTJ023,25.43,0.000,0.666012,16605,0.435592,0.055345,0,0,1,0.4200,罗湖区,21,21,0,0,0,0,1
2023-03-03,589179428,20190000000000000003,900200000000000034,1,99.053,376.760,37270.667,2023-03-03 22:15:00.000,L2FT01-FTJ023,25.43,0.000,0.666012,16605,0.435592,0.055345,0,0,1,0.4200,罗湖区,21,21,0,0,0,0,1
2023-03-03,589179428,20190000000000000003,900200000000000047,1,108.911,352.057,38337.143,2023-03-03 22:45:00.000,L2FT01-FTJ023,25.43,0.000,0.666012,16605,0.435592,0.055345,0,0,1,0.4200,罗湖区,21,21,0,0,0,0,1
2023-03-03,589179428,20190000000000000003,900200000000000047,1,105.034,354.300,37210.667,2023-03-03 23:00:00.000,L2FT01-FTJ023,26.15,0.000,0.666012,16605,0.435592,0.055345,0,0,1,0.4200,罗湖区,21,21,0,0,0,0,1
2023-03-03,589179428,20190000000000000003,900200000000000047,1,99.169,355.467,35248.000,2023-03-03 23:15:00.000,L2FT01-FTJ023,26.15,0.000,0.666012,16605,0.435592,0.055345,0,0,1,0.4200,罗湖区,21,21,0,0,0,0,1
2023-03-03,589179428,20190000000000000003,900200000000000047,1,86.883,356.133,30945.000,2023-03-03 23:30:00.000,L2FT01-FTJ023,26.15,0.000,0.666012,16605,0.435592,0.055345,0,0,1,0.4200,罗湖区,21,21,0,0,0,0,1
2023-03-03,589179428,20190000000000000003,900200000000000057,1,140.033,364.460,51061.000,2023-03-03 23:30:00.000,L2FT01-FTJ023,26.15,0.000,0.666012,16605,0.435592,0.055345,0,0,1,0.4200,罗湖区,21,21,0,0,0,0,1
2023-03-03,589179428,20190000000000000003,900200000000000057,1,103.847,378.147,39202.667,2023-03-03 23:45:00.000,L2FT01-FTJ023,26.15,0.000,0.666012,16605,0.435592,0.055345,0,0,1,0.4200,罗湖区,21,21,0,0,0,0,1
2023-03-04,589179428,20190000000000000003,900200000000000030,1,129.956,311.421,40464.286,2023-03-04 00:00:00.000,L2FT01-FTJ023,26.93,0.000,0.666012,16605,0.435592,0.055345,0,0,0,0.4200,罗湖区,21,21,0,0,0,0,1
2023-03-04,589179428,20190000000000000003,900200000000000042,1,71.273,303.550,21631.667,2023-03-04 00:00:00.000,L2FT01-FTJ023,26.93,0.000,0.666012,16605,0.435592,0.055345,0,0,0,0.4200,罗湖区,21,21,0,0,0,0,1
2023-03-04,589179428,20190000000000000003,900200000000000056,1,66.622,409.730,27273.000,2023-03-04 00:00:00.000,L2FT01-FTJ023,26.93,0.000,0.666012,16605,0.435592,0.055345,0,0,0,0.4200,罗湖区,21,21,0,0,0,0,1
2023-03-04,589179428,20190000000000000003,900200000000000030,1,129.981,311.700,40512.667,2023-03-04 00:15:00.000,L2FT01-FTJ023,26.93,0.000,0.666012,16605,0.435592,0.055345,0,0,0,0.4200,罗湖区,21,21,0,0,0,0,1
2023-03-04,589179428,20190000000000000003,900200000000000042,1,71.277,306.567,21848.667,2023-03-04 00:15:00.000,L2FT01-FTJ023,26.93,0.000,0.666012,16605,0.435592,0.055345,0,0,0,0.4200,罗湖区,21,21,0,0,0,0,1
2023-03-04,589179428,20190000000000000003,900200000000000056,1,50.890,418.753,21309.333,2023-03-04 00:15:00.000,L2FT01-FTJ023,26.93,0.000,0.666012,16605,0.435592,0.055345,0,0,0,0.4200,罗湖区,21,21,0,0,0,0,1
2023-03-04,589179428,20190000000000000003,900200000000000056,1,38.357,427.727,16396.000,2023-03-04 00:30:00.000,L2FT01-FTJ023,26.93,0.000,0.666012,16605,0.435592,0.055345,0,0,0,0.4200,罗湖区,21,21,0,0,0,0,1
2023-03-04,589179428,20190000000000000003,900200000000000042,1,71.290,308.453,21989.333,2023-03-04 00:30:00.000,L2FT01-FTJ023,26.93,0.000,0.666012,16605,0.435592,0.055345,0,0,0,0.4200,罗湖区,21,21,0,0,0,0,1
2023-03-04,589179428,20190000000000000003,900200000000000030,1,129.849,313.653,40724.000,2023-03-04 00:30:00.000,L2FT01-FTJ023,26.93,0.000,0.666012,16605,0.435592,0.055345,0,0,0,0.4200,罗湖区,21,21,0,0,0,0,1
2023-03-04,589179428,20190000000000000003,900200000000000030,1,125.812,315.900,39736.667,2023-03-04 00:45:00.000,L2FT01-FTJ023,26.93,0.000,0.666012,16605,0.435592,0.055345,0,0,0,0.4200,罗湖区,21,21,0,0,0,0,1
2023-03-04,589179428,20190000000000000003,900200000000000042,1,71.290,308.713,22010.000,2023-03-04 00:45:00.000,L2FT01-FTJ023,26.93,0.000,0.666012,16605,0.435592,0.055345,0,0,0,0.4200,罗湖区,21,21,0,0,0,0,1
2023-03-04,589179428,20190000000000000003,900200000000000030,1,65.540,320.093,20908.571,2023-03-04 01:00:00.000,L2FT01-FTJ023,27.70,0.000,0.666012,16605,0.435592,0.055345,0,0,0,0.4200,罗湖区,21,21,0,0,0,0,1
2023-03-04,589179428,20190000000000000003,900200000000000042,1,71.290,308.940,22022.000,2023-03-04 01:00:00.000,L2FT01-FTJ023,27.70,0.000,0.666012,16605,0.435592,0.055345,0,0,0,0.4200,罗湖区,21,21,0,0,0,0,1
2023-03-04,589179428,20190000000000000003,900200000000000042,1,71.290,309.493,22062.667,2023-03-04 01:15:00.000,L2FT01-FTJ023,27.70,0.000,0.666012,16605,0.435592,0.055345,0,0,0,0.4200,罗湖区,21,21,0,0,0,0,1
2023-03-04,589179428,20190000000000000003,900200000000000042,1,71.290,310.753,22152.667,2023-03-04 01:30:00.000,L2FT01-FTJ023,27.70,0.000,0.666012,16605,0.435592,0.055345,0,0,0,0.4200,罗湖区,21,21,0,0,0,0,1
2023-03-04,589179428,20190000000000000003,900200000000000030,1,129.882,307.236,39900.909,2023-03-04 01:45:00.000,L2FT01-FTJ023,27.70,0.000,0.666012,16605,0.435592,0.055345,0,0,0,0.4200,罗湖区,21,21,0,0,0,0,1
2023-03-04,589179428,20190000000000000003,900200000000000042,1,71.290,312.173,22252.667,2023-03-04 01:45:00.000,L2FT01-FTJ023,27.70,0.000,0.666012,16605,0.435592,0.055345,0,0,0,0.4200,罗湖区,21,21,0,0,0,0,1
2023-03-04,589179428,20190000000000000003,900200000000000030,1,129.890,309.600,40212.667,2023-03-04 02:00:00.000,L2FT01-FTJ023,28.43,0.000,0.666012,16605,0.435592,0.055345,0,0,0,0.4200,罗湖区,21,21,0,0,0,0,1
2023-03-04,589179428,20190000000000000003,900200000000000042,1,71.290,312.793,22296.000,2023-03-04 02:00:00.000,L2FT01-FTJ023,28.43,0.000,0.666012,16605,0.435592,0.055345,0,0,0,0.4200,罗湖区,21,21,0,0,0,0,1
2023-03-04,589179428,20190000000000000003,900200000000000030,1,129.754,310.300,40258.667,2023-03-04 02:15:00.000,L2FT01-FTJ023,28.43,0.000,0.666012,16605,0.435592,0.055345,0,0,0,0.4200,罗湖区,21,21,0,0,0,0,1
2023-03-04,589179428,20190000000000000003,900200000000000042,1,71.290,313.360,22338.000,2023-03-04 02:15:00.000,L2FT01-FTJ023,28.43,0.000,0.666012,16605,0.435592,0.055345,0,0,0,0.4200,罗湖区,21,21,0,0,0,0,1
2023-03-04,589179428,20190000000000000003,900200000000000042,1,64.337,318.520,20421.333,2023-03-04 02:30:00.000,L2FT01-FTJ023,28.43,0.000,0.666012,16605,0.435592,0.055345,0,0,0,0.4200,罗湖区,21,21,0,0,0,0,1
2023-03-04,589179428,20190000000000000003,900200000000000052,1,129.890,303.400,39410.000,2023-03-04 02:30:00.000,L2FT01-FTJ023,28.43,0.000,0.666012,16605,0.435592,0.055345,0,0,0,0.4200,罗湖区,21,21,0,0,0,0,1
2023-03-04,589179428,20190000000000000003,900200000000000030,1,129.830,311.840,40482.000,2023-03-04 02:30:00.000,L2FT01-FTJ023,28.43,0.000,0.666012,16605,0.435592,0.055345,0,0,0,0.4200,罗湖区,21,21,0,0,0,0,1
2023-03-04,589179428,20190000000000000003,900200000000000030,1,129.800,313.160,40644.000,2023-03-04 02:45:00.000,L2FT01-FTJ023,28.43,0.000,0.666012,16605,0.435592,0.055345,0,0,0,0.4200,罗湖区,21,21,0,0,0,0,1
2023-03-04,589179428,20190000000000000003,900200000000000042,1,29.890,333.700,9970.000,2023-03-04 02:45:00.000,L2FT01-FTJ023,28.43,0.000,0.666012,16605,0.435592,0.055345,0,0,0,0.4200,罗湖区,21,21,0,0,0,0,1
2023-03-04,589179428,20190000000000000003,900200000000000052,1,129.830,307.527,39922.000,2023-03-04 02:45:00.000,L2FT01-FTJ023,28.43,0.000,0.666012,16605,0.435592,0.055345,0,0,0,0.4200,罗湖区,21,21,0,0,0,0,1
2023-03-04,589179428,20190000000000000003,900200000000000030,1,129.800,314.153,40772.000,2023-03-04 03:00:00.000,L2FT01-FTJ023,29.05,0.000,0.666012,16605,0.435592,0.055345,0,0,0,0.4200,罗湖区,21,21,0,0,0,0,1
2023-03-04,589179428,20190000000000000003,900200000000000052,1,129.800,311.020,40366.000,2023-03-04 03:00:00.000,L2FT01-FTJ023,29.05,0.000,0.666012,16605,0.435592,0.055345,0,0,0,0.4200,罗湖区,21,21,0,0,0,0,1
2023-03-04,589179428,20190000000000000003,900200000000000030,1,111.798,319.687,35594.667,2023-03-04 03:15:00.000,L2FT01-FTJ023,29.05,0.000,0.666012,16605,0.435592,0.055345,0,0,0,0.4200,罗湖区,21,21,0,0,0,0,1
2023-03-04,589179428,20190000000000000003,900200000000000052,1,129.866,311.913,40503.333,2023-03-04 03:15:00.000,L2FT01-FTJ023,29.05,0.000,0.666012,16605,0.435592,0.055345,0,0,0,0.4200,罗湖区,21,21,0,0,0,0,1
2023-03-04,589179428,20190000000000000003,900200000000000030,1,29.790,329.600,9820.000,2023-03-04 03:30:00.000,L2FT01-FTJ023,29.05,0.000,0.666012,16605,0.435592,0.055345,0,0,0,0.4200,罗湖区,21,21,0,0,0,0,1
2023-03-04,589179428,20190000000000000003,900200000000000052,1,129.866,313.607,40724.667,2023-03-04 03:30:00.000,L2FT01-FTJ023,29.05,0.000,0.666012,16605,0.435592,0.055345,0,0,0,0.4200,罗湖区,21,21,0,0,0,0,1
2023-03-04,589179428,20190000000000000003,900200000000000045,1,149.846,310.722,46557.778,2023-03-04 03:45:00.000,L2FT01-FTJ023,29.05,0.000,0.666012,16605,0.435592,0.055345,0,0,0,0.4200,罗湖区,21,21,0,0,0,0,1
2023-03-04,589179428,20190000000000000003,900200000000000052,1,129.860,314.780,40873.333,2023-03-04 03:45:00.000,L2FT01-FTJ023,29.05,0.000,0.666012,16605,0.435592,0.055345,0,0,0,0.4200,罗湖区,21,21,0,0,0,0,1
2023-03-04,589179428,20190000000000000003,900200000000000045,1,142.225,311.180,44264.000,2023-03-04 04:00:00.000,L2FT01-FTJ023,29.53,0.000,0.666012,16605,0.435592,0.055345,0,0,0,0.4200,罗湖区,21,21,0,0,0,0,1
2023-03-04,589179428,20190000000000000003,900200000000000052,1,129.854,316.440,41088.667,2023-03-04 04:00:00.000,L2FT01-FTJ023,29.53,0.000,0.666012,16605,0.435592,0.055345,0,0,0,0.4200,罗湖区,21,21,0,0,0,0,1
2023-03-04,589179428,20190000000000000003,900200000000000045,1,125.167,311.927,39068.000,2023-03-04 04:15:00.000,L2FT01-FTJ023,29.53,0.000,0.666012,16605,0.435592,0.055345,0,0,0,0.4200,罗湖区,21,21,0,0,0,0,1
2023-03-04,589179428,20190000000000000003,900200000000000052,1,67.330,327.163,21853.750,2023-03-04 04:15:00.000,L2FT01-FTJ023,29.53,0.000,0.666012,16605,0.435592,0.055345,0,0,0,0.4200,罗湖区,21,21,0,0,0,0,1
2023-03-04,589179428,20190000000000000003,900200000000000034,1,62.291,303.562,19158.750,2023-03-04 04:15:00.000,L2FT01-FTJ023,29.53,0.000,0.666012,16605,0.435592,0.055345,0,0,0,0.4200,罗湖区,21,21,0,0,0,0,1
2023-03-04,589179428,20190000000000000003,900200000000000034,1,71.137,308.520,21945.333,2023-03-04 04:30:00.000,L2FT01-FTJ023,29.53,0.000,0.666012,16605,0.435592,0.055345,0,0,0,0.4200,罗湖区,21,21,0,0,0,0,1
2023-03-04,589179428,20190000000000000003,900200000000000045,1,119.946,313.220,37596.667,2023-03-04 04:30:00.000,L2FT01-FTJ023,29.53,0.000,0.666012,16605,0.435592,0.055345,0,0,0,0.4200,罗湖区,21,21,0,0,0,0,1
2023-03-04,589179428,20190000000000000003,900200000000000034,1,71.117,310.073,22050.000,2023-03-04 04:45:00.000,L2FT01-FTJ023,29.53,0.000,0.666012,16605,0.435592,0.055345,0,0,0,0.4200,罗湖区,21,21,0,0,0,0,1
2023-03-04,589179428,20190000000000000003,900200000000000045,1,125.759,314.393,39570.667,2023-03-04 04:45:00.000,L2FT01-FTJ023,29.53,0.000,0.666012,16605,0.435592,0.055345,0,0,0,0.4200,罗湖区,21,21,0,0,0,0,1
2023-03-04,589179428,20190000000000000003,900200000000000034,1,71.090,311.660,22154.667,2023-03-04 05:00:00.000,L2FT01-FTJ023,29.83,0.000,0.666012,16605,0.435592,0.055345,0,0,0,0.4200,罗湖区,21,21,0,0,0,0,1
2023-03-04,589179428,20190000000000000003,900200000000000045,1,121.692,316.613,38569.333,2023-03-04 05:00:00.000,L2FT01-FTJ023,29.83,0.000,0.666012,16605,0.435592,0.055345,0,0,0,0.4200,罗湖区,21,21,0,0,0,0,1
2023-03-04,589179428,20190000000000000003,900200000000000034,1,71.150,311.833,22185.333,2023-03-04 05:15:00.000,L2FT01-FTJ023,29.83,0.000,0.666012,16605,0.435592,0.055345,0,0,0,0.4200,罗湖区,21,21,0,0,0,0,1
2023-03-04,589179428,20190000000000000003,900200000000000045,1,40.815,325.625,13257.500,2023-03-04 05:15:00.000,L2FT01-FTJ023,29.83,0.000,0.666012,16605,0.435592,0.055345,0,0,0,0.4200,罗湖区,21,21,0,0,0,0,1
2023-03-04,589179428,20190000000000000003,900200000000000034,1,71.190,312.313,22230.667,2023-03-04 05:30:00.000,L2FT01-FTJ023,29.83,0.000,0.666012,16605,0.435592,0.055345,0,0,0,0.4200,罗湖区,21,21,0,0,0,0,1
2023-03-04,589179428,20190000000000000003,900200000000000034,1,71.190,312.980,22278.667,2023-03-04 05:45:00.000,L2FT01-FTJ023,29.83,0.000,0.666012,16605,0.435592,0.055345,0,0,0,0.4200,罗湖区,21,21,0,0,0,0,1
2023-03-04,589179428,20190000000000000003,900200000000000057,1,129.845,311.250,40410.000,2023-03-04 05:45:00.000,L2FT01-FTJ023,29.83,0.000,0.666012,16605,0.435592,0.055345,0,0,0,0.4200,罗湖区,21,21,0,0,0,0,1
2023-03-04,589179428,20190000000000000003,900200000000000034,1,71.183,314.787,22405.333,2023-03-04 06:00:00.000,L2FT01-FTJ023,29.93,0.000,0.666012,16605,0.435592,0.055345,0,0,0,0.4200,罗湖区,21,21,0,0,0,0,1
2023-03-04,589179428,20190000000000000003,900200000000000057,1,129.824,311.487,40433.333,2023-03-04 06:00:00.000,L2FT01-FTJ023,29.93,0.000,0.666012,16605,0.435592,0.055345,0,0,0,0.4200,罗湖区,21,21,0,0,0,0,1
2023-03-04,589179428,20190000000000000003,900200000000000057,1,129.906,312.393,40579.333,2023-03-04 06:15:00.000,L2FT01-FTJ023,29.93,0.000,0.666012,16605,0.435592,0.055345,0,0,0,0.4200,罗湖区,21,21,0,0,0,0,1
2023-03-04,589179428,20190000000000000003,900200000000000052,1,105.855,467.410,49904.000,2023-03-04 06:15:00.000,L2FT01-FTJ023,29.93,0.000,0.666012,16605,0.435592,0.055345,0,0,0,0.4200,罗湖区,21,21,0,0,0,0,1
2023-03-04,589179428,20190000000000000003,900200000000000034,1,50.310,327.340,16370.000,2023-03-04 06:15:00.000,L2FT01-FTJ023,29.93,0.000,0.666012,16605,0.435592,0.055345,0,0,0,0.4200,罗湖区,21,21,0,0,0,0,1
2023-03-04,589179428,20190000000000000003,900200000000000047,1,70.790,297.500,21060.000,2023-03-04 06:15:00.000,L2FT01-FTJ023,29.93,0.000,0.666012,16605,0.435592,0.055345,0,0,0,0.4200,罗湖区,21,21,0,0,0,0,1
2023-03-04,589179428,20190000000000000003,900200000000000049,1,149.915,311.583,46708.333,2023-03-04 06:15:00.000,L2FT01-FTJ023,29.93,0.000,0.666012,16605,0.435592,0.055345,0,0,0,0.4200,罗湖区,21,21,0,0,0,0,1
2023-03-04,589179428,20190000000000000003,900200000000000034,0,0.000,255.900,0.000,2023-03-04 06:30:00.000,L2FT01-FTJ023,29.93,0.000,0.666012,16605,0.435592,0.055345,0,0,0,0.4200,罗湖区,21,21,0,0,0,0,1
2023-03-04,589179428,20190000000000000003,900200000000000040,1,149.824,305.642,45789.167,2023-03-04 06:30:00.000,L2FT01-FTJ023,29.93,0.000,0.666012,16605,0.435592,0.055345,0,0,0,0.4200,罗湖区,21,21,0,0,0,0,1
2023-03-04,589179428,20190000000000000003,900200000000000047,1,62.208,370.100,23108.333,2023-03-04 06:30:00.000,L2FT01-FTJ023,29.93,0.000,0.666012,16605,0.435592,0.055345,0,0,0,0.4200,罗湖区,21,21,0,0,0,0,1
2023-03-04,589179428,20190000000000000003,900200000000000049,1,149.897,312.267,46805.333,2023-03-04 06:30:00.000,L2FT01-FTJ023,29.93,0.000,0.666012,16605,0.435592,0.055345,0,0,0,0.4200,罗湖区,21,21,0,0,0,0,1
2023-03-04,589179428,20190000000000000003,900200000000000052,1,129.817,472.593,61346.667,2023-03-04 06:30:00.000,L2FT01-FTJ023,29.93,0.000,0.666012,16605,0.435592,0.055345,0,0,0,0.4200,罗湖区,21,21,0,0,0,0,1
2023-03-04,589179428,20190000000000000003,900200000000000057,1,129.818,314.313,40800.000,2023-03-04 06:30:00.000,L2FT01-FTJ023,29.93,0.000,0.666012,16605,0.435592,0.055345,0,0,0,0.4200,罗湖区,21,21,0,0,0,0,1
2023-03-04,589179428,20190000000000000003,900200000000000040,1,125.886,309.227,38946.000,2023-03-04 06:45:00.000,L2FT01-FTJ023,29.93,0.000,0.666012,16605,0.435592,0.055345,0,0,0,0.4200,罗湖区,21,21,0,0,0,0,1
2023-03-04,589179428,20190000000000000003,900200000000000047,1,69.217,385.247,26652.000,2023-03-04 06:45:00.000,L2FT01-FTJ023,29.93,0.000,0.666012,16605,0.435592,0.055345,0,0,0,0.4200,罗湖区,21,21,0,0,0,0,1
2023-03-04,589179428,20190000000000000003,900200000000000049,1,149.912,313.587,47008.000,2023-03-04 06:45:00.000,L2FT01-FTJ023,29.93,0.000,0.666012,16605,0.435592,0.055345,0,0,0,0.4200,罗湖区,21,21,0,0,0,0,1
2023-03-04,589179428,20190000000000000003,900200000000000052,1,117.403,472.920,55528.000,2023-03-04 06:45:00.000,L2FT01-FTJ023,29.93,0.000,0.666012,16605,0.435592,0.055345,0,0,0,0.4200,罗湖区,21,21,0,0,0,0,1
2023-03-04,589179428,20190000000000000003,900200000000000057,1,129.793,316.587,41086.000,2023-03-04 06:45:00.000,L2FT01-FTJ023,29.93,0.000,0.666012,16605,0.435592,0.055345,0,0,0,0.4200,罗湖区,21,21,0,0,0,0,1
2023-03-04,589179428,20190000000000000003,900200000000000057,1,57.265,327.800,18722.500,2023-03-04 07:00:00.000,L2FT01-FTJ023,29.83,0.000,0.666012,16605,0.435592,0.055345,0,0,0,0.4200,罗湖区,21,21,0,0,0,0,1
2023-03-04,589179428,20190000000000000003,900200000000000052,1,83.870,472.833,39657.333,2023-03-04 07:00:00.000,L2FT01-FTJ023,29.83,0.000,0.666012,16605,0.435592,0.055345,0,0,0,0.4200,罗湖区,21,21,0,0,0,0,1
2023-03-04,589179428,20190000000000000003,900200000000000040,1,120.721,310.340,37518.000,2023-03-04 07:00:00.000,L2FT01-FTJ023,29.83,0.000,0.666012,16605,0.435592,0.055345,0,0,0,0.4200,罗湖区,21,21,0,0,0,0,1
2023-03-04,589179428,20190000000000000003,900200000000000047,1,46.925,398.100,18672.667,2023-03-04 07:00:00.000,L2FT01-FTJ023,29.83,0.000,0.666012,16605,0.435592,0.055345,0,0,0,0.4200,罗湖区,21,21,0,0,0,0,1
2023-03-04,589179428,20190000000000000003,900200000000000049,1,149.993,314.967,47240.667,2023-03-04 07:00:00.000,L2FT01-FTJ023,29.83,0.000,0.666012,16605,0.435592,0.055345,0,0,0,0.4200,罗湖区,21,21,0,0,0,0,1
2023-03-04,589179428,20190000000000000003,900200000000000040,1,106.067,310.807,33032.667,2023-03-04 07:15:00.000,L2FT01-FTJ023,29.83,0.000,0.666012,16605,0.435592,0.055345,0,0,0,0.4200,罗湖区,21,21,0,0,0,0,1
2023-03-04,589179428,20190000000000000003,900200000000000047,1,23.677,404.193,9567.333,2023-03-04 07:15:00.000,L2FT01-FTJ023,29.83,0.000,0.666012,16605,0.435592,0.055345,0,0,0,0.4200,罗湖区,21,21,0,0,0,0,1
2023-03-04,589179428,20190000000000000003,900200000000000049,1,150.000,317.000,47547.333,2023-03-04 07:15:00.000,L2FT01-FTJ023,29.83,0.000,0.666012,16605,0.435592,0.055345,0,0,0,0.4200,罗湖区,21,21,0,0,0,0,1
2023-03-04,589179428,20190000000000000003,900200000000000052,1,42.090,472.450,19887.500,2023-03-04 07:15:00.000,L2FT01-FTJ023,29.83,0.000,0.666012,16605,0.435592,0.055345,0,0,0,0.4200,罗湖区,21,21,0,0,0,0,1
2023-03-04,589179428,20190000000000000003,900200000000000040,1,111.162,312.553,34812.000,2023-03-04 07:30:00.000,L2FT01-FTJ023,29.83,0.000,0.666012,16605,0.435592,0.055345,0,0,0,0.4200,罗湖区,21,21,0,0,0,0,1
2023-03-04,589179428,20190000000000000003,900200000000000047,1,17.590,406.200,7144.000,2023-03-04 07:30:00.000,L2FT01-FTJ023,29.83,0.000,0.666012,16605,0.435592,0.055345,0,0,0,0.4200,罗湖区,21,21,0,0,0,0,1
2023-03-04,589179428,20190000000000000003,900200000000000049,1,150.000,323.500,48525.000,2023-03-04 07:30:00.000,L2FT01-FTJ023,29.83,0.000,0.666012,16605,0.435592,0.055345,0,0,0,0.4200,罗湖区,21,21,0,0,0,0,1
2023-03-04,589179428,20190000000000000003,900200000000000040,1,106.930,313.333,33563.333,2023-03-04 07:45:00.000,L2FT01-FTJ023,29.83,0.000,0.666012,16605,0.435592,0.055345,0,0,0,0.4200,罗湖区,21,21,0,0,0,0,1
2023-03-04,589179428,20190000000000000003,900200000000000057,1,124.593,369.600,46218.571,2023-03-04 08:15:00.000,L2FT01-FTJ023,29.53,0.000,0.666012,16605,0.435592,0.055345,0,0,0,0.4200,罗湖区,21,21,0,0,0,0,1
2023-03-04,589179428,20190000000000000003,900200000000000057,1,212.833,374.047,79612.000,2023-03-04 08:30:00.000,L2FT01-FTJ023,29.53,0.000,0.666012,16605,0.435592,0.055345,0,0,0,0.4200,罗湖区,21,21,0,0,0,0,1
2023-03-04,589179428,20190000000000000003,900200000000000057,1,161.881,373.173,60437.333,2023-03-04 08:45:00.000,L2FT01-FTJ023,29.53,0.000,0.666012,16605,0.435592,0.055345,0,0,0,0.4200,罗湖区,21,21,0,0,0,0,1
2023-03-04,589179428,20190000000000000003,900200000000000044,1,149.740,388.750,58210.000,2023-03-04 09:00:00.000,L2FT01-FTJ023,29.05,0.000,0.666012,16605,0.435592,0.055345,0,0,0,0.4200,罗湖区,21,21,0,0,0,0,1
2023-03-04,589179428,20190000000000000003,900200000000000057,1,57.027,370.067,21132.500,2023-03-04 09:00:00.000,L2FT01-FTJ023,29.05,0.000,0.666012,16605,0.435592,0.055345,0,0,0,0.4200,罗湖区,21,21,0,0,0,0,1
2023-03-04,589179428,20190000000000000003,900200000000000044,1,146.766,396.240,58134.667,2023-03-04 09:15:00.000,L2FT01-FTJ023,29.05,0.000,0.666012,16605,0.435592,0.055345,0,0,0,0.4200,罗湖区,21,21,0,0,0,0,1
2023-03-04,589179428,20190000000000000003,900200000000000034,1,95.045,329.800,31345.000,2023-03-04 12:15:00.000,L2FT01-FTJ023,26.93,0.000,0.666012,16605,0.435592,0.055345,0,0,0,0.4200,罗湖区,21,21,0,0,0,0,1
2023-03-04,589179428,20190000000000000003,900200000000000034,1,91.829,331.987,30486.000,2023-03-04 12:30:00.000,L2FT01-FTJ023,26.93,0.000,0.666012,16605,0.435592,0.055345,0,0,0,0.4200,罗湖区,21,21,0,0,0,0,1
2023-03-04,589179428,20190000000000000003,900200000000000034,1,37.223,334.056,12438.889,2023-03-04 12:45:00.000,L2FT01-FTJ023,26.93,0.000,0.666012,16605,0.435592,0.055345,0,0,0,0.4200,罗湖区,21,21,0,0,0,0,1
2023-03-04,589179428,20190000000000000003,900200000000000038,1,74.845,310.450,23460.000,2023-03-04 13:30:00.000,L2FT01-FTJ023,26.15,0.000,0.666012,16605,0.435592,0.055345,0,0,0,0.4200,罗湖区,21,21,0,0,0,0,1
2023-03-04,589179428,20190000000000000003,900200000000000045,1,14.790,351.500,5200.000,2023-03-04 14:00:00.000,L2FT01-FTJ023,25.43,0.000,0.666012,16605,0.435592,0.055345,0,0,0,0.4200,罗湖区,21,21,0,0,0,0,1
2023-03-04,589179428,20190000000000000003,900200000000000045,1,79.425,363.127,28844.667,2023-03-04 14:15:00.000,L2FT01-FTJ023,25.43,0.000,0.666012,16605,0.435592,0.055345,0,0,0,0.4200,罗湖区,21,21,0,0,0,0,1
2023-03-04,589179428,20190000000000000003,900200000000000045,1,116.821,364.453,42573.333,2023-03-04 14:30:00.000,L2FT01-FTJ023,25.43,0.000,0.666012,16605,0.435592,0.055345,0,0,0,0.4200,罗湖区,21,21,0,0,0,0,1
2023-03-04,589179428,20190000000000000003,900200000000000045,1,52.708,364.192,19185.385,2023-03-04 14:45:00.000,L2FT01-FTJ023,25.43,0.000,0.666012,16605,0.435592,0.055345,0,0,0,0.4200,罗湖区,21,21,0,0,0,0,1
2023-03-04,589179428,20190000000000000003,900200000000000048,1,129.800,304.900,39570.000,2023-03-04 16:30:00.000,L2FT01-FTJ023,24.33,0.000,0.666012,16605,0.435592,0.055345,0,0,0,0.4200,罗湖区,21,21,0,0,0,0,1
2023-03-04,589179428,20190000000000000003,900200000000000048,1,129.866,309.347,40170.667,2023-03-04 16:45:00.000,L2FT01-FTJ023,24.33,0.000,0.666012,16605,0.435592,0.055345,0,0,0,0.4200,罗湖区,21,21,0,0,0,0,1
2023-03-04,589179428,20190000000000000003,900200000000000048,1,129.890,310.647,40348.667,2023-03-04 17:00:00.000,L2FT01-FTJ023,24.03,0.000,0.666012,16605,0.435592,0.055345,0,0,0,0.4200,罗湖区,21,21,0,0,0,0,1
2023-03-04,589179428,20190000000000000003,900200000000000048,1,129.899,312.240,40556.667,2023-03-04 17:15:00.000,L2FT01-FTJ023,24.03,0.000,0.666012,16605,0.435592,0.055345,0,0,0,0.4200,罗湖区,21,21,0,0,0,0,1
2023-03-04,589179428,20190000000000000003,900200000000000040,1,49.534,355.740,17842.000,2023-03-04 17:15:00.000,L2FT01-FTJ023,24.03,0.000,0.666012,16605,0.435592,0.055345,0,0,0,0.4200,罗湖区,21,21,0,0,0,0,1
2023-03-04,589179428,20190000000000000003,900200000000000047,1,149.060,471.564,70992.143,2023-03-04 17:15:00.000,L2FT01-FTJ023,24.03,0.000,0.666012,16605,0.435592,0.055345,0,0,0,0.4200,罗湖区,21,21,0,0,0,0,1
2023-03-04,589179428,20190000000000000003,900200000000000040,1,61.790,370.153,22872.000,2023-03-04 17:30:00.000,L2FT01-FTJ023,24.03,0.000,0.666012,16605,0.435592,0.055345,0,0,0,0.4200,罗湖区,21,21,0,0,0,0,1
2023-03-04,589179428,20190000000000000003,900200000000000042,1,63.974,361.890,23494.000,2023-03-04 17:30:00.000,L2FT01-FTJ023,24.03,0.000,0.666012,16605,0.435592,0.055345,0,0,0,0.4200,罗湖区,21,21,0,0,0,0,1
2023-03-04,589179428,20190000000000000003,900200000000000047,1,149.913,476.900,71500.000,2023-03-04 17:30:00.000,L2FT01-FTJ023,24.03,0.000,0.666012,16605,0.435592,0.055345,0,0,0,0.4200,罗湖区,21,21,0,0,0,0,1
2023-03-04,589179428,20190000000000000003,900200000000000048,1,130.000,313.933,40806.667,2023-03-04 17:30:00.000,L2FT01-FTJ023,24.03,0.000,0.666012,16605,0.435592,0.055345,0,0,0,0.4200,罗湖区,21,21,0,0,0,0,1
2023-03-04,589179428,20190000000000000003,900200000000000040,1,61.790,379.353,23438.000,2023-03-04 17:45:00.000,L2FT01-FTJ023,24.03,0.000,0.666012,16605,0.435592,0.055345,0,0,0,0.4200,罗湖区,21,21,0,0,0,0,1
2023-03-04,589179428,20190000000000000003,900200000000000042,1,58.777,368.860,21658.000,2023-03-04 17:45:00.000,L2FT01-FTJ023,24.03,0.000,0.666012,16605,0.435592,0.055345,0,0,0,0.4200,罗湖区,21,21,0,0,0,0,1
2023-03-04,589179428,20190000000000000003,900200000000000047,1,91.411,476.507,43558.667,2023-03-04 17:45:00.000,L2FT01-FTJ023,24.03,0.000,0.666012,16605,0.435592,0.055345,0,0,0,0.4200,罗湖区,21,21,0,0,0,0,1
2023-03-04,589179428,20190000000000000003,900200000000000048,1,130.000,315.260,40979.333,2023-03-04 17:45:00.000,L2FT01-FTJ023,24.03,0.000,0.666012,16605,0.435592,0.055345,0,0,0,0.4200,罗湖区,21,21,0,0,0,0,1
2023-03-04,589179428,20190000000000000003,900200000000000047,1,35.290,475.850,16795.000,2023-03-04 18:00:00.000,L2FT01-FTJ023,23.93,0.000,0.666012,16605,0.435592,0.055345,0,0,0,0.4200,罗湖区,21,21,0,0,0,0,1
2023-03-04,589179428,20190000000000000003,900200000000000035,1,79.790,368.250,29380.000,2023-03-04 18:00:00.000,L2FT01-FTJ023,23.93,0.000,0.666012,16605,0.435592,0.055345,0,0,0,0.4200,罗湖区,21,21,0,0,0,0,1
2023-03-04,589179428,20190000000000000003,900200000000000040,1,41.957,382.980,16067.333,2023-03-04 18:00:00.000,L2FT01-FTJ023,23.93,0.000,0.666012,16605,0.435592,0.055345,0,0,0,0.4200,罗湖区,21,21,0,0,0,0,1
2023-03-04,589179428,20190000000000000003,900200000000000048,1,119.982,320.433,38388.333,2023-03-04 18:00:00.000,L2FT01-FTJ023,23.93,0.000,0.666012,16605,0.435592,0.055345,0,0,0,0.4200,罗湖区,21,21,0,0,0,0,1
2023-03-04,589179428,20190000000000000003,900200000000000040,1,22.601,383.320,8660.667,2023-03-04 18:15:00.000,L2FT01-FTJ023,23.93,0.000,0.666012,16605,0.435592,0.055345,0,0,0,0.4200,罗湖区,21,21,0,0,0,0,1
2023-03-04,589179428,20190000000000000003,900200000000000035,1,70.393,374.880,26367.333,2023-03-04 18:15:00.000,L2FT01-FTJ023,23.93,0.000,0.666012,16605,0.435592,0.055345,0,0,0,0.4200,罗湖区,21,21,0,0,0,0,1
2023-03-04,589179428,20190000000000000003,900200000000000035,1,40.619,380.247,15436.000,2023-03-04 18:30:00.000,L2FT01-FTJ023,23.93,0.000,0.666012,16605,0.435592,0.055345,0,0,0,0.4200,罗湖区,21,21,0,0,0,0,1
2023-03-04,589179428,20190000000000000003,900200000000000040,1,10.072,383.080,3855.333,2023-03-04 18:30:00.000,L2FT01-FTJ023,23.93,0.000,0.666012,16605,0.435592,0.055345,0,0,0,0.4200,罗湖区,21,21,0,0,0,0,1
2023-03-04,589179428,20190000000000000003,900200000000000035,1,23.478,382.967,8988.000,2023-03-04 18:45:00.000,L2FT01-FTJ023,23.93,0.000,0.666012,16605,0.435592,0.055345,0,0,0,0.4200,罗湖区,21,21,0,0,0,0,1
2023-03-04,589179428,20190000000000000003,900200000000000040,1,10.018,384.180,3846.000,2023-03-04 18:45:00.000,L2FT01-FTJ023,23.93,0.000,0.666012,16605,0.435592,0.055345,0,0,0,0.4200,罗湖区,21,21,0,0,0,0,1
2023-03-04,589179428,20190000000000000003,900200000000000035,1,19.810,385.260,7630.667,2023-03-04 19:00:00.000,L2FT01-FTJ023,24.03,0.000,0.666012,16605,0.435592,0.055345,0,0,0,0.4200,罗湖区,21,21,0,0,0,0,1
2023-03-04,589179428,20190000000000000003,900200000000000035,1,19.830,387.827,7690.000,2023-03-04 19:15:00.000,L2FT01-FTJ023,24.03,0.000,0.666012,16605,0.435592,0.055345,0,0,0,0.4200,罗湖区,21,21,0,0,0,0,1
2023-03-04,589179428,20190000000000000003,900200000000000035,1,19.830,389.600,7726.000,2023-03-04 19:30:00.000,L2FT01-FTJ023,24.03,0.000,0.666012,16605,0.435592,0.055345,0,0,0,0.4200,罗湖区,21,21,0,0,0,0,1
2023-03-04,589179428,20190000000000000003,900200000000000049,1,111.807,366.862,41013.846,2023-03-04 19:30:00.000,L2FT01-FTJ023,24.03,0.000,0.666012,16605,0.435592,0.055345,0,0,0,0.4200,罗湖区,21,21,0,0,0,0,1
2023-03-04,589179428,20190000000000000003,900200000000000031,1,199.807,313.583,62649.167,2023-03-04 19:45:00.000,L2FT01-FTJ023,24.03,0.000,0.666012,16605,0.435592,0.055345,0,0,0,0.4200,罗湖区,21,21,0,0,0,0,1
2023-03-04,589179428,20190000000000000003,900200000000000049,1,91.742,381.993,34996.000,2023-03-04 19:45:00.000,L2FT01-FTJ023,24.03,0.000,0.666012,16605,0.435592,0.055345,0,0,0,0.4200,罗湖区,21,21,0,0,0,0,1
2023-03-04,589179428,20190000000000000003,900200000000000031,1,199.800,316.093,63148.667,2023-03-04 20:00:00.000,L2FT01-FTJ023,24.33,0.000,0.666012,16605,0.435592,0.055345,0,0,0,0.4200,罗湖区,21,21,0,0,0,0,1
2023-03-04,589179428,20190000000000000003,900200000000000049,1,38.570,384.140,14814.000,2023-03-04 20:00:00.000,L2FT01-FTJ023,24.33,0.000,0.666012,16605,0.435592,0.055345,0,0,0,0.4200,罗湖区,21,21,0,0,0,0,1
2023-03-04,589179428,20190000000000000003,900200000000000039,1,20.390,341.600,6960.000,2023-03-04 20:15:00.000,L2FT01-FTJ023,24.33,0.000,0.666012,16605,0.435592,0.055345,0,0,0,0.4200,罗湖区,21,21,0,0,0,0,1
2023-03-04,589179428,20190000000000000003,900200000000000031,1,199.812,317.527,63439.333,2023-03-04 20:15:00.000,L2FT01-FTJ023,24.33,0.000,0.666012,16605,0.435592,0.055345,0,0,0,0.4200,罗湖区,21,21,0,0,0,0,1
2023-03-04,589179428,20190000000000000003,900200000000000031,1,199.800,320.575,64045.000,2023-03-04 20:30:00.000,L2FT01-FTJ023,24.33,0.000,0.666012,16605,0.435592,0.055345,0,0,0,0.4200,罗湖区,21,21,0,0,0,0,1
2023-03-04,589179428,20190000000000000003,900200000000000039,1,239.011,375.900,89838.000,2023-03-04 20:30:00.000,L2FT01-FTJ023,24.33,0.000,0.666012,16605,0.435592,0.055345,0,0,0,0.4200,罗湖区,21,21,0,0,0,0,1
2023-03-04,589179428,20190000000000000003,900200000000000039,1,195.597,393.727,76944.000,2023-03-04 20:45:00.000,L2FT01-FTJ023,24.33,0.000,0.666012,16605,0.435592,0.055345,0,0,0,0.4200,罗湖区,21,21,0,0,0,0,1
2023-03-04,589179428,20190000000000000003,900200000000000039,1,154.830,403.500,62455.000,2023-03-04 21:00:00.000,L2FT01-FTJ023,24.81,0.000,0.666012,16605,0.435592,0.055345,0,0,0,0.4200,罗湖区,21,21,0,0,0,0,1
2023-03-04,589179428,20190000000000000003,900200000000000037,1,149.857,311.533,46683.333,2023-03-04 21:15:00.000,L2FT01-FTJ023,24.81,0.000,0.666012,16605,0.435592,0.055345,0,0,0,0.4200,罗湖区,21,21,0,0,0,0,1
2023-03-04,589179428,20190000000000000003,900200000000000039,1,84.583,412.791,34925.455,2023-03-04 21:15:00.000,L2FT01-FTJ023,24.81,0.000,0.666012,16605,0.435592,0.055345,0,0,0,0.4200,罗湖区,21,21,0,0,0,0,1
2023-03-04,589179428,20190000000000000003,900200000000000047,1,70.036,311.143,21938.571,2023-03-04 21:15:00.000,L2FT01-FTJ023,24.81,0.000,0.666012,16605,0.435592,0.055345,0,0,0,0.4200,罗湖区,21,21,0,0,0,0,1
2023-03-04,589179428,20190000000000000003,900200000000000037,1,149.863,312.447,46822.667,2023-03-04 21:30:00.000,L2FT01-FTJ023,24.81,0.000,0.666012,16605,0.435592,0.055345,0,0,0,0.4200,罗湖区,21,21,0,0,0,0,1
2023-03-04,589179428,20190000000000000003,900200000000000039,1,64.890,413.533,26842.667,2023-03-04 21:30:00.000,L2FT01-FTJ023,24.81,0.000,0.666012,16605,0.435592,0.055345,0,0,0,0.4200,罗湖区,21,21,0,0,0,0,1
2023-03-04,589179428,20190000000000000003,900200000000000047,1,78.103,316.573,24720.000,2023-03-04 21:30:00.000,L2FT01-FTJ023,24.81,0.000,0.666012,16605,0.435592,0.055345,0,0,0,0.4200,罗湖区,21,21,0,0,0,0,1
2023-03-04,589179428,20190000000000000003,900200000000000047,1,74.290,322.480,23954.000,2023-03-04 21:45:00.000,L2FT01-FTJ023,24.81,0.000,0.666012,16605,0.435592,0.055345,0,0,0,0.4200,罗湖区,21,21,0,0,0,0,1
2023-03-04,589179428,20190000000000000003,900200000000000037,1,149.865,314.140,47076.667,2023-03-04 21:45:00.000,L2FT01-FTJ023,24.81,0.000,0.666012,16605,0.435592,0.055345,0,0,0,0.4200,罗湖区,21,21,0,0,0,0,1
2023-03-04,589179428,20190000000000000003,900200000000000039,1,23.157,411.560,9527.333,2023-03-04 21:45:00.000,L2FT01-FTJ023,24.81,0.000,0.666012,16605,0.435592,0.055345,0,0,0,0.4200,罗湖区,21,21,0,0,0,0,1
2023-03-04,589179428,20190000000000000003,900200000000000039,1,13.790,420.550,5800.000,2023-03-04 22:00:00.000,L2FT01-FTJ023,25.43,0.000,0.666012,16605,0.435592,0.055345,0,0,0,0.4200,罗湖区,21,21,0,0,0,0,1
2023-03-04,589179428,20190000000000000003,900200000000000047,1,56.693,328.720,18626.000,2023-03-04 22:00:00.000,L2FT01-FTJ023,25.43,0.000,0.666012,16605,0.435592,0.055345,0,0,0,0.4200,罗湖区,21,21,0,0,0,0,1
2023-03-04,589179428,20190000000000000003,900200000000000037,1,149.905,316.013,47369.333,2023-03-04 22:00:00.000,L2FT01-FTJ023,25.43,0.000,0.666012,16605,0.435592,0.055345,0,0,0,0.4200,罗湖区,21,21,0,0,0,0,1
2023-03-04,589179428,20190000000000000003,900200000000000037,1,90.901,322.917,29120.833,2023-03-04 22:15:00.000,L2FT01-FTJ023,25.43,0.000,0.666012,16605,0.435592,0.055345,0,0,0,0.4200,罗湖区,21,21,0,0,0,0,1
2023-03-04,589179428,20190000000000000003,900200000000000047,1,28.534,331.160,9448.667,2023-03-04 22:15:00.000,L2FT01-FTJ023,25.43,0.000,0.666012,16605,0.435592,0.055345,0,0,0,0.4200,罗湖区,21,21,0,0,0,0,1
2023-03-04,589179428,20190000000000000003,900200000000000047,1,25.890,332.800,8610.000,2023-03-04 22:30:00.000,L2FT01-FTJ023,25.43,0.000,0.666012,16605,0.435592,0.055345,0,0,0,0.4200,罗湖区,21,21,0,0,0,0,1
2023-03-05,589179428,20190000000000000003,900200000000000039,1,62.921,314.671,21408.571,2023-03-05 00:00:00.000,L2FT01-FTJ023,26.93,0.000,0.666012,16605,0.435592,0.055345,0,0,0,0.4200,罗湖区,21,21,0,0,0,0,1
2023-03-05,589179428,20190000000000000003,900200000000000039,1,100.070,351.493,35154.667,2023-03-05 00:15:00.000,L2FT01-FTJ023,26.93,0.000,0.666012,16605,0.435592,0.055345,0,0,0,0.4200,罗湖区,21,21,0,0,0,0,1
2023-03-05,589179428,20190000000000000003,900200000000000039,1,70.597,365.260,25754.000,2023-03-05 00:30:00.000,L2FT01-FTJ023,26.93,0.000,0.666012,16605,0.435592,0.055345,0,0,0,0.4200,罗湖区,21,21,0,0,0,0,1
2023-03-05,589179428,20190000000000000003,900200000000000039,1,42.217,372.293,15716.000,2023-03-05 00:45:00.000,L2FT01-FTJ023,26.93,0.000,0.666012,16605,0.435592,0.055345,0,0,0,0.4200,罗湖区,21,21,0,0,0,0,1
2023-03-05,589179428,20190000000000000003,900200000000000039,1,22.523,376.927,8494.000,2023-03-05 01:00:00.000,L2FT01-FTJ023,27.70,0.000,0.666012,16605,0.435592,0.055345,0,0,0,0.4200,罗湖区,21,21,0,0,0,0,1
2023-03-05,589179428,20190000000000000003,900200000000000039,1,12.777,378.280,4831.333,2023-03-05 01:15:00.000,L2FT01-FTJ023,27.70,0.000,0.666012,16605,0.435592,0.055345,0,0,0,0.4200,罗湖区,21,21,0,0,0,0,1
2023-03-05,589179428,20190000000000000003,900200000000000039,1,12.790,379.500,4850.000,2023-03-05 01:30:00.000,L2FT01-FTJ023,27.70,0.000,0.666012,16605,0.435592,0.055345,0,0,0,0.4200,罗湖区,21,21,0,0,0,0,1
2023-03-05,589179428,20190000000000000003,900200000000000038,1,164.811,307.471,50670.000,2023-03-05 01:45:00.000,L2FT01-FTJ023,27.70,0.000,0.666012,16605,0.435592,0.055345,0,0,0,0.4200,罗湖区,21,21,0,0,0,0,1
2023-03-05,589179428,20190000000000000003,900200000000000038,1,164.860,311.553,51359.333,2023-03-05 02:00:00.000,L2FT01-FTJ023,28.43,0.000,0.666012,16605,0.435592,0.055345,0,0,0,0.4200,罗湖区,21,21,0,0,0,0,1
2023-03-05,589179428,20190000000000000003,900200000000000038,1,164.866,313.007,51600.667,2023-03-05 02:15:00.000,L2FT01-FTJ023,28.43,0.000,0.666012,16605,0.435592,0.055345,0,0,0,0.4200,罗湖区,21,21,0,0,0,0,1
2023-03-05,589179428,20190000000000000003,900200000000000038,1,164.849,315.013,51925.333,2023-03-05 02:30:00.000,L2FT01-FTJ023,28.43,0.000,0.666012,16605,0.435592,0.055345,0,0,0,0.4200,罗湖区,21,21,0,0,0,0,1
2023-03-05,589179428,20190000000000000003,900200000000000040,1,20.000,379.400,7580.000,2023-03-05 02:45:00.000,L2FT01-FTJ023,28.43,0.000,0.666012,16605,0.435592,0.055345,0,0,0,0.4200,罗湖区,21,21,0,0,0,0,1
2023-03-05,589179428,20190000000000000003,900200000000000038,1,163.860,317.447,52007.333,2023-03-05 02:45:00.000,L2FT01-FTJ023,28.43,0.000,0.666012,16605,0.435592,0.055345,0,0,0,0.4200,罗湖区,21,21,0,0,0,0,1
2023-03-05,589179428,20190000000000000003,900200000000000038,1,45.494,324.314,14711.429,2023-03-05 03:00:00.000,L2FT01-FTJ023,29.05,0.000,0.666012,16605,0.435592,0.055345,0,0,0,0.4200,罗湖区,21,21,0,0,0,0,1
2023-03-05,589179428,20190000000000000003,900200000000000040,1,61.069,470.153,28711.333,2023-03-05 03:00:00.000,L2FT01-FTJ023,29.05,0.000,0.666012,16605,0.435592,0.055345,0,0,0,0.4200,罗湖区,21,21,0,0,0,0,1
2023-03-05,589179428,20190000000000000003,900200000000000038,1,209.832,437.618,91823.636,2023-03-05 03:15:00.000,L2FT01-FTJ023,29.05,0.000,0.666012,16605,0.435592,0.055345,0,0,0,0.4200,罗湖区,21,21,0,0,0,0,1
2023-03-05,589179428,20190000000000000003,900200000000000040,1,63.941,470.220,30064.000,2023-03-05 03:15:00.000,L2FT01-FTJ023,29.05,0.000,0.666012,16605,0.435592,0.055345,0,0,0,0.4200,罗湖区,21,21,0,0,0,0,1
2023-03-05,589179428,20190000000000000003,900200000000000038,1,123.213,430.513,53157.333,2023-03-05 03:30:00.000,L2FT01-FTJ023,29.05,0.000,0.666012,16605,0.435592,0.055345,0,0,0,0.4200,罗湖区,21,21,0,0,0,0,1
2023-03-05,589179428,20190000000000000003,900200000000000040,1,63.949,470.287,30070.667,2023-03-05 03:30:00.000,L2FT01-FTJ023,29.05,0.000,0.666012,16605,0.435592,0.055345,0,0,0,0.4200,罗湖区,21,21,0,0,0,0,1
2023-03-05,589179428,20190000000000000003,900200000000000038,1,75.277,428.467,32269.333,2023-03-05 03:45:00.000,L2FT01-FTJ023,29.05,0.000,0.666012,16605,0.435592,0.055345,0,0,0,0.4200,罗湖区,21,21,0,0,0,0,1
2023-03-05,589179428,20190000000000000003,900200000000000040,1,63.941,470.347,30072.000,2023-03-05 03:45:00.000,L2FT01-FTJ023,29.05,0.000,0.666012,16605,0.435592,0.055345,0,0,0,0.4200,罗湖区,21,21,0,0,0,0,1
2023-03-05,589179428,20190000000000000003,900200000000000038,1,48.790,436.500,21236.667,2023-03-05 04:00:00.000,L2FT01-FTJ023,29.53,0.000,0.666012,16605,0.435592,0.055345,0,0,0,0.4200,罗湖区,21,21,0,0,0,0,1
2023-03-05,589179428,20190000000000000003,900200000000000040,1,63.956,470.320,30076.667,2023-03-05 04:00:00.000,L2FT01-FTJ023,29.53,0.000,0.666012,16605,0.435592,0.055345,0,0,0,0.4200,罗湖区,21,21,0,0,0,0,1
2023-03-05,589179428,20190000000000000003,900200000000000040,1,63.949,470.360,30074.667,2023-03-05 04:15:00.000,L2FT01-FTJ023,29.53,0.000,0.666012,16605,0.435592,0.055345,0,0,0,0.4200,罗湖区,21,21,0,0,0,0,1
2023-03-05,589179428,20190000000000000003,900200000000000048,1,129.813,309.829,40215.000,2023-03-05 04:30:00.000,L2FT01-FTJ023,29.53,0.000,0.666012,16605,0.435592,0.055345,0,0,0,0.4200,罗湖区,21,21,0,0,0,0,1
2023-03-05,589179428,20190000000000000003,900200000000000035,1,129.775,354.030,45964.000,2023-03-05 04:30:00.000,L2FT01-FTJ023,29.53,0.000,0.666012,16605,0.435592,0.055345,0,0,0,0.4200,罗湖区,21,21,0,0,0,0,1
2023-03-05,589179428,20190000000000000003,900200000000000040,1,63.956,470.367,30079.333,2023-03-05 04:30:00.000,L2FT01-FTJ023,29.53,0.000,0.666012,16605,0.435592,0.055345,0,0,0,0.4200,罗湖区,21,21,0,0,0,0,1
2023-03-05,589179428,20190000000000000003,900200000000000048,1,129.800,310.920,40354.000,2023-03-05 04:45:00.000,L2FT01-FTJ023,29.53,0.000,0.666012,16605,0.435592,0.055345,0,0,0,0.4200,罗湖区,21,21,0,0,0,0,1
2023-03-05,589179428,20190000000000000003,900200000000000035,1,122.341,363.573,44442.667,2023-03-05 04:45:00.000,L2FT01-FTJ023,29.53,0.000,0.666012,16605,0.435592,0.055345,0,0,0,0.4200,罗湖区,21,21,0,0,0,0,1
2023-03-05,589179428,20190000000000000003,900200000000000040,1,42.632,469.960,20036.000,2023-03-05 04:45:00.000,L2FT01-FTJ023,29.53,0.000,0.666012,16605,0.435592,0.055345,0,0,0,0.4200,罗湖区,21,21,0,0,0,0,1
2023-03-05,589179428,20190000000000000003,900200000000000035,1,96.290,378.047,36372.000,2023-03-05 05:00:00.000,L2FT01-FTJ023,29.83,0.000,0.666012,16605,0.435592,0.055345,0,0,0,0.4200,罗湖区,21,21,0,0,0,0,1
2023-03-05,589179428,20190000000000000003,900200000000000048,1,129.811,312.213,40524.000,2023-03-05 05:00:00.000,L2FT01-FTJ023,29.83,0.000,0.666012,16605,0.435592,0.055345,0,0,0,0.4200,罗湖区,21,21,0,0,0,0,1
2023-03-05,589179428,20190000000000000003,900200000000000035,1,50.459,388.287,19574.000,2023-03-05 05:15:00.000,L2FT01-FTJ023,29.83,0.000,0.666012,16605,0.435592,0.055345,0,0,0,0.4200,罗湖区,21,21,0,0,0,0,1
2023-03-05,589179428,20190000000000000003,900200000000000042,1,142.994,310.500,44394.444,2023-03-05 05:15:00.000,L2FT01-FTJ023,29.83,0.000,0.666012,16605,0.435592,0.055345,0,0,0,0.4200,罗湖区,21,21,0,0,0,0,1
2023-03-05,589179428,20190000000000000003,900200000000000047,1,143.396,310.627,44539.091,2023-03-05 05:15:00.000,L2FT01-FTJ023,29.83,0.000,0.666012,16605,0.435592,0.055345,0,0,0,0.4200,罗湖区,21,21,0,0,0,0,1
2023-03-05,589179428,20190000000000000003,900200000000000048,1,129.963,313.880,40789.333,2023-03-05 05:15:00.000,L2FT01-FTJ023,29.83,0.000,0.666012,16605,0.435592,0.055345,0,0,0,0.4200,罗湖区,21,21,0,0,0,0,1
2023-03-05,589179428,20190000000000000003,900200000000000031,1,118.628,297.017,36710.000,2023-03-05 05:30:00.000,L2FT01-FTJ023,29.83,0.000,0.666012,16605,0.435592,0.055345,0,0,0,0.4200,罗湖区,21,21,0,0,0,0,1
2023-03-05,589179428,20190000000000000003,900200000000000035,1,24.605,393.185,9676.154,2023-03-05 05:30:00.000,L2FT01-FTJ023,29.83,0.000,0.666012,16605,0.435592,0.055345,0,0,0,0.4200,罗湖区,21,21,0,0,0,0,1
2023-03-05,589179428,20190000000000000003,900200000000000042,1,142.897,311.227,44472.000,2023-03-05 05:30:00.000,L2FT01-FTJ023,29.83,0.000,0.666012,16605,0.435592,0.055345,0,0,0,0.4200,罗湖区,21,21,0,0,0,0,1
2023-03-05,589179428,20190000000000000003,900200000000000047,1,143.293,311.373,44614.000,2023-03-05 05:30:00.000,L2FT01-FTJ023,29.83,0.000,0.666012,16605,0.435592,0.055345,0,0,0,0.4200,罗湖区,21,21,0,0,0,0,1
2023-03-05,589179428,20190000000000000003,900200000000000048,1,129.985,315.440,40998.667,2023-03-05 05:30:00.000,L2FT01-FTJ023,29.83,0.000,0.666012,16605,0.435592,0.055345,0,0,0,0.4200,罗湖区,21,21,0,0,0,0,1
2023-03-05,589179428,20190000000000000003,900200000000000042,1,142.963,312.607,44686.667,2023-03-05 05:45:00.000,L2FT01-FTJ023,29.83,0.000,0.666012,16605,0.435592,0.055345,0,0,0,0.4200,罗湖区,21,21,0,0,0,0,1
2023-03-05,589179428,20190000000000000003,900200000000000048,1,78.451,324.957,25282.857,2023-03-05 05:45:00.000,L2FT01-FTJ023,29.83,0.000,0.666012,16605,0.435592,0.055345,0,0,0,0.4200,罗湖区,21,21,0,0,0,0,1
2023-03-05,589179428,20190000000000000003,900200000000000031,1,142.130,310.453,44121.333,2023-03-05 05:45:00.000,L2FT01-FTJ023,29.83,0.000,0.666012,16605,0.435592,0.055345,0,0,0,0.4200,罗湖区,21,21,0,0,0,0,1
2023-03-05,589179428,20190000000000000003,900200000000000047,1,143.300,312.860,44827.333,2023-03-05 05:45:00.000,L2FT01-FTJ023,29.83,0.000,0.666012,16605,0.435592,0.055345,0,0,0,0.4200,罗湖区,21,21,0,0,0,0,1
2023-03-05,589179428,20190000000000000003,900200000000000031,1,142.123,311.740,44304.667,2023-03-05 06:00:00.000,L2FT01-FTJ023,29.93,0.000,0.666012,16605,0.435592,0.055345,0,0,0,0.4200,罗湖区,21,21,0,0,0,0,1
2023-03-05,589179428,20190000000000000003,900200000000000042,1,143.000,314.113,44913.333,2023-03-05 06:00:00.000,L2FT01-FTJ023,29.93,0.000,0.666012,16605,0.435592,0.055345,0,0,0,0.4200,罗湖区,21,21,0,0,0,0,1
2023-03-05,589179428,20190000000000000003,900200000000000047,1,143.293,314.260,45026.000,2023-03-05 06:00:00.000,L2FT01-FTJ023,29.93,0.000,0.666012,16605,0.435592,0.055345,0,0,0,0.4200,罗湖区,21,21,0,0,0,0,1
2023-03-05,589179428,20190000000000000003,900200000000000031,1,142.183,313.427,44562.000,2023-03-05 06:15:00.000,L2FT01-FTJ023,29.93,0.000,0.666012,16605,0.435592,0.055345,0,0,0,0.4200,罗湖区,21,21,0,0,0,0,1
2023-03-05,589179428,20190000000000000003,900200000000000042,1,133.212,317.060,42188.667,2023-03-05 06:15:00.000,L2FT01-FTJ023,29.93,0.000,0.666012,16605,0.435592,0.055345,0,0,0,0.4200,罗湖区,21,21,0,0,0,0,1
2023-03-05,589179428,20190000000000000003,900200000000000047,1,143.300,315.740,45240.667,2023-03-05 06:15:00.000,L2FT01-FTJ023,29.93,0.000,0.666012,16605,0.435592,0.055345,0,0,0,0.4200,罗湖区,21,21,0,0,0,0,1
2023-03-05,589179428,20190000000000000003,900200000000000047,1,85.676,320.845,27370.000,2023-03-05 06:30:00.000,L2FT01-FTJ023,29.93,0.000,0.666012,16605,0.435592,0.055345,0,0,0,0.4200,罗湖区,21,21,0,0,0,0,1
2023-03-05,589179428,20190000000000000003,900200000000000031,1,142.097,314.913,44746.667,2023-03-05 06:30:00.000,L2FT01-FTJ023,29.93,0.000,0.666012,16605,0.435592,0.055345,0,0,0,0.4200,罗湖区,21,21,0,0,0,0,1
2023-03-05,589179428,20190000000000000003,900200000000000042,1,29.790,326.967,9736.667,2023-03-05 06:30:00.000,L2FT01-FTJ023,29.93,0.000,0.666012,16605,0.435592,0.055345,0,0,0,0.4200,罗湖区,21,21,0,0,0,0,1
2023-03-05,589179428,20190000000000000003,900200000000000031,1,115.790,322.386,37137.143,2023-03-05 06:45:00.000,L2FT01-FTJ023,29.93,0.000,0.666012,16605,0.435592,0.055345,0,0,0,0.4200,罗湖区,21,21,0,0,0,0,1
2023-03-05,589179428,20190000000000000003,900200000000000031,1,49.898,342.779,17102.857,2023-03-05 07:30:00.000,L2FT01-FTJ023,29.83,0.000,0.666012,16605,0.435592,0.055345,0,0,0,0.4200,罗湖区,21,21,0,0,0,0,1
2023-03-05,589179428,20190000000000000003,900200000000000031,1,47.870,358.960,17170.667,2023-03-05 07:45:00.000,L2FT01-FTJ023,29.83,0.000,0.666012,16605,0.435592,0.055345,0,0,0,0.4200,罗湖区,21,21,0,0,0,0,1
2023-03-05,589179428,20190000000000000003,900200000000000031,1,16.210,363.693,5894.000,2023-03-05 08:00:00.000,L2FT01-FTJ023,29.53,0.000,0.666012,16605,0.435592,0.055345,0,0,0,0.4200,罗湖区,21,21,0,0,0,0,1
2023-03-05,589179428,20190000000000000003,900200000000000031,1,5.090,363.300,1850.000,2023-03-05 08:15:00.000,L2FT01-FTJ023,29.53,0.000,0.666012,16605,0.435592,0.055345,0,0,0,0.4200,罗湖区,21,21,0,0,0,0,1
2023-03-05,589179428,20190000000000000003,900200000000000048,1,42.468,405.722,17260.000,2023-03-05 08:30:00.000,L2FT01-FTJ023,29.53,0.000,0.666012,16605,0.435592,0.055345,0,0,0,0.4200,罗湖区,21,21,0,0,0,0,1
2023-03-05,589179428,20190000000000000003,900200000000000048,1,44.857,408.887,18340.667,2023-03-05 08:45:00.000,L2FT01-FTJ023,29.53,0.000,0.666012,16605,0.435592,0.055345,0,0,0,0.4200,罗湖区,21,21,0,0,0,0,1
2023-03-05,589179428,20190000000000000003,900200000000000056,1,57.449,399.843,23070.714,2023-03-05 08:45:00.000,L2FT01-FTJ023,29.53,0.000,0.666012,16605,0.435592,0.055345,0,0,0,0.4200,罗湖区,21,21,0,0,0,0,1
2023-03-05,589179428,20190000000000000003,900200000000000038,1,43.390,357.400,15510.000,2023-03-05 09:00:00.000,L2FT01-FTJ023,29.05,0.000,0.666012,16605,0.435592,0.055345,0,0,0,0.4200,罗湖区,21,21,0,0,0,0,1
2023-03-05,589179428,20190000000000000003,900200000000000048,1,42.790,411.707,17614.000,2023-03-05 09:00:00.000,L2FT01-FTJ023,29.05,0.000,0.666012,16605,0.435592,0.055345,0,0,0,0.4200,罗湖区,21,21,0,0,0,0,1
2023-03-05,589179428,20190000000000000003,900200000000000056,1,49.433,412.720,20400.000,2023-03-05 09:00:00.000,L2FT01-FTJ023,29.05,0.000,0.666012,16605,0.435592,0.055345,0,0,0,0.4200,罗湖区,21,21,0,0,0,0,1
2023-03-05,589179428,20190000000000000003,900200000000000056,1,24.590,412.500,10140.000,2023-03-05 09:15:00.000,L2FT01-FTJ023,29.05,0.000,0.666012,16605,0.435592,0.055345,0,0,0,0.4200,罗湖区,21,21,0,0,0,0,1
2023-03-05,589179428,20190000000000000003,900200000000000048,1,110.932,490.033,54551.667,2023-03-05 10:45:00.000,L2FT01-FTJ023,28.43,0.000,0.666012,16605,0.435592,0.055345,0,0,0,0.4200,罗湖区,21,21,0,0,0,0,1
2023-03-05,589179428,20190000000000000003,900200000000000052,1,123.790,358.050,44320.000,2023-03-05 10:45:00.000,L2FT01-FTJ023,28.43,0.000,0.666012,16605,0.435592,0.055345,0,0,0,0.4200,罗湖区,21,21,0,0,0,0,1
2023-03-05,589179428,20190000000000000003,900200000000000048,1,98.279,500.260,49115.333,2023-03-05 11:00:00.000,L2FT01-FTJ023,27.70,0.000,0.666012,16605,0.435592,0.055345,0,0,0,0.4200,罗湖区,21,21,0,0,0,0,1
2023-03-05,589179428,20190000000000000003,900200000000000052,1,123.227,359.033,44239.333,2023-03-05 11:00:00.000,L2FT01-FTJ023,27.70,0.000,0.666012,16605,0.435592,0.055345,0,0,0,0.4200,罗湖区,21,21,0,0,0,0,1
2023-03-05,589179428,20190000000000000003,900200000000000031,1,150.149,344.158,52272.500,2023-03-05 11:00:00.000,L2FT01-FTJ023,27.70,0.000,0.666012,16605,0.435592,0.055345,0,0,0,0.4200,罗湖区,21,21,0,0,0,0,1
2023-03-05,589179428,20190000000000000003,900200000000000031,1,85.352,348.131,29914.615,2023-03-05 11:15:00.000,L2FT01-FTJ023,27.70,0.000,0.666012,16605,0.435592,0.055345,0,0,0,0.4200,罗湖区,21,21,0,0,0,0,1
2023-03-05,589179428,20190000000000000003,900200000000000048,1,23.885,504.187,12036.667,2023-03-05 11:15:00.000,L2FT01-FTJ023,27.70,0.000,0.666012,16605,0.435592,0.055345,0,0,0,0.4200,罗湖区,21,21,0,0,0,0,1
2023-03-05,589179428,20190000000000000003,900200000000000052,1,110.177,359.787,39650.000,2023-03-05 11:15:00.000,L2FT01-FTJ023,27.70,0.000,0.666012,16605,0.435592,0.055345,0,0,0,0.4200,罗湖区,21,21,0,0,0,0,1
2023-03-05,589179428,20190000000000000003,900200000000000048,1,9.093,505.036,4590.909,2023-03-05 11:30:00.000,L2FT01-FTJ023,27.70,0.000,0.666012,16605,0.435592,0.055345,0,0,0,0.4200,罗湖区,21,21,0,0,0,0,1
2023-03-05,589179428,20190000000000000003,900200000000000042,1,169.818,459.500,78030.000,2023-03-05 13:30:00.000,L2FT01-FTJ023,26.15,0.000,0.666012,16605,0.435592,0.055345,0,0,0,0.4200,罗湖区,21,21,0,0,0,0,1
2023-03-05,589179428,20190000000000000003,900200000000000042,1,166.697,462.280,77072.000,2023-03-05 13:45:00.000,L2FT01-FTJ023,26.15,0.000,0.666012,16605,0.435592,0.055345,0,0,0,0.4200,罗湖区,21,21,0,0,0,0,1
2023-03-05,589179428,20190000000000000003,900200000000000042,1,116.349,460.267,53584.667,2023-03-05 14:00:00.000,L2FT01-FTJ023,25.43,0.000,0.666012,16605,0.435592,0.055345,0,0,0,0.4200,罗湖区,21,21,0,0,0,0,1
2023-03-05,589179428,20190000000000000003,900200000000000042,1,71.890,455.600,32750.000,2023-03-05 14:15:00.000,L2FT01-FTJ023,25.43,0.000,0.666012,16605,0.435592,0.055345,0,0,0,0.4200,罗湖区,21,21,0,0,0,0,1
2023-03-05,589179428,20190000000000000003,900200000000000048,0,0.000,185.200,0.000,2023-03-05 14:30:00.000,L2FT01-FTJ023,25.43,0.000,0.666012,16605,0.435592,0.055345,0,0,0,0.4200,罗湖区,21,21,0,0,0,0,1
2023-03-05,589179428,20190000000000000003,900200000000000057,1,56.249,365.914,20670.000,2023-03-05 15:00:00.000,L2FT01-FTJ023,24.81,0.000,0.666012,16605,0.435592,0.055345,0,0,0,0.4200,罗湖区,21,21,0,0,0,0,1
2023-03-05,589179428,20190000000000000003,900200000000000032,1,149.868,310.867,46585.556,2023-03-05 15:00:00.000,L2FT01-FTJ023,24.81,0.000,0.666012,16605,0.435592,0.055345,0,0,0,0.4200,罗湖区,21,21,0,0,0,0,1
2023-03-05,589179428,20190000000000000003,900200000000000037,1,84.890,451.675,40005.000,2023-03-05 15:15:00.000,L2FT01-FTJ023,24.81,0.000,0.666012,16605,0.435592,0.055345,0,0,0,0.4200,罗湖区,21,21,0,0,0,0,1
2023-03-05,589179428,20190000000000000003,900200000000000057,1,64.790,379.347,24577.333,2023-03-05 15:15:00.000,L2FT01-FTJ023,24.81,0.000,0.666012,16605,0.435592,0.055345,0,0,0,0.4200,罗湖区,21,21,0,0,0,0,1
2023-03-05,589179428,20190000000000000003,900200000000000032,1,149.890,311.780,46728.667,2023-03-05 15:15:00.000,L2FT01-FTJ023,24.81,0.000,0.666012,16605,0.435592,0.055345,0,0,0,0.4200,罗湖区,21,21,0,0,0,0,1
2023-03-05,589179428,20190000000000000003,900200000000000037,1,149.810,477.580,71545.333,2023-03-05 15:30:00.000,L2FT01-FTJ023,24.81,0.000,0.666012,16605,0.435592,0.055345,0,0,0,0.4200,罗湖区,21,21,0,0,0,0,1
2023-03-05,589179428,20190000000000000003,900200000000000057,1,44.231,390.540,17272.667,2023-03-05 15:30:00.000,L2FT01-FTJ023,24.81,0.000,0.666012,16605,0.435592,0.055345,0,0,0,0.4200,罗湖区,21,21,0,0,0,0,1
2023-03-05,589179428,20190000000000000003,900200000000000032,1,149.912,314.093,47084.000,2023-03-05 15:30:00.000,L2FT01-FTJ023,24.81,0.000,0.666012,16605,0.435592,0.055345,0,0,0,0.4200,罗湖区,21,21,0,0,0,0,1
2023-03-05,589179428,20190000000000000003,900200000000000037,1,149.790,477.987,71595.333,2023-03-05 15:45:00.000,L2FT01-FTJ023,24.81,0.000,0.666012,16605,0.435592,0.055345,0,0,0,0.4200,罗湖区,21,21,0,0,0,0,1
2023-03-05,589179428,20190000000000000003,900200000000000057,1,15.250,391.567,5970.000,2023-03-05 15:45:00.000,L2FT01-FTJ023,24.81,0.000,0.666012,16605,0.435592,0.055345,0,0,0,0.4200,罗湖区,21,21,0,0,0,0,1
2023-03-05,589179428,20190000000000000003,900200000000000030,1,97.350,282.750,30230.000,2023-03-05 15:45:00.000,L2FT01-FTJ023,24.81,0.000,0.666012,16605,0.435592,0.055345,0,0,0,0.4200,罗湖区,21,21,0,0,0,0,1
2023-03-05,589179428,20190000000000000003,900200000000000032,1,150.000,315.500,47323.333,2023-03-05 15:45:00.000,L2FT01-FTJ023,24.81,0.000,0.666012,16605,0.435592,0.055345,0,0,0,0.4200,罗湖区,21,21,0,0,0,0,1
2023-03-05,589179428,20190000000000000003,900200000000000030,1,129.806,311.000,40366.000,2023-03-05 16:00:00.000,L2FT01-FTJ023,24.33,0.000,0.666012,16605,0.435592,0.055345,0,0,0,0.4200,罗湖区,21,21,0,0,0,0,1
2023-03-05,589179428,20190000000000000003,900200000000000037,1,122.557,477.840,58572.000,2023-03-05 16:00:00.000,L2FT01-FTJ023,24.33,0.000,0.666012,16605,0.435592,0.055345,0,0,0,0.4200,罗湖区,21,21,0,0,0,0,1
2023-03-05,589179428,20190000000000000003,900200000000000057,1,8.290,391.600,3246.667,2023-03-05 16:00:00.000,L2FT01-FTJ023,24.33,0.000,0.666012,16605,0.435592,0.055345,0,0,0,0.4200,罗湖区,21,21,0,0,0,0,1
2023-03-05,589179428,20190000000000000003,900200000000000030,1,129.824,312.800,40603.333,2023-03-05 16:15:00.000,L2FT01-FTJ023,24.33,0.000,0.666012,16605,0.435592,0.055345,0,0,0,0.4200,罗湖区,21,21,0,0,0,0,1
2023-03-05,589179428,20190000000000000003,900200000000000037,1,75.971,477.614,36290.000,2023-03-05 16:15:00.000,L2FT01-FTJ023,24.33,0.000,0.666012,16605,0.435592,0.055345,0,0,0,0.4200,罗湖区,21,21,0,0,0,0,1
2023-03-05,589179428,20190000000000000003,900200000000000030,1,129.890,314.880,40898.000,2023-03-05 16:30:00.000,L2FT01-FTJ023,24.33,0.000,0.666012,16605,0.435592,0.055345,0,0,0,0.4200,罗湖区,21,21,0,0,0,0,1
2023-03-05,589179428,20190000000000000003,900200000000000030,1,97.377,316.038,30827.500,2023-03-05 16:45:00.000,L2FT01-FTJ023,24.33,0.000,0.666012,16605,0.435592,0.055345,0,0,0,0.4200,罗湖区,21,21,0,0,0,0,1
2023-03-05,589179428,20190000000000000003,900200000000000034,1,199.826,317.290,63397.000,2023-03-05 16:45:00.000,L2FT01-FTJ023,24.33,0.000,0.666012,16605,0.435592,0.055345,0,0,0,0.4200,罗湖区,21,21,0,0,0,0,1
2023-03-05,589179428,20190000000000000003,900200000000000034,1,82.395,324.600,26635.000,2023-03-05 17:00:00.000,L2FT01-FTJ023,24.03,0.000,0.666012,16605,0.435592,0.055345,0,0,0,0.4200,罗湖区,21,21,0,0,0,0,1
2023-03-05,589179428,20190000000000000003,900200000000000057,1,17.790,339.700,6040.000,2023-03-05 17:15:00.000,L2FT01-FTJ023,24.03,0.000,0.666012,16605,0.435592,0.055345,0,0,0,0.4200,罗湖区,21,21,0,0,0,0,1
2023-03-05,589179428,20190000000000000003,900200000000000057,1,130.831,355.227,46592.000,2023-03-05 17:30:00.000,L2FT01-FTJ023,24.03,0.000,0.666012,16605,0.435592,0.055345,0,0,0,0.4200,罗湖区,21,21,0,0,0,0,1
2023-03-05,589179428,20190000000000000003,900200000000000057,1,110.517,374.120,41277.333,2023-03-05 17:45:00.000,L2FT01-FTJ023,24.03,0.000,0.666012,16605,0.435592,0.055345,0,0,0,0.4200,罗湖区,21,21,0,0,0,0,1
2023-03-05,589179428,20190000000000000003,900200000000000057,1,63.165,385.327,24316.000,2023-03-05 18:00:00.000,L2FT01-FTJ023,23.93,0.000,0.666012,16605,0.435592,0.055345,0,0,0,0.4200,罗湖区,21,21,0,0,0,0,1
2023-03-05,589179428,20190000000000000003,900200000000000057,1,26.303,388.027,10204.667,2023-03-05 18:15:00.000,L2FT01-FTJ023,23.93,0.000,0.666012,16605,0.435592,0.055345,0,0,0,0.4200,罗湖区,21,21,0,0,0,0,1
2023-03-05,589179428,20190000000000000003,900200000000000057,1,26.290,390.857,10274.286,2023-03-05 18:30:00.000,L2FT01-FTJ023,23.93,0.000,0.666012,16605,0.435592,0.055345,0,0,0,0.4200,罗湖区,21,21,0,0,0,0,1
2023-03-05,589179428,20190000000000000003,900200000000000030,1,68.310,361.173,24691.333,2023-03-05 19:15:00.000,L2FT01-FTJ023,24.03,0.000,0.666012,16605,0.435592,0.055345,0,0,0,0.4200,罗湖区,21,21,0,0,0,0,1
2023-03-05,589179428,20190000000000000003,900200000000000030,1,71.590,362.573,25956.000,2023-03-05 19:30:00.000,L2FT01-FTJ023,24.03,0.000,0.666012,16605,0.435592,0.055345,0,0,0,0.4200,罗湖区,21,21,0,0,0,0,1
2023-03-05,589179428,20190000000000000003,900200000000000030,1,71.590,365.147,26139.333,2023-03-05 19:45:00.000,L2FT01-FTJ023,24.03,0.000,0.666012,16605,0.435592,0.055345,0,0,0,0.4200,罗湖区,21,21,0,0,0,0,1
2023-03-05,589179428,20190000000000000003,900200000000000048,1,61.310,351.900,22814.286,2023-03-05 19:45:00.000,L2FT01-FTJ023,24.03,0.000,0.666012,16605,0.435592,0.055345,0,0,0,0.4200,罗湖区,21,21,0,0,0,0,1
2023-03-05,589179428,20190000000000000003,900200000000000030,1,71.590,366.213,26214.667,2023-03-05 20:00:00.000,L2FT01-FTJ023,24.33,0.000,0.666012,16605,0.435592,0.055345,0,0,0,0.4200,罗湖区,21,21,0,0,0,0,1
2023-03-05,589179428,20190000000000000003,900200000000000048,1,71.377,382.980,27336.000,2023-03-05 20:00:00.000,L2FT01-FTJ023,24.33,0.000,0.666012,16605,0.435592,0.055345,0,0,0,0.4200,罗湖区,21,21,0,0,0,0,1
2023-03-05,589179428,20190000000000000003,900200000000000030,1,71.590,367.160,26284.000,2023-03-05 20:15:00.000,L2FT01-FTJ023,24.33,0.000,0.666012,16605,0.435592,0.055345,0,0,0,0.4200,罗湖区,21,21,0,0,0,0,1
2023-03-05,589179428,20190000000000000003,900200000000000048,1,62.050,391.600,24294.000,2023-03-05 20:15:00.000,L2FT01-FTJ023,24.33,0.000,0.666012,16605,0.435592,0.055345,0,0,0,0.4200,罗湖区,21,21,0,0,0,0,1
2023-03-05,589179428,20190000000000000003,900200000000000030,1,70.265,368.917,25919.167,2023-03-05 20:30:00.000,L2FT01-FTJ023,24.33,0.000,0.666012,16605,0.435592,0.055345,0,0,0,0.4200,罗湖区,21,21,0,0,0,0,1
2023-03-05,589179428,20190000000000000003,900200000000000034,1,119.427,347.100,41446.667,2023-03-05 22:15:00.000,L2FT01-FTJ023,25.43,0.000,0.666012,16605,0.435592,0.055345,0,0,0,0.4200,罗湖区,21,21,0,0,0,0,1
2023-03-05,589179428,20190000000000000003,900200000000000034,1,106.541,348.453,37124.000,2023-03-05 22:30:00.000,L2FT01-FTJ023,25.43,0.000,0.666012,16605,0.435592,0.055345,0,0,0,0.4200,罗湖区,21,21,0,0,0,0,1
2023-03-05,589179428,20190000000000000003,900200000000000037,1,131.077,365.325,48067.500,2023-03-05 22:30:00.000,L2FT01-FTJ023,25.43,0.000,0.666012,16605,0.435592,0.055345,0,0,0,0.4200,罗湖区,21,21,0,0,0,0,1
2023-03-05,589179428,20190000000000000003,900200000000000034,1,73.377,348.600,25583.333,2023-03-05 22:45:00.000,L2FT01-FTJ023,25.43,0.000,0.666012,16605,0.435592,0.055345,0,0,0,0.4200,罗湖区,21,21,0,0,0,0,1
2023-03-05,589179428,20190000000000000003,900200000000000037,1,124.831,380.187,47396.667,2023-03-05 22:45:00.000,L2FT01-FTJ023,25.43,0.000,0.666012,16605,0.435592,0.055345,0,0,0,0.4200,罗湖区,21,21,0,0,0,0,1
2023-03-05,589179428,20190000000000000003,900200000000000037,1,94.712,399.433,37789.333,2023-03-05 23:00:00.000,L2FT01-FTJ023,26.15,0.000,0.666012,16605,0.435592,0.055345,0,0,0,0.4200,罗湖区,21,21,0,0,0,0,1
2023-03-05,589179428,20190000000000000003,900200000000000034,1,43.963,348.747,15329.333,2023-03-05 23:00:00.000,L2FT01-FTJ023,26.15,0.000,0.666012,16605,0.435592,0.055345,0,0,0,0.4200,罗湖区,21,21,0,0,0,0,1
2023-03-05,589179428,20190000000000000003,900200000000000034,1,27.657,350.808,9695.000,2023-03-05 23:15:00.000,L2FT01-FTJ023,26.15,0.000,0.666012,16605,0.435592,0.055345,0,0,0,0.4200,罗湖区,21,21,0,0,0,0,1
2023-03-05,589179428,20190000000000000003,900200000000000037,1,44.290,404.800,17930.000,2023-03-05 23:15:00.000,L2FT01-FTJ023,26.15,0.000,0.666012,16605,0.435592,0.055345,0,0,0,0.4200,罗湖区,21,21,0,0,0,0,1
2023-03-06,589179428,20190000000000000003,900200000000000032,1,71.173,302.767,21546.667,2023-03-06 00:00:00.000,L2FT01-FTJ023,26.93,0.000,0.666012,16605,0.435592,0.055345,0,0,1,0.4200,罗湖区,21,21,0,0,0,0,1
2023-03-06,589179428,20190000000000000003,900200000000000052,1,150.054,429.925,64508.750,2023-03-06 00:00:00.000,L2FT01-FTJ023,26.93,0.000,0.666012,16605,0.435592,0.055345,0,0,1,0.4200,罗湖区,21,21,0,0,0,0,1
2023-03-06,589179428,20190000000000000003,900200000000000032,1,71.337,306.047,21831.333,2023-03-06 00:15:00.000,L2FT01-FTJ023,26.93,0.000,0.666012,16605,0.435592,0.055345,0,0,1,0.4200,罗湖区,21,21,0,0,0,0,1
2023-03-06,589179428,20190000000000000003,900200000000000052,1,135.851,431.100,58591.333,2023-03-06 00:15:00.000,L2FT01-FTJ023,26.93,0.000,0.666012,16605,0.435592,0.055345,0,0,1,0.4200,罗湖区,21,21,0,0,0,0,1
2023-03-06,589179428,20190000000000000003,900200000000000032,1,71.390,308.013,21986.667,2023-03-06 00:30:00.000,L2FT01-FTJ023,26.93,0.000,0.666012,16605,0.435592,0.055345,0,0,1,0.4200,罗湖区,21,21,0,0,0,0,1
2023-03-06,589179428,20190000000000000003,900200000000000052,1,95.340,429.820,41010.667,2023-03-06 00:30:00.000,L2FT01-FTJ023,26.93,0.000,0.666012,16605,0.435592,0.055345,0,0,1,0.4200,罗湖区,21,21,0,0,0,0,1
2023-03-06,589179428,20190000000000000003,900200000000000032,1,71.390,308.420,22012.000,2023-03-06 00:45:00.000,L2FT01-FTJ023,26.93,0.000,0.666012,16605,0.435592,0.055345,0,0,1,0.4200,罗湖区,21,21,0,0,0,0,1
2023-03-06,589179428,20190000000000000003,900200000000000052,1,57.404,433.636,24828.571,2023-03-06 00:45:00.000,L2FT01-FTJ023,26.93,0.000,0.666012,16605,0.435592,0.055345,0,0,1,0.4200,罗湖区,21,21,0,0,0,0,1
2023-03-06,589179428,20190000000000000003,900200000000000032,1,71.419,308.620,22038.667,2023-03-06 01:00:00.000,L2FT01-FTJ023,27.70,0.000,0.666012,16605,0.435592,0.055345,0,0,1,0.4200,罗湖区,21,21,0,0,0,0,1
2023-03-06,589179428,20190000000000000003,900200000000000032,1,71.390,309.113,22065.333,2023-03-06 01:15:00.000,L2FT01-FTJ023,27.70,0.000,0.666012,16605,0.435592,0.055345,0,0,1,0.4200,罗湖区,21,21,0,0,0,0,1
2023-03-06,589179428,20190000000000000003,900200000000000034,1,120.597,308.786,37335.714,2023-03-06 01:15:00.000,L2FT01-FTJ023,27.70,0.000,0.666012,16605,0.435592,0.055345,0,0,1,0.4200,罗湖区,21,21,0,0,0,0,1
2023-03-06,589179428,20190000000000000003,900200000000000034,1,129.985,311.013,40423.333,2023-03-06 01:30:00.000,L2FT01-FTJ023,27.70,0.000,0.666012,16605,0.435592,0.055345,0,0,1,0.4200,罗湖区,21,21,0,0,0,0,1
2023-03-06,589179428,20190000000000000003,900200000000000032,1,71.390,310.213,22144.000,2023-03-06 01:30:00.000,L2FT01-FTJ023,27.70,0.000,0.666012,16605,0.435592,0.055345,0,0,1,0.4200,罗湖区,21,21,0,0,0,0,1
2023-03-06,589179428,20190000000000000003,900200000000000031,1,201.259,312.864,62963.636,2023-03-06 01:30:00.000,L2FT01-FTJ023,27.70,0.000,0.666012,16605,0.435592,0.055345,0,0,1,0.4200,罗湖区,21,21,0,0,0,0,1
2023-03-06,589179428,20190000000000000003,900200000000000031,1,204.891,314.667,64470.667,2023-03-06 01:45:00.000,L2FT01-FTJ023,27.70,0.000,0.666012,16605,0.435592,0.055345,0,0,1,0.4200,罗湖区,21,21,0,0,0,0,1
2023-03-06,589179428,20190000000000000003,900200000000000032,1,71.397,311.673,22249.333,2023-03-06 01:45:00.000,L2FT01-FTJ023,27.70,0.000,0.666012,16605,0.435592,0.055345,0,0,1,0.4200,罗湖区,21,21,0,0,0,0,1
2023-03-06,589179428,20190000000000000003,900200000000000034,1,129.819,312.433,40555.333,2023-03-06 01:45:00.000,L2FT01-FTJ023,27.70,0.000,0.666012,16605,0.435592,0.055345,0,0,1,0.4200,罗湖区,21,21,0,0,0,0,1
2023-03-06,589179428,20190000000000000003,900200000000000031,1,204.905,316.527,64854.667,2023-03-06 02:00:00.000,L2FT01-FTJ023,28.43,0.000,0.666012,16605,0.435592,0.055345,0,0,1,0.4200,罗湖区,21,21,0,0,0,0,1
2023-03-06,589179428,20190000000000000003,900200000000000032,1,71.478,312.240,22313.333,2023-03-06 02:00:00.000,L2FT01-FTJ023,28.43,0.000,0.666012,16605,0.435592,0.055345,0,0,1,0.4200,罗湖区,21,21,0,0,0,0,1
2023-03-06,589179428,20190000000000000003,900200000000000034,1,129.830,313.947,40756.000,2023-03-06 02:00:00.000,L2FT01-FTJ023,28.43,0.000,0.666012,16605,0.435592,0.055345,0,0,1,0.4200,罗湖区,21,21,0,0,0,0,1
2023-03-06,589179428,20190000000000000003,900200000000000031,1,138.055,322.491,44266.364,2023-03-06 02:15:00.000,L2FT01-FTJ023,28.43,0.000,0.666012,16605,0.435592,0.055345,0,0,1,0.4200,罗湖区,21,21,0,0,0,0,1
2023-03-06,589179428,20190000000000000003,900200000000000032,1,71.478,312.707,22347.333,2023-03-06 02:15:00.000,L2FT01-FTJ023,28.43,0.000,0.666012,16605,0.435592,0.055345,0,0,1,0.4200,罗湖区,21,21,0,0,0,0,1
2023-03-06,589179428,20190000000000000003,900200000000000034,1,129.890,315.373,40962.000,2023-03-06 02:15:00.000,L2FT01-FTJ023,28.43,0.000,0.666012,16605,0.435592,0.055345,0,0,1,0.4200,罗湖区,21,21,0,0,0,0,1
2023-03-06,589179428,20190000000000000003,900200000000000032,1,71.390,313.660,22390.667,2023-03-06 02:30:00.000,L2FT01-FTJ023,28.43,0.000,0.666012,16605,0.435592,0.055345,0,0,1,0.4200,罗湖区,21,21,0,0,0,0,1
2023-03-06,589179428,20190000000000000003,900200000000000034,1,85.291,322.933,27363.333,2023-03-06 02:30:00.000,L2FT01-FTJ023,28.43,0.000,0.666012,16605,0.435592,0.055345,0,0,1,0.4200,罗湖区,21,21,0,0,0,0,1
2023-03-06,589179428,20190000000000000003,900200000000000032,1,59.290,322.300,19028.571,2023-03-06 02:45:00.000,L2FT01-FTJ023,28.43,0.000,0.666012,16605,0.435592,0.055345,0,0,1,0.4200,罗湖区,21,21,0,0,0,0,1
2023-03-06,589179428,20190000000000000003,900200000000000047,1,129.963,309.744,40252.222,2023-03-06 04:45:00.000,L2FT01-FTJ023,29.53,0.000,0.666012,16605,0.435592,0.055345,0,0,1,0.4200,罗湖区,21,21,0,0,0,0,1
2023-03-06,589179428,20190000000000000003,900200000000000047,1,129.854,311.300,40419.333,2023-03-06 05:00:00.000,L2FT01-FTJ023,29.83,0.000,0.666012,16605,0.435592,0.055345,0,0,1,0.4200,罗湖区,21,21,0,0,0,0,1
2023-03-06,589179428,20190000000000000003,900200000000000047,1,129.842,312.040,40512.667,2023-03-06 05:15:00.000,L2FT01-FTJ023,29.83,0.000,0.666012,16605,0.435592,0.055345,0,0,1,0.4200,罗湖区,21,21,0,0,0,0,1
2023-03-06,589179428,20190000000000000003,900200000000000037,1,93.590,408.700,38250.000,2023-03-06 05:30:00.000,L2FT01-FTJ023,29.83,0.000,0.666012,16605,0.435592,0.055345,0,0,1,0.4200,罗湖区,21,21,0,0,0,0,1
2023-03-06,589179428,20190000000000000003,900200000000000042,1,87.246,332.760,29026.667,2023-03-06 05:30:00.000,L2FT01-FTJ023,29.83,0.000,0.666012,16605,0.435592,0.055345,0,0,1,0.4200,罗湖区,21,21,0,0,0,0,1
2023-03-06,589179428,20190000000000000003,900200000000000047,1,129.818,314.073,40766.667,2023-03-06 05:30:00.000,L2FT01-FTJ023,29.83,0.000,0.666012,16605,0.435592,0.055345,0,0,1,0.4200,罗湖区,21,21,0,0,0,0,1
2023-03-06,589179428,20190000000000000003,900200000000000037,1,79.077,410.707,32480.000,2023-03-06 05:45:00.000,L2FT01-FTJ023,29.83,0.000,0.666012,16605,0.435592,0.055345,0,0,1,0.4200,罗湖区,21,21,0,0,0,0,1
2023-03-06,589179428,20190000000000000003,900200000000000042,1,58.685,330.547,19409.333,2023-03-06 05:45:00.000,L2FT01-FTJ023,29.83,0.000,0.666012,16605,0.435592,0.055345,0,0,1,0.4200,罗湖区,21,21,0,0,0,0,1
2023-03-06,589179428,20190000000000000003,900200000000000047,1,127.800,318.013,40632.000,2023-03-06 05:45:00.000,L2FT01-FTJ023,29.83,0.000,0.666012,16605,0.435592,0.055345,0,0,1,0.4200,罗湖区,21,21,0,0,0,0,1
2023-03-06,589179428,20190000000000000003,900200000000000037,1,57.330,409.527,23480.000,2023-03-06 06:00:00.000,L2FT01-FTJ023,29.93,0.000,0.666012,16605,0.435592,0.055345,0,0,1,0.4200,罗湖区,21,21,0,0,0,0,1
2023-03-06,589179428,20190000000000000003,900200000000000042,1,27.867,332.486,9258.571,2023-03-06 06:00:00.000,L2FT01-FTJ023,29.93,0.000,0.666012,16605,0.435592,0.055345,0,0,1,0.4200,罗湖区,21,21,0,0,0,0,1
2023-03-06,589179428,20190000000000000003,900200000000000047,1,62.328,322.113,20065.000,2023-03-06 06:00:00.000,L2FT01-FTJ023,29.93,0.000,0.666012,16605,0.435592,0.055345,0,0,1,0.4200,罗湖区,21,21,0,0,0,0,1
2023-03-06,589179428,20190000000000000003,900200000000000037,1,38.839,408.080,15848.667,2023-03-06 06:15:00.000,L2FT01-FTJ023,29.93,0.000,0.666012,16605,0.435592,0.055345,0,0,1,0.4200,罗湖区,21,21,0,0,0,0,1
2023-03-06,589179428,20190000000000000003,900200000000000037,1,41.000,411.340,16861.333,2023-03-06 06:30:00.000,L2FT01-FTJ023,29.93,0.000,0.666012,16605,0.435592,0.055345,0,0,1,0.4200,罗湖区,21,21,0,0,0,0,1
2023-03-06,589179428,20190000000000000003,900200000000000039,1,71.545,355.050,25400.000,2023-03-06 06:30:00.000,L2FT01-FTJ023,29.93,0.000,0.666012,16605,0.435592,0.055345,0,0,1,0.4200,罗湖区,21,21,0,0,0,0,1
2023-03-06,589179428,20190000000000000003,900200000000000048,1,93.626,360.691,33767.273,2023-03-06 06:30:00.000,L2FT01-FTJ023,29.93,0.000,0.666012,16605,0.435592,0.055345,0,0,1,0.4200,罗湖区,21,21,0,0,0,0,1
2023-03-06,589179428,20190000000000000003,900200000000000048,1,84.923,360.233,30600.667,2023-03-06 06:45:00.000,L2FT01-FTJ023,29.93,0.000,0.666012,16605,0.435592,0.055345,0,0,1,0.4200,罗湖区,21,21,0,0,0,0,1
2023-03-06,589179428,20190000000000000003,900200000000000037,1,17.108,413.967,7098.333,2023-03-06 06:45:00.000,L2FT01-FTJ023,29.93,0.000,0.666012,16605,0.435592,0.055345,0,0,1,0.4200,罗湖区,21,21,0,0,0,0,1
2023-03-06,589179428,20190000000000000003,900200000000000048,1,47.455,361.621,17131.429,2023-03-06 07:00:00.000,L2FT01-FTJ023,29.83,0.000,0.666012,16605,0.435592,0.055345,0,0,1,0.4200,罗湖区,21,21,0,0,0,0,1
2023-03-06,589179428,20190000000000000003,900200000000000044,1,95.697,370.133,37333.333,2023-03-06 07:15:00.000,L2FT01-FTJ023,29.83,0.000,0.666012,16605,0.435592,0.055345,0,0,1,0.4200,罗湖区,21,21,0,0,0,0,1
2023-03-06,589179428,20190000000000000003,900200000000000052,1,149.824,312.560,46825.333,2023-03-06 07:15:00.000,L2FT01-FTJ023,29.83,0.000,0.666012,16605,0.435592,0.055345,0,0,1,0.4200,罗湖区,21,21,0,0,0,0,1
2023-03-06,589179428,20190000000000000003,900200000000000044,1,136.619,400.487,54712.667,2023-03-06 07:30:00.000,L2FT01-FTJ023,29.83,0.000,0.666012,16605,0.435592,0.055345,0,0,1,0.4200,罗湖区,21,21,0,0,0,0,1
2023-03-06,589179428,20190000000000000003,900200000000000052,1,149.790,314.273,47073.333,2023-03-06 07:30:00.000,L2FT01-FTJ023,29.83,0.000,0.666012,16605,0.435592,0.055345,0,0,1,0.4200,罗湖区,21,21,0,0,0,0,1
2023-03-06,589179428,20190000000000000003,900200000000000039,1,44.990,406.800,18300.000,2023-03-06 07:45:00.000,L2FT01-FTJ023,29.83,0.000,0.666012,16605,0.435592,0.055345,0,0,1,0.4200,罗湖区,21,21,0,0,0,0,1
2023-03-06,589179428,20190000000000000003,900200000000000044,1,102.052,416.567,42482.000,2023-03-06 07:45:00.000,L2FT01-FTJ023,29.83,0.000,0.666012,16605,0.435592,0.055345,0,0,1,0.4200,罗湖区,21,21,0,0,0,0,1
2023-03-06,589179428,20190000000000000003,900200000000000052,1,149.790,315.413,47244.000,2023-03-06 07:45:00.000,L2FT01-FTJ023,29.83,0.000,0.666012,16605,0.435592,0.055345,0,0,1,0.4200,罗湖区,21,21,0,0,0,0,1
2023-03-06,589179428,20190000000000000003,900200000000000039,1,44.597,409.093,18241.333,2023-03-06 08:00:00.000,L2FT01-FTJ023,29.53,0.000,0.666012,16605,0.435592,0.055345,0,0,1,0.4200,罗湖区,21,21,0,0,0,0,1
2023-03-06,589179428,20190000000000000003,900200000000000044,1,61.830,427.133,26392.667,2023-03-06 08:00:00.000,L2FT01-FTJ023,29.53,0.000,0.666012,16605,0.435592,0.055345,0,0,1,0.4200,罗湖区,21,21,0,0,0,0,1
2023-03-06,589179428,20190000000000000003,900200000000000039,1,43.010,411.487,17697.333,2023-03-06 08:15:00.000,L2FT01-FTJ023,29.53,0.000,0.666012,16605,0.435592,0.055345,0,0,1,0.4200,罗湖区,21,21,0,0,0,0,1
2023-03-06,589179428,20190000000000000003,900200000000000044,1,28.973,428.600,12431.667,2023-03-06 08:15:00.000,L2FT01-FTJ023,29.53,0.000,0.666012,16605,0.435592,0.055345,0,0,1,0.4200,罗湖区,21,21,0,0,0,0,1
2023-03-06,589179428,20190000000000000003,900200000000000039,1,39.990,413.960,16560.000,2023-03-06 08:30:00.000,L2FT01-FTJ023,29.53,0.000,0.666012,16605,0.435592,0.055345,0,0,1,0.4200,罗湖区,21,21,0,0,0,0,1
2023-03-06,589179428,20190000000000000003,900200000000000039,1,143.812,363.080,52870.000,2023-03-06 09:15:00.000,L2FT01-FTJ023,29.05,0.000,0.666012,16605,0.435592,0.055345,0,0,1,0.4200,罗湖区,21,21,0,0,0,0,1
2023-03-06,589179428,20190000000000000003,900200000000000039,1,234.989,373.760,87828.667,2023-03-06 09:30:00.000,L2FT01-FTJ023,29.05,0.000,0.666012,16605,0.435592,0.055345,0,0,1,0.4200,罗湖区,21,21,0,0,0,0,1
2023-03-06,589179428,20190000000000000003,900200000000000044,1,62.591,336.846,21426.923,2023-03-06 09:30:00.000,L2FT01-FTJ023,29.05,0.000,0.666012,16605,0.435592,0.055345,0,0,1,0.4200,罗湖区,21,21,0,0,0,0,1
2023-03-06,589179428,20190000000000000003,900200000000000039,1,132.988,369.333,49610.667,2023-03-06 09:45:00.000,L2FT01-FTJ023,29.05,0.000,0.666012,16605,0.435592,0.055345,0,0,1,0.4200,罗湖区,21,21,0,0,0,0,1
2023-03-06,589179428,20190000000000000003,900200000000000044,1,60.997,354.307,21599.333,2023-03-06 09:45:00.000,L2FT01-FTJ023,29.05,0.000,0.666012,16605,0.435592,0.055345,0,0,1,0.4200,罗湖区,21,21,0,0,0,0,1
2023-03-06,589179428,20190000000000000003,900200000000000047,1,48.693,375.443,18322.857,2023-03-06 09:45:00.000,L2FT01-FTJ023,29.05,0.000,0.666012,16605,0.435592,0.055345,0,0,1,0.4200,罗湖区,21,21,0,0,0,0,1
2023-03-06,589179428,20190000000000000003,900200000000000031,1,129.825,313.740,40729.000,2023-03-06 10:00:00.000,L2FT01-FTJ023,28.43,0.000,0.666012,16605,0.435592,0.055345,0,0,1,0.4200,罗湖区,21,21,0,0,0,0,1
2023-03-06,589179428,20190000000000000003,900200000000000039,1,127.589,371.760,47448.667,2023-03-06 10:00:00.000,L2FT01-FTJ023,28.43,0.000,0.666012,16605,0.435592,0.055345,0,0,1,0.4200,罗湖区,21,21,0,0,0,0,1
2023-03-06,589179428,20190000000000000003,900200000000000044,1,33.949,359.540,12202.667,2023-03-06 10:00:00.000,L2FT01-FTJ023,28.43,0.000,0.666012,16605,0.435592,0.055345,0,0,1,0.4200,罗湖区,21,21,0,0,0,0,1
2023-03-06,589179428,20190000000000000003,900200000000000047,1,63.150,386.280,24400.000,2023-03-06 10:00:00.000,L2FT01-FTJ023,28.43,0.000,0.666012,16605,0.435592,0.055345,0,0,1,0.4200,罗湖区,21,21,0,0,0,0,1
2023-03-06,589179428,20190000000000000003,900200000000000031,1,129.830,314.760,40860.667,2023-03-06 10:15:00.000,L2FT01-FTJ023,28.43,0.000,0.666012,16605,0.435592,0.055345,0,0,1,0.4200,罗湖区,21,21,0,0,0,0,1
2023-03-06,589179428,20190000000000000003,900200000000000039,1,52.047,369.893,19274.667,2023-03-06 10:15:00.000,L2FT01-FTJ023,28.43,0.000,0.666012,16605,0.435592,0.055345,0,0,1,0.4200,罗湖区,21,21,0,0,0,0,1
2023-03-06,589179428,20190000000000000003,900200000000000044,1,19.291,363.520,7012.000,2023-03-06 10:15:00.000,L2FT01-FTJ023,28.43,0.000,0.666012,16605,0.435592,0.055345,0,0,1,0.4200,罗湖区,21,21,0,0,0,0,1
2023-03-06,589179428,20190000000000000003,900200000000000047,1,45.783,395.960,18127.333,2023-03-06 10:15:00.000,L2FT01-FTJ023,28.43,0.000,0.666012,16605,0.435592,0.055345,0,0,1,0.4200,罗湖区,21,21,0,0,0,0,1
2023-03-06,589179428,20190000000000000003,900200000000000047,1,38.957,404.993,15766.000,2023-03-06 10:30:00.000,L2FT01-FTJ023,28.43,0.000,0.666012,16605,0.435592,0.055345,0,0,1,0.4200,罗湖区,21,21,0,0,0,0,1
2023-03-06,589179428,20190000000000000003,900200000000000044,1,13.790,364.667,5026.667,2023-03-06 10:30:00.000,L2FT01-FTJ023,28.43,0.000,0.666012,16605,0.435592,0.055345,0,0,1,0.4200,罗湖区,21,21,0,0,0,0,1
2023-03-06,589179428,20190000000000000003,900200000000000039,1,20.690,373.400,7723.333,2023-03-06 10:30:00.000,L2FT01-FTJ023,28.43,0.000,0.666012,16605,0.435592,0.055345,0,0,1,0.4200,罗湖区,21,21,0,0,0,0,1
2023-03-06,589179428,20190000000000000003,900200000000000031,1,94.563,322.833,30320.000,2023-03-06 10:30:00.000,L2FT01-FTJ023,28.43,0.000,0.666012,16605,0.435592,0.055345,0,0,1,0.4200,罗湖区,21,21,0,0,0,0,1
2023-03-06,589179428,20190000000000000003,900200000000000047,1,11.410,406.660,4638.000,2023-03-06 10:45:00.000,L2FT01-FTJ023,28.43,0.000,0.666012,16605,0.435592,0.055345,0,0,1,0.4200,罗湖区,21,21,0,0,0,0,1
2023-03-06,589179428,20190000000000000003,900200000000000038,1,44.868,409.489,18372.222,2023-03-06 11:15:00.000,L2FT01-FTJ023,27.70,0.000,0.666012,16605,0.435592,0.055345,0,0,1,0.4200,罗湖区,21,21,0,0,0,0,1
2023-03-06,589179428,20190000000000000003,900200000000000032,1,117.872,310.060,36606.000,2023-03-06 11:30:00.000,L2FT01-FTJ023,27.70,0.000,0.666012,16605,0.435592,0.055345,0,0,1,0.4200,罗湖区,21,21,0,0,0,0,1
2023-03-06,589179428,20190000000000000003,900200000000000038,1,44.837,410.600,18408.667,2023-03-06 11:30:00.000,L2FT01-FTJ023,27.70,0.000,0.666012,16605,0.435592,0.055345,0,0,1,0.4200,罗湖区,21,21,0,0,0,0,1
2023-03-06,589179428,20190000000000000003,900200000000000032,1,132.193,313.500,41440.667,2023-03-06 11:45:00.000,L2FT01-FTJ023,27.70,0.000,0.666012,16605,0.435592,0.055345,0,0,1,0.4200,罗湖区,21,21,0,0,0,0,1
2023-03-06,589179428,20190000000000000003,900200000000000038,1,44.790,411.800,18440.000,2023-03-06 11:45:00.000,L2FT01-FTJ023,27.70,0.000,0.666012,16605,0.435592,0.055345,0,0,1,0.4200,罗湖区,21,21,0,0,0,0,1
2023-03-06,589179428,20190000000000000003,900200000000000032,1,134.897,315.160,42512.000,2023-03-06 12:00:00.000,L2FT01-FTJ023,26.93,0.000,0.666012,16605,0.435592,0.055345,0,0,1,0.4200,罗湖区,21,21,0,0,0,0,1
2023-03-06,589179428,20190000000000000003,900200000000000032,1,66.093,327.700,21445.000,2023-03-06 12:15:00.000,L2FT01-FTJ023,26.93,0.000,0.666012,16605,0.435592,0.055345,0,0,1,0.4200,罗湖区,21,21,0,0,0,0,1
2023-03-06,589179428,20190000000000000003,900200000000000040,1,118.330,375.525,44397.500,2023-03-06 12:15:00.000,L2FT01-FTJ023,26.93,0.000,0.666012,16605,0.435592,0.055345,0,0,1,0.4200,罗湖区,21,21,0,0,0,0,1
2023-03-06,589179428,20190000000000000003,900200000000000040,1,83.946,392.760,32909.333,2023-03-06 12:30:00.000,L2FT01-FTJ023,26.93,0.000,0.666012,16605,0.435592,0.055345,0,0,1,0.4200,罗湖区,21,21,0,0,0,0,1
2023-03-06,589179428,20190000000000000003,900200000000000040,1,54.000,401.250,21665.000,2023-03-06 12:45:00.000,L2FT01-FTJ023,26.93,0.000,0.666012,16605,0.435592,0.055345,0,0,1,0.4200,罗湖区,21,21,0,0,0,0,1
2023-03-06,589179428,20190000000000000003,900200000000000037,1,102.460,440.382,45112.727,2023-03-06 13:00:00.000,L2FT01-FTJ023,26.15,0.000,0.666012,16605,0.435592,0.055345,0,0,1,0.4200,罗湖区,21,21,0,0,0,0,1
2023-03-06,589179428,20190000000000000003,900200000000000037,1,62.823,451.527,28366.667,2023-03-06 13:15:00.000,L2FT01-FTJ023,26.15,0.000,0.666012,16605,0.435592,0.055345,0,0,1,0.4200,罗湖区,21,21,0,0,0,0,1
2023-03-06,589179428,20190000000000000003,900200000000000037,1,42.810,462.040,19794.000,2023-03-06 13:30:00.000,L2FT01-FTJ023,26.15,0.000,0.666012,16605,0.435592,0.055345,0,0,1,0.4200,罗湖区,21,21,0,0,0,0,1
2023-03-06,589179428,20190000000000000003,900200000000000037,1,12.890,461.600,5950.000,2023-03-06 13:45:00.000,L2FT01-FTJ023,26.15,0.000,0.666012,16605,0.435592,0.055345,0,0,1,0.4200,罗湖区,21,21,0,0,0,0,1
2023-03-06,589179428,20190000000000000003,900200000000000047,0,0.000,344.000,0.000,2023-03-06 14:15:00.000,L2FT01-FTJ023,25.43,0.000,0.666012,16605,0.435592,0.055345,0,0,1,0.4200,罗湖区,21,21,0,0,0,0,1
2023-03-06,589179428,20190000000000000003,900200000000000047,1,97.008,360.660,34946.667,2023-03-06 14:30:00.000,L2FT01-FTJ023,25.43,0.000,0.666012,16605,0.435592,0.055345,0,0,1,0.4200,罗湖区,21,21,0,0,0,0,1
2023-03-06,589179428,20190000000000000003,900200000000000047,1,9.500,360.100,3420.000,2023-03-06 14:45:00.000,L2FT01-FTJ023,25.43,0.000,0.666012,16605,0.435592,0.055345,0,0,1,0.4200,罗湖区,21,21,0,0,0,0,1
2023-03-06,589179428,20190000000000000003,900200000000000048,1,51.111,276.214,18548.571,2023-03-06 15:00:00.000,L2FT01-FTJ023,24.81,0.000,0.666012,16605,0.435592,0.055345,0,0,1,0.4200,罗湖区,21,21,0,0,0,0,1
2023-03-06,589179428,20190000000000000003,900200000000000048,1,67.712,371.047,25109.333,2023-03-06 15:15:00.000,L2FT01-FTJ023,24.81,0.000,0.666012,16605,0.435592,0.055345,0,0,1,0.4200,罗湖区,21,21,0,0,0,0,1
2023-03-06,589179428,20190000000000000003,900200000000000048,1,53.084,379.680,20153.333,2023-03-06 15:30:00.000,L2FT01-FTJ023,24.81,0.000,0.666012,16605,0.435592,0.055345,0,0,1,0.4200,罗湖区,21,21,0,0,0,0,1
2023-03-06,589179428,20190000000000000003,900200000000000040,1,129.945,307.800,39995.000,2023-03-06 15:45:00.000,L2FT01-FTJ023,24.81,0.000,0.666012,16605,0.435592,0.055345,0,0,1,0.4200,罗湖区,21,21,0,0,0,0,1
2023-03-06,589179428,20190000000000000003,900200000000000048,1,38.183,386.033,14740.667,2023-03-06 15:45:00.000,L2FT01-FTJ023,24.81,0.000,0.666012,16605,0.435592,0.055345,0,0,1,0.4200,罗湖区,21,21,0,0,0,0,1
2023-03-06,589179428,20190000000000000003,900200000000000040,1,129.872,310.380,40306.000,2023-03-06 16:00:00.000,L2FT01-FTJ023,24.33,0.000,0.666012,16605,0.435592,0.055345,0,0,1,0.4200,罗湖区,21,21,0,0,0,0,1
2023-03-06,589179428,20190000000000000003,900200000000000048,1,16.290,386.100,6290.000,2023-03-06 16:00:00.000,L2FT01-FTJ023,24.33,0.000,0.666012,16605,0.435592,0.055345,0,0,1,0.4200,罗湖区,21,21,0,0,0,0,1
2023-03-06,589179428,20190000000000000003,900200000000000040,1,129.812,311.040,40371.333,2023-03-06 16:15:00.000,L2FT01-FTJ023,24.33,0.000,0.666012,16605,0.435592,0.055345,0,0,1,0.4200,罗湖区,21,21,0,0,0,0,1
2023-03-06,589179428,20190000000000000003,900200000000000035,1,129.892,313.325,40695.000,2023-03-06 16:30:00.000,L2FT01-FTJ023,24.33,0.000,0.666012,16605,0.435592,0.055345,0,0,1,0.4200,罗湖区,21,21,0,0,0,0,1
2023-03-06,589179428,20190000000000000003,900200000000000040,1,129.800,312.807,40597.333,2023-03-06 16:30:00.000,L2FT01-FTJ023,24.33,0.000,0.666012,16605,0.435592,0.055345,0,0,1,0.4200,罗湖区,21,21,0,0,0,0,1
2023-03-06,589179428,20190000000000000003,900200000000000040,1,129.800,314.200,40780.000,2023-03-06 16:45:00.000,L2FT01-FTJ023,24.33,0.000,0.666012,16605,0.435592,0.055345,0,0,1,0.4200,罗湖区,21,21,0,0,0,0,1
2023-03-06,589179428,20190000000000000003,900200000000000035,1,129.890,315.333,40957.333,2023-03-06 16:45:00.000,L2FT01-FTJ023,24.33,0.000,0.666012,16605,0.435592,0.055345,0,0,1,0.4200,罗湖区,21,21,0,0,0,0,1
2023-03-06,589179428,20190000000000000003,900200000000000035,1,62.278,323.337,20078.750,2023-03-06 17:00:00.000,L2FT01-FTJ023,24.03,0.000,0.666012,16605,0.435592,0.055345,0,0,1,0.4200,罗湖区,21,21,0,0,0,0,1
2023-03-06,589179428,20190000000000000003,900200000000000038,1,156.238,378.729,59290.714,2023-03-06 17:30:00.000,L2FT01-FTJ023,24.03,0.000,0.666012,16605,0.435592,0.055345,0,0,1,0.4200,罗湖区,21,21,0,0,0,0,1
2023-03-06,589179428,20190000000000000003,900200000000000040,1,126.529,316.244,39991.111,2023-03-06 17:30:00.000,L2FT01-FTJ023,24.03,0.000,0.666012,16605,0.435592,0.055345,0,0,1,0.4200,罗湖区,21,21,0,0,0,0,1
2023-03-06,589179428,20190000000000000003,900200000000000030,1,71.745,389.531,27945.385,2023-03-06 17:45:00.000,L2FT01-FTJ023,24.03,0.000,0.666012,16605,0.435592,0.055345,0,0,1,0.4200,罗湖区,21,21,0,0,0,0,1
2023-03-06,589179428,20190000000000000003,900200000000000034,1,148.356,310.280,46511.000,2023-03-06 17:45:00.000,L2FT01-FTJ023,24.03,0.000,0.666012,16605,0.435592,0.055345,0,0,1,0.4200,罗湖区,21,21,0,0,0,0,1
2023-03-06,589179428,20190000000000000003,900200000000000038,1,116.819,378.827,44311.333,2023-03-06 17:45:00.000,L2FT01-FTJ023,24.03,0.000,0.666012,16605,0.435592,0.055345,0,0,1,0.4200,罗湖区,21,21,0,0,0,0,1
2023-03-06,589179428,20190000000000000003,900200000000000040,1,79.860,321.567,25696.667,2023-03-06 17:45:00.000,L2FT01-FTJ023,24.03,0.000,0.666012,16605,0.435592,0.055345,0,0,1,0.4200,罗湖区,21,21,0,0,0,0,1
2023-03-06,589179428,20190000000000000003,900200000000000030,1,71.690,390.313,27981.333,2023-03-06 18:00:00.000,L2FT01-FTJ023,23.93,0.000,0.666012,16605,0.435592,0.055345,0,0,1,0.4200,罗湖区,21,21,0,0,0,0,1
2023-03-06,589179428,20190000000000000003,900200000000000034,1,164.834,315.613,52020.000,2023-03-06 18:00:00.000,L2FT01-FTJ023,23.93,0.000,0.666012,16605,0.435592,0.055345,0,0,1,0.4200,罗湖区,21,21,0,0,0,0,1
2023-03-06,589179428,20190000000000000003,900200000000000038,1,60.917,374.660,22828.000,2023-03-06 18:00:00.000,L2FT01-FTJ023,23.93,0.000,0.666012,16605,0.435592,0.055345,0,0,1,0.4200,罗湖区,21,21,0,0,0,0,1
2023-03-06,589179428,20190000000000000003,900200000000000030,1,71.617,392.320,28096.000,2023-03-06 18:15:00.000,L2FT01-FTJ023,23.93,0.000,0.666012,16605,0.435592,0.055345,0,0,1,0.4200,罗湖区,21,21,0,0,0,0,1
2023-03-06,589179428,20190000000000000003,900200000000000038,1,53.643,374.747,20112.667,2023-03-06 18:15:00.000,L2FT01-FTJ023,23.93,0.000,0.666012,16605,0.435592,0.055345,0,0,1,0.4200,罗湖区,21,21,0,0,0,0,1
2023-03-06,589179428,20190000000000000003,900200000000000030,1,71.590,394.267,28225.333,2023-03-06 18:30:00.000,L2FT01-FTJ023,23.93,0.000,0.666012,16605,0.435592,0.055345,0,0,1,0.4200,罗湖区,21,21,0,0,0,0,1
2023-03-06,589179428,20190000000000000003,900200000000000038,1,33.470,373.167,12486.000,2023-03-06 18:30:00.000,L2FT01-FTJ023,23.93,0.000,0.666012,16605,0.435592,0.055345,0,0,1,0.4200,罗湖区,21,21,0,0,0,0,1
2023-03-06,589179428,20190000000000000003,900200000000000038,1,34.790,377.010,13115.000,2023-03-06 18:45:00.000,L2FT01-FTJ023,23.93,0.000,0.666012,16605,0.435592,0.055345,0,0,1,0.4200,罗湖区,21,21,0,0,0,0,1
2023-03-06,589179428,20190000000000000003,900200000000000030,1,71.590,395.267,28296.000,2023-03-06 18:45:00.000,L2FT01-FTJ023,23.93,0.000,0.666012,16605,0.435592,0.055345,0,0,1,0.4200,罗湖区,21,21,0,0,0,0,1
2023-03-06,589179428,20190000000000000003,900200000000000030,1,71.590,396.525,28386.250,2023-03-06 19:00:00.000,L2FT01-FTJ023,24.03,0.000,0.666012,16605,0.435592,0.055345,0,0,1,0.4200,罗湖区,21,21,0,0,0,0,1
2023-03-06,589179428,20190000000000000003,900200000000000052,1,105.461,351.114,37190.000,2023-03-06 19:00:00.000,L2FT01-FTJ023,24.03,0.000,0.666012,16605,0.435592,0.055345,0,0,1,0.4200,罗湖区,21,21,0,0,0,0,1
2023-03-06,589179428,20190000000000000003,900200000000000047,1,44.790,409.100,18323.333,2023-03-06 19:15:00.000,L2FT01-FTJ023,24.03,0.000,0.666012,16605,0.435592,0.055345,0,0,1,0.4200,罗湖区,21,21,0,0,0,0,1
2023-03-06,589179428,20190000000000000003,900200000000000052,1,109.104,369.047,40226.000,2023-03-06 19:15:00.000,L2FT01-FTJ023,24.03,0.000,0.666012,16605,0.435592,0.055345,0,0,1,0.4200,罗湖区,21,21,0,0,0,0,1
2023-03-06,589179428,20190000000000000003,900200000000000047,1,44.003,410.593,18067.333,2023-03-06 19:30:00.000,L2FT01-FTJ023,24.03,0.000,0.666012,16605,0.435592,0.055345,0,0,1,0.4200,罗湖区,21,21,0,0,0,0,1
2023-03-06,589179428,20190000000000000003,900200000000000052,1,69.964,381.193,26652.000,2023-03-06 19:30:00.000,L2FT01-FTJ023,24.03,0.000,0.666012,16605,0.435592,0.055345,0,0,1,0.4200,罗湖区,21,21,0,0,0,0,1
2023-03-06,589179428,20190000000000000003,900200000000000047,1,38.210,412.300,15762.667,2023-03-06 19:45:00.000,L2FT01-FTJ023,24.03,0.000,0.666012,16605,0.435592,0.055345,0,0,1,0.4200,罗湖区,21,21,0,0,0,0,1
2023-03-06,589179428,20190000000000000003,900200000000000052,1,35.932,385.775,13862.500,2023-03-06 19:45:00.000,L2FT01-FTJ023,24.03,0.000,0.666012,16605,0.435592,0.055345,0,0,1,0.4200,罗湖区,21,21,0,0,0,0,1
2023-03-06,589179428,20190000000000000003,900200000000000047,1,16.382,408.225,6690.833,2023-03-06 20:00:00.000,L2FT01-FTJ023,24.33,0.000,0.666012,16605,0.435592,0.055345,0,0,1,0.4200,罗湖区,21,21,0,0,0,0,1
2023-03-06,589179428,20190000000000000003,900200000000000042,1,33.593,388.325,13710.000,2023-03-06 20:15:00.000,L2FT01-FTJ023,24.33,0.000,0.666012,16605,0.435592,0.055345,0,0,1,0.4200,罗湖区,21,21,0,0,0,0,1
2023-03-06,589179428,20190000000000000003,900200000000000042,1,44.843,408.993,18338.667,2023-03-06 20:30:00.000,L2FT01-FTJ023,24.33,0.000,0.666012,16605,0.435592,0.055345,0,0,1,0.4200,罗湖区,21,21,0,0,0,0,1
2023-03-06,589179428,20190000000000000003,900200000000000042,1,44.890,411.713,18480.667,2023-03-06 20:45:00.000,L2FT01-FTJ023,24.33,0.000,0.666012,16605,0.435592,0.055345,0,0,1,0.4200,罗湖区,21,21,0,0,0,0,1
2023-03-06,589179428,20190000000000000003,900200000000000042,1,37.137,413.027,15341.333,2023-03-06 21:00:00.000,L2FT01-FTJ023,24.81,0.000,0.666012,16605,0.435592,0.055345,0,0,1,0.4200,罗湖区,21,21,0,0,0,0,1
2023-03-06,589179428,20190000000000000003,900200000000000042,1,18.430,415.460,7650.000,2023-03-06 21:15:00.000,L2FT01-FTJ023,24.81,0.000,0.666012,16605,0.435592,0.055345,0,0,1,0.4200,罗湖区,21,21,0,0,0,0,1
2023-03-06,589179428,20190000000000000003,900200000000000032,1,119.518,332.347,39716.000,2023-03-06 21:30:00.000,L2FT01-FTJ023,24.81,0.000,0.666012,16605,0.435592,0.055345,0,0,1,0.4200,罗湖区,21,21,0,0,0,0,1
2023-03-06,589179428,20190000000000000003,900200000000000032,1,84.227,336.191,28274.545,2023-03-06 21:45:00.000,L2FT01-FTJ023,24.81,0.000,0.666012,16605,0.435592,0.055345,0,0,1,0.4200,罗湖区,21,21,0,0,0,0,1
2023-03-06,589179428,20190000000000000003,900200000000000042,1,100.201,370.587,37207.333,2023-03-06 21:45:00.000,L2FT01-FTJ023,24.81,0.000,0.666012,16605,0.435592,0.055345,0,0,1,0.4200,罗湖区,21,21,0,0,0,0,1
2023-03-06,589179428,20190000000000000003,900200000000000042,1,90.490,385.807,34878.000,2023-03-06 22:00:00.000,L2FT01-FTJ023,25.43,0.000,0.666012,16605,0.435592,0.055345,0,0,1,0.4200,罗湖区,21,21,0,0,0,0,1
2023-03-06,589179428,20190000000000000003,900200000000000045,1,57.482,410.291,23587.273,2023-03-06 22:00:00.000,L2FT01-FTJ023,25.43,0.000,0.666012,16605,0.435592,0.055345,0,0,1,0.4200,罗湖区,21,21,0,0,0,0,1
2023-03-06,589179428,20190000000000000003,900200000000000042,1,54.531,396.073,21611.333,2023-03-06 22:15:00.000,L2FT01-FTJ023,25.43,0.000,0.666012,16605,0.435592,0.055345,0,0,1,0.4200,罗湖区,21,21,0,0,0,0,1
2023-03-06,589179428,20190000000000000003,900200000000000045,1,41.734,410.389,17125.556,2023-03-06 22:15:00.000,L2FT01-FTJ023,25.43,0.000,0.666012,16605,0.435592,0.055345,0,0,1,0.4200,罗湖区,21,21,0,0,0,0,1
2023-03-06,589179428,20190000000000000003,900200000000000042,1,35.397,404.773,14330.667,2023-03-06 22:30:00.000,L2FT01-FTJ023,25.43,0.000,0.666012,16605,0.435592,0.055345,0,0,1,0.4200,罗湖区,21,21,0,0,0,0,1
2023-03-06,589179428,20190000000000000003,900200000000000042,1,10.817,405.480,4385.333,2023-03-06 22:45:00.000,L2FT01-FTJ023,25.43,0.000,0.666012,16605,0.435592,0.055345,0,0,1,0.4200,罗湖区,21,21,0,0,0,0,1
2023-03-06,589179428,20190000000000000003,900200000000000042,1,10.890,407.373,4436.000,2023-03-06 23:00:00.000,L2FT01-FTJ023,26.15,0.000,0.666012,16605,0.435592,0.055345,0,0,1,0.4200,罗湖区,21,21,0,0,0,0,1
2023-03-06,589179428,20190000000000000003,900200000000000042,1,10.890,408.786,4451.429,2023-03-06 23:15:00.000,L2FT01-FTJ023,26.15,0.000,0.666012,16605,0.435592,0.055345,0,0,1,0.4200,罗湖区,21,21,0,0,0,0,1
2023-03-07,589179428,20190000000000000003,900200000000000034,1,204.187,309.189,63125.556,2023-03-07 00:00:00.000,L2FT01-FTJ023,26.93,0.000,0.666012,16605,0.435592,0.055345,0,0,1,0.4200,罗湖区,21,21,0,0,0,0,1
2023-03-07,589179428,20190000000000000003,900200000000000045,1,126.047,307.910,38829.000,2023-03-07 00:00:00.000,L2FT01-FTJ023,26.93,0.000,0.666012,16605,0.435592,0.055345,0,0,1,0.4200,罗湖区,21,21,0,0,0,0,1
2023-03-07,589179428,20190000000000000003,900200000000000048,1,71.690,304.000,21790.000,2023-03-07 00:00:00.000,L2FT01-FTJ023,26.93,0.000,0.666012,16605,0.435592,0.055345,0,0,1,0.4200,罗湖区,21,21,0,0,0,0,1
2023-03-07,589179428,20190000000000000003,900200000000000052,1,112.270,393.050,44290.000,2023-03-07 00:00:00.000,L2FT01-FTJ023,26.93,0.000,0.666012,16605,0.435592,0.055345,0,0,1,0.4200,罗湖区,21,21,0,0,0,0,1
2023-03-07,589179428,20190000000000000003,900200000000000052,1,144.830,411.860,59650.000,2023-03-07 00:15:00.000,L2FT01-FTJ023,26.93,0.000,0.666012,16605,0.435592,0.055345,0,0,1,0.4200,罗湖区,21,21,0,0,0,0,1
2023-03-07,589179428,20190000000000000003,900200000000000048,1,71.384,307.553,21950.667,2023-03-07 00:15:00.000,L2FT01-FTJ023,26.93,0.000,0.666012,16605,0.435592,0.055345,0,0,1,0.4200,罗湖区,21,21,0,0,0,0,1
2023-03-07,589179428,20190000000000000003,900200000000000034,1,201.485,311.580,62774.667,2023-03-07 00:15:00.000,L2FT01-FTJ023,26.93,0.000,0.666012,16605,0.435592,0.055345,0,0,1,0.4200,罗湖区,21,21,0,0,0,0,1
2023-03-07,589179428,20190000000000000003,900200000000000045,1,129.806,310.333,40277.333,2023-03-07 00:15:00.000,L2FT01-FTJ023,26.93,0.000,0.666012,16605,0.435592,0.055345,0,0,1,0.4200,罗湖区,21,21,0,0,0,0,1
2023-03-07,589179428,20190000000000000003,900200000000000034,1,200.798,313.667,62979.333,2023-03-07 00:30:00.000,L2FT01-FTJ023,26.93,0.000,0.666012,16605,0.435592,0.055345,0,0,1,0.4200,罗湖区,21,21,0,0,0,0,1
2023-03-07,589179428,20190000000000000003,900200000000000045,1,129.812,311.213,40394.000,2023-03-07 00:30:00.000,L2FT01-FTJ023,26.93,0.000,0.666012,16605,0.435592,0.055345,0,0,1,0.4200,罗湖区,21,21,0,0,0,0,1
2023-03-07,589179428,20190000000000000003,900200000000000048,1,71.290,307.600,21930.000,2023-03-07 00:30:00.000,L2FT01-FTJ023,26.93,0.000,0.666012,16605,0.435592,0.055345,0,0,1,0.4200,罗湖区,21,21,0,0,0,0,1
2023-03-07,589179428,20190000000000000003,900200000000000052,1,106.591,433.860,46162.000,2023-03-07 00:30:00.000,L2FT01-FTJ023,26.93,0.000,0.666012,16605,0.435592,0.055345,0,0,1,0.4200,罗湖区,21,21,0,0,0,0,1
2023-03-07,589179428,20190000000000000003,900200000000000034,1,202.177,315.413,63764.000,2023-03-07 00:45:00.000,L2FT01-FTJ023,26.93,0.000,0.666012,16605,0.435592,0.055345,0,0,1,0.4200,罗湖区,21,21,0,0,0,0,1
2023-03-07,589179428,20190000000000000003,900200000000000045,1,129.848,312.907,40627.333,2023-03-07 00:45:00.000,L2FT01-FTJ023,26.93,0.000,0.666012,16605,0.435592,0.055345,0,0,1,0.4200,罗湖区,21,21,0,0,0,0,1
2023-03-07,589179428,20190000000000000003,900200000000000048,1,71.330,307.793,21952.667,2023-03-07 00:45:00.000,L2FT01-FTJ023,26.93,0.000,0.666012,16605,0.435592,0.055345,0,0,1,0.4200,罗湖区,21,21,0,0,0,0,1
2023-03-07,589179428,20190000000000000003,900200000000000052,1,55.381,442.955,24522.727,2023-03-07 00:45:00.000,L2FT01-FTJ023,26.93,0.000,0.666012,16605,0.435592,0.055345,0,0,1,0.4200,罗湖区,21,21,0,0,0,0,1
2023-03-07,589179428,20190000000000000003,900200000000000034,1,140.351,321.621,44787.857,2023-03-07 01:00:00.000,L2FT01-FTJ023,27.70,0.000,0.666012,16605,0.435592,0.055345,0,0,1,0.4200,罗湖区,21,21,0,0,0,0,1
2023-03-07,589179428,20190000000000000003,900200000000000045,1,119.018,313.520,37310.667,2023-03-07 01:00:00.000,L2FT01-FTJ023,27.70,0.000,0.666012,16605,0.435592,0.055345,0,0,1,0.4200,罗湖区,21,21,0,0,0,0,1
2023-03-07,589179428,20190000000000000003,900200000000000048,1,71.370,308.507,22016.000,2023-03-07 01:00:00.000,L2FT01-FTJ023,27.70,0.000,0.666012,16605,0.435592,0.055345,0,0,1,0.4200,罗湖区,21,21,0,0,0,0,1
2023-03-07,589179428,20190000000000000003,900200000000000045,1,125.183,314.767,39402.667,2023-03-07 01:15:00.000,L2FT01-FTJ023,27.70,0.000,0.666012,16605,0.435592,0.055345,0,0,1,0.4200,罗湖区,21,21,0,0,0,0,1
2023-03-07,589179428,20190000000000000003,900200000000000048,1,71.390,309.853,22117.333,2023-03-07 01:15:00.000,L2FT01-FTJ023,27.70,0.000,0.666012,16605,0.435592,0.055345,0,0,1,0.4200,罗湖区,21,21,0,0,0,0,1
2023-03-07,589179428,20190000000000000003,900200000000000048,1,71.390,310.900,22193.333,2023-03-07 01:30:00.000,L2FT01-FTJ023,27.70,0.000,0.666012,16605,0.435592,0.055345,0,0,1,0.4200,罗湖区,21,21,0,0,0,0,1
2023-03-07,589179428,20190000000000000003,900200000000000045,1,105.922,315.993,33466.667,2023-03-07 01:30:00.000,L2FT01-FTJ023,27.70,0.000,0.666012,16605,0.435592,0.055345,0,0,1,0.4200,罗湖区,21,21,0,0,0,0,1
2023-03-07,589179428,20190000000000000003,900200000000000038,1,121.400,469.962,57670.000,2023-03-07 01:45:00.000,L2FT01-FTJ023,27.70,0.000,0.666012,16605,0.435592,0.055345,0,0,1,0.4200,罗湖区,21,21,0,0,0,0,1
2023-03-07,589179428,20190000000000000003,900200000000000045,1,57.894,323.800,18670.000,2023-03-07 01:45:00.000,L2FT01-FTJ023,27.70,0.000,0.666012,16605,0.435592,0.055345,0,0,1,0.4200,罗湖区,21,21,0,0,0,0,1
2023-03-07,589179428,20190000000000000003,900200000000000048,1,71.383,311.467,22231.333,2023-03-07 01:45:00.000,L2FT01-FTJ023,27.70,0.000,0.666012,16605,0.435592,0.055345,0,0,1,0.4200,罗湖区,21,21,0,0,0,0,1
2023-03-07,589179428,20190000000000000003,900200000000000057,1,19.990,419.400,8375.000,2023-03-07 01:45:00.000,L2FT01-FTJ023,27.70,0.000,0.666012,16605,0.435592,0.055345,0,0,1,0.4200,罗湖区,21,21,0,0,0,0,1
2023-03-07,589179428,20190000000000000003,900200000000000038,1,129.878,476.227,61852.000,2023-03-07 02:00:00.000,L2FT01-FTJ023,28.43,0.000,0.666012,16605,0.435592,0.055345,0,0,1,0.4200,罗湖区,21,21,0,0,0,0,1
2023-03-07,589179428,20190000000000000003,900200000000000042,1,129.867,311.555,40456.364,2023-03-07 02:00:00.000,L2FT01-FTJ023,28.43,0.000,0.666012,16605,0.435592,0.055345,0,0,1,0.4200,罗湖区,21,21,0,0,0,0,1
2023-03-07,589179428,20190000000000000003,900200000000000048,1,71.390,311.940,22267.333,2023-03-07 02:00:00.000,L2FT01-FTJ023,28.43,0.000,0.666012,16605,0.435592,0.055345,0,0,1,0.4200,罗湖区,21,21,0,0,0,0,1
2023-03-07,589179428,20190000000000000003,900200000000000057,1,129.853,471.033,61161.333,2023-03-07 02:00:00.000,L2FT01-FTJ023,28.43,0.000,0.666012,16605,0.435592,0.055345,0,0,1,0.4200,罗湖区,21,21,0,0,0,0,1
2023-03-07,589179428,20190000000000000003,900200000000000038,1,99.282,475.973,47258.667,2023-03-07 02:15:00.000,L2FT01-FTJ023,28.43,0.000,0.666012,16605,0.435592,0.055345,0,0,1,0.4200,罗湖区,21,21,0,0,0,0,1
2023-03-07,589179428,20190000000000000003,900200000000000042,1,129.890,311.860,40506.000,2023-03-07 02:15:00.000,L2FT01-FTJ023,28.43,0.000,0.666012,16605,0.435592,0.055345,0,0,1,0.4200,罗湖区,21,21,0,0,0,0,1
2023-03-07,589179428,20190000000000000003,900200000000000048,1,71.390,312.620,22315.333,2023-03-07 02:15:00.000,L2FT01-FTJ023,28.43,0.000,0.666012,16605,0.435592,0.055345,0,0,1,0.4200,罗湖区,21,21,0,0,0,0,1
2023-03-07,589179428,20190000000000000003,900200000000000057,1,129.890,471.267,61212.667,2023-03-07 02:15:00.000,L2FT01-FTJ023,28.43,0.000,0.666012,16605,0.435592,0.055345,0,0,1,0.4200,罗湖区,21,21,0,0,0,0,1
2023-03-07,589179428,20190000000000000003,900200000000000057,1,97.487,471.033,45924.667,2023-03-07 02:30:00.000,L2FT01-FTJ023,28.43,0.000,0.666012,16605,0.435592,0.055345,0,0,1,0.4200,罗湖区,21,21,0,0,0,0,1
2023-03-07,589179428,20190000000000000003,900200000000000042,1,129.800,313.367,40670.667,2023-03-07 02:30:00.000,L2FT01-FTJ023,28.43,0.000,0.666012,16605,0.435592,0.055345,0,0,1,0.4200,罗湖区,21,21,0,0,0,0,1
2023-03-07,589179428,20190000000000000003,900200000000000038,1,65.968,475.767,31393.333,2023-03-07 02:30:00.000,L2FT01-FTJ023,28.43,0.000,0.666012,16605,0.435592,0.055345,0,0,1,0.4200,罗湖区,21,21,0,0,0,0,1
2023-03-07,589179428,20190000000000000003,900200000000000048,1,68.059,317.023,21536.923,2023-03-07 02:30:00.000,L2FT01-FTJ023,28.43,0.000,0.666012,16605,0.435592,0.055345,0,0,1,0.4200,罗湖区,21,21,0,0,0,0,1
2023-03-07,589179428,20190000000000000003,900200000000000042,1,129.812,314.593,40833.333,2023-03-07 02:45:00.000,L2FT01-FTJ023,28.43,0.000,0.666012,16605,0.435592,0.055345,0,0,1,0.4200,罗湖区,21,21,0,0,0,0,1
2023-03-07,589179428,20190000000000000003,900200000000000048,1,55.103,466.182,26004.545,2023-03-07 02:45:00.000,L2FT01-FTJ023,28.43,0.000,0.666012,16605,0.435592,0.055345,0,0,1,0.4200,罗湖区,21,21,0,0,0,0,1
2023-03-07,589179428,20190000000000000003,900200000000000057,1,65.365,470.600,30767.500,2023-03-07 02:45:00.000,L2FT01-FTJ023,28.43,0.000,0.666012,16605,0.435592,0.055345,0,0,1,0.4200,罗湖区,21,21,0,0,0,0,1
2023-03-07,589179428,20190000000000000003,900200000000000042,1,117.817,316.653,37295.333,2023-03-07 03:00:00.000,L2FT01-FTJ023,29.05,0.000,0.666012,16605,0.435592,0.055345,0,0,1,0.4200,罗湖区,21,21,0,0,0,0,1
2023-03-07,589179428,20190000000000000003,900200000000000048,1,62.803,475.340,29852.000,2023-03-07 03:00:00.000,L2FT01-FTJ023,29.05,0.000,0.666012,16605,0.435592,0.055345,0,0,1,0.4200,罗湖区,21,21,0,0,0,0,1
2023-03-07,589179428,20190000000000000003,900200000000000042,1,53.830,324.340,17410.000,2023-03-07 03:15:00.000,L2FT01-FTJ023,29.05,0.000,0.666012,16605,0.435592,0.055345,0,0,1,0.4200,罗湖区,21,21,0,0,0,0,1
2023-03-07,589179428,20190000000000000003,900200000000000048,1,62.797,475.360,29850.000,2023-03-07 03:15:00.000,L2FT01-FTJ023,29.05,0.000,0.666012,16605,0.435592,0.055345,0,0,1,0.4200,罗湖区,21,21,0,0,0,0,1
2023-03-07,589179428,20190000000000000003,900200000000000037,1,62.183,299.100,19131.250,2023-03-07 03:30:00.000,L2FT01-FTJ023,29.05,0.000,0.666012,16605,0.435592,0.055345,0,0,1,0.4200,罗湖区,21,21,0,0,0,0,1
2023-03-07,589179428,20190000000000000003,900200000000000048,1,62.797,475.427,29856.000,2023-03-07 03:30:00.000,L2FT01-FTJ023,29.05,0.000,0.666012,16605,0.435592,0.055345,0,0,1,0.4200,罗湖区,21,21,0,0,0,0,1
2023-03-07,589179428,20190000000000000003,900200000000000048,1,62.870,475.467,29892.000,2023-03-07 03:45:00.000,L2FT01-FTJ023,29.05,0.000,0.666012,16605,0.435592,0.055345,0,0,1,0.4200,罗湖区,21,21,0,0,0,0,1
2023-03-07,589179428,20190000000000000003,900200000000000037,1,71.000,308.107,21870.667,2023-03-07 03:45:00.000,L2FT01-FTJ023,29.05,0.000,0.666012,16605,0.435592,0.055345,0,0,1,0.4200,罗湖区,21,21,0,0,0,0,1
2023-03-07,589179428,20190000000000000003,900200000000000048,1,60.017,475.507,28539.333,2023-03-07 04:00:00.000,L2FT01-FTJ023,29.53,0.000,0.666012,16605,0.435592,0.055345,0,0,1,0.4200,罗湖区,21,21,0,0,0,0,1
2023-03-07,589179428,20190000000000000003,900200000000000037,1,71.066,308.040,21886.000,2023-03-07 04:00:00.000,L2FT01-FTJ023,29.53,0.000,0.666012,16605,0.435592,0.055345,0,0,1,0.4200,罗湖区,21,21,0,0,0,0,1
2023-03-07,589179428,20190000000000000003,900200000000000037,1,71.036,308.407,21904.667,2023-03-07 04:15:00.000,L2FT01-FTJ023,29.53,0.000,0.666012,16605,0.435592,0.055345,0,0,1,0.4200,罗湖区,21,21,0,0,0,0,1
2023-03-07,589179428,20190000000000000003,900200000000000048,1,33.340,475.450,15855.000,2023-03-07 04:15:00.000,L2FT01-FTJ023,29.53,0.000,0.666012,16605,0.435592,0.055345,0,0,1,0.4200,罗湖区,21,21,0,0,0,0,1
2023-03-07,589179428,20190000000000000003,900200000000000037,1,71.060,309.227,21971.333,2023-03-07 04:30:00.000,L2FT01-FTJ023,29.53,0.000,0.666012,16605,0.435592,0.055345,0,0,1,0.4200,罗湖区,21,21,0,0,0,0,1
2023-03-07,589179428,20190000000000000003,900200000000000037,1,70.985,310.733,22053.333,2023-03-07 04:45:00.000,L2FT01-FTJ023,29.53,0.000,0.666012,16605,0.435592,0.055345,0,0,1,0.4200,罗湖区,21,21,0,0,0,0,1
2023-03-07,589179428,20190000000000000003,900200000000000037,1,70.897,311.567,22086.000,2023-03-07 05:00:00.000,L2FT01-FTJ023,29.83,0.000,0.666012,16605,0.435592,0.055345,0,0,1,0.4200,罗湖区,21,21,0,0,0,0,1
2023-03-07,589179428,20190000000000000003,900200000000000037,1,70.934,311.947,22124.667,2023-03-07 05:15:00.000,L2FT01-FTJ023,29.83,0.000,0.666012,16605,0.435592,0.055345,0,0,1,0.4200,罗湖区,21,21,0,0,0,0,1
2023-03-07,589179428,20190000000000000003,900200000000000052,1,119.028,284.758,36912.500,2023-03-07 05:15:00.000,L2FT01-FTJ023,29.83,0.000,0.666012,16605,0.435592,0.055345,0,0,1,0.4200,罗湖区,21,21,0,0,0,0,1
2023-03-07,589179428,20190000000000000003,900200000000000052,1,129.935,310.813,40382.000,2023-03-07 05:30:00.000,L2FT01-FTJ023,29.83,0.000,0.666012,16605,0.435592,0.055345,0,0,1,0.4200,罗湖区,21,21,0,0,0,0,1
2023-03-07,589179428,20190000000000000003,900200000000000037,1,70.980,312.407,22172.667,2023-03-07 05:30:00.000,L2FT01-FTJ023,29.83,0.000,0.666012,16605,0.435592,0.055345,0,0,1,0.4200,罗湖区,21,21,0,0,0,0,1
2023-03-07,589179428,20190000000000000003,900200000000000043,1,67.813,323.589,21941.111,2023-03-07 05:45:00.000,L2FT01-FTJ023,29.83,0.000,0.666012,16605,0.435592,0.055345,0,0,1,0.4200,罗湖区,21,21,0,0,0,0,1
2023-03-07,589179428,20190000000000000003,900200000000000044,1,11.390,364.500,4150.000,2023-03-07 05:45:00.000,L2FT01-FTJ023,29.83,0.000,0.666012,16605,0.435592,0.055345,0,0,1,0.4200,罗湖区,21,21,0,0,0,0,1
2023-03-07,589179428,20190000000000000003,900200000000000037,1,71.036,313.220,22246.000,2023-03-07 05:45:00.000,L2FT01-FTJ023,29.83,0.000,0.666012,16605,0.435592,0.055345,0,0,1,0.4200,罗湖区,21,21,0,0,0,0,1
2023-03-07,589179428,20190000000000000003,900200000000000052,1,131.037,312.600,40958.667,2023-03-07 05:45:00.000,L2FT01-FTJ023,29.83,0.000,0.666012,16605,0.435592,0.055345,0,0,1,0.4200,罗湖区,21,21,0,0,0,0,1
2023-03-07,589179428,20190000000000000003,900200000000000044,1,81.115,376.727,30654.000,2023-03-07 06:00:00.000,L2FT01-FTJ023,29.93,0.000,0.666012,16605,0.435592,0.055345,0,0,1,0.4200,罗湖区,21,21,0,0,0,0,1
2023-03-07,589179428,20190000000000000003,900200000000000052,1,129.836,313.713,40727.333,2023-03-07 06:00:00.000,L2FT01-FTJ023,29.93,0.000,0.666012,16605,0.435592,0.055345,0,0,1,0.4200,罗湖区,21,21,0,0,0,0,1
2023-03-07,589179428,20190000000000000003,900200000000000043,1,67.877,329.207,22343.333,2023-03-07 06:00:00.000,L2FT01-FTJ023,29.93,0.000,0.666012,16605,0.435592,0.055345,0,0,1,0.4200,罗湖区,21,21,0,0,0,0,1
2023-03-07,589179428,20190000000000000003,900200000000000037,1,64.660,318.023,20485.385,2023-03-07 06:00:00.000,L2FT01-FTJ023,29.93,0.000,0.666012,16605,0.435592,0.055345,0,0,1,0.4200,罗湖区,21,21,0,0,0,0,1
2023-03-07,589179428,20190000000000000003,900200000000000043,1,67.810,337.740,22901.333,2023-03-07 06:15:00.000,L2FT01-FTJ023,29.93,0.000,0.666012,16605,0.435592,0.055345,0,0,1,0.4200,罗湖区,21,21,0,0,0,0,1
2023-03-07,589179428,20190000000000000003,900200000000000044,1,42.705,385.260,16447.333,2023-03-07 06:15:00.000,L2FT01-FTJ023,29.93,0.000,0.666012,16605,0.435592,0.055345,0,0,1,0.4200,罗湖区,21,21,0,0,0,0,1
2023-03-07,589179428,20190000000000000003,900200000000000052,1,129.853,315.233,40930.667,2023-03-07 06:15:00.000,L2FT01-FTJ023,29.93,0.000,0.666012,16605,0.435592,0.055345,0,0,1,0.4200,罗湖区,21,21,0,0,0,0,1
2023-03-07,589179428,20190000000000000003,900200000000000043,1,67.797,349.193,23672.667,2023-03-07 06:30:00.000,L2FT01-FTJ023,29.93,0.000,0.666012,16605,0.435592,0.055345,0,0,1,0.4200,罗湖区,21,21,0,0,0,0,1
2023-03-07,589179428,20190000000000000003,900200000000000044,1,26.521,388.213,10293.333,2023-03-07 06:30:00.000,L2FT01-FTJ023,29.93,0.000,0.666012,16605,0.435592,0.055345,0,0,1,0.4200,罗湖区,21,21,0,0,0,0,1
2023-03-07,589179428,20190000000000000003,900200000000000052,1,90.880,322.160,29086.000,2023-03-07 06:30:00.000,L2FT01-FTJ023,29.93,0.000,0.666012,16605,0.435592,0.055345,0,0,1,0.4200,罗湖区,21,21,0,0,0,0,1
2023-03-07,589179428,20190000000000000003,900200000000000031,1,190.166,337.071,66241.429,2023-03-07 06:45:00.000,L2FT01-FTJ023,29.93,0.000,0.666012,16605,0.435592,0.055345,0,0,1,0.4200,罗湖区,21,21,0,0,0,0,1
2023-03-07,589179428,20190000000000000003,900200000000000043,1,51.970,359.433,18670.000,2023-03-07 06:45:00.000,L2FT01-FTJ023,29.93,0.000,0.666012,16605,0.435592,0.055345,0,0,1,0.4200,罗湖区,21,21,0,0,0,0,1
2023-03-07,589179428,20190000000000000003,900200000000000044,1,29.090,390.500,11360.000,2023-03-07 06:45:00.000,L2FT01-FTJ023,29.93,0.000,0.666012,16605,0.435592,0.055345,0,0,1,0.4200,罗湖区,21,21,0,0,0,0,1
2023-03-07,589179428,20190000000000000003,900200000000000031,1,208.603,356.140,74240.667,2023-03-07 07:00:00.000,L2FT01-FTJ023,29.83,0.000,0.666012,16605,0.435592,0.055345,0,0,1,0.4200,罗湖区,21,21,0,0,0,0,1
2023-03-07,589179428,20190000000000000003,900200000000000043,1,23.063,362.807,8366.000,2023-03-07 07:00:00.000,L2FT01-FTJ023,29.83,0.000,0.666012,16605,0.435592,0.055345,0,0,1,0.4200,罗湖区,21,21,0,0,0,0,1
2023-03-07,589179428,20190000000000000003,900200000000000031,1,161.848,371.280,59999.333,2023-03-07 07:15:00.000,L2FT01-FTJ023,29.83,0.000,0.666012,16605,0.435592,0.055345,0,0,1,0.4200,罗湖区,21,21,0,0,0,0,1
2023-03-07,589179428,20190000000000000003,900200000000000043,1,13.590,363.743,4941.429,2023-03-07 07:15:00.000,L2FT01-FTJ023,29.83,0.000,0.666012,16605,0.435592,0.055345,0,0,1,0.4200,罗湖区,21,21,0,0,0,0,1
2023-03-07,589179428,20190000000000000003,900200000000000044,1,44.807,407.367,18251.667,2023-03-07 07:30:00.000,L2FT01-FTJ023,29.83,0.000,0.666012,16605,0.435592,0.055345,0,0,1,0.4200,罗湖区,21,21,0,0,0,0,1
2023-03-07,589179428,20190000000000000003,900200000000000031,1,90.414,380.450,34392.000,2023-03-07 07:30:00.000,L2FT01-FTJ023,29.83,0.000,0.666012,16605,0.435592,0.055345,0,0,1,0.4200,罗湖区,21,21,0,0,0,0,1
2023-03-07,589179428,20190000000000000003,900200000000000044,1,44.863,409.813,18384.000,2023-03-07 07:45:00.000,L2FT01-FTJ023,29.83,0.000,0.666012,16605,0.435592,0.055345,0,0,1,0.4200,罗湖区,21,21,0,0,0,0,1
2023-03-07,589179428,20190000000000000003,900200000000000044,1,43.803,412.487,18066.000,2023-03-07 08:00:00.000,L2FT01-FTJ023,29.53,0.000,0.666012,16605,0.435592,0.055345,0,0,1,0.4200,罗湖区,21,21,0,0,0,0,1
2023-03-07,589179428,20190000000000000003,900200000000000044,1,34.771,414.527,14421.333,2023-03-07 08:15:00.000,L2FT01-FTJ023,29.53,0.000,0.666012,16605,0.435592,0.055345,0,0,1,0.4200,罗湖区,21,21,0,0,0,0,1
2023-03-07,589179428,20190000000000000003,900200000000000044,1,17.190,424.200,7278.333,2023-03-07 08:30:00.000,L2FT01-FTJ023,29.53,0.000,0.666012,16605,0.435592,0.055345,0,0,1,0.4200,罗湖区,21,21,0,0,0,0,1
2023-03-07,589179428,20190000000000000003,900200000000000035,1,95.367,366.300,34120.000,2023-03-07 08:45:00.000,L2FT01-FTJ023,29.53,0.000,0.666012,16605,0.435592,0.055345,0,0,1,0.4200,罗湖区,21,21,0,0,0,0,1
2023-03-07,589179428,20190000000000000003,900200000000000035,1,134.721,356.967,48090.000,2023-03-07 09:00:00.000,L2FT01-FTJ023,29.05,0.000,0.666012,16605,0.435592,0.055345,0,0,1,0.4200,罗湖区,21,21,0,0,0,0,1
2023-03-07,589179428,20190000000000000003,900200000000000035,1,125.267,357.827,44820.667,2023-03-07 09:15:00.000,L2FT01-FTJ023,29.05,0.000,0.666012,16605,0.435592,0.055345,0,0,1,0.4200,罗湖区,21,21,0,0,0,0,1
2023-03-07,589179428,20190000000000000003,900200000000000035,1,99.791,358.327,35774.667,2023-03-07 09:30:00.000,L2FT01-FTJ023,29.05,0.000,0.666012,16605,0.435592,0.055345,0,0,1,0.4200,罗湖区,21,21,0,0,0,0,1
2023-03-07,589179428,20190000000000000003,900200000000000035,1,41.375,357.617,14788.333,2023-03-07 09:45:00.000,L2FT01-FTJ023,29.05,0.000,0.666012,16605,0.435592,0.055345,0,0,1,0.4200,罗湖区,21,21,0,0,0,0,1
2023-03-07,589179428,20190000000000000003,900200000000000042,1,109.150,359.850,39290.000,2023-03-07 10:15:00.000,L2FT01-FTJ023,28.43,0.000,0.666012,16605,0.435592,0.055345,0,0,1,0.4200,罗湖区,21,21,0,0,0,0,1
2023-03-07,589179428,20190000000000000003,900200000000000042,1,93.597,360.820,33769.333,2023-03-07 10:30:00.000,L2FT01-FTJ023,28.43,0.000,0.666012,16605,0.435592,0.055345,0,0,1,0.4200,罗湖区,21,21,0,0,0,0,1
2023-03-07,589179428,20190000000000000003,900200000000000042,1,75.117,360.793,27109.333,2023-03-07 10:45:00.000,L2FT01-FTJ023,28.43,0.000,0.666012,16605,0.435592,0.055345,0,0,1,0.4200,罗湖区,21,21,0,0,0,0,1
2023-03-07,589179428,20190000000000000003,900200000000000042,1,39.670,365.175,14466.250,2023-03-07 11:00:00.000,L2FT01-FTJ023,27.70,0.000,0.666012,16605,0.435592,0.055345,0,0,1,0.4200,罗湖区,21,21,0,0,0,0,1
2023-03-07,589179428,20190000000000000003,900200000000000035,1,123.912,333.700,41348.000,2023-03-07 11:30:00.000,L2FT01-FTJ023,27.70,0.000,0.666012,16605,0.435592,0.055345,0,0,1,0.4200,罗湖区,21,21,0,0,0,0,1
2023-03-07,589179428,20190000000000000003,900200000000000035,1,82.849,331.200,27483.636,2023-03-07 11:45:00.000,L2FT01-FTJ023,27.70,0.000,0.666012,16605,0.435592,0.055345,0,0,1,0.4200,罗湖区,21,21,0,0,0,0,1
2023-03-07,589179428,20190000000000000003,900200000000000030,1,66.214,303.062,20450.769,2023-03-07 12:00:00.000,L2FT01-FTJ023,26.93,0.000,0.666012,16605,0.435592,0.055345,0,0,1,0.4200,罗湖区,21,21,0,0,0,0,1
2023-03-07,589179428,20190000000000000003,900200000000000030,1,71.690,309.433,22181.333,2023-03-07 12:15:00.000,L2FT01-FTJ023,26.93,0.000,0.666012,16605,0.435592,0.055345,0,0,1,0.4200,罗湖区,21,21,0,0,0,0,1
2023-03-07,589179428,20190000000000000003,900200000000000030,1,71.690,310.407,22251.333,2023-03-07 12:30:00.000,L2FT01-FTJ023,26.93,0.000,0.666012,16605,0.435592,0.055345,0,0,1,0.4200,罗湖区,21,21,0,0,0,0,1
2023-03-07,589179428,20190000000000000003,900200000000000030,1,71.690,311.873,22356.667,2023-03-07 12:45:00.000,L2FT01-FTJ023,26.93,0.000,0.666012,16605,0.435592,0.055345,0,0,1,0.4200,罗湖区,21,21,0,0,0,0,1
2023-03-07,589179428,20190000000000000003,900200000000000030,1,71.703,312.787,22426.000,2023-03-07 13:00:00.000,L2FT01-FTJ023,26.15,0.000,0.666012,16605,0.435592,0.055345,0,0,1,0.4200,罗湖区,21,21,0,0,0,0,1
2023-03-07,589179428,20190000000000000003,900200000000000034,1,109.884,346.138,38030.000,2023-03-07 13:00:00.000,L2FT01-FTJ023,26.15,0.000,0.666012,16605,0.435592,0.055345,0,0,1,0.4200,罗湖区,21,21,0,0,0,0,1
2023-03-07,589179428,20190000000000000003,900200000000000043,1,71.792,352.700,25319.091,2023-03-07 13:00:00.000,L2FT01-FTJ023,26.15,0.000,0.666012,16605,0.435592,0.055345,0,0,1,0.4200,罗湖区,21,21,0,0,0,0,1
2023-03-07,589179428,20190000000000000003,900200000000000030,1,71.710,313.807,22501.333,2023-03-07 13:15:00.000,L2FT01-FTJ023,26.15,0.000,0.666012,16605,0.435592,0.055345,0,0,1,0.4200,罗湖区,21,21,0,0,0,0,1
2023-03-07,589179428,20190000000000000003,900200000000000034,1,109.818,347.280,38134.667,2023-03-07 13:15:00.000,L2FT01-FTJ023,26.15,0.000,0.666012,16605,0.435592,0.055345,0,0,1,0.4200,罗湖区,21,21,0,0,0,0,1
2023-03-07,589179428,20190000000000000003,900200000000000043,1,70.967,358.408,25428.462,2023-03-07 13:15:00.000,L2FT01-FTJ023,26.15,0.000,0.666012,16605,0.435592,0.055345,0,0,1,0.4200,罗湖区,21,21,0,0,0,0,1
2023-03-07,589179428,20190000000000000003,900200000000000030,1,57.470,317.867,18239.333,2023-03-07 13:30:00.000,L2FT01-FTJ023,26.15,0.000,0.666012,16605,0.435592,0.055345,0,0,1,0.4200,罗湖区,21,21,0,0,0,0,1
2023-03-07,589179428,20190000000000000003,900200000000000034,1,109.836,348.993,38329.333,2023-03-07 13:30:00.000,L2FT01-FTJ023,26.15,0.000,0.666012,16605,0.435592,0.055345,0,0,1,0.4200,罗湖区,21,21,0,0,0,0,1
2023-03-07,589179428,20190000000000000003,900200000000000048,1,71.640,371.750,26630.000,2023-03-07 13:30:00.000,L2FT01-FTJ023,26.15,0.000,0.666012,16605,0.435592,0.055345,0,0,1,0.4200,罗湖区,21,21,0,0,0,0,1
2023-03-07,589179428,20190000000000000003,900200000000000048,1,71.477,374.087,26734.000,2023-03-07 13:45:00.000,L2FT01-FTJ023,26.15,0.000,0.666012,16605,0.435592,0.055345,0,0,1,0.4200,罗湖区,21,21,0,0,0,0,1
2023-03-07,589179428,20190000000000000003,900200000000000030,1,22.000,326.400,7176.667,2023-03-07 13:45:00.000,L2FT01-FTJ023,26.15,0.000,0.666012,16605,0.435592,0.055345,0,0,1,0.4200,罗湖区,21,21,0,0,0,0,1
2023-03-07,589179428,20190000000000000003,900200000000000034,1,104.502,351.127,36704.667,2023-03-07 13:45:00.000,L2FT01-FTJ023,26.15,0.000,0.666012,16605,0.435592,0.055345,0,0,1,0.4200,罗湖区,21,21,0,0,0,0,1
2023-03-07,589179428,20190000000000000003,900200000000000034,1,5.405,341.191,1867.273,2023-03-07 14:00:00.000,L2FT01-FTJ023,25.43,0.000,0.666012,16605,0.435592,0.055345,0,0,1,0.4200,罗湖区,21,21,0,0,0,0,1
2023-03-07,589179428,20190000000000000003,900200000000000048,1,71.500,377.067,26954.667,2023-03-07 14:00:00.000,L2FT01-FTJ023,25.43,0.000,0.666012,16605,0.435592,0.055345,0,0,1,0.4200,罗湖区,21,21,0,0,0,0,1
2023-03-07,589179428,20190000000000000003,900200000000000048,1,71.405,378.907,27054.667,2023-03-07 14:15:00.000,L2FT01-FTJ023,25.43,0.000,0.666012,16605,0.435592,0.055345,0,0,1,0.4200,罗湖区,21,21,0,0,0,0,1
2023-03-07,589179428,20190000000000000003,900200000000000048,1,65.668,383.344,25166.667,2023-03-07 14:30:00.000,L2FT01-FTJ023,25.43,0.000,0.666012,16605,0.435592,0.055345,0,0,1,0.4200,罗湖区,21,21,0,0,0,0,1
2023-03-07,589179428,20190000000000000003,900200000000000037,1,69.268,377.231,26284.615,2023-03-07 14:45:00.000,L2FT01-FTJ023,25.43,0.000,0.666012,16605,0.435592,0.055345,0,0,1,0.4200,罗湖区,21,21,0,0,0,0,1
2023-03-07,589179428,20190000000000000003,900200000000000037,1,63.115,385.050,24305.000,2023-03-07 15:00:00.000,L2FT01-FTJ023,24.81,0.000,0.666012,16605,0.435592,0.055345,0,0,1,0.4200,罗湖区,21,21,0,0,0,0,1
2023-03-07,589179428,20190000000000000003,900200000000000040,1,69.610,327.700,22810.000,2023-03-07 15:45:00.000,L2FT01-FTJ023,24.81,0.000,0.666012,16605,0.435592,0.055345,0,0,1,0.4200,罗湖区,21,21,0,0,0,0,1
2023-03-07,589179428,20190000000000000003,900200000000000040,1,69.617,334.620,23294.000,2023-03-07 16:00:00.000,L2FT01-FTJ023,24.33,0.000,0.666012,16605,0.435592,0.055345,0,0,1,0.4200,罗湖区,21,21,0,0,0,0,1
2023-03-07,589179428,20190000000000000003,900200000000000057,1,184.958,319.767,58384.167,2023-03-07 16:15:00.000,L2FT01-FTJ023,24.33,0.000,0.666012,16605,0.435592,0.055345,0,0,1,0.4200,罗湖区,21,21,0,0,0,0,1
2023-03-07,589179428,20190000000000000003,900200000000000040,1,69.637,345.480,24055.333,2023-03-07 16:15:00.000,L2FT01-FTJ023,24.33,0.000,0.666012,16605,0.435592,0.055345,0,0,1,0.4200,罗湖区,21,21,0,0,0,0,1
2023-03-07,589179428,20190000000000000003,900200000000000052,1,118.016,312.164,37152.727,2023-03-07 16:15:00.000,L2FT01-FTJ023,24.33,0.000,0.666012,16605,0.435592,0.055345,0,0,1,0.4200,罗湖区,21,21,0,0,0,0,1
2023-03-07,589179428,20190000000000000003,900200000000000057,1,201.472,317.325,63928.333,2023-03-07 16:30:00.000,L2FT01-FTJ023,24.33,0.000,0.666012,16605,0.435592,0.055345,0,0,1,0.4200,罗湖区,21,21,0,0,0,0,1
2023-03-07,589179428,20190000000000000003,900200000000000052,1,108.308,320.800,34486.154,2023-03-07 16:30:00.000,L2FT01-FTJ023,24.33,0.000,0.666012,16605,0.435592,0.055345,0,0,1,0.4200,罗湖区,21,21,0,0,0,0,1
2023-03-07,589179428,20190000000000000003,900200000000000040,1,59.323,353.633,20970.667,2023-03-07 16:30:00.000,L2FT01-FTJ023,24.33,0.000,0.666012,16605,0.435592,0.055345,0,0,1,0.4200,罗湖区,21,21,0,0,0,0,1
2023-03-07,589179428,20190000000000000003,900200000000000038,1,150.943,348.071,55250.000,2023-03-07 16:30:00.000,L2FT01-FTJ023,24.33,0.000,0.666012,16605,0.435592,0.055345,0,0,1,0.4200,罗湖区,21,21,0,0,0,0,1
2023-03-07,589179428,20190000000000000003,900200000000000038,1,119.181,380.000,45159.333,2023-03-07 16:45:00.000,L2FT01-FTJ023,24.33,0.000,0.666012,16605,0.435592,0.055345,0,0,1,0.4200,罗湖区,21,21,0,0,0,0,1
2023-03-07,589179428,20190000000000000003,900200000000000040,1,35.857,354.817,12721.667,2023-03-07 16:45:00.000,L2FT01-FTJ023,24.33,0.000,0.666012,16605,0.435592,0.055345,0,0,1,0.4200,罗湖区,21,21,0,0,0,0,1
2023-03-07,589179428,20190000000000000003,900200000000000057,1,204.864,320.071,65570.000,2023-03-07 16:45:00.000,L2FT01-FTJ023,24.33,0.000,0.666012,16605,0.435592,0.055345,0,0,1,0.4200,罗湖区,21,21,0,0,0,0,1
2023-03-07,589179428,20190000000000000003,900200000000000038,1,80.604,396.387,31948.750,2023-03-07 17:00:00.000,L2FT01-FTJ023,24.03,0.000,0.666012,16605,0.435592,0.055345,0,0,1,0.4200,罗湖区,21,21,0,0,0,0,1
2023-03-07,589179428,20190000000000000003,900200000000000035,1,199.662,315.567,63001.667,2023-03-07 17:45:00.000,L2FT01-FTJ023,24.03,0.000,0.666012,16605,0.435592,0.055345,0,0,1,0.4200,罗湖区,21,21,0,0,0,0,1
2023-03-07,589179428,20190000000000000003,900200000000000035,1,199.815,316.633,63261.667,2023-03-07 18:00:00.000,L2FT01-FTJ023,23.93,0.000,0.666012,16605,0.435592,0.055345,0,0,1,0.4200,罗湖区,21,21,0,0,0,0,1
2023-03-07,589179428,20190000000000000003,900200000000000039,1,45.385,332.555,15289.091,2023-03-07 18:30:00.000,L2FT01-FTJ023,23.93,0.000,0.666012,16605,0.435592,0.055345,0,0,1,0.4200,罗湖区,21,21,0,0,0,0,1
2023-03-07,589179428,20190000000000000003,900200000000000039,1,49.870,343.307,17121.333,2023-03-07 18:45:00.000,L2FT01-FTJ023,23.93,0.000,0.666012,16605,0.435592,0.055345,0,0,1,0.4200,罗湖区,21,21,0,0,0,0,1
2023-03-07,589179428,20190000000000000003,900200000000000035,1,129.874,312.073,40526.667,2023-03-07 19:00:00.000,L2FT01-FTJ023,24.03,0.000,0.666012,16605,0.435592,0.055345,0,0,1,0.4200,罗湖区,21,21,0,0,0,0,1
2023-03-07,589179428,20190000000000000003,900200000000000039,1,49.890,350.087,17465.000,2023-03-07 19:00:00.000,L2FT01-FTJ023,24.03,0.000,0.666012,16605,0.435592,0.055345,0,0,1,0.4200,罗湖区,21,21,0,0,0,0,1
2023-03-07,589179428,20190000000000000003,900200000000000035,1,129.870,314.167,40798.889,2023-03-07 19:15:00.000,L2FT01-FTJ023,24.03,0.000,0.666012,16605,0.435592,0.055345,0,0,1,0.4200,罗湖区,21,21,0,0,0,0,1
2023-03-07,589179428,20190000000000000003,900200000000000057,1,74.320,346.200,25967.500,2023-03-07 19:15:00.000,L2FT01-FTJ023,24.03,0.000,0.666012,16605,0.435592,0.055345,0,0,1,0.4200,罗湖区,21,21,0,0,0,0,1
2023-03-07,589179428,20190000000000000003,900200000000000057,1,127.931,362.640,46369.333,2023-03-07 19:30:00.000,L2FT01-FTJ023,24.03,0.000,0.666012,16605,0.435592,0.055345,0,0,1,0.4200,罗湖区,21,21,0,0,0,0,1
2023-03-07,589179428,20190000000000000003,900200000000000057,1,90.279,378.527,34140.667,2023-03-07 19:45:00.000,L2FT01-FTJ023,24.03,0.000,0.666012,16605,0.435592,0.055345,0,0,1,0.4200,罗湖区,21,21,0,0,0,0,1
2023-03-07,589179428,20190000000000000003,900200000000000057,1,38.324,385.487,14773.333,2023-03-07 20:00:00.000,L2FT01-FTJ023,24.33,0.000,0.666012,16605,0.435592,0.055345,0,0,1,0.4200,罗湖区,21,21,0,0,0,0,1
2023-03-07,589179428,20190000000000000003,900200000000000057,1,24.790,386.850,9590.000,2023-03-07 20:15:00.000,L2FT01-FTJ023,24.33,0.000,0.666012,16605,0.435592,0.055345,0,0,1,0.4200,罗湖区,21,21,0,0,0,0,1
2023-03-07,589179428,20190000000000000003,900200000000000042,1,240.100,410.900,98650.000,2023-03-07 20:30:00.000,L2FT01-FTJ023,24.33,0.000,0.666012,16605,0.435592,0.055345,0,0,1,0.4200,罗湖区,21,21,0,0,0,0,1
2023-03-07,589179428,20190000000000000003,900200000000000035,1,179.847,310.710,56116.000,2023-03-07 20:45:00.000,L2FT01-FTJ023,24.33,0.000,0.666012,16605,0.435592,0.055345,0,0,1,0.4200,罗湖区,21,21,0,0,0,0,1
2023-03-07,589179428,20190000000000000003,900200000000000042,1,239.858,414.320,99378.000,2023-03-07 20:45:00.000,L2FT01-FTJ023,24.33,0.000,0.666012,16605,0.435592,0.055345,0,0,1,0.4200,罗湖区,21,21,0,0,0,0,1
2023-03-07,589179428,20190000000000000003,900200000000000057,1,173.857,399.267,69418.667,2023-03-07 20:45:00.000,L2FT01-FTJ023,24.33,0.000,0.666012,16605,0.435592,0.055345,0,0,1,0.4200,罗湖区,21,21,0,0,0,0,1
2023-03-07,589179428,20190000000000000003,900200000000000035,1,199.865,313.160,62584.000,2023-03-07 21:00:00.000,L2FT01-FTJ023,24.81,0.000,0.666012,16605,0.435592,0.055345,0,0,1,0.4200,罗湖区,21,21,0,0,0,0,1
2023-03-07,589179428,20190000000000000003,900200000000000057,1,125.628,398.747,50103.333,2023-03-07 21:00:00.000,L2FT01-FTJ023,24.81,0.000,0.666012,16605,0.435592,0.055345,0,0,1,0.4200,罗湖区,21,21,0,0,0,0,1
2023-03-07,589179428,20190000000000000003,900200000000000035,1,199.906,315.047,62975.333,2023-03-07 21:15:00.000,L2FT01-FTJ023,24.81,0.000,0.666012,16605,0.435592,0.055345,0,0,1,0.4200,罗湖区,21,21,0,0,0,0,1
2023-03-07,589179428,20190000000000000003,900200000000000057,1,93.406,398.847,37251.333,2023-03-07 21:15:00.000,L2FT01-FTJ023,24.81,0.000,0.666012,16605,0.435592,0.055345,0,0,1,0.4200,罗湖区,21,21,0,0,0,0,1
2023-03-07,589179428,20190000000000000003,900200000000000035,1,169.156,317.727,53701.333,2023-03-07 21:30:00.000,L2FT01-FTJ023,24.81,0.000,0.666012,16605,0.435592,0.055345,0,0,1,0.4200,罗湖区,21,21,0,0,0,0,1
2023-03-07,589179428,20190000000000000003,900200000000000057,1,56.827,402.367,22840.000,2023-03-07 21:30:00.000,L2FT01-FTJ023,24.81,0.000,0.666012,16605,0.435592,0.055345,0,0,1,0.4200,罗湖区,21,21,0,0,0,0,1
2023-03-07,589179428,20190000000000000003,900200000000000035,1,29.790,331.250,9865.000,2023-03-07 21:45:00.000,L2FT01-FTJ023,24.81,0.000,0.666012,16605,0.435592,0.055345,0,0,1,0.4200,罗湖区,21,21,0,0,0,0,1
2023-03-08,589179428,20190000000000000003,900200000000000035,1,164.800,305.200,50290.000,2023-03-08 00:00:00.000,L2FT01-FTJ023,26.93,0.000,0.666012,16605,0.435592,0.055345,0,0,1,0.4200,罗湖区,21,21,0,0,0,0,1
2023-03-08,589179428,20190000000000000003,900200000000000047,1,129.829,308.443,40040.000,2023-03-08 00:15:00.000,L2FT01-FTJ023,26.93,0.000,0.666012,16605,0.435592,0.055345,0,0,1,0.4200,罗湖区,21,21,0,0,0,0,1
2023-03-08,589179428,20190000000000000003,900200000000000035,1,164.824,310.133,51113.333,2023-03-08 00:15:00.000,L2FT01-FTJ023,26.93,0.000,0.666012,16605,0.435592,0.055345,0,0,1,0.4200,罗湖区,21,21,0,0,0,0,1
2023-03-08,589179428,20190000000000000003,900200000000000035,1,164.907,312.287,51494.667,2023-03-08 00:30:00.000,L2FT01-FTJ023,26.93,0.000,0.666012,16605,0.435592,0.055345,0,0,1,0.4200,罗湖区,21,21,0,0,0,0,1
2023-03-08,589179428,20190000000000000003,900200000000000047,1,129.805,310.107,40249.333,2023-03-08 00:30:00.000,L2FT01-FTJ023,26.93,0.000,0.666012,16605,0.435592,0.055345,0,0,1,0.4200,罗湖区,21,21,0,0,0,0,1
2023-03-08,589179428,20190000000000000003,900200000000000035,1,164.836,314.253,51795.333,2023-03-08 00:45:00.000,L2FT01-FTJ023,26.93,0.000,0.666012,16605,0.435592,0.055345,0,0,1,0.4200,罗湖区,21,21,0,0,0,0,1
2023-03-08,589179428,20190000000000000003,900200000000000047,1,129.800,310.767,40331.333,2023-03-08 00:45:00.000,L2FT01-FTJ023,26.93,0.000,0.666012,16605,0.435592,0.055345,0,0,1,0.4200,罗湖区,21,21,0,0,0,0,1
2023-03-08,589179428,20190000000000000003,900200000000000035,1,164.812,316.067,52086.667,2023-03-08 01:00:00.000,L2FT01-FTJ023,27.70,0.000,0.666012,16605,0.435592,0.055345,0,0,1,0.4200,罗湖区,21,21,0,0,0,0,1
2023-03-08,589179428,20190000000000000003,900200000000000047,1,129.800,312.573,40567.333,2023-03-08 01:00:00.000,L2FT01-FTJ023,27.70,0.000,0.666012,16605,0.435592,0.055345,0,0,1,0.4200,罗湖区,21,21,0,0,0,0,1
2023-03-08,589179428,20190000000000000003,900200000000000052,1,129.800,306.700,39800.000,2023-03-08 01:00:00.000,L2FT01-FTJ023,27.70,0.000,0.666012,16605,0.435592,0.055345,0,0,1,0.4200,罗湖区,21,21,0,0,0,0,1
2023-03-08,589179428,20190000000000000003,900200000000000035,1,79.755,322.862,25576.923,2023-03-08 01:15:00.000,L2FT01-FTJ023,27.70,0.000,0.666012,16605,0.435592,0.055345,0,0,1,0.4200,罗湖区,21,21,0,0,0,0,1
2023-03-08,589179428,20190000000000000003,900200000000000047,1,129.800,314.833,40860.000,2023-03-08 01:15:00.000,L2FT01-FTJ023,27.70,0.000,0.666012,16605,0.435592,0.055345,0,0,1,0.4200,罗湖区,21,21,0,0,0,0,1
2023-03-08,589179428,20190000000000000003,900200000000000052,1,129.866,309.933,40247.333,2023-03-08 01:15:00.000,L2FT01-FTJ023,27.70,0.000,0.666012,16605,0.435592,0.055345,0,0,1,0.4200,罗湖区,21,21,0,0,0,0,1
2023-03-08,589179428,20190000000000000003,900200000000000057,1,166.800,368.400,61440.000,2023-03-08 01:15:00.000,L2FT01-FTJ023,27.70,0.000,0.666012,16605,0.435592,0.055345,0,0,1,0.4200,罗湖区,21,21,0,0,0,0,1
2023-03-08,589179428,20190000000000000003,900200000000000057,1,134.045,373.300,50028.000,2023-03-08 01:30:00.000,L2FT01-FTJ023,27.70,0.000,0.666012,16605,0.435592,0.055345,0,0,1,0.4200,罗湖区,21,21,0,0,0,0,1
2023-03-08,589179428,20190000000000000003,900200000000000052,1,129.890,310.833,40369.333,2023-03-08 01:30:00.000,L2FT01-FTJ023,27.70,0.000,0.666012,16605,0.435592,0.055345,0,0,1,0.4200,罗湖区,21,21,0,0,0,0,1
2023-03-08,589179428,20190000000000000003,900200000000000047,1,89.825,321.808,28700.000,2023-03-08 01:30:00.000,L2FT01-FTJ023,27.70,0.000,0.666012,16605,0.435592,0.055345,0,0,1,0.4200,罗湖区,21,21,0,0,0,0,1
2023-03-08,589179428,20190000000000000003,900200000000000035,1,129.841,310.600,40324.286,2023-03-08 01:30:00.000,L2FT01-FTJ023,27.70,0.000,0.666012,16605,0.435592,0.055345,0,0,1,0.4200,罗湖区,21,21,0,0,0,0,1
2023-03-08,589179428,20190000000000000003,900200000000000035,1,130.066,311.287,40486.000,2023-03-08 01:45:00.000,L2FT01-FTJ023,27.70,0.000,0.666012,16605,0.435592,0.055345,0,0,1,0.4200,罗湖区,21,21,0,0,0,0,1
2023-03-08,589179428,20190000000000000003,900200000000000052,1,129.985,312.280,40587.333,2023-03-08 01:45:00.000,L2FT01-FTJ023,27.70,0.000,0.666012,16605,0.435592,0.055345,0,0,1,0.4200,罗湖区,21,21,0,0,0,0,1
2023-03-08,589179428,20190000000000000003,900200000000000057,1,115.939,391.680,45337.333,2023-03-08 01:45:00.000,L2FT01-FTJ023,27.70,0.000,0.666012,16605,0.435592,0.055345,0,0,1,0.4200,罗湖区,21,21,0,0,0,0,1
2023-03-08,589179428,20190000000000000003,900200000000000035,1,129.927,314.007,40794.000,2023-03-08 02:00:00.000,L2FT01-FTJ023,28.43,0.000,0.666012,16605,0.435592,0.055345,0,0,1,0.4200,罗湖区,21,21,0,0,0,0,1
2023-03-08,589179428,20190000000000000003,900200000000000052,1,130.000,314.647,40900.000,2023-03-08 02:00:00.000,L2FT01-FTJ023,28.43,0.000,0.666012,16605,0.435592,0.055345,0,0,1,0.4200,罗湖区,21,21,0,0,0,0,1
2023-03-08,589179428,20190000000000000003,900200000000000057,1,68.203,405.107,27604.000,2023-03-08 02:00:00.000,L2FT01-FTJ023,28.43,0.000,0.666012,16605,0.435592,0.055345,0,0,1,0.4200,罗湖区,21,21,0,0,0,0,1
2023-03-08,589179428,20190000000000000003,900200000000000035,1,129.818,315.460,40947.333,2023-03-08 02:15:00.000,L2FT01-FTJ023,28.43,0.000,0.666012,16605,0.435592,0.055345,0,0,1,0.4200,罗湖区,21,21,0,0,0,0,1
2023-03-08,589179428,20190000000000000003,900200000000000052,1,103.935,318.613,33086.000,2023-03-08 02:15:00.000,L2FT01-FTJ023,28.43,0.000,0.666012,16605,0.435592,0.055345,0,0,1,0.4200,罗湖区,21,21,0,0,0,0,1
2023-03-08,589179428,20190000000000000003,900200000000000057,1,24.177,411.287,9944.000,2023-03-08 02:15:00.000,L2FT01-FTJ023,28.43,0.000,0.666012,16605,0.435592,0.055345,0,0,1,0.4200,罗湖区,21,21,0,0,0,0,1
2023-03-08,589179428,20190000000000000003,900200000000000052,1,42.590,325.833,13913.333,2023-03-08 02:30:00.000,L2FT01-FTJ023,28.43,0.000,0.666012,16605,0.435592,0.055345,0,0,1,0.4200,罗湖区,21,21,0,0,0,0,1
2023-03-08,589179428,20190000000000000003,900200000000000057,1,14.790,413.040,6109.000,2023-03-08 02:30:00.000,L2FT01-FTJ023,28.43,0.000,0.666012,16605,0.435592,0.055345,0,0,1,0.4200,罗湖区,21,21,0,0,0,0,1
2023-03-08,589179428,20190000000000000003,900200000000000035,1,77.842,316.242,24743.333,2023-03-08 02:30:00.000,L2FT01-FTJ023,28.43,0.000,0.666012,16605,0.435592,0.055345,0,0,1,0.4200,罗湖区,21,21,0,0,0,0,1
2023-03-08,589179428,20190000000000000003,900200000000000039,1,149.150,291.600,46126.667,2023-03-08 02:30:00.000,L2FT01-FTJ023,28.43,0.000,0.666012,16605,0.435592,0.055345,0,0,1,0.4200,罗湖区,21,21,0,0,0,0,1
2023-03-08,589179428,20190000000000000003,900200000000000057,1,199.807,314.200,62772.500,2023-03-08 02:45:00.000,L2FT01-FTJ023,28.43,0.000,0.666012,16605,0.435592,0.055345,0,0,1,0.4200,罗湖区,21,21,0,0,0,0,1
2023-03-08,589179428,20190000000000000003,900200000000000039,1,134.209,309.993,41682.000,2023-03-08 02:45:00.000,L2FT01-FTJ023,28.43,0.000,0.666012,16605,0.435592,0.055345,0,0,1,0.4200,罗湖区,21,21,0,0,0,0,1
2023-03-08,589179428,20190000000000000003,900200000000000035,1,142.705,309.420,44152.667,2023-03-08 02:45:00.000,L2FT01-FTJ023,28.43,0.000,0.666012,16605,0.435592,0.055345,0,0,1,0.4200,罗湖区,21,21,0,0,0,0,1
2023-03-08,589179428,20190000000000000003,900200000000000035,1,142.712,310.667,44333.333,2023-03-08 03:00:00.000,L2FT01-FTJ023,29.05,0.000,0.666012,16605,0.435592,0.055345,0,0,1,0.4200,罗湖区,21,21,0,0,0,0,1
2023-03-08,589179428,20190000000000000003,900200000000000039,1,103.759,309.433,32202.000,2023-03-08 03:00:00.000,L2FT01-FTJ023,29.05,0.000,0.666012,16605,0.435592,0.055345,0,0,1,0.4200,罗湖区,21,21,0,0,0,0,1
2023-03-08,589179428,20190000000000000003,900200000000000057,1,199.909,316.547,63276.667,2023-03-08 03:00:00.000,L2FT01-FTJ023,29.05,0.000,0.666012,16605,0.435592,0.055345,0,0,1,0.4200,罗湖区,21,21,0,0,0,0,1
2023-03-08,589179428,20190000000000000003,900200000000000035,1,142.657,312.313,44552.000,2023-03-08 03:15:00.000,L2FT01-FTJ023,29.05,0.000,0.666012,16605,0.435592,0.055345,0,0,1,0.4200,罗湖区,21,21,0,0,0,0,1
2023-03-08,589179428,20190000000000000003,900200000000000039,1,79.577,309.107,24644.667,2023-03-08 03:15:00.000,L2FT01-FTJ023,29.05,0.000,0.666012,16605,0.435592,0.055345,0,0,1,0.4200,罗湖区,21,21,0,0,0,0,1
2023-03-08,589179428,20190000000000000003,900200000000000057,1,160.687,322.008,51498.333,2023-03-08 03:15:00.000,L2FT01-FTJ023,29.05,0.000,0.666012,16605,0.435592,0.055345,0,0,1,0.4200,罗湖区,21,21,0,0,0,0,1
2023-03-08,589179428,20190000000000000003,900200000000000035,1,142.657,313.767,44759.333,2023-03-08 03:30:00.000,L2FT01-FTJ023,29.05,0.000,0.666012,16605,0.435592,0.055345,0,0,1,0.4200,罗湖区,21,21,0,0,0,0,1
2023-03-08,589179428,20190000000000000003,900200000000000039,1,71.230,309.773,22064.000,2023-03-08 03:30:00.000,L2FT01-FTJ023,29.05,0.000,0.666012,16605,0.435592,0.055345,0,0,1,0.4200,罗湖区,21,21,0,0,0,0,1
2023-03-08,589179428,20190000000000000003,900200000000000035,1,142.597,314.767,44882.667,2023-03-08 03:45:00.000,L2FT01-FTJ023,29.05,0.000,0.666012,16605,0.435592,0.055345,0,0,1,0.4200,罗湖区,21,21,0,0,0,0,1
2023-03-08,589179428,20190000000000000003,900200000000000039,1,71.243,311.160,22166.667,2023-03-08 03:45:00.000,L2FT01-FTJ023,29.05,0.000,0.666012,16605,0.435592,0.055345,0,0,1,0.4200,罗湖区,21,21,0,0,0,0,1
2023-03-08,589179428,20190000000000000003,900200000000000039,1,71.190,311.920,22205.333,2023-03-08 04:00:00.000,L2FT01-FTJ023,29.53,0.000,0.666012,16605,0.435592,0.055345,0,0,1,0.4200,罗湖区,21,21,0,0,0,0,1
2023-03-08,589179428,20190000000000000003,900200000000000056,1,79.454,340.400,27315.714,2023-03-08 04:00:00.000,L2FT01-FTJ023,29.53,0.000,0.666012,16605,0.435592,0.055345,0,0,1,0.4200,罗湖区,21,21,0,0,0,0,1
2023-03-08,589179428,20190000000000000003,900200000000000035,1,112.333,321.414,35838.571,2023-03-08 04:00:00.000,L2FT01-FTJ023,29.53,0.000,0.666012,16605,0.435592,0.055345,0,0,1,0.4200,罗湖区,21,21,0,0,0,0,1
2023-03-08,589179428,20190000000000000003,900200000000000038,1,166.123,306.836,51667.143,2023-03-08 04:00:00.000,L2FT01-FTJ023,29.53,0.000,0.666012,16605,0.435592,0.055345,0,0,1,0.4200,罗湖区,21,21,0,0,0,0,1
2023-03-08,589179428,20190000000000000003,900200000000000038,1,178.956,312.540,55928.000,2023-03-08 04:15:00.000,L2FT01-FTJ023,29.53,0.000,0.666012,16605,0.435592,0.055345,0,0,1,0.4200,罗湖区,21,21,0,0,0,0,1
2023-03-08,589179428,20190000000000000003,900200000000000039,1,71.190,312.307,22230.000,2023-03-08 04:15:00.000,L2FT01-FTJ023,29.53,0.000,0.666012,16605,0.435592,0.055345,0,0,1,0.4200,罗湖区,21,21,0,0,0,0,1
2023-03-08,589179428,20190000000000000003,900200000000000056,1,130.036,351.600,45717.333,2023-03-08 04:15:00.000,L2FT01-FTJ023,29.53,0.000,0.666012,16605,0.435592,0.055345,0,0,1,0.4200,罗湖区,21,21,0,0,0,0,1
2023-03-08,589179428,20190000000000000003,900200000000000038,1,178.977,314.507,56284.667,2023-03-08 04:30:00.000,L2FT01-FTJ023,29.53,0.000,0.666012,16605,0.435592,0.055345,0,0,1,0.4200,罗湖区,21,21,0,0,0,0,1
2023-03-08,589179428,20190000000000000003,900200000000000039,1,71.190,312.713,22258.667,2023-03-08 04:30:00.000,L2FT01-FTJ023,29.53,0.000,0.666012,16605,0.435592,0.055345,0,0,1,0.4200,罗湖区,21,21,0,0,0,0,1
2023-03-08,589179428,20190000000000000003,900200000000000056,1,121.689,367.980,44746.000,2023-03-08 04:30:00.000,L2FT01-FTJ023,29.53,0.000,0.666012,16605,0.435592,0.055345,0,0,1,0.4200,罗湖区,21,21,0,0,0,0,1
2023-03-08,589179428,20190000000000000003,900200000000000056,1,75.978,380.920,28918.667,2023-03-08 04:45:00.000,L2FT01-FTJ023,29.53,0.000,0.666012,16605,0.435592,0.055345,0,0,1,0.4200,罗湖区,21,21,0,0,0,0,1
2023-03-08,589179428,20190000000000000003,900200000000000038,1,179.007,316.227,56602.000,2023-03-08 04:45:00.000,L2FT01-FTJ023,29.53,0.000,0.666012,16605,0.435592,0.055345,0,0,1,0.4200,罗湖区,21,21,0,0,0,0,1
2023-03-08,589179428,20190000000000000003,900200000000000039,1,71.223,313.573,22332.000,2023-03-08 04:45:00.000,L2FT01-FTJ023,29.53,0.000,0.666012,16605,0.435592,0.055345,0,0,1,0.4200,罗湖区,21,21,0,0,0,0,1
2023-03-08,589179428,20190000000000000003,900200000000000038,1,157.178,320.940,50410.000,2023-03-08 05:00:00.000,L2FT01-FTJ023,29.83,0.000,0.666012,16605,0.435592,0.055345,0,0,1,0.4200,罗湖区,21,21,0,0,0,0,1
2023-03-08,589179428,20190000000000000003,900200000000000039,1,63.711,318.664,20230.714,2023-03-08 05:00:00.000,L2FT01-FTJ023,29.83,0.000,0.666012,16605,0.435592,0.055345,0,0,1,0.4200,罗湖区,21,21,0,0,0,0,1
2023-03-08,589179428,20190000000000000003,900200000000000056,1,30.344,385.913,11706.667,2023-03-08 05:00:00.000,L2FT01-FTJ023,29.83,0.000,0.666012,16605,0.435592,0.055345,0,0,1,0.4200,罗湖区,21,21,0,0,0,0,1
2023-03-08,589179428,20190000000000000003,900200000000000056,1,24.290,388.967,9447.333,2023-03-08 05:15:00.000,L2FT01-FTJ023,29.83,0.000,0.666012,16605,0.435592,0.055345,0,0,1,0.4200,罗湖区,21,21,0,0,0,0,1
2023-03-08,589179428,20190000000000000003,900200000000000056,1,24.290,391.567,9510.000,2023-03-08 05:30:00.000,L2FT01-FTJ023,29.83,0.000,0.666012,16605,0.435592,0.055345,0,0,1,0.4200,罗湖区,21,21,0,0,0,0,1
2023-03-08,589179428,20190000000000000003,900200000000000038,1,119.445,328.350,39215.000,2023-03-08 07:15:00.000,L2FT01-FTJ023,29.83,0.000,0.666012,16605,0.435592,0.055345,0,0,1,0.4200,罗湖区,21,21,0,0,0,0,1
2023-03-08,589179428,20190000000000000003,900200000000000034,1,104.585,324.850,33707.500,2023-03-08 07:15:00.000,L2FT01-FTJ023,29.83,0.000,0.666012,16605,0.435592,0.055345,0,0,1,0.4200,罗湖区,21,21,0,0,0,0,1
2023-03-08,589179428,20190000000000000003,900200000000000034,1,119.524,326.873,39065.333,2023-03-08 07:30:00.000,L2FT01-FTJ023,29.83,0.000,0.666012,16605,0.435592,0.055345,0,0,1,0.4200,罗湖区,21,21,0,0,0,0,1
2023-03-08,589179428,20190000000000000003,900200000000000038,1,119.515,330.533,39499.167,2023-03-08 07:30:00.000,L2FT01-FTJ023,29.83,0.000,0.666012,16605,0.435592,0.055345,0,0,1,0.4200,罗湖区,21,21,0,0,0,0,1
2023-03-08,589179428,20190000000000000003,900200000000000034,1,119.590,328.420,39274.667,2023-03-08 07:45:00.000,L2FT01-FTJ023,29.83,0.000,0.666012,16605,0.435592,0.055345,0,0,1,0.4200,罗湖区,21,21,0,0,0,0,1
2023-03-08,589179428,20190000000000000003,900200000000000034,1,119.603,331.573,39654.667,2023-03-08 08:00:00.000,L2FT01-FTJ023,29.53,0.000,0.666012,16605,0.435592,0.055345,0,0,1,0.4200,罗湖区,21,21,0,0,0,0,1
2023-03-08,589179428,20190000000000000003,900200000000000034,1,40.890,336.300,13725.000,2023-03-08 08:15:00.000,L2FT01-FTJ023,29.53,0.000,0.666012,16605,0.435592,0.055345,0,0,1,0.4200,罗湖区,21,21,0,0,0,0,1
2023-03-08,589179428,20190000000000000003,900200000000000042,1,105.171,349.167,37418.333,2023-03-08 10:15:00.000,L2FT01-FTJ023,28.43,0.000,0.666012,16605,0.435592,0.055345,0,0,1,0.4200,罗湖区,21,21,0,0,0,0,1
2023-03-08,589179428,20190000000000000003,900200000000000042,1,108.782,356.122,38734.444,2023-03-08 10:30:00.000,L2FT01-FTJ023,28.43,0.000,0.666012,16605,0.435592,0.055345,0,0,1,0.4200,罗湖区,21,21,0,0,0,0,1
2023-03-08,589179428,20190000000000000003,900200000000000043,1,99.945,337.700,31140.000,2023-03-08 10:45:00.000,L2FT01-FTJ023,28.43,0.000,0.666012,16605,0.435592,0.055345,0,0,1,0.4200,罗湖区,21,21,0,0,0,0,1
2023-03-08,589179428,20190000000000000003,900200000000000043,1,199.884,313.733,62704.667,2023-03-08 11:00:00.000,L2FT01-FTJ023,27.70,0.000,0.666012,16605,0.435592,0.055345,0,0,1,0.4200,罗湖区,21,21,0,0,0,0,1
2023-03-08,589179428,20190000000000000003,900200000000000043,1,199.978,316.760,63344.000,2023-03-08 11:15:00.000,L2FT01-FTJ023,27.70,0.000,0.666012,16605,0.435592,0.055345,0,0,1,0.4200,罗湖区,21,21,0,0,0,0,1
2023-03-08,589179428,20190000000000000003,900200000000000038,1,104.254,359.760,37498.000,2023-03-08 11:30:00.000,L2FT01-FTJ023,27.70,0.000,0.666012,16605,0.435592,0.055345,0,0,1,0.4200,罗湖区,21,21,0,0,0,0,1
2023-03-08,589179428,20190000000000000003,900200000000000043,1,61.306,324.300,19745.714,2023-03-08 11:30:00.000,L2FT01-FTJ023,27.70,0.000,0.666012,16605,0.435592,0.055345,0,0,1,0.4200,罗湖区,21,21,0,0,0,0,1
2023-03-08,589179428,20190000000000000003,900200000000000035,1,195.376,312.820,61126.000,2023-03-08 11:45:00.000,L2FT01-FTJ023,27.70,0.000,0.666012,16605,0.435592,0.055345,0,0,1,0.4200,罗湖区,21,21,0,0,0,0,1
2023-03-08,589179428,20190000000000000003,900200000000000038,1,105.185,371.333,39083.333,2023-03-08 11:45:00.000,L2FT01-FTJ023,27.70,0.000,0.666012,16605,0.435592,0.055345,0,0,1,0.4200,罗湖区,21,21,0,0,0,0,1
2023-03-08,589179428,20190000000000000003,900200000000000038,1,74.343,386.293,28686.000,2023-03-08 12:00:00.000,L2FT01-FTJ023,26.93,0.000,0.666012,16605,0.435592,0.055345,0,0,1,0.4200,罗湖区,21,21,0,0,0,0,1
2023-03-08,589179428,20190000000000000003,900200000000000035,1,201.323,315.447,63502.667,2023-03-08 12:00:00.000,L2FT01-FTJ023,26.93,0.000,0.666012,16605,0.435592,0.055345,0,0,1,0.4200,罗湖区,21,21,0,0,0,0,1
2023-03-08,589179428,20190000000000000003,900200000000000035,1,203.606,317.007,64539.333,2023-03-08 12:15:00.000,L2FT01-FTJ023,26.93,0.000,0.666012,16605,0.435592,0.055345,0,0,1,0.4200,罗湖区,21,21,0,0,0,0,1
2023-03-08,589179428,20190000000000000003,900200000000000038,1,34.230,392.713,13437.333,2023-03-08 12:15:00.000,L2FT01-FTJ023,26.93,0.000,0.666012,16605,0.435592,0.055345,0,0,1,0.4200,罗湖区,21,21,0,0,0,0,1
2023-03-08,589179428,20190000000000000003,900200000000000035,1,127.328,322.211,40834.444,2023-03-08 12:30:00.000,L2FT01-FTJ023,26.93,0.000,0.666012,16605,0.435592,0.055345,0,0,1,0.4200,罗湖区,21,21,0,0,0,0,1
2023-03-08,589179428,20190000000000000003,900200000000000057,1,199.813,314.133,62761.667,2023-03-08 12:30:00.000,L2FT01-FTJ023,26.93,0.000,0.666012,16605,0.435592,0.055345,0,0,1,0.4200,罗湖区,21,21,0,0,0,0,1
2023-03-08,589179428,20190000000000000003,900200000000000057,1,199.777,314.980,62920.000,2023-03-08 12:45:00.000,L2FT01-FTJ023,26.93,0.000,0.666012,16605,0.435592,0.055345,0,0,1,0.4200,罗湖区,21,21,0,0,0,0,1
2023-03-08,589179428,20190000000000000003,900200000000000057,1,199.800,316.987,63327.333,2023-03-08 13:00:00.000,L2FT01-FTJ023,26.15,0.000,0.666012,16605,0.435592,0.055345,0,0,1,0.4200,罗湖区,21,21,0,0,0,0,1
2023-03-08,589179428,20190000000000000003,900200000000000049,1,68.657,436.900,29993.333,2023-03-08 13:15:00.000,L2FT01-FTJ023,26.15,0.000,0.666012,16605,0.435592,0.055345,0,0,1,0.4200,罗湖区,21,21,0,0,0,0,1
2023-03-08,589179428,20190000000000000003,900200000000000057,1,153.667,322.923,49339.231,2023-03-08 13:15:00.000,L2FT01-FTJ023,26.15,0.000,0.666012,16605,0.435592,0.055345,0,0,1,0.4200,罗湖区,21,21,0,0,0,0,1
2023-03-08,589179428,20190000000000000003,900200000000000049,1,67.199,445.100,29908.667,2023-03-08 13:30:00.000,L2FT01-FTJ023,26.15,0.000,0.666012,16605,0.435592,0.055345,0,0,1,0.4200,罗湖区,21,21,0,0,0,0,1
2023-03-08,589179428,20190000000000000003,900200000000000049,1,65.879,453.993,29906.000,2023-03-08 13:45:00.000,L2FT01-FTJ023,26.15,0.000,0.666012,16605,0.435592,0.055345,0,0,1,0.4200,罗湖区,21,21,0,0,0,0,1
2023-03-08,589179428,20190000000000000003,900200000000000049,1,63.977,467.233,29889.333,2023-03-08 14:00:00.000,L2FT01-FTJ023,25.43,0.000,0.666012,16605,0.435592,0.055345,0,0,1,0.4200,罗湖区,21,21,0,0,0,0,1
2023-03-08,589179428,20190000000000000003,900200000000000049,1,62.263,479.471,29852.857,2023-03-08 14:15:00.000,L2FT01-FTJ023,25.43,0.000,0.666012,16605,0.435592,0.055345,0,0,1,0.4200,罗湖区,21,21,0,0,0,0,1
2023-03-08,589179428,20190000000000000003,900200000000000049,1,143.449,362.508,52013.846,2023-03-08 14:30:00.000,L2FT01-FTJ023,25.43,0.000,0.666012,16605,0.435592,0.055345,0,0,1,0.4200,罗湖区,21,21,0,0,0,0,1
2023-03-08,589179428,20190000000000000003,900200000000000049,1,121.509,376.560,45710.000,2023-03-08 14:45:00.000,L2FT01-FTJ023,25.43,0.000,0.666012,16605,0.435592,0.055345,0,0,1,0.4200,罗湖区,21,21,0,0,0,0,1
2023-03-08,589179428,20190000000000000003,900200000000000034,1,191.020,311.773,59662.667,2023-03-08 15:00:00.000,L2FT01-FTJ023,24.81,0.000,0.666012,16605,0.435592,0.055345,0,0,1,0.4200,罗湖区,21,21,0,0,0,0,1
2023-03-08,589179428,20190000000000000003,900200000000000049,1,92.990,393.907,36590.000,2023-03-08 15:00:00.000,L2FT01-FTJ023,24.81,0.000,0.666012,16605,0.435592,0.055345,0,0,1,0.4200,罗湖区,21,21,0,0,0,0,1
2023-03-08,589179428,20190000000000000003,900200000000000057,1,68.066,349.712,24005.000,2023-03-08 15:00:00.000,L2FT01-FTJ023,24.81,0.000,0.666012,16605,0.435592,0.055345,0,0,1,0.4200,罗湖区,21,21,0,0,0,0,1
2023-03-08,589179428,20190000000000000003,900200000000000034,1,207.890,315.107,65506.000,2023-03-08 15:15:00.000,L2FT01-FTJ023,24.81,0.000,0.666012,16605,0.435592,0.055345,0,0,1,0.4200,罗湖区,21,21,0,0,0,0,1
2023-03-08,589179428,20190000000000000003,900200000000000049,1,55.950,405.013,22644.667,2023-03-08 15:15:00.000,L2FT01-FTJ023,24.81,0.000,0.666012,16605,0.435592,0.055345,0,0,1,0.4200,罗湖区,21,21,0,0,0,0,1
2023-03-08,589179428,20190000000000000003,900200000000000057,1,77.843,358.353,27894.667,2023-03-08 15:15:00.000,L2FT01-FTJ023,24.81,0.000,0.666012,16605,0.435592,0.055345,0,0,1,0.4200,罗湖区,21,21,0,0,0,0,1
2023-03-08,589179428,20190000000000000003,900200000000000034,1,195.845,318.192,62274.615,2023-03-08 15:30:00.000,L2FT01-FTJ023,24.81,0.000,0.666012,16605,0.435592,0.055345,0,0,1,0.4200,罗湖区,21,21,0,0,0,0,1
2023-03-08,589179428,20190000000000000003,900200000000000049,1,32.190,407.800,13126.667,2023-03-08 15:30:00.000,L2FT01-FTJ023,24.81,0.000,0.666012,16605,0.435592,0.055345,0,0,1,0.4200,罗湖区,21,21,0,0,0,0,1
2023-03-08,589179428,20190000000000000003,900200000000000057,1,77.890,367.408,28616.667,2023-03-08 15:30:00.000,L2FT01-FTJ023,24.81,0.000,0.666012,16605,0.435592,0.055345,0,0,1,0.4200,罗湖区,21,21,0,0,0,0,1
2023-03-08,589179428,20190000000000000003,900200000000000057,1,199.890,316.733,63306.667,2023-03-08 15:45:00.000,L2FT01-FTJ023,24.81,0.000,0.666012,16605,0.435592,0.055345,0,0,1,0.4200,罗湖区,21,21,0,0,0,0,1
2023-03-08,589179428,20190000000000000003,900200000000000057,1,109.848,323.989,35222.222,2023-03-08 16:00:00.000,L2FT01-FTJ023,24.33,0.000,0.666012,16605,0.435592,0.055345,0,0,1,0.4200,罗湖区,21,21,0,0,0,0,1
2023-03-08,589179428,20190000000000000003,900200000000000043,1,109.917,350.280,39037.333,2023-03-08 16:30:00.000,L2FT01-FTJ023,24.33,0.000,0.666012,16605,0.435592,0.055345,0,0,1,0.4200,罗湖区,21,21,0,0,0,0,1
2023-03-08,589179428,20190000000000000003,900200000000000043,1,110.119,357.793,39396.000,2023-03-08 16:45:00.000,L2FT01-FTJ023,24.33,0.000,0.666012,16605,0.435592,0.055345,0,0,1,0.4200,罗湖区,21,21,0,0,0,0,1
2023-03-08,589179428,20190000000000000003,900200000000000043,1,64.191,356.586,22894.286,2023-03-08 17:00:00.000,L2FT01-FTJ023,24.03,0.000,0.666012,16605,0.435592,0.055345,0,0,1,0.4200,罗湖区,21,21,0,0,0,0,1
2023-03-08,589179428,20190000000000000003,900200000000000048,1,122.916,434.222,53400.000,2023-03-08 17:00:00.000,L2FT01-FTJ023,24.03,0.000,0.666012,16605,0.435592,0.055345,0,0,1,0.4200,罗湖区,21,21,0,0,0,0,1
2023-03-08,589179428,20190000000000000003,900200000000000048,1,121.800,446.800,54415.000,2023-03-08 17:15:00.000,L2FT01-FTJ023,24.03,0.000,0.666012,16605,0.435592,0.055345,0,0,1,0.4200,罗湖区,21,21,0,0,0,0,1
2023-03-08,589179428,20190000000000000003,900200000000000035,1,200.764,312.556,62744.444,2023-03-08 17:30:00.000,L2FT01-FTJ023,24.03,0.000,0.666012,16605,0.435592,0.055345,0,0,1,0.4200,罗湖区,21,21,0,0,0,0,1
2023-03-08,589179428,20190000000000000003,900200000000000035,1,199.885,314.427,62844.000,2023-03-08 17:45:00.000,L2FT01-FTJ023,24.03,0.000,0.666012,16605,0.435592,0.055345,0,0,1,0.4200,罗湖区,21,21,0,0,0,0,1
2023-03-08,589179428,20190000000000000003,900200000000000035,1,199.984,316.000,63194.286,2023-03-08 18:00:00.000,L2FT01-FTJ023,23.93,0.000,0.666012,16605,0.435592,0.055345,0,0,1,0.4200,罗湖区,21,21,0,0,0,0,1
2023-03-08,589179428,20190000000000000003,900200000000000043,1,18.090,353.300,6390.000,2023-03-08 18:00:00.000,L2FT01-FTJ023,23.93,0.000,0.666012,16605,0.435592,0.055345,0,0,1,0.4200,罗湖区,21,21,0,0,0,0,1
2023-03-08,589179428,20190000000000000003,900200000000000043,1,109.431,370.087,40539.333,2023-03-08 18:15:00.000,L2FT01-FTJ023,23.93,0.000,0.666012,16605,0.435592,0.055345,0,0,1,0.4200,罗湖区,21,21,0,0,0,0,1
2023-03-08,589179428,20190000000000000003,900200000000000043,1,71.444,383.607,27377.333,2023-03-08 18:30:00.000,L2FT01-FTJ023,23.93,0.000,0.666012,16605,0.435592,0.055345,0,0,1,0.4200,罗湖区,21,21,0,0,0,0,1
2023-03-08,589179428,20190000000000000003,900200000000000043,1,26.337,385.956,10163.333,2023-03-08 18:45:00.000,L2FT01-FTJ023,23.93,0.000,0.666012,16605,0.435592,0.055345,0,0,1,0.4200,罗湖区,21,21,0,0,0,0,1
2023-03-08,589179428,20190000000000000003,900200000000000045,1,149.827,315.155,47218.182,2023-03-08 18:45:00.000,L2FT01-FTJ023,23.93,0.000,0.666012,16605,0.435592,0.055345,0,0,1,0.4200,罗湖区,21,21,0,0,0,0,1
2023-03-08,589179428,20190000000000000003,900200000000000038,1,90.222,344.470,31368.000,2023-03-08 19:00:00.000,L2FT01-FTJ023,24.03,0.000,0.666012,16605,0.435592,0.055345,0,0,1,0.4200,罗湖区,21,21,0,0,0,0,1
2023-03-08,589179428,20190000000000000003,900200000000000045,1,149.790,315.480,47256.000,2023-03-08 19:00:00.000,L2FT01-FTJ023,24.03,0.000,0.666012,16605,0.435592,0.055345,0,0,1,0.4200,罗湖区,21,21,0,0,0,0,1
2023-03-08,589179428,20190000000000000003,900200000000000038,1,123.957,357.020,44204.000,2023-03-08 19:15:00.000,L2FT01-FTJ023,24.03,0.000,0.666012,16605,0.435592,0.055345,0,0,1,0.4200,罗湖区,21,21,0,0,0,0,1
2023-03-08,589179428,20190000000000000003,900200000000000038,1,94.227,370.300,34864.000,2023-03-08 19:30:00.000,L2FT01-FTJ023,24.03,0.000,0.666012,16605,0.435592,0.055345,0,0,1,0.4200,罗湖区,21,21,0,0,0,0,1
2023-03-08,589179428,20190000000000000003,900200000000000038,1,64.163,379.310,24329.000,2023-03-08 19:45:00.000,L2FT01-FTJ023,24.03,0.000,0.666012,16605,0.435592,0.055345,0,0,1,0.4200,罗湖区,21,21,0,0,0,0,1
2023-03-08,589179428,20190000000000000003,900200000000000035,1,77.873,410.290,31825.000,2023-03-08 20:15:00.000,L2FT01-FTJ023,24.33,0.000,0.666012,16605,0.435592,0.055345,0,0,1,0.4200,罗湖区,21,21,0,0,0,0,1
2023-03-08,589179428,20190000000000000003,900200000000000038,1,199.877,311.378,62233.333,2023-03-08 20:30:00.000,L2FT01-FTJ023,24.33,0.000,0.666012,16605,0.435592,0.055345,0,0,1,0.4200,罗湖区,21,21,0,0,0,0,1
2023-03-08,589179428,20190000000000000003,900200000000000035,1,87.707,421.193,37170.000,2023-03-08 20:30:00.000,L2FT01-FTJ023,24.33,0.000,0.666012,16605,0.435592,0.055345,0,0,1,0.4200,罗湖区,21,21,0,0,0,0,1
2023-03-08,589179428,20190000000000000003,900200000000000035,1,58.818,436.527,25649.333,2023-03-08 20:45:00.000,L2FT01-FTJ023,24.33,0.000,0.666012,16605,0.435592,0.055345,0,0,1,0.4200,罗湖区,21,21,0,0,0,0,1
2023-03-08,589179428,20190000000000000003,900200000000000038,1,199.927,312.317,62436.667,2023-03-08 20:45:00.000,L2FT01-FTJ023,24.33,0.000,0.666012,16605,0.435592,0.055345,0,0,1,0.4200,罗湖区,21,21,0,0,0,0,1
2023-03-08,589179428,20190000000000000003,900200000000000035,1,34.742,441.150,15325.000,2023-03-08 21:00:00.000,L2FT01-FTJ023,24.81,0.000,0.666012,16605,0.435592,0.055345,0,0,1,0.4200,罗湖区,21,21,0,0,0,0,1
2023-03-08,589179428,20190000000000000003,900200000000000052,1,75.058,413.000,31104.000,2023-03-08 21:00:00.000,L2FT01-FTJ023,24.81,0.000,0.666012,16605,0.435592,0.055345,0,0,1,0.4200,罗湖区,21,21,0,0,0,0,1
2023-03-08,589179428,20190000000000000003,900200000000000052,1,75.363,413.780,31190.667,2023-03-08 21:15:00.000,L2FT01-FTJ023,24.81,0.000,0.666012,16605,0.435592,0.055345,0,0,1,0.4200,罗湖区,21,21,0,0,0,0,1
2023-03-08,589179428,20190000000000000003,900200000000000035,1,62.615,342.323,21765.385,2023-03-08 21:30:00.000,L2FT01-FTJ023,24.81,0.000,0.666012,16605,0.435592,0.055345,0,0,1,0.4200,罗湖区,21,21,0,0,0,0,1
2023-03-08,589179428,20190000000000000003,900200000000000048,1,87.395,350.450,30907.500,2023-03-08 21:30:00.000,L2FT01-FTJ023,24.81,0.000,0.666012,16605,0.435592,0.055345,0,0,1,0.4200,罗湖区,21,21,0,0,0,0,1
2023-03-08,589179428,20190000000000000003,900200000000000052,1,37.124,411.667,15312.000,2023-03-08 21:30:00.000,L2FT01-FTJ023,24.81,0.000,0.666012,16605,0.435592,0.055345,0,0,1,0.4200,罗湖区,21,21,0,0,0,0,1
2023-03-08,589179428,20190000000000000003,900200000000000056,1,73.517,445.050,34135.000,2023-03-08 21:30:00.000,L2FT01-FTJ023,24.81,0.000,0.666012,16605,0.435592,0.055345,0,0,1,0.4200,罗湖区,21,21,0,0,0,0,1
2023-03-08,589179428,20190000000000000003,900200000000000035,1,56.497,358.513,20242.000,2023-03-08 21:45:00.000,L2FT01-FTJ023,24.81,0.000,0.666012,16605,0.435592,0.055345,0,0,1,0.4200,罗湖区,21,21,0,0,0,0,1
2023-03-08,589179428,20190000000000000003,900200000000000048,1,119.805,358.680,42967.333,2023-03-08 21:45:00.000,L2FT01-FTJ023,24.81,0.000,0.666012,16605,0.435592,0.055345,0,0,1,0.4200,罗湖区,21,21,0,0,0,0,1
2023-03-08,589179428,20190000000000000003,900200000000000052,1,19.048,415.642,7910.000,2023-03-08 21:45:00.000,L2FT01-FTJ023,24.81,0.000,0.666012,16605,0.435592,0.055345,0,0,1,0.4200,罗湖区,21,21,0,0,0,0,1
2023-03-08,589179428,20190000000000000003,900200000000000056,1,103.786,471.500,48936.667,2023-03-08 21:45:00.000,L2FT01-FTJ023,24.81,0.000,0.666012,16605,0.435592,0.055345,0,0,1,0.4200,罗湖区,21,21,0,0,0,0,1
2023-03-08,589179428,20190000000000000003,900200000000000048,1,85.954,359.800,30915.333,2023-03-08 22:00:00.000,L2FT01-FTJ023,25.43,0.000,0.666012,16605,0.435592,0.055345,0,0,1,0.4200,罗湖区,21,21,0,0,0,0,1
2023-03-08,589179428,20190000000000000003,900200000000000035,1,23.557,361.973,8524.000,2023-03-08 22:00:00.000,L2FT01-FTJ023,25.43,0.000,0.666012,16605,0.435592,0.055345,0,0,1,0.4200,罗湖区,21,21,0,0,0,0,1
2023-03-08,589179428,20190000000000000003,900200000000000031,1,106.827,366.800,43046.667,2023-03-08 22:15:00.000,L2FT01-FTJ023,25.43,0.000,0.666012,16605,0.435592,0.055345,0,0,1,0.4200,罗湖区,21,21,0,0,0,0,1
2023-03-08,589179428,20190000000000000003,900200000000000035,1,13.870,363.793,5044.667,2023-03-08 22:15:00.000,L2FT01-FTJ023,25.43,0.000,0.666012,16605,0.435592,0.055345,0,0,1,0.4200,罗湖区,21,21,0,0,0,0,1
2023-03-08,589179428,20190000000000000003,900200000000000048,1,47.510,366.440,17404.000,2023-03-08 22:15:00.000,L2FT01-FTJ023,25.43,0.000,0.666012,16605,0.435592,0.055345,0,0,1,0.4200,罗湖区,21,21,0,0,0,0,1
2023-03-08,589179428,20190000000000000003,900200000000000031,1,143.086,408.933,58499.333,2023-03-08 22:30:00.000,L2FT01-FTJ023,25.43,0.000,0.666012,16605,0.435592,0.055345,0,0,1,0.4200,罗湖区,21,21,0,0,0,0,1
2023-03-08,589179428,20190000000000000003,900200000000000031,1,115.316,410.307,47315.000,2023-03-08 22:45:00.000,L2FT01-FTJ023,25.43,0.000,0.666012,16605,0.435592,0.055345,0,0,1,0.4200,罗湖区,21,21,0,0,0,0,1
2023-03-09,589179428,20190000000000000003,900200000000000034,1,199.813,311.393,62212.857,2023-03-09 01:15:00.000,L2FT01-FTJ023,27.70,0.000,0.666012,16605,0.435592,0.055345,0,0,1,0.4200,罗湖区,21,21,0,0,0,0,1
2023-03-09,589179428,20190000000000000003,900200000000000035,1,107.123,317.625,33005.000,2023-03-09 01:15:00.000,L2FT01-FTJ023,27.70,0.000,0.666012,16605,0.435592,0.055345,0,0,1,0.4200,罗湖区,21,21,0,0,0,0,1
2023-03-09,589179428,20190000000000000003,900200000000000030,1,129.874,307.240,39899.000,2023-03-09 01:30:00.000,L2FT01-FTJ023,27.70,0.000,0.666012,16605,0.435592,0.055345,0,0,1,0.4200,罗湖区,21,21,0,0,0,0,1
2023-03-09,589179428,20190000000000000003,900200000000000034,1,199.866,313.380,62628.000,2023-03-09 01:30:00.000,L2FT01-FTJ023,27.70,0.000,0.666012,16605,0.435592,0.055345,0,0,1,0.4200,罗湖区,21,21,0,0,0,0,1
2023-03-09,589179428,20190000000000000003,900200000000000035,1,142.597,310.413,44263.333,2023-03-09 01:30:00.000,L2FT01-FTJ023,27.70,0.000,0.666012,16605,0.435592,0.055345,0,0,1,0.4200,罗湖区,21,21,0,0,0,0,1
2023-03-09,589179428,20190000000000000003,900200000000000035,1,142.603,311.220,44378.667,2023-03-09 01:45:00.000,L2FT01-FTJ023,27.70,0.000,0.666012,16605,0.435592,0.055345,0,0,1,0.4200,罗湖区,21,21,0,0,0,0,1
2023-03-09,589179428,20190000000000000003,900200000000000030,1,129.985,310.527,40362.000,2023-03-09 01:45:00.000,L2FT01-FTJ023,27.70,0.000,0.666012,16605,0.435592,0.055345,0,0,1,0.4200,罗湖区,21,21,0,0,0,0,1
2023-03-09,589179428,20190000000000000003,900200000000000034,1,199.956,315.287,63041.333,2023-03-09 01:45:00.000,L2FT01-FTJ023,27.70,0.000,0.666012,16605,0.435592,0.055345,0,0,1,0.4200,罗湖区,21,21,0,0,0,0,1
2023-03-09,589179428,20190000000000000003,900200000000000057,1,200.538,312.800,62722.500,2023-03-09 01:45:00.000,L2FT01-FTJ023,27.70,0.000,0.666012,16605,0.435592,0.055345,0,0,1,0.4200,罗湖区,21,21,0,0,0,0,1
2023-03-09,589179428,20190000000000000003,900200000000000057,1,201.978,315.073,63634.667,2023-03-09 02:00:00.000,L2FT01-FTJ023,28.43,0.000,0.666012,16605,0.435592,0.055345,0,0,1,0.4200,罗湖区,21,21,0,0,0,0,1
2023-03-09,589179428,20190000000000000003,900200000000000035,1,142.670,313.187,44680.667,2023-03-09 02:00:00.000,L2FT01-FTJ023,28.43,0.000,0.666012,16605,0.435592,0.055345,0,0,1,0.4200,罗湖区,21,21,0,0,0,0,1
2023-03-09,589179428,20190000000000000003,900200000000000030,1,129.903,311.367,40443.333,2023-03-09 02:00:00.000,L2FT01-FTJ023,28.43,0.000,0.666012,16605,0.435592,0.055345,0,0,1,0.4200,罗湖区,21,21,0,0,0,0,1
2023-03-09,589179428,20190000000000000003,900200000000000034,1,191.280,318.260,60828.667,2023-03-09 02:00:00.000,L2FT01-FTJ023,28.43,0.000,0.666012,16605,0.435592,0.055345,0,0,1,0.4200,罗湖区,21,21,0,0,0,0,1
2023-03-09,589179428,20190000000000000003,900200000000000030,1,129.824,313.040,40636.667,2023-03-09 02:15:00.000,L2FT01-FTJ023,28.43,0.000,0.666012,16605,0.435592,0.055345,0,0,1,0.4200,罗湖区,21,21,0,0,0,0,1
2023-03-09,589179428,20190000000000000003,900200000000000034,1,43.123,328.000,14123.333,2023-03-09 02:15:00.000,L2FT01-FTJ023,28.43,0.000,0.666012,16605,0.435592,0.055345,0,0,1,0.4200,罗湖区,21,21,0,0,0,0,1
2023-03-09,589179428,20190000000000000003,900200000000000035,1,142.690,314.373,44856.000,2023-03-09 02:15:00.000,L2FT01-FTJ023,28.43,0.000,0.666012,16605,0.435592,0.055345,0,0,1,0.4200,罗湖区,21,21,0,0,0,0,1
2023-03-09,589179428,20190000000000000003,900200000000000057,1,197.193,318.047,62704.000,2023-03-09 02:15:00.000,L2FT01-FTJ023,28.43,0.000,0.666012,16605,0.435592,0.055345,0,0,1,0.4200,罗湖区,21,21,0,0,0,0,1
2023-03-09,589179428,20190000000000000003,900200000000000030,1,129.890,314.307,40824.000,2023-03-09 02:30:00.000,L2FT01-FTJ023,28.43,0.000,0.666012,16605,0.435592,0.055345,0,0,1,0.4200,罗湖区,21,21,0,0,0,0,1
2023-03-09,589179428,20190000000000000003,900200000000000035,1,142.677,316.147,45105.333,2023-03-09 02:30:00.000,L2FT01-FTJ023,28.43,0.000,0.666012,16605,0.435592,0.055345,0,0,1,0.4200,罗湖区,21,21,0,0,0,0,1
2023-03-09,589179428,20190000000000000003,900200000000000057,1,52.736,324.414,17022.857,2023-03-09 02:30:00.000,L2FT01-FTJ023,28.43,0.000,0.666012,16605,0.435592,0.055345,0,0,1,0.4200,罗湖区,21,21,0,0,0,0,1
2023-03-09,589179428,20190000000000000003,900200000000000030,1,129.927,315.660,41010.667,2023-03-09 02:45:00.000,L2FT01-FTJ023,28.43,0.000,0.666012,16605,0.435592,0.055345,0,0,1,0.4200,罗湖区,21,21,0,0,0,0,1
2023-03-09,589179428,20190000000000000003,900200000000000035,1,82.034,327.443,26611.429,2023-03-09 02:45:00.000,L2FT01-FTJ023,28.43,0.000,0.666012,16605,0.435592,0.055345,0,0,1,0.4200,罗湖区,21,21,0,0,0,0,1
2023-03-09,589179428,20190000000000000003,900200000000000030,1,81.127,324.725,26163.750,2023-03-09 03:00:00.000,L2FT01-FTJ023,29.05,0.000,0.666012,16605,0.435592,0.055345,0,0,1,0.4200,罗湖区,21,21,0,0,0,0,1
2023-03-09,589179428,20190000000000000003,900200000000000035,1,129.457,306.450,39670.000,2023-03-09 03:15:00.000,L2FT01-FTJ023,29.05,0.000,0.666012,16605,0.435592,0.055345,0,0,1,0.4200,罗湖区,21,21,0,0,0,0,1
2023-03-09,589179428,20190000000000000003,900200000000000047,1,86.563,252.500,26786.667,2023-03-09 03:15:00.000,L2FT01-FTJ023,29.05,0.000,0.666012,16605,0.435592,0.055345,0,0,1,0.4200,罗湖区,21,21,0,0,0,0,1
2023-03-09,589179428,20190000000000000003,900200000000000047,1,129.872,311.133,40403.333,2023-03-09 03:30:00.000,L2FT01-FTJ023,29.05,0.000,0.666012,16605,0.435592,0.055345,0,0,1,0.4200,罗湖区,21,21,0,0,0,0,1
2023-03-09,589179428,20190000000000000003,900200000000000035,1,129.890,309.827,40242.000,2023-03-09 03:30:00.000,L2FT01-FTJ023,29.05,0.000,0.666012,16605,0.435592,0.055345,0,0,1,0.4200,罗湖区,21,21,0,0,0,0,1
2023-03-09,589179428,20190000000000000003,900200000000000035,1,129.884,310.507,40327.333,2023-03-09 03:45:00.000,L2FT01-FTJ023,29.05,0.000,0.666012,16605,0.435592,0.055345,0,0,1,0.4200,罗湖区,21,21,0,0,0,0,1
2023-03-09,589179428,20190000000000000003,900200000000000047,1,129.897,311.853,40507.333,2023-03-09 03:45:00.000,L2FT01-FTJ023,29.05,0.000,0.666012,16605,0.435592,0.055345,0,0,1,0.4200,罗湖区,21,21,0,0,0,0,1
2023-03-09,589179428,20190000000000000003,900200000000000035,1,129.848,311.647,40463.333,2023-03-09 04:00:00.000,L2FT01-FTJ023,29.53,0.000,0.666012,16605,0.435592,0.055345,0,0,1,0.4200,罗湖区,21,21,0,0,0,0,1
2023-03-09,589179428,20190000000000000003,900200000000000047,1,129.860,313.720,40736.667,2023-03-09 04:00:00.000,L2FT01-FTJ023,29.53,0.000,0.666012,16605,0.435592,0.055345,0,0,1,0.4200,罗湖区,21,21,0,0,0,0,1
2023-03-09,589179428,20190000000000000003,900200000000000035,1,129.818,314.300,40796.667,2023-03-09 04:15:00.000,L2FT01-FTJ023,29.53,0.000,0.666012,16605,0.435592,0.055345,0,0,1,0.4200,罗湖区,21,21,0,0,0,0,1
2023-03-09,589179428,20190000000000000003,900200000000000047,1,129.879,315.167,40931.333,2023-03-09 04:15:00.000,L2FT01-FTJ023,29.53,0.000,0.666012,16605,0.435592,0.055345,0,0,1,0.4200,罗湖区,21,21,0,0,0,0,1
2023-03-09,589179428,20190000000000000003,900200000000000035,1,88.522,318.253,28116.667,2023-03-09 04:30:00.000,L2FT01-FTJ023,29.53,0.000,0.666012,16605,0.435592,0.055345,0,0,1,0.4200,罗湖区,21,21,0,0,0,0,1
2023-03-09,589179428,20190000000000000003,900200000000000047,1,115.297,319.713,36741.333,2023-03-09 04:30:00.000,L2FT01-FTJ023,29.53,0.000,0.666012,16605,0.435592,0.055345,0,0,1,0.4200,罗湖区,21,21,0,0,0,0,1
2023-03-09,589179428,20190000000000000003,900200000000000035,1,29.857,327.933,9790.000,2023-03-09 04:45:00.000,L2FT01-FTJ023,29.53,0.000,0.666012,16605,0.435592,0.055345,0,0,1,0.4200,罗湖区,21,21,0,0,0,0,1
2023-03-09,589179428,20190000000000000003,900200000000000047,1,29.790,332.600,9905.000,2023-03-09 04:45:00.000,L2FT01-FTJ023,29.53,0.000,0.666012,16605,0.435592,0.055345,0,0,1,0.4200,罗湖区,21,21,0,0,0,0,1
2023-03-09,589179428,20190000000000000003,900200000000000048,1,105.675,395.600,41806.667,2023-03-09 04:45:00.000,L2FT01-FTJ023,29.53,0.000,0.666012,16605,0.435592,0.055345,0,0,1,0.4200,罗湖区,21,21,0,0,0,0,1
2023-03-09,589179428,20190000000000000003,900200000000000048,1,118.563,398.653,47271.333,2023-03-09 05:00:00.000,L2FT01-FTJ023,29.83,0.000,0.666012,16605,0.435592,0.055345,0,0,1,0.4200,罗湖区,21,21,0,0,0,0,1
2023-03-09,589179428,20190000000000000003,900200000000000048,1,86.257,398.047,34360.000,2023-03-09 05:15:00.000,L2FT01-FTJ023,29.83,0.000,0.666012,16605,0.435592,0.055345,0,0,1,0.4200,罗湖区,21,21,0,0,0,0,1
2023-03-09,589179428,20190000000000000003,900200000000000048,1,51.901,397.207,20619.333,2023-03-09 05:30:00.000,L2FT01-FTJ023,29.83,0.000,0.666012,16605,0.435592,0.055345,0,0,1,0.4200,罗湖区,21,21,0,0,0,0,1
2023-03-09,589179428,20190000000000000003,900200000000000048,1,29.036,401.993,11662.000,2023-03-09 05:45:00.000,L2FT01-FTJ023,29.83,0.000,0.666012,16605,0.435592,0.055345,0,0,1,0.4200,罗湖区,21,21,0,0,0,0,1
2023-03-09,589179428,20190000000000000003,900200000000000045,1,149.885,312.064,46770.909,2023-03-09 05:45:00.000,L2FT01-FTJ023,29.83,0.000,0.666012,16605,0.435592,0.055345,0,0,1,0.4200,罗湖区,21,21,0,0,0,0,1
2023-03-09,589179428,20190000000000000003,900200000000000045,1,125.852,312.340,39336.000,2023-03-09 06:00:00.000,L2FT01-FTJ023,29.93,0.000,0.666012,16605,0.435592,0.055345,0,0,1,0.4200,罗湖区,21,21,0,0,0,0,1
2023-03-09,589179428,20190000000000000003,900200000000000048,1,13.090,409.100,5350.000,2023-03-09 06:00:00.000,L2FT01-FTJ023,29.93,0.000,0.666012,16605,0.435592,0.055345,0,0,1,0.4200,罗湖区,21,21,0,0,0,0,1
2023-03-09,589179428,20190000000000000003,900200000000000057,1,80.350,341.414,27708.571,2023-03-09 06:00:00.000,L2FT01-FTJ023,29.93,0.000,0.666012,16605,0.435592,0.055345,0,0,1,0.4200,罗湖区,21,21,0,0,0,0,1
2023-03-09,589179428,20190000000000000003,900200000000000045,1,123.459,313.447,38728.667,2023-03-09 06:15:00.000,L2FT01-FTJ023,29.93,0.000,0.666012,16605,0.435592,0.055345,0,0,1,0.4200,罗湖区,21,21,0,0,0,0,1
2023-03-09,589179428,20190000000000000003,900200000000000057,1,127.679,353.287,45104.000,2023-03-09 06:15:00.000,L2FT01-FTJ023,29.93,0.000,0.666012,16605,0.435592,0.055345,0,0,1,0.4200,罗湖区,21,21,0,0,0,0,1
2023-03-09,589179428,20190000000000000003,900200000000000045,1,119.026,314.147,37441.333,2023-03-09 06:30:00.000,L2FT01-FTJ023,29.93,0.000,0.666012,16605,0.435592,0.055345,0,0,1,0.4200,罗湖区,21,21,0,0,0,0,1
2023-03-09,589179428,20190000000000000003,900200000000000057,1,116.481,369.213,42957.333,2023-03-09 06:30:00.000,L2FT01-FTJ023,29.93,0.000,0.666012,16605,0.435592,0.055345,0,0,1,0.4200,罗湖区,21,21,0,0,0,0,1
2023-03-09,589179428,20190000000000000003,900200000000000045,1,107.559,315.213,33981.333,2023-03-09 06:45:00.000,L2FT01-FTJ023,29.93,0.000,0.666012,16605,0.435592,0.055345,0,0,1,0.4200,罗湖区,21,21,0,0,0,0,1
2023-03-09,589179428,20190000000000000003,900200000000000057,1,74.540,381.953,28450.000,2023-03-09 06:45:00.000,L2FT01-FTJ023,29.93,0.000,0.666012,16605,0.435592,0.055345,0,0,1,0.4200,罗湖区,21,21,0,0,0,0,1
2023-03-09,589179428,20190000000000000003,900200000000000045,1,74.480,321.038,23856.250,2023-03-09 07:00:00.000,L2FT01-FTJ023,29.83,0.000,0.666012,16605,0.435592,0.055345,0,0,1,0.4200,罗湖区,21,21,0,0,0,0,1
2023-03-09,589179428,20190000000000000003,900200000000000057,1,29.760,386.633,11504.667,2023-03-09 07:00:00.000,L2FT01-FTJ023,29.83,0.000,0.666012,16605,0.435592,0.055345,0,0,1,0.4200,罗湖区,21,21,0,0,0,0,1
2023-03-09,589179428,20190000000000000003,900200000000000057,1,24.073,389.600,9376.000,2023-03-09 07:15:00.000,L2FT01-FTJ023,29.83,0.000,0.666012,16605,0.435592,0.055345,0,0,1,0.4200,罗湖区,21,21,0,0,0,0,1
2023-03-09,589179428,20190000000000000003,900200000000000049,1,106.300,354.500,37680.000,2023-03-09 07:30:00.000,L2FT01-FTJ023,29.83,0.000,0.666012,16605,0.435592,0.055345,0,0,1,0.4200,罗湖区,21,21,0,0,0,0,1
2023-03-09,589179428,20190000000000000003,900200000000000057,1,24.190,392.080,9484.000,2023-03-09 07:30:00.000,L2FT01-FTJ023,29.83,0.000,0.666012,16605,0.435592,0.055345,0,0,1,0.4200,罗湖区,21,21,0,0,0,0,1
2023-03-09,589179428,20190000000000000003,900200000000000031,1,95.868,365.775,35065.000,2023-03-09 07:30:00.000,L2FT01-FTJ023,29.83,0.000,0.666012,16605,0.435592,0.055345,0,0,1,0.4200,罗湖区,21,21,0,0,0,0,1
2023-03-09,589179428,20190000000000000003,900200000000000031,1,95.985,380.040,36474.000,2023-03-09 07:45:00.000,L2FT01-FTJ023,29.83,0.000,0.666012,16605,0.435592,0.055345,0,0,1,0.4200,罗湖区,21,21,0,0,0,0,1
2023-03-09,589179428,20190000000000000003,900200000000000049,1,104.638,356.573,37306.667,2023-03-09 07:45:00.000,L2FT01-FTJ023,29.83,0.000,0.666012,16605,0.435592,0.055345,0,0,1,0.4200,罗湖区,21,21,0,0,0,0,1
2023-03-09,589179428,20190000000000000003,900200000000000031,1,49.787,393.847,19597.333,2023-03-09 08:00:00.000,L2FT01-FTJ023,29.53,0.000,0.666012,16605,0.435592,0.055345,0,0,1,0.4200,罗湖区,21,21,0,0,0,0,1
2023-03-09,589179428,20190000000000000003,900200000000000049,1,84.101,357.080,30045.333,2023-03-09 08:00:00.000,L2FT01-FTJ023,29.53,0.000,0.666012,16605,0.435592,0.055345,0,0,1,0.4200,罗湖区,21,21,0,0,0,0,1
2023-03-09,589179428,20190000000000000003,900200000000000031,1,15.493,398.813,6175.333,2023-03-09 08:15:00.000,L2FT01-FTJ023,29.53,0.000,0.666012,16605,0.435592,0.055345,0,0,1,0.4200,罗湖区,21,21,0,0,0,0,1
2023-03-09,589179428,20190000000000000003,900200000000000049,1,43.041,355.933,15313.333,2023-03-09 08:15:00.000,L2FT01-FTJ023,29.53,0.000,0.666012,16605,0.435592,0.055345,0,0,1,0.4200,罗湖区,21,21,0,0,0,0,1
2023-03-09,589179428,20190000000000000003,900200000000000031,1,9.390,399.800,3750.000,2023-03-09 08:30:00.000,L2FT01-FTJ023,29.53,0.000,0.666012,16605,0.435592,0.055345,0,0,1,0.4200,罗湖区,21,21,0,0,0,0,1
2023-03-09,589179428,20190000000000000003,900200000000000034,1,14.790,402.000,5945.000,2023-03-09 08:30:00.000,L2FT01-FTJ023,29.53,0.000,0.666012,16605,0.435592,0.055345,0,0,1,0.4200,罗湖区,21,21,0,0,0,0,1
2023-03-09,589179428,20190000000000000003,900200000000000034,1,131.785,421.427,55504.667,2023-03-09 08:45:00.000,L2FT01-FTJ023,29.53,0.000,0.666012,16605,0.435592,0.055345,0,0,1,0.4200,罗湖区,21,21,0,0,0,0,1
2023-03-09,589179428,20190000000000000003,900200000000000034,1,109.713,437.964,48025.455,2023-03-09 09:00:00.000,L2FT01-FTJ023,29.05,0.000,0.666012,16605,0.435592,0.055345,0,0,1,0.4200,罗湖区,21,21,0,0,0,0,1
2023-03-09,589179428,20190000000000000003,900200000000000034,1,20.000,408.400,8160.000,2023-03-09 09:15:00.000,L2FT01-FTJ023,29.05,0.000,0.666012,16605,0.435592,0.055345,0,0,1,0.4200,罗湖区,21,21,0,0,0,0,1
2023-03-09,589179428,20190000000000000003,900200000000000057,1,94.758,342.620,33972.000,2023-03-09 09:30:00.000,L2FT01-FTJ023,29.05,0.000,0.666012,16605,0.435592,0.055345,0,0,1,0.4200,罗湖区,21,21,0,0,0,0,1
2023-03-09,589179428,20190000000000000003,900200000000000034,1,87.890,470.313,41362.667,2023-03-09 09:30:00.000,L2FT01-FTJ023,29.05,0.000,0.666012,16605,0.435592,0.055345,0,0,1,0.4200,罗湖区,21,21,0,0,0,0,1
2023-03-09,589179428,20190000000000000003,900200000000000057,1,112.306,359.153,40329.333,2023-03-09 09:45:00.000,L2FT01-FTJ023,29.05,0.000,0.666012,16605,0.435592,0.055345,0,0,1,0.4200,罗湖区,21,21,0,0,0,0,1
2023-03-09,589179428,20190000000000000003,900200000000000043,1,239.368,368.482,88200.909,2023-03-09 09:45:00.000,L2FT01-FTJ023,29.05,0.000,0.666012,16605,0.435592,0.055345,0,0,1,0.4200,罗湖区,21,21,0,0,0,0,1
2023-03-09,589179428,20190000000000000003,900200000000000034,1,92.790,470.560,43666.000,2023-03-09 09:45:00.000,L2FT01-FTJ023,29.05,0.000,0.666012,16605,0.435592,0.055345,0,0,1,0.4200,罗湖区,21,21,0,0,0,0,1
2023-03-09,589179428,20190000000000000003,900200000000000034,1,89.750,470.507,42226.667,2023-03-09 10:00:00.000,L2FT01-FTJ023,28.43,0.000,0.666012,16605,0.435592,0.055345,0,0,1,0.4200,罗湖区,21,21,0,0,0,0,1
2023-03-09,589179428,20190000000000000003,900200000000000057,1,73.207,358.360,26265.333,2023-03-09 10:00:00.000,L2FT01-FTJ023,28.43,0.000,0.666012,16605,0.435592,0.055345,0,0,1,0.4200,罗湖区,21,21,0,0,0,0,1
2023-03-09,589179428,20190000000000000003,900200000000000034,1,21.790,470.000,10240.000,2023-03-09 10:15:00.000,L2FT01-FTJ023,28.43,0.000,0.666012,16605,0.435592,0.055345,0,0,1,0.4200,罗湖区,21,21,0,0,0,0,1
2023-03-09,589179428,20190000000000000003,900200000000000057,1,33.590,358.600,12040.000,2023-03-09 10:15:00.000,L2FT01-FTJ023,28.43,0.000,0.666012,16605,0.435592,0.055345,0,0,1,0.4200,罗湖区,21,21,0,0,0,0,1
2023-03-09,589179428,20190000000000000003,900200000000000040,1,12.063,368.233,4326.667,2023-03-09 11:30:00.000,L2FT01-FTJ023,27.70,0.000,0.666012,16605,0.435592,0.055345,0,0,1,0.4200,罗湖区,21,21,0,0,0,0,1
2023-03-09,589179428,20190000000000000003,900200000000000049,1,56.660,384.785,21850.000,2023-03-09 11:30:00.000,L2FT01-FTJ023,27.70,0.000,0.666012,16605,0.435592,0.055345,0,0,1,0.4200,罗湖区,21,21,0,0,0,0,1
2023-03-09,589179428,20190000000000000003,900200000000000040,1,68.252,369.147,25228.667,2023-03-09 11:45:00.000,L2FT01-FTJ023,27.70,0.000,0.666012,16605,0.435592,0.055345,0,0,1,0.4200,罗湖区,21,21,0,0,0,0,1
2023-03-09,589179428,20190000000000000003,900200000000000049,1,47.765,397.360,18962.667,2023-03-09 11:45:00.000,L2FT01-FTJ023,27.70,0.000,0.666012,16605,0.435592,0.055345,0,0,1,0.4200,罗湖区,21,21,0,0,0,0,1
2023-03-09,589179428,20190000000000000003,900200000000000040,1,70.823,381.373,27004.000,2023-03-09 12:00:00.000,L2FT01-FTJ023,26.93,0.000,0.666012,16605,0.435592,0.055345,0,0,1,0.4200,罗湖区,21,21,0,0,0,0,1
2023-03-09,589179428,20190000000000000003,900200000000000049,1,19.223,401.958,7725.000,2023-03-09 12:00:00.000,L2FT01-FTJ023,26.93,0.000,0.666012,16605,0.435592,0.055345,0,0,1,0.4200,罗湖区,21,21,0,0,0,0,1
2023-03-09,589179428,20190000000000000003,900200000000000040,1,32.464,386.740,12553.333,2023-03-09 12:15:00.000,L2FT01-FTJ023,26.93,0.000,0.666012,16605,0.435592,0.055345,0,0,1,0.4200,罗湖区,21,21,0,0,0,0,1
2023-03-09,589179428,20190000000000000003,900200000000000040,1,26.190,390.267,10219.333,2023-03-09 12:30:00.000,L2FT01-FTJ023,26.93,0.000,0.666012,16605,0.435592,0.055345,0,0,1,0.4200,罗湖区,21,21,0,0,0,0,1
2023-03-09,589179428,20190000000000000003,900200000000000039,1,69.792,444.700,32405.000,2023-03-09 12:30:00.000,L2FT01-FTJ023,26.93,0.000,0.666012,16605,0.435592,0.055345,0,0,1,0.4200,罗湖区,21,21,0,0,0,0,1
2023-03-09,589179428,20190000000000000003,900200000000000039,1,124.654,472.207,58860.000,2023-03-09 12:45:00.000,L2FT01-FTJ023,26.93,0.000,0.666012,16605,0.435592,0.055345,0,0,1,0.4200,罗湖区,21,21,0,0,0,0,1
2023-03-09,589179428,20190000000000000003,900200000000000040,1,26.190,392.650,10285.000,2023-03-09 12:45:00.000,L2FT01-FTJ023,26.93,0.000,0.666012,16605,0.435592,0.055345,0,0,1,0.4200,罗湖区,21,21,0,0,0,0,1
2023-03-09,589179428,20190000000000000003,900200000000000039,1,116.818,472.173,55154.000,2023-03-09 13:00:00.000,L2FT01-FTJ023,26.15,0.000,0.666012,16605,0.435592,0.055345,0,0,1,0.4200,罗湖区,21,21,0,0,0,0,1
2023-03-09,589179428,20190000000000000003,900200000000000039,1,116.854,472.227,55178.000,2023-03-09 13:15:00.000,L2FT01-FTJ023,26.15,0.000,0.666012,16605,0.435592,0.055345,0,0,1,0.4200,罗湖区,21,21,0,0,0,0,1
2023-03-09,589179428,20190000000000000003,900200000000000039,1,81.402,472.056,38432.222,2023-03-09 13:30:00.000,L2FT01-FTJ023,26.15,0.000,0.666012,16605,0.435592,0.055345,0,0,1,0.4200,罗湖区,21,21,0,0,0,0,1
2023-03-09,589179428,20190000000000000003,900200000000000034,1,129.892,309.791,40235.455,2023-03-09 14:15:00.000,L2FT01-FTJ023,25.43,0.000,0.666012,16605,0.435592,0.055345,0,0,1,0.4200,罗湖区,21,21,0,0,0,0,1
2023-03-09,589179428,20190000000000000003,900200000000000034,1,130.000,310.620,40375.333,2023-03-09 14:30:00.000,L2FT01-FTJ023,25.43,0.000,0.666012,16605,0.435592,0.055345,0,0,1,0.4200,罗湖区,21,21,0,0,0,0,1
2023-03-09,589179428,20190000000000000003,900200000000000030,1,117.651,333.442,38935.833,2023-03-09 14:45:00.000,L2FT01-FTJ023,25.43,0.000,0.666012,16605,0.435592,0.055345,0,0,1,0.4200,罗湖区,21,21,0,0,0,0,1
2023-03-09,589179428,20190000000000000003,900200000000000034,1,129.865,312.500,40577.333,2023-03-09 14:45:00.000,L2FT01-FTJ023,25.43,0.000,0.666012,16605,0.435592,0.055345,0,0,1,0.4200,罗湖区,21,21,0,0,0,0,1
2023-03-09,589179428,20190000000000000003,900200000000000030,1,99.951,332.960,33227.333,2023-03-09 15:00:00.000,L2FT01-FTJ023,24.81,0.000,0.666012,16605,0.435592,0.055345,0,0,1,0.4200,罗湖区,21,21,0,0,0,0,1
2023-03-09,589179428,20190000000000000003,900200000000000034,1,129.800,314.087,40764.000,2023-03-09 15:00:00.000,L2FT01-FTJ023,24.81,0.000,0.666012,16605,0.435592,0.055345,0,0,1,0.4200,罗湖区,21,21,0,0,0,0,1
2023-03-09,589179428,20190000000000000003,900200000000000034,1,108.471,318.940,34440.000,2023-03-09 15:15:00.000,L2FT01-FTJ023,24.81,0.000,0.666012,16605,0.435592,0.055345,0,0,1,0.4200,罗湖区,21,21,0,0,0,0,1
2023-03-09,589179428,20190000000000000003,900200000000000034,1,29.890,334.600,10000.000,2023-03-09 15:30:00.000,L2FT01-FTJ023,24.81,0.000,0.666012,16605,0.435592,0.055345,0,0,1,0.4200,罗湖区,21,21,0,0,0,0,1
2023-03-09,589179428,20190000000000000003,900200000000000045,1,80.390,381.900,30700.000,2023-03-09 16:00:00.000,L2FT01-FTJ023,24.33,0.000,0.666012,16605,0.435592,0.055345,0,0,1,0.4200,罗湖区,21,21,0,0,0,0,1
2023-03-09,589179428,20190000000000000003,900200000000000045,1,64.445,392.487,25268.667,2023-03-09 16:15:00.000,L2FT01-FTJ023,24.33,0.000,0.666012,16605,0.435592,0.055345,0,0,1,0.4200,罗湖区,21,21,0,0,0,0,1
2023-03-09,589179428,20190000000000000003,900200000000000043,1,71.934,373.571,26870.000,2023-03-09 16:15:00.000,L2FT01-FTJ023,24.33,0.000,0.666012,16605,0.435592,0.055345,0,0,1,0.4200,罗湖区,21,21,0,0,0,0,1
2023-03-09,589179428,20190000000000000003,900200000000000042,1,75.538,317.611,24076.667,2023-03-09 16:30:00.000,L2FT01-FTJ023,24.33,0.000,0.666012,16605,0.435592,0.055345,0,0,1,0.4200,罗湖区,21,21,0,0,0,0,1
2023-03-09,589179428,20190000000000000003,900200000000000043,1,67.823,383.487,25993.333,2023-03-09 16:30:00.000,L2FT01-FTJ023,24.33,0.000,0.666012,16605,0.435592,0.055345,0,0,1,0.4200,罗湖区,21,21,0,0,0,0,1
2023-03-09,589179428,20190000000000000003,900200000000000045,1,33.884,402.193,13620.000,2023-03-09 16:30:00.000,L2FT01-FTJ023,24.33,0.000,0.666012,16605,0.435592,0.055345,0,0,1,0.4200,罗湖区,21,21,0,0,0,0,1
2023-03-09,589179428,20190000000000000003,900200000000000042,1,81.057,324.547,26302.667,2023-03-09 16:45:00.000,L2FT01-FTJ023,24.33,0.000,0.666012,16605,0.435592,0.055345,0,0,1,0.4200,罗湖区,21,21,0,0,0,0,1
2023-03-09,589179428,20190000000000000003,900200000000000043,1,49.695,389.675,19365.000,2023-03-09 16:45:00.000,L2FT01-FTJ023,24.33,0.000,0.666012,16605,0.435592,0.055345,0,0,1,0.4200,罗湖区,21,21,0,0,0,0,1
2023-03-09,589179428,20190000000000000003,900200000000000045,1,18.215,404.933,7375.000,2023-03-09 16:45:00.000,L2FT01-FTJ023,24.33,0.000,0.666012,16605,0.435592,0.055345,0,0,1,0.4200,罗湖区,21,21,0,0,0,0,1
2023-03-09,589179428,20190000000000000003,900200000000000047,1,200.678,315.400,63288.000,2023-03-09 16:45:00.000,L2FT01-FTJ023,24.33,0.000,0.666012,16605,0.435592,0.055345,0,0,1,0.4200,罗湖区,21,21,0,0,0,0,1
2023-03-09,589179428,20190000000000000003,900200000000000034,1,35.750,326.950,10950.000,2023-03-09 17:00:00.000,L2FT01-FTJ023,24.03,0.000,0.666012,16605,0.435592,0.055345,0,0,1,0.4200,罗湖区,21,21,0,0,0,0,1
2023-03-09,589179428,20190000000000000003,900200000000000040,1,149.891,314.264,47101.818,2023-03-09 17:00:00.000,L2FT01-FTJ023,24.03,0.000,0.666012,16605,0.435592,0.055345,0,0,1,0.4200,罗湖区,21,21,0,0,0,0,1
2023-03-09,589179428,20190000000000000003,900200000000000042,1,51.470,329.073,16938.667,2023-03-09 17:00:00.000,L2FT01-FTJ023,24.03,0.000,0.666012,16605,0.435592,0.055345,0,0,1,0.4200,罗湖区,21,21,0,0,0,0,1
2023-03-09,589179428,20190000000000000003,900200000000000047,1,175.905,315.833,55575.333,2023-03-09 17:00:00.000,L2FT01-FTJ023,24.03,0.000,0.666012,16605,0.435592,0.055345,0,0,1,0.4200,罗湖区,21,21,0,0,0,0,1
2023-03-09,589179428,20190000000000000003,900200000000000042,1,25.890,330.913,8565.333,2023-03-09 17:15:00.000,L2FT01-FTJ023,24.03,0.000,0.666012,16605,0.435592,0.055345,0,0,1,0.4200,罗湖区,21,21,0,0,0,0,1
2023-03-09,589179428,20190000000000000003,900200000000000040,1,149.817,316.827,47465.333,2023-03-09 17:15:00.000,L2FT01-FTJ023,24.03,0.000,0.666012,16605,0.435592,0.055345,0,0,1,0.4200,罗湖区,21,21,0,0,0,0,1
2023-03-09,589179428,20190000000000000003,900200000000000047,1,164.800,318.850,52545.000,2023-03-09 17:15:00.000,L2FT01-FTJ023,24.03,0.000,0.666012,16605,0.435592,0.055345,0,0,1,0.4200,罗湖区,21,21,0,0,0,0,1
2023-03-09,589179428,20190000000000000003,900200000000000042,1,19.478,332.650,6478.333,2023-03-09 17:30:00.000,L2FT01-FTJ023,24.03,0.000,0.666012,16605,0.435592,0.055345,0,0,1,0.4200,罗湖区,21,21,0,0,0,0,1
2023-03-09,589179428,20190000000000000003,900200000000000035,1,185.628,302.792,58175.385,2023-03-09 17:45:00.000,L2FT01-FTJ023,24.03,0.000,0.666012,16605,0.435592,0.055345,0,0,1,0.4200,罗湖区,21,21,0,0,0,0,1
2023-03-09,589179428,20190000000000000003,900200000000000043,1,111.283,314.143,34995.714,2023-03-09 17:45:00.000,L2FT01-FTJ023,24.03,0.000,0.666012,16605,0.435592,0.055345,0,0,1,0.4200,罗湖区,21,21,0,0,0,0,1
2023-03-09,589179428,20190000000000000003,900200000000000035,1,201.806,316.060,63776.000,2023-03-09 18:00:00.000,L2FT01-FTJ023,23.93,0.000,0.666012,16605,0.435592,0.055345,0,0,1,0.4200,罗湖区,21,21,0,0,0,0,1
2023-03-09,589179428,20190000000000000003,900200000000000035,1,146.487,322.255,46939.091,2023-03-09 18:15:00.000,L2FT01-FTJ023,23.93,0.000,0.666012,16605,0.435592,0.055345,0,0,1,0.4200,罗湖区,21,21,0,0,0,0,1
2023-03-09,589179428,20190000000000000003,900200000000000038,1,71.590,305.800,21890.000,2023-03-09 18:30:00.000,L2FT01-FTJ023,23.93,0.000,0.666012,16605,0.435592,0.055345,0,0,1,0.4200,罗湖区,21,21,0,0,0,0,1
2023-03-09,589179428,20190000000000000003,900200000000000032,1,149.884,310.543,46540.714,2023-03-09 19:00:00.000,L2FT01-FTJ023,24.03,0.000,0.666012,16605,0.435592,0.055345,0,0,1,0.4200,罗湖区,21,21,0,0,0,0,1
2023-03-09,589179428,20190000000000000003,900200000000000032,1,149.941,312.607,46870.000,2023-03-09 19:15:00.000,L2FT01-FTJ023,24.03,0.000,0.666012,16605,0.435592,0.055345,0,0,1,0.4200,罗湖区,21,21,0,0,0,0,1
2023-03-09,589179428,20190000000000000003,900200000000000032,1,150.000,314.360,47151.333,2023-03-09 19:30:00.000,L2FT01-FTJ023,24.03,0.000,0.666012,16605,0.435592,0.055345,0,0,1,0.4200,罗湖区,21,21,0,0,0,0,1
2023-03-09,589179428,20190000000000000003,900200000000000048,1,91.058,344.942,31502.500,2023-03-09 19:30:00.000,L2FT01-FTJ023,24.03,0.000,0.666012,16605,0.435592,0.055345,0,0,1,0.4200,罗湖区,21,21,0,0,0,0,1
2023-03-09,589179428,20190000000000000003,900200000000000032,1,123.365,317.440,39115.333,2023-03-09 19:45:00.000,L2FT01-FTJ023,24.03,0.000,0.666012,16605,0.435592,0.055345,0,0,1,0.4200,罗湖区,21,21,0,0,0,0,1
2023-03-09,589179428,20190000000000000003,900200000000000047,1,108.000,443.600,47900.000,2023-03-09 19:45:00.000,L2FT01-FTJ023,24.03,0.000,0.666012,16605,0.435592,0.055345,0,0,1,0.4200,罗湖区,21,21,0,0,0,0,1
2023-03-09,589179428,20190000000000000003,900200000000000048,1,23.691,340.914,8087.143,2023-03-09 19:45:00.000,L2FT01-FTJ023,24.03,0.000,0.666012,16605,0.435592,0.055345,0,0,1,0.4200,罗湖区,21,21,0,0,0,0,1
2023-03-09,589179428,20190000000000000003,900200000000000047,1,65.927,451.007,29720.000,2023-03-09 20:00:00.000,L2FT01-FTJ023,24.33,0.000,0.666012,16605,0.435592,0.055345,0,0,1,0.4200,罗湖区,21,21,0,0,0,0,1
2023-03-09,589179428,20190000000000000003,900200000000000032,1,29.790,330.150,9830.000,2023-03-09 20:00:00.000,L2FT01-FTJ023,24.33,0.000,0.666012,16605,0.435592,0.055345,0,0,1,0.4200,罗湖区,21,21,0,0,0,0,1
2023-03-09,589179428,20190000000000000003,900200000000000047,1,43.517,462.020,20104.667,2023-03-09 20:15:00.000,L2FT01-FTJ023,24.33,0.000,0.666012,16605,0.435592,0.055345,0,0,1,0.4200,罗湖区,21,21,0,0,0,0,1
2023-03-09,589179428,20190000000000000003,900200000000000047,1,12.823,462.833,5934.667,2023-03-09 20:30:00.000,L2FT01-FTJ023,24.33,0.000,0.666012,16605,0.435592,0.055345,0,0,1,0.4200,罗湖区,21,21,0,0,0,0,1
2023-03-09,589179428,20190000000000000003,900200000000000043,1,39.414,338.040,13376.000,2023-03-09 20:30:00.000,L2FT01-FTJ023,24.33,0.000,0.666012,16605,0.435592,0.055345,0,0,1,0.4200,罗湖区,21,21,0,0,0,0,1
2023-03-09,589179428,20190000000000000003,900200000000000043,1,71.797,344.033,24698.667,2023-03-09 20:45:00.000,L2FT01-FTJ023,24.33,0.000,0.666012,16605,0.435592,0.055345,0,0,1,0.4200,罗湖区,21,21,0,0,0,0,1
2023-03-09,589179428,20190000000000000003,900200000000000047,1,12.797,465.214,5952.857,2023-03-09 20:45:00.000,L2FT01-FTJ023,24.33,0.000,0.666012,16605,0.435592,0.055345,0,0,1,0.4200,罗湖区,21,21,0,0,0,0,1
2023-03-09,589179428,20190000000000000003,900200000000000038,1,209.395,435.675,91227.500,2023-03-09 21:00:00.000,L2FT01-FTJ023,24.81,0.000,0.666012,16605,0.435592,0.055345,0,0,1,0.4200,罗湖区,21,21,0,0,0,0,1
2023-03-09,589179428,20190000000000000003,900200000000000043,1,71.743,352.493,25287.333,2023-03-09 21:00:00.000,L2FT01-FTJ023,24.81,0.000,0.666012,16605,0.435592,0.055345,0,0,1,0.4200,罗湖区,21,21,0,0,0,0,1
2023-03-09,589179428,20190000000000000003,900200000000000038,1,139.901,431.187,60496.000,2023-03-09 21:15:00.000,L2FT01-FTJ023,24.81,0.000,0.666012,16605,0.435592,0.055345,0,0,1,0.4200,罗湖区,21,21,0,0,0,0,1
2023-03-09,589179428,20190000000000000003,900200000000000042,1,176.800,425.300,75190.000,2023-03-09 21:15:00.000,L2FT01-FTJ023,24.81,0.000,0.666012,16605,0.435592,0.055345,0,0,1,0.4200,罗湖区,21,21,0,0,0,0,1
2023-03-09,589179428,20190000000000000003,900200000000000043,1,71.690,363.607,26066.000,2023-03-09 21:15:00.000,L2FT01-FTJ023,24.81,0.000,0.666012,16605,0.435592,0.055345,0,0,1,0.4200,罗湖区,21,21,0,0,0,0,1
2023-03-09,589179428,20190000000000000003,900200000000000038,1,85.026,429.207,36512.667,2023-03-09 21:30:00.000,L2FT01-FTJ023,24.81,0.000,0.666012,16605,0.435592,0.055345,0,0,1,0.4200,罗湖区,21,21,0,0,0,0,1
2023-03-09,589179428,20190000000000000003,900200000000000042,1,174.917,433.847,75888.000,2023-03-09 21:30:00.000,L2FT01-FTJ023,24.81,0.000,0.666012,16605,0.435592,0.055345,0,0,1,0.4200,罗湖区,21,21,0,0,0,0,1
2023-03-09,589179428,20190000000000000003,900200000000000043,1,71.697,374.960,26882.667,2023-03-09 21:30:00.000,L2FT01-FTJ023,24.81,0.000,0.666012,16605,0.435592,0.055345,0,0,1,0.4200,罗湖区,21,21,0,0,0,0,1
2023-03-09,589179428,20190000000000000003,900200000000000044,1,50.290,366.300,18442.000,2023-03-09 21:30:00.000,L2FT01-FTJ023,24.81,0.000,0.666012,16605,0.435592,0.055345,0,0,1,0.4200,罗湖区,21,21,0,0,0,0,1
2023-03-09,589179428,20190000000000000003,900200000000000044,1,54.790,378.613,20742.000,2023-03-09 21:45:00.000,L2FT01-FTJ023,24.81,0.000,0.666012,16605,0.435592,0.055345,0,0,1,0.4200,罗湖区,21,21,0,0,0,0,1
2023-03-09,589179428,20190000000000000003,900200000000000043,1,51.877,384.540,19933.333,2023-03-09 21:45:00.000,L2FT01-FTJ023,24.81,0.000,0.666012,16605,0.435592,0.055345,0,0,1,0.4200,罗湖区,21,21,0,0,0,0,1
2023-03-09,589179428,20190000000000000003,900200000000000038,1,49.391,434.767,21447.778,2023-03-09 21:45:00.000,L2FT01-FTJ023,24.81,0.000,0.666012,16605,0.435592,0.055345,0,0,1,0.4200,罗湖区,21,21,0,0,0,0,1
2023-03-09,589179428,20190000000000000003,900200000000000042,1,136.444,433.613,59160.667,2023-03-09 21:45:00.000,L2FT01-FTJ023,24.81,0.000,0.666012,16605,0.435592,0.055345,0,0,1,0.4200,罗湖区,21,21,0,0,0,0,1
2023-03-09,589179428,20190000000000000003,900200000000000042,1,94.337,432.713,40960.000,2023-03-09 22:00:00.000,L2FT01-FTJ023,25.43,0.000,0.666012,16605,0.435592,0.055345,0,0,1,0.4200,罗湖区,21,21,0,0,0,0,1
2023-03-09,589179428,20190000000000000003,900200000000000043,1,26.310,387.527,10196.000,2023-03-09 22:00:00.000,L2FT01-FTJ023,25.43,0.000,0.666012,16605,0.435592,0.055345,0,0,1,0.4200,罗湖区,21,21,0,0,0,0,1
2023-03-09,589179428,20190000000000000003,900200000000000044,1,46.017,392.547,18048.000,2023-03-09 22:00:00.000,L2FT01-FTJ023,25.43,0.000,0.666012,16605,0.435592,0.055345,0,0,1,0.4200,罗湖区,21,21,0,0,0,0,1
2023-03-09,589179428,20190000000000000003,900200000000000042,1,56.582,431.164,24394.545,2023-03-09 22:15:00.000,L2FT01-FTJ023,25.43,0.000,0.666012,16605,0.435592,0.055345,0,0,1,0.4200,罗湖区,21,21,0,0,0,0,1
2023-03-09,589179428,20190000000000000003,900200000000000043,1,26.210,390.140,10222.000,2023-03-09 22:15:00.000,L2FT01-FTJ023,25.43,0.000,0.666012,16605,0.435592,0.055345,0,0,1,0.4200,罗湖区,21,21,0,0,0,0,1
2023-03-09,589179428,20190000000000000003,900200000000000044,1,15.343,395.000,6058.667,2023-03-09 22:15:00.000,L2FT01-FTJ023,25.43,0.000,0.666012,16605,0.435592,0.055345,0,0,1,0.4200,罗湖区,21,21,0,0,0,0,1
2023-03-09,589179428,20190000000000000003,900200000000000044,1,7.412,395.611,2931.111,2023-03-09 22:30:00.000,L2FT01-FTJ023,25.43,0.000,0.666012,16605,0.435592,0.055345,0,0,1,0.4200,罗湖区,21,21,0,0,0,0,1
2023-03-09,589179428,20190000000000000003,900200000000000052,1,149.843,411.425,61647.500,2023-03-09 23:45:00.000,L2FT01-FTJ023,26.15,0.000,0.666012,16605,0.435592,0.055345,0,0,1,0.4200,罗湖区,21,21,0,0,0,0,1
2023-03-10,589179428,20190000000000000003,900200000000000052,1,149.803,413.860,61997.333,2023-03-10 00:00:00.000,L2FT01-FTJ023,26.93,0.000,0.666012,16605,0.435592,0.055345,0,0,1,0.4200,罗湖区,21,21,0,0,0,0,1
2023-03-10,589179428,20190000000000000003,900200000000000043,1,66.260,305.192,20142.308,2023-03-10 00:15:00.000,L2FT01-FTJ023,26.93,0.000,0.666012,16605,0.435592,0.055345,0,0,1,0.4200,罗湖区,21,21,0,0,0,0,1
2023-03-10,589179428,20190000000000000003,900200000000000052,1,110.067,417.300,46017.500,2023-03-10 00:15:00.000,L2FT01-FTJ023,26.93,0.000,0.666012,16605,0.435592,0.055345,0,0,1,0.4200,罗湖区,21,21,0,0,0,0,1
2023-03-10,589179428,20190000000000000003,900200000000000043,1,71.463,306.620,21910.000,2023-03-10 00:30:00.000,L2FT01-FTJ023,26.93,0.000,0.666012,16605,0.435592,0.055345,0,0,1,0.4200,罗湖区,21,21,0,0,0,0,1
2023-03-10,589179428,20190000000000000003,900200000000000043,1,70.290,307.747,21629.333,2023-03-10 00:45:00.000,L2FT01-FTJ023,26.93,0.000,0.666012,16605,0.435592,0.055345,0,0,1,0.4200,罗湖区,21,21,0,0,0,0,1
2023-03-10,589179428,20190000000000000003,900200000000000043,1,70.517,308.013,21719.333,2023-03-10 01:00:00.000,L2FT01-FTJ023,27.70,0.000,0.666012,16605,0.435592,0.055345,0,0,1,0.4200,罗湖区,21,21,0,0,0,0,1
2023-03-10,589179428,20190000000000000003,900200000000000043,1,71.890,308.360,22165.333,2023-03-10 01:15:00.000,L2FT01-FTJ023,27.70,0.000,0.666012,16605,0.435592,0.055345,0,0,1,0.4200,罗湖区,21,21,0,0,0,0,1
2023-03-10,589179428,20190000000000000003,900200000000000043,1,71.843,308.907,22190.667,2023-03-10 01:30:00.000,L2FT01-FTJ023,27.70,0.000,0.666012,16605,0.435592,0.055345,0,0,1,0.4200,罗湖区,21,21,0,0,0,0,1
2023-03-10,589179428,20190000000000000003,900200000000000043,1,71.723,310.127,22241.333,2023-03-10 01:45:00.000,L2FT01-FTJ023,27.70,0.000,0.666012,16605,0.435592,0.055345,0,0,1,0.4200,罗湖区,21,21,0,0,0,0,1
2023-03-10,589179428,20190000000000000003,900200000000000045,0,0.000,268.900,0.000,2023-03-10 01:45:00.000,L2FT01-FTJ023,27.70,0.000,0.666012,16605,0.435592,0.055345,0,0,1,0.4200,罗湖区,21,21,0,0,0,0,1
2023-03-10,589179428,20190000000000000003,900200000000000040,1,123.285,418.188,51575.000,2023-03-10 02:00:00.000,L2FT01-FTJ023,28.43,0.000,0.666012,16605,0.435592,0.055345,0,0,1,0.4200,罗湖区,21,21,0,0,0,0,1
2023-03-10,589179428,20190000000000000003,900200000000000043,1,71.830,311.693,22388.000,2023-03-10 02:00:00.000,L2FT01-FTJ023,28.43,0.000,0.666012,16605,0.435592,0.055345,0,0,1,0.4200,罗湖区,21,21,0,0,0,0,1
2023-03-10,589179428,20190000000000000003,900200000000000045,1,131.331,346.367,45588.667,2023-03-10 02:00:00.000,L2FT01-FTJ023,28.43,0.000,0.666012,16605,0.435592,0.055345,0,0,1,0.4200,罗湖区,21,21,0,0,0,0,1
2023-03-10,589179428,20190000000000000003,900200000000000040,1,122.041,432.300,52755.333,2023-03-10 02:15:00.000,L2FT01-FTJ023,28.43,0.000,0.666012,16605,0.435592,0.055345,0,0,1,0.4200,罗湖区,21,21,0,0,0,0,1
2023-03-10,589179428,20190000000000000003,900200000000000043,1,71.890,313.793,22556.667,2023-03-10 02:15:00.000,L2FT01-FTJ023,28.43,0.000,0.666012,16605,0.435592,0.055345,0,0,1,0.4200,罗湖区,21,21,0,0,0,0,1
2023-03-10,589179428,20190000000000000003,900200000000000045,1,136.771,361.353,49403.333,2023-03-10 02:15:00.000,L2FT01-FTJ023,28.43,0.000,0.666012,16605,0.435592,0.055345,0,0,1,0.4200,罗湖区,21,21,0,0,0,0,1
2023-03-10,589179428,20190000000000000003,900200000000000037,1,66.351,303.873,20336.667,2023-03-10 02:30:00.000,L2FT01-FTJ023,28.43,0.000,0.666012,16605,0.435592,0.055345,0,0,1,0.4200,罗湖区,21,21,0,0,0,0,1
2023-03-10,589179428,20190000000000000003,900200000000000039,1,142.086,310.100,44058.750,2023-03-10 02:30:00.000,L2FT01-FTJ023,28.43,0.000,0.666012,16605,0.435592,0.055345,0,0,1,0.4200,罗湖区,21,21,0,0,0,0,1
2023-03-10,589179428,20190000000000000003,900200000000000040,1,95.156,454.080,43116.667,2023-03-10 02:30:00.000,L2FT01-FTJ023,28.43,0.000,0.666012,16605,0.435592,0.055345,0,0,1,0.4200,罗湖区,21,21,0,0,0,0,1
2023-03-10,589179428,20190000000000000003,900200000000000043,1,61.890,320.123,19793.846,2023-03-10 02:30:00.000,L2FT01-FTJ023,28.43,0.000,0.666012,16605,0.435592,0.055345,0,0,1,0.4200,罗湖区,21,21,0,0,0,0,1
2023-03-10,589179428,20190000000000000003,900200000000000045,1,99.027,377.620,37347.333,2023-03-10 02:30:00.000,L2FT01-FTJ023,28.43,0.000,0.666012,16605,0.435592,0.055345,0,0,1,0.4200,罗湖区,21,21,0,0,0,0,1
2023-03-10,589179428,20190000000000000003,900200000000000045,1,47.025,385.793,18139.333,2023-03-10 02:45:00.000,L2FT01-FTJ023,28.43,0.000,0.666012,16605,0.435592,0.055345,0,0,1,0.4200,罗湖区,21,21,0,0,0,0,1
2023-03-10,589179428,20190000000000000003,900200000000000040,1,28.819,459.979,13250.714,2023-03-10 02:45:00.000,L2FT01-FTJ023,28.43,0.000,0.666012,16605,0.435592,0.055345,0,0,1,0.4200,罗湖区,21,21,0,0,0,0,1
2023-03-10,589179428,20190000000000000003,900200000000000037,1,70.560,307.667,21706.000,2023-03-10 02:45:00.000,L2FT01-FTJ023,28.43,0.000,0.666012,16605,0.435592,0.055345,0,0,1,0.4200,罗湖区,21,21,0,0,0,0,1
2023-03-10,589179428,20190000000000000003,900200000000000039,1,141.405,310.827,43949.333,2023-03-10 02:45:00.000,L2FT01-FTJ023,28.43,0.000,0.666012,16605,0.435592,0.055345,0,0,1,0.4200,罗湖区,21,21,0,0,0,0,1
2023-03-10,589179428,20190000000000000003,900200000000000037,1,70.984,307.873,21852.000,2023-03-10 03:00:00.000,L2FT01-FTJ023,29.05,0.000,0.666012,16605,0.435592,0.055345,0,0,1,0.4200,罗湖区,21,21,0,0,0,0,1
2023-03-10,589179428,20190000000000000003,900200000000000039,1,134.373,312.587,42002.000,2023-03-10 03:00:00.000,L2FT01-FTJ023,29.05,0.000,0.666012,16605,0.435592,0.055345,0,0,1,0.4200,罗湖区,21,21,0,0,0,0,1
2023-03-10,589179428,20190000000000000003,900200000000000045,1,26.290,388.407,10210.000,2023-03-10 03:00:00.000,L2FT01-FTJ023,29.05,0.000,0.666012,16605,0.435592,0.055345,0,0,1,0.4200,罗湖区,21,21,0,0,0,0,1
2023-03-10,589179428,20190000000000000003,900200000000000037,1,70.033,308.267,21587.333,2023-03-10 03:15:00.000,L2FT01-FTJ023,29.05,0.000,0.666012,16605,0.435592,0.055345,0,0,1,0.4200,罗湖区,21,21,0,0,0,0,1
2023-03-10,589179428,20190000000000000003,900200000000000039,1,118.774,313.367,37223.333,2023-03-10 03:15:00.000,L2FT01-FTJ023,29.05,0.000,0.666012,16605,0.435592,0.055345,0,0,1,0.4200,罗湖区,21,21,0,0,0,0,1
2023-03-10,589179428,20190000000000000003,900200000000000045,1,26.365,390.875,10307.500,2023-03-10 03:15:00.000,L2FT01-FTJ023,29.05,0.000,0.666012,16605,0.435592,0.055345,0,0,1,0.4200,罗湖区,21,21,0,0,0,0,1
2023-03-10,589179428,20190000000000000003,900200000000000037,1,68.077,308.960,21030.000,2023-03-10 03:30:00.000,L2FT01-FTJ023,29.05,0.000,0.666012,16605,0.435592,0.055345,0,0,1,0.4200,罗湖区,21,21,0,0,0,0,1
2023-03-10,589179428,20190000000000000003,900200000000000039,1,120.303,315.713,37996.000,2023-03-10 03:30:00.000,L2FT01-FTJ023,29.05,0.000,0.666012,16605,0.435592,0.055345,0,0,1,0.4200,罗湖区,21,21,0,0,0,0,1
2023-03-10,589179428,20190000000000000003,900200000000000037,1,70.772,310.533,21974.667,2023-03-10 03:45:00.000,L2FT01-FTJ023,29.05,0.000,0.666012,16605,0.435592,0.055345,0,0,1,0.4200,罗湖区,21,21,0,0,0,0,1
2023-03-10,589179428,20190000000000000003,900200000000000039,1,91.556,349.000,32529.000,2023-03-10 03:45:00.000,L2FT01-FTJ023,29.05,0.000,0.666012,16605,0.435592,0.055345,0,0,1,0.4200,罗湖区,21,21,0,0,0,0,1
2023-03-10,589179428,20190000000000000003,900200000000000039,1,109.925,369.353,40558.667,2023-03-10 04:00:00.000,L2FT01-FTJ023,29.53,0.000,0.666012,16605,0.435592,0.055345,0,0,1,0.4200,罗湖区,21,21,0,0,0,0,1
2023-03-10,589179428,20190000000000000003,900200000000000037,1,70.348,311.700,21926.000,2023-03-10 04:00:00.000,L2FT01-FTJ023,29.53,0.000,0.666012,16605,0.435592,0.055345,0,0,1,0.4200,罗湖区,21,21,0,0,0,0,1
2023-03-10,589179428,20190000000000000003,900200000000000039,1,79.481,384.533,30517.333,2023-03-10 04:15:00.000,L2FT01-FTJ023,29.53,0.000,0.666012,16605,0.435592,0.055345,0,0,1,0.4200,罗湖区,21,21,0,0,0,0,1
2023-03-10,589179428,20190000000000000003,900200000000000038,1,111.350,289.671,34330.000,2023-03-10 04:15:00.000,L2FT01-FTJ023,29.53,0.000,0.666012,16605,0.435592,0.055345,0,0,1,0.4200,罗湖区,21,21,0,0,0,0,1
2023-03-10,589179428,20190000000000000003,900200000000000031,1,37.917,357.500,13742.500,2023-03-10 04:15:00.000,L2FT01-FTJ023,29.53,0.000,0.666012,16605,0.435592,0.055345,0,0,1,0.4200,罗湖区,21,21,0,0,0,0,1
2023-03-10,589179428,20190000000000000003,900200000000000037,1,71.090,312.127,22188.667,2023-03-10 04:15:00.000,L2FT01-FTJ023,29.53,0.000,0.666012,16605,0.435592,0.055345,0,0,1,0.4200,罗湖区,21,21,0,0,0,0,1
2023-03-10,589179428,20190000000000000003,900200000000000031,1,105.687,363.867,38456.000,2023-03-10 04:30:00.000,L2FT01-FTJ023,29.53,0.000,0.666012,16605,0.435592,0.055345,0,0,1,0.4200,罗湖区,21,21,0,0,0,0,1
2023-03-10,589179428,20190000000000000003,900200000000000037,1,71.084,312.473,22209.333,2023-03-10 04:30:00.000,L2FT01-FTJ023,29.53,0.000,0.666012,16605,0.435592,0.055345,0,0,1,0.4200,罗湖区,21,21,0,0,0,0,1
2023-03-10,589179428,20190000000000000003,900200000000000038,1,129.890,310.420,40318.667,2023-03-10 04:30:00.000,L2FT01-FTJ023,29.53,0.000,0.666012,16605,0.435592,0.055345,0,0,1,0.4200,罗湖区,21,21,0,0,0,0,1
2023-03-10,589179428,20190000000000000003,900200000000000039,1,42.304,392.114,16580.714,2023-03-10 04:30:00.000,L2FT01-FTJ023,29.53,0.000,0.666012,16605,0.435592,0.055345,0,0,1,0.4200,罗湖区,21,21,0,0,0,0,1
2023-03-10,589179428,20190000000000000003,900200000000000052,1,129.890,307.100,39890.000,2023-03-10 04:30:00.000,L2FT01-FTJ023,29.53,0.000,0.666012,16605,0.435592,0.055345,0,0,1,0.4200,罗湖区,21,21,0,0,0,0,1
2023-03-10,589179428,20190000000000000003,900200000000000031,1,58.101,364.093,21157.333,2023-03-10 04:45:00.000,L2FT01-FTJ023,29.53,0.000,0.666012,16605,0.435592,0.055345,0,0,1,0.4200,罗湖区,21,21,0,0,0,0,1
2023-03-10,589179428,20190000000000000003,900200000000000037,1,71.048,312.960,22232.667,2023-03-10 04:45:00.000,L2FT01-FTJ023,29.53,0.000,0.666012,16605,0.435592,0.055345,0,0,1,0.4200,罗湖区,21,21,0,0,0,0,1
2023-03-10,589179428,20190000000000000003,900200000000000038,1,129.916,311.100,40413.333,2023-03-10 04:45:00.000,L2FT01-FTJ023,29.53,0.000,0.666012,16605,0.435592,0.055345,0,0,1,0.4200,罗湖区,21,21,0,0,0,0,1
2023-03-10,589179428,20190000000000000003,900200000000000052,1,129.800,310.273,40267.333,2023-03-10 04:45:00.000,L2FT01-FTJ023,29.53,0.000,0.666012,16605,0.435592,0.055345,0,0,1,0.4200,罗湖区,21,21,0,0,0,0,1
2023-03-10,589179428,20190000000000000003,900200000000000031,1,30.390,372.450,11315.000,2023-03-10 05:00:00.000,L2FT01-FTJ023,29.83,0.000,0.666012,16605,0.435592,0.055345,0,0,1,0.4200,罗湖区,21,21,0,0,0,0,1
2023-03-10,589179428,20190000000000000003,900200000000000037,1,71.000,314.527,22326.000,2023-03-10 05:00:00.000,L2FT01-FTJ023,29.83,0.000,0.666012,16605,0.435592,0.055345,0,0,1,0.4200,罗湖区,21,21,0,0,0,0,1
2023-03-10,589179428,20190000000000000003,900200000000000038,1,129.836,312.987,40633.333,2023-03-10 05:00:00.000,L2FT01-FTJ023,29.83,0.000,0.666012,16605,0.435592,0.055345,0,0,1,0.4200,罗湖区,21,21,0,0,0,0,1
2023-03-10,589179428,20190000000000000003,900200000000000052,1,129.830,311.193,40398.667,2023-03-10 05:00:00.000,L2FT01-FTJ023,29.83,0.000,0.666012,16605,0.435592,0.055345,0,0,1,0.4200,罗湖区,21,21,0,0,0,0,1
2023-03-10,589179428,20190000000000000003,900200000000000052,1,129.890,313.200,40679.333,2023-03-10 05:15:00.000,L2FT01-FTJ023,29.83,0.000,0.666012,16605,0.435592,0.055345,0,0,1,0.4200,罗湖区,21,21,0,0,0,0,1
2023-03-10,589179428,20190000000000000003,900200000000000037,1,50.322,325.775,16290.000,2023-03-10 05:15:00.000,L2FT01-FTJ023,29.83,0.000,0.666012,16605,0.435592,0.055345,0,0,1,0.4200,罗湖区,21,21,0,0,0,0,1
2023-03-10,589179428,20190000000000000003,900200000000000038,1,129.905,314.147,40807.333,2023-03-10 05:15:00.000,L2FT01-FTJ023,29.83,0.000,0.666012,16605,0.435592,0.055345,0,0,1,0.4200,罗湖区,21,21,0,0,0,0,1
2023-03-10,589179428,20190000000000000003,900200000000000038,1,127.987,316.793,40526.000,2023-03-10 05:30:00.000,L2FT01-FTJ023,29.83,0.000,0.666012,16605,0.435592,0.055345,0,0,1,0.4200,罗湖区,21,21,0,0,0,0,1
2023-03-10,589179428,20190000000000000003,900200000000000052,1,129.919,314.593,40870.000,2023-03-10 05:30:00.000,L2FT01-FTJ023,29.83,0.000,0.666012,16605,0.435592,0.055345,0,0,1,0.4200,罗湖区,21,21,0,0,0,0,1
2023-03-10,589179428,20190000000000000003,900200000000000032,1,128.083,379.683,48923.333,2023-03-10 05:45:00.000,L2FT01-FTJ023,29.83,0.000,0.666012,16605,0.435592,0.055345,0,0,1,0.4200,罗湖区,21,21,0,0,0,0,1
2023-03-10,589179428,20190000000000000003,900200000000000034,1,81.186,308.244,25614.444,2023-03-10 05:45:00.000,L2FT01-FTJ023,29.83,0.000,0.666012,16605,0.435592,0.055345,0,0,1,0.4200,罗湖区,21,21,0,0,0,0,1
2023-03-10,589179428,20190000000000000003,900200000000000038,1,44.865,327.350,14655.000,2023-03-10 05:45:00.000,L2FT01-FTJ023,29.83,0.000,0.666012,16605,0.435592,0.055345,0,0,1,0.4200,罗湖区,21,21,0,0,0,0,1
2023-03-10,589179428,20190000000000000003,900200000000000052,1,119.239,318.847,37928.000,2023-03-10 05:45:00.000,L2FT01-FTJ023,29.83,0.000,0.666012,16605,0.435592,0.055345,0,0,1,0.4200,罗湖区,21,21,0,0,0,0,1
2023-03-10,589179428,20190000000000000003,900200000000000032,1,116.641,395.687,46096.667,2023-03-10 06:00:00.000,L2FT01-FTJ023,29.93,0.000,0.666012,16605,0.435592,0.055345,0,0,1,0.4200,罗湖区,21,21,0,0,0,0,1
2023-03-10,589179428,20190000000000000003,900200000000000034,1,129.494,341.313,44194.667,2023-03-10 06:00:00.000,L2FT01-FTJ023,29.93,0.000,0.666012,16605,0.435592,0.055345,0,0,1,0.4200,罗湖区,21,21,0,0,0,0,1
2023-03-10,589179428,20190000000000000003,900200000000000038,1,46.130,454.240,21392.000,2023-03-10 06:00:00.000,L2FT01-FTJ023,29.93,0.000,0.666012,16605,0.435592,0.055345,0,0,1,0.4200,罗湖区,21,21,0,0,0,0,1
2023-03-10,589179428,20190000000000000003,900200000000000052,1,29.790,332.333,9900.000,2023-03-10 06:00:00.000,L2FT01-FTJ023,29.93,0.000,0.666012,16605,0.435592,0.055345,0,0,1,0.4200,罗湖区,21,21,0,0,0,0,1
2023-03-10,589179428,20190000000000000003,900200000000000038,1,56.218,464.700,26351.667,2023-03-10 06:15:00.000,L2FT01-FTJ023,29.93,0.000,0.666012,16605,0.435592,0.055345,0,0,1,0.4200,罗湖区,21,21,0,0,0,0,1
2023-03-10,589179428,20190000000000000003,900200000000000034,1,129.576,351.420,45530.667,2023-03-10 06:15:00.000,L2FT01-FTJ023,29.93,0.000,0.666012,16605,0.435592,0.055345,0,0,1,0.4200,罗湖区,21,21,0,0,0,0,1
2023-03-10,589179428,20190000000000000003,900200000000000032,1,62.330,404.153,25180.667,2023-03-10 06:15:00.000,L2FT01-FTJ023,29.93,0.000,0.666012,16605,0.435592,0.055345,0,0,1,0.4200,罗湖区,21,21,0,0,0,0,1
2023-03-10,589179428,20190000000000000003,900200000000000032,1,30.250,405.420,12262.000,2023-03-10 06:30:00.000,L2FT01-FTJ023,29.93,0.000,0.666012,16605,0.435592,0.055345,0,0,1,0.4200,罗湖区,21,21,0,0,0,0,1
2023-03-10,589179428,20190000000000000003,900200000000000034,1,120.948,367.507,44415.333,2023-03-10 06:30:00.000,L2FT01-FTJ023,29.93,0.000,0.666012,16605,0.435592,0.055345,0,0,1,0.4200,罗湖区,21,21,0,0,0,0,1
2023-03-10,589179428,20190000000000000003,900200000000000038,1,63.277,472.073,29871.333,2023-03-10 06:30:00.000,L2FT01-FTJ023,29.93,0.000,0.666012,16605,0.435592,0.055345,0,0,1,0.4200,罗湖区,21,21,0,0,0,0,1
2023-03-10,589179428,20190000000000000003,900200000000000034,1,81.304,378.400,30761.000,2023-03-10 06:45:00.000,L2FT01-FTJ023,29.93,0.000,0.666012,16605,0.435592,0.055345,0,0,1,0.4200,罗湖区,21,21,0,0,0,0,1
2023-03-10,589179428,20190000000000000003,900200000000000038,1,63.277,471.847,29855.333,2023-03-10 06:45:00.000,L2FT01-FTJ023,29.93,0.000,0.666012,16605,0.435592,0.055345,0,0,1,0.4200,罗湖区,21,21,0,0,0,0,1
2023-03-10,589179428,20190000000000000003,900200000000000038,1,63.210,472.540,29868.667,2023-03-10 07:00:00.000,L2FT01-FTJ023,29.83,0.000,0.666012,16605,0.435592,0.055345,0,0,1,0.4200,罗湖区,21,21,0,0,0,0,1
2023-03-10,589179428,20190000000000000003,900200000000000035,1,164.856,313.300,51642.857,2023-03-10 07:15:00.000,L2FT01-FTJ023,29.83,0.000,0.666012,16605,0.435592,0.055345,0,0,1,0.4200,罗湖区,21,21,0,0,0,0,1
2023-03-10,589179428,20190000000000000003,900200000000000038,1,54.163,471.909,25561.818,2023-03-10 07:15:00.000,L2FT01-FTJ023,29.83,0.000,0.666012,16605,0.435592,0.055345,0,0,1,0.4200,罗湖区,21,21,0,0,0,0,1
2023-03-10,589179428,20190000000000000003,900200000000000035,1,164.872,315.413,52001.333,2023-03-10 07:30:00.000,L2FT01-FTJ023,29.83,0.000,0.666012,16605,0.435592,0.055345,0,0,1,0.4200,罗湖区,21,21,0,0,0,0,1
2023-03-10,589179428,20190000000000000003,900200000000000035,1,164.978,317.953,52450.667,2023-03-10 07:45:00.000,L2FT01-FTJ023,29.83,0.000,0.666012,16605,0.435592,0.055345,0,0,1,0.4200,罗湖区,21,21,0,0,0,0,1
2023-03-10,589179428,20190000000000000003,900200000000000035,1,49.176,323.182,15805.455,2023-03-10 08:00:00.000,L2FT01-FTJ023,29.53,0.000,0.666012,16605,0.435592,0.055345,0,0,1,0.4200,罗湖区,21,21,0,0,0,0,1
2023-03-10,589179428,20190000000000000003,900200000000000039,1,169.052,372.246,62876.154,2023-03-10 08:30:00.000,L2FT01-FTJ023,29.53,0.000,0.666012,16605,0.435592,0.055345,0,0,1,0.4200,罗湖区,21,21,0,0,0,0,1
2023-03-10,589179428,20190000000000000003,900200000000000039,1,115.252,384.387,44264.667,2023-03-10 08:45:00.000,L2FT01-FTJ023,29.53,0.000,0.666012,16605,0.435592,0.055345,0,0,1,0.4200,罗湖区,21,21,0,0,0,0,1
2023-03-10,589179428,20190000000000000003,900200000000000031,1,55.691,385.280,21908.000,2023-03-10 08:45:00.000,L2FT01-FTJ023,29.53,0.000,0.666012,16605,0.435592,0.055345,0,0,1,0.4200,罗湖区,21,21,0,0,0,0,1
2023-03-10,589179428,20190000000000000003,900200000000000031,1,61.890,406.480,25155.333,2023-03-10 09:00:00.000,L2FT01-FTJ023,29.05,0.000,0.666012,16605,0.435592,0.055345,0,0,1,0.4200,罗湖区,21,21,0,0,0,0,1
2023-03-10,589179428,20190000000000000003,900200000000000039,1,86.513,407.093,35137.333,2023-03-10 09:00:00.000,L2FT01-FTJ023,29.05,0.000,0.666012,16605,0.435592,0.055345,0,0,1,0.4200,罗湖区,21,21,0,0,0,0,1
2023-03-10,589179428,20190000000000000003,900200000000000031,1,36.036,413.215,14900.769,2023-03-10 09:15:00.000,L2FT01-FTJ023,29.05,0.000,0.666012,16605,0.435592,0.055345,0,0,1,0.4200,罗湖区,21,21,0,0,0,0,1
2023-03-10,589179428,20190000000000000003,900200000000000039,1,45.097,420.379,18944.286,2023-03-10 09:15:00.000,L2FT01-FTJ023,29.05,0.000,0.666012,16605,0.435592,0.055345,0,0,1,0.4200,罗湖区,21,21,0,0,0,0,1
2023-03-10,589179428,20190000000000000003,900200000000000042,1,50.449,398.057,20127.143,2023-03-10 10:00:00.000,L2FT01-FTJ023,28.43,0.000,0.666012,16605,0.435592,0.055345,0,0,1,0.4200,罗湖区,21,21,0,0,0,0,1
2023-03-10,589179428,20190000000000000003,900200000000000031,1,71.080,325.271,23117.143,2023-03-10 10:15:00.000,L2FT01-FTJ023,28.43,0.000,0.666012,16605,0.435592,0.055345,0,0,1,0.4200,罗湖区,21,21,0,0,0,0,1
2023-03-10,589179428,20190000000000000003,900200000000000042,1,35.877,404.993,14534.000,2023-03-10 10:15:00.000,L2FT01-FTJ023,28.43,0.000,0.666012,16605,0.435592,0.055345,0,0,1,0.4200,罗湖区,21,21,0,0,0,0,1
2023-03-10,589179428,20190000000000000003,900200000000000031,1,71.000,327.760,23264.667,2023-03-10 10:30:00.000,L2FT01-FTJ023,28.43,0.000,0.666012,16605,0.435592,0.055345,0,0,1,0.4200,罗湖区,21,21,0,0,0,0,1
2023-03-10,589179428,20190000000000000003,900200000000000042,1,10.890,406.180,4422.000,2023-03-10 10:30:00.000,L2FT01-FTJ023,28.43,0.000,0.666012,16605,0.435592,0.055345,0,0,1,0.4200,罗湖区,21,21,0,0,0,0,1
2023-03-10,589179428,20190000000000000003,900200000000000031,1,71.000,328.820,23342.000,2023-03-10 10:45:00.000,L2FT01-FTJ023,28.43,0.000,0.666012,16605,0.435592,0.055345,0,0,1,0.4200,罗湖区,21,21,0,0,0,0,1
2023-03-10,589179428,20190000000000000003,900200000000000042,1,10.863,408.333,4435.333,2023-03-10 10:45:00.000,L2FT01-FTJ023,28.43,0.000,0.666012,16605,0.435592,0.055345,0,0,1,0.4200,罗湖区,21,21,0,0,0,0,1
2023-03-10,589179428,20190000000000000003,900200000000000031,1,71.000,330.244,23442.222,2023-03-10 11:00:00.000,L2FT01-FTJ023,27.70,0.000,0.666012,16605,0.435592,0.055345,0,0,1,0.4200,罗湖区,21,21,0,0,0,0,1
2023-03-10,589179428,20190000000000000003,900200000000000042,1,10.890,409.500,4460.000,2023-03-10 11:00:00.000,L2FT01-FTJ023,27.70,0.000,0.666012,16605,0.435592,0.055345,0,0,1,0.4200,罗湖区,21,21,0,0,0,0,1
2023-03-10,589179428,20190000000000000003,900200000000000039,1,116.490,415.533,48436.667,2023-03-10 11:45:00.000,L2FT01-FTJ023,27.70,0.000,0.666012,16605,0.435592,0.055345,0,0,1,0.4200,罗湖区,21,21,0,0,0,0,1
2023-03-10,589179428,20190000000000000003,900200000000000057,0,0.000,353.400,0.000,2023-03-10 11:45:00.000,L2FT01-FTJ023,27.70,0.000,0.666012,16605,0.435592,0.055345,0,0,1,0.4200,罗湖区,21,21,0,0,0,0,1
2023-03-10,589179428,20190000000000000003,900200000000000039,1,123.199,427.533,52656.667,2023-03-10 12:00:00.000,L2FT01-FTJ023,26.93,0.000,0.666012,16605,0.435592,0.055345,0,0,1,0.4200,罗湖区,21,21,0,0,0,0,1
2023-03-10,589179428,20190000000000000003,900200000000000039,1,109.573,450.200,49245.333,2023-03-10 12:15:00.000,L2FT01-FTJ023,26.93,0.000,0.666012,16605,0.435592,0.055345,0,0,1,0.4200,罗湖区,21,21,0,0,0,0,1
2023-03-10,589179428,20190000000000000003,900200000000000056,1,35.895,285.400,13555.000,2023-03-10 12:15:00.000,L2FT01-FTJ023,26.93,0.000,0.666012,16605,0.435592,0.055345,0,0,1,0.4200,罗湖区,21,21,0,0,0,0,1
2023-03-10,589179428,20190000000000000003,900200000000000039,1,38.899,459.960,17878.000,2023-03-10 12:30:00.000,L2FT01-FTJ023,26.93,0.000,0.666012,16605,0.435592,0.055345,0,0,1,0.4200,罗湖区,21,21,0,0,0,0,1
2023-03-10,589179428,20190000000000000003,900200000000000056,1,71.697,381.927,27381.333,2023-03-10 12:30:00.000,L2FT01-FTJ023,26.93,0.000,0.666012,16605,0.435592,0.055345,0,0,1,0.4200,罗湖区,21,21,0,0,0,0,1
2023-03-10,589179428,20190000000000000003,900200000000000039,1,20.030,462.100,9251.667,2023-03-10 12:45:00.000,L2FT01-FTJ023,26.93,0.000,0.666012,16605,0.435592,0.055345,0,0,1,0.4200,罗湖区,21,21,0,0,0,0,1
2023-03-10,589179428,20190000000000000003,900200000000000043,1,109.966,344.571,37887.143,2023-03-10 12:45:00.000,L2FT01-FTJ023,26.93,0.000,0.666012,16605,0.435592,0.055345,0,0,1,0.4200,罗湖区,21,21,0,0,0,0,1
2023-03-10,589179428,20190000000000000003,900200000000000056,1,71.690,393.427,28203.333,2023-03-10 12:45:00.000,L2FT01-FTJ023,26.93,0.000,0.666012,16605,0.435592,0.055345,0,0,1,0.4200,罗湖区,21,21,0,0,0,0,1
2023-03-10,589179428,20190000000000000003,900200000000000043,1,109.878,346.087,38024.667,2023-03-10 13:00:00.000,L2FT01-FTJ023,26.15,0.000,0.666012,16605,0.435592,0.055345,0,0,1,0.4200,罗湖区,21,21,0,0,0,0,1
2023-03-10,589179428,20190000000000000003,900200000000000056,1,71.683,411.120,29470.667,2023-03-10 13:00:00.000,L2FT01-FTJ023,26.15,0.000,0.666012,16605,0.435592,0.055345,0,0,1,0.4200,罗湖区,21,21,0,0,0,0,1
2023-03-10,589179428,20190000000000000003,900200000000000043,1,109.912,347.340,38175.333,2023-03-10 13:15:00.000,L2FT01-FTJ023,26.15,0.000,0.666012,16605,0.435592,0.055345,0,0,1,0.4200,罗湖区,21,21,0,0,0,0,1
2023-03-10,589179428,20190000000000000003,900200000000000056,1,67.959,430.653,29247.333,2023-03-10 13:15:00.000,L2FT01-FTJ023,26.15,0.000,0.666012,16605,0.435592,0.055345,0,0,1,0.4200,罗湖区,21,21,0,0,0,0,1
2023-03-10,589179428,20190000000000000003,900200000000000043,1,109.934,349.340,38402.000,2023-03-10 13:30:00.000,L2FT01-FTJ023,26.15,0.000,0.666012,16605,0.435592,0.055345,0,0,1,0.4200,罗湖区,21,21,0,0,0,0,1
2023-03-10,589179428,20190000000000000003,900200000000000056,1,28.729,439.133,12608.000,2023-03-10 13:30:00.000,L2FT01-FTJ023,26.15,0.000,0.666012,16605,0.435592,0.055345,0,0,1,0.4200,罗湖区,21,21,0,0,0,0,1
2023-03-10,589179428,20190000000000000003,900200000000000056,1,19.000,441.300,8380.000,2023-03-10 13:45:00.000,L2FT01-FTJ023,26.15,0.000,0.666012,16605,0.435592,0.055345,0,0,1,0.4200,罗湖区,21,21,0,0,0,0,1
2023-03-10,589179428,20190000000000000003,900200000000000035,1,199.798,313.080,62546.000,2023-03-10 13:45:00.000,L2FT01-FTJ023,26.15,0.000,0.666012,16605,0.435592,0.055345,0,0,1,0.4200,罗湖区,21,21,0,0,0,0,1
2023-03-10,589179428,20190000000000000003,900200000000000043,1,44.640,346.553,15656.000,2023-03-10 13:45:00.000,L2FT01-FTJ023,26.15,0.000,0.666012,16605,0.435592,0.055345,0,0,1,0.4200,罗湖区,21,21,0,0,0,0,1
2023-03-10,589179428,20190000000000000003,900200000000000035,1,199.800,314.900,62910.000,2023-03-10 14:00:00.000,L2FT01-FTJ023,25.43,0.000,0.666012,16605,0.435592,0.055345,0,0,1,0.4200,罗湖区,21,21,0,0,0,0,1
2023-03-10,589179428,20190000000000000003,900200000000000043,0,0.000,224.700,0.000,2023-03-10 14:00:00.000,L2FT01-FTJ023,25.43,0.000,0.666012,16605,0.435592,0.055345,0,0,1,0.4200,罗湖区,21,21,0,0,0,0,1
2023-03-10,589179428,20190000000000000003,900200000000000043,1,106.521,350.456,37986.667,2023-03-10 14:30:00.000,L2FT01-FTJ023,25.43,0.000,0.666012,16605,0.435592,0.055345,0,0,1,0.4200,罗湖区,21,21,0,0,0,0,1
2023-03-10,589179428,20190000000000000003,900200000000000043,1,114.428,358.154,40984.615,2023-03-10 14:45:00.000,L2FT01-FTJ023,25.43,0.000,0.666012,16605,0.435592,0.055345,0,0,1,0.4200,罗湖区,21,21,0,0,0,0,1
2023-03-10,589179428,20190000000000000003,900200000000000037,0,0.000,364.500,0.000,2023-03-10 15:30:00.000,L2FT01-FTJ023,24.81,0.000,0.666012,16605,0.435592,0.055345,0,0,1,0.4200,罗湖区,21,21,0,0,0,0,1
2023-03-10,589179428,20190000000000000003,900200000000000031,1,201.665,311.817,62876.667,2023-03-10 15:45:00.000,L2FT01-FTJ023,24.81,0.000,0.666012,16605,0.435592,0.055345,0,0,1,0.4200,罗湖区,21,21,0,0,0,0,1
2023-03-10,589179428,20190000000000000003,900200000000000037,1,129.853,310.987,40380.000,2023-03-10 15:45:00.000,L2FT01-FTJ023,24.81,0.000,0.666012,16605,0.435592,0.055345,0,0,1,0.4200,罗湖区,21,21,0,0,0,0,1
2023-03-10,589179428,20190000000000000003,900200000000000031,1,201.937,313.013,63207.333,2023-03-10 16:00:00.000,L2FT01-FTJ023,24.33,0.000,0.666012,16605,0.435592,0.055345,0,0,1,0.4200,罗湖区,21,21,0,0,0,0,1
2023-03-10,589179428,20190000000000000003,900200000000000037,1,129.890,311.960,40518.000,2023-03-10 16:00:00.000,L2FT01-FTJ023,24.33,0.000,0.666012,16605,0.435592,0.055345,0,0,1,0.4200,罗湖区,21,21,0,0,0,0,1
2023-03-10,589179428,20190000000000000003,900200000000000031,1,188.279,314.953,59294.667,2023-03-10 16:15:00.000,L2FT01-FTJ023,24.33,0.000,0.666012,16605,0.435592,0.055345,0,0,1,0.4200,罗湖区,21,21,0,0,0,0,1
2023-03-10,589179428,20190000000000000003,900200000000000030,1,41.843,451.075,19425.000,2023-03-10 16:15:00.000,L2FT01-FTJ023,24.33,0.000,0.666012,16605,0.435592,0.055345,0,0,1,0.4200,罗湖区,21,21,0,0,0,0,1
2023-03-10,589179428,20190000000000000003,900200000000000037,1,129.963,314.060,40812.667,2023-03-10 16:15:00.000,L2FT01-FTJ023,24.33,0.000,0.666012,16605,0.435592,0.055345,0,0,1,0.4200,罗湖区,21,21,0,0,0,0,1
2023-03-10,589179428,20190000000000000003,900200000000000037,1,129.927,315.660,41010.000,2023-03-10 16:30:00.000,L2FT01-FTJ023,24.33,0.000,0.666012,16605,0.435592,0.055345,0,0,1,0.4200,罗湖区,21,21,0,0,0,0,1
2023-03-10,589179428,20190000000000000003,900200000000000031,1,155.591,316.367,49231.333,2023-03-10 16:30:00.000,L2FT01-FTJ023,24.33,0.000,0.666012,16605,0.435592,0.055345,0,0,1,0.4200,罗湖区,21,21,0,0,0,0,1
2023-03-10,589179428,20190000000000000003,900200000000000031,1,43.027,328.267,14043.333,2023-03-10 16:45:00.000,L2FT01-FTJ023,24.33,0.000,0.666012,16605,0.435592,0.055345,0,0,1,0.4200,罗湖区,21,21,0,0,0,0,1
2023-03-10,589179428,20190000000000000003,900200000000000037,1,101.167,322.413,32490.000,2023-03-10 16:45:00.000,L2FT01-FTJ023,24.33,0.000,0.666012,16605,0.435592,0.055345,0,0,1,0.4200,罗湖区,21,21,0,0,0,0,1
2023-03-10,589179428,20190000000000000003,900200000000000038,0,0.000,206.600,0.000,2023-03-10 17:00:00.000,L2FT01-FTJ023,24.03,0.000,0.666012,16605,0.435592,0.055345,0,0,1,0.4200,罗湖区,21,21,0,0,0,0,1
2023-03-10,589179428,20190000000000000003,900200000000000032,1,144.412,354.417,51177.500,2023-03-10 17:15:00.000,L2FT01-FTJ023,24.03,0.000,0.666012,16605,0.435592,0.055345,0,0,1,0.4200,罗湖区,21,21,0,0,0,0,1
2023-03-10,589179428,20190000000000000003,900200000000000032,1,132.599,363.564,48179.091,2023-03-10 17:30:00.000,L2FT01-FTJ023,24.03,0.000,0.666012,16605,0.435592,0.055345,0,0,1,0.4200,罗湖区,21,21,0,0,0,0,1
2023-03-10,589179428,20190000000000000003,900200000000000049,1,70.562,311.382,21969.091,2023-03-10 17:30:00.000,L2FT01-FTJ023,24.03,0.000,0.666012,16605,0.435592,0.055345,0,0,1,0.4200,罗湖区,21,21,0,0,0,0,1
2023-03-10,589179428,20190000000000000003,900200000000000049,1,70.305,312.267,21950.000,2023-03-10 17:45:00.000,L2FT01-FTJ023,24.03,0.000,0.666012,16605,0.435592,0.055345,0,0,1,0.4200,罗湖区,21,21,0,0,0,0,1
2023-03-10,589179428,20190000000000000003,900200000000000049,1,71.590,312.950,22405.000,2023-03-10 18:00:00.000,L2FT01-FTJ023,23.93,0.000,0.666012,16605,0.435592,0.055345,0,0,1,0.4200,罗湖区,21,21,0,0,0,0,1
2023-03-10,589179428,20190000000000000003,900200000000000035,1,63.734,376.440,23986.000,2023-03-10 18:45:00.000,L2FT01-FTJ023,23.93,0.000,0.666012,16605,0.435592,0.055345,0,0,1,0.4200,罗湖区,21,21,0,0,0,0,1
2023-03-10,589179428,20190000000000000003,900200000000000035,1,42.051,380.033,15971.333,2023-03-10 19:00:00.000,L2FT01-FTJ023,24.03,0.000,0.666012,16605,0.435592,0.055345,0,0,1,0.4200,罗湖区,21,21,0,0,0,0,1
2023-03-10,589179428,20190000000000000003,900200000000000042,1,112.381,347.667,39093.333,2023-03-10 19:00:00.000,L2FT01-FTJ023,24.03,0.000,0.666012,16605,0.435592,0.055345,0,0,1,0.4200,罗湖区,21,21,0,0,0,0,1
2023-03-10,589179428,20190000000000000003,900200000000000035,1,23.219,383.027,8888.667,2023-03-10 19:15:00.000,L2FT01-FTJ023,24.03,0.000,0.666012,16605,0.435592,0.055345,0,0,1,0.4200,罗湖区,21,21,0,0,0,0,1
2023-03-10,589179428,20190000000000000003,900200000000000042,1,97.523,349.200,34053.333,2023-03-10 19:15:00.000,L2FT01-FTJ023,24.03,0.000,0.666012,16605,0.435592,0.055345,0,0,1,0.4200,罗湖区,21,21,0,0,0,0,1
2023-03-10,589179428,20190000000000000003,900200000000000042,1,56.470,348.273,19677.333,2023-03-10 19:30:00.000,L2FT01-FTJ023,24.03,0.000,0.666012,16605,0.435592,0.055345,0,0,1,0.4200,罗湖区,21,21,0,0,0,0,1
2023-03-10,589179428,20190000000000000003,900200000000000035,1,19.823,385.420,7639.333,2023-03-10 19:30:00.000,L2FT01-FTJ023,24.03,0.000,0.666012,16605,0.435592,0.055345,0,0,1,0.4200,罗湖区,21,21,0,0,0,0,1
2023-03-10,589179428,20190000000000000003,900200000000000035,1,19.823,388.047,7692.000,2023-03-10 19:45:00.000,L2FT01-FTJ023,24.03,0.000,0.666012,16605,0.435592,0.055345,0,0,1,0.4200,罗湖区,21,21,0,0,0,0,1
2023-03-10,589179428,20190000000000000003,900200000000000042,1,43.957,349.700,15368.889,2023-03-10 19:45:00.000,L2FT01-FTJ023,24.03,0.000,0.666012,16605,0.435592,0.055345,0,0,1,0.4200,罗湖区,21,21,0,0,0,0,1
2023-03-10,589179428,20190000000000000003,900200000000000035,1,19.790,389.840,7714.000,2023-03-10 20:00:00.000,L2FT01-FTJ023,24.33,0.000,0.666012,16605,0.435592,0.055345,0,0,1,0.4200,罗湖区,21,21,0,0,0,0,1
2023-03-10,589179428,20190000000000000003,900200000000000032,1,119.433,405.869,48483.077,2023-03-10 20:45:00.000,L2FT01-FTJ023,24.33,0.000,0.666012,16605,0.435592,0.055345,0,0,1,0.4200,罗湖区,21,21,0,0,0,0,1
2023-03-10,589179428,20190000000000000003,900200000000000032,1,120.448,417.743,50312.857,2023-03-10 21:00:00.000,L2FT01-FTJ023,24.81,0.000,0.666012,16605,0.435592,0.055345,0,0,1,0.4200,罗湖区,21,21,0,0,0,0,1
2023-03-10,589179428,20190000000000000003,900200000000000045,1,119.514,358.060,42958.000,2023-03-10 21:00:00.000,L2FT01-FTJ023,24.81,0.000,0.666012,16605,0.435592,0.055345,0,0,1,0.4200,罗湖区,21,21,0,0,0,0,1
2023-03-10,589179428,20190000000000000003,900200000000000057,1,116.277,357.467,41561.333,2023-03-10 21:00:00.000,L2FT01-FTJ023,24.81,0.000,0.666012,16605,0.435592,0.055345,0,0,1,0.4200,罗湖区,21,21,0,0,0,0,1
2023-03-10,589179428,20190000000000000003,900200000000000045,1,149.426,373.107,55748.667,2023-03-10 21:15:00.000,L2FT01-FTJ023,24.81,0.000,0.666012,16605,0.435592,0.055345,0,0,1,0.4200,罗湖区,21,21,0,0,0,0,1
2023-03-10,589179428,20190000000000000003,900200000000000057,1,109.637,358.329,39282.857,2023-03-10 21:15:00.000,L2FT01-FTJ023,24.81,0.000,0.666012,16605,0.435592,0.055345,0,0,1,0.4200,罗湖区,21,21,0,0,0,0,1
2023-03-10,589179428,20190000000000000003,900200000000000045,1,129.510,386.800,50086.000,2023-03-10 21:30:00.000,L2FT01-FTJ023,24.81,0.000,0.666012,16605,0.435592,0.055345,0,0,1,0.4200,罗湖区,21,21,0,0,0,0,1
2023-03-10,589179428,20190000000000000003,900200000000000040,1,140.791,370.727,52149.091,2023-03-10 22:00:00.000,L2FT01-FTJ023,25.43,0.000,0.666012,16605,0.435592,0.055345,0,0,1,0.4200,罗湖区,21,21,0,0,0,0,1
2023-03-10,589179428,20190000000000000003,900200000000000040,1,91.507,389.287,35558.000,2023-03-10 22:15:00.000,L2FT01-FTJ023,25.43,0.000,0.666012,16605,0.435592,0.055345,0,0,1,0.4200,罗湖区,21,21,0,0,0,0,1
2023-03-10,589179428,20190000000000000003,900200000000000040,1,64.196,405.993,26042.667,2023-03-10 22:30:00.000,L2FT01-FTJ023,25.43,0.000,0.666012,16605,0.435592,0.055345,0,0,1,0.4200,罗湖区,21,21,0,0,0,0,1
2023-03-10,589179428,20190000000000000003,900200000000000040,1,40.092,412.380,16558.000,2023-03-10 22:45:00.000,L2FT01-FTJ023,25.43,0.000,0.666012,16605,0.435592,0.055345,0,0,1,0.4200,罗湖区,21,21,0,0,0,0,1
2023-03-10,589179428,20190000000000000003,900200000000000057,1,106.196,359.267,38015.833,2023-03-10 23:00:00.000,L2FT01-FTJ023,26.15,0.000,0.666012,16605,0.435592,0.055345,0,0,1,0.4200,罗湖区,21,21,0,0,0,0,1
2023-03-10,589179428,20190000000000000003,900200000000000057,1,140.090,361.600,50660.000,2023-03-10 23:15:00.000,L2FT01-FTJ023,26.15,0.000,0.666012,16605,0.435592,0.055345,0,0,1,0.4200,罗湖区,21,21,0,0,0,0,1
2023-03-10,589179428,20190000000000000003,900200000000000057,1,170.383,437.253,74149.333,2023-03-10 23:30:00.000,L2FT01-FTJ023,26.15,0.000,0.666012,16605,0.435592,0.055345,0,0,1,0.4200,罗湖区,21,21,0,0,0,0,1
2023-03-10,589179428,20190000000000000003,900200000000000034,1,88.905,353.210,31603.000,2023-03-10 23:45:00.000,L2FT01-FTJ023,26.15,0.000,0.666012,16605,0.435592,0.055345,0,0,1,0.4200,罗湖区,21,21,0,0,0,0,1
2023-03-10,589179428,20190000000000000003,900200000000000057,1,102.759,429.633,44173.333,2023-03-10 23:45:00.000,L2FT01-FTJ023,26.15,0.000,0.666012,16605,0.435592,0.055345,0,0,1,0.4200,罗湖区,21,21,0,0,0,0,1
2023-03-11,589179428,20190000000000000003,900200000000000032,1,130.045,306.750,39885.000,2023-03-11 00:00:00.000,L2FT01-FTJ023,26.93,0.000,0.666012,16605,0.435592,0.055345,0,0,0,0.4200,罗湖区,21,21,0,0,0,0,1
2023-03-11,589179428,20190000000000000003,900200000000000034,1,67.630,408.220,27628.000,2023-03-11 00:00:00.000,L2FT01-FTJ023,26.93,0.000,0.666012,16605,0.435592,0.055345,0,0,0,0.4200,罗湖区,21,21,0,0,0,0,1
2023-03-11,589179428,20190000000000000003,900200000000000057,1,71.790,428.780,30782.000,2023-03-11 00:00:00.000,L2FT01-FTJ023,26.93,0.000,0.666012,16605,0.435592,0.055345,0,0,0,0.4200,罗湖区,21,21,0,0,0,0,1
2023-03-11,589179428,20190000000000000003,900200000000000032,1,130.003,310.047,40304.667,2023-03-11 00:15:00.000,L2FT01-FTJ023,26.93,0.000,0.666012,16605,0.435592,0.055345,0,0,0,0.4200,罗湖区,21,21,0,0,0,0,1
2023-03-11,589179428,20190000000000000003,900200000000000034,1,71.157,415.153,29541.333,2023-03-11 00:15:00.000,L2FT01-FTJ023,26.93,0.000,0.666012,16605,0.435592,0.055345,0,0,0,0.4200,罗湖区,21,21,0,0,0,0,1
2023-03-11,589179428,20190000000000000003,900200000000000042,1,71.433,351.508,25105.833,2023-03-11 00:15:00.000,L2FT01-FTJ023,26.93,0.000,0.666012,16605,0.435592,0.055345,0,0,0,0.4200,罗湖区,21,21,0,0,0,0,1
2023-03-11,589179428,20190000000000000003,900200000000000032,1,130.090,311.240,40487.333,2023-03-11 00:30:00.000,L2FT01-FTJ023,26.93,0.000,0.666012,16605,0.435592,0.055345,0,0,0,0.4200,罗湖区,21,21,0,0,0,0,1
2023-03-11,589179428,20190000000000000003,900200000000000034,1,71.190,419.527,29864.667,2023-03-11 00:30:00.000,L2FT01-FTJ023,26.93,0.000,0.666012,16605,0.435592,0.055345,0,0,0,0.4200,罗湖区,21,21,0,0,0,0,1
2023-03-11,589179428,20190000000000000003,900200000000000035,1,85.734,445.620,39924.000,2023-03-11 00:30:00.000,L2FT01-FTJ023,26.93,0.000,0.666012,16605,0.435592,0.055345,0,0,0,0.4200,罗湖区,21,21,0,0,0,0,1
2023-03-11,589179428,20190000000000000003,900200000000000042,1,71.405,356.460,25450.667,2023-03-11 00:30:00.000,L2FT01-FTJ023,26.93,0.000,0.666012,16605,0.435592,0.055345,0,0,0,0.4200,罗湖区,21,21,0,0,0,0,1
2023-03-11,589179428,20190000000000000003,900200000000000042,1,71.390,362.633,25886.667,2023-03-11 00:45:00.000,L2FT01-FTJ023,26.93,0.000,0.666012,16605,0.435592,0.055345,0,0,0,0.4200,罗湖区,21,21,0,0,0,0,1
2023-03-11,589179428,20190000000000000003,900200000000000035,1,129.848,472.007,61286.667,2023-03-11 00:45:00.000,L2FT01-FTJ023,26.93,0.000,0.666012,16605,0.435592,0.055345,0,0,0,0.4200,罗湖区,21,21,0,0,0,0,1
2023-03-11,589179428,20190000000000000003,900200000000000034,1,71.170,420.680,29938.000,2023-03-11 00:45:00.000,L2FT01-FTJ023,26.93,0.000,0.666012,16605,0.435592,0.055345,0,0,0,0.4200,罗湖区,21,21,0,0,0,0,1
2023-03-11,589179428,20190000000000000003,900200000000000032,1,130.000,312.840,40665.333,2023-03-11 00:45:00.000,L2FT01-FTJ023,26.93,0.000,0.666012,16605,0.435592,0.055345,0,0,0,0.4200,罗湖区,21,21,0,0,0,0,1
2023-03-11,589179428,20190000000000000003,900200000000000032,1,129.985,314.613,40890.667,2023-03-11 01:00:00.000,L2FT01-FTJ023,27.70,0.000,0.666012,16605,0.435592,0.055345,0,0,0,0.4200,罗湖区,21,21,0,0,0,0,1
2023-03-11,589179428,20190000000000000003,900200000000000034,1,70.699,423.807,29960.667,2023-03-11 01:00:00.000,L2FT01-FTJ023,27.70,0.000,0.666012,16605,0.435592,0.055345,0,0,0,0.4200,罗湖区,21,21,0,0,0,0,1
2023-03-11,589179428,20190000000000000003,900200000000000035,1,129.897,472.327,61352.000,2023-03-11 01:00:00.000,L2FT01-FTJ023,27.70,0.000,0.666012,16605,0.435592,0.055345,0,0,0,0.4200,罗湖区,21,21,0,0,0,0,1
2023-03-11,589179428,20190000000000000003,900200000000000042,1,71.390,374.407,26726.667,2023-03-11 01:00:00.000,L2FT01-FTJ023,27.70,0.000,0.666012,16605,0.435592,0.055345,0,0,0,0.4200,罗湖区,21,21,0,0,0,0,1
2023-03-11,589179428,20190000000000000003,900200000000000032,1,129.934,316.487,41120.000,2023-03-11 01:15:00.000,L2FT01-FTJ023,27.70,0.000,0.666012,16605,0.435592,0.055345,0,0,0,0.4200,罗湖区,21,21,0,0,0,0,1
2023-03-11,589179428,20190000000000000003,900200000000000034,1,70.310,425.900,29944.667,2023-03-11 01:15:00.000,L2FT01-FTJ023,27.70,0.000,0.666012,16605,0.435592,0.055345,0,0,0,0.4200,罗湖区,21,21,0,0,0,0,1
2023-03-11,589179428,20190000000000000003,900200000000000035,1,126.822,472.467,59918.667,2023-03-11 01:15:00.000,L2FT01-FTJ023,27.70,0.000,0.666012,16605,0.435592,0.055345,0,0,0,0.4200,罗湖区,21,21,0,0,0,0,1
2023-03-11,589179428,20190000000000000003,900200000000000042,1,67.604,387.340,26170.667,2023-03-11 01:15:00.000,L2FT01-FTJ023,27.70,0.000,0.666012,16605,0.435592,0.055345,0,0,0,0.4200,罗湖区,21,21,0,0,0,0,1
2023-03-11,589179428,20190000000000000003,900200000000000032,1,62.706,325.771,20324.286,2023-03-11 01:30:00.000,L2FT01-FTJ023,27.70,0.000,0.666012,16605,0.435592,0.055345,0,0,0,0.4200,罗湖区,21,21,0,0,0,0,1
2023-03-11,589179428,20190000000000000003,900200000000000034,1,70.063,427.200,29931.333,2023-03-11 01:30:00.000,L2FT01-FTJ023,27.70,0.000,0.666012,16605,0.435592,0.055345,0,0,0,0.4200,罗湖区,21,21,0,0,0,0,1
2023-03-11,589179428,20190000000000000003,900200000000000035,1,83.212,472.173,39292.000,2023-03-11 01:30:00.000,L2FT01-FTJ023,27.70,0.000,0.666012,16605,0.435592,0.055345,0,0,0,0.4200,罗湖区,21,21,0,0,0,0,1
2023-03-11,589179428,20190000000000000003,900200000000000042,1,23.257,390.233,9080.000,2023-03-11 01:30:00.000,L2FT01-FTJ023,27.70,0.000,0.666012,16605,0.435592,0.055345,0,0,0,0.4200,罗湖区,21,21,0,0,0,0,1
2023-03-11,589179428,20190000000000000003,900200000000000035,1,37.495,471.550,17680.000,2023-03-11 01:45:00.000,L2FT01-FTJ023,27.70,0.000,0.666012,16605,0.435592,0.055345,0,0,0,0.4200,罗湖区,21,21,0,0,0,0,1
2023-03-11,589179428,20190000000000000003,900200000000000034,1,54.805,432.815,23679.231,2023-03-11 01:45:00.000,L2FT01-FTJ023,27.70,0.000,0.666012,16605,0.435592,0.055345,0,0,0,0.4200,罗湖区,21,21,0,0,0,0,1
2023-03-11,589179428,20190000000000000003,900200000000000056,1,109.283,356.244,39240.000,2023-03-11 03:00:00.000,L2FT01-FTJ023,29.05,0.000,0.666012,16605,0.435592,0.055345,0,0,0,0.4200,罗湖区,21,21,0,0,0,0,1
2023-03-11,589179428,20190000000000000003,900200000000000056,1,110.465,373.167,41162.667,2023-03-11 03:15:00.000,L2FT01-FTJ023,29.05,0.000,0.666012,16605,0.435592,0.055345,0,0,0,0.4200,罗湖区,21,21,0,0,0,0,1
2023-03-11,589179428,20190000000000000003,900200000000000056,1,64.999,384.087,24938.667,2023-03-11 03:30:00.000,L2FT01-FTJ023,29.05,0.000,0.666012,16605,0.435592,0.055345,0,0,0,0.4200,罗湖区,21,21,0,0,0,0,1
2023-03-11,589179428,20190000000000000003,900200000000000034,1,166.524,311.400,51860.000,2023-03-11 03:45:00.000,L2FT01-FTJ023,29.05,0.000,0.666012,16605,0.435592,0.055345,0,0,0,0.4200,罗湖区,21,21,0,0,0,0,1
2023-03-11,589179428,20190000000000000003,900200000000000056,1,23.223,386.700,8978.000,2023-03-11 03:45:00.000,L2FT01-FTJ023,29.05,0.000,0.666012,16605,0.435592,0.055345,0,0,0,0.4200,罗湖区,21,21,0,0,0,0,1
2023-03-11,589179428,20190000000000000003,900200000000000034,1,169.123,312.607,52872.000,2023-03-11 04:00:00.000,L2FT01-FTJ023,29.53,0.000,0.666012,16605,0.435592,0.055345,0,0,0,0.4200,罗湖区,21,21,0,0,0,0,1
2023-03-11,589179428,20190000000000000003,900200000000000052,1,100.596,348.738,35328.462,2023-03-11 04:00:00.000,L2FT01-FTJ023,29.53,0.000,0.666012,16605,0.435592,0.055345,0,0,0,0.4200,罗湖区,21,21,0,0,0,0,1
2023-03-11,589179428,20190000000000000003,900200000000000056,1,23.610,390.220,9212.000,2023-03-11 04:00:00.000,L2FT01-FTJ023,29.53,0.000,0.666012,16605,0.435592,0.055345,0,0,0,0.4200,罗湖区,21,21,0,0,0,0,1
2023-03-11,589179428,20190000000000000003,900200000000000034,1,171.725,314.553,54018.667,2023-03-11 04:15:00.000,L2FT01-FTJ023,29.53,0.000,0.666012,16605,0.435592,0.055345,0,0,0,0.4200,罗湖区,21,21,0,0,0,0,1
2023-03-11,589179428,20190000000000000003,900200000000000052,1,120.519,366.700,44174.667,2023-03-11 04:15:00.000,L2FT01-FTJ023,29.53,0.000,0.666012,16605,0.435592,0.055345,0,0,0,0.4200,罗湖区,21,21,0,0,0,0,1
2023-03-11,589179428,20190000000000000003,900200000000000056,1,23.890,392.200,9370.000,2023-03-11 04:15:00.000,L2FT01-FTJ023,29.53,0.000,0.666012,16605,0.435592,0.055345,0,0,0,0.4200,罗湖区,21,21,0,0,0,0,1
2023-03-11,589179428,20190000000000000003,900200000000000052,1,76.833,379.940,29182.667,2023-03-11 04:30:00.000,L2FT01-FTJ023,29.53,0.000,0.666012,16605,0.435592,0.055345,0,0,0,0.4200,罗湖区,21,21,0,0,0,0,1
2023-03-11,589179428,20190000000000000003,900200000000000034,1,166.259,317.053,52712.000,2023-03-11 04:30:00.000,L2FT01-FTJ023,29.53,0.000,0.666012,16605,0.435592,0.055345,0,0,0,0.4200,罗湖区,21,21,0,0,0,0,1
2023-03-11,589179428,20190000000000000003,900200000000000052,1,33.090,385.547,12754.667,2023-03-11 04:45:00.000,L2FT01-FTJ023,29.53,0.000,0.666012,16605,0.435592,0.055345,0,0,0,0.4200,罗湖区,21,21,0,0,0,0,1
2023-03-11,589179428,20190000000000000003,900200000000000034,1,53.914,322.680,17318.000,2023-03-11 04:45:00.000,L2FT01-FTJ023,29.53,0.000,0.666012,16605,0.435592,0.055345,0,0,0,0.4200,罗湖区,21,21,0,0,0,0,1
2023-03-11,589179428,20190000000000000003,900200000000000052,1,23.673,387.958,9182.500,2023-03-11 05:00:00.000,L2FT01-FTJ023,29.83,0.000,0.666012,16605,0.435592,0.055345,0,0,0,0.4200,罗湖区,21,21,0,0,0,0,1
2023-03-11,589179428,20190000000000000003,900200000000000047,1,19.890,373.700,7430.000,2023-03-11 06:15:00.000,L2FT01-FTJ023,29.93,0.000,0.666012,16605,0.435592,0.055345,0,0,0,0.4200,罗湖区,21,21,0,0,0,0,1
2023-03-11,589179428,20190000000000000003,900200000000000030,1,104.615,415.233,43826.667,2023-03-11 06:30:00.000,L2FT01-FTJ023,29.93,0.000,0.666012,16605,0.435592,0.055345,0,0,0,0.4200,罗湖区,21,21,0,0,0,0,1
2023-03-11,589179428,20190000000000000003,900200000000000047,1,122.496,468.533,57614.667,2023-03-11 06:30:00.000,L2FT01-FTJ023,29.93,0.000,0.666012,16605,0.435592,0.055345,0,0,0,0.4200,罗湖区,21,21,0,0,0,0,1
2023-03-11,589179428,20190000000000000003,900200000000000030,1,117.761,434.847,51118.000,2023-03-11 06:45:00.000,L2FT01-FTJ023,29.93,0.000,0.666012,16605,0.435592,0.055345,0,0,0,0.4200,罗湖区,21,21,0,0,0,0,1
2023-03-11,589179428,20190000000000000003,900200000000000035,0,0.000,246.300,0.000,2023-03-11 06:45:00.000,L2FT01-FTJ023,29.93,0.000,0.666012,16605,0.435592,0.055345,0,0,0,0.4200,罗湖区,21,21,0,0,0,0,1
2023-03-11,589179428,20190000000000000003,900200000000000047,1,119.525,470.527,56234.000,2023-03-11 06:45:00.000,L2FT01-FTJ023,29.93,0.000,0.666012,16605,0.435592,0.055345,0,0,0,0.4200,罗湖区,21,21,0,0,0,0,1
2023-03-11,589179428,20190000000000000003,900200000000000047,1,101.684,470.213,47816.000,2023-03-11 07:00:00.000,L2FT01-FTJ023,29.83,0.000,0.666012,16605,0.435592,0.055345,0,0,0,0.4200,罗湖区,21,21,0,0,0,0,1
2023-03-11,589179428,20190000000000000003,900200000000000030,1,59.412,442.500,26286.667,2023-03-11 07:00:00.000,L2FT01-FTJ023,29.83,0.000,0.666012,16605,0.435592,0.055345,0,0,0,0.4200,罗湖区,21,21,0,0,0,0,1
2023-03-11,589179428,20190000000000000003,900200000000000035,1,157.024,385.973,60645.333,2023-03-11 07:00:00.000,L2FT01-FTJ023,29.83,0.000,0.666012,16605,0.435592,0.055345,0,0,0,0.4200,罗湖区,21,21,0,0,0,0,1
2023-03-11,589179428,20190000000000000003,900200000000000042,1,195.369,373.550,72387.143,2023-03-11 07:00:00.000,L2FT01-FTJ023,29.83,0.000,0.666012,16605,0.435592,0.055345,0,0,0,0.4200,罗湖区,21,21,0,0,0,0,1
2023-03-11,589179428,20190000000000000003,900200000000000042,1,210.125,374.053,78611.333,2023-03-11 07:15:00.000,L2FT01-FTJ023,29.83,0.000,0.666012,16605,0.435592,0.055345,0,0,0,0.4200,罗湖区,21,21,0,0,0,0,1
2023-03-11,589179428,20190000000000000003,900200000000000047,1,35.626,469.530,16724.000,2023-03-11 07:15:00.000,L2FT01-FTJ023,29.83,0.000,0.666012,16605,0.435592,0.055345,0,0,0,0.4200,罗湖区,21,21,0,0,0,0,1
2023-03-11,589179428,20190000000000000003,900200000000000035,1,101.268,381.480,38695.333,2023-03-11 07:15:00.000,L2FT01-FTJ023,29.83,0.000,0.666012,16605,0.435592,0.055345,0,0,0,0.4200,罗湖区,21,21,0,0,0,0,1
2023-03-11,589179428,20190000000000000003,900200000000000052,1,67.968,341.975,23237.500,2023-03-11 07:30:00.000,L2FT01-FTJ023,29.83,0.000,0.666012,16605,0.435592,0.055345,0,0,0,0.4200,罗湖区,21,21,0,0,0,0,1
2023-03-11,589179428,20190000000000000003,900200000000000042,1,113.361,371.683,42140.833,2023-03-11 07:30:00.000,L2FT01-FTJ023,29.83,0.000,0.666012,16605,0.435592,0.055345,0,0,0,0.4200,罗湖区,21,21,0,0,0,0,1
2023-03-11,589179428,20190000000000000003,900200000000000035,1,61.223,382.113,23392.000,2023-03-11 07:30:00.000,L2FT01-FTJ023,29.83,0.000,0.666012,16605,0.435592,0.055345,0,0,0,0.4200,罗湖区,21,21,0,0,0,0,1
2023-03-11,589179428,20190000000000000003,900200000000000035,1,24.823,392.533,9730.000,2023-03-11 07:45:00.000,L2FT01-FTJ023,29.83,0.000,0.666012,16605,0.435592,0.055345,0,0,0,0.4200,罗湖区,21,21,0,0,0,0,1
2023-03-11,589179428,20190000000000000003,900200000000000052,1,67.810,352.540,23904.667,2023-03-11 07:45:00.000,L2FT01-FTJ023,29.83,0.000,0.666012,16605,0.435592,0.055345,0,0,0,0.4200,罗湖区,21,21,0,0,0,0,1
2023-03-11,589179428,20190000000000000003,900200000000000052,1,67.790,360.400,24430.000,2023-03-11 08:00:00.000,L2FT01-FTJ023,29.53,0.000,0.666012,16605,0.435592,0.055345,0,0,0,0.4200,罗湖区,21,21,0,0,0,0,1
2023-03-11,589179428,20190000000000000003,900200000000000042,1,51.630,359.017,18813.333,2023-03-11 08:45:00.000,L2FT01-FTJ023,29.53,0.000,0.666012,16605,0.435592,0.055345,0,0,0,0.4200,罗湖区,21,21,0,0,0,0,1
2023-03-11,589179428,20190000000000000003,900200000000000042,1,61.890,372.740,23067.333,2023-03-11 09:00:00.000,L2FT01-FTJ023,29.05,0.000,0.666012,16605,0.435592,0.055345,0,0,0,0.4200,罗湖区,21,21,0,0,0,0,1
2023-03-11,589179428,20190000000000000003,900200000000000042,1,60.137,381.733,22950.667,2023-03-11 09:15:00.000,L2FT01-FTJ023,29.05,0.000,0.666012,16605,0.435592,0.055345,0,0,0,0.4200,罗湖区,21,21,0,0,0,0,1
2023-03-11,589179428,20190000000000000003,900200000000000038,1,71.619,456.386,33452.857,2023-03-11 09:30:00.000,L2FT01-FTJ023,29.05,0.000,0.666012,16605,0.435592,0.055345,0,0,0,0.4200,罗湖区,21,21,0,0,0,0,1
2023-03-11,589179428,20190000000000000003,900200000000000042,1,31.930,384.113,12266.000,2023-03-11 09:30:00.000,L2FT01-FTJ023,29.05,0.000,0.666012,16605,0.435592,0.055345,0,0,0,0.4200,罗湖区,21,21,0,0,0,0,1
2023-03-11,589179428,20190000000000000003,900200000000000038,1,92.797,471.060,43709.333,2023-03-11 09:45:00.000,L2FT01-FTJ023,29.05,0.000,0.666012,16605,0.435592,0.055345,0,0,0,0.4200,罗湖区,21,21,0,0,0,0,1
2023-03-11,589179428,20190000000000000003,900200000000000040,1,84.490,314.625,26577.500,2023-03-11 09:45:00.000,L2FT01-FTJ023,29.05,0.000,0.666012,16605,0.435592,0.055345,0,0,0,0.4200,罗湖区,21,21,0,0,0,0,1
2023-03-11,589179428,20190000000000000003,900200000000000042,1,12.510,383.567,4798.000,2023-03-11 09:45:00.000,L2FT01-FTJ023,29.05,0.000,0.666012,16605,0.435592,0.055345,0,0,0,0.4200,罗湖区,21,21,0,0,0,0,1
2023-03-11,589179428,20190000000000000003,900200000000000040,1,78.933,319.187,25189.333,2023-03-11 10:00:00.000,L2FT01-FTJ023,28.43,0.000,0.666012,16605,0.435592,0.055345,0,0,0,0.4200,罗湖区,21,21,0,0,0,0,1
2023-03-11,589179428,20190000000000000003,900200000000000042,1,9.890,384.218,3798.182,2023-03-11 10:00:00.000,L2FT01-FTJ023,28.43,0.000,0.666012,16605,0.435592,0.055345,0,0,0,0.4200,罗湖区,21,21,0,0,0,0,1
2023-03-11,589179428,20190000000000000003,900200000000000038,1,93.017,470.947,43804.000,2023-03-11 10:00:00.000,L2FT01-FTJ023,28.43,0.000,0.666012,16605,0.435592,0.055345,0,0,0,0.4200,罗湖区,21,21,0,0,0,0,1
2023-03-11,589179428,20190000000000000003,900200000000000038,1,79.329,470.785,37350.000,2023-03-11 10:15:00.000,L2FT01-FTJ023,28.43,0.000,0.666012,16605,0.435592,0.055345,0,0,0,0.4200,罗湖区,21,21,0,0,0,0,1
2023-03-11,589179428,20190000000000000003,900200000000000040,1,71.356,326.586,23296.429,2023-03-11 10:15:00.000,L2FT01-FTJ023,28.43,0.000,0.666012,16605,0.435592,0.055345,0,0,0,0.4200,罗湖区,21,21,0,0,0,0,1
2023-03-11,589179428,20190000000000000003,900200000000000047,1,86.112,369.340,31906.000,2023-03-11 10:30:00.000,L2FT01-FTJ023,28.43,0.000,0.666012,16605,0.435592,0.055345,0,0,0,0.4200,罗湖区,21,21,0,0,0,0,1
2023-03-11,589179428,20190000000000000003,900200000000000047,1,87.639,370.687,32486.667,2023-03-11 10:45:00.000,L2FT01-FTJ023,28.43,0.000,0.666012,16605,0.435592,0.055345,0,0,0,0.4200,罗湖区,21,21,0,0,0,0,1
2023-03-11,589179428,20190000000000000003,900200000000000045,1,116.330,371.625,43333.750,2023-03-11 11:00:00.000,L2FT01-FTJ023,27.70,0.000,0.666012,16605,0.435592,0.055345,0,0,0,0.4200,罗湖区,21,21,0,0,0,0,1
2023-03-11,589179428,20190000000000000003,900200000000000047,1,39.177,371.029,14517.143,2023-03-11 11:00:00.000,L2FT01-FTJ023,27.70,0.000,0.666012,16605,0.435592,0.055345,0,0,0,0.4200,罗湖区,21,21,0,0,0,0,1
2023-03-11,589179428,20190000000000000003,900200000000000045,1,89.232,386.460,34417.333,2023-03-11 11:15:00.000,L2FT01-FTJ023,27.70,0.000,0.666012,16605,0.435592,0.055345,0,0,0,0.4200,罗湖区,21,21,0,0,0,0,1
2023-03-11,589179428,20190000000000000003,900200000000000045,1,49.890,391.650,19540.000,2023-03-11 11:30:00.000,L2FT01-FTJ023,27.70,0.000,0.666012,16605,0.435592,0.055345,0,0,0,0.4200,罗湖区,21,21,0,0,0,0,1
2023-03-11,589179428,20190000000000000003,900200000000000030,1,45.183,406.608,18365.833,2023-03-11 14:30:00.000,L2FT01-FTJ023,25.43,0.000,0.666012,16605,0.435592,0.055345,0,0,0,0.4200,罗湖区,21,21,0,0,0,0,1
2023-03-11,589179428,20190000000000000003,900200000000000030,1,44.905,409.720,18397.333,2023-03-11 14:45:00.000,L2FT01-FTJ023,25.43,0.000,0.666012,16605,0.435592,0.055345,0,0,0,0.4200,罗湖区,21,21,0,0,0,0,1
2023-03-11,589179428,20190000000000000003,900200000000000030,1,43.571,413.127,17999.333,2023-03-11 15:00:00.000,L2FT01-FTJ023,24.81,0.000,0.666012,16605,0.435592,0.055345,0,0,0,0.4200,罗湖区,21,21,0,0,0,0,1
2023-03-11,589179428,20190000000000000003,900200000000000035,1,129.915,315.433,40975.000,2023-03-11 15:15:00.000,L2FT01-FTJ023,24.81,0.000,0.666012,16605,0.435592,0.055345,0,0,0,0.4200,罗湖区,21,21,0,0,0,0,1
2023-03-11,589179428,20190000000000000003,900200000000000030,1,20.697,416.573,8598.667,2023-03-11 15:15:00.000,L2FT01-FTJ023,24.81,0.000,0.666012,16605,0.435592,0.055345,0,0,0,0.4200,罗湖区,21,21,0,0,0,0,1
2023-03-11,589179428,20190000000000000003,900200000000000035,1,123.069,317.500,39032.308,2023-03-11 15:30:00.000,L2FT01-FTJ023,24.81,0.000,0.666012,16605,0.435592,0.055345,0,0,0,0.4200,罗湖区,21,21,0,0,0,0,1
2023-03-11,589179428,20190000000000000003,900200000000000039,1,114.288,467.736,54286.429,2023-03-11 16:45:00.000,L2FT01-FTJ023,24.33,0.000,0.666012,16605,0.435592,0.055345,0,0,0,0.4200,罗湖区,21,21,0,0,0,0,1
2023-03-11,589179428,20190000000000000003,900200000000000039,1,123.954,476.507,59066.667,2023-03-11 17:00:00.000,L2FT01-FTJ023,24.03,0.000,0.666012,16605,0.435592,0.055345,0,0,0,0.4200,罗湖区,21,21,0,0,0,0,1
2023-03-11,589179428,20190000000000000003,900200000000000039,1,86.890,476.075,41367.500,2023-03-11 17:15:00.000,L2FT01-FTJ023,24.03,0.000,0.666012,16605,0.435592,0.055345,0,0,0,0.4200,罗湖区,21,21,0,0,0,0,1
2023-03-11,589179428,20190000000000000003,900200000000000045,1,112.392,302.875,35360.000,2023-03-11 17:45:00.000,L2FT01-FTJ023,24.03,0.000,0.666012,16605,0.435592,0.055345,0,0,0,0.4200,罗湖区,21,21,0,0,0,0,1
2023-03-11,589179428,20190000000000000003,900200000000000045,1,149.836,315.815,47318.462,2023-03-11 18:00:00.000,L2FT01-FTJ023,23.93,0.000,0.666012,16605,0.435592,0.055345,0,0,0,0.4200,罗湖区,21,21,0,0,0,0,1
2023-03-11,589179428,20190000000000000003,900200000000000057,1,49.830,423.000,23500.000,2023-03-11 18:45:00.000,L2FT01-FTJ023,23.93,0.000,0.666012,16605,0.435592,0.055345,0,0,0,0.4200,罗湖区,21,21,0,0,0,0,1
2023-03-11,589179428,20190000000000000003,900200000000000057,1,129.806,475.353,61698.667,2023-03-11 19:00:00.000,L2FT01-FTJ023,24.03,0.000,0.666012,16605,0.435592,0.055345,0,0,0,0.4200,罗湖区,21,21,0,0,0,0,1
2023-03-11,589179428,20190000000000000003,900200000000000057,1,123.795,475.620,58880.000,2023-03-11 19:15:00.000,L2FT01-FTJ023,24.03,0.000,0.666012,16605,0.435592,0.055345,0,0,0,0.4200,罗湖区,21,21,0,0,0,0,1
2023-03-11,589179428,20190000000000000003,900200000000000056,1,62.705,356.150,22437.500,2023-03-11 19:30:00.000,L2FT01-FTJ023,24.03,0.000,0.666012,16605,0.435592,0.055345,0,0,0,0.4200,罗湖区,21,21,0,0,0,0,1
2023-03-11,589179428,20190000000000000003,900200000000000057,1,87.115,475.667,41435.000,2023-03-11 19:30:00.000,L2FT01-FTJ023,24.03,0.000,0.666012,16605,0.435592,0.055345,0,0,0,0.4200,罗湖区,21,21,0,0,0,0,1
2023-03-11,589179428,20190000000000000003,900200000000000056,1,71.500,359.173,25674.667,2023-03-11 19:45:00.000,L2FT01-FTJ023,24.03,0.000,0.666012,16605,0.435592,0.055345,0,0,0,0.4200,罗湖区,21,21,0,0,0,0,1
2023-03-11,589179428,20190000000000000003,900200000000000056,1,71.500,359.460,25696.667,2023-03-11 20:00:00.000,L2FT01-FTJ023,24.33,0.000,0.666012,16605,0.435592,0.055345,0,0,0,0.4200,罗湖区,21,21,0,0,0,0,1
2023-03-11,589179428,20190000000000000003,900200000000000056,1,71.500,359.840,25724.000,2023-03-11 20:15:00.000,L2FT01-FTJ023,24.33,0.000,0.666012,16605,0.435592,0.055345,0,0,0,0.4200,罗湖区,21,21,0,0,0,0,1
2023-03-11,589179428,20190000000000000003,900200000000000056,1,69.885,362.080,25298.667,2023-03-11 20:30:00.000,L2FT01-FTJ023,24.33,0.000,0.666012,16605,0.435592,0.055345,0,0,0,0.4200,罗湖区,21,21,0,0,0,0,1
2023-03-11,589179428,20190000000000000003,900200000000000056,1,30.340,362.450,10995.000,2023-03-11 20:45:00.000,L2FT01-FTJ023,24.33,0.000,0.666012,16605,0.435592,0.055345,0,0,0,0.4200,罗湖区,21,21,0,0,0,0,1
2023-03-11,589179428,20190000000000000003,900200000000000047,1,144.790,346.700,50200.000,2023-03-11 21:30:00.000,L2FT01-FTJ023,24.81,0.000,0.666012,16605,0.435592,0.055345,0,0,0,0.4200,罗湖区,21,21,0,0,0,0,1
2023-03-11,589179428,20190000000000000003,900200000000000047,1,144.415,355.192,51292.308,2023-03-11 21:45:00.000,L2FT01-FTJ023,24.81,0.000,0.666012,16605,0.435592,0.055345,0,0,0,0.4200,罗湖区,21,21,0,0,0,0,1
2023-03-11,589179428,20190000000000000003,900200000000000052,1,99.767,344.050,34385.000,2023-03-11 21:45:00.000,L2FT01-FTJ023,24.81,0.000,0.666012,16605,0.435592,0.055345,0,0,0,0.4200,罗湖区,21,21,0,0,0,0,1
2023-03-11,589179428,20190000000000000003,900200000000000052,1,103.810,349.880,36320.000,2023-03-11 22:00:00.000,L2FT01-FTJ023,25.43,0.000,0.666012,16605,0.435592,0.055345,0,0,0,0.4200,罗湖区,21,21,0,0,0,0,1
2023-03-11,589179428,20190000000000000003,900200000000000052,1,69.931,348.387,24373.333,2023-03-11 22:15:00.000,L2FT01-FTJ023,25.43,0.000,0.666012,16605,0.435592,0.055345,0,0,0,0.4200,罗湖区,21,21,0,0,0,0,1
2023-03-11,589179428,20190000000000000003,900200000000000043,1,65.645,347.050,22790.000,2023-03-11 22:30:00.000,L2FT01-FTJ023,25.43,0.000,0.666012,16605,0.435592,0.055345,0,0,0,0.4200,罗湖区,21,21,0,0,0,0,1
2023-03-11,589179428,20190000000000000003,900200000000000052,1,42.190,346.887,14633.333,2023-03-11 22:30:00.000,L2FT01-FTJ023,25.43,0.000,0.666012,16605,0.435592,0.055345,0,0,0,0.4200,罗湖区,21,21,0,0,0,0,1
2023-03-11,589179428,20190000000000000003,900200000000000043,1,71.777,354.720,25458.667,2023-03-11 22:45:00.000,L2FT01-FTJ023,25.43,0.000,0.666012,16605,0.435592,0.055345,0,0,0,0.4200,罗湖区,21,21,0,0,0,0,1
2023-03-11,589179428,20190000000000000003,900200000000000052,1,37.397,347.787,13010.000,2023-03-11 22:45:00.000,L2FT01-FTJ023,25.43,0.000,0.666012,16605,0.435592,0.055345,0,0,0,0.4200,罗湖区,21,21,0,0,0,0,1
2023-03-11,589179428,20190000000000000003,900200000000000043,1,71.750,362.213,25987.333,2023-03-11 23:00:00.000,L2FT01-FTJ023,26.15,0.000,0.666012,16605,0.435592,0.055345,0,0,0,0.4200,罗湖区,21,21,0,0,0,0,1
2023-03-11,589179428,20190000000000000003,900200000000000052,1,27.619,351.521,9729.286,2023-03-11 23:00:00.000,L2FT01-FTJ023,26.15,0.000,0.666012,16605,0.435592,0.055345,0,0,0,0.4200,罗湖区,21,21,0,0,0,0,1
2023-03-11,589179428,20190000000000000003,900200000000000043,1,71.737,367.660,26373.333,2023-03-11 23:15:00.000,L2FT01-FTJ023,26.15,0.000,0.666012,16605,0.435592,0.055345,0,0,0,0.4200,罗湖区,21,21,0,0,0,0,1
2023-03-11,589179428,20190000000000000003,900200000000000052,1,110.242,323.000,36522.222,2023-03-11 23:15:00.000,L2FT01-FTJ023,26.15,0.000,0.666012,16605,0.435592,0.055345,0,0,0,0.4200,罗湖区,21,21,0,0,0,0,1
2023-03-11,589179428,20190000000000000003,900200000000000043,1,71.710,376.940,27030.000,2023-03-11 23:30:00.000,L2FT01-FTJ023,26.15,0.000,0.666012,16605,0.435592,0.055345,0,0,0,0.4200,罗湖区,21,21,0,0,0,0,1
2023-03-11,589179428,20190000000000000003,900200000000000052,1,112.688,332.427,37486.667,2023-03-11 23:30:00.000,L2FT01-FTJ023,26.15,0.000,0.666012,16605,0.435592,0.055345,0,0,0,0.4200,罗湖区,21,21,0,0,0,0,1
2023-03-11,589179428,20190000000000000003,900200000000000052,1,59.021,327.012,19573.750,2023-03-11 23:45:00.000,L2FT01-FTJ023,26.15,0.000,0.666012,16605,0.435592,0.055345,0,0,0,0.4200,罗湖区,21,21,0,0,0,0,1
2023-03-11,589179428,20190000000000000003,900200000000000043,1,65.830,389.253,25606.000,2023-03-11 23:45:00.000,L2FT01-FTJ023,26.15,0.000,0.666012,16605,0.435592,0.055345,0,0,0,0.4200,罗湖区,21,21,0,0,0,0,1
2023-03-12,589179428,20190000000000000003,900200000000000032,1,10.000,374.600,4375.000,2023-03-12 00:00:00.000,L2FT01-FTJ023,26.93,0.000,0.666012,16605,0.435592,0.055345,0,0,0,0.4200,罗湖区,21,21,0,0,0,0,1
2023-03-12,589179428,20190000000000000003,900200000000000042,1,129.913,307.929,39998.571,2023-03-12 00:00:00.000,L2FT01-FTJ023,26.93,0.000,0.666012,16605,0.435592,0.055345,0,0,0,0.4200,罗湖区,21,21,0,0,0,0,1
2023-03-12,589179428,20190000000000000003,900200000000000043,1,56.917,399.893,22759.333,2023-03-12 00:00:00.000,L2FT01-FTJ023,26.93,0.000,0.666012,16605,0.435592,0.055345,0,0,0,0.4200,罗湖区,21,21,0,0,0,0,1
2023-03-12,589179428,20190000000000000003,900200000000000052,1,51.283,415.180,21290.000,2023-03-12 00:00:00.000,L2FT01-FTJ023,26.93,0.000,0.666012,16605,0.435592,0.055345,0,0,0,0.4200,罗湖区,21,21,0,0,0,0,1
2023-03-12,589179428,20190000000000000003,900200000000000032,1,118.722,476.393,56556.000,2023-03-12 00:15:00.000,L2FT01-FTJ023,26.93,0.000,0.666012,16605,0.435592,0.055345,0,0,0,0.4200,罗湖区,21,21,0,0,0,0,1
2023-03-12,589179428,20190000000000000003,900200000000000035,1,70.592,299.283,21125.000,2023-03-12 00:15:00.000,L2FT01-FTJ023,26.93,0.000,0.666012,16605,0.435592,0.055345,0,0,0,0.4200,罗湖区,21,21,0,0,0,0,1
2023-03-12,589179428,20190000000000000003,900200000000000042,1,129.884,310.133,40278.667,2023-03-12 00:15:00.000,L2FT01-FTJ023,26.93,0.000,0.666012,16605,0.435592,0.055345,0,0,0,0.4200,罗湖区,21,21,0,0,0,0,1
2023-03-12,589179428,20190000000000000003,900200000000000043,1,20.057,404.807,8134.000,2023-03-12 00:15:00.000,L2FT01-FTJ023,26.93,0.000,0.666012,16605,0.435592,0.055345,0,0,0,0.4200,罗湖区,21,21,0,0,0,0,1
2023-03-12,589179428,20190000000000000003,900200000000000052,1,73.919,429.200,31870.667,2023-03-12 00:15:00.000,L2FT01-FTJ023,26.93,0.000,0.666012,16605,0.435592,0.055345,0,0,0,0.4200,罗湖区,21,21,0,0,0,0,1
2023-03-12,589179428,20190000000000000003,900200000000000057,1,129.890,310.867,40376.000,2023-03-12 00:15:00.000,L2FT01-FTJ023,26.93,0.000,0.666012,16605,0.435592,0.055345,0,0,0,0.4200,罗湖区,21,21,0,0,0,0,1
2023-03-12,589179428,20190000000000000003,900200000000000057,1,129.890,311.400,40446.000,2023-03-12 00:30:00.000,L2FT01-FTJ023,26.93,0.000,0.666012,16605,0.435592,0.055345,0,0,0,0.4200,罗湖区,21,21,0,0,0,0,1
2023-03-12,589179428,20190000000000000003,900200000000000043,1,10.905,405.780,4420.667,2023-03-12 00:30:00.000,L2FT01-FTJ023,26.93,0.000,0.666012,16605,0.435592,0.055345,0,0,0,0.4200,罗湖区,21,21,0,0,0,0,1
2023-03-12,589179428,20190000000000000003,900200000000000052,1,53.157,437.567,23256.667,2023-03-12 00:30:00.000,L2FT01-FTJ023,26.93,0.000,0.666012,16605,0.435592,0.055345,0,0,0,0.4200,罗湖区,21,21,0,0,0,0,1
2023-03-12,589179428,20190000000000000003,900200000000000035,1,70.879,303.407,21501.333,2023-03-12 00:30:00.000,L2FT01-FTJ023,26.93,0.000,0.666012,16605,0.435592,0.055345,0,0,0,0.4200,罗湖区,21,21,0,0,0,0,1
2023-03-12,589179428,20190000000000000003,900200000000000032,1,108.127,476.233,51496.667,2023-03-12 00:30:00.000,L2FT01-FTJ023,26.93,0.000,0.666012,16605,0.435592,0.055345,0,0,0,0.4200,罗湖区,21,21,0,0,0,0,1
2023-03-12,589179428,20190000000000000003,900200000000000042,1,129.934,310.927,40397.333,2023-03-12 00:30:00.000,L2FT01-FTJ023,26.93,0.000,0.666012,16605,0.435592,0.055345,0,0,0,0.4200,罗湖区,21,21,0,0,0,0,1
2023-03-12,589179428,20190000000000000003,900200000000000032,1,82.057,476.040,39066.000,2023-03-12 00:45:00.000,L2FT01-FTJ023,26.93,0.000,0.666012,16605,0.435592,0.055345,0,0,0,0.4200,罗湖区,21,21,0,0,0,0,1
2023-03-12,589179428,20190000000000000003,900200000000000035,1,71.190,306.273,21802.000,2023-03-12 00:45:00.000,L2FT01-FTJ023,26.93,0.000,0.666012,16605,0.435592,0.055345,0,0,0,0.4200,罗湖区,21,21,0,0,0,0,1
2023-03-12,589179428,20190000000000000003,900200000000000042,1,130.072,313.120,40726.000,2023-03-12 00:45:00.000,L2FT01-FTJ023,26.93,0.000,0.666012,16605,0.435592,0.055345,0,0,0,0.4200,罗湖区,21,21,0,0,0,0,1
2023-03-12,589179428,20190000000000000003,900200000000000057,1,129.843,313.107,40650.667,2023-03-12 00:45:00.000,L2FT01-FTJ023,26.93,0.000,0.666012,16605,0.435592,0.055345,0,0,0,0.4200,罗湖区,21,21,0,0,0,0,1
2023-03-12,589179428,20190000000000000003,900200000000000057,1,129.852,315.127,40915.333,2023-03-12 01:00:00.000,L2FT01-FTJ023,27.70,0.000,0.666012,16605,0.435592,0.055345,0,0,0,0.4200,罗湖区,21,21,0,0,0,0,1
2023-03-12,589179428,20190000000000000003,900200000000000042,1,130.054,314.620,40915.333,2023-03-12 01:00:00.000,L2FT01-FTJ023,27.70,0.000,0.666012,16605,0.435592,0.055345,0,0,0,0.4200,罗湖区,21,21,0,0,0,0,1
2023-03-12,589179428,20190000000000000003,900200000000000035,1,71.243,307.593,21911.333,2023-03-12 01:00:00.000,L2FT01-FTJ023,27.70,0.000,0.666012,16605,0.435592,0.055345,0,0,0,0.4200,罗湖区,21,21,0,0,0,0,1
2023-03-12,589179428,20190000000000000003,900200000000000032,1,34.457,475.667,16393.333,2023-03-12 01:00:00.000,L2FT01-FTJ023,27.70,0.000,0.666012,16605,0.435592,0.055345,0,0,0,0.4200,罗湖区,21,21,0,0,0,0,1
2023-03-12,589179428,20190000000000000003,900200000000000035,1,71.257,307.887,21937.333,2023-03-12 01:15:00.000,L2FT01-FTJ023,27.70,0.000,0.666012,16605,0.435592,0.055345,0,0,0,0.4200,罗湖区,21,21,0,0,0,0,1
2023-03-12,589179428,20190000000000000003,900200000000000037,1,149.875,309.900,46443.077,2023-03-12 01:15:00.000,L2FT01-FTJ023,27.70,0.000,0.666012,16605,0.435592,0.055345,0,0,0,0.4200,罗湖区,21,21,0,0,0,0,1
2023-03-12,589179428,20190000000000000003,900200000000000042,1,106.645,319.033,33888.000,2023-03-12 01:15:00.000,L2FT01-FTJ023,27.70,0.000,0.666012,16605,0.435592,0.055345,0,0,0,0.4200,罗湖区,21,21,0,0,0,0,1
2023-03-12,589179428,20190000000000000003,900200000000000057,1,109.822,316.427,34748.667,2023-03-12 01:15:00.000,L2FT01-FTJ023,27.70,0.000,0.666012,16605,0.435592,0.055345,0,0,0,0.4200,罗湖区,21,21,0,0,0,0,1
2023-03-12,589179428,20190000000000000003,900200000000000057,1,53.870,324.680,17438.000,2023-03-12 01:30:00.000,L2FT01-FTJ023,27.70,0.000,0.666012,16605,0.435592,0.055345,0,0,0,0.4200,罗湖区,21,21,0,0,0,0,1
2023-03-12,589179428,20190000000000000003,900200000000000037,1,149.890,311.327,46661.333,2023-03-12 01:30:00.000,L2FT01-FTJ023,27.70,0.000,0.666012,16605,0.435592,0.055345,0,0,0,0.4200,罗湖区,21,21,0,0,0,0,1
2023-03-12,589179428,20190000000000000003,900200000000000035,1,71.277,308.287,21971.333,2023-03-12 01:30:00.000,L2FT01-FTJ023,27.70,0.000,0.666012,16605,0.435592,0.055345,0,0,0,0.4200,罗湖区,21,21,0,0,0,0,1
2023-03-12,589179428,20190000000000000003,900200000000000042,1,30.000,332.800,9980.000,2023-03-12 01:30:00.000,L2FT01-FTJ023,27.70,0.000,0.666012,16605,0.435592,0.055345,0,0,0,0.4200,罗湖区,21,21,0,0,0,0,1
2023-03-12,589179428,20190000000000000003,900200000000000035,1,71.283,308.927,22019.333,2023-03-12 01:45:00.000,L2FT01-FTJ023,27.70,0.000,0.666012,16605,0.435592,0.055345,0,0,0,0.4200,罗湖区,21,21,0,0,0,0,1
2023-03-12,589179428,20190000000000000003,900200000000000037,1,149.956,312.767,46898.667,2023-03-12 01:45:00.000,L2FT01-FTJ023,27.70,0.000,0.666012,16605,0.435592,0.055345,0,0,0,0.4200,罗湖区,21,21,0,0,0,0,1
2023-03-12,589179428,20190000000000000003,900200000000000048,1,129.874,306.290,39777.000,2023-03-12 01:45:00.000,L2FT01-FTJ023,27.70,0.000,0.666012,16605,0.435592,0.055345,0,0,0,0.4200,罗湖区,21,21,0,0,0,0,1
2023-03-12,589179428,20190000000000000003,900200000000000035,1,71.290,309.893,22092.000,2023-03-12 02:00:00.000,L2FT01-FTJ023,28.43,0.000,0.666012,16605,0.435592,0.055345,0,0,0,0.4200,罗湖区,21,21,0,0,0,0,1
2023-03-12,589179428,20190000000000000003,900200000000000037,1,149.912,314.347,47121.333,2023-03-12 02:00:00.000,L2FT01-FTJ023,28.43,0.000,0.666012,16605,0.435592,0.055345,0,0,0,0.4200,罗湖区,21,21,0,0,0,0,1
2023-03-12,589179428,20190000000000000003,900200000000000048,1,129.872,309.773,40228.667,2023-03-12 02:00:00.000,L2FT01-FTJ023,28.43,0.000,0.666012,16605,0.435592,0.055345,0,0,0,0.4200,罗湖区,21,21,0,0,0,0,1
2023-03-12,589179428,20190000000000000003,900200000000000035,1,71.263,311.127,22168.667,2023-03-12 02:15:00.000,L2FT01-FTJ023,28.43,0.000,0.666012,16605,0.435592,0.055345,0,0,0,0.4200,罗湖区,21,21,0,0,0,0,1
2023-03-12,589179428,20190000000000000003,900200000000000037,1,149.890,315.573,47298.667,2023-03-12 02:15:00.000,L2FT01-FTJ023,28.43,0.000,0.666012,16605,0.435592,0.055345,0,0,0,0.4200,罗湖区,21,21,0,0,0,0,1
2023-03-12,589179428,20190000000000000003,900200000000000048,1,129.912,310.487,40332.667,2023-03-12 02:15:00.000,L2FT01-FTJ023,28.43,0.000,0.666012,16605,0.435592,0.055345,0,0,0,0.4200,罗湖区,21,21,0,0,0,0,1
2023-03-12,589179428,20190000000000000003,900200000000000048,1,129.842,311.547,40448.000,2023-03-12 02:30:00.000,L2FT01-FTJ023,28.43,0.000,0.666012,16605,0.435592,0.055345,0,0,0,0.4200,罗湖区,21,21,0,0,0,0,1
2023-03-12,589179428,20190000000000000003,900200000000000035,1,71.250,311.687,22206.667,2023-03-12 02:30:00.000,L2FT01-FTJ023,28.43,0.000,0.666012,16605,0.435592,0.055345,0,0,0,0.4200,罗湖区,21,21,0,0,0,0,1
2023-03-12,589179428,20190000000000000003,900200000000000037,1,117.890,321.200,37694.000,2023-03-12 02:30:00.000,L2FT01-FTJ023,28.43,0.000,0.666012,16605,0.435592,0.055345,0,0,0,0.4200,罗湖区,21,21,0,0,0,0,1
2023-03-12,589179428,20190000000000000003,900200000000000048,1,129.800,314.107,40766.667,2023-03-12 02:45:00.000,L2FT01-FTJ023,28.43,0.000,0.666012,16605,0.435592,0.055345,0,0,0,0.4200,罗湖区,21,21,0,0,0,0,1
2023-03-12,589179428,20190000000000000003,900200000000000035,1,71.210,311.840,22206.667,2023-03-12 02:45:00.000,L2FT01-FTJ023,28.43,0.000,0.666012,16605,0.435592,0.055345,0,0,0,0.4200,罗湖区,21,21,0,0,0,0,1
2023-03-12,589179428,20190000000000000003,900200000000000035,1,71.190,312.207,22224.000,2023-03-12 03:00:00.000,L2FT01-FTJ023,29.05,0.000,0.666012,16605,0.435592,0.055345,0,0,0,0.4200,罗湖区,21,21,0,0,0,0,1
2023-03-12,589179428,20190000000000000003,900200000000000048,1,94.539,318.013,30003.333,2023-03-12 03:00:00.000,L2FT01-FTJ023,29.05,0.000,0.666012,16605,0.435592,0.055345,0,0,0,0.4200,罗湖区,21,21,0,0,0,0,1
2023-03-12,589179428,20190000000000000003,900200000000000035,1,71.190,313.060,22284.667,2023-03-12 03:15:00.000,L2FT01-FTJ023,29.05,0.000,0.666012,16605,0.435592,0.055345,0,0,0,0.4200,罗湖区,21,21,0,0,0,0,1
2023-03-12,589179428,20190000000000000003,900200000000000048,1,30.000,328.733,9860.000,2023-03-12 03:15:00.000,L2FT01-FTJ023,29.05,0.000,0.666012,16605,0.435592,0.055345,0,0,0,0.4200,罗湖区,21,21,0,0,0,0,1
2023-03-12,589179428,20190000000000000003,900200000000000035,1,62.910,318.940,19990.000,2023-03-12 03:30:00.000,L2FT01-FTJ023,29.05,0.000,0.666012,16605,0.435592,0.055345,0,0,0,0.4200,罗湖区,21,21,0,0,0,0,1
2023-03-12,589179428,20190000000000000003,900200000000000034,1,73.028,312.717,25073.333,2023-03-12 04:15:00.000,L2FT01-FTJ023,29.53,0.000,0.666012,16605,0.435592,0.055345,0,0,0,0.4200,罗湖区,21,21,0,0,0,0,1
2023-03-12,589179428,20190000000000000003,900200000000000034,1,134.360,350.900,47143.333,2023-03-12 04:30:00.000,L2FT01-FTJ023,29.53,0.000,0.666012,16605,0.435592,0.055345,0,0,0,0.4200,罗湖区,21,21,0,0,0,0,1
2023-03-12,589179428,20190000000000000003,900200000000000034,1,126.357,367.107,46348.000,2023-03-12 04:45:00.000,L2FT01-FTJ023,29.53,0.000,0.666012,16605,0.435592,0.055345,0,0,0,0.4200,罗湖区,21,21,0,0,0,0,1
2023-03-12,589179428,20190000000000000003,900200000000000048,1,71.540,307.621,22002.857,2023-03-12 04:45:00.000,L2FT01-FTJ023,29.53,0.000,0.666012,16605,0.435592,0.055345,0,0,0,0.4200,罗湖区,21,21,0,0,0,0,1
2023-03-12,589179428,20190000000000000003,900200000000000034,1,78.597,380.753,29904.000,2023-03-12 05:00:00.000,L2FT01-FTJ023,29.83,0.000,0.666012,16605,0.435592,0.055345,0,0,0,0.4200,罗湖区,21,21,0,0,0,0,1
2023-03-12,589179428,20190000000000000003,900200000000000048,1,71.441,307.900,21993.333,2023-03-12 05:00:00.000,L2FT01-FTJ023,29.83,0.000,0.666012,16605,0.435592,0.055345,0,0,0,0.4200,罗湖区,21,21,0,0,0,0,1
2023-03-12,589179428,20190000000000000003,900200000000000034,1,25.571,382.620,9849.333,2023-03-12 05:15:00.000,L2FT01-FTJ023,29.83,0.000,0.666012,16605,0.435592,0.055345,0,0,0,0.4200,罗湖区,21,21,0,0,0,0,1
2023-03-12,589179428,20190000000000000003,900200000000000048,1,71.390,308.520,22022.667,2023-03-12 05:15:00.000,L2FT01-FTJ023,29.83,0.000,0.666012,16605,0.435592,0.055345,0,0,0,0.4200,罗湖区,21,21,0,0,0,0,1
2023-03-12,589179428,20190000000000000003,900200000000000048,1,71.390,309.860,22118.000,2023-03-12 05:30:00.000,L2FT01-FTJ023,29.83,0.000,0.666012,16605,0.435592,0.055345,0,0,0,0.4200,罗湖区,21,21,0,0,0,0,1
2023-03-12,589179428,20190000000000000003,900200000000000048,1,71.390,311.220,22216.000,2023-03-12 05:45:00.000,L2FT01-FTJ023,29.83,0.000,0.666012,16605,0.435592,0.055345,0,0,0,0.4200,罗湖区,21,21,0,0,0,0,1
2023-03-12,589179428,20190000000000000003,900200000000000048,1,71.383,311.653,22244.667,2023-03-12 06:00:00.000,L2FT01-FTJ023,29.93,0.000,0.666012,16605,0.435592,0.055345,0,0,0,0.4200,罗湖区,21,21,0,0,0,0,1
2023-03-12,589179428,20190000000000000003,900200000000000048,1,71.357,312.100,22268.000,2023-03-12 06:15:00.000,L2FT01-FTJ023,29.93,0.000,0.666012,16605,0.435592,0.055345,0,0,0,0.4200,罗湖区,21,21,0,0,0,0,1
2023-03-12,589179428,20190000000000000003,900200000000000048,1,71.363,312.953,22332.000,2023-03-12 06:30:00.000,L2FT01-FTJ023,29.93,0.000,0.666012,16605,0.435592,0.055345,0,0,0,0.4200,罗湖区,21,21,0,0,0,0,1
2023-03-12,589179428,20190000000000000003,900200000000000048,1,62.930,319.100,20017.000,2023-03-12 06:45:00.000,L2FT01-FTJ023,29.93,0.000,0.666012,16605,0.435592,0.055345,0,0,0,0.4200,罗湖区,21,21,0,0,0,0,1
2023-03-12,589179428,20190000000000000003,900200000000000032,1,127.315,453.754,57766.923,2023-03-12 07:45:00.000,L2FT01-FTJ023,29.83,0.000,0.666012,16605,0.435592,0.055345,0,0,0,0.4200,罗湖区,21,21,0,0,0,0,1
2023-03-12,589179428,20190000000000000003,900200000000000037,1,86.962,357.600,31595.714,2023-03-12 07:45:00.000,L2FT01-FTJ023,29.83,0.000,0.666012,16605,0.435592,0.055345,0,0,0,0.4200,罗湖区,21,21,0,0,0,0,1
2023-03-12,589179428,20190000000000000003,900200000000000048,1,94.890,322.300,30580.000,2023-03-12 07:45:00.000,L2FT01-FTJ023,29.83,0.000,0.666012,16605,0.435592,0.055345,0,0,0,0.4200,罗湖区,21,21,0,0,0,0,1
2023-03-12,589179428,20190000000000000003,900200000000000030,1,158.243,461.350,73017.500,2023-03-12 08:00:00.000,L2FT01-FTJ023,29.53,0.000,0.666012,16605,0.435592,0.055345,0,0,0,0.4200,罗湖区,21,21,0,0,0,0,1
2023-03-12,589179428,20190000000000000003,900200000000000032,1,126.306,455.960,57587.000,2023-03-12 08:00:00.000,L2FT01-FTJ023,29.53,0.000,0.666012,16605,0.435592,0.055345,0,0,0,0.4200,罗湖区,21,21,0,0,0,0,1
2023-03-12,589179428,20190000000000000003,900200000000000037,1,93.690,364.100,34110.000,2023-03-12 08:00:00.000,L2FT01-FTJ023,29.53,0.000,0.666012,16605,0.435592,0.055345,0,0,0,0.4200,罗湖区,21,21,0,0,0,0,1
2023-03-12,589179428,20190000000000000003,900200000000000048,1,94.830,326.207,30932.000,2023-03-12 08:00:00.000,L2FT01-FTJ023,29.53,0.000,0.666012,16605,0.435592,0.055345,0,0,0,0.4200,罗湖区,21,21,0,0,0,0,1
2023-03-12,589179428,20190000000000000003,900200000000000030,1,129.385,460.420,59594.667,2023-03-12 08:15:00.000,L2FT01-FTJ023,29.53,0.000,0.666012,16605,0.435592,0.055345,0,0,0,0.4200,罗湖区,21,21,0,0,0,0,1
2023-03-12,589179428,20190000000000000003,900200000000000048,1,94.848,327.347,31044.000,2023-03-12 08:15:00.000,L2FT01-FTJ023,29.53,0.000,0.666012,16605,0.435592,0.055345,0,0,0,0.4200,罗湖区,21,21,0,0,0,0,1
2023-03-12,589179428,20190000000000000003,900200000000000030,1,74.837,458.753,34360.000,2023-03-12 08:30:00.000,L2FT01-FTJ023,29.53,0.000,0.666012,16605,0.435592,0.055345,0,0,0,0.4200,罗湖区,21,21,0,0,0,0,1
2023-03-12,589179428,20190000000000000003,900200000000000048,1,94.830,329.140,31208.000,2023-03-12 08:30:00.000,L2FT01-FTJ023,29.53,0.000,0.666012,16605,0.435592,0.055345,0,0,0,0.4200,罗湖区,21,21,0,0,0,0,1
2023-03-12,589179428,20190000000000000003,900200000000000047,1,61.828,401.423,24817.692,2023-03-12 08:45:00.000,L2FT01-FTJ023,29.53,0.000,0.666012,16605,0.435592,0.055345,0,0,0,0.4200,罗湖区,21,21,0,0,0,0,1
2023-03-12,589179428,20190000000000000003,900200000000000030,1,34.890,461.200,16092.500,2023-03-12 08:45:00.000,L2FT01-FTJ023,29.53,0.000,0.666012,16605,0.435592,0.055345,0,0,0,0.4200,罗湖区,21,21,0,0,0,0,1
2023-03-12,589179428,20190000000000000003,900200000000000047,1,50.278,413.127,20764.667,2023-03-12 09:00:00.000,L2FT01-FTJ023,29.05,0.000,0.666012,16605,0.435592,0.055345,0,0,0,0.4200,罗湖区,21,21,0,0,0,0,1
2023-03-12,589179428,20190000000000000003,900200000000000047,1,24.590,414.710,10195.000,2023-03-12 09:15:00.000,L2FT01-FTJ023,29.05,0.000,0.666012,16605,0.435592,0.055345,0,0,0,0.4200,罗湖区,21,21,0,0,0,0,1
2023-03-12,589179428,20190000000000000003,900200000000000039,1,126.716,370.160,47134.000,2023-03-12 09:45:00.000,L2FT01-FTJ023,29.05,0.000,0.666012,16605,0.435592,0.055345,0,0,0,0.4200,罗湖区,21,21,0,0,0,0,1
2023-03-12,589179428,20190000000000000003,900200000000000039,1,117.142,372.080,43634.000,2023-03-12 10:00:00.000,L2FT01-FTJ023,28.43,0.000,0.666012,16605,0.435592,0.055345,0,0,0,0.4200,罗湖区,21,21,0,0,0,0,1
2023-03-12,589179428,20190000000000000003,900200000000000039,1,23.690,371.300,8795.000,2023-03-12 10:15:00.000,L2FT01-FTJ023,28.43,0.000,0.666012,16605,0.435592,0.055345,0,0,0,0.4200,罗湖区,21,21,0,0,0,0,1
2023-03-12,589179428,20190000000000000003,900200000000000057,1,207.268,363.045,75637.273,2023-03-12 12:00:00.000,L2FT01-FTJ023,26.93,0.000,0.666012,16605,0.435592,0.055345,0,0,0,0.4200,罗湖区,21,21,0,0,0,0,1
2023-03-12,589179428,20190000000000000003,900200000000000057,1,173.908,379.513,65951.333,2023-03-12 12:15:00.000,L2FT01-FTJ023,26.93,0.000,0.666012,16605,0.435592,0.055345,0,0,0,0.4200,罗湖区,21,21,0,0,0,0,1
2023-03-12,589179428,20190000000000000003,900200000000000057,1,116.523,390.893,45534.000,2023-03-12 12:30:00.000,L2FT01-FTJ023,26.93,0.000,0.666012,16605,0.435592,0.055345,0,0,0,0.4200,罗湖区,21,21,0,0,0,0,1
2023-03-12,589179428,20190000000000000003,900200000000000057,1,67.361,395.487,26644.000,2023-03-12 12:45:00.000,L2FT01-FTJ023,26.93,0.000,0.666012,16605,0.435592,0.055345,0,0,0,0.4200,罗湖区,21,21,0,0,0,0,1
2023-03-12,589179428,20190000000000000003,900200000000000057,1,13.458,395.000,5315.000,2023-03-12 13:00:00.000,L2FT01-FTJ023,26.15,0.000,0.666012,16605,0.435592,0.055345,0,0,0,0.4200,罗湖区,21,21,0,0,0,0,1
2023-03-12,589179428,20190000000000000003,900200000000000056,1,144.100,356.100,51305.000,2023-03-12 14:00:00.000,L2FT01-FTJ023,25.43,0.000,0.666012,16605,0.435592,0.055345,0,0,0,0.4200,罗湖区,21,21,0,0,0,0,1
2023-03-12,589179428,20190000000000000003,900200000000000056,1,144.148,360.007,51890.667,2023-03-12 14:15:00.000,L2FT01-FTJ023,25.43,0.000,0.666012,16605,0.435592,0.055345,0,0,0,0.4200,罗湖区,21,21,0,0,0,0,1
2023-03-12,589179428,20190000000000000003,900200000000000056,1,144.283,367.353,53002.000,2023-03-12 14:30:00.000,L2FT01-FTJ023,25.43,0.000,0.666012,16605,0.435592,0.055345,0,0,0,0.4200,罗湖区,21,21,0,0,0,0,1
2023-03-12,589179428,20190000000000000003,900200000000000056,1,143.805,380.333,54688.000,2023-03-12 14:45:00.000,L2FT01-FTJ023,25.43,0.000,0.666012,16605,0.435592,0.055345,0,0,0,0.4200,罗湖区,21,21,0,0,0,0,1
2023-03-12,589179428,20190000000000000003,900200000000000056,1,132.307,393.582,52055.455,2023-03-12 15:00:00.000,L2FT01-FTJ023,24.81,0.000,0.666012,16605,0.435592,0.055345,0,0,0,0.4200,罗湖区,21,21,0,0,0,0,1
2023-03-12,589179428,20190000000000000003,900200000000000042,1,65.042,345.109,23386.364,2023-03-12 16:45:00.000,L2FT01-FTJ023,24.33,0.000,0.666012,16605,0.435592,0.055345,0,0,0,0.4200,罗湖区,21,21,0,0,0,0,1
2023-03-12,589179428,20190000000000000003,900200000000000042,1,71.449,369.387,26388.667,2023-03-12 17:00:00.000,L2FT01-FTJ023,24.03,0.000,0.666012,16605,0.435592,0.055345,0,0,0,0.4200,罗湖区,21,21,0,0,0,0,1
2023-03-12,589179428,20190000000000000003,900200000000000037,1,142.229,310.936,44221.818,2023-03-12 17:15:00.000,L2FT01-FTJ023,24.03,0.000,0.666012,16605,0.435592,0.055345,0,0,0,0.4200,罗湖区,21,21,0,0,0,0,1
2023-03-12,589179428,20190000000000000003,900200000000000042,1,70.859,385.820,27329.333,2023-03-12 17:15:00.000,L2FT01-FTJ023,24.03,0.000,0.666012,16605,0.435592,0.055345,0,0,0,0.4200,罗湖区,21,21,0,0,0,0,1
2023-03-12,589179428,20190000000000000003,900200000000000032,1,136.265,318.464,42780.000,2023-03-12 17:30:00.000,L2FT01-FTJ023,24.03,0.000,0.666012,16605,0.435592,0.055345,0,0,0,0.4200,罗湖区,21,21,0,0,0,0,1
2023-03-12,589179428,20190000000000000003,900200000000000037,1,142.670,313.267,44690.667,2023-03-12 17:30:00.000,L2FT01-FTJ023,24.03,0.000,0.666012,16605,0.435592,0.055345,0,0,0,0.4200,罗湖区,21,21,0,0,0,0,1
2023-03-12,589179428,20190000000000000003,900200000000000042,1,50.364,400.073,20124.000,2023-03-12 17:30:00.000,L2FT01-FTJ023,24.03,0.000,0.666012,16605,0.435592,0.055345,0,0,0,0.4200,罗湖区,21,21,0,0,0,0,1
2023-03-12,589179428,20190000000000000003,900200000000000032,1,149.890,314.175,47090.000,2023-03-12 17:45:00.000,L2FT01-FTJ023,24.03,0.000,0.666012,16605,0.435592,0.055345,0,0,0,0.4200,罗湖区,21,21,0,0,0,0,1
2023-03-12,589179428,20190000000000000003,900200000000000037,1,142.603,315.047,44926.000,2023-03-12 17:45:00.000,L2FT01-FTJ023,24.03,0.000,0.666012,16605,0.435592,0.055345,0,0,0,0.4200,罗湖区,21,21,0,0,0,0,1
2023-03-12,589179428,20190000000000000003,900200000000000042,1,19.490,404.547,7883.333,2023-03-12 17:45:00.000,L2FT01-FTJ023,24.03,0.000,0.666012,16605,0.435592,0.055345,0,0,0,0.4200,罗湖区,21,21,0,0,0,0,1
2023-03-12,589179428,20190000000000000003,900200000000000037,1,114.061,321.523,36436.154,2023-03-12 18:00:00.000,L2FT01-FTJ023,23.93,0.000,0.666012,16605,0.435592,0.055345,0,0,0,0.4200,罗湖区,21,21,0,0,0,0,1
2023-03-12,589179428,20190000000000000003,900200000000000042,1,18.427,406.733,7493.333,2023-03-12 18:00:00.000,L2FT01-FTJ023,23.93,0.000,0.666012,16605,0.435592,0.055345,0,0,0,0.4200,罗湖区,21,21,0,0,0,0,1
2023-03-12,589179428,20190000000000000003,900200000000000031,1,132.692,387.547,52111.333,2023-03-12 18:45:00.000,L2FT01-FTJ023,23.93,0.000,0.666012,16605,0.435592,0.055345,0,0,0,0.4200,罗湖区,21,21,0,0,0,0,1
2023-03-12,589179428,20190000000000000003,900200000000000044,1,98.645,381.477,37614.615,2023-03-12 18:45:00.000,L2FT01-FTJ023,23.93,0.000,0.666012,16605,0.435592,0.055345,0,0,0,0.4200,罗湖区,21,21,0,0,0,0,1
2023-03-12,589179428,20190000000000000003,900200000000000044,1,73.651,396.607,29167.333,2023-03-12 19:00:00.000,L2FT01-FTJ023,24.03,0.000,0.666012,16605,0.435592,0.055345,0,0,0,0.4200,罗湖区,21,21,0,0,0,0,1
2023-03-12,589179428,20190000000000000003,900200000000000031,1,128.199,394.443,50562.857,2023-03-12 19:00:00.000,L2FT01-FTJ023,24.03,0.000,0.666012,16605,0.435592,0.055345,0,0,0,0.4200,罗湖区,21,21,0,0,0,0,1
2023-03-12,589179428,20190000000000000003,900200000000000043,1,111.041,349.070,38781.000,2023-03-12 19:15:00.000,L2FT01-FTJ023,24.03,0.000,0.666012,16605,0.435592,0.055345,0,0,0,0.4200,罗湖区,21,21,0,0,0,0,1
2023-03-12,589179428,20190000000000000003,900200000000000044,1,44.724,405.940,18136.000,2023-03-12 19:15:00.000,L2FT01-FTJ023,24.03,0.000,0.666012,16605,0.435592,0.055345,0,0,0,0.4200,罗湖区,21,21,0,0,0,0,1
2023-03-12,589179428,20190000000000000003,900200000000000043,1,96.837,349.693,33862.000,2023-03-12 19:30:00.000,L2FT01-FTJ023,24.03,0.000,0.666012,16605,0.435592,0.055345,0,0,0,0.4200,罗湖区,21,21,0,0,0,0,1
2023-03-12,589179428,20190000000000000003,900200000000000044,1,10.790,407.973,4400.000,2023-03-12 19:30:00.000,L2FT01-FTJ023,24.03,0.000,0.666012,16605,0.435592,0.055345,0,0,0,0.4200,罗湖区,21,21,0,0,0,0,1
2023-03-12,589179428,20190000000000000003,900200000000000043,1,59.183,348.027,20612.000,2023-03-12 19:45:00.000,L2FT01-FTJ023,24.03,0.000,0.666012,16605,0.435592,0.055345,0,0,0,0.4200,罗湖区,21,21,0,0,0,0,1
2023-03-12,589179428,20190000000000000003,900200000000000044,1,15.395,400.800,6130.000,2023-03-12 19:45:00.000,L2FT01-FTJ023,24.03,0.000,0.666012,16605,0.435592,0.055345,0,0,0,0.4200,罗湖区,21,21,0,0,0,0,1
2023-03-12,589179428,20190000000000000003,900200000000000043,1,42.683,348.307,14864.667,2023-03-12 20:00:00.000,L2FT01-FTJ023,24.33,0.000,0.666012,16605,0.435592,0.055345,0,0,0,0.4200,罗湖区,21,21,0,0,0,0,1
2023-03-12,589179428,20190000000000000003,900200000000000044,1,86.603,470.427,40796.667,2023-03-12 20:00:00.000,L2FT01-FTJ023,24.33,0.000,0.666012,16605,0.435592,0.055345,0,0,0,0.4200,罗湖区,21,21,0,0,0,0,1
2023-03-12,589179428,20190000000000000003,900200000000000043,1,23.590,350.967,8306.667,2023-03-12 20:15:00.000,L2FT01-FTJ023,24.33,0.000,0.666012,16605,0.435592,0.055345,0,0,0,0.4200,罗湖区,21,21,0,0,0,0,1
2023-03-12,589179428,20190000000000000003,900200000000000044,1,92.730,471.227,43696.667,2023-03-12 20:15:00.000,L2FT01-FTJ023,24.33,0.000,0.666012,16605,0.435592,0.055345,0,0,0,0.4200,罗湖区,21,21,0,0,0,0,1
2023-03-12,589179428,20190000000000000003,900200000000000044,1,90.962,471.167,42854.000,2023-03-12 20:30:00.000,L2FT01-FTJ023,24.33,0.000,0.666012,16605,0.435592,0.055345,0,0,0,0.4200,罗湖区,21,21,0,0,0,0,1
2023-03-12,589179428,20190000000000000003,900200000000000044,1,37.835,470.664,17810.000,2023-03-12 20:45:00.000,L2FT01-FTJ023,24.33,0.000,0.666012,16605,0.435592,0.055345,0,0,0,0.4200,罗湖区,21,21,0,0,0,0,1
2023-03-12,589179428,20190000000000000003,900200000000000042,1,103.793,360.975,37685.000,2023-03-12 21:00:00.000,L2FT01-FTJ023,24.81,0.000,0.666012,16605,0.435592,0.055345,0,0,0,0.4200,罗湖区,21,21,0,0,0,0,1
2023-03-12,589179428,20190000000000000003,900200000000000042,1,113.473,370.073,41967.333,2023-03-12 21:15:00.000,L2FT01-FTJ023,24.81,0.000,0.666012,16605,0.435592,0.055345,0,0,0,0.4200,罗湖区,21,21,0,0,0,0,1
2023-03-12,589179428,20190000000000000003,900200000000000035,1,129.798,311.418,40417.273,2023-03-12 21:15:00.000,L2FT01-FTJ023,24.81,0.000,0.666012,16605,0.435592,0.055345,0,0,0,0.4200,罗湖区,21,21,0,0,0,0,1
2023-03-12,589179428,20190000000000000003,900200000000000035,1,129.800,313.980,40750.000,2023-03-12 21:30:00.000,L2FT01-FTJ023,24.81,0.000,0.666012,16605,0.435592,0.055345,0,0,0,0.4200,罗湖区,21,21,0,0,0,0,1
2023-03-12,589179428,20190000000000000003,900200000000000042,1,98.800,382.540,37790.000,2023-03-12 21:30:00.000,L2FT01-FTJ023,24.81,0.000,0.666012,16605,0.435592,0.055345,0,0,0,0.4200,罗湖区,21,21,0,0,0,0,1
2023-03-12,589179428,20190000000000000003,900200000000000035,1,125.817,316.727,39821.333,2023-03-12 21:45:00.000,L2FT01-FTJ023,24.81,0.000,0.666012,16605,0.435592,0.055345,0,0,0,0.4200,罗湖区,21,21,0,0,0,0,1
2023-03-12,589179428,20190000000000000003,900200000000000042,1,56.877,393.707,22391.333,2023-03-12 21:45:00.000,L2FT01-FTJ023,24.81,0.000,0.666012,16605,0.435592,0.055345,0,0,0,0.4200,罗湖区,21,21,0,0,0,0,1
2023-03-12,589179428,20190000000000000003,900200000000000035,1,29.790,328.800,9790.000,2023-03-12 22:00:00.000,L2FT01-FTJ023,25.43,0.000,0.666012,16605,0.435592,0.055345,0,0,0,0.4200,罗湖区,21,21,0,0,0,0,1
2023-03-12,589179428,20190000000000000003,900200000000000042,1,47.477,403.887,19165.333,2023-03-12 22:00:00.000,L2FT01-FTJ023,25.43,0.000,0.666012,16605,0.435592,0.055345,0,0,0,0.4200,罗湖区,21,21,0,0,0,0,1
2023-03-12,589179428,20190000000000000003,900200000000000042,1,10.730,405.380,4349.333,2023-03-12 22:15:00.000,L2FT01-FTJ023,25.43,0.000,0.666012,16605,0.435592,0.055345,0,0,0,0.4200,罗湖区,21,21,0,0,0,0,1
2023-03-12,589179428,20190000000000000003,900200000000000042,1,10.807,406.992,4396.667,2023-03-12 22:30:00.000,L2FT01-FTJ023,25.43,0.000,0.666012,16605,0.435592,0.055345,0,0,0,0.4200,罗湖区,21,21,0,0,0,0,1
2023-03-13,589179428,20190000000000000003,900200000000000042,1,129.823,310.800,40346.667,2023-03-13 00:00:00.000,L2FT01-FTJ023,26.93,0.000,0.666012,16605,0.435592,0.055345,0,0,1,0.4200,罗湖区,21,21,0,0,0,0,1
2023-03-13,589179428,20190000000000000003,900200000000000042,1,129.879,310.780,40359.333,2023-03-13 00:15:00.000,L2FT01-FTJ023,26.93,0.000,0.666012,16605,0.435592,0.055345,0,0,1,0.4200,罗湖区,21,21,0,0,0,0,1
2023-03-13,589179428,20190000000000000003,900200000000000042,1,129.842,312.433,40562.667,2023-03-13 00:30:00.000,L2FT01-FTJ023,26.93,0.000,0.666012,16605,0.435592,0.055345,0,0,1,0.4200,罗湖区,21,21,0,0,0,0,1
2023-03-13,589179428,20190000000000000003,900200000000000042,1,119.818,316.567,37914.667,2023-03-13 00:45:00.000,L2FT01-FTJ023,26.93,0.000,0.666012,16605,0.435592,0.055345,0,0,1,0.4200,罗湖区,21,21,0,0,0,0,1
2023-03-13,589179428,20190000000000000003,900200000000000042,1,58.768,322.267,18891.111,2023-03-13 01:00:00.000,L2FT01-FTJ023,27.70,0.000,0.666012,16605,0.435592,0.055345,0,0,1,0.4200,罗湖区,21,21,0,0,0,0,1
2023-03-13,589179428,20190000000000000003,900200000000000031,1,45.245,458.500,21248.333,2023-03-13 06:45:00.000,L2FT01-FTJ023,29.93,0.000,0.666012,16605,0.435592,0.055345,0,0,1,0.4200,罗湖区,21,21,0,0,0,0,1
2023-03-13,589179428,20190000000000000003,900200000000000043,1,154.564,364.808,56354.615,2023-03-13 07:15:00.000,L2FT01-FTJ023,29.83,0.000,0.666012,16605,0.435592,0.055345,0,0,1,0.4200,罗湖区,21,21,0,0,0,0,1
2023-03-13,589179428,20190000000000000003,900200000000000043,1,128.007,381.160,48788.667,2023-03-13 07:30:00.000,L2FT01-FTJ023,29.83,0.000,0.666012,16605,0.435592,0.055345,0,0,1,0.4200,罗湖区,21,21,0,0,0,0,1
2023-03-13,589179428,20190000000000000003,900200000000000043,1,75.499,398.113,30022.000,2023-03-13 07:45:00.000,L2FT01-FTJ023,29.83,0.000,0.666012,16605,0.435592,0.055345,0,0,1,0.4200,罗湖区,21,21,0,0,0,0,1
2023-03-13,589179428,20190000000000000003,900200000000000043,1,31.499,404.007,12719.333,2023-03-13 08:00:00.000,L2FT01-FTJ023,29.53,0.000,0.666012,16605,0.435592,0.055345,0,0,1,0.4200,罗湖区,21,21,0,0,0,0,1
2023-03-13,589179428,20190000000000000003,900200000000000031,1,94.806,326.007,30905.000,2023-03-13 08:15:00.000,L2FT01-FTJ023,29.53,0.000,0.666012,16605,0.435592,0.055345,0,0,1,0.4200,罗湖区,21,21,0,0,0,0,1
2023-03-13,589179428,20190000000000000003,900200000000000043,1,14.906,406.080,6051.333,2023-03-13 08:15:00.000,L2FT01-FTJ023,29.53,0.000,0.666012,16605,0.435592,0.055345,0,0,1,0.4200,罗湖区,21,21,0,0,0,0,1
2023-03-13,589179428,20190000000000000003,900200000000000031,1,94.884,327.180,31042.667,2023-03-13 08:30:00.000,L2FT01-FTJ023,29.53,0.000,0.666012,16605,0.435592,0.055345,0,0,1,0.4200,罗湖区,21,21,0,0,0,0,1
2023-03-13,589179428,20190000000000000003,900200000000000043,1,15.500,407.600,6310.000,2023-03-13 08:30:00.000,L2FT01-FTJ023,29.53,0.000,0.666012,16605,0.435592,0.055345,0,0,1,0.4200,罗湖区,21,21,0,0,0,0,1
2023-03-13,589179428,20190000000000000003,900200000000000031,1,94.890,329.087,31226.000,2023-03-13 08:45:00.000,L2FT01-FTJ023,29.53,0.000,0.666012,16605,0.435592,0.055345,0,0,1,0.4200,罗湖区,21,21,0,0,0,0,1
2023-03-13,589179428,20190000000000000003,900200000000000031,1,94.890,331.618,31465.455,2023-03-13 09:00:00.000,L2FT01-FTJ023,29.05,0.000,0.666012,16605,0.435592,0.055345,0,0,1,0.4200,罗湖区,21,21,0,0,0,0,1
2023-03-13,589179428,20190000000000000003,900200000000000040,1,118.563,391.320,46490.000,2023-03-13 11:30:00.000,L2FT01-FTJ023,27.70,0.000,0.666012,16605,0.435592,0.055345,0,0,1,0.4200,罗湖区,21,21,0,0,0,0,1
2023-03-13,589179428,20190000000000000003,900200000000000040,1,97.711,391.620,38292.000,2023-03-13 11:45:00.000,L2FT01-FTJ023,27.70,0.000,0.666012,16605,0.435592,0.055345,0,0,1,0.4200,罗湖区,21,21,0,0,0,0,1
2023-03-13,589179428,20190000000000000003,900200000000000056,1,77.852,354.160,27568.000,2023-03-13 11:45:00.000,L2FT01-FTJ023,27.70,0.000,0.666012,16605,0.435592,0.055345,0,0,1,0.4200,罗湖区,21,21,0,0,0,0,1
2023-03-13,589179428,20190000000000000003,900200000000000040,1,50.250,351.086,17087.143,2023-03-13 12:00:00.000,L2FT01-FTJ023,26.93,0.000,0.666012,16605,0.435592,0.055345,0,0,1,0.4200,罗湖区,21,21,0,0,0,0,1
2023-03-13,589179428,20190000000000000003,900200000000000056,1,77.870,360.960,28106.667,2023-03-13 12:00:00.000,L2FT01-FTJ023,26.93,0.000,0.666012,16605,0.435592,0.055345,0,0,1,0.4200,罗湖区,21,21,0,0,0,0,1
2023-03-13,589179428,20190000000000000003,900200000000000056,1,77.956,373.247,29093.333,2023-03-13 12:15:00.000,L2FT01-FTJ023,26.93,0.000,0.666012,16605,0.435592,0.055345,0,0,1,0.4200,罗湖区,21,21,0,0,0,0,1
2023-03-13,589179428,20190000000000000003,900200000000000040,1,71.803,311.653,22377.333,2023-03-13 12:15:00.000,L2FT01-FTJ023,26.93,0.000,0.666012,16605,0.435592,0.055345,0,0,1,0.4200,罗湖区,21,21,0,0,0,0,1
2023-03-13,589179428,20190000000000000003,900200000000000035,1,84.500,355.325,30302.500,2023-03-13 12:30:00.000,L2FT01-FTJ023,26.93,0.000,0.666012,16605,0.435592,0.055345,0,0,1,0.4200,罗湖区,21,21,0,0,0,0,1
2023-03-13,589179428,20190000000000000003,900200000000000040,1,71.790,311.593,22369.333,2023-03-13 12:30:00.000,L2FT01-FTJ023,26.93,0.000,0.666012,16605,0.435592,0.055345,0,0,1,0.4200,罗湖区,21,21,0,0,0,0,1
2023-03-13,589179428,20190000000000000003,900200000000000056,1,78.000,381.825,29775.000,2023-03-13 12:30:00.000,L2FT01-FTJ023,26.93,0.000,0.666012,16605,0.435592,0.055345,0,0,1,0.4200,罗湖区,21,21,0,0,0,0,1
2023-03-13,589179428,20190000000000000003,900200000000000035,1,155.609,368.387,57327.333,2023-03-13 12:45:00.000,L2FT01-FTJ023,26.93,0.000,0.666012,16605,0.435592,0.055345,0,0,1,0.4200,罗湖区,21,21,0,0,0,0,1
2023-03-13,589179428,20190000000000000003,900200000000000040,1,71.790,312.167,22408.667,2023-03-13 12:45:00.000,L2FT01-FTJ023,26.93,0.000,0.666012,16605,0.435592,0.055345,0,0,1,0.4200,罗湖区,21,21,0,0,0,0,1
2023-03-13,589179428,20190000000000000003,900200000000000035,1,137.487,385.673,52962.667,2023-03-13 13:00:00.000,L2FT01-FTJ023,26.15,0.000,0.666012,16605,0.435592,0.055345,0,0,1,0.4200,罗湖区,21,21,0,0,0,0,1
2023-03-13,589179428,20190000000000000003,900200000000000040,1,71.790,313.867,22530.000,2023-03-13 13:00:00.000,L2FT01-FTJ023,26.15,0.000,0.666012,16605,0.435592,0.055345,0,0,1,0.4200,罗湖区,21,21,0,0,0,0,1
2023-03-13,589179428,20190000000000000003,900200000000000044,1,149.857,314.467,47122.500,2023-03-13 13:00:00.000,L2FT01-FTJ023,26.15,0.000,0.666012,16605,0.435592,0.055345,0,0,1,0.4200,罗湖区,21,21,0,0,0,0,1
2023-03-13,589179428,20190000000000000003,900200000000000035,1,97.500,396.367,38640.000,2023-03-13 13:15:00.000,L2FT01-FTJ023,26.15,0.000,0.666012,16605,0.435592,0.055345,0,0,1,0.4200,罗湖区,21,21,0,0,0,0,1
2023-03-13,589179428,20190000000000000003,900200000000000039,1,46.111,395.279,18226.429,2023-03-13 13:15:00.000,L2FT01-FTJ023,26.15,0.000,0.666012,16605,0.435592,0.055345,0,0,1,0.4200,罗湖区,21,21,0,0,0,0,1
2023-03-13,589179428,20190000000000000003,900200000000000040,1,61.315,322.450,19695.000,2023-03-13 13:15:00.000,L2FT01-FTJ023,26.15,0.000,0.666012,16605,0.435592,0.055345,0,0,1,0.4200,罗湖区,21,21,0,0,0,0,1
2023-03-13,589179428,20190000000000000003,900200000000000044,1,149.890,314.867,47193.333,2023-03-13 13:15:00.000,L2FT01-FTJ023,26.15,0.000,0.666012,16605,0.435592,0.055345,0,0,1,0.4200,罗湖区,21,21,0,0,0,0,1
2023-03-13,589179428,20190000000000000003,900200000000000039,1,46.553,402.850,18752.500,2023-03-13 13:30:00.000,L2FT01-FTJ023,26.15,0.000,0.666012,16605,0.435592,0.055345,0,0,1,0.4200,罗湖区,21,21,0,0,0,0,1
2023-03-13,589179428,20190000000000000003,900200000000000045,1,64.376,379.700,25410.000,2023-03-13 13:30:00.000,L2FT01-FTJ023,26.15,0.000,0.666012,16605,0.435592,0.055345,0,0,1,0.4200,罗湖区,21,21,0,0,0,0,1
2023-03-13,589179428,20190000000000000003,900200000000000045,1,71.390,395.333,28223.333,2023-03-13 13:45:00.000,L2FT01-FTJ023,26.15,0.000,0.666012,16605,0.435592,0.055345,0,0,1,0.4200,罗湖区,21,21,0,0,0,0,1
2023-03-13,589179428,20190000000000000003,900200000000000045,1,71.390,395.400,28230.000,2023-03-13 14:00:00.000,L2FT01-FTJ023,25.43,0.000,0.666012,16605,0.435592,0.055345,0,0,1,0.4200,罗湖区,21,21,0,0,0,0,1
2023-03-13,589179428,20190000000000000003,900200000000000047,1,133.167,310.967,42376.667,2023-03-13 14:00:00.000,L2FT01-FTJ023,25.43,0.000,0.666012,16605,0.435592,0.055345,0,0,1,0.4200,罗湖区,21,21,0,0,0,0,1
2023-03-13,589179428,20190000000000000003,900200000000000047,1,175.703,316.993,55730.000,2023-03-13 14:15:00.000,L2FT01-FTJ023,25.43,0.000,0.666012,16605,0.435592,0.055345,0,0,1,0.4200,罗湖区,21,21,0,0,0,0,1
2023-03-13,589179428,20190000000000000003,900200000000000040,1,135.305,431.987,58604.667,2023-03-13 14:30:00.000,L2FT01-FTJ023,25.43,0.000,0.666012,16605,0.435592,0.055345,0,0,1,0.4200,罗湖区,21,21,0,0,0,0,1
2023-03-13,589179428,20190000000000000003,900200000000000047,1,123.438,320.085,39353.077,2023-03-13 14:30:00.000,L2FT01-FTJ023,25.43,0.000,0.666012,16605,0.435592,0.055345,0,0,1,0.4200,罗湖区,21,21,0,0,0,0,1
2023-03-13,589179428,20190000000000000003,900200000000000040,1,135.090,433.275,58530.000,2023-03-13 14:45:00.000,L2FT01-FTJ023,25.43,0.000,0.666012,16605,0.435592,0.055345,0,0,1,0.4200,罗湖区,21,21,0,0,0,0,1
2023-03-13,589179428,20190000000000000003,900200000000000057,1,164.818,315.520,51998.000,2023-03-13 15:15:00.000,L2FT01-FTJ023,24.81,0.000,0.666012,16605,0.435592,0.055345,0,0,1,0.4200,罗湖区,21,21,0,0,0,0,1
2023-03-13,589179428,20190000000000000003,900200000000000043,1,199.798,312.540,62438.000,2023-03-13 15:30:00.000,L2FT01-FTJ023,24.81,0.000,0.666012,16605,0.435592,0.055345,0,0,1,0.4200,罗湖区,21,21,0,0,0,0,1
2023-03-13,589179428,20190000000000000003,900200000000000057,1,129.803,320.160,41276.667,2023-03-13 15:30:00.000,L2FT01-FTJ023,24.81,0.000,0.666012,16605,0.435592,0.055345,0,0,1,0.4200,罗湖区,21,21,0,0,0,0,1
2023-03-13,589179428,20190000000000000003,900200000000000043,1,199.854,314.647,62877.333,2023-03-13 15:45:00.000,L2FT01-FTJ023,24.81,0.000,0.666012,16605,0.435592,0.055345,0,0,1,0.4200,罗湖区,21,21,0,0,0,0,1
2023-03-13,589179428,20190000000000000003,900200000000000057,1,69.293,320.167,21986.667,2023-03-13 15:45:00.000,L2FT01-FTJ023,24.81,0.000,0.666012,16605,0.435592,0.055345,0,0,1,0.4200,罗湖区,21,21,0,0,0,0,1
2023-03-13,589179428,20190000000000000003,900200000000000043,1,185.652,317.079,58850.714,2023-03-13 16:00:00.000,L2FT01-FTJ023,24.33,0.000,0.666012,16605,0.435592,0.055345,0,0,1,0.4200,罗湖区,21,21,0,0,0,0,1
2023-03-13,589179428,20190000000000000003,900200000000000057,1,164.896,317.200,52300.714,2023-03-13 16:00:00.000,L2FT01-FTJ023,24.33,0.000,0.666012,16605,0.435592,0.055345,0,0,1,0.4200,罗湖区,21,21,0,0,0,0,1
2023-03-13,589179428,20190000000000000003,900200000000000042,1,130.890,306.600,40130.000,2023-03-13 16:15:00.000,L2FT01-FTJ023,24.33,0.000,0.666012,16605,0.435592,0.055345,0,0,1,0.4200,罗湖区,21,21,0,0,0,0,1
2023-03-13,589179428,20190000000000000003,900200000000000034,0,0.000,302.900,0.000,2023-03-13 16:15:00.000,L2FT01-FTJ023,24.33,0.000,0.666012,16605,0.435592,0.055345,0,0,1,0.4200,罗湖区,21,21,0,0,0,0,1
2023-03-13,589179428,20190000000000000003,900200000000000042,1,129.818,310.587,40315.333,2023-03-13 16:30:00.000,L2FT01-FTJ023,24.33,0.000,0.666012,16605,0.435592,0.055345,0,0,1,0.4200,罗湖区,21,21,0,0,0,0,1
2023-03-13,589179428,20190000000000000003,900200000000000032,1,129.786,314.150,40769.000,2023-03-13 16:45:00.000,L2FT01-FTJ023,24.33,0.000,0.666012,16605,0.435592,0.055345,0,0,1,0.4200,罗湖区,21,21,0,0,0,0,1
2023-03-13,589179428,20190000000000000003,900200000000000037,1,80.693,362.700,29533.333,2023-03-13 16:45:00.000,L2FT01-FTJ023,24.33,0.000,0.666012,16605,0.435592,0.055345,0,0,1,0.4200,罗湖区,21,21,0,0,0,0,1
2023-03-13,589179428,20190000000000000003,900200000000000042,1,129.873,311.307,40428.000,2023-03-13 16:45:00.000,L2FT01-FTJ023,24.33,0.000,0.666012,16605,0.435592,0.055345,0,0,1,0.4200,罗湖区,21,21,0,0,0,0,1
2023-03-13,589179428,20190000000000000003,900200000000000032,1,118.443,318.771,37630.000,2023-03-13 17:00:00.000,L2FT01-FTJ023,24.03,0.000,0.666012,16605,0.435592,0.055345,0,0,1,0.4200,罗湖区,21,21,0,0,0,0,1
2023-03-13,589179428,20190000000000000003,900200000000000037,1,103.786,372.260,38609.333,2023-03-13 17:00:00.000,L2FT01-FTJ023,24.03,0.000,0.666012,16605,0.435592,0.055345,0,0,1,0.4200,罗湖区,21,21,0,0,0,0,1
2023-03-13,589179428,20190000000000000003,900200000000000040,1,16.654,407.569,6784.615,2023-03-13 17:00:00.000,L2FT01-FTJ023,24.03,0.000,0.666012,16605,0.435592,0.055345,0,0,1,0.4200,罗湖区,21,21,0,0,0,0,1
2023-03-13,589179428,20190000000000000003,900200000000000042,1,129.949,314.647,40884.000,2023-03-13 17:00:00.000,L2FT01-FTJ023,24.03,0.000,0.666012,16605,0.435592,0.055345,0,0,1,0.4200,罗湖区,21,21,0,0,0,0,1
2023-03-13,589179428,20190000000000000003,900200000000000057,1,199.800,316.100,63150.000,2023-03-13 17:00:00.000,L2FT01-FTJ023,24.03,0.000,0.666012,16605,0.435592,0.055345,0,0,1,0.4200,罗湖区,21,21,0,0,0,0,1
2023-03-13,589179428,20190000000000000003,900200000000000042,1,102.620,321.709,33016.364,2023-03-13 17:15:00.000,L2FT01-FTJ023,24.03,0.000,0.666012,16605,0.435592,0.055345,0,0,1,0.4200,罗湖区,21,21,0,0,0,0,1
2023-03-13,589179428,20190000000000000003,900200000000000040,1,14.006,411.521,5760.000,2023-03-13 17:15:00.000,L2FT01-FTJ023,24.03,0.000,0.666012,16605,0.435592,0.055345,0,0,1,0.4200,罗湖区,21,21,0,0,0,0,1
2023-03-13,589179428,20190000000000000003,900200000000000057,1,146.649,320.713,46862.667,2023-03-13 17:15:00.000,L2FT01-FTJ023,24.03,0.000,0.666012,16605,0.435592,0.055345,0,0,1,0.4200,罗湖区,21,21,0,0,0,0,1
2023-03-13,589179428,20190000000000000003,900200000000000034,1,110.544,469.979,52542.143,2023-03-13 17:15:00.000,L2FT01-FTJ023,24.03,0.000,0.666012,16605,0.435592,0.055345,0,0,1,0.4200,罗湖区,21,21,0,0,0,0,1
2023-03-13,589179428,20190000000000000003,900200000000000037,1,84.168,386.380,32478.000,2023-03-13 17:15:00.000,L2FT01-FTJ023,24.03,0.000,0.666012,16605,0.435592,0.055345,0,0,1,0.4200,罗湖区,21,21,0,0,0,0,1
2023-03-13,589179428,20190000000000000003,900200000000000034,1,125.378,476.813,59783.333,2023-03-13 17:30:00.000,L2FT01-FTJ023,24.03,0.000,0.666012,16605,0.435592,0.055345,0,0,1,0.4200,罗湖区,21,21,0,0,0,0,1
2023-03-13,589179428,20190000000000000003,900200000000000037,1,54.815,394.188,21606.250,2023-03-13 17:30:00.000,L2FT01-FTJ023,24.03,0.000,0.666012,16605,0.435592,0.055345,0,0,1,0.4200,罗湖区,21,21,0,0,0,0,1
2023-03-13,589179428,20190000000000000003,900200000000000034,1,101.149,476.533,48209.167,2023-03-13 17:45:00.000,L2FT01-FTJ023,24.03,0.000,0.666012,16605,0.435592,0.055345,0,0,1,0.4200,罗湖区,21,21,0,0,0,0,1
2023-03-13,589179428,20190000000000000003,900200000000000044,1,121.270,310.600,37860.000,2023-03-13 17:45:00.000,L2FT01-FTJ023,24.03,0.000,0.666012,16605,0.435592,0.055345,0,0,1,0.4200,罗湖区,21,21,0,0,0,0,1
2023-03-13,589179428,20190000000000000003,900200000000000049,1,130.016,310.740,40396.000,2023-03-13 18:00:00.000,L2FT01-FTJ023,23.93,0.000,0.666012,16605,0.435592,0.055345,0,0,1,0.4200,罗湖区,21,21,0,0,0,0,1
2023-03-13,589179428,20190000000000000003,900200000000000049,1,130.048,311.193,40466.000,2023-03-13 18:15:00.000,L2FT01-FTJ023,23.93,0.000,0.666012,16605,0.435592,0.055345,0,0,1,0.4200,罗湖区,21,21,0,0,0,0,1
2023-03-13,589179428,20190000000000000003,900200000000000049,1,130.072,313.033,40714.000,2023-03-13 18:30:00.000,L2FT01-FTJ023,23.93,0.000,0.666012,16605,0.435592,0.055345,0,0,1,0.4200,罗湖区,21,21,0,0,0,0,1
2023-03-13,589179428,20190000000000000003,900200000000000049,1,130.023,314.671,40911.429,2023-03-13 18:45:00.000,L2FT01-FTJ023,23.93,0.000,0.666012,16605,0.435592,0.055345,0,0,1,0.4200,罗湖区,21,21,0,0,0,0,1
2023-03-13,589179428,20190000000000000003,900200000000000047,1,79.172,360.825,28705.000,2023-03-13 19:00:00.000,L2FT01-FTJ023,24.03,0.000,0.666012,16605,0.435592,0.055345,0,0,1,0.4200,罗湖区,21,21,0,0,0,0,1
2023-03-13,589179428,20190000000000000003,900200000000000047,1,150.739,365.113,55051.333,2023-03-13 19:15:00.000,L2FT01-FTJ023,24.03,0.000,0.666012,16605,0.435592,0.055345,0,0,1,0.4200,罗湖区,21,21,0,0,0,0,1
2023-03-13,589179428,20190000000000000003,900200000000000047,1,167.332,366.180,61274.667,2023-03-13 19:30:00.000,L2FT01-FTJ023,24.03,0.000,0.666012,16605,0.435592,0.055345,0,0,1,0.4200,罗湖区,21,21,0,0,0,0,1
2023-03-13,589179428,20190000000000000003,900200000000000047,1,72.351,364.660,26398.667,2023-03-13 19:45:00.000,L2FT01-FTJ023,24.03,0.000,0.666012,16605,0.435592,0.055345,0,0,1,0.4200,罗湖区,21,21,0,0,0,0,1
2023-03-13,589179428,20190000000000000003,900200000000000031,1,31.045,330.100,10975.000,2023-03-13 19:45:00.000,L2FT01-FTJ023,24.03,0.000,0.666012,16605,0.435592,0.055345,0,0,1,0.4200,罗湖区,21,21,0,0,0,0,1
2023-03-13,589179428,20190000000000000003,900200000000000040,1,150.000,403.100,60460.000,2023-03-13 20:00:00.000,L2FT01-FTJ023,24.33,0.000,0.666012,16605,0.435592,0.055345,0,0,1,0.4200,罗湖区,21,21,0,0,0,0,1
2023-03-13,589179428,20190000000000000003,900200000000000047,1,23.000,368.100,8460.000,2023-03-13 20:00:00.000,L2FT01-FTJ023,24.33,0.000,0.666012,16605,0.435592,0.055345,0,0,1,0.4200,罗湖区,21,21,0,0,0,0,1
2023-03-13,589179428,20190000000000000003,900200000000000031,1,61.831,364.567,22538.667,2023-03-13 20:00:00.000,L2FT01-FTJ023,24.33,0.000,0.666012,16605,0.435592,0.055345,0,0,1,0.4200,罗湖区,21,21,0,0,0,0,1
2023-03-13,589179428,20190000000000000003,900200000000000031,1,61.843,374.013,23129.333,2023-03-13 20:15:00.000,L2FT01-FTJ023,24.33,0.000,0.666012,16605,0.435592,0.055345,0,0,1,0.4200,罗湖区,21,21,0,0,0,0,1
2023-03-13,589179428,20190000000000000003,900200000000000031,1,61.023,381.660,23286.667,2023-03-13 20:30:00.000,L2FT01-FTJ023,24.33,0.000,0.666012,16605,0.435592,0.055345,0,0,1,0.4200,罗湖区,21,21,0,0,0,0,1
2023-03-13,589179428,20190000000000000003,900200000000000031,1,37.163,384.013,14271.333,2023-03-13 20:45:00.000,L2FT01-FTJ023,24.33,0.000,0.666012,16605,0.435592,0.055345,0,0,1,0.4200,罗湖区,21,21,0,0,0,0,1
2023-03-13,589179428,20190000000000000003,900200000000000031,1,16.770,383.867,6437.333,2023-03-13 21:00:00.000,L2FT01-FTJ023,24.81,0.000,0.666012,16605,0.435592,0.055345,0,0,1,0.4200,罗湖区,21,21,0,0,0,0,1
2023-03-13,589179428,20190000000000000003,900200000000000057,1,88.613,399.117,35363.333,2023-03-13 21:00:00.000,L2FT01-FTJ023,24.81,0.000,0.666012,16605,0.435592,0.055345,0,0,1,0.4200,罗湖区,21,21,0,0,0,0,1
2023-03-13,589179428,20190000000000000003,900200000000000031,1,9.790,384.127,3760.000,2023-03-13 21:15:00.000,L2FT01-FTJ023,24.81,0.000,0.666012,16605,0.435592,0.055345,0,0,1,0.4200,罗湖区,21,21,0,0,0,0,1
2023-03-13,589179428,20190000000000000003,900200000000000057,1,79.191,406.153,32152.667,2023-03-13 21:15:00.000,L2FT01-FTJ023,24.81,0.000,0.666012,16605,0.435592,0.055345,0,0,1,0.4200,罗湖区,21,21,0,0,0,0,1
2023-03-13,589179428,20190000000000000003,900200000000000031,1,9.790,385.100,3770.000,2023-03-13 21:30:00.000,L2FT01-FTJ023,24.81,0.000,0.666012,16605,0.435592,0.055345,0,0,1,0.4200,罗湖区,21,21,0,0,0,0,1
2023-03-13,589179428,20190000000000000003,900200000000000057,1,71.931,417.953,30136.667,2023-03-13 21:30:00.000,L2FT01-FTJ023,24.81,0.000,0.666012,16605,0.435592,0.055345,0,0,1,0.4200,罗湖区,21,21,0,0,0,0,1
2023-03-13,589179428,20190000000000000003,900200000000000057,1,43.504,428.387,18623.333,2023-03-13 21:45:00.000,L2FT01-FTJ023,24.81,0.000,0.666012,16605,0.435592,0.055345,0,0,1,0.4200,罗湖区,21,21,0,0,0,0,1
2023-03-13,589179428,20190000000000000003,900200000000000057,1,34.790,431.900,15030.000,2023-03-13 22:00:00.000,L2FT01-FTJ023,25.43,0.000,0.666012,16605,0.435592,0.055345,0,0,1,0.4200,罗湖区,21,21,0,0,0,0,1
2023-03-13,589179428,20190000000000000003,900200000000000052,1,110.799,355.871,39587.857,2023-03-13 22:45:00.000,L2FT01-FTJ023,25.43,0.000,0.666012,16605,0.435592,0.055345,0,0,1,0.4200,罗湖区,21,21,0,0,0,0,1
2023-03-13,589179428,20190000000000000003,900200000000000052,1,119.300,357.700,42670.000,2023-03-13 23:00:00.000,L2FT01-FTJ023,26.15,0.000,0.666012,16605,0.435592,0.055345,0,0,1,0.4200,罗湖区,21,21,0,0,0,0,1
2023-03-13,589179428,20190000000000000003,900200000000000037,1,146.834,309.629,45471.429,2023-03-13 23:00:00.000,L2FT01-FTJ023,26.15,0.000,0.666012,16605,0.435592,0.055345,0,0,1,0.4200,罗湖区,21,21,0,0,0,0,1
2023-03-13,589179428,20190000000000000003,900200000000000037,1,149.810,311.060,46597.333,2023-03-13 23:15:00.000,L2FT01-FTJ023,26.15,0.000,0.666012,16605,0.435592,0.055345,0,0,1,0.4200,罗湖区,21,21,0,0,0,0,1
2023-03-13,589179428,20190000000000000003,900200000000000043,1,17.790,332.100,5910.000,2023-03-13 23:15:00.000,L2FT01-FTJ023,26.15,0.000,0.666012,16605,0.435592,0.055345,0,0,1,0.4200,罗湖区,21,21,0,0,0,0,1
2023-03-13,589179428,20190000000000000003,900200000000000037,1,149.790,312.260,46771.333,2023-03-13 23:30:00.000,L2FT01-FTJ023,26.15,0.000,0.666012,16605,0.435592,0.055345,0,0,1,0.4200,罗湖区,21,21,0,0,0,0,1
2023-03-13,589179428,20190000000000000003,900200000000000043,1,122.234,344.873,42244.000,2023-03-13 23:30:00.000,L2FT01-FTJ023,26.15,0.000,0.666012,16605,0.435592,0.055345,0,0,1,0.4200,罗湖区,21,21,0,0,0,0,1
2023-03-13,589179428,20190000000000000003,900200000000000037,1,149.797,313.933,47024.667,2023-03-13 23:45:00.000,L2FT01-FTJ023,26.15,0.000,0.666012,16605,0.435592,0.055345,0,0,1,0.4200,罗湖区,21,21,0,0,0,0,1
2023-03-13,589179428,20190000000000000003,900200000000000043,1,128.318,358.360,45968.667,2023-03-13 23:45:00.000,L2FT01-FTJ023,26.15,0.000,0.666012,16605,0.435592,0.055345,0,0,1,0.4200,罗湖区,21,21,0,0,0,0,1
2023-03-14,589179428,20190000000000000003,900200000000000037,1,149.982,314.847,47218.667,2023-03-14 00:00:00.000,L2FT01-FTJ023,26.93,0.000,0.666012,16605,0.435592,0.055345,0,0,1,0.4200,罗湖区,21,21,0,0,0,0,1
2023-03-14,589179428,20190000000000000003,900200000000000043,1,97.473,374.560,36455.333,2023-03-14 00:00:00.000,L2FT01-FTJ023,26.93,0.000,0.666012,16605,0.435592,0.055345,0,0,1,0.4200,罗湖区,21,21,0,0,0,0,1
2023-03-14,589179428,20190000000000000003,900200000000000031,1,124.355,306.929,38210.000,2023-03-14 00:15:00.000,L2FT01-FTJ023,26.93,0.000,0.666012,16605,0.435592,0.055345,0,0,1,0.4200,罗湖区,21,21,0,0,0,0,1
2023-03-14,589179428,20190000000000000003,900200000000000037,1,149.912,317.340,47570.000,2023-03-14 00:15:00.000,L2FT01-FTJ023,26.93,0.000,0.666012,16605,0.435592,0.055345,0,0,1,0.4200,罗湖区,21,21,0,0,0,0,1
2023-03-14,589179428,20190000000000000003,900200000000000043,1,81.290,382.267,31073.333,2023-03-14 00:15:00.000,L2FT01-FTJ023,26.93,0.000,0.666012,16605,0.435592,0.055345,0,0,1,0.4200,罗湖区,21,21,0,0,0,0,1
2023-03-14,589179428,20190000000000000003,900200000000000031,1,129.866,310.267,40290.667,2023-03-14 00:30:00.000,L2FT01-FTJ023,26.93,0.000,0.666012,16605,0.435592,0.055345,0,0,1,0.4200,罗湖区,21,21,0,0,0,0,1
2023-03-14,589179428,20190000000000000003,900200000000000037,1,44.840,327.750,14652.500,2023-03-14 00:30:00.000,L2FT01-FTJ023,26.93,0.000,0.666012,16605,0.435592,0.055345,0,0,1,0.4200,罗湖区,21,21,0,0,0,0,1
2023-03-14,589179428,20190000000000000003,900200000000000031,1,129.860,311.060,40390.000,2023-03-14 00:45:00.000,L2FT01-FTJ023,26.93,0.000,0.666012,16605,0.435592,0.055345,0,0,1,0.4200,罗湖区,21,21,0,0,0,0,1
2023-03-14,589179428,20190000000000000003,900200000000000031,1,129.800,312.940,40614.667,2023-03-14 01:00:00.000,L2FT01-FTJ023,27.70,0.000,0.666012,16605,0.435592,0.055345,0,0,1,0.4200,罗湖区,21,21,0,0,0,0,1
2023-03-14,589179428,20190000000000000003,900200000000000052,1,149.790,309.850,46410.000,2023-03-14 01:15:00.000,L2FT01-FTJ023,27.70,0.000,0.666012,16605,0.435592,0.055345,0,0,1,0.4200,罗湖区,21,21,0,0,0,0,1
2023-03-14,589179428,20190000000000000003,900200000000000031,1,125.800,316.700,39831.333,2023-03-14 01:15:00.000,L2FT01-FTJ023,27.70,0.000,0.666012,16605,0.435592,0.055345,0,0,1,0.4200,罗湖区,21,21,0,0,0,0,1
2023-03-14,589179428,20190000000000000003,900200000000000031,1,64.381,321.336,20648.182,2023-03-14 01:30:00.000,L2FT01-FTJ023,27.70,0.000,0.666012,16605,0.435592,0.055345,0,0,1,0.4200,罗湖区,21,21,0,0,0,0,1
2023-03-14,589179428,20190000000000000003,900200000000000052,1,149.810,310.673,46540.000,2023-03-14 01:30:00.000,L2FT01-FTJ023,27.70,0.000,0.666012,16605,0.435592,0.055345,0,0,1,0.4200,罗湖区,21,21,0,0,0,0,1
2023-03-14,589179428,20190000000000000003,900200000000000052,1,149.907,311.727,46726.667,2023-03-14 01:45:00.000,L2FT01-FTJ023,27.70,0.000,0.666012,16605,0.435592,0.055345,0,0,1,0.4200,罗湖区,21,21,0,0,0,0,1
2023-03-14,589179428,20190000000000000003,900200000000000039,1,16.367,310.275,5350.000,2023-03-14 02:00:00.000,L2FT01-FTJ023,28.43,0.000,0.666012,16605,0.435592,0.055345,0,0,1,0.4200,罗湖区,21,21,0,0,0,0,1
2023-03-14,589179428,20190000000000000003,900200000000000052,1,150.000,313.807,47068.000,2023-03-14 02:00:00.000,L2FT01-FTJ023,28.43,0.000,0.666012,16605,0.435592,0.055345,0,0,1,0.4200,罗湖区,21,21,0,0,0,0,1
2023-03-14,589179428,20190000000000000003,900200000000000052,1,150.000,314.940,47238.667,2023-03-14 02:15:00.000,L2FT01-FTJ023,28.43,0.000,0.666012,16605,0.435592,0.055345,0,0,1,0.4200,罗湖区,21,21,0,0,0,0,1
2023-03-14,589179428,20190000000000000003,900200000000000052,1,127.111,320.014,40496.429,2023-03-14 02:30:00.000,L2FT01-FTJ023,28.43,0.000,0.666012,16605,0.435592,0.055345,0,0,1,0.4200,罗湖区,21,21,0,0,0,0,1
2023-03-14,589179428,20190000000000000003,900200000000000035,1,199.830,312.433,62426.667,2023-03-14 03:00:00.000,L2FT01-FTJ023,29.05,0.000,0.666012,16605,0.435592,0.055345,0,0,1,0.4200,罗湖区,21,21,0,0,0,0,1
2023-03-14,589179428,20190000000000000003,900200000000000035,1,199.818,313.427,62621.333,2023-03-14 03:15:00.000,L2FT01-FTJ023,29.05,0.000,0.666012,16605,0.435592,0.055345,0,0,1,0.4200,罗湖区,21,21,0,0,0,0,1
2023-03-14,589179428,20190000000000000003,900200000000000035,1,199.987,315.333,63062.000,2023-03-14 03:30:00.000,L2FT01-FTJ023,29.05,0.000,0.666012,16605,0.435592,0.055345,0,0,1,0.4200,罗湖区,21,21,0,0,0,0,1
2023-03-14,589179428,20190000000000000003,900200000000000035,1,200.000,317.287,63457.333,2023-03-14 03:45:00.000,L2FT01-FTJ023,29.05,0.000,0.666012,16605,0.435592,0.055345,0,0,1,0.4200,罗湖区,21,21,0,0,0,0,1
2023-03-14,589179428,20190000000000000003,900200000000000035,1,98.481,321.214,31664.286,2023-03-14 04:00:00.000,L2FT01-FTJ023,29.53,0.000,0.666012,16605,0.435592,0.055345,0,0,1,0.4200,罗湖区,21,21,0,0,0,0,1
2023-03-14,589179428,20190000000000000003,900200000000000052,1,107.945,344.200,37160.000,2023-03-14 05:15:00.000,L2FT01-FTJ023,29.83,0.000,0.666012,16605,0.435592,0.055345,0,0,1,0.4200,罗湖区,21,21,0,0,0,0,1
2023-03-14,589179428,20190000000000000003,900200000000000052,1,110.233,354.227,39044.000,2023-03-14 05:30:00.000,L2FT01-FTJ023,29.83,0.000,0.666012,16605,0.435592,0.055345,0,0,1,0.4200,罗湖区,21,21,0,0,0,0,1
2023-03-14,589179428,20190000000000000003,900200000000000052,1,105.813,356.460,37714.000,2023-03-14 05:45:00.000,L2FT01-FTJ023,29.83,0.000,0.666012,16605,0.435592,0.055345,0,0,1,0.4200,罗湖区,21,21,0,0,0,0,1
2023-03-14,589179428,20190000000000000003,900200000000000052,1,97.882,357.747,35013.333,2023-03-14 06:00:00.000,L2FT01-FTJ023,29.93,0.000,0.666012,16605,0.435592,0.055345,0,0,1,0.4200,罗湖区,21,21,0,0,0,0,1
2023-03-14,589179428,20190000000000000003,900200000000000040,1,93.278,460.433,43790.000,2023-03-14 06:15:00.000,L2FT01-FTJ023,29.93,0.000,0.666012,16605,0.435592,0.055345,0,0,1,0.4200,罗湖区,21,21,0,0,0,0,1
2023-03-14,589179428,20190000000000000003,900200000000000052,1,58.751,356.527,20943.333,2023-03-14 06:15:00.000,L2FT01-FTJ023,29.93,0.000,0.666012,16605,0.435592,0.055345,0,0,1,0.4200,罗湖区,21,21,0,0,0,0,1
2023-03-14,589179428,20190000000000000003,900200000000000032,1,105.761,432.123,45850.000,2023-03-14 06:30:00.000,L2FT01-FTJ023,29.93,0.000,0.666012,16605,0.435592,0.055345,0,0,1,0.4200,罗湖区,21,21,0,0,0,0,1
2023-03-14,589179428,20190000000000000003,900200000000000040,1,129.890,472.200,61330.667,2023-03-14 06:30:00.000,L2FT01-FTJ023,29.93,0.000,0.666012,16605,0.435592,0.055345,0,0,1,0.4200,罗湖区,21,21,0,0,0,0,1
2023-03-14,589179428,20190000000000000003,900200000000000052,1,27.423,361.150,9891.667,2023-03-14 06:30:00.000,L2FT01-FTJ023,29.93,0.000,0.666012,16605,0.435592,0.055345,0,0,1,0.4200,罗湖区,21,21,0,0,0,0,1
2023-03-14,589179428,20190000000000000003,900200000000000032,1,53.645,445.060,23852.667,2023-03-14 06:45:00.000,L2FT01-FTJ023,29.93,0.000,0.666012,16605,0.435592,0.055345,0,0,1,0.4200,罗湖区,21,21,0,0,0,0,1
2023-03-14,589179428,20190000000000000003,900200000000000040,1,105.868,473.020,50084.000,2023-03-14 06:45:00.000,L2FT01-FTJ023,29.93,0.000,0.666012,16605,0.435592,0.055345,0,0,1,0.4200,罗湖区,21,21,0,0,0,0,1
2023-03-14,589179428,20190000000000000003,900200000000000032,1,47.546,417.244,18114.444,2023-03-14 07:00:00.000,L2FT01-FTJ023,29.83,0.000,0.666012,16605,0.435592,0.055345,0,0,1,0.4200,罗湖区,21,21,0,0,0,0,1
2023-03-14,589179428,20190000000000000003,900200000000000040,1,85.147,472.550,40233.000,2023-03-14 07:00:00.000,L2FT01-FTJ023,29.83,0.000,0.666012,16605,0.435592,0.055345,0,0,1,0.4200,罗湖区,21,21,0,0,0,0,1
2023-03-14,589179428,20190000000000000003,900200000000000057,1,24.060,361.433,9413.333,2023-03-14 07:00:00.000,L2FT01-FTJ023,29.83,0.000,0.666012,16605,0.435592,0.055345,0,0,1,0.4200,罗湖区,21,21,0,0,0,0,1
2023-03-14,589179428,20190000000000000003,900200000000000032,1,78.191,357.300,27970.667,2023-03-14 07:15:00.000,L2FT01-FTJ023,29.83,0.000,0.666012,16605,0.435592,0.055345,0,0,1,0.4200,罗湖区,21,21,0,0,0,0,1
2023-03-14,589179428,20190000000000000003,900200000000000057,1,18.694,391.960,7324.667,2023-03-14 07:15:00.000,L2FT01-FTJ023,29.83,0.000,0.666012,16605,0.435592,0.055345,0,0,1,0.4200,罗湖区,21,21,0,0,0,0,1
2023-03-14,589179428,20190000000000000003,900200000000000057,1,10.381,392.180,4068.667,2023-03-14 07:30:00.000,L2FT01-FTJ023,29.83,0.000,0.666012,16605,0.435592,0.055345,0,0,1,0.4200,罗湖区,21,21,0,0,0,0,1
2023-03-14,589179428,20190000000000000003,900200000000000039,1,89.707,361.567,32433.333,2023-03-14 07:30:00.000,L2FT01-FTJ023,29.83,0.000,0.666012,16605,0.435592,0.055345,0,0,1,0.4200,罗湖区,21,21,0,0,0,0,1
2023-03-14,589179428,20190000000000000003,900200000000000032,1,38.938,356.715,13880.769,2023-03-14 07:30:00.000,L2FT01-FTJ023,29.83,0.000,0.666012,16605,0.435592,0.055345,0,0,1,0.4200,罗湖区,21,21,0,0,0,0,1
2023-03-14,589179428,20190000000000000003,900200000000000039,1,94.054,370.562,34873.750,2023-03-14 07:45:00.000,L2FT01-FTJ023,29.83,0.000,0.666012,16605,0.435592,0.055345,0,0,1,0.4200,罗湖区,21,21,0,0,0,0,1
2023-03-14,589179428,20190000000000000003,900200000000000057,1,7.787,392.693,3054.667,2023-03-14 07:45:00.000,L2FT01-FTJ023,29.83,0.000,0.666012,16605,0.435592,0.055345,0,0,1,0.4200,罗湖区,21,21,0,0,0,0,1
2023-03-14,589179428,20190000000000000003,900200000000000057,1,5.075,392.609,1990.000,2023-03-14 08:00:00.000,L2FT01-FTJ023,29.53,0.000,0.666012,16605,0.435592,0.055345,0,0,1,0.4200,罗湖区,21,21,0,0,0,0,1
2023-03-14,589179428,20190000000000000003,900200000000000030,1,117.177,388.373,45529.091,2023-03-14 08:30:00.000,L2FT01-FTJ023,29.53,0.000,0.666012,16605,0.435592,0.055345,0,0,1,0.4200,罗湖区,21,21,0,0,0,0,1
2023-03-14,589179428,20190000000000000003,900200000000000030,1,86.168,392.600,33831.538,2023-03-14 08:45:00.000,L2FT01-FTJ023,29.53,0.000,0.666012,16605,0.435592,0.055345,0,0,1,0.4200,罗湖区,21,21,0,0,0,0,1
2023-03-14,589179428,20190000000000000003,900200000000000035,1,137.465,356.836,49051.818,2023-03-14 08:45:00.000,L2FT01-FTJ023,29.53,0.000,0.666012,16605,0.435592,0.055345,0,0,1,0.4200,罗湖区,21,21,0,0,0,0,1
2023-03-14,589179428,20190000000000000003,900200000000000035,1,127.428,357.253,45521.333,2023-03-14 09:00:00.000,L2FT01-FTJ023,29.05,0.000,0.666012,16605,0.435592,0.055345,0,0,1,0.4200,罗湖区,21,21,0,0,0,0,1
2023-03-14,589179428,20190000000000000003,900200000000000035,1,117.144,358.640,42008.000,2023-03-14 09:15:00.000,L2FT01-FTJ023,29.05,0.000,0.666012,16605,0.435592,0.055345,0,0,1,0.4200,罗湖区,21,21,0,0,0,0,1
2023-03-14,589179428,20190000000000000003,900200000000000035,1,55.120,357.391,19690.909,2023-03-14 09:30:00.000,L2FT01-FTJ023,29.05,0.000,0.666012,16605,0.435592,0.055345,0,0,1,0.4200,罗湖区,21,21,0,0,0,0,1
2023-03-14,589179428,20190000000000000003,900200000000000044,1,99.800,368.500,36770.000,2023-03-14 11:45:00.000,L2FT01-FTJ023,27.70,0.000,0.666012,16605,0.435592,0.055345,0,0,1,0.4200,罗湖区,21,21,0,0,0,0,1
2023-03-14,589179428,20190000000000000003,900200000000000044,1,71.898,377.727,27098.000,2023-03-14 12:00:00.000,L2FT01-FTJ023,26.93,0.000,0.666012,16605,0.435592,0.055345,0,0,1,0.4200,罗湖区,21,21,0,0,0,0,1
2023-03-14,589179428,20190000000000000003,900200000000000044,1,38.557,382.567,14750.000,2023-03-14 12:15:00.000,L2FT01-FTJ023,26.93,0.000,0.666012,16605,0.435592,0.055345,0,0,1,0.4200,罗湖区,21,21,0,0,0,0,1
2023-03-14,589179428,20190000000000000003,900200000000000031,1,115.813,415.483,48145.000,2023-03-14 12:45:00.000,L2FT01-FTJ023,26.93,0.000,0.666012,16605,0.435592,0.055345,0,0,1,0.4200,罗湖区,21,21,0,0,0,0,1
2023-03-14,589179428,20190000000000000003,900200000000000031,1,120.295,426.440,51300.667,2023-03-14 13:00:00.000,L2FT01-FTJ023,26.15,0.000,0.666012,16605,0.435592,0.055345,0,0,1,0.4200,罗湖区,21,21,0,0,0,0,1
2023-03-14,589179428,20190000000000000003,900200000000000030,1,99.900,294.650,31195.000,2023-03-14 13:15:00.000,L2FT01-FTJ023,26.15,0.000,0.666012,16605,0.435592,0.055345,0,0,1,0.4200,罗湖区,21,21,0,0,0,0,1
2023-03-14,589179428,20190000000000000003,900200000000000031,1,109.683,448.800,49147.333,2023-03-14 13:15:00.000,L2FT01-FTJ023,26.15,0.000,0.666012,16605,0.435592,0.055345,0,0,1,0.4200,罗湖区,21,21,0,0,0,0,1
2023-03-14,589179428,20190000000000000003,900200000000000032,1,44.657,341.783,15330.000,2023-03-14 13:15:00.000,L2FT01-FTJ023,26.15,0.000,0.666012,16605,0.435592,0.055345,0,0,1,0.4200,罗湖区,21,21,0,0,0,0,1
2023-03-14,589179428,20190000000000000003,900200000000000057,1,93.095,446.700,43158.333,2023-03-14 13:15:00.000,L2FT01-FTJ023,26.15,0.000,0.666012,16605,0.435592,0.055345,0,0,1,0.4200,罗湖区,21,21,0,0,0,0,1
2023-03-14,589179428,20190000000000000003,900200000000000030,1,199.873,314.360,62826.667,2023-03-14 13:30:00.000,L2FT01-FTJ023,26.15,0.000,0.666012,16605,0.435592,0.055345,0,0,1,0.4200,罗湖区,21,21,0,0,0,0,1
2023-03-14,589179428,20190000000000000003,900200000000000031,1,40.291,458.757,18469.286,2023-03-14 13:30:00.000,L2FT01-FTJ023,26.15,0.000,0.666012,16605,0.435592,0.055345,0,0,1,0.4200,罗湖区,21,21,0,0,0,0,1
2023-03-14,589179428,20190000000000000003,900200000000000057,1,117.963,467.713,55170.667,2023-03-14 13:30:00.000,L2FT01-FTJ023,26.15,0.000,0.666012,16605,0.435592,0.055345,0,0,1,0.4200,罗湖区,21,21,0,0,0,0,1
2023-03-14,589179428,20190000000000000003,900200000000000030,1,195.223,318.240,62096.667,2023-03-14 13:45:00.000,L2FT01-FTJ023,26.15,0.000,0.666012,16605,0.435592,0.055345,0,0,1,0.4200,罗湖区,21,21,0,0,0,0,1
2023-03-14,589179428,20190000000000000003,900200000000000043,1,71.875,328.350,23598.333,2023-03-14 13:45:00.000,L2FT01-FTJ023,26.15,0.000,0.666012,16605,0.435592,0.055345,0,0,1,0.4200,罗湖区,21,21,0,0,0,0,1
2023-03-14,589179428,20190000000000000003,900200000000000057,1,105.806,467.493,49459.333,2023-03-14 13:45:00.000,L2FT01-FTJ023,26.15,0.000,0.666012,16605,0.435592,0.055345,0,0,1,0.4200,罗湖区,21,21,0,0,0,0,1
2023-03-14,589179428,20190000000000000003,900200000000000030,1,45.934,327.140,14972.000,2023-03-14 14:00:00.000,L2FT01-FTJ023,25.43,0.000,0.666012,16605,0.435592,0.055345,0,0,1,0.4200,罗湖区,21,21,0,0,0,0,1
2023-03-14,589179428,20190000000000000003,900200000000000043,1,71.790,329.700,23666.000,2023-03-14 14:00:00.000,L2FT01-FTJ023,25.43,0.000,0.666012,16605,0.435592,0.055345,0,0,1,0.4200,罗湖区,21,21,0,0,0,0,1
2023-03-14,589179428,20190000000000000003,900200000000000057,1,105.824,467.120,49430.000,2023-03-14 14:00:00.000,L2FT01-FTJ023,25.43,0.000,0.666012,16605,0.435592,0.055345,0,0,1,0.4200,罗湖区,21,21,0,0,0,0,1
2023-03-14,589179428,20190000000000000003,900200000000000057,1,105.800,466.500,49350.000,2023-03-14 14:15:00.000,L2FT01-FTJ023,25.43,0.000,0.666012,16605,0.435592,0.055345,0,0,1,0.4200,罗湖区,21,21,0,0,0,0,1
2023-03-14,589179428,20190000000000000003,900200000000000047,1,29.090,355.400,10340.000,2023-03-14 16:15:00.000,L2FT01-FTJ023,24.33,0.000,0.666012,16605,0.435592,0.055345,0,0,1,0.4200,罗湖区,21,21,0,0,0,0,1
2023-03-14,589179428,20190000000000000003,900200000000000047,1,67.492,362.820,24482.000,2023-03-14 16:30:00.000,L2FT01-FTJ023,24.33,0.000,0.666012,16605,0.435592,0.055345,0,0,1,0.4200,罗湖区,21,21,0,0,0,0,1
2023-03-14,589179428,20190000000000000003,900200000000000040,1,134.048,329.075,44107.500,2023-03-14 16:45:00.000,L2FT01-FTJ023,24.33,0.000,0.666012,16605,0.435592,0.055345,0,0,1,0.4200,罗湖区,21,21,0,0,0,0,1
2023-03-14,589179428,20190000000000000003,900200000000000047,1,29.590,365.875,10825.000,2023-03-14 16:45:00.000,L2FT01-FTJ023,24.33,0.000,0.666012,16605,0.435592,0.055345,0,0,1,0.4200,罗湖区,21,21,0,0,0,0,1
2023-03-14,589179428,20190000000000000003,900200000000000040,1,133.878,330.487,44244.000,2023-03-14 17:00:00.000,L2FT01-FTJ023,24.03,0.000,0.666012,16605,0.435592,0.055345,0,0,1,0.4200,罗湖区,21,21,0,0,0,0,1
2023-03-14,589179428,20190000000000000003,900200000000000037,1,44.444,330.767,14766.667,2023-03-14 17:15:00.000,L2FT01-FTJ023,24.03,0.000,0.666012,16605,0.435592,0.055345,0,0,1,0.4200,罗湖区,21,21,0,0,0,0,1
2023-03-14,589179428,20190000000000000003,900200000000000040,1,120.533,332.180,40105.333,2023-03-14 17:15:00.000,L2FT01-FTJ023,24.03,0.000,0.666012,16605,0.435592,0.055345,0,0,1,0.4200,罗湖区,21,21,0,0,0,0,1
2023-03-14,589179428,20190000000000000003,900200000000000043,1,129.927,309.467,40206.667,2023-03-14 17:15:00.000,L2FT01-FTJ023,24.03,0.000,0.666012,16605,0.435592,0.055345,0,0,1,0.4200,罗湖区,21,21,0,0,0,0,1
2023-03-14,589179428,20190000000000000003,900200000000000037,1,49.945,336.200,16790.000,2023-03-14 17:30:00.000,L2FT01-FTJ023,24.03,0.000,0.666012,16605,0.435592,0.055345,0,0,1,0.4200,罗湖区,21,21,0,0,0,0,1
2023-03-14,589179428,20190000000000000003,900200000000000040,1,55.264,335.729,18512.857,2023-03-14 17:30:00.000,L2FT01-FTJ023,24.03,0.000,0.666012,16605,0.435592,0.055345,0,0,1,0.4200,罗湖区,21,21,0,0,0,0,1
2023-03-14,589179428,20190000000000000003,900200000000000043,1,130.013,310.360,40349.333,2023-03-14 17:30:00.000,L2FT01-FTJ023,24.03,0.000,0.666012,16605,0.435592,0.055345,0,0,1,0.4200,罗湖区,21,21,0,0,0,0,1
2023-03-14,589179428,20190000000000000003,900200000000000043,1,130.026,312.547,40637.333,2023-03-14 17:45:00.000,L2FT01-FTJ023,24.03,0.000,0.666012,16605,0.435592,0.055345,0,0,1,0.4200,罗湖区,21,21,0,0,0,0,1
2023-03-14,589179428,20190000000000000003,900200000000000044,1,57.641,372.793,21560.714,2023-03-14 17:45:00.000,L2FT01-FTJ023,24.03,0.000,0.666012,16605,0.435592,0.055345,0,0,1,0.4200,罗湖区,21,21,0,0,0,0,1
2023-03-14,589179428,20190000000000000003,900200000000000043,1,129.806,314.407,40808.000,2023-03-14 18:00:00.000,L2FT01-FTJ023,23.93,0.000,0.666012,16605,0.435592,0.055345,0,0,1,0.4200,罗湖区,21,21,0,0,0,0,1
2023-03-14,589179428,20190000000000000003,900200000000000044,1,53.431,382.040,20406.667,2023-03-14 18:00:00.000,L2FT01-FTJ023,23.93,0.000,0.666012,16605,0.435592,0.055345,0,0,1,0.4200,罗湖区,21,21,0,0,0,0,1
2023-03-14,589179428,20190000000000000003,900200000000000044,1,28.363,382.393,10846.667,2023-03-14 18:15:00.000,L2FT01-FTJ023,23.93,0.000,0.666012,16605,0.435592,0.055345,0,0,1,0.4200,罗湖区,21,21,0,0,0,0,1
2023-03-14,589179428,20190000000000000003,900200000000000043,1,122.377,318.262,38903.750,2023-03-14 18:15:00.000,L2FT01-FTJ023,23.93,0.000,0.666012,16605,0.435592,0.055345,0,0,1,0.4200,罗湖区,21,21,0,0,0,0,1
2023-03-14,589179428,20190000000000000003,900200000000000044,1,11.950,381.220,4557.333,2023-03-14 18:30:00.000,L2FT01-FTJ023,23.93,0.000,0.666012,16605,0.435592,0.055345,0,0,1,0.4200,罗湖区,21,21,0,0,0,0,1
2023-03-14,589179428,20190000000000000003,900200000000000052,1,68.498,358.769,24645.385,2023-03-14 18:30:00.000,L2FT01-FTJ023,23.93,0.000,0.666012,16605,0.435592,0.055345,0,0,1,0.4200,罗湖区,21,21,0,0,0,0,1
2023-03-14,589179428,20190000000000000003,900200000000000044,1,9.790,381.845,3736.364,2023-03-14 18:45:00.000,L2FT01-FTJ023,23.93,0.000,0.666012,16605,0.435592,0.055345,0,0,1,0.4200,罗湖区,21,21,0,0,0,0,1
2023-03-14,589179428,20190000000000000003,900200000000000052,1,66.311,371.847,24647.333,2023-03-14 18:45:00.000,L2FT01-FTJ023,23.93,0.000,0.666012,16605,0.435592,0.055345,0,0,1,0.4200,罗湖区,21,21,0,0,0,0,1
2023-03-14,589179428,20190000000000000003,900200000000000034,1,159.145,457.842,73105.833,2023-03-14 19:00:00.000,L2FT01-FTJ023,24.03,0.000,0.666012,16605,0.435592,0.055345,0,0,1,0.4200,罗湖区,21,21,0,0,0,0,1
2023-03-14,589179428,20190000000000000003,900200000000000052,1,29.524,373.233,11015.333,2023-03-14 19:00:00.000,L2FT01-FTJ023,24.03,0.000,0.666012,16605,0.435592,0.055345,0,0,1,0.4200,罗湖区,21,21,0,0,0,0,1
2023-03-14,589179428,20190000000000000003,900200000000000034,1,147.381,460.607,67928.000,2023-03-14 19:15:00.000,L2FT01-FTJ023,24.03,0.000,0.666012,16605,0.435592,0.055345,0,0,1,0.4200,罗湖区,21,21,0,0,0,0,1
2023-03-14,589179428,20190000000000000003,900200000000000042,1,59.856,372.100,22355.714,2023-03-14 19:15:00.000,L2FT01-FTJ023,24.03,0.000,0.666012,16605,0.435592,0.055345,0,0,1,0.4200,罗湖区,21,21,0,0,0,0,1
2023-03-14,589179428,20190000000000000003,900200000000000052,1,14.790,374.487,5538.000,2023-03-14 19:15:00.000,L2FT01-FTJ023,24.03,0.000,0.666012,16605,0.435592,0.055345,0,0,1,0.4200,罗湖区,21,21,0,0,0,0,1
2023-03-14,589179428,20190000000000000003,900200000000000034,1,94.131,459.087,43266.667,2023-03-14 19:30:00.000,L2FT01-FTJ023,24.03,0.000,0.666012,16605,0.435592,0.055345,0,0,1,0.4200,罗湖区,21,21,0,0,0,0,1
2023-03-14,589179428,20190000000000000003,900200000000000042,1,63.590,383.873,24393.333,2023-03-14 19:30:00.000,L2FT01-FTJ023,24.03,0.000,0.666012,16605,0.435592,0.055345,0,0,1,0.4200,罗湖区,21,21,0,0,0,0,1
2023-03-14,589179428,20190000000000000003,900200000000000052,1,14.790,376.200,5564.000,2023-03-14 19:30:00.000,L2FT01-FTJ023,24.03,0.000,0.666012,16605,0.435592,0.055345,0,0,1,0.4200,罗湖区,21,21,0,0,0,0,1
2023-03-14,589179428,20190000000000000003,900200000000000034,1,42.634,462.671,19715.714,2023-03-14 19:45:00.000,L2FT01-FTJ023,24.03,0.000,0.666012,16605,0.435592,0.055345,0,0,1,0.4200,罗湖区,21,21,0,0,0,0,1
2023-03-14,589179428,20190000000000000003,900200000000000042,1,26.141,387.427,10124.667,2023-03-14 19:45:00.000,L2FT01-FTJ023,24.03,0.000,0.666012,16605,0.435592,0.055345,0,0,1,0.4200,罗湖区,21,21,0,0,0,0,1
2023-03-14,589179428,20190000000000000003,900200000000000042,1,25.974,391.125,10154.167,2023-03-14 20:00:00.000,L2FT01-FTJ023,24.33,0.000,0.666012,16605,0.435592,0.055345,0,0,1,0.4200,罗湖区,21,21,0,0,0,0,1
2023-03-14,589179428,20190000000000000003,900200000000000037,1,126.745,393.512,49971.250,2023-03-14 20:45:00.000,L2FT01-FTJ023,24.33,0.000,0.666012,16605,0.435592,0.055345,0,0,1,0.4200,罗湖区,21,21,0,0,0,0,1
2023-03-14,589179428,20190000000000000003,900200000000000058,1,73.491,349.664,25799.091,2023-03-14 20:45:00.000,L2FT01-FTJ023,24.33,0.000,0.666012,16605,0.435592,0.055345,0,0,1,0.4200,罗湖区,21,21,0,0,0,0,1
2023-03-14,589179428,20190000000000000003,900200000000000037,1,121.779,409.667,49832.667,2023-03-14 21:00:00.000,L2FT01-FTJ023,24.81,0.000,0.666012,16605,0.435592,0.055345,0,0,1,0.4200,罗湖区,21,21,0,0,0,0,1
2023-03-14,589179428,20190000000000000003,900200000000000058,1,80.830,357.450,28892.000,2023-03-14 21:00:00.000,L2FT01-FTJ023,24.81,0.000,0.666012,16605,0.435592,0.055345,0,0,1,0.4200,罗湖区,21,21,0,0,0,0,1
2023-03-14,589179428,20190000000000000003,900200000000000037,1,81.251,423.540,34384.000,2023-03-14 21:15:00.000,L2FT01-FTJ023,24.81,0.000,0.666012,16605,0.435592,0.055345,0,0,1,0.4200,罗湖区,21,21,0,0,0,0,1
2023-03-14,589179428,20190000000000000003,900200000000000058,1,74.091,363.950,27095.833,2023-03-14 21:15:00.000,L2FT01-FTJ023,24.81,0.000,0.666012,16605,0.435592,0.055345,0,0,1,0.4200,罗湖区,21,21,0,0,0,0,1
2023-03-14,589179428,20190000000000000003,900200000000000037,1,44.290,428.611,18980.000,2023-03-14 21:30:00.000,L2FT01-FTJ023,24.81,0.000,0.666012,16605,0.435592,0.055345,0,0,1,0.4200,罗湖区,21,21,0,0,0,0,1
2023-03-14,589179428,20190000000000000003,900200000000000058,1,80.857,374.911,30312.222,2023-03-14 21:30:00.000,L2FT01-FTJ023,24.81,0.000,0.666012,16605,0.435592,0.055345,0,0,1,0.4200,罗湖区,21,21,0,0,0,0,1
2023-03-14,589179428,20190000000000000003,900200000000000035,1,129.981,395.125,51358.750,2023-03-14 23:45:00.000,L2FT01-FTJ023,26.15,0.000,0.666012,16605,0.435592,0.055345,0,0,1,0.4200,罗湖区,21,21,0,0,0,0,1
2023-03-15,589179428,20190000000000000003,900200000000000035,1,161.185,399.133,64364.000,2023-03-15 00:00:00.000,L2FT01-FTJ023,26.93,0.000,0.666012,16605,0.435592,0.055345,0,0,1,0.4200,罗湖区,21,21,0,0,0,0,1
2023-03-15,589179428,20190000000000000003,900200000000000044,1,133.202,310.200,41452.222,2023-03-15 00:00:00.000,L2FT01-FTJ023,26.93,0.000,0.666012,16605,0.435592,0.055345,0,0,1,0.4200,罗湖区,21,21,0,0,0,0,1
2023-03-15,589179428,20190000000000000003,900200000000000052,1,150.076,310.829,46644.286,2023-03-15 00:00:00.000,L2FT01-FTJ023,26.93,0.000,0.666012,16605,0.435592,0.055345,0,0,1,0.4200,罗湖区,21,21,0,0,0,0,1
2023-03-15,589179428,20190000000000000003,900200000000000057,1,119.530,360.056,43032.222,2023-03-15 00:15:00.000,L2FT01-FTJ023,26.93,0.000,0.666012,16605,0.435592,0.055345,0,0,1,0.4200,罗湖区,21,21,0,0,0,0,1
2023-03-15,589179428,20190000000000000003,900200000000000052,1,149.803,312.133,46756.000,2023-03-15 00:15:00.000,L2FT01-FTJ023,26.93,0.000,0.666012,16605,0.435592,0.055345,0,0,1,0.4200,罗湖区,21,21,0,0,0,0,1
2023-03-15,589179428,20190000000000000003,900200000000000035,1,120.549,398.793,48089.333,2023-03-15 00:15:00.000,L2FT01-FTJ023,26.93,0.000,0.666012,16605,0.435592,0.055345,0,0,1,0.4200,罗湖区,21,21,0,0,0,0,1
2023-03-15,589179428,20190000000000000003,900200000000000044,1,149.857,311.587,46690.667,2023-03-15 00:15:00.000,L2FT01-FTJ023,26.93,0.000,0.666012,16605,0.435592,0.055345,0,0,1,0.4200,罗湖区,21,21,0,0,0,0,1
2023-03-15,589179428,20190000000000000003,900200000000000035,1,91.425,399.108,36483.846,2023-03-15 00:30:00.000,L2FT01-FTJ023,26.93,0.000,0.666012,16605,0.435592,0.055345,0,0,1,0.4200,罗湖区,21,21,0,0,0,0,1
2023-03-15,589179428,20190000000000000003,900200000000000044,1,149.993,313.513,47022.000,2023-03-15 00:30:00.000,L2FT01-FTJ023,26.93,0.000,0.666012,16605,0.435592,0.055345,0,0,1,0.4200,罗湖区,21,21,0,0,0,0,1
2023-03-15,589179428,20190000000000000003,900200000000000052,1,149.863,314.047,47061.333,2023-03-15 00:30:00.000,L2FT01-FTJ023,26.93,0.000,0.666012,16605,0.435592,0.055345,0,0,1,0.4200,罗湖区,21,21,0,0,0,0,1
2023-03-15,589179428,20190000000000000003,900200000000000057,1,119.590,362.147,43307.333,2023-03-15 00:30:00.000,L2FT01-FTJ023,26.93,0.000,0.666012,16605,0.435592,0.055345,0,0,1,0.4200,罗湖区,21,21,0,0,0,0,1
2023-03-15,589179428,20190000000000000003,900200000000000044,1,150.093,314.773,47240.667,2023-03-15 00:45:00.000,L2FT01-FTJ023,26.93,0.000,0.666012,16605,0.435592,0.055345,0,0,1,0.4200,罗湖区,21,21,0,0,0,0,1
2023-03-15,589179428,20190000000000000003,900200000000000052,1,149.890,316.120,47381.333,2023-03-15 00:45:00.000,L2FT01-FTJ023,26.93,0.000,0.666012,16605,0.435592,0.055345,0,0,1,0.4200,罗湖区,21,21,0,0,0,0,1
2023-03-15,589179428,20190000000000000003,900200000000000057,1,53.390,366.350,19542.500,2023-03-15 00:45:00.000,L2FT01-FTJ023,26.93,0.000,0.666012,16605,0.435592,0.055345,0,0,1,0.4200,罗湖区,21,21,0,0,0,0,1
2023-03-15,589179428,20190000000000000003,900200000000000044,1,128.671,319.660,40949.333,2023-03-15 01:00:00.000,L2FT01-FTJ023,27.70,0.000,0.666012,16605,0.435592,0.055345,0,0,1,0.4200,罗湖区,21,21,0,0,0,0,1
2023-03-15,589179428,20190000000000000003,900200000000000052,1,67.019,324.700,21614.286,2023-03-15 01:00:00.000,L2FT01-FTJ023,27.70,0.000,0.666012,16605,0.435592,0.055345,0,0,1,0.4200,罗湖区,21,21,0,0,0,0,1
2023-03-15,589179428,20190000000000000003,900200000000000044,1,29.890,338.800,10130.000,2023-03-15 01:15:00.000,L2FT01-FTJ023,27.70,0.000,0.666012,16605,0.435592,0.055345,0,0,1,0.4200,罗湖区,21,21,0,0,0,0,1
2023-03-15,589179428,20190000000000000003,900200000000000057,1,199.818,310.480,62032.000,2023-03-15 03:00:00.000,L2FT01-FTJ023,29.05,0.000,0.666012,16605,0.435592,0.055345,0,0,1,0.4200,罗湖区,21,21,0,0,0,0,1
2023-03-15,589179428,20190000000000000003,900200000000000049,1,58.726,344.567,20294.444,2023-03-15 03:15:00.000,L2FT01-FTJ023,29.05,0.000,0.666012,16605,0.435592,0.055345,0,0,1,0.4200,罗湖区,21,21,0,0,0,0,1
2023-03-15,589179428,20190000000000000003,900200000000000057,1,199.884,312.713,62500.667,2023-03-15 03:15:00.000,L2FT01-FTJ023,29.05,0.000,0.666012,16605,0.435592,0.055345,0,0,1,0.4200,罗湖区,21,21,0,0,0,0,1
2023-03-15,589179428,20190000000000000003,900200000000000057,1,199.884,314.807,62919.333,2023-03-15 03:30:00.000,L2FT01-FTJ023,29.05,0.000,0.666012,16605,0.435592,0.055345,0,0,1,0.4200,罗湖区,21,21,0,0,0,0,1
2023-03-15,589179428,20190000000000000003,900200000000000049,1,71.441,352.793,25200.667,2023-03-15 03:30:00.000,L2FT01-FTJ023,29.05,0.000,0.666012,16605,0.435592,0.055345,0,0,1,0.4200,罗湖区,21,21,0,0,0,0,1
2023-03-15,589179428,20190000000000000003,900200000000000049,1,71.536,364.467,26069.333,2023-03-15 03:45:00.000,L2FT01-FTJ023,29.05,0.000,0.666012,16605,0.435592,0.055345,0,0,1,0.4200,罗湖区,21,21,0,0,0,0,1
2023-03-15,589179428,20190000000000000003,900200000000000057,1,199.905,316.613,63288.000,2023-03-15 03:45:00.000,L2FT01-FTJ023,29.05,0.000,0.666012,16605,0.435592,0.055345,0,0,1,0.4200,罗湖区,21,21,0,0,0,0,1
2023-03-15,589179428,20190000000000000003,900200000000000049,1,71.590,375.993,26915.333,2023-03-15 04:00:00.000,L2FT01-FTJ023,29.53,0.000,0.666012,16605,0.435592,0.055345,0,0,1,0.4200,罗湖区,21,21,0,0,0,0,1
2023-03-15,589179428,20190000000000000003,900200000000000057,1,150.832,322.300,48337.273,2023-03-15 04:00:00.000,L2FT01-FTJ023,29.53,0.000,0.666012,16605,0.435592,0.055345,0,0,1,0.4200,罗湖区,21,21,0,0,0,0,1
2023-03-15,589179428,20190000000000000003,900200000000000049,1,51.563,385.387,19858.667,2023-03-15 04:15:00.000,L2FT01-FTJ023,29.53,0.000,0.666012,16605,0.435592,0.055345,0,0,1,0.4200,罗湖区,21,21,0,0,0,0,1
2023-03-15,589179428,20190000000000000003,900200000000000030,1,127.248,307.344,39454.444,2023-03-15 04:30:00.000,L2FT01-FTJ023,29.53,0.000,0.666012,16605,0.435592,0.055345,0,0,1,0.4200,罗湖区,21,21,0,0,0,0,1
2023-03-15,589179428,20190000000000000003,900200000000000049,1,23.120,387.587,8958.667,2023-03-15 04:30:00.000,L2FT01-FTJ023,29.53,0.000,0.666012,16605,0.435592,0.055345,0,0,1,0.4200,罗湖区,21,21,0,0,0,0,1
2023-03-15,589179428,20190000000000000003,900200000000000030,1,143.073,310.860,44474.000,2023-03-15 04:45:00.000,L2FT01-FTJ023,29.53,0.000,0.666012,16605,0.435592,0.055345,0,0,1,0.4200,罗湖区,21,21,0,0,0,0,1
2023-03-15,589179428,20190000000000000003,900200000000000049,1,23.157,390.993,9052.667,2023-03-15 04:45:00.000,L2FT01-FTJ023,29.53,0.000,0.666012,16605,0.435592,0.055345,0,0,1,0.4200,罗湖区,21,21,0,0,0,0,1
2023-03-15,589179428,20190000000000000003,900200000000000030,1,143.150,312.113,44676.667,2023-03-15 05:00:00.000,L2FT01-FTJ023,29.83,0.000,0.666012,16605,0.435592,0.055345,0,0,1,0.4200,罗湖区,21,21,0,0,0,0,1
2023-03-15,589179428,20190000000000000003,900200000000000030,1,143.078,313.760,44890.667,2023-03-15 05:15:00.000,L2FT01-FTJ023,29.83,0.000,0.666012,16605,0.435592,0.055345,0,0,1,0.4200,罗湖区,21,21,0,0,0,0,1
2023-03-15,589179428,20190000000000000003,900200000000000030,1,143.143,314.893,45072.667,2023-03-15 05:30:00.000,L2FT01-FTJ023,29.83,0.000,0.666012,16605,0.435592,0.055345,0,0,1,0.4200,罗湖区,21,21,0,0,0,0,1
2023-03-15,589179428,20190000000000000003,900200000000000030,1,110.723,320.880,35306.000,2023-03-15 05:45:00.000,L2FT01-FTJ023,29.83,0.000,0.666012,16605,0.435592,0.055345,0,0,1,0.4200,罗湖区,21,21,0,0,0,0,1
2023-03-15,589179428,20190000000000000003,900200000000000030,1,129.833,311.236,40404.545,2023-03-15 06:15:00.000,L2FT01-FTJ023,29.93,0.000,0.666012,16605,0.435592,0.055345,0,0,1,0.4200,罗湖区,21,21,0,0,0,0,1
2023-03-15,589179428,20190000000000000003,900200000000000030,1,129.860,312.973,40640.000,2023-03-15 06:30:00.000,L2FT01-FTJ023,29.93,0.000,0.666012,16605,0.435592,0.055345,0,0,1,0.4200,罗湖区,21,21,0,0,0,0,1
2023-03-15,589179428,20190000000000000003,900200000000000042,1,64.293,355.140,22844.000,2023-03-15 06:30:00.000,L2FT01-FTJ023,29.93,0.000,0.666012,16605,0.435592,0.055345,0,0,1,0.4200,罗湖区,21,21,0,0,0,0,1
2023-03-15,589179428,20190000000000000003,900200000000000030,1,129.854,314.020,40773.333,2023-03-15 06:45:00.000,L2FT01-FTJ023,29.93,0.000,0.666012,16605,0.435592,0.055345,0,0,1,0.4200,罗湖区,21,21,0,0,0,0,1
2023-03-15,589179428,20190000000000000003,900200000000000034,1,128.702,327.245,42140.000,2023-03-15 06:45:00.000,L2FT01-FTJ023,29.93,0.000,0.666012,16605,0.435592,0.055345,0,0,1,0.4200,罗湖区,21,21,0,0,0,0,1
2023-03-15,589179428,20190000000000000003,900200000000000042,1,71.070,357.020,25372.667,2023-03-15 06:45:00.000,L2FT01-FTJ023,29.93,0.000,0.666012,16605,0.435592,0.055345,0,0,1,0.4200,罗湖区,21,21,0,0,0,0,1
2023-03-15,589179428,20190000000000000003,900200000000000030,1,129.923,315.900,41039.333,2023-03-15 07:00:00.000,L2FT01-FTJ023,29.83,0.000,0.666012,16605,0.435592,0.055345,0,0,1,0.4200,罗湖区,21,21,0,0,0,0,1
2023-03-15,589179428,20190000000000000003,900200000000000034,1,129.820,329.333,42752.000,2023-03-15 07:00:00.000,L2FT01-FTJ023,29.83,0.000,0.666012,16605,0.435592,0.055345,0,0,1,0.4200,罗湖区,21,21,0,0,0,0,1
2023-03-15,589179428,20190000000000000003,900200000000000042,1,48.011,355.987,17096.000,2023-03-15 07:00:00.000,L2FT01-FTJ023,29.83,0.000,0.666012,16605,0.435592,0.055345,0,0,1,0.4200,罗湖区,21,21,0,0,0,0,1
2023-03-15,589179428,20190000000000000003,900200000000000048,1,84.231,360.230,30134.000,2023-03-15 07:00:00.000,L2FT01-FTJ023,29.83,0.000,0.666012,16605,0.435592,0.055345,0,0,1,0.4200,罗湖区,21,21,0,0,0,0,1
2023-03-15,589179428,20190000000000000003,900200000000000030,1,64.707,327.250,21016.667,2023-03-15 07:15:00.000,L2FT01-FTJ023,29.83,0.000,0.666012,16605,0.435592,0.055345,0,0,1,0.4200,罗湖区,21,21,0,0,0,0,1
2023-03-15,589179428,20190000000000000003,900200000000000034,1,115.748,330.467,38246.000,2023-03-15 07:15:00.000,L2FT01-FTJ023,29.83,0.000,0.666012,16605,0.435592,0.055345,0,0,1,0.4200,罗湖区,21,21,0,0,0,0,1
2023-03-15,589179428,20190000000000000003,900200000000000042,1,24.590,353.950,8705.000,2023-03-15 07:15:00.000,L2FT01-FTJ023,29.83,0.000,0.666012,16605,0.435592,0.055345,0,0,1,0.4200,罗湖区,21,21,0,0,0,0,1
2023-03-15,589179428,20190000000000000003,900200000000000048,1,93.590,358.747,33574.667,2023-03-15 07:15:00.000,L2FT01-FTJ023,29.83,0.000,0.666012,16605,0.435592,0.055345,0,0,1,0.4200,罗湖区,21,21,0,0,0,0,1
2023-03-15,589179428,20190000000000000003,900200000000000034,1,104.800,332.120,34802.000,2023-03-15 07:30:00.000,L2FT01-FTJ023,29.83,0.000,0.666012,16605,0.435592,0.055345,0,0,1,0.4200,罗湖区,21,21,0,0,0,0,1
2023-03-15,589179428,20190000000000000003,900200000000000048,1,80.985,359.067,29087.333,2023-03-15 07:30:00.000,L2FT01-FTJ023,29.83,0.000,0.666012,16605,0.435592,0.055345,0,0,1,0.4200,罗湖区,21,21,0,0,0,0,1
2023-03-15,589179428,20190000000000000003,900200000000000048,1,44.822,360.954,16154.615,2023-03-15 07:45:00.000,L2FT01-FTJ023,29.83,0.000,0.666012,16605,0.435592,0.055345,0,0,1,0.4200,罗湖区,21,21,0,0,0,0,1
2023-03-15,589179428,20190000000000000003,900200000000000042,1,191.830,369.367,70850.833,2023-03-15 08:15:00.000,L2FT01-FTJ023,29.53,0.000,0.666012,16605,0.435592,0.055345,0,0,1,0.4200,罗湖区,21,21,0,0,0,0,1
2023-03-15,589179428,20190000000000000003,900200000000000056,1,111.800,430.586,48125.714,2023-03-15 08:15:00.000,L2FT01-FTJ023,29.53,0.000,0.666012,16605,0.435592,0.055345,0,0,1,0.4200,罗湖区,21,21,0,0,0,0,1
2023-03-15,589179428,20190000000000000003,900200000000000056,1,92.547,429.353,39777.333,2023-03-15 08:30:00.000,L2FT01-FTJ023,29.53,0.000,0.666012,16605,0.435592,0.055345,0,0,1,0.4200,罗湖区,21,21,0,0,0,0,1
2023-03-15,589179428,20190000000000000003,900200000000000056,1,61.383,429.786,26369.286,2023-03-15 08:45:00.000,L2FT01-FTJ023,29.53,0.000,0.666012,16605,0.435592,0.055345,0,0,1,0.4200,罗湖区,21,21,0,0,0,0,1
2023-03-15,589179428,20190000000000000003,900200000000000048,1,85.370,348.240,29727.000,2023-03-15 09:00:00.000,L2FT01-FTJ023,29.05,0.000,0.666012,16605,0.435592,0.055345,0,0,1,0.4200,罗湖区,21,21,0,0,0,0,1
2023-03-15,589179428,20190000000000000003,900200000000000057,1,93.623,361.900,33880.000,2023-03-15 09:00:00.000,L2FT01-FTJ023,29.05,0.000,0.666012,16605,0.435592,0.055345,0,0,1,0.4200,罗湖区,21,21,0,0,0,0,1
2023-03-15,589179428,20190000000000000003,900200000000000048,1,87.640,349.547,30658.667,2023-03-15 09:15:00.000,L2FT01-FTJ023,29.05,0.000,0.666012,16605,0.435592,0.055345,0,0,1,0.4200,罗湖区,21,21,0,0,0,0,1
2023-03-15,589179428,20190000000000000003,900200000000000057,1,84.277,360.893,30429.333,2023-03-15 09:15:00.000,L2FT01-FTJ023,29.05,0.000,0.666012,16605,0.435592,0.055345,0,0,1,0.4200,罗湖区,21,21,0,0,0,0,1
2023-03-15,589179428,20190000000000000003,900200000000000048,1,65.943,348.940,23030.000,2023-03-15 09:30:00.000,L2FT01-FTJ023,29.05,0.000,0.666012,16605,0.435592,0.055345,0,0,1,0.4200,罗湖区,21,21,0,0,0,0,1
2023-03-15,589179428,20190000000000000003,900200000000000057,1,46.670,359.850,16784.286,2023-03-15 09:30:00.000,L2FT01-FTJ023,29.05,0.000,0.666012,16605,0.435592,0.055345,0,0,1,0.4200,罗湖区,21,21,0,0,0,0,1
2023-03-15,589179428,20190000000000000003,900200000000000039,1,163.876,346.600,56797.143,2023-03-15 09:45:00.000,L2FT01-FTJ023,29.05,0.000,0.666012,16605,0.435592,0.055345,0,0,1,0.4200,罗湖区,21,21,0,0,0,0,1
2023-03-15,589179428,20190000000000000003,900200000000000048,1,42.683,347.940,14849.333,2023-03-15 09:45:00.000,L2FT01-FTJ023,29.05,0.000,0.666012,16605,0.435592,0.055345,0,0,1,0.4200,罗湖区,21,21,0,0,0,0,1
2023-03-15,589179428,20190000000000000003,900200000000000048,1,28.000,348.527,9755.333,2023-03-15 10:00:00.000,L2FT01-FTJ023,28.43,0.000,0.666012,16605,0.435592,0.055345,0,0,1,0.4200,罗湖区,21,21,0,0,0,0,1
2023-03-15,589179428,20190000000000000003,900200000000000039,1,163.890,347.557,56960.000,2023-03-15 10:00:00.000,L2FT01-FTJ023,28.43,0.000,0.666012,16605,0.435592,0.055345,0,0,1,0.4200,罗湖区,21,21,0,0,0,0,1
2023-03-15,589179428,20190000000000000003,900200000000000048,1,15.000,354.733,5323.333,2023-03-15 10:15:00.000,L2FT01-FTJ023,28.43,0.000,0.666012,16605,0.435592,0.055345,0,0,1,0.4200,罗湖区,21,21,0,0,0,0,1
2023-03-15,589179428,20190000000000000003,900200000000000057,1,71.066,386.988,27505.000,2023-03-15 10:45:00.000,L2FT01-FTJ023,28.43,0.000,0.666012,16605,0.435592,0.055345,0,0,1,0.4200,罗湖区,21,21,0,0,0,0,1
2023-03-15,589179428,20190000000000000003,900200000000000038,1,61.140,388.312,23810.000,2023-03-15 11:00:00.000,L2FT01-FTJ023,27.70,0.000,0.666012,16605,0.435592,0.055345,0,0,1,0.4200,罗湖区,21,21,0,0,0,0,1
2023-03-15,589179428,20190000000000000003,900200000000000057,1,50.951,395.827,20149.333,2023-03-15 11:00:00.000,L2FT01-FTJ023,27.70,0.000,0.666012,16605,0.435592,0.055345,0,0,1,0.4200,罗湖区,21,21,0,0,0,0,1
2023-03-15,589179428,20190000000000000003,900200000000000038,1,46.798,394.769,18473.077,2023-03-15 11:15:00.000,L2FT01-FTJ023,27.70,0.000,0.666012,16605,0.435592,0.055345,0,0,1,0.4200,罗湖区,21,21,0,0,0,0,1
2023-03-15,589179428,20190000000000000003,900200000000000057,1,37.183,403.427,14999.333,2023-03-15 11:15:00.000,L2FT01-FTJ023,27.70,0.000,0.666012,16605,0.435592,0.055345,0,0,1,0.4200,罗湖区,21,21,0,0,0,0,1
2023-03-15,589179428,20190000000000000003,900200000000000040,1,84.323,363.900,30907.500,2023-03-15 11:30:00.000,L2FT01-FTJ023,27.70,0.000,0.666012,16605,0.435592,0.055345,0,0,1,0.4200,罗湖区,21,21,0,0,0,0,1
2023-03-15,589179428,20190000000000000003,900200000000000057,1,33.857,411.260,13918.667,2023-03-15 11:30:00.000,L2FT01-FTJ023,27.70,0.000,0.666012,16605,0.435592,0.055345,0,0,1,0.4200,罗湖区,21,21,0,0,0,0,1
2023-03-15,589179428,20190000000000000003,900200000000000040,1,104.071,373.513,38853.333,2023-03-15 11:45:00.000,L2FT01-FTJ023,27.70,0.000,0.666012,16605,0.435592,0.055345,0,0,1,0.4200,罗湖区,21,21,0,0,0,0,1
2023-03-15,589179428,20190000000000000003,900200000000000052,1,81.635,385.064,31434.545,2023-03-15 11:45:00.000,L2FT01-FTJ023,27.70,0.000,0.666012,16605,0.435592,0.055345,0,0,1,0.4200,罗湖区,21,21,0,0,0,0,1
2023-03-15,589179428,20190000000000000003,900200000000000057,1,14.790,413.450,6112.500,2023-03-15 11:45:00.000,L2FT01-FTJ023,27.70,0.000,0.666012,16605,0.435592,0.055345,0,0,1,0.4200,罗湖区,21,21,0,0,0,0,1
2023-03-15,589179428,20190000000000000003,900200000000000040,1,84.906,387.533,32861.333,2023-03-15 12:00:00.000,L2FT01-FTJ023,26.93,0.000,0.666012,16605,0.435592,0.055345,0,0,1,0.4200,罗湖区,21,21,0,0,0,0,1
2023-03-15,589179428,20190000000000000003,900200000000000035,1,105.976,342.082,36569.091,2023-03-15 12:00:00.000,L2FT01-FTJ023,26.93,0.000,0.666012,16605,0.435592,0.055345,0,0,1,0.4200,罗湖区,21,21,0,0,0,0,1
2023-03-15,589179428,20190000000000000003,900200000000000052,1,81.790,395.733,32364.667,2023-03-15 12:00:00.000,L2FT01-FTJ023,26.93,0.000,0.666012,16605,0.435592,0.055345,0,0,1,0.4200,罗湖区,21,21,0,0,0,0,1
2023-03-15,589179428,20190000000000000003,900200000000000048,1,95.468,363.083,34729.167,2023-03-15 12:15:00.000,L2FT01-FTJ023,26.93,0.000,0.666012,16605,0.435592,0.055345,0,0,1,0.4200,罗湖区,21,21,0,0,0,0,1
2023-03-15,589179428,20190000000000000003,900200000000000052,1,81.790,406.333,33232.667,2023-03-15 12:15:00.000,L2FT01-FTJ023,26.93,0.000,0.666012,16605,0.435592,0.055345,0,0,1,0.4200,罗湖区,21,21,0,0,0,0,1
2023-03-15,589179428,20190000000000000003,900200000000000047,1,81.577,311.171,25381.429,2023-03-15 12:15:00.000,L2FT01-FTJ023,26.93,0.000,0.666012,16605,0.435592,0.055345,0,0,1,0.4200,罗湖区,21,21,0,0,0,0,1
2023-03-15,589179428,20190000000000000003,900200000000000039,1,115.282,381.875,43991.250,2023-03-15 12:15:00.000,L2FT01-FTJ023,26.93,0.000,0.666012,16605,0.435592,0.055345,0,0,1,0.4200,罗湖区,21,21,0,0,0,0,1
2023-03-15,589179428,20190000000000000003,900200000000000040,1,56.897,397.647,22622.000,2023-03-15 12:15:00.000,L2FT01-FTJ023,26.93,0.000,0.666012,16605,0.435592,0.055345,0,0,1,0.4200,罗湖区,21,21,0,0,0,0,1
2023-03-15,589179428,20190000000000000003,900200000000000038,1,108.230,299.367,33591.667,2023-03-15 12:15:00.000,L2FT01-FTJ023,26.93,0.000,0.666012,16605,0.435592,0.055345,0,0,1,0.4200,罗湖区,21,21,0,0,0,0,1
2023-03-15,589179428,20190000000000000003,900200000000000035,1,139.619,354.867,49542.667,2023-03-15 12:15:00.000,L2FT01-FTJ023,26.93,0.000,0.666012,16605,0.435592,0.055345,0,0,1,0.4200,罗湖区,21,21,0,0,0,0,1
2023-03-15,589179428,20190000000000000003,900200000000000034,1,161.794,312.380,50614.000,2023-03-15 12:30:00.000,L2FT01-FTJ023,26.93,0.000,0.666012,16605,0.435592,0.055345,0,0,1,0.4200,罗湖区,21,21,0,0,0,0,1
2023-03-15,589179428,20190000000000000003,900200000000000035,1,111.153,371.667,41253.333,2023-03-15 12:30:00.000,L2FT01-FTJ023,26.93,0.000,0.666012,16605,0.435592,0.055345,0,0,1,0.4200,罗湖区,21,21,0,0,0,0,1
2023-03-15,589179428,20190000000000000003,900200000000000038,1,129.800,311.860,40474.000,2023-03-15 12:30:00.000,L2FT01-FTJ023,26.93,0.000,0.666012,16605,0.435592,0.055345,0,0,1,0.4200,罗湖区,21,21,0,0,0,0,1
2023-03-15,589179428,20190000000000000003,900200000000000039,1,66.851,390.080,26056.667,2023-03-15 12:30:00.000,L2FT01-FTJ023,26.93,0.000,0.666012,16605,0.435592,0.055345,0,0,1,0.4200,罗湖区,21,21,0,0,0,0,1
2023-03-15,589179428,20190000000000000003,900200000000000040,1,32.413,405.267,13148.667,2023-03-15 12:30:00.000,L2FT01-FTJ023,26.93,0.000,0.666012,16605,0.435592,0.055345,0,0,1,0.4200,罗湖区,21,21,0,0,0,0,1
2023-03-15,589179428,20190000000000000003,900200000000000047,1,78.437,314.567,24668.667,2023-03-15 12:30:00.000,L2FT01-FTJ023,26.93,0.000,0.666012,16605,0.435592,0.055345,0,0,1,0.4200,罗湖区,21,21,0,0,0,0,1
2023-03-15,589179428,20190000000000000003,900200000000000048,1,107.123,364.300,39023.333,2023-03-15 12:30:00.000,L2FT01-FTJ023,26.93,0.000,0.666012,16605,0.435592,0.055345,0,0,1,0.4200,罗湖区,21,21,0,0,0,0,1
2023-03-15,589179428,20190000000000000003,900200000000000052,1,65.410,415.133,27140.667,2023-03-15 12:30:00.000,L2FT01-FTJ023,26.93,0.000,0.666012,16605,0.435592,0.055345,0,0,1,0.4200,罗湖区,21,21,0,0,0,0,1
2023-03-15,589179428,20190000000000000003,900200000000000052,1,24.417,416.527,10172.000,2023-03-15 12:45:00.000,L2FT01-FTJ023,26.93,0.000,0.666012,16605,0.435592,0.055345,0,0,1,0.4200,罗湖区,21,21,0,0,0,0,1
2023-03-15,589179428,20190000000000000003,900200000000000047,1,74.663,318.773,23798.000,2023-03-15 12:45:00.000,L2FT01-FTJ023,26.93,0.000,0.666012,16605,0.435592,0.055345,0,0,1,0.4200,罗湖区,21,21,0,0,0,0,1
2023-03-15,589179428,20190000000000000003,900200000000000040,1,10.878,405.767,4412.667,2023-03-15 12:45:00.000,L2FT01-FTJ023,26.93,0.000,0.666012,16605,0.435592,0.055345,0,0,1,0.4200,罗湖区,21,21,0,0,0,0,1
2023-03-15,589179428,20190000000000000003,900200000000000039,1,40.830,397.773,16236.000,2023-03-15 12:45:00.000,L2FT01-FTJ023,26.93,0.000,0.666012,16605,0.435592,0.055345,0,0,1,0.4200,罗湖区,21,21,0,0,0,0,1
2023-03-15,589179428,20190000000000000003,900200000000000038,1,129.812,314.207,40784.000,2023-03-15 12:45:00.000,L2FT01-FTJ023,26.93,0.000,0.666012,16605,0.435592,0.055345,0,0,1,0.4200,罗湖区,21,21,0,0,0,0,1
2023-03-15,589179428,20190000000000000003,900200000000000035,1,73.783,383.620,28278.000,2023-03-15 12:45:00.000,L2FT01-FTJ023,26.93,0.000,0.666012,16605,0.435592,0.055345,0,0,1,0.4200,罗湖区,21,21,0,0,0,0,1
2023-03-15,589179428,20190000000000000003,900200000000000034,1,202.890,315.240,63957.333,2023-03-15 12:45:00.000,L2FT01-FTJ023,26.93,0.000,0.666012,16605,0.435592,0.055345,0,0,1,0.4200,罗湖区,21,21,0,0,0,0,1
2023-03-15,589179428,20190000000000000003,900200000000000034,1,166.282,319.883,52990.833,2023-03-15 13:00:00.000,L2FT01-FTJ023,26.15,0.000,0.666012,16605,0.435592,0.055345,0,0,1,0.4200,罗湖区,21,21,0,0,0,0,1
2023-03-15,589179428,20190000000000000003,900200000000000035,1,26.590,385.000,10240.000,2023-03-15 13:00:00.000,L2FT01-FTJ023,26.15,0.000,0.666012,16605,0.435592,0.055345,0,0,1,0.4200,罗湖区,21,21,0,0,0,0,1
2023-03-15,589179428,20190000000000000003,900200000000000038,1,125.860,316.960,39868.667,2023-03-15 13:00:00.000,L2FT01-FTJ023,26.15,0.000,0.666012,16605,0.435592,0.055345,0,0,1,0.4200,罗湖区,21,21,0,0,0,0,1
2023-03-15,589179428,20190000000000000003,900200000000000039,1,14.859,399.854,5940.000,2023-03-15 13:00:00.000,L2FT01-FTJ023,26.15,0.000,0.666012,16605,0.435592,0.055345,0,0,1,0.4200,罗湖区,21,21,0,0,0,0,1
2023-03-15,589179428,20190000000000000003,900200000000000040,1,11.090,406.900,4510.000,2023-03-15 13:00:00.000,L2FT01-FTJ023,26.15,0.000,0.666012,16605,0.435592,0.055345,0,0,1,0.4200,罗湖区,21,21,0,0,0,0,1
2023-03-15,589179428,20190000000000000003,900200000000000047,1,71.743,325.420,23340.667,2023-03-15 13:00:00.000,L2FT01-FTJ023,26.15,0.000,0.666012,16605,0.435592,0.055345,0,0,1,0.4200,罗湖区,21,21,0,0,0,0,1
2023-03-15,589179428,20190000000000000003,900200000000000052,1,20.290,418.043,8480.000,2023-03-15 13:00:00.000,L2FT01-FTJ023,26.15,0.000,0.666012,16605,0.435592,0.055345,0,0,1,0.4200,罗湖区,21,21,0,0,0,0,1
2023-03-15,589179428,20190000000000000003,900200000000000038,1,39.840,332.100,13215.000,2023-03-15 13:15:00.000,L2FT01-FTJ023,26.15,0.000,0.666012,16605,0.435592,0.055345,0,0,1,0.4200,罗湖区,21,21,0,0,0,0,1
2023-03-15,589179428,20190000000000000003,900200000000000047,1,50.741,329.767,16731.111,2023-03-15 13:15:00.000,L2FT01-FTJ023,26.15,0.000,0.666012,16605,0.435592,0.055345,0,0,1,0.4200,罗湖区,21,21,0,0,0,0,1
2023-03-15,589179428,20190000000000000003,900200000000000042,1,104.845,404.675,42732.500,2023-03-15 14:00:00.000,L2FT01-FTJ023,25.43,0.000,0.666012,16605,0.435592,0.055345,0,0,1,0.4200,罗湖区,21,21,0,0,0,0,1
2023-03-15,589179428,20190000000000000003,900200000000000042,1,135.031,419.987,56691.333,2023-03-15 14:15:00.000,L2FT01-FTJ023,25.43,0.000,0.666012,16605,0.435592,0.055345,0,0,1,0.4200,罗湖区,21,21,0,0,0,0,1
2023-03-15,589179428,20190000000000000003,900200000000000042,1,120.493,431.333,51970.000,2023-03-15 14:30:00.000,L2FT01-FTJ023,25.43,0.000,0.666012,16605,0.435592,0.055345,0,0,1,0.4200,罗湖区,21,21,0,0,0,0,1
2023-03-15,589179428,20190000000000000003,900200000000000037,1,129.880,311.857,40500.000,2023-03-15 15:00:00.000,L2FT01-FTJ023,24.81,0.000,0.666012,16605,0.435592,0.055345,0,0,1,0.4200,罗湖区,21,21,0,0,0,0,1
2023-03-15,589179428,20190000000000000003,900200000000000037,1,129.818,314.580,40834.000,2023-03-15 15:15:00.000,L2FT01-FTJ023,24.81,0.000,0.666012,16605,0.435592,0.055345,0,0,1,0.4200,罗湖区,21,21,0,0,0,0,1
2023-03-15,589179428,20190000000000000003,900200000000000037,1,127.824,318.053,40640.667,2023-03-15 15:30:00.000,L2FT01-FTJ023,24.81,0.000,0.666012,16605,0.435592,0.055345,0,0,1,0.4200,罗湖区,21,21,0,0,0,0,1
2023-03-15,589179428,20190000000000000003,900200000000000037,1,74.808,324.700,24288.333,2023-03-15 15:45:00.000,L2FT01-FTJ023,24.81,0.000,0.666012,16605,0.435592,0.055345,0,0,1,0.4200,罗湖区,21,21,0,0,0,0,1
2023-03-15,589179428,20190000000000000003,900200000000000048,1,129.800,309.820,40212.000,2023-03-15 16:45:00.000,L2FT01-FTJ023,24.33,0.000,0.666012,16605,0.435592,0.055345,0,0,1,0.4200,罗湖区,21,21,0,0,0,0,1
2023-03-15,589179428,20190000000000000003,900200000000000048,1,129.890,310.407,40316.667,2023-03-15 17:00:00.000,L2FT01-FTJ023,24.03,0.000,0.666012,16605,0.435592,0.055345,0,0,1,0.4200,罗湖区,21,21,0,0,0,0,1
2023-03-15,589179428,20190000000000000003,900200000000000048,1,129.884,312.127,40537.333,2023-03-15 17:15:00.000,L2FT01-FTJ023,24.03,0.000,0.666012,16605,0.435592,0.055345,0,0,1,0.4200,罗湖区,21,21,0,0,0,0,1
2023-03-15,589179428,20190000000000000003,900200000000000048,1,129.890,313.687,40742.667,2023-03-15 17:30:00.000,L2FT01-FTJ023,24.03,0.000,0.666012,16605,0.435592,0.055345,0,0,1,0.4200,罗湖区,21,21,0,0,0,0,1
2023-03-15,589179428,20190000000000000003,900200000000000052,1,103.894,324.560,32678.000,2023-03-15 17:30:00.000,L2FT01-FTJ023,24.03,0.000,0.666012,16605,0.435592,0.055345,0,0,1,0.4200,罗湖区,21,21,0,0,0,0,1
2023-03-15,589179428,20190000000000000003,900200000000000048,1,129.890,314.993,40912.667,2023-03-15 17:45:00.000,L2FT01-FTJ023,24.03,0.000,0.666012,16605,0.435592,0.055345,0,0,1,0.4200,罗湖区,21,21,0,0,0,0,1
2023-03-15,589179428,20190000000000000003,900200000000000049,1,129.968,314.980,40931.000,2023-03-15 17:45:00.000,L2FT01-FTJ023,24.03,0.000,0.666012,16605,0.435592,0.055345,0,0,1,0.4200,罗湖区,21,21,0,0,0,0,1
2023-03-15,589179428,20190000000000000003,900200000000000052,1,129.861,314.780,40874.000,2023-03-15 17:45:00.000,L2FT01-FTJ023,24.03,0.000,0.666012,16605,0.435592,0.055345,0,0,1,0.4200,罗湖区,21,21,0,0,0,0,1
2023-03-15,589179428,20190000000000000003,900200000000000049,1,129.899,316.700,41136.667,2023-03-15 18:00:00.000,L2FT01-FTJ023,23.93,0.000,0.666012,16605,0.435592,0.055345,0,0,1,0.4200,罗湖区,21,21,0,0,0,0,1
2023-03-15,589179428,20190000000000000003,900200000000000052,1,97.405,321.975,31101.250,2023-03-15 18:00:00.000,L2FT01-FTJ023,23.93,0.000,0.666012,16605,0.435592,0.055345,0,0,1,0.4200,罗湖区,21,21,0,0,0,0,1
2023-03-15,589179428,20190000000000000003,900200000000000048,1,97.365,322.025,31145.000,2023-03-15 18:00:00.000,L2FT01-FTJ023,23.93,0.000,0.666012,16605,0.435592,0.055345,0,0,1,0.4200,罗湖区,21,21,0,0,0,0,1
2023-03-15,589179428,20190000000000000003,900200000000000043,1,119.120,318.167,37405.833,2023-03-15 18:15:00.000,L2FT01-FTJ023,23.93,0.000,0.666012,16605,0.435592,0.055345,0,0,1,0.4200,罗湖区,21,21,0,0,0,0,1
2023-03-15,589179428,20190000000000000003,900200000000000049,1,49.840,327.125,16260.000,2023-03-15 18:15:00.000,L2FT01-FTJ023,23.93,0.000,0.666012,16605,0.435592,0.055345,0,0,1,0.4200,罗湖区,21,21,0,0,0,0,1
2023-03-15,589179428,20190000000000000003,900200000000000043,1,115.356,318.391,36575.455,2023-03-15 18:30:00.000,L2FT01-FTJ023,23.93,0.000,0.666012,16605,0.435592,0.055345,0,0,1,0.4200,罗湖区,21,21,0,0,0,0,1
2023-03-15,589179428,20190000000000000003,900200000000000043,1,115.014,291.580,35656.000,2023-03-15 19:30:00.000,L2FT01-FTJ023,24.03,0.000,0.666012,16605,0.435592,0.055345,0,0,1,0.4200,罗湖区,21,21,0,0,0,0,1
2023-03-15,589179428,20190000000000000003,900200000000000043,1,143.584,310.300,44552.667,2023-03-15 19:45:00.000,L2FT01-FTJ023,24.03,0.000,0.666012,16605,0.435592,0.055345,0,0,1,0.4200,罗湖区,21,21,0,0,0,0,1
2023-03-15,589179428,20190000000000000003,900200000000000043,1,143.590,311.960,44792.667,2023-03-15 20:00:00.000,L2FT01-FTJ023,24.33,0.000,0.666012,16605,0.435592,0.055345,0,0,1,0.4200,罗湖区,21,21,0,0,0,0,1
2023-03-15,589179428,20190000000000000003,900200000000000048,1,80.790,445.380,35982.000,2023-03-15 20:00:00.000,L2FT01-FTJ023,24.33,0.000,0.666012,16605,0.435592,0.055345,0,0,1,0.4200,罗湖区,21,21,0,0,0,0,1
2023-03-15,589179428,20190000000000000003,900200000000000043,1,143.590,313.540,45019.333,2023-03-15 20:15:00.000,L2FT01-FTJ023,24.33,0.000,0.666012,16605,0.435592,0.055345,0,0,1,0.4200,罗湖区,21,21,0,0,0,0,1
2023-03-15,589179428,20190000000000000003,900200000000000048,1,62.790,454.080,28511.333,2023-03-15 20:15:00.000,L2FT01-FTJ023,24.33,0.000,0.666012,16605,0.435592,0.055345,0,0,1,0.4200,罗湖区,21,21,0,0,0,0,1
2023-03-15,589179428,20190000000000000003,900200000000000043,1,143.590,315.367,45280.667,2023-03-15 20:30:00.000,L2FT01-FTJ023,24.33,0.000,0.666012,16605,0.435592,0.055345,0,0,1,0.4200,罗湖区,21,21,0,0,0,0,1
2023-03-15,589179428,20190000000000000003,900200000000000048,1,29.619,461.560,13699.333,2023-03-15 20:30:00.000,L2FT01-FTJ023,24.33,0.000,0.666012,16605,0.435592,0.055345,0,0,1,0.4200,罗湖区,21,21,0,0,0,0,1
2023-03-15,589179428,20190000000000000003,900200000000000057,1,209.830,436.100,91503.333,2023-03-15 20:30:00.000,L2FT01-FTJ023,24.33,0.000,0.666012,16605,0.435592,0.055345,0,0,1,0.4200,罗湖区,21,21,0,0,0,0,1
2023-03-15,589179428,20190000000000000003,900200000000000048,1,12.993,462.487,6003.333,2023-03-15 20:45:00.000,L2FT01-FTJ023,24.33,0.000,0.666012,16605,0.435592,0.055345,0,0,1,0.4200,罗湖区,21,21,0,0,0,0,1
2023-03-15,589179428,20190000000000000003,900200000000000043,1,91.330,323.220,29406.000,2023-03-15 20:45:00.000,L2FT01-FTJ023,24.33,0.000,0.666012,16605,0.435592,0.055345,0,0,1,0.4200,罗湖区,21,21,0,0,0,0,1
2023-03-15,589179428,20190000000000000003,900200000000000057,1,152.717,433.400,66366.667,2023-03-15 20:45:00.000,L2FT01-FTJ023,24.33,0.000,0.666012,16605,0.435592,0.055345,0,0,1,0.4200,罗湖区,21,21,0,0,0,0,1
2023-03-15,589179428,20190000000000000003,900200000000000048,1,12.940,464.736,6011.818,2023-03-15 21:00:00.000,L2FT01-FTJ023,24.81,0.000,0.666012,16605,0.435592,0.055345,0,0,1,0.4200,罗湖区,21,21,0,0,0,0,1
2023-03-16,589179428,20190000000000000003,900200000000000048,1,111.270,303.729,33771.429,2023-03-16 00:00:00.000,L2FT01-FTJ023,26.93,0.000,0.666012,16605,0.435592,0.055345,0,0,1,0.4200,罗湖区,21,21,0,0,0,0,1
2023-03-16,589179428,20190000000000000003,900200000000000031,1,142.044,304.757,43285.000,2023-03-16 00:15:00.000,L2FT01-FTJ023,26.93,0.000,0.666012,16605,0.435592,0.055345,0,0,1,0.4200,罗湖区,21,21,0,0,0,0,1
2023-03-16,589179428,20190000000000000003,900200000000000048,1,129.854,308.013,39994.000,2023-03-16 00:15:00.000,L2FT01-FTJ023,26.93,0.000,0.666012,16605,0.435592,0.055345,0,0,1,0.4200,罗湖区,21,21,0,0,0,0,1
2023-03-16,589179428,20190000000000000003,900200000000000031,1,142.197,309.367,43988.000,2023-03-16 00:30:00.000,L2FT01-FTJ023,26.93,0.000,0.666012,16605,0.435592,0.055345,0,0,1,0.4200,罗湖区,21,21,0,0,0,0,1
2023-03-16,589179428,20190000000000000003,900200000000000048,1,129.905,310.120,40282.667,2023-03-16 00:30:00.000,L2FT01-FTJ023,26.93,0.000,0.666012,16605,0.435592,0.055345,0,0,1,0.4200,罗湖区,21,21,0,0,0,0,1
2023-03-16,589179428,20190000000000000003,900200000000000031,1,142.190,310.387,44132.000,2023-03-16 00:45:00.000,L2FT01-FTJ023,26.93,0.000,0.666012,16605,0.435592,0.055345,0,0,1,0.4200,罗湖区,21,21,0,0,0,0,1
2023-03-16,589179428,20190000000000000003,900200000000000048,1,130.024,310.967,40429.333,2023-03-16 00:45:00.000,L2FT01-FTJ023,26.93,0.000,0.666012,16605,0.435592,0.055345,0,0,1,0.4200,罗湖区,21,21,0,0,0,0,1
2023-03-16,589179428,20190000000000000003,900200000000000052,1,150.107,428.075,64254.167,2023-03-16 00:45:00.000,L2FT01-FTJ023,26.93,0.000,0.666012,16605,0.435592,0.055345,0,0,1,0.4200,罗湖区,21,21,0,0,0,0,1
2023-03-16,589179428,20190000000000000003,900200000000000031,1,142.256,312.127,44397.333,2023-03-16 01:00:00.000,L2FT01-FTJ023,27.70,0.000,0.666012,16605,0.435592,0.055345,0,0,1,0.4200,罗湖区,21,21,0,0,0,0,1
2023-03-16,589179428,20190000000000000003,900200000000000048,1,130.066,312.700,40669.333,2023-03-16 01:00:00.000,L2FT01-FTJ023,27.70,0.000,0.666012,16605,0.435592,0.055345,0,0,1,0.4200,罗湖区,21,21,0,0,0,0,1
2023-03-16,589179428,20190000000000000003,900200000000000052,1,141.852,431.267,61194.000,2023-03-16 01:00:00.000,L2FT01-FTJ023,27.70,0.000,0.666012,16605,0.435592,0.055345,0,0,1,0.4200,罗湖区,21,21,0,0,0,0,1
2023-03-16,589179428,20190000000000000003,900200000000000031,1,140.951,313.520,44189.333,2023-03-16 01:15:00.000,L2FT01-FTJ023,27.70,0.000,0.666012,16605,0.435592,0.055345,0,0,1,0.4200,罗湖区,21,21,0,0,0,0,1
2023-03-16,589179428,20190000000000000003,900200000000000048,1,129.860,314.687,40862.000,2023-03-16 01:15:00.000,L2FT01-FTJ023,27.70,0.000,0.666012,16605,0.435592,0.055345,0,0,1,0.4200,罗湖区,21,21,0,0,0,0,1
2023-03-16,589179428,20190000000000000003,900200000000000052,1,100.001,430.100,43031.333,2023-03-16 01:15:00.000,L2FT01-FTJ023,27.70,0.000,0.666012,16605,0.435592,0.055345,0,0,1,0.4200,罗湖区,21,21,0,0,0,0,1
2023-03-16,589179428,20190000000000000003,900200000000000052,1,62.823,432.493,27146.667,2023-03-16 01:30:00.000,L2FT01-FTJ023,27.70,0.000,0.666012,16605,0.435592,0.055345,0,0,1,0.4200,罗湖区,21,21,0,0,0,0,1
2023-03-16,589179428,20190000000000000003,900200000000000031,1,142.212,314.493,44722.667,2023-03-16 01:30:00.000,L2FT01-FTJ023,27.70,0.000,0.666012,16605,0.435592,0.055345,0,0,1,0.4200,罗湖区,21,21,0,0,0,0,1
2023-03-16,589179428,20190000000000000003,900200000000000048,1,85.706,321.775,27363.333,2023-03-16 01:30:00.000,L2FT01-FTJ023,27.70,0.000,0.666012,16605,0.435592,0.055345,0,0,1,0.4200,罗湖区,21,21,0,0,0,0,1
2023-03-16,589179428,20190000000000000003,900200000000000031,1,105.194,320.592,33509.231,2023-03-16 01:45:00.000,L2FT01-FTJ023,27.70,0.000,0.666012,16605,0.435592,0.055345,0,0,1,0.4200,罗湖区,21,21,0,0,0,0,1
2023-03-16,589179428,20190000000000000003,900200000000000052,1,22.290,440.850,9830.000,2023-03-16 01:45:00.000,L2FT01-FTJ023,27.70,0.000,0.666012,16605,0.435592,0.055345,0,0,1,0.4200,罗湖区,21,21,0,0,0,0,1
2023-03-16,589179428,20190000000000000003,900200000000000049,1,64.760,303.880,19716.000,2023-03-16 03:15:00.000,L2FT01-FTJ023,29.05,0.000,0.666012,16605,0.435592,0.055345,0,0,1,0.4200,罗湖区,21,21,0,0,0,0,1
2023-03-16,589179428,20190000000000000003,900200000000000049,1,71.471,306.973,21934.667,2023-03-16 03:30:00.000,L2FT01-FTJ023,29.05,0.000,0.666012,16605,0.435592,0.055345,0,0,1,0.4200,罗湖区,21,21,0,0,0,0,1
2023-03-16,589179428,20190000000000000003,900200000000000049,1,70.900,307.767,21814.667,2023-03-16 03:45:00.000,L2FT01-FTJ023,29.05,0.000,0.666012,16605,0.435592,0.055345,0,0,1,0.4200,罗湖区,21,21,0,0,0,0,1
2023-03-16,589179428,20190000000000000003,900200000000000049,1,71.500,307.900,22010.000,2023-03-16 04:00:00.000,L2FT01-FTJ023,29.53,0.000,0.666012,16605,0.435592,0.055345,0,0,1,0.4200,罗湖区,21,21,0,0,0,0,1
2023-03-16,589179428,20190000000000000003,900200000000000049,1,71.560,308.267,22056.000,2023-03-16 04:15:00.000,L2FT01-FTJ023,29.53,0.000,0.666012,16605,0.435592,0.055345,0,0,1,0.4200,罗湖区,21,21,0,0,0,0,1
2023-03-16,589179428,20190000000000000003,900200000000000037,1,115.516,303.080,35094.000,2023-03-16 04:30:00.000,L2FT01-FTJ023,29.53,0.000,0.666012,16605,0.435592,0.055345,0,0,1,0.4200,罗湖区,21,21,0,0,0,0,1
2023-03-16,589179428,20190000000000000003,900200000000000049,1,71.643,308.993,22135.333,2023-03-16 04:30:00.000,L2FT01-FTJ023,29.53,0.000,0.666012,16605,0.435592,0.055345,0,0,1,0.4200,罗湖区,21,21,0,0,0,0,1
2023-03-16,589179428,20190000000000000003,900200000000000049,1,71.590,310.227,22208.000,2023-03-16 04:45:00.000,L2FT01-FTJ023,29.53,0.000,0.666012,16605,0.435592,0.055345,0,0,1,0.4200,罗湖区,21,21,0,0,0,0,1
2023-03-16,589179428,20190000000000000003,900200000000000037,1,129.836,309.013,40116.667,2023-03-16 04:45:00.000,L2FT01-FTJ023,29.53,0.000,0.666012,16605,0.435592,0.055345,0,0,1,0.4200,罗湖区,21,21,0,0,0,0,1
2023-03-16,589179428,20190000000000000003,900200000000000049,1,71.566,311.680,22302.667,2023-03-16 05:00:00.000,L2FT01-FTJ023,29.83,0.000,0.666012,16605,0.435592,0.055345,0,0,1,0.4200,罗湖区,21,21,0,0,0,0,1
2023-03-16,589179428,20190000000000000003,900200000000000037,1,129.849,310.687,40338.000,2023-03-16 05:00:00.000,L2FT01-FTJ023,29.83,0.000,0.666012,16605,0.435592,0.055345,0,0,1,0.4200,罗湖区,21,21,0,0,0,0,1
2023-03-16,589179428,20190000000000000003,900200000000000037,1,129.993,311.660,40508.667,2023-03-16 05:15:00.000,L2FT01-FTJ023,29.83,0.000,0.666012,16605,0.435592,0.055345,0,0,1,0.4200,罗湖区,21,21,0,0,0,0,1
2023-03-16,589179428,20190000000000000003,900200000000000049,1,71.590,312.180,22348.000,2023-03-16 05:15:00.000,L2FT01-FTJ023,29.83,0.000,0.666012,16605,0.435592,0.055345,0,0,1,0.4200,罗湖区,21,21,0,0,0,0,1
2023-03-16,589179428,20190000000000000003,900200000000000032,1,149.854,342.987,51397.500,2023-03-16 05:30:00.000,L2FT01-FTJ023,29.83,0.000,0.666012,16605,0.435592,0.055345,0,0,1,0.4200,罗湖区,21,21,0,0,0,0,1
2023-03-16,589179428,20190000000000000003,900200000000000037,1,130.030,313.627,40777.333,2023-03-16 05:30:00.000,L2FT01-FTJ023,29.83,0.000,0.666012,16605,0.435592,0.055345,0,0,1,0.4200,罗湖区,21,21,0,0,0,0,1
2023-03-16,589179428,20190000000000000003,900200000000000045,1,66.352,301.136,20457.143,2023-03-16 05:30:00.000,L2FT01-FTJ023,29.83,0.000,0.666012,16605,0.435592,0.055345,0,0,1,0.4200,罗湖区,21,21,0,0,0,0,1
2023-03-16,589179428,20190000000000000003,900200000000000049,1,71.590,312.507,22370.000,2023-03-16 05:30:00.000,L2FT01-FTJ023,29.83,0.000,0.666012,16605,0.435592,0.055345,0,0,1,0.4200,罗湖区,21,21,0,0,0,0,1
2023-03-16,589179428,20190000000000000003,900200000000000032,1,149.956,344.053,51592.000,2023-03-16 05:45:00.000,L2FT01-FTJ023,29.83,0.000,0.666012,16605,0.435592,0.055345,0,0,1,0.4200,罗湖区,21,21,0,0,0,0,1
2023-03-16,589179428,20190000000000000003,900200000000000037,1,130.066,315.140,40986.000,2023-03-16 05:45:00.000,L2FT01-FTJ023,29.83,0.000,0.666012,16605,0.435592,0.055345,0,0,1,0.4200,罗湖区,21,21,0,0,0,0,1
2023-03-16,589179428,20190000000000000003,900200000000000045,1,71.441,308.620,22045.333,2023-03-16 05:45:00.000,L2FT01-FTJ023,29.83,0.000,0.666012,16605,0.435592,0.055345,0,0,1,0.4200,罗湖区,21,21,0,0,0,0,1
2023-03-16,589179428,20190000000000000003,900200000000000049,1,71.590,313.180,22418.667,2023-03-16 05:45:00.000,L2FT01-FTJ023,29.83,0.000,0.666012,16605,0.435592,0.055345,0,0,1,0.4200,罗湖区,21,21,0,0,0,0,1
2023-03-16,589179428,20190000000000000003,900200000000000045,1,71.441,309.780,22127.333,2023-03-16 06:00:00.000,L2FT01-FTJ023,29.93,0.000,0.666012,16605,0.435592,0.055345,0,0,1,0.4200,罗湖区,21,21,0,0,0,0,1
2023-03-16,589179428,20190000000000000003,900200000000000049,1,65.159,318.331,20663.077,2023-03-16 06:00:00.000,L2FT01-FTJ023,29.93,0.000,0.666012,16605,0.435592,0.055345,0,0,1,0.4200,罗湖区,21,21,0,0,0,0,1
2023-03-16,589179428,20190000000000000003,900200000000000032,1,131.190,345.053,45271.333,2023-03-16 06:00:00.000,L2FT01-FTJ023,29.93,0.000,0.666012,16605,0.435592,0.055345,0,0,1,0.4200,罗湖区,21,21,0,0,0,0,1
2023-03-16,589179428,20190000000000000003,900200000000000037,1,88.807,322.122,28452.222,2023-03-16 06:00:00.000,L2FT01-FTJ023,29.93,0.000,0.666012,16605,0.435592,0.055345,0,0,1,0.4200,罗湖区,21,21,0,0,0,0,1
2023-03-16,589179428,20190000000000000003,900200000000000032,1,56.674,344.280,19608.000,2023-03-16 06:15:00.000,L2FT01-FTJ023,29.93,0.000,0.666012,16605,0.435592,0.055345,0,0,1,0.4200,罗湖区,21,21,0,0,0,0,1
2023-03-16,589179428,20190000000000000003,900200000000000045,1,71.478,311.207,22240.000,2023-03-16 06:15:00.000,L2FT01-FTJ023,29.93,0.000,0.666012,16605,0.435592,0.055345,0,0,1,0.4200,罗湖区,21,21,0,0,0,0,1
2023-03-16,589179428,20190000000000000003,900200000000000030,1,71.667,370.408,26543.846,2023-03-16 06:30:00.000,L2FT01-FTJ023,29.93,0.000,0.666012,16605,0.435592,0.055345,0,0,1,0.4200,罗湖区,21,21,0,0,0,0,1
2023-03-16,589179428,20190000000000000003,900200000000000032,1,15.823,343.900,5440.000,2023-03-16 06:30:00.000,L2FT01-FTJ023,29.93,0.000,0.666012,16605,0.435592,0.055345,0,0,1,0.4200,罗湖区,21,21,0,0,0,0,1
2023-03-16,589179428,20190000000000000003,900200000000000045,1,71.419,311.567,22250.000,2023-03-16 06:30:00.000,L2FT01-FTJ023,29.93,0.000,0.666012,16605,0.435592,0.055345,0,0,1,0.4200,罗湖区,21,21,0,0,0,0,1
2023-03-16,589179428,20190000000000000003,900200000000000030,1,71.590,387.013,27704.667,2023-03-16 06:45:00.000,L2FT01-FTJ023,29.93,0.000,0.666012,16605,0.435592,0.055345,0,0,1,0.4200,罗湖区,21,21,0,0,0,0,1
2023-03-16,589179428,20190000000000000003,900200000000000045,1,71.397,312.127,22282.000,2023-03-16 06:45:00.000,L2FT01-FTJ023,29.93,0.000,0.666012,16605,0.435592,0.055345,0,0,1,0.4200,罗湖区,21,21,0,0,0,0,1
2023-03-16,589179428,20190000000000000003,900200000000000056,1,43.031,389.100,16753.750,2023-03-16 06:45:00.000,L2FT01-FTJ023,29.93,0.000,0.666012,16605,0.435592,0.055345,0,0,1,0.4200,罗湖区,21,21,0,0,0,0,1
2023-03-16,589179428,20190000000000000003,900200000000000030,1,65.924,401.067,26426.667,2023-03-16 07:00:00.000,L2FT01-FTJ023,29.83,0.000,0.666012,16605,0.435592,0.055345,0,0,1,0.4200,罗湖区,21,21,0,0,0,0,1
2023-03-16,589179428,20190000000000000003,900200000000000045,1,71.383,313.007,22340.667,2023-03-16 07:00:00.000,L2FT01-FTJ023,29.83,0.000,0.666012,16605,0.435592,0.055345,0,0,1,0.4200,罗湖区,21,21,0,0,0,0,1
2023-03-16,589179428,20190000000000000003,900200000000000056,1,22.973,391.153,8981.333,2023-03-16 07:00:00.000,L2FT01-FTJ023,29.83,0.000,0.666012,16605,0.435592,0.055345,0,0,1,0.4200,罗湖区,21,21,0,0,0,0,1
2023-03-16,589179428,20190000000000000003,900200000000000052,1,69.053,356.817,25033.333,2023-03-16 07:15:00.000,L2FT01-FTJ023,29.83,0.000,0.666012,16605,0.435592,0.055345,0,0,1,0.4200,罗湖区,21,21,0,0,0,0,1
2023-03-16,589179428,20190000000000000003,900200000000000045,1,71.390,314.614,22457.143,2023-03-16 07:15:00.000,L2FT01-FTJ023,29.83,0.000,0.666012,16605,0.435592,0.055345,0,0,1,0.4200,罗湖区,21,21,0,0,0,0,1
2023-03-16,589179428,20190000000000000003,900200000000000056,1,13.331,391.973,5225.333,2023-03-16 07:15:00.000,L2FT01-FTJ023,29.83,0.000,0.666012,16605,0.435592,0.055345,0,0,1,0.4200,罗湖区,21,21,0,0,0,0,1
2023-03-16,589179428,20190000000000000003,900200000000000052,1,78.327,378.053,29634.667,2023-03-16 07:30:00.000,L2FT01-FTJ023,29.83,0.000,0.666012,16605,0.435592,0.055345,0,0,1,0.4200,罗湖区,21,21,0,0,0,0,1
2023-03-16,589179428,20190000000000000003,900200000000000056,1,9.015,392.347,3534.667,2023-03-16 07:30:00.000,L2FT01-FTJ023,29.83,0.000,0.666012,16605,0.435592,0.055345,0,0,1,0.4200,罗湖区,21,21,0,0,0,0,1
2023-03-16,589179428,20190000000000000003,900200000000000052,1,50.177,394.193,19735.333,2023-03-16 07:45:00.000,L2FT01-FTJ023,29.83,0.000,0.666012,16605,0.435592,0.055345,0,0,1,0.4200,罗湖区,21,21,0,0,0,0,1
2023-03-16,589179428,20190000000000000003,900200000000000056,1,6.214,392.513,2436.667,2023-03-16 07:45:00.000,L2FT01-FTJ023,29.83,0.000,0.666012,16605,0.435592,0.055345,0,0,1,0.4200,罗湖区,21,21,0,0,0,0,1
2023-03-16,589179428,20190000000000000003,900200000000000056,1,4.790,392.567,1880.000,2023-03-16 08:00:00.000,L2FT01-FTJ023,29.53,0.000,0.666012,16605,0.435592,0.055345,0,0,1,0.4200,罗湖区,21,21,0,0,0,0,1
2023-03-16,589179428,20190000000000000003,900200000000000052,1,29.500,398.600,11750.000,2023-03-16 08:00:00.000,L2FT01-FTJ023,29.53,0.000,0.666012,16605,0.435592,0.055345,0,0,1,0.4200,罗湖区,21,21,0,0,0,0,1
2023-03-16,589179428,20190000000000000003,900200000000000049,1,119.868,360.300,43186.250,2023-03-16 10:30:00.000,L2FT01-FTJ023,28.43,0.000,0.666012,16605,0.435592,0.055345,0,0,1,0.4200,罗湖区,21,21,0,0,0,0,1
2023-03-16,589179428,20190000000000000003,900200000000000049,1,72.527,372.473,26967.333,2023-03-16 10:45:00.000,L2FT01-FTJ023,28.43,0.000,0.666012,16605,0.435592,0.055345,0,0,1,0.4200,罗湖区,21,21,0,0,0,0,1
2023-03-16,589179428,20190000000000000003,900200000000000049,1,46.773,379.400,17747.500,2023-03-16 11:00:00.000,L2FT01-FTJ023,27.70,0.000,0.666012,16605,0.435592,0.055345,0,0,1,0.4200,罗湖区,21,21,0,0,0,0,1
2023-03-16,589179428,20190000000000000003,900200000000000037,1,136.090,350.175,47650.000,2023-03-16 11:45:00.000,L2FT01-FTJ023,27.70,0.000,0.666012,16605,0.435592,0.055345,0,0,1,0.4200,罗湖区,21,21,0,0,0,0,1
2023-03-16,589179428,20190000000000000003,900200000000000037,1,134.253,359.060,48195.333,2023-03-16 12:00:00.000,L2FT01-FTJ023,26.93,0.000,0.666012,16605,0.435592,0.055345,0,0,1,0.4200,罗湖区,21,21,0,0,0,0,1
2023-03-16,589179428,20190000000000000003,900200000000000056,1,77.876,366.036,28503.571,2023-03-16 12:00:00.000,L2FT01-FTJ023,26.93,0.000,0.666012,16605,0.435592,0.055345,0,0,1,0.4200,罗湖区,21,21,0,0,0,0,1
2023-03-16,589179428,20190000000000000003,900200000000000037,1,109.368,366.700,40100.000,2023-03-16 12:15:00.000,L2FT01-FTJ023,26.93,0.000,0.666012,16605,0.435592,0.055345,0,0,1,0.4200,罗湖区,21,21,0,0,0,0,1
2023-03-16,589179428,20190000000000000003,900200000000000056,1,77.941,379.767,29596.667,2023-03-16 12:15:00.000,L2FT01-FTJ023,26.93,0.000,0.666012,16605,0.435592,0.055345,0,0,1,0.4200,罗湖区,21,21,0,0,0,0,1
2023-03-16,589179428,20190000000000000003,900200000000000056,1,17.192,379.250,6525.000,2023-03-16 12:30:00.000,L2FT01-FTJ023,26.93,0.000,0.666012,16605,0.435592,0.055345,0,0,1,0.4200,罗湖区,21,21,0,0,0,0,1
2023-03-16,589179428,20190000000000000003,900200000000000057,0,0.000,245.000,0.000,2023-03-16 13:45:00.000,L2FT01-FTJ023,26.15,0.000,0.666012,16605,0.435592,0.055345,0,0,1,0.4200,罗湖区,21,21,0,0,0,0,1
2023-03-16,589179428,20190000000000000003,900200000000000040,1,44.904,407.800,18311.250,2023-03-16 14:30:00.000,L2FT01-FTJ023,25.43,0.000,0.666012,16605,0.435592,0.055345,0,0,1,0.4200,罗湖区,21,21,0,0,0,0,1
2023-03-16,589179428,20190000000000000003,900200000000000048,1,129.945,309.600,40230.000,2023-03-16 14:45:00.000,L2FT01-FTJ023,25.43,0.000,0.666012,16605,0.435592,0.055345,0,0,1,0.4200,罗湖区,21,21,0,0,0,0,1
2023-03-16,589179428,20190000000000000003,900200000000000040,1,44.803,409.633,18352.667,2023-03-16 14:45:00.000,L2FT01-FTJ023,25.43,0.000,0.666012,16605,0.435592,0.055345,0,0,1,0.4200,罗湖区,21,21,0,0,0,0,1
2023-03-16,589179428,20190000000000000003,900200000000000040,1,43.410,412.253,17899.333,2023-03-16 15:00:00.000,L2FT01-FTJ023,24.81,0.000,0.666012,16605,0.435592,0.055345,0,0,1,0.4200,罗湖区,21,21,0,0,0,0,1
2023-03-16,589179428,20190000000000000003,900200000000000048,1,129.872,310.927,40378.000,2023-03-16 15:00:00.000,L2FT01-FTJ023,24.81,0.000,0.666012,16605,0.435592,0.055345,0,0,1,0.4200,罗湖区,21,21,0,0,0,0,1
2023-03-16,589179428,20190000000000000003,900200000000000040,1,21.304,410.420,8740.000,2023-03-16 15:15:00.000,L2FT01-FTJ023,24.81,0.000,0.666012,16605,0.435592,0.055345,0,0,1,0.4200,罗湖区,21,21,0,0,0,0,1
2023-03-16,589179428,20190000000000000003,900200000000000048,1,129.905,312.500,40592.667,2023-03-16 15:15:00.000,L2FT01-FTJ023,24.81,0.000,0.666012,16605,0.435592,0.055345,0,0,1,0.4200,罗湖区,21,21,0,0,0,0,1
2023-03-16,589179428,20190000000000000003,900200000000000040,1,14.023,413.250,5792.500,2023-03-16 15:30:00.000,L2FT01-FTJ023,24.81,0.000,0.666012,16605,0.435592,0.055345,0,0,1,0.4200,罗湖区,21,21,0,0,0,0,1
2023-03-16,589179428,20190000000000000003,900200000000000048,1,129.978,314.560,40882.000,2023-03-16 15:30:00.000,L2FT01-FTJ023,24.81,0.000,0.666012,16605,0.435592,0.055345,0,0,1,0.4200,罗湖区,21,21,0,0,0,0,1
2023-03-16,589179428,20190000000000000003,900200000000000048,1,119.290,318.780,37936.000,2023-03-16 15:45:00.000,L2FT01-FTJ023,24.81,0.000,0.666012,16605,0.435592,0.055345,0,0,1,0.4200,罗湖区,21,21,0,0,0,0,1
2023-03-16,589179428,20190000000000000003,900200000000000048,1,29.890,329.200,9835.000,2023-03-16 16:00:00.000,L2FT01-FTJ023,24.33,0.000,0.666012,16605,0.435592,0.055345,0,0,1,0.4200,罗湖区,21,21,0,0,0,0,1
2023-03-16,589179428,20190000000000000003,900200000000000035,1,42.665,410.413,17525.000,2023-03-16 16:15:00.000,L2FT01-FTJ023,24.33,0.000,0.666012,16605,0.435592,0.055345,0,0,1,0.4200,罗湖区,21,21,0,0,0,0,1
2023-03-16,589179428,20190000000000000003,900200000000000035,1,44.040,414.725,18266.250,2023-03-16 16:30:00.000,L2FT01-FTJ023,24.33,0.000,0.666012,16605,0.435592,0.055345,0,0,1,0.4200,罗湖区,21,21,0,0,0,0,1
2023-03-16,589179428,20190000000000000003,900200000000000057,1,123.348,312.608,38363.077,2023-03-16 16:45:00.000,L2FT01-FTJ023,24.33,0.000,0.666012,16605,0.435592,0.055345,0,0,1,0.4200,罗湖区,21,21,0,0,0,0,1
2023-03-16,589179428,20190000000000000003,900200000000000057,1,134.893,313.347,42266.000,2023-03-16 17:00:00.000,L2FT01-FTJ023,24.03,0.000,0.666012,16605,0.435592,0.055345,0,0,1,0.4200,罗湖区,21,21,0,0,0,0,1
2023-03-16,589179428,20190000000000000003,900200000000000044,1,81.359,352.425,28797.500,2023-03-16 17:15:00.000,L2FT01-FTJ023,24.03,0.000,0.666012,16605,0.435592,0.055345,0,0,1,0.4200,罗湖区,21,21,0,0,0,0,1
2023-03-16,589179428,20190000000000000003,900200000000000057,1,131.571,314.527,41380.000,2023-03-16 17:15:00.000,L2FT01-FTJ023,24.03,0.000,0.666012,16605,0.435592,0.055345,0,0,1,0.4200,罗湖区,21,21,0,0,0,0,1
2023-03-16,589179428,20190000000000000003,900200000000000057,1,129.869,316.913,41153.333,2023-03-16 17:30:00.000,L2FT01-FTJ023,24.03,0.000,0.666012,16605,0.435592,0.055345,0,0,1,0.4200,罗湖区,21,21,0,0,0,0,1
2023-03-16,589179428,20190000000000000003,900200000000000044,1,92.993,355.367,33042.000,2023-03-16 17:30:00.000,L2FT01-FTJ023,24.03,0.000,0.666012,16605,0.435592,0.055345,0,0,1,0.4200,罗湖区,21,21,0,0,0,0,1
2023-03-16,589179428,20190000000000000003,900200000000000040,1,108.673,399.079,43352.857,2023-03-16 17:45:00.000,L2FT01-FTJ023,24.03,0.000,0.666012,16605,0.435592,0.055345,0,0,1,0.4200,罗湖区,21,21,0,0,0,0,1
2023-03-16,589179428,20190000000000000003,900200000000000044,1,72.540,355.607,25808.000,2023-03-16 17:45:00.000,L2FT01-FTJ023,24.03,0.000,0.666012,16605,0.435592,0.055345,0,0,1,0.4200,罗湖区,21,21,0,0,0,0,1
2023-03-16,589179428,20190000000000000003,900200000000000057,1,43.157,329.433,14176.667,2023-03-16 17:45:00.000,L2FT01-FTJ023,24.03,0.000,0.666012,16605,0.435592,0.055345,0,0,1,0.4200,罗湖区,21,21,0,0,0,0,1
2023-03-16,589179428,20190000000000000003,900200000000000040,1,87.657,402.800,35306.667,2023-03-16 18:00:00.000,L2FT01-FTJ023,23.93,0.000,0.666012,16605,0.435592,0.055345,0,0,1,0.4200,罗湖区,21,21,0,0,0,0,1
2023-03-16,589179428,20190000000000000003,900200000000000044,1,45.204,355.773,16086.000,2023-03-16 18:00:00.000,L2FT01-FTJ023,23.93,0.000,0.666012,16605,0.435592,0.055345,0,0,1,0.4200,罗湖区,21,21,0,0,0,0,1
2023-03-16,589179428,20190000000000000003,900200000000000044,1,24.890,357.000,8880.000,2023-03-16 18:15:00.000,L2FT01-FTJ023,23.93,0.000,0.666012,16605,0.435592,0.055345,0,0,1,0.4200,罗湖区,21,21,0,0,0,0,1
2023-03-16,589179428,20190000000000000003,900200000000000047,1,126.936,314.330,39910.000,2023-03-16 18:15:00.000,L2FT01-FTJ023,23.93,0.000,0.666012,16605,0.435592,0.055345,0,0,1,0.4200,罗湖区,21,21,0,0,0,0,1
2023-03-16,589179428,20190000000000000003,900200000000000047,1,117.562,318.508,37300.000,2023-03-16 18:30:00.000,L2FT01-FTJ023,23.93,0.000,0.666012,16605,0.435592,0.055345,0,0,1,0.4200,罗湖区,21,21,0,0,0,0,1
2023-03-16,589179428,20190000000000000003,900200000000000047,1,114.834,288.800,35688.000,2023-03-16 19:00:00.000,L2FT01-FTJ023,24.03,0.000,0.666012,16605,0.435592,0.055345,0,0,1,0.4200,罗湖区,21,21,0,0,0,0,1
2023-03-16,589179428,20190000000000000003,900200000000000047,1,143.330,312.453,44780.667,2023-03-16 19:15:00.000,L2FT01-FTJ023,24.03,0.000,0.666012,16605,0.435592,0.055345,0,0,1,0.4200,罗湖区,21,21,0,0,0,0,1
2023-03-16,589179428,20190000000000000003,900200000000000047,1,143.300,314.067,45001.667,2023-03-16 19:30:00.000,L2FT01-FTJ023,24.03,0.000,0.666012,16605,0.435592,0.055345,0,0,1,0.4200,罗湖区,21,21,0,0,0,0,1
2023-03-16,589179428,20190000000000000003,900200000000000034,1,119.081,355.325,42508.750,2023-03-16 19:45:00.000,L2FT01-FTJ023,24.03,0.000,0.666012,16605,0.435592,0.055345,0,0,1,0.4200,罗湖区,21,21,0,0,0,0,1
2023-03-16,589179428,20190000000000000003,900200000000000034,1,111.871,367.420,41056.000,2023-03-16 20:00:00.000,L2FT01-FTJ023,24.33,0.000,0.666012,16605,0.435592,0.055345,0,0,1,0.4200,罗湖区,21,21,0,0,0,0,1
2023-03-16,589179428,20190000000000000003,900200000000000034,1,101.890,377.967,38510.000,2023-03-16 20:15:00.000,L2FT01-FTJ023,24.33,0.000,0.666012,16605,0.435592,0.055345,0,0,1,0.4200,罗湖区,21,21,0,0,0,0,1
2023-03-16,589179428,20190000000000000003,900200000000000034,1,107.864,437.671,47207.143,2023-03-16 20:30:00.000,L2FT01-FTJ023,24.33,0.000,0.666012,16605,0.435592,0.055345,0,0,1,0.4200,罗湖区,21,21,0,0,0,0,1
2023-03-16,589179428,20190000000000000003,900200000000000034,1,71.899,448.647,32233.333,2023-03-16 20:45:00.000,L2FT01-FTJ023,24.33,0.000,0.666012,16605,0.435592,0.055345,0,0,1,0.4200,罗湖区,21,21,0,0,0,0,1
2023-03-16,589179428,20190000000000000003,900200000000000035,1,66.940,340.040,22768.000,2023-03-16 20:45:00.000,L2FT01-FTJ023,24.33,0.000,0.666012,16605,0.435592,0.055345,0,0,1,0.4200,罗湖区,21,21,0,0,0,0,1
2023-03-16,589179428,20190000000000000003,900200000000000034,1,52.837,460.247,24313.333,2023-03-16 21:00:00.000,L2FT01-FTJ023,24.81,0.000,0.666012,16605,0.435592,0.055345,0,0,1,0.4200,罗湖区,21,21,0,0,0,0,1
2023-03-16,589179428,20190000000000000003,900200000000000035,1,67.877,352.640,23935.333,2023-03-16 21:00:00.000,L2FT01-FTJ023,24.81,0.000,0.666012,16605,0.435592,0.055345,0,0,1,0.4200,罗湖区,21,21,0,0,0,0,1
2023-03-16,589179428,20190000000000000003,900200000000000045,1,32.757,355.800,11710.000,2023-03-16 21:00:00.000,L2FT01-FTJ023,24.81,0.000,0.666012,16605,0.435592,0.055345,0,0,1,0.4200,罗湖区,21,21,0,0,0,0,1
2023-03-16,589179428,20190000000000000003,900200000000000034,1,12.877,461.413,5940.667,2023-03-16 21:15:00.000,L2FT01-FTJ023,24.81,0.000,0.666012,16605,0.435592,0.055345,0,0,1,0.4200,罗湖区,21,21,0,0,0,0,1
2023-03-16,589179428,20190000000000000003,900200000000000035,1,41.998,360.973,15158.667,2023-03-16 21:15:00.000,L2FT01-FTJ023,24.81,0.000,0.666012,16605,0.435592,0.055345,0,0,1,0.4200,罗湖区,21,21,0,0,0,0,1
2023-03-16,589179428,20190000000000000003,900200000000000045,1,104.039,375.853,39099.333,2023-03-16 21:15:00.000,L2FT01-FTJ023,24.81,0.000,0.666012,16605,0.435592,0.055345,0,0,1,0.4200,罗湖区,21,21,0,0,0,0,1
2023-03-16,589179428,20190000000000000003,900200000000000034,1,12.890,463.833,5978.000,2023-03-16 21:30:00.000,L2FT01-FTJ023,24.81,0.000,0.666012,16605,0.435592,0.055345,0,0,1,0.4200,罗湖区,21,21,0,0,0,0,1
2023-03-16,589179428,20190000000000000003,900200000000000035,1,15.570,362.547,5644.000,2023-03-16 21:30:00.000,L2FT01-FTJ023,24.81,0.000,0.666012,16605,0.435592,0.055345,0,0,1,0.4200,罗湖区,21,21,0,0,0,0,1
2023-03-16,589179428,20190000000000000003,900200000000000045,1,87.500,386.000,33770.000,2023-03-16 21:30:00.000,L2FT01-FTJ023,24.81,0.000,0.666012,16605,0.435592,0.055345,0,0,1,0.4200,罗湖区,21,21,0,0,0,0,1
2023-03-16,589179428,20190000000000000003,900200000000000034,1,12.890,465.400,6000.000,2023-03-16 21:45:00.000,L2FT01-FTJ023,24.81,0.000,0.666012,16605,0.435592,0.055345,0,0,1,0.4200,罗湖区,21,21,0,0,0,0,1
2023-03-16,589179428,20190000000000000003,900200000000000035,1,13.890,364.400,5060.000,2023-03-16 21:45:00.000,L2FT01-FTJ023,24.81,0.000,0.666012,16605,0.435592,0.055345,0,0,1,0.4200,罗湖区,21,21,0,0,0,0,1
2023-03-16,589179428,20190000000000000003,900200000000000045,1,58.568,361.500,21207.500,2023-03-16 22:00:00.000,L2FT01-FTJ023,25.43,0.000,0.666012,16605,0.435592,0.055345,0,0,1,0.4200,罗湖区,21,21,0,0,0,0,1
2023-03-17,589179428,20190000000000000003,900200000000000057,1,120.026,311.123,37420.000,2023-03-17 00:00:00.000,L2FT01-FTJ023,26.93,0.000,0.666012,16605,0.435592,0.055345,0,0,1,0.4200,罗湖区,21,21,0,0,0,0,1
2023-03-17,589179428,20190000000000000003,900200000000000057,1,130.090,313.027,40719.333,2023-03-17 00:15:00.000,L2FT01-FTJ023,26.93,0.000,0.666012,16605,0.435592,0.055345,0,0,1,0.4200,罗湖区,21,21,0,0,0,0,1
2023-03-17,589179428,20190000000000000003,900200000000000057,1,129.882,314.447,40838.000,2023-03-17 00:30:00.000,L2FT01-FTJ023,26.93,0.000,0.666012,16605,0.435592,0.055345,0,0,1,0.4200,罗湖区,21,21,0,0,0,0,1
2023-03-17,589179428,20190000000000000003,900200000000000057,1,129.971,316.087,41078.667,2023-03-17 00:45:00.000,L2FT01-FTJ023,26.93,0.000,0.666012,16605,0.435592,0.055345,0,0,1,0.4200,罗湖区,21,21,0,0,0,0,1
2023-03-17,589179428,20190000000000000003,900200000000000057,1,73.794,324.730,23821.000,2023-03-17 01:00:00.000,L2FT01-FTJ023,27.70,0.000,0.666012,16605,0.435592,0.055345,0,0,1,0.4200,罗湖区,21,21,0,0,0,0,1
2023-03-17,589179428,20190000000000000003,900200000000000043,1,66.368,298.738,20357.692,2023-03-17 02:45:00.000,L2FT01-FTJ023,28.43,0.000,0.666012,16605,0.435592,0.055345,0,0,1,0.4200,罗湖区,21,21,0,0,0,0,1
2023-03-17,589179428,20190000000000000003,900200000000000052,1,19.990,422.500,8440.000,2023-03-17 02:45:00.000,L2FT01-FTJ023,28.43,0.000,0.666012,16605,0.435592,0.055345,0,0,1,0.4200,罗湖区,21,21,0,0,0,0,1
2023-03-17,589179428,20190000000000000003,900200000000000043,1,70.717,307.440,21740.667,2023-03-17 03:00:00.000,L2FT01-FTJ023,29.05,0.000,0.666012,16605,0.435592,0.055345,0,0,1,0.4200,罗湖区,21,21,0,0,0,0,1
2023-03-17,589179428,20190000000000000003,900200000000000052,1,129.860,470.900,61149.333,2023-03-17 03:00:00.000,L2FT01-FTJ023,29.05,0.000,0.666012,16605,0.435592,0.055345,0,0,1,0.4200,罗湖区,21,21,0,0,0,0,1
2023-03-17,589179428,20190000000000000003,900200000000000043,1,71.890,307.567,22106.667,2023-03-17 03:15:00.000,L2FT01-FTJ023,29.05,0.000,0.666012,16605,0.435592,0.055345,0,0,1,0.4200,罗湖区,21,21,0,0,0,0,1
2023-03-17,589179428,20190000000000000003,900200000000000052,1,129.912,471.020,61189.333,2023-03-17 03:15:00.000,L2FT01-FTJ023,29.05,0.000,0.666012,16605,0.435592,0.055345,0,0,1,0.4200,罗湖区,21,21,0,0,0,0,1
2023-03-17,589179428,20190000000000000003,900200000000000043,1,71.890,308.107,22148.000,2023-03-17 03:30:00.000,L2FT01-FTJ023,29.05,0.000,0.666012,16605,0.435592,0.055345,0,0,1,0.4200,罗湖区,21,21,0,0,0,0,1
2023-03-17,589179428,20190000000000000003,900200000000000052,1,115.250,470.927,54278.000,2023-03-17 03:30:00.000,L2FT01-FTJ023,29.05,0.000,0.666012,16605,0.435592,0.055345,0,0,1,0.4200,罗湖区,21,21,0,0,0,0,1
2023-03-17,589179428,20190000000000000003,900200000000000043,1,71.890,309.300,22233.333,2023-03-17 03:45:00.000,L2FT01-FTJ023,29.05,0.000,0.666012,16605,0.435592,0.055345,0,0,1,0.4200,罗湖区,21,21,0,0,0,0,1
2023-03-17,589179428,20190000000000000003,900200000000000052,1,69.238,470.487,32578.000,2023-03-17 03:45:00.000,L2FT01-FTJ023,29.05,0.000,0.666012,16605,0.435592,0.055345,0,0,1,0.4200,罗湖区,21,21,0,0,0,0,1
2023-03-17,589179428,20190000000000000003,900200000000000052,1,23.590,468.900,11060.000,2023-03-17 04:00:00.000,L2FT01-FTJ023,29.53,0.000,0.666012,16605,0.435592,0.055345,0,0,1,0.4200,罗湖区,21,21,0,0,0,0,1
2023-03-17,589179428,20190000000000000003,900200000000000043,1,71.890,310.733,22336.667,2023-03-17 04:00:00.000,L2FT01-FTJ023,29.53,0.000,0.666012,16605,0.435592,0.055345,0,0,1,0.4200,罗湖区,21,21,0,0,0,0,1
2023-03-17,589179428,20190000000000000003,900200000000000031,1,112.262,466.886,53463.571,2023-03-17 04:15:00.000,L2FT01-FTJ023,29.53,0.000,0.666012,16605,0.435592,0.055345,0,0,1,0.4200,罗湖区,21,21,0,0,0,0,1
2023-03-17,589179428,20190000000000000003,900200000000000043,1,71.890,311.460,22388.000,2023-03-17 04:15:00.000,L2FT01-FTJ023,29.53,0.000,0.666012,16605,0.435592,0.055345,0,0,1,0.4200,罗湖区,21,21,0,0,0,0,1
2023-03-17,589179428,20190000000000000003,900200000000000031,1,129.823,477.053,61929.333,2023-03-17 04:30:00.000,L2FT01-FTJ023,29.53,0.000,0.666012,16605,0.435592,0.055345,0,0,1,0.4200,罗湖区,21,21,0,0,0,0,1
2023-03-17,589179428,20190000000000000003,900200000000000043,1,71.850,311.840,22404.667,2023-03-17 04:30:00.000,L2FT01-FTJ023,29.53,0.000,0.666012,16605,0.435592,0.055345,0,0,1,0.4200,罗湖区,21,21,0,0,0,0,1
2023-03-17,589179428,20190000000000000003,900200000000000031,1,87.410,477.013,41702.000,2023-03-17 04:45:00.000,L2FT01-FTJ023,29.53,0.000,0.666012,16605,0.435592,0.055345,0,0,1,0.4200,罗湖区,21,21,0,0,0,0,1
2023-03-17,589179428,20190000000000000003,900200000000000043,1,71.863,312.493,22455.333,2023-03-17 04:45:00.000,L2FT01-FTJ023,29.53,0.000,0.666012,16605,0.435592,0.055345,0,0,1,0.4200,罗湖区,21,21,0,0,0,0,1
2023-03-17,589179428,20190000000000000003,900200000000000031,1,23.890,476.700,11390.000,2023-03-17 05:00:00.000,L2FT01-FTJ023,29.83,0.000,0.666012,16605,0.435592,0.055345,0,0,1,0.4200,罗湖区,21,21,0,0,0,0,1
2023-03-17,589179428,20190000000000000003,900200000000000043,1,71.843,314.447,22588.667,2023-03-17 05:00:00.000,L2FT01-FTJ023,29.83,0.000,0.666012,16605,0.435592,0.055345,0,0,1,0.4200,罗湖区,21,21,0,0,0,0,1
2023-03-17,589179428,20190000000000000003,900200000000000043,1,49.790,325.450,16150.000,2023-03-17 05:15:00.000,L2FT01-FTJ023,29.83,0.000,0.666012,16605,0.435592,0.055345,0,0,1,0.4200,罗湖区,21,21,0,0,0,0,1
2023-03-17,589179428,20190000000000000003,900200000000000049,1,94.016,345.030,32689.000,2023-03-17 05:45:00.000,L2FT01-FTJ023,29.83,0.000,0.666012,16605,0.435592,0.055345,0,0,1,0.4200,罗湖区,21,21,0,0,0,0,1
2023-03-17,589179428,20190000000000000003,900200000000000049,1,126.787,359.173,45530.667,2023-03-17 06:00:00.000,L2FT01-FTJ023,29.93,0.000,0.666012,16605,0.435592,0.055345,0,0,1,0.4200,罗湖区,21,21,0,0,0,0,1
2023-03-17,589179428,20190000000000000003,900200000000000049,1,102.007,374.973,38197.333,2023-03-17 06:15:00.000,L2FT01-FTJ023,29.93,0.000,0.666012,16605,0.435592,0.055345,0,0,1,0.4200,罗湖区,21,21,0,0,0,0,1
2023-03-17,589179428,20190000000000000003,900200000000000049,1,60.320,385.000,23201.333,2023-03-17 06:30:00.000,L2FT01-FTJ023,29.93,0.000,0.666012,16605,0.435592,0.055345,0,0,1,0.4200,罗湖区,21,21,0,0,0,0,1
2023-03-17,589179428,20190000000000000003,900200000000000049,1,24.924,387.260,9650.000,2023-03-17 06:45:00.000,L2FT01-FTJ023,29.93,0.000,0.666012,16605,0.435592,0.055345,0,0,1,0.4200,罗湖区,21,21,0,0,0,0,1
2023-03-17,589179428,20190000000000000003,900200000000000049,1,25.271,390.673,9870.667,2023-03-17 07:00:00.000,L2FT01-FTJ023,29.83,0.000,0.666012,16605,0.435592,0.055345,0,0,1,0.4200,罗湖区,21,21,0,0,0,0,1
2023-03-17,589179428,20190000000000000003,900200000000000049,1,26.840,392.750,10540.000,2023-03-17 07:15:00.000,L2FT01-FTJ023,29.83,0.000,0.666012,16605,0.435592,0.055345,0,0,1,0.4200,罗湖区,21,21,0,0,0,0,1
2023-03-17,589179428,20190000000000000003,900200000000000034,1,106.509,381.956,40887.778,2023-03-17 07:30:00.000,L2FT01-FTJ023,29.83,0.000,0.666012,16605,0.435592,0.055345,0,0,1,0.4200,罗湖区,21,21,0,0,0,0,1
2023-03-17,589179428,20190000000000000003,900200000000000034,1,119.824,385.427,46179.333,2023-03-17 07:45:00.000,L2FT01-FTJ023,29.83,0.000,0.666012,16605,0.435592,0.055345,0,0,1,0.4200,罗湖区,21,21,0,0,0,0,1
2023-03-17,589179428,20190000000000000003,900200000000000038,1,66.471,351.500,23614.000,2023-03-17 07:45:00.000,L2FT01-FTJ023,29.83,0.000,0.666012,16605,0.435592,0.055345,0,0,1,0.4200,罗湖区,21,21,0,0,0,0,1
2023-03-17,589179428,20190000000000000003,900200000000000034,1,91.664,391.085,35791.538,2023-03-17 08:00:00.000,L2FT01-FTJ023,29.53,0.000,0.666012,16605,0.435592,0.055345,0,0,1,0.4200,罗湖区,21,21,0,0,0,0,1
2023-03-17,589179428,20190000000000000003,900200000000000038,1,66.457,359.433,23864.000,2023-03-17 08:00:00.000,L2FT01-FTJ023,29.53,0.000,0.666012,16605,0.435592,0.055345,0,0,1,0.4200,罗湖区,21,21,0,0,0,0,1
2023-03-17,589179428,20190000000000000003,900200000000000038,1,9.990,360.050,3600.000,2023-03-17 08:15:00.000,L2FT01-FTJ023,29.53,0.000,0.666012,16605,0.435592,0.055345,0,0,1,0.4200,罗湖区,21,21,0,0,0,0,1
2023-03-17,589179428,20190000000000000003,900200000000000034,1,61.844,396.131,24497.692,2023-03-17 08:45:00.000,L2FT01-FTJ023,29.53,0.000,0.666012,16605,0.435592,0.055345,0,0,1,0.4200,罗湖区,21,21,0,0,0,0,1
2023-03-17,589179428,20190000000000000003,900200000000000034,1,58.543,409.987,23990.000,2023-03-17 09:00:00.000,L2FT01-FTJ023,29.05,0.000,0.666012,16605,0.435592,0.055345,0,0,1,0.4200,罗湖区,21,21,0,0,0,0,1
2023-03-17,589179428,20190000000000000003,900200000000000044,1,82.993,366.400,30633.333,2023-03-17 09:00:00.000,L2FT01-FTJ023,29.05,0.000,0.666012,16605,0.435592,0.055345,0,0,1,0.4200,罗湖区,21,21,0,0,0,0,1
2023-03-17,589179428,20190000000000000003,900200000000000048,1,30.067,403.146,12112.308,2023-03-17 09:00:00.000,L2FT01-FTJ023,29.05,0.000,0.666012,16605,0.435592,0.055345,0,0,1,0.4200,罗湖区,21,21,0,0,0,0,1
2023-03-17,589179428,20190000000000000003,900200000000000034,1,30.790,413.075,12735.000,2023-03-17 09:15:00.000,L2FT01-FTJ023,29.05,0.000,0.666012,16605,0.435592,0.055345,0,0,1,0.4200,罗湖区,21,21,0,0,0,0,1
2023-03-17,589179428,20190000000000000003,900200000000000044,1,132.980,372.113,49483.333,2023-03-17 09:15:00.000,L2FT01-FTJ023,29.05,0.000,0.666012,16605,0.435592,0.055345,0,0,1,0.4200,罗湖区,21,21,0,0,0,0,1
2023-03-17,589179428,20190000000000000003,900200000000000048,1,18.223,405.550,7388.333,2023-03-17 09:15:00.000,L2FT01-FTJ023,29.05,0.000,0.666012,16605,0.435592,0.055345,0,0,1,0.4200,罗湖区,21,21,0,0,0,0,1
2023-03-17,589179428,20190000000000000003,900200000000000044,1,115.474,371.673,42926.667,2023-03-17 09:30:00.000,L2FT01-FTJ023,29.05,0.000,0.666012,16605,0.435592,0.055345,0,0,1,0.4200,罗湖区,21,21,0,0,0,0,1
2023-03-17,589179428,20190000000000000003,900200000000000044,1,55.160,370.167,20420.000,2023-03-17 09:45:00.000,L2FT01-FTJ023,29.05,0.000,0.666012,16605,0.435592,0.055345,0,0,1,0.4200,罗湖区,21,21,0,0,0,0,1
2023-03-17,589179428,20190000000000000003,900200000000000043,1,102.676,370.220,38010.000,2023-03-17 10:45:00.000,L2FT01-FTJ023,28.43,0.000,0.666012,16605,0.435592,0.055345,0,0,1,0.4200,罗湖区,21,21,0,0,0,0,1
2023-03-17,589179428,20190000000000000003,900200000000000043,1,98.352,381.860,37554.667,2023-03-17 11:00:00.000,L2FT01-FTJ023,27.70,0.000,0.666012,16605,0.435592,0.055345,0,0,1,0.4200,罗湖区,21,21,0,0,0,0,1
2023-03-17,589179428,20190000000000000003,900200000000000043,1,56.871,393.520,22379.333,2023-03-17 11:15:00.000,L2FT01-FTJ023,27.70,0.000,0.666012,16605,0.435592,0.055345,0,0,1,0.4200,罗湖区,21,21,0,0,0,0,1
2023-03-17,589179428,20190000000000000003,900200000000000043,1,56.826,403.273,22915.455,2023-03-17 11:30:00.000,L2FT01-FTJ023,27.70,0.000,0.666012,16605,0.435592,0.055345,0,0,1,0.4200,罗湖区,21,21,0,0,0,0,1
2023-03-17,589179428,20190000000000000003,900200000000000049,1,91.872,414.480,38076.000,2023-03-17 12:15:00.000,L2FT01-FTJ023,26.93,0.000,0.666012,16605,0.435592,0.055345,0,0,1,0.4200,罗湖区,21,21,0,0,0,0,1
2023-03-17,589179428,20190000000000000003,900200000000000049,1,69.757,414.473,28918.000,2023-03-17 12:30:00.000,L2FT01-FTJ023,26.93,0.000,0.666012,16605,0.435592,0.055345,0,0,1,0.4200,罗湖区,21,21,0,0,0,0,1
2023-03-17,589179428,20190000000000000003,900200000000000049,1,26.259,412.153,10822.667,2023-03-17 12:45:00.000,L2FT01-FTJ023,26.93,0.000,0.666012,16605,0.435592,0.055345,0,0,1,0.4200,罗湖区,21,21,0,0,0,0,1
2023-03-17,589179428,20190000000000000003,900200000000000049,1,13.890,414.950,5765.000,2023-03-17 13:00:00.000,L2FT01-FTJ023,26.15,0.000,0.666012,16605,0.435592,0.055345,0,0,1,0.4200,罗湖区,21,21,0,0,0,0,1
2023-03-17,589179428,20190000000000000003,900200000000000045,1,33.452,396.000,15442.000,2023-03-17 13:30:00.000,L2FT01-FTJ023,26.15,0.000,0.666012,16605,0.435592,0.055345,0,0,1,0.4200,罗湖区,21,21,0,0,0,0,1
2023-03-17,589179428,20190000000000000003,900200000000000049,1,106.236,463.540,50438.000,2023-03-17 13:30:00.000,L2FT01-FTJ023,26.15,0.000,0.666012,16605,0.435592,0.055345,0,0,1,0.4200,罗湖区,21,21,0,0,0,0,1
2023-03-17,589179428,20190000000000000003,900200000000000057,1,130.076,313.457,40771.429,2023-03-17 13:30:00.000,L2FT01-FTJ023,26.15,0.000,0.666012,16605,0.435592,0.055345,0,0,1,0.4200,罗湖区,21,21,0,0,0,0,1
2023-03-17,589179428,20190000000000000003,900200000000000045,1,63.703,472.727,30114.667,2023-03-17 13:45:00.000,L2FT01-FTJ023,26.15,0.000,0.666012,16605,0.435592,0.055345,0,0,1,0.4200,罗湖区,21,21,0,0,0,0,1
2023-03-17,589179428,20190000000000000003,900200000000000049,1,126.847,477.060,60516.000,2023-03-17 13:45:00.000,L2FT01-FTJ023,26.15,0.000,0.666012,16605,0.435592,0.055345,0,0,1,0.4200,罗湖区,21,21,0,0,0,0,1
2023-03-17,589179428,20190000000000000003,900200000000000057,1,129.934,315.773,41027.333,2023-03-17 13:45:00.000,L2FT01-FTJ023,26.15,0.000,0.666012,16605,0.435592,0.055345,0,0,1,0.4200,罗湖区,21,21,0,0,0,0,1
2023-03-17,589179428,20190000000000000003,900200000000000057,1,122.124,319.683,38966.667,2023-03-17 14:00:00.000,L2FT01-FTJ023,25.43,0.000,0.666012,16605,0.435592,0.055345,0,0,1,0.4200,罗湖区,21,21,0,0,0,0,1
2023-03-17,589179428,20190000000000000003,900200000000000045,1,63.610,472.680,30067.333,2023-03-17 14:00:00.000,L2FT01-FTJ023,25.43,0.000,0.666012,16605,0.435592,0.055345,0,0,1,0.4200,罗湖区,21,21,0,0,0,0,1
2023-03-17,589179428,20190000000000000003,900200000000000049,1,87.490,476.853,41720.000,2023-03-17 14:00:00.000,L2FT01-FTJ023,25.43,0.000,0.666012,16605,0.435592,0.055345,0,0,1,0.4200,罗湖区,21,21,0,0,0,0,1
2023-03-17,589179428,20190000000000000003,900200000000000045,1,63.617,472.573,30062.000,2023-03-17 14:15:00.000,L2FT01-FTJ023,25.43,0.000,0.666012,16605,0.435592,0.055345,0,0,1,0.4200,罗湖区,21,21,0,0,0,0,1
2023-03-17,589179428,20190000000000000003,900200000000000049,1,39.912,476.030,19000.000,2023-03-17 14:15:00.000,L2FT01-FTJ023,25.43,0.000,0.666012,16605,0.435592,0.055345,0,0,1,0.4200,罗湖区,21,21,0,0,0,0,1
2023-03-17,589179428,20190000000000000003,900200000000000045,1,63.683,472.500,30089.333,2023-03-17 14:30:00.000,L2FT01-FTJ023,25.43,0.000,0.666012,16605,0.435592,0.055345,0,0,1,0.4200,罗湖区,21,21,0,0,0,0,1
2023-03-17,589179428,20190000000000000003,900200000000000045,1,56.690,472.375,26785.000,2023-03-17 14:45:00.000,L2FT01-FTJ023,25.43,0.000,0.666012,16605,0.435592,0.055345,0,0,1,0.4200,罗湖区,21,21,0,0,0,0,1
2023-03-17,589179428,20190000000000000003,900200000000000047,1,77.717,391.185,30410.000,2023-03-17 14:45:00.000,L2FT01-FTJ023,25.43,0.000,0.666012,16605,0.435592,0.055345,0,0,1,0.4200,罗湖区,21,21,0,0,0,0,1
2023-03-17,589179428,20190000000000000003,900200000000000047,1,36.773,397.213,14598.000,2023-03-17 15:00:00.000,L2FT01-FTJ023,24.81,0.000,0.666012,16605,0.435592,0.055345,0,0,1,0.4200,罗湖区,21,21,0,0,0,0,1
2023-03-17,589179428,20190000000000000003,900200000000000047,1,16.158,398.550,6438.333,2023-03-17 15:15:00.000,L2FT01-FTJ023,24.81,0.000,0.666012,16605,0.435592,0.055345,0,0,1,0.4200,罗湖区,21,21,0,0,0,0,1
2023-03-17,589179428,20190000000000000003,900200000000000035,1,199.795,316.050,63140.000,2023-03-17 15:30:00.000,L2FT01-FTJ023,24.81,0.000,0.666012,16605,0.435592,0.055345,0,0,1,0.4200,罗湖区,21,21,0,0,0,0,1
2023-03-17,589179428,20190000000000000003,900200000000000045,1,48.630,411.550,20016.000,2023-03-17 15:30:00.000,L2FT01-FTJ023,24.81,0.000,0.666012,16605,0.435592,0.055345,0,0,1,0.4200,罗湖区,21,21,0,0,0,0,1
2023-03-17,589179428,20190000000000000003,900200000000000035,1,187.752,318.389,59760.000,2023-03-17 15:45:00.000,L2FT01-FTJ023,24.81,0.000,0.666012,16605,0.435592,0.055345,0,0,1,0.4200,罗湖区,21,21,0,0,0,0,1
2023-03-17,589179428,20190000000000000003,900200000000000045,1,41.815,412.912,17263.750,2023-03-17 15:45:00.000,L2FT01-FTJ023,24.81,0.000,0.666012,16605,0.435592,0.055345,0,0,1,0.4200,罗湖区,21,21,0,0,0,0,1
2023-03-17,589179428,20190000000000000003,900200000000000057,1,199.800,312.900,62510.000,2023-03-17 16:00:00.000,L2FT01-FTJ023,24.33,0.000,0.666012,16605,0.435592,0.055345,0,0,1,0.4200,罗湖区,21,21,0,0,0,0,1
2023-03-17,589179428,20190000000000000003,900200000000000045,1,108.313,358.743,38852.857,2023-03-17 16:00:00.000,L2FT01-FTJ023,24.33,0.000,0.666012,16605,0.435592,0.055345,0,0,1,0.4200,罗湖区,21,21,0,0,0,0,1
2023-03-17,589179428,20190000000000000003,900200000000000030,1,71.927,309.867,22283.333,2023-03-17 16:00:00.000,L2FT01-FTJ023,24.33,0.000,0.666012,16605,0.435592,0.055345,0,0,1,0.4200,罗湖区,21,21,0,0,0,0,1
2023-03-17,589179428,20190000000000000003,900200000000000045,1,84.247,359.427,30303.333,2023-03-17 16:15:00.000,L2FT01-FTJ023,24.33,0.000,0.666012,16605,0.435592,0.055345,0,0,1,0.4200,罗湖区,21,21,0,0,0,0,1
2023-03-17,589179428,20190000000000000003,900200000000000057,1,204.412,314.867,64358.000,2023-03-17 16:15:00.000,L2FT01-FTJ023,24.33,0.000,0.666012,16605,0.435592,0.055345,0,0,1,0.4200,罗湖区,21,21,0,0,0,0,1
2023-03-17,589179428,20190000000000000003,900200000000000032,1,35.795,295.500,10895.000,2023-03-17 16:30:00.000,L2FT01-FTJ023,24.33,0.000,0.666012,16605,0.435592,0.055345,0,0,1,0.4200,罗湖区,21,21,0,0,0,0,1
2023-03-17,589179428,20190000000000000003,900200000000000034,1,202.418,310.940,62938.000,2023-03-17 16:30:00.000,L2FT01-FTJ023,24.33,0.000,0.666012,16605,0.435592,0.055345,0,0,1,0.4200,罗湖区,21,21,0,0,0,0,1
2023-03-17,589179428,20190000000000000003,900200000000000037,1,71.390,306.600,21885.000,2023-03-17 16:30:00.000,L2FT01-FTJ023,24.33,0.000,0.666012,16605,0.435592,0.055345,0,0,1,0.4200,罗湖区,21,21,0,0,0,0,1
2023-03-17,589179428,20190000000000000003,900200000000000044,1,129.993,310.289,40330.000,2023-03-17 16:30:00.000,L2FT01-FTJ023,24.33,0.000,0.666012,16605,0.435592,0.055345,0,0,1,0.4200,罗湖区,21,21,0,0,0,0,1
2023-03-17,589179428,20190000000000000003,900200000000000045,1,34.557,359.400,12413.333,2023-03-17 16:30:00.000,L2FT01-FTJ023,24.33,0.000,0.666012,16605,0.435592,0.055345,0,0,1,0.4200,罗湖区,21,21,0,0,0,0,1
2023-03-17,589179428,20190000000000000003,900200000000000057,1,204.860,317.847,65111.333,2023-03-17 16:30:00.000,L2FT01-FTJ023,24.33,0.000,0.666012,16605,0.435592,0.055345,0,0,1,0.4200,罗湖区,21,21,0,0,0,0,1
2023-03-17,589179428,20190000000000000003,900200000000000034,1,205.885,312.453,64327.333,2023-03-17 16:45:00.000,L2FT01-FTJ023,24.33,0.000,0.666012,16605,0.435592,0.055345,0,0,1,0.4200,罗湖区,21,21,0,0,0,0,1
2023-03-17,589179428,20190000000000000003,900200000000000044,1,129.860,311.193,40408.667,2023-03-17 16:45:00.000,L2FT01-FTJ023,24.33,0.000,0.666012,16605,0.435592,0.055345,0,0,1,0.4200,罗湖区,21,21,0,0,0,0,1
2023-03-17,589179428,20190000000000000003,900200000000000057,1,201.845,324.950,65575.000,2023-03-17 16:45:00.000,L2FT01-FTJ023,24.33,0.000,0.666012,16605,0.435592,0.055345,0,0,1,0.4200,罗湖区,21,21,0,0,0,0,1
2023-03-17,589179428,20190000000000000003,900200000000000034,1,205.993,314.613,64803.333,2023-03-17 17:00:00.000,L2FT01-FTJ023,24.03,0.000,0.666012,16605,0.435592,0.055345,0,0,1,0.4200,罗湖区,21,21,0,0,0,0,1
2023-03-17,589179428,20190000000000000003,900200000000000044,1,129.890,313.500,40719.333,2023-03-17 17:00:00.000,L2FT01-FTJ023,24.03,0.000,0.666012,16605,0.435592,0.055345,0,0,1,0.4200,罗湖区,21,21,0,0,0,0,1
2023-03-17,589179428,20190000000000000003,900200000000000044,1,129.919,315.653,41007.333,2023-03-17 17:15:00.000,L2FT01-FTJ023,24.03,0.000,0.666012,16605,0.435592,0.055345,0,0,1,0.4200,罗湖区,21,21,0,0,0,0,1
2023-03-17,589179428,20190000000000000003,900200000000000034,1,178.615,315.527,56358.000,2023-03-17 17:15:00.000,L2FT01-FTJ023,24.03,0.000,0.666012,16605,0.435592,0.055345,0,0,1,0.4200,罗湖区,21,21,0,0,0,0,1
2023-03-17,589179428,20190000000000000003,900200000000000034,1,145.958,321.380,46786.000,2023-03-17 17:30:00.000,L2FT01-FTJ023,24.03,0.000,0.666012,16605,0.435592,0.055345,0,0,1,0.4200,罗湖区,21,21,0,0,0,0,1
2023-03-17,589179428,20190000000000000003,900200000000000044,1,80.990,324.500,26131.429,2023-03-17 17:30:00.000,L2FT01-FTJ023,24.03,0.000,0.666012,16605,0.435592,0.055345,0,0,1,0.4200,罗湖区,21,21,0,0,0,0,1
2023-03-17,589179428,20190000000000000003,900200000000000052,1,143.271,314.480,45098.667,2023-03-17 17:30:00.000,L2FT01-FTJ023,24.03,0.000,0.666012,16605,0.435592,0.055345,0,0,1,0.4200,罗湖区,21,21,0,0,0,0,1
2023-03-17,589179428,20190000000000000003,900200000000000052,1,149.901,316.427,47430.000,2023-03-17 17:45:00.000,L2FT01-FTJ023,24.03,0.000,0.666012,16605,0.435592,0.055345,0,0,1,0.4200,罗湖区,21,21,0,0,0,0,1
2023-03-17,589179428,20190000000000000003,900200000000000034,1,49.845,338.915,16891.538,2023-03-17 18:15:00.000,L2FT01-FTJ023,23.93,0.000,0.666012,16605,0.435592,0.055345,0,0,1,0.4200,罗湖区,21,21,0,0,0,0,1
2023-03-17,589179428,20190000000000000003,900200000000000034,1,49.790,348.107,17331.333,2023-03-17 18:30:00.000,L2FT01-FTJ023,23.93,0.000,0.666012,16605,0.435592,0.055345,0,0,1,0.4200,罗湖区,21,21,0,0,0,0,1
2023-03-17,589179428,20190000000000000003,900200000000000034,1,47.790,358.600,17131.333,2023-03-17 18:45:00.000,L2FT01-FTJ023,23.93,0.000,0.666012,16605,0.435592,0.055345,0,0,1,0.4200,罗湖区,21,21,0,0,0,0,1
2023-03-17,589179428,20190000000000000003,900200000000000047,1,201.836,313.631,63297.692,2023-03-17 18:45:00.000,L2FT01-FTJ023,23.93,0.000,0.666012,16605,0.435592,0.055345,0,0,1,0.4200,罗湖区,21,21,0,0,0,0,1
2023-03-17,589179428,20190000000000000003,900200000000000034,1,19.940,360.918,7193.636,2023-03-17 19:00:00.000,L2FT01-FTJ023,24.03,0.000,0.666012,16605,0.435592,0.055345,0,0,1,0.4200,罗湖区,21,21,0,0,0,0,1
2023-03-17,589179428,20190000000000000003,900200000000000047,1,164.800,314.100,51760.000,2023-03-17 19:00:00.000,L2FT01-FTJ023,24.03,0.000,0.666012,16605,0.435592,0.055345,0,0,1,0.4200,罗湖区,21,21,0,0,0,0,1
2023-03-17,589179428,20190000000000000003,900200000000000052,1,125.603,354.308,44530.833,2023-03-17 19:00:00.000,L2FT01-FTJ023,24.03,0.000,0.666012,16605,0.435592,0.055345,0,0,1,0.4200,罗湖区,21,21,0,0,0,0,1
2023-03-17,589179428,20190000000000000003,900200000000000052,1,111.890,364.007,40726.667,2023-03-17 19:15:00.000,L2FT01-FTJ023,24.03,0.000,0.666012,16605,0.435592,0.055345,0,0,1,0.4200,罗湖区,21,21,0,0,0,0,1
2023-03-17,589179428,20190000000000000003,900200000000000052,1,95.413,380.580,36256.667,2023-03-17 19:30:00.000,L2FT01-FTJ023,24.03,0.000,0.666012,16605,0.435592,0.055345,0,0,1,0.4200,罗湖区,21,21,0,0,0,0,1
2023-03-17,589179428,20190000000000000003,900200000000000052,1,25.608,383.579,9820.000,2023-03-17 19:45:00.000,L2FT01-FTJ023,24.03,0.000,0.666012,16605,0.435592,0.055345,0,0,1,0.4200,罗湖区,21,21,0,0,0,0,1
2023-03-17,589179428,20190000000000000003,900200000000000032,1,129.734,328.240,42580.000,2023-03-17 19:45:00.000,L2FT01-FTJ023,24.03,0.000,0.666012,16605,0.435592,0.055345,0,0,1,0.4200,罗湖区,21,21,0,0,0,0,1
2023-03-17,589179428,20190000000000000003,900200000000000032,1,125.785,330.513,41568.000,2023-03-17 20:00:00.000,L2FT01-FTJ023,24.33,0.000,0.666012,16605,0.435592,0.055345,0,0,1,0.4200,罗湖区,21,21,0,0,0,0,1
2023-03-17,589179428,20190000000000000003,900200000000000034,1,114.214,285.580,35402.000,2023-03-17 20:00:00.000,L2FT01-FTJ023,24.33,0.000,0.666012,16605,0.435592,0.055345,0,0,1,0.4200,罗湖区,21,21,0,0,0,0,1
2023-03-17,589179428,20190000000000000003,900200000000000032,1,73.106,329.607,24130.000,2023-03-17 20:15:00.000,L2FT01-FTJ023,24.33,0.000,0.666012,16605,0.435592,0.055345,0,0,1,0.4200,罗湖区,21,21,0,0,0,0,1
2023-03-17,589179428,20190000000000000003,900200000000000034,1,142.657,310.300,44266.000,2023-03-17 20:15:00.000,L2FT01-FTJ023,24.33,0.000,0.666012,16605,0.435592,0.055345,0,0,1,0.4200,罗湖区,21,21,0,0,0,0,1
2023-03-17,589179428,20190000000000000003,900200000000000032,1,54.690,335.050,18320.000,2023-03-17 20:30:00.000,L2FT01-FTJ023,24.33,0.000,0.666012,16605,0.435592,0.055345,0,0,1,0.4200,罗湖区,21,21,0,0,0,0,1
2023-03-17,589179428,20190000000000000003,900200000000000034,1,142.611,312.207,44522.857,2023-03-17 20:30:00.000,L2FT01-FTJ023,24.33,0.000,0.666012,16605,0.435592,0.055345,0,0,1,0.4200,罗湖区,21,21,0,0,0,0,1
2023-03-17,589179428,20190000000000000003,900200000000000057,1,94.013,347.033,33793.333,2023-03-17 21:45:00.000,L2FT01-FTJ023,24.81,0.000,0.666012,16605,0.435592,0.055345,0,0,1,0.4200,罗湖区,21,21,0,0,0,0,1
2023-03-17,589179428,20190000000000000003,900200000000000057,1,59.761,362.986,21601.429,2023-03-17 22:00:00.000,L2FT01-FTJ023,25.43,0.000,0.666012,16605,0.435592,0.055345,0,0,1,0.4200,罗湖区,21,21,0,0,0,0,1
2023-03-17,589179428,20190000000000000003,900200000000000037,1,112.392,304.900,34887.500,2023-03-17 22:45:00.000,L2FT01-FTJ023,25.43,0.000,0.666012,16605,0.435592,0.055345,0,0,1,0.4200,罗湖区,21,21,0,0,0,0,1
2023-03-17,589179428,20190000000000000003,900200000000000037,1,149.790,310.800,46550.000,2023-03-17 23:00:00.000,L2FT01-FTJ023,26.15,0.000,0.666012,16605,0.435592,0.055345,0,0,1,0.4200,罗湖区,21,21,0,0,0,0,1
2023-03-18,589179428,20190000000000000003,900200000000000043,1,71.925,404.117,29063.333,2023-03-18 00:00:00.000,L2FT01-FTJ023,26.93,0.000,0.666012,16605,0.435592,0.055345,0,0,0,0.4200,罗湖区,21,21,0,0,0,0,1
2023-03-18,589179428,20190000000000000003,900200000000000043,1,71.790,411.087,29512.000,2023-03-18 00:15:00.000,L2FT01-FTJ023,26.93,0.000,0.666012,16605,0.435592,0.055345,0,0,0,0.4200,罗湖区,21,21,0,0,0,0,1
2023-03-18,589179428,20190000000000000003,900200000000000043,1,71.744,417.920,29982.000,2023-03-18 00:30:00.000,L2FT01-FTJ023,26.93,0.000,0.666012,16605,0.435592,0.055345,0,0,0,0.4200,罗湖区,21,21,0,0,0,0,1
2023-03-18,589179428,20190000000000000003,900200000000000043,1,70.305,429.273,30175.333,2023-03-18 00:45:00.000,L2FT01-FTJ023,26.93,0.000,0.666012,16605,0.435592,0.055345,0,0,0,0.4200,罗湖区,21,21,0,0,0,0,1
2023-03-18,589179428,20190000000000000003,900200000000000043,1,68.072,443.620,30192.667,2023-03-18 01:00:00.000,L2FT01-FTJ023,27.70,0.000,0.666012,16605,0.435592,0.055345,0,0,0,0.4200,罗湖区,21,21,0,0,0,0,1
2023-03-18,589179428,20190000000000000003,900200000000000043,1,53.458,456.553,24378.667,2023-03-18 01:15:00.000,L2FT01-FTJ023,27.70,0.000,0.666012,16605,0.435592,0.055345,0,0,0,0.4200,罗湖区,21,21,0,0,0,0,1
2023-03-18,589179428,20190000000000000003,900200000000000043,1,20.890,459.960,9607.000,2023-03-18 01:30:00.000,L2FT01-FTJ023,27.70,0.000,0.666012,16605,0.435592,0.055345,0,0,0,0.4200,罗湖区,21,21,0,0,0,0,1
2023-03-18,589179428,20190000000000000003,900200000000000037,1,149.858,311.150,46626.667,2023-03-18 02:30:00.000,L2FT01-FTJ023,28.43,0.000,0.666012,16605,0.435592,0.055345,0,0,0,0.4200,罗湖区,21,21,0,0,0,0,1
2023-03-18,589179428,20190000000000000003,900200000000000037,1,149.890,312.033,46767.333,2023-03-18 02:45:00.000,L2FT01-FTJ023,28.43,0.000,0.666012,16605,0.435592,0.055345,0,0,0,0.4200,罗湖区,21,21,0,0,0,0,1
2023-03-18,589179428,20190000000000000003,900200000000000037,1,149.890,313.487,46986.000,2023-03-18 03:00:00.000,L2FT01-FTJ023,29.05,0.000,0.666012,16605,0.435592,0.055345,0,0,0,0.4200,罗湖区,21,21,0,0,0,0,1
2023-03-18,589179428,20190000000000000003,900200000000000037,1,149.897,314.900,47199.333,2023-03-18 03:15:00.000,L2FT01-FTJ023,29.05,0.000,0.666012,16605,0.435592,0.055345,0,0,0,0.4200,罗湖区,21,21,0,0,0,0,1
2023-03-18,589179428,20190000000000000003,900200000000000037,1,149.890,316.407,47422.667,2023-03-18 03:30:00.000,L2FT01-FTJ023,29.05,0.000,0.666012,16605,0.435592,0.055345,0,0,0,0.4200,罗湖区,21,21,0,0,0,0,1
2023-03-18,589179428,20190000000000000003,900200000000000037,1,99.865,324.113,32152.500,2023-03-18 03:45:00.000,L2FT01-FTJ023,29.05,0.000,0.666012,16605,0.435592,0.055345,0,0,0,0.4200,罗湖区,21,21,0,0,0,0,1
2023-03-18,589179428,20190000000000000003,900200000000000056,1,104.596,463.400,49574.000,2023-03-18 04:15:00.000,L2FT01-FTJ023,29.53,0.000,0.666012,16605,0.435592,0.055345,0,0,0,0.4200,罗湖区,21,21,0,0,0,0,1
2023-03-18,589179428,20190000000000000003,900200000000000048,1,149.827,307.238,46028.750,2023-03-18 04:30:00.000,L2FT01-FTJ023,29.53,0.000,0.666012,16605,0.435592,0.055345,0,0,0,0.4200,罗湖区,21,21,0,0,0,0,1
2023-03-18,589179428,20190000000000000003,900200000000000056,1,125.650,476.707,59899.333,2023-03-18 04:30:00.000,L2FT01-FTJ023,29.53,0.000,0.666012,16605,0.435592,0.055345,0,0,0,0.4200,罗湖区,21,21,0,0,0,0,1
2023-03-18,589179428,20190000000000000003,900200000000000048,1,149.985,310.227,46526.667,2023-03-18 04:45:00.000,L2FT01-FTJ023,29.53,0.000,0.666012,16605,0.435592,0.055345,0,0,0,0.4200,罗湖区,21,21,0,0,0,0,1
2023-03-18,589179428,20190000000000000003,900200000000000056,1,125.650,477.140,59954.000,2023-03-18 04:45:00.000,L2FT01-FTJ023,29.53,0.000,0.666012,16605,0.435592,0.055345,0,0,0,0.4200,罗湖区,21,21,0,0,0,0,1
2023-03-18,589179428,20190000000000000003,900200000000000056,1,125.597,477.500,59972.000,2023-03-18 05:00:00.000,L2FT01-FTJ023,29.83,0.000,0.666012,16605,0.435592,0.055345,0,0,0,0.4200,罗湖区,21,21,0,0,0,0,1
2023-03-18,589179428,20190000000000000003,900200000000000048,1,150.020,311.440,46719.333,2023-03-18 05:00:00.000,L2FT01-FTJ023,29.83,0.000,0.666012,16605,0.435592,0.055345,0,0,0,0.4200,罗湖区,21,21,0,0,0,0,1
2023-03-18,589179428,20190000000000000003,900200000000000034,1,129.895,309.575,40210.000,2023-03-18 05:15:00.000,L2FT01-FTJ023,29.83,0.000,0.666012,16605,0.435592,0.055345,0,0,0,0.4200,罗湖区,21,21,0,0,0,0,1
2023-03-18,589179428,20190000000000000003,900200000000000048,1,149.978,313.307,46986.667,2023-03-18 05:15:00.000,L2FT01-FTJ023,29.83,0.000,0.666012,16605,0.435592,0.055345,0,0,0,0.4200,罗湖区,21,21,0,0,0,0,1
2023-03-18,589179428,20190000000000000003,900200000000000056,1,84.605,477.107,40376.667,2023-03-18 05:15:00.000,L2FT01-FTJ023,29.83,0.000,0.666012,16605,0.435592,0.055345,0,0,0,0.4200,罗湖区,21,21,0,0,0,0,1
2023-03-18,589179428,20190000000000000003,900200000000000034,1,129.860,310.460,40316.000,2023-03-18 05:30:00.000,L2FT01-FTJ023,29.83,0.000,0.666012,16605,0.435592,0.055345,0,0,0,0.4200,罗湖区,21,21,0,0,0,0,1
2023-03-18,589179428,20190000000000000003,900200000000000048,1,149.857,314.547,47135.333,2023-03-18 05:30:00.000,L2FT01-FTJ023,29.83,0.000,0.666012,16605,0.435592,0.055345,0,0,0,0.4200,罗湖区,21,21,0,0,0,0,1
2023-03-18,589179428,20190000000000000003,900200000000000056,1,32.945,476.550,15700.000,2023-03-18 05:30:00.000,L2FT01-FTJ023,29.83,0.000,0.666012,16605,0.435592,0.055345,0,0,0,0.4200,罗湖区,21,21,0,0,0,0,1
2023-03-18,589179428,20190000000000000003,900200000000000034,1,129.818,311.413,40422.667,2023-03-18 05:45:00.000,L2FT01-FTJ023,29.83,0.000,0.666012,16605,0.435592,0.055345,0,0,0,0.4200,罗湖区,21,21,0,0,0,0,1
2023-03-18,589179428,20190000000000000003,900200000000000048,1,149.897,316.607,47456.000,2023-03-18 05:45:00.000,L2FT01-FTJ023,29.83,0.000,0.666012,16605,0.435592,0.055345,0,0,0,0.4200,罗湖区,21,21,0,0,0,0,1
2023-03-18,589179428,20190000000000000003,900200000000000034,1,129.836,313.320,40676.000,2023-03-18 06:00:00.000,L2FT01-FTJ023,29.93,0.000,0.666012,16605,0.435592,0.055345,0,0,0,0.4200,罗湖区,21,21,0,0,0,0,1
2023-03-18,589179428,20190000000000000003,900200000000000048,1,64.191,324.343,20728.571,2023-03-18 06:00:00.000,L2FT01-FTJ023,29.93,0.000,0.666012,16605,0.435592,0.055345,0,0,0,0.4200,罗湖区,21,21,0,0,0,0,1
2023-03-18,589179428,20190000000000000003,900200000000000034,1,129.890,314.613,40863.333,2023-03-18 06:15:00.000,L2FT01-FTJ023,29.93,0.000,0.666012,16605,0.435592,0.055345,0,0,0,0.4200,罗湖区,21,21,0,0,0,0,1
2023-03-18,589179428,20190000000000000003,900200000000000034,1,96.200,321.582,30710.909,2023-03-18 06:30:00.000,L2FT01-FTJ023,29.93,0.000,0.666012,16605,0.435592,0.055345,0,0,0,0.4200,罗湖区,21,21,0,0,0,0,1
2023-03-18,589179428,20190000000000000003,900200000000000056,1,84.654,349.000,29786.000,2023-03-18 07:15:00.000,L2FT01-FTJ023,29.83,0.000,0.666012,16605,0.435592,0.055345,0,0,0,0.4200,罗湖区,21,21,0,0,0,0,1
2023-03-18,589179428,20190000000000000003,900200000000000056,1,124.431,366.100,45532.667,2023-03-18 07:30:00.000,L2FT01-FTJ023,29.83,0.000,0.666012,16605,0.435592,0.055345,0,0,0,0.4200,罗湖区,21,21,0,0,0,0,1
2023-03-18,589179428,20190000000000000003,900200000000000049,1,71.560,378.267,27066.667,2023-03-18 07:30:00.000,L2FT01-FTJ023,29.83,0.000,0.666012,16605,0.435592,0.055345,0,0,0,0.4200,罗湖区,21,21,0,0,0,0,1
2023-03-18,589179428,20190000000000000003,900200000000000042,1,57.451,359.670,20673.000,2023-03-18 07:30:00.000,L2FT01-FTJ023,29.83,0.000,0.666012,16605,0.435592,0.055345,0,0,0,0.4200,罗湖区,21,21,0,0,0,0,1
2023-03-18,589179428,20190000000000000003,900200000000000042,1,42.470,367.087,15590.667,2023-03-18 07:45:00.000,L2FT01-FTJ023,29.83,0.000,0.666012,16605,0.435592,0.055345,0,0,0,0.4200,罗湖区,21,21,0,0,0,0,1
2023-03-18,589179428,20190000000000000003,900200000000000049,1,63.597,389.227,24719.333,2023-03-18 07:45:00.000,L2FT01-FTJ023,29.83,0.000,0.666012,16605,0.435592,0.055345,0,0,0,0.4200,罗湖区,21,21,0,0,0,0,1
2023-03-18,589179428,20190000000000000003,900200000000000056,1,81.040,379.154,30724.615,2023-03-18 07:45:00.000,L2FT01-FTJ023,29.83,0.000,0.666012,16605,0.435592,0.055345,0,0,0,0.4200,罗湖区,21,21,0,0,0,0,1
2023-03-18,589179428,20190000000000000003,900200000000000032,1,120.540,365.978,46297.778,2023-03-18 08:00:00.000,L2FT01-FTJ023,29.53,0.000,0.666012,16605,0.435592,0.055345,0,0,0,0.4200,罗湖区,21,21,0,0,0,0,1
2023-03-18,589179428,20190000000000000003,900200000000000042,1,21.877,370.800,8112.667,2023-03-18 08:00:00.000,L2FT01-FTJ023,29.53,0.000,0.666012,16605,0.435592,0.055345,0,0,0,0.4200,罗湖区,21,21,0,0,0,0,1
2023-03-18,589179428,20190000000000000003,900200000000000049,1,30.237,398.500,12041.333,2023-03-18 08:00:00.000,L2FT01-FTJ023,29.53,0.000,0.666012,16605,0.435592,0.055345,0,0,0,0.4200,罗湖区,21,21,0,0,0,0,1
2023-03-18,589179428,20190000000000000003,900200000000000032,1,110.895,395.813,43852.667,2023-03-18 08:15:00.000,L2FT01-FTJ023,29.53,0.000,0.666012,16605,0.435592,0.055345,0,0,0,0.4200,罗湖区,21,21,0,0,0,0,1
2023-03-18,589179428,20190000000000000003,900200000000000042,1,13.140,372.108,4889.167,2023-03-18 08:15:00.000,L2FT01-FTJ023,29.53,0.000,0.666012,16605,0.435592,0.055345,0,0,0,0.4200,罗湖区,21,21,0,0,0,0,1
2023-03-18,589179428,20190000000000000003,900200000000000049,1,10.790,399.275,4310.000,2023-03-18 08:15:00.000,L2FT01-FTJ023,29.53,0.000,0.666012,16605,0.435592,0.055345,0,0,0,0.4200,罗湖区,21,21,0,0,0,0,1
2023-03-18,589179428,20190000000000000003,900200000000000032,1,59.125,403.207,23834.667,2023-03-18 08:30:00.000,L2FT01-FTJ023,29.53,0.000,0.666012,16605,0.435592,0.055345,0,0,0,0.4200,罗湖区,21,21,0,0,0,0,1
2023-03-18,589179428,20190000000000000003,900200000000000032,1,37.500,403.100,15110.000,2023-03-18 08:45:00.000,L2FT01-FTJ023,29.53,0.000,0.666012,16605,0.435592,0.055345,0,0,0,0.4200,罗湖区,21,21,0,0,0,0,1
2023-03-18,589179428,20190000000000000003,900200000000000042,1,141.199,322.140,47404.000,2023-03-18 09:15:00.000,L2FT01-FTJ023,29.05,0.000,0.666012,16605,0.435592,0.055345,0,0,0,0.4200,罗湖区,21,21,0,0,0,0,1
2023-03-18,589179428,20190000000000000003,900200000000000042,1,81.065,346.560,28086.000,2023-03-18 09:30:00.000,L2FT01-FTJ023,29.05,0.000,0.666012,16605,0.435592,0.055345,0,0,0,0.4200,罗湖区,21,21,0,0,0,0,1
2023-03-18,589179428,20190000000000000003,900200000000000042,1,40.313,349.073,14069.333,2023-03-18 09:45:00.000,L2FT01-FTJ023,29.05,0.000,0.666012,16605,0.435592,0.055345,0,0,0,0.4200,罗湖区,21,21,0,0,0,0,1
2023-03-18,589179428,20190000000000000003,900200000000000042,1,19.828,349.167,6921.111,2023-03-18 10:00:00.000,L2FT01-FTJ023,28.43,0.000,0.666012,16605,0.435592,0.055345,0,0,0,0.4200,罗湖区,21,21,0,0,0,0,1
2023-03-18,589179428,20190000000000000003,900200000000000047,0,0.000,362.700,0.000,2023-03-18 12:00:00.000,L2FT01-FTJ023,26.93,0.000,0.666012,16605,0.435592,0.055345,0,0,0,0.4200,罗湖区,21,21,0,0,0,0,1
2023-03-18,589179428,20190000000000000003,900200000000000038,1,195.462,369.222,72576.667,2023-03-18 12:15:00.000,L2FT01-FTJ023,26.93,0.000,0.666012,16605,0.435592,0.055345,0,0,0,0.4200,罗湖区,21,21,0,0,0,0,1
2023-03-18,589179428,20190000000000000003,900200000000000049,1,62.290,355.033,22113.333,2023-03-18 12:15:00.000,L2FT01-FTJ023,26.93,0.000,0.666012,16605,0.435592,0.055345,0,0,0,0.4200,罗湖区,21,21,0,0,0,0,1
2023-03-18,589179428,20190000000000000003,900200000000000038,1,239.497,373.133,89363.333,2023-03-18 12:30:00.000,L2FT01-FTJ023,26.93,0.000,0.666012,16605,0.435592,0.055345,0,0,0,0.4200,罗湖区,21,21,0,0,0,0,1
2023-03-18,589179428,20190000000000000003,900200000000000049,1,41.305,354.433,14650.667,2023-03-18 12:30:00.000,L2FT01-FTJ023,26.93,0.000,0.666012,16605,0.435592,0.055345,0,0,0,0.4200,罗湖区,21,21,0,0,0,0,1
2023-03-18,589179428,20190000000000000003,900200000000000057,1,91.475,357.900,32751.667,2023-03-18 12:30:00.000,L2FT01-FTJ023,26.93,0.000,0.666012,16605,0.435592,0.055345,0,0,0,0.4200,罗湖区,21,21,0,0,0,0,1
2023-03-18,589179428,20190000000000000003,900200000000000049,1,24.890,354.933,8830.000,2023-03-18 12:45:00.000,L2FT01-FTJ023,26.93,0.000,0.666012,16605,0.435592,0.055345,0,0,0,0.4200,罗湖区,21,21,0,0,0,0,1
2023-03-18,589179428,20190000000000000003,900200000000000057,1,81.263,359.887,29241.333,2023-03-18 12:45:00.000,L2FT01-FTJ023,26.93,0.000,0.666012,16605,0.435592,0.055345,0,0,0,0.4200,罗湖区,21,21,0,0,0,0,1
2023-03-18,589179428,20190000000000000003,900200000000000057,1,44.185,361.131,16022.308,2023-03-18 13:00:00.000,L2FT01-FTJ023,26.15,0.000,0.666012,16605,0.435592,0.055345,0,0,0,0.4200,罗湖区,21,21,0,0,0,0,1
2023-03-18,589179428,20190000000000000003,900200000000000035,1,187.433,316.940,58812.000,2023-03-18 13:45:00.000,L2FT01-FTJ023,26.15,0.000,0.666012,16605,0.435592,0.055345,0,0,0,0.4200,罗湖区,21,21,0,0,0,0,1
2023-03-18,589179428,20190000000000000003,900200000000000035,1,201.733,316.507,63844.000,2023-03-18 14:00:00.000,L2FT01-FTJ023,25.43,0.000,0.666012,16605,0.435592,0.055345,0,0,0,0.4200,罗湖区,21,21,0,0,0,0,1
2023-03-18,589179428,20190000000000000003,900200000000000035,1,124.466,325.700,40132.857,2023-03-18 14:15:00.000,L2FT01-FTJ023,25.43,0.000,0.666012,16605,0.435592,0.055345,0,0,0,0.4200,罗湖区,21,21,0,0,0,0,1
2023-03-18,589179428,20190000000000000003,900200000000000037,0,0.000,238.300,0.000,2023-03-18 16:15:00.000,L2FT01-FTJ023,24.33,0.000,0.666012,16605,0.435592,0.055345,0,0,0,0.4200,罗湖区,21,21,0,0,0,0,1
2023-03-18,589179428,20190000000000000003,900200000000000034,1,62.406,367.971,23035.714,2023-03-18 16:30:00.000,L2FT01-FTJ023,24.33,0.000,0.666012,16605,0.435592,0.055345,0,0,0,0.4200,罗湖区,21,21,0,0,0,0,1
2023-03-18,589179428,20190000000000000003,900200000000000034,1,71.254,378.536,26971.818,2023-03-18 16:45:00.000,L2FT01-FTJ023,24.33,0.000,0.666012,16605,0.435592,0.055345,0,0,0,0.4200,罗湖区,21,21,0,0,0,0,1
2023-03-18,589179428,20190000000000000003,900200000000000048,1,123.351,354.400,43945.000,2023-03-18 18:00:00.000,L2FT01-FTJ023,23.93,0.000,0.666012,16605,0.435592,0.055345,0,0,0,0.4200,罗湖区,21,21,0,0,0,0,1
2023-03-18,589179428,20190000000000000003,900200000000000048,1,149.805,362.854,54353.846,2023-03-18 18:15:00.000,L2FT01-FTJ023,23.93,0.000,0.666012,16605,0.435592,0.055345,0,0,0,0.4200,罗湖区,21,21,0,0,0,0,1
2023-03-18,589179428,20190000000000000003,900200000000000057,1,122.096,426.457,52077.143,2023-03-18 19:00:00.000,L2FT01-FTJ023,24.03,0.000,0.666012,16605,0.435592,0.055345,0,0,0,0.4200,罗湖区,21,21,0,0,0,0,1
2023-03-18,589179428,20190000000000000003,900200000000000057,1,121.822,443.962,54081.250,2023-03-18 19:15:00.000,L2FT01-FTJ023,24.03,0.000,0.666012,16605,0.435592,0.055345,0,0,0,0.4200,罗湖区,21,21,0,0,0,0,1
2023-03-18,589179428,20190000000000000003,900200000000000035,1,111.497,399.811,44808.889,2023-03-18 19:30:00.000,L2FT01-FTJ023,24.03,0.000,0.666012,16605,0.435592,0.055345,0,0,0,0.4200,罗湖区,21,21,0,0,0,0,1
2023-03-18,589179428,20190000000000000003,900200000000000035,1,127.800,404.613,51705.333,2023-03-18 19:45:00.000,L2FT01-FTJ023,24.03,0.000,0.666012,16605,0.435592,0.055345,0,0,0,0.4200,罗湖区,21,21,0,0,0,0,1
2023-03-18,589179428,20190000000000000003,900200000000000035,1,127.812,407.407,52067.333,2023-03-18 20:00:00.000,L2FT01-FTJ023,24.33,0.000,0.666012,16605,0.435592,0.055345,0,0,0,0.4200,罗湖区,21,21,0,0,0,0,1
2023-03-18,589179428,20190000000000000003,900200000000000035,1,81.974,409.240,33603.000,2023-03-18 20:15:00.000,L2FT01-FTJ023,24.33,0.000,0.666012,16605,0.435592,0.055345,0,0,0,0.4200,罗湖区,21,21,0,0,0,0,1
2023-03-18,589179428,20190000000000000003,900200000000000037,1,117.689,429.750,50530.000,2023-03-18 20:15:00.000,L2FT01-FTJ023,24.33,0.000,0.666012,16605,0.435592,0.055345,0,0,0,0.4200,罗湖区,21,21,0,0,0,0,1
2023-03-18,589179428,20190000000000000003,900200000000000040,1,129.754,329.379,42733.571,2023-03-18 20:15:00.000,L2FT01-FTJ023,24.33,0.000,0.666012,16605,0.435592,0.055345,0,0,0,0.4200,罗湖区,21,21,0,0,0,0,1
2023-03-18,589179428,20190000000000000003,900200000000000031,1,106.242,330.078,35264.444,2023-03-18 20:30:00.000,L2FT01-FTJ023,24.33,0.000,0.666012,16605,0.435592,0.055345,0,0,0,0.4200,罗湖区,21,21,0,0,0,0,1
2023-03-18,589179428,20190000000000000003,900200000000000035,1,144.124,356.418,51364.545,2023-03-18 20:30:00.000,L2FT01-FTJ023,24.33,0.000,0.666012,16605,0.435592,0.055345,0,0,0,0.4200,罗湖区,21,21,0,0,0,0,1
2023-03-18,589179428,20190000000000000003,900200000000000037,1,86.308,445.967,38431.333,2023-03-18 20:30:00.000,L2FT01-FTJ023,24.33,0.000,0.666012,16605,0.435592,0.055345,0,0,0,0.4200,罗湖区,21,21,0,0,0,0,1
2023-03-18,589179428,20190000000000000003,900200000000000040,1,119.169,331.307,39477.333,2023-03-18 20:30:00.000,L2FT01-FTJ023,24.33,0.000,0.666012,16605,0.435592,0.055345,0,0,0,0.4200,罗湖区,21,21,0,0,0,0,1
2023-03-18,589179428,20190000000000000003,900200000000000040,1,99.232,333.978,33123.333,2023-03-18 20:45:00.000,L2FT01-FTJ023,24.33,0.000,0.666012,16605,0.435592,0.055345,0,0,0,0.4200,罗湖区,21,21,0,0,0,0,1
2023-03-18,589179428,20190000000000000003,900200000000000037,1,64.945,453.050,29420.000,2023-03-18 20:45:00.000,L2FT01-FTJ023,24.33,0.000,0.666012,16605,0.435592,0.055345,0,0,0,0.4200,罗湖区,21,21,0,0,0,0,1
2023-03-18,589179428,20190000000000000003,900200000000000035,1,119.344,367.847,43853.333,2023-03-18 20:45:00.000,L2FT01-FTJ023,24.33,0.000,0.666012,16605,0.435592,0.055345,0,0,0,0.4200,罗湖区,21,21,0,0,0,0,1
2023-03-18,589179428,20190000000000000003,900200000000000031,1,87.992,335.325,29432.500,2023-03-18 20:45:00.000,L2FT01-FTJ023,24.33,0.000,0.666012,16605,0.435592,0.055345,0,0,0,0.4200,罗湖区,21,21,0,0,0,0,1
2023-03-18,589179428,20190000000000000003,900200000000000035,1,84.815,383.593,32476.667,2023-03-18 21:00:00.000,L2FT01-FTJ023,24.81,0.000,0.666012,16605,0.435592,0.055345,0,0,0,0.4200,罗湖区,21,21,0,0,0,0,1
2023-03-18,589179428,20190000000000000003,900200000000000035,1,45.395,391.715,17773.077,2023-03-18 21:15:00.000,L2FT01-FTJ023,24.81,0.000,0.666012,16605,0.435592,0.055345,0,0,0,0.4200,罗湖区,21,21,0,0,0,0,1
2023-03-19,589179428,20190000000000000003,900200000000000037,1,142.667,308.886,44064.286,2023-03-19 00:00:00.000,L2FT01-FTJ023,26.93,0.000,0.666012,16605,0.435592,0.055345,0,0,0,0.4200,罗湖区,21,21,0,0,0,0,1
2023-03-19,589179428,20190000000000000003,900200000000000052,1,118.016,299.345,36060.000,2023-03-19 00:00:00.000,L2FT01-FTJ023,26.93,0.000,0.666012,16605,0.435592,0.055345,0,0,0,0.4200,罗湖区,21,21,0,0,0,0,1
2023-03-19,589179428,20190000000000000003,900200000000000037,1,142.493,310.540,44246.000,2023-03-19 00:15:00.000,L2FT01-FTJ023,26.93,0.000,0.666012,16605,0.435592,0.055345,0,0,0,0.4200,罗湖区,21,21,0,0,0,0,1
2023-03-19,589179428,20190000000000000003,900200000000000052,1,129.806,309.607,40185.333,2023-03-19 00:15:00.000,L2FT01-FTJ023,26.93,0.000,0.666012,16605,0.435592,0.055345,0,0,0,0.4200,罗湖区,21,21,0,0,0,0,1
2023-03-19,589179428,20190000000000000003,900200000000000037,1,142.536,311.873,44450.000,2023-03-19 00:30:00.000,L2FT01-FTJ023,26.93,0.000,0.666012,16605,0.435592,0.055345,0,0,0,0.4200,罗湖区,21,21,0,0,0,0,1
2023-03-19,589179428,20190000000000000003,900200000000000052,1,129.812,310.580,40311.333,2023-03-19 00:30:00.000,L2FT01-FTJ023,26.93,0.000,0.666012,16605,0.435592,0.055345,0,0,0,0.4200,罗湖区,21,21,0,0,0,0,1
2023-03-19,589179428,20190000000000000003,900200000000000037,1,142.166,313.767,44603.333,2023-03-19 00:45:00.000,L2FT01-FTJ023,26.93,0.000,0.666012,16605,0.435592,0.055345,0,0,0,0.4200,罗湖区,21,21,0,0,0,0,1
2023-03-19,589179428,20190000000000000003,900200000000000052,1,129.848,311.660,40465.333,2023-03-19 00:45:00.000,L2FT01-FTJ023,26.93,0.000,0.666012,16605,0.435592,0.055345,0,0,0,0.4200,罗湖区,21,21,0,0,0,0,1
2023-03-19,589179428,20190000000000000003,900200000000000037,1,142.229,314.813,44772.667,2023-03-19 01:00:00.000,L2FT01-FTJ023,27.70,0.000,0.666012,16605,0.435592,0.055345,0,0,0,0.4200,罗湖区,21,21,0,0,0,0,1
2023-03-19,589179428,20190000000000000003,900200000000000052,1,129.884,313.753,40749.333,2023-03-19 01:00:00.000,L2FT01-FTJ023,27.70,0.000,0.666012,16605,0.435592,0.055345,0,0,0,0.4200,罗湖区,21,21,0,0,0,0,1
2023-03-19,589179428,20190000000000000003,900200000000000052,1,129.890,316.013,41044.667,2023-03-19 01:15:00.000,L2FT01-FTJ023,27.70,0.000,0.666012,16605,0.435592,0.055345,0,0,0,0.4200,罗湖区,21,21,0,0,0,0,1
2023-03-19,589179428,20190000000000000003,900200000000000037,1,137.595,317.453,43661.333,2023-03-19 01:15:00.000,L2FT01-FTJ023,27.70,0.000,0.666012,16605,0.435592,0.055345,0,0,0,0.4200,罗湖区,21,21,0,0,0,0,1
2023-03-19,589179428,20190000000000000003,900200000000000037,1,43.157,328.100,14113.333,2023-03-19 01:30:00.000,L2FT01-FTJ023,27.70,0.000,0.666012,16605,0.435592,0.055345,0,0,0,0.4200,罗湖区,21,21,0,0,0,0,1
2023-03-19,589179428,20190000000000000003,900200000000000047,1,19.490,357.633,6970.000,2023-03-19 01:30:00.000,L2FT01-FTJ023,27.70,0.000,0.666012,16605,0.435592,0.055345,0,0,0,0.4200,罗湖区,21,21,0,0,0,0,1
2023-03-19,589179428,20190000000000000003,900200000000000052,1,54.091,325.929,17534.286,2023-03-19 01:30:00.000,L2FT01-FTJ023,27.70,0.000,0.666012,16605,0.435592,0.055345,0,0,0,0.4200,罗湖区,21,21,0,0,0,0,1
2023-03-19,589179428,20190000000000000003,900200000000000047,1,168.744,376.880,63793.333,2023-03-19 01:45:00.000,L2FT01-FTJ023,27.70,0.000,0.666012,16605,0.435592,0.055345,0,0,0,0.4200,罗湖区,21,21,0,0,0,0,1
2023-03-19,589179428,20190000000000000003,900200000000000047,1,125.139,394.747,49328.667,2023-03-19 02:00:00.000,L2FT01-FTJ023,28.43,0.000,0.666012,16605,0.435592,0.055345,0,0,0,0.4200,罗湖区,21,21,0,0,0,0,1
2023-03-19,589179428,20190000000000000003,900200000000000047,1,70.023,403.227,28228.667,2023-03-19 02:15:00.000,L2FT01-FTJ023,28.43,0.000,0.666012,16605,0.435592,0.055345,0,0,0,0.4200,罗湖区,21,21,0,0,0,0,1
2023-03-19,589179428,20190000000000000003,900200000000000047,1,31.837,406.267,12933.333,2023-03-19 02:30:00.000,L2FT01-FTJ023,28.43,0.000,0.666012,16605,0.435592,0.055345,0,0,0,0.4200,罗湖区,21,21,0,0,0,0,1
2023-03-19,589179428,20190000000000000003,900200000000000047,1,31.790,409.137,13007.500,2023-03-19 02:45:00.000,L2FT01-FTJ023,28.43,0.000,0.666012,16605,0.435592,0.055345,0,0,0,0.4200,罗湖区,21,21,0,0,0,0,1
2023-03-19,589179428,20190000000000000003,900200000000000032,1,70.657,347.467,24550.000,2023-03-19 04:00:00.000,L2FT01-FTJ023,29.53,0.000,0.666012,16605,0.435592,0.055345,0,0,0,0.4200,罗湖区,21,21,0,0,0,0,1
2023-03-19,589179428,20190000000000000003,900200000000000052,1,130.250,305.250,39751.667,2023-03-19 04:00:00.000,L2FT01-FTJ023,29.53,0.000,0.666012,16605,0.435592,0.055345,0,0,0,0.4200,罗湖区,21,21,0,0,0,0,1
2023-03-19,589179428,20190000000000000003,900200000000000032,1,71.590,353.227,25285.333,2023-03-19 04:15:00.000,L2FT01-FTJ023,29.53,0.000,0.666012,16605,0.435592,0.055345,0,0,0,0.4200,罗湖区,21,21,0,0,0,0,1
2023-03-19,589179428,20190000000000000003,900200000000000052,1,129.925,309.673,40230.667,2023-03-19 04:15:00.000,L2FT01-FTJ023,29.53,0.000,0.666012,16605,0.435592,0.055345,0,0,0,0.4200,罗湖区,21,21,0,0,0,0,1
2023-03-19,589179428,20190000000000000003,900200000000000032,1,71.500,358.927,25659.333,2023-03-19 04:30:00.000,L2FT01-FTJ023,29.53,0.000,0.666012,16605,0.435592,0.055345,0,0,0,0.4200,罗湖区,21,21,0,0,0,0,1
2023-03-19,589179428,20190000000000000003,900200000000000052,1,129.890,311.047,40400.000,2023-03-19 04:30:00.000,L2FT01-FTJ023,29.53,0.000,0.666012,16605,0.435592,0.055345,0,0,0,0.4200,罗湖区,21,21,0,0,0,0,1
2023-03-19,589179428,20190000000000000003,900200000000000052,1,129.890,312.360,40569.333,2023-03-19 04:45:00.000,L2FT01-FTJ023,29.53,0.000,0.666012,16605,0.435592,0.055345,0,0,0,0.4200,罗湖区,21,21,0,0,0,0,1
2023-03-19,589179428,20190000000000000003,900200000000000032,1,71.500,367.240,26253.333,2023-03-19 04:45:00.000,L2FT01-FTJ023,29.53,0.000,0.666012,16605,0.435592,0.055345,0,0,0,0.4200,罗湖区,21,21,0,0,0,0,1
2023-03-19,589179428,20190000000000000003,900200000000000032,1,71.506,380.647,27214.000,2023-03-19 05:00:00.000,L2FT01-FTJ023,29.83,0.000,0.666012,16605,0.435592,0.055345,0,0,0,0.4200,罗湖区,21,21,0,0,0,0,1
2023-03-19,589179428,20190000000000000003,900200000000000052,1,129.890,314.060,40792.000,2023-03-19 05:00:00.000,L2FT01-FTJ023,29.83,0.000,0.666012,16605,0.435592,0.055345,0,0,0,0.4200,罗湖区,21,21,0,0,0,0,1
2023-03-19,589179428,20190000000000000003,900200000000000032,1,71.512,395.147,28254.000,2023-03-19 05:15:00.000,L2FT01-FTJ023,29.83,0.000,0.666012,16605,0.435592,0.055345,0,0,0,0.4200,罗湖区,21,21,0,0,0,0,1
2023-03-19,589179428,20190000000000000003,900200000000000049,1,149.895,302.950,45410.000,2023-03-19 05:15:00.000,L2FT01-FTJ023,29.83,0.000,0.666012,16605,0.435592,0.055345,0,0,0,0.4200,罗湖区,21,21,0,0,0,0,1
2023-03-19,589179428,20190000000000000003,900200000000000052,1,129.941,315.080,40937.333,2023-03-19 05:15:00.000,L2FT01-FTJ023,29.83,0.000,0.666012,16605,0.435592,0.055345,0,0,0,0.4200,罗湖区,21,21,0,0,0,0,1
2023-03-19,589179428,20190000000000000003,900200000000000032,1,47.000,405.020,19030.667,2023-03-19 05:30:00.000,L2FT01-FTJ023,29.83,0.000,0.666012,16605,0.435592,0.055345,0,0,0,0.4200,罗湖区,21,21,0,0,0,0,1
2023-03-19,589179428,20190000000000000003,900200000000000049,1,149.810,308.160,46162.667,2023-03-19 05:30:00.000,L2FT01-FTJ023,29.83,0.000,0.666012,16605,0.435592,0.055345,0,0,0,0.4200,罗湖区,21,21,0,0,0,0,1
2023-03-19,589179428,20190000000000000003,900200000000000052,1,103.511,321.164,33039.286,2023-03-19 05:30:00.000,L2FT01-FTJ023,29.83,0.000,0.666012,16605,0.435592,0.055345,0,0,0,0.4200,罗湖区,21,21,0,0,0,0,1
2023-03-19,589179428,20190000000000000003,900200000000000032,1,26.783,409.742,10974.167,2023-03-19 05:45:00.000,L2FT01-FTJ023,29.83,0.000,0.666012,16605,0.435592,0.055345,0,0,0,0.4200,罗湖区,21,21,0,0,0,0,1
2023-03-19,589179428,20190000000000000003,900200000000000049,1,149.790,310.927,46571.333,2023-03-19 05:45:00.000,L2FT01-FTJ023,29.83,0.000,0.666012,16605,0.435592,0.055345,0,0,0,0.4200,罗湖区,21,21,0,0,0,0,1
2023-03-19,589179428,20190000000000000003,900200000000000045,0,0.000,133.800,0.000,2023-03-19 06:00:00.000,L2FT01-FTJ023,29.93,0.000,0.666012,16605,0.435592,0.055345,0,0,0,0.4200,罗湖区,21,21,0,0,0,0,1
2023-03-19,589179428,20190000000000000003,900200000000000049,1,149.797,312.153,46756.667,2023-03-19 06:00:00.000,L2FT01-FTJ023,29.93,0.000,0.666012,16605,0.435592,0.055345,0,0,0,0.4200,罗湖区,21,21,0,0,0,0,1
2023-03-19,589179428,20190000000000000003,900200000000000049,1,149.790,313.993,47032.000,2023-03-19 06:15:00.000,L2FT01-FTJ023,29.93,0.000,0.666012,16605,0.435592,0.055345,0,0,0,0.4200,罗湖区,21,21,0,0,0,0,1
2023-03-19,589179428,20190000000000000003,900200000000000049,1,149.922,315.133,47243.333,2023-03-19 06:30:00.000,L2FT01-FTJ023,29.93,0.000,0.666012,16605,0.435592,0.055345,0,0,0,0.4200,罗湖区,21,21,0,0,0,0,1
2023-03-19,589179428,20190000000000000003,900200000000000049,1,121.930,319.067,38800.000,2023-03-19 06:45:00.000,L2FT01-FTJ023,29.93,0.000,0.666012,16605,0.435592,0.055345,0,0,0,0.4200,罗湖区,21,21,0,0,0,0,1
2023-03-19,589179428,20190000000000000003,900200000000000049,1,29.857,330.600,9866.667,2023-03-19 07:00:00.000,L2FT01-FTJ023,29.83,0.000,0.666012,16605,0.435592,0.055345,0,0,0,0.4200,罗湖区,21,21,0,0,0,0,1
2023-03-19,589179428,20190000000000000003,900200000000000048,1,90.500,320.800,29030.000,2023-03-19 07:30:00.000,L2FT01-FTJ023,29.83,0.000,0.666012,16605,0.435592,0.055345,0,0,0,0.4200,罗湖区,21,21,0,0,0,0,1
2023-03-19,589179428,20190000000000000003,900200000000000056,1,106.340,383.573,40895.455,2023-03-19 07:30:00.000,L2FT01-FTJ023,29.83,0.000,0.666012,16605,0.435592,0.055345,0,0,0,0.4200,罗湖区,21,21,0,0,0,0,1
2023-03-19,589179428,20190000000000000003,900200000000000048,1,90.350,325.093,29372.000,2023-03-19 07:45:00.000,L2FT01-FTJ023,29.83,0.000,0.666012,16605,0.435592,0.055345,0,0,0,0.4200,罗湖区,21,21,0,0,0,0,1
2023-03-19,589179428,20190000000000000003,900200000000000056,1,58.241,382.353,22251.333,2023-03-19 07:45:00.000,L2FT01-FTJ023,29.83,0.000,0.666012,16605,0.435592,0.055345,0,0,0,0.4200,罗湖区,21,21,0,0,0,0,1
2023-03-19,589179428,20190000000000000003,900200000000000048,1,90.370,326.733,29524.667,2023-03-19 08:00:00.000,L2FT01-FTJ023,29.53,0.000,0.666012,16605,0.435592,0.055345,0,0,0,0.4200,罗湖区,21,21,0,0,0,0,1
2023-03-19,589179428,20190000000000000003,900200000000000056,1,19.790,386.300,7643.333,2023-03-19 08:00:00.000,L2FT01-FTJ023,29.53,0.000,0.666012,16605,0.435592,0.055345,0,0,0,0.4200,罗湖区,21,21,0,0,0,0,1
2023-03-19,589179428,20190000000000000003,900200000000000048,1,90.377,328.487,29686.667,2023-03-19 08:15:00.000,L2FT01-FTJ023,29.53,0.000,0.666012,16605,0.435592,0.055345,0,0,0,0.4200,罗湖区,21,21,0,0,0,0,1
2023-03-19,589179428,20190000000000000003,900200000000000048,1,86.317,330.373,28513.333,2023-03-19 08:30:00.000,L2FT01-FTJ023,29.53,0.000,0.666012,16605,0.435592,0.055345,0,0,0,0.4200,罗湖区,21,21,0,0,0,0,1
2023-03-19,589179428,20190000000000000003,900200000000000048,1,69.243,332.200,22997.500,2023-03-19 08:45:00.000,L2FT01-FTJ023,29.53,0.000,0.666012,16605,0.435592,0.055345,0,0,0,0.4200,罗湖区,21,21,0,0,0,0,1
2023-03-19,589179428,20190000000000000003,900200000000000052,1,96.374,344.580,33206.000,2023-03-19 10:15:00.000,L2FT01-FTJ023,28.43,0.000,0.666012,16605,0.435592,0.055345,0,0,0,0.4200,罗湖区,21,21,0,0,0,0,1
2023-03-19,589179428,20190000000000000003,900200000000000052,1,94.906,350.967,33304.000,2023-03-19 10:30:00.000,L2FT01-FTJ023,28.43,0.000,0.666012,16605,0.435592,0.055345,0,0,0,0.4200,罗湖区,21,21,0,0,0,0,1
2023-03-19,589179428,20190000000000000003,900200000000000052,1,91.632,353.393,32380.000,2023-03-19 10:45:00.000,L2FT01-FTJ023,28.43,0.000,0.666012,16605,0.435592,0.055345,0,0,0,0.4200,罗湖区,21,21,0,0,0,0,1
2023-03-19,589179428,20190000000000000003,900200000000000057,1,98.015,472.064,46665.455,2023-03-19 11:00:00.000,L2FT01-FTJ023,27.70,0.000,0.666012,16605,0.435592,0.055345,0,0,0,0.4200,罗湖区,21,21,0,0,0,0,1
2023-03-19,589179428,20190000000000000003,900200000000000052,1,88.340,354.717,31333.333,2023-03-19 11:00:00.000,L2FT01-FTJ023,27.70,0.000,0.666012,16605,0.435592,0.055345,0,0,0,0.4200,罗湖区,21,21,0,0,0,0,1
2023-03-19,589179428,20190000000000000003,900200000000000057,1,92.440,477.033,44098.667,2023-03-19 11:15:00.000,L2FT01-FTJ023,27.70,0.000,0.666012,16605,0.435592,0.055345,0,0,0,0.4200,罗湖区,21,21,0,0,0,0,1
2023-03-19,589179428,20190000000000000003,900200000000000057,1,66.990,476.983,31963.333,2023-03-19 11:30:00.000,L2FT01-FTJ023,27.70,0.000,0.666012,16605,0.435592,0.055345,0,0,0,0.4200,罗湖区,21,21,0,0,0,0,1
2023-03-19,589179428,20190000000000000003,900200000000000044,1,62.761,319.714,20098.571,2023-03-19 12:00:00.000,L2FT01-FTJ023,26.93,0.000,0.666012,16605,0.435592,0.055345,0,0,0,0.4200,罗湖区,21,21,0,0,0,0,1
2023-03-19,589179428,20190000000000000003,900200000000000044,1,67.797,326.407,22127.333,2023-03-19 12:15:00.000,L2FT01-FTJ023,26.93,0.000,0.666012,16605,0.435592,0.055345,0,0,0,0.4200,罗湖区,21,21,0,0,0,0,1
2023-03-19,589179428,20190000000000000003,900200000000000044,1,67.790,333.347,22596.667,2023-03-19 12:30:00.000,L2FT01-FTJ023,26.93,0.000,0.666012,16605,0.435592,0.055345,0,0,0,0.4200,罗湖区,21,21,0,0,0,0,1
2023-03-19,589179428,20190000000000000003,900200000000000044,1,67.790,343.313,23271.333,2023-03-19 12:45:00.000,L2FT01-FTJ023,26.93,0.000,0.666012,16605,0.435592,0.055345,0,0,0,0.4200,罗湖区,21,21,0,0,0,0,1
2023-03-19,589179428,20190000000000000003,900200000000000038,1,129.823,306.536,40787.273,2023-03-19 13:00:00.000,L2FT01-FTJ023,26.15,0.000,0.666012,16605,0.435592,0.055345,0,0,0,0.4200,罗湖区,21,21,0,0,0,0,1
2023-03-19,589179428,20190000000000000003,900200000000000040,1,149.834,312.636,46841.429,2023-03-19 13:00:00.000,L2FT01-FTJ023,26.15,0.000,0.666012,16605,0.435592,0.055345,0,0,0,0.4200,罗湖区,21,21,0,0,0,0,1
2023-03-19,589179428,20190000000000000003,900200000000000044,1,67.790,355.513,24098.667,2023-03-19 13:00:00.000,L2FT01-FTJ023,26.15,0.000,0.666012,16605,0.435592,0.055345,0,0,0,0.4200,罗湖区,21,21,0,0,0,0,1
2023-03-19,589179428,20190000000000000003,900200000000000038,1,142.756,314.880,44947.333,2023-03-19 13:15:00.000,L2FT01-FTJ023,26.15,0.000,0.666012,16605,0.435592,0.055345,0,0,0,0.4200,罗湖区,21,21,0,0,0,0,1
2023-03-19,589179428,20190000000000000003,900200000000000040,1,149.877,314.487,47131.333,2023-03-19 13:15:00.000,L2FT01-FTJ023,26.15,0.000,0.666012,16605,0.435592,0.055345,0,0,0,0.4200,罗湖区,21,21,0,0,0,0,1
2023-03-19,589179428,20190000000000000003,900200000000000044,1,38.397,362.480,13917.333,2023-03-19 13:15:00.000,L2FT01-FTJ023,26.15,0.000,0.666012,16605,0.435592,0.055345,0,0,0,0.4200,罗湖区,21,21,0,0,0,0,1
2023-03-19,589179428,20190000000000000003,900200000000000044,1,14.867,364.207,5410.000,2023-03-19 13:30:00.000,L2FT01-FTJ023,26.15,0.000,0.666012,16605,0.435592,0.055345,0,0,0,0.4200,罗湖区,21,21,0,0,0,0,1
2023-03-19,589179428,20190000000000000003,900200000000000040,1,149.929,316.721,47481.429,2023-03-19 13:30:00.000,L2FT01-FTJ023,26.15,0.000,0.666012,16605,0.435592,0.055345,0,0,0,0.4200,罗湖区,21,21,0,0,0,0,1
2023-03-19,589179428,20190000000000000003,900200000000000038,1,84.494,324.544,27183.333,2023-03-19 13:30:00.000,L2FT01-FTJ023,26.15,0.000,0.666012,16605,0.435592,0.055345,0,0,0,0.4200,罗湖区,21,21,0,0,0,0,1
2023-03-19,589179428,20190000000000000003,900200000000000037,1,107.813,355.350,38413.333,2023-03-19 13:30:00.000,L2FT01-FTJ023,26.15,0.000,0.666012,16605,0.435592,0.055345,0,0,0,0.4200,罗湖区,21,21,0,0,0,0,1
2023-03-19,589179428,20190000000000000003,900200000000000032,1,134.038,365.500,49022.000,2023-03-19 13:45:00.000,L2FT01-FTJ023,26.15,0.000,0.666012,16605,0.435592,0.055345,0,0,0,0.4200,罗湖区,21,21,0,0,0,0,1
2023-03-19,589179428,20190000000000000003,900200000000000037,1,119.830,359.000,43016.667,2023-03-19 13:45:00.000,L2FT01-FTJ023,26.15,0.000,0.666012,16605,0.435592,0.055345,0,0,0,0.4200,罗湖区,21,21,0,0,0,0,1
2023-03-19,589179428,20190000000000000003,900200000000000032,1,146.106,376.967,55060.667,2023-03-19 14:00:00.000,L2FT01-FTJ023,25.43,0.000,0.666012,16605,0.435592,0.055345,0,0,0,0.4200,罗湖区,21,21,0,0,0,0,1
2023-03-19,589179428,20190000000000000003,900200000000000037,1,109.577,361.171,39627.143,2023-03-19 14:00:00.000,L2FT01-FTJ023,25.43,0.000,0.666012,16605,0.435592,0.055345,0,0,0,0.4200,罗湖区,21,21,0,0,0,0,1
2023-03-19,589179428,20190000000000000003,900200000000000032,1,131.358,400.955,52604.545,2023-03-19 14:15:00.000,L2FT01-FTJ023,25.43,0.000,0.666012,16605,0.435592,0.055345,0,0,0,0.4200,罗湖区,21,21,0,0,0,0,1
2023-03-19,589179428,20190000000000000003,900200000000000034,1,129.892,310.500,40326.364,2023-03-19 15:00:00.000,L2FT01-FTJ023,24.81,0.000,0.666012,16605,0.435592,0.055345,0,0,0,0.4200,罗湖区,21,21,0,0,0,0,1
2023-03-19,589179428,20190000000000000003,900200000000000034,1,129.971,312.107,40560.000,2023-03-19 15:15:00.000,L2FT01-FTJ023,24.81,0.000,0.666012,16605,0.435592,0.055345,0,0,0,0.4200,罗湖区,21,21,0,0,0,0,1
2023-03-19,589179428,20190000000000000003,900200000000000045,1,117.464,369.571,43628.571,2023-03-19 15:15:00.000,L2FT01-FTJ023,24.81,0.000,0.666012,16605,0.435592,0.055345,0,0,0,0.4200,罗湖区,21,21,0,0,0,0,1
2023-03-19,589179428,20190000000000000003,900200000000000034,1,129.852,314.740,40865.333,2023-03-19 15:30:00.000,L2FT01-FTJ023,24.81,0.000,0.666012,16605,0.435592,0.055345,0,0,0,0.4200,罗湖区,21,21,0,0,0,0,1
2023-03-19,589179428,20190000000000000003,900200000000000045,1,129.155,371.907,48036.667,2023-03-19 15:30:00.000,L2FT01-FTJ023,24.81,0.000,0.666012,16605,0.435592,0.055345,0,0,0,0.4200,罗湖区,21,21,0,0,0,0,1
2023-03-19,589179428,20190000000000000003,900200000000000034,1,116.090,319.482,37044.545,2023-03-19 15:45:00.000,L2FT01-FTJ023,24.81,0.000,0.666012,16605,0.435592,0.055345,0,0,0,0.4200,罗湖区,21,21,0,0,0,0,1
2023-03-19,589179428,20190000000000000003,900200000000000045,1,70.836,369.936,26213.636,2023-03-19 15:45:00.000,L2FT01-FTJ023,24.81,0.000,0.666012,16605,0.435592,0.055345,0,0,0,0.4200,罗湖区,21,21,0,0,0,0,1
2023-03-19,589179428,20190000000000000003,900200000000000042,1,66.392,352.631,23453.077,2023-03-19 16:45:00.000,L2FT01-FTJ023,24.33,0.000,0.666012,16605,0.435592,0.055345,0,0,0,0.4200,罗湖区,21,21,0,0,0,0,1
2023-03-19,589179428,20190000000000000003,900200000000000042,1,71.377,358.620,25596.000,2023-03-19 17:00:00.000,L2FT01-FTJ023,24.03,0.000,0.666012,16605,0.435592,0.055345,0,0,0,0.4200,罗湖区,21,21,0,0,0,0,1
2023-03-19,589179428,20190000000000000003,900200000000000035,1,168.600,370.578,63145.556,2023-03-19 17:00:00.000,L2FT01-FTJ023,24.03,0.000,0.666012,16605,0.435592,0.055345,0,0,0,0.4200,罗湖区,21,21,0,0,0,0,1
2023-03-19,589179428,20190000000000000003,900200000000000035,1,122.828,386.660,47418.667,2023-03-19 17:15:00.000,L2FT01-FTJ023,24.03,0.000,0.666012,16605,0.435592,0.055345,0,0,0,0.4200,罗湖区,21,21,0,0,0,0,1
2023-03-19,589179428,20190000000000000003,900200000000000037,1,128.288,304.250,39977.000,2023-03-19 17:15:00.000,L2FT01-FTJ023,24.03,0.000,0.666012,16605,0.435592,0.055345,0,0,0,0.4200,罗湖区,21,21,0,0,0,0,1
2023-03-19,589179428,20190000000000000003,900200000000000042,1,71.377,362.140,25846.000,2023-03-19 17:15:00.000,L2FT01-FTJ023,24.03,0.000,0.666012,16605,0.435592,0.055345,0,0,0,0.4200,罗湖区,21,21,0,0,0,0,1
2023-03-19,589179428,20190000000000000003,900200000000000035,1,75.778,397.093,30075.333,2023-03-19 17:30:00.000,L2FT01-FTJ023,24.03,0.000,0.666012,16605,0.435592,0.055345,0,0,0,0.4200,罗湖区,21,21,0,0,0,0,1
2023-03-19,589179428,20190000000000000003,900200000000000037,1,142.419,313.827,44693.333,2023-03-19 17:30:00.000,L2FT01-FTJ023,24.03,0.000,0.666012,16605,0.435592,0.055345,0,0,0,0.4200,罗湖区,21,21,0,0,0,0,1
2023-03-19,589179428,20190000000000000003,900200000000000042,1,71.390,362.573,25881.818,2023-03-19 17:30:00.000,L2FT01-FTJ023,24.03,0.000,0.666012,16605,0.435592,0.055345,0,0,0,0.4200,罗湖区,21,21,0,0,0,0,1
2023-03-19,589179428,20190000000000000003,900200000000000035,1,54.439,402.893,21928.667,2023-03-19 17:45:00.000,L2FT01-FTJ023,24.03,0.000,0.666012,16605,0.435592,0.055345,0,0,0,0.4200,罗湖区,21,21,0,0,0,0,1
2023-03-19,589179428,20190000000000000003,900200000000000037,1,137.579,315.927,43462.667,2023-03-19 17:45:00.000,L2FT01-FTJ023,24.03,0.000,0.666012,16605,0.435592,0.055345,0,0,0,0.4200,罗湖区,21,21,0,0,0,0,1
2023-03-19,589179428,20190000000000000003,900200000000000042,1,66.645,356.367,24466.667,2023-03-19 17:45:00.000,L2FT01-FTJ023,24.03,0.000,0.666012,16605,0.435592,0.055345,0,0,0,0.4200,罗湖区,21,21,0,0,0,0,1
2023-03-19,589179428,20190000000000000003,900200000000000035,1,38.590,403.300,15560.000,2023-03-19 18:00:00.000,L2FT01-FTJ023,23.93,0.000,0.666012,16605,0.435592,0.055345,0,0,0,0.4200,罗湖区,21,21,0,0,0,0,1
2023-03-19,589179428,20190000000000000003,900200000000000037,1,69.993,316.933,22180.000,2023-03-19 18:00:00.000,L2FT01-FTJ023,23.93,0.000,0.666012,16605,0.435592,0.055345,0,0,0,0.4200,罗湖区,21,21,0,0,0,0,1
2023-03-19,589179428,20190000000000000003,900200000000000042,1,46.765,369.120,17307.333,2023-03-19 18:00:00.000,L2FT01-FTJ023,23.93,0.000,0.666012,16605,0.435592,0.055345,0,0,0,0.4200,罗湖区,21,21,0,0,0,0,1
2023-03-19,589179428,20190000000000000003,900200000000000057,1,200.438,313.264,62785.000,2023-03-19 18:00:00.000,L2FT01-FTJ023,23.93,0.000,0.666012,16605,0.435592,0.055345,0,0,0,0.4200,罗湖区,21,21,0,0,0,0,1
2023-03-19,589179428,20190000000000000003,900200000000000057,1,199.848,315.660,63078.000,2023-03-19 18:15:00.000,L2FT01-FTJ023,23.93,0.000,0.666012,16605,0.435592,0.055345,0,0,0,0.4200,罗湖区,21,21,0,0,0,0,1
2023-03-19,589179428,20190000000000000003,900200000000000042,1,6.310,363.280,2292.000,2023-03-19 18:15:00.000,L2FT01-FTJ023,23.93,0.000,0.666012,16605,0.435592,0.055345,0,0,0,0.4200,罗湖区,21,21,0,0,0,0,1
2023-03-19,589179428,20190000000000000003,900200000000000057,1,199.839,317.343,63411.429,2023-03-19 18:30:00.000,L2FT01-FTJ023,23.93,0.000,0.666012,16605,0.435592,0.055345,0,0,0,0.4200,罗湖区,21,21,0,0,0,0,1
2023-03-19,589179428,20190000000000000003,900200000000000057,1,123.280,435.160,53684.000,2023-03-19 18:45:00.000,L2FT01-FTJ023,23.93,0.000,0.666012,16605,0.435592,0.055345,0,0,0,0.4200,罗湖区,21,21,0,0,0,0,1
2023-03-19,589179428,20190000000000000003,900200000000000031,1,164.891,312.679,51553.571,2023-03-19 19:00:00.000,L2FT01-FTJ023,24.03,0.000,0.666012,16605,0.435592,0.055345,0,0,0,0.4200,罗湖区,21,21,0,0,0,0,1
2023-03-19,589179428,20190000000000000003,900200000000000047,0,0.000,456.800,0.000,2023-03-19 19:00:00.000,L2FT01-FTJ023,24.03,0.000,0.666012,16605,0.435592,0.055345,0,0,0,0.4200,罗湖区,21,21,0,0,0,0,1
2023-03-19,589179428,20190000000000000003,900200000000000057,1,104.253,451.427,46974.000,2023-03-19 19:00:00.000,L2FT01-FTJ023,24.03,0.000,0.666012,16605,0.435592,0.055345,0,0,0,0.4200,罗湖区,21,21,0,0,0,0,1
2023-03-19,589179428,20190000000000000003,900200000000000031,1,164.806,315.653,52016.667,2023-03-19 19:15:00.000,L2FT01-FTJ023,24.03,0.000,0.666012,16605,0.435592,0.055345,0,0,0,0.4200,罗湖区,21,21,0,0,0,0,1
2023-03-19,589179428,20190000000000000003,900200000000000047,1,149.837,429.747,64390.667,2023-03-19 19:15:00.000,L2FT01-FTJ023,24.03,0.000,0.666012,16605,0.435592,0.055345,0,0,0,0.4200,罗湖区,21,21,0,0,0,0,1
2023-03-19,589179428,20190000000000000003,900200000000000057,1,34.431,459.420,15808.667,2023-03-19 19:15:00.000,L2FT01-FTJ023,24.03,0.000,0.666012,16605,0.435592,0.055345,0,0,0,0.4200,罗湖区,21,21,0,0,0,0,1
2023-03-19,589179428,20190000000000000003,900200000000000031,1,144.728,318.789,46113.333,2023-03-19 19:30:00.000,L2FT01-FTJ023,24.03,0.000,0.666012,16605,0.435592,0.055345,0,0,0,0.4200,罗湖区,21,21,0,0,0,0,1
2023-03-19,589179428,20190000000000000003,900200000000000037,1,129.888,310.980,40388.000,2023-03-19 19:30:00.000,L2FT01-FTJ023,24.03,0.000,0.666012,16605,0.435592,0.055345,0,0,0,0.4200,罗湖区,21,21,0,0,0,0,1
2023-03-19,589179428,20190000000000000003,900200000000000047,1,128.094,431.273,55246.667,2023-03-19 19:30:00.000,L2FT01-FTJ023,24.03,0.000,0.666012,16605,0.435592,0.055345,0,0,0,0.4200,罗湖区,21,21,0,0,0,0,1
2023-03-19,589179428,20190000000000000003,900200000000000057,1,19.840,461.350,9152.500,2023-03-19 19:30:00.000,L2FT01-FTJ023,24.03,0.000,0.666012,16605,0.435592,0.055345,0,0,0,0.4200,罗湖区,21,21,0,0,0,0,1
2023-03-19,589179428,20190000000000000003,900200000000000047,1,66.869,428.953,28678.667,2023-03-19 19:45:00.000,L2FT01-FTJ023,24.03,0.000,0.666012,16605,0.435592,0.055345,0,0,0,0.4200,罗湖区,21,21,0,0,0,0,1
2023-03-19,589179428,20190000000000000003,900200000000000037,1,129.830,313.320,40673.333,2023-03-19 19:45:00.000,L2FT01-FTJ023,24.03,0.000,0.666012,16605,0.435592,0.055345,0,0,0,0.4200,罗湖区,21,21,0,0,0,0,1
2023-03-19,589179428,20190000000000000003,900200000000000030,1,119.551,331.043,39573.571,2023-03-19 20:00:00.000,L2FT01-FTJ023,24.33,0.000,0.666012,16605,0.435592,0.055345,0,0,0,0.4200,罗湖区,21,21,0,0,0,0,1
2023-03-19,589179428,20190000000000000003,900200000000000037,1,129.860,314.953,40896.000,2023-03-19 20:00:00.000,L2FT01-FTJ023,24.33,0.000,0.666012,16605,0.435592,0.055345,0,0,0,0.4200,罗湖区,21,21,0,0,0,0,1
2023-03-19,589179428,20190000000000000003,900200000000000047,1,29.857,434.400,12963.333,2023-03-19 20:00:00.000,L2FT01-FTJ023,24.33,0.000,0.666012,16605,0.435592,0.055345,0,0,0,0.4200,罗湖区,21,21,0,0,0,0,1
2023-03-19,589179428,20190000000000000003,900200000000000030,1,105.657,334.413,35305.333,2023-03-19 20:15:00.000,L2FT01-FTJ023,24.33,0.000,0.666012,16605,0.435592,0.055345,0,0,0,0.4200,罗湖区,21,21,0,0,0,0,1
2023-03-19,589179428,20190000000000000003,900200000000000037,1,95.461,322.414,30584.286,2023-03-19 20:15:00.000,L2FT01-FTJ023,24.33,0.000,0.666012,16605,0.435592,0.055345,0,0,0,0.4200,罗湖区,21,21,0,0,0,0,1
2023-03-19,589179428,20190000000000000003,900200000000000030,1,25.000,339.200,8480.000,2023-03-19 20:30:00.000,L2FT01-FTJ023,24.33,0.000,0.666012,16605,0.435592,0.055345,0,0,0,0.4200,罗湖区,21,21,0,0,0,0,1
2023-03-19,589179428,20190000000000000003,900200000000000043,1,169.864,382.323,64940.000,2023-03-19 21:45:00.000,L2FT01-FTJ023,24.81,0.000,0.666012,16605,0.435592,0.055345,0,0,0,0.4200,罗湖区,21,21,0,0,0,0,1
2023-03-19,589179428,20190000000000000003,900200000000000043,1,160.659,385.407,61937.333,2023-03-19 22:00:00.000,L2FT01-FTJ023,25.43,0.000,0.666012,16605,0.435592,0.055345,0,0,0,0.4200,罗湖区,21,21,0,0,0,0,1
2023-03-19,589179428,20190000000000000003,900200000000000043,1,111.150,384.640,42806.000,2023-03-19 22:15:00.000,L2FT01-FTJ023,25.43,0.000,0.666012,16605,0.435592,0.055345,0,0,0,0.4200,罗湖区,21,21,0,0,0,0,1
2023-03-19,589179428,20190000000000000003,900200000000000042,1,42.350,418.214,19598.571,2023-03-19 22:30:00.000,L2FT01-FTJ023,25.43,0.000,0.666012,16605,0.435592,0.055345,0,0,0,0.4200,罗湖区,21,21,0,0,0,0,1
2023-03-19,589179428,20190000000000000003,900200000000000043,1,50.694,383.913,19470.000,2023-03-19 22:30:00.000,L2FT01-FTJ023,25.43,0.000,0.666012,16605,0.435592,0.055345,0,0,0,0.4200,罗湖区,21,21,0,0,0,0,1
2023-03-19,589179428,20190000000000000003,900200000000000042,1,64.006,468.960,30009.333,2023-03-19 22:45:00.000,L2FT01-FTJ023,25.43,0.000,0.666012,16605,0.435592,0.055345,0,0,0,0.4200,罗湖区,21,21,0,0,0,0,1
2023-03-19,589179428,20190000000000000003,900200000000000043,1,19.790,388.700,7690.000,2023-03-19 22:45:00.000,L2FT01-FTJ023,25.43,0.000,0.666012,16605,0.435592,0.055345,0,0,0,0.4200,罗湖区,21,21,0,0,0,0,1
2023-03-19,589179428,20190000000000000003,900200000000000042,1,63.993,468.947,30002.000,2023-03-19 23:00:00.000,L2FT01-FTJ023,26.15,0.000,0.666012,16605,0.435592,0.055345,0,0,0,0.4200,罗湖区,21,21,0,0,0,0,1
2023-03-19,589179428,20190000000000000003,900200000000000042,1,32.492,468.650,15226.667,2023-03-19 23:15:00.000,L2FT01-FTJ023,26.15,0.000,0.666012,16605,0.435592,0.055345,0,0,0,0.4200,罗湖区,21,21,0,0,0,0,1
2023-03-20,589179428,20190000000000000003,900200000000000044,1,47.760,308.267,14680.000,2023-03-20 00:00:00.000,L2FT01-FTJ023,26.93,0.000,0.666012,16605,0.435592,0.055345,0,0,1,0.4200,罗湖区,21,21,0,0,0,0,1
2023-03-20,589179428,20190000000000000003,900200000000000044,1,71.411,308.627,22036.667,2023-03-20 00:15:00.000,L2FT01-FTJ023,26.93,0.000,0.666012,16605,0.435592,0.055345,0,0,1,0.4200,罗湖区,21,21,0,0,0,0,1
2023-03-20,589179428,20190000000000000003,900200000000000044,1,71.390,309.893,22120.667,2023-03-20 00:30:00.000,L2FT01-FTJ023,26.93,0.000,0.666012,16605,0.435592,0.055345,0,0,1,0.4200,罗湖区,21,21,0,0,0,0,1
2023-03-20,589179428,20190000000000000003,900200000000000044,1,71.390,311.793,22255.333,2023-03-20 00:45:00.000,L2FT01-FTJ023,26.93,0.000,0.666012,16605,0.435592,0.055345,0,0,1,0.4200,罗湖区,21,21,0,0,0,0,1
2023-03-20,589179428,20190000000000000003,900200000000000045,1,93.000,317.800,29550.000,2023-03-20 00:45:00.000,L2FT01-FTJ023,26.93,0.000,0.666012,16605,0.435592,0.055345,0,0,1,0.4200,罗湖区,21,21,0,0,0,0,1
2023-03-20,589179428,20190000000000000003,900200000000000044,1,71.434,312.227,22300.667,2023-03-20 01:00:00.000,L2FT01-FTJ023,27.70,0.000,0.666012,16605,0.435592,0.055345,0,0,1,0.4200,罗湖区,21,21,0,0,0,0,1
2023-03-20,589179428,20190000000000000003,900200000000000045,1,89.759,324.767,29143.333,2023-03-20 01:00:00.000,L2FT01-FTJ023,27.70,0.000,0.666012,16605,0.435592,0.055345,0,0,1,0.4200,罗湖区,21,21,0,0,0,0,1
2023-03-20,589179428,20190000000000000003,900200000000000044,1,71.478,313.353,22394.000,2023-03-20 01:15:00.000,L2FT01-FTJ023,27.70,0.000,0.666012,16605,0.435592,0.055345,0,0,1,0.4200,罗湖区,21,21,0,0,0,0,1
2023-03-20,589179428,20190000000000000003,900200000000000045,1,78.319,335.487,26256.000,2023-03-20 01:15:00.000,L2FT01-FTJ023,27.70,0.000,0.666012,16605,0.435592,0.055345,0,0,1,0.4200,罗湖区,21,21,0,0,0,0,1
2023-03-20,589179428,20190000000000000003,900200000000000044,1,63.114,320.940,20188.000,2023-03-20 01:30:00.000,L2FT01-FTJ023,27.70,0.000,0.666012,16605,0.435592,0.055345,0,0,1,0.4200,罗湖区,21,21,0,0,0,0,1
2023-03-20,589179428,20190000000000000003,900200000000000045,1,39.030,339.213,13237.333,2023-03-20 01:30:00.000,L2FT01-FTJ023,27.70,0.000,0.666012,16605,0.435592,0.055345,0,0,1,0.4200,罗湖区,21,21,0,0,0,0,1
2023-03-20,589179428,20190000000000000003,900200000000000030,1,199.846,312.692,62486.154,2023-03-20 01:45:00.000,L2FT01-FTJ023,27.70,0.000,0.666012,16605,0.435592,0.055345,0,0,1,0.4200,罗湖区,21,21,0,0,0,0,1
2023-03-20,589179428,20190000000000000003,900200000000000045,1,19.757,340.267,6728.333,2023-03-20 01:45:00.000,L2FT01-FTJ023,27.70,0.000,0.666012,16605,0.435592,0.055345,0,0,1,0.4200,罗湖区,21,21,0,0,0,0,1
2023-03-20,589179428,20190000000000000003,900200000000000030,1,200.023,314.327,62870.000,2023-03-20 02:00:00.000,L2FT01-FTJ023,28.43,0.000,0.666012,16605,0.435592,0.055345,0,0,1,0.4200,罗湖区,21,21,0,0,0,0,1
2023-03-20,589179428,20190000000000000003,900200000000000042,1,68.999,307.833,21248.667,2023-03-20 02:00:00.000,L2FT01-FTJ023,28.43,0.000,0.666012,16605,0.435592,0.055345,0,0,1,0.4200,罗湖区,21,21,0,0,0,0,1
2023-03-20,589179428,20190000000000000003,900200000000000042,1,71.390,308.433,22013.333,2023-03-20 02:15:00.000,L2FT01-FTJ023,28.43,0.000,0.666012,16605,0.435592,0.055345,0,0,1,0.4200,罗湖区,21,21,0,0,0,0,1
2023-03-20,589179428,20190000000000000003,900200000000000030,1,201.115,316.173,63584.667,2023-03-20 02:15:00.000,L2FT01-FTJ023,28.43,0.000,0.666012,16605,0.435592,0.055345,0,0,1,0.4200,罗湖区,21,21,0,0,0,0,1
2023-03-20,589179428,20190000000000000003,900200000000000030,1,145.408,320.129,46464.286,2023-03-20 02:30:00.000,L2FT01-FTJ023,28.43,0.000,0.666012,16605,0.435592,0.055345,0,0,1,0.4200,罗湖区,21,21,0,0,0,0,1
2023-03-20,589179428,20190000000000000003,900200000000000042,1,71.478,308.627,22054.667,2023-03-20 02:30:00.000,L2FT01-FTJ023,28.43,0.000,0.666012,16605,0.435592,0.055345,0,0,1,0.4200,罗湖区,21,21,0,0,0,0,1
2023-03-20,589179428,20190000000000000003,900200000000000042,1,71.412,309.160,22074.667,2023-03-20 02:45:00.000,L2FT01-FTJ023,28.43,0.000,0.666012,16605,0.435592,0.055345,0,0,1,0.4200,罗湖区,21,21,0,0,0,0,1
2023-03-20,589179428,20190000000000000003,900200000000000042,1,71.456,310.080,22153.333,2023-03-20 03:00:00.000,L2FT01-FTJ023,29.05,0.000,0.666012,16605,0.435592,0.055345,0,0,1,0.4200,罗湖区,21,21,0,0,0,0,1
2023-03-20,589179428,20190000000000000003,900200000000000042,1,71.463,311.480,22255.333,2023-03-20 03:15:00.000,L2FT01-FTJ023,29.05,0.000,0.666012,16605,0.435592,0.055345,0,0,1,0.4200,罗湖区,21,21,0,0,0,0,1
2023-03-20,589179428,20190000000000000003,900200000000000048,0,0.000,402.000,0.000,2023-03-20 03:15:00.000,L2FT01-FTJ023,29.05,0.000,0.666012,16605,0.435592,0.055345,0,0,1,0.4200,罗湖区,21,21,0,0,0,0,1
2023-03-20,589179428,20190000000000000003,900200000000000034,1,142.578,309.370,44107.000,2023-03-20 03:30:00.000,L2FT01-FTJ023,29.05,0.000,0.666012,16605,0.435592,0.055345,0,0,1,0.4200,罗湖区,21,21,0,0,0,0,1
2023-03-20,589179428,20190000000000000003,900200000000000042,1,71.419,312.160,22290.000,2023-03-20 03:30:00.000,L2FT01-FTJ023,29.05,0.000,0.666012,16605,0.435592,0.055345,0,0,1,0.4200,罗湖区,21,21,0,0,0,0,1
2023-03-20,589179428,20190000000000000003,900200000000000048,1,132.660,358.560,47567.333,2023-03-20 03:30:00.000,L2FT01-FTJ023,29.05,0.000,0.666012,16605,0.435592,0.055345,0,0,1,0.4200,罗湖区,21,21,0,0,0,0,1
2023-03-20,589179428,20190000000000000003,900200000000000034,1,142.878,310.627,44380.000,2023-03-20 03:45:00.000,L2FT01-FTJ023,29.05,0.000,0.666012,16605,0.435592,0.055345,0,0,1,0.4200,罗湖区,21,21,0,0,0,0,1
2023-03-20,589179428,20190000000000000003,900200000000000042,1,71.419,312.840,22340.000,2023-03-20 03:45:00.000,L2FT01-FTJ023,29.05,0.000,0.666012,16605,0.435592,0.055345,0,0,1,0.4200,罗湖区,21,21,0,0,0,0,1
2023-03-20,589179428,20190000000000000003,900200000000000048,1,103.934,371.567,38604.667,2023-03-20 03:45:00.000,L2FT01-FTJ023,29.05,0.000,0.666012,16605,0.435592,0.055345,0,0,1,0.4200,罗湖区,21,21,0,0,0,0,1
2023-03-20,589179428,20190000000000000003,900200000000000052,1,70.260,454.900,32631.000,2023-03-20 03:45:00.000,L2FT01-FTJ023,29.05,0.000,0.666012,16605,0.435592,0.055345,0,0,1,0.4200,罗湖区,21,21,0,0,0,0,1
2023-03-20,589179428,20190000000000000003,900200000000000052,1,92.237,468.060,43170.667,2023-03-20 04:00:00.000,L2FT01-FTJ023,29.53,0.000,0.666012,16605,0.435592,0.055345,0,0,1,0.4200,罗湖区,21,21,0,0,0,0,1
2023-03-20,589179428,20190000000000000003,900200000000000042,1,71.405,314.287,22440.000,2023-03-20 04:00:00.000,L2FT01-FTJ023,29.53,0.000,0.666012,16605,0.435592,0.055345,0,0,1,0.4200,罗湖区,21,21,0,0,0,0,1
2023-03-20,589179428,20190000000000000003,900200000000000034,1,142.890,312.313,44625.333,2023-03-20 04:00:00.000,L2FT01-FTJ023,29.53,0.000,0.666012,16605,0.435592,0.055345,0,0,1,0.4200,罗湖区,21,21,0,0,0,0,1
2023-03-20,589179428,20190000000000000003,900200000000000048,1,69.677,385.620,26833.333,2023-03-20 04:00:00.000,L2FT01-FTJ023,29.53,0.000,0.666012,16605,0.435592,0.055345,0,0,1,0.4200,罗湖区,21,21,0,0,0,0,1
2023-03-20,589179428,20190000000000000003,900200000000000034,1,142.890,313.687,44820.667,2023-03-20 04:15:00.000,L2FT01-FTJ023,29.53,0.000,0.666012,16605,0.435592,0.055345,0,0,1,0.4200,罗湖区,21,21,0,0,0,0,1
2023-03-20,589179428,20190000000000000003,900200000000000042,1,45.701,323.700,14715.556,2023-03-20 04:15:00.000,L2FT01-FTJ023,29.53,0.000,0.666012,16605,0.435592,0.055345,0,0,1,0.4200,罗湖区,21,21,0,0,0,0,1
2023-03-20,589179428,20190000000000000003,900200000000000048,1,39.663,391.918,15542.727,2023-03-20 04:15:00.000,L2FT01-FTJ023,29.53,0.000,0.666012,16605,0.435592,0.055345,0,0,1,0.4200,罗湖区,21,21,0,0,0,0,1
2023-03-20,589179428,20190000000000000003,900200000000000052,1,92.919,467.867,43470.000,2023-03-20 04:15:00.000,L2FT01-FTJ023,29.53,0.000,0.666012,16605,0.435592,0.055345,0,0,1,0.4200,罗湖区,21,21,0,0,0,0,1
2023-03-20,589179428,20190000000000000003,900200000000000034,1,142.448,314.987,44866.667,2023-03-20 04:30:00.000,L2FT01-FTJ023,29.53,0.000,0.666012,16605,0.435592,0.055345,0,0,1,0.4200,罗湖区,21,21,0,0,0,0,1
2023-03-20,589179428,20190000000000000003,900200000000000052,1,64.706,467.438,30255.385,2023-03-20 04:30:00.000,L2FT01-FTJ023,29.53,0.000,0.666012,16605,0.435592,0.055345,0,0,1,0.4200,罗湖区,21,21,0,0,0,0,1
2023-03-20,589179428,20190000000000000003,900200000000000034,1,88.695,320.838,28265.385,2023-03-20 04:45:00.000,L2FT01-FTJ023,29.53,0.000,0.666012,16605,0.435592,0.055345,0,0,1,0.4200,罗湖区,21,21,0,0,0,0,1
2023-03-20,589179428,20190000000000000003,900200000000000042,1,20.045,431.150,8640.000,2023-03-20 05:30:00.000,L2FT01-FTJ023,29.83,0.000,0.666012,16605,0.435592,0.055345,0,0,1,0.4200,罗湖区,21,21,0,0,0,0,1
2023-03-20,589179428,20190000000000000003,900200000000000037,1,50.892,343.100,17005.000,2023-03-20 05:45:00.000,L2FT01-FTJ023,29.83,0.000,0.666012,16605,0.435592,0.055345,0,0,1,0.4200,罗湖区,21,21,0,0,0,0,1
2023-03-20,589179428,20190000000000000003,900200000000000042,1,110.966,476.840,52907.333,2023-03-20 05:45:00.000,L2FT01-FTJ023,29.83,0.000,0.666012,16605,0.435592,0.055345,0,0,1,0.4200,罗湖区,21,21,0,0,0,0,1
2023-03-20,589179428,20190000000000000003,900200000000000042,1,110.744,477.160,52836.667,2023-03-20 06:00:00.000,L2FT01-FTJ023,29.93,0.000,0.666012,16605,0.435592,0.055345,0,0,1,0.4200,罗湖区,21,21,0,0,0,0,1
2023-03-20,589179428,20190000000000000003,900200000000000045,1,64.285,339.220,21853.333,2023-03-20 06:00:00.000,L2FT01-FTJ023,29.93,0.000,0.666012,16605,0.435592,0.055345,0,0,1,0.4200,罗湖区,21,21,0,0,0,0,1
2023-03-20,589179428,20190000000000000003,900200000000000037,1,67.790,343.740,23301.333,2023-03-20 06:00:00.000,L2FT01-FTJ023,29.93,0.000,0.666012,16605,0.435592,0.055345,0,0,1,0.4200,罗湖区,21,21,0,0,0,0,1
2023-03-20,589179428,20190000000000000003,900200000000000037,1,65.625,356.840,23409.333,2023-03-20 06:15:00.000,L2FT01-FTJ023,29.93,0.000,0.666012,16605,0.435592,0.055345,0,0,1,0.4200,罗湖区,21,21,0,0,0,0,1
2023-03-20,589179428,20190000000000000003,900200000000000042,1,110.851,477.300,52908.571,2023-03-20 06:15:00.000,L2FT01-FTJ023,29.93,0.000,0.666012,16605,0.435592,0.055345,0,0,1,0.4200,罗湖区,21,21,0,0,0,0,1
2023-03-20,589179428,20190000000000000003,900200000000000045,1,71.377,345.353,24647.333,2023-03-20 06:15:00.000,L2FT01-FTJ023,29.93,0.000,0.666012,16605,0.435592,0.055345,0,0,1,0.4200,罗湖区,21,21,0,0,0,0,1
2023-03-20,589179428,20190000000000000003,900200000000000037,1,31.173,362.260,11287.333,2023-03-20 06:30:00.000,L2FT01-FTJ023,29.93,0.000,0.666012,16605,0.435592,0.055345,0,0,1,0.4200,罗湖区,21,21,0,0,0,0,1
2023-03-20,589179428,20190000000000000003,900200000000000045,1,71.390,349.333,24940.000,2023-03-20 06:30:00.000,L2FT01-FTJ023,29.93,0.000,0.666012,16605,0.435592,0.055345,0,0,1,0.4200,罗湖区,21,21,0,0,0,0,1
2023-03-20,589179428,20190000000000000003,900200000000000037,1,13.548,363.815,4926.154,2023-03-20 06:45:00.000,L2FT01-FTJ023,29.93,0.000,0.666012,16605,0.435592,0.055345,0,0,1,0.4200,罗湖区,21,21,0,0,0,0,1
2023-03-20,589179428,20190000000000000003,900200000000000044,0,0.000,262.000,0.000,2023-03-20 07:00:00.000,L2FT01-FTJ023,29.83,0.000,0.666012,16605,0.435592,0.055345,0,0,1,0.4200,罗湖区,21,21,0,0,0,0,1
2023-03-20,589179428,20190000000000000003,900200000000000044,1,64.239,343.087,22080.667,2023-03-20 07:15:00.000,L2FT01-FTJ023,29.83,0.000,0.666012,16605,0.435592,0.055345,0,0,1,0.4200,罗湖区,21,21,0,0,0,0,1
2023-03-20,589179428,20190000000000000003,900200000000000044,1,71.390,351.133,25066.667,2023-03-20 07:30:00.000,L2FT01-FTJ023,29.83,0.000,0.666012,16605,0.435592,0.055345,0,0,1,0.4200,罗湖区,21,21,0,0,0,0,1
2023-03-20,589179428,20190000000000000003,900200000000000044,1,71.363,361.847,25820.667,2023-03-20 07:45:00.000,L2FT01-FTJ023,29.83,0.000,0.666012,16605,0.435592,0.055345,0,0,1,0.4200,罗湖区,21,21,0,0,0,0,1
2023-03-20,589179428,20190000000000000003,900200000000000044,1,71.390,373.480,26662.000,2023-03-20 08:00:00.000,L2FT01-FTJ023,29.53,0.000,0.666012,16605,0.435592,0.055345,0,0,1,0.4200,罗湖区,21,21,0,0,0,0,1
2023-03-20,589179428,20190000000000000003,900200000000000044,1,55.297,383.960,21215.333,2023-03-20 08:15:00.000,L2FT01-FTJ023,29.53,0.000,0.666012,16605,0.435592,0.055345,0,0,1,0.4200,罗湖区,21,21,0,0,0,0,1
2023-03-20,589179428,20190000000000000003,900200000000000044,1,24.500,385.967,9450.000,2023-03-20 08:30:00.000,L2FT01-FTJ023,29.53,0.000,0.666012,16605,0.435592,0.055345,0,0,1,0.4200,罗湖区,21,21,0,0,0,0,1
2023-03-20,589179428,20190000000000000003,900200000000000042,1,122.147,366.808,44813.846,2023-03-20 09:00:00.000,L2FT01-FTJ023,29.05,0.000,0.666012,16605,0.435592,0.055345,0,0,1,0.4200,罗湖区,21,21,0,0,0,0,1
2023-03-20,589179428,20190000000000000003,900200000000000038,1,98.636,343.700,34882.857,2023-03-20 09:00:00.000,L2FT01-FTJ023,29.05,0.000,0.666012,16605,0.435592,0.055345,0,0,1,0.4200,罗湖区,21,21,0,0,0,0,1
2023-03-20,589179428,20190000000000000003,900200000000000038,1,110.047,355.353,39102.667,2023-03-20 09:15:00.000,L2FT01-FTJ023,29.05,0.000,0.666012,16605,0.435592,0.055345,0,0,1,0.4200,罗湖区,21,21,0,0,0,0,1
2023-03-20,589179428,20190000000000000003,900200000000000042,1,94.753,384.507,36370.667,2023-03-20 09:15:00.000,L2FT01-FTJ023,29.05,0.000,0.666012,16605,0.435592,0.055345,0,0,1,0.4200,罗湖区,21,21,0,0,0,0,1
2023-03-20,589179428,20190000000000000003,900200000000000038,1,102.696,356.207,36577.333,2023-03-20 09:30:00.000,L2FT01-FTJ023,29.05,0.000,0.666012,16605,0.435592,0.055345,0,0,1,0.4200,罗湖区,21,21,0,0,0,0,1
2023-03-20,589179428,20190000000000000003,900200000000000042,1,38.235,392.587,14996.667,2023-03-20 09:30:00.000,L2FT01-FTJ023,29.05,0.000,0.666012,16605,0.435592,0.055345,0,0,1,0.4200,罗湖区,21,21,0,0,0,0,1
2023-03-20,589179428,20190000000000000003,900200000000000035,1,153.203,387.213,59398.000,2023-03-20 09:45:00.000,L2FT01-FTJ023,29.05,0.000,0.666012,16605,0.435592,0.055345,0,0,1,0.4200,罗湖区,21,21,0,0,0,0,1
2023-03-20,589179428,20190000000000000003,900200000000000038,1,80.998,356.333,28874.667,2023-03-20 09:45:00.000,L2FT01-FTJ023,29.05,0.000,0.666012,16605,0.435592,0.055345,0,0,1,0.4200,罗湖区,21,21,0,0,0,0,1
2023-03-20,589179428,20190000000000000003,900200000000000042,1,14.190,394.900,5602.857,2023-03-20 09:45:00.000,L2FT01-FTJ023,29.05,0.000,0.666012,16605,0.435592,0.055345,0,0,1,0.4200,罗湖区,21,21,0,0,0,0,1
2023-03-20,589179428,20190000000000000003,900200000000000038,1,44.133,354.273,15644.000,2023-03-20 10:00:00.000,L2FT01-FTJ023,28.43,0.000,0.666012,16605,0.435592,0.055345,0,0,1,0.4200,罗湖区,21,21,0,0,0,0,1
2023-03-20,589179428,20190000000000000003,900200000000000038,1,29.590,355.810,10525.000,2023-03-20 10:15:00.000,L2FT01-FTJ023,28.43,0.000,0.666012,16605,0.435592,0.055345,0,0,1,0.4200,罗湖区,21,21,0,0,0,0,1
2023-03-20,589179428,20190000000000000003,900200000000000057,1,112.725,382.282,43070.909,2023-03-20 12:15:00.000,L2FT01-FTJ023,26.93,0.000,0.666012,16605,0.435592,0.055345,0,0,1,0.4200,罗湖区,21,21,0,0,0,0,1
2023-03-20,589179428,20190000000000000003,900200000000000057,1,79.870,396.080,31588.667,2023-03-20 12:30:00.000,L2FT01-FTJ023,26.93,0.000,0.666012,16605,0.435592,0.055345,0,0,1,0.4200,罗湖区,21,21,0,0,0,0,1
2023-03-20,589179428,20190000000000000003,900200000000000057,1,64.871,407.787,26451.333,2023-03-20 12:45:00.000,L2FT01-FTJ023,26.93,0.000,0.666012,16605,0.435592,0.055345,0,0,1,0.4200,罗湖区,21,21,0,0,0,0,1
2023-03-20,589179428,20190000000000000003,900200000000000057,1,12.956,410.220,5312.667,2023-03-20 13:00:00.000,L2FT01-FTJ023,26.15,0.000,0.666012,16605,0.435592,0.055345,0,0,1,0.4200,罗湖区,21,21,0,0,0,0,1
2023-03-20,589179428,20190000000000000003,900200000000000057,1,13.000,412.213,5354.000,2023-03-20 13:15:00.000,L2FT01-FTJ023,26.15,0.000,0.666012,16605,0.435592,0.055345,0,0,1,0.4200,罗湖区,21,21,0,0,0,0,1
2023-03-20,589179428,20190000000000000003,900200000000000056,1,108.167,280.000,36907.500,2023-03-20 13:30:00.000,L2FT01-FTJ023,26.15,0.000,0.666012,16605,0.435592,0.055345,0,0,1,0.4200,罗湖区,21,21,0,0,0,0,1
2023-03-20,589179428,20190000000000000003,900200000000000057,1,13.000,413.950,5376.250,2023-03-20 13:30:00.000,L2FT01-FTJ023,26.15,0.000,0.666012,16605,0.435592,0.055345,0,0,1,0.4200,罗湖区,21,21,0,0,0,0,1
2023-03-20,589179428,20190000000000000003,900200000000000056,1,143.771,349.653,50266.000,2023-03-20 13:45:00.000,L2FT01-FTJ023,26.15,0.000,0.666012,16605,0.435592,0.055345,0,0,1,0.4200,罗湖区,21,21,0,0,0,0,1
2023-03-20,589179428,20190000000000000003,900200000000000035,1,150.245,426.600,64095.000,2023-03-20 14:00:00.000,L2FT01-FTJ023,25.43,0.000,0.666012,16605,0.435592,0.055345,0,0,1,0.4200,罗湖区,21,21,0,0,0,0,1
2023-03-20,589179428,20190000000000000003,900200000000000056,1,132.952,368.700,48996.923,2023-03-20 14:00:00.000,L2FT01-FTJ023,25.43,0.000,0.666012,16605,0.435592,0.055345,0,0,1,0.4200,罗湖区,21,21,0,0,0,0,1
2023-03-20,589179428,20190000000000000003,900200000000000035,1,144.425,429.193,61989.333,2023-03-20 14:15:00.000,L2FT01-FTJ023,25.43,0.000,0.666012,16605,0.435592,0.055345,0,0,1,0.4200,罗湖区,21,21,0,0,0,0,1
2023-03-20,589179428,20190000000000000003,900200000000000035,1,102.924,428.547,44166.667,2023-03-20 14:30:00.000,L2FT01-FTJ023,25.43,0.000,0.666012,16605,0.435592,0.055345,0,0,1,0.4200,罗湖区,21,21,0,0,0,0,1
2023-03-20,589179428,20190000000000000003,900200000000000035,1,61.457,430.292,26423.333,2023-03-20 14:45:00.000,L2FT01-FTJ023,25.43,0.000,0.666012,16605,0.435592,0.055345,0,0,1,0.4200,罗湖区,21,21,0,0,0,0,1
2023-03-20,589179428,20190000000000000003,900200000000000043,1,41.918,439.750,19172.500,2023-03-20 16:45:00.000,L2FT01-FTJ023,24.33,0.000,0.666012,16605,0.435592,0.055345,0,0,1,0.4200,罗湖区,21,21,0,0,0,0,1
2023-03-20,589179428,20190000000000000003,900200000000000048,1,129.836,310.373,40292.000,2023-03-20 17:00:00.000,L2FT01-FTJ023,24.03,0.000,0.666012,16605,0.435592,0.055345,0,0,1,0.4200,罗湖区,21,21,0,0,0,0,1
2023-03-20,589179428,20190000000000000003,900200000000000048,1,129.956,311.567,40486.000,2023-03-20 17:15:00.000,L2FT01-FTJ023,24.03,0.000,0.666012,16605,0.435592,0.055345,0,0,1,0.4200,罗湖区,21,21,0,0,0,0,1
2023-03-20,589179428,20190000000000000003,900200000000000043,1,129.867,311.143,40402.857,2023-03-20 17:30:00.000,L2FT01-FTJ023,24.03,0.000,0.666012,16605,0.435592,0.055345,0,0,1,0.4200,罗湖区,21,21,0,0,0,0,1
2023-03-20,589179428,20190000000000000003,900200000000000048,1,129.956,313.973,40799.333,2023-03-20 17:30:00.000,L2FT01-FTJ023,24.03,0.000,0.666012,16605,0.435592,0.055345,0,0,1,0.4200,罗湖区,21,21,0,0,0,0,1
2023-03-20,589179428,20190000000000000003,900200000000000043,1,129.999,313.753,40785.333,2023-03-20 17:45:00.000,L2FT01-FTJ023,24.03,0.000,0.666012,16605,0.435592,0.055345,0,0,1,0.4200,罗湖区,21,21,0,0,0,0,1
2023-03-20,589179428,20190000000000000003,900200000000000048,1,129.921,315.114,40937.143,2023-03-20 17:45:00.000,L2FT01-FTJ023,24.03,0.000,0.666012,16605,0.435592,0.055345,0,0,1,0.4200,罗湖区,21,21,0,0,0,0,1
2023-03-20,589179428,20190000000000000003,900200000000000043,1,119.312,318.133,37836.000,2023-03-20 18:00:00.000,L2FT01-FTJ023,23.93,0.000,0.666012,16605,0.435592,0.055345,0,0,1,0.4200,罗湖区,21,21,0,0,0,0,1
2023-03-20,589179428,20190000000000000003,900200000000000044,1,65.392,345.075,22582.500,2023-03-20 18:45:00.000,L2FT01-FTJ023,23.93,0.000,0.666012,16605,0.435592,0.055345,0,0,1,0.4200,罗湖区,21,21,0,0,0,0,1
2023-03-20,589179428,20190000000000000003,900200000000000056,1,86.809,402.008,34892.500,2023-03-20 18:45:00.000,L2FT01-FTJ023,23.93,0.000,0.666012,16605,0.435592,0.055345,0,0,1,0.4200,罗湖区,21,21,0,0,0,0,1
2023-03-20,589179428,20190000000000000003,900200000000000031,1,59.848,351.679,21047.143,2023-03-20 18:45:00.000,L2FT01-FTJ023,23.93,0.000,0.666012,16605,0.435592,0.055345,0,0,1,0.4200,罗湖区,21,21,0,0,0,0,1
2023-03-20,589179428,20190000000000000003,900200000000000043,1,72.000,342.500,24660.000,2023-03-20 18:45:00.000,L2FT01-FTJ023,23.93,0.000,0.666012,16605,0.435592,0.055345,0,0,1,0.4200,罗湖区,21,21,0,0,0,0,1
2023-03-20,589179428,20190000000000000003,900200000000000031,1,55.197,352.167,19441.333,2023-03-20 19:00:00.000,L2FT01-FTJ023,24.03,0.000,0.666012,16605,0.435592,0.055345,0,0,1,0.4200,罗湖区,21,21,0,0,0,0,1
2023-03-20,589179428,20190000000000000003,900200000000000056,1,64.997,410.980,26693.333,2023-03-20 19:00:00.000,L2FT01-FTJ023,24.03,0.000,0.666012,16605,0.435592,0.055345,0,0,1,0.4200,罗湖区,21,21,0,0,0,0,1
2023-03-20,589179428,20190000000000000003,900200000000000031,1,42.290,351.500,14860.000,2023-03-20 19:15:00.000,L2FT01-FTJ023,24.03,0.000,0.666012,16605,0.435592,0.055345,0,0,1,0.4200,罗湖区,21,21,0,0,0,0,1
2023-03-20,589179428,20190000000000000003,900200000000000056,1,66.745,424.647,28305.333,2023-03-20 19:15:00.000,L2FT01-FTJ023,24.03,0.000,0.666012,16605,0.435592,0.055345,0,0,1,0.4200,罗湖区,21,21,0,0,0,0,1
2023-03-20,589179428,20190000000000000003,900200000000000056,1,36.147,429.857,15535.714,2023-03-20 19:30:00.000,L2FT01-FTJ023,24.03,0.000,0.666012,16605,0.435592,0.055345,0,0,1,0.4200,罗湖区,21,21,0,0,0,0,1
2023-03-20,589179428,20190000000000000003,900200000000000057,1,52.390,416.433,21816.667,2023-03-20 19:30:00.000,L2FT01-FTJ023,24.03,0.000,0.666012,16605,0.435592,0.055345,0,0,1,0.4200,罗湖区,21,21,0,0,0,0,1
2023-03-20,589179428,20190000000000000003,900200000000000030,1,87.290,348.700,30440.000,2023-03-20 19:45:00.000,L2FT01-FTJ023,24.03,0.000,0.666012,16605,0.435592,0.055345,0,0,1,0.4200,罗湖区,21,21,0,0,0,0,1
2023-03-20,589179428,20190000000000000003,900200000000000057,1,50.011,426.413,21307.333,2023-03-20 19:45:00.000,L2FT01-FTJ023,24.03,0.000,0.666012,16605,0.435592,0.055345,0,0,1,0.4200,罗湖区,21,21,0,0,0,0,1
2023-03-20,589179428,20190000000000000003,900200000000000030,1,149.937,365.080,54738.000,2023-03-20 20:00:00.000,L2FT01-FTJ023,24.33,0.000,0.666012,16605,0.435592,0.055345,0,0,1,0.4200,罗湖区,21,21,0,0,0,0,1
2023-03-20,589179428,20190000000000000003,900200000000000057,1,164.844,388.591,60906.364,2023-03-20 20:00:00.000,L2FT01-FTJ023,24.33,0.000,0.666012,16605,0.435592,0.055345,0,0,1,0.4200,罗湖区,21,21,0,0,0,0,1
2023-03-20,589179428,20190000000000000003,900200000000000030,1,107.955,382.340,41206.667,2023-03-20 20:15:00.000,L2FT01-FTJ023,24.33,0.000,0.666012,16605,0.435592,0.055345,0,0,1,0.4200,罗湖区,21,21,0,0,0,0,1
2023-03-20,589179428,20190000000000000003,900200000000000057,1,239.098,377.658,90295.000,2023-03-20 20:15:00.000,L2FT01-FTJ023,24.33,0.000,0.666012,16605,0.435592,0.055345,0,0,1,0.4200,罗湖区,21,21,0,0,0,0,1
2023-03-20,589179428,20190000000000000003,900200000000000030,1,28.361,383.720,10882.000,2023-03-20 20:30:00.000,L2FT01-FTJ023,24.33,0.000,0.666012,16605,0.435592,0.055345,0,0,1,0.4200,罗湖区,21,21,0,0,0,0,1
2023-03-20,589179428,20190000000000000003,900200000000000039,1,19.090,373.800,7130.000,2023-03-20 20:45:00.000,L2FT01-FTJ023,24.33,0.000,0.666012,16605,0.435592,0.055345,0,0,1,0.4200,罗湖区,21,21,0,0,0,0,1
2023-03-20,589179428,20190000000000000003,900200000000000052,1,81.452,411.410,33567.000,2023-03-20 21:00:00.000,L2FT01-FTJ023,24.81,0.000,0.666012,16605,0.435592,0.055345,0,0,1,0.4200,罗湖区,21,21,0,0,0,0,1
2023-03-20,589179428,20190000000000000003,900200000000000039,1,107.822,387.800,41953.333,2023-03-20 21:00:00.000,L2FT01-FTJ023,24.81,0.000,0.666012,16605,0.435592,0.055345,0,0,1,0.4200,罗湖区,21,21,0,0,0,0,1
2023-03-20,589179428,20190000000000000003,900200000000000043,1,89.234,413.040,36864.000,2023-03-20 21:00:00.000,L2FT01-FTJ023,24.81,0.000,0.666012,16605,0.435592,0.055345,0,0,1,0.4200,罗湖区,21,21,0,0,0,0,1
2023-03-20,589179428,20190000000000000003,900200000000000039,1,76.880,400.227,30736.667,2023-03-20 21:15:00.000,L2FT01-FTJ023,24.81,0.000,0.666012,16605,0.435592,0.055345,0,0,1,0.4200,罗湖区,21,21,0,0,0,0,1
2023-03-20,589179428,20190000000000000003,900200000000000043,1,72.977,413.200,30158.667,2023-03-20 21:15:00.000,L2FT01-FTJ023,24.81,0.000,0.666012,16605,0.435592,0.055345,0,0,1,0.4200,罗湖区,21,21,0,0,0,0,1
2023-03-20,589179428,20190000000000000003,900200000000000052,1,68.825,413.773,28483.333,2023-03-20 21:15:00.000,L2FT01-FTJ023,24.81,0.000,0.666012,16605,0.435592,0.055345,0,0,1,0.4200,罗湖区,21,21,0,0,0,0,1
2023-03-20,589179428,20190000000000000003,900200000000000039,1,34.899,404.660,14120.667,2023-03-20 21:30:00.000,L2FT01-FTJ023,24.81,0.000,0.666012,16605,0.435592,0.055345,0,0,1,0.4200,罗湖区,21,21,0,0,0,0,1
2023-03-20,589179428,20190000000000000003,900200000000000043,1,36.630,410.507,15075.333,2023-03-20 21:30:00.000,L2FT01-FTJ023,24.81,0.000,0.666012,16605,0.435592,0.055345,0,0,1,0.4200,罗湖区,21,21,0,0,0,0,1
2023-03-20,589179428,20190000000000000003,900200000000000052,1,26.283,411.073,10804.667,2023-03-20 21:30:00.000,L2FT01-FTJ023,24.81,0.000,0.666012,16605,0.435592,0.055345,0,0,1,0.4200,罗湖区,21,21,0,0,0,0,1
2023-03-20,589179428,20190000000000000003,900200000000000039,1,17.790,405.433,7211.111,2023-03-20 21:45:00.000,L2FT01-FTJ023,24.81,0.000,0.666012,16605,0.435592,0.055345,0,0,1,0.4200,罗湖区,21,21,0,0,0,0,1
2023-03-20,589179428,20190000000000000003,900200000000000043,1,14.461,408.243,5901.429,2023-03-20 21:45:00.000,L2FT01-FTJ023,24.81,0.000,0.666012,16605,0.435592,0.055345,0,0,1,0.4200,罗湖区,21,21,0,0,0,0,1
2023-03-20,589179428,20190000000000000003,900200000000000052,1,14.046,415.667,5836.667,2023-03-20 21:45:00.000,L2FT01-FTJ023,24.81,0.000,0.666012,16605,0.435592,0.055345,0,0,1,0.4200,罗湖区,21,21,0,0,0,0,1
2023-03-20,589179428,20190000000000000003,900200000000000042,1,119.433,364.840,43553.000,2023-03-20 22:00:00.000,L2FT01-FTJ023,25.43,0.000,0.666012,16605,0.435592,0.055345,0,0,1,0.4200,罗湖区,21,21,0,0,0,0,1
2023-03-20,589179428,20190000000000000003,900200000000000042,1,100.749,379.207,38171.333,2023-03-20 22:15:00.000,L2FT01-FTJ023,25.43,0.000,0.666012,16605,0.435592,0.055345,0,0,1,0.4200,罗湖区,21,21,0,0,0,0,1
2023-03-20,589179428,20190000000000000003,900200000000000042,1,62.805,396.393,24859.333,2023-03-20 22:30:00.000,L2FT01-FTJ023,25.43,0.000,0.666012,16605,0.435592,0.055345,0,0,1,0.4200,罗湖区,21,21,0,0,0,0,1
2023-03-20,589179428,20190000000000000003,900200000000000042,1,25.850,403.447,10423.333,2023-03-20 22:45:00.000,L2FT01-FTJ023,25.43,0.000,0.666012,16605,0.435592,0.055345,0,0,1,0.4200,罗湖区,21,21,0,0,0,0,1
2023-03-20,589179428,20190000000000000003,900200000000000042,1,18.276,405.857,7417.143,2023-03-20 23:00:00.000,L2FT01-FTJ023,26.15,0.000,0.666012,16605,0.435592,0.055345,0,0,1,0.4200,罗湖区,21,21,0,0,0,0,1
2023-03-20,589179428,20190000000000000003,900200000000000052,1,97.790,352.875,34843.750,2023-03-20 23:45:00.000,L2FT01-FTJ023,26.15,0.000,0.666012,16605,0.435592,0.055345,0,0,1,0.4200,罗湖区,21,21,0,0,0,0,1
2023-03-21,589179428,20190000000000000003,900200000000000052,1,149.790,363.553,54455.333,2023-03-21 00:00:00.000,L2FT01-FTJ023,26.93,0.000,0.666012,16605,0.435592,0.055345,0,0,1,0.4200,罗湖区,21,21,0,0,0,0,1
2023-03-21,589179428,20190000000000000003,900200000000000052,1,147.097,378.540,55663.333,2023-03-21 00:15:00.000,L2FT01-FTJ023,26.93,0.000,0.666012,16605,0.435592,0.055345,0,0,1,0.4200,罗湖区,21,21,0,0,0,0,1
2023-03-21,589179428,20190000000000000003,900200000000000052,1,110.038,394.540,43367.333,2023-03-21 00:30:00.000,L2FT01-FTJ023,26.93,0.000,0.666012,16605,0.435592,0.055345,0,0,1,0.4200,罗湖区,21,21,0,0,0,0,1
2023-03-21,589179428,20190000000000000003,900200000000000052,1,58.424,401.456,23451.111,2023-03-21 00:45:00.000,L2FT01-FTJ023,26.93,0.000,0.666012,16605,0.435592,0.055345,0,0,1,0.4200,罗湖区,21,21,0,0,0,0,1
2023-03-21,589179428,20190000000000000003,900200000000000056,1,108.035,466.408,51266.154,2023-03-21 01:15:00.000,L2FT01-FTJ023,27.70,0.000,0.666012,16605,0.435592,0.055345,0,0,1,0.4200,罗湖区,21,21,0,0,0,0,1
2023-03-21,589179428,20190000000000000003,900200000000000056,1,94.779,476.140,45131.333,2023-03-21 01:30:00.000,L2FT01-FTJ023,27.70,0.000,0.666012,16605,0.435592,0.055345,0,0,1,0.4200,罗湖区,21,21,0,0,0,0,1
2023-03-21,589179428,20190000000000000003,900200000000000056,1,69.671,475.920,33170.000,2023-03-21 01:45:00.000,L2FT01-FTJ023,27.70,0.000,0.666012,16605,0.435592,0.055345,0,0,1,0.4200,罗湖区,21,21,0,0,0,0,1
2023-03-21,589179428,20190000000000000003,900200000000000040,1,83.030,336.488,28323.750,2023-03-21 02:30:00.000,L2FT01-FTJ023,28.43,0.000,0.666012,16605,0.435592,0.055345,0,0,1,0.4200,罗湖区,21,21,0,0,0,0,1
2023-03-21,589179428,20190000000000000003,900200000000000040,1,125.841,347.767,43759.333,2023-03-21 02:45:00.000,L2FT01-FTJ023,28.43,0.000,0.666012,16605,0.435592,0.055345,0,0,1,0.4200,罗湖区,21,21,0,0,0,0,1
2023-03-21,589179428,20190000000000000003,900200000000000040,1,123.260,361.433,44531.333,2023-03-21 03:00:00.000,L2FT01-FTJ023,29.05,0.000,0.666012,16605,0.435592,0.055345,0,0,1,0.4200,罗湖区,21,21,0,0,0,0,1
2023-03-21,589179428,20190000000000000003,900200000000000040,1,91.817,376.547,34534.667,2023-03-21 03:15:00.000,L2FT01-FTJ023,29.05,0.000,0.666012,16605,0.435592,0.055345,0,0,1,0.4200,罗湖区,21,21,0,0,0,0,1
2023-03-21,589179428,20190000000000000003,900200000000000040,1,51.591,385.320,19866.000,2023-03-21 03:30:00.000,L2FT01-FTJ023,29.05,0.000,0.666012,16605,0.435592,0.055345,0,0,1,0.4200,罗湖区,21,21,0,0,0,0,1
2023-03-21,589179428,20190000000000000003,900200000000000037,1,34.095,249.450,10220.000,2023-03-21 03:30:00.000,L2FT01-FTJ023,29.05,0.000,0.666012,16605,0.435592,0.055345,0,0,1,0.4200,罗湖区,21,21,0,0,0,0,1
2023-03-21,589179428,20190000000000000003,900200000000000034,1,197.916,311.933,61736.667,2023-03-21 03:30:00.000,L2FT01-FTJ023,29.05,0.000,0.666012,16605,0.435592,0.055345,0,0,1,0.4200,罗湖区,21,21,0,0,0,0,1
2023-03-21,589179428,20190000000000000003,900200000000000034,1,199.971,313.647,62718.667,2023-03-21 03:45:00.000,L2FT01-FTJ023,29.05,0.000,0.666012,16605,0.435592,0.055345,0,0,1,0.4200,罗湖区,21,21,0,0,0,0,1
2023-03-21,589179428,20190000000000000003,900200000000000037,1,69.310,303.907,21062.667,2023-03-21 03:45:00.000,L2FT01-FTJ023,29.05,0.000,0.666012,16605,0.435592,0.055345,0,0,1,0.4200,罗湖区,21,21,0,0,0,0,1
2023-03-21,589179428,20190000000000000003,900200000000000040,1,23.890,387.533,9256.667,2023-03-21 03:45:00.000,L2FT01-FTJ023,29.05,0.000,0.666012,16605,0.435592,0.055345,0,0,1,0.4200,罗湖区,21,21,0,0,0,0,1
2023-03-21,589179428,20190000000000000003,900200000000000034,1,200.032,315.673,63143.333,2023-03-21 04:00:00.000,L2FT01-FTJ023,29.53,0.000,0.666012,16605,0.435592,0.055345,0,0,1,0.4200,罗湖区,21,21,0,0,0,0,1
2023-03-21,589179428,20190000000000000003,900200000000000037,1,70.342,307.200,21604.667,2023-03-21 04:00:00.000,L2FT01-FTJ023,29.53,0.000,0.666012,16605,0.435592,0.055345,0,0,1,0.4200,罗湖区,21,21,0,0,0,0,1
2023-03-21,589179428,20190000000000000003,900200000000000040,1,23.890,389.725,9310.000,2023-03-21 04:00:00.000,L2FT01-FTJ023,29.53,0.000,0.666012,16605,0.435592,0.055345,0,0,1,0.4200,罗湖区,21,21,0,0,0,0,1
2023-03-21,589179428,20190000000000000003,900200000000000034,1,145.542,321.173,46517.273,2023-03-21 04:15:00.000,L2FT01-FTJ023,29.53,0.000,0.666012,16605,0.435592,0.055345,0,0,1,0.4200,罗湖区,21,21,0,0,0,0,1
2023-03-21,589179428,20190000000000000003,900200000000000037,1,69.730,308.313,21494.000,2023-03-21 04:15:00.000,L2FT01-FTJ023,29.53,0.000,0.666012,16605,0.435592,0.055345,0,0,1,0.4200,罗湖区,21,21,0,0,0,0,1
2023-03-21,589179428,20190000000000000003,900200000000000037,1,69.442,308.513,21420.667,2023-03-21 04:30:00.000,L2FT01-FTJ023,29.53,0.000,0.666012,16605,0.435592,0.055345,0,0,1,0.4200,罗湖区,21,21,0,0,0,0,1
2023-03-21,589179428,20190000000000000003,900200000000000048,1,102.359,354.050,36239.167,2023-03-21 04:30:00.000,L2FT01-FTJ023,29.53,0.000,0.666012,16605,0.435592,0.055345,0,0,1,0.4200,罗湖区,21,21,0,0,0,0,1
2023-03-21,589179428,20190000000000000003,900200000000000037,1,71.103,308.867,21957.333,2023-03-21 04:45:00.000,L2FT01-FTJ023,29.53,0.000,0.666012,16605,0.435592,0.055345,0,0,1,0.4200,罗湖区,21,21,0,0,0,0,1
2023-03-21,589179428,20190000000000000003,900200000000000048,1,96.541,355.747,34339.333,2023-03-21 04:45:00.000,L2FT01-FTJ023,29.53,0.000,0.666012,16605,0.435592,0.055345,0,0,1,0.4200,罗湖区,21,21,0,0,0,0,1
2023-03-21,589179428,20190000000000000003,900200000000000038,1,130.030,309.483,40238.333,2023-03-21 05:00:00.000,L2FT01-FTJ023,29.83,0.000,0.666012,16605,0.435592,0.055345,0,0,1,0.4200,罗湖区,21,21,0,0,0,0,1
2023-03-21,589179428,20190000000000000003,900200000000000048,1,64.439,354.933,22878.000,2023-03-21 05:00:00.000,L2FT01-FTJ023,29.83,0.000,0.666012,16605,0.435592,0.055345,0,0,1,0.4200,罗湖区,21,21,0,0,0,0,1
2023-03-21,589179428,20190000000000000003,900200000000000037,1,71.090,309.447,21996.000,2023-03-21 05:00:00.000,L2FT01-FTJ023,29.83,0.000,0.666012,16605,0.435592,0.055345,0,0,1,0.4200,罗湖区,21,21,0,0,0,0,1
2023-03-21,589179428,20190000000000000003,900200000000000037,1,71.090,310.640,22082.000,2023-03-21 05:15:00.000,L2FT01-FTJ023,29.83,0.000,0.666012,16605,0.435592,0.055345,0,0,1,0.4200,罗湖区,21,21,0,0,0,0,1
2023-03-21,589179428,20190000000000000003,900200000000000038,1,129.806,311.007,40365.333,2023-03-21 05:15:00.000,L2FT01-FTJ023,29.83,0.000,0.666012,16605,0.435592,0.055345,0,0,1,0.4200,罗湖区,21,21,0,0,0,0,1
2023-03-21,589179428,20190000000000000003,900200000000000048,1,33.087,353.815,11706.154,2023-03-21 05:15:00.000,L2FT01-FTJ023,29.83,0.000,0.666012,16605,0.435592,0.055345,0,0,1,0.4200,罗湖区,21,21,0,0,0,0,1
2023-03-21,589179428,20190000000000000003,900200000000000037,1,71.091,311.927,22173.333,2023-03-21 05:30:00.000,L2FT01-FTJ023,29.83,0.000,0.666012,16605,0.435592,0.055345,0,0,1,0.4200,罗湖区,21,21,0,0,0,0,1
2023-03-21,589179428,20190000000000000003,900200000000000038,1,129.860,311.860,40494.667,2023-03-21 05:30:00.000,L2FT01-FTJ023,29.83,0.000,0.666012,16605,0.435592,0.055345,0,0,1,0.4200,罗湖区,21,21,0,0,0,0,1
2023-03-21,589179428,20190000000000000003,900200000000000035,1,199.848,313.147,62575.333,2023-03-21 05:45:00.000,L2FT01-FTJ023,29.83,0.000,0.666012,16605,0.435592,0.055345,0,0,1,0.4200,罗湖区,21,21,0,0,0,0,1
2023-03-21,589179428,20190000000000000003,900200000000000037,1,71.137,312.373,22218.000,2023-03-21 05:45:00.000,L2FT01-FTJ023,29.83,0.000,0.666012,16605,0.435592,0.055345,0,0,1,0.4200,罗湖区,21,21,0,0,0,0,1
2023-03-21,589179428,20190000000000000003,900200000000000038,1,129.927,313.747,40761.333,2023-03-21 05:45:00.000,L2FT01-FTJ023,29.83,0.000,0.666012,16605,0.435592,0.055345,0,0,1,0.4200,罗湖区,21,21,0,0,0,0,1
2023-03-21,589179428,20190000000000000003,900200000000000035,1,199.830,314.920,62924.000,2023-03-21 06:00:00.000,L2FT01-FTJ023,29.93,0.000,0.666012,16605,0.435592,0.055345,0,0,1,0.4200,罗湖区,21,21,0,0,0,0,1
2023-03-21,589179428,20190000000000000003,900200000000000037,1,71.103,312.893,22246.000,2023-03-21 06:00:00.000,L2FT01-FTJ023,29.93,0.000,0.666012,16605,0.435592,0.055345,0,0,1,0.4200,罗湖区,21,21,0,0,0,0,1
2023-03-21,589179428,20190000000000000003,900200000000000038,1,129.949,314.920,40920.000,2023-03-21 06:00:00.000,L2FT01-FTJ023,29.93,0.000,0.666012,16605,0.435592,0.055345,0,0,1,0.4200,罗湖区,21,21,0,0,0,0,1
2023-03-21,589179428,20190000000000000003,900200000000000047,1,6.390,302.700,1930.000,2023-03-21 06:00:00.000,L2FT01-FTJ023,29.93,0.000,0.666012,16605,0.435592,0.055345,0,0,1,0.4200,罗湖区,21,21,0,0,0,0,1
2023-03-21,589179428,20190000000000000003,900200000000000047,1,139.341,312.420,43784.667,2023-03-21 06:15:00.000,L2FT01-FTJ023,29.93,0.000,0.666012,16605,0.435592,0.055345,0,0,1,0.4200,罗湖区,21,21,0,0,0,0,1
2023-03-21,589179428,20190000000000000003,900200000000000038,1,123.965,318.250,39419.000,2023-03-21 06:15:00.000,L2FT01-FTJ023,29.93,0.000,0.666012,16605,0.435592,0.055345,0,0,1,0.4200,罗湖区,21,21,0,0,0,0,1
2023-03-21,589179428,20190000000000000003,900200000000000035,1,199.919,316.860,63342.000,2023-03-21 06:15:00.000,L2FT01-FTJ023,29.93,0.000,0.666012,16605,0.435592,0.055345,0,0,1,0.4200,罗湖区,21,21,0,0,0,0,1
2023-03-21,589179428,20190000000000000003,900200000000000037,1,71.084,313.640,22292.667,2023-03-21 06:15:00.000,L2FT01-FTJ023,29.93,0.000,0.666012,16605,0.435592,0.055345,0,0,1,0.4200,罗湖区,21,21,0,0,0,0,1
2023-03-21,589179428,20190000000000000003,900200000000000035,1,107.860,324.760,34764.000,2023-03-21 06:30:00.000,L2FT01-FTJ023,29.93,0.000,0.666012,16605,0.435592,0.055345,0,0,1,0.4200,罗湖区,21,21,0,0,0,0,1
2023-03-21,589179428,20190000000000000003,900200000000000037,1,68.203,317.393,21616.000,2023-03-21 06:30:00.000,L2FT01-FTJ023,29.93,0.000,0.666012,16605,0.435592,0.055345,0,0,1,0.4200,罗湖区,21,21,0,0,0,0,1
2023-03-21,589179428,20190000000000000003,900200000000000047,1,96.351,312.467,30191.667,2023-03-21 06:30:00.000,L2FT01-FTJ023,29.93,0.000,0.666012,16605,0.435592,0.055345,0,0,1,0.4200,罗湖区,21,21,0,0,0,0,1
2023-03-21,589179428,20190000000000000003,900200000000000057,1,94.683,362.200,34286.923,2023-03-21 06:30:00.000,L2FT01-FTJ023,29.93,0.000,0.666012,16605,0.435592,0.055345,0,0,1,0.4200,罗湖区,21,21,0,0,0,0,1
2023-03-21,589179428,20190000000000000003,900200000000000037,1,29.790,335.900,10000.000,2023-03-21 06:45:00.000,L2FT01-FTJ023,29.93,0.000,0.666012,16605,0.435592,0.055345,0,0,1,0.4200,罗湖区,21,21,0,0,0,0,1
2023-03-21,589179428,20190000000000000003,900200000000000057,1,68.833,363.567,25021.667,2023-03-21 06:45:00.000,L2FT01-FTJ023,29.93,0.000,0.666012,16605,0.435592,0.055345,0,0,1,0.4200,罗湖区,21,21,0,0,0,0,1
2023-03-21,589179428,20190000000000000003,900200000000000040,1,149.882,362.317,54302.500,2023-03-21 07:00:00.000,L2FT01-FTJ023,29.83,0.000,0.666012,16605,0.435592,0.055345,0,0,1,0.4200,罗湖区,21,21,0,0,0,0,1
2023-03-21,589179428,20190000000000000003,900200000000000040,1,120.532,375.420,45163.333,2023-03-21 07:15:00.000,L2FT01-FTJ023,29.83,0.000,0.666012,16605,0.435592,0.055345,0,0,1,0.4200,罗湖区,21,21,0,0,0,0,1
2023-03-21,589179428,20190000000000000003,900200000000000040,1,79.329,386.075,30615.000,2023-03-21 07:30:00.000,L2FT01-FTJ023,29.83,0.000,0.666012,16605,0.435592,0.055345,0,0,1,0.4200,罗湖区,21,21,0,0,0,0,1
2023-03-21,589179428,20190000000000000003,900200000000000043,1,35.540,407.800,14525.000,2023-03-21 07:45:00.000,L2FT01-FTJ023,29.83,0.000,0.666012,16605,0.435592,0.055345,0,0,1,0.4200,罗湖区,21,21,0,0,0,0,1
2023-03-21,589179428,20190000000000000003,900200000000000043,1,27.163,410.407,11165.333,2023-03-21 08:00:00.000,L2FT01-FTJ023,29.53,0.000,0.666012,16605,0.435592,0.055345,0,0,1,0.4200,罗湖区,21,21,0,0,0,0,1
2023-03-21,589179428,20190000000000000003,900200000000000047,1,95.360,327.600,31240.000,2023-03-21 08:15:00.000,L2FT01-FTJ023,29.53,0.000,0.666012,16605,0.435592,0.055345,0,0,1,0.4200,罗湖区,21,21,0,0,0,0,1
2023-03-21,589179428,20190000000000000003,900200000000000043,1,13.890,412.167,5724.667,2023-03-21 08:15:00.000,L2FT01-FTJ023,29.53,0.000,0.666012,16605,0.435592,0.055345,0,0,1,0.4200,罗湖区,21,21,0,0,0,0,1
2023-03-21,589179428,20190000000000000003,900200000000000047,1,95.390,328.207,31307.333,2023-03-21 08:30:00.000,L2FT01-FTJ023,29.53,0.000,0.666012,16605,0.435592,0.055345,0,0,1,0.4200,罗湖区,21,21,0,0,0,0,1
2023-03-21,589179428,20190000000000000003,900200000000000043,1,13.890,420.400,5840.000,2023-03-21 08:30:00.000,L2FT01-FTJ023,29.53,0.000,0.666012,16605,0.435592,0.055345,0,0,1,0.4200,罗湖区,21,21,0,0,0,0,1
2023-03-21,589179428,20190000000000000003,900200000000000044,1,93.763,412.533,38680.000,2023-03-21 08:30:00.000,L2FT01-FTJ023,29.53,0.000,0.666012,16605,0.435592,0.055345,0,0,1,0.4200,罗湖区,21,21,0,0,0,0,1
2023-03-21,589179428,20190000000000000003,900200000000000044,1,76.691,413.613,31730.000,2023-03-21 08:45:00.000,L2FT01-FTJ023,29.53,0.000,0.666012,16605,0.435592,0.055345,0,0,1,0.4200,罗湖区,21,21,0,0,0,0,1
2023-03-21,589179428,20190000000000000003,900200000000000047,1,95.120,329.827,31370.667,2023-03-21 08:45:00.000,L2FT01-FTJ023,29.53,0.000,0.666012,16605,0.435592,0.055345,0,0,1,0.4200,罗湖区,21,21,0,0,0,0,1
2023-03-21,589179428,20190000000000000003,900200000000000034,1,67.790,344.336,23340.714,2023-03-21 09:00:00.000,L2FT01-FTJ023,29.05,0.000,0.666012,16605,0.435592,0.055345,0,0,1,0.4200,罗湖区,21,21,0,0,0,0,1
2023-03-21,589179428,20190000000000000003,900200000000000044,1,41.010,410.907,16896.667,2023-03-21 09:00:00.000,L2FT01-FTJ023,29.05,0.000,0.666012,16605,0.435592,0.055345,0,0,1,0.4200,罗湖区,21,21,0,0,0,0,1
2023-03-21,589179428,20190000000000000003,900200000000000047,1,67.719,329.540,22321.333,2023-03-21 09:00:00.000,L2FT01-FTJ023,29.05,0.000,0.666012,16605,0.435592,0.055345,0,0,1,0.4200,罗湖区,21,21,0,0,0,0,1
2023-03-21,589179428,20190000000000000003,900200000000000034,1,54.237,355.727,19282.000,2023-03-21 09:15:00.000,L2FT01-FTJ023,29.05,0.000,0.666012,16605,0.435592,0.055345,0,0,1,0.4200,罗湖区,21,21,0,0,0,0,1
2023-03-21,589179428,20190000000000000003,900200000000000044,1,17.790,412.162,7324.615,2023-03-21 09:15:00.000,L2FT01-FTJ023,29.05,0.000,0.666012,16605,0.435592,0.055345,0,0,1,0.4200,罗湖区,21,21,0,0,0,0,1
2023-03-21,589179428,20190000000000000003,900200000000000047,1,34.066,330.188,11237.500,2023-03-21 09:15:00.000,L2FT01-FTJ023,29.05,0.000,0.666012,16605,0.435592,0.055345,0,0,1,0.4200,罗湖区,21,21,0,0,0,0,1
2023-03-21,589179428,20190000000000000003,900200000000000034,1,33.571,361.033,12115.333,2023-03-21 09:30:00.000,L2FT01-FTJ023,29.05,0.000,0.666012,16605,0.435592,0.055345,0,0,1,0.4200,罗湖区,21,21,0,0,0,0,1
2023-03-21,589179428,20190000000000000003,900200000000000040,1,88.427,359.967,32096.667,2023-03-21 09:30:00.000,L2FT01-FTJ023,29.05,0.000,0.666012,16605,0.435592,0.055345,0,0,1,0.4200,罗湖区,21,21,0,0,0,0,1
2023-03-21,589179428,20190000000000000003,900200000000000040,1,103.755,364.020,37766.000,2023-03-21 09:45:00.000,L2FT01-FTJ023,29.05,0.000,0.666012,16605,0.435592,0.055345,0,0,1,0.4200,罗湖区,21,21,0,0,0,0,1
2023-03-21,589179428,20190000000000000003,900200000000000034,1,14.790,363.607,5375.333,2023-03-21 09:45:00.000,L2FT01-FTJ023,29.05,0.000,0.666012,16605,0.435592,0.055345,0,0,1,0.4200,罗湖区,21,21,0,0,0,0,1
2023-03-21,589179428,20190000000000000003,900200000000000032,1,63.653,324.209,20715.455,2023-03-21 10:00:00.000,L2FT01-FTJ023,28.43,0.000,0.666012,16605,0.435592,0.055345,0,0,1,0.4200,罗湖区,21,21,0,0,0,0,1
2023-03-21,589179428,20190000000000000003,900200000000000040,1,98.175,364.000,35734.667,2023-03-21 10:00:00.000,L2FT01-FTJ023,28.43,0.000,0.666012,16605,0.435592,0.055345,0,0,1,0.4200,罗湖区,21,21,0,0,0,0,1
2023-03-21,589179428,20190000000000000003,900200000000000032,1,70.078,327.853,22974.000,2023-03-21 10:15:00.000,L2FT01-FTJ023,28.43,0.000,0.666012,16605,0.435592,0.055345,0,0,1,0.4200,罗湖区,21,21,0,0,0,0,1
2023-03-21,589179428,20190000000000000003,900200000000000040,1,50.833,363.240,18466.667,2023-03-21 10:15:00.000,L2FT01-FTJ023,28.43,0.000,0.666012,16605,0.435592,0.055345,0,0,1,0.4200,罗湖区,21,21,0,0,0,0,1
2023-03-21,589179428,20190000000000000003,900200000000000048,1,149.491,391.386,58504.286,2023-03-21 10:15:00.000,L2FT01-FTJ023,28.43,0.000,0.666012,16605,0.435592,0.055345,0,0,1,0.4200,罗湖区,21,21,0,0,0,0,1
2023-03-21,589179428,20190000000000000003,900200000000000057,1,65.790,361.021,23750.000,2023-03-21 10:15:00.000,L2FT01-FTJ023,28.43,0.000,0.666012,16605,0.435592,0.055345,0,0,1,0.4200,罗湖区,21,21,0,0,0,0,1
2023-03-21,589179428,20190000000000000003,900200000000000032,1,63.571,329.220,20926.000,2023-03-21 10:30:00.000,L2FT01-FTJ023,28.43,0.000,0.666012,16605,0.435592,0.055345,0,0,1,0.4200,罗湖区,21,21,0,0,0,0,1
2023-03-21,589179428,20190000000000000003,900200000000000040,1,20.090,368.000,7390.000,2023-03-21 10:30:00.000,L2FT01-FTJ023,28.43,0.000,0.666012,16605,0.435592,0.055345,0,0,1,0.4200,罗湖区,21,21,0,0,0,0,1
2023-03-21,589179428,20190000000000000003,900200000000000048,1,117.009,411.160,47981.333,2023-03-21 10:30:00.000,L2FT01-FTJ023,28.43,0.000,0.666012,16605,0.435592,0.055345,0,0,1,0.4200,罗湖区,21,21,0,0,0,0,1
2023-03-21,589179428,20190000000000000003,900200000000000057,1,65.817,372.627,24524.667,2023-03-21 10:30:00.000,L2FT01-FTJ023,28.43,0.000,0.666012,16605,0.435592,0.055345,0,0,1,0.4200,罗湖区,21,21,0,0,0,0,1
2023-03-21,589179428,20190000000000000003,900200000000000048,1,69.539,432.127,30009.333,2023-03-21 10:45:00.000,L2FT01-FTJ023,28.43,0.000,0.666012,16605,0.435592,0.055345,0,0,1,0.4200,罗湖区,21,21,0,0,0,0,1
2023-03-21,589179428,20190000000000000003,900200000000000032,1,30.279,332.036,10021.429,2023-03-21 10:45:00.000,L2FT01-FTJ023,28.43,0.000,0.666012,16605,0.435592,0.055345,0,0,1,0.4200,罗湖区,21,21,0,0,0,0,1
2023-03-21,589179428,20190000000000000003,900200000000000057,1,65.823,383.560,25246.000,2023-03-21 10:45:00.000,L2FT01-FTJ023,28.43,0.000,0.666012,16605,0.435592,0.055345,0,0,1,0.4200,罗湖区,21,21,0,0,0,0,1
2023-03-21,589179428,20190000000000000003,900200000000000057,1,59.463,394.513,23443.333,2023-03-21 11:00:00.000,L2FT01-FTJ023,27.70,0.000,0.666012,16605,0.435592,0.055345,0,0,1,0.4200,罗湖区,21,21,0,0,0,0,1
2023-03-21,589179428,20190000000000000003,900200000000000048,1,26.167,439.193,11484.667,2023-03-21 11:00:00.000,L2FT01-FTJ023,27.70,0.000,0.666012,16605,0.435592,0.055345,0,0,1,0.4200,罗湖区,21,21,0,0,0,0,1
2023-03-21,589179428,20190000000000000003,900200000000000057,1,26.443,397.413,10508.667,2023-03-21 11:15:00.000,L2FT01-FTJ023,27.70,0.000,0.666012,16605,0.435592,0.055345,0,0,1,0.4200,罗湖区,21,21,0,0,0,0,1
2023-03-21,589179428,20190000000000000003,900200000000000057,1,12.130,397.233,4819.333,2023-03-21 11:30:00.000,L2FT01-FTJ023,27.70,0.000,0.666012,16605,0.435592,0.055345,0,0,1,0.4200,罗湖区,21,21,0,0,0,0,1
2023-03-21,589179428,20190000000000000003,900200000000000034,1,8.845,365.250,3185.000,2023-03-21 11:30:00.000,L2FT01-FTJ023,27.70,0.000,0.666012,16605,0.435592,0.055345,0,0,1,0.4200,罗湖区,21,21,0,0,0,0,1
2023-03-21,589179428,20190000000000000003,900200000000000031,1,104.826,445.264,49315.714,2023-03-21 11:45:00.000,L2FT01-FTJ023,27.70,0.000,0.666012,16605,0.435592,0.055345,0,0,1,0.4200,罗湖区,21,21,0,0,0,0,1
2023-03-21,589179428,20190000000000000003,900200000000000034,1,92.545,367.375,34170.000,2023-03-21 11:45:00.000,L2FT01-FTJ023,27.70,0.000,0.666012,16605,0.435592,0.055345,0,0,1,0.4200,罗湖区,21,21,0,0,0,0,1
2023-03-21,589179428,20190000000000000003,900200000000000057,1,9.790,397.400,3890.000,2023-03-21 11:45:00.000,L2FT01-FTJ023,27.70,0.000,0.666012,16605,0.435592,0.055345,0,0,1,0.4200,罗湖区,21,21,0,0,0,0,1
2023-03-21,589179428,20190000000000000003,900200000000000030,1,162.917,312.973,51498.182,2023-03-21 12:00:00.000,L2FT01-FTJ023,26.93,0.000,0.666012,16605,0.435592,0.055345,0,0,1,0.4200,罗湖区,21,21,0,0,0,0,1
2023-03-21,589179428,20190000000000000003,900200000000000031,1,116.878,471.273,55080.667,2023-03-21 12:00:00.000,L2FT01-FTJ023,26.93,0.000,0.666012,16605,0.435592,0.055345,0,0,1,0.4200,罗湖区,21,21,0,0,0,0,1
2023-03-21,589179428,20190000000000000003,900200000000000047,1,54.812,354.822,19445.556,2023-03-21 12:00:00.000,L2FT01-FTJ023,26.93,0.000,0.666012,16605,0.435592,0.055345,0,0,1,0.4200,罗湖区,21,21,0,0,0,0,1
2023-03-21,589179428,20190000000000000003,900200000000000030,1,174.999,319.050,55809.167,2023-03-21 12:15:00.000,L2FT01-FTJ023,26.93,0.000,0.666012,16605,0.435592,0.055345,0,0,1,0.4200,罗湖区,21,21,0,0,0,0,1
2023-03-21,589179428,20190000000000000003,900200000000000031,1,116.878,471.360,55090.667,2023-03-21 12:15:00.000,L2FT01-FTJ023,26.93,0.000,0.666012,16605,0.435592,0.055345,0,0,1,0.4200,罗湖区,21,21,0,0,0,0,1
2023-03-21,589179428,20190000000000000003,900200000000000047,1,54.790,360.487,19750.000,2023-03-21 12:15:00.000,L2FT01-FTJ023,26.93,0.000,0.666012,16605,0.435592,0.055345,0,0,1,0.4200,罗湖区,21,21,0,0,0,0,1
2023-03-21,589179428,20190000000000000003,900200000000000031,1,77.967,471.180,36744.667,2023-03-21 12:30:00.000,L2FT01-FTJ023,26.93,0.000,0.666012,16605,0.435592,0.055345,0,0,1,0.4200,罗湖区,21,21,0,0,0,0,1
2023-03-21,589179428,20190000000000000003,900200000000000047,1,54.790,369.840,20262.000,2023-03-21 12:30:00.000,L2FT01-FTJ023,26.93,0.000,0.666012,16605,0.435592,0.055345,0,0,1,0.4200,罗湖区,21,21,0,0,0,0,1
2023-03-21,589179428,20190000000000000003,900200000000000052,1,84.211,326.012,27563.750,2023-03-21 12:30:00.000,L2FT01-FTJ023,26.93,0.000,0.666012,16605,0.435592,0.055345,0,0,1,0.4200,罗湖区,21,21,0,0,0,0,1
2023-03-21,589179428,20190000000000000003,900200000000000047,1,54.790,382.167,20936.000,2023-03-21 12:45:00.000,L2FT01-FTJ023,26.93,0.000,0.666012,16605,0.435592,0.055345,0,0,1,0.4200,罗湖区,21,21,0,0,0,0,1
2023-03-21,589179428,20190000000000000003,900200000000000052,1,95.300,328.142,31266.667,2023-03-21 12:45:00.000,L2FT01-FTJ023,26.93,0.000,0.666012,16605,0.435592,0.055345,0,0,1,0.4200,罗湖区,21,21,0,0,0,0,1
2023-03-21,589179428,20190000000000000003,900200000000000031,1,28.823,470.767,13570.000,2023-03-21 12:45:00.000,L2FT01-FTJ023,26.93,0.000,0.666012,16605,0.435592,0.055345,0,0,1,0.4200,罗湖区,21,21,0,0,0,0,1
2023-03-21,589179428,20190000000000000003,900200000000000047,1,45.417,394.173,17882.667,2023-03-21 13:00:00.000,L2FT01-FTJ023,26.15,0.000,0.666012,16605,0.435592,0.055345,0,0,1,0.4200,罗湖区,21,21,0,0,0,0,1
2023-03-21,589179428,20190000000000000003,900200000000000049,1,116.365,455.500,54650.000,2023-03-21 13:00:00.000,L2FT01-FTJ023,26.15,0.000,0.666012,16605,0.435592,0.055345,0,0,1,0.4200,罗湖区,21,21,0,0,0,0,1
2023-03-21,589179428,20190000000000000003,900200000000000047,1,13.940,395.950,5518.000,2023-03-21 13:15:00.000,L2FT01-FTJ023,26.15,0.000,0.666012,16605,0.435592,0.055345,0,0,1,0.4200,罗湖区,21,21,0,0,0,0,1
2023-03-21,589179428,20190000000000000003,900200000000000049,1,149.883,472.620,70837.333,2023-03-21 13:15:00.000,L2FT01-FTJ023,26.15,0.000,0.666012,16605,0.435592,0.055345,0,0,1,0.4200,罗湖区,21,21,0,0,0,0,1
2023-03-21,589179428,20190000000000000003,900200000000000049,1,141.207,472.993,66790.667,2023-03-21 13:30:00.000,L2FT01-FTJ023,26.15,0.000,0.666012,16605,0.435592,0.055345,0,0,1,0.4200,罗湖区,21,21,0,0,0,0,1
2023-03-21,589179428,20190000000000000003,900200000000000037,1,56.290,342.933,19303.333,2023-03-21 13:45:00.000,L2FT01-FTJ023,26.15,0.000,0.666012,16605,0.435592,0.055345,0,0,1,0.4200,罗湖区,21,21,0,0,0,0,1
2023-03-21,589179428,20190000000000000003,900200000000000049,1,84.184,472.853,39804.667,2023-03-21 13:45:00.000,L2FT01-FTJ023,26.15,0.000,0.666012,16605,0.435592,0.055345,0,0,1,0.4200,罗湖区,21,21,0,0,0,0,1
2023-03-21,589179428,20190000000000000003,900200000000000037,1,56.317,345.413,19454.000,2023-03-21 14:00:00.000,L2FT01-FTJ023,25.43,0.000,0.666012,16605,0.435592,0.055345,0,0,1,0.4200,罗湖区,21,21,0,0,0,0,1
2023-03-21,589179428,20190000000000000003,900200000000000049,1,36.457,472.367,17226.667,2023-03-21 14:00:00.000,L2FT01-FTJ023,25.43,0.000,0.666012,16605,0.435592,0.055345,0,0,1,0.4200,罗湖区,21,21,0,0,0,0,1
2023-03-21,589179428,20190000000000000003,900200000000000037,1,56.337,347.133,19555.333,2023-03-21 14:15:00.000,L2FT01-FTJ023,25.43,0.000,0.666012,16605,0.435592,0.055345,0,0,1,0.4200,罗湖区,21,21,0,0,0,0,1
2023-03-21,589179428,20190000000000000003,900200000000000037,1,56.390,349.593,19712.143,2023-03-21 14:30:00.000,L2FT01-FTJ023,25.43,0.000,0.666012,16605,0.435592,0.055345,0,0,1,0.4200,罗湖区,21,21,0,0,0,0,1
2023-03-21,589179428,20190000000000000003,900200000000000032,1,90.515,327.200,29611.667,2023-03-21 15:45:00.000,L2FT01-FTJ023,24.81,0.000,0.666012,16605,0.435592,0.055345,0,0,1,0.4200,罗湖区,21,21,0,0,0,0,1
2023-03-21,589179428,20190000000000000003,900200000000000056,1,76.400,437.223,33361.538,2023-03-21 15:45:00.000,L2FT01-FTJ023,24.81,0.000,0.666012,16605,0.435592,0.055345,0,0,1,0.4200,罗湖区,21,21,0,0,0,0,1
2023-03-21,589179428,20190000000000000003,900200000000000056,1,39.415,443.225,17465.000,2023-03-21 16:00:00.000,L2FT01-FTJ023,24.33,0.000,0.666012,16605,0.435592,0.055345,0,0,1,0.4200,罗湖区,21,21,0,0,0,0,1
2023-03-21,589179428,20190000000000000003,900200000000000038,1,17.740,346.100,6135.000,2023-03-21 16:00:00.000,L2FT01-FTJ023,24.33,0.000,0.666012,16605,0.435592,0.055345,0,0,1,0.4200,罗湖区,21,21,0,0,0,0,1
2023-03-21,589179428,20190000000000000003,900200000000000034,1,104.160,320.700,33450.000,2023-03-21 16:00:00.000,L2FT01-FTJ023,24.33,0.000,0.666012,16605,0.435592,0.055345,0,0,1,0.4200,罗湖区,21,21,0,0,0,0,1
2023-03-21,589179428,20190000000000000003,900200000000000032,1,89.597,329.380,29510.000,2023-03-21 16:00:00.000,L2FT01-FTJ023,24.33,0.000,0.666012,16605,0.435592,0.055345,0,0,1,0.4200,罗湖区,21,21,0,0,0,0,1
2023-03-21,589179428,20190000000000000003,900200000000000030,1,89.212,452.200,42025.000,2023-03-21 16:15:00.000,L2FT01-FTJ023,24.33,0.000,0.666012,16605,0.435592,0.055345,0,0,1,0.4200,罗湖区,21,21,0,0,0,0,1
2023-03-21,589179428,20190000000000000003,900200000000000032,1,64.579,329.280,21264.667,2023-03-21 16:15:00.000,L2FT01-FTJ023,24.33,0.000,0.666012,16605,0.435592,0.055345,0,0,1,0.4200,罗湖区,21,21,0,0,0,0,1
2023-03-21,589179428,20190000000000000003,900200000000000038,1,115.881,363.527,42224.667,2023-03-21 16:15:00.000,L2FT01-FTJ023,24.33,0.000,0.666012,16605,0.435592,0.055345,0,0,1,0.4200,罗湖区,21,21,0,0,0,0,1
2023-03-21,589179428,20190000000000000003,900200000000000030,1,126.848,474.607,60200.667,2023-03-21 16:30:00.000,L2FT01-FTJ023,24.33,0.000,0.666012,16605,0.435592,0.055345,0,0,1,0.4200,罗湖区,21,21,0,0,0,0,1
2023-03-21,589179428,20190000000000000003,900200000000000032,1,28.483,332.167,9423.333,2023-03-21 16:30:00.000,L2FT01-FTJ023,24.33,0.000,0.666012,16605,0.435592,0.055345,0,0,1,0.4200,罗湖区,21,21,0,0,0,0,1
2023-03-21,589179428,20190000000000000003,900200000000000038,1,82.438,379.267,31252.667,2023-03-21 16:30:00.000,L2FT01-FTJ023,24.33,0.000,0.666012,16605,0.435592,0.055345,0,0,1,0.4200,罗湖区,21,21,0,0,0,0,1
2023-03-21,589179428,20190000000000000003,900200000000000030,1,105.725,474.547,50176.000,2023-03-21 16:45:00.000,L2FT01-FTJ023,24.33,0.000,0.666012,16605,0.435592,0.055345,0,0,1,0.4200,罗湖区,21,21,0,0,0,0,1
2023-03-21,589179428,20190000000000000003,900200000000000038,1,33.550,385.207,12921.333,2023-03-21 16:45:00.000,L2FT01-FTJ023,24.33,0.000,0.666012,16605,0.435592,0.055345,0,0,1,0.4200,罗湖区,21,21,0,0,0,0,1
2023-03-21,589179428,20190000000000000003,900200000000000030,1,88.590,474.340,42022.000,2023-03-21 17:00:00.000,L2FT01-FTJ023,24.03,0.000,0.666012,16605,0.435592,0.055345,0,0,1,0.4200,罗湖区,21,21,0,0,0,0,1
2023-03-21,589179428,20190000000000000003,900200000000000038,1,24.030,386.700,9290.000,2023-03-21 17:00:00.000,L2FT01-FTJ023,24.03,0.000,0.666012,16605,0.435592,0.055345,0,0,1,0.4200,罗湖区,21,21,0,0,0,0,1
2023-03-21,589179428,20190000000000000003,900200000000000042,0,0.000,193.700,0.000,2023-03-21 17:00:00.000,L2FT01-FTJ023,24.03,0.000,0.666012,16605,0.435592,0.055345,0,0,1,0.4200,罗湖区,21,21,0,0,0,0,1
2023-03-21,589179428,20190000000000000003,900200000000000048,1,113.089,466.438,53613.077,2023-03-21 17:15:00.000,L2FT01-FTJ023,24.03,0.000,0.666012,16605,0.435592,0.055345,0,0,1,0.4200,罗湖区,21,21,0,0,0,0,1
2023-03-21,589179428,20190000000000000003,900200000000000048,1,129.897,475.873,61813.333,2023-03-21 17:30:00.000,L2FT01-FTJ023,24.03,0.000,0.666012,16605,0.435592,0.055345,0,0,1,0.4200,罗湖区,21,21,0,0,0,0,1
2023-03-21,589179428,20190000000000000003,900200000000000057,1,199.856,315.786,63105.714,2023-03-21 17:45:00.000,L2FT01-FTJ023,24.03,0.000,0.666012,16605,0.435592,0.055345,0,0,1,0.4200,罗湖区,21,21,0,0,0,0,1
2023-03-21,589179428,20190000000000000003,900200000000000048,1,109.664,475.527,52157.273,2023-03-21 17:45:00.000,L2FT01-FTJ023,24.03,0.000,0.666012,16605,0.435592,0.055345,0,0,1,0.4200,罗湖区,21,21,0,0,0,0,1
2023-03-21,589179428,20190000000000000003,900200000000000043,1,53.570,259.950,16402.500,2023-03-21 18:00:00.000,L2FT01-FTJ023,23.93,0.000,0.666012,16605,0.435592,0.055345,0,0,1,0.4200,罗湖区,21,21,0,0,0,0,1
2023-03-21,589179428,20190000000000000003,900200000000000057,1,186.624,318.887,59415.333,2023-03-21 18:00:00.000,L2FT01-FTJ023,23.93,0.000,0.666012,16605,0.435592,0.055345,0,0,1,0.4200,罗湖区,21,21,0,0,0,0,1
2023-03-21,589179428,20190000000000000003,900200000000000039,1,42.340,353.750,14980.000,2023-03-21 18:15:00.000,L2FT01-FTJ023,23.93,0.000,0.666012,16605,0.435592,0.055345,0,0,1,0.4200,罗湖区,21,21,0,0,0,0,1
2023-03-21,589179428,20190000000000000003,900200000000000057,1,29.790,323.700,9640.000,2023-03-21 18:15:00.000,L2FT01-FTJ023,23.93,0.000,0.666012,16605,0.435592,0.055345,0,0,1,0.4200,罗湖区,21,21,0,0,0,0,1
2023-03-21,589179428,20190000000000000003,900200000000000044,1,70.690,352.700,24935.000,2023-03-21 19:00:00.000,L2FT01-FTJ023,24.03,0.000,0.666012,16605,0.435592,0.055345,0,0,1,0.4200,罗湖区,21,21,0,0,0,0,1
2023-03-21,589179428,20190000000000000003,900200000000000044,1,71.524,357.673,25577.333,2023-03-21 19:15:00.000,L2FT01-FTJ023,24.03,0.000,0.666012,16605,0.435592,0.055345,0,0,1,0.4200,罗湖区,21,21,0,0,0,0,1
2023-03-21,589179428,20190000000000000003,900200000000000039,1,92.454,426.543,39717.143,2023-03-21 19:30:00.000,L2FT01-FTJ023,24.03,0.000,0.666012,16605,0.435592,0.055345,0,0,1,0.4200,罗湖区,21,21,0,0,0,0,1
2023-03-21,589179428,20190000000000000003,900200000000000044,1,68.983,358.413,24720.000,2023-03-21 19:30:00.000,L2FT01-FTJ023,24.03,0.000,0.666012,16605,0.435592,0.055345,0,0,1,0.4200,罗湖区,21,21,0,0,0,0,1
2023-03-21,589179428,20190000000000000003,900200000000000039,1,95.880,429.760,41233.333,2023-03-21 19:45:00.000,L2FT01-FTJ023,24.03,0.000,0.666012,16605,0.435592,0.055345,0,0,1,0.4200,罗湖区,21,21,0,0,0,0,1
2023-03-21,589179428,20190000000000000003,900200000000000044,1,45.492,362.900,16471.667,2023-03-21 19:45:00.000,L2FT01-FTJ023,24.03,0.000,0.666012,16605,0.435592,0.055345,0,0,1,0.4200,罗湖区,21,21,0,0,0,0,1
2023-03-21,589179428,20190000000000000003,900200000000000039,1,54.123,433.575,23399.167,2023-03-21 20:00:00.000,L2FT01-FTJ023,24.33,0.000,0.666012,16605,0.435592,0.055345,0,0,1,0.4200,罗湖区,21,21,0,0,0,0,1
2023-03-21,589179428,20190000000000000003,900200000000000030,1,92.912,354.330,32921.000,2023-03-21 20:15:00.000,L2FT01-FTJ023,24.33,0.000,0.666012,16605,0.435592,0.055345,0,0,1,0.4200,罗湖区,21,21,0,0,0,0,1
2023-03-21,589179428,20190000000000000003,900200000000000030,1,88.810,356.253,31644.000,2023-03-21 20:30:00.000,L2FT01-FTJ023,24.33,0.000,0.666012,16605,0.435592,0.055345,0,0,1,0.4200,罗湖区,21,21,0,0,0,0,1
2023-03-21,589179428,20190000000000000003,900200000000000030,1,60.643,355.573,21560.667,2023-03-21 20:45:00.000,L2FT01-FTJ023,24.33,0.000,0.666012,16605,0.435592,0.055345,0,0,1,0.4200,罗湖区,21,21,0,0,0,0,1
2023-03-21,589179428,20190000000000000003,900200000000000030,1,45.645,355.650,16230.000,2023-03-21 21:00:00.000,L2FT01-FTJ023,24.81,0.000,0.666012,16605,0.435592,0.055345,0,0,1,0.4200,罗湖区,21,21,0,0,0,0,1
2023-03-21,589179428,20190000000000000003,900200000000000057,1,79.825,390.850,31322.500,2023-03-21 21:00:00.000,L2FT01-FTJ023,24.81,0.000,0.666012,16605,0.435592,0.055345,0,0,1,0.4200,罗湖区,21,21,0,0,0,0,1
2023-03-21,589179428,20190000000000000003,900200000000000057,1,84.241,402.560,33853.333,2023-03-21 21:15:00.000,L2FT01-FTJ023,24.81,0.000,0.666012,16605,0.435592,0.055345,0,0,1,0.4200,罗湖区,21,21,0,0,0,0,1
2023-03-21,589179428,20190000000000000003,900200000000000057,1,44.330,410.413,18192.667,2023-03-21 21:30:00.000,L2FT01-FTJ023,24.81,0.000,0.666012,16605,0.435592,0.055345,0,0,1,0.4200,罗湖区,21,21,0,0,0,0,1
2023-03-21,589179428,20190000000000000003,900200000000000057,1,16.770,413.907,6942.667,2023-03-21 21:45:00.000,L2FT01-FTJ023,24.81,0.000,0.666012,16605,0.435592,0.055345,0,0,1,0.4200,罗湖区,21,21,0,0,0,0,1
2023-03-21,589179428,20190000000000000003,900200000000000047,1,42.395,352.250,14910.000,2023-03-21 22:00:00.000,L2FT01-FTJ023,25.43,0.000,0.666012,16605,0.435592,0.055345,0,0,1,0.4200,罗湖区,21,21,0,0,0,0,1
2023-03-21,589179428,20190000000000000003,900200000000000057,1,14.840,415.300,6160.000,2023-03-21 22:00:00.000,L2FT01-FTJ023,25.43,0.000,0.666012,16605,0.435592,0.055345,0,0,1,0.4200,罗湖区,21,21,0,0,0,0,1
2023-03-21,589179428,20190000000000000003,900200000000000047,1,116.343,355.900,41412.000,2023-03-21 22:15:00.000,L2FT01-FTJ023,25.43,0.000,0.666012,16605,0.435592,0.055345,0,0,1,0.4200,罗湖区,21,21,0,0,0,0,1
2023-03-21,589179428,20190000000000000003,900200000000000047,1,91.359,360.314,32891.429,2023-03-21 22:30:00.000,L2FT01-FTJ023,25.43,0.000,0.666012,16605,0.435592,0.055345,0,0,1,0.4200,罗湖区,21,21,0,0,0,0,1
2023-03-22,589179428,20190000000000000003,900200000000000032,1,71.144,307.062,21843.750,2023-03-22 00:00:00.000,L2FT01-FTJ023,26.93,0.000,0.666012,16605,0.435592,0.055345,0,0,1,0.4200,罗湖区,21,21,0,0,0,0,1
2023-03-22,589179428,20190000000000000003,900200000000000038,1,164.158,312.480,51292.000,2023-03-22 00:00:00.000,L2FT01-FTJ023,26.93,0.000,0.666012,16605,0.435592,0.055345,0,0,1,0.4200,罗湖区,21,21,0,0,0,0,1
2023-03-22,589179428,20190000000000000003,900200000000000032,1,71.500,308.247,22035.333,2023-03-22 00:15:00.000,L2FT01-FTJ023,26.93,0.000,0.666012,16605,0.435592,0.055345,0,0,1,0.4200,罗湖区,21,21,0,0,0,0,1
2023-03-22,589179428,20190000000000000003,900200000000000038,1,164.984,314.927,51954.000,2023-03-22 00:15:00.000,L2FT01-FTJ023,26.93,0.000,0.666012,16605,0.435592,0.055345,0,0,1,0.4200,罗湖区,21,21,0,0,0,0,1
2023-03-22,589179428,20190000000000000003,900200000000000038,1,164.738,317.033,52222.667,2023-03-22 00:30:00.000,L2FT01-FTJ023,26.93,0.000,0.666012,16605,0.435592,0.055345,0,0,1,0.4200,罗湖区,21,21,0,0,0,0,1
2023-03-22,589179428,20190000000000000003,900200000000000032,1,71.578,308.493,22078.667,2023-03-22 00:30:00.000,L2FT01-FTJ023,26.93,0.000,0.666012,16605,0.435592,0.055345,0,0,1,0.4200,罗湖区,21,21,0,0,0,0,1
2023-03-22,589179428,20190000000000000003,900200000000000032,1,71.578,308.947,22112.000,2023-03-22 00:45:00.000,L2FT01-FTJ023,26.93,0.000,0.666012,16605,0.435592,0.055345,0,0,1,0.4200,罗湖区,21,21,0,0,0,0,1
2023-03-22,589179428,20190000000000000003,900200000000000038,1,66.998,322.900,21503.846,2023-03-22 00:45:00.000,L2FT01-FTJ023,26.93,0.000,0.666012,16605,0.435592,0.055345,0,0,1,0.4200,罗湖区,21,21,0,0,0,0,1
2023-03-22,589179428,20190000000000000003,900200000000000032,1,71.378,310.033,22128.000,2023-03-22 01:00:00.000,L2FT01-FTJ023,27.70,0.000,0.666012,16605,0.435592,0.055345,0,0,1,0.4200,罗湖区,21,21,0,0,0,0,1
2023-03-22,589179428,20190000000000000003,900200000000000032,1,71.236,311.393,22178.000,2023-03-22 01:15:00.000,L2FT01-FTJ023,27.70,0.000,0.666012,16605,0.435592,0.055345,0,0,1,0.4200,罗湖区,21,21,0,0,0,0,1
2023-03-22,589179428,20190000000000000003,900200000000000032,1,71.590,311.960,22330.667,2023-03-22 01:30:00.000,L2FT01-FTJ023,27.70,0.000,0.666012,16605,0.435592,0.055345,0,0,1,0.4200,罗湖区,21,21,0,0,0,0,1
2023-03-22,589179428,20190000000000000003,900200000000000032,1,70.318,312.207,21949.333,2023-03-22 01:45:00.000,L2FT01-FTJ023,27.70,0.000,0.666012,16605,0.435592,0.055345,0,0,1,0.4200,罗湖区,21,21,0,0,0,0,1
2023-03-22,589179428,20190000000000000003,900200000000000032,1,70.417,312.673,22014.667,2023-03-22 02:00:00.000,L2FT01-FTJ023,28.43,0.000,0.666012,16605,0.435592,0.055345,0,0,1,0.4200,罗湖区,21,21,0,0,0,0,1
2023-03-22,589179428,20190000000000000003,900200000000000032,1,68.940,313.160,21586.000,2023-03-22 02:15:00.000,L2FT01-FTJ023,28.43,0.000,0.666012,16605,0.435592,0.055345,0,0,1,0.4200,罗湖区,21,21,0,0,0,0,1
2023-03-22,589179428,20190000000000000003,900200000000000056,1,98.596,462.429,46747.143,2023-03-22 02:15:00.000,L2FT01-FTJ023,28.43,0.000,0.666012,16605,0.435592,0.055345,0,0,1,0.4200,罗湖区,21,21,0,0,0,0,1
2023-03-22,589179428,20190000000000000003,900200000000000032,1,69.745,314.113,21906.667,2023-03-22 02:30:00.000,L2FT01-FTJ023,28.43,0.000,0.666012,16605,0.435592,0.055345,0,0,1,0.4200,罗湖区,21,21,0,0,0,0,1
2023-03-22,589179428,20190000000000000003,900200000000000056,1,130.054,477.193,62058.667,2023-03-22 02:30:00.000,L2FT01-FTJ023,28.43,0.000,0.666012,16605,0.435592,0.055345,0,0,1,0.4200,罗湖区,21,21,0,0,0,0,1
2023-03-22,589179428,20190000000000000003,900200000000000056,1,129.913,477.393,62017.333,2023-03-22 02:45:00.000,L2FT01-FTJ023,28.43,0.000,0.666012,16605,0.435592,0.055345,0,0,1,0.4200,罗湖区,21,21,0,0,0,0,1
2023-03-22,589179428,20190000000000000003,900200000000000032,1,56.397,319.821,17962.143,2023-03-22 02:45:00.000,L2FT01-FTJ023,28.43,0.000,0.666012,16605,0.435592,0.055345,0,0,1,0.4200,罗湖区,21,21,0,0,0,0,1
2023-03-22,589179428,20190000000000000003,900200000000000056,1,129.963,477.587,62066.000,2023-03-22 03:00:00.000,L2FT01-FTJ023,29.05,0.000,0.666012,16605,0.435592,0.055345,0,0,1,0.4200,罗湖区,21,21,0,0,0,0,1
2023-03-22,589179428,20190000000000000003,900200000000000056,1,77.365,477.040,36918.000,2023-03-22 03:15:00.000,L2FT01-FTJ023,29.05,0.000,0.666012,16605,0.435592,0.055345,0,0,1,0.4200,罗湖区,21,21,0,0,0,0,1
2023-03-22,589179428,20190000000000000003,900200000000000037,0,0.000,252.000,0.000,2023-03-22 03:15:00.000,L2FT01-FTJ023,29.05,0.000,0.666012,16605,0.435592,0.055345,0,0,1,0.4200,罗湖区,21,21,0,0,0,0,1
2023-03-22,589179428,20190000000000000003,900200000000000037,1,67.989,371.127,25228.667,2023-03-22 03:30:00.000,L2FT01-FTJ023,29.05,0.000,0.666012,16605,0.435592,0.055345,0,0,1,0.4200,罗湖区,21,21,0,0,0,0,1
2023-03-22,589179428,20190000000000000003,900200000000000056,1,28.540,476.475,13597.500,2023-03-22 03:30:00.000,L2FT01-FTJ023,29.05,0.000,0.666012,16605,0.435592,0.055345,0,0,1,0.4200,罗湖区,21,21,0,0,0,0,1
2023-03-22,589179428,20190000000000000003,900200000000000037,1,68.300,373.940,25534.667,2023-03-22 03:45:00.000,L2FT01-FTJ023,29.05,0.000,0.666012,16605,0.435592,0.055345,0,0,1,0.4200,罗湖区,21,21,0,0,0,0,1
2023-03-22,589179428,20190000000000000003,900200000000000037,1,66.267,374.253,24797.333,2023-03-22 04:00:00.000,L2FT01-FTJ023,29.53,0.000,0.666012,16605,0.435592,0.055345,0,0,1,0.4200,罗湖区,21,21,0,0,0,0,1
2023-03-22,589179428,20190000000000000003,900200000000000034,1,105.300,302.200,31820.000,2023-03-22 04:15:00.000,L2FT01-FTJ023,29.53,0.000,0.666012,16605,0.435592,0.055345,0,0,1,0.4200,罗湖区,21,21,0,0,0,0,1
2023-03-22,589179428,20190000000000000003,900200000000000037,1,67.712,375.927,25454.000,2023-03-22 04:15:00.000,L2FT01-FTJ023,29.53,0.000,0.666012,16605,0.435592,0.055345,0,0,1,0.4200,罗湖区,21,21,0,0,0,0,1
2023-03-22,589179428,20190000000000000003,900200000000000034,1,134.869,309.440,41730.000,2023-03-22 04:30:00.000,L2FT01-FTJ023,29.53,0.000,0.666012,16605,0.435592,0.055345,0,0,1,0.4200,罗湖区,21,21,0,0,0,0,1
2023-03-22,589179428,20190000000000000003,900200000000000037,1,70.884,377.660,26769.333,2023-03-22 04:30:00.000,L2FT01-FTJ023,29.53,0.000,0.666012,16605,0.435592,0.055345,0,0,1,0.4200,罗湖区,21,21,0,0,0,0,1
2023-03-22,589179428,20190000000000000003,900200000000000034,1,134.912,310.553,41894.667,2023-03-22 04:45:00.000,L2FT01-FTJ023,29.53,0.000,0.666012,16605,0.435592,0.055345,0,0,1,0.4200,罗湖区,21,21,0,0,0,0,1
2023-03-22,589179428,20190000000000000003,900200000000000037,1,70.705,380.120,26874.667,2023-03-22 04:45:00.000,L2FT01-FTJ023,29.53,0.000,0.666012,16605,0.435592,0.055345,0,0,1,0.4200,罗湖区,21,21,0,0,0,0,1
2023-03-22,589179428,20190000000000000003,900200000000000034,1,129.823,311.967,40496.000,2023-03-22 05:00:00.000,L2FT01-FTJ023,29.83,0.000,0.666012,16605,0.435592,0.055345,0,0,1,0.4200,罗湖区,21,21,0,0,0,0,1
2023-03-22,589179428,20190000000000000003,900200000000000037,1,53.477,384.413,20571.333,2023-03-22 05:00:00.000,L2FT01-FTJ023,29.83,0.000,0.666012,16605,0.435592,0.055345,0,0,1,0.4200,罗湖区,21,21,0,0,0,0,1
2023-03-22,589179428,20190000000000000003,900200000000000034,1,129.824,313.267,40665.333,2023-03-22 05:15:00.000,L2FT01-FTJ023,29.83,0.000,0.666012,16605,0.435592,0.055345,0,0,1,0.4200,罗湖区,21,21,0,0,0,0,1
2023-03-22,589179428,20190000000000000003,900200000000000037,1,19.790,388.300,7686.667,2023-03-22 05:15:00.000,L2FT01-FTJ023,29.83,0.000,0.666012,16605,0.435592,0.055345,0,0,1,0.4200,罗湖区,21,21,0,0,0,0,1
2023-03-22,589179428,20190000000000000003,900200000000000034,1,129.800,314.253,40785.333,2023-03-22 05:30:00.000,L2FT01-FTJ023,29.83,0.000,0.666012,16605,0.435592,0.055345,0,0,1,0.4200,罗湖区,21,21,0,0,0,0,1
2023-03-22,589179428,20190000000000000003,900200000000000034,1,107.835,316.233,34092.667,2023-03-22 05:45:00.000,L2FT01-FTJ023,29.83,0.000,0.666012,16605,0.435592,0.055345,0,0,1,0.4200,罗湖区,21,21,0,0,0,0,1
2023-03-22,589179428,20190000000000000003,900200000000000034,1,44.840,326.900,14600.000,2023-03-22 06:00:00.000,L2FT01-FTJ023,29.93,0.000,0.666012,16605,0.435592,0.055345,0,0,1,0.4200,罗湖区,21,21,0,0,0,0,1
2023-03-22,589179428,20190000000000000003,900200000000000037,1,79.357,350.567,27820.000,2023-03-22 07:00:00.000,L2FT01-FTJ023,29.83,0.000,0.666012,16605,0.435592,0.055345,0,0,1,0.4200,罗湖区,21,21,0,0,0,0,1
2023-03-22,589179428,20190000000000000003,900200000000000037,1,74.017,354.007,26205.333,2023-03-22 07:15:00.000,L2FT01-FTJ023,29.83,0.000,0.666012,16605,0.435592,0.055345,0,0,1,0.4200,罗湖区,21,21,0,0,0,0,1
2023-03-22,589179428,20190000000000000003,900200000000000042,1,60.355,262.875,17102.500,2023-03-22 07:15:00.000,L2FT01-FTJ023,29.83,0.000,0.666012,16605,0.435592,0.055345,0,0,1,0.4200,罗湖区,21,21,0,0,0,0,1
2023-03-22,589179428,20190000000000000003,900200000000000037,1,47.323,352.207,16709.333,2023-03-22 07:30:00.000,L2FT01-FTJ023,29.83,0.000,0.666012,16605,0.435592,0.055345,0,0,1,0.4200,罗湖区,21,21,0,0,0,0,1
2023-03-22,589179428,20190000000000000003,900200000000000042,1,69.492,288.887,20073.333,2023-03-22 07:30:00.000,L2FT01-FTJ023,29.83,0.000,0.666012,16605,0.435592,0.055345,0,0,1,0.4200,罗湖区,21,21,0,0,0,0,1
2023-03-22,589179428,20190000000000000003,900200000000000030,1,117.874,387.936,45732.857,2023-03-22 07:45:00.000,L2FT01-FTJ023,29.83,0.000,0.666012,16605,0.435592,0.055345,0,0,1,0.4200,罗湖区,21,21,0,0,0,0,1
2023-03-22,589179428,20190000000000000003,900200000000000037,1,24.790,349.675,8666.250,2023-03-22 07:45:00.000,L2FT01-FTJ023,29.83,0.000,0.666012,16605,0.435592,0.055345,0,0,1,0.4200,罗湖区,21,21,0,0,0,0,1
2023-03-22,589179428,20190000000000000003,900200000000000042,1,70.231,295.967,20784.000,2023-03-22 07:45:00.000,L2FT01-FTJ023,29.83,0.000,0.666012,16605,0.435592,0.055345,0,0,1,0.4200,罗湖区,21,21,0,0,0,0,1
2023-03-22,589179428,20190000000000000003,900200000000000052,1,78.545,361.725,28410.000,2023-03-22 07:45:00.000,L2FT01-FTJ023,29.83,0.000,0.666012,16605,0.435592,0.055345,0,0,1,0.4200,罗湖区,21,21,0,0,0,0,1
2023-03-22,589179428,20190000000000000003,900200000000000042,1,71.284,308.947,22022.000,2023-03-22 08:00:00.000,L2FT01-FTJ023,29.53,0.000,0.666012,16605,0.435592,0.055345,0,0,1,0.4200,罗湖区,21,21,0,0,0,0,1
2023-03-22,589179428,20190000000000000003,900200000000000052,1,78.518,363.000,28498.000,2023-03-22 08:00:00.000,L2FT01-FTJ023,29.53,0.000,0.666012,16605,0.435592,0.055345,0,0,1,0.4200,罗湖区,21,21,0,0,0,0,1
2023-03-22,589179428,20190000000000000003,900200000000000030,1,75.546,392.438,29648.750,2023-03-22 08:00:00.000,L2FT01-FTJ023,29.53,0.000,0.666012,16605,0.435592,0.055345,0,0,1,0.4200,罗湖区,21,21,0,0,0,0,1
2023-03-22,589179428,20190000000000000003,900200000000000052,1,78.548,365.200,28682.000,2023-03-22 08:15:00.000,L2FT01-FTJ023,29.53,0.000,0.666012,16605,0.435592,0.055345,0,0,1,0.4200,罗湖区,21,21,0,0,0,0,1
2023-03-22,589179428,20190000000000000003,900200000000000042,1,59.991,323.329,19361.429,2023-03-22 08:15:00.000,L2FT01-FTJ023,29.53,0.000,0.666012,16605,0.435592,0.055345,0,0,1,0.4200,罗湖区,21,21,0,0,0,0,1
2023-03-22,589179428,20190000000000000003,900200000000000042,1,95.441,329.547,31450.000,2023-03-22 08:30:00.000,L2FT01-FTJ023,29.53,0.000,0.666012,16605,0.435592,0.055345,0,0,1,0.4200,罗湖区,21,21,0,0,0,0,1
2023-03-22,589179428,20190000000000000003,900200000000000052,1,57.377,365.900,21088.667,2023-03-22 08:30:00.000,L2FT01-FTJ023,29.53,0.000,0.666012,16605,0.435592,0.055345,0,0,1,0.4200,罗湖区,21,21,0,0,0,0,1
2023-03-22,589179428,20190000000000000003,900200000000000042,1,81.565,330.280,26943.333,2023-03-22 08:45:00.000,L2FT01-FTJ023,29.53,0.000,0.666012,16605,0.435592,0.055345,0,0,1,0.4200,罗湖区,21,21,0,0,0,0,1
2023-03-22,589179428,20190000000000000003,900200000000000052,1,19.748,363.089,7164.444,2023-03-22 08:45:00.000,L2FT01-FTJ023,29.53,0.000,0.666012,16605,0.435592,0.055345,0,0,1,0.4200,罗湖区,21,21,0,0,0,0,1
2023-03-22,589179428,20190000000000000003,900200000000000042,1,40.198,329.700,13245.000,2023-03-22 09:00:00.000,L2FT01-FTJ023,29.05,0.000,0.666012,16605,0.435592,0.055345,0,0,1,0.4200,罗湖区,21,21,0,0,0,0,1
2023-03-22,589179428,20190000000000000003,900200000000000045,1,150.100,301.500,45250.000,2023-03-22 10:15:00.000,L2FT01-FTJ023,28.43,0.000,0.666012,16605,0.435592,0.055345,0,0,1,0.4200,罗湖区,21,21,0,0,0,0,1
2023-03-22,589179428,20190000000000000003,900200000000000034,1,40.918,345.100,14300.000,2023-03-22 10:45:00.000,L2FT01-FTJ023,28.43,0.000,0.666012,16605,0.435592,0.055345,0,0,1,0.4200,罗湖区,21,21,0,0,0,0,1
2023-03-22,589179428,20190000000000000003,900200000000000040,1,40.381,406.790,16491.000,2023-03-22 10:45:00.000,L2FT01-FTJ023,28.43,0.000,0.666012,16605,0.435592,0.055345,0,0,1,0.4200,罗湖区,21,21,0,0,0,0,1
2023-03-22,589179428,20190000000000000003,900200000000000040,1,44.890,409.747,18392.667,2023-03-22 11:00:00.000,L2FT01-FTJ023,27.70,0.000,0.666012,16605,0.435592,0.055345,0,0,1,0.4200,罗湖区,21,21,0,0,0,0,1
2023-03-22,589179428,20190000000000000003,900200000000000040,1,44.850,412.500,18499.333,2023-03-22 11:15:00.000,L2FT01-FTJ023,27.70,0.000,0.666012,16605,0.435592,0.055345,0,0,1,0.4200,罗湖区,21,21,0,0,0,0,1
2023-03-22,589179428,20190000000000000003,900200000000000040,1,29.912,411.427,12318.667,2023-03-22 11:30:00.000,L2FT01-FTJ023,27.70,0.000,0.666012,16605,0.435592,0.055345,0,0,1,0.4200,罗湖区,21,21,0,0,0,0,1
2023-03-22,589179428,20190000000000000003,900200000000000040,1,14.330,411.292,5890.000,2023-03-22 11:45:00.000,L2FT01-FTJ023,27.70,0.000,0.666012,16605,0.435592,0.055345,0,0,1,0.4200,罗湖区,21,21,0,0,0,0,1
2023-03-22,589179428,20190000000000000003,900200000000000044,1,124.851,493.607,61626.429,2023-03-22 12:00:00.000,L2FT01-FTJ023,26.93,0.000,0.666012,16605,0.435592,0.055345,0,0,1,0.4200,罗湖区,21,21,0,0,0,0,1
2023-03-22,589179428,20190000000000000003,900200000000000044,1,67.683,502.833,34005.000,2023-03-22 12:15:00.000,L2FT01-FTJ023,26.93,0.000,0.666012,16605,0.435592,0.055345,0,0,1,0.4200,罗湖区,21,21,0,0,0,0,1
2023-03-22,589179428,20190000000000000003,900200000000000057,1,88.410,394.153,34784.000,2023-03-22 12:30:00.000,L2FT01-FTJ023,26.93,0.000,0.666012,16605,0.435592,0.055345,0,0,1,0.4200,罗湖区,21,21,0,0,0,0,1
2023-03-22,589179428,20190000000000000003,900200000000000057,1,64.000,406.027,25982.667,2023-03-22 12:45:00.000,L2FT01-FTJ023,26.93,0.000,0.666012,16605,0.435592,0.055345,0,0,1,0.4200,罗湖区,21,21,0,0,0,0,1
2023-03-22,589179428,20190000000000000003,900200000000000039,1,106.575,406.363,45641.250,2023-03-22 13:00:00.000,L2FT01-FTJ023,26.15,0.000,0.666012,16605,0.435592,0.055345,0,0,1,0.4200,罗湖区,21,21,0,0,0,0,1
2023-03-22,589179428,20190000000000000003,900200000000000057,1,19.597,410.680,8062.000,2023-03-22 13:00:00.000,L2FT01-FTJ023,26.15,0.000,0.666012,16605,0.435592,0.055345,0,0,1,0.4200,罗湖区,21,21,0,0,0,0,1
2023-03-22,589179428,20190000000000000003,900200000000000039,1,87.249,427.053,37314.000,2023-03-22 13:15:00.000,L2FT01-FTJ023,26.15,0.000,0.666012,16605,0.435592,0.055345,0,0,1,0.4200,罗湖区,21,21,0,0,0,0,1
2023-03-22,589179428,20190000000000000003,900200000000000057,1,12.941,412.033,5329.333,2023-03-22 13:15:00.000,L2FT01-FTJ023,26.15,0.000,0.666012,16605,0.435592,0.055345,0,0,1,0.4200,罗湖区,21,21,0,0,0,0,1
2023-03-22,589179428,20190000000000000003,900200000000000039,1,57.790,428.514,24765.714,2023-03-22 13:30:00.000,L2FT01-FTJ023,26.15,0.000,0.666012,16605,0.435592,0.055345,0,0,1,0.4200,罗湖区,21,21,0,0,0,0,1
2023-03-22,589179428,20190000000000000003,900200000000000044,1,149.893,315.150,47236.667,2023-03-22 13:30:00.000,L2FT01-FTJ023,26.15,0.000,0.666012,16605,0.435592,0.055345,0,0,1,0.4200,罗湖区,21,21,0,0,0,0,1
2023-03-22,589179428,20190000000000000003,900200000000000045,1,105.027,474.140,49985.000,2023-03-22 13:30:00.000,L2FT01-FTJ023,26.15,0.000,0.666012,16605,0.435592,0.055345,0,0,1,0.4200,罗湖区,21,21,0,0,0,0,1
2023-03-22,589179428,20190000000000000003,900200000000000057,1,12.923,413.840,5346.000,2023-03-22 13:30:00.000,L2FT01-FTJ023,26.15,0.000,0.666012,16605,0.435592,0.055345,0,0,1,0.4200,罗湖区,21,21,0,0,0,0,1
2023-03-22,589179428,20190000000000000003,900200000000000044,1,149.944,315.353,47283.333,2023-03-22 13:45:00.000,L2FT01-FTJ023,26.15,0.000,0.666012,16605,0.435592,0.055345,0,0,1,0.4200,罗湖区,21,21,0,0,0,0,1
2023-03-22,589179428,20190000000000000003,900200000000000045,1,111.538,476.813,53186.667,2023-03-22 13:45:00.000,L2FT01-FTJ023,26.15,0.000,0.666012,16605,0.435592,0.055345,0,0,1,0.4200,罗湖区,21,21,0,0,0,0,1
2023-03-22,589179428,20190000000000000003,900200000000000044,1,126.890,320.154,40419.231,2023-03-22 14:00:00.000,L2FT01-FTJ023,25.43,0.000,0.666012,16605,0.435592,0.055345,0,0,1,0.4200,罗湖区,21,21,0,0,0,0,1
2023-03-22,589179428,20190000000000000003,900200000000000045,1,77.716,476.283,37024.167,2023-03-22 14:00:00.000,L2FT01-FTJ023,25.43,0.000,0.666012,16605,0.435592,0.055345,0,0,1,0.4200,罗湖区,21,21,0,0,0,0,1
2023-03-22,589179428,20190000000000000003,900200000000000057,1,97.373,307.075,30120.000,2023-03-22 15:45:00.000,L2FT01-FTJ023,24.81,0.000,0.666012,16605,0.435592,0.055345,0,0,1,0.4200,罗湖区,21,21,0,0,0,0,1
2023-03-22,589179428,20190000000000000003,900200000000000057,1,130.008,310.760,40397.333,2023-03-22 16:00:00.000,L2FT01-FTJ023,24.33,0.000,0.666012,16605,0.435592,0.055345,0,0,1,0.4200,罗湖区,21,21,0,0,0,0,1
2023-03-22,589179428,20190000000000000003,900200000000000031,0,0.000,243.300,0.000,2023-03-22 16:15:00.000,L2FT01-FTJ023,24.33,0.000,0.666012,16605,0.435592,0.055345,0,0,1,0.4200,罗湖区,21,21,0,0,0,0,1
2023-03-22,589179428,20190000000000000003,900200000000000057,1,129.919,311.833,40509.333,2023-03-22 16:15:00.000,L2FT01-FTJ023,24.33,0.000,0.666012,16605,0.435592,0.055345,0,0,1,0.4200,罗湖区,21,21,0,0,0,0,1
2023-03-22,589179428,20190000000000000003,900200000000000057,1,129.800,314.027,40755.333,2023-03-22 16:30:00.000,L2FT01-FTJ023,24.33,0.000,0.666012,16605,0.435592,0.055345,0,0,1,0.4200,罗湖区,21,21,0,0,0,0,1
2023-03-22,589179428,20190000000000000003,900200000000000057,1,129.878,316.120,41055.333,2023-03-22 16:45:00.000,L2FT01-FTJ023,24.33,0.000,0.666012,16605,0.435592,0.055345,0,0,1,0.4200,罗湖区,21,21,0,0,0,0,1
2023-03-22,589179428,20190000000000000003,900200000000000057,1,99.845,318.700,31815.000,2023-03-22 17:00:00.000,L2FT01-FTJ023,24.03,0.000,0.666012,16605,0.435592,0.055345,0,0,1,0.4200,罗湖区,21,21,0,0,0,0,1
2023-03-22,589179428,20190000000000000003,900200000000000032,1,71.575,336.327,24070.667,2023-03-22 17:15:00.000,L2FT01-FTJ023,24.03,0.000,0.666012,16605,0.435592,0.055345,0,0,1,0.4200,罗湖区,21,21,0,0,0,0,1
2023-03-22,589179428,20190000000000000003,900200000000000032,1,71.500,349.713,24999.333,2023-03-22 17:30:00.000,L2FT01-FTJ023,24.03,0.000,0.666012,16605,0.435592,0.055345,0,0,1,0.4200,罗湖区,21,21,0,0,0,0,1
2023-03-22,589179428,20190000000000000003,900200000000000039,1,177.987,312.760,55613.000,2023-03-22 17:30:00.000,L2FT01-FTJ023,24.03,0.000,0.666012,16605,0.435592,0.055345,0,0,1,0.4200,罗湖区,21,21,0,0,0,0,1
2023-03-22,589179428,20190000000000000003,900200000000000056,1,45.008,406.645,18298.182,2023-03-22 17:30:00.000,L2FT01-FTJ023,24.03,0.000,0.666012,16605,0.435592,0.055345,0,0,1,0.4200,罗湖区,21,21,0,0,0,0,1
2023-03-22,589179428,20190000000000000003,900200000000000030,1,118.900,309.729,36875.714,2023-03-22 17:45:00.000,L2FT01-FTJ023,24.03,0.000,0.666012,16605,0.435592,0.055345,0,0,1,0.4200,罗湖区,21,21,0,0,0,0,1
2023-03-22,589179428,20190000000000000003,900200000000000032,1,59.424,362.579,21512.857,2023-03-22 17:45:00.000,L2FT01-FTJ023,24.03,0.000,0.666012,16605,0.435592,0.055345,0,0,1,0.4200,罗湖区,21,21,0,0,0,0,1
2023-03-22,589179428,20190000000000000003,900200000000000038,1,59.460,289.333,18325.000,2023-03-22 17:45:00.000,L2FT01-FTJ023,24.03,0.000,0.666012,16605,0.435592,0.055345,0,0,1,0.4200,罗湖区,21,21,0,0,0,0,1
2023-03-22,589179428,20190000000000000003,900200000000000039,1,83.036,308.347,25867.333,2023-03-22 17:45:00.000,L2FT01-FTJ023,24.03,0.000,0.666012,16605,0.435592,0.055345,0,0,1,0.4200,罗湖区,21,21,0,0,0,0,1
2023-03-22,589179428,20190000000000000003,900200000000000056,1,45.000,409.067,18403.333,2023-03-22 17:45:00.000,L2FT01-FTJ023,24.03,0.000,0.666012,16605,0.435592,0.055345,0,0,1,0.4200,罗湖区,21,21,0,0,0,0,1
2023-03-22,589179428,20190000000000000003,900200000000000056,1,45.000,412.467,18555.333,2023-03-22 18:00:00.000,L2FT01-FTJ023,23.93,0.000,0.666012,16605,0.435592,0.055345,0,0,1,0.4200,罗湖区,21,21,0,0,0,0,1
2023-03-22,589179428,20190000000000000003,900200000000000039,1,56.897,307.967,17683.333,2023-03-22 18:00:00.000,L2FT01-FTJ023,23.93,0.000,0.666012,16605,0.435592,0.055345,0,0,1,0.4200,罗湖区,21,21,0,0,0,0,1
2023-03-22,589179428,20190000000000000003,900200000000000030,1,129.800,311.233,40392.667,2023-03-22 18:00:00.000,L2FT01-FTJ023,23.93,0.000,0.666012,16605,0.435592,0.055345,0,0,1,0.4200,罗湖区,21,21,0,0,0,0,1
2023-03-22,589179428,20190000000000000003,900200000000000032,1,61.379,335.157,21914.286,2023-03-22 18:00:00.000,L2FT01-FTJ023,23.93,0.000,0.666012,16605,0.435592,0.055345,0,0,1,0.4200,罗湖区,21,21,0,0,0,0,1
2023-03-22,589179428,20190000000000000003,900200000000000038,1,71.261,309.757,22071.429,2023-03-22 18:00:00.000,L2FT01-FTJ023,23.93,0.000,0.666012,16605,0.435592,0.055345,0,0,1,0.4200,罗湖区,21,21,0,0,0,0,1
2023-03-22,589179428,20190000000000000003,900200000000000030,1,129.743,313.727,40700.000,2023-03-22 18:15:00.000,L2FT01-FTJ023,23.93,0.000,0.666012,16605,0.435592,0.055345,0,0,1,0.4200,罗湖区,21,21,0,0,0,0,1
2023-03-22,589179428,20190000000000000003,900200000000000032,1,71.500,363.847,26011.333,2023-03-22 18:15:00.000,L2FT01-FTJ023,23.93,0.000,0.666012,16605,0.435592,0.055345,0,0,1,0.4200,罗湖区,21,21,0,0,0,0,1
2023-03-22,589179428,20190000000000000003,900200000000000038,1,35.695,307.250,11055.000,2023-03-22 18:15:00.000,L2FT01-FTJ023,23.93,0.000,0.666012,16605,0.435592,0.055345,0,0,1,0.4200,罗湖区,21,21,0,0,0,0,1
2023-03-22,589179428,20190000000000000003,900200000000000042,1,37.693,409.200,15472.500,2023-03-22 18:15:00.000,L2FT01-FTJ023,23.93,0.000,0.666012,16605,0.435592,0.055345,0,0,1,0.4200,罗湖区,21,21,0,0,0,0,1
2023-03-22,589179428,20190000000000000003,900200000000000056,1,27.746,417.045,11567.273,2023-03-22 18:15:00.000,L2FT01-FTJ023,23.93,0.000,0.666012,16605,0.435592,0.055345,0,0,1,0.4200,罗湖区,21,21,0,0,0,0,1
2023-03-22,589179428,20190000000000000003,900200000000000030,1,129.800,314.600,40830.000,2023-03-22 18:30:00.000,L2FT01-FTJ023,23.93,0.000,0.666012,16605,0.435592,0.055345,0,0,1,0.4200,罗湖区,21,21,0,0,0,0,1
2023-03-22,589179428,20190000000000000003,900200000000000032,1,71.500,378.267,27040.667,2023-03-22 18:30:00.000,L2FT01-FTJ023,23.93,0.000,0.666012,16605,0.435592,0.055345,0,0,1,0.4200,罗湖区,21,21,0,0,0,0,1
2023-03-22,589179428,20190000000000000003,900200000000000034,1,54.895,464.300,25802.500,2023-03-22 18:30:00.000,L2FT01-FTJ023,23.93,0.000,0.666012,16605,0.435592,0.055345,0,0,1,0.4200,罗湖区,21,21,0,0,0,0,1
2023-03-22,589179428,20190000000000000003,900200000000000034,1,129.856,473.113,61433.750,2023-03-22 18:45:00.000,L2FT01-FTJ023,23.93,0.000,0.666012,16605,0.435592,0.055345,0,0,1,0.4200,罗湖区,21,21,0,0,0,0,1
2023-03-22,589179428,20190000000000000003,900200000000000032,1,64.647,394.753,25500.000,2023-03-22 18:45:00.000,L2FT01-FTJ023,23.93,0.000,0.666012,16605,0.435592,0.055345,0,0,1,0.4200,罗湖区,21,21,0,0,0,0,1
2023-03-22,589179428,20190000000000000003,900200000000000032,1,28.740,402.560,11562.000,2023-03-22 19:00:00.000,L2FT01-FTJ023,24.03,0.000,0.666012,16605,0.435592,0.055345,0,0,1,0.4200,罗湖区,21,21,0,0,0,0,1
2023-03-22,589179428,20190000000000000003,900200000000000032,1,19.000,405.140,7693.000,2023-03-22 19:15:00.000,L2FT01-FTJ023,24.03,0.000,0.666012,16605,0.435592,0.055345,0,0,1,0.4200,罗湖区,21,21,0,0,0,0,1
2023-03-22,589179428,20190000000000000003,900200000000000030,1,70.598,378.636,26737.857,2023-03-22 19:30:00.000,L2FT01-FTJ023,24.03,0.000,0.666012,16605,0.435592,0.055345,0,0,1,0.4200,罗湖区,21,21,0,0,0,0,1
2023-03-22,589179428,20190000000000000003,900200000000000044,1,139.904,372.160,52041.000,2023-03-22 19:30:00.000,L2FT01-FTJ023,24.03,0.000,0.666012,16605,0.435592,0.055345,0,0,1,0.4200,罗湖区,21,21,0,0,0,0,1
2023-03-22,589179428,20190000000000000003,900200000000000030,1,70.763,393.440,27835.333,2023-03-22 19:45:00.000,L2FT01-FTJ023,24.03,0.000,0.666012,16605,0.435592,0.055345,0,0,1,0.4200,罗湖区,21,21,0,0,0,0,1
2023-03-22,589179428,20190000000000000003,900200000000000044,1,90.309,386.967,34884.000,2023-03-22 19:45:00.000,L2FT01-FTJ023,24.03,0.000,0.666012,16605,0.435592,0.055345,0,0,1,0.4200,罗湖区,21,21,0,0,0,0,1
2023-03-22,589179428,20190000000000000003,900200000000000030,1,57.857,402.689,23296.667,2023-03-22 20:00:00.000,L2FT01-FTJ023,24.33,0.000,0.666012,16605,0.435592,0.055345,0,0,1,0.4200,罗湖区,21,21,0,0,0,0,1
2023-03-22,589179428,20190000000000000003,900200000000000044,1,21.964,391.943,8608.571,2023-03-22 20:00:00.000,L2FT01-FTJ023,24.33,0.000,0.666012,16605,0.435592,0.055345,0,0,1,0.4200,罗湖区,21,21,0,0,0,0,1
2023-03-22,589179428,20190000000000000003,900200000000000043,1,104.693,348.043,36715.714,2023-03-22 20:15:00.000,L2FT01-FTJ023,24.33,0.000,0.666012,16605,0.435592,0.055345,0,0,1,0.4200,罗湖区,21,21,0,0,0,0,1
2023-03-22,589179428,20190000000000000003,900200000000000043,1,134.476,365.307,49100.000,2023-03-22 20:30:00.000,L2FT01-FTJ023,24.33,0.000,0.666012,16605,0.435592,0.055345,0,0,1,0.4200,罗湖区,21,21,0,0,0,0,1
2023-03-22,589179428,20190000000000000003,900200000000000030,1,71.735,352.627,25293.636,2023-03-22 20:45:00.000,L2FT01-FTJ023,24.33,0.000,0.666012,16605,0.435592,0.055345,0,0,1,0.4200,罗湖区,21,21,0,0,0,0,1
2023-03-22,589179428,20190000000000000003,900200000000000043,1,83.515,379.813,31700.667,2023-03-22 20:45:00.000,L2FT01-FTJ023,24.33,0.000,0.666012,16605,0.435592,0.055345,0,0,1,0.4200,罗湖区,21,21,0,0,0,0,1
2023-03-22,589179428,20190000000000000003,900200000000000030,1,71.690,354.927,25443.333,2023-03-22 21:00:00.000,L2FT01-FTJ023,24.81,0.000,0.666012,16605,0.435592,0.055345,0,0,1,0.4200,罗湖区,21,21,0,0,0,0,1
2023-03-22,589179428,20190000000000000003,900200000000000043,1,34.781,385.593,13409.333,2023-03-22 21:00:00.000,L2FT01-FTJ023,24.81,0.000,0.666012,16605,0.435592,0.055345,0,0,1,0.4200,罗湖区,21,21,0,0,0,0,1
2023-03-22,589179428,20190000000000000003,900200000000000043,1,26.424,388.729,10268.571,2023-03-22 21:15:00.000,L2FT01-FTJ023,24.81,0.000,0.666012,16605,0.435592,0.055345,0,0,1,0.4200,罗湖区,21,21,0,0,0,0,1
2023-03-22,589179428,20190000000000000003,900200000000000030,1,63.430,355.880,22571.333,2023-03-22 21:15:00.000,L2FT01-FTJ023,24.81,0.000,0.666012,16605,0.435592,0.055345,0,0,1,0.4200,罗湖区,21,21,0,0,0,0,1
2023-03-22,589179428,20190000000000000003,900200000000000030,1,37.516,355.367,13332.222,2023-03-22 21:30:00.000,L2FT01-FTJ023,24.81,0.000,0.666012,16605,0.435592,0.055345,0,0,1,0.4200,罗湖区,21,21,0,0,0,0,1
2023-03-22,589179428,20190000000000000003,900200000000000030,1,171.092,432.654,74172.308,2023-03-22 22:15:00.000,L2FT01-FTJ023,25.43,0.000,0.666012,16605,0.435592,0.055345,0,0,1,0.4200,罗湖区,21,21,0,0,0,0,1
2023-03-22,589179428,20190000000000000003,900200000000000030,1,101.845,429.067,43724.667,2023-03-22 22:30:00.000,L2FT01-FTJ023,25.43,0.000,0.666012,16605,0.435592,0.055345,0,0,1,0.4200,罗湖区,21,21,0,0,0,0,1
2023-03-22,589179428,20190000000000000003,900200000000000030,1,66.451,430.540,28596.000,2023-03-22 22:45:00.000,L2FT01-FTJ023,25.43,0.000,0.666012,16605,0.435592,0.055345,0,0,1,0.4200,罗湖区,21,21,0,0,0,0,1
2023-03-22,589179428,20190000000000000003,900200000000000030,1,19.790,433.900,8590.000,2023-03-22 23:00:00.000,L2FT01-FTJ023,26.15,0.000,0.666012,16605,0.435592,0.055345,0,0,1,0.4200,罗湖区,21,21,0,0,0,0,1
2023-03-23,589179428,20190000000000000003,900200000000000048,1,69.290,301.500,20890.000,2023-03-23 00:00:00.000,L2FT01-FTJ023,26.93,0.000,0.666012,16605,0.435592,0.055345,0,0,1,0.4200,罗湖区,21,21,0,0,0,0,1
2023-03-23,589179428,20190000000000000003,900200000000000056,1,141.994,422.023,59917.692,2023-03-23 00:00:00.000,L2FT01-FTJ023,26.93,0.000,0.666012,16605,0.435592,0.055345,0,0,1,0.4200,罗湖区,21,21,0,0,0,0,1
2023-03-23,589179428,20190000000000000003,900200000000000048,1,71.439,306.047,21860.000,2023-03-23 00:15:00.000,L2FT01-FTJ023,26.93,0.000,0.666012,16605,0.435592,0.055345,0,0,1,0.4200,罗湖区,21,21,0,0,0,0,1
2023-03-23,589179428,20190000000000000003,900200000000000056,1,139.815,429.247,60013.333,2023-03-23 00:15:00.000,L2FT01-FTJ023,26.93,0.000,0.666012,16605,0.435592,0.055345,0,0,1,0.4200,罗湖区,21,21,0,0,0,0,1
2023-03-23,589179428,20190000000000000003,900200000000000048,1,71.463,307.907,21999.333,2023-03-23 00:30:00.000,L2FT01-FTJ023,26.93,0.000,0.666012,16605,0.435592,0.055345,0,0,1,0.4200,罗湖区,21,21,0,0,0,0,1
2023-03-23,589179428,20190000000000000003,900200000000000056,1,123.574,431.333,53311.333,2023-03-23 00:30:00.000,L2FT01-FTJ023,26.93,0.000,0.666012,16605,0.435592,0.055345,0,0,1,0.4200,罗湖区,21,21,0,0,0,0,1
2023-03-23,589179428,20190000000000000003,900200000000000056,1,90.762,431.447,39181.333,2023-03-23 00:45:00.000,L2FT01-FTJ023,26.93,0.000,0.666012,16605,0.435592,0.055345,0,0,1,0.4200,罗湖区,21,21,0,0,0,0,1
2023-03-23,589179428,20190000000000000003,900200000000000048,1,71.530,308.227,22042.667,2023-03-23 00:45:00.000,L2FT01-FTJ023,26.93,0.000,0.666012,16605,0.435592,0.055345,0,0,1,0.4200,罗湖区,21,21,0,0,0,0,1
2023-03-23,589179428,20190000000000000003,900200000000000056,1,46.014,436.791,20048.182,2023-03-23 01:00:00.000,L2FT01-FTJ023,27.70,0.000,0.666012,16605,0.435592,0.055345,0,0,1,0.4200,罗湖区,21,21,0,0,0,0,1
2023-03-23,589179428,20190000000000000003,900200000000000057,1,64.945,338.100,19930.000,2023-03-23 01:00:00.000,L2FT01-FTJ023,27.70,0.000,0.666012,16605,0.435592,0.055345,0,0,1,0.4200,罗湖区,21,21,0,0,0,0,1
2023-03-23,589179428,20190000000000000003,900200000000000048,1,71.500,308.620,22061.333,2023-03-23 01:00:00.000,L2FT01-FTJ023,27.70,0.000,0.666012,16605,0.435592,0.055345,0,0,1,0.4200,罗湖区,21,21,0,0,0,0,1
2023-03-23,589179428,20190000000000000003,900200000000000048,1,71.500,309.460,22122.000,2023-03-23 01:15:00.000,L2FT01-FTJ023,27.70,0.000,0.666012,16605,0.435592,0.055345,0,0,1,0.4200,罗湖区,21,21,0,0,0,0,1
2023-03-23,589179428,20190000000000000003,900200000000000057,1,129.971,309.467,40217.333,2023-03-23 01:15:00.000,L2FT01-FTJ023,27.70,0.000,0.666012,16605,0.435592,0.055345,0,0,1,0.4200,罗湖区,21,21,0,0,0,0,1
2023-03-23,589179428,20190000000000000003,900200000000000039,1,70.674,453.192,33291.667,2023-03-23 01:30:00.000,L2FT01-FTJ023,27.70,0.000,0.666012,16605,0.435592,0.055345,0,0,1,0.4200,罗湖区,21,21,0,0,0,0,1
2023-03-23,589179428,20190000000000000003,900200000000000048,1,71.536,310.873,22234.667,2023-03-23 01:30:00.000,L2FT01-FTJ023,27.70,0.000,0.666012,16605,0.435592,0.055345,0,0,1,0.4200,罗湖区,21,21,0,0,0,0,1
2023-03-23,589179428,20190000000000000003,900200000000000057,1,130.071,310.733,40415.333,2023-03-23 01:30:00.000,L2FT01-FTJ023,27.70,0.000,0.666012,16605,0.435592,0.055345,0,0,1,0.4200,罗湖区,21,21,0,0,0,0,1
2023-03-23,589179428,20190000000000000003,900200000000000039,1,90.697,472.887,42887.333,2023-03-23 01:45:00.000,L2FT01-FTJ023,27.70,0.000,0.666012,16605,0.435592,0.055345,0,0,1,0.4200,罗湖区,21,21,0,0,0,0,1
2023-03-23,589179428,20190000000000000003,900200000000000048,1,71.518,312.033,22312.000,2023-03-23 01:45:00.000,L2FT01-FTJ023,27.70,0.000,0.666012,16605,0.435592,0.055345,0,0,1,0.4200,罗湖区,21,21,0,0,0,0,1
2023-03-23,589179428,20190000000000000003,900200000000000057,1,131.117,312.093,40917.333,2023-03-23 01:45:00.000,L2FT01-FTJ023,27.70,0.000,0.666012,16605,0.435592,0.055345,0,0,1,0.4200,罗湖区,21,21,0,0,0,0,1
2023-03-23,589179428,20190000000000000003,900200000000000039,1,85.871,472.800,40599.333,2023-03-23 02:00:00.000,L2FT01-FTJ023,28.43,0.000,0.666012,16605,0.435592,0.055345,0,0,1,0.4200,罗湖区,21,21,0,0,0,0,1
2023-03-23,589179428,20190000000000000003,900200000000000048,1,71.566,312.513,22362.000,2023-03-23 02:00:00.000,L2FT01-FTJ023,28.43,0.000,0.666012,16605,0.435592,0.055345,0,0,1,0.4200,罗湖区,21,21,0,0,0,0,1
2023-03-23,589179428,20190000000000000003,900200000000000057,1,131.860,313.827,41378.000,2023-03-23 02:00:00.000,L2FT01-FTJ023,28.43,0.000,0.666012,16605,0.435592,0.055345,0,0,1,0.4200,罗湖区,21,21,0,0,0,0,1
2023-03-23,589179428,20190000000000000003,900200000000000057,1,131.806,314.813,41490.000,2023-03-23 02:15:00.000,L2FT01-FTJ023,28.43,0.000,0.666012,16605,0.435592,0.055345,0,0,1,0.4200,罗湖区,21,21,0,0,0,0,1
2023-03-23,589179428,20190000000000000003,900200000000000039,1,27.390,472.000,12925.000,2023-03-23 02:15:00.000,L2FT01-FTJ023,28.43,0.000,0.666012,16605,0.435592,0.055345,0,0,1,0.4200,罗湖区,21,21,0,0,0,0,1
2023-03-23,589179428,20190000000000000003,900200000000000048,1,71.518,313.180,22394.667,2023-03-23 02:15:00.000,L2FT01-FTJ023,28.43,0.000,0.666012,16605,0.435592,0.055345,0,0,1,0.4200,罗湖区,21,21,0,0,0,0,1
2023-03-23,589179428,20190000000000000003,900200000000000057,1,127.539,316.500,40358.667,2023-03-23 02:30:00.000,L2FT01-FTJ023,28.43,0.000,0.666012,16605,0.435592,0.055345,0,0,1,0.4200,罗湖区,21,21,0,0,0,0,1
2023-03-23,589179428,20190000000000000003,900200000000000048,1,64.603,317.883,20463.333,2023-03-23 02:30:00.000,L2FT01-FTJ023,28.43,0.000,0.666012,16605,0.435592,0.055345,0,0,1,0.4200,罗湖区,21,21,0,0,0,0,1
2023-03-23,589179428,20190000000000000003,900200000000000042,1,116.894,310.200,36838.000,2023-03-23 02:45:00.000,L2FT01-FTJ023,28.43,0.000,0.666012,16605,0.435592,0.055345,0,0,1,0.4200,罗湖区,21,21,0,0,0,0,1
2023-03-23,589179428,20190000000000000003,900200000000000048,1,124.858,307.283,38820.000,2023-03-23 02:45:00.000,L2FT01-FTJ023,28.43,0.000,0.666012,16605,0.435592,0.055345,0,0,1,0.4200,罗湖区,21,21,0,0,0,0,1
2023-03-23,589179428,20190000000000000003,900200000000000057,1,59.715,321.837,19140.000,2023-03-23 02:45:00.000,L2FT01-FTJ023,28.43,0.000,0.666012,16605,0.435592,0.055345,0,0,1,0.4200,罗湖区,21,21,0,0,0,0,1
2023-03-23,589179428,20190000000000000003,900200000000000042,1,125.871,317.567,39951.333,2023-03-23 03:00:00.000,L2FT01-FTJ023,29.05,0.000,0.666012,16605,0.435592,0.055345,0,0,1,0.4200,罗湖区,21,21,0,0,0,0,1
2023-03-23,589179428,20190000000000000003,900200000000000048,1,149.817,312.407,46802.000,2023-03-23 03:00:00.000,L2FT01-FTJ023,29.05,0.000,0.666012,16605,0.435592,0.055345,0,0,1,0.4200,罗湖区,21,21,0,0,0,0,1
2023-03-23,589179428,20190000000000000003,900200000000000042,1,39.840,329.150,13102.500,2023-03-23 03:15:00.000,L2FT01-FTJ023,29.05,0.000,0.666012,16605,0.435592,0.055345,0,0,1,0.4200,罗湖区,21,21,0,0,0,0,1
2023-03-23,589179428,20190000000000000003,900200000000000048,1,149.843,314.493,47122.000,2023-03-23 03:15:00.000,L2FT01-FTJ023,29.05,0.000,0.666012,16605,0.435592,0.055345,0,0,1,0.4200,罗湖区,21,21,0,0,0,0,1
2023-03-23,589179428,20190000000000000003,900200000000000048,1,131.230,318.980,41736.667,2023-03-23 03:30:00.000,L2FT01-FTJ023,29.05,0.000,0.666012,16605,0.435592,0.055345,0,0,1,0.4200,罗湖区,21,21,0,0,0,0,1
2023-03-23,589179428,20190000000000000003,900200000000000035,1,111.395,473.115,52962.308,2023-03-23 03:45:00.000,L2FT01-FTJ023,29.05,0.000,0.666012,16605,0.435592,0.055345,0,0,1,0.4200,罗湖区,21,21,0,0,0,0,1
2023-03-23,589179428,20190000000000000003,900200000000000035,1,129.890,476.213,61854.000,2023-03-23 04:00:00.000,L2FT01-FTJ023,29.53,0.000,0.666012,16605,0.435592,0.055345,0,0,1,0.4200,罗湖区,21,21,0,0,0,0,1
2023-03-23,589179428,20190000000000000003,900200000000000035,1,129.878,476.180,61843.333,2023-03-23 04:15:00.000,L2FT01-FTJ023,29.53,0.000,0.666012,16605,0.435592,0.055345,0,0,1,0.4200,罗湖区,21,21,0,0,0,0,1
2023-03-23,589179428,20190000000000000003,900200000000000035,1,100.599,475.580,47848.000,2023-03-23 04:30:00.000,L2FT01-FTJ023,29.53,0.000,0.666012,16605,0.435592,0.055345,0,0,1,0.4200,罗湖区,21,21,0,0,0,0,1
2023-03-23,589179428,20190000000000000003,900200000000000035,1,53.646,475.060,25487.000,2023-03-23 04:45:00.000,L2FT01-FTJ023,29.53,0.000,0.666012,16605,0.435592,0.055345,0,0,1,0.4200,罗湖区,21,21,0,0,0,0,1
2023-03-23,589179428,20190000000000000003,900200000000000057,1,109.334,410.988,45231.250,2023-03-23 04:45:00.000,L2FT01-FTJ023,29.53,0.000,0.666012,16605,0.435592,0.055345,0,0,1,0.4200,罗湖区,21,21,0,0,0,0,1
2023-03-23,589179428,20190000000000000003,900200000000000057,1,121.885,423.067,51564.000,2023-03-23 05:00:00.000,L2FT01-FTJ023,29.83,0.000,0.666012,16605,0.435592,0.055345,0,0,1,0.4200,罗湖区,21,21,0,0,0,0,1
2023-03-23,589179428,20190000000000000003,900200000000000052,1,95.322,328.800,31337.500,2023-03-23 05:00:00.000,L2FT01-FTJ023,29.83,0.000,0.666012,16605,0.435592,0.055345,0,0,1,0.4200,罗湖区,21,21,0,0,0,0,1
2023-03-23,589179428,20190000000000000003,900200000000000052,1,95.324,329.980,31450.667,2023-03-23 05:15:00.000,L2FT01-FTJ023,29.83,0.000,0.666012,16605,0.435592,0.055345,0,0,1,0.4200,罗湖区,21,21,0,0,0,0,1
2023-03-23,589179428,20190000000000000003,900200000000000057,1,121.391,443.033,53770.000,2023-03-23 05:15:00.000,L2FT01-FTJ023,29.83,0.000,0.666012,16605,0.435592,0.055345,0,0,1,0.4200,罗湖区,21,21,0,0,0,0,1
2023-03-23,589179428,20190000000000000003,900200000000000052,1,72.745,329.693,23991.333,2023-03-23 05:30:00.000,L2FT01-FTJ023,29.83,0.000,0.666012,16605,0.435592,0.055345,0,0,1,0.4200,罗湖区,21,21,0,0,0,0,1
2023-03-23,589179428,20190000000000000003,900200000000000057,1,59.883,458.473,27422.667,2023-03-23 05:30:00.000,L2FT01-FTJ023,29.83,0.000,0.666012,16605,0.435592,0.055345,0,0,1,0.4200,罗湖区,21,21,0,0,0,0,1
2023-03-23,589179428,20190000000000000003,900200000000000052,1,35.550,329.540,11707.000,2023-03-23 05:45:00.000,L2FT01-FTJ023,29.83,0.000,0.666012,16605,0.435592,0.055345,0,0,1,0.4200,罗湖区,21,21,0,0,0,0,1
2023-03-23,589179428,20190000000000000003,900200000000000057,1,20.331,460.940,9369.000,2023-03-23 05:45:00.000,L2FT01-FTJ023,29.83,0.000,0.666012,16605,0.435592,0.055345,0,0,1,0.4200,罗湖区,21,21,0,0,0,0,1
2023-03-23,589179428,20190000000000000003,900200000000000031,1,129.822,310.450,40300.000,2023-03-23 06:00:00.000,L2FT01-FTJ023,29.93,0.000,0.666012,16605,0.435592,0.055345,0,0,1,0.4200,罗湖区,21,21,0,0,0,0,1
2023-03-23,589179428,20190000000000000003,900200000000000043,1,129.497,365.300,47300.000,2023-03-23 06:00:00.000,L2FT01-FTJ023,29.93,0.000,0.666012,16605,0.435592,0.055345,0,0,1,0.4200,罗湖区,21,21,0,0,0,0,1
2023-03-23,589179428,20190000000000000003,900200000000000031,1,129.873,310.833,40364.667,2023-03-23 06:15:00.000,L2FT01-FTJ023,29.93,0.000,0.666012,16605,0.435592,0.055345,0,0,1,0.4200,罗湖区,21,21,0,0,0,0,1
2023-03-23,589179428,20190000000000000003,900200000000000043,1,101.937,371.143,37830.000,2023-03-23 06:15:00.000,L2FT01-FTJ023,29.93,0.000,0.666012,16605,0.435592,0.055345,0,0,1,0.4200,罗湖区,21,21,0,0,0,0,1
2023-03-23,589179428,20190000000000000003,900200000000000031,1,129.957,312.433,40599.333,2023-03-23 06:30:00.000,L2FT01-FTJ023,29.93,0.000,0.666012,16605,0.435592,0.055345,0,0,1,0.4200,罗湖区,21,21,0,0,0,0,1
2023-03-23,589179428,20190000000000000003,900200000000000032,1,103.502,460.392,48491.538,2023-03-23 06:30:00.000,L2FT01-FTJ023,29.93,0.000,0.666012,16605,0.435592,0.055345,0,0,1,0.4200,罗湖区,21,21,0,0,0,0,1
2023-03-23,589179428,20190000000000000003,900200000000000044,1,71.242,384.691,27403.636,2023-03-23 06:45:00.000,L2FT01-FTJ023,29.93,0.000,0.666012,16605,0.435592,0.055345,0,0,1,0.4200,罗湖区,21,21,0,0,0,0,1
2023-03-23,589179428,20190000000000000003,900200000000000032,1,120.580,470.280,56705.333,2023-03-23 06:45:00.000,L2FT01-FTJ023,29.93,0.000,0.666012,16605,0.435592,0.055345,0,0,1,0.4200,罗湖区,21,21,0,0,0,0,1
2023-03-23,589179428,20190000000000000003,900200000000000031,1,129.877,314.173,40800.667,2023-03-23 06:45:00.000,L2FT01-FTJ023,29.93,0.000,0.666012,16605,0.435592,0.055345,0,0,1,0.4200,罗湖区,21,21,0,0,0,0,1
2023-03-23,589179428,20190000000000000003,900200000000000030,1,111.837,356.408,39854.167,2023-03-23 06:45:00.000,L2FT01-FTJ023,29.93,0.000,0.666012,16605,0.435592,0.055345,0,0,1,0.4200,罗湖区,21,21,0,0,0,0,1
2023-03-23,589179428,20190000000000000003,900200000000000030,1,104.588,356.960,37331.333,2023-03-23 07:00:00.000,L2FT01-FTJ023,29.83,0.000,0.666012,16605,0.435592,0.055345,0,0,1,0.4200,罗湖区,21,21,0,0,0,0,1
2023-03-23,589179428,20190000000000000003,900200000000000031,1,112.623,318.493,35734.000,2023-03-23 07:00:00.000,L2FT01-FTJ023,29.83,0.000,0.666012,16605,0.435592,0.055345,0,0,1,0.4200,罗湖区,21,21,0,0,0,0,1
2023-03-23,589179428,20190000000000000003,900200000000000032,1,75.619,469.707,35528.000,2023-03-23 07:00:00.000,L2FT01-FTJ023,29.83,0.000,0.666012,16605,0.435592,0.055345,0,0,1,0.4200,罗湖区,21,21,0,0,0,0,1
2023-03-23,589179428,20190000000000000003,900200000000000044,1,71.397,387.693,27680.000,2023-03-23 07:00:00.000,L2FT01-FTJ023,29.83,0.000,0.666012,16605,0.435592,0.055345,0,0,1,0.4200,罗湖区,21,21,0,0,0,0,1
2023-03-23,589179428,20190000000000000003,900200000000000030,1,96.296,357.967,34468.667,2023-03-23 07:15:00.000,L2FT01-FTJ023,29.83,0.000,0.666012,16605,0.435592,0.055345,0,0,1,0.4200,罗湖区,21,21,0,0,0,0,1
2023-03-23,589179428,20190000000000000003,900200000000000031,1,29.890,330.300,9870.000,2023-03-23 07:15:00.000,L2FT01-FTJ023,29.83,0.000,0.666012,16605,0.435592,0.055345,0,0,1,0.4200,罗湖区,21,21,0,0,0,0,1
2023-03-23,589179428,20190000000000000003,900200000000000032,1,28.790,469.175,13510.000,2023-03-23 07:15:00.000,L2FT01-FTJ023,29.83,0.000,0.666012,16605,0.435592,0.055345,0,0,1,0.4200,罗湖区,21,21,0,0,0,0,1
2023-03-23,589179428,20190000000000000003,900200000000000044,1,71.397,388.507,27736.667,2023-03-23 07:15:00.000,L2FT01-FTJ023,29.83,0.000,0.666012,16605,0.435592,0.055345,0,0,1,0.4200,罗湖区,21,21,0,0,0,0,1
2023-03-23,589179428,20190000000000000003,900200000000000030,1,58.971,356.513,21022.667,2023-03-23 07:30:00.000,L2FT01-FTJ023,29.83,0.000,0.666012,16605,0.435592,0.055345,0,0,1,0.4200,罗湖区,21,21,0,0,0,0,1
2023-03-23,589179428,20190000000000000003,900200000000000044,1,61.298,389.285,23872.308,2023-03-23 07:30:00.000,L2FT01-FTJ023,29.83,0.000,0.666012,16605,0.435592,0.055345,0,0,1,0.4200,罗湖区,21,21,0,0,0,0,1
2023-03-23,589179428,20190000000000000003,900200000000000030,1,30.771,357.000,10976.667,2023-03-23 07:45:00.000,L2FT01-FTJ023,29.83,0.000,0.666012,16605,0.435592,0.055345,0,0,1,0.4200,罗湖区,21,21,0,0,0,0,1
2023-03-23,589179428,20190000000000000003,900200000000000032,1,21.000,361.100,7580.000,2023-03-23 09:30:00.000,L2FT01-FTJ023,29.05,0.000,0.666012,16605,0.435592,0.055345,0,0,1,0.4200,罗湖区,21,21,0,0,0,0,1
2023-03-23,589179428,20190000000000000003,900200000000000045,1,74.483,378.186,28170.714,2023-03-23 09:45:00.000,L2FT01-FTJ023,29.05,0.000,0.666012,16605,0.435592,0.055345,0,0,1,0.4200,罗湖区,21,21,0,0,0,0,1
2023-03-23,589179428,20190000000000000003,900200000000000032,1,141.143,477.293,67380.667,2023-03-23 09:45:00.000,L2FT01-FTJ023,29.05,0.000,0.666012,16605,0.435592,0.055345,0,0,1,0.4200,罗湖区,21,21,0,0,0,0,1
2023-03-23,589179428,20190000000000000003,900200000000000032,1,149.590,477.567,71438.000,2023-03-23 10:00:00.000,L2FT01-FTJ023,28.43,0.000,0.666012,16605,0.435592,0.055345,0,0,1,0.4200,罗湖区,21,21,0,0,0,0,1
2023-03-23,589179428,20190000000000000003,900200000000000045,1,52.623,390.580,20536.000,2023-03-23 10:00:00.000,L2FT01-FTJ023,28.43,0.000,0.666012,16605,0.435592,0.055345,0,0,1,0.4200,罗湖区,21,21,0,0,0,0,1
2023-03-23,589179428,20190000000000000003,900200000000000032,1,136.843,477.567,65362.667,2023-03-23 10:15:00.000,L2FT01-FTJ023,28.43,0.000,0.666012,16605,0.435592,0.055345,0,0,1,0.4200,罗湖区,21,21,0,0,0,0,1
2023-03-23,589179428,20190000000000000003,900200000000000045,1,35.770,396.827,14192.667,2023-03-23 10:15:00.000,L2FT01-FTJ023,28.43,0.000,0.666012,16605,0.435592,0.055345,0,0,1,0.4200,罗湖区,21,21,0,0,0,0,1
2023-03-23,589179428,20190000000000000003,900200000000000032,1,77.579,477.127,37018.667,2023-03-23 10:30:00.000,L2FT01-FTJ023,28.43,0.000,0.666012,16605,0.435592,0.055345,0,0,1,0.4200,罗湖区,21,21,0,0,0,0,1
2023-03-23,589179428,20190000000000000003,900200000000000031,1,161.848,386.433,62648.333,2023-03-23 10:45:00.000,L2FT01-FTJ023,28.43,0.000,0.666012,16605,0.435592,0.055345,0,0,1,0.4200,罗湖区,21,21,0,0,0,0,1
2023-03-23,589179428,20190000000000000003,900200000000000032,1,37.767,476.975,18015.000,2023-03-23 10:45:00.000,L2FT01-FTJ023,28.43,0.000,0.666012,16605,0.435592,0.055345,0,0,1,0.4200,罗湖区,21,21,0,0,0,0,1
2023-03-23,589179428,20190000000000000003,900200000000000035,1,78.691,316.913,24933.750,2023-03-23 10:45:00.000,L2FT01-FTJ023,28.43,0.000,0.666012,16605,0.435592,0.055345,0,0,1,0.4200,罗湖区,21,21,0,0,0,0,1
2023-03-23,589179428,20190000000000000003,900200000000000031,1,174.070,397.760,69222.000,2023-03-23 11:00:00.000,L2FT01-FTJ023,27.70,0.000,0.666012,16605,0.435592,0.055345,0,0,1,0.4200,罗湖区,21,21,0,0,0,0,1
2023-03-23,589179428,20190000000000000003,900200000000000035,1,74.827,323.407,24193.333,2023-03-23 11:00:00.000,L2FT01-FTJ023,27.70,0.000,0.666012,16605,0.435592,0.055345,0,0,1,0.4200,罗湖区,21,21,0,0,0,0,1
2023-03-23,589179428,20190000000000000003,900200000000000031,1,133.005,415.607,55214.667,2023-03-23 11:15:00.000,L2FT01-FTJ023,27.70,0.000,0.666012,16605,0.435592,0.055345,0,0,1,0.4200,罗湖区,21,21,0,0,0,0,1
2023-03-23,589179428,20190000000000000003,900200000000000035,1,52.845,329.293,17397.333,2023-03-23 11:15:00.000,L2FT01-FTJ023,27.70,0.000,0.666012,16605,0.435592,0.055345,0,0,1,0.4200,罗湖区,21,21,0,0,0,0,1
2023-03-23,589179428,20190000000000000003,900200000000000035,1,25.657,331.293,8498.667,2023-03-23 11:30:00.000,L2FT01-FTJ023,27.70,0.000,0.666012,16605,0.435592,0.055345,0,0,1,0.4200,罗湖区,21,21,0,0,0,0,1
2023-03-23,589179428,20190000000000000003,900200000000000035,1,21.357,333.000,7113.333,2023-03-23 11:45:00.000,L2FT01-FTJ023,27.70,0.000,0.666012,16605,0.435592,0.055345,0,0,1,0.4200,罗湖区,21,21,0,0,0,0,1
2023-03-23,589179428,20190000000000000003,900200000000000037,1,52.780,355.113,18754.000,2023-03-23 12:15:00.000,L2FT01-FTJ023,26.93,0.000,0.666012,16605,0.435592,0.055345,0,0,1,0.4200,罗湖区,21,21,0,0,0,0,1
2023-03-23,589179428,20190000000000000003,900200000000000037,1,59.253,357.193,21163.333,2023-03-23 12:30:00.000,L2FT01-FTJ023,26.93,0.000,0.666012,16605,0.435592,0.055345,0,0,1,0.4200,罗湖区,21,21,0,0,0,0,1
2023-03-23,589179428,20190000000000000003,900200000000000037,1,60.505,359.153,21728.000,2023-03-23 12:45:00.000,L2FT01-FTJ023,26.93,0.000,0.666012,16605,0.435592,0.055345,0,0,1,0.4200,罗湖区,21,21,0,0,0,0,1
2023-03-23,589179428,20190000000000000003,900200000000000037,1,60.585,359.567,21782.000,2023-03-23 13:00:00.000,L2FT01-FTJ023,26.15,0.000,0.666012,16605,0.435592,0.055345,0,0,1,0.4200,罗湖区,21,21,0,0,0,0,1
2023-03-23,589179428,20190000000000000003,900200000000000043,1,94.900,327.750,31100.000,2023-03-23 13:00:00.000,L2FT01-FTJ023,26.15,0.000,0.666012,16605,0.435592,0.055345,0,0,1,0.4200,罗湖区,21,21,0,0,0,0,1
2023-03-23,589179428,20190000000000000003,900200000000000032,1,126.226,462.509,59319.091,2023-03-23 13:15:00.000,L2FT01-FTJ023,26.15,0.000,0.666012,16605,0.435592,0.055345,0,0,1,0.4200,罗湖区,21,21,0,0,0,0,1
2023-03-23,589179428,20190000000000000003,900200000000000037,1,60.690,360.014,21847.143,2023-03-23 13:15:00.000,L2FT01-FTJ023,26.15,0.000,0.666012,16605,0.435592,0.055345,0,0,1,0.4200,罗湖区,21,21,0,0,0,0,1
2023-03-23,589179428,20190000000000000003,900200000000000043,1,94.872,328.873,31200.667,2023-03-23 13:15:00.000,L2FT01-FTJ023,26.15,0.000,0.666012,16605,0.435592,0.055345,0,0,1,0.4200,罗湖区,21,21,0,0,0,0,1
2023-03-23,589179428,20190000000000000003,900200000000000032,1,149.890,471.733,70707.333,2023-03-23 13:30:00.000,L2FT01-FTJ023,26.15,0.000,0.666012,16605,0.435592,0.055345,0,0,1,0.4200,罗湖区,21,21,0,0,0,0,1
2023-03-23,589179428,20190000000000000003,900200000000000043,1,80.736,331.731,26752.308,2023-03-23 13:30:00.000,L2FT01-FTJ023,26.15,0.000,0.666012,16605,0.435592,0.055345,0,0,1,0.4200,罗湖区,21,21,0,0,0,0,1
2023-03-23,589179428,20190000000000000003,900200000000000032,1,149.535,472.093,70592.000,2023-03-23 13:45:00.000,L2FT01-FTJ023,26.15,0.000,0.666012,16605,0.435592,0.055345,0,0,1,0.4200,罗湖区,21,21,0,0,0,0,1
2023-03-23,589179428,20190000000000000003,900200000000000043,1,173.306,353.391,61287.273,2023-03-23 13:45:00.000,L2FT01-FTJ023,26.15,0.000,0.666012,16605,0.435592,0.055345,0,0,1,0.4200,罗湖区,21,21,0,0,0,0,1
2023-03-23,589179428,20190000000000000003,900200000000000052,1,81.574,446.317,36373.333,2023-03-23 13:45:00.000,L2FT01-FTJ023,26.15,0.000,0.666012,16605,0.435592,0.055345,0,0,1,0.4200,罗湖区,21,21,0,0,0,0,1
2023-03-23,589179428,20190000000000000003,900200000000000043,1,179.133,368.600,66024.000,2023-03-23 14:00:00.000,L2FT01-FTJ023,25.43,0.000,0.666012,16605,0.435592,0.055345,0,0,1,0.4200,罗湖区,21,21,0,0,0,0,1
2023-03-23,589179428,20190000000000000003,900200000000000052,1,62.790,454.488,28537.500,2023-03-23 14:00:00.000,L2FT01-FTJ023,25.43,0.000,0.666012,16605,0.435592,0.055345,0,0,1,0.4200,罗湖区,21,21,0,0,0,0,1
2023-03-23,589179428,20190000000000000003,900200000000000032,1,140.703,472.353,66467.333,2023-03-23 14:00:00.000,L2FT01-FTJ023,25.43,0.000,0.666012,16605,0.435592,0.055345,0,0,1,0.4200,罗湖区,21,21,0,0,0,0,1
2023-03-23,589179428,20190000000000000003,900200000000000043,1,147.801,383.807,56645.333,2023-03-23 14:15:00.000,L2FT01-FTJ023,25.43,0.000,0.666012,16605,0.435592,0.055345,0,0,1,0.4200,罗湖区,21,21,0,0,0,0,1
2023-03-23,589179428,20190000000000000003,900200000000000032,1,82.737,472.080,39060.667,2023-03-23 14:15:00.000,L2FT01-FTJ023,25.43,0.000,0.666012,16605,0.435592,0.055345,0,0,1,0.4200,罗湖区,21,21,0,0,0,0,1
2023-03-23,589179428,20190000000000000003,900200000000000032,1,31.823,471.700,15013.333,2023-03-23 14:30:00.000,L2FT01-FTJ023,25.43,0.000,0.666012,16605,0.435592,0.055345,0,0,1,0.4200,罗湖区,21,21,0,0,0,0,1
2023-03-23,589179428,20190000000000000003,900200000000000043,1,110.906,392.929,43570.000,2023-03-23 14:30:00.000,L2FT01-FTJ023,25.43,0.000,0.666012,16605,0.435592,0.055345,0,0,1,0.4200,罗湖区,21,21,0,0,0,0,1
2023-03-23,589179428,20190000000000000003,900200000000000030,1,119.336,295.940,37024.000,2023-03-23 16:15:00.000,L2FT01-FTJ023,24.33,0.000,0.666012,16605,0.435592,0.055345,0,0,1,0.4200,罗湖区,21,21,0,0,0,0,1
2023-03-23,589179428,20190000000000000003,900200000000000030,1,135.153,311.667,42118.667,2023-03-23 16:30:00.000,L2FT01-FTJ023,24.33,0.000,0.666012,16605,0.435592,0.055345,0,0,1,0.4200,罗湖区,21,21,0,0,0,0,1
2023-03-23,589179428,20190000000000000003,900200000000000030,1,136.836,313.913,42950.667,2023-03-23 16:45:00.000,L2FT01-FTJ023,24.33,0.000,0.666012,16605,0.435592,0.055345,0,0,1,0.4200,罗湖区,21,21,0,0,0,0,1
2023-03-23,589179428,20190000000000000003,900200000000000043,1,130.071,309.183,40212.500,2023-03-23 16:45:00.000,L2FT01-FTJ023,24.33,0.000,0.666012,16605,0.435592,0.055345,0,0,1,0.4200,罗湖区,21,21,0,0,0,0,1
2023-03-23,589179428,20190000000000000003,900200000000000030,1,136.800,314.567,43030.000,2023-03-23 17:00:00.000,L2FT01-FTJ023,24.03,0.000,0.666012,16605,0.435592,0.055345,0,0,1,0.4200,罗湖区,21,21,0,0,0,0,1
2023-03-23,589179428,20190000000000000003,900200000000000043,1,130.036,310.213,40336.000,2023-03-23 17:00:00.000,L2FT01-FTJ023,24.03,0.000,0.666012,16605,0.435592,0.055345,0,0,1,0.4200,罗湖区,21,21,0,0,0,0,1
2023-03-23,589179428,20190000000000000003,900200000000000043,1,129.801,312.153,40516.000,2023-03-23 17:15:00.000,L2FT01-FTJ023,24.03,0.000,0.666012,16605,0.435592,0.055345,0,0,1,0.4200,罗湖区,21,21,0,0,0,0,1
2023-03-23,589179428,20190000000000000003,900200000000000043,1,129.866,313.940,40766.667,2023-03-23 17:30:00.000,L2FT01-FTJ023,24.03,0.000,0.666012,16605,0.435592,0.055345,0,0,1,0.4200,罗湖区,21,21,0,0,0,0,1
2023-03-23,589179428,20190000000000000003,900200000000000030,1,119.838,301.200,37613.846,2023-03-23 17:45:00.000,L2FT01-FTJ023,24.03,0.000,0.666012,16605,0.435592,0.055345,0,0,1,0.4200,罗湖区,21,21,0,0,0,0,1
2023-03-23,589179428,20190000000000000003,900200000000000043,1,103.724,320.215,33049.231,2023-03-23 17:45:00.000,L2FT01-FTJ023,24.03,0.000,0.666012,16605,0.435592,0.055345,0,0,1,0.4200,罗湖区,21,21,0,0,0,0,1
2023-03-23,589179428,20190000000000000003,900200000000000044,1,44.945,337.570,15216.000,2023-03-23 17:45:00.000,L2FT01-FTJ023,24.03,0.000,0.666012,16605,0.435592,0.055345,0,0,1,0.4200,罗湖区,21,21,0,0,0,0,1
2023-03-23,589179428,20190000000000000003,900200000000000044,1,49.890,346.620,17292.667,2023-03-23 18:00:00.000,L2FT01-FTJ023,23.93,0.000,0.666012,16605,0.435592,0.055345,0,0,1,0.4200,罗湖区,21,21,0,0,0,0,1
2023-03-23,589179428,20190000000000000003,900200000000000030,1,129.872,315.427,40962.000,2023-03-23 18:00:00.000,L2FT01-FTJ023,23.93,0.000,0.666012,16605,0.435592,0.055345,0,0,1,0.4200,罗湖区,21,21,0,0,0,0,1
2023-03-23,589179428,20190000000000000003,900200000000000030,1,69.677,327.633,22686.667,2023-03-23 18:15:00.000,L2FT01-FTJ023,23.93,0.000,0.666012,16605,0.435592,0.055345,0,0,1,0.4200,罗湖区,21,21,0,0,0,0,1
2023-03-23,589179428,20190000000000000003,900200000000000034,1,89.810,453.917,42468.333,2023-03-23 18:15:00.000,L2FT01-FTJ023,23.93,0.000,0.666012,16605,0.435592,0.055345,0,0,1,0.4200,罗湖区,21,21,0,0,0,0,1
2023-03-23,589179428,20190000000000000003,900200000000000044,1,49.890,357.267,17820.667,2023-03-23 18:15:00.000,L2FT01-FTJ023,23.93,0.000,0.666012,16605,0.435592,0.055345,0,0,1,0.4200,罗湖区,21,21,0,0,0,0,1
2023-03-23,589179428,20190000000000000003,900200000000000034,1,107.945,474.027,51171.333,2023-03-23 18:30:00.000,L2FT01-FTJ023,23.93,0.000,0.666012,16605,0.435592,0.055345,0,0,1,0.4200,罗湖区,21,21,0,0,0,0,1
2023-03-23,589179428,20190000000000000003,900200000000000040,1,66.000,347.700,22940.000,2023-03-23 18:30:00.000,L2FT01-FTJ023,23.93,0.000,0.666012,16605,0.435592,0.055345,0,0,1,0.4200,罗湖区,21,21,0,0,0,0,1
2023-03-23,589179428,20190000000000000003,900200000000000044,1,24.506,361.692,8870.769,2023-03-23 18:30:00.000,L2FT01-FTJ023,23.93,0.000,0.666012,16605,0.435592,0.055345,0,0,1,0.4200,罗湖区,21,21,0,0,0,0,1
2023-03-23,589179428,20190000000000000003,900200000000000034,1,86.912,474.140,41208.000,2023-03-23 18:45:00.000,L2FT01-FTJ023,23.93,0.000,0.666012,16605,0.435592,0.055345,0,0,1,0.4200,罗湖区,21,21,0,0,0,0,1
2023-03-23,589179428,20190000000000000003,900200000000000040,1,65.797,355.220,23370.667,2023-03-23 18:45:00.000,L2FT01-FTJ023,23.93,0.000,0.666012,16605,0.435592,0.055345,0,0,1,0.4200,罗湖区,21,21,0,0,0,0,1
2023-03-23,589179428,20190000000000000003,900200000000000040,1,65.790,364.220,23960.000,2023-03-23 19:00:00.000,L2FT01-FTJ023,24.03,0.000,0.666012,16605,0.435592,0.055345,0,0,1,0.4200,罗湖区,21,21,0,0,0,0,1
2023-03-23,589179428,20190000000000000003,900200000000000040,1,65.790,375.873,24727.333,2023-03-23 19:15:00.000,L2FT01-FTJ023,24.03,0.000,0.666012,16605,0.435592,0.055345,0,0,1,0.4200,罗湖区,21,21,0,0,0,0,1
2023-03-23,589179428,20190000000000000003,900200000000000031,0,0.000,171.100,0.000,2023-03-23 19:30:00.000,L2FT01-FTJ023,24.03,0.000,0.666012,16605,0.435592,0.055345,0,0,1,0.4200,罗湖区,21,21,0,0,0,0,1
2023-03-23,589179428,20190000000000000003,900200000000000040,1,62.097,386.187,23968.667,2023-03-23 19:30:00.000,L2FT01-FTJ023,24.03,0.000,0.666012,16605,0.435592,0.055345,0,0,1,0.4200,罗湖区,21,21,0,0,0,0,1
2023-03-23,589179428,20190000000000000003,900200000000000040,1,48.930,394.920,19315.333,2023-03-23 19:45:00.000,L2FT01-FTJ023,24.03,0.000,0.666012,16605,0.435592,0.055345,0,0,1,0.4200,罗湖区,21,21,0,0,0,0,1
2023-03-23,589179428,20190000000000000003,900200000000000031,1,131.397,388.913,51098.667,2023-03-23 19:45:00.000,L2FT01-FTJ023,24.03,0.000,0.666012,16605,0.435592,0.055345,0,0,1,0.4200,罗湖区,21,21,0,0,0,0,1
2023-03-23,589179428,20190000000000000003,900200000000000040,1,26.101,397.330,10371.000,2023-03-23 20:00:00.000,L2FT01-FTJ023,24.33,0.000,0.666012,16605,0.435592,0.055345,0,0,1,0.4200,罗湖区,21,21,0,0,0,0,1
2023-03-23,589179428,20190000000000000003,900200000000000031,1,114.081,390.827,44588.000,2023-03-23 20:00:00.000,L2FT01-FTJ023,24.33,0.000,0.666012,16605,0.435592,0.055345,0,0,1,0.4200,罗湖区,21,21,0,0,0,0,1
2023-03-23,589179428,20190000000000000003,900200000000000031,1,65.150,389.080,25375.333,2023-03-23 20:15:00.000,L2FT01-FTJ023,24.33,0.000,0.666012,16605,0.435592,0.055345,0,0,1,0.4200,罗湖区,21,21,0,0,0,0,1
2023-03-23,589179428,20190000000000000003,900200000000000031,1,41.697,390.913,16298.000,2023-03-23 20:30:00.000,L2FT01-FTJ023,24.33,0.000,0.666012,16605,0.435592,0.055345,0,0,1,0.4200,罗湖区,21,21,0,0,0,0,1
2023-03-23,589179428,20190000000000000003,900200000000000031,1,19.830,395.160,7862.000,2023-03-23 20:45:00.000,L2FT01-FTJ023,24.33,0.000,0.666012,16605,0.435592,0.055345,0,0,1,0.4200,罗湖区,21,21,0,0,0,0,1
2023-03-23,589179428,20190000000000000003,900200000000000039,1,62.357,354.183,22083.333,2023-03-23 21:15:00.000,L2FT01-FTJ023,24.81,0.000,0.666012,16605,0.435592,0.055345,0,0,1,0.4200,罗湖区,21,21,0,0,0,0,1
2023-03-23,589179428,20190000000000000003,900200000000000056,1,58.327,342.233,20190.000,2023-03-23 21:15:00.000,L2FT01-FTJ023,24.81,0.000,0.666012,16605,0.435592,0.055345,0,0,1,0.4200,罗湖区,21,21,0,0,0,0,1
2023-03-23,589179428,20190000000000000003,900200000000000039,1,48.151,354.173,17062.000,2023-03-23 21:30:00.000,L2FT01-FTJ023,24.81,0.000,0.666012,16605,0.435592,0.055345,0,0,1,0.4200,罗湖区,21,21,0,0,0,0,1
2023-03-23,589179428,20190000000000000003,900200000000000056,1,138.113,358.360,49478.667,2023-03-23 21:30:00.000,L2FT01-FTJ023,24.81,0.000,0.666012,16605,0.435592,0.055345,0,0,1,0.4200,罗湖区,21,21,0,0,0,0,1
2023-03-23,589179428,20190000000000000003,900200000000000039,1,24.890,355.060,8834.000,2023-03-23 21:45:00.000,L2FT01-FTJ023,24.81,0.000,0.666012,16605,0.435592,0.055345,0,0,1,0.4200,罗湖区,21,21,0,0,0,0,1
2023-03-23,589179428,20190000000000000003,900200000000000056,1,118.676,372.700,44210.000,2023-03-23 21:45:00.000,L2FT01-FTJ023,24.81,0.000,0.666012,16605,0.435592,0.055345,0,0,1,0.4200,罗湖区,21,21,0,0,0,0,1
2023-03-23,589179428,20190000000000000003,900200000000000052,1,89.131,349.520,31149.333,2023-03-23 23:00:00.000,L2FT01-FTJ023,26.15,0.000,0.666012,16605,0.435592,0.055345,0,0,1,0.4200,罗湖区,21,21,0,0,0,0,1
2023-03-23,589179428,20190000000000000003,900200000000000052,1,50.690,348.393,17670.667,2023-03-23 23:15:00.000,L2FT01-FTJ023,26.15,0.000,0.666012,16605,0.435592,0.055345,0,0,1,0.4200,罗湖区,21,21,0,0,0,0,1
2023-03-23,589179428,20190000000000000003,900200000000000052,1,36.263,349.607,12674.000,2023-03-23 23:30:00.000,L2FT01-FTJ023,26.15,0.000,0.666012,16605,0.435592,0.055345,0,0,1,0.4200,罗湖区,21,21,0,0,0,0,1
2023-03-23,589179428,20190000000000000003,900200000000000052,1,13.535,353.882,4800.909,2023-03-23 23:45:00.000,L2FT01-FTJ023,26.15,0.000,0.666012,16605,0.435592,0.055345,0,0,1,0.4200,罗湖区,21,21,0,0,0,0,1
2023-03-24,589179428,20190000000000000003,900200000000000030,1,130.300,306.033,39873.333,2023-03-24 00:00:00.000,L2FT01-FTJ023,26.93,0.000,0.666012,16605,0.435592,0.055345,0,0,1,0.4200,罗湖区,21,21,0,0,0,0,1
2023-03-24,589179428,20190000000000000003,900200000000000030,1,129.812,309.433,40162.667,2023-03-24 00:15:00.000,L2FT01-FTJ023,26.93,0.000,0.666012,16605,0.435592,0.055345,0,0,1,0.4200,罗湖区,21,21,0,0,0,0,1
2023-03-24,589179428,20190000000000000003,900200000000000030,1,129.890,310.760,40361.333,2023-03-24 00:30:00.000,L2FT01-FTJ023,26.93,0.000,0.666012,16605,0.435592,0.055345,0,0,1,0.4200,罗湖区,21,21,0,0,0,0,1
2023-03-24,589179428,20190000000000000003,900200000000000030,1,129.890,311.847,40503.333,2023-03-24 00:45:00.000,L2FT01-FTJ023,26.93,0.000,0.666012,16605,0.435592,0.055345,0,0,1,0.4200,罗湖区,21,21,0,0,0,0,1
2023-03-24,589179428,20190000000000000003,900200000000000030,1,129.890,313.873,40767.333,2023-03-24 01:00:00.000,L2FT01-FTJ023,27.70,0.000,0.666012,16605,0.435592,0.055345,0,0,1,0.4200,罗湖区,21,21,0,0,0,0,1
2023-03-24,589179428,20190000000000000003,900200000000000030,1,129.890,315.213,40941.333,2023-03-24 01:15:00.000,L2FT01-FTJ023,27.70,0.000,0.666012,16605,0.435592,0.055345,0,0,1,0.4200,罗湖区,21,21,0,0,0,0,1
2023-03-24,589179428,20190000000000000003,900200000000000045,1,149.913,312.186,46798.571,2023-03-24 01:15:00.000,L2FT01-FTJ023,27.70,0.000,0.666012,16605,0.435592,0.055345,0,0,1,0.4200,罗湖区,21,21,0,0,0,0,1
2023-03-24,589179428,20190000000000000003,900200000000000030,1,91.903,323.073,29539.333,2023-03-24 01:30:00.000,L2FT01-FTJ023,27.70,0.000,0.666012,16605,0.435592,0.055345,0,0,1,0.4200,罗湖区,21,21,0,0,0,0,1
2023-03-24,589179428,20190000000000000003,900200000000000045,1,149.890,314.940,47203.333,2023-03-24 01:30:00.000,L2FT01-FTJ023,27.70,0.000,0.666012,16605,0.435592,0.055345,0,0,1,0.4200,罗湖区,21,21,0,0,0,0,1
2023-03-24,589179428,20190000000000000003,900200000000000030,1,30.090,331.100,9960.000,2023-03-24 01:45:00.000,L2FT01-FTJ023,27.70,0.000,0.666012,16605,0.435592,0.055345,0,0,1,0.4200,罗湖区,21,21,0,0,0,0,1
2023-03-24,589179428,20190000000000000003,900200000000000045,1,149.890,316.813,47484.667,2023-03-24 01:45:00.000,L2FT01-FTJ023,27.70,0.000,0.666012,16605,0.435592,0.055345,0,0,1,0.4200,罗湖区,21,21,0,0,0,0,1
2023-03-24,589179428,20190000000000000003,900200000000000045,1,109.032,318.980,34798.000,2023-03-24 02:00:00.000,L2FT01-FTJ023,28.43,0.000,0.666012,16605,0.435592,0.055345,0,0,1,0.4200,罗湖区,21,21,0,0,0,0,1
2023-03-24,589179428,20190000000000000003,900200000000000031,1,65.457,448.189,30407.778,2023-03-24 03:30:00.000,L2FT01-FTJ023,29.05,0.000,0.666012,16605,0.435592,0.055345,0,0,1,0.4200,罗湖区,21,21,0,0,0,0,1
2023-03-24,589179428,20190000000000000003,900200000000000031,1,91.817,467.893,42962.000,2023-03-24 03:45:00.000,L2FT01-FTJ023,29.05,0.000,0.666012,16605,0.435592,0.055345,0,0,1,0.4200,罗湖区,21,21,0,0,0,0,1
2023-03-24,589179428,20190000000000000003,900200000000000031,1,92.817,467.720,43408.667,2023-03-24 04:00:00.000,L2FT01-FTJ023,29.53,0.000,0.666012,16605,0.435592,0.055345,0,0,1,0.4200,罗湖区,21,21,0,0,0,0,1
2023-03-24,589179428,20190000000000000003,900200000000000031,1,82.733,467.500,38680.667,2023-03-24 04:15:00.000,L2FT01-FTJ023,29.53,0.000,0.666012,16605,0.435592,0.055345,0,0,1,0.4200,罗湖区,21,21,0,0,0,0,1
2023-03-24,589179428,20190000000000000003,900200000000000031,1,21.890,466.933,10220.000,2023-03-24 04:30:00.000,L2FT01-FTJ023,29.53,0.000,0.666012,16605,0.435592,0.055345,0,0,1,0.4200,罗湖区,21,21,0,0,0,0,1
2023-03-24,589179428,20190000000000000003,900200000000000048,1,104.584,456.733,49165.556,2023-03-24 05:45:00.000,L2FT01-FTJ023,29.83,0.000,0.666012,16605,0.435592,0.055345,0,0,1,0.4200,罗湖区,21,21,0,0,0,0,1
2023-03-24,589179428,20190000000000000003,900200000000000048,1,129.806,472.773,61364.000,2023-03-24 06:00:00.000,L2FT01-FTJ023,29.93,0.000,0.666012,16605,0.435592,0.055345,0,0,1,0.4200,罗湖区,21,21,0,0,0,0,1
2023-03-24,589179428,20190000000000000003,900200000000000048,1,126.880,473.273,60049.333,2023-03-24 06:15:00.000,L2FT01-FTJ023,29.93,0.000,0.666012,16605,0.435592,0.055345,0,0,1,0.4200,罗湖区,21,21,0,0,0,0,1
2023-03-24,589179428,20190000000000000003,900200000000000043,1,113.520,325.900,37250.000,2023-03-24 06:30:00.000,L2FT01-FTJ023,29.93,0.000,0.666012,16605,0.435592,0.055345,0,0,1,0.4200,罗湖区,21,21,0,0,0,0,1
2023-03-24,589179428,20190000000000000003,900200000000000048,1,83.270,473.240,39406.000,2023-03-24 06:30:00.000,L2FT01-FTJ023,29.93,0.000,0.666012,16605,0.435592,0.055345,0,0,1,0.4200,罗湖区,21,21,0,0,0,0,1
2023-03-24,589179428,20190000000000000003,900200000000000043,1,127.839,329.407,42107.333,2023-03-24 06:45:00.000,L2FT01-FTJ023,29.93,0.000,0.666012,16605,0.435592,0.055345,0,0,1,0.4200,罗湖区,21,21,0,0,0,0,1
2023-03-24,589179428,20190000000000000003,900200000000000048,1,41.945,473.050,19840.000,2023-03-24 06:45:00.000,L2FT01-FTJ023,29.93,0.000,0.666012,16605,0.435592,0.055345,0,0,1,0.4200,罗湖区,21,21,0,0,0,0,1
2023-03-24,589179428,20190000000000000003,900200000000000043,1,110.067,331.040,36430.667,2023-03-24 07:00:00.000,L2FT01-FTJ023,29.83,0.000,0.666012,16605,0.435592,0.055345,0,0,1,0.4200,罗湖区,21,21,0,0,0,0,1
2023-03-24,589179428,20190000000000000003,900200000000000043,1,71.892,332.975,23997.500,2023-03-24 07:15:00.000,L2FT01-FTJ023,29.83,0.000,0.666012,16605,0.435592,0.055345,0,0,1,0.4200,罗湖区,21,21,0,0,0,0,1
2023-03-24,589179428,20190000000000000003,900200000000000045,1,119.550,328.778,39303.333,2023-03-24 07:15:00.000,L2FT01-FTJ023,29.83,0.000,0.666012,16605,0.435592,0.055345,0,0,1,0.4200,罗湖区,21,21,0,0,0,0,1
2023-03-24,589179428,20190000000000000003,900200000000000045,1,119.603,330.880,39573.333,2023-03-24 07:30:00.000,L2FT01-FTJ023,29.83,0.000,0.666012,16605,0.435592,0.055345,0,0,1,0.4200,罗湖区,21,21,0,0,0,0,1
2023-03-24,589179428,20190000000000000003,900200000000000035,1,109.073,458.787,51019.333,2023-03-24 07:45:00.000,L2FT01-FTJ023,29.83,0.000,0.666012,16605,0.435592,0.055345,0,0,1,0.4200,罗湖区,21,21,0,0,0,0,1
2023-03-24,589179428,20190000000000000003,900200000000000045,1,85.782,334.755,28700.909,2023-03-24 07:45:00.000,L2FT01-FTJ023,29.83,0.000,0.666012,16605,0.435592,0.055345,0,0,1,0.4200,罗湖区,21,21,0,0,0,0,1
2023-03-24,589179428,20190000000000000003,900200000000000045,1,41.359,493.780,20322.667,2023-03-24 08:00:00.000,L2FT01-FTJ023,29.53,0.000,0.666012,16605,0.435592,0.055345,0,0,1,0.4200,罗湖区,21,21,0,0,0,0,1
2023-03-24,589179428,20190000000000000003,900200000000000045,1,1.910,504.667,961.667,2023-03-24 08:15:00.000,L2FT01-FTJ023,29.53,0.000,0.666012,16605,0.435592,0.055345,0,0,1,0.4200,罗湖区,21,21,0,0,0,0,1
2023-03-24,589179428,20190000000000000003,900200000000000042,1,55.003,388.960,21378.000,2023-03-24 09:45:00.000,L2FT01-FTJ023,29.05,0.000,0.666012,16605,0.435592,0.055345,0,0,1,0.4200,罗湖区,21,21,0,0,0,0,1
2023-03-24,589179428,20190000000000000003,900200000000000042,1,30.790,394.960,12160.000,2023-03-24 10:00:00.000,L2FT01-FTJ023,28.43,0.000,0.666012,16605,0.435592,0.055345,0,0,1,0.4200,罗湖区,21,21,0,0,0,0,1
2023-03-24,589179428,20190000000000000003,900200000000000042,1,30.790,401.387,12356.667,2023-03-24 10:15:00.000,L2FT01-FTJ023,28.43,0.000,0.666012,16605,0.435592,0.055345,0,0,1,0.4200,罗湖区,21,21,0,0,0,0,1
2023-03-24,589179428,20190000000000000003,900200000000000042,1,30.790,405.000,12470.000,2023-03-24 10:30:00.000,L2FT01-FTJ023,28.43,0.000,0.666012,16605,0.435592,0.055345,0,0,1,0.4200,罗湖区,21,21,0,0,0,0,1
2023-03-24,589179428,20190000000000000003,900200000000000038,1,130.052,420.180,60068.000,2023-03-24 12:00:00.000,L2FT01-FTJ023,26.93,0.000,0.666012,16605,0.435592,0.055345,0,0,1,0.4200,罗湖区,21,21,0,0,0,0,1
2023-03-24,589179428,20190000000000000003,900200000000000038,1,124.206,459.300,57060.000,2023-03-24 12:15:00.000,L2FT01-FTJ023,26.93,0.000,0.666012,16605,0.435592,0.055345,0,0,1,0.4200,罗湖区,21,21,0,0,0,0,1
2023-03-24,589179428,20190000000000000003,900200000000000057,1,55.192,354.389,19621.111,2023-03-24 13:00:00.000,L2FT01-FTJ023,26.15,0.000,0.666012,16605,0.435592,0.055345,0,0,1,0.4200,罗湖区,21,21,0,0,0,0,1
2023-03-24,589179428,20190000000000000003,900200000000000057,1,34.624,354.293,12269.333,2023-03-24 13:15:00.000,L2FT01-FTJ023,26.15,0.000,0.666012,16605,0.435592,0.055345,0,0,1,0.4200,罗湖区,21,21,0,0,0,0,1
2023-03-24,589179428,20190000000000000003,900200000000000030,1,142.243,400.531,56989.231,2023-03-24 13:30:00.000,L2FT01-FTJ023,26.15,0.000,0.666012,16605,0.435592,0.055345,0,0,1,0.4200,罗湖区,21,21,0,0,0,0,1
2023-03-24,589179428,20190000000000000003,900200000000000032,1,137.069,389.554,53392.308,2023-03-24 13:30:00.000,L2FT01-FTJ023,26.15,0.000,0.666012,16605,0.435592,0.055345,0,0,1,0.4200,罗湖区,21,21,0,0,0,0,1
2023-03-24,589179428,20190000000000000003,900200000000000057,1,24.790,357.200,8850.000,2023-03-24 13:30:00.000,L2FT01-FTJ023,26.15,0.000,0.666012,16605,0.435592,0.055345,0,0,1,0.4200,罗湖区,21,21,0,0,0,0,1
2023-03-24,589179428,20190000000000000003,900200000000000030,1,103.800,399.133,41423.333,2023-03-24 13:45:00.000,L2FT01-FTJ023,26.15,0.000,0.666012,16605,0.435592,0.055345,0,0,1,0.4200,罗湖区,21,21,0,0,0,0,1
2023-03-24,589179428,20190000000000000003,900200000000000032,1,111.390,409.667,45520.667,2023-03-24 13:45:00.000,L2FT01-FTJ023,26.15,0.000,0.666012,16605,0.435592,0.055345,0,0,1,0.4200,罗湖区,21,21,0,0,0,0,1
2023-03-24,589179428,20190000000000000003,900200000000000040,1,54.511,463.208,25860.000,2023-03-24 13:45:00.000,L2FT01-FTJ023,26.15,0.000,0.666012,16605,0.435592,0.055345,0,0,1,0.4200,罗湖区,21,21,0,0,0,0,1
2023-03-24,589179428,20190000000000000003,900200000000000032,1,71.185,430.280,30592.000,2023-03-24 14:00:00.000,L2FT01-FTJ023,25.43,0.000,0.666012,16605,0.435592,0.055345,0,0,1,0.4200,罗湖区,21,21,0,0,0,0,1
2023-03-24,589179428,20190000000000000003,900200000000000032,1,36.528,437.467,15976.667,2023-03-24 14:15:00.000,L2FT01-FTJ023,25.43,0.000,0.666012,16605,0.435592,0.055345,0,0,1,0.4200,罗湖区,21,21,0,0,0,0,1
2023-03-24,589179428,20190000000000000003,900200000000000049,1,62.196,378.243,23600.000,2023-03-24 15:45:00.000,L2FT01-FTJ023,24.81,0.000,0.666012,16605,0.435592,0.055345,0,0,1,0.4200,罗湖区,21,21,0,0,0,0,1
2023-03-24,589179428,20190000000000000003,900200000000000047,1,121.846,419.212,51097.500,2023-03-24 16:45:00.000,L2FT01-FTJ023,24.33,0.000,0.666012,16605,0.435592,0.055345,0,0,1,0.4200,罗湖区,21,21,0,0,0,0,1
2023-03-24,589179428,20190000000000000003,900200000000000047,1,121.824,433.740,52835.333,2023-03-24 17:00:00.000,L2FT01-FTJ023,24.03,0.000,0.666012,16605,0.435592,0.055345,0,0,1,0.4200,罗湖区,21,21,0,0,0,0,1
2023-03-24,589179428,20190000000000000003,900200000000000042,1,202.827,315.457,63978.571,2023-03-24 17:15:00.000,L2FT01-FTJ023,24.03,0.000,0.666012,16605,0.435592,0.055345,0,0,1,0.4200,罗湖区,21,21,0,0,0,0,1
2023-03-24,589179428,20190000000000000003,900200000000000047,1,92.508,455.273,42028.667,2023-03-24 17:15:00.000,L2FT01-FTJ023,24.03,0.000,0.666012,16605,0.435592,0.055345,0,0,1,0.4200,罗湖区,21,21,0,0,0,0,1
2023-03-24,589179428,20190000000000000003,900200000000000052,1,123.191,397.725,49172.500,2023-03-24 17:15:00.000,L2FT01-FTJ023,24.03,0.000,0.666012,16605,0.435592,0.055345,0,0,1,0.4200,罗湖区,21,21,0,0,0,0,1
2023-03-24,589179428,20190000000000000003,900200000000000042,1,199.196,316.040,62952.000,2023-03-24 17:30:00.000,L2FT01-FTJ023,24.03,0.000,0.666012,16605,0.435592,0.055345,0,0,1,0.4200,罗湖区,21,21,0,0,0,0,1
2023-03-24,589179428,20190000000000000003,900200000000000047,1,27.517,460.833,12675.333,2023-03-24 17:30:00.000,L2FT01-FTJ023,24.03,0.000,0.666012,16605,0.435592,0.055345,0,0,1,0.4200,罗湖区,21,21,0,0,0,0,1
2023-03-24,589179428,20190000000000000003,900200000000000052,1,125.114,416.640,52049.333,2023-03-24 17:30:00.000,L2FT01-FTJ023,24.03,0.000,0.666012,16605,0.435592,0.055345,0,0,1,0.4200,罗湖区,21,21,0,0,0,0,1
2023-03-24,589179428,20190000000000000003,900200000000000044,1,55.396,326.840,19670.000,2023-03-24 17:45:00.000,L2FT01-FTJ023,24.03,0.000,0.666012,16605,0.435592,0.055345,0,0,1,0.4200,罗湖区,21,21,0,0,0,0,1
2023-03-24,589179428,20190000000000000003,900200000000000052,1,89.880,433.853,38956.000,2023-03-24 17:45:00.000,L2FT01-FTJ023,24.03,0.000,0.666012,16605,0.435592,0.055345,0,0,1,0.4200,罗湖区,21,21,0,0,0,0,1
2023-03-24,589179428,20190000000000000003,900200000000000044,1,58.950,354.827,20914.667,2023-03-24 18:00:00.000,L2FT01-FTJ023,23.93,0.000,0.666012,16605,0.435592,0.055345,0,0,1,0.4200,罗湖区,21,21,0,0,0,0,1
2023-03-24,589179428,20190000000000000003,900200000000000052,1,70.719,443.371,31350.000,2023-03-24 18:00:00.000,L2FT01-FTJ023,23.93,0.000,0.666012,16605,0.435592,0.055345,0,0,1,0.4200,罗湖区,21,21,0,0,0,0,1
2023-03-24,589179428,20190000000000000003,900200000000000044,1,29.599,355.342,10510.000,2023-03-24 18:15:00.000,L2FT01-FTJ023,23.93,0.000,0.666012,16605,0.435592,0.055345,0,0,1,0.4200,罗湖区,21,21,0,0,0,0,1
2023-03-24,589179428,20190000000000000003,900200000000000049,1,67.190,340.240,22860.000,2023-03-24 18:30:00.000,L2FT01-FTJ023,23.93,0.000,0.666012,16605,0.435592,0.055345,0,0,1,0.4200,罗湖区,21,21,0,0,0,0,1
2023-03-24,589179428,20190000000000000003,900200000000000049,1,67.190,349.087,23454.000,2023-03-24 18:45:00.000,L2FT01-FTJ023,23.93,0.000,0.666012,16605,0.435592,0.055345,0,0,1,0.4200,罗湖区,21,21,0,0,0,0,1
2023-03-24,589179428,20190000000000000003,900200000000000049,1,61.877,356.175,22035.000,2023-03-24 19:00:00.000,L2FT01-FTJ023,24.03,0.000,0.666012,16605,0.435592,0.055345,0,0,1,0.4200,罗湖区,21,21,0,0,0,0,1
2023-03-24,589179428,20190000000000000003,900200000000000057,1,135.472,354.540,48026.000,2023-03-24 19:30:00.000,L2FT01-FTJ023,24.03,0.000,0.666012,16605,0.435592,0.055345,0,0,1,0.4200,罗湖区,21,21,0,0,0,0,1
2023-03-24,589179428,20190000000000000003,900200000000000030,1,71.977,456.214,33498.571,2023-03-24 19:45:00.000,L2FT01-FTJ023,24.03,0.000,0.666012,16605,0.435592,0.055345,0,0,1,0.4200,罗湖区,21,21,0,0,0,0,1
2023-03-24,589179428,20190000000000000003,900200000000000057,1,122.865,363.567,44619.333,2023-03-24 19:45:00.000,L2FT01-FTJ023,24.03,0.000,0.666012,16605,0.435592,0.055345,0,0,1,0.4200,罗湖区,21,21,0,0,0,0,1
2023-03-24,589179428,20190000000000000003,900200000000000030,1,76.957,468.822,36082.222,2023-03-24 20:00:00.000,L2FT01-FTJ023,24.33,0.000,0.666012,16605,0.435592,0.055345,0,0,1,0.4200,罗湖区,21,21,0,0,0,0,1
2023-03-24,589179428,20190000000000000003,900200000000000057,1,102.045,375.700,38336.250,2023-03-24 20:00:00.000,L2FT01-FTJ023,24.33,0.000,0.666012,16605,0.435592,0.055345,0,0,1,0.4200,罗湖区,21,21,0,0,0,0,1
2023-03-24,589179428,20190000000000000003,900200000000000048,1,96.992,359.925,35140.000,2023-03-24 21:15:00.000,L2FT01-FTJ023,24.81,0.000,0.666012,16605,0.435592,0.055345,0,0,1,0.4200,罗湖区,21,21,0,0,0,0,1
2023-03-24,589179428,20190000000000000003,900200000000000048,1,149.710,366.860,54922.000,2023-03-24 21:30:00.000,L2FT01-FTJ023,24.81,0.000,0.666012,16605,0.435592,0.055345,0,0,1,0.4200,罗湖区,21,21,0,0,0,0,1
2023-03-24,589179428,20190000000000000003,900200000000000048,1,149.664,368.967,55218.667,2023-03-24 21:45:00.000,L2FT01-FTJ023,24.81,0.000,0.666012,16605,0.435592,0.055345,0,0,1,0.4200,罗湖区,21,21,0,0,0,0,1
2023-03-24,589179428,20190000000000000003,900200000000000048,1,142.000,371.760,52787.333,2023-03-24 22:00:00.000,L2FT01-FTJ023,25.43,0.000,0.666012,16605,0.435592,0.055345,0,0,1,0.4200,罗湖区,21,21,0,0,0,0,1
2023-03-24,589179428,20190000000000000003,900200000000000048,1,105.590,371.400,39210.000,2023-03-24 22:15:00.000,L2FT01-FTJ023,25.43,0.000,0.666012,16605,0.435592,0.055345,0,0,1,0.4200,罗湖区,21,21,0,0,0,0,1
2023-03-24,589179428,20190000000000000003,900200000000000044,1,52.523,269.300,16870.000,2023-03-24 23:15:00.000,L2FT01-FTJ023,26.15,0.000,0.666012,16605,0.435592,0.055345,0,0,1,0.4200,罗湖区,21,21,0,0,0,0,1
2023-03-24,589179428,20190000000000000003,900200000000000044,1,70.054,323.447,22656.000,2023-03-24 23:30:00.000,L2FT01-FTJ023,26.15,0.000,0.666012,16605,0.435592,0.055345,0,0,1,0.4200,罗湖区,21,21,0,0,0,0,1
2023-03-24,589179428,20190000000000000003,900200000000000044,1,70.065,324.273,22718.000,2023-03-24 23:45:00.000,L2FT01-FTJ023,26.15,0.000,0.666012,16605,0.435592,0.055345,0,0,1,0.4200,罗湖区,21,21,0,0,0,0,1
2023-03-25,589179428,20190000000000000003,900200000000000044,1,70.000,325.938,22811.538,2023-03-25 00:00:00.000,L2FT01-FTJ023,26.93,0.000,0.666012,16605,0.435592,0.055345,0,0,0,0.4200,罗湖区,21,21,0,0,0,0,1
2023-03-25,589179428,20190000000000000003,900200000000000057,1,154.388,465.345,71301.818,2023-03-25 00:00:00.000,L2FT01-FTJ023,26.93,0.000,0.666012,16605,0.435592,0.055345,0,0,0,0.4200,罗湖区,21,21,0,0,0,0,1
2023-03-25,589179428,20190000000000000003,900200000000000043,1,104.738,361.954,38116.154,2023-03-25 00:15:00.000,L2FT01-FTJ023,26.93,0.000,0.666012,16605,0.435592,0.055345,0,0,0,0.4200,罗湖区,21,21,0,0,0,0,1
2023-03-25,589179428,20190000000000000003,900200000000000057,1,125.871,460.180,57930.000,2023-03-25 00:15:00.000,L2FT01-FTJ023,26.93,0.000,0.666012,16605,0.435592,0.055345,0,0,0,0.4200,罗湖区,21,21,0,0,0,0,1
2023-03-25,589179428,20190000000000000003,900200000000000043,1,86.658,377.400,32672.667,2023-03-25 00:30:00.000,L2FT01-FTJ023,26.93,0.000,0.666012,16605,0.435592,0.055345,0,0,0,0.4200,罗湖区,21,21,0,0,0,0,1
2023-03-25,589179428,20190000000000000003,900200000000000057,1,70.757,456.233,32281.333,2023-03-25 00:30:00.000,L2FT01-FTJ023,26.93,0.000,0.666012,16605,0.435592,0.055345,0,0,0,0.4200,罗湖区,21,21,0,0,0,0,1
2023-03-25,589179428,20190000000000000003,900200000000000043,1,40.485,384.920,15578.000,2023-03-25 00:45:00.000,L2FT01-FTJ023,26.93,0.000,0.666012,16605,0.435592,0.055345,0,0,0,0.4200,罗湖区,21,21,0,0,0,0,1
2023-03-25,589179428,20190000000000000003,900200000000000057,1,45.157,462.156,20863.333,2023-03-25 00:45:00.000,L2FT01-FTJ023,26.93,0.000,0.666012,16605,0.435592,0.055345,0,0,0,0.4200,罗湖区,21,21,0,0,0,0,1
2023-03-25,589179428,20190000000000000003,900200000000000043,1,23.790,387.473,9217.333,2023-03-25 01:00:00.000,L2FT01-FTJ023,27.70,0.000,0.666012,16605,0.435592,0.055345,0,0,0,0.4200,罗湖区,21,21,0,0,0,0,1
2023-03-25,589179428,20190000000000000003,900200000000000056,1,134.934,451.730,61801.000,2023-03-25 01:00:00.000,L2FT01-FTJ023,27.70,0.000,0.666012,16605,0.435592,0.055345,0,0,0,0.4200,罗湖区,21,21,0,0,0,0,1
2023-03-25,589179428,20190000000000000003,900200000000000057,1,200.230,311.546,62377.692,2023-03-25 01:00:00.000,L2FT01-FTJ023,27.70,0.000,0.666012,16605,0.435592,0.055345,0,0,0,0.4200,罗湖区,21,21,0,0,0,0,1
2023-03-25,589179428,20190000000000000003,900200000000000056,1,137.239,459.613,63080.667,2023-03-25 01:15:00.000,L2FT01-FTJ023,27.70,0.000,0.666012,16605,0.435592,0.055345,0,0,0,0.4200,罗湖区,21,21,0,0,0,0,1
2023-03-25,589179428,20190000000000000003,900200000000000057,1,199.946,313.540,62686.667,2023-03-25 01:15:00.000,L2FT01-FTJ023,27.70,0.000,0.666012,16605,0.435592,0.055345,0,0,0,0.4200,罗湖区,21,21,0,0,0,0,1
2023-03-25,589179428,20190000000000000003,900200000000000057,1,201.261,315.733,63542.000,2023-03-25 01:30:00.000,L2FT01-FTJ023,27.70,0.000,0.666012,16605,0.435592,0.055345,0,0,0,0.4200,罗湖区,21,21,0,0,0,0,1
2023-03-25,589179428,20190000000000000003,900200000000000056,1,95.272,458.493,43750.667,2023-03-25 01:30:00.000,L2FT01-FTJ023,27.70,0.000,0.666012,16605,0.435592,0.055345,0,0,0,0.4200,罗湖区,21,21,0,0,0,0,1
2023-03-25,589179428,20190000000000000003,900200000000000056,1,47.438,463.220,21914.000,2023-03-25 01:45:00.000,L2FT01-FTJ023,27.70,0.000,0.666012,16605,0.435592,0.055345,0,0,0,0.4200,罗湖区,21,21,0,0,0,0,1
2023-03-25,589179428,20190000000000000003,900200000000000057,1,182.355,316.827,57772.000,2023-03-25 01:45:00.000,L2FT01-FTJ023,27.70,0.000,0.666012,16605,0.435592,0.055345,0,0,0,0.4200,罗湖区,21,21,0,0,0,0,1
2023-03-25,589179428,20190000000000000003,900200000000000057,1,80.676,318.342,25707.500,2023-03-25 02:00:00.000,L2FT01-FTJ023,28.43,0.000,0.666012,16605,0.435592,0.055345,0,0,0,0.4200,罗湖区,21,21,0,0,0,0,1
2023-03-25,589179428,20190000000000000003,900200000000000039,1,35.750,225.900,11115.000,2023-03-25 02:45:00.000,L2FT01-FTJ023,28.43,0.000,0.666012,16605,0.435592,0.055345,0,0,0,0.4200,罗湖区,21,21,0,0,0,0,1
2023-03-25,589179428,20190000000000000003,900200000000000040,1,127.095,308.750,39240.000,2023-03-25 02:45:00.000,L2FT01-FTJ023,28.43,0.000,0.666012,16605,0.435592,0.055345,0,0,0,0.4200,罗湖区,21,21,0,0,0,0,1
2023-03-25,589179428,20190000000000000003,900200000000000044,1,59.613,298.033,18206.667,2023-03-25 02:45:00.000,L2FT01-FTJ023,28.43,0.000,0.666012,16605,0.435592,0.055345,0,0,0,0.4200,罗湖区,21,21,0,0,0,0,1
2023-03-25,589179428,20190000000000000003,900200000000000039,1,71.317,312.100,22255.333,2023-03-25 03:00:00.000,L2FT01-FTJ023,29.05,0.000,0.666012,16605,0.435592,0.055345,0,0,0,0.4200,罗湖区,21,21,0,0,0,0,1
2023-03-25,589179428,20190000000000000003,900200000000000040,1,129.897,311.120,40412.000,2023-03-25 03:00:00.000,L2FT01-FTJ023,29.05,0.000,0.666012,16605,0.435592,0.055345,0,0,0,0.4200,罗湖区,21,21,0,0,0,0,1
2023-03-25,589179428,20190000000000000003,900200000000000044,1,71.506,307.700,21996.667,2023-03-25 03:00:00.000,L2FT01-FTJ023,29.05,0.000,0.666012,16605,0.435592,0.055345,0,0,0,0.4200,罗湖区,21,21,0,0,0,0,1
2023-03-25,589179428,20190000000000000003,900200000000000039,1,71.290,312.873,22301.333,2023-03-25 03:15:00.000,L2FT01-FTJ023,29.05,0.000,0.666012,16605,0.435592,0.055345,0,0,0,0.4200,罗湖区,21,21,0,0,0,0,1
2023-03-25,589179428,20190000000000000003,900200000000000040,1,129.897,311.973,40522.000,2023-03-25 03:15:00.000,L2FT01-FTJ023,29.05,0.000,0.666012,16605,0.435592,0.055345,0,0,0,0.4200,罗湖区,21,21,0,0,0,0,1
2023-03-25,589179428,20190000000000000003,900200000000000044,1,71.500,308.227,22032.667,2023-03-25 03:15:00.000,L2FT01-FTJ023,29.05,0.000,0.666012,16605,0.435592,0.055345,0,0,0,0.4200,罗湖区,21,21,0,0,0,0,1
2023-03-25,589179428,20190000000000000003,900200000000000044,1,70.963,308.460,21886.667,2023-03-25 03:30:00.000,L2FT01-FTJ023,29.05,0.000,0.666012,16605,0.435592,0.055345,0,0,0,0.4200,罗湖区,21,21,0,0,0,0,1
2023-03-25,589179428,20190000000000000003,900200000000000040,1,129.925,313.587,40739.333,2023-03-25 03:30:00.000,L2FT01-FTJ023,29.05,0.000,0.666012,16605,0.435592,0.055345,0,0,0,0.4200,罗湖区,21,21,0,0,0,0,1
2023-03-25,589179428,20190000000000000003,900200000000000039,1,69.637,314.947,21926.667,2023-03-25 03:30:00.000,L2FT01-FTJ023,29.05,0.000,0.666012,16605,0.435592,0.055345,0,0,0,0.4200,罗湖区,21,21,0,0,0,0,1
2023-03-25,589179428,20190000000000000003,900200000000000031,1,132.590,304.800,40410.000,2023-03-25 03:30:00.000,L2FT01-FTJ023,29.05,0.000,0.666012,16605,0.435592,0.055345,0,0,0,0.4200,罗湖区,21,21,0,0,0,0,1
2023-03-25,589179428,20190000000000000003,900200000000000030,1,160.564,302.014,49779.286,2023-03-25 03:30:00.000,L2FT01-FTJ023,29.05,0.000,0.666012,16605,0.435592,0.055345,0,0,0,0.4200,罗湖区,21,21,0,0,0,0,1
2023-03-25,589179428,20190000000000000003,900200000000000030,1,172.413,311.553,53712.000,2023-03-25 03:45:00.000,L2FT01-FTJ023,29.05,0.000,0.666012,16605,0.435592,0.055345,0,0,0,0.4200,罗湖区,21,21,0,0,0,0,1
2023-03-25,589179428,20190000000000000003,900200000000000031,1,132.812,308.560,40974.667,2023-03-25 03:45:00.000,L2FT01-FTJ023,29.05,0.000,0.666012,16605,0.435592,0.055345,0,0,0,0.4200,罗湖区,21,21,0,0,0,0,1
2023-03-25,589179428,20190000000000000003,900200000000000039,1,45.150,329.300,14826.000,2023-03-25 03:45:00.000,L2FT01-FTJ023,29.05,0.000,0.666012,16605,0.435592,0.055345,0,0,0,0.4200,罗湖区,21,21,0,0,0,0,1
2023-03-25,589179428,20190000000000000003,900200000000000040,1,128.702,314.820,40515.333,2023-03-25 03:45:00.000,L2FT01-FTJ023,29.05,0.000,0.666012,16605,0.435592,0.055345,0,0,0,0.4200,罗湖区,21,21,0,0,0,0,1
2023-03-25,589179428,20190000000000000003,900200000000000044,1,69.890,308.920,21588.000,2023-03-25 03:45:00.000,L2FT01-FTJ023,29.05,0.000,0.666012,16605,0.435592,0.055345,0,0,0,0.4200,罗湖区,21,21,0,0,0,0,1
2023-03-25,589179428,20190000000000000003,900200000000000030,1,174.733,313.793,54826.667,2023-03-25 04:00:00.000,L2FT01-FTJ023,29.53,0.000,0.666012,16605,0.435592,0.055345,0,0,0,0.4200,罗湖区,21,21,0,0,0,0,1
2023-03-25,589179428,20190000000000000003,900200000000000031,1,133.291,310.027,41320.000,2023-03-25 04:00:00.000,L2FT01-FTJ023,29.53,0.000,0.666012,16605,0.435592,0.055345,0,0,0,0.4200,罗湖区,21,21,0,0,0,0,1
2023-03-25,589179428,20190000000000000003,900200000000000040,1,128.693,316.240,40696.667,2023-03-25 04:00:00.000,L2FT01-FTJ023,29.53,0.000,0.666012,16605,0.435592,0.055345,0,0,0,0.4200,罗湖区,21,21,0,0,0,0,1
2023-03-25,589179428,20190000000000000003,900200000000000044,1,70.427,309.820,21816.000,2023-03-25 04:00:00.000,L2FT01-FTJ023,29.53,0.000,0.666012,16605,0.435592,0.055345,0,0,0,0.4200,罗湖区,21,21,0,0,0,0,1
2023-03-25,589179428,20190000000000000003,900200000000000040,1,80.977,325.140,26134.000,2023-03-25 04:15:00.000,L2FT01-FTJ023,29.53,0.000,0.666012,16605,0.435592,0.055345,0,0,0,0.4200,罗湖区,21,21,0,0,0,0,1
2023-03-25,589179428,20190000000000000003,900200000000000044,1,70.005,311.207,21784.000,2023-03-25 04:15:00.000,L2FT01-FTJ023,29.53,0.000,0.666012,16605,0.435592,0.055345,0,0,0,0.4200,罗湖区,21,21,0,0,0,0,1
2023-03-25,589179428,20190000000000000003,900200000000000030,1,174.887,315.387,55152.000,2023-03-25 04:15:00.000,L2FT01-FTJ023,29.53,0.000,0.666012,16605,0.435592,0.055345,0,0,0,0.4200,罗湖区,21,21,0,0,0,0,1
2023-03-25,589179428,20190000000000000003,900200000000000031,1,132.573,311.147,41245.333,2023-03-25 04:15:00.000,L2FT01-FTJ023,29.53,0.000,0.666012,16605,0.435592,0.055345,0,0,0,0.4200,罗湖区,21,21,0,0,0,0,1
2023-03-25,589179428,20190000000000000003,900200000000000030,1,138.375,321.662,44194.615,2023-03-25 04:30:00.000,L2FT01-FTJ023,29.53,0.000,0.666012,16605,0.435592,0.055345,0,0,0,0.4200,罗湖区,21,21,0,0,0,0,1
2023-03-25,589179428,20190000000000000003,900200000000000031,1,132.800,313.073,41570.667,2023-03-25 04:30:00.000,L2FT01-FTJ023,29.53,0.000,0.666012,16605,0.435592,0.055345,0,0,0,0.4200,罗湖区,21,21,0,0,0,0,1
2023-03-25,589179428,20190000000000000003,900200000000000035,1,174.233,396.711,69123.333,2023-03-25 04:30:00.000,L2FT01-FTJ023,29.53,0.000,0.666012,16605,0.435592,0.055345,0,0,0,0.4200,罗湖区,21,21,0,0,0,0,1
2023-03-25,589179428,20190000000000000003,900200000000000044,1,71.285,312.087,22242.000,2023-03-25 04:30:00.000,L2FT01-FTJ023,29.53,0.000,0.666012,16605,0.435592,0.055345,0,0,0,0.4200,罗湖区,21,21,0,0,0,0,1
2023-03-25,589179428,20190000000000000003,900200000000000047,1,93.180,464.700,44228.333,2023-03-25 04:30:00.000,L2FT01-FTJ023,29.53,0.000,0.666012,16605,0.435592,0.055345,0,0,0,0.4200,罗湖区,21,21,0,0,0,0,1
2023-03-25,589179428,20190000000000000003,900200000000000031,1,132.854,313.880,41697.333,2023-03-25 04:45:00.000,L2FT01-FTJ023,29.53,0.000,0.666012,16605,0.435592,0.055345,0,0,0,0.4200,罗湖区,21,21,0,0,0,0,1
2023-03-25,589179428,20190000000000000003,900200000000000035,1,147.395,396.900,58506.000,2023-03-25 04:45:00.000,L2FT01-FTJ023,29.53,0.000,0.666012,16605,0.435592,0.055345,0,0,0,0.4200,罗湖区,21,21,0,0,0,0,1
2023-03-25,589179428,20190000000000000003,900200000000000044,1,71.500,312.527,22340.000,2023-03-25 04:45:00.000,L2FT01-FTJ023,29.53,0.000,0.666012,16605,0.435592,0.055345,0,0,0,0.4200,罗湖区,21,21,0,0,0,0,1
2023-03-25,589179428,20190000000000000003,900200000000000047,1,129.848,477.307,61975.333,2023-03-25 04:45:00.000,L2FT01-FTJ023,29.53,0.000,0.666012,16605,0.435592,0.055345,0,0,0,0.4200,罗湖区,21,21,0,0,0,0,1
2023-03-25,589179428,20190000000000000003,900200000000000047,1,129.872,477.313,61990.000,2023-03-25 05:00:00.000,L2FT01-FTJ023,29.83,0.000,0.666012,16605,0.435592,0.055345,0,0,0,0.4200,罗湖区,21,21,0,0,0,0,1
2023-03-25,589179428,20190000000000000003,900200000000000031,1,132.890,315.060,41867.333,2023-03-25 05:00:00.000,L2FT01-FTJ023,29.83,0.000,0.666012,16605,0.435592,0.055345,0,0,0,0.4200,罗湖区,21,21,0,0,0,0,1
2023-03-25,589179428,20190000000000000003,900200000000000035,1,126.714,398.233,50460.667,2023-03-25 05:00:00.000,L2FT01-FTJ023,29.83,0.000,0.666012,16605,0.435592,0.055345,0,0,0,0.4200,罗湖区,21,21,0,0,0,0,1
2023-03-25,589179428,20190000000000000003,900200000000000044,1,71.500,313.293,22394.667,2023-03-25 05:00:00.000,L2FT01-FTJ023,29.83,0.000,0.666012,16605,0.435592,0.055345,0,0,0,0.4200,罗湖区,21,21,0,0,0,0,1
2023-03-25,589179428,20190000000000000003,900200000000000044,1,65.189,318.650,20700.000,2023-03-25 05:15:00.000,L2FT01-FTJ023,29.83,0.000,0.666012,16605,0.435592,0.055345,0,0,0,0.4200,罗湖区,21,21,0,0,0,0,1
2023-03-25,589179428,20190000000000000003,900200000000000047,1,107.897,476.980,51468.000,2023-03-25 05:15:00.000,L2FT01-FTJ023,29.83,0.000,0.666012,16605,0.435592,0.055345,0,0,0,0.4200,罗湖区,21,21,0,0,0,0,1
2023-03-25,589179428,20190000000000000003,900200000000000031,1,102.990,322.700,32996.667,2023-03-25 05:15:00.000,L2FT01-FTJ023,29.83,0.000,0.666012,16605,0.435592,0.055345,0,0,0,0.4200,罗湖区,21,21,0,0,0,0,1
2023-03-25,589179428,20190000000000000003,900200000000000035,1,98.741,398.320,39327.333,2023-03-25 05:15:00.000,L2FT01-FTJ023,29.83,0.000,0.666012,16605,0.435592,0.055345,0,0,0,0.4200,罗湖区,21,21,0,0,0,0,1
2023-03-25,589179428,20190000000000000003,900200000000000032,1,34.692,342.000,11522.000,2023-03-25 05:30:00.000,L2FT01-FTJ023,29.83,0.000,0.666012,16605,0.435592,0.055345,0,0,0,0.4200,罗湖区,21,21,0,0,0,0,1
2023-03-25,589179428,20190000000000000003,900200000000000035,1,70.542,403.410,28396.000,2023-03-25 05:30:00.000,L2FT01-FTJ023,29.83,0.000,0.666012,16605,0.435592,0.055345,0,0,0,0.4200,罗湖区,21,21,0,0,0,0,1
2023-03-25,589179428,20190000000000000003,900200000000000047,1,100.493,476.827,47923.333,2023-03-25 05:30:00.000,L2FT01-FTJ023,29.83,0.000,0.666012,16605,0.435592,0.055345,0,0,0,0.4200,罗湖区,21,21,0,0,0,0,1
2023-03-25,589179428,20190000000000000003,900200000000000032,1,71.590,337.433,24155.333,2023-03-25 05:45:00.000,L2FT01-FTJ023,29.83,0.000,0.666012,16605,0.435592,0.055345,0,0,0,0.4200,罗湖区,21,21,0,0,0,0,1
2023-03-25,589179428,20190000000000000003,900200000000000047,1,50.835,476.264,24218.182,2023-03-25 05:45:00.000,L2FT01-FTJ023,29.83,0.000,0.666012,16605,0.435592,0.055345,0,0,0,0.4200,罗湖区,21,21,0,0,0,0,1
2023-03-25,589179428,20190000000000000003,900200000000000048,1,93.966,359.829,34132.857,2023-03-25 05:45:00.000,L2FT01-FTJ023,29.83,0.000,0.666012,16605,0.435592,0.055345,0,0,0,0.4200,罗湖区,21,21,0,0,0,0,1
2023-03-25,589179428,20190000000000000003,900200000000000032,1,71.590,346.667,24816.667,2023-03-25 06:00:00.000,L2FT01-FTJ023,29.93,0.000,0.666012,16605,0.435592,0.055345,0,0,0,0.4200,罗湖区,21,21,0,0,0,0,1
2023-03-25,589179428,20190000000000000003,900200000000000048,1,149.863,374.813,56170.000,2023-03-25 06:00:00.000,L2FT01-FTJ023,29.93,0.000,0.666012,16605,0.435592,0.055345,0,0,0,0.4200,罗湖区,21,21,0,0,0,0,1
2023-03-25,589179428,20190000000000000003,900200000000000032,1,71.584,359.273,25716.667,2023-03-25 06:15:00.000,L2FT01-FTJ023,29.93,0.000,0.666012,16605,0.435592,0.055345,0,0,0,0.4200,罗湖区,21,21,0,0,0,0,1
2023-03-25,589179428,20190000000000000003,900200000000000048,1,132.155,392.393,51794.667,2023-03-25 06:15:00.000,L2FT01-FTJ023,29.93,0.000,0.666012,16605,0.435592,0.055345,0,0,0,0.4200,罗湖区,21,21,0,0,0,0,1
2023-03-25,589179428,20190000000000000003,900200000000000032,1,50.444,369.113,18606.667,2023-03-25 06:30:00.000,L2FT01-FTJ023,29.93,0.000,0.666012,16605,0.435592,0.055345,0,0,0,0.4200,罗湖区,21,21,0,0,0,0,1
2023-03-25,589179428,20190000000000000003,900200000000000048,1,77.278,403.393,31149.333,2023-03-25 06:30:00.000,L2FT01-FTJ023,29.93,0.000,0.666012,16605,0.435592,0.055345,0,0,0,0.4200,罗湖区,21,21,0,0,0,0,1
2023-03-25,589179428,20190000000000000003,900200000000000048,1,29.708,405.754,12051.538,2023-03-25 06:45:00.000,L2FT01-FTJ023,29.93,0.000,0.666012,16605,0.435592,0.055345,0,0,0,0.4200,罗湖区,21,21,0,0,0,0,1
2023-03-25,589179428,20190000000000000003,900200000000000032,1,36.817,375.973,13835.333,2023-03-25 06:45:00.000,L2FT01-FTJ023,29.93,0.000,0.666012,16605,0.435592,0.055345,0,0,0,0.4200,罗湖区,21,21,0,0,0,0,1
2023-03-25,589179428,20190000000000000003,900200000000000032,1,12.790,377.529,4827.857,2023-03-25 07:00:00.000,L2FT01-FTJ023,29.83,0.000,0.666012,16605,0.435592,0.055345,0,0,0,0.4200,罗湖区,21,21,0,0,0,0,1
2023-03-25,589179428,20190000000000000003,900200000000000040,1,81.309,325.471,26121.429,2023-03-25 08:30:00.000,L2FT01-FTJ023,29.53,0.000,0.666012,16605,0.435592,0.055345,0,0,0,0.4200,罗湖区,21,21,0,0,0,0,1
2023-03-25,589179428,20190000000000000003,900200000000000040,1,94.985,325.653,30927.333,2023-03-25 08:45:00.000,L2FT01-FTJ023,29.53,0.000,0.666012,16605,0.435592,0.055345,0,0,0,0.4200,罗湖区,21,21,0,0,0,0,1
2023-03-25,589179428,20190000000000000003,900200000000000040,1,95.036,326.907,31064.000,2023-03-25 09:00:00.000,L2FT01-FTJ023,29.05,0.000,0.666012,16605,0.435592,0.055345,0,0,0,0.4200,罗湖区,21,21,0,0,0,0,1
2023-03-25,589179428,20190000000000000003,900200000000000052,1,128.550,350.000,44985.000,2023-03-25 09:00:00.000,L2FT01-FTJ023,29.05,0.000,0.666012,16605,0.435592,0.055345,0,0,0,0.4200,罗湖区,21,21,0,0,0,0,1
2023-03-25,589179428,20190000000000000003,900200000000000040,1,95.080,328.456,31227.778,2023-03-25 09:15:00.000,L2FT01-FTJ023,29.05,0.000,0.666012,16605,0.435592,0.055345,0,0,0,0.4200,罗湖区,21,21,0,0,0,0,1
2023-03-25,589179428,20190000000000000003,900200000000000052,1,123.907,353.480,43794.667,2023-03-25 09:15:00.000,L2FT01-FTJ023,29.05,0.000,0.666012,16605,0.435592,0.055345,0,0,0,0.4200,罗湖区,21,21,0,0,0,0,1
2023-03-25,589179428,20190000000000000003,900200000000000052,1,117.104,354.740,41537.333,2023-03-25 09:30:00.000,L2FT01-FTJ023,29.05,0.000,0.666012,16605,0.435592,0.055345,0,0,0,0.4200,罗湖区,21,21,0,0,0,0,1
2023-03-25,589179428,20190000000000000003,900200000000000052,1,116.300,356.887,41500.667,2023-03-25 09:45:00.000,L2FT01-FTJ023,29.05,0.000,0.666012,16605,0.435592,0.055345,0,0,0,0.4200,罗湖区,21,21,0,0,0,0,1
2023-03-25,589179428,20190000000000000003,900200000000000052,1,82.608,356.327,29477.333,2023-03-25 10:00:00.000,L2FT01-FTJ023,28.43,0.000,0.666012,16605,0.435592,0.055345,0,0,0,0.4200,罗湖区,21,21,0,0,0,0,1
2023-03-25,589179428,20190000000000000003,900200000000000057,1,166.450,398.750,66370.000,2023-03-25 10:15:00.000,L2FT01-FTJ023,28.43,0.000,0.666012,16605,0.435592,0.055345,0,0,0,0.4200,罗湖区,21,21,0,0,0,0,1
2023-03-25,589179428,20190000000000000003,900200000000000052,1,36.333,355.557,12914.286,2023-03-25 10:15:00.000,L2FT01-FTJ023,28.43,0.000,0.666012,16605,0.435592,0.055345,0,0,0,0.4200,罗湖区,21,21,0,0,0,0,1
2023-03-25,589179428,20190000000000000003,900200000000000057,1,141.196,400.400,56557.333,2023-03-25 10:30:00.000,L2FT01-FTJ023,28.43,0.000,0.666012,16605,0.435592,0.055345,0,0,0,0.4200,罗湖区,21,21,0,0,0,0,1
2023-03-25,589179428,20190000000000000003,900200000000000057,1,93.627,399.073,37359.333,2023-03-25 10:45:00.000,L2FT01-FTJ023,28.43,0.000,0.666012,16605,0.435592,0.055345,0,0,0,0.4200,罗湖区,21,21,0,0,0,0,1
2023-03-25,589179428,20190000000000000003,900200000000000032,1,96.690,351.300,33970.000,2023-03-25 10:45:00.000,L2FT01-FTJ023,28.43,0.000,0.666012,16605,0.435592,0.055345,0,0,0,0.4200,罗湖区,21,21,0,0,0,0,1
2023-03-25,589179428,20190000000000000003,900200000000000032,1,93.676,355.820,33326.667,2023-03-25 11:00:00.000,L2FT01-FTJ023,27.70,0.000,0.666012,16605,0.435592,0.055345,0,0,0,0.4200,罗湖区,21,21,0,0,0,0,1
2023-03-25,589179428,20190000000000000003,900200000000000057,1,63.075,402.390,25350.000,2023-03-25 11:00:00.000,L2FT01-FTJ023,27.70,0.000,0.666012,16605,0.435592,0.055345,0,0,0,0.4200,罗湖区,21,21,0,0,0,0,1
2023-03-25,589179428,20190000000000000003,900200000000000032,1,70.552,356.007,25129.286,2023-03-25 11:15:00.000,L2FT01-FTJ023,27.70,0.000,0.666012,16605,0.435592,0.055345,0,0,0,0.4200,罗湖区,21,21,0,0,0,0,1
2023-03-25,589179428,20190000000000000003,900200000000000057,1,94.343,357.408,33714.615,2023-03-25 11:15:00.000,L2FT01-FTJ023,27.70,0.000,0.666012,16605,0.435592,0.055345,0,0,0,0.4200,罗湖区,21,21,0,0,0,0,1
2023-03-25,589179428,20190000000000000003,900200000000000057,1,62.063,355.873,22085.333,2023-03-25 11:30:00.000,L2FT01-FTJ023,27.70,0.000,0.666012,16605,0.435592,0.055345,0,0,0,0.4200,罗湖区,21,21,0,0,0,0,1
2023-03-25,589179428,20190000000000000003,900200000000000057,1,48.590,355.920,17294.000,2023-03-25 11:45:00.000,L2FT01-FTJ023,27.70,0.000,0.666012,16605,0.435592,0.055345,0,0,0,0.4200,罗湖区,21,21,0,0,0,0,1
2023-03-25,589179428,20190000000000000003,900200000000000045,1,64.253,401.878,25897.778,2023-03-25 12:15:00.000,L2FT01-FTJ023,26.93,0.000,0.666012,16605,0.435592,0.055345,0,0,0,0.4200,罗湖区,21,21,0,0,0,0,1
2023-03-25,589179428,20190000000000000003,900200000000000045,1,71.390,410.787,29323.333,2023-03-25 12:30:00.000,L2FT01-FTJ023,26.93,0.000,0.666012,16605,0.435592,0.055345,0,0,0,0.4200,罗湖区,21,21,0,0,0,0,1
2023-03-25,589179428,20190000000000000003,900200000000000045,1,71.390,416.640,29743.333,2023-03-25 12:45:00.000,L2FT01-FTJ023,26.93,0.000,0.666012,16605,0.435592,0.055345,0,0,0,0.4200,罗湖区,21,21,0,0,0,0,1
2023-03-25,589179428,20190000000000000003,900200000000000045,1,70.552,426.027,30054.000,2023-03-25 13:00:00.000,L2FT01-FTJ023,26.15,0.000,0.666012,16605,0.435592,0.055345,0,0,0,0.4200,罗湖区,21,21,0,0,0,0,1
2023-03-25,589179428,20190000000000000003,900200000000000045,1,68.385,439.593,30058.000,2023-03-25 13:15:00.000,L2FT01-FTJ023,26.15,0.000,0.666012,16605,0.435592,0.055345,0,0,0,0.4200,罗湖区,21,21,0,0,0,0,1
2023-03-25,589179428,20190000000000000003,900200000000000047,1,208.260,361.840,75350.000,2023-03-25 13:15:00.000,L2FT01-FTJ023,26.15,0.000,0.666012,16605,0.435592,0.055345,0,0,0,0.4200,罗湖区,21,21,0,0,0,0,1
2023-03-25,589179428,20190000000000000003,900200000000000045,1,62.345,453.867,28276.000,2023-03-25 13:30:00.000,L2FT01-FTJ023,26.15,0.000,0.666012,16605,0.435592,0.055345,0,0,0,0.4200,罗湖区,21,21,0,0,0,0,1
2023-03-25,589179428,20190000000000000003,900200000000000047,1,169.589,370.913,62792.000,2023-03-25 13:30:00.000,L2FT01-FTJ023,26.15,0.000,0.666012,16605,0.435592,0.055345,0,0,0,0.4200,罗湖区,21,21,0,0,0,0,1
2023-03-25,589179428,20190000000000000003,900200000000000047,1,86.613,384.020,33214.000,2023-03-25 13:45:00.000,L2FT01-FTJ023,26.15,0.000,0.666012,16605,0.435592,0.055345,0,0,0,0.4200,罗湖区,21,21,0,0,0,0,1
2023-03-25,589179428,20190000000000000003,900200000000000045,1,25.090,460.033,11537.333,2023-03-25 13:45:00.000,L2FT01-FTJ023,26.15,0.000,0.666012,16605,0.435592,0.055345,0,0,0,0.4200,罗湖区,21,21,0,0,0,0,1
2023-03-25,589179428,20190000000000000003,900200000000000032,1,130.090,309.900,40310.000,2023-03-25 14:30:00.000,L2FT01-FTJ023,25.43,0.000,0.666012,16605,0.435592,0.055345,0,0,0,0.4200,罗湖区,21,21,0,0,0,0,1
2023-03-25,589179428,20190000000000000003,900200000000000032,1,129.884,311.713,40484.000,2023-03-25 14:45:00.000,L2FT01-FTJ023,25.43,0.000,0.666012,16605,0.435592,0.055345,0,0,0,0.4200,罗湖区,21,21,0,0,0,0,1
2023-03-25,589179428,20190000000000000003,900200000000000032,1,130.006,314.373,40866.000,2023-03-25 15:00:00.000,L2FT01-FTJ023,24.81,0.000,0.666012,16605,0.435592,0.055345,0,0,0,0.4200,罗湖区,21,21,0,0,0,0,1
2023-03-25,589179428,20190000000000000003,900200000000000032,1,130.082,316.709,41195.455,2023-03-25 15:15:00.000,L2FT01-FTJ023,24.81,0.000,0.666012,16605,0.435592,0.055345,0,0,0,0.4200,罗湖区,21,21,0,0,0,0,1
2023-03-25,589179428,20190000000000000003,900200000000000035,1,199.832,316.755,63291.818,2023-03-25 16:30:00.000,L2FT01-FTJ023,24.33,0.000,0.666012,16605,0.435592,0.055345,0,0,0,0.4200,罗湖区,21,21,0,0,0,0,1
2023-03-25,589179428,20190000000000000003,900200000000000035,1,199.890,318.900,63740.000,2023-03-25 16:45:00.000,L2FT01-FTJ023,24.33,0.000,0.666012,16605,0.435592,0.055345,0,0,0,0.4200,罗湖区,21,21,0,0,0,0,1
2023-03-25,589179428,20190000000000000003,900200000000000044,1,102.840,441.018,46338.182,2023-03-25 16:45:00.000,L2FT01-FTJ023,24.33,0.000,0.666012,16605,0.435592,0.055345,0,0,0,0.4200,罗湖区,21,21,0,0,0,0,1
2023-03-25,589179428,20190000000000000003,900200000000000044,1,61.557,457.733,28171.667,2023-03-25 17:00:00.000,L2FT01-FTJ023,24.03,0.000,0.666012,16605,0.435592,0.055345,0,0,0,0.4200,罗湖区,21,21,0,0,0,0,1
2023-03-25,589179428,20190000000000000003,900200000000000039,1,143.134,309.660,44322.000,2023-03-25 17:15:00.000,L2FT01-FTJ023,24.03,0.000,0.666012,16605,0.435592,0.055345,0,0,0,0.4200,罗湖区,21,21,0,0,0,0,1
2023-03-25,589179428,20190000000000000003,900200000000000032,1,52.790,304.900,16090.000,2023-03-25 17:30:00.000,L2FT01-FTJ023,24.03,0.000,0.666012,16605,0.435592,0.055345,0,0,0,0.4200,罗湖区,21,21,0,0,0,0,1
2023-03-25,589179428,20190000000000000003,900200000000000043,1,179.456,311.460,55888.000,2023-03-25 17:45:00.000,L2FT01-FTJ023,24.03,0.000,0.666012,16605,0.435592,0.055345,0,0,0,0.4200,罗湖区,21,21,0,0,0,0,1
2023-03-25,589179428,20190000000000000003,900200000000000043,1,179.287,312.793,56074.667,2023-03-25 18:00:00.000,L2FT01-FTJ023,23.93,0.000,0.666012,16605,0.435592,0.055345,0,0,0,0.4200,罗湖区,21,21,0,0,0,0,1
2023-03-25,589179428,20190000000000000003,900200000000000045,1,149.890,314.200,47092.500,2023-03-25 18:00:00.000,L2FT01-FTJ023,23.93,0.000,0.666012,16605,0.435592,0.055345,0,0,0,0.4200,罗湖区,21,21,0,0,0,0,1
2023-03-25,589179428,20190000000000000003,900200000000000043,1,179.207,315.057,56456.429,2023-03-25 18:15:00.000,L2FT01-FTJ023,23.93,0.000,0.666012,16605,0.435592,0.055345,0,0,0,0.4200,罗湖区,21,21,0,0,0,0,1
2023-03-25,589179428,20190000000000000003,900200000000000042,1,99.890,370.291,36989.091,2023-03-25 18:45:00.000,L2FT01-FTJ023,23.93,0.000,0.666012,16605,0.435592,0.055345,0,0,0,0.4200,罗湖区,21,21,0,0,0,0,1
2023-03-25,589179428,20190000000000000003,900200000000000031,1,199.863,316.130,63177.000,2023-03-25 18:45:00.000,L2FT01-FTJ023,23.93,0.000,0.666012,16605,0.435592,0.055345,0,0,0,0.4200,罗湖区,21,21,0,0,0,0,1
2023-03-25,589179428,20190000000000000003,900200000000000031,1,193.528,318.709,61648.182,2023-03-25 19:00:00.000,L2FT01-FTJ023,24.03,0.000,0.666012,16605,0.435592,0.055345,0,0,0,0.4200,罗湖区,21,21,0,0,0,0,1
2023-03-25,589179428,20190000000000000003,900200000000000042,1,63.884,385.587,24618.667,2023-03-25 19:00:00.000,L2FT01-FTJ023,24.03,0.000,0.666012,16605,0.435592,0.055345,0,0,0,0.4200,罗湖区,21,21,0,0,0,0,1
2023-03-25,589179428,20190000000000000003,900200000000000042,1,39.817,394.953,15724.667,2023-03-25 19:15:00.000,L2FT01-FTJ023,24.03,0.000,0.666012,16605,0.435592,0.055345,0,0,0,0.4200,罗湖区,21,21,0,0,0,0,1
2023-03-25,589179428,20190000000000000003,900200000000000042,1,21.871,400.850,8767.000,2023-03-25 19:30:00.000,L2FT01-FTJ023,24.03,0.000,0.666012,16605,0.435592,0.055345,0,0,0,0.4200,罗湖区,21,21,0,0,0,0,1
2023-03-25,589179428,20190000000000000003,900200000000000048,1,63.816,344.208,21964.167,2023-03-25 19:30:00.000,L2FT01-FTJ023,24.03,0.000,0.666012,16605,0.435592,0.055345,0,0,0,0.4200,罗湖区,21,21,0,0,0,0,1
2023-03-25,589179428,20190000000000000003,900200000000000048,1,63.870,355.567,22708.667,2023-03-25 19:45:00.000,L2FT01-FTJ023,24.03,0.000,0.666012,16605,0.435592,0.055345,0,0,0,0.4200,罗湖区,21,21,0,0,0,0,1
2023-03-25,589179428,20190000000000000003,900200000000000037,1,75.284,395.330,29765.000,2023-03-25 20:00:00.000,L2FT01-FTJ023,24.33,0.000,0.666012,16605,0.435592,0.055345,0,0,0,0.4200,罗湖区,21,21,0,0,0,0,1
2023-03-25,589179428,20190000000000000003,900200000000000048,1,42.317,364.253,15408.667,2023-03-25 20:00:00.000,L2FT01-FTJ023,24.33,0.000,0.666012,16605,0.435592,0.055345,0,0,0,0.4200,罗湖区,21,21,0,0,0,0,1
2023-03-25,589179428,20190000000000000003,900200000000000037,1,76.578,401.927,30788.667,2023-03-25 20:15:00.000,L2FT01-FTJ023,24.33,0.000,0.666012,16605,0.435592,0.055345,0,0,0,0.4200,罗湖区,21,21,0,0,0,0,1
2023-03-25,589179428,20190000000000000003,900200000000000048,1,23.157,368.460,8529.333,2023-03-25 20:15:00.000,L2FT01-FTJ023,24.33,0.000,0.666012,16605,0.435592,0.055345,0,0,0,0.4200,罗湖区,21,21,0,0,0,0,1
2023-03-25,589179428,20190000000000000003,900200000000000030,1,210.000,426.400,89540.000,2023-03-25 20:30:00.000,L2FT01-FTJ023,24.33,0.000,0.666012,16605,0.435592,0.055345,0,0,0,0.4200,罗湖区,21,21,0,0,0,0,1
2023-03-25,589179428,20190000000000000003,900200000000000037,1,93.073,415.353,38692.000,2023-03-25 20:30:00.000,L2FT01-FTJ023,24.33,0.000,0.666012,16605,0.435592,0.055345,0,0,0,0.4200,罗湖区,21,21,0,0,0,0,1
2023-03-25,589179428,20190000000000000003,900200000000000048,1,13.290,370.360,4921.333,2023-03-25 20:30:00.000,L2FT01-FTJ023,24.33,0.000,0.666012,16605,0.435592,0.055345,0,0,0,0.4200,罗湖区,21,21,0,0,0,0,1
2023-03-25,589179428,20190000000000000003,900200000000000037,1,51.795,423.817,21946.667,2023-03-25 20:45:00.000,L2FT01-FTJ023,24.33,0.000,0.666012,16605,0.435592,0.055345,0,0,0,0.4200,罗湖区,21,21,0,0,0,0,1
2023-03-25,589179428,20190000000000000003,900200000000000048,1,13.290,371.900,4940.000,2023-03-25 20:45:00.000,L2FT01-FTJ023,24.33,0.000,0.666012,16605,0.435592,0.055345,0,0,0,0.4200,罗湖区,21,21,0,0,0,0,1
2023-03-25,589179428,20190000000000000003,900200000000000030,1,206.918,434.567,89914.667,2023-03-25 20:45:00.000,L2FT01-FTJ023,24.33,0.000,0.666012,16605,0.435592,0.055345,0,0,0,0.4200,罗湖区,21,21,0,0,0,0,1
2023-03-25,589179428,20190000000000000003,900200000000000030,1,130.823,430.653,56476.667,2023-03-25 21:00:00.000,L2FT01-FTJ023,24.81,0.000,0.666012,16605,0.435592,0.055345,0,0,0,0.4200,罗湖区,21,21,0,0,0,0,1
2023-03-25,589179428,20190000000000000003,900200000000000030,1,81.465,429.193,34976.000,2023-03-25 21:15:00.000,L2FT01-FTJ023,24.81,0.000,0.666012,16605,0.435592,0.055345,0,0,0,0.4200,罗湖区,21,21,0,0,0,0,1
2023-03-25,589179428,20190000000000000003,900200000000000030,1,46.740,439.900,20502.500,2023-03-25 21:30:00.000,L2FT01-FTJ023,24.81,0.000,0.666012,16605,0.435592,0.055345,0,0,0,0.4200,罗湖区,21,21,0,0,0,0,1
2023-03-25,589179428,20190000000000000003,900200000000000031,1,179.874,311.060,56039.000,2023-03-25 22:45:00.000,L2FT01-FTJ023,25.43,0.000,0.666012,16605,0.435592,0.055345,0,0,0,0.4200,罗湖区,21,21,0,0,0,0,1
2023-03-25,589179428,20190000000000000003,900200000000000031,1,203.212,313.007,63602.667,2023-03-25 23:00:00.000,L2FT01-FTJ023,26.15,0.000,0.666012,16605,0.435592,0.055345,0,0,0,0.4200,罗湖区,21,21,0,0,0,0,1
2023-03-25,589179428,20190000000000000003,900200000000000031,1,203.093,315.133,63994.667,2023-03-25 23:15:00.000,L2FT01-FTJ023,26.15,0.000,0.666012,16605,0.435592,0.055345,0,0,0,0.4200,罗湖区,21,21,0,0,0,0,1
2023-03-25,589179428,20190000000000000003,900200000000000031,1,198.065,317.373,62850.667,2023-03-25 23:30:00.000,L2FT01-FTJ023,26.15,0.000,0.666012,16605,0.435592,0.055345,0,0,0,0.4200,罗湖区,21,21,0,0,0,0,1
2023-03-25,589179428,20190000000000000003,900200000000000031,1,67.893,322.243,21768.571,2023-03-25 23:45:00.000,L2FT01-FTJ023,26.15,0.000,0.666012,16605,0.435592,0.055345,0,0,0,0.4200,罗湖区,21,21,0,0,0,0,1
2023-03-25,589179428,20190000000000000003,900200000000000040,1,93.057,451.067,43576.667,2023-03-25 23:45:00.000,L2FT01-FTJ023,26.15,0.000,0.666012,16605,0.435592,0.055345,0,0,0,0.4200,罗湖区,21,21,0,0,0,0,1
2023-03-26,589179428,20190000000000000003,900200000000000040,1,121.357,472.700,57380.667,2023-03-26 00:00:00.000,L2FT01-FTJ023,26.93,0.000,0.666012,16605,0.435592,0.055345,0,0,0,0.4200,罗湖区,21,21,0,0,0,0,1
2023-03-26,589179428,20190000000000000003,900200000000000040,1,130.013,472.914,61484.286,2023-03-26 00:15:00.000,L2FT01-FTJ023,26.93,0.000,0.666012,16605,0.435592,0.055345,0,0,0,0.4200,罗湖区,21,21,0,0,0,0,1
2023-03-26,589179428,20190000000000000003,900200000000000057,1,107.380,470.363,51102.500,2023-03-26 00:30:00.000,L2FT01-FTJ023,26.93,0.000,0.666012,16605,0.435592,0.055345,0,0,0,0.4200,罗湖区,21,21,0,0,0,0,1
2023-03-26,589179428,20190000000000000003,900200000000000057,1,114.177,476.392,54391.667,2023-03-26 00:45:00.000,L2FT01-FTJ023,26.93,0.000,0.666012,16605,0.435592,0.055345,0,0,0,0.4200,罗湖区,21,21,0,0,0,0,1
2023-03-26,589179428,20190000000000000003,900200000000000057,1,105.317,476.525,50185.000,2023-03-26 01:00:00.000,L2FT01-FTJ023,27.70,0.000,0.666012,16605,0.435592,0.055345,0,0,0,0.4200,罗湖区,21,21,0,0,0,0,1
2023-03-26,589179428,20190000000000000003,900200000000000057,1,124.310,476.777,59270.000,2023-03-26 01:15:00.000,L2FT01-FTJ023,27.70,0.000,0.666012,16605,0.435592,0.055345,0,0,0,0.4200,罗湖区,21,21,0,0,0,0,1
2023-03-26,589179428,20190000000000000003,900200000000000039,1,115.464,312.067,35893.333,2023-03-26 01:15:00.000,L2FT01-FTJ023,27.70,0.000,0.666012,16605,0.435592,0.055345,0,0,0,0.4200,罗湖区,21,21,0,0,0,0,1
2023-03-26,589179428,20190000000000000003,900200000000000039,1,129.875,311.293,40426.000,2023-03-26 01:30:00.000,L2FT01-FTJ023,27.70,0.000,0.666012,16605,0.435592,0.055345,0,0,0,0.4200,罗湖区,21,21,0,0,0,0,1
2023-03-26,589179428,20190000000000000003,900200000000000057,1,77.353,476.460,36858.667,2023-03-26 01:30:00.000,L2FT01-FTJ023,27.70,0.000,0.666012,16605,0.435592,0.055345,0,0,0,0.4200,罗湖区,21,21,0,0,0,0,1
2023-03-26,589179428,20190000000000000003,900200000000000039,1,129.929,312.687,40624.000,2023-03-26 01:45:00.000,L2FT01-FTJ023,27.70,0.000,0.666012,16605,0.435592,0.055345,0,0,0,0.4200,罗湖区,21,21,0,0,0,0,1
2023-03-26,589179428,20190000000000000003,900200000000000057,1,38.474,476.280,18322.000,2023-03-26 01:45:00.000,L2FT01-FTJ023,27.70,0.000,0.666012,16605,0.435592,0.055345,0,0,0,0.4200,罗湖区,21,21,0,0,0,0,1
2023-03-26,589179428,20190000000000000003,900200000000000039,1,129.935,313.940,40788.667,2023-03-26 02:00:00.000,L2FT01-FTJ023,28.43,0.000,0.666012,16605,0.435592,0.055345,0,0,0,0.4200,罗湖区,21,21,0,0,0,0,1
2023-03-26,589179428,20190000000000000003,900200000000000037,1,121.336,306.911,37236.667,2023-03-26 02:15:00.000,L2FT01-FTJ023,28.43,0.000,0.666012,16605,0.435592,0.055345,0,0,0,0.4200,罗湖区,21,21,0,0,0,0,1
2023-03-26,589179428,20190000000000000003,900200000000000039,1,129.971,315.227,40965.333,2023-03-26 02:15:00.000,L2FT01-FTJ023,28.43,0.000,0.666012,16605,0.435592,0.055345,0,0,0,0.4200,罗湖区,21,21,0,0,0,0,1
2023-03-26,589179428,20190000000000000003,900200000000000037,1,121.247,309.853,37564.667,2023-03-26 02:30:00.000,L2FT01-FTJ023,28.43,0.000,0.666012,16605,0.435592,0.055345,0,0,0,0.4200,罗湖区,21,21,0,0,0,0,1
2023-03-26,589179428,20190000000000000003,900200000000000039,1,81.921,318.700,26020.000,2023-03-26 02:30:00.000,L2FT01-FTJ023,28.43,0.000,0.666012,16605,0.435592,0.055345,0,0,0,0.4200,罗湖区,21,21,0,0,0,0,1
2023-03-26,589179428,20190000000000000003,900200000000000037,1,121.193,310.473,37623.333,2023-03-26 02:45:00.000,L2FT01-FTJ023,28.43,0.000,0.666012,16605,0.435592,0.055345,0,0,0,0.4200,罗湖区,21,21,0,0,0,0,1
2023-03-26,589179428,20190000000000000003,900200000000000037,1,121.311,311.760,37816.000,2023-03-26 03:00:00.000,L2FT01-FTJ023,29.05,0.000,0.666012,16605,0.435592,0.055345,0,0,0,0.4200,罗湖区,21,21,0,0,0,0,1
2023-03-26,589179428,20190000000000000003,900200000000000037,1,121.300,313.367,38006.000,2023-03-26 03:15:00.000,L2FT01-FTJ023,29.05,0.000,0.666012,16605,0.435592,0.055345,0,0,0,0.4200,罗湖区,21,21,0,0,0,0,1
2023-03-26,589179428,20190000000000000003,900200000000000037,1,121.306,314.187,38108.000,2023-03-26 03:30:00.000,L2FT01-FTJ023,29.05,0.000,0.666012,16605,0.435592,0.055345,0,0,0,0.4200,罗湖区,21,21,0,0,0,0,1
2023-03-26,589179428,20190000000000000003,900200000000000037,1,121.300,315.460,38260.667,2023-03-26 03:45:00.000,L2FT01-FTJ023,29.05,0.000,0.666012,16605,0.435592,0.055345,0,0,0,0.4200,罗湖区,21,21,0,0,0,0,1
2023-03-26,589179428,20190000000000000003,900200000000000037,1,79.667,323.180,25537.000,2023-03-26 04:00:00.000,L2FT01-FTJ023,29.53,0.000,0.666012,16605,0.435592,0.055345,0,0,0,0.4200,罗湖区,21,21,0,0,0,0,1
2023-03-26,589179428,20190000000000000003,900200000000000037,1,121.374,309.307,37537.857,2023-03-26 04:30:00.000,L2FT01-FTJ023,29.53,0.000,0.666012,16605,0.435592,0.055345,0,0,0,0.4200,罗湖区,21,21,0,0,0,0,1
2023-03-26,589179428,20190000000000000003,900200000000000037,1,121.300,310.493,37659.333,2023-03-26 04:45:00.000,L2FT01-FTJ023,29.53,0.000,0.666012,16605,0.435592,0.055345,0,0,0,0.4200,罗湖区,21,21,0,0,0,0,1
2023-03-26,589179428,20190000000000000003,900200000000000037,1,121.306,311.213,37748.000,2023-03-26 05:00:00.000,L2FT01-FTJ023,29.83,0.000,0.666012,16605,0.435592,0.055345,0,0,0,0.4200,罗湖区,21,21,0,0,0,0,1
2023-03-26,589179428,20190000000000000003,900200000000000039,1,71.500,306.100,21880.000,2023-03-26 05:00:00.000,L2FT01-FTJ023,29.83,0.000,0.666012,16605,0.435592,0.055345,0,0,0,0.4200,罗湖区,21,21,0,0,0,0,1
2023-03-26,589179428,20190000000000000003,900200000000000037,1,121.312,312.740,37934.667,2023-03-26 05:15:00.000,L2FT01-FTJ023,29.83,0.000,0.666012,16605,0.435592,0.055345,0,0,0,0.4200,罗湖区,21,21,0,0,0,0,1
2023-03-26,589179428,20190000000000000003,900200000000000039,1,86.667,256.900,26176.667,2023-03-26 05:15:00.000,L2FT01-FTJ023,29.83,0.000,0.666012,16605,0.435592,0.055345,0,0,0,0.4200,罗湖区,21,21,0,0,0,0,1
2023-03-26,589179428,20190000000000000003,900200000000000057,1,95.300,333.450,31775.000,2023-03-26 05:15:00.000,L2FT01-FTJ023,29.83,0.000,0.666012,16605,0.435592,0.055345,0,0,0,0.4200,罗湖区,21,21,0,0,0,0,1
2023-03-26,589179428,20190000000000000003,900200000000000037,1,121.342,313.780,38070.000,2023-03-26 05:30:00.000,L2FT01-FTJ023,29.83,0.000,0.666012,16605,0.435592,0.055345,0,0,0,0.4200,罗湖区,21,21,0,0,0,0,1
2023-03-26,589179428,20190000000000000003,900200000000000039,1,129.890,305.253,39646.667,2023-03-26 05:30:00.000,L2FT01-FTJ023,29.83,0.000,0.666012,16605,0.435592,0.055345,0,0,0,0.4200,罗湖区,21,21,0,0,0,0,1
2023-03-26,589179428,20190000000000000003,900200000000000057,1,87.801,332.780,29222.000,2023-03-26 05:30:00.000,L2FT01-FTJ023,29.83,0.000,0.666012,16605,0.435592,0.055345,0,0,0,0.4200,罗湖区,21,21,0,0,0,0,1
2023-03-26,589179428,20190000000000000003,900200000000000037,1,121.312,314.980,38206.000,2023-03-26 05:45:00.000,L2FT01-FTJ023,29.83,0.000,0.666012,16605,0.435592,0.055345,0,0,0,0.4200,罗湖区,21,21,0,0,0,0,1
2023-03-26,589179428,20190000000000000003,900200000000000039,1,129.890,310.220,40293.333,2023-03-26 05:45:00.000,L2FT01-FTJ023,29.83,0.000,0.666012,16605,0.435592,0.055345,0,0,0,0.4200,罗湖区,21,21,0,0,0,0,1
2023-03-26,589179428,20190000000000000003,900200000000000057,1,43.658,330.333,14422.000,2023-03-26 05:45:00.000,L2FT01-FTJ023,29.83,0.000,0.666012,16605,0.435592,0.055345,0,0,0,0.4200,罗湖区,21,21,0,0,0,0,1
2023-03-26,589179428,20190000000000000003,900200000000000057,1,26.000,334.400,8690.000,2023-03-26 06:00:00.000,L2FT01-FTJ023,29.93,0.000,0.666012,16605,0.435592,0.055345,0,0,0,0.4200,罗湖区,21,21,0,0,0,0,1
2023-03-26,589179428,20190000000000000003,900200000000000039,1,129.956,311.587,40488.667,2023-03-26 06:00:00.000,L2FT01-FTJ023,29.93,0.000,0.666012,16605,0.435592,0.055345,0,0,0,0.4200,罗湖区,21,21,0,0,0,0,1
2023-03-26,589179428,20190000000000000003,900200000000000037,1,96.340,319.344,30681.111,2023-03-26 06:00:00.000,L2FT01-FTJ023,29.93,0.000,0.666012,16605,0.435592,0.055345,0,0,0,0.4200,罗湖区,21,21,0,0,0,0,1
2023-03-26,589179428,20190000000000000003,900200000000000039,1,130.000,312.973,40682.000,2023-03-26 06:15:00.000,L2FT01-FTJ023,29.93,0.000,0.666012,16605,0.435592,0.055345,0,0,0,0.4200,罗湖区,21,21,0,0,0,0,1
2023-03-26,589179428,20190000000000000003,900200000000000039,1,130.042,314.500,40896.000,2023-03-26 06:30:00.000,L2FT01-FTJ023,29.93,0.000,0.666012,16605,0.435592,0.055345,0,0,0,0.4200,罗湖区,21,21,0,0,0,0,1
2023-03-26,589179428,20190000000000000003,900200000000000039,1,130.000,316.027,41078.667,2023-03-26 06:45:00.000,L2FT01-FTJ023,29.93,0.000,0.666012,16605,0.435592,0.055345,0,0,0,0.4200,罗湖区,21,21,0,0,0,0,1
2023-03-26,589179428,20190000000000000003,900200000000000039,1,111.918,320.420,35836.000,2023-03-26 07:00:00.000,L2FT01-FTJ023,29.83,0.000,0.666012,16605,0.435592,0.055345,0,0,0,0.4200,罗湖区,21,21,0,0,0,0,1
2023-03-26,589179428,20190000000000000003,900200000000000057,0,0.000,245.900,0.000,2023-03-26 11:15:00.000,L2FT01-FTJ023,27.70,0.000,0.666012,16605,0.435592,0.055345,0,0,0,0.4200,罗湖区,21,21,0,0,0,0,1
2023-03-26,589179428,20190000000000000003,900200000000000057,1,202.648,370.208,74959.167,2023-03-26 11:30:00.000,L2FT01-FTJ023,27.70,0.000,0.666012,16605,0.435592,0.055345,0,0,0,0.4200,罗湖区,21,21,0,0,0,0,1
2023-03-26,589179428,20190000000000000003,900200000000000038,0,0.000,470.000,0.000,2023-03-26 11:45:00.000,L2FT01-FTJ023,27.70,0.000,0.666012,16605,0.435592,0.055345,0,0,0,0.4200,罗湖区,21,21,0,0,0,0,1
2023-03-26,589179428,20190000000000000003,900200000000000032,1,100.094,359.942,36051.667,2023-03-26 12:00:00.000,L2FT01-FTJ023,26.93,0.000,0.666012,16605,0.435592,0.055345,0,0,0,0.4200,罗湖区,21,21,0,0,0,0,1
2023-03-26,589179428,20190000000000000003,900200000000000038,1,108.855,473.727,51789.333,2023-03-26 12:00:00.000,L2FT01-FTJ023,26.93,0.000,0.666012,16605,0.435592,0.055345,0,0,0,0.4200,罗湖区,21,21,0,0,0,0,1
2023-03-26,589179428,20190000000000000003,900200000000000032,1,63.949,363.633,23198.333,2023-03-26 12:15:00.000,L2FT01-FTJ023,26.93,0.000,0.666012,16605,0.435592,0.055345,0,0,0,0.4200,罗湖区,21,21,0,0,0,0,1
2023-03-26,589179428,20190000000000000003,900200000000000038,1,80.773,476.260,38468.667,2023-03-26 12:15:00.000,L2FT01-FTJ023,26.93,0.000,0.666012,16605,0.435592,0.055345,0,0,0,0.4200,罗湖区,21,21,0,0,0,0,1
2023-03-26,589179428,20190000000000000003,900200000000000034,1,79.867,299.033,27833.333,2023-03-26 12:30:00.000,L2FT01-FTJ023,26.93,0.000,0.666012,16605,0.435592,0.055345,0,0,0,0.4200,罗湖区,21,21,0,0,0,0,1
2023-03-26,589179428,20190000000000000003,900200000000000038,1,41.790,476.100,19900.000,2023-03-26 12:30:00.000,L2FT01-FTJ023,26.93,0.000,0.666012,16605,0.435592,0.055345,0,0,0,0.4200,罗湖区,21,21,0,0,0,0,1
2023-03-26,589179428,20190000000000000003,900200000000000034,1,133.349,357.033,47613.333,2023-03-26 12:45:00.000,L2FT01-FTJ023,26.93,0.000,0.666012,16605,0.435592,0.055345,0,0,0,0.4200,罗湖区,21,21,0,0,0,0,1
2023-03-26,589179428,20190000000000000003,900200000000000034,1,109.962,368.747,40511.333,2023-03-26 13:00:00.000,L2FT01-FTJ023,26.15,0.000,0.666012,16605,0.435592,0.055345,0,0,0,0.4200,罗湖区,21,21,0,0,0,0,1
2023-03-26,589179428,20190000000000000003,900200000000000034,1,79.559,383.340,30450.667,2023-03-26 13:15:00.000,L2FT01-FTJ023,26.15,0.000,0.666012,16605,0.435592,0.055345,0,0,0,0.4200,罗湖区,21,21,0,0,0,0,1
2023-03-26,589179428,20190000000000000003,900200000000000045,1,65.485,390.958,25668.333,2023-03-26 13:15:00.000,L2FT01-FTJ023,26.15,0.000,0.666012,16605,0.435592,0.055345,0,0,0,0.4200,罗湖区,21,21,0,0,0,0,1
2023-03-26,589179428,20190000000000000003,900200000000000034,1,42.118,391.267,16471.333,2023-03-26 13:30:00.000,L2FT01-FTJ023,26.15,0.000,0.666012,16605,0.435592,0.055345,0,0,0,0.4200,罗湖区,21,21,0,0,0,0,1
2023-03-26,589179428,20190000000000000003,900200000000000036,1,96.690,309.000,29880.000,2023-03-26 13:30:00.000,L2FT01-FTJ023,26.15,0.000,0.666012,16605,0.435592,0.055345,0,0,0,0.4200,罗湖区,21,21,0,0,0,0,1
2023-03-26,589179428,20190000000000000003,900200000000000045,1,71.377,393.900,28114.667,2023-03-26 13:30:00.000,L2FT01-FTJ023,26.15,0.000,0.666012,16605,0.435592,0.055345,0,0,0,0.4200,罗湖区,21,21,0,0,0,0,1
2023-03-26,589179428,20190000000000000003,900200000000000034,1,11.540,393.113,4535.000,2023-03-26 13:45:00.000,L2FT01-FTJ023,26.15,0.000,0.666012,16605,0.435592,0.055345,0,0,0,0.4200,罗湖区,21,21,0,0,0,0,1
2023-03-26,589179428,20190000000000000003,900200000000000045,1,71.350,395.333,28206.000,2023-03-26 13:45:00.000,L2FT01-FTJ023,26.15,0.000,0.666012,16605,0.435592,0.055345,0,0,0,0.4200,罗湖区,21,21,0,0,0,0,1
2023-03-26,589179428,20190000000000000003,900200000000000045,1,71.290,395.700,28210.000,2023-03-26 14:00:00.000,L2FT01-FTJ023,25.43,0.000,0.666012,16605,0.435592,0.055345,0,0,0,0.4200,罗湖区,21,21,0,0,0,0,1
2023-03-26,589179428,20190000000000000003,900200000000000048,1,117.172,339.592,40021.538,2023-03-26 15:00:00.000,L2FT01-FTJ023,24.81,0.000,0.666012,16605,0.435592,0.055345,0,0,0,0.4200,罗湖区,21,21,0,0,0,0,1
2023-03-26,589179428,20190000000000000003,900200000000000043,1,121.660,405.467,49366.667,2023-03-26 15:15:00.000,L2FT01-FTJ023,24.81,0.000,0.666012,16605,0.435592,0.055345,0,0,0,0.4200,罗湖区,21,21,0,0,0,0,1
2023-03-26,589179428,20190000000000000003,900200000000000048,1,138.067,349.117,48200.000,2023-03-26 15:15:00.000,L2FT01-FTJ023,24.81,0.000,0.666012,16605,0.435592,0.055345,0,0,0,0.4200,罗湖区,21,21,0,0,0,0,1
2023-03-26,589179428,20190000000000000003,900200000000000030,1,188.714,312.923,59140.769,2023-03-26 15:30:00.000,L2FT01-FTJ023,24.81,0.000,0.666012,16605,0.435592,0.055345,0,0,0,0.4200,罗湖区,21,21,0,0,0,0,1
2023-03-26,589179428,20190000000000000003,900200000000000043,1,122.903,415.867,51104.000,2023-03-26 15:30:00.000,L2FT01-FTJ023,24.81,0.000,0.666012,16605,0.435592,0.055345,0,0,0,0.4200,罗湖区,21,21,0,0,0,0,1
2023-03-26,589179428,20190000000000000003,900200000000000043,1,121.848,429.080,52279.333,2023-03-26 15:45:00.000,L2FT01-FTJ023,24.81,0.000,0.666012,16605,0.435592,0.055345,0,0,0,0.4200,罗湖区,21,21,0,0,0,0,1
2023-03-26,589179428,20190000000000000003,900200000000000030,1,199.884,315.920,63142.000,2023-03-26 15:45:00.000,L2FT01-FTJ023,24.81,0.000,0.666012,16605,0.435592,0.055345,0,0,0,0.4200,罗湖区,21,21,0,0,0,0,1
2023-03-26,589179428,20190000000000000003,900200000000000030,1,199.890,317.800,63520.000,2023-03-26 16:00:00.000,L2FT01-FTJ023,24.33,0.000,0.666012,16605,0.435592,0.055345,0,0,0,0.4200,罗湖区,21,21,0,0,0,0,1
2023-03-26,589179428,20190000000000000003,900200000000000043,1,102.787,450.927,46258.667,2023-03-26 16:00:00.000,L2FT01-FTJ023,24.33,0.000,0.666012,16605,0.435592,0.055345,0,0,0,0.4200,罗湖区,21,21,0,0,0,0,1
2023-03-26,589179428,20190000000000000003,900200000000000030,1,77.365,315.438,24412.500,2023-03-26 16:15:00.000,L2FT01-FTJ023,24.33,0.000,0.666012,16605,0.435592,0.055345,0,0,0,0.4200,罗湖区,21,21,0,0,0,0,1
2023-03-26,589179428,20190000000000000003,900200000000000031,1,36.593,418.800,16987.500,2023-03-26 16:15:00.000,L2FT01-FTJ023,24.33,0.000,0.666012,16605,0.435592,0.055345,0,0,0,0.4200,罗湖区,21,21,0,0,0,0,1
2023-03-26,589179428,20190000000000000003,900200000000000043,1,32.543,458.807,14922.667,2023-03-26 16:15:00.000,L2FT01-FTJ023,24.33,0.000,0.666012,16605,0.435592,0.055345,0,0,0,0.4200,罗湖区,21,21,0,0,0,0,1
2023-03-26,589179428,20190000000000000003,900200000000000043,1,135.377,368.473,43784.545,2023-03-26 16:30:00.000,L2FT01-FTJ023,24.33,0.000,0.666012,16605,0.435592,0.055345,0,0,0,0.4200,罗湖区,21,21,0,0,0,0,1
2023-03-26,589179428,20190000000000000003,900200000000000043,1,168.953,320.400,53848.889,2023-03-26 16:45:00.000,L2FT01-FTJ023,24.33,0.000,0.666012,16605,0.435592,0.055345,0,0,0,0.4200,罗湖区,21,21,0,0,0,0,1
2023-03-26,589179428,20190000000000000003,900200000000000040,1,129.880,314.100,40790.000,2023-03-26 17:00:00.000,L2FT01-FTJ023,24.03,0.000,0.666012,16605,0.435592,0.055345,0,0,0,0.4200,罗湖区,21,21,0,0,0,0,1
2023-03-26,589179428,20190000000000000003,900200000000000040,1,129.963,314.811,40911.111,2023-03-26 17:15:00.000,L2FT01-FTJ023,24.03,0.000,0.666012,16605,0.435592,0.055345,0,0,0,0.4200,罗湖区,21,21,0,0,0,0,1
2023-03-26,589179428,20190000000000000003,900200000000000039,1,71.590,311.300,22280.000,2023-03-26 17:45:00.000,L2FT01-FTJ023,24.03,0.000,0.666012,16605,0.435592,0.055345,0,0,0,0.4200,罗湖区,21,21,0,0,0,0,1
2023-03-26,589179428,20190000000000000003,900200000000000040,1,104.464,467.027,49801.333,2023-03-26 17:45:00.000,L2FT01-FTJ023,24.03,0.000,0.666012,16605,0.435592,0.055345,0,0,0,0.4200,罗湖区,21,21,0,0,0,0,1
2023-03-26,589179428,20190000000000000003,900200000000000040,1,83.357,477.167,39773.333,2023-03-26 18:00:00.000,L2FT01-FTJ023,23.93,0.000,0.666012,16605,0.435592,0.055345,0,0,0,0.4200,罗湖区,21,21,0,0,0,0,1
2023-03-26,589179428,20190000000000000003,900200000000000057,1,129.834,314.750,40860.000,2023-03-26 18:15:00.000,L2FT01-FTJ023,23.93,0.000,0.666012,16605,0.435592,0.055345,0,0,0,0.4200,罗湖区,21,21,0,0,0,0,1
2023-03-26,589179428,20190000000000000003,900200000000000048,1,59.793,337.350,21220.000,2023-03-26 18:30:00.000,L2FT01-FTJ023,23.93,0.000,0.666012,16605,0.435592,0.055345,0,0,0,0.4200,罗湖区,21,21,0,0,0,0,1
2023-03-26,589179428,20190000000000000003,900200000000000048,1,60.717,356.400,21636.667,2023-03-26 18:45:00.000,L2FT01-FTJ023,23.93,0.000,0.666012,16605,0.435592,0.055345,0,0,0,0.4200,罗湖区,21,21,0,0,0,0,1
2023-03-26,589179428,20190000000000000003,900200000000000043,1,164.844,310.200,51130.667,2023-03-26 19:00:00.000,L2FT01-FTJ023,24.03,0.000,0.666012,16605,0.435592,0.055345,0,0,0,0.4200,罗湖区,21,21,0,0,0,0,1
2023-03-26,589179428,20190000000000000003,900200000000000048,1,29.187,355.292,10370.769,2023-03-26 19:00:00.000,L2FT01-FTJ023,24.03,0.000,0.666012,16605,0.435592,0.055345,0,0,0,0.4200,罗湖区,21,21,0,0,0,0,1
2023-03-26,589179428,20190000000000000003,900200000000000043,1,164.963,312.313,51516.000,2023-03-26 19:15:00.000,L2FT01-FTJ023,24.03,0.000,0.666012,16605,0.435592,0.055345,0,0,0,0.4200,罗湖区,21,21,0,0,0,0,1
2023-03-26,589179428,20190000000000000003,900200000000000043,1,164.963,314.200,51828.000,2023-03-26 19:30:00.000,L2FT01-FTJ023,24.03,0.000,0.666012,16605,0.435592,0.055345,0,0,0,0.4200,罗湖区,21,21,0,0,0,0,1
2023-03-26,589179428,20190000000000000003,900200000000000043,1,164.941,315.693,52067.333,2023-03-26 19:45:00.000,L2FT01-FTJ023,24.03,0.000,0.666012,16605,0.435592,0.055345,0,0,0,0.4200,罗湖区,21,21,0,0,0,0,1
2023-03-26,589179428,20190000000000000003,900200000000000038,1,94.951,329.600,33831.111,2023-03-26 20:00:00.000,L2FT01-FTJ023,24.33,0.000,0.666012,16605,0.435592,0.055345,0,0,0,0.4200,罗湖区,21,21,0,0,0,0,1
2023-03-26,589179428,20190000000000000003,900200000000000043,1,104.661,322.042,33449.167,2023-03-26 20:00:00.000,L2FT01-FTJ023,24.33,0.000,0.666012,16605,0.435592,0.055345,0,0,0,0.4200,罗湖区,21,21,0,0,0,0,1
2023-03-26,589179428,20190000000000000003,900200000000000048,1,64.891,356.871,23157.857,2023-03-26 20:00:00.000,L2FT01-FTJ023,24.33,0.000,0.666012,16605,0.435592,0.055345,0,0,0,0.4200,罗湖区,21,21,0,0,0,0,1
2023-03-26,589179428,20190000000000000003,900200000000000038,1,116.613,369.927,43092.000,2023-03-26 20:15:00.000,L2FT01-FTJ023,24.33,0.000,0.666012,16605,0.435592,0.055345,0,0,0,0.4200,罗湖区,21,21,0,0,0,0,1
2023-03-26,589179428,20190000000000000003,900200000000000048,1,39.217,357.155,14006.364,2023-03-26 20:15:00.000,L2FT01-FTJ023,24.33,0.000,0.666012,16605,0.435592,0.055345,0,0,0,0.4200,罗湖区,21,21,0,0,0,0,1
2023-03-26,589179428,20190000000000000003,900200000000000052,1,115.862,369.250,42810.000,2023-03-26 20:15:00.000,L2FT01-FTJ023,24.33,0.000,0.666012,16605,0.435592,0.055345,0,0,0,0.4200,罗湖区,21,21,0,0,0,0,1
2023-03-26,589179428,20190000000000000003,900200000000000038,1,75.298,382.700,28784.667,2023-03-26 20:30:00.000,L2FT01-FTJ023,24.33,0.000,0.666012,16605,0.435592,0.055345,0,0,0,0.4200,罗湖区,21,21,0,0,0,0,1
2023-03-26,589179428,20190000000000000003,900200000000000052,1,91.593,382.307,34966.667,2023-03-26 20:30:00.000,L2FT01-FTJ023,24.33,0.000,0.666012,16605,0.435592,0.055345,0,0,0,0.4200,罗湖区,21,21,0,0,0,0,1
2023-03-26,589179428,20190000000000000003,900200000000000052,1,37.493,390.273,14630.000,2023-03-26 20:45:00.000,L2FT01-FTJ023,24.33,0.000,0.666012,16605,0.435592,0.055345,0,0,0,0.4200,罗湖区,21,21,0,0,0,0,1
2023-03-26,589179428,20190000000000000003,900200000000000038,1,28.330,386.593,10951.333,2023-03-26 20:45:00.000,L2FT01-FTJ023,24.33,0.000,0.666012,16605,0.435592,0.055345,0,0,0,0.4200,罗湖区,21,21,0,0,0,0,1
2023-03-26,589179428,20190000000000000003,900200000000000038,1,26.270,389.720,10236.000,2023-03-26 21:00:00.000,L2FT01-FTJ023,24.81,0.000,0.666012,16605,0.435592,0.055345,0,0,0,0.4200,罗湖区,21,21,0,0,0,0,1
2023-03-26,589179428,20190000000000000003,900200000000000044,1,74.895,313.950,23350.000,2023-03-26 21:00:00.000,L2FT01-FTJ023,24.81,0.000,0.666012,16605,0.435592,0.055345,0,0,0,0.4200,罗湖区,21,21,0,0,0,0,1
2023-03-26,589179428,20190000000000000003,900200000000000052,1,14.090,391.025,5507.500,2023-03-26 21:00:00.000,L2FT01-FTJ023,24.81,0.000,0.666012,16605,0.435592,0.055345,0,0,0,0.4200,罗湖区,21,21,0,0,0,0,1
2023-03-26,589179428,20190000000000000003,900200000000000045,1,74.578,340.717,25986.667,2023-03-26 22:15:00.000,L2FT01-FTJ023,25.43,0.000,0.666012,16605,0.435592,0.055345,0,0,0,0.4200,罗湖区,21,21,0,0,0,0,1
2023-03-26,589179428,20190000000000000003,900200000000000045,1,135.039,359.947,48587.333,2023-03-26 22:30:00.000,L2FT01-FTJ023,25.43,0.000,0.666012,16605,0.435592,0.055345,0,0,0,0.4200,罗湖区,21,21,0,0,0,0,1
2023-03-26,589179428,20190000000000000003,900200000000000045,1,100.358,376.113,37697.333,2023-03-26 22:45:00.000,L2FT01-FTJ023,25.43,0.000,0.666012,16605,0.435592,0.055345,0,0,0,0.4200,罗湖区,21,21,0,0,0,0,1
2023-03-26,589179428,20190000000000000003,900200000000000045,1,52.446,385.293,20197.333,2023-03-26 23:00:00.000,L2FT01-FTJ023,26.15,0.000,0.666012,16605,0.435592,0.055345,0,0,0,0.4200,罗湖区,21,21,0,0,0,0,1
2023-03-26,589179428,20190000000000000003,900200000000000045,1,25.934,387.787,10054.000,2023-03-26 23:15:00.000,L2FT01-FTJ023,26.15,0.000,0.666012,16605,0.435592,0.055345,0,0,0,0.4200,罗湖区,21,21,0,0,0,0,1
2023-03-26,589179428,20190000000000000003,900200000000000045,1,25.934,391.070,10140.000,2023-03-26 23:30:00.000,L2FT01-FTJ023,26.15,0.000,0.666012,16605,0.435592,0.055345,0,0,0,0.4200,罗湖区,21,21,0,0,0,0,1
2023-03-27,589179428,20190000000000000003,900200000000000031,1,34.532,344.940,11700.000,2023-03-27 00:00:00.000,L2FT01-FTJ023,26.93,0.000,0.666012,16605,0.435592,0.055345,0,0,1,0.4200,罗湖区,21,21,0,0,0,0,1
2023-03-27,589179428,20190000000000000003,900200000000000031,1,70.997,347.253,24648.667,2023-03-27 00:15:00.000,L2FT01-FTJ023,26.93,0.000,0.666012,16605,0.435592,0.055345,0,0,1,0.4200,罗湖区,21,21,0,0,0,0,1
2023-03-27,589179428,20190000000000000003,900200000000000048,1,149.946,310.544,46560.000,2023-03-27 00:15:00.000,L2FT01-FTJ023,26.93,0.000,0.666012,16605,0.435592,0.055345,0,0,1,0.4200,罗湖区,21,21,0,0,0,0,1
2023-03-27,589179428,20190000000000000003,900200000000000031,1,70.963,360.553,25582.667,2023-03-27 00:30:00.000,L2FT01-FTJ023,26.93,0.000,0.666012,16605,0.435592,0.055345,0,0,1,0.4200,罗湖区,21,21,0,0,0,0,1
2023-03-27,589179428,20190000000000000003,900200000000000048,1,149.877,312.027,46763.333,2023-03-27 00:30:00.000,L2FT01-FTJ023,26.93,0.000,0.666012,16605,0.435592,0.055345,0,0,1,0.4200,罗湖区,21,21,0,0,0,0,1
2023-03-27,589179428,20190000000000000003,900200000000000048,1,149.877,313.353,46961.333,2023-03-27 00:45:00.000,L2FT01-FTJ023,26.93,0.000,0.666012,16605,0.435592,0.055345,0,0,1,0.4200,罗湖区,21,21,0,0,0,0,1
2023-03-27,589179428,20190000000000000003,900200000000000031,1,46.531,369.393,17180.667,2023-03-27 00:45:00.000,L2FT01-FTJ023,26.93,0.000,0.666012,16605,0.435592,0.055345,0,0,1,0.4200,罗湖区,21,21,0,0,0,0,1
2023-03-27,589179428,20190000000000000003,900200000000000031,1,32.803,376.040,12329.333,2023-03-27 01:00:00.000,L2FT01-FTJ023,27.70,0.000,0.666012,16605,0.435592,0.055345,0,0,1,0.4200,罗湖区,21,21,0,0,0,0,1
2023-03-27,589179428,20190000000000000003,900200000000000048,1,149.830,315.020,47197.333,2023-03-27 01:00:00.000,L2FT01-FTJ023,27.70,0.000,0.666012,16605,0.435592,0.055345,0,0,1,0.4200,罗湖区,21,21,0,0,0,0,1
2023-03-27,589179428,20190000000000000003,900200000000000031,1,12.890,377.627,4866.667,2023-03-27 01:15:00.000,L2FT01-FTJ023,27.70,0.000,0.666012,16605,0.435592,0.055345,0,0,1,0.4200,罗湖区,21,21,0,0,0,0,1
2023-03-27,589179428,20190000000000000003,900200000000000048,1,122.743,319.547,39087.333,2023-03-27 01:15:00.000,L2FT01-FTJ023,27.70,0.000,0.666012,16605,0.435592,0.055345,0,0,1,0.4200,罗湖区,21,21,0,0,0,0,1
2023-03-27,589179428,20190000000000000003,900200000000000031,1,12.890,379.160,4886.000,2023-03-27 01:30:00.000,L2FT01-FTJ023,27.70,0.000,0.666012,16605,0.435592,0.055345,0,0,1,0.4200,罗湖区,21,21,0,0,0,0,1
2023-03-27,589179428,20190000000000000003,900200000000000048,1,21.890,328.133,7180.000,2023-03-27 01:30:00.000,L2FT01-FTJ023,27.70,0.000,0.666012,16605,0.435592,0.055345,0,0,1,0.4200,罗湖区,21,21,0,0,0,0,1
2023-03-27,589179428,20190000000000000003,900200000000000031,1,164.791,313.118,51595.455,2023-03-27 01:45:00.000,L2FT01-FTJ023,27.70,0.000,0.666012,16605,0.435592,0.055345,0,0,1,0.4200,罗湖区,21,21,0,0,0,0,1
2023-03-27,589179428,20190000000000000003,900200000000000031,1,165.000,314.780,51934.000,2023-03-27 02:00:00.000,L2FT01-FTJ023,28.43,0.000,0.666012,16605,0.435592,0.055345,0,0,1,0.4200,罗湖区,21,21,0,0,0,0,1
2023-03-27,589179428,20190000000000000003,900200000000000031,1,161.823,316.500,51219.333,2023-03-27 02:15:00.000,L2FT01-FTJ023,28.43,0.000,0.666012,16605,0.435592,0.055345,0,0,1,0.4200,罗湖区,21,21,0,0,0,0,1
2023-03-27,589179428,20190000000000000003,900200000000000045,1,71.319,304.857,21738.571,2023-03-27 02:15:00.000,L2FT01-FTJ023,28.43,0.000,0.666012,16605,0.435592,0.055345,0,0,1,0.4200,罗湖区,21,21,0,0,0,0,1
2023-03-27,589179428,20190000000000000003,900200000000000031,1,86.129,323.444,27661.111,2023-03-27 02:30:00.000,L2FT01-FTJ023,28.43,0.000,0.666012,16605,0.435592,0.055345,0,0,1,0.4200,罗湖区,21,21,0,0,0,0,1
2023-03-27,589179428,20190000000000000003,900200000000000045,1,71.390,307.540,21952.667,2023-03-27 02:30:00.000,L2FT01-FTJ023,28.43,0.000,0.666012,16605,0.435592,0.055345,0,0,1,0.4200,罗湖区,21,21,0,0,0,0,1
2023-03-27,589179428,20190000000000000003,900200000000000048,1,129.884,311.314,40431.429,2023-03-27 02:30:00.000,L2FT01-FTJ023,28.43,0.000,0.666012,16605,0.435592,0.055345,0,0,1,0.4200,罗湖区,21,21,0,0,0,0,1
2023-03-27,589179428,20190000000000000003,900200000000000048,1,129.800,311.613,40442.667,2023-03-27 02:45:00.000,L2FT01-FTJ023,28.43,0.000,0.666012,16605,0.435592,0.055345,0,0,1,0.4200,罗湖区,21,21,0,0,0,0,1
2023-03-27,589179428,20190000000000000003,900200000000000045,1,71.390,308.727,22038.000,2023-03-27 02:45:00.000,L2FT01-FTJ023,28.43,0.000,0.666012,16605,0.435592,0.055345,0,0,1,0.4200,罗湖区,21,21,0,0,0,0,1
2023-03-27,589179428,20190000000000000003,900200000000000039,1,166.545,311.683,52310.000,2023-03-27 03:00:00.000,L2FT01-FTJ023,29.05,0.000,0.666012,16605,0.435592,0.055345,0,0,1,0.4200,罗湖区,21,21,0,0,0,0,1
2023-03-27,589179428,20190000000000000003,900200000000000045,1,71.390,308.800,22040.000,2023-03-27 03:00:00.000,L2FT01-FTJ023,29.05,0.000,0.666012,16605,0.435592,0.055345,0,0,1,0.4200,罗湖区,21,21,0,0,0,0,1
2023-03-27,589179428,20190000000000000003,900200000000000048,1,129.806,312.813,40600.000,2023-03-27 03:00:00.000,L2FT01-FTJ023,29.05,0.000,0.666012,16605,0.435592,0.055345,0,0,1,0.4200,罗湖区,21,21,0,0,0,0,1
2023-03-27,589179428,20190000000000000003,900200000000000039,1,177.990,314.093,55925.333,2023-03-27 03:15:00.000,L2FT01-FTJ023,29.05,0.000,0.666012,16605,0.435592,0.055345,0,0,1,0.4200,罗湖区,21,21,0,0,0,0,1
2023-03-27,589179428,20190000000000000003,900200000000000045,1,71.390,308.880,22048.000,2023-03-27 03:15:00.000,L2FT01-FTJ023,29.05,0.000,0.666012,16605,0.435592,0.055345,0,0,1,0.4200,罗湖区,21,21,0,0,0,0,1
2023-03-27,589179428,20190000000000000003,900200000000000048,1,129.800,314.113,40768.000,2023-03-27 03:15:00.000,L2FT01-FTJ023,29.05,0.000,0.666012,16605,0.435592,0.055345,0,0,1,0.4200,罗湖区,21,21,0,0,0,0,1
2023-03-27,589179428,20190000000000000003,900200000000000039,1,140.942,313.507,44196.667,2023-03-27 03:30:00.000,L2FT01-FTJ023,29.05,0.000,0.666012,16605,0.435592,0.055345,0,0,1,0.4200,罗湖区,21,21,0,0,0,0,1
2023-03-27,589179428,20190000000000000003,900200000000000045,1,71.390,309.160,22068.000,2023-03-27 03:30:00.000,L2FT01-FTJ023,29.05,0.000,0.666012,16605,0.435592,0.055345,0,0,1,0.4200,罗湖区,21,21,0,0,0,0,1
2023-03-27,589179428,20190000000000000003,900200000000000048,1,129.890,316.247,41074.667,2023-03-27 03:30:00.000,L2FT01-FTJ023,29.05,0.000,0.666012,16605,0.435592,0.055345,0,0,1,0.4200,罗湖区,21,21,0,0,0,0,1
2023-03-27,589179428,20190000000000000003,900200000000000039,1,139.459,314.353,43834.667,2023-03-27 03:45:00.000,L2FT01-FTJ023,29.05,0.000,0.666012,16605,0.435592,0.055345,0,0,1,0.4200,罗湖区,21,21,0,0,0,0,1
2023-03-27,589179428,20190000000000000003,900200000000000045,1,71.390,309.840,22117.333,2023-03-27 03:45:00.000,L2FT01-FTJ023,29.05,0.000,0.666012,16605,0.435592,0.055345,0,0,1,0.4200,罗湖区,21,21,0,0,0,0,1
2023-03-27,589179428,20190000000000000003,900200000000000048,1,48.125,327.367,15711.667,2023-03-27 03:45:00.000,L2FT01-FTJ023,29.05,0.000,0.666012,16605,0.435592,0.055345,0,0,1,0.4200,罗湖区,21,21,0,0,0,0,1
2023-03-27,589179428,20190000000000000003,900200000000000045,1,71.377,311.087,22203.333,2023-03-27 04:00:00.000,L2FT01-FTJ023,29.53,0.000,0.666012,16605,0.435592,0.055345,0,0,1,0.4200,罗湖区,21,21,0,0,0,0,1
2023-03-27,589179428,20190000000000000003,900200000000000039,1,136.063,315.787,42964.667,2023-03-27 04:00:00.000,L2FT01-FTJ023,29.53,0.000,0.666012,16605,0.435592,0.055345,0,0,1,0.4200,罗湖区,21,21,0,0,0,0,1
2023-03-27,589179428,20190000000000000003,900200000000000039,1,73.077,322.343,23420.000,2023-03-27 04:15:00.000,L2FT01-FTJ023,29.53,0.000,0.666012,16605,0.435592,0.055345,0,0,1,0.4200,罗湖区,21,21,0,0,0,0,1
2023-03-27,589179428,20190000000000000003,900200000000000045,1,71.370,311.660,22240.000,2023-03-27 04:15:00.000,L2FT01-FTJ023,29.53,0.000,0.666012,16605,0.435592,0.055345,0,0,1,0.4200,罗湖区,21,21,0,0,0,0,1
2023-03-27,589179428,20190000000000000003,900200000000000045,1,71.397,311.813,22260.667,2023-03-27 04:30:00.000,L2FT01-FTJ023,29.53,0.000,0.666012,16605,0.435592,0.055345,0,0,1,0.4200,罗湖区,21,21,0,0,0,0,1
2023-03-27,589179428,20190000000000000003,900200000000000045,1,71.390,312.073,22276.000,2023-03-27 04:45:00.000,L2FT01-FTJ023,29.53,0.000,0.666012,16605,0.435592,0.055345,0,0,1,0.4200,罗湖区,21,21,0,0,0,0,1
2023-03-27,589179428,20190000000000000003,900200000000000045,1,71.363,312.727,22315.333,2023-03-27 05:00:00.000,L2FT01-FTJ023,29.83,0.000,0.666012,16605,0.435592,0.055345,0,0,1,0.4200,罗湖区,21,21,0,0,0,0,1
2023-03-27,589179428,20190000000000000003,900200000000000052,1,129.818,309.070,40118.000,2023-03-27 05:00:00.000,L2FT01-FTJ023,29.83,0.000,0.666012,16605,0.435592,0.055345,0,0,1,0.4200,罗湖区,21,21,0,0,0,0,1
2023-03-27,589179428,20190000000000000003,900200000000000045,1,71.357,313.647,22378.667,2023-03-27 05:15:00.000,L2FT01-FTJ023,29.83,0.000,0.666012,16605,0.435592,0.055345,0,0,1,0.4200,罗湖区,21,21,0,0,0,0,1
2023-03-27,589179428,20190000000000000003,900200000000000052,1,129.949,310.527,40350.000,2023-03-27 05:15:00.000,L2FT01-FTJ023,29.83,0.000,0.666012,16605,0.435592,0.055345,0,0,1,0.4200,罗湖区,21,21,0,0,0,0,1
2023-03-27,589179428,20190000000000000003,900200000000000045,1,71.383,315.527,22522.000,2023-03-27 05:30:00.000,L2FT01-FTJ023,29.83,0.000,0.666012,16605,0.435592,0.055345,0,0,1,0.4200,罗湖区,21,21,0,0,0,0,1
2023-03-27,589179428,20190000000000000003,900200000000000052,1,130.000,311.560,40498.000,2023-03-27 05:30:00.000,L2FT01-FTJ023,29.83,0.000,0.666012,16605,0.435592,0.055345,0,0,1,0.4200,罗湖区,21,21,0,0,0,0,1
2023-03-27,589179428,20190000000000000003,900200000000000052,1,130.926,313.033,40980.667,2023-03-27 05:45:00.000,L2FT01-FTJ023,29.83,0.000,0.666012,16605,0.435592,0.055345,0,0,1,0.4200,罗湖区,21,21,0,0,0,0,1
2023-03-27,589179428,20190000000000000003,900200000000000032,0,0.000,140.200,0.000,2023-03-27 06:00:00.000,L2FT01-FTJ023,29.93,0.000,0.666012,16605,0.435592,0.055345,0,0,1,0.4200,罗湖区,21,21,0,0,0,0,1
2023-03-27,589179428,20190000000000000003,900200000000000052,1,132.800,313.967,41688.667,2023-03-27 06:00:00.000,L2FT01-FTJ023,29.93,0.000,0.666012,16605,0.435592,0.055345,0,0,1,0.4200,罗湖区,21,21,0,0,0,0,1
2023-03-27,589179428,20190000000000000003,900200000000000032,1,66.827,357.353,23880.667,2023-03-27 06:15:00.000,L2FT01-FTJ023,29.93,0.000,0.666012,16605,0.435592,0.055345,0,0,1,0.4200,罗湖区,21,21,0,0,0,0,1
2023-03-27,589179428,20190000000000000003,900200000000000052,1,132.806,315.200,41855.333,2023-03-27 06:15:00.000,L2FT01-FTJ023,29.93,0.000,0.666012,16605,0.435592,0.055345,0,0,1,0.4200,罗湖区,21,21,0,0,0,0,1
2023-03-27,589179428,20190000000000000003,900200000000000052,1,109.661,320.738,35003.077,2023-03-27 06:30:00.000,L2FT01-FTJ023,29.93,0.000,0.666012,16605,0.435592,0.055345,0,0,1,0.4200,罗湖区,21,21,0,0,0,0,1
2023-03-27,589179428,20190000000000000003,900200000000000032,1,44.607,359.911,16031.111,2023-03-27 06:30:00.000,L2FT01-FTJ023,29.93,0.000,0.666012,16605,0.435592,0.055345,0,0,1,0.4200,罗湖区,21,21,0,0,0,0,1
2023-03-27,589179428,20190000000000000003,900200000000000044,1,93.610,362.540,33938.000,2023-03-27 06:45:00.000,L2FT01-FTJ023,29.93,0.000,0.666012,16605,0.435592,0.055345,0,0,1,0.4200,罗湖区,21,21,0,0,0,0,1
2023-03-27,589179428,20190000000000000003,900200000000000044,1,65.125,360.573,23481.333,2023-03-27 07:00:00.000,L2FT01-FTJ023,29.83,0.000,0.666012,16605,0.435592,0.055345,0,0,1,0.4200,罗湖区,21,21,0,0,0,0,1
2023-03-27,589179428,20190000000000000003,900200000000000040,1,30.764,345.371,10862.857,2023-03-27 07:15:00.000,L2FT01-FTJ023,29.83,0.000,0.666012,16605,0.435592,0.055345,0,0,1,0.4200,罗湖区,21,21,0,0,0,0,1
2023-03-27,589179428,20190000000000000003,900200000000000044,1,32.572,364.100,11846.000,2023-03-27 07:15:00.000,L2FT01-FTJ023,29.83,0.000,0.666012,16605,0.435592,0.055345,0,0,1,0.4200,罗湖区,21,21,0,0,0,0,1
2023-03-27,589179428,20190000000000000003,900200000000000052,1,112.472,313.350,35455.000,2023-03-27 07:15:00.000,L2FT01-FTJ023,29.83,0.000,0.666012,16605,0.435592,0.055345,0,0,1,0.4200,罗湖区,21,21,0,0,0,0,1
2023-03-27,589179428,20190000000000000003,900200000000000037,1,28.790,321.100,9240.000,2023-03-27 07:30:00.000,L2FT01-FTJ023,29.83,0.000,0.666012,16605,0.435592,0.055345,0,0,1,0.4200,罗湖区,21,21,0,0,0,0,1
2023-03-27,589179428,20190000000000000003,900200000000000040,1,35.877,356.333,12782.000,2023-03-27 07:30:00.000,L2FT01-FTJ023,29.83,0.000,0.666012,16605,0.435592,0.055345,0,0,1,0.4200,罗湖区,21,21,0,0,0,0,1
2023-03-27,589179428,20190000000000000003,900200000000000044,1,103.390,381.450,39480.000,2023-03-27 07:30:00.000,L2FT01-FTJ023,29.83,0.000,0.666012,16605,0.435592,0.055345,0,0,1,0.4200,罗湖区,21,21,0,0,0,0,1
2023-03-27,589179428,20190000000000000003,900200000000000052,1,149.870,316.447,47423.333,2023-03-27 07:30:00.000,L2FT01-FTJ023,29.83,0.000,0.666012,16605,0.435592,0.055345,0,0,1,0.4200,罗湖区,21,21,0,0,0,0,1
2023-03-27,589179428,20190000000000000003,900200000000000037,1,28.730,323.893,9304.667,2023-03-27 07:45:00.000,L2FT01-FTJ023,29.83,0.000,0.666012,16605,0.435592,0.055345,0,0,1,0.4200,罗湖区,21,21,0,0,0,0,1
2023-03-27,589179428,20190000000000000003,900200000000000040,1,35.890,359.329,12892.857,2023-03-27 07:45:00.000,L2FT01-FTJ023,29.83,0.000,0.666012,16605,0.435592,0.055345,0,0,1,0.4200,罗湖区,21,21,0,0,0,0,1
2023-03-27,589179428,20190000000000000003,900200000000000044,1,105.075,393.493,41330.000,2023-03-27 07:45:00.000,L2FT01-FTJ023,29.83,0.000,0.666012,16605,0.435592,0.055345,0,0,1,0.4200,罗湖区,21,21,0,0,0,0,1
2023-03-27,589179428,20190000000000000003,900200000000000044,1,99.812,404.640,40381.333,2023-03-27 08:00:00.000,L2FT01-FTJ023,29.53,0.000,0.666012,16605,0.435592,0.055345,0,0,1,0.4200,罗湖区,21,21,0,0,0,0,1
2023-03-27,589179428,20190000000000000003,900200000000000037,1,28.690,327.427,9392.667,2023-03-27 08:00:00.000,L2FT01-FTJ023,29.53,0.000,0.666012,16605,0.435592,0.055345,0,0,1,0.4200,罗湖区,21,21,0,0,0,0,1
2023-03-27,589179428,20190000000000000003,900200000000000037,1,28.690,331.920,9520.000,2023-03-27 08:15:00.000,L2FT01-FTJ023,29.53,0.000,0.666012,16605,0.435592,0.055345,0,0,1,0.4200,罗湖区,21,21,0,0,0,0,1
2023-03-27,589179428,20190000000000000003,900200000000000044,1,99.890,416.450,41595.000,2023-03-27 08:15:00.000,L2FT01-FTJ023,29.53,0.000,0.666012,16605,0.435592,0.055345,0,0,1,0.4200,罗湖区,21,21,0,0,0,0,1
2023-03-27,589179428,20190000000000000003,900200000000000037,1,28.690,337.687,9686.667,2023-03-27 08:30:00.000,L2FT01-FTJ023,29.53,0.000,0.666012,16605,0.435592,0.055345,0,0,1,0.4200,罗湖区,21,21,0,0,0,0,1
2023-03-27,589179428,20190000000000000003,900200000000000037,1,28.597,344.087,9838.667,2023-03-27 08:45:00.000,L2FT01-FTJ023,29.53,0.000,0.666012,16605,0.435592,0.055345,0,0,1,0.4200,罗湖区,21,21,0,0,0,0,1
2023-03-27,589179428,20190000000000000003,900200000000000037,1,24.833,349.120,8665.333,2023-03-27 09:00:00.000,L2FT01-FTJ023,29.05,0.000,0.666012,16605,0.435592,0.055345,0,0,1,0.4200,罗湖区,21,21,0,0,0,0,1
2023-03-27,589179428,20190000000000000003,900200000000000037,1,20.894,351.620,7342.000,2023-03-27 09:15:00.000,L2FT01-FTJ023,29.05,0.000,0.666012,16605,0.435592,0.055345,0,0,1,0.4200,罗湖区,21,21,0,0,0,0,1
2023-03-27,589179428,20190000000000000003,900200000000000037,1,23.593,345.067,9660.000,2023-03-27 09:30:00.000,L2FT01-FTJ023,29.05,0.000,0.666012,16605,0.435592,0.055345,0,0,1,0.4200,罗湖区,21,21,0,0,0,0,1
2023-03-27,589179428,20190000000000000003,900200000000000042,1,109.005,352.175,38687.500,2023-03-27 09:30:00.000,L2FT01-FTJ023,29.05,0.000,0.666012,16605,0.435592,0.055345,0,0,1,0.4200,罗湖区,21,21,0,0,0,0,1
2023-03-27,589179428,20190000000000000003,900200000000000042,1,120.239,369.960,44415.333,2023-03-27 09:45:00.000,L2FT01-FTJ023,29.05,0.000,0.666012,16605,0.435592,0.055345,0,0,1,0.4200,罗湖区,21,21,0,0,0,0,1
2023-03-27,589179428,20190000000000000003,900200000000000042,1,75.390,383.160,28855.333,2023-03-27 10:00:00.000,L2FT01-FTJ023,28.43,0.000,0.666012,16605,0.435592,0.055345,0,0,1,0.4200,罗湖区,21,21,0,0,0,0,1
2023-03-27,589179428,20190000000000000003,900200000000000042,1,26.310,386.767,10174.667,2023-03-27 10:15:00.000,L2FT01-FTJ023,28.43,0.000,0.666012,16605,0.435592,0.055345,0,0,1,0.4200,罗湖区,21,21,0,0,0,0,1
2023-03-27,589179428,20190000000000000003,900200000000000042,1,26.370,390.030,10285.000,2023-03-27 10:30:00.000,L2FT01-FTJ023,28.43,0.000,0.666012,16605,0.435592,0.055345,0,0,1,0.4200,罗湖区,21,21,0,0,0,0,1
2023-03-27,589179428,20190000000000000003,900200000000000034,1,91.190,322.100,29370.000,2023-03-27 11:30:00.000,L2FT01-FTJ023,27.70,0.000,0.666012,16605,0.435592,0.055345,0,0,1,0.4200,罗湖区,21,21,0,0,0,0,1
2023-03-27,589179428,20190000000000000003,900200000000000037,1,52.640,335.575,17662.500,2023-03-27 12:00:00.000,L2FT01-FTJ023,26.93,0.000,0.666012,16605,0.435592,0.055345,0,0,1,0.4200,罗湖区,21,21,0,0,0,0,1
2023-03-27,589179428,20190000000000000003,900200000000000030,1,44.803,408.027,18280.000,2023-03-27 12:15:00.000,L2FT01-FTJ023,26.93,0.000,0.666012,16605,0.435592,0.055345,0,0,1,0.4200,罗湖区,21,21,0,0,0,0,1
2023-03-27,589179428,20190000000000000003,900200000000000030,1,44.190,411.113,18166.667,2023-03-27 12:30:00.000,L2FT01-FTJ023,26.93,0.000,0.666012,16605,0.435592,0.055345,0,0,1,0.4200,罗湖区,21,21,0,0,0,0,1
2023-03-27,589179428,20190000000000000003,900200000000000030,1,36.590,413.573,15142.000,2023-03-27 12:45:00.000,L2FT01-FTJ023,26.93,0.000,0.666012,16605,0.435592,0.055345,0,0,1,0.4200,罗湖区,21,21,0,0,0,0,1
2023-03-27,589179428,20190000000000000003,900200000000000030,1,18.892,417.800,7886.667,2023-03-27 13:00:00.000,L2FT01-FTJ023,26.15,0.000,0.666012,16605,0.435592,0.055345,0,0,1,0.4200,罗湖区,21,21,0,0,0,0,1
2023-03-27,589179428,20190000000000000003,900200000000000040,1,34.610,348.933,12115.000,2023-03-27 13:00:00.000,L2FT01-FTJ023,26.15,0.000,0.666012,16605,0.435592,0.055345,0,0,1,0.4200,罗湖区,21,21,0,0,0,0,1
2023-03-27,589179428,20190000000000000003,900200000000000040,1,82.493,363.280,29951.333,2023-03-27 13:15:00.000,L2FT01-FTJ023,26.15,0.000,0.666012,16605,0.435592,0.055345,0,0,1,0.4200,罗湖区,21,21,0,0,0,0,1
2023-03-27,589179428,20190000000000000003,900200000000000040,1,73.777,376.353,27740.667,2023-03-27 13:30:00.000,L2FT01-FTJ023,26.15,0.000,0.666012,16605,0.435592,0.055345,0,0,1,0.4200,罗湖区,21,21,0,0,0,0,1
2023-03-27,589179428,20190000000000000003,900200000000000040,1,53.530,385.307,20621.333,2023-03-27 13:45:00.000,L2FT01-FTJ023,26.15,0.000,0.666012,16605,0.435592,0.055345,0,0,1,0.4200,罗湖区,21,21,0,0,0,0,1
2023-03-27,589179428,20190000000000000003,900200000000000040,1,32.445,389.417,12633.333,2023-03-27 14:00:00.000,L2FT01-FTJ023,25.43,0.000,0.666012,16605,0.435592,0.055345,0,0,1,0.4200,罗湖区,21,21,0,0,0,0,1
2023-03-27,589179428,20190000000000000003,900200000000000047,1,199.902,316.921,63348.571,2023-03-27 16:15:00.000,L2FT01-FTJ023,24.33,0.000,0.666012,16605,0.435592,0.055345,0,0,1,0.4200,罗湖区,21,21,0,0,0,0,1
2023-03-27,589179428,20190000000000000003,900200000000000048,1,90.291,361.512,32752.500,2023-03-27 17:00:00.000,L2FT01-FTJ023,24.03,0.000,0.666012,16605,0.435592,0.055345,0,0,1,0.4200,罗湖区,21,21,0,0,0,0,1
2023-03-27,589179428,20190000000000000003,900200000000000030,1,44.646,434.712,21168.750,2023-03-27 17:15:00.000,L2FT01-FTJ023,24.03,0.000,0.666012,16605,0.435592,0.055345,0,0,1,0.4200,罗湖区,21,21,0,0,0,0,1
2023-03-27,589179428,20190000000000000003,900200000000000044,1,99.893,393.667,39746.667,2023-03-27 17:15:00.000,L2FT01-FTJ023,24.03,0.000,0.666012,16605,0.435592,0.055345,0,0,1,0.4200,罗湖区,21,21,0,0,0,0,1
2023-03-27,589179428,20190000000000000003,900200000000000048,1,129.023,364.380,47012.000,2023-03-27 17:15:00.000,L2FT01-FTJ023,24.03,0.000,0.666012,16605,0.435592,0.055345,0,0,1,0.4200,罗湖区,21,21,0,0,0,0,1
2023-03-27,589179428,20190000000000000003,900200000000000044,1,149.803,403.800,60488.000,2023-03-27 17:30:00.000,L2FT01-FTJ023,24.03,0.000,0.666012,16605,0.435592,0.055345,0,0,1,0.4200,罗湖区,21,21,0,0,0,0,1
2023-03-27,589179428,20190000000000000003,900200000000000048,1,73.119,362.693,26555.333,2023-03-27 17:30:00.000,L2FT01-FTJ023,24.03,0.000,0.666012,16605,0.435592,0.055345,0,0,1,0.4200,罗湖区,21,21,0,0,0,0,1
2023-03-27,589179428,20190000000000000003,900200000000000030,1,63.391,475.973,30171.333,2023-03-27 17:30:00.000,L2FT01-FTJ023,24.03,0.000,0.666012,16605,0.435592,0.055345,0,0,1,0.4200,罗湖区,21,21,0,0,0,0,1
2023-03-27,589179428,20190000000000000003,900200000000000030,1,63.290,476.260,30142.000,2023-03-27 17:45:00.000,L2FT01-FTJ023,24.03,0.000,0.666012,16605,0.435592,0.055345,0,0,1,0.4200,罗湖区,21,21,0,0,0,0,1
2023-03-27,589179428,20190000000000000003,900200000000000044,1,149.790,408.400,61170.000,2023-03-27 17:45:00.000,L2FT01-FTJ023,24.03,0.000,0.666012,16605,0.435592,0.055345,0,0,1,0.4200,罗湖区,21,21,0,0,0,0,1
2023-03-27,589179428,20190000000000000003,900200000000000048,1,20.470,363.220,7434.000,2023-03-27 17:45:00.000,L2FT01-FTJ023,24.03,0.000,0.666012,16605,0.435592,0.055345,0,0,1,0.4200,罗湖区,21,21,0,0,0,0,1
2023-03-27,589179428,20190000000000000003,900200000000000037,1,76.073,460.017,35815.000,2023-03-27 18:00:00.000,L2FT01-FTJ023,23.93,0.000,0.666012,16605,0.435592,0.055345,0,0,1,0.4200,罗湖区,21,21,0,0,0,0,1
2023-03-27,589179428,20190000000000000003,900200000000000037,1,86.645,473.800,41054.000,2023-03-27 18:15:00.000,L2FT01-FTJ023,23.93,0.000,0.666012,16605,0.435592,0.055345,0,0,1,0.4200,罗湖区,21,21,0,0,0,0,1
2023-03-27,589179428,20190000000000000003,900200000000000037,1,84.972,474.150,40285.000,2023-03-27 18:30:00.000,L2FT01-FTJ023,23.93,0.000,0.666012,16605,0.435592,0.055345,0,0,1,0.4200,罗湖区,21,21,0,0,0,0,1
2023-03-27,589179428,20190000000000000003,900200000000000030,1,134.500,281.325,42305.000,2023-03-27 18:45:00.000,L2FT01-FTJ023,23.93,0.000,0.666012,16605,0.435592,0.055345,0,0,1,0.4200,罗湖区,21,21,0,0,0,0,1
2023-03-27,589179428,20190000000000000003,900200000000000030,1,178.969,316.800,56692.667,2023-03-27 19:00:00.000,L2FT01-FTJ023,24.03,0.000,0.666012,16605,0.435592,0.055345,0,0,1,0.4200,罗湖区,21,21,0,0,0,0,1
2023-03-27,589179428,20190000000000000003,900200000000000030,1,174.036,319.710,55616.000,2023-03-27 19:15:00.000,L2FT01-FTJ023,24.03,0.000,0.666012,16605,0.435592,0.055345,0,0,1,0.4200,罗湖区,21,21,0,0,0,0,1
2023-03-27,589179428,20190000000000000003,900200000000000038,1,60.495,351.983,21371.667,2023-03-27 19:45:00.000,L2FT01-FTJ023,24.03,0.000,0.666012,16605,0.435592,0.055345,0,0,1,0.4200,罗湖区,21,21,0,0,0,0,1
2023-03-27,589179428,20190000000000000003,900200000000000038,1,71.290,355.313,25329.333,2023-03-27 20:00:00.000,L2FT01-FTJ023,24.33,0.000,0.666012,16605,0.435592,0.055345,0,0,1,0.4200,罗湖区,21,21,0,0,0,0,1
2023-03-27,589179428,20190000000000000003,900200000000000038,1,71.217,355.960,25349.333,2023-03-27 20:15:00.000,L2FT01-FTJ023,24.33,0.000,0.666012,16605,0.435592,0.055345,0,0,1,0.4200,罗湖区,21,21,0,0,0,0,1
2023-03-27,589179428,20190000000000000003,900200000000000038,1,71.210,357.160,25431.333,2023-03-27 20:30:00.000,L2FT01-FTJ023,24.33,0.000,0.666012,16605,0.435592,0.055345,0,0,1,0.4200,罗湖区,21,21,0,0,0,0,1
2023-03-27,589179428,20190000000000000003,900200000000000038,1,71.230,359.267,25588.667,2023-03-27 20:45:00.000,L2FT01-FTJ023,24.33,0.000,0.666012,16605,0.435592,0.055345,0,0,1,0.4200,罗湖区,21,21,0,0,0,0,1
2023-03-27,589179428,20190000000000000003,900200000000000057,1,199.865,311.509,62253.636,2023-03-27 21:00:00.000,L2FT01-FTJ023,24.81,0.000,0.666012,16605,0.435592,0.055345,0,0,1,0.4200,罗湖区,21,21,0,0,0,0,1
2023-03-27,589179428,20190000000000000003,900200000000000038,1,71.283,360.080,25666.667,2023-03-27 21:00:00.000,L2FT01-FTJ023,24.81,0.000,0.666012,16605,0.435592,0.055345,0,0,1,0.4200,罗湖区,21,21,0,0,0,0,1
2023-03-27,589179428,20190000000000000003,900200000000000057,1,199.800,313.100,62550.000,2023-03-27 21:15:00.000,L2FT01-FTJ023,24.81,0.000,0.666012,16605,0.435592,0.055345,0,0,1,0.4200,罗湖区,21,21,0,0,0,0,1
2023-03-27,589179428,20190000000000000003,900200000000000057,1,168.170,414.914,69770.000,2023-03-27 22:15:00.000,L2FT01-FTJ023,25.43,0.000,0.666012,16605,0.435592,0.055345,0,0,1,0.4200,罗湖区,21,21,0,0,0,0,1
2023-03-27,589179428,20190000000000000003,900200000000000057,1,137.981,417.013,57528.667,2023-03-27 22:30:00.000,L2FT01-FTJ023,25.43,0.000,0.666012,16605,0.435592,0.055345,0,0,1,0.4200,罗湖区,21,21,0,0,0,0,1
2023-03-27,589179428,20190000000000000003,900200000000000034,1,110.204,355.086,39405.714,2023-03-27 23:00:00.000,L2FT01-FTJ023,26.15,0.000,0.666012,16605,0.435592,0.055345,0,0,1,0.4200,罗湖区,21,21,0,0,0,0,1
2023-03-27,589179428,20190000000000000003,900200000000000034,1,142.512,365.107,52026.000,2023-03-27 23:15:00.000,L2FT01-FTJ023,26.15,0.000,0.666012,16605,0.435592,0.055345,0,0,1,0.4200,罗湖区,21,21,0,0,0,0,1
2023-03-27,589179428,20190000000000000003,900200000000000034,1,142.500,367.453,52358.000,2023-03-27 23:30:00.000,L2FT01-FTJ023,26.15,0.000,0.666012,16605,0.435592,0.055345,0,0,1,0.4200,罗湖区,21,21,0,0,0,0,1
2023-03-27,589179428,20190000000000000003,900200000000000034,1,142.500,370.133,52740.000,2023-03-27 23:45:00.000,L2FT01-FTJ023,26.15,0.000,0.666012,16605,0.435592,0.055345,0,0,1,0.4200,罗湖区,21,21,0,0,0,0,1
2023-03-28,589179428,20190000000000000003,900200000000000031,1,148.715,290.633,46358.333,2023-03-28 00:00:00.000,L2FT01-FTJ023,26.93,0.000,0.666012,16605,0.435592,0.055345,0,0,1,0.4200,罗湖区,21,21,0,0,0,0,1
2023-03-28,589179428,20190000000000000003,900200000000000034,1,135.337,371.500,50274.286,2023-03-28 00:00:00.000,L2FT01-FTJ023,26.93,0.000,0.666012,16605,0.435592,0.055345,0,0,1,0.4200,罗湖区,21,21,0,0,0,0,1
2023-03-28,589179428,20190000000000000003,900200000000000038,1,86.533,280.233,26853.333,2023-03-28 00:00:00.000,L2FT01-FTJ023,26.93,0.000,0.666012,16605,0.435592,0.055345,0,0,1,0.4200,罗湖区,21,21,0,0,0,0,1
2023-03-28,589179428,20190000000000000003,900200000000000039,1,71.240,302.900,21580.000,2023-03-28 00:00:00.000,L2FT01-FTJ023,26.93,0.000,0.666012,16605,0.435592,0.055345,0,0,1,0.4200,罗湖区,21,21,0,0,0,0,1
2023-03-28,589179428,20190000000000000003,900200000000000031,1,178.007,312.167,55561.333,2023-03-28 00:15:00.000,L2FT01-FTJ023,26.93,0.000,0.666012,16605,0.435592,0.055345,0,0,1,0.4200,罗湖区,21,21,0,0,0,0,1
2023-03-28,589179428,20190000000000000003,900200000000000038,1,129.848,310.587,40325.333,2023-03-28 00:15:00.000,L2FT01-FTJ023,26.93,0.000,0.666012,16605,0.435592,0.055345,0,0,1,0.4200,罗湖区,21,21,0,0,0,0,1
2023-03-28,589179428,20190000000000000003,900200000000000039,1,71.197,306.193,21798.000,2023-03-28 00:15:00.000,L2FT01-FTJ023,26.93,0.000,0.666012,16605,0.435592,0.055345,0,0,1,0.4200,罗湖区,21,21,0,0,0,0,1
2023-03-28,589179428,20190000000000000003,900200000000000039,1,71.190,308.080,21930.000,2023-03-28 00:30:00.000,L2FT01-FTJ023,26.93,0.000,0.666012,16605,0.435592,0.055345,0,0,1,0.4200,罗湖区,21,21,0,0,0,0,1
2023-03-28,589179428,20190000000000000003,900200000000000031,1,178.060,313.973,55901.333,2023-03-28 00:30:00.000,L2FT01-FTJ023,26.93,0.000,0.666012,16605,0.435592,0.055345,0,0,1,0.4200,罗湖区,21,21,0,0,0,0,1
2023-03-28,589179428,20190000000000000003,900200000000000038,1,129.890,311.860,40504.667,2023-03-28 00:30:00.000,L2FT01-FTJ023,26.93,0.000,0.666012,16605,0.435592,0.055345,0,0,1,0.4200,罗湖区,21,21,0,0,0,0,1
2023-03-28,589179428,20190000000000000003,900200000000000031,1,178.007,315.460,56148.667,2023-03-28 00:45:00.000,L2FT01-FTJ023,26.93,0.000,0.666012,16605,0.435592,0.055345,0,0,1,0.4200,罗湖区,21,21,0,0,0,0,1
2023-03-28,589179428,20190000000000000003,900200000000000038,1,129.890,313.320,40695.333,2023-03-28 00:45:00.000,L2FT01-FTJ023,26.93,0.000,0.666012,16605,0.435592,0.055345,0,0,1,0.4200,罗湖区,21,21,0,0,0,0,1
2023-03-28,589179428,20190000000000000003,900200000000000039,1,71.190,308.253,21945.333,2023-03-28 00:45:00.000,L2FT01-FTJ023,26.93,0.000,0.666012,16605,0.435592,0.055345,0,0,1,0.4200,罗湖区,21,21,0,0,0,0,1
2023-03-28,589179428,20190000000000000003,900200000000000031,1,122.921,322.633,39360.833,2023-03-28 01:00:00.000,L2FT01-FTJ023,27.70,0.000,0.666012,16605,0.435592,0.055345,0,0,1,0.4200,罗湖区,21,21,0,0,0,0,1
2023-03-28,589179428,20190000000000000003,900200000000000038,1,129.890,314.387,40834.000,2023-03-28 01:00:00.000,L2FT01-FTJ023,27.70,0.000,0.666012,16605,0.435592,0.055345,0,0,1,0.4200,罗湖区,21,21,0,0,0,0,1
2023-03-28,589179428,20190000000000000003,900200000000000039,1,71.197,308.373,21954.000,2023-03-28 01:00:00.000,L2FT01-FTJ023,27.70,0.000,0.666012,16605,0.435592,0.055345,0,0,1,0.4200,罗湖区,21,21,0,0,0,0,1
2023-03-28,589179428,20190000000000000003,900200000000000038,1,106.226,319.982,33805.455,2023-03-28 01:15:00.000,L2FT01-FTJ023,27.70,0.000,0.666012,16605,0.435592,0.055345,0,0,1,0.4200,罗湖区,21,21,0,0,0,0,1
2023-03-28,589179428,20190000000000000003,900200000000000039,1,71.190,308.733,21976.667,2023-03-28 01:15:00.000,L2FT01-FTJ023,27.70,0.000,0.666012,16605,0.435592,0.055345,0,0,1,0.4200,罗湖区,21,21,0,0,0,0,1
2023-03-28,589179428,20190000000000000003,900200000000000039,1,71.190,309.367,22022.000,2023-03-28 01:30:00.000,L2FT01-FTJ023,27.70,0.000,0.666012,16605,0.435592,0.055345,0,0,1,0.4200,罗湖区,21,21,0,0,0,0,1
2023-03-28,589179428,20190000000000000003,900200000000000039,1,71.190,310.687,22115.333,2023-03-28 01:45:00.000,L2FT01-FTJ023,27.70,0.000,0.666012,16605,0.435592,0.055345,0,0,1,0.4200,罗湖区,21,21,0,0,0,0,1
2023-03-28,589179428,20190000000000000003,900200000000000056,1,126.569,391.625,49662.500,2023-03-28 02:00:00.000,L2FT01-FTJ023,28.43,0.000,0.666012,16605,0.435592,0.055345,0,0,1,0.4200,罗湖区,21,21,0,0,0,0,1
2023-03-28,589179428,20190000000000000003,900200000000000039,1,71.190,312.147,22220.000,2023-03-28 02:00:00.000,L2FT01-FTJ023,28.43,0.000,0.666012,16605,0.435592,0.055345,0,0,1,0.4200,罗湖区,21,21,0,0,0,0,1
2023-03-28,589179428,20190000000000000003,900200000000000056,1,138.010,395.573,54594.000,2023-03-28 02:15:00.000,L2FT01-FTJ023,28.43,0.000,0.666012,16605,0.435592,0.055345,0,0,1,0.4200,罗湖区,21,21,0,0,0,0,1
2023-03-28,589179428,20190000000000000003,900200000000000039,1,71.190,312.733,22260.000,2023-03-28 02:15:00.000,L2FT01-FTJ023,28.43,0.000,0.666012,16605,0.435592,0.055345,0,0,1,0.4200,罗湖区,21,21,0,0,0,0,1
2023-03-28,589179428,20190000000000000003,900200000000000034,1,70.710,305.667,21615.333,2023-03-28 02:30:00.000,L2FT01-FTJ023,28.43,0.000,0.666012,16605,0.435592,0.055345,0,0,1,0.4200,罗湖区,21,21,0,0,0,0,1
2023-03-28,589179428,20190000000000000003,900200000000000039,1,64.705,317.631,20486.154,2023-03-28 02:30:00.000,L2FT01-FTJ023,28.43,0.000,0.666012,16605,0.435592,0.055345,0,0,1,0.4200,罗湖区,21,21,0,0,0,0,1
2023-03-28,589179428,20190000000000000003,900200000000000056,1,142.923,397.847,56858.000,2023-03-28 02:30:00.000,L2FT01-FTJ023,28.43,0.000,0.666012,16605,0.435592,0.055345,0,0,1,0.4200,罗湖区,21,21,0,0,0,0,1
2023-03-28,589179428,20190000000000000003,900200000000000034,1,71.190,307.760,21906.667,2023-03-28 02:45:00.000,L2FT01-FTJ023,28.43,0.000,0.666012,16605,0.435592,0.055345,0,0,1,0.4200,罗湖区,21,21,0,0,0,0,1
2023-03-28,589179428,20190000000000000003,900200000000000056,1,114.020,398.080,45389.333,2023-03-28 02:45:00.000,L2FT01-FTJ023,28.43,0.000,0.666012,16605,0.435592,0.055345,0,0,1,0.4200,罗湖区,21,21,0,0,0,0,1
2023-03-28,589179428,20190000000000000003,900200000000000034,1,71.190,308.000,21920.000,2023-03-28 03:00:00.000,L2FT01-FTJ023,29.05,0.000,0.666012,16605,0.435592,0.055345,0,0,1,0.4200,罗湖区,21,21,0,0,0,0,1
2023-03-28,589179428,20190000000000000003,900200000000000042,1,129.770,308.275,40005.000,2023-03-28 03:00:00.000,L2FT01-FTJ023,29.05,0.000,0.666012,16605,0.435592,0.055345,0,0,1,0.4200,罗湖区,21,21,0,0,0,0,1
2023-03-28,589179428,20190000000000000003,900200000000000056,1,89.985,398.473,35853.333,2023-03-28 03:00:00.000,L2FT01-FTJ023,29.05,0.000,0.666012,16605,0.435592,0.055345,0,0,1,0.4200,罗湖区,21,21,0,0,0,0,1
2023-03-28,589179428,20190000000000000003,900200000000000034,1,71.190,308.227,21940.667,2023-03-28 03:15:00.000,L2FT01-FTJ023,29.05,0.000,0.666012,16605,0.435592,0.055345,0,0,1,0.4200,罗湖区,21,21,0,0,0,0,1
2023-03-28,589179428,20190000000000000003,900200000000000042,1,129.830,310.893,40361.333,2023-03-28 03:15:00.000,L2FT01-FTJ023,29.05,0.000,0.666012,16605,0.435592,0.055345,0,0,1,0.4200,罗湖区,21,21,0,0,0,0,1
2023-03-28,589179428,20190000000000000003,900200000000000056,1,48.457,401.333,19410.000,2023-03-28 03:15:00.000,L2FT01-FTJ023,29.05,0.000,0.666012,16605,0.435592,0.055345,0,0,1,0.4200,罗湖区,21,21,0,0,0,0,1
2023-03-28,589179428,20190000000000000003,900200000000000034,1,71.117,308.767,21956.000,2023-03-28 03:30:00.000,L2FT01-FTJ023,29.05,0.000,0.666012,16605,0.435592,0.055345,0,0,1,0.4200,罗湖区,21,21,0,0,0,0,1
2023-03-28,589179428,20190000000000000003,900200000000000042,1,129.831,311.520,40441.333,2023-03-28 03:30:00.000,L2FT01-FTJ023,29.05,0.000,0.666012,16605,0.435592,0.055345,0,0,1,0.4200,罗湖区,21,21,0,0,0,0,1
2023-03-28,589179428,20190000000000000003,900200000000000042,1,129.800,312.847,40602.667,2023-03-28 03:45:00.000,L2FT01-FTJ023,29.05,0.000,0.666012,16605,0.435592,0.055345,0,0,1,0.4200,罗湖区,21,21,0,0,0,0,1
2023-03-28,589179428,20190000000000000003,900200000000000034,1,71.103,309.560,22008.667,2023-03-28 03:45:00.000,L2FT01-FTJ023,29.05,0.000,0.666012,16605,0.435592,0.055345,0,0,1,0.4200,罗湖区,21,21,0,0,0,0,1
2023-03-28,589179428,20190000000000000003,900200000000000034,1,71.103,310.513,22076.000,2023-03-28 04:00:00.000,L2FT01-FTJ023,29.53,0.000,0.666012,16605,0.435592,0.055345,0,0,1,0.4200,罗湖区,21,21,0,0,0,0,1
2023-03-28,589179428,20190000000000000003,900200000000000042,1,129.800,313.647,40705.333,2023-03-28 04:00:00.000,L2FT01-FTJ023,29.53,0.000,0.666012,16605,0.435592,0.055345,0,0,1,0.4200,罗湖区,21,21,0,0,0,0,1
2023-03-28,589179428,20190000000000000003,900200000000000034,1,71.097,311.287,22130.000,2023-03-28 04:15:00.000,L2FT01-FTJ023,29.53,0.000,0.666012,16605,0.435592,0.055345,0,0,1,0.4200,罗湖区,21,21,0,0,0,0,1
2023-03-28,589179428,20190000000000000003,900200000000000040,1,146.756,366.283,53764.167,2023-03-28 04:15:00.000,L2FT01-FTJ023,29.53,0.000,0.666012,16605,0.435592,0.055345,0,0,1,0.4200,罗湖区,21,21,0,0,0,0,1
2023-03-28,589179428,20190000000000000003,900200000000000042,1,129.800,314.540,40822.667,2023-03-28 04:15:00.000,L2FT01-FTJ023,29.53,0.000,0.666012,16605,0.435592,0.055345,0,0,1,0.4200,罗湖区,21,21,0,0,0,0,1
2023-03-28,589179428,20190000000000000003,900200000000000034,1,71.090,311.633,22152.000,2023-03-28 04:30:00.000,L2FT01-FTJ023,29.53,0.000,0.666012,16605,0.435592,0.055345,0,0,1,0.4200,罗湖区,21,21,0,0,0,0,1
2023-03-28,589179428,20190000000000000003,900200000000000040,1,122.827,381.840,46848.667,2023-03-28 04:30:00.000,L2FT01-FTJ023,29.53,0.000,0.666012,16605,0.435592,0.055345,0,0,1,0.4200,罗湖区,21,21,0,0,0,0,1
2023-03-28,589179428,20190000000000000003,900200000000000042,1,111.711,316.267,35329.333,2023-03-28 04:30:00.000,L2FT01-FTJ023,29.53,0.000,0.666012,16605,0.435592,0.055345,0,0,1,0.4200,罗湖区,21,21,0,0,0,0,1
2023-03-28,589179428,20190000000000000003,900200000000000034,1,71.103,311.987,22181.333,2023-03-28 04:45:00.000,L2FT01-FTJ023,29.53,0.000,0.666012,16605,0.435592,0.055345,0,0,1,0.4200,罗湖区,21,21,0,0,0,0,1
2023-03-28,589179428,20190000000000000003,900200000000000040,1,92.308,400.567,36925.333,2023-03-28 04:45:00.000,L2FT01-FTJ023,29.53,0.000,0.666012,16605,0.435592,0.055345,0,0,1,0.4200,罗湖区,21,21,0,0,0,0,1
2023-03-28,589179428,20190000000000000003,900200000000000042,1,49.840,324.183,16068.333,2023-03-28 04:45:00.000,L2FT01-FTJ023,29.53,0.000,0.666012,16605,0.435592,0.055345,0,0,1,0.4200,罗湖区,21,21,0,0,0,0,1
2023-03-28,589179428,20190000000000000003,900200000000000034,1,71.137,312.793,22249.333,2023-03-28 05:00:00.000,L2FT01-FTJ023,29.83,0.000,0.666012,16605,0.435592,0.055345,0,0,1,0.4200,罗湖区,21,21,0,0,0,0,1
2023-03-28,589179428,20190000000000000003,900200000000000040,1,44.405,409.167,18167.333,2023-03-28 05:00:00.000,L2FT01-FTJ023,29.83,0.000,0.666012,16605,0.435592,0.055345,0,0,1,0.4200,罗湖区,21,21,0,0,0,0,1
2023-03-28,589179428,20190000000000000003,900200000000000034,1,61.545,319.345,19563.636,2023-03-28 05:15:00.000,L2FT01-FTJ023,29.83,0.000,0.666012,16605,0.435592,0.055345,0,0,1,0.4200,罗湖区,21,21,0,0,0,0,1
2023-03-28,589179428,20190000000000000003,900200000000000040,1,20.203,413.400,8356.000,2023-03-28 05:15:00.000,L2FT01-FTJ023,29.83,0.000,0.666012,16605,0.435592,0.055345,0,0,1,0.4200,罗湖区,21,21,0,0,0,0,1
2023-03-28,589179428,20190000000000000003,900200000000000047,1,50.812,452.010,23490.000,2023-03-28 05:30:00.000,L2FT01-FTJ023,29.83,0.000,0.666012,16605,0.435592,0.055345,0,0,1,0.4200,罗湖区,21,21,0,0,0,0,1
2023-03-28,589179428,20190000000000000003,900200000000000040,1,14.857,414.600,6160.000,2023-03-28 05:30:00.000,L2FT01-FTJ023,29.83,0.000,0.666012,16605,0.435592,0.055345,0,0,1,0.4200,罗湖区,21,21,0,0,0,0,1
2023-03-28,589179428,20190000000000000003,900200000000000037,1,35.310,344.873,12174.667,2023-03-28 05:45:00.000,L2FT01-FTJ023,29.83,0.000,0.666012,16605,0.435592,0.055345,0,0,1,0.4200,罗湖区,21,21,0,0,0,0,1
2023-03-28,589179428,20190000000000000003,900200000000000047,1,64.100,468.333,30018.667,2023-03-28 05:45:00.000,L2FT01-FTJ023,29.83,0.000,0.666012,16605,0.435592,0.055345,0,0,1,0.4200,罗湖区,21,21,0,0,0,0,1
2023-03-28,589179428,20190000000000000003,900200000000000037,1,35.290,348.580,12300.667,2023-03-28 06:00:00.000,L2FT01-FTJ023,29.93,0.000,0.666012,16605,0.435592,0.055345,0,0,1,0.4200,罗湖区,21,21,0,0,0,0,1
2023-03-28,589179428,20190000000000000003,900200000000000045,1,126.209,461.300,59389.091,2023-03-28 06:00:00.000,L2FT01-FTJ023,29.93,0.000,0.666012,16605,0.435592,0.055345,0,0,1,0.4200,罗湖区,21,21,0,0,0,0,1
2023-03-28,589179428,20190000000000000003,900200000000000047,1,64.012,468.233,29970.000,2023-03-28 06:00:00.000,L2FT01-FTJ023,29.93,0.000,0.666012,16605,0.435592,0.055345,0,0,1,0.4200,罗湖区,21,21,0,0,0,0,1
2023-03-28,589179428,20190000000000000003,900200000000000037,1,35.290,348.900,12310.000,2023-03-28 06:15:00.000,L2FT01-FTJ023,29.93,0.000,0.666012,16605,0.435592,0.055345,0,0,1,0.4200,罗湖区,21,21,0,0,0,0,1
2023-03-28,589179428,20190000000000000003,900200000000000039,1,129.845,311.225,40407.500,2023-03-28 06:15:00.000,L2FT01-FTJ023,29.93,0.000,0.666012,16605,0.435592,0.055345,0,0,1,0.4200,罗湖区,21,21,0,0,0,0,1
2023-03-28,589179428,20190000000000000003,900200000000000045,1,145.790,472.307,68863.333,2023-03-28 06:15:00.000,L2FT01-FTJ023,29.93,0.000,0.666012,16605,0.435592,0.055345,0,0,1,0.4200,罗湖区,21,21,0,0,0,0,1
2023-03-28,589179428,20190000000000000003,900200000000000047,1,64.045,468.200,29985.000,2023-03-28 06:15:00.000,L2FT01-FTJ023,29.93,0.000,0.666012,16605,0.435592,0.055345,0,0,1,0.4200,罗湖区,21,21,0,0,0,0,1
2023-03-28,589179428,20190000000000000003,900200000000000039,1,129.929,312.511,40601.111,2023-03-28 06:30:00.000,L2FT01-FTJ023,29.93,0.000,0.666012,16605,0.435592,0.055345,0,0,1,0.4200,罗湖区,21,21,0,0,0,0,1
2023-03-28,589179428,20190000000000000003,900200000000000045,1,90.019,472.087,42496.667,2023-03-28 06:30:00.000,L2FT01-FTJ023,29.93,0.000,0.666012,16605,0.435592,0.055345,0,0,1,0.4200,罗湖区,21,21,0,0,0,0,1
2023-03-28,589179428,20190000000000000003,900200000000000045,1,90.790,472.200,42870.000,2023-03-28 06:45:00.000,L2FT01-FTJ023,29.93,0.000,0.666012,16605,0.435592,0.055345,0,0,1,0.4200,罗湖区,21,21,0,0,0,0,1
2023-03-28,589179428,20190000000000000003,900200000000000035,1,42.034,362.050,15050.000,2023-03-28 07:15:00.000,L2FT01-FTJ023,29.83,0.000,0.666012,16605,0.435592,0.055345,0,0,1,0.4200,罗湖区,21,21,0,0,0,0,1
2023-03-28,589179428,20190000000000000003,900200000000000035,1,47.963,365.560,17530.000,2023-03-28 07:30:00.000,L2FT01-FTJ023,29.83,0.000,0.666012,16605,0.435592,0.055345,0,0,1,0.4200,罗湖区,21,21,0,0,0,0,1
2023-03-28,589179428,20190000000000000003,900200000000000035,1,47.927,372.187,17833.333,2023-03-28 07:45:00.000,L2FT01-FTJ023,29.83,0.000,0.666012,16605,0.435592,0.055345,0,0,1,0.4200,罗湖区,21,21,0,0,0,0,1
2023-03-28,589179428,20190000000000000003,900200000000000031,1,25.893,388.667,10086.667,2023-03-28 11:15:00.000,L2FT01-FTJ023,27.70,0.000,0.666012,16605,0.435592,0.055345,0,0,1,0.4200,罗湖区,21,21,0,0,0,0,1
2023-03-28,589179428,20190000000000000003,900200000000000031,1,38.397,394.300,15139.333,2023-03-28 11:30:00.000,L2FT01-FTJ023,27.70,0.000,0.666012,16605,0.435592,0.055345,0,0,1,0.4200,罗湖区,21,21,0,0,0,0,1
2023-03-28,589179428,20190000000000000003,900200000000000043,1,36.000,256.850,11015.000,2023-03-28 11:30:00.000,L2FT01-FTJ023,27.70,0.000,0.666012,16605,0.435592,0.055345,0,0,1,0.4200,罗湖区,21,21,0,0,0,0,1
2023-03-28,589179428,20190000000000000003,900200000000000031,1,39.050,401.880,15695.333,2023-03-28 11:45:00.000,L2FT01-FTJ023,27.70,0.000,0.666012,16605,0.435592,0.055345,0,0,1,0.4200,罗湖区,21,21,0,0,0,0,1
2023-03-28,589179428,20190000000000000003,900200000000000031,1,35.330,406.720,14376.000,2023-03-28 12:00:00.000,L2FT01-FTJ023,26.93,0.000,0.666012,16605,0.435592,0.055345,0,0,1,0.4200,罗湖区,21,21,0,0,0,0,1
2023-03-28,589179428,20190000000000000003,900200000000000056,1,24.848,385.746,9585.385,2023-03-28 12:30:00.000,L2FT01-FTJ023,26.93,0.000,0.666012,16605,0.435592,0.055345,0,0,1,0.4200,罗湖区,21,21,0,0,0,0,1
2023-03-28,589179428,20190000000000000003,900200000000000056,1,23.612,388.311,9167.778,2023-03-28 12:45:00.000,L2FT01-FTJ023,26.93,0.000,0.666012,16605,0.435592,0.055345,0,0,1,0.4200,罗湖区,21,21,0,0,0,0,1
2023-03-28,589179428,20190000000000000003,900200000000000049,1,149.230,311.460,46480.000,2023-03-28 13:00:00.000,L2FT01-FTJ023,26.15,0.000,0.666012,16605,0.435592,0.055345,0,0,1,0.4200,罗湖区,21,21,0,0,0,0,1
2023-03-28,589179428,20190000000000000003,900200000000000045,1,114.979,431.633,50041.333,2023-03-28 13:15:00.000,L2FT01-FTJ023,26.15,0.000,0.666012,16605,0.435592,0.055345,0,0,1,0.4200,罗湖区,21,21,0,0,0,0,1
2023-03-28,589179428,20190000000000000003,900200000000000049,1,149.883,314.513,47136.667,2023-03-28 13:15:00.000,L2FT01-FTJ023,26.15,0.000,0.666012,16605,0.435592,0.055345,0,0,1,0.4200,罗湖区,21,21,0,0,0,0,1
2023-03-28,589179428,20190000000000000003,900200000000000045,1,83.613,455.127,37979.333,2023-03-28 13:30:00.000,L2FT01-FTJ023,26.15,0.000,0.666012,16605,0.435592,0.055345,0,0,1,0.4200,罗湖区,21,21,0,0,0,0,1
2023-03-28,589179428,20190000000000000003,900200000000000049,1,149.890,315.167,47236.667,2023-03-28 13:30:00.000,L2FT01-FTJ023,26.15,0.000,0.666012,16605,0.435592,0.055345,0,0,1,0.4200,罗湖区,21,21,0,0,0,0,1
2023-03-28,589179428,20190000000000000003,900200000000000057,1,199.820,314.900,62917.500,2023-03-28 13:30:00.000,L2FT01-FTJ023,26.15,0.000,0.666012,16605,0.435592,0.055345,0,0,1,0.4200,罗湖区,21,21,0,0,0,0,1
2023-03-28,589179428,20190000000000000003,900200000000000057,1,199.812,317.120,63358.000,2023-03-28 13:45:00.000,L2FT01-FTJ023,26.15,0.000,0.666012,16605,0.435592,0.055345,0,0,1,0.4200,罗湖区,21,21,0,0,0,0,1
2023-03-28,589179428,20190000000000000003,900200000000000045,1,24.944,459.873,11466.000,2023-03-28 13:45:00.000,L2FT01-FTJ023,26.15,0.000,0.666012,16605,0.435592,0.055345,0,0,1,0.4200,罗湖区,21,21,0,0,0,0,1
2023-03-28,589179428,20190000000000000003,900200000000000040,0,0.000,314.900,0.000,2023-03-28 14:00:00.000,L2FT01-FTJ023,25.43,0.000,0.666012,16605,0.435592,0.055345,0,0,1,0.4200,罗湖区,21,21,0,0,0,0,1
2023-03-28,589179428,20190000000000000003,900200000000000057,1,146.509,322.483,47008.333,2023-03-28 14:00:00.000,L2FT01-FTJ023,25.43,0.000,0.666012,16605,0.435592,0.055345,0,0,1,0.4200,罗湖区,21,21,0,0,0,0,1
2023-03-28,589179428,20190000000000000003,900200000000000040,1,148.498,397.607,59040.000,2023-03-28 14:15:00.000,L2FT01-FTJ023,25.43,0.000,0.666012,16605,0.435592,0.055345,0,0,1,0.4200,罗湖区,21,21,0,0,0,0,1
2023-03-28,589179428,20190000000000000003,900200000000000040,1,117.316,414.467,48586.000,2023-03-28 14:30:00.000,L2FT01-FTJ023,25.43,0.000,0.666012,16605,0.435592,0.055345,0,0,1,0.4200,罗湖区,21,21,0,0,0,0,1
2023-03-28,589179428,20190000000000000003,900200000000000040,1,69.779,425.493,29679.333,2023-03-28 14:45:00.000,L2FT01-FTJ023,25.43,0.000,0.666012,16605,0.435592,0.055345,0,0,1,0.4200,罗湖区,21,21,0,0,0,0,1
2023-03-28,589179428,20190000000000000003,900200000000000040,1,34.537,429.133,14830.667,2023-03-28 15:00:00.000,L2FT01-FTJ023,24.81,0.000,0.666012,16605,0.435592,0.055345,0,0,1,0.4200,罗湖区,21,21,0,0,0,0,1
2023-03-28,589179428,20190000000000000003,900200000000000040,1,27.190,432.343,11755.714,2023-03-28 15:15:00.000,L2FT01-FTJ023,24.81,0.000,0.666012,16605,0.435592,0.055345,0,0,1,0.4200,罗湖区,21,21,0,0,0,0,1
2023-03-28,589179428,20190000000000000003,900200000000000040,1,115.294,389.062,44522.308,2023-03-28 15:30:00.000,L2FT01-FTJ023,24.81,0.000,0.666012,16605,0.435592,0.055345,0,0,1,0.4200,罗湖区,21,21,0,0,0,0,1
2023-03-28,589179428,20190000000000000003,900200000000000030,1,201.157,311.753,62706.667,2023-03-28 15:45:00.000,L2FT01-FTJ023,24.81,0.000,0.666012,16605,0.435592,0.055345,0,0,1,0.4200,罗湖区,21,21,0,0,0,0,1
2023-03-28,589179428,20190000000000000003,900200000000000040,1,68.189,396.780,27032.000,2023-03-28 15:45:00.000,L2FT01-FTJ023,24.81,0.000,0.666012,16605,0.435592,0.055345,0,0,1,0.4200,罗湖区,21,21,0,0,0,0,1
2023-03-28,589179428,20190000000000000003,900200000000000030,1,201.972,313.667,63346.667,2023-03-28 16:00:00.000,L2FT01-FTJ023,24.33,0.000,0.666012,16605,0.435592,0.055345,0,0,1,0.4200,罗湖区,21,21,0,0,0,0,1
2023-03-28,589179428,20190000000000000003,900200000000000040,1,26.510,401.493,10655.333,2023-03-28 16:00:00.000,L2FT01-FTJ023,24.33,0.000,0.666012,16605,0.435592,0.055345,0,0,1,0.4200,罗湖区,21,21,0,0,0,0,1
2023-03-28,589179428,20190000000000000003,900200000000000040,1,15.060,402.633,6061.667,2023-03-28 16:15:00.000,L2FT01-FTJ023,24.33,0.000,0.666012,16605,0.435592,0.055345,0,0,1,0.4200,罗湖区,21,21,0,0,0,0,1
2023-03-28,589179428,20190000000000000003,900200000000000030,1,202.578,315.767,63962.000,2023-03-28 16:15:00.000,L2FT01-FTJ023,24.33,0.000,0.666012,16605,0.435592,0.055345,0,0,1,0.4200,罗湖区,21,21,0,0,0,0,1
2023-03-28,589179428,20190000000000000003,900200000000000030,1,184.944,319.600,59002.667,2023-03-28 16:30:00.000,L2FT01-FTJ023,24.33,0.000,0.666012,16605,0.435592,0.055345,0,0,1,0.4200,罗湖区,21,21,0,0,0,0,1
2023-03-28,589179428,20190000000000000003,900200000000000057,1,239.877,362.147,86868.000,2023-03-28 16:30:00.000,L2FT01-FTJ023,24.33,0.000,0.666012,16605,0.435592,0.055345,0,0,1,0.4200,罗湖区,21,21,0,0,0,0,1
2023-03-28,589179428,20190000000000000003,900200000000000030,1,29.790,331.950,9885.000,2023-03-28 16:45:00.000,L2FT01-FTJ023,24.33,0.000,0.666012,16605,0.435592,0.055345,0,0,1,0.4200,罗湖区,21,21,0,0,0,0,1
2023-03-28,589179428,20190000000000000003,900200000000000057,1,239.967,370.630,88936.000,2023-03-28 16:45:00.000,L2FT01-FTJ023,24.33,0.000,0.666012,16605,0.435592,0.055345,0,0,1,0.4200,罗湖区,21,21,0,0,0,0,1
2023-03-28,589179428,20190000000000000003,900200000000000048,1,149.572,377.078,56398.889,2023-03-28 18:45:00.000,L2FT01-FTJ023,23.93,0.000,0.666012,16605,0.435592,0.055345,0,0,1,0.4200,罗湖区,21,21,0,0,0,0,1
2023-03-28,589179428,20190000000000000003,900200000000000030,1,89.850,264.600,27835.000,2023-03-28 19:00:00.000,L2FT01-FTJ023,24.03,0.000,0.666012,16605,0.435592,0.055345,0,0,1,0.4200,罗湖区,21,21,0,0,0,0,1
2023-03-28,589179428,20190000000000000003,900200000000000048,1,148.659,391.587,58205.333,2023-03-28 19:00:00.000,L2FT01-FTJ023,24.03,0.000,0.666012,16605,0.435592,0.055345,0,0,1,0.4200,罗湖区,21,21,0,0,0,0,1
2023-03-28,589179428,20190000000000000003,900200000000000043,1,156.811,317.875,48933.750,2023-03-28 19:15:00.000,L2FT01-FTJ023,24.03,0.000,0.666012,16605,0.435592,0.055345,0,0,1,0.4200,罗湖区,21,21,0,0,0,0,1
2023-03-28,589179428,20190000000000000003,900200000000000048,1,121.303,403.309,48911.818,2023-03-28 19:15:00.000,L2FT01-FTJ023,24.03,0.000,0.666012,16605,0.435592,0.055345,0,0,1,0.4200,罗湖区,21,21,0,0,0,0,1
2023-03-28,589179428,20190000000000000003,900200000000000043,1,179.033,312.873,56010.000,2023-03-28 19:30:00.000,L2FT01-FTJ023,24.03,0.000,0.666012,16605,0.435592,0.055345,0,0,1,0.4200,罗湖区,21,21,0,0,0,0,1
2023-03-28,589179428,20190000000000000003,900200000000000043,1,179.013,314.707,56331.333,2023-03-28 19:45:00.000,L2FT01-FTJ023,24.03,0.000,0.666012,16605,0.435592,0.055345,0,0,1,0.4200,罗湖区,21,21,0,0,0,0,1
2023-03-28,589179428,20190000000000000003,900200000000000043,1,179.021,317.843,56896.429,2023-03-28 20:00:00.000,L2FT01-FTJ023,24.33,0.000,0.666012,16605,0.435592,0.055345,0,0,1,0.4200,罗湖区,21,21,0,0,0,0,1
2023-03-28,589179428,20190000000000000003,900200000000000038,1,122.490,347.400,42560.000,2023-03-28 20:00:00.000,L2FT01-FTJ023,24.33,0.000,0.666012,16605,0.435592,0.055345,0,0,1,0.4200,罗湖区,21,21,0,0,0,0,1
2023-03-28,589179428,20190000000000000003,900200000000000038,1,133.723,356.747,47720.667,2023-03-28 20:15:00.000,L2FT01-FTJ023,24.33,0.000,0.666012,16605,0.435592,0.055345,0,0,1,0.4200,罗湖区,21,21,0,0,0,0,1
2023-03-28,589179428,20190000000000000003,900200000000000047,1,104.945,365.850,38385.000,2023-03-28 20:30:00.000,L2FT01-FTJ023,24.33,0.000,0.666012,16605,0.435592,0.055345,0,0,1,0.4200,罗湖区,21,21,0,0,0,0,1
2023-03-28,589179428,20190000000000000003,900200000000000038,1,134.171,370.447,49652.667,2023-03-28 20:30:00.000,L2FT01-FTJ023,24.33,0.000,0.666012,16605,0.435592,0.055345,0,0,1,0.4200,罗湖区,21,21,0,0,0,0,1
2023-03-28,589179428,20190000000000000003,900200000000000038,1,104.072,388.720,40428.000,2023-03-28 20:45:00.000,L2FT01-FTJ023,24.33,0.000,0.666012,16605,0.435592,0.055345,0,0,1,0.4200,罗湖区,21,21,0,0,0,0,1
2023-03-28,589179428,20190000000000000003,900200000000000047,1,99.500,368.800,36690.000,2023-03-28 20:45:00.000,L2FT01-FTJ023,24.33,0.000,0.666012,16605,0.435592,0.055345,0,0,1,0.4200,罗湖区,21,21,0,0,0,0,1
2023-03-28,589179428,20190000000000000003,900200000000000038,1,64.301,402.071,25835.714,2023-03-28 21:00:00.000,L2FT01-FTJ023,24.81,0.000,0.666012,16605,0.435592,0.055345,0,0,1,0.4200,罗湖区,21,21,0,0,0,0,1
2023-03-28,589179428,20190000000000000003,900200000000000042,1,58.464,403.960,24016.000,2023-03-28 21:15:00.000,L2FT01-FTJ023,24.81,0.000,0.666012,16605,0.435592,0.055345,0,0,1,0.4200,罗湖区,21,21,0,0,0,0,1
2023-03-28,589179428,20190000000000000003,900200000000000042,1,46.477,410.620,19083.333,2023-03-28 21:30:00.000,L2FT01-FTJ023,24.81,0.000,0.666012,16605,0.435592,0.055345,0,0,1,0.4200,罗湖区,21,21,0,0,0,0,1
2023-03-28,589179428,20190000000000000003,900200000000000042,1,31.630,411.000,13010.667,2023-03-28 21:45:00.000,L2FT01-FTJ023,24.81,0.000,0.666012,16605,0.435592,0.055345,0,0,1,0.4200,罗湖区,21,21,0,0,0,0,1
2023-03-28,589179428,20190000000000000003,900200000000000042,1,17.123,416.583,7125.000,2023-03-28 22:00:00.000,L2FT01-FTJ023,25.43,0.000,0.666012,16605,0.435592,0.055345,0,0,1,0.4200,罗湖区,21,21,0,0,0,0,1
2023-03-28,589179428,20190000000000000003,900200000000000032,1,126.199,465.500,59534.545,2023-03-28 22:45:00.000,L2FT01-FTJ023,25.43,0.000,0.666012,16605,0.435592,0.055345,0,0,1,0.4200,罗湖区,21,21,0,0,0,0,1
2023-03-29,589179428,20190000000000000003,900200000000000042,1,47.593,293.700,14473.333,2023-03-29 00:00:00.000,L2FT01-FTJ023,26.93,0.000,0.666012,16605,0.435592,0.055345,0,0,1,0.4200,罗湖区,21,21,0,0,0,0,1
2023-03-29,589179428,20190000000000000003,900200000000000042,1,71.290,306.633,21858.667,2023-03-29 00:15:00.000,L2FT01-FTJ023,26.93,0.000,0.666012,16605,0.435592,0.055345,0,0,1,0.4200,罗湖区,21,21,0,0,0,0,1
2023-03-29,589179428,20190000000000000003,900200000000000042,1,71.290,307.967,21956.667,2023-03-29 00:30:00.000,L2FT01-FTJ023,26.93,0.000,0.666012,16605,0.435592,0.055345,0,0,1,0.4200,罗湖区,21,21,0,0,0,0,1
2023-03-29,589179428,20190000000000000003,900200000000000042,1,71.290,308.027,21960.000,2023-03-29 00:45:00.000,L2FT01-FTJ023,26.93,0.000,0.666012,16605,0.435592,0.055345,0,0,1,0.4200,罗湖区,21,21,0,0,0,0,1
2023-03-29,589179428,20190000000000000003,900200000000000042,1,71.290,308.213,21970.667,2023-03-29 01:00:00.000,L2FT01-FTJ023,27.70,0.000,0.666012,16605,0.435592,0.055345,0,0,1,0.4200,罗湖区,21,21,0,0,0,0,1
2023-03-29,589179428,20190000000000000003,900200000000000042,1,71.290,308.620,21999.333,2023-03-29 01:15:00.000,L2FT01-FTJ023,27.70,0.000,0.666012,16605,0.435592,0.055345,0,0,1,0.4200,罗湖区,21,21,0,0,0,0,1
2023-03-29,589179428,20190000000000000003,900200000000000042,1,71.297,309.467,22062.667,2023-03-29 01:30:00.000,L2FT01-FTJ023,27.70,0.000,0.666012,16605,0.435592,0.055345,0,0,1,0.4200,罗湖区,21,21,0,0,0,0,1
2023-03-29,589179428,20190000000000000003,900200000000000037,1,35.165,304.725,10713.750,2023-03-29 01:45:00.000,L2FT01-FTJ023,27.70,0.000,0.666012,16605,0.435592,0.055345,0,0,1,0.4200,罗湖区,21,21,0,0,0,0,1
2023-03-29,589179428,20190000000000000003,900200000000000039,1,199.830,310.383,62016.667,2023-03-29 01:45:00.000,L2FT01-FTJ023,27.70,0.000,0.666012,16605,0.435592,0.055345,0,0,1,0.4200,罗湖区,21,21,0,0,0,0,1
2023-03-29,589179428,20190000000000000003,900200000000000042,1,71.310,311.167,22186.667,2023-03-29 01:45:00.000,L2FT01-FTJ023,27.70,0.000,0.666012,16605,0.435592,0.055345,0,0,1,0.4200,罗湖区,21,21,0,0,0,0,1
2023-03-29,589179428,20190000000000000003,900200000000000037,1,35.190,306.233,10774.667,2023-03-29 02:00:00.000,L2FT01-FTJ023,28.43,0.000,0.666012,16605,0.435592,0.055345,0,0,1,0.4200,罗湖区,21,21,0,0,0,0,1
2023-03-29,589179428,20190000000000000003,900200000000000039,1,159.174,311.100,49578.000,2023-03-29 02:00:00.000,L2FT01-FTJ023,28.43,0.000,0.666012,16605,0.435592,0.055345,0,0,1,0.4200,罗湖区,21,21,0,0,0,0,1
2023-03-29,589179428,20190000000000000003,900200000000000042,1,71.290,312.360,22266.000,2023-03-29 02:00:00.000,L2FT01-FTJ023,28.43,0.000,0.666012,16605,0.435592,0.055345,0,0,1,0.4200,罗湖区,21,21,0,0,0,0,1
2023-03-29,589179428,20190000000000000003,900200000000000030,1,128.342,311.110,39930.000,2023-03-29 02:15:00.000,L2FT01-FTJ023,28.43,0.000,0.666012,16605,0.435592,0.055345,0,0,1,0.4200,罗湖区,21,21,0,0,0,0,1
2023-03-29,589179428,20190000000000000003,900200000000000037,1,35.190,306.440,10780.000,2023-03-29 02:15:00.000,L2FT01-FTJ023,28.43,0.000,0.666012,16605,0.435592,0.055345,0,0,1,0.4200,罗湖区,21,21,0,0,0,0,1
2023-03-29,589179428,20190000000000000003,900200000000000039,1,129.260,310.893,40230.000,2023-03-29 02:15:00.000,L2FT01-FTJ023,28.43,0.000,0.666012,16605,0.435592,0.055345,0,0,1,0.4200,罗湖区,21,21,0,0,0,0,1
2023-03-29,589179428,20190000000000000003,900200000000000042,1,71.363,313.327,22358.667,2023-03-29 02:15:00.000,L2FT01-FTJ023,28.43,0.000,0.666012,16605,0.435592,0.055345,0,0,1,0.4200,罗湖区,21,21,0,0,0,0,1
2023-03-29,589179428,20190000000000000003,900200000000000030,1,129.875,311.647,40470.667,2023-03-29 02:30:00.000,L2FT01-FTJ023,28.43,0.000,0.666012,16605,0.435592,0.055345,0,0,1,0.4200,罗湖区,21,21,0,0,0,0,1
2023-03-29,589179428,20190000000000000003,900200000000000037,1,35.190,306.367,10780.000,2023-03-29 02:30:00.000,L2FT01-FTJ023,28.43,0.000,0.666012,16605,0.435592,0.055345,0,0,1,0.4200,罗湖区,21,21,0,0,0,0,1
2023-03-29,589179428,20190000000000000003,900200000000000039,1,127.548,312.693,39945.333,2023-03-29 02:30:00.000,L2FT01-FTJ023,28.43,0.000,0.666012,16605,0.435592,0.055345,0,0,1,0.4200,罗湖区,21,21,0,0,0,0,1
2023-03-29,589179428,20190000000000000003,900200000000000042,1,62.090,320.757,19844.286,2023-03-29 02:30:00.000,L2FT01-FTJ023,28.43,0.000,0.666012,16605,0.435592,0.055345,0,0,1,0.4200,罗湖区,21,21,0,0,0,0,1
2023-03-29,589179428,20190000000000000003,900200000000000039,1,112.567,313.233,35336.000,2023-03-29 02:45:00.000,L2FT01-FTJ023,28.43,0.000,0.666012,16605,0.435592,0.055345,0,0,1,0.4200,罗湖区,21,21,0,0,0,0,1
2023-03-29,589179428,20190000000000000003,900200000000000030,1,126.675,312.873,39635.333,2023-03-29 02:45:00.000,L2FT01-FTJ023,28.43,0.000,0.666012,16605,0.435592,0.055345,0,0,1,0.4200,罗湖区,21,21,0,0,0,0,1
2023-03-29,589179428,20190000000000000003,900200000000000037,1,35.250,306.307,10798.000,2023-03-29 02:45:00.000,L2FT01-FTJ023,28.43,0.000,0.666012,16605,0.435592,0.055345,0,0,1,0.4200,罗湖区,21,21,0,0,0,0,1
2023-03-29,589179428,20190000000000000003,900200000000000030,1,129.824,313.953,40755.333,2023-03-29 03:00:00.000,L2FT01-FTJ023,29.05,0.000,0.666012,16605,0.435592,0.055345,0,0,1,0.4200,罗湖区,21,21,0,0,0,0,1
2023-03-29,589179428,20190000000000000003,900200000000000037,1,35.230,306.400,10792.000,2023-03-29 03:00:00.000,L2FT01-FTJ023,29.05,0.000,0.666012,16605,0.435592,0.055345,0,0,1,0.4200,罗湖区,21,21,0,0,0,0,1
2023-03-29,589179428,20190000000000000003,900200000000000039,1,125.868,314.700,39690.000,2023-03-29 03:00:00.000,L2FT01-FTJ023,29.05,0.000,0.666012,16605,0.435592,0.055345,0,0,1,0.4200,罗湖区,21,21,0,0,0,0,1
2023-03-29,589179428,20190000000000000003,900200000000000030,1,129.812,314.740,40852.000,2023-03-29 03:15:00.000,L2FT01-FTJ023,29.05,0.000,0.666012,16605,0.435592,0.055345,0,0,1,0.4200,罗湖区,21,21,0,0,0,0,1
2023-03-29,589179428,20190000000000000003,900200000000000037,1,35.223,306.520,10792.667,2023-03-29 03:15:00.000,L2FT01-FTJ023,29.05,0.000,0.666012,16605,0.435592,0.055345,0,0,1,0.4200,罗湖区,21,21,0,0,0,0,1
2023-03-29,589179428,20190000000000000003,900200000000000039,1,81.221,316.227,25701.333,2023-03-29 03:15:00.000,L2FT01-FTJ023,29.05,0.000,0.666012,16605,0.435592,0.055345,0,0,1,0.4200,罗湖区,21,21,0,0,0,0,1
2023-03-29,589179428,20190000000000000003,900200000000000030,1,129.890,316.560,41116.000,2023-03-29 03:30:00.000,L2FT01-FTJ023,29.05,0.000,0.666012,16605,0.435592,0.055345,0,0,1,0.4200,罗湖区,21,21,0,0,0,0,1
2023-03-29,589179428,20190000000000000003,900200000000000037,1,35.250,306.707,10810.667,2023-03-29 03:30:00.000,L2FT01-FTJ023,29.05,0.000,0.666012,16605,0.435592,0.055345,0,0,1,0.4200,罗湖区,21,21,0,0,0,0,1
2023-03-29,589179428,20190000000000000003,900200000000000039,1,36.523,331.600,12083.333,2023-03-29 03:30:00.000,L2FT01-FTJ023,29.05,0.000,0.666012,16605,0.435592,0.055345,0,0,1,0.4200,罗湖区,21,21,0,0,0,0,1
2023-03-29,589179428,20190000000000000003,900200000000000037,1,35.270,307.020,10828.000,2023-03-29 03:45:00.000,L2FT01-FTJ023,29.05,0.000,0.666012,16605,0.435592,0.055345,0,0,1,0.4200,罗湖区,21,21,0,0,0,0,1
2023-03-29,589179428,20190000000000000003,900200000000000030,1,61.901,321.691,19840.909,2023-03-29 03:45:00.000,L2FT01-FTJ023,29.05,0.000,0.666012,16605,0.435592,0.055345,0,0,1,0.4200,罗湖区,21,21,0,0,0,0,1
2023-03-29,589179428,20190000000000000003,900200000000000037,1,35.330,307.487,10861.333,2023-03-29 04:00:00.000,L2FT01-FTJ023,29.53,0.000,0.666012,16605,0.435592,0.055345,0,0,1,0.4200,罗湖区,21,21,0,0,0,0,1
2023-03-29,589179428,20190000000000000003,900200000000000037,1,35.317,308.220,10884.000,2023-03-29 04:15:00.000,L2FT01-FTJ023,29.53,0.000,0.666012,16605,0.435592,0.055345,0,0,1,0.4200,罗湖区,21,21,0,0,0,0,1
2023-03-29,589179428,20190000000000000003,900200000000000037,1,35.290,309.233,10911.333,2023-03-29 04:30:00.000,L2FT01-FTJ023,29.53,0.000,0.666012,16605,0.435592,0.055345,0,0,1,0.4200,罗湖区,21,21,0,0,0,0,1
2023-03-29,589179428,20190000000000000003,900200000000000037,1,35.290,310.067,10941.333,2023-03-29 04:45:00.000,L2FT01-FTJ023,29.53,0.000,0.666012,16605,0.435592,0.055345,0,0,1,0.4200,罗湖区,21,21,0,0,0,0,1
2023-03-29,589179428,20190000000000000003,900200000000000037,1,35.290,310.380,10950.000,2023-03-29 05:00:00.000,L2FT01-FTJ023,29.83,0.000,0.666012,16605,0.435592,0.055345,0,0,1,0.4200,罗湖区,21,21,0,0,0,0,1
2023-03-29,589179428,20190000000000000003,900200000000000037,1,35.290,310.400,10950.000,2023-03-29 05:15:00.000,L2FT01-FTJ023,29.83,0.000,0.666012,16605,0.435592,0.055345,0,0,1,0.4200,罗湖区,21,21,0,0,0,0,1
2023-03-29,589179428,20190000000000000003,900200000000000034,1,112.926,464.731,53106.923,2023-03-29 05:30:00.000,L2FT01-FTJ023,29.83,0.000,0.666012,16605,0.435592,0.055345,0,0,1,0.4200,罗湖区,21,21,0,0,0,0,1
2023-03-29,589179428,20190000000000000003,900200000000000037,1,35.290,310.493,10959.333,2023-03-29 05:30:00.000,L2FT01-FTJ023,29.83,0.000,0.666012,16605,0.435592,0.055345,0,0,1,0.4200,罗湖区,21,21,0,0,0,0,1
2023-03-29,589179428,20190000000000000003,900200000000000034,1,129.800,472.120,61276.667,2023-03-29 05:45:00.000,L2FT01-FTJ023,29.83,0.000,0.666012,16605,0.435592,0.055345,0,0,1,0.4200,罗湖区,21,21,0,0,0,0,1
2023-03-29,589179428,20190000000000000003,900200000000000037,1,35.290,310.567,10960.000,2023-03-29 05:45:00.000,L2FT01-FTJ023,29.83,0.000,0.666012,16605,0.435592,0.055345,0,0,1,0.4200,罗湖区,21,21,0,0,0,0,1
2023-03-29,589179428,20190000000000000003,900200000000000052,1,112.994,464.386,53247.143,2023-03-29 05:45:00.000,L2FT01-FTJ023,29.83,0.000,0.666012,16605,0.435592,0.055345,0,0,1,0.4200,罗湖区,21,21,0,0,0,0,1
2023-03-29,589179428,20190000000000000003,900200000000000037,1,35.290,310.688,10960.000,2023-03-29 06:00:00.000,L2FT01-FTJ023,29.93,0.000,0.666012,16605,0.435592,0.055345,0,0,1,0.4200,罗湖区,21,21,0,0,0,0,1
2023-03-29,589179428,20190000000000000003,900200000000000052,1,129.806,472.987,61392.000,2023-03-29 06:00:00.000,L2FT01-FTJ023,29.93,0.000,0.666012,16605,0.435592,0.055345,0,0,1,0.4200,罗湖区,21,21,0,0,0,0,1
2023-03-29,589179428,20190000000000000003,900200000000000034,1,105.095,472.373,49646.667,2023-03-29 06:00:00.000,L2FT01-FTJ023,29.93,0.000,0.666012,16605,0.435592,0.055345,0,0,1,0.4200,罗湖区,21,21,0,0,0,0,1
2023-03-29,589179428,20190000000000000003,900200000000000052,1,93.137,472.987,44053.333,2023-03-29 06:15:00.000,L2FT01-FTJ023,29.93,0.000,0.666012,16605,0.435592,0.055345,0,0,1,0.4200,罗湖区,21,21,0,0,0,0,1
2023-03-29,589179428,20190000000000000003,900200000000000056,1,81.008,459.750,38440.000,2023-03-29 06:15:00.000,L2FT01-FTJ023,29.93,0.000,0.666012,16605,0.435592,0.055345,0,0,1,0.4200,罗湖区,21,21,0,0,0,0,1
2023-03-29,589179428,20190000000000000003,900200000000000034,1,72.817,472.420,34400.667,2023-03-29 06:15:00.000,L2FT01-FTJ023,29.93,0.000,0.666012,16605,0.435592,0.055345,0,0,1,0.4200,罗湖区,21,21,0,0,0,0,1
2023-03-29,589179428,20190000000000000003,900200000000000056,1,109.657,475.947,52194.667,2023-03-29 06:30:00.000,L2FT01-FTJ023,29.93,0.000,0.666012,16605,0.435592,0.055345,0,0,1,0.4200,罗湖区,21,21,0,0,0,0,1
2023-03-29,589179428,20190000000000000003,900200000000000052,1,56.087,472.907,26526.667,2023-03-29 06:30:00.000,L2FT01-FTJ023,29.93,0.000,0.666012,16605,0.435592,0.055345,0,0,1,0.4200,罗湖区,21,21,0,0,0,0,1
2023-03-29,589179428,20190000000000000003,900200000000000034,1,23.890,471.700,11270.000,2023-03-29 06:30:00.000,L2FT01-FTJ023,29.93,0.000,0.666012,16605,0.435592,0.055345,0,0,1,0.4200,罗湖区,21,21,0,0,0,0,1
2023-03-29,589179428,20190000000000000003,900200000000000052,1,23.790,472.200,11230.000,2023-03-29 06:45:00.000,L2FT01-FTJ023,29.93,0.000,0.666012,16605,0.435592,0.055345,0,0,1,0.4200,罗湖区,21,21,0,0,0,0,1
2023-03-29,589179428,20190000000000000003,900200000000000056,1,41.526,475.700,19758.182,2023-03-29 06:45:00.000,L2FT01-FTJ023,29.93,0.000,0.666012,16605,0.435592,0.055345,0,0,1,0.4200,罗湖区,21,21,0,0,0,0,1
2023-03-29,589179428,20190000000000000003,900200000000000032,1,77.840,370.083,28806.667,2023-03-29 07:00:00.000,L2FT01-FTJ023,29.83,0.000,0.666012,16605,0.435592,0.055345,0,0,1,0.4200,罗湖区,21,21,0,0,0,0,1
2023-03-29,589179428,20190000000000000003,900200000000000032,1,76.331,380.380,29028.667,2023-03-29 07:15:00.000,L2FT01-FTJ023,29.83,0.000,0.666012,16605,0.435592,0.055345,0,0,1,0.4200,罗湖区,21,21,0,0,0,0,1
2023-03-29,589179428,20190000000000000003,900200000000000032,1,40.250,385.300,15524.000,2023-03-29 07:30:00.000,L2FT01-FTJ023,29.83,0.000,0.666012,16605,0.435592,0.055345,0,0,1,0.4200,罗湖区,21,21,0,0,0,0,1
2023-03-29,589179428,20190000000000000003,900200000000000048,1,149.542,368.780,55144.000,2023-03-29 07:30:00.000,L2FT01-FTJ023,29.83,0.000,0.666012,16605,0.435592,0.055345,0,0,1,0.4200,罗湖区,21,21,0,0,0,0,1
2023-03-29,589179428,20190000000000000003,900200000000000032,1,9.790,382.900,3750.000,2023-03-29 07:45:00.000,L2FT01-FTJ023,29.83,0.000,0.666012,16605,0.435592,0.055345,0,0,1,0.4200,罗湖区,21,21,0,0,0,0,1
2023-03-29,589179428,20190000000000000003,900200000000000039,1,164.230,373.033,61323.333,2023-03-29 07:45:00.000,L2FT01-FTJ023,29.83,0.000,0.666012,16605,0.435592,0.055345,0,0,1,0.4200,罗湖区,21,21,0,0,0,0,1
2023-03-29,589179428,20190000000000000003,900200000000000048,1,149.519,383.507,57340.000,2023-03-29 07:45:00.000,L2FT01-FTJ023,29.83,0.000,0.666012,16605,0.435592,0.055345,0,0,1,0.4200,罗湖区,21,21,0,0,0,0,1
2023-03-29,589179428,20190000000000000003,900200000000000039,1,137.983,386.307,53270.000,2023-03-29 08:00:00.000,L2FT01-FTJ023,29.53,0.000,0.666012,16605,0.435592,0.055345,0,0,1,0.4200,罗湖区,21,21,0,0,0,0,1
2023-03-29,589179428,20190000000000000003,900200000000000048,1,143.847,397.800,57190.667,2023-03-29 08:00:00.000,L2FT01-FTJ023,29.53,0.000,0.666012,16605,0.435592,0.055345,0,0,1,0.4200,罗湖区,21,21,0,0,0,0,1
2023-03-29,589179428,20190000000000000003,900200000000000039,1,101.080,399.853,40369.333,2023-03-29 08:15:00.000,L2FT01-FTJ023,29.53,0.000,0.666012,16605,0.435592,0.055345,0,0,1,0.4200,罗湖区,21,21,0,0,0,0,1
2023-03-29,589179428,20190000000000000003,900200000000000048,1,97.520,403.740,39372.000,2023-03-29 08:15:00.000,L2FT01-FTJ023,29.53,0.000,0.666012,16605,0.435592,0.055345,0,0,1,0.4200,罗湖区,21,21,0,0,0,0,1
2023-03-29,589179428,20190000000000000003,900200000000000048,1,75.890,403.600,30630.000,2023-03-29 08:30:00.000,L2FT01-FTJ023,29.53,0.000,0.666012,16605,0.435592,0.055345,0,0,1,0.4200,罗湖区,21,21,0,0,0,0,1
2023-03-29,589179428,20190000000000000003,900200000000000039,1,70.190,403.800,28340.000,2023-03-29 08:30:00.000,L2FT01-FTJ023,29.53,0.000,0.666012,16605,0.435592,0.055345,0,0,1,0.4200,罗湖区,21,21,0,0,0,0,1
2023-03-29,589179428,20190000000000000003,900200000000000039,1,42.608,408.527,17406.364,2023-03-29 09:45:00.000,L2FT01-FTJ023,29.05,0.000,0.666012,16605,0.435592,0.055345,0,0,1,0.4200,罗湖区,21,21,0,0,0,0,1
2023-03-29,589179428,20190000000000000003,900200000000000039,1,40.637,411.840,16738.000,2023-03-29 10:00:00.000,L2FT01-FTJ023,28.43,0.000,0.666012,16605,0.435592,0.055345,0,0,1,0.4200,罗湖区,21,21,0,0,0,0,1
2023-03-29,589179428,20190000000000000003,900200000000000039,1,17.850,408.200,7290.667,2023-03-29 10:15:00.000,L2FT01-FTJ023,28.43,0.000,0.666012,16605,0.435592,0.055345,0,0,1,0.4200,罗湖区,21,21,0,0,0,0,1
2023-03-29,589179428,20190000000000000003,900200000000000039,1,13.900,412.564,5732.727,2023-03-29 10:30:00.000,L2FT01-FTJ023,28.43,0.000,0.666012,16605,0.435592,0.055345,0,0,1,0.4200,罗湖区,21,21,0,0,0,0,1
2023-03-29,589179428,20190000000000000003,900200000000000047,1,95.867,327.700,31413.333,2023-03-29 10:45:00.000,L2FT01-FTJ023,28.43,0.000,0.666012,16605,0.435592,0.055345,0,0,1,0.4200,罗湖区,21,21,0,0,0,0,1
2023-03-29,589179428,20190000000000000003,900200000000000047,1,95.854,328.440,31481.333,2023-03-29 11:00:00.000,L2FT01-FTJ023,27.70,0.000,0.666012,16605,0.435592,0.055345,0,0,1,0.4200,罗湖区,21,21,0,0,0,0,1
2023-03-29,589179428,20190000000000000003,900200000000000047,1,95.890,330.233,31663.333,2023-03-29 11:15:00.000,L2FT01-FTJ023,27.70,0.000,0.666012,16605,0.435592,0.055345,0,0,1,0.4200,罗湖区,21,21,0,0,0,0,1
2023-03-29,589179428,20190000000000000003,900200000000000047,1,95.897,332.093,31845.333,2023-03-29 11:30:00.000,L2FT01-FTJ023,27.70,0.000,0.666012,16605,0.435592,0.055345,0,0,1,0.4200,罗湖区,21,21,0,0,0,0,1
2023-03-29,589179428,20190000000000000003,900200000000000048,1,119.053,375.214,44651.429,2023-03-29 11:30:00.000,L2FT01-FTJ023,27.70,0.000,0.666012,16605,0.435592,0.055345,0,0,1,0.4200,罗湖区,21,21,0,0,0,0,1
2023-03-29,589179428,20190000000000000003,900200000000000047,1,68.517,336.363,23032.500,2023-03-29 11:45:00.000,L2FT01-FTJ023,27.70,0.000,0.666012,16605,0.435592,0.055345,0,0,1,0.4200,罗湖区,21,21,0,0,0,0,1
2023-03-29,589179428,20190000000000000003,900200000000000048,1,101.812,389.947,39638.000,2023-03-29 11:45:00.000,L2FT01-FTJ023,27.70,0.000,0.666012,16605,0.435592,0.055345,0,0,1,0.4200,罗湖区,21,21,0,0,0,0,1
2023-03-29,589179428,20190000000000000003,900200000000000049,1,96.890,371.000,35940.000,2023-03-29 11:45:00.000,L2FT01-FTJ023,27.70,0.000,0.666012,16605,0.435592,0.055345,0,0,1,0.4200,罗湖区,21,21,0,0,0,0,1
2023-03-29,589179428,20190000000000000003,900200000000000048,1,53.151,400.233,21260.667,2023-03-29 12:00:00.000,L2FT01-FTJ023,26.93,0.000,0.666012,16605,0.435592,0.055345,0,0,1,0.4200,罗湖区,21,21,0,0,0,0,1
2023-03-29,589179428,20190000000000000003,900200000000000049,1,73.401,382.687,28040.000,2023-03-29 12:00:00.000,L2FT01-FTJ023,26.93,0.000,0.666012,16605,0.435592,0.055345,0,0,1,0.4200,罗湖区,21,21,0,0,0,0,1
2023-03-29,589179428,20190000000000000003,900200000000000034,1,153.849,313.193,48302.000,2023-03-29 12:00:00.000,L2FT01-FTJ023,26.93,0.000,0.666012,16605,0.435592,0.055345,0,0,1,0.4200,罗湖区,21,21,0,0,0,0,1
2023-03-29,589179428,20190000000000000003,900200000000000034,1,116.573,317.973,37100.667,2023-03-29 12:15:00.000,L2FT01-FTJ023,26.93,0.000,0.666012,16605,0.435592,0.055345,0,0,1,0.4200,罗湖区,21,21,0,0,0,0,1
2023-03-29,589179428,20190000000000000003,900200000000000048,1,49.790,406.575,20242.500,2023-03-29 12:15:00.000,L2FT01-FTJ023,26.93,0.000,0.666012,16605,0.435592,0.055345,0,0,1,0.4200,罗湖区,21,21,0,0,0,0,1
2023-03-29,589179428,20190000000000000003,900200000000000049,1,42.070,393.340,16534.667,2023-03-29 12:15:00.000,L2FT01-FTJ023,26.93,0.000,0.666012,16605,0.435592,0.055345,0,0,1,0.4200,罗湖区,21,21,0,0,0,0,1
2023-03-29,589179428,20190000000000000003,900200000000000057,1,17.757,330.633,5866.667,2023-03-29 12:15:00.000,L2FT01-FTJ023,26.93,0.000,0.666012,16605,0.435592,0.055345,0,0,1,0.4200,罗湖区,21,21,0,0,0,0,1
2023-03-29,589179428,20190000000000000003,900200000000000034,1,140.394,432.940,63289.000,2023-03-29 12:30:00.000,L2FT01-FTJ023,26.93,0.000,0.666012,16605,0.435592,0.055345,0,0,1,0.4200,罗湖区,21,21,0,0,0,0,1
2023-03-29,589179428,20190000000000000003,900200000000000044,1,88.340,373.650,33010.000,2023-03-29 12:30:00.000,L2FT01-FTJ023,26.93,0.000,0.666012,16605,0.435592,0.055345,0,0,1,0.4200,罗湖区,21,21,0,0,0,0,1
2023-03-29,589179428,20190000000000000003,900200000000000057,1,128.154,345.640,44292.000,2023-03-29 12:30:00.000,L2FT01-FTJ023,26.93,0.000,0.666012,16605,0.435592,0.055345,0,0,1,0.4200,罗湖区,21,21,0,0,0,0,1
2023-03-29,589179428,20190000000000000003,900200000000000034,1,124.630,459.567,57291.333,2023-03-29 12:45:00.000,L2FT01-FTJ023,26.93,0.000,0.666012,16605,0.435592,0.055345,0,0,1,0.4200,罗湖区,21,21,0,0,0,0,1
2023-03-29,589179428,20190000000000000003,900200000000000037,1,24.557,389.367,9576.667,2023-03-29 12:45:00.000,L2FT01-FTJ023,26.93,0.000,0.666012,16605,0.435592,0.055345,0,0,1,0.4200,罗湖区,21,21,0,0,0,0,1
2023-03-29,589179428,20190000000000000003,900200000000000044,1,88.471,384.871,34025.714,2023-03-29 12:45:00.000,L2FT01-FTJ023,26.93,0.000,0.666012,16605,0.435592,0.055345,0,0,1,0.4200,罗湖区,21,21,0,0,0,0,1
2023-03-29,589179428,20190000000000000003,900200000000000057,1,124.578,356.027,44343.333,2023-03-29 12:45:00.000,L2FT01-FTJ023,26.93,0.000,0.666012,16605,0.435592,0.055345,0,0,1,0.4200,罗湖区,21,21,0,0,0,0,1
2023-03-29,589179428,20190000000000000003,900200000000000057,1,107.127,372.300,39829.333,2023-03-29 13:00:00.000,L2FT01-FTJ023,26.15,0.000,0.666012,16605,0.435592,0.055345,0,0,1,0.4200,罗湖区,21,21,0,0,0,0,1
2023-03-29,589179428,20190000000000000003,900200000000000034,1,69.943,455.847,31880.667,2023-03-29 13:00:00.000,L2FT01-FTJ023,26.15,0.000,0.666012,16605,0.435592,0.055345,0,0,1,0.4200,罗湖区,21,21,0,0,0,0,1
2023-03-29,589179428,20190000000000000003,900200000000000037,1,30.926,394.107,12277.857,2023-03-29 13:00:00.000,L2FT01-FTJ023,26.15,0.000,0.666012,16605,0.435592,0.055345,0,0,1,0.4200,罗湖区,21,21,0,0,0,0,1
2023-03-29,589179428,20190000000000000003,900200000000000057,1,62.105,383.480,23786.000,2023-03-29 13:15:00.000,L2FT01-FTJ023,26.15,0.000,0.666012,16605,0.435592,0.055345,0,0,1,0.4200,罗湖区,21,21,0,0,0,0,1
2023-03-29,589179428,20190000000000000003,900200000000000034,1,29.790,462.967,13770.000,2023-03-29 13:15:00.000,L2FT01-FTJ023,26.15,0.000,0.666012,16605,0.435592,0.055345,0,0,1,0.4200,罗湖区,21,21,0,0,0,0,1
2023-03-29,589179428,20190000000000000003,900200000000000037,1,35.290,399.553,14099.333,2023-03-29 13:15:00.000,L2FT01-FTJ023,26.15,0.000,0.666012,16605,0.435592,0.055345,0,0,1,0.4200,罗湖区,21,21,0,0,0,0,1
2023-03-29,589179428,20190000000000000003,900200000000000037,1,35.290,402.009,14185.455,2023-03-29 13:30:00.000,L2FT01-FTJ023,26.15,0.000,0.666012,16605,0.435592,0.055345,0,0,1,0.4200,罗湖区,21,21,0,0,0,0,1
2023-03-29,589179428,20190000000000000003,900200000000000057,1,24.113,385.938,9304.615,2023-03-29 13:30:00.000,L2FT01-FTJ023,26.15,0.000,0.666012,16605,0.435592,0.055345,0,0,1,0.4200,罗湖区,21,21,0,0,0,0,1
2023-03-29,589179428,20190000000000000003,900200000000000035,1,129.822,308.550,40055.000,2023-03-29 14:30:00.000,L2FT01-FTJ023,25.43,0.000,0.666012,16605,0.435592,0.055345,0,0,1,0.4200,罗湖区,21,21,0,0,0,0,1
2023-03-29,589179428,20190000000000000003,900200000000000035,1,129.842,310.727,40340.667,2023-03-29 14:45:00.000,L2FT01-FTJ023,25.43,0.000,0.666012,16605,0.435592,0.055345,0,0,1,0.4200,罗湖区,21,21,0,0,0,0,1
2023-03-29,589179428,20190000000000000003,900200000000000035,1,129.873,311.547,40459.333,2023-03-29 15:00:00.000,L2FT01-FTJ023,24.81,0.000,0.666012,16605,0.435592,0.055345,0,0,1,0.4200,罗湖区,21,21,0,0,0,0,1
2023-03-29,589179428,20190000000000000003,900200000000000035,1,129.866,313.453,40704.000,2023-03-29 15:15:00.000,L2FT01-FTJ023,24.81,0.000,0.666012,16605,0.435592,0.055345,0,0,1,0.4200,罗湖区,21,21,0,0,0,0,1
2023-03-29,589179428,20190000000000000003,900200000000000045,1,139.804,311.113,43681.333,2023-03-29 15:15:00.000,L2FT01-FTJ023,24.81,0.000,0.666012,16605,0.435592,0.055345,0,0,1,0.4200,罗湖区,21,21,0,0,0,0,1
2023-03-29,589179428,20190000000000000003,900200000000000035,1,129.866,314.920,40894.667,2023-03-29 15:30:00.000,L2FT01-FTJ023,24.81,0.000,0.666012,16605,0.435592,0.055345,0,0,1,0.4200,罗湖区,21,21,0,0,0,0,1
2023-03-29,589179428,20190000000000000003,900200000000000045,1,149.843,314.813,47170.667,2023-03-29 15:30:00.000,L2FT01-FTJ023,24.81,0.000,0.666012,16605,0.435592,0.055345,0,0,1,0.4200,罗湖区,21,21,0,0,0,0,1
2023-03-29,589179428,20190000000000000003,900200000000000035,1,112.688,319.764,35970.714,2023-03-29 15:45:00.000,L2FT01-FTJ023,24.81,0.000,0.666012,16605,0.435592,0.055345,0,0,1,0.4200,罗湖区,21,21,0,0,0,0,1
2023-03-29,589179428,20190000000000000003,900200000000000045,1,123.190,319.060,39150.000,2023-03-29 15:45:00.000,L2FT01-FTJ023,24.81,0.000,0.666012,16605,0.435592,0.055345,0,0,1,0.4200,罗湖区,21,21,0,0,0,0,1
2023-03-29,589179428,20190000000000000003,900200000000000040,1,129.843,310.907,40365.333,2023-03-29 16:00:00.000,L2FT01-FTJ023,24.33,0.000,0.666012,16605,0.435592,0.055345,0,0,1,0.4200,罗湖区,21,21,0,0,0,0,1
2023-03-29,589179428,20190000000000000003,900200000000000045,1,29.890,331.500,9910.000,2023-03-29 16:00:00.000,L2FT01-FTJ023,24.33,0.000,0.666012,16605,0.435592,0.055345,0,0,1,0.4200,罗湖区,21,21,0,0,0,0,1
2023-03-29,589179428,20190000000000000003,900200000000000040,1,129.878,311.967,40515.333,2023-03-29 16:15:00.000,L2FT01-FTJ023,24.33,0.000,0.666012,16605,0.435592,0.055345,0,0,1,0.4200,罗湖区,21,21,0,0,0,0,1
2023-03-29,589179428,20190000000000000003,900200000000000037,1,121.494,313.962,38140.769,2023-03-29 16:30:00.000,L2FT01-FTJ023,24.33,0.000,0.666012,16605,0.435592,0.055345,0,0,1,0.4200,罗湖区,21,21,0,0,0,0,1
2023-03-29,589179428,20190000000000000003,900200000000000040,1,129.890,314.060,40791.333,2023-03-29 16:30:00.000,L2FT01-FTJ023,24.33,0.000,0.666012,16605,0.435592,0.055345,0,0,1,0.4200,罗湖区,21,21,0,0,0,0,1
2023-03-29,589179428,20190000000000000003,900200000000000032,1,53.690,307.700,16520.000,2023-03-29 16:45:00.000,L2FT01-FTJ023,24.33,0.000,0.666012,16605,0.435592,0.055345,0,0,1,0.4200,罗湖区,21,21,0,0,0,0,1
2023-03-29,589179428,20190000000000000003,900200000000000037,1,121.390,314.060,38120.000,2023-03-29 16:45:00.000,L2FT01-FTJ023,24.33,0.000,0.666012,16605,0.435592,0.055345,0,0,1,0.4200,罗湖区,21,21,0,0,0,0,1
2023-03-29,589179428,20190000000000000003,900200000000000040,1,129.919,315.947,41044.667,2023-03-29 16:45:00.000,L2FT01-FTJ023,24.33,0.000,0.666012,16605,0.435592,0.055345,0,0,1,0.4200,罗湖区,21,21,0,0,0,0,1
2023-03-29,589179428,20190000000000000003,900200000000000042,0,0.000,143.100,0.000,2023-03-29 16:45:00.000,L2FT01-FTJ023,24.33,0.000,0.666012,16605,0.435592,0.055345,0,0,1,0.4200,罗湖区,21,21,0,0,0,0,1
2023-03-29,589179428,20190000000000000003,900200000000000040,1,99.972,318.425,31830.000,2023-03-29 17:00:00.000,L2FT01-FTJ023,24.03,0.000,0.666012,16605,0.435592,0.055345,0,0,1,0.4200,罗湖区,21,21,0,0,0,0,1
2023-03-29,589179428,20190000000000000003,900200000000000042,1,71.462,325.280,23243.333,2023-03-29 17:00:00.000,L2FT01-FTJ023,24.03,0.000,0.666012,16605,0.435592,0.055345,0,0,1,0.4200,罗湖区,21,21,0,0,0,0,1
2023-03-29,589179428,20190000000000000003,900200000000000045,1,129.800,312.050,40500.000,2023-03-29 17:00:00.000,L2FT01-FTJ023,24.03,0.000,0.666012,16605,0.435592,0.055345,0,0,1,0.4200,罗湖区,21,21,0,0,0,0,1
2023-03-29,589179428,20190000000000000003,900200000000000042,1,71.463,325.880,23284.667,2023-03-29 17:15:00.000,L2FT01-FTJ023,24.03,0.000,0.666012,16605,0.435592,0.055345,0,0,1,0.4200,罗湖区,21,21,0,0,0,0,1
2023-03-29,589179428,20190000000000000003,900200000000000045,1,131.134,314.027,41174.667,2023-03-29 17:15:00.000,L2FT01-FTJ023,24.03,0.000,0.666012,16605,0.435592,0.055345,0,0,1,0.4200,罗湖区,21,21,0,0,0,0,1
2023-03-29,589179428,20190000000000000003,900200000000000042,1,71.441,327.507,23395.333,2023-03-29 17:30:00.000,L2FT01-FTJ023,24.03,0.000,0.666012,16605,0.435592,0.055345,0,0,1,0.4200,罗湖区,21,21,0,0,0,0,1
2023-03-29,589179428,20190000000000000003,900200000000000045,1,131.912,314.907,41538.000,2023-03-29 17:30:00.000,L2FT01-FTJ023,24.03,0.000,0.666012,16605,0.435592,0.055345,0,0,1,0.4200,罗湖区,21,21,0,0,0,0,1
2023-03-29,589179428,20190000000000000003,900200000000000045,1,105.317,321.700,33644.000,2023-03-29 17:45:00.000,L2FT01-FTJ023,24.03,0.000,0.666012,16605,0.435592,0.055345,0,0,1,0.4200,罗湖区,21,21,0,0,0,0,1
2023-03-29,589179428,20190000000000000003,900200000000000047,1,51.523,356.833,18580.000,2023-03-29 17:45:00.000,L2FT01-FTJ023,24.03,0.000,0.666012,16605,0.435592,0.055345,0,0,1,0.4200,罗湖区,21,21,0,0,0,0,1
2023-03-29,589179428,20190000000000000003,900200000000000042,1,69.537,328.840,22863.333,2023-03-29 17:45:00.000,L2FT01-FTJ023,24.03,0.000,0.666012,16605,0.435592,0.055345,0,0,1,0.4200,罗湖区,21,21,0,0,0,0,1
2023-03-29,589179428,20190000000000000003,900200000000000042,1,39.275,329.217,12920.833,2023-03-29 18:00:00.000,L2FT01-FTJ023,23.93,0.000,0.666012,16605,0.435592,0.055345,0,0,1,0.4200,罗湖区,21,21,0,0,0,0,1
2023-03-29,589179428,20190000000000000003,900200000000000047,1,72.658,363.227,26390.000,2023-03-29 18:00:00.000,L2FT01-FTJ023,23.93,0.000,0.666012,16605,0.435592,0.055345,0,0,1,0.4200,罗湖区,21,21,0,0,0,0,1
2023-03-29,589179428,20190000000000000003,900200000000000047,1,78.560,365.453,28707.333,2023-03-29 18:15:00.000,L2FT01-FTJ023,23.93,0.000,0.666012,16605,0.435592,0.055345,0,0,1,0.4200,罗湖区,21,21,0,0,0,0,1
2023-03-29,589179428,20190000000000000003,900200000000000047,1,68.917,367.327,25354.000,2023-03-29 18:30:00.000,L2FT01-FTJ023,23.93,0.000,0.666012,16605,0.435592,0.055345,0,0,1,0.4200,罗湖区,21,21,0,0,0,0,1
2023-03-29,589179428,20190000000000000003,900200000000000049,1,59.954,357.891,21503.636,2023-03-29 18:30:00.000,L2FT01-FTJ023,23.93,0.000,0.666012,16605,0.435592,0.055345,0,0,1,0.4200,罗湖区,21,21,0,0,0,0,1
2023-03-29,589179428,20190000000000000003,900200000000000047,1,20.984,360.143,7552.857,2023-03-29 18:45:00.000,L2FT01-FTJ023,23.93,0.000,0.666012,16605,0.435592,0.055345,0,0,1,0.4200,罗湖区,21,21,0,0,0,0,1
2023-03-29,589179428,20190000000000000003,900200000000000049,1,24.880,355.550,8845.000,2023-03-29 18:45:00.000,L2FT01-FTJ023,23.93,0.000,0.666012,16605,0.435592,0.055345,0,0,1,0.4200,罗湖区,21,21,0,0,0,0,1
2023-03-29,589179428,20190000000000000003,900200000000000032,1,105.076,346.500,36547.143,2023-03-29 19:00:00.000,L2FT01-FTJ023,24.03,0.000,0.666012,16605,0.435592,0.055345,0,0,1,0.4200,罗湖区,21,21,0,0,0,0,1
2023-03-29,589179428,20190000000000000003,900200000000000032,1,117.084,362.027,42370.000,2023-03-29 19:15:00.000,L2FT01-FTJ023,24.03,0.000,0.666012,16605,0.435592,0.055345,0,0,1,0.4200,罗湖区,21,21,0,0,0,0,1
2023-03-29,589179428,20190000000000000003,900200000000000057,1,165.448,406.730,67532.000,2023-03-29 19:15:00.000,L2FT01-FTJ023,24.03,0.000,0.666012,16605,0.435592,0.055345,0,0,1,0.4200,罗湖区,21,21,0,0,0,0,1
2023-03-29,589179428,20190000000000000003,900200000000000032,1,85.119,376.673,32025.333,2023-03-29 19:30:00.000,L2FT01-FTJ023,24.03,0.000,0.666012,16605,0.435592,0.055345,0,0,1,0.4200,罗湖区,21,21,0,0,0,0,1
2023-03-29,589179428,20190000000000000003,900200000000000057,1,130.377,429.253,55862.667,2023-03-29 19:30:00.000,L2FT01-FTJ023,24.03,0.000,0.666012,16605,0.435592,0.055345,0,0,1,0.4200,罗湖区,21,21,0,0,0,0,1
2023-03-29,589179428,20190000000000000003,900200000000000047,1,48.437,343.414,16702.857,2023-03-29 19:45:00.000,L2FT01-FTJ023,24.03,0.000,0.666012,16605,0.435592,0.055345,0,0,1,0.4200,罗湖区,21,21,0,0,0,0,1
2023-03-29,589179428,20190000000000000003,900200000000000057,1,66.057,441.900,29160.000,2023-03-29 19:45:00.000,L2FT01-FTJ023,24.03,0.000,0.666012,16605,0.435592,0.055345,0,0,1,0.4200,罗湖区,21,21,0,0,0,0,1
2023-03-29,589179428,20190000000000000003,900200000000000040,1,67.500,290.250,26955.000,2023-03-29 19:45:00.000,L2FT01-FTJ023,24.03,0.000,0.666012,16605,0.435592,0.055345,0,0,1,0.4200,罗湖区,21,21,0,0,0,0,1
2023-03-29,589179428,20190000000000000003,900200000000000039,1,119.167,329.500,39261.818,2023-03-29 19:45:00.000,L2FT01-FTJ023,24.03,0.000,0.666012,16605,0.435592,0.055345,0,0,1,0.4200,罗湖区,21,21,0,0,0,0,1
2023-03-29,589179428,20190000000000000003,900200000000000038,1,19.945,425.900,8490.000,2023-03-29 19:45:00.000,L2FT01-FTJ023,24.03,0.000,0.666012,16605,0.435592,0.055345,0,0,1,0.4200,罗湖区,21,21,0,0,0,0,1
2023-03-29,589179428,20190000000000000003,900200000000000032,1,58.990,384.500,22675.000,2023-03-29 19:45:00.000,L2FT01-FTJ023,24.03,0.000,0.666012,16605,0.435592,0.055345,0,0,1,0.4200,罗湖区,21,21,0,0,0,0,1
2023-03-29,589179428,20190000000000000003,900200000000000038,1,129.867,472.133,61310.667,2023-03-29 20:00:00.000,L2FT01-FTJ023,24.33,0.000,0.666012,16605,0.435592,0.055345,0,0,1,0.4200,罗湖区,21,21,0,0,0,0,1
2023-03-29,589179428,20190000000000000003,900200000000000039,1,106.815,334.433,35664.167,2023-03-29 20:00:00.000,L2FT01-FTJ023,24.33,0.000,0.666012,16605,0.435592,0.055345,0,0,1,0.4200,罗湖区,21,21,0,0,0,0,1
2023-03-29,589179428,20190000000000000003,900200000000000040,1,143.611,408.547,58669.333,2023-03-29 20:00:00.000,L2FT01-FTJ023,24.33,0.000,0.666012,16605,0.435592,0.055345,0,0,1,0.4200,罗湖区,21,21,0,0,0,0,1
2023-03-29,589179428,20190000000000000003,900200000000000047,1,71.330,351.913,25102.000,2023-03-29 20:00:00.000,L2FT01-FTJ023,24.33,0.000,0.666012,16605,0.435592,0.055345,0,0,1,0.4200,罗湖区,21,21,0,0,0,0,1
2023-03-29,589179428,20190000000000000003,900200000000000057,1,44.590,445.100,19850.000,2023-03-29 20:00:00.000,L2FT01-FTJ023,24.33,0.000,0.666012,16605,0.435592,0.055345,0,0,1,0.4200,罗湖区,21,21,0,0,0,0,1
2023-03-29,589179428,20190000000000000003,900200000000000038,1,120.499,472.267,56910.000,2023-03-29 20:15:00.000,L2FT01-FTJ023,24.33,0.000,0.666012,16605,0.435592,0.055345,0,0,1,0.4200,罗湖区,21,21,0,0,0,0,1
2023-03-29,589179428,20190000000000000003,900200000000000040,1,131.145,425.186,55759.286,2023-03-29 20:15:00.000,L2FT01-FTJ023,24.33,0.000,0.666012,16605,0.435592,0.055345,0,0,1,0.4200,罗湖区,21,21,0,0,0,0,1
2023-03-29,589179428,20190000000000000003,900200000000000047,1,71.359,363.693,25951.333,2023-03-29 20:15:00.000,L2FT01-FTJ023,24.33,0.000,0.666012,16605,0.435592,0.055345,0,0,1,0.4200,罗湖区,21,21,0,0,0,0,1
2023-03-29,589179428,20190000000000000003,900200000000000038,1,80.857,472.100,38172.000,2023-03-29 20:30:00.000,L2FT01-FTJ023,24.33,0.000,0.666012,16605,0.435592,0.055345,0,0,1,0.4200,罗湖区,21,21,0,0,0,0,1
2023-03-29,589179428,20190000000000000003,900200000000000047,1,71.378,375.713,26814.667,2023-03-29 20:30:00.000,L2FT01-FTJ023,24.33,0.000,0.666012,16605,0.435592,0.055345,0,0,1,0.4200,罗湖区,21,21,0,0,0,0,1
2023-03-29,589179428,20190000000000000003,900200000000000038,1,23.890,471.200,11260.000,2023-03-29 20:45:00.000,L2FT01-FTJ023,24.33,0.000,0.666012,16605,0.435592,0.055345,0,0,1,0.4200,罗湖区,21,21,0,0,0,0,1
2023-03-29,589179428,20190000000000000003,900200000000000047,1,49.283,385.080,18969.333,2023-03-29 20:45:00.000,L2FT01-FTJ023,24.33,0.000,0.666012,16605,0.435592,0.055345,0,0,1,0.4200,罗湖区,21,21,0,0,0,0,1
2023-03-29,589179428,20190000000000000003,900200000000000047,1,24.890,386.729,9624.286,2023-03-29 21:00:00.000,L2FT01-FTJ023,24.81,0.000,0.666012,16605,0.435592,0.055345,0,0,1,0.4200,罗湖区,21,21,0,0,0,0,1
2023-03-30,589179428,20190000000000000003,900200000000000048,1,129.855,304.085,39483.846,2023-03-30 00:15:00.000,L2FT01-FTJ023,26.93,0.000,0.666012,16605,0.435592,0.055345,0,0,1,0.4200,罗湖区,21,21,0,0,0,0,1
2023-03-30,589179428,20190000000000000003,900200000000000048,1,129.890,308.933,40124.667,2023-03-30 00:30:00.000,L2FT01-FTJ023,26.93,0.000,0.666012,16605,0.435592,0.055345,0,0,1,0.4200,罗湖区,21,21,0,0,0,0,1
2023-03-30,589179428,20190000000000000003,900200000000000048,1,129.890,310.407,40316.667,2023-03-30 00:45:00.000,L2FT01-FTJ023,26.93,0.000,0.666012,16605,0.435592,0.055345,0,0,1,0.4200,罗湖区,21,21,0,0,0,0,1
2023-03-30,589179428,20190000000000000003,900200000000000048,1,129.919,311.373,40450.667,2023-03-30 01:00:00.000,L2FT01-FTJ023,27.70,0.000,0.666012,16605,0.435592,0.055345,0,0,1,0.4200,罗湖区,21,21,0,0,0,0,1
2023-03-30,589179428,20190000000000000003,900200000000000048,1,129.890,313.287,40690.667,2023-03-30 01:15:00.000,L2FT01-FTJ023,27.70,0.000,0.666012,16605,0.435592,0.055345,0,0,1,0.4200,罗湖区,21,21,0,0,0,0,1
2023-03-30,589179428,20190000000000000003,900200000000000048,1,129.912,315.253,40953.333,2023-03-30 01:30:00.000,L2FT01-FTJ023,27.70,0.000,0.666012,16605,0.435592,0.055345,0,0,1,0.4200,罗湖区,21,21,0,0,0,0,1
2023-03-30,589179428,20190000000000000003,900200000000000032,1,62.585,354.975,23793.750,2023-03-30 01:45:00.000,L2FT01-FTJ023,27.70,0.000,0.666012,16605,0.435592,0.055345,0,0,1,0.4200,罗湖区,21,21,0,0,0,0,1
2023-03-30,589179428,20190000000000000003,900200000000000048,1,79.904,323.933,25704.444,2023-03-30 01:45:00.000,L2FT01-FTJ023,27.70,0.000,0.666012,16605,0.435592,0.055345,0,0,1,0.4200,罗湖区,21,21,0,0,0,0,1
2023-03-30,589179428,20190000000000000003,900200000000000032,1,71.530,385.260,27553.333,2023-03-30 02:00:00.000,L2FT01-FTJ023,28.43,0.000,0.666012,16605,0.435592,0.055345,0,0,1,0.4200,罗湖区,21,21,0,0,0,0,1
2023-03-30,589179428,20190000000000000003,900200000000000032,1,71.554,389.640,27877.333,2023-03-30 02:15:00.000,L2FT01-FTJ023,28.43,0.000,0.666012,16605,0.435592,0.055345,0,0,1,0.4200,罗湖区,21,21,0,0,0,0,1
2023-03-30,589179428,20190000000000000003,900200000000000034,1,129.883,309.078,40141.111,2023-03-30 02:15:00.000,L2FT01-FTJ023,28.43,0.000,0.666012,16605,0.435592,0.055345,0,0,1,0.4200,罗湖区,21,21,0,0,0,0,1
2023-03-30,589179428,20190000000000000003,900200000000000032,1,71.518,390.440,27919.333,2023-03-30 02:30:00.000,L2FT01-FTJ023,28.43,0.000,0.666012,16605,0.435592,0.055345,0,0,1,0.4200,罗湖区,21,21,0,0,0,0,1
2023-03-30,589179428,20190000000000000003,900200000000000034,1,129.922,309.873,40256.667,2023-03-30 02:30:00.000,L2FT01-FTJ023,28.43,0.000,0.666012,16605,0.435592,0.055345,0,0,1,0.4200,罗湖区,21,21,0,0,0,0,1
2023-03-30,589179428,20190000000000000003,900200000000000034,1,129.828,310.440,40300.000,2023-03-30 02:45:00.000,L2FT01-FTJ023,28.43,0.000,0.666012,16605,0.435592,0.055345,0,0,1,0.4200,罗湖区,21,21,0,0,0,0,1
2023-03-30,589179428,20190000000000000003,900200000000000032,1,71.560,391.087,27984.000,2023-03-30 02:45:00.000,L2FT01-FTJ023,28.43,0.000,0.666012,16605,0.435592,0.055345,0,0,1,0.4200,罗湖区,21,21,0,0,0,0,1
2023-03-30,589179428,20190000000000000003,900200000000000032,1,71.560,393.100,28127.333,2023-03-30 03:00:00.000,L2FT01-FTJ023,29.05,0.000,0.666012,16605,0.435592,0.055345,0,0,1,0.4200,罗湖区,21,21,0,0,0,0,1
2023-03-30,589179428,20190000000000000003,900200000000000034,1,129.866,312.533,40584.000,2023-03-30 03:00:00.000,L2FT01-FTJ023,29.05,0.000,0.666012,16605,0.435592,0.055345,0,0,1,0.4200,罗湖区,21,21,0,0,0,0,1
2023-03-30,589179428,20190000000000000003,900200000000000032,1,71.524,394.787,28232.000,2023-03-30 03:15:00.000,L2FT01-FTJ023,29.05,0.000,0.666012,16605,0.435592,0.055345,0,0,1,0.4200,罗湖区,21,21,0,0,0,0,1
2023-03-30,589179428,20190000000000000003,900200000000000034,1,115.811,315.280,36504.000,2023-03-30 03:15:00.000,L2FT01-FTJ023,29.05,0.000,0.666012,16605,0.435592,0.055345,0,0,1,0.4200,罗湖区,21,21,0,0,0,0,1
2023-03-30,589179428,20190000000000000003,900200000000000032,1,71.500,395.887,28300.000,2023-03-30 03:30:00.000,L2FT01-FTJ023,29.05,0.000,0.666012,16605,0.435592,0.055345,0,0,1,0.4200,罗湖区,21,21,0,0,0,0,1
2023-03-30,589179428,20190000000000000003,900200000000000034,1,52.719,323.100,16954.286,2023-03-30 03:30:00.000,L2FT01-FTJ023,29.05,0.000,0.666012,16605,0.435592,0.055345,0,0,1,0.4200,罗湖区,21,21,0,0,0,0,1
2023-03-30,589179428,20190000000000000003,900200000000000042,1,119.105,471.182,56668.182,2023-03-30 03:30:00.000,L2FT01-FTJ023,29.05,0.000,0.666012,16605,0.435592,0.055345,0,0,1,0.4200,罗湖区,21,21,0,0,0,0,1
2023-03-30,589179428,20190000000000000003,900200000000000032,1,71.500,397.633,28425.333,2023-03-30 03:45:00.000,L2FT01-FTJ023,29.05,0.000,0.666012,16605,0.435592,0.055345,0,0,1,0.4200,罗湖区,21,21,0,0,0,0,1
2023-03-30,589179428,20190000000000000003,900200000000000042,1,120.715,476.647,57539.333,2023-03-30 03:45:00.000,L2FT01-FTJ023,29.05,0.000,0.666012,16605,0.435592,0.055345,0,0,1,0.4200,罗湖区,21,21,0,0,0,0,1
2023-03-30,589179428,20190000000000000003,900200000000000049,1,72.133,424.442,33717.500,2023-03-30 03:45:00.000,L2FT01-FTJ023,29.05,0.000,0.666012,16605,0.435592,0.055345,0,0,1,0.4200,罗湖区,21,21,0,0,0,0,1
2023-03-30,589179428,20190000000000000003,900200000000000032,1,59.890,402.307,24077.333,2023-03-30 04:00:00.000,L2FT01-FTJ023,29.53,0.000,0.666012,16605,0.435592,0.055345,0,0,1,0.4200,罗湖区,21,21,0,0,0,0,1
2023-03-30,589179428,20190000000000000003,900200000000000042,1,84.165,476.547,40105.333,2023-03-30 04:00:00.000,L2FT01-FTJ023,29.53,0.000,0.666012,16605,0.435592,0.055345,0,0,1,0.4200,罗湖区,21,21,0,0,0,0,1
2023-03-30,589179428,20190000000000000003,900200000000000049,1,92.552,468.880,43396.000,2023-03-30 04:00:00.000,L2FT01-FTJ023,29.53,0.000,0.666012,16605,0.435592,0.055345,0,0,1,0.4200,罗湖区,21,21,0,0,0,0,1
2023-03-30,589179428,20190000000000000003,900200000000000049,1,93.090,468.813,43645.333,2023-03-30 04:15:00.000,L2FT01-FTJ023,29.53,0.000,0.666012,16605,0.435592,0.055345,0,0,1,0.4200,罗湖区,21,21,0,0,0,0,1
2023-03-30,589179428,20190000000000000003,900200000000000044,1,6.895,302.900,2845.000,2023-03-30 04:15:00.000,L2FT01-FTJ023,29.53,0.000,0.666012,16605,0.435592,0.055345,0,0,1,0.4200,罗湖区,21,21,0,0,0,0,1
2023-03-30,589179428,20190000000000000003,900200000000000042,1,34.590,476.120,16472.000,2023-03-30 04:15:00.000,L2FT01-FTJ023,29.53,0.000,0.666012,16605,0.435592,0.055345,0,0,1,0.4200,罗湖区,21,21,0,0,0,0,1
2023-03-30,589179428,20190000000000000003,900200000000000032,1,23.790,405.550,9645.000,2023-03-30 04:15:00.000,L2FT01-FTJ023,29.53,0.000,0.666012,16605,0.435592,0.055345,0,0,1,0.4200,罗湖区,21,21,0,0,0,0,1
2023-03-30,589179428,20190000000000000003,900200000000000044,1,67.899,424.600,28858.000,2023-03-30 04:30:00.000,L2FT01-FTJ023,29.53,0.000,0.666012,16605,0.435592,0.055345,0,0,1,0.4200,罗湖区,21,21,0,0,0,0,1
2023-03-30,589179428,20190000000000000003,900200000000000049,1,66.048,468.491,30952.727,2023-03-30 04:30:00.000,L2FT01-FTJ023,29.53,0.000,0.666012,16605,0.435592,0.055345,0,0,1,0.4200,罗湖区,21,21,0,0,0,0,1
2023-03-30,589179428,20190000000000000003,900200000000000044,1,68.773,437.067,30054.000,2023-03-30 04:45:00.000,L2FT01-FTJ023,29.53,0.000,0.666012,16605,0.435592,0.055345,0,0,1,0.4200,罗湖区,21,21,0,0,0,0,1
2023-03-30,589179428,20190000000000000003,900200000000000038,1,53.517,340.400,20912.500,2023-03-30 05:30:00.000,L2FT01-FTJ023,29.83,0.000,0.666012,16605,0.435592,0.055345,0,0,1,0.4200,罗湖区,21,21,0,0,0,0,1
2023-03-30,589179428,20190000000000000003,900200000000000043,1,71.791,351.814,25256.429,2023-03-30 05:30:00.000,L2FT01-FTJ023,29.83,0.000,0.666012,16605,0.435592,0.055345,0,0,1,0.4200,罗湖区,21,21,0,0,0,0,1
2023-03-30,589179428,20190000000000000003,900200000000000038,1,71.197,391.753,27890.000,2023-03-30 05:45:00.000,L2FT01-FTJ023,29.83,0.000,0.666012,16605,0.435592,0.055345,0,0,1,0.4200,罗湖区,21,21,0,0,0,0,1
2023-03-30,589179428,20190000000000000003,900200000000000043,1,71.790,354.167,25424.000,2023-03-30 05:45:00.000,L2FT01-FTJ023,29.83,0.000,0.666012,16605,0.435592,0.055345,0,0,1,0.4200,罗湖区,21,21,0,0,0,0,1
2023-03-30,589179428,20190000000000000003,900200000000000045,1,63.563,323.600,20634.444,2023-03-30 05:45:00.000,L2FT01-FTJ023,29.83,0.000,0.666012,16605,0.435592,0.055345,0,0,1,0.4200,罗湖区,21,21,0,0,0,0,1
2023-03-30,589179428,20190000000000000003,900200000000000038,1,71.190,393.200,27990.000,2023-03-30 06:00:00.000,L2FT01-FTJ023,29.93,0.000,0.666012,16605,0.435592,0.055345,0,0,1,0.4200,罗湖区,21,21,0,0,0,0,1
2023-03-30,589179428,20190000000000000003,900200000000000043,1,64.787,355.267,23016.667,2023-03-30 06:00:00.000,L2FT01-FTJ023,29.93,0.000,0.666012,16605,0.435592,0.055345,0,0,1,0.4200,罗湖区,21,21,0,0,0,0,1
2023-03-30,589179428,20190000000000000003,900200000000000045,1,71.390,325.127,23210.000,2023-03-30 06:00:00.000,L2FT01-FTJ023,29.93,0.000,0.666012,16605,0.435592,0.055345,0,0,1,0.4200,罗湖区,21,21,0,0,0,0,1
2023-03-30,589179428,20190000000000000003,900200000000000045,1,71.390,326.815,23329.231,2023-03-30 06:15:00.000,L2FT01-FTJ023,29.93,0.000,0.666012,16605,0.435592,0.055345,0,0,1,0.4200,罗湖区,21,21,0,0,0,0,1
2023-03-30,589179428,20190000000000000003,900200000000000052,1,94.845,443.120,44454.000,2023-03-30 06:15:00.000,L2FT01-FTJ023,29.93,0.000,0.666012,16605,0.435592,0.055345,0,0,1,0.4200,罗湖区,21,21,0,0,0,0,1
2023-03-30,589179428,20190000000000000003,900200000000000043,1,38.393,355.933,13661.667,2023-03-30 06:15:00.000,L2FT01-FTJ023,29.93,0.000,0.666012,16605,0.435592,0.055345,0,0,1,0.4200,罗湖区,21,21,0,0,0,0,1
2023-03-30,589179428,20190000000000000003,900200000000000052,1,125.479,470.120,58986.667,2023-03-30 06:30:00.000,L2FT01-FTJ023,29.93,0.000,0.666012,16605,0.435592,0.055345,0,0,1,0.4200,罗湖区,21,21,0,0,0,0,1
2023-03-30,589179428,20190000000000000003,900200000000000052,1,116.909,469.920,54935.333,2023-03-30 06:45:00.000,L2FT01-FTJ023,29.93,0.000,0.666012,16605,0.435592,0.055345,0,0,1,0.4200,罗湖区,21,21,0,0,0,0,1
2023-03-30,589179428,20190000000000000003,900200000000000030,1,71.548,353.250,25275.000,2023-03-30 07:00:00.000,L2FT01-FTJ023,29.83,0.000,0.666012,16605,0.435592,0.055345,0,0,1,0.4200,罗湖区,21,21,0,0,0,0,1
2023-03-30,589179428,20190000000000000003,900200000000000052,1,76.980,469.453,36146.667,2023-03-30 07:00:00.000,L2FT01-FTJ023,29.83,0.000,0.666012,16605,0.435592,0.055345,0,0,1,0.4200,罗湖区,21,21,0,0,0,0,1
2023-03-30,589179428,20190000000000000003,900200000000000030,1,71.590,354.093,25348.000,2023-03-30 07:15:00.000,L2FT01-FTJ023,29.83,0.000,0.666012,16605,0.435592,0.055345,0,0,1,0.4200,罗湖区,21,21,0,0,0,0,1
2023-03-30,589179428,20190000000000000003,900200000000000052,1,29.565,468.975,13867.500,2023-03-30 07:15:00.000,L2FT01-FTJ023,29.83,0.000,0.666012,16605,0.435592,0.055345,0,0,1,0.4200,罗湖区,21,21,0,0,0,0,1
2023-03-30,589179428,20190000000000000003,900200000000000032,1,110.495,469.100,52237.273,2023-03-30 07:30:00.000,L2FT01-FTJ023,29.83,0.000,0.666012,16605,0.435592,0.055345,0,0,1,0.4200,罗湖区,21,21,0,0,0,0,1
2023-03-30,589179428,20190000000000000003,900200000000000030,1,70.657,355.733,25133.333,2023-03-30 07:30:00.000,L2FT01-FTJ023,29.83,0.000,0.666012,16605,0.435592,0.055345,0,0,1,0.4200,罗湖区,21,21,0,0,0,0,1
2023-03-30,589179428,20190000000000000003,900200000000000057,1,129.819,462.658,61516.667,2023-03-30 07:30:00.000,L2FT01-FTJ023,29.83,0.000,0.666012,16605,0.435592,0.055345,0,0,1,0.4200,罗湖区,21,21,0,0,0,0,1
2023-03-30,589179428,20190000000000000003,900200000000000057,1,163.303,474.933,77556.000,2023-03-30 07:45:00.000,L2FT01-FTJ023,29.83,0.000,0.666012,16605,0.435592,0.055345,0,0,1,0.4200,罗湖区,21,21,0,0,0,0,1
2023-03-30,589179428,20190000000000000003,900200000000000034,1,41.538,411.292,16974.615,2023-03-30 07:45:00.000,L2FT01-FTJ023,29.83,0.000,0.666012,16605,0.435592,0.055345,0,0,1,0.4200,罗湖区,21,21,0,0,0,0,1
2023-03-30,589179428,20190000000000000003,900200000000000040,1,89.941,392.590,35293.000,2023-03-30 07:45:00.000,L2FT01-FTJ023,29.83,0.000,0.666012,16605,0.435592,0.055345,0,0,1,0.4200,罗湖区,21,21,0,0,0,0,1
2023-03-30,589179428,20190000000000000003,900200000000000030,1,46.379,354.787,16458.667,2023-03-30 07:45:00.000,L2FT01-FTJ023,29.83,0.000,0.666012,16605,0.435592,0.055345,0,0,1,0.4200,罗湖区,21,21,0,0,0,0,1
2023-03-30,589179428,20190000000000000003,900200000000000032,1,118.500,474.080,56174.667,2023-03-30 07:45:00.000,L2FT01-FTJ023,29.83,0.000,0.666012,16605,0.435592,0.055345,0,0,1,0.4200,罗湖区,21,21,0,0,0,0,1
2023-03-30,589179428,20190000000000000003,900200000000000057,1,133.167,474.913,63253.750,2023-03-30 08:00:00.000,L2FT01-FTJ023,29.53,0.000,0.666012,16605,0.435592,0.055345,0,0,1,0.4200,罗湖区,21,21,0,0,0,0,1
2023-03-30,589179428,20190000000000000003,900200000000000040,1,47.577,400.287,19034.000,2023-03-30 08:00:00.000,L2FT01-FTJ023,29.53,0.000,0.666012,16605,0.435592,0.055345,0,0,1,0.4200,罗湖区,21,21,0,0,0,0,1
2023-03-30,589179428,20190000000000000003,900200000000000038,1,66.464,380.493,25525.333,2023-03-30 08:00:00.000,L2FT01-FTJ023,29.53,0.000,0.666012,16605,0.435592,0.055345,0,0,1,0.4200,罗湖区,21,21,0,0,0,0,1
2023-03-30,589179428,20190000000000000003,900200000000000030,1,24.640,353.150,8700.000,2023-03-30 08:00:00.000,L2FT01-FTJ023,29.53,0.000,0.666012,16605,0.435592,0.055345,0,0,1,0.4200,罗湖区,21,21,0,0,0,0,1
2023-03-30,589179428,20190000000000000003,900200000000000032,1,103.610,474.140,49125.333,2023-03-30 08:00:00.000,L2FT01-FTJ023,29.53,0.000,0.666012,16605,0.435592,0.055345,0,0,1,0.4200,罗湖区,21,21,0,0,0,0,1
2023-03-30,589179428,20190000000000000003,900200000000000034,1,45.000,411.087,18494.000,2023-03-30 08:00:00.000,L2FT01-FTJ023,29.53,0.000,0.666012,16605,0.435592,0.055345,0,0,1,0.4200,罗湖区,21,21,0,0,0,0,1
2023-03-30,589179428,20190000000000000003,900200000000000032,1,84.590,474.100,40100.000,2023-03-30 08:15:00.000,L2FT01-FTJ023,29.53,0.000,0.666012,16605,0.435592,0.055345,0,0,1,0.4200,罗湖区,21,21,0,0,0,0,1
2023-03-30,589179428,20190000000000000003,900200000000000034,1,42.413,413.847,17551.333,2023-03-30 08:15:00.000,L2FT01-FTJ023,29.53,0.000,0.666012,16605,0.435592,0.055345,0,0,1,0.4200,罗湖区,21,21,0,0,0,0,1
2023-03-30,589179428,20190000000000000003,900200000000000038,1,61.845,394.807,24415.333,2023-03-30 08:15:00.000,L2FT01-FTJ023,29.53,0.000,0.666012,16605,0.435592,0.055345,0,0,1,0.4200,罗湖区,21,21,0,0,0,0,1
2023-03-30,589179428,20190000000000000003,900200000000000040,1,14.963,401.127,6000.000,2023-03-30 08:15:00.000,L2FT01-FTJ023,29.53,0.000,0.666012,16605,0.435592,0.055345,0,0,1,0.4200,罗湖区,21,21,0,0,0,0,1
2023-03-30,589179428,20190000000000000003,900200000000000038,1,56.413,403.407,22746.000,2023-03-30 08:30:00.000,L2FT01-FTJ023,29.53,0.000,0.666012,16605,0.435592,0.055345,0,0,1,0.4200,罗湖区,21,21,0,0,0,0,1
2023-03-30,589179428,20190000000000000003,900200000000000034,1,24.373,419.592,10205.833,2023-03-30 08:30:00.000,L2FT01-FTJ023,29.53,0.000,0.666012,16605,0.435592,0.055345,0,0,1,0.4200,罗湖区,21,21,0,0,0,0,1
2023-03-30,589179428,20190000000000000003,900200000000000057,1,73.151,412.811,30353.333,2023-03-30 08:30:00.000,L2FT01-FTJ023,29.53,0.000,0.666012,16605,0.435592,0.055345,0,0,1,0.4200,罗湖区,21,21,0,0,0,0,1
2023-03-30,589179428,20190000000000000003,900200000000000057,1,70.431,415.713,29279.333,2023-03-30 08:45:00.000,L2FT01-FTJ023,29.53,0.000,0.666012,16605,0.435592,0.055345,0,0,1,0.4200,罗湖区,21,21,0,0,0,0,1
2023-03-30,589179428,20190000000000000003,900200000000000038,1,14.911,406.067,6054.000,2023-03-30 08:45:00.000,L2FT01-FTJ023,29.53,0.000,0.666012,16605,0.435592,0.055345,0,0,1,0.4200,罗湖区,21,21,0,0,0,0,1
2023-03-30,589179428,20190000000000000003,900200000000000057,1,26.363,414.947,10932.000,2023-03-30 09:00:00.000,L2FT01-FTJ023,29.05,0.000,0.666012,16605,0.435592,0.055345,0,0,1,0.4200,罗湖区,21,21,0,0,0,0,1
2023-03-30,589179428,20190000000000000003,900200000000000031,1,67.857,337.233,22883.333,2023-03-30 09:00:00.000,L2FT01-FTJ023,29.05,0.000,0.666012,16605,0.435592,0.055345,0,0,1,0.4200,罗湖区,21,21,0,0,0,0,1
2023-03-30,589179428,20190000000000000003,900200000000000038,1,7.590,406.767,3086.667,2023-03-30 09:00:00.000,L2FT01-FTJ023,29.05,0.000,0.666012,16605,0.435592,0.055345,0,0,1,0.4200,罗湖区,21,21,0,0,0,0,1
2023-03-30,589179428,20190000000000000003,900200000000000031,1,67.790,347.420,23550.000,2023-03-30 09:15:00.000,L2FT01-FTJ023,29.05,0.000,0.666012,16605,0.435592,0.055345,0,0,1,0.4200,罗湖区,21,21,0,0,0,0,1
2023-03-30,589179428,20190000000000000003,900200000000000031,1,45.103,356.780,16086.667,2023-03-30 09:30:00.000,L2FT01-FTJ023,29.05,0.000,0.666012,16605,0.435592,0.055345,0,0,1,0.4200,罗湖区,21,21,0,0,0,0,1
2023-03-30,589179428,20190000000000000003,900200000000000031,1,30.383,362.040,10994.000,2023-03-30 09:45:00.000,L2FT01-FTJ023,29.05,0.000,0.666012,16605,0.435592,0.055345,0,0,1,0.4200,罗湖区,21,21,0,0,0,0,1
2023-03-30,589179428,20190000000000000003,900200000000000031,1,13.890,363.754,5051.538,2023-03-30 10:00:00.000,L2FT01-FTJ023,28.43,0.000,0.666012,16605,0.435592,0.055345,0,0,1,0.4200,罗湖区,21,21,0,0,0,0,1
2023-03-30,589179428,20190000000000000003,900200000000000039,1,151.984,372.947,57756.667,2023-03-30 10:30:00.000,L2FT01-FTJ023,28.43,0.000,0.666012,16605,0.435592,0.055345,0,0,1,0.4200,罗湖区,21,21,0,0,0,0,1
2023-03-30,589179428,20190000000000000003,900200000000000039,1,113.530,395.575,44875.000,2023-03-30 10:45:00.000,L2FT01-FTJ023,28.43,0.000,0.666012,16605,0.435592,0.055345,0,0,1,0.4200,罗湖区,21,21,0,0,0,0,1
2023-03-30,589179428,20190000000000000003,900200000000000038,1,105.384,467.311,50034.444,2023-03-30 11:45:00.000,L2FT01-FTJ023,27.70,0.000,0.666012,16605,0.435592,0.055345,0,0,1,0.4200,罗湖区,21,21,0,0,0,0,1
2023-03-30,589179428,20190000000000000003,900200000000000038,1,116.353,476.600,55461.429,2023-03-30 12:00:00.000,L2FT01-FTJ023,26.93,0.000,0.666012,16605,0.435592,0.055345,0,0,1,0.4200,罗湖区,21,21,0,0,0,0,1
2023-03-30,589179428,20190000000000000003,900200000000000043,1,27.858,409.375,11402.500,2023-03-30 12:00:00.000,L2FT01-FTJ023,26.93,0.000,0.666012,16605,0.435592,0.055345,0,0,1,0.4200,罗湖区,21,21,0,0,0,0,1
2023-03-30,589179428,20190000000000000003,900200000000000042,1,68.690,351.367,24133.333,2023-03-30 12:15:00.000,L2FT01-FTJ023,26.93,0.000,0.666012,16605,0.435592,0.055345,0,0,1,0.4200,罗湖区,21,21,0,0,0,0,1
2023-03-30,589179428,20190000000000000003,900200000000000043,1,17.150,409.080,7018.000,2023-03-30 12:15:00.000,L2FT01-FTJ023,26.93,0.000,0.666012,16605,0.435592,0.055345,0,0,1,0.4200,罗湖区,21,21,0,0,0,0,1
2023-03-30,589179428,20190000000000000003,900200000000000042,1,68.750,353.627,24310.667,2023-03-30 12:30:00.000,L2FT01-FTJ023,26.93,0.000,0.666012,16605,0.435592,0.055345,0,0,1,0.4200,罗湖区,21,21,0,0,0,0,1
2023-03-30,589179428,20190000000000000003,900200000000000043,1,13.883,409.853,5688.667,2023-03-30 12:30:00.000,L2FT01-FTJ023,26.93,0.000,0.666012,16605,0.435592,0.055345,0,0,1,0.4200,罗湖区,21,21,0,0,0,0,1
2023-03-30,589179428,20190000000000000003,900200000000000043,1,13.890,418.180,5808.000,2023-03-30 12:45:00.000,L2FT01-FTJ023,26.93,0.000,0.666012,16605,0.435592,0.055345,0,0,1,0.4200,罗湖区,21,21,0,0,0,0,1
2023-03-30,589179428,20190000000000000003,900200000000000042,1,62.750,355.480,22306.000,2023-03-30 12:45:00.000,L2FT01-FTJ023,26.93,0.000,0.666012,16605,0.435592,0.055345,0,0,1,0.4200,罗湖区,21,21,0,0,0,0,1
2023-03-30,589179428,20190000000000000003,900200000000000042,1,31.853,354.320,11286.667,2023-03-30 13:00:00.000,L2FT01-FTJ023,26.15,0.000,0.666012,16605,0.435592,0.055345,0,0,1,0.4200,罗湖区,21,21,0,0,0,0,1
2023-03-30,589179428,20190000000000000003,900200000000000042,1,19.500,355.700,6930.000,2023-03-30 13:15:00.000,L2FT01-FTJ023,26.15,0.000,0.666012,16605,0.435592,0.055345,0,0,1,0.4200,罗湖区,21,21,0,0,0,0,1
2023-03-30,589179428,20190000000000000003,900200000000000030,1,196.675,357.950,70422.500,2023-03-30 13:30:00.000,L2FT01-FTJ023,26.15,0.000,0.666012,16605,0.435592,0.055345,0,0,1,0.4200,罗湖区,21,21,0,0,0,0,1
2023-03-30,589179428,20190000000000000003,900200000000000030,1,204.605,365.467,74845.333,2023-03-30 13:45:00.000,L2FT01-FTJ023,26.15,0.000,0.666012,16605,0.435592,0.055345,0,0,1,0.4200,罗湖区,21,21,0,0,0,0,1
2023-03-30,589179428,20190000000000000003,900200000000000030,1,175.685,377.847,66334.667,2023-03-30 14:00:00.000,L2FT01-FTJ023,25.43,0.000,0.666012,16605,0.435592,0.055345,0,0,1,0.4200,罗湖区,21,21,0,0,0,0,1
2023-03-30,589179428,20190000000000000003,900200000000000030,1,125.851,392.300,49330.000,2023-03-30 14:15:00.000,L2FT01-FTJ023,25.43,0.000,0.666012,16605,0.435592,0.055345,0,0,1,0.4200,罗湖区,21,21,0,0,0,0,1
2023-03-30,589179428,20190000000000000003,900200000000000030,1,99.690,399.975,39872.500,2023-03-30 14:30:00.000,L2FT01-FTJ023,25.43,0.000,0.666012,16605,0.435592,0.055345,0,0,1,0.4200,罗湖区,21,21,0,0,0,0,1
2023-03-30,589179428,20190000000000000003,900200000000000042,1,65.840,353.300,23260.000,2023-03-30 16:15:00.000,L2FT01-FTJ023,24.33,0.000,0.666012,16605,0.435592,0.055345,0,0,1,0.4200,罗湖区,21,21,0,0,0,0,1
2023-03-30,589179428,20190000000000000003,900200000000000043,1,115.943,290.822,35896.667,2023-03-30 16:15:00.000,L2FT01-FTJ023,24.33,0.000,0.666012,16605,0.435592,0.055345,0,0,1,0.4200,罗湖区,21,21,0,0,0,0,1
2023-03-30,589179428,20190000000000000003,900200000000000042,1,65.830,359.987,23695.333,2023-03-30 16:30:00.000,L2FT01-FTJ023,24.33,0.000,0.666012,16605,0.435592,0.055345,0,0,1,0.4200,罗湖区,21,21,0,0,0,0,1
2023-03-30,589179428,20190000000000000003,900200000000000043,1,134.884,310.387,41864.000,2023-03-30 16:30:00.000,L2FT01-FTJ023,24.33,0.000,0.666012,16605,0.435592,0.055345,0,0,1,0.4200,罗湖区,21,21,0,0,0,0,1
2023-03-30,589179428,20190000000000000003,900200000000000052,1,62.545,337.550,24140.000,2023-03-30 16:30:00.000,L2FT01-FTJ023,24.33,0.000,0.666012,16605,0.435592,0.055345,0,0,1,0.4200,罗湖区,21,21,0,0,0,0,1
2023-03-30,589179428,20190000000000000003,900200000000000052,1,103.149,399.707,41152.000,2023-03-30 16:45:00.000,L2FT01-FTJ023,24.33,0.000,0.666012,16605,0.435592,0.055345,0,0,1,0.4200,罗湖区,21,21,0,0,0,0,1
2023-03-30,589179428,20190000000000000003,900200000000000043,1,134.890,312.560,42160.000,2023-03-30 16:45:00.000,L2FT01-FTJ023,24.33,0.000,0.666012,16605,0.435592,0.055345,0,0,1,0.4200,罗湖区,21,21,0,0,0,0,1
2023-03-30,589179428,20190000000000000003,900200000000000042,1,65.830,370.787,24407.333,2023-03-30 16:45:00.000,L2FT01-FTJ023,24.33,0.000,0.666012,16605,0.435592,0.055345,0,0,1,0.4200,罗湖区,21,21,0,0,0,0,1
2023-03-30,589179428,20190000000000000003,900200000000000034,0,0.000,291.100,0.000,2023-03-30 16:45:00.000,L2FT01-FTJ023,24.33,0.000,0.666012,16605,0.435592,0.055345,0,0,1,0.4200,罗湖区,21,21,0,0,0,0,1
2023-03-30,589179428,20190000000000000003,900200000000000039,1,116.883,308.610,36687.000,2023-03-30 17:00:00.000,L2FT01-FTJ023,24.03,0.000,0.666012,16605,0.435592,0.055345,0,0,1,0.4200,罗湖区,21,21,0,0,0,0,1
2023-03-30,589179428,20190000000000000003,900200000000000042,1,65.843,382.133,25159.333,2023-03-30 17:00:00.000,L2FT01-FTJ023,24.03,0.000,0.666012,16605,0.435592,0.055345,0,0,1,0.4200,罗湖区,21,21,0,0,0,0,1
2023-03-30,589179428,20190000000000000003,900200000000000043,1,134.945,313.683,42325.833,2023-03-30 17:00:00.000,L2FT01-FTJ023,24.03,0.000,0.666012,16605,0.435592,0.055345,0,0,1,0.4200,罗湖区,21,21,0,0,0,0,1
2023-03-30,589179428,20190000000000000003,900200000000000052,1,58.791,416.840,24474.000,2023-03-30 17:00:00.000,L2FT01-FTJ023,24.03,0.000,0.666012,16605,0.435592,0.055345,0,0,1,0.4200,罗湖区,21,21,0,0,0,0,1
2023-03-30,589179428,20190000000000000003,900200000000000039,1,129.890,314.740,40881.333,2023-03-30 17:15:00.000,L2FT01-FTJ023,24.03,0.000,0.666012,16605,0.435592,0.055345,0,0,1,0.4200,罗湖区,21,21,0,0,0,0,1
2023-03-30,589179428,20190000000000000003,900200000000000042,1,65.890,391.900,25819.091,2023-03-30 17:15:00.000,L2FT01-FTJ023,24.03,0.000,0.666012,16605,0.435592,0.055345,0,0,1,0.4200,罗湖区,21,21,0,0,0,0,1
2023-03-30,589179428,20190000000000000003,900200000000000052,1,23.843,422.293,10066.000,2023-03-30 17:15:00.000,L2FT01-FTJ023,24.03,0.000,0.666012,16605,0.435592,0.055345,0,0,1,0.4200,罗湖区,21,21,0,0,0,0,1
2023-03-30,589179428,20190000000000000003,900200000000000039,1,76.557,324.750,24686.667,2023-03-30 17:30:00.000,L2FT01-FTJ023,24.03,0.000,0.666012,16605,0.435592,0.055345,0,0,1,0.4200,罗湖区,21,21,0,0,0,0,1
2023-03-30,589179428,20190000000000000003,900200000000000044,1,96.527,464.078,45967.778,2023-03-30 17:45:00.000,L2FT01-FTJ023,24.03,0.000,0.666012,16605,0.435592,0.055345,0,0,1,0.4200,罗湖区,21,21,0,0,0,0,1
2023-03-30,589179428,20190000000000000003,900200000000000044,1,106.366,476.960,50737.000,2023-03-30 18:00:00.000,L2FT01-FTJ023,23.93,0.000,0.666012,16605,0.435592,0.055345,0,0,1,0.4200,罗湖区,21,21,0,0,0,0,1
2023-03-30,589179428,20190000000000000003,900200000000000045,1,130.395,314.100,40952.500,2023-03-30 18:15:00.000,L2FT01-FTJ023,23.93,0.000,0.666012,16605,0.435592,0.055345,0,0,1,0.4200,罗湖区,21,21,0,0,0,0,1
2023-03-30,589179428,20190000000000000003,900200000000000045,1,119.213,317.320,37720.000,2023-03-30 18:30:00.000,L2FT01-FTJ023,23.93,0.000,0.666012,16605,0.435592,0.055345,0,0,1,0.4200,罗湖区,21,21,0,0,0,0,1
2023-03-30,589179428,20190000000000000003,900200000000000045,1,29.890,335.000,10010.000,2023-03-30 18:45:00.000,L2FT01-FTJ023,23.93,0.000,0.666012,16605,0.435592,0.055345,0,0,1,0.4200,罗湖区,21,21,0,0,0,0,1
2023-03-30,589179428,20190000000000000003,900200000000000056,1,67.434,370.700,25156.000,2023-03-30 19:00:00.000,L2FT01-FTJ023,24.03,0.000,0.666012,16605,0.435592,0.055345,0,0,1,0.4200,罗湖区,21,21,0,0,0,0,1
2023-03-30,589179428,20190000000000000003,900200000000000056,1,75.557,381.120,28776.000,2023-03-30 19:15:00.000,L2FT01-FTJ023,24.03,0.000,0.666012,16605,0.435592,0.055345,0,0,1,0.4200,罗湖区,21,21,0,0,0,0,1
2023-03-30,589179428,20190000000000000003,900200000000000032,1,140.890,358.550,50595.000,2023-03-30 19:30:00.000,L2FT01-FTJ023,24.03,0.000,0.666012,16605,0.435592,0.055345,0,0,1,0.4200,罗湖区,21,21,0,0,0,0,1
2023-03-30,589179428,20190000000000000003,900200000000000032,1,143.770,371.100,53322.000,2023-03-30 19:45:00.000,L2FT01-FTJ023,24.03,0.000,0.666012,16605,0.435592,0.055345,0,0,1,0.4200,罗湖区,21,21,0,0,0,0,1
2023-03-30,589179428,20190000000000000003,900200000000000032,1,73.033,383.287,27972.667,2023-03-30 20:00:00.000,L2FT01-FTJ023,24.33,0.000,0.666012,16605,0.435592,0.055345,0,0,1,0.4200,罗湖区,21,21,0,0,0,0,1
2023-03-30,589179428,20190000000000000003,900200000000000032,1,22.805,383.525,8743.750,2023-03-30 20:15:00.000,L2FT01-FTJ023,24.33,0.000,0.666012,16605,0.435592,0.055345,0,0,1,0.4200,罗湖区,21,21,0,0,0,0,1
2023-03-30,589179428,20190000000000000003,900200000000000047,1,126.148,362.611,45856.667,2023-03-30 21:15:00.000,L2FT01-FTJ023,24.81,0.000,0.666012,16605,0.435592,0.055345,0,0,1,0.4200,罗湖区,21,21,0,0,0,0,1
2023-03-30,589179428,20190000000000000003,900200000000000039,1,63.333,410.800,25991.667,2023-03-30 21:30:00.000,L2FT01-FTJ023,24.81,0.000,0.666012,16605,0.435592,0.055345,0,0,1,0.4200,罗湖区,21,21,0,0,0,0,1
2023-03-30,589179428,20190000000000000003,900200000000000047,1,108.218,368.050,39822.500,2023-03-30 21:30:00.000,L2FT01-FTJ023,24.81,0.000,0.666012,16605,0.435592,0.055345,0,0,1,0.4200,罗湖区,21,21,0,0,0,0,1
2023-03-30,589179428,20190000000000000003,900200000000000034,1,50.370,408.560,20642.000,2023-03-30 21:45:00.000,L2FT01-FTJ023,24.81,0.000,0.666012,16605,0.435592,0.055345,0,0,1,0.4200,罗湖区,21,21,0,0,0,0,1
2023-03-30,589179428,20190000000000000003,900200000000000039,1,50.144,419.727,21046.000,2023-03-30 21:45:00.000,L2FT01-FTJ023,24.81,0.000,0.666012,16605,0.435592,0.055345,0,0,1,0.4200,罗湖区,21,21,0,0,0,0,1
2023-03-30,589179428,20190000000000000003,900200000000000039,1,38.250,428.293,16374.000,2023-03-30 22:00:00.000,L2FT01-FTJ023,25.43,0.000,0.666012,16605,0.435592,0.055345,0,0,1,0.4200,罗湖区,21,21,0,0,0,0,1
2023-03-30,589179428,20190000000000000003,900200000000000034,1,50.957,417.373,21265.333,2023-03-30 22:00:00.000,L2FT01-FTJ023,25.43,0.000,0.666012,16605,0.435592,0.055345,0,0,1,0.4200,罗湖区,21,21,0,0,0,0,1
2023-03-30,589179428,20190000000000000003,900200000000000034,1,41.730,427.233,17818.000,2023-03-30 22:15:00.000,L2FT01-FTJ023,25.43,0.000,0.666012,16605,0.435592,0.055345,0,0,1,0.4200,罗湖区,21,21,0,0,0,0,1
2023-03-30,589179428,20190000000000000003,900200000000000034,1,34.790,431.000,14990.000,2023-03-30 22:30:00.000,L2FT01-FTJ023,25.43,0.000,0.666012,16605,0.435592,0.055345,0,0,1,0.4200,罗湖区,21,21,0,0,0,0,1
2023-03-30,589179428,20190000000000000003,900200000000000034,1,118.995,356.200,42385.000,2023-03-30 23:00:00.000,L2FT01-FTJ023,26.15,0.000,0.666012,16605,0.435592,0.055345,0,0,1,0.4200,罗湖区,21,21,0,0,0,0,1
2023-03-30,589179428,20190000000000000003,900200000000000034,1,113.049,357.100,40364.667,2023-03-30 23:15:00.000,L2FT01-FTJ023,26.15,0.000,0.666012,16605,0.435592,0.055345,0,0,1,0.4200,罗湖区,21,21,0,0,0,0,1
2023-03-30,589179428,20190000000000000003,900200000000000034,1,82.951,356.640,29606.000,2023-03-30 23:30:00.000,L2FT01-FTJ023,26.15,0.000,0.666012,16605,0.435592,0.055345,0,0,1,0.4200,罗湖区,21,21,0,0,0,0,1
2023-03-30,589179428,20190000000000000003,900200000000000034,1,44.337,356.762,15804.615,2023-03-30 23:45:00.000,L2FT01-FTJ023,26.15,0.000,0.666012,16605,0.435592,0.055345,0,0,1,0.4200,罗湖区,21,21,0,0,0,0,1
2023-03-31,589179428,20190000000000000003,900200000000000044,1,129.800,309.025,40105.000,2023-03-31 00:00:00.000,L2FT01-FTJ023,26.93,0.000,0.666012,16605,0.435592,0.055345,0,0,1,0.4200,罗湖区,21,21,0,0,0,0,1
2023-03-31,589179428,20190000000000000003,900200000000000044,1,129.812,309.980,40232.667,2023-03-31 00:15:00.000,L2FT01-FTJ023,26.93,0.000,0.666012,16605,0.435592,0.055345,0,0,1,0.4200,罗湖区,21,21,0,0,0,0,1
2023-03-31,589179428,20190000000000000003,900200000000000044,1,129.866,310.813,40361.333,2023-03-31 00:30:00.000,L2FT01-FTJ023,26.93,0.000,0.666012,16605,0.435592,0.055345,0,0,1,0.4200,罗湖区,21,21,0,0,0,0,1
2023-03-31,589179428,20190000000000000003,900200000000000044,1,129.890,312.847,40633.333,2023-03-31 00:45:00.000,L2FT01-FTJ023,26.93,0.000,0.666012,16605,0.435592,0.055345,0,0,1,0.4200,罗湖区,21,21,0,0,0,0,1
2023-03-31,589179428,20190000000000000003,900200000000000034,1,199.932,311.450,62265.000,2023-03-31 01:00:00.000,L2FT01-FTJ023,27.70,0.000,0.666012,16605,0.435592,0.055345,0,0,1,0.4200,罗湖区,21,21,0,0,0,0,1
2023-03-31,589179428,20190000000000000003,900200000000000044,1,129.912,314.013,40791.333,2023-03-31 01:00:00.000,L2FT01-FTJ023,27.70,0.000,0.666012,16605,0.435592,0.055345,0,0,1,0.4200,罗湖区,21,21,0,0,0,0,1
2023-03-31,589179428,20190000000000000003,900200000000000034,1,200.080,313.427,62709.333,2023-03-31 01:15:00.000,L2FT01-FTJ023,27.70,0.000,0.666012,16605,0.435592,0.055345,0,0,1,0.4200,罗湖区,21,21,0,0,0,0,1
2023-03-31,589179428,20190000000000000003,900200000000000039,1,94.671,461.725,44856.250,2023-03-31 01:15:00.000,L2FT01-FTJ023,27.70,0.000,0.666012,16605,0.435592,0.055345,0,0,1,0.4200,罗湖区,21,21,0,0,0,0,1
2023-03-31,589179428,20190000000000000003,900200000000000044,1,129.978,315.200,40964.667,2023-03-31 01:15:00.000,L2FT01-FTJ023,27.70,0.000,0.666012,16605,0.435592,0.055345,0,0,1,0.4200,罗湖区,21,21,0,0,0,0,1
2023-03-31,589179428,20190000000000000003,900200000000000044,1,101.016,322.056,32324.444,2023-03-31 01:30:00.000,L2FT01-FTJ023,27.70,0.000,0.666012,16605,0.435592,0.055345,0,0,1,0.4200,罗湖区,21,21,0,0,0,0,1
2023-03-31,589179428,20190000000000000003,900200000000000039,1,118.815,477.287,56707.333,2023-03-31 01:30:00.000,L2FT01-FTJ023,27.70,0.000,0.666012,16605,0.435592,0.055345,0,0,1,0.4200,罗湖区,21,21,0,0,0,0,1
2023-03-31,589179428,20190000000000000003,900200000000000034,1,200.815,315.480,63348.000,2023-03-31 01:30:00.000,L2FT01-FTJ023,27.70,0.000,0.666012,16605,0.435592,0.055345,0,0,1,0.4200,罗湖区,21,21,0,0,0,0,1
2023-03-31,589179428,20190000000000000003,900200000000000034,1,181.855,319.460,57959.333,2023-03-31 01:45:00.000,L2FT01-FTJ023,27.70,0.000,0.666012,16605,0.435592,0.055345,0,0,1,0.4200,罗湖区,21,21,0,0,0,0,1
2023-03-31,589179428,20190000000000000003,900200000000000035,1,129.944,310.938,40402.500,2023-03-31 01:45:00.000,L2FT01-FTJ023,27.70,0.000,0.666012,16605,0.435592,0.055345,0,0,1,0.4200,罗湖区,21,21,0,0,0,0,1
2023-03-31,589179428,20190000000000000003,900200000000000039,1,99.337,477.280,47414.667,2023-03-31 01:45:00.000,L2FT01-FTJ023,27.70,0.000,0.666012,16605,0.435592,0.055345,0,0,1,0.4200,罗湖区,21,21,0,0,0,0,1
2023-03-31,589179428,20190000000000000003,900200000000000034,1,29.945,328.600,9840.000,2023-03-31 02:00:00.000,L2FT01-FTJ023,28.43,0.000,0.666012,16605,0.435592,0.055345,0,0,1,0.4200,罗湖区,21,21,0,0,0,0,1
2023-03-31,589179428,20190000000000000003,900200000000000035,1,129.995,311.453,40483.333,2023-03-31 02:00:00.000,L2FT01-FTJ023,28.43,0.000,0.666012,16605,0.435592,0.055345,0,0,1,0.4200,罗湖区,21,21,0,0,0,0,1
2023-03-31,589179428,20190000000000000003,900200000000000039,1,68.720,476.993,32787.333,2023-03-31 02:00:00.000,L2FT01-FTJ023,28.43,0.000,0.666012,16605,0.435592,0.055345,0,0,1,0.4200,罗湖区,21,21,0,0,0,0,1
2023-03-31,589179428,20190000000000000003,900200000000000035,1,129.949,313.207,40697.333,2023-03-31 02:15:00.000,L2FT01-FTJ023,28.43,0.000,0.666012,16605,0.435592,0.055345,0,0,1,0.4200,罗湖区,21,21,0,0,0,0,1
2023-03-31,589179428,20190000000000000003,900200000000000035,1,130.024,314.840,40933.333,2023-03-31 02:30:00.000,L2FT01-FTJ023,28.43,0.000,0.666012,16605,0.435592,0.055345,0,0,1,0.4200,罗湖区,21,21,0,0,0,0,1
2023-03-31,589179428,20190000000000000003,900200000000000035,1,105.318,320.331,33573.846,2023-03-31 02:45:00.000,L2FT01-FTJ023,28.43,0.000,0.666012,16605,0.435592,0.055345,0,0,1,0.4200,罗湖区,21,21,0,0,0,0,1
2023-03-31,589179428,20190000000000000003,900200000000000048,1,149.813,457.508,68539.231,2023-03-31 03:30:00.000,L2FT01-FTJ023,29.05,0.000,0.666012,16605,0.435592,0.055345,0,0,1,0.4200,罗湖区,21,21,0,0,0,0,1
2023-03-31,589179428,20190000000000000003,900200000000000048,1,147.863,460.147,68040.667,2023-03-31 03:45:00.000,L2FT01-FTJ023,29.05,0.000,0.666012,16605,0.435592,0.055345,0,0,1,0.4200,罗湖区,21,21,0,0,0,0,1
2023-03-31,589179428,20190000000000000003,900200000000000048,1,114.149,460.353,52577.333,2023-03-31 04:00:00.000,L2FT01-FTJ023,29.53,0.000,0.666012,16605,0.435592,0.055345,0,0,1,0.4200,罗湖区,21,21,0,0,0,0,1
2023-03-31,589179428,20190000000000000003,900200000000000048,1,52.567,460.513,24170.000,2023-03-31 04:15:00.000,L2FT01-FTJ023,29.53,0.000,0.666012,16605,0.435592,0.055345,0,0,1,0.4200,罗湖区,21,21,0,0,0,0,1
2023-03-31,589179428,20190000000000000003,900200000000000049,1,142.590,310.100,44220.000,2023-03-31 04:30:00.000,L2FT01-FTJ023,29.53,0.000,0.666012,16605,0.435592,0.055345,0,0,1,0.4200,罗湖区,21,21,0,0,0,0,1
2023-03-31,589179428,20190000000000000003,900200000000000038,1,113.611,304.800,35323.750,2023-03-31 04:30:00.000,L2FT01-FTJ023,29.53,0.000,0.666012,16605,0.435592,0.055345,0,0,1,0.4200,罗湖区,21,21,0,0,0,0,1
2023-03-31,589179428,20190000000000000003,900200000000000038,1,129.812,311.133,40384.667,2023-03-31 04:45:00.000,L2FT01-FTJ023,29.53,0.000,0.666012,16605,0.435592,0.055345,0,0,1,0.4200,罗湖区,21,21,0,0,0,0,1
2023-03-31,589179428,20190000000000000003,900200000000000045,1,99.860,298.633,30983.333,2023-03-31 04:45:00.000,L2FT01-FTJ023,29.53,0.000,0.666012,16605,0.435592,0.055345,0,0,1,0.4200,罗湖区,21,21,0,0,0,0,1
2023-03-31,589179428,20190000000000000003,900200000000000049,1,144.004,314.420,45274.000,2023-03-31 04:45:00.000,L2FT01-FTJ023,29.53,0.000,0.666012,16605,0.435592,0.055345,0,0,1,0.4200,罗湖区,21,21,0,0,0,0,1
2023-03-31,589179428,20190000000000000003,900200000000000031,1,70.081,359.590,25335.000,2023-03-31 05:00:00.000,L2FT01-FTJ023,29.83,0.000,0.666012,16605,0.435592,0.055345,0,0,1,0.4200,罗湖区,21,21,0,0,0,0,1
2023-03-31,589179428,20190000000000000003,900200000000000038,1,129.890,312.560,40596.000,2023-03-31 05:00:00.000,L2FT01-FTJ023,29.83,0.000,0.666012,16605,0.435592,0.055345,0,0,1,0.4200,罗湖区,21,21,0,0,0,0,1
2023-03-31,589179428,20190000000000000003,900200000000000045,1,149.863,311.547,46686.667,2023-03-31 05:00:00.000,L2FT01-FTJ023,29.83,0.000,0.666012,16605,0.435592,0.055345,0,0,1,0.4200,罗湖区,21,21,0,0,0,0,1
2023-03-31,589179428,20190000000000000003,900200000000000049,1,144.067,315.660,45471.333,2023-03-31 05:00:00.000,L2FT01-FTJ023,29.83,0.000,0.666012,16605,0.435592,0.055345,0,0,1,0.4200,罗湖区,21,21,0,0,0,0,1
2023-03-31,589179428,20190000000000000003,900200000000000030,1,111.283,286.714,34652.857,2023-03-31 05:15:00.000,L2FT01-FTJ023,29.83,0.000,0.666012,16605,0.435592,0.055345,0,0,1,0.4200,罗湖区,21,21,0,0,0,0,1
2023-03-31,589179428,20190000000000000003,900200000000000031,1,77.877,372.773,29030.000,2023-03-31 05:15:00.000,L2FT01-FTJ023,29.83,0.000,0.666012,16605,0.435592,0.055345,0,0,1,0.4200,罗湖区,21,21,0,0,0,0,1
2023-03-31,589179428,20190000000000000003,900200000000000038,1,129.884,314.160,40802.000,2023-03-31 05:15:00.000,L2FT01-FTJ023,29.83,0.000,0.666012,16605,0.435592,0.055345,0,0,1,0.4200,罗湖区,21,21,0,0,0,0,1
2023-03-31,589179428,20190000000000000003,900200000000000045,1,149.897,313.807,47036.000,2023-03-31 05:15:00.000,L2FT01-FTJ023,29.83,0.000,0.666012,16605,0.435592,0.055345,0,0,1,0.4200,罗湖区,21,21,0,0,0,0,1
2023-03-31,589179428,20190000000000000003,900200000000000049,1,107.882,321.785,34518.462,2023-03-31 05:15:00.000,L2FT01-FTJ023,29.83,0.000,0.666012,16605,0.435592,0.055345,0,0,1,0.4200,罗湖区,21,21,0,0,0,0,1
2023-03-31,589179428,20190000000000000003,900200000000000045,1,149.883,315.460,47279.333,2023-03-31 05:30:00.000,L2FT01-FTJ023,29.83,0.000,0.666012,16605,0.435592,0.055345,0,0,1,0.4200,罗湖区,21,21,0,0,0,0,1
2023-03-31,589179428,20190000000000000003,900200000000000038,1,121.180,317.740,38436.000,2023-03-31 05:30:00.000,L2FT01-FTJ023,29.83,0.000,0.666012,16605,0.435592,0.055345,0,0,1,0.4200,罗湖区,21,21,0,0,0,0,1
2023-03-31,589179428,20190000000000000003,900200000000000030,1,129.818,311.407,40420.000,2023-03-31 05:30:00.000,L2FT01-FTJ023,29.83,0.000,0.666012,16605,0.435592,0.055345,0,0,1,0.4200,罗湖区,21,21,0,0,0,0,1
2023-03-31,589179428,20190000000000000003,900200000000000031,1,45.651,380.253,17428.667,2023-03-31 05:30:00.000,L2FT01-FTJ023,29.83,0.000,0.666012,16605,0.435592,0.055345,0,0,1,0.4200,罗湖区,21,21,0,0,0,0,1
2023-03-31,589179428,20190000000000000003,900200000000000030,1,129.890,312.987,40652.000,2023-03-31 05:45:00.000,L2FT01-FTJ023,29.83,0.000,0.666012,16605,0.435592,0.055345,0,0,1,0.4200,罗湖区,21,21,0,0,0,0,1
2023-03-31,589179428,20190000000000000003,900200000000000038,1,29.790,323.650,9640.000,2023-03-31 05:45:00.000,L2FT01-FTJ023,29.83,0.000,0.666012,16605,0.435592,0.055345,0,0,1,0.4200,罗湖区,21,21,0,0,0,0,1
2023-03-31,589179428,20190000000000000003,900200000000000045,1,98.929,319.818,31536.364,2023-03-31 05:45:00.000,L2FT01-FTJ023,29.83,0.000,0.666012,16605,0.435592,0.055345,0,0,1,0.4200,罗湖区,21,21,0,0,0,0,1
2023-03-31,589179428,20190000000000000003,900200000000000030,1,129.993,316.533,41142.667,2023-03-31 06:00:00.000,L2FT01-FTJ023,29.93,0.000,0.666012,16605,0.435592,0.055345,0,0,1,0.4200,罗湖区,21,21,0,0,0,0,1
2023-03-31,589179428,20190000000000000003,900200000000000030,1,81.704,321.709,26264.545,2023-03-31 06:15:00.000,L2FT01-FTJ023,29.93,0.000,0.666012,16605,0.435592,0.055345,0,0,1,0.4200,罗湖区,21,21,0,0,0,0,1
2023-03-31,589179428,20190000000000000003,900200000000000031,1,62.252,346.900,21806.000,2023-03-31 06:45:00.000,L2FT01-FTJ023,29.93,0.000,0.666012,16605,0.435592,0.055345,0,0,1,0.4200,罗湖区,21,21,0,0,0,0,1
2023-03-31,589179428,20190000000000000003,900200000000000031,1,77.890,355.567,27694.000,2023-03-31 07:00:00.000,L2FT01-FTJ023,29.83,0.000,0.666012,16605,0.435592,0.055345,0,0,1,0.4200,罗湖区,21,21,0,0,0,0,1
2023-03-31,589179428,20190000000000000003,900200000000000032,1,112.947,466.708,53350.000,2023-03-31 07:00:00.000,L2FT01-FTJ023,29.83,0.000,0.666012,16605,0.435592,0.055345,0,0,1,0.4200,罗湖区,21,21,0,0,0,0,1
2023-03-31,589179428,20190000000000000003,900200000000000045,1,115.804,454.462,54550.000,2023-03-31 07:00:00.000,L2FT01-FTJ023,29.83,0.000,0.666012,16605,0.435592,0.055345,0,0,1,0.4200,罗湖区,21,21,0,0,0,0,1
2023-03-31,589179428,20190000000000000003,900200000000000045,1,149.797,472.813,70827.333,2023-03-31 07:15:00.000,L2FT01-FTJ023,29.83,0.000,0.666012,16605,0.435592,0.055345,0,0,1,0.4200,罗湖区,21,21,0,0,0,0,1
2023-03-31,589179428,20190000000000000003,900200000000000031,1,77.890,362.567,28240.000,2023-03-31 07:15:00.000,L2FT01-FTJ023,29.83,0.000,0.666012,16605,0.435592,0.055345,0,0,1,0.4200,罗湖区,21,21,0,0,0,0,1
2023-03-31,589179428,20190000000000000003,900200000000000032,1,129.890,474.153,61587.333,2023-03-31 07:15:00.000,L2FT01-FTJ023,29.83,0.000,0.666012,16605,0.435592,0.055345,0,0,1,0.4200,罗湖区,21,21,0,0,0,0,1
2023-03-31,589179428,20190000000000000003,900200000000000045,1,149.877,473.073,70902.000,2023-03-31 07:30:00.000,L2FT01-FTJ023,29.83,0.000,0.666012,16605,0.435592,0.055345,0,0,1,0.4200,罗湖区,21,21,0,0,0,0,1
2023-03-31,589179428,20190000000000000003,900200000000000032,1,98.837,474.100,46862.000,2023-03-31 07:30:00.000,L2FT01-FTJ023,29.83,0.000,0.666012,16605,0.435592,0.055345,0,0,1,0.4200,罗湖区,21,21,0,0,0,0,1
2023-03-31,589179428,20190000000000000003,900200000000000031,1,77.890,373.287,29073.333,2023-03-31 07:30:00.000,L2FT01-FTJ023,29.83,0.000,0.666012,16605,0.435592,0.055345,0,0,1,0.4200,罗湖区,21,21,0,0,0,0,1
2023-03-31,589179428,20190000000000000003,900200000000000031,1,66.931,384.273,25704.000,2023-03-31 07:45:00.000,L2FT01-FTJ023,29.83,0.000,0.666012,16605,0.435592,0.055345,0,0,1,0.4200,罗湖区,21,21,0,0,0,0,1
2023-03-31,589179428,20190000000000000003,900200000000000032,1,67.537,473.887,32012.000,2023-03-31 07:45:00.000,L2FT01-FTJ023,29.83,0.000,0.666012,16605,0.435592,0.055345,0,0,1,0.4200,罗湖区,21,21,0,0,0,0,1
2023-03-31,589179428,20190000000000000003,900200000000000045,1,149.890,473.273,70940.000,2023-03-31 07:45:00.000,L2FT01-FTJ023,29.83,0.000,0.666012,16605,0.435592,0.055345,0,0,1,0.4200,罗湖区,21,21,0,0,0,0,1
2023-03-31,589179428,20190000000000000003,900200000000000045,1,77.599,472.627,36684.667,2023-03-31 08:00:00.000,L2FT01-FTJ023,29.53,0.000,0.666012,16605,0.435592,0.055345,0,0,1,0.4200,罗湖区,21,21,0,0,0,0,1
2023-03-31,589179428,20190000000000000003,900200000000000045,1,25.890,472.200,12220.000,2023-03-31 08:15:00.000,L2FT01-FTJ023,29.53,0.000,0.666012,16605,0.435592,0.055345,0,0,1,0.4200,罗湖区,21,21,0,0,0,0,1
2023-03-31,589179428,20190000000000000003,900200000000000057,1,107.691,354.643,38701.429,2023-03-31 08:15:00.000,L2FT01-FTJ023,29.53,0.000,0.666012,16605,0.435592,0.055345,0,0,1,0.4200,罗湖区,21,21,0,0,0,0,1
2023-03-31,589179428,20190000000000000003,900200000000000057,1,93.981,359.347,33794.000,2023-03-31 08:30:00.000,L2FT01-FTJ023,29.53,0.000,0.666012,16605,0.435592,0.055345,0,0,1,0.4200,罗湖区,21,21,0,0,0,0,1
2023-03-31,589179428,20190000000000000003,900200000000000057,1,47.077,358.387,16856.000,2023-03-31 08:45:00.000,L2FT01-FTJ023,29.53,0.000,0.666012,16605,0.435592,0.055345,0,0,1,0.4200,罗湖区,21,21,0,0,0,0,1
2023-03-31,589179428,20190000000000000003,900200000000000049,1,127.690,372.200,47520.000,2023-03-31 10:15:00.000,L2FT01-FTJ023,28.43,0.000,0.666012,16605,0.435592,0.055345,0,0,1,0.4200,罗湖区,21,21,0,0,0,0,1
2023-03-31,589179428,20190000000000000003,900200000000000034,1,64.347,465.789,30241.111,2023-03-31 11:15:00.000,L2FT01-FTJ023,27.70,0.000,0.666012,16605,0.435592,0.055345,0,0,1,0.4200,罗湖区,21,21,0,0,0,0,1
2023-03-31,589179428,20190000000000000003,900200000000000034,1,70.000,471.913,33031.333,2023-03-31 11:30:00.000,L2FT01-FTJ023,27.70,0.000,0.666012,16605,0.435592,0.055345,0,0,1,0.4200,罗湖区,21,21,0,0,0,0,1
2023-03-31,589179428,20190000000000000003,900200000000000034,1,70.000,472.080,33042.000,2023-03-31 11:45:00.000,L2FT01-FTJ023,27.70,0.000,0.666012,16605,0.435592,0.055345,0,0,1,0.4200,罗湖区,21,21,0,0,0,0,1
2023-03-31,589179428,20190000000000000003,900200000000000052,1,74.895,311.300,23305.000,2023-03-31 13:45:00.000,L2FT01-FTJ023,26.15,0.000,0.666012,16605,0.435592,0.055345,0,0,1,0.4200,罗湖区,21,21,0,0,0,0,1
2023-03-31,589179428,20190000000000000003,900200000000000035,1,63.790,356.327,22728.000,2023-03-31 14:00:00.000,L2FT01-FTJ023,25.43,0.000,0.666012,16605,0.435592,0.055345,0,0,1,0.4200,罗湖区,21,21,0,0,0,0,1
2023-03-31,589179428,20190000000000000003,900200000000000035,1,42.457,366.720,15570.000,2023-03-31 14:15:00.000,L2FT01-FTJ023,25.43,0.000,0.666012,16605,0.435592,0.055345,0,0,1,0.4200,罗湖区,21,21,0,0,0,0,1
2023-03-31,589179428,20190000000000000003,900200000000000035,1,23.097,370.467,8556.667,2023-03-31 14:30:00.000,L2FT01-FTJ023,25.43,0.000,0.666012,16605,0.435592,0.055345,0,0,1,0.4200,罗湖区,21,21,0,0,0,0,1
2023-03-31,589179428,20190000000000000003,900200000000000035,1,13.190,371.860,4904.000,2023-03-31 14:45:00.000,L2FT01-FTJ023,25.43,0.000,0.666012,16605,0.435592,0.055345,0,0,1,0.4200,罗湖区,21,21,0,0,0,0,1
2023-03-31,589179428,20190000000000000003,900200000000000035,1,13.190,373.400,4920.000,2023-03-31 15:00:00.000,L2FT01-FTJ023,24.81,0.000,0.666012,16605,0.435592,0.055345,0,0,1,0.4200,罗湖区,21,21,0,0,0,0,1
2023-03-31,589179428,20190000000000000003,900200000000000043,1,98.616,362.111,35840.000,2023-03-31 15:30:00.000,L2FT01-FTJ023,24.81,0.000,0.666012,16605,0.435592,0.055345,0,0,1,0.4200,罗湖区,21,21,0,0,0,0,1
2023-03-31,589179428,20190000000000000003,900200000000000057,1,106.042,452.017,49733.333,2023-03-31 15:30:00.000,L2FT01-FTJ023,24.81,0.000,0.666012,16605,0.435592,0.055345,0,0,1,0.4200,罗湖区,21,21,0,0,0,0,1
2023-03-31,589179428,20190000000000000003,900200000000000031,1,49.690,305.200,15160.000,2023-03-31 15:45:00.000,L2FT01-FTJ023,24.81,0.000,0.666012,16605,0.435592,0.055345,0,0,1,0.4200,罗湖区,21,21,0,0,0,0,1
2023-03-31,589179428,20190000000000000003,900200000000000043,1,85.307,368.247,31411.333,2023-03-31 15:45:00.000,L2FT01-FTJ023,24.81,0.000,0.666012,16605,0.435592,0.055345,0,0,1,0.4200,罗湖区,21,21,0,0,0,0,1
2023-03-31,589179428,20190000000000000003,900200000000000057,1,149.059,473.573,70585.333,2023-03-31 15:45:00.000,L2FT01-FTJ023,24.81,0.000,0.666012,16605,0.435592,0.055345,0,0,1,0.4200,罗湖区,21,21,0,0,0,0,1
2023-03-31,589179428,20190000000000000003,900200000000000043,1,66.358,375.780,24926.667,2023-03-31 16:00:00.000,L2FT01-FTJ023,24.33,0.000,0.666012,16605,0.435592,0.055345,0,0,1,0.4200,罗湖区,21,21,0,0,0,0,1
2023-03-31,589179428,20190000000000000003,900200000000000057,1,148.923,474.213,70618.667,2023-03-31 16:00:00.000,L2FT01-FTJ023,24.33,0.000,0.666012,16605,0.435592,0.055345,0,0,1,0.4200,罗湖区,21,21,0,0,0,0,1
2023-03-31,589179428,20190000000000000003,900200000000000035,1,113.352,467.363,53867.500,2023-03-31 16:15:00.000,L2FT01-FTJ023,24.33,0.000,0.666012,16605,0.435592,0.055345,0,0,1,0.4200,罗湖区,21,21,0,0,0,0,1
2023-03-31,589179428,20190000000000000003,900200000000000043,1,59.550,386.613,23021.333,2023-03-31 16:15:00.000,L2FT01-FTJ023,24.33,0.000,0.666012,16605,0.435592,0.055345,0,0,1,0.4200,罗湖区,21,21,0,0,0,0,1
2023-03-31,589179428,20190000000000000003,900200000000000057,1,148.837,474.653,70646.667,2023-03-31 16:15:00.000,L2FT01-FTJ023,24.33,0.000,0.666012,16605,0.435592,0.055345,0,0,1,0.4200,罗湖区,21,21,0,0,0,0,1
2023-03-31,589179428,20190000000000000003,900200000000000043,1,59.540,393.700,23437.500,2023-03-31 16:30:00.000,L2FT01-FTJ023,24.33,0.000,0.666012,16605,0.435592,0.055345,0,0,1,0.4200,罗湖区,21,21,0,0,0,0,1
2023-03-31,589179428,20190000000000000003,900200000000000035,1,146.891,477.120,70086.000,2023-03-31 16:30:00.000,L2FT01-FTJ023,24.33,0.000,0.666012,16605,0.435592,0.055345,0,0,1,0.4200,罗湖区,21,21,0,0,0,0,1
2023-03-31,589179428,20190000000000000003,900200000000000035,1,146.855,477.291,70093.636,2023-03-31 16:45:00.000,L2FT01-FTJ023,24.33,0.000,0.666012,16605,0.435592,0.055345,0,0,1,0.4200,罗湖区,21,21,0,0,0,0,1
2023-03-31,589179428,20190000000000000003,900200000000000045,1,35.695,293.150,10865.000,2023-03-31 17:15:00.000,L2FT01-FTJ023,24.03,0.000,0.666012,16605,0.435592,0.055345,0,0,1,0.4200,罗湖区,21,21,0,0,0,0,1
2023-03-31,589179428,20190000000000000003,900200000000000030,1,49.923,363.800,18253.333,2023-03-31 17:30:00.000,L2FT01-FTJ023,24.03,0.000,0.666012,16605,0.435592,0.055345,0,0,1,0.4200,罗湖区,21,21,0,0,0,0,1
2023-03-31,589179428,20190000000000000003,900200000000000030,1,71.610,367.940,26348.667,2023-03-31 17:45:00.000,L2FT01-FTJ023,24.03,0.000,0.666012,16605,0.435592,0.055345,0,0,1,0.4200,罗湖区,21,21,0,0,0,0,1
2023-03-31,589179428,20190000000000000003,900200000000000030,1,70.676,369.314,26100.000,2023-03-31 18:00:00.000,L2FT01-FTJ023,23.93,0.000,0.666012,16605,0.435592,0.055345,0,0,1,0.4200,罗湖区,21,21,0,0,0,0,1
2023-03-31,589179428,20190000000000000003,900200000000000042,1,85.852,453.360,40474.000,2023-03-31 18:15:00.000,L2FT01-FTJ023,23.93,0.000,0.666012,16605,0.435592,0.055345,0,0,1,0.4200,罗湖区,21,21,0,0,0,0,1
2023-03-31,589179428,20190000000000000003,900200000000000042,1,124.738,477.378,59550.000,2023-03-31 18:30:00.000,L2FT01-FTJ023,23.93,0.000,0.666012,16605,0.435592,0.055345,0,0,1,0.4200,罗湖区,21,21,0,0,0,0,1
2023-03-31,589179428,20190000000000000003,900200000000000034,1,71.500,285.300,22275.000,2023-03-31 18:45:00.000,L2FT01-FTJ023,23.93,0.000,0.666012,16605,0.435592,0.055345,0,0,1,0.4200,罗湖区,21,21,0,0,0,0,1
2023-03-31,589179428,20190000000000000003,900200000000000031,1,49.460,325.433,16953.333,2023-03-31 19:45:00.000,L2FT01-FTJ023,24.03,0.000,0.666012,16605,0.435592,0.055345,0,0,1,0.4200,罗湖区,21,21,0,0,0,0,1
2023-03-31,589179428,20190000000000000003,900200000000000031,1,74.277,347.100,25779.333,2023-03-31 20:00:00.000,L2FT01-FTJ023,24.33,0.000,0.666012,16605,0.435592,0.055345,0,0,1,0.4200,罗湖区,21,21,0,0,0,0,1
2023-03-31,589179428,20190000000000000003,900200000000000042,1,61.221,343.386,22102.857,2023-03-31 20:00:00.000,L2FT01-FTJ023,24.33,0.000,0.666012,16605,0.435592,0.055345,0,0,1,0.4200,罗湖区,21,21,0,0,0,0,1
2023-03-31,589179428,20190000000000000003,900200000000000031,1,74.290,355.273,26390.667,2023-03-31 20:15:00.000,L2FT01-FTJ023,24.33,0.000,0.666012,16605,0.435592,0.055345,0,0,1,0.4200,罗湖区,21,21,0,0,0,0,1
2023-03-31,589179428,20190000000000000003,900200000000000042,1,71.290,371.613,26491.333,2023-03-31 20:15:00.000,L2FT01-FTJ023,24.33,0.000,0.666012,16605,0.435592,0.055345,0,0,1,0.4200,罗湖区,21,21,0,0,0,0,1
2023-03-31,589179428,20190000000000000003,900200000000000042,1,71.290,390.000,27802.000,2023-03-31 20:30:00.000,L2FT01-FTJ023,24.33,0.000,0.666012,16605,0.435592,0.055345,0,0,1,0.4200,罗湖区,21,21,0,0,0,0,1
2023-03-31,589179428,20190000000000000003,900200000000000031,1,74.290,367.067,27268.000,2023-03-31 20:30:00.000,L2FT01-FTJ023,24.33,0.000,0.666012,16605,0.435592,0.055345,0,0,1,0.4200,罗湖区,21,21,0,0,0,0,1
2023-03-31,589179428,20190000000000000003,900200000000000031,1,68.332,374.440,25586.000,2023-03-31 20:45:00.000,L2FT01-FTJ023,24.33,0.000,0.666012,16605,0.435592,0.055345,0,0,1,0.4200,罗湖区,21,21,0,0,0,0,1
2023-03-31,589179428,20190000000000000003,900200000000000042,1,55.057,405.940,22338.000,2023-03-31 20:45:00.000,L2FT01-FTJ023,24.33,0.000,0.666012,16605,0.435592,0.055345,0,0,1,0.4200,罗湖区,21,21,0,0,0,0,1
2023-03-31,589179428,20190000000000000003,900200000000000042,1,36.545,411.250,15030.000,2023-03-31 21:00:00.000,L2FT01-FTJ023,24.81,0.000,0.666012,16605,0.435592,0.055345,0,0,1,0.4200,罗湖区,21,21,0,0,0,0,1
2023-03-31,589179428,20190000000000000003,900200000000000038,1,56.508,342.800,19416.667,2023-03-31 21:15:00.000,L2FT01-FTJ023,24.81,0.000,0.666012,16605,0.435592,0.055345,0,0,1,0.4200,罗湖区,21,21,0,0,0,0,1
2023-03-31,589179428,20190000000000000003,900200000000000042,1,88.526,404.992,35913.846,2023-03-31 21:15:00.000,L2FT01-FTJ023,24.81,0.000,0.666012,16605,0.435592,0.055345,0,0,1,0.4200,罗湖区,21,21,0,0,0,0,1
2023-03-31,589179428,20190000000000000003,900200000000000038,1,67.843,353.880,24006.667,2023-03-31 21:30:00.000,L2FT01-FTJ023,24.81,0.000,0.666012,16605,0.435592,0.055345,0,0,1,0.4200,罗湖区,21,21,0,0,0,0,1
2023-03-31,589179428,20190000000000000003,900200000000000042,1,53.110,413.193,21937.333,2023-03-31 21:30:00.000,L2FT01-FTJ023,24.81,0.000,0.666012,16605,0.435592,0.055345,0,0,1,0.4200,罗湖区,21,21,0,0,0,0,1
2023-03-31,589179428,20190000000000000003,900200000000000038,1,32.863,360.287,11859.333,2023-03-31 21:45:00.000,L2FT01-FTJ023,24.81,0.000,0.666012,16605,0.435592,0.055345,0,0,1,0.4200,罗湖区,21,21,0,0,0,0,1
2023-03-31,589179428,20190000000000000003,900200000000000042,1,109.739,428.200,47114.286,2023-03-31 21:45:00.000,L2FT01-FTJ023,24.81,0.000,0.666012,16605,0.435592,0.055345,0,0,1,0.4200,罗湖区,21,21,0,0,0,0,1
2023-03-31,589179428,20190000000000000003,900200000000000038,1,13.790,360.820,4974.000,2023-03-31 22:00:00.000,L2FT01-FTJ023,25.43,0.000,0.666012,16605,0.435592,0.055345,0,0,1,0.4200,罗湖区,21,21,0,0,0,0,1
2023-03-31,589179428,20190000000000000003,900200000000000038,1,13.797,363.633,5015.333,2023-03-31 22:15:00.000,L2FT01-FTJ023,25.43,0.000,0.666012,16605,0.435592,0.055345,0,0,1,0.4200,罗湖区,21,21,0,0,0,0,1
2023-03-31,589179428,20190000000000000003,900200000000000044,1,82.791,377.320,31332.000,2023-03-31 22:30:00.000,L2FT01-FTJ023,25.43,0.000,0.666012,16605,0.435592,0.055345,0,0,1,0.4200,罗湖区,21,21,0,0,0,0,1
2023-03-31,589179428,20190000000000000003,900200000000000044,1,79.920,392.980,31350.667,2023-03-31 22:45:00.000,L2FT01-FTJ023,25.43,0.000,0.666012,16605,0.435592,0.055345,0,0,1,0.4200,罗湖区,21,21,0,0,0,0,1
2023-03-31,589179428,20190000000000000003,900200000000000044,1,42.777,401.773,17178.000,2023-03-31 23:00:00.000,L2FT01-FTJ023,26.15,0.000,0.666012,16605,0.435592,0.055345,0,0,1,0.4200,罗湖区,21,21,0,0,0,0,1
2023-03-31,589179428,20190000000000000003,900200000000000044,1,38.203,409.993,15658.667,2023-03-31 23:15:00.000,L2FT01-FTJ023,26.15,0.000,0.666012,16605,0.435592,0.055345,0,0,1,0.4200,罗湖区,21,21,0,0,0,0,1
2023-03-31,589179428,20190000000000000003,900200000000000057,1,66.795,376.000,24140.000,2023-03-31 23:15:00.000,L2FT01-FTJ023,26.15,0.000,0.666012,16605,0.435592,0.055345,0,0,1,0.4200,罗湖区,21,21,0,0,0,0,1
2023-03-31,589179428,20190000000000000003,900200000000000057,1,109.692,368.080,40329.333,2023-03-31 23:30:00.000,L2FT01-FTJ023,26.15,0.000,0.666012,16605,0.435592,0.055345,0,0,1,0.4200,罗湖区,21,21,0,0,0,0,1
2023-03-31,589179428,20190000000000000003,900200000000000044,1,14.790,413.010,6108.000,2023-03-31 23:30:00.000,L2FT01-FTJ023,26.15,0.000,0.666012,16605,0.435592,0.055345,0,0,1,0.4200,罗湖区,21,21,0,0,0,0,1
2023-03-31,589179428,20190000000000000003,900200000000000057,1,83.670,385.493,32218.000,2023-03-31 23:45:00.000,L2FT01-FTJ023,26.15,0.000,0.666012,16605,0.435592,0.055345,0,0,1,0.4200,罗湖区,21,21,0,0,0,0,1
