date,operator_id,station_id,connector_id,connector_status,current_a,voltage_v,power_w,report_time,grid_id,temperature_c,rainfall_mm,district_nev_penetration_rate,district_ev_sales,district_bev_ratio,district_operating_ev_ratio,is_major_holiday,has_major_event,is_workday,grid_area_km2,district_name,grid_total_charging_facilities,grid_slow_charging_facilities,grid_fast_charging_facilities,grid_super_charging_facilities,grid_super_charging_stations,grid_public_fast_charging_stations,grid_public_slow_charging_stations
2021-02-07,589179428,20190000000000000003,900200000000000056,1,129.890,302.650,39310.000,2021-02-07 00:00:00.000,L2FT01-FTJ004,24.00,0.000,0.666012,16605,0.435592,0.055345,0,0,0,0.6600,宝安区,23,23,0,0,0,0,1
2021-02-07,589179428,20190000000000000003,900200000000000056,1,129.889,307.747,39968.667,2021-02-07 00:15:00.000,L2FT01-FTJ004,24.00,0.000,0.666012,16605,0.435592,0.055345,0,0,0,0.6600,宝安区,23,23,0,0,0,0,1
2021-02-07,589179428,20190000000000000003,900200000000000053,1,122.673,313.000,38396.667,2021-02-07 00:30:00.000,L2FT01-FTJ004,24.00,0.000,0.666012,16605,0.435592,0.055345,0,0,0,0.6600,宝安区,23,23,0,0,0,0,1
2021-02-07,589179428,20190000000000000003,900200000000000056,1,130.048,310.040,40318.000,2021-02-07 00:30:00.000,L2FT01-FTJ004,24.00,0.000,0.666012,16605,0.435592,0.055345,0,0,0,0.6600,宝安区,23,23,0,0,0,0,1
2021-02-07,589179428,20190000000000000003,900200000000000053,1,122.535,314.331,38513.077,2021-02-07 00:45:00.000,L2FT01-FTJ004,24.00,0.000,0.666012,16605,0.435592,0.055345,0,0,0,0.6600,宝安区,23,23,0,0,0,0,1
2021-02-07,589179428,20190000000000000003,900200000000000056,1,130.090,310.673,40414.000,2021-02-07 00:45:00.000,L2FT01-FTJ004,24.00,0.000,0.666012,16605,0.435592,0.055345,0,0,0,0.6600,宝安区,23,23,0,0,0,0,1
2021-02-07,589179428,20190000000000000003,900200000000000056,1,130.012,312.427,40615.333,2021-02-07 01:00:00.000,L2FT01-FTJ004,24.78,0.000,0.666012,16605,0.435592,0.055345,0,0,0,0.6600,宝安区,23,23,0,0,0,0,1
2021-02-07,589179428,20190000000000000003,900200000000000056,1,130.000,314.033,40819.333,2021-02-07 01:15:00.000,L2FT01-FTJ004,24.78,0.000,0.666012,16605,0.435592,0.055345,0,0,0,0.6600,宝安区,23,23,0,0,0,0,1
2021-02-07,589179428,20190000000000000003,900200000000000056,1,130.006,315.953,41071.333,2021-02-07 01:30:00.000,L2FT01-FTJ004,24.78,0.000,0.666012,16605,0.435592,0.055345,0,0,0,0.6600,宝安区,23,23,0,0,0,0,1
2021-02-07,589179428,20190000000000000003,900200000000000052,1,148.227,362.833,53780.000,2021-02-07 01:45:00.000,L2FT01-FTJ004,24.78,0.000,0.666012,16605,0.435592,0.055345,0,0,0,0.6600,宝安区,23,23,0,0,0,0,1
2021-02-07,589179428,20190000000000000003,900200000000000056,1,51.792,327.780,16886.000,2021-02-07 01:45:00.000,L2FT01-FTJ004,24.78,0.000,0.666012,16605,0.435592,0.055345,0,0,0,0.6600,宝安区,23,23,0,0,0,0,1
2021-02-07,589179428,20190000000000000003,900200000000000052,1,142.051,375.620,53296.000,2021-02-07 02:00:00.000,L2FT01-FTJ004,25.50,0.000,0.666012,16605,0.435592,0.055345,0,0,0,0.6600,宝安区,23,23,0,0,0,0,1
2021-02-07,589179428,20190000000000000003,900200000000000052,1,86.635,393.293,34011.333,2021-02-07 02:15:00.000,L2FT01-FTJ004,25.50,0.000,0.666012,16605,0.435592,0.055345,0,0,0,0.6600,宝安区,23,23,0,0,0,0,1
2021-02-07,589179428,20190000000000000003,900200000000000052,1,18.740,394.900,7402.500,2021-02-07 02:30:00.000,L2FT01-FTJ004,25.50,0.000,0.666012,16605,0.435592,0.055345,0,0,0,0.6600,宝安区,23,23,0,0,0,0,1
2021-02-07,589179428,20190000000000000003,900200000000000056,1,130.095,309.600,40275.000,2021-02-07 06:00:00.000,L2FT01-FTJ004,27.00,0.000,0.666012,16605,0.435592,0.055345,0,0,0,0.6600,宝安区,23,23,0,0,0,0,1
2021-02-07,589179428,20190000000000000003,900200000000000056,1,129.897,310.733,40358.667,2021-02-07 06:15:00.000,L2FT01-FTJ004,27.00,0.000,0.666012,16605,0.435592,0.055345,0,0,0,0.6600,宝安区,23,23,0,0,0,0,1
2021-02-07,589179428,20190000000000000003,900200000000000056,1,130.042,311.227,40470.000,2021-02-07 06:30:00.000,L2FT01-FTJ004,27.00,0.000,0.666012,16605,0.435592,0.055345,0,0,0,0.6600,宝安区,23,23,0,0,0,0,1
2021-02-07,589179428,20190000000000000003,900200000000000056,1,130.090,313.753,40815.333,2021-02-07 06:45:00.000,L2FT01-FTJ004,27.00,0.000,0.666012,16605,0.435592,0.055345,0,0,0,0.6600,宝安区,23,23,0,0,0,0,1
2021-02-07,589179428,20190000000000000003,900200000000000056,1,111.960,315.420,35320.000,2021-02-07 07:00:00.000,L2FT01-FTJ004,26.90,0.000,0.666012,16605,0.435592,0.055345,0,0,0,0.6600,宝安区,23,23,0,0,0,0,1
2021-02-07,589179428,20190000000000000003,900200000000000056,1,54.257,323.044,17440.000,2021-02-07 07:15:00.000,L2FT01-FTJ004,26.90,0.000,0.666012,16605,0.435592,0.055345,0,0,0,0.6600,宝安区,23,23,0,0,0,0,1
2021-02-07,589179428,20190000000000000003,900200000000000038,1,191.695,315.450,60465.000,2021-02-07 07:45:00.000,L2FT01-FTJ004,26.90,0.000,0.666012,16605,0.435592,0.055345,0,0,0,0.6600,宝安区,23,23,0,0,0,0,1
2021-02-07,589179428,20190000000000000003,900200000000000038,1,191.200,315.680,60354.000,2021-02-07 08:00:00.000,L2FT01-FTJ004,26.60,0.000,0.666012,16605,0.435592,0.055345,0,0,0,0.6600,宝安区,23,23,0,0,0,0,1
2021-02-07,589179428,20190000000000000003,900200000000000050,1,97.373,314.750,30575.000,2021-02-07 14:30:00.000,L2FT01-FTJ004,22.50,0.000,0.666012,16605,0.435592,0.055345,0,0,0,0.6600,宝安区,23,23,0,0,0,0,1
2021-02-07,589179428,20190000000000000003,900200000000000050,1,129.848,314.753,40866.000,2021-02-07 14:45:00.000,L2FT01-FTJ004,22.50,0.000,0.666012,16605,0.435592,0.055345,0,0,0,0.6600,宝安区,23,23,0,0,0,0,1
2021-02-07,589179428,20190000000000000003,900200000000000050,1,89.795,320.600,28595.000,2021-02-07 15:00:00.000,L2FT01-FTJ004,21.88,0.000,0.666012,16605,0.435592,0.055345,0,0,0,0.6600,宝安区,23,23,0,0,0,0,1
2021-02-07,589179428,20190000000000000003,900200000000000049,1,48.723,319.267,15746.667,2021-02-07 16:00:00.000,L2FT01-FTJ004,21.40,0.000,0.666012,16605,0.435592,0.055345,0,0,0,0.6600,宝安区,23,23,0,0,0,0,1
2021-02-07,589179428,20190000000000000003,900200000000000032,1,149.914,314.250,47108.571,2021-02-07 16:15:00.000,L2FT01-FTJ004,21.40,0.000,0.666012,16605,0.435592,0.055345,0,0,0,0.6600,宝安区,23,23,0,0,0,0,1
2021-02-07,589179428,20190000000000000003,900200000000000032,1,57.209,346.400,19810.000,2021-02-07 17:00:00.000,L2FT01-FTJ004,21.10,0.000,0.666012,16605,0.435592,0.055345,0,0,0,0.6600,宝安区,23,23,0,0,0,0,1
2021-02-07,589179428,20190000000000000003,900200000000000032,1,56.993,357.353,20360.667,2021-02-07 17:15:00.000,L2FT01-FTJ004,21.10,0.000,0.666012,16605,0.435592,0.055345,0,0,0,0.6600,宝安区,23,23,0,0,0,0,1
2021-02-07,589179428,20190000000000000003,900200000000000032,1,49.293,369.140,18180.000,2021-02-07 17:30:00.000,L2FT01-FTJ004,21.10,0.000,0.666012,16605,0.435592,0.055345,0,0,0,0.6600,宝安区,23,23,0,0,0,0,1
2021-02-07,589179428,20190000000000000003,900200000000000032,1,28.390,372.943,10587.143,2021-02-07 17:45:00.000,L2FT01-FTJ004,21.10,0.000,0.666012,16605,0.435592,0.055345,0,0,0,0.6600,宝安区,23,23,0,0,0,0,1
2021-02-07,589179428,20190000000000000003,900200000000000049,1,105.890,357.700,37880.000,2021-02-07 19:00:00.000,L2FT01-FTJ004,21.10,0.000,0.666012,16605,0.435592,0.055345,0,0,0,0.6600,宝安区,23,23,0,0,0,0,1
2021-02-07,589179428,20190000000000000003,900200000000000056,1,150.100,385.300,57830.000,2021-02-07 19:15:00.000,L2FT01-FTJ004,21.10,0.000,0.666012,16605,0.435592,0.055345,0,0,0,0.6600,宝安区,23,23,0,0,0,0,1
2021-02-07,589179428,20190000000000000003,900200000000000056,1,150.053,394.727,59226.667,2021-02-07 19:30:00.000,L2FT01-FTJ004,21.10,0.000,0.666012,16605,0.435592,0.055345,0,0,0,0.6600,宝安区,23,23,0,0,0,0,1
2021-02-07,589179428,20190000000000000003,900200000000000056,1,141.517,413.707,58500.667,2021-02-07 19:45:00.000,L2FT01-FTJ004,21.10,0.000,0.666012,16605,0.435592,0.055345,0,0,0,0.6600,宝安区,23,23,0,0,0,0,1
2021-02-07,589179428,20190000000000000003,900200000000000056,1,108.180,425.344,45993.333,2021-02-07 20:00:00.000,L2FT01-FTJ004,21.40,0.000,0.666012,16605,0.435592,0.055345,0,0,0,0.6600,宝安区,23,23,0,0,0,0,1
2021-02-08,589179428,20190000000000000003,900200000000000034,1,199.826,313.171,62572.857,2021-02-08 01:30:00.000,L2FT01-FTJ004,24.78,0.000,0.666012,16605,0.435592,0.055345,0,0,1,0.6600,宝安区,23,23,0,0,0,0,1
2021-02-08,589179428,20190000000000000003,900200000000000034,1,199.861,315.313,63013.333,2021-02-08 01:45:00.000,L2FT01-FTJ004,24.78,0.000,0.666012,16605,0.435592,0.055345,0,0,1,0.6600,宝安区,23,23,0,0,0,0,1
2021-02-08,589179428,20190000000000000003,900200000000000034,1,164.991,315.693,52083.333,2021-02-08 02:00:00.000,L2FT01-FTJ004,25.50,0.000,0.666012,16605,0.435592,0.055345,0,0,1,0.6600,宝安区,23,23,0,0,0,0,1
2021-02-08,589179428,20190000000000000003,900200000000000034,1,97.772,320.542,31175.833,2021-02-08 02:15:00.000,L2FT01-FTJ004,25.50,0.000,0.666012,16605,0.435592,0.055345,0,0,1,0.6600,宝安区,23,23,0,0,0,0,1
2021-02-08,589179428,20190000000000000003,900200000000000048,1,149.824,315.008,47194.167,2021-02-08 02:45:00.000,L2FT01-FTJ004,25.50,0.000,0.666012,16605,0.435592,0.055345,0,0,1,0.6600,宝安区,23,23,0,0,0,0,1
2021-02-08,589179428,20190000000000000003,900200000000000048,1,149.832,309.250,46332.500,2021-02-08 03:00:00.000,L2FT01-FTJ004,26.12,0.000,0.666012,16605,0.435592,0.055345,0,0,1,0.6600,宝安区,23,23,0,0,0,0,1
2021-02-08,589179428,20190000000000000003,900200000000000048,1,149.823,310.687,46545.333,2021-02-08 03:15:00.000,L2FT01-FTJ004,26.12,0.000,0.666012,16605,0.435592,0.055345,0,0,1,0.6600,宝安区,23,23,0,0,0,0,1
2021-02-08,589179428,20190000000000000003,900200000000000052,1,105.647,304.686,32188.571,2021-02-08 03:30:00.000,L2FT01-FTJ004,26.12,0.000,0.666012,16605,0.435592,0.055345,0,0,1,0.6600,宝安区,23,23,0,0,0,0,1
2021-02-08,589179428,20190000000000000003,900200000000000048,1,149.830,312.300,46789.333,2021-02-08 03:30:00.000,L2FT01-FTJ004,26.12,0.000,0.666012,16605,0.435592,0.055345,0,0,1,0.6600,宝安区,23,23,0,0,0,0,1
2021-02-08,589179428,20190000000000000003,900200000000000048,1,149.985,313.933,47082.667,2021-02-08 03:45:00.000,L2FT01-FTJ004,26.12,0.000,0.666012,16605,0.435592,0.055345,0,0,1,0.6600,宝安区,23,23,0,0,0,0,1
2021-02-08,589179428,20190000000000000003,900200000000000052,1,105.584,308.340,32553.333,2021-02-08 03:45:00.000,L2FT01-FTJ004,26.12,0.000,0.666012,16605,0.435592,0.055345,0,0,1,0.6600,宝安区,23,23,0,0,0,0,1
2021-02-08,589179428,20190000000000000003,900200000000000048,1,149.985,315.027,47246.000,2021-02-08 04:00:00.000,L2FT01-FTJ004,26.60,0.000,0.666012,16605,0.435592,0.055345,0,0,1,0.6600,宝安区,23,23,0,0,0,0,1
2021-02-08,589179428,20190000000000000003,900200000000000052,1,105.590,309.593,32689.333,2021-02-08 04:00:00.000,L2FT01-FTJ004,26.60,0.000,0.666012,16605,0.435592,0.055345,0,0,1,0.6600,宝安区,23,23,0,0,0,0,1
2021-02-08,589179428,20190000000000000003,900200000000000048,1,123.297,316.692,39090.000,2021-02-08 04:15:00.000,L2FT01-FTJ004,26.60,0.000,0.666012,16605,0.435592,0.055345,0,0,1,0.6600,宝安区,23,23,0,0,0,0,1
2021-02-08,589179428,20190000000000000003,900200000000000052,1,105.590,309.907,32720.667,2021-02-08 04:15:00.000,L2FT01-FTJ004,26.60,0.000,0.666012,16605,0.435592,0.055345,0,0,1,0.6600,宝安区,23,23,0,0,0,0,1
2021-02-08,589179428,20190000000000000003,900200000000000052,1,105.590,310.873,32822.667,2021-02-08 04:30:00.000,L2FT01-FTJ004,26.60,0.000,0.666012,16605,0.435592,0.055345,0,0,1,0.6600,宝安区,23,23,0,0,0,0,1
2021-02-08,589179428,20190000000000000003,900200000000000035,1,129.820,311.078,40380.000,2021-02-08 04:30:00.000,L2FT01-FTJ004,26.60,0.000,0.666012,16605,0.435592,0.055345,0,0,1,0.6600,宝安区,23,23,0,0,0,0,1
2021-02-08,589179428,20190000000000000003,900200000000000035,1,129.890,311.513,40462.000,2021-02-08 04:45:00.000,L2FT01-FTJ004,26.60,0.000,0.666012,16605,0.435592,0.055345,0,0,1,0.6600,宝安区,23,23,0,0,0,0,1
2021-02-08,589179428,20190000000000000003,900200000000000048,1,120.629,309.343,37405.714,2021-02-08 04:45:00.000,L2FT01-FTJ004,26.60,0.000,0.666012,16605,0.435592,0.055345,0,0,1,0.6600,宝安区,23,23,0,0,0,0,1
2021-02-08,589179428,20190000000000000003,900200000000000052,1,105.584,312.853,33031.333,2021-02-08 04:45:00.000,L2FT01-FTJ004,26.60,0.000,0.666012,16605,0.435592,0.055345,0,0,1,0.6600,宝安区,23,23,0,0,0,0,1
2021-02-08,589179428,20190000000000000003,900200000000000035,1,129.890,312.960,40648.667,2021-02-08 05:00:00.000,L2FT01-FTJ004,26.90,0.000,0.666012,16605,0.435592,0.055345,0,0,1,0.6600,宝安区,23,23,0,0,0,0,1
2021-02-08,589179428,20190000000000000003,900200000000000048,1,129.905,310.907,40386.667,2021-02-08 05:00:00.000,L2FT01-FTJ004,26.90,0.000,0.666012,16605,0.435592,0.055345,0,0,1,0.6600,宝安区,23,23,0,0,0,0,1
2021-02-08,589179428,20190000000000000003,900200000000000052,1,105.630,313.767,33139.333,2021-02-08 05:00:00.000,L2FT01-FTJ004,26.90,0.000,0.666012,16605,0.435592,0.055345,0,0,1,0.6600,宝安区,23,23,0,0,0,0,1
2021-02-08,589179428,20190000000000000003,900200000000000035,1,129.890,314.220,40812.000,2021-02-08 05:15:00.000,L2FT01-FTJ004,26.90,0.000,0.666012,16605,0.435592,0.055345,0,0,1,0.6600,宝安区,23,23,0,0,0,0,1
2021-02-08,589179428,20190000000000000003,900200000000000048,1,129.884,312.120,40537.333,2021-02-08 05:15:00.000,L2FT01-FTJ004,26.90,0.000,0.666012,16605,0.435592,0.055345,0,0,1,0.6600,宝安区,23,23,0,0,0,0,1
2021-02-08,589179428,20190000000000000003,900200000000000052,1,105.604,315.000,33264.286,2021-02-08 05:15:00.000,L2FT01-FTJ004,26.90,0.000,0.666012,16605,0.435592,0.055345,0,0,1,0.6600,宝安区,23,23,0,0,0,0,1
2021-02-08,589179428,20190000000000000003,900200000000000035,1,129.890,315.507,40979.333,2021-02-08 05:30:00.000,L2FT01-FTJ004,26.90,0.000,0.666012,16605,0.435592,0.055345,0,0,1,0.6600,宝安区,23,23,0,0,0,0,1
2021-02-08,589179428,20190000000000000003,900200000000000048,1,129.897,313.600,40733.333,2021-02-08 05:30:00.000,L2FT01-FTJ004,26.90,0.000,0.666012,16605,0.435592,0.055345,0,0,1,0.6600,宝安区,23,23,0,0,0,0,1
2021-02-08,589179428,20190000000000000003,900200000000000035,1,103.409,321.845,33116.364,2021-02-08 05:45:00.000,L2FT01-FTJ004,26.90,0.000,0.666012,16605,0.435592,0.055345,0,0,1,0.6600,宝安区,23,23,0,0,0,0,1
2021-02-08,589179428,20190000000000000003,900200000000000048,1,129.806,314.480,40816.667,2021-02-08 05:45:00.000,L2FT01-FTJ004,26.90,0.000,0.666012,16605,0.435592,0.055345,0,0,1,0.6600,宝安区,23,23,0,0,0,0,1
2021-02-08,589179428,20190000000000000003,900200000000000036,1,112.417,308.875,34965.000,2021-02-08 06:00:00.000,L2FT01-FTJ004,27.00,0.000,0.666012,16605,0.435592,0.055345,0,0,1,0.6600,宝安区,23,23,0,0,0,0,1
2021-02-08,589179428,20190000000000000003,900200000000000048,1,125.835,317.660,39942.667,2021-02-08 06:00:00.000,L2FT01-FTJ004,27.00,0.000,0.666012,16605,0.435592,0.055345,0,0,1,0.6600,宝安区,23,23,0,0,0,0,1
2021-02-08,589179428,20190000000000000003,900200000000000048,1,29.490,329.433,9713.333,2021-02-08 06:15:00.000,L2FT01-FTJ004,27.00,0.000,0.666012,16605,0.435592,0.055345,0,0,1,0.6600,宝安区,23,23,0,0,0,0,1
2021-02-08,589179428,20190000000000000003,900200000000000036,1,149.941,312.947,46920.667,2021-02-08 06:15:00.000,L2FT01-FTJ004,27.00,0.000,0.666012,16605,0.435592,0.055345,0,0,1,0.6600,宝安区,23,23,0,0,0,0,1
2021-02-08,589179428,20190000000000000003,900200000000000036,1,150.080,314.493,47195.333,2021-02-08 06:30:00.000,L2FT01-FTJ004,27.00,0.000,0.666012,16605,0.435592,0.055345,0,0,1,0.6600,宝安区,23,23,0,0,0,0,1
2021-02-08,589179428,20190000000000000003,900200000000000036,1,150.053,317.693,47666.000,2021-02-08 06:45:00.000,L2FT01-FTJ004,27.00,0.000,0.666012,16605,0.435592,0.055345,0,0,1,0.6600,宝安区,23,23,0,0,0,0,1
2021-02-08,589179428,20190000000000000003,900200000000000036,1,39.590,334.700,13215.000,2021-02-08 07:00:00.000,L2FT01-FTJ004,26.90,0.000,0.666012,16605,0.435592,0.055345,0,0,1,0.6600,宝安区,23,23,0,0,0,0,1
2021-02-08,589179428,20190000000000000003,900200000000000037,1,130.000,313.200,40710.000,2021-02-08 08:15:00.000,L2FT01-FTJ004,26.60,0.000,0.666012,16605,0.435592,0.055345,0,0,1,0.6600,宝安区,23,23,0,0,0,0,1
2021-02-08,589179428,20190000000000000003,900200000000000037,1,129.872,316.780,41140.000,2021-02-08 08:30:00.000,L2FT01-FTJ004,26.60,0.000,0.666012,16605,0.435592,0.055345,0,0,1,0.6600,宝安区,23,23,0,0,0,0,1
2021-02-08,589179428,20190000000000000003,900200000000000053,1,122.623,355.725,43618.333,2021-02-08 10:30:00.000,L2FT01-FTJ004,25.50,0.000,0.666012,16605,0.435592,0.055345,0,0,1,0.6600,宝安区,23,23,0,0,0,0,1
2021-02-08,589179428,20190000000000000003,900200000000000053,1,122.623,363.887,44619.333,2021-02-08 10:45:00.000,L2FT01-FTJ004,25.50,0.000,0.666012,16605,0.435592,0.055345,0,0,1,0.6600,宝安区,23,23,0,0,0,0,1
2021-02-08,589179428,20190000000000000003,900200000000000049,1,99.834,493.812,49300.000,2021-02-08 11:00:00.000,L2FT01-FTJ004,24.78,0.000,0.666012,16605,0.435592,0.055345,0,0,1,0.6600,宝安区,23,23,0,0,0,0,1
2021-02-08,589179428,20190000000000000003,900200000000000053,1,122.640,375.100,46003.333,2021-02-08 11:00:00.000,L2FT01-FTJ004,24.78,0.000,0.666012,16605,0.435592,0.055345,0,0,1,0.6600,宝安区,23,23,0,0,0,0,1
2021-02-08,589179428,20190000000000000003,900200000000000049,1,87.325,490.175,43331.250,2021-02-08 11:15:00.000,L2FT01-FTJ004,24.78,0.000,0.666012,16605,0.435592,0.055345,0,0,1,0.6600,宝安区,23,23,0,0,0,0,1
2021-02-08,589179428,20190000000000000003,900200000000000045,1,126.194,419.889,53012.222,2021-02-08 12:30:00.000,L2FT01-FTJ004,24.00,0.000,0.666012,16605,0.435592,0.055345,0,0,1,0.6600,宝安区,23,23,0,0,0,0,1
2021-02-08,589179428,20190000000000000003,900200000000000045,1,130.005,433.420,56346.667,2021-02-08 12:45:00.000,L2FT01-FTJ004,24.00,0.000,0.666012,16605,0.435592,0.055345,0,0,1,0.6600,宝安区,23,23,0,0,0,0,1
2021-02-08,589179428,20190000000000000003,900200000000000045,1,112.165,457.253,51185.333,2021-02-08 13:00:00.000,L2FT01-FTJ004,23.22,0.000,0.666012,16605,0.435592,0.055345,0,0,1,0.6600,宝安区,23,23,0,0,0,0,1
2021-02-08,589179428,20190000000000000003,900200000000000050,1,170.507,366.189,62424.444,2021-02-08 13:00:00.000,L2FT01-FTJ004,23.22,0.000,0.666012,16605,0.435592,0.055345,0,0,1,0.6600,宝安区,23,23,0,0,0,0,1
2021-02-08,589179428,20190000000000000003,900200000000000045,1,41.257,466.993,19248.667,2021-02-08 13:15:00.000,L2FT01-FTJ004,23.22,0.000,0.666012,16605,0.435592,0.055345,0,0,1,0.6600,宝安区,23,23,0,0,0,0,1
2021-02-08,589179428,20190000000000000003,900200000000000050,1,154.745,372.633,57650.000,2021-02-08 13:15:00.000,L2FT01-FTJ004,23.22,0.000,0.666012,16605,0.435592,0.055345,0,0,1,0.6600,宝安区,23,23,0,0,0,0,1
2021-02-08,589179428,20190000000000000003,900200000000000045,1,21.440,469.217,10061.667,2021-02-08 13:30:00.000,L2FT01-FTJ004,23.22,0.000,0.666012,16605,0.435592,0.055345,0,0,1,0.6600,宝安区,23,23,0,0,0,0,1
2021-02-08,589179428,20190000000000000003,900200000000000036,1,49.826,380.982,18971.818,2021-02-08 14:15:00.000,L2FT01-FTJ004,22.50,0.000,0.666012,16605,0.435592,0.055345,0,0,1,0.6600,宝安区,23,23,0,0,0,0,1
2021-02-08,589179428,20190000000000000003,900200000000000036,1,40.890,394.047,16111.333,2021-02-08 14:30:00.000,L2FT01-FTJ004,22.50,0.000,0.666012,16605,0.435592,0.055345,0,0,1,0.6600,宝安区,23,23,0,0,0,0,1
2021-02-08,589179428,20190000000000000003,900200000000000049,1,130.300,307.700,40090.000,2021-02-08 14:30:00.000,L2FT01-FTJ004,22.50,0.000,0.666012,16605,0.435592,0.055345,0,0,1,0.6600,宝安区,23,23,0,0,0,0,1
2021-02-08,589179428,20190000000000000003,900200000000000036,1,24.157,410.820,9908.667,2021-02-08 14:45:00.000,L2FT01-FTJ004,22.50,0.000,0.666012,16605,0.435592,0.055345,0,0,1,0.6600,宝安区,23,23,0,0,0,0,1
2021-02-08,589179428,20190000000000000003,900200000000000049,1,129.897,310.940,40386.667,2021-02-08 14:45:00.000,L2FT01-FTJ004,22.50,0.000,0.666012,16605,0.435592,0.055345,0,0,1,0.6600,宝安区,23,23,0,0,0,0,1
2021-02-08,589179428,20190000000000000003,900200000000000036,1,15.797,419.873,6632.667,2021-02-08 15:00:00.000,L2FT01-FTJ004,21.88,0.000,0.666012,16605,0.435592,0.055345,0,0,1,0.6600,宝安区,23,23,0,0,0,0,1
2021-02-08,589179428,20190000000000000003,900200000000000049,1,129.919,311.893,40518.667,2021-02-08 15:00:00.000,L2FT01-FTJ004,21.88,0.000,0.666012,16605,0.435592,0.055345,0,0,1,0.6600,宝安区,23,23,0,0,0,0,1
2021-02-08,589179428,20190000000000000003,900200000000000049,1,130.000,313.847,40796.000,2021-02-08 15:15:00.000,L2FT01-FTJ004,21.88,0.000,0.666012,16605,0.435592,0.055345,0,0,1,0.6600,宝安区,23,23,0,0,0,0,1
2021-02-08,589179428,20190000000000000003,900200000000000036,1,5.090,423.573,2154.545,2021-02-08 15:15:00.000,L2FT01-FTJ004,21.88,0.000,0.666012,16605,0.435592,0.055345,0,0,1,0.6600,宝安区,23,23,0,0,0,0,1
2021-02-08,589179428,20190000000000000003,900200000000000049,1,129.956,315.053,40940.000,2021-02-08 15:30:00.000,L2FT01-FTJ004,21.88,0.000,0.666012,16605,0.435592,0.055345,0,0,1,0.6600,宝安区,23,23,0,0,0,0,1
2021-02-08,589179428,20190000000000000003,900200000000000049,1,105.197,320.127,33540.000,2021-02-08 15:45:00.000,L2FT01-FTJ004,21.88,0.000,0.666012,16605,0.435592,0.055345,0,0,1,0.6600,宝安区,23,23,0,0,0,0,1
2021-02-08,589179428,20190000000000000003,900200000000000049,1,19.927,304.667,6603.333,2021-02-08 16:00:00.000,L2FT01-FTJ004,21.40,0.000,0.666012,16605,0.435592,0.055345,0,0,1,0.6600,宝安区,23,23,0,0,0,0,1
2021-02-08,589179428,20190000000000000003,900200000000000034,1,119.733,313.363,37573.750,2021-02-08 16:45:00.000,L2FT01-FTJ004,21.40,0.000,0.666012,16605,0.435592,0.055345,0,0,1,0.6600,宝安区,23,23,0,0,0,0,1
2021-02-08,589179428,20190000000000000003,900200000000000049,1,118.478,331.000,39213.333,2021-02-08 16:45:00.000,L2FT01-FTJ004,21.40,0.000,0.666012,16605,0.435592,0.055345,0,0,1,0.6600,宝安区,23,23,0,0,0,0,1
2021-02-08,589179428,20190000000000000003,900200000000000049,1,116.344,342.500,39829.333,2021-02-08 17:00:00.000,L2FT01-FTJ004,21.10,0.000,0.666012,16605,0.435592,0.055345,0,0,1,0.6600,宝安区,23,23,0,0,0,0,1
2021-02-08,589179428,20190000000000000003,900200000000000034,1,108.814,318.609,34475.455,2021-02-08 17:00:00.000,L2FT01-FTJ004,21.10,0.000,0.666012,16605,0.435592,0.055345,0,0,1,0.6600,宝安区,23,23,0,0,0,0,1
2021-02-08,589179428,20190000000000000003,900200000000000056,1,85.778,363.220,31681.000,2021-02-08 17:15:00.000,L2FT01-FTJ004,21.10,0.000,0.666012,16605,0.435592,0.055345,0,0,1,0.6600,宝安区,23,23,0,0,0,0,1
2021-02-08,589179428,20190000000000000003,900200000000000049,1,79.313,358.507,28364.667,2021-02-08 17:15:00.000,L2FT01-FTJ004,21.10,0.000,0.666012,16605,0.435592,0.055345,0,0,1,0.6600,宝安区,23,23,0,0,0,0,1
2021-02-08,589179428,20190000000000000003,900200000000000049,1,35.770,363.560,13000.000,2021-02-08 17:30:00.000,L2FT01-FTJ004,21.10,0.000,0.666012,16605,0.435592,0.055345,0,0,1,0.6600,宝安区,23,23,0,0,0,0,1
2021-02-08,589179428,20190000000000000003,900200000000000056,1,87.371,379.720,33155.333,2021-02-08 17:30:00.000,L2FT01-FTJ004,21.10,0.000,0.666012,16605,0.435592,0.055345,0,0,1,0.6600,宝安区,23,23,0,0,0,0,1
2021-02-08,589179428,20190000000000000003,900200000000000056,1,34.198,385.413,13178.667,2021-02-08 17:45:00.000,L2FT01-FTJ004,21.10,0.000,0.666012,16605,0.435592,0.055345,0,0,1,0.6600,宝安区,23,23,0,0,0,0,1
2021-02-08,589179428,20190000000000000003,900200000000000056,1,25.890,388.400,10054.167,2021-02-08 18:00:00.000,L2FT01-FTJ004,21.00,0.000,0.666012,16605,0.435592,0.055345,0,0,1,0.6600,宝安区,23,23,0,0,0,0,1
2021-02-08,589179428,20190000000000000003,900200000000000034,1,35.667,343.200,12306.667,2021-02-08 19:45:00.000,L2FT01-FTJ004,21.10,0.000,0.666012,16605,0.435592,0.055345,0,0,1,0.6600,宝安区,23,23,0,0,0,0,1
2021-02-08,589179428,20190000000000000003,900200000000000034,1,49.823,351.853,17528.667,2021-02-08 20:00:00.000,L2FT01-FTJ004,21.40,0.000,0.666012,16605,0.435592,0.055345,0,0,1,0.6600,宝安区,23,23,0,0,0,0,1
2021-02-08,589179428,20190000000000000003,900200000000000034,1,39.790,360.887,14358.000,2021-02-08 20:15:00.000,L2FT01-FTJ004,21.40,0.000,0.666012,16605,0.435592,0.055345,0,0,1,0.6600,宝安区,23,23,0,0,0,0,1
2021-02-08,589179428,20190000000000000003,900200000000000034,1,19.843,363.240,7206.667,2021-02-08 20:30:00.000,L2FT01-FTJ004,21.40,0.000,0.666012,16605,0.435592,0.055345,0,0,1,0.6600,宝安区,23,23,0,0,0,0,1
2021-02-08,589179428,20190000000000000003,900200000000000034,1,13.157,366.100,4815.333,2021-02-08 20:45:00.000,L2FT01-FTJ004,21.40,0.000,0.666012,16605,0.435592,0.055345,0,0,1,0.6600,宝安区,23,23,0,0,0,0,1
2021-02-08,589179428,20190000000000000003,900200000000000034,1,9.790,367.167,3593.333,2021-02-08 21:00:00.000,L2FT01-FTJ004,21.88,0.000,0.666012,16605,0.435592,0.055345,0,0,1,0.6600,宝安区,23,23,0,0,0,0,1
2021-02-08,589179428,20190000000000000003,900200000000000043,1,125.173,301.500,37755.000,2021-02-08 23:30:00.000,L2FT01-FTJ004,23.22,0.000,0.666012,16605,0.435592,0.055345,0,0,1,0.6600,宝安区,23,23,0,0,0,0,1
2021-02-09,589179428,20190000000000000003,900200000000000047,1,130.041,309.922,40296.667,2021-02-09 01:30:00.000,L2FT01-FTJ004,24.78,0.000,0.666012,16605,0.435592,0.055345,0,0,1,0.6600,宝安区,23,23,0,0,0,0,1
2021-02-09,589179428,20190000000000000003,900200000000000047,1,129.800,310.660,40318.667,2021-02-09 01:45:00.000,L2FT01-FTJ004,24.78,0.000,0.666012,16605,0.435592,0.055345,0,0,1,0.6600,宝安区,23,23,0,0,0,0,1
2021-02-09,589179428,20190000000000000003,900200000000000047,1,129.800,312.213,40520.000,2021-02-09 02:00:00.000,L2FT01-FTJ004,25.50,0.000,0.666012,16605,0.435592,0.055345,0,0,1,0.6600,宝安区,23,23,0,0,0,0,1
2021-02-09,589179428,20190000000000000003,900200000000000056,1,149.918,311.138,46643.077,2021-02-09 02:00:00.000,L2FT01-FTJ004,25.50,0.000,0.666012,16605,0.435592,0.055345,0,0,1,0.6600,宝安区,23,23,0,0,0,0,1
2021-02-09,589179428,20190000000000000003,900200000000000056,1,150.047,313.893,47095.333,2021-02-09 02:15:00.000,L2FT01-FTJ004,25.50,0.000,0.666012,16605,0.435592,0.055345,0,0,1,0.6600,宝安区,23,23,0,0,0,0,1
2021-02-09,589179428,20190000000000000003,900200000000000047,1,129.800,314.220,40780.667,2021-02-09 02:15:00.000,L2FT01-FTJ004,25.50,0.000,0.666012,16605,0.435592,0.055345,0,0,1,0.6600,宝安区,23,23,0,0,0,0,1
2021-02-09,589179428,20190000000000000003,900200000000000047,1,129.860,315.393,40952.667,2021-02-09 02:30:00.000,L2FT01-FTJ004,25.50,0.000,0.666012,16605,0.435592,0.055345,0,0,1,0.6600,宝安区,23,23,0,0,0,0,1
2021-02-09,589179428,20190000000000000003,900200000000000056,1,150.060,315.093,47279.333,2021-02-09 02:30:00.000,L2FT01-FTJ004,25.50,0.000,0.666012,16605,0.435592,0.055345,0,0,1,0.6600,宝安区,23,23,0,0,0,0,1
2021-02-09,589179428,20190000000000000003,900200000000000038,1,75.815,482.450,36576.250,2021-02-09 02:45:00.000,L2FT01-FTJ004,25.50,0.000,0.666012,16605,0.435592,0.055345,0,0,1,0.6600,宝安区,23,23,0,0,0,0,1
2021-02-09,589179428,20190000000000000003,900200000000000047,1,83.128,324.767,26764.444,2021-02-09 02:45:00.000,L2FT01-FTJ004,25.50,0.000,0.666012,16605,0.435592,0.055345,0,0,1,0.6600,宝安区,23,23,0,0,0,0,1
2021-02-09,589179428,20190000000000000003,900200000000000056,1,128.028,321.090,40912.000,2021-02-09 02:45:00.000,L2FT01-FTJ004,25.50,0.000,0.666012,16605,0.435592,0.055345,0,0,1,0.6600,宝安区,23,23,0,0,0,0,1
2021-02-09,589179428,20190000000000000003,900200000000000038,1,75.690,486.013,36786.667,2021-02-09 03:00:00.000,L2FT01-FTJ004,26.12,0.000,0.666012,16605,0.435592,0.055345,0,0,1,0.6600,宝安区,23,23,0,0,0,0,1
2021-02-09,589179428,20190000000000000003,900200000000000038,1,75.683,487.007,36859.333,2021-02-09 03:15:00.000,L2FT01-FTJ004,26.12,0.000,0.666012,16605,0.435592,0.055345,0,0,1,0.6600,宝安区,23,23,0,0,0,0,1
2021-02-09,589179428,20190000000000000003,900200000000000038,1,75.657,491.220,37164.667,2021-02-09 03:30:00.000,L2FT01-FTJ004,26.12,0.000,0.666012,16605,0.435592,0.055345,0,0,1,0.6600,宝安区,23,23,0,0,0,0,1
2021-02-09,589179428,20190000000000000003,900200000000000038,1,39.763,493.553,19672.667,2021-02-09 03:45:00.000,L2FT01-FTJ004,26.12,0.000,0.666012,16605,0.435592,0.055345,0,0,1,0.6600,宝安区,23,23,0,0,0,0,1
2021-02-09,589179428,20190000000000000003,900200000000000038,1,3.762,501.440,1897.000,2021-02-09 04:00:00.000,L2FT01-FTJ004,26.60,0.000,0.666012,16605,0.435592,0.055345,0,0,1,0.6600,宝安区,23,23,0,0,0,0,1
2021-02-09,589179428,20190000000000000003,900200000000000056,1,149.899,313.773,47031.333,2021-02-09 05:45:00.000,L2FT01-FTJ004,26.90,0.000,0.666012,16605,0.435592,0.055345,0,0,1,0.6600,宝安区,23,23,0,0,0,0,1
2021-02-09,589179428,20190000000000000003,900200000000000056,1,150.047,315.213,47292.667,2021-02-09 06:00:00.000,L2FT01-FTJ004,27.00,0.000,0.666012,16605,0.435592,0.055345,0,0,1,0.6600,宝安区,23,23,0,0,0,0,1
2021-02-09,589179428,20190000000000000003,900200000000000056,1,123.297,320.127,39309.333,2021-02-09 06:15:00.000,L2FT01-FTJ004,27.00,0.000,0.666012,16605,0.435592,0.055345,0,0,1,0.6600,宝安区,23,23,0,0,0,0,1
2021-02-09,589179428,20190000000000000003,900200000000000056,1,29.790,339.000,10100.000,2021-02-09 06:30:00.000,L2FT01-FTJ004,27.00,0.000,0.666012,16605,0.435592,0.055345,0,0,1,0.6600,宝安区,23,23,0,0,0,0,1
2021-02-09,589179428,20190000000000000003,900200000000000047,1,133.230,332.300,42123.333,2021-02-09 07:15:00.000,L2FT01-FTJ004,26.90,0.000,0.666012,16605,0.435592,0.055345,0,0,1,0.6600,宝安区,23,23,0,0,0,0,1
2021-02-09,589179428,20190000000000000003,900200000000000058,1,150.353,314.229,47241.429,2021-02-09 07:15:00.000,L2FT01-FTJ004,26.90,0.000,0.666012,16605,0.435592,0.055345,0,0,1,0.6600,宝安区,23,23,0,0,0,0,1
2021-02-09,589179428,20190000000000000003,900200000000000058,1,89.428,406.345,36338.182,2021-02-09 07:30:00.000,L2FT01-FTJ004,26.90,0.000,0.666012,16605,0.435592,0.055345,0,0,1,0.6600,宝安区,23,23,0,0,0,0,1
2021-02-09,589179428,20190000000000000003,900200000000000047,1,191.281,318.207,60809.333,2021-02-09 07:30:00.000,L2FT01-FTJ004,26.90,0.000,0.666012,16605,0.435592,0.055345,0,0,1,0.6600,宝安区,23,23,0,0,0,0,1
2021-02-09,589179428,20190000000000000003,900200000000000047,1,14.945,292.000,4925.000,2021-02-09 07:45:00.000,L2FT01-FTJ004,26.90,0.000,0.666012,16605,0.435592,0.055345,0,0,1,0.6600,宝安区,23,23,0,0,0,0,1
2021-02-09,589179428,20190000000000000003,900200000000000058,1,51.293,412.050,21095.000,2021-02-09 07:45:00.000,L2FT01-FTJ004,26.90,0.000,0.666012,16605,0.435592,0.055345,0,0,1,0.6600,宝安区,23,23,0,0,0,0,1
2021-02-09,589179428,20190000000000000003,900200000000000044,1,149.070,349.425,52090.000,2021-02-09 08:45:00.000,L2FT01-FTJ004,26.60,0.000,0.666012,16605,0.435592,0.055345,0,0,1,0.6600,宝安区,23,23,0,0,0,0,1
2021-02-09,589179428,20190000000000000003,900200000000000044,1,149.830,357.600,53575.333,2021-02-09 09:00:00.000,L2FT01-FTJ004,26.12,0.000,0.666012,16605,0.435592,0.055345,0,0,1,0.6600,宝安区,23,23,0,0,0,0,1
2021-02-09,589179428,20190000000000000003,900200000000000044,1,149.863,368.880,55280.000,2021-02-09 09:15:00.000,L2FT01-FTJ004,26.12,0.000,0.666012,16605,0.435592,0.055345,0,0,1,0.6600,宝安区,23,23,0,0,0,0,1
2021-02-09,589179428,20190000000000000003,900200000000000044,1,149.877,384.500,57627.333,2021-02-09 09:30:00.000,L2FT01-FTJ004,26.12,0.000,0.666012,16605,0.435592,0.055345,0,0,1,0.6600,宝安区,23,23,0,0,0,0,1
2021-02-09,589179428,20190000000000000003,900200000000000044,1,124.174,398.033,49380.667,2021-02-09 09:45:00.000,L2FT01-FTJ004,26.12,0.000,0.666012,16605,0.435592,0.055345,0,0,1,0.6600,宝安区,23,23,0,0,0,0,1
2021-02-09,589179428,20190000000000000003,900200000000000044,1,90.404,403.710,36493.000,2021-02-09 10:00:00.000,L2FT01-FTJ004,25.50,0.000,0.666012,16605,0.435592,0.055345,0,0,1,0.6600,宝安区,23,23,0,0,0,0,1
2021-02-09,589179428,20190000000000000003,900200000000000047,1,129.890,301.700,39190.000,2021-02-09 12:00:00.000,L2FT01-FTJ004,24.00,0.000,0.666012,16605,0.435592,0.055345,0,0,1,0.6600,宝安区,23,23,0,0,0,0,1
2021-02-09,589179428,20190000000000000003,900200000000000047,1,129.818,307.533,39919.333,2021-02-09 12:15:00.000,L2FT01-FTJ004,24.00,0.000,0.666012,16605,0.435592,0.055345,0,0,1,0.6600,宝安区,23,23,0,0,0,0,1
2021-02-09,589179428,20190000000000000003,900200000000000034,1,63.840,351.017,22405.833,2021-02-09 12:30:00.000,L2FT01-FTJ004,24.00,0.000,0.666012,16605,0.435592,0.055345,0,0,1,0.6600,宝安区,23,23,0,0,0,0,1
2021-02-09,589179428,20190000000000000003,900200000000000047,1,129.854,310.673,40338.667,2021-02-09 12:30:00.000,L2FT01-FTJ004,24.00,0.000,0.666012,16605,0.435592,0.055345,0,0,1,0.6600,宝安区,23,23,0,0,0,0,1
2021-02-09,589179428,20190000000000000003,900200000000000034,1,40.419,358.273,14478.667,2021-02-09 12:45:00.000,L2FT01-FTJ004,24.00,0.000,0.666012,16605,0.435592,0.055345,0,0,1,0.6600,宝安区,23,23,0,0,0,0,1
2021-02-09,589179428,20190000000000000003,900200000000000035,1,74.605,329.600,24620.000,2021-02-09 12:45:00.000,L2FT01-FTJ004,24.00,0.000,0.666012,16605,0.435592,0.055345,0,0,1,0.6600,宝安区,23,23,0,0,0,0,1
2021-02-09,589179428,20190000000000000003,900200000000000047,1,129.824,311.293,40408.000,2021-02-09 12:45:00.000,L2FT01-FTJ004,24.00,0.000,0.666012,16605,0.435592,0.055345,0,0,1,0.6600,宝安区,23,23,0,0,0,0,1
2021-02-09,589179428,20190000000000000003,900200000000000047,1,129.860,312.620,40594.000,2021-02-09 13:00:00.000,L2FT01-FTJ004,23.22,0.000,0.666012,16605,0.435592,0.055345,0,0,1,0.6600,宝安区,23,23,0,0,0,0,1
2021-02-09,589179428,20190000000000000003,900200000000000035,1,67.476,329.958,22417.500,2021-02-09 13:00:00.000,L2FT01-FTJ004,23.22,0.000,0.666012,16605,0.435592,0.055345,0,0,1,0.6600,宝安区,23,23,0,0,0,0,1
2021-02-09,589179428,20190000000000000003,900200000000000034,1,17.859,361.033,6447.333,2021-02-09 13:00:00.000,L2FT01-FTJ004,23.22,0.000,0.666012,16605,0.435592,0.055345,0,0,1,0.6600,宝安区,23,23,0,0,0,0,1
2021-02-09,589179428,20190000000000000003,900200000000000034,1,12.790,362.853,4639.333,2021-02-09 13:15:00.000,L2FT01-FTJ004,23.22,0.000,0.666012,16605,0.435592,0.055345,0,0,1,0.6600,宝安区,23,23,0,0,0,0,1
2021-02-09,589179428,20190000000000000003,900200000000000047,1,129.890,314.860,40895.333,2021-02-09 13:15:00.000,L2FT01-FTJ004,23.22,0.000,0.666012,16605,0.435592,0.055345,0,0,1,0.6600,宝安区,23,23,0,0,0,0,1
2021-02-09,589179428,20190000000000000003,900200000000000034,1,9.790,364.482,3566.364,2021-02-09 13:30:00.000,L2FT01-FTJ004,23.22,0.000,0.666012,16605,0.435592,0.055345,0,0,1,0.6600,宝安区,23,23,0,0,0,0,1
2021-02-09,589179428,20190000000000000003,900200000000000047,1,103.885,316.127,32846.000,2021-02-09 13:30:00.000,L2FT01-FTJ004,23.22,0.000,0.666012,16605,0.435592,0.055345,0,0,1,0.6600,宝安区,23,23,0,0,0,0,1
2021-02-09,589179428,20190000000000000003,900200000000000047,1,46.933,326.500,15241.429,2021-02-09 13:45:00.000,L2FT01-FTJ004,23.22,0.000,0.666012,16605,0.435592,0.055345,0,0,1,0.6600,宝安区,23,23,0,0,0,0,1
2021-02-09,589179428,20190000000000000003,900200000000000049,1,129.815,303.233,39361.667,2021-02-09 15:30:00.000,L2FT01-FTJ004,21.88,0.000,0.666012,16605,0.435592,0.055345,0,0,1,0.6600,宝安区,23,23,0,0,0,0,1
2021-02-09,589179428,20190000000000000003,900200000000000049,1,129.941,307.627,39969.333,2021-02-09 15:45:00.000,L2FT01-FTJ004,21.88,0.000,0.666012,16605,0.435592,0.055345,0,0,1,0.6600,宝安区,23,23,0,0,0,0,1
2021-02-09,589179428,20190000000000000003,900200000000000049,1,130.023,310.873,40417.333,2021-02-09 16:00:00.000,L2FT01-FTJ004,21.40,0.000,0.666012,16605,0.435592,0.055345,0,0,1,0.6600,宝安区,23,23,0,0,0,0,1
2021-02-09,589179428,20190000000000000003,900200000000000036,1,63.724,314.090,20160.000,2021-02-09 16:00:00.000,L2FT01-FTJ004,21.40,0.000,0.666012,16605,0.435592,0.055345,0,0,1,0.6600,宝安区,23,23,0,0,0,0,1
2021-02-09,589179428,20190000000000000003,900200000000000036,1,34.815,327.075,11362.500,2021-02-09 16:15:00.000,L2FT01-FTJ004,21.40,0.000,0.666012,16605,0.435592,0.055345,0,0,1,0.6600,宝安区,23,23,0,0,0,0,1
2021-02-09,589179428,20190000000000000003,900200000000000049,1,130.000,311.200,40450.000,2021-02-09 16:15:00.000,L2FT01-FTJ004,21.40,0.000,0.666012,16605,0.435592,0.055345,0,0,1,0.6600,宝安区,23,23,0,0,0,0,1
2021-02-09,589179428,20190000000000000003,900200000000000052,0,0.000,252.900,0.000,2021-02-09 16:30:00.000,L2FT01-FTJ004,21.40,0.000,0.666012,16605,0.435592,0.055345,0,0,1,0.6600,宝安区,23,23,0,0,0,0,1
2021-02-09,589179428,20190000000000000003,900200000000000039,1,99.427,329.850,33475.000,2021-02-09 18:45:00.000,L2FT01-FTJ004,21.00,0.000,0.666012,16605,0.435592,0.055345,0,0,1,0.6600,宝安区,23,23,0,0,0,0,1
2021-02-09,589179428,20190000000000000003,900200000000000039,1,105.013,343.140,36020.000,2021-02-09 19:00:00.000,L2FT01-FTJ004,21.10,0.000,0.666012,16605,0.435592,0.055345,0,0,1,0.6600,宝安区,23,23,0,0,0,0,1
2021-02-09,589179428,20190000000000000003,900200000000000039,1,85.600,355.947,30440.667,2021-02-09 19:15:00.000,L2FT01-FTJ004,21.10,0.000,0.666012,16605,0.435592,0.055345,0,0,1,0.6600,宝安区,23,23,0,0,0,0,1
2021-02-09,589179428,20190000000000000003,900200000000000058,1,129.566,372.021,48342.857,2021-02-09 19:30:00.000,L2FT01-FTJ004,21.10,0.000,0.666012,16605,0.435592,0.055345,0,0,1,0.6600,宝安区,23,23,0,0,0,0,1
2021-02-09,589179428,20190000000000000003,900200000000000039,1,60.291,367.133,22110.000,2021-02-09 19:30:00.000,L2FT01-FTJ004,21.10,0.000,0.666012,16605,0.435592,0.055345,0,0,1,0.6600,宝安区,23,23,0,0,0,0,1
2021-02-09,589179428,20190000000000000003,900200000000000039,1,44.930,375.147,16850.000,2021-02-09 19:45:00.000,L2FT01-FTJ004,21.10,0.000,0.666012,16605,0.435592,0.055345,0,0,1,0.6600,宝安区,23,23,0,0,0,0,1
2021-02-09,589179428,20190000000000000003,900200000000000058,1,113.056,387.753,43815.333,2021-02-09 19:45:00.000,L2FT01-FTJ004,21.10,0.000,0.666012,16605,0.435592,0.055345,0,0,1,0.6600,宝安区,23,23,0,0,0,0,1
2021-02-09,589179428,20190000000000000003,900200000000000039,1,14.283,377.480,5390.000,2021-02-09 20:00:00.000,L2FT01-FTJ004,21.40,0.000,0.666012,16605,0.435592,0.055345,0,0,1,0.6600,宝安区,23,23,0,0,0,0,1
2021-02-09,589179428,20190000000000000003,900200000000000058,1,68.090,400.333,27257.333,2021-02-09 20:00:00.000,L2FT01-FTJ004,21.40,0.000,0.666012,16605,0.435592,0.055345,0,0,1,0.6600,宝安区,23,23,0,0,0,0,1
2021-02-09,589179428,20190000000000000003,900200000000000039,1,14.290,379.257,5418.571,2021-02-09 20:15:00.000,L2FT01-FTJ004,21.40,0.000,0.666012,16605,0.435592,0.055345,0,0,1,0.6600,宝安区,23,23,0,0,0,0,1
2021-02-09,589179428,20190000000000000003,900200000000000058,1,42.690,409.753,17510.000,2021-02-09 20:15:00.000,L2FT01-FTJ004,21.40,0.000,0.666012,16605,0.435592,0.055345,0,0,1,0.6600,宝安区,23,23,0,0,0,0,1
2021-02-09,589179428,20190000000000000003,900200000000000031,1,130.010,310.175,40322.500,2021-02-09 20:30:00.000,L2FT01-FTJ004,21.40,0.000,0.666012,16605,0.435592,0.055345,0,0,1,0.6600,宝安区,23,23,0,0,0,0,1
2021-02-09,589179428,20190000000000000003,900200000000000058,1,13.690,409.660,5608.000,2021-02-09 20:30:00.000,L2FT01-FTJ004,21.40,0.000,0.666012,16605,0.435592,0.055345,0,0,1,0.6600,宝安区,23,23,0,0,0,0,1
2021-02-09,589179428,20190000000000000003,900200000000000031,1,129.806,311.147,40384.667,2021-02-09 20:45:00.000,L2FT01-FTJ004,21.40,0.000,0.666012,16605,0.435592,0.055345,0,0,1,0.6600,宝安区,23,23,0,0,0,0,1
2021-02-09,589179428,20190000000000000003,900200000000000031,1,129.866,313.613,40726.000,2021-02-09 21:00:00.000,L2FT01-FTJ004,21.88,0.000,0.666012,16605,0.435592,0.055345,0,0,1,0.6600,宝安区,23,23,0,0,0,0,1
2021-02-09,589179428,20190000000000000003,900200000000000031,1,129.890,314.967,40909.333,2021-02-09 21:15:00.000,L2FT01-FTJ004,21.88,0.000,0.666012,16605,0.435592,0.055345,0,0,1,0.6600,宝安区,23,23,0,0,0,0,1
2021-02-09,589179428,20190000000000000003,900200000000000031,1,91.690,321.691,29319.091,2021-02-09 21:30:00.000,L2FT01-FTJ004,21.88,0.000,0.666012,16605,0.435592,0.055345,0,0,1,0.6600,宝安区,23,23,0,0,0,0,1
2021-02-09,589179428,20190000000000000003,900200000000000036,1,113.616,356.092,40520.000,2021-02-09 22:45:00.000,L2FT01-FTJ004,22.50,0.000,0.666012,16605,0.435592,0.055345,0,0,1,0.6600,宝安区,23,23,0,0,0,0,1
2021-02-09,589179428,20190000000000000003,900200000000000036,1,80.758,359.943,29080.714,2021-02-09 23:00:00.000,L2FT01-FTJ004,23.22,0.000,0.666012,16605,0.435592,0.055345,0,0,1,0.6600,宝安区,23,23,0,0,0,0,1
2021-02-09,589179428,20190000000000000003,900200000000000044,1,71.402,306.211,21861.111,2021-02-09 23:15:00.000,L2FT01-FTJ004,23.22,0.000,0.666012,16605,0.435592,0.055345,0,0,1,0.6600,宝安区,23,23,0,0,0,0,1
2021-02-09,589179428,20190000000000000003,900200000000000058,1,129.806,308.329,40019.286,2021-02-09 23:15:00.000,L2FT01-FTJ004,23.22,0.000,0.666012,16605,0.435592,0.055345,0,0,1,0.6600,宝安区,23,23,0,0,0,0,1
2021-02-09,589179428,20190000000000000003,900200000000000058,1,129.800,310.080,40245.333,2021-02-09 23:30:00.000,L2FT01-FTJ004,23.22,0.000,0.666012,16605,0.435592,0.055345,0,0,1,0.6600,宝安区,23,23,0,0,0,0,1
2021-02-09,589179428,20190000000000000003,900200000000000044,1,71.463,308.420,22036.667,2021-02-09 23:30:00.000,L2FT01-FTJ004,23.22,0.000,0.666012,16605,0.435592,0.055345,0,0,1,0.6600,宝安区,23,23,0,0,0,0,1
2021-02-09,589179428,20190000000000000003,900200000000000044,1,71.500,308.693,22069.333,2021-02-09 23:45:00.000,L2FT01-FTJ004,23.22,0.000,0.666012,16605,0.435592,0.055345,0,0,1,0.6600,宝安区,23,23,0,0,0,0,1
2021-02-09,589179428,20190000000000000003,900200000000000058,1,129.806,310.707,40326.667,2021-02-09 23:45:00.000,L2FT01-FTJ004,23.22,0.000,0.666012,16605,0.435592,0.055345,0,0,1,0.6600,宝安区,23,23,0,0,0,0,1
2021-02-10,589179428,20190000000000000003,900200000000000044,1,71.500,308.887,22079.333,2021-02-10 00:00:00.000,L2FT01-FTJ004,24.00,0.000,0.666012,16605,0.435592,0.055345,0,0,1,0.6600,宝安区,23,23,0,0,0,0,1
2021-02-10,589179428,20190000000000000003,900200000000000058,1,129.800,312.660,40577.333,2021-02-10 00:00:00.000,L2FT01-FTJ004,24.00,0.000,0.666012,16605,0.435592,0.055345,0,0,1,0.6600,宝安区,23,23,0,0,0,0,1
2021-02-10,589179428,20190000000000000003,900200000000000040,1,143.745,309.000,44415.000,2021-02-10 00:15:00.000,L2FT01-FTJ004,24.00,0.000,0.666012,16605,0.435592,0.055345,0,0,1,0.6600,宝安区,23,23,0,0,0,0,1
2021-02-10,589179428,20190000000000000003,900200000000000044,1,71.506,309.573,22132.000,2021-02-10 00:15:00.000,L2FT01-FTJ004,24.00,0.000,0.666012,16605,0.435592,0.055345,0,0,1,0.6600,宝安区,23,23,0,0,0,0,1
2021-02-10,589179428,20190000000000000003,900200000000000058,1,129.806,314.193,40780.000,2021-02-10 00:15:00.000,L2FT01-FTJ004,24.00,0.000,0.666012,16605,0.435592,0.055345,0,0,1,0.6600,宝安区,23,23,0,0,0,0,1
2021-02-10,589179428,20190000000000000003,900200000000000040,1,143.324,311.040,44577.333,2021-02-10 00:30:00.000,L2FT01-FTJ004,24.00,0.000,0.666012,16605,0.435592,0.055345,0,0,1,0.6600,宝安区,23,23,0,0,0,0,1
2021-02-10,589179428,20190000000000000003,900200000000000044,1,71.456,311.100,22226.000,2021-02-10 00:30:00.000,L2FT01-FTJ004,24.00,0.000,0.666012,16605,0.435592,0.055345,0,0,1,0.6600,宝安区,23,23,0,0,0,0,1
2021-02-10,589179428,20190000000000000003,900200000000000058,1,123.835,316.753,39192.667,2021-02-10 00:30:00.000,L2FT01-FTJ004,24.00,0.000,0.666012,16605,0.435592,0.055345,0,0,1,0.6600,宝安区,23,23,0,0,0,0,1
2021-02-10,589179428,20190000000000000003,900200000000000032,1,149.876,308.314,46205.714,2021-02-10 00:45:00.000,L2FT01-FTJ004,24.00,0.000,0.666012,16605,0.435592,0.055345,0,0,1,0.6600,宝安区,23,23,0,0,0,0,1
2021-02-10,589179428,20190000000000000003,900200000000000040,1,143.384,311.980,44730.667,2021-02-10 00:45:00.000,L2FT01-FTJ004,24.00,0.000,0.666012,16605,0.435592,0.055345,0,0,1,0.6600,宝安区,23,23,0,0,0,0,1
2021-02-10,589179428,20190000000000000003,900200000000000044,1,71.493,312.273,22319.333,2021-02-10 00:45:00.000,L2FT01-FTJ004,24.00,0.000,0.666012,16605,0.435592,0.055345,0,0,1,0.6600,宝安区,23,23,0,0,0,0,1
2021-02-10,589179428,20190000000000000003,900200000000000058,1,34.765,330.550,11472.500,2021-02-10 00:45:00.000,L2FT01-FTJ004,24.00,0.000,0.666012,16605,0.435592,0.055345,0,0,1,0.6600,宝安区,23,23,0,0,0,0,1
2021-02-10,589179428,20190000000000000003,900200000000000044,1,71.500,312.793,22360.667,2021-02-10 01:00:00.000,L2FT01-FTJ004,24.78,0.000,0.666012,16605,0.435592,0.055345,0,0,1,0.6600,宝安区,23,23,0,0,0,0,1
2021-02-10,589179428,20190000000000000003,900200000000000040,1,143.391,313.793,44993.333,2021-02-10 01:00:00.000,L2FT01-FTJ004,24.78,0.000,0.666012,16605,0.435592,0.055345,0,0,1,0.6600,宝安区,23,23,0,0,0,0,1
2021-02-10,589179428,20190000000000000003,900200000000000032,1,149.823,310.647,46540.667,2021-02-10 01:00:00.000,L2FT01-FTJ004,24.78,0.000,0.666012,16605,0.435592,0.055345,0,0,1,0.6600,宝安区,23,23,0,0,0,0,1
2021-02-10,589179428,20190000000000000003,900200000000000034,1,131.727,309.310,40735.000,2021-02-10 01:00:00.000,L2FT01-FTJ004,24.78,0.000,0.666012,16605,0.435592,0.055345,0,0,1,0.6600,宝安区,23,23,0,0,0,0,1
2021-02-10,589179428,20190000000000000003,900200000000000032,1,149.883,311.560,46694.000,2021-02-10 01:15:00.000,L2FT01-FTJ004,24.78,0.000,0.666012,16605,0.435592,0.055345,0,0,1,0.6600,宝安区,23,23,0,0,0,0,1
2021-02-10,589179428,20190000000000000003,900200000000000034,1,129.806,310.093,40246.000,2021-02-10 01:15:00.000,L2FT01-FTJ004,24.78,0.000,0.666012,16605,0.435592,0.055345,0,0,1,0.6600,宝安区,23,23,0,0,0,0,1
2021-02-10,589179428,20190000000000000003,900200000000000040,1,143.405,314.827,45145.333,2021-02-10 01:15:00.000,L2FT01-FTJ004,24.78,0.000,0.666012,16605,0.435592,0.055345,0,0,1,0.6600,宝安区,23,23,0,0,0,0,1
2021-02-10,589179428,20190000000000000003,900200000000000044,1,71.500,313.147,22384.000,2021-02-10 01:15:00.000,L2FT01-FTJ004,24.78,0.000,0.666012,16605,0.435592,0.055345,0,0,1,0.6600,宝安区,23,23,0,0,0,0,1
2021-02-10,589179428,20190000000000000003,900200000000000044,1,71.542,314.020,22462.000,2021-02-10 01:30:00.000,L2FT01-FTJ004,24.78,0.000,0.666012,16605,0.435592,0.055345,0,0,1,0.6600,宝安区,23,23,0,0,0,0,1
2021-02-10,589179428,20190000000000000003,900200000000000040,1,138.464,317.767,43965.333,2021-02-10 01:30:00.000,L2FT01-FTJ004,24.78,0.000,0.666012,16605,0.435592,0.055345,0,0,1,0.6600,宝安区,23,23,0,0,0,0,1
2021-02-10,589179428,20190000000000000003,900200000000000043,1,129.816,308.664,40065.455,2021-02-10 01:30:00.000,L2FT01-FTJ004,24.78,0.000,0.666012,16605,0.435592,0.055345,0,0,1,0.6600,宝安区,23,23,0,0,0,0,1
2021-02-10,589179428,20190000000000000003,900200000000000032,1,149.897,313.420,46978.000,2021-02-10 01:30:00.000,L2FT01-FTJ004,24.78,0.000,0.666012,16605,0.435592,0.055345,0,0,1,0.6600,宝安区,23,23,0,0,0,0,1
2021-02-10,589179428,20190000000000000003,900200000000000034,1,130.866,311.353,40743.333,2021-02-10 01:30:00.000,L2FT01-FTJ004,24.78,0.000,0.666012,16605,0.435592,0.055345,0,0,1,0.6600,宝安区,23,23,0,0,0,0,1
2021-02-10,589179428,20190000000000000003,900200000000000032,1,149.890,314.467,47132.667,2021-02-10 01:45:00.000,L2FT01-FTJ004,24.78,0.000,0.666012,16605,0.435592,0.055345,0,0,1,0.6600,宝安区,23,23,0,0,0,0,1
2021-02-10,589179428,20190000000000000003,900200000000000034,1,134.878,313.047,42221.333,2021-02-10 01:45:00.000,L2FT01-FTJ004,24.78,0.000,0.666012,16605,0.435592,0.055345,0,0,1,0.6600,宝安区,23,23,0,0,0,0,1
2021-02-10,589179428,20190000000000000003,900200000000000040,1,43.090,330.167,14200.000,2021-02-10 01:45:00.000,L2FT01-FTJ004,24.78,0.000,0.666012,16605,0.435592,0.055345,0,0,1,0.6600,宝安区,23,23,0,0,0,0,1
2021-02-10,589179428,20190000000000000003,900200000000000043,1,129.890,310.480,40327.333,2021-02-10 01:45:00.000,L2FT01-FTJ004,24.78,0.000,0.666012,16605,0.435592,0.055345,0,0,1,0.6600,宝安区,23,23,0,0,0,0,1
2021-02-10,589179428,20190000000000000003,900200000000000044,1,61.085,321.075,19511.250,2021-02-10 01:45:00.000,L2FT01-FTJ004,24.78,0.000,0.666012,16605,0.435592,0.055345,0,0,1,0.6600,宝安区,23,23,0,0,0,0,1
2021-02-10,589179428,20190000000000000003,900200000000000043,1,129.890,311.160,40414.000,2021-02-10 02:00:00.000,L2FT01-FTJ004,25.50,0.000,0.666012,16605,0.435592,0.055345,0,0,1,0.6600,宝安区,23,23,0,0,0,0,1
2021-02-10,589179428,20190000000000000003,900200000000000034,1,134.890,314.047,42359.333,2021-02-10 02:00:00.000,L2FT01-FTJ004,25.50,0.000,0.666012,16605,0.435592,0.055345,0,0,1,0.6600,宝安区,23,23,0,0,0,0,1
2021-02-10,589179428,20190000000000000003,900200000000000032,1,144.557,316.447,45742.667,2021-02-10 02:00:00.000,L2FT01-FTJ004,25.50,0.000,0.666012,16605,0.435592,0.055345,0,0,1,0.6600,宝安区,23,23,0,0,0,0,1
2021-02-10,589179428,20190000000000000003,900200000000000032,1,39.840,314.600,12547.500,2021-02-10 02:15:00.000,L2FT01-FTJ004,25.50,0.000,0.666012,16605,0.435592,0.055345,0,0,1,0.6600,宝安区,23,23,0,0,0,0,1
2021-02-10,589179428,20190000000000000003,900200000000000034,1,134.890,315.953,42617.333,2021-02-10 02:15:00.000,L2FT01-FTJ004,25.50,0.000,0.666012,16605,0.435592,0.055345,0,0,1,0.6600,宝安区,23,23,0,0,0,0,1
2021-02-10,589179428,20190000000000000003,900200000000000043,1,129.890,312.840,40632.667,2021-02-10 02:15:00.000,L2FT01-FTJ004,25.50,0.000,0.666012,16605,0.435592,0.055345,0,0,1,0.6600,宝安区,23,23,0,0,0,0,1
2021-02-10,589179428,20190000000000000003,900200000000000034,1,79.850,320.260,25592.000,2021-02-10 02:30:00.000,L2FT01-FTJ004,25.50,0.000,0.666012,16605,0.435592,0.055345,0,0,1,0.6600,宝安区,23,23,0,0,0,0,1
2021-02-10,589179428,20190000000000000003,900200000000000043,1,129.890,313.840,40762.667,2021-02-10 02:30:00.000,L2FT01-FTJ004,25.50,0.000,0.666012,16605,0.435592,0.055345,0,0,1,0.6600,宝安区,23,23,0,0,0,0,1
2021-02-10,589179428,20190000000000000003,900200000000000043,1,129.890,315.740,41009.333,2021-02-10 02:45:00.000,L2FT01-FTJ004,25.50,0.000,0.666012,16605,0.435592,0.055345,0,0,1,0.6600,宝安区,23,23,0,0,0,0,1
2021-02-10,589179428,20190000000000000003,900200000000000043,1,59.790,327.733,19485.000,2021-02-10 03:00:00.000,L2FT01-FTJ004,26.12,0.000,0.666012,16605,0.435592,0.055345,0,0,1,0.6600,宝安区,23,23,0,0,0,0,1
2021-02-10,589179428,20190000000000000003,900200000000000053,1,31.334,315.240,9936.000,2021-02-10 03:00:00.000,L2FT01-FTJ004,26.12,0.000,0.666012,16605,0.435592,0.055345,0,0,1,0.6600,宝安区,23,23,0,0,0,0,1
2021-02-10,589179428,20190000000000000003,900200000000000053,1,38.390,322.542,12380.833,2021-02-10 03:15:00.000,L2FT01-FTJ004,26.12,0.000,0.666012,16605,0.435592,0.055345,0,0,1,0.6600,宝安区,23,23,0,0,0,0,1
2021-02-10,589179428,20190000000000000003,900200000000000039,1,134.245,268.150,41175.000,2021-02-10 04:30:00.000,L2FT01-FTJ004,26.60,0.000,0.666012,16605,0.435592,0.055345,0,0,1,0.6600,宝安区,23,23,0,0,0,0,1
2021-02-10,589179428,20190000000000000003,900200000000000042,1,99.822,489.075,48820.000,2021-02-10 05:15:00.000,L2FT01-FTJ004,26.90,0.000,0.666012,16605,0.435592,0.055345,0,0,1,0.6600,宝安区,23,23,0,0,0,0,1
2021-02-10,589179428,20190000000000000003,900200000000000042,1,99.800,492.927,49192.667,2021-02-10 05:30:00.000,L2FT01-FTJ004,26.90,0.000,0.666012,16605,0.435592,0.055345,0,0,1,0.6600,宝安区,23,23,0,0,0,0,1
2021-02-10,589179428,20190000000000000003,900200000000000042,1,89.139,499.213,44463.333,2021-02-10 05:45:00.000,L2FT01-FTJ004,26.90,0.000,0.666012,16605,0.435592,0.055345,0,0,1,0.6600,宝安区,23,23,0,0,0,0,1
2021-02-10,589179428,20190000000000000003,900200000000000042,1,27.658,503.947,13938.667,2021-02-10 06:00:00.000,L2FT01-FTJ004,27.00,0.000,0.666012,16605,0.435592,0.055345,0,0,1,0.6600,宝安区,23,23,0,0,0,0,1
2021-02-10,589179428,20190000000000000003,900200000000000042,1,10.690,504.400,5390.000,2021-02-10 06:15:00.000,L2FT01-FTJ004,27.00,0.000,0.666012,16605,0.435592,0.055345,0,0,1,0.6600,宝安区,23,23,0,0,0,0,1
2021-02-10,589179428,20190000000000000003,900200000000000044,1,129.961,308.900,40141.111,2021-02-10 09:00:00.000,L2FT01-FTJ004,26.12,0.000,0.666012,16605,0.435592,0.055345,0,0,1,0.6600,宝安区,23,23,0,0,0,0,1
2021-02-10,589179428,20190000000000000003,900200000000000044,1,129.971,311.173,40438.667,2021-02-10 09:15:00.000,L2FT01-FTJ004,26.12,0.000,0.666012,16605,0.435592,0.055345,0,0,1,0.6600,宝安区,23,23,0,0,0,0,1
2021-02-10,589179428,20190000000000000003,900200000000000044,1,129.990,311.980,40552.000,2021-02-10 09:30:00.000,L2FT01-FTJ004,26.12,0.000,0.666012,16605,0.435592,0.055345,0,0,1,0.6600,宝安区,23,23,0,0,0,0,1
2021-02-10,589179428,20190000000000000003,900200000000000044,1,129.943,313.813,40773.333,2021-02-10 09:45:00.000,L2FT01-FTJ004,26.12,0.000,0.666012,16605,0.435592,0.055345,0,0,1,0.6600,宝安区,23,23,0,0,0,0,1
2021-02-10,589179428,20190000000000000003,900200000000000044,1,129.892,314.778,40883.333,2021-02-10 10:00:00.000,L2FT01-FTJ004,25.50,0.000,0.666012,16605,0.435592,0.055345,0,0,1,0.6600,宝安区,23,23,0,0,0,0,1
2021-02-10,589179428,20190000000000000003,900200000000000044,1,110.440,444.000,49347.273,2021-02-10 14:45:00.000,L2FT01-FTJ004,22.50,0.000,0.666012,16605,0.435592,0.055345,0,0,1,0.6600,宝安区,23,23,0,0,0,0,1
2021-02-10,589179428,20190000000000000003,900200000000000044,1,69.365,460.140,31878.667,2021-02-10 15:00:00.000,L2FT01-FTJ004,21.88,0.000,0.666012,16605,0.435592,0.055345,0,0,1,0.6600,宝安区,23,23,0,0,0,0,1
2021-02-10,589179428,20190000000000000003,900200000000000044,1,22.226,463.500,10299.091,2021-02-10 15:15:00.000,L2FT01-FTJ004,21.88,0.000,0.666012,16605,0.435592,0.055345,0,0,1,0.6600,宝安区,23,23,0,0,0,0,1
2021-02-10,589179428,20190000000000000003,900200000000000048,1,130.023,309.529,40241.429,2021-02-10 16:45:00.000,L2FT01-FTJ004,21.40,0.000,0.666012,16605,0.435592,0.055345,0,0,1,0.6600,宝安区,23,23,0,0,0,0,1
2021-02-10,589179428,20190000000000000003,900200000000000048,1,129.824,311.347,40415.333,2021-02-10 17:00:00.000,L2FT01-FTJ004,21.10,0.000,0.666012,16605,0.435592,0.055345,0,0,1,0.6600,宝安区,23,23,0,0,0,0,1
2021-02-10,589179428,20190000000000000003,900200000000000048,1,129.905,311.893,40514.000,2021-02-10 17:15:00.000,L2FT01-FTJ004,21.10,0.000,0.666012,16605,0.435592,0.055345,0,0,1,0.6600,宝安区,23,23,0,0,0,0,1
2021-02-10,589179428,20190000000000000003,900200000000000048,1,129.899,313.240,40687.333,2021-02-10 17:30:00.000,L2FT01-FTJ004,21.10,0.000,0.666012,16605,0.435592,0.055345,0,0,1,0.6600,宝安区,23,23,0,0,0,0,1
2021-02-10,589179428,20190000000000000003,900200000000000048,1,129.890,313.967,40776.667,2021-02-10 17:45:00.000,L2FT01-FTJ004,21.10,0.000,0.666012,16605,0.435592,0.055345,0,0,1,0.6600,宝安区,23,23,0,0,0,0,1
2021-02-10,589179428,20190000000000000003,900200000000000056,1,113.586,314.675,35475.000,2021-02-10 18:15:00.000,L2FT01-FTJ004,21.00,0.000,0.666012,16605,0.435592,0.055345,0,0,1,0.6600,宝安区,23,23,0,0,0,0,1
2021-02-10,589179428,20190000000000000003,900200000000000056,1,129.941,312.500,40603.333,2021-02-10 18:30:00.000,L2FT01-FTJ004,21.00,0.000,0.666012,16605,0.435592,0.055345,0,0,1,0.6600,宝安区,23,23,0,0,0,0,1
2021-02-10,589179428,20190000000000000003,900200000000000056,1,129.985,313.860,40792.667,2021-02-10 18:45:00.000,L2FT01-FTJ004,21.00,0.000,0.666012,16605,0.435592,0.055345,0,0,1,0.6600,宝安区,23,23,0,0,0,0,1
2021-02-10,589179428,20190000000000000003,900200000000000056,1,130.036,314.853,40938.667,2021-02-10 19:00:00.000,L2FT01-FTJ004,21.10,0.000,0.666012,16605,0.435592,0.055345,0,0,1,0.6600,宝安区,23,23,0,0,0,0,1
2021-02-10,589179428,20190000000000000003,900200000000000056,1,128.005,316.867,40552.000,2021-02-10 19:15:00.000,L2FT01-FTJ004,21.10,0.000,0.666012,16605,0.435592,0.055345,0,0,1,0.6600,宝安区,23,23,0,0,0,0,1
2021-02-10,589179428,20190000000000000003,900200000000000056,1,77.293,320.100,24737.500,2021-02-10 19:30:00.000,L2FT01-FTJ004,21.10,0.000,0.666012,16605,0.435592,0.055345,0,0,1,0.6600,宝安区,23,23,0,0,0,0,1
2021-02-10,589179428,20190000000000000003,900200000000000045,1,145.475,311.000,45235.000,2021-02-10 19:45:00.000,L2FT01-FTJ004,21.10,0.000,0.666012,16605,0.435592,0.055345,0,0,1,0.6600,宝安区,23,23,0,0,0,0,1
2021-02-10,589179428,20190000000000000003,900200000000000037,1,149.861,314.220,47087.000,2021-02-10 22:00:00.000,L2FT01-FTJ004,22.50,0.000,0.666012,16605,0.435592,0.055345,0,0,1,0.6600,宝安区,23,23,0,0,0,0,1
2021-02-10,589179428,20190000000000000003,900200000000000037,1,149.830,315.247,47230.667,2021-02-10 22:15:00.000,L2FT01-FTJ004,22.50,0.000,0.666012,16605,0.435592,0.055345,0,0,1,0.6600,宝安区,23,23,0,0,0,0,1
2021-02-10,589179428,20190000000000000003,900200000000000037,1,120.470,321.027,38416.000,2021-02-10 22:30:00.000,L2FT01-FTJ004,22.50,0.000,0.666012,16605,0.435592,0.055345,0,0,1,0.6600,宝安区,23,23,0,0,0,0,1
2021-02-10,589179428,20190000000000000003,900200000000000038,1,172.727,318.357,54835.714,2021-02-10 22:30:00.000,L2FT01-FTJ004,22.50,0.000,0.666012,16605,0.435592,0.055345,0,0,1,0.6600,宝安区,23,23,0,0,0,0,1
2021-02-10,589179428,20190000000000000003,900200000000000038,1,110.090,304.500,33520.000,2021-02-10 22:45:00.000,L2FT01-FTJ004,22.50,0.000,0.666012,16605,0.435592,0.055345,0,0,1,0.6600,宝安区,23,23,0,0,0,0,1
2021-02-10,589179428,20190000000000000003,900200000000000038,1,127.167,310.407,39480.000,2021-02-10 23:00:00.000,L2FT01-FTJ004,23.22,0.000,0.666012,16605,0.435592,0.055345,0,0,1,0.6600,宝安区,23,23,0,0,0,0,1
2021-02-10,589179428,20190000000000000003,900200000000000039,1,167.396,310.200,52126.000,2021-02-10 23:00:00.000,L2FT01-FTJ004,23.22,0.000,0.666012,16605,0.435592,0.055345,0,0,1,0.6600,宝安区,23,23,0,0,0,0,1
2021-02-10,589179428,20190000000000000003,900200000000000038,1,129.854,312.220,40540.000,2021-02-10 23:15:00.000,L2FT01-FTJ004,23.22,0.000,0.666012,16605,0.435592,0.055345,0,0,1,0.6600,宝安区,23,23,0,0,0,0,1
2021-02-10,589179428,20190000000000000003,900200000000000039,1,191.240,313.793,60002.000,2021-02-10 23:15:00.000,L2FT01-FTJ004,23.22,0.000,0.666012,16605,0.435592,0.055345,0,0,1,0.6600,宝安区,23,23,0,0,0,0,1
2021-02-10,589179428,20190000000000000003,900200000000000038,1,129.956,312.820,40649.333,2021-02-10 23:30:00.000,L2FT01-FTJ004,23.22,0.000,0.666012,16605,0.435592,0.055345,0,0,1,0.6600,宝安区,23,23,0,0,0,0,1
2021-02-10,589179428,20190000000000000003,900200000000000039,1,191.456,315.120,60327.333,2021-02-10 23:30:00.000,L2FT01-FTJ004,23.22,0.000,0.666012,16605,0.435592,0.055345,0,0,1,0.6600,宝安区,23,23,0,0,0,0,1
2021-02-10,589179428,20190000000000000003,900200000000000039,1,191.600,316.173,60573.333,2021-02-10 23:45:00.000,L2FT01-FTJ004,23.22,0.000,0.666012,16605,0.435592,0.055345,0,0,1,0.6600,宝安区,23,23,0,0,0,0,1
2021-02-10,589179428,20190000000000000003,900200000000000038,1,130.000,314.433,40872.000,2021-02-10 23:45:00.000,L2FT01-FTJ004,23.22,0.000,0.666012,16605,0.435592,0.055345,0,0,1,0.6600,宝安区,23,23,0,0,0,0,1
2021-02-11,589179428,20190000000000000003,900200000000000039,1,191.600,318.580,61035.333,2021-02-11 00:00:00.000,L2FT01-FTJ004,24.00,0.000,0.666012,16605,0.435592,0.055345,1,0,0,0.6600,宝安区,23,23,0,0,0,0,1
2021-02-11,589179428,20190000000000000003,900200000000000057,1,199.798,314.425,62815.000,2021-02-11 00:00:00.000,L2FT01-FTJ004,24.00,0.000,0.666012,16605,0.435592,0.055345,1,0,0,0.6600,宝安区,23,23,0,0,0,0,1
2021-02-11,589179428,20190000000000000003,900200000000000038,1,127.913,317.487,40606.000,2021-02-11 00:00:00.000,L2FT01-FTJ004,24.00,0.000,0.666012,16605,0.435592,0.055345,1,0,0,0.6600,宝安区,23,23,0,0,0,0,1
2021-02-11,589179428,20190000000000000003,900200000000000057,1,199.842,316.107,63165.333,2021-02-11 00:15:00.000,L2FT01-FTJ004,24.00,0.000,0.666012,16605,0.435592,0.055345,1,0,0,0.6600,宝安区,23,23,0,0,0,0,1
2021-02-11,589179428,20190000000000000003,900200000000000039,1,88.121,327.357,28701.429,2021-02-11 00:15:00.000,L2FT01-FTJ004,24.00,0.000,0.666012,16605,0.435592,0.055345,1,0,0,0.6600,宝安区,23,23,0,0,0,0,1
2021-02-11,589179428,20190000000000000003,900200000000000038,1,66.269,321.779,21285.714,2021-02-11 00:15:00.000,L2FT01-FTJ004,24.00,0.000,0.666012,16605,0.435592,0.055345,1,0,0,0.6600,宝安区,23,23,0,0,0,0,1
2021-02-11,589179428,20190000000000000003,900200000000000057,1,178.875,317.000,56700.667,2021-02-11 00:30:00.000,L2FT01-FTJ004,24.00,0.000,0.666012,16605,0.435592,0.055345,1,0,0,0.6600,宝安区,23,23,0,0,0,0,1
2021-02-11,589179428,20190000000000000003,900200000000000057,1,116.986,324.710,37708.000,2021-02-11 00:45:00.000,L2FT01-FTJ004,24.00,0.000,0.666012,16605,0.435592,0.055345,1,0,0,0.6600,宝安区,23,23,0,0,0,0,1
2021-02-11,589179428,20190000000000000003,900200000000000039,1,95.387,308.900,29495.000,2021-02-11 01:15:00.000,L2FT01-FTJ004,24.78,0.000,0.666012,16605,0.435592,0.055345,1,0,0,0.6600,宝安区,23,23,0,0,0,0,1
2021-02-11,589179428,20190000000000000003,900200000000000039,1,98.500,309.593,30489.333,2021-02-11 01:30:00.000,L2FT01-FTJ004,24.78,0.000,0.666012,16605,0.435592,0.055345,1,0,0,0.6600,宝安区,23,23,0,0,0,0,1
2021-02-11,589179428,20190000000000000003,900200000000000039,1,98.500,310.333,30563.333,2021-02-11 01:45:00.000,L2FT01-FTJ004,24.78,0.000,0.666012,16605,0.435592,0.055345,1,0,0,0.6600,宝安区,23,23,0,0,0,0,1
2021-02-11,589179428,20190000000000000003,900200000000000039,1,98.518,312.400,30776.000,2021-02-11 02:00:00.000,L2FT01-FTJ004,25.50,0.000,0.666012,16605,0.435592,0.055345,1,0,0,0.6600,宝安区,23,23,0,0,0,0,1
2021-02-11,589179428,20190000000000000003,900200000000000039,1,98.542,313.240,30864.000,2021-02-11 02:15:00.000,L2FT01-FTJ004,25.50,0.000,0.666012,16605,0.435592,0.055345,1,0,0,0.6600,宝安区,23,23,0,0,0,0,1
2021-02-11,589179428,20190000000000000003,900200000000000039,1,90.504,316.833,28591.333,2021-02-11 02:30:00.000,L2FT01-FTJ004,25.50,0.000,0.666012,16605,0.435592,0.055345,1,0,0,0.6600,宝安区,23,23,0,0,0,0,1
2021-02-11,589179428,20190000000000000003,900200000000000039,1,23.690,333.800,7910.000,2021-02-11 02:45:00.000,L2FT01-FTJ004,25.50,0.000,0.666012,16605,0.435592,0.055345,1,0,0,0.6600,宝安区,23,23,0,0,0,0,1
2021-02-11,589179428,20190000000000000003,900200000000000048,1,120.580,308.336,37295.000,2021-02-11 03:00:00.000,L2FT01-FTJ004,26.12,0.000,0.666012,16605,0.435592,0.055345,1,0,0,0.6600,宝安区,23,23,0,0,0,0,1
2021-02-11,589179428,20190000000000000003,900200000000000048,1,129.848,311.433,40436.000,2021-02-11 03:15:00.000,L2FT01-FTJ004,26.12,0.000,0.666012,16605,0.435592,0.055345,1,0,0,0.6600,宝安区,23,23,0,0,0,0,1
2021-02-11,589179428,20190000000000000003,900200000000000048,1,129.890,312.167,40545.333,2021-02-11 03:30:00.000,L2FT01-FTJ004,26.12,0.000,0.666012,16605,0.435592,0.055345,1,0,0,0.6600,宝安区,23,23,0,0,0,0,1
2021-02-11,589179428,20190000000000000003,900200000000000048,1,129.860,313.673,40731.333,2021-02-11 03:45:00.000,L2FT01-FTJ004,26.12,0.000,0.666012,16605,0.435592,0.055345,1,0,0,0.6600,宝安区,23,23,0,0,0,0,1
2021-02-11,589179428,20190000000000000003,900200000000000048,1,129.800,314.807,40856.667,2021-02-11 04:00:00.000,L2FT01-FTJ004,26.60,0.000,0.666012,16605,0.435592,0.055345,1,0,0,0.6600,宝安区,23,23,0,0,0,0,1
2021-02-11,589179428,20190000000000000003,900200000000000048,1,113.035,319.227,36016.000,2021-02-11 04:15:00.000,L2FT01-FTJ004,26.60,0.000,0.666012,16605,0.435592,0.055345,1,0,0,0.6600,宝安区,23,23,0,0,0,0,1
2021-02-11,589179428,20190000000000000003,900200000000000048,1,34.790,330.000,11468.750,2021-02-11 04:30:00.000,L2FT01-FTJ004,26.60,0.000,0.666012,16605,0.435592,0.055345,1,0,0,0.6600,宝安区,23,23,0,0,0,0,1
2021-02-11,589179428,20190000000000000003,900200000000000047,1,129.820,312.122,40516.667,2021-02-11 06:15:00.000,L2FT01-FTJ004,27.00,0.000,0.666012,16605,0.435592,0.055345,1,0,0,0.6600,宝安区,23,23,0,0,0,0,1
2021-02-11,589179428,20190000000000000003,900200000000000047,1,129.836,312.707,40595.333,2021-02-11 06:30:00.000,L2FT01-FTJ004,27.00,0.000,0.666012,16605,0.435592,0.055345,1,0,0,0.6600,宝安区,23,23,0,0,0,0,1
2021-02-11,589179428,20190000000000000003,900200000000000047,1,129.800,313.913,40741.333,2021-02-11 06:45:00.000,L2FT01-FTJ004,27.00,0.000,0.666012,16605,0.435592,0.055345,1,0,0,0.6600,宝安区,23,23,0,0,0,0,1
2021-02-11,589179428,20190000000000000003,900200000000000047,1,129.830,314.800,40866.000,2021-02-11 07:00:00.000,L2FT01-FTJ004,26.90,0.000,0.666012,16605,0.435592,0.055345,1,0,0,0.6600,宝安区,23,23,0,0,0,0,1
2021-02-11,589179428,20190000000000000003,900200000000000047,1,129.890,315.760,41012.667,2021-02-11 07:15:00.000,L2FT01-FTJ004,26.90,0.000,0.666012,16605,0.435592,0.055345,1,0,0,0.6600,宝安区,23,23,0,0,0,0,1
2021-02-11,589179428,20190000000000000003,900200000000000047,1,94.119,321.786,30113.571,2021-02-11 07:30:00.000,L2FT01-FTJ004,26.90,0.000,0.666012,16605,0.435592,0.055345,1,0,0,0.6600,宝安区,23,23,0,0,0,0,1
2021-02-11,589179428,20190000000000000003,900200000000000047,1,129.897,311.400,40446.667,2021-02-11 07:45:00.000,L2FT01-FTJ004,26.90,0.000,0.666012,16605,0.435592,0.055345,1,0,0,0.6600,宝安区,23,23,0,0,0,0,1
2021-02-11,589179428,20190000000000000003,900200000000000047,1,129.836,313.887,40750.000,2021-02-11 08:00:00.000,L2FT01-FTJ004,26.60,0.000,0.666012,16605,0.435592,0.055345,1,0,0,0.6600,宝安区,23,23,0,0,0,0,1
2021-02-11,589179428,20190000000000000003,900200000000000047,1,129.890,314.793,40886.667,2021-02-11 08:15:00.000,L2FT01-FTJ004,26.60,0.000,0.666012,16605,0.435592,0.055345,1,0,0,0.6600,宝安区,23,23,0,0,0,0,1
2021-02-11,589179428,20190000000000000003,900200000000000047,1,120.628,312.807,38164.286,2021-02-11 08:30:00.000,L2FT01-FTJ004,26.60,0.000,0.666012,16605,0.435592,0.055345,1,0,0,0.6600,宝安区,23,23,0,0,0,0,1
2021-02-11,589179428,20190000000000000003,900200000000000049,1,86.563,330.967,27230.000,2021-02-11 09:30:00.000,L2FT01-FTJ004,26.12,0.000,0.666012,16605,0.435592,0.055345,1,0,0,0.6600,宝安区,23,23,0,0,0,0,1
2021-02-11,589179428,20190000000000000003,900200000000000049,1,123.193,317.693,39048.667,2021-02-11 09:45:00.000,L2FT01-FTJ004,26.12,0.000,0.666012,16605,0.435592,0.055345,1,0,0,0.6600,宝安区,23,23,0,0,0,0,1
2021-02-11,589179428,20190000000000000003,900200000000000049,1,29.890,340.200,10170.000,2021-02-11 10:00:00.000,L2FT01-FTJ004,25.50,0.000,0.666012,16605,0.435592,0.055345,1,0,0,0.6600,宝安区,23,23,0,0,0,0,1
2021-02-11,589179428,20190000000000000003,900200000000000032,1,149.797,311.260,46623.333,2021-02-11 12:45:00.000,L2FT01-FTJ004,24.00,0.000,0.666012,16605,0.435592,0.055345,1,0,0,0.6600,宝安区,23,23,0,0,0,0,1
2021-02-11,589179428,20190000000000000003,900200000000000032,1,149.817,313.447,46957.333,2021-02-11 13:00:00.000,L2FT01-FTJ004,23.22,0.000,0.666012,16605,0.435592,0.055345,1,0,0,0.6600,宝安区,23,23,0,0,0,0,1
2021-02-11,589179428,20190000000000000003,900200000000000032,1,149.890,315.267,47253.333,2021-02-11 13:15:00.000,L2FT01-FTJ004,23.22,0.000,0.666012,16605,0.435592,0.055345,1,0,0,0.6600,宝安区,23,23,0,0,0,0,1
2021-02-11,589179428,20190000000000000003,900200000000000032,1,101.803,320.067,32473.333,2021-02-11 13:30:00.000,L2FT01-FTJ004,23.22,0.000,0.666012,16605,0.435592,0.055345,1,0,0,0.6600,宝安区,23,23,0,0,0,0,1
2021-02-11,589179428,20190000000000000003,900200000000000032,1,29.790,332.300,9900.000,2021-02-11 13:45:00.000,L2FT01-FTJ004,23.22,0.000,0.666012,16605,0.435592,0.055345,1,0,0,0.6600,宝安区,23,23,0,0,0,0,1
2021-02-11,589179428,20190000000000000003,900200000000000038,1,99.220,342.600,35315.000,2021-02-11 13:45:00.000,L2FT01-FTJ004,23.22,0.000,0.666012,16605,0.435592,0.055345,1,0,0,0.6600,宝安区,23,23,0,0,0,0,1
2021-02-11,589179428,20190000000000000003,900200000000000049,1,82.255,462.257,38479.286,2021-02-11 13:45:00.000,L2FT01-FTJ004,23.22,0.000,0.666012,16605,0.435592,0.055345,1,0,0,0.6600,宝安区,23,23,0,0,0,0,1
2021-02-11,589179428,20190000000000000003,900200000000000049,1,77.697,469.433,36474.167,2021-02-11 14:00:00.000,L2FT01-FTJ004,22.50,0.000,0.666012,16605,0.435592,0.055345,1,0,0,0.6600,宝安区,23,23,0,0,0,0,1
2021-02-11,589179428,20190000000000000003,900200000000000057,1,115.328,308.583,35688.333,2021-02-11 14:30:00.000,L2FT01-FTJ004,22.50,0.000,0.666012,16605,0.435592,0.055345,1,0,0,0.6600,宝安区,23,23,0,0,0,0,1
2021-02-11,589179428,20190000000000000003,900200000000000057,1,129.854,311.200,40408.000,2021-02-11 14:45:00.000,L2FT01-FTJ004,22.50,0.000,0.666012,16605,0.435592,0.055345,1,0,0,0.6600,宝安区,23,23,0,0,0,0,1
2021-02-11,589179428,20190000000000000003,900200000000000057,1,129.890,311.847,40503.333,2021-02-11 15:00:00.000,L2FT01-FTJ004,21.88,0.000,0.666012,16605,0.435592,0.055345,1,0,0,0.6600,宝安区,23,23,0,0,0,0,1
2021-02-11,589179428,20190000000000000003,900200000000000057,1,129.890,313.727,40748.000,2021-02-11 15:15:00.000,L2FT01-FTJ004,21.88,0.000,0.666012,16605,0.435592,0.055345,1,0,0,0.6600,宝安区,23,23,0,0,0,0,1
2021-02-11,589179428,20190000000000000003,900200000000000057,1,129.890,314.940,40906.000,2021-02-11 15:30:00.000,L2FT01-FTJ004,21.88,0.000,0.666012,16605,0.435592,0.055345,1,0,0,0.6600,宝安区,23,23,0,0,0,0,1
2021-02-11,589179428,20190000000000000003,900200000000000057,1,119.223,318.953,37943.333,2021-02-11 15:45:00.000,L2FT01-FTJ004,21.88,0.000,0.666012,16605,0.435592,0.055345,1,0,0,0.6600,宝安区,23,23,0,0,0,0,1
2021-02-11,589179428,20190000000000000003,900200000000000057,1,29.840,333.100,9940.000,2021-02-11 16:00:00.000,L2FT01-FTJ004,21.40,0.000,0.666012,16605,0.435592,0.055345,1,0,0,0.6600,宝安区,23,23,0,0,0,0,1
2021-02-11,589179428,20190000000000000003,900200000000000035,1,174.254,361.643,63020.714,2021-02-11 16:15:00.000,L2FT01-FTJ004,21.40,0.000,0.666012,16605,0.435592,0.055345,1,0,0,0.6600,宝安区,23,23,0,0,0,0,1
2021-02-11,589179428,20190000000000000003,900200000000000035,1,164.845,367.750,60615.000,2021-02-11 16:30:00.000,L2FT01-FTJ004,21.40,0.000,0.666012,16605,0.435592,0.055345,1,0,0,0.6600,宝安区,23,23,0,0,0,0,1
2021-02-11,589179428,20190000000000000003,900200000000000044,1,111.309,307.514,34391.429,2021-02-11 17:15:00.000,L2FT01-FTJ004,21.10,0.000,0.666012,16605,0.435592,0.055345,1,0,0,0.6600,宝安区,23,23,0,0,0,0,1
2021-02-11,589179428,20190000000000000003,900200000000000044,1,129.999,310.673,40385.333,2021-02-11 17:30:00.000,L2FT01-FTJ004,21.10,0.000,0.666012,16605,0.435592,0.055345,1,0,0,0.6600,宝安区,23,23,0,0,0,0,1
2021-02-11,589179428,20190000000000000003,900200000000000053,1,122.722,307.485,37732.308,2021-02-11 17:45:00.000,L2FT01-FTJ004,21.10,0.000,0.666012,16605,0.435592,0.055345,1,0,0,0.6600,宝安区,23,23,0,0,0,0,1
2021-02-11,589179428,20190000000000000003,900200000000000044,1,129.971,311.207,40443.333,2021-02-11 17:45:00.000,L2FT01-FTJ004,21.10,0.000,0.666012,16605,0.435592,0.055345,1,0,0,0.6600,宝安区,23,23,0,0,0,0,1
2021-02-11,589179428,20190000000000000003,900200000000000044,1,129.993,313.040,40689.333,2021-02-11 18:00:00.000,L2FT01-FTJ004,21.00,0.000,0.666012,16605,0.435592,0.055345,1,0,0,0.6600,宝安区,23,23,0,0,0,0,1
2021-02-11,589179428,20190000000000000003,900200000000000053,1,122.690,309.713,37999.333,2021-02-11 18:00:00.000,L2FT01-FTJ004,21.00,0.000,0.666012,16605,0.435592,0.055345,1,0,0,0.6600,宝安区,23,23,0,0,0,0,1
2021-02-11,589179428,20190000000000000003,900200000000000044,1,129.985,314.833,40919.333,2021-02-11 18:15:00.000,L2FT01-FTJ004,21.00,0.000,0.666012,16605,0.435592,0.055345,1,0,0,0.6600,宝安区,23,23,0,0,0,0,1
2021-02-11,589179428,20190000000000000003,900200000000000053,1,122.712,310.213,38064.000,2021-02-11 18:15:00.000,L2FT01-FTJ004,21.00,0.000,0.666012,16605,0.435592,0.055345,1,0,0,0.6600,宝安区,23,23,0,0,0,0,1
2021-02-11,589179428,20190000000000000003,900200000000000044,1,95.901,316.140,30314.000,2021-02-11 18:30:00.000,L2FT01-FTJ004,21.00,0.000,0.666012,16605,0.435592,0.055345,1,0,0,0.6600,宝安区,23,23,0,0,0,0,1
2021-02-11,589179428,20190000000000000003,900200000000000053,1,122.800,311.767,38280.000,2021-02-11 18:30:00.000,L2FT01-FTJ004,21.00,0.000,0.666012,16605,0.435592,0.055345,1,0,0,0.6600,宝安区,23,23,0,0,0,0,1
2021-02-11,589179428,20190000000000000003,900200000000000053,1,122.830,313.073,38450.667,2021-02-11 18:45:00.000,L2FT01-FTJ004,21.00,0.000,0.666012,16605,0.435592,0.055345,1,0,0,0.6600,宝安区,23,23,0,0,0,0,1
2021-02-11,589179428,20190000000000000003,900200000000000044,1,43.872,319.340,14282.000,2021-02-11 18:45:00.000,L2FT01-FTJ004,21.00,0.000,0.666012,16605,0.435592,0.055345,1,0,0,0.6600,宝安区,23,23,0,0,0,0,1
2021-02-11,589179428,20190000000000000003,900200000000000053,1,122.818,313.847,38542.000,2021-02-11 19:00:00.000,L2FT01-FTJ004,21.10,0.000,0.666012,16605,0.435592,0.055345,1,0,0,0.6600,宝安区,23,23,0,0,0,0,1
2021-02-11,589179428,20190000000000000003,900200000000000053,1,122.791,315.140,38692.000,2021-02-11 19:15:00.000,L2FT01-FTJ004,21.10,0.000,0.666012,16605,0.435592,0.055345,1,0,0,0.6600,宝安区,23,23,0,0,0,0,1
2021-02-11,589179428,20190000000000000003,900200000000000053,1,89.264,322.210,28584.000,2021-02-11 19:30:00.000,L2FT01-FTJ004,21.10,0.000,0.666012,16605,0.435592,0.055345,1,0,0,0.6600,宝安区,23,23,0,0,0,0,1
2021-02-12,589179428,20190000000000000003,900200000000000045,1,129.822,303.292,39369.231,2021-02-12 01:00:00.000,L2FT01-FTJ004,24.78,0.000,0.666012,16605,0.435592,0.055345,1,0,0,0.6600,宝安区,23,23,0,0,0,0,1
2021-02-12,589179428,20190000000000000003,900200000000000045,1,129.884,308.360,40049.333,2021-02-12 01:15:00.000,L2FT01-FTJ004,24.78,0.000,0.666012,16605,0.435592,0.055345,1,0,0,0.6600,宝安区,23,23,0,0,0,0,1
2021-02-12,589179428,20190000000000000003,900200000000000045,1,129.873,310.800,40361.333,2021-02-12 01:30:00.000,L2FT01-FTJ004,24.78,0.000,0.666012,16605,0.435592,0.055345,1,0,0,0.6600,宝安区,23,23,0,0,0,0,1
2021-02-12,589179428,20190000000000000003,900200000000000045,1,129.872,311.733,40482.667,2021-02-12 01:45:00.000,L2FT01-FTJ004,24.78,0.000,0.666012,16605,0.435592,0.055345,1,0,0,0.6600,宝安区,23,23,0,0,0,0,1
2021-02-12,589179428,20190000000000000003,900200000000000045,1,129.941,313.320,40710.000,2021-02-12 02:00:00.000,L2FT01-FTJ004,25.50,0.000,0.666012,16605,0.435592,0.055345,1,0,0,0.6600,宝安区,23,23,0,0,0,0,1
2021-02-12,589179428,20190000000000000003,900200000000000045,1,129.941,314.380,40848.667,2021-02-12 02:15:00.000,L2FT01-FTJ004,25.50,0.000,0.666012,16605,0.435592,0.055345,1,0,0,0.6600,宝安区,23,23,0,0,0,0,1
2021-02-12,589179428,20190000000000000003,900200000000000045,1,129.919,315.820,41029.333,2021-02-12 02:30:00.000,L2FT01-FTJ004,25.50,0.000,0.666012,16605,0.435592,0.055345,1,0,0,0.6600,宝安区,23,23,0,0,0,0,1
2021-02-12,589179428,20190000000000000003,900200000000000030,1,50.390,319.200,16080.000,2021-02-12 02:30:00.000,L2FT01-FTJ004,25.50,0.000,0.666012,16605,0.435592,0.055345,1,0,0,0.6600,宝安区,23,23,0,0,0,0,1
2021-02-12,589179428,20190000000000000003,900200000000000030,0,0.000,319.500,0.000,2021-02-12 02:45:00.000,L2FT01-FTJ004,25.50,0.000,0.666012,16605,0.435592,0.055345,1,0,0,0.6600,宝安区,23,23,0,0,0,0,1
2021-02-12,589179428,20190000000000000003,900200000000000045,1,84.180,314.943,27070.000,2021-02-12 02:45:00.000,L2FT01-FTJ004,25.50,0.000,0.666012,16605,0.435592,0.055345,1,0,0,0.6600,宝安区,23,23,0,0,0,0,1
2021-02-12,589179428,20190000000000000003,900200000000000049,1,129.845,311.100,40392.500,2021-02-12 04:45:00.000,L2FT01-FTJ004,26.60,0.000,0.666012,16605,0.435592,0.055345,1,0,0,0.6600,宝安区,23,23,0,0,0,0,1
2021-02-12,589179428,20190000000000000003,900200000000000049,1,129.928,311.327,40446.000,2021-02-12 05:00:00.000,L2FT01-FTJ004,26.90,0.000,0.666012,16605,0.435592,0.055345,1,0,0,0.6600,宝安区,23,23,0,0,0,0,1
2021-02-12,589179428,20190000000000000003,900200000000000049,1,130.054,312.840,40682.667,2021-02-12 05:15:00.000,L2FT01-FTJ004,26.90,0.000,0.666012,16605,0.435592,0.055345,1,0,0,0.6600,宝安区,23,23,0,0,0,0,1
2021-02-12,589179428,20190000000000000003,900200000000000049,1,130.060,314.507,40902.000,2021-02-12 05:30:00.000,L2FT01-FTJ004,26.90,0.000,0.666012,16605,0.435592,0.055345,1,0,0,0.6600,宝安区,23,23,0,0,0,0,1
2021-02-12,589179428,20190000000000000003,900200000000000049,1,130.036,316.147,41106.667,2021-02-12 05:45:00.000,L2FT01-FTJ004,26.90,0.000,0.666012,16605,0.435592,0.055345,1,0,0,0.6600,宝安区,23,23,0,0,0,0,1
2021-02-12,589179428,20190000000000000003,900200000000000049,1,109.973,318.600,35035.000,2021-02-12 06:00:00.000,L2FT01-FTJ004,27.00,0.000,0.666012,16605,0.435592,0.055345,1,0,0,0.6600,宝安区,23,23,0,0,0,0,1
2021-02-12,589179428,20190000000000000003,900200000000000048,1,114.624,417.377,47886.154,2021-02-12 09:15:00.000,L2FT01-FTJ004,26.12,0.000,0.666012,16605,0.435592,0.055345,1,0,0,0.6600,宝安区,23,23,0,0,0,0,1
2021-02-12,589179428,20190000000000000003,900200000000000048,1,129.913,428.087,55612.000,2021-02-12 09:30:00.000,L2FT01-FTJ004,26.12,0.000,0.666012,16605,0.435592,0.055345,1,0,0,0.6600,宝安区,23,23,0,0,0,0,1
2021-02-12,589179428,20190000000000000003,900200000000000047,1,129.900,312.000,40525.000,2021-02-12 09:45:00.000,L2FT01-FTJ004,26.12,0.000,0.666012,16605,0.435592,0.055345,1,0,0,0.6600,宝安区,23,23,0,0,0,0,1
2021-02-12,589179428,20190000000000000003,900200000000000048,1,127.917,449.180,57435.333,2021-02-12 09:45:00.000,L2FT01-FTJ004,26.12,0.000,0.666012,16605,0.435592,0.055345,1,0,0,0.6600,宝安区,23,23,0,0,0,0,1
2021-02-12,589179428,20190000000000000003,900200000000000047,1,129.823,315.447,40947.333,2021-02-12 10:00:00.000,L2FT01-FTJ004,25.50,0.000,0.666012,16605,0.435592,0.055345,1,0,0,0.6600,宝安区,23,23,0,0,0,0,1
2021-02-12,589179428,20190000000000000003,900200000000000048,1,63.311,464.813,29390.000,2021-02-12 10:00:00.000,L2FT01-FTJ004,25.50,0.000,0.666012,16605,0.435592,0.055345,1,0,0,0.6600,宝安区,23,23,0,0,0,0,1
2021-02-12,589179428,20190000000000000003,900200000000000047,1,129.824,318.620,41360.667,2021-02-12 10:15:00.000,L2FT01-FTJ004,25.50,0.000,0.666012,16605,0.435592,0.055345,1,0,0,0.6600,宝安区,23,23,0,0,0,0,1
2021-02-12,589179428,20190000000000000003,900200000000000048,1,21.418,461.464,10021.818,2021-02-12 10:15:00.000,L2FT01-FTJ004,25.50,0.000,0.666012,16605,0.435592,0.055345,1,0,0,0.6600,宝安区,23,23,0,0,0,0,1
2021-02-12,589179428,20190000000000000003,900200000000000047,1,109.830,322.633,35436.667,2021-02-12 10:30:00.000,L2FT01-FTJ004,25.50,0.000,0.666012,16605,0.435592,0.055345,1,0,0,0.6600,宝安区,23,23,0,0,0,0,1
2021-02-12,589179428,20190000000000000003,900200000000000049,1,58.969,380.944,22471.111,2021-02-12 11:00:00.000,L2FT01-FTJ004,24.78,0.000,0.666012,16605,0.435592,0.055345,1,0,0,0.6600,宝安区,23,23,0,0,0,0,1
2021-02-12,589179428,20190000000000000003,900200000000000049,1,49.377,390.140,19260.000,2021-02-12 11:15:00.000,L2FT01-FTJ004,24.78,0.000,0.666012,16605,0.435592,0.055345,1,0,0,0.6600,宝安区,23,23,0,0,0,0,1
2021-02-12,589179428,20190000000000000003,900200000000000049,1,24.758,396.073,9809.333,2021-02-12 11:30:00.000,L2FT01-FTJ004,24.78,0.000,0.666012,16605,0.435592,0.055345,1,0,0,0.6600,宝安区,23,23,0,0,0,0,1
2021-02-12,589179428,20190000000000000003,900200000000000050,1,129.805,310.854,40347.692,2021-02-12 11:30:00.000,L2FT01-FTJ004,24.78,0.000,0.666012,16605,0.435592,0.055345,1,0,0,0.6600,宝安区,23,23,0,0,0,0,1
2021-02-12,589179428,20190000000000000003,900200000000000049,1,19.023,399.450,7593.750,2021-02-12 11:45:00.000,L2FT01-FTJ004,24.78,0.000,0.666012,16605,0.435592,0.055345,1,0,0,0.6600,宝安区,23,23,0,0,0,0,1
2021-02-12,589179428,20190000000000000003,900200000000000050,1,129.848,312.560,40580.667,2021-02-12 11:45:00.000,L2FT01-FTJ004,24.78,0.000,0.666012,16605,0.435592,0.055345,1,0,0,0.6600,宝安区,23,23,0,0,0,0,1
2021-02-12,589179428,20190000000000000003,900200000000000050,1,129.890,313.013,40654.667,2021-02-12 12:00:00.000,L2FT01-FTJ004,24.00,0.000,0.666012,16605,0.435592,0.055345,1,0,0,0.6600,宝安区,23,23,0,0,0,0,1
2021-02-12,589179428,20190000000000000003,900200000000000050,1,129.890,314.373,40832.000,2021-02-12 12:15:00.000,L2FT01-FTJ004,24.00,0.000,0.666012,16605,0.435592,0.055345,1,0,0,0.6600,宝安区,23,23,0,0,0,0,1
2021-02-12,589179428,20190000000000000003,900200000000000050,1,129.890,315.400,40965.000,2021-02-12 12:30:00.000,L2FT01-FTJ004,24.00,0.000,0.666012,16605,0.435592,0.055345,1,0,0,0.6600,宝安区,23,23,0,0,0,0,1
2021-02-12,589179428,20190000000000000003,900200000000000040,1,116.090,307.800,35730.000,2021-02-12 12:30:00.000,L2FT01-FTJ004,24.00,0.000,0.666012,16605,0.435592,0.055345,1,0,0,0.6600,宝安区,23,23,0,0,0,0,1
2021-02-12,589179428,20190000000000000003,900200000000000040,1,129.878,315.120,40926.667,2021-02-12 12:45:00.000,L2FT01-FTJ004,24.00,0.000,0.666012,16605,0.435592,0.055345,1,0,0,0.6600,宝安区,23,23,0,0,0,0,1
2021-02-12,589179428,20190000000000000003,900200000000000040,1,129.947,316.253,41094.000,2021-02-12 13:00:00.000,L2FT01-FTJ004,23.22,0.000,0.666012,16605,0.435592,0.055345,1,0,0,0.6600,宝安区,23,23,0,0,0,0,1
2021-02-12,589179428,20190000000000000003,900200000000000040,1,82.067,324.675,26530.000,2021-02-12 13:15:00.000,L2FT01-FTJ004,23.22,0.000,0.666012,16605,0.435592,0.055345,1,0,0,0.6600,宝安区,23,23,0,0,0,0,1
2021-02-12,589179428,20190000000000000003,900200000000000042,1,59.284,329.507,19580.714,2021-02-12 15:15:00.000,L2FT01-FTJ004,21.88,0.000,0.666012,16605,0.435592,0.055345,1,0,0,0.6600,宝安区,23,23,0,0,0,0,1
2021-02-12,589179428,20190000000000000003,900200000000000042,1,52.390,330.160,17296.667,2021-02-12 15:30:00.000,L2FT01-FTJ004,21.88,0.000,0.666012,16605,0.435592,0.055345,1,0,0,0.6600,宝安区,23,23,0,0,0,0,1
2021-02-12,589179428,20190000000000000003,900200000000000042,1,16.049,327.327,5284.000,2021-02-12 15:45:00.000,L2FT01-FTJ004,21.88,0.000,0.666012,16605,0.435592,0.055345,1,0,0,0.6600,宝安区,23,23,0,0,0,0,1
2021-02-12,589179428,20190000000000000003,900200000000000044,0,0.000,200.000,0.000,2021-02-12 15:45:00.000,L2FT01-FTJ004,21.88,0.000,0.666012,16605,0.435592,0.055345,1,0,0,0.6600,宝安区,23,23,0,0,0,0,1
2021-02-12,589179428,20190000000000000003,900200000000000042,1,10.500,333.200,3495.000,2021-02-12 16:00:00.000,L2FT01-FTJ004,21.40,0.000,0.666012,16605,0.435592,0.055345,1,0,0,0.6600,宝安区,23,23,0,0,0,0,1
2021-02-12,589179428,20190000000000000003,900200000000000043,1,86.563,324.133,27166.667,2021-02-12 17:00:00.000,L2FT01-FTJ004,21.10,0.000,0.666012,16605,0.435592,0.055345,1,0,0,0.6600,宝安区,23,23,0,0,0,0,1
2021-02-12,589179428,20190000000000000003,900200000000000043,1,129.806,314.440,40808.667,2021-02-12 17:15:00.000,L2FT01-FTJ004,21.10,0.000,0.666012,16605,0.435592,0.055345,1,0,0,0.6600,宝安区,23,23,0,0,0,0,1
2021-02-12,589179428,20190000000000000003,900200000000000043,1,112.041,319.044,35566.667,2021-02-12 17:30:00.000,L2FT01-FTJ004,21.10,0.000,0.666012,16605,0.435592,0.055345,1,0,0,0.6600,宝安区,23,23,0,0,0,0,1
2021-02-12,589179428,20190000000000000003,900200000000000056,1,149.995,376.700,56500.000,2021-02-12 18:15:00.000,L2FT01-FTJ004,21.00,0.000,0.666012,16605,0.435592,0.055345,1,0,0,0.6600,宝安区,23,23,0,0,0,0,1
2021-02-12,589179428,20190000000000000003,900200000000000056,1,141.350,391.827,55313.333,2021-02-12 18:30:00.000,L2FT01-FTJ004,21.00,0.000,0.666012,16605,0.435592,0.055345,1,0,0,0.6600,宝安区,23,23,0,0,0,0,1
2021-02-12,589179428,20190000000000000003,900200000000000056,1,38.807,401.020,15555.333,2021-02-12 18:45:00.000,L2FT01-FTJ004,21.00,0.000,0.666012,16605,0.435592,0.055345,1,0,0,0.6600,宝安区,23,23,0,0,0,0,1
2021-02-12,589179428,20190000000000000003,900200000000000056,1,11.309,402.043,4544.286,2021-02-12 19:00:00.000,L2FT01-FTJ004,21.10,0.000,0.666012,16605,0.435592,0.055345,1,0,0,0.6600,宝安区,23,23,0,0,0,0,1
2021-02-12,589179428,20190000000000000003,900200000000000056,1,150.104,313.300,47024.286,2021-02-12 19:15:00.000,L2FT01-FTJ004,21.10,0.000,0.666012,16605,0.435592,0.055345,1,0,0,0.6600,宝安区,23,23,0,0,0,0,1
2021-02-12,589179428,20190000000000000003,900200000000000056,1,149.921,314.633,47168.000,2021-02-12 19:30:00.000,L2FT01-FTJ004,21.10,0.000,0.666012,16605,0.435592,0.055345,1,0,0,0.6600,宝安区,23,23,0,0,0,0,1
2021-02-12,589179428,20190000000000000003,900200000000000056,1,150.000,315.420,47310.000,2021-02-12 19:45:00.000,L2FT01-FTJ004,21.10,0.000,0.666012,16605,0.435592,0.055345,1,0,0,0.6600,宝安区,23,23,0,0,0,0,1
2021-02-12,589179428,20190000000000000003,900200000000000044,1,141.024,303.310,42840.000,2021-02-12 22:15:00.000,L2FT01-FTJ004,22.50,0.000,0.666012,16605,0.435592,0.055345,1,0,0,0.6600,宝安区,23,23,0,0,0,0,1
2021-02-12,589179428,20190000000000000003,900200000000000044,1,150.047,309.113,46379.333,2021-02-12 22:30:00.000,L2FT01-FTJ004,22.50,0.000,0.666012,16605,0.435592,0.055345,1,0,0,0.6600,宝安区,23,23,0,0,0,0,1
2021-02-12,589179428,20190000000000000003,900200000000000044,1,150.027,311.347,46707.333,2021-02-12 22:45:00.000,L2FT01-FTJ004,22.50,0.000,0.666012,16605,0.435592,0.055345,1,0,0,0.6600,宝安区,23,23,0,0,0,0,1
2021-02-12,589179428,20190000000000000003,900200000000000044,1,150.045,312.853,46938.000,2021-02-12 23:00:00.000,L2FT01-FTJ004,23.22,0.000,0.666012,16605,0.435592,0.055345,1,0,0,0.6600,宝安区,23,23,0,0,0,0,1
2021-02-12,589179428,20190000000000000003,900200000000000044,1,150.000,314.460,47166.667,2021-02-12 23:15:00.000,L2FT01-FTJ004,23.22,0.000,0.666012,16605,0.435592,0.055345,1,0,0,0.6600,宝安区,23,23,0,0,0,0,1
2021-02-12,589179428,20190000000000000003,900200000000000044,1,150.000,315.347,47298.667,2021-02-12 23:30:00.000,L2FT01-FTJ004,23.22,0.000,0.666012,16605,0.435592,0.055345,1,0,0,0.6600,宝安区,23,23,0,0,0,0,1
2021-02-12,589179428,20190000000000000003,900200000000000044,1,150.000,317.207,47578.667,2021-02-12 23:45:00.000,L2FT01-FTJ004,23.22,0.000,0.666012,16605,0.435592,0.055345,1,0,0,0.6600,宝安区,23,23,0,0,0,0,1
2021-02-13,589179428,20190000000000000003,900200000000000044,1,79.793,327.233,25901.667,2021-02-13 00:00:00.000,L2FT01-FTJ004,24.00,0.000,0.666012,16605,0.435592,0.055345,1,0,0,0.6600,宝安区,23,23,0,0,0,0,1
2021-02-13,589179428,20190000000000000003,900200000000000037,1,149.957,310.617,46576.667,2021-02-13 01:00:00.000,L2FT01-FTJ004,24.78,0.000,0.666012,16605,0.435592,0.055345,1,0,0,0.6600,宝安区,23,23,0,0,0,0,1
2021-02-13,589179428,20190000000000000003,900200000000000037,1,149.857,311.847,46730.000,2021-02-13 01:15:00.000,L2FT01-FTJ004,24.78,0.000,0.666012,16605,0.435592,0.055345,1,0,0,0.6600,宝安区,23,23,0,0,0,0,1
2021-02-13,589179428,20190000000000000003,900200000000000037,1,149.870,313.380,46963.333,2021-02-13 01:30:00.000,L2FT01-FTJ004,24.78,0.000,0.666012,16605,0.435592,0.055345,1,0,0,0.6600,宝安区,23,23,0,0,0,0,1
2021-02-13,589179428,20190000000000000003,900200000000000037,1,149.843,314.673,47149.333,2021-02-13 01:45:00.000,L2FT01-FTJ004,24.78,0.000,0.666012,16605,0.435592,0.055345,1,0,0,0.6600,宝安区,23,23,0,0,0,0,1
2021-02-13,589179428,20190000000000000003,900200000000000037,1,149.890,316.053,47370.667,2021-02-13 02:00:00.000,L2FT01-FTJ004,25.50,0.000,0.666012,16605,0.435592,0.055345,1,0,0,0.6600,宝安区,23,23,0,0,0,0,1
2021-02-13,589179428,20190000000000000003,900200000000000037,1,109.854,323.173,35232.727,2021-02-13 02:15:00.000,L2FT01-FTJ004,25.50,0.000,0.666012,16605,0.435592,0.055345,1,0,0,0.6600,宝安区,23,23,0,0,0,0,1
2021-02-13,589179428,20190000000000000003,900200000000000057,1,119.793,325.600,38783.333,2021-02-13 02:30:00.000,L2FT01-FTJ004,25.50,0.000,0.666012,16605,0.435592,0.055345,1,0,0,0.6600,宝安区,23,23,0,0,0,0,1
2021-02-13,589179428,20190000000000000003,900200000000000036,1,149.926,308.744,46286.667,2021-02-13 02:45:00.000,L2FT01-FTJ004,25.50,0.000,0.666012,16605,0.435592,0.055345,1,0,0,0.6600,宝安区,23,23,0,0,0,0,1
2021-02-13,589179428,20190000000000000003,900200000000000057,1,29.790,336.000,10010.000,2021-02-13 02:45:00.000,L2FT01-FTJ004,25.50,0.000,0.666012,16605,0.435592,0.055345,1,0,0,0.6600,宝安区,23,23,0,0,0,0,1
2021-02-13,589179428,20190000000000000003,900200000000000036,1,149.891,311.060,46622.000,2021-02-13 03:00:00.000,L2FT01-FTJ004,26.12,0.000,0.666012,16605,0.435592,0.055345,1,0,0,0.6600,宝安区,23,23,0,0,0,0,1
2021-02-13,589179428,20190000000000000003,900200000000000036,1,150.000,312.027,46801.333,2021-02-13 03:15:00.000,L2FT01-FTJ004,26.12,0.000,0.666012,16605,0.435592,0.055345,1,0,0,0.6600,宝安区,23,23,0,0,0,0,1
2021-02-13,589179428,20190000000000000003,900200000000000036,1,150.100,313.647,47074.000,2021-02-13 03:30:00.000,L2FT01-FTJ004,26.12,0.000,0.666012,16605,0.435592,0.055345,1,0,0,0.6600,宝安区,23,23,0,0,0,0,1
2021-02-13,589179428,20190000000000000003,900200000000000036,1,150.100,314.773,47243.333,2021-02-13 03:45:00.000,L2FT01-FTJ004,26.12,0.000,0.666012,16605,0.435592,0.055345,1,0,0,0.6600,宝安区,23,23,0,0,0,0,1
2021-02-13,589179428,20190000000000000003,900200000000000036,1,150.052,316.273,47455.333,2021-02-13 04:00:00.000,L2FT01-FTJ004,26.60,0.000,0.666012,16605,0.435592,0.055345,1,0,0,0.6600,宝安区,23,23,0,0,0,0,1
2021-02-13,589179428,20190000000000000003,900200000000000036,1,105.437,323.267,33857.778,2021-02-13 04:15:00.000,L2FT01-FTJ004,26.60,0.000,0.666012,16605,0.435592,0.055345,1,0,0,0.6600,宝安区,23,23,0,0,0,0,1
2021-02-13,589179428,20190000000000000003,900200000000000036,1,129.870,307.111,39882.222,2021-02-13 04:30:00.000,L2FT01-FTJ004,26.60,0.000,0.666012,16605,0.435592,0.055345,1,0,0,0.6600,宝安区,23,23,0,0,0,0,1
2021-02-13,589179428,20190000000000000003,900200000000000036,1,129.890,310.427,40318.000,2021-02-13 04:45:00.000,L2FT01-FTJ004,26.60,0.000,0.666012,16605,0.435592,0.055345,1,0,0,0.6600,宝安区,23,23,0,0,0,0,1
2021-02-13,589179428,20190000000000000003,900200000000000036,1,129.890,310.993,40393.333,2021-02-13 05:00:00.000,L2FT01-FTJ004,26.90,0.000,0.666012,16605,0.435592,0.055345,1,0,0,0.6600,宝安区,23,23,0,0,0,0,1
2021-02-13,589179428,20190000000000000003,900200000000000036,1,129.890,312.073,40533.333,2021-02-13 05:15:00.000,L2FT01-FTJ004,26.90,0.000,0.666012,16605,0.435592,0.055345,1,0,0,0.6600,宝安区,23,23,0,0,0,0,1
2021-02-13,589179428,20190000000000000003,900200000000000045,1,119.051,306.517,36871.667,2021-02-13 05:15:00.000,L2FT01-FTJ004,26.90,0.000,0.666012,16605,0.435592,0.055345,1,0,0,0.6600,宝安区,23,23,0,0,0,0,1
2021-02-13,589179428,20190000000000000003,900200000000000036,1,129.890,313.447,40712.000,2021-02-13 05:30:00.000,L2FT01-FTJ004,26.90,0.000,0.666012,16605,0.435592,0.055345,1,0,0,0.6600,宝安区,23,23,0,0,0,0,1
2021-02-13,589179428,20190000000000000003,900200000000000045,1,129.905,310.573,40342.667,2021-02-13 05:30:00.000,L2FT01-FTJ004,26.90,0.000,0.666012,16605,0.435592,0.055345,1,0,0,0.6600,宝安区,23,23,0,0,0,0,1
2021-02-13,589179428,20190000000000000003,900200000000000036,1,129.956,314.253,40836.000,2021-02-13 05:45:00.000,L2FT01-FTJ004,26.90,0.000,0.666012,16605,0.435592,0.055345,1,0,0,0.6600,宝安区,23,23,0,0,0,0,1
2021-02-13,589179428,20190000000000000003,900200000000000045,1,129.956,311.567,40486.667,2021-02-13 05:45:00.000,L2FT01-FTJ004,26.90,0.000,0.666012,16605,0.435592,0.055345,1,0,0,0.6600,宝安区,23,23,0,0,0,0,1
2021-02-13,589179428,20190000000000000003,900200000000000036,1,129.890,315.467,40974.000,2021-02-13 06:00:00.000,L2FT01-FTJ004,27.00,0.000,0.666012,16605,0.435592,0.055345,1,0,0,0.6600,宝安区,23,23,0,0,0,0,1
2021-02-13,589179428,20190000000000000003,900200000000000045,1,129.890,312.980,40650.667,2021-02-13 06:00:00.000,L2FT01-FTJ004,27.00,0.000,0.666012,16605,0.435592,0.055345,1,0,0,0.6600,宝安区,23,23,0,0,0,0,1
2021-02-13,589179428,20190000000000000003,900200000000000036,1,110.850,321.130,35460.000,2021-02-13 06:15:00.000,L2FT01-FTJ004,27.00,0.000,0.666012,16605,0.435592,0.055345,1,0,0,0.6600,宝安区,23,23,0,0,0,0,1
2021-02-13,589179428,20190000000000000003,900200000000000045,1,132.429,313.953,41572.667,2021-02-13 06:15:00.000,L2FT01-FTJ004,27.00,0.000,0.666012,16605,0.435592,0.055345,1,0,0,0.6600,宝安区,23,23,0,0,0,0,1
2021-02-13,589179428,20190000000000000003,900200000000000045,1,130.024,315.153,40973.333,2021-02-13 06:30:00.000,L2FT01-FTJ004,27.00,0.000,0.666012,16605,0.435592,0.055345,1,0,0,0.6600,宝安区,23,23,0,0,0,0,1
2021-02-13,589179428,20190000000000000003,900200000000000056,1,150.204,309.682,46510.909,2021-02-13 06:30:00.000,L2FT01-FTJ004,27.00,0.000,0.666012,16605,0.435592,0.055345,1,0,0,0.6600,宝安区,23,23,0,0,0,0,1
2021-02-13,589179428,20190000000000000003,900200000000000045,1,103.937,318.400,33055.000,2021-02-13 06:45:00.000,L2FT01-FTJ004,27.00,0.000,0.666012,16605,0.435592,0.055345,1,0,0,0.6600,宝安区,23,23,0,0,0,0,1
2021-02-13,589179428,20190000000000000003,900200000000000056,1,150.060,311.240,46700.667,2021-02-13 06:45:00.000,L2FT01-FTJ004,27.00,0.000,0.666012,16605,0.435592,0.055345,1,0,0,0.6600,宝安区,23,23,0,0,0,0,1
2021-02-13,589179428,20190000000000000003,900200000000000056,1,150.053,312.540,46894.000,2021-02-13 07:00:00.000,L2FT01-FTJ004,26.90,0.000,0.666012,16605,0.435592,0.055345,1,0,0,0.6600,宝安区,23,23,0,0,0,0,1
2021-02-13,589179428,20190000000000000003,900200000000000057,1,171.654,314.080,54084.000,2021-02-13 07:00:00.000,L2FT01-FTJ004,26.90,0.000,0.666012,16605,0.435592,0.055345,1,0,0,0.6600,宝安区,23,23,0,0,0,0,1
2021-02-13,589179428,20190000000000000003,900200000000000057,1,199.890,316.000,63160.000,2021-02-13 07:15:00.000,L2FT01-FTJ004,26.90,0.000,0.666012,16605,0.435592,0.055345,1,0,0,0.6600,宝安区,23,23,0,0,0,0,1
2021-02-13,589179428,20190000000000000003,900200000000000056,1,150.100,313.993,47126.000,2021-02-13 07:15:00.000,L2FT01-FTJ004,26.90,0.000,0.666012,16605,0.435592,0.055345,1,0,0,0.6600,宝安区,23,23,0,0,0,0,1
2021-02-13,589179428,20190000000000000003,900200000000000056,1,149.976,315.253,47277.333,2021-02-13 07:30:00.000,L2FT01-FTJ004,26.90,0.000,0.666012,16605,0.435592,0.055345,1,0,0,0.6600,宝安区,23,23,0,0,0,0,1
2021-02-13,589179428,20190000000000000003,900200000000000056,1,127.069,319.314,40477.143,2021-02-13 07:45:00.000,L2FT01-FTJ004,26.90,0.000,0.666012,16605,0.435592,0.055345,1,0,0,0.6600,宝安区,23,23,0,0,0,0,1
2021-02-13,589179428,20190000000000000003,900200000000000058,1,87.818,319.400,27750.000,2021-02-13 07:45:00.000,L2FT01-FTJ004,26.90,0.000,0.666012,16605,0.435592,0.055345,1,0,0,0.6600,宝安区,23,23,0,0,0,0,1
2021-02-13,589179428,20190000000000000003,900200000000000036,1,126.794,367.475,46818.750,2021-02-13 11:00:00.000,L2FT01-FTJ004,24.78,0.000,0.666012,16605,0.435592,0.055345,1,0,0,0.6600,宝安区,23,23,0,0,0,0,1
2021-02-13,589179428,20190000000000000003,900200000000000036,1,123.445,379.307,46776.000,2021-02-13 11:15:00.000,L2FT01-FTJ004,24.78,0.000,0.666012,16605,0.435592,0.055345,1,0,0,0.6600,宝安区,23,23,0,0,0,0,1
2021-02-13,589179428,20190000000000000003,900200000000000049,1,125.633,336.400,42266.667,2021-02-13 11:15:00.000,L2FT01-FTJ004,24.78,0.000,0.666012,16605,0.435592,0.055345,1,0,0,0.6600,宝安区,23,23,0,0,0,0,1
2021-02-13,589179428,20190000000000000003,900200000000000053,1,45.319,431.487,19486.000,2021-02-13 11:30:00.000,L2FT01-FTJ004,24.78,0.000,0.666012,16605,0.435592,0.055345,1,0,0,0.6600,宝安区,23,23,0,0,0,0,1
2021-02-13,589179428,20190000000000000003,900200000000000049,1,111.053,346.087,38396.000,2021-02-13 11:30:00.000,L2FT01-FTJ004,24.78,0.000,0.666012,16605,0.435592,0.055345,1,0,0,0.6600,宝安区,23,23,0,0,0,0,1
2021-02-13,589179428,20190000000000000003,900200000000000036,1,87.581,395.480,34576.667,2021-02-13 11:30:00.000,L2FT01-FTJ004,24.78,0.000,0.666012,16605,0.435592,0.055345,1,0,0,0.6600,宝安区,23,23,0,0,0,0,1
2021-02-13,589179428,20190000000000000003,900200000000000036,1,62.271,407.847,25388.667,2021-02-13 11:45:00.000,L2FT01-FTJ004,24.78,0.000,0.666012,16605,0.435592,0.055345,1,0,0,0.6600,宝安区,23,23,0,0,0,0,1
2021-02-13,589179428,20190000000000000003,900200000000000049,1,90.385,358.947,32446.000,2021-02-13 11:45:00.000,L2FT01-FTJ004,24.78,0.000,0.666012,16605,0.435592,0.055345,1,0,0,0.6600,宝安区,23,23,0,0,0,0,1
2021-02-13,589179428,20190000000000000003,900200000000000053,1,49.790,452.480,22528.000,2021-02-13 11:45:00.000,L2FT01-FTJ004,24.78,0.000,0.666012,16605,0.435592,0.055345,1,0,0,0.6600,宝安区,23,23,0,0,0,0,1
2021-02-13,589179428,20190000000000000003,900200000000000032,1,15.090,361.600,5460.000,2021-02-13 12:00:00.000,L2FT01-FTJ004,24.00,0.000,0.666012,16605,0.435592,0.055345,1,0,0,0.6600,宝安区,23,23,0,0,0,0,1
2021-02-13,589179428,20190000000000000003,900200000000000036,1,13.098,410.807,5379.333,2021-02-13 12:00:00.000,L2FT01-FTJ004,24.00,0.000,0.666012,16605,0.435592,0.055345,1,0,0,0.6600,宝安区,23,23,0,0,0,0,1
2021-02-13,589179428,20190000000000000003,900200000000000049,1,51.697,367.220,18977.333,2021-02-13 12:00:00.000,L2FT01-FTJ004,24.00,0.000,0.666012,16605,0.435592,0.055345,1,0,0,0.6600,宝安区,23,23,0,0,0,0,1
2021-02-13,589179428,20190000000000000003,900200000000000058,1,137.374,309.308,42675.833,2021-02-13 12:00:00.000,L2FT01-FTJ004,24.00,0.000,0.666012,16605,0.435592,0.055345,1,0,0,0.6600,宝安区,23,23,0,0,0,0,1
2021-02-13,589179428,20190000000000000003,900200000000000058,1,149.913,313.113,46937.333,2021-02-13 12:15:00.000,L2FT01-FTJ004,24.00,0.000,0.666012,16605,0.435592,0.055345,1,0,0,0.6600,宝安区,23,23,0,0,0,0,1
2021-02-13,589179428,20190000000000000003,900200000000000052,1,70.041,374.950,26368.000,2021-02-13 12:15:00.000,L2FT01-FTJ004,24.00,0.000,0.666012,16605,0.435592,0.055345,1,0,0,0.6600,宝安区,23,23,0,0,0,0,1
2021-02-13,589179428,20190000000000000003,900200000000000032,1,98.988,384.927,38068.667,2021-02-13 12:15:00.000,L2FT01-FTJ004,24.00,0.000,0.666012,16605,0.435592,0.055345,1,0,0,0.6600,宝安区,23,23,0,0,0,0,1
2021-02-13,589179428,20190000000000000003,900200000000000036,1,13.190,413.421,5452.857,2021-02-13 12:15:00.000,L2FT01-FTJ004,24.00,0.000,0.666012,16605,0.435592,0.055345,1,0,0,0.6600,宝安区,23,23,0,0,0,0,1
2021-02-13,589179428,20190000000000000003,900200000000000049,1,16.330,369.013,6024.667,2021-02-13 12:15:00.000,L2FT01-FTJ004,24.00,0.000,0.666012,16605,0.435592,0.055345,1,0,0,0.6600,宝安区,23,23,0,0,0,0,1
2021-02-13,589179428,20190000000000000003,900200000000000032,1,80.551,395.400,31840.000,2021-02-13 12:30:00.000,L2FT01-FTJ004,24.00,0.000,0.666012,16605,0.435592,0.055345,1,0,0,0.6600,宝安区,23,23,0,0,0,0,1
2021-02-13,589179428,20190000000000000003,900200000000000049,1,16.303,371.180,6050.667,2021-02-13 12:30:00.000,L2FT01-FTJ004,24.00,0.000,0.666012,16605,0.435592,0.055345,1,0,0,0.6600,宝安区,23,23,0,0,0,0,1
2021-02-13,589179428,20190000000000000003,900200000000000052,1,65.364,385.040,25152.000,2021-02-13 12:30:00.000,L2FT01-FTJ004,24.00,0.000,0.666012,16605,0.435592,0.055345,1,0,0,0.6600,宝安区,23,23,0,0,0,0,1
2021-02-13,589179428,20190000000000000003,900200000000000058,1,149.857,314.040,47058.667,2021-02-13 12:30:00.000,L2FT01-FTJ004,24.00,0.000,0.666012,16605,0.435592,0.055345,1,0,0,0.6600,宝安区,23,23,0,0,0,0,1
2021-02-13,589179428,20190000000000000003,900200000000000032,1,59.458,402.714,23939.286,2021-02-13 12:45:00.000,L2FT01-FTJ004,24.00,0.000,0.666012,16605,0.435592,0.055345,1,0,0,0.6600,宝安区,23,23,0,0,0,0,1
2021-02-13,589179428,20190000000000000003,900200000000000049,1,16.290,373.473,6082.000,2021-02-13 12:45:00.000,L2FT01-FTJ004,24.00,0.000,0.666012,16605,0.435592,0.055345,1,0,0,0.6600,宝安区,23,23,0,0,0,0,1
2021-02-13,589179428,20190000000000000003,900200000000000052,1,20.012,385.544,7732.222,2021-02-13 12:45:00.000,L2FT01-FTJ004,24.00,0.000,0.666012,16605,0.435592,0.055345,1,0,0,0.6600,宝安区,23,23,0,0,0,0,1
2021-02-13,589179428,20190000000000000003,900200000000000058,1,149.890,315.380,47269.333,2021-02-13 12:45:00.000,L2FT01-FTJ004,24.00,0.000,0.666012,16605,0.435592,0.055345,1,0,0,0.6600,宝安区,23,23,0,0,0,0,1
2021-02-13,589179428,20190000000000000003,900200000000000049,1,16.290,375.867,6122.000,2021-02-13 13:00:00.000,L2FT01-FTJ004,23.22,0.000,0.666012,16605,0.435592,0.055345,1,0,0,0.6600,宝安区,23,23,0,0,0,0,1
2021-02-13,589179428,20190000000000000003,900200000000000053,1,80.020,311.650,24772.500,2021-02-13 13:00:00.000,L2FT01-FTJ004,23.22,0.000,0.666012,16605,0.435592,0.055345,1,0,0,0.6600,宝安区,23,23,0,0,0,0,1
2021-02-13,589179428,20190000000000000003,900200000000000058,1,149.877,316.647,47455.333,2021-02-13 13:00:00.000,L2FT01-FTJ004,23.22,0.000,0.666012,16605,0.435592,0.055345,1,0,0,0.6600,宝安区,23,23,0,0,0,0,1
2021-02-13,589179428,20190000000000000003,900200000000000053,1,106.506,310.853,33107.333,2021-02-13 13:15:00.000,L2FT01-FTJ004,23.22,0.000,0.666012,16605,0.435592,0.055345,1,0,0,0.6600,宝安区,23,23,0,0,0,0,1
2021-02-13,589179428,20190000000000000003,900200000000000058,1,109.598,319.340,34964.000,2021-02-13 13:15:00.000,L2FT01-FTJ004,23.22,0.000,0.666012,16605,0.435592,0.055345,1,0,0,0.6600,宝安区,23,23,0,0,0,0,1
2021-02-13,589179428,20190000000000000003,900200000000000049,1,16.290,377.620,6150.000,2021-02-13 13:15:00.000,L2FT01-FTJ004,23.22,0.000,0.666012,16605,0.435592,0.055345,1,0,0,0.6600,宝安区,23,23,0,0,0,0,1
2021-02-13,589179428,20190000000000000003,900200000000000053,1,106.478,311.220,33136.000,2021-02-13 13:30:00.000,L2FT01-FTJ004,23.22,0.000,0.666012,16605,0.435592,0.055345,1,0,0,0.6600,宝安区,23,23,0,0,0,0,1
2021-02-13,589179428,20190000000000000003,900200000000000058,1,21.973,327.200,7185.000,2021-02-13 13:30:00.000,L2FT01-FTJ004,23.22,0.000,0.666012,16605,0.435592,0.055345,1,0,0,0.6600,宝安区,23,23,0,0,0,0,1
2021-02-13,589179428,20190000000000000003,900200000000000053,1,106.493,313.253,33354.667,2021-02-13 13:45:00.000,L2FT01-FTJ004,23.22,0.000,0.666012,16605,0.435592,0.055345,1,0,0,0.6600,宝安区,23,23,0,0,0,0,1
2021-02-13,589179428,20190000000000000003,900200000000000058,1,112.798,356.718,40326.364,2021-02-13 13:45:00.000,L2FT01-FTJ004,23.22,0.000,0.666012,16605,0.435592,0.055345,1,0,0,0.6600,宝安区,23,23,0,0,0,0,1
2021-02-13,589179428,20190000000000000003,900200000000000053,1,106.449,314.093,33433.333,2021-02-13 14:00:00.000,L2FT01-FTJ004,22.50,0.000,0.666012,16605,0.435592,0.055345,1,0,0,0.6600,宝安区,23,23,0,0,0,0,1
2021-02-13,589179428,20190000000000000003,900200000000000058,1,119.818,359.060,43018.000,2021-02-13 14:00:00.000,L2FT01-FTJ004,22.50,0.000,0.666012,16605,0.435592,0.055345,1,0,0,0.6600,宝安区,23,23,0,0,0,0,1
2021-02-13,589179428,20190000000000000003,900200000000000058,1,119.800,361.089,43252.222,2021-02-13 14:15:00.000,L2FT01-FTJ004,22.50,0.000,0.666012,16605,0.435592,0.055345,1,0,0,0.6600,宝安区,23,23,0,0,0,0,1
2021-02-13,589179428,20190000000000000003,900200000000000053,1,106.397,314.853,33498.000,2021-02-13 14:15:00.000,L2FT01-FTJ004,22.50,0.000,0.666012,16605,0.435592,0.055345,1,0,0,0.6600,宝安区,23,23,0,0,0,0,1
2021-02-13,589179428,20190000000000000003,900200000000000053,1,81.448,321.357,26016.429,2021-02-13 14:30:00.000,L2FT01-FTJ004,22.50,0.000,0.666012,16605,0.435592,0.055345,1,0,0,0.6600,宝安区,23,23,0,0,0,0,1
2021-02-13,589179428,20190000000000000003,900200000000000049,1,130.132,310.875,40450.000,2021-02-13 18:00:00.000,L2FT01-FTJ004,21.00,0.000,0.666012,16605,0.435592,0.055345,1,0,0,0.6600,宝安区,23,23,0,0,0,0,1
2021-02-13,589179428,20190000000000000003,900200000000000049,1,129.977,312.573,40624.667,2021-02-13 18:15:00.000,L2FT01-FTJ004,21.00,0.000,0.666012,16605,0.435592,0.055345,1,0,0,0.6600,宝安区,23,23,0,0,0,0,1
2021-02-13,589179428,20190000000000000003,900200000000000034,1,130.132,309.220,40236.000,2021-02-13 18:30:00.000,L2FT01-FTJ004,21.00,0.000,0.666012,16605,0.435592,0.055345,1,0,0,0.6600,宝安区,23,23,0,0,0,0,1
2021-02-13,589179428,20190000000000000003,900200000000000049,1,130.072,314.473,40901.333,2021-02-13 18:30:00.000,L2FT01-FTJ004,21.00,0.000,0.666012,16605,0.435592,0.055345,1,0,0,0.6600,宝安区,23,23,0,0,0,0,1
2021-02-13,589179428,20190000000000000003,900200000000000049,1,130.090,315.267,41013.333,2021-02-13 18:45:00.000,L2FT01-FTJ004,21.00,0.000,0.666012,16605,0.435592,0.055345,1,0,0,0.6600,宝安区,23,23,0,0,0,0,1
2021-02-13,589179428,20190000000000000003,900200000000000034,1,129.842,310.827,40356.667,2021-02-13 18:45:00.000,L2FT01-FTJ004,21.00,0.000,0.666012,16605,0.435592,0.055345,1,0,0,0.6600,宝安区,23,23,0,0,0,0,1
2021-02-13,589179428,20190000000000000003,900200000000000034,1,129.848,311.820,40485.333,2021-02-13 19:00:00.000,L2FT01-FTJ004,21.10,0.000,0.666012,16605,0.435592,0.055345,1,0,0,0.6600,宝安区,23,23,0,0,0,0,1
2021-02-13,589179428,20190000000000000003,900200000000000034,1,129.884,313.587,40727.333,2021-02-13 19:15:00.000,L2FT01-FTJ004,21.10,0.000,0.666012,16605,0.435592,0.055345,1,0,0,0.6600,宝安区,23,23,0,0,0,0,1
2021-02-13,589179428,20190000000000000003,900200000000000034,1,129.890,314.647,40868.000,2021-02-13 19:30:00.000,L2FT01-FTJ004,21.10,0.000,0.666012,16605,0.435592,0.055345,1,0,0,0.6600,宝安区,23,23,0,0,0,0,1
2021-02-13,589179428,20190000000000000003,900200000000000034,1,64.945,303.550,20500.000,2021-02-13 19:45:00.000,L2FT01-FTJ004,21.10,0.000,0.666012,16605,0.435592,0.055345,1,0,0,0.6600,宝安区,23,23,0,0,0,0,1
2021-02-14,589179428,20190000000000000003,900200000000000043,1,116.856,315.060,36183.000,2021-02-14 08:30:00.000,L2FT01-FTJ004,26.60,0.000,0.666012,16605,0.435592,0.055345,1,0,0,0.6600,宝安区,23,23,0,0,0,0,1
2021-02-14,589179428,20190000000000000003,900200000000000043,1,129.890,310.993,40391.333,2021-02-14 08:45:00.000,L2FT01-FTJ004,26.60,0.000,0.666012,16605,0.435592,0.055345,1,0,0,0.6600,宝安区,23,23,0,0,0,0,1
2021-02-14,589179428,20190000000000000003,900200000000000043,1,129.890,311.887,40508.667,2021-02-14 09:00:00.000,L2FT01-FTJ004,26.12,0.000,0.666012,16605,0.435592,0.055345,1,0,0,0.6600,宝安区,23,23,0,0,0,0,1
2021-02-14,589179428,20190000000000000003,900200000000000043,1,129.890,313.427,40708.000,2021-02-14 09:15:00.000,L2FT01-FTJ004,26.12,0.000,0.666012,16605,0.435592,0.055345,1,0,0,0.6600,宝安区,23,23,0,0,0,0,1
2021-02-14,589179428,20190000000000000003,900200000000000043,1,129.908,314.067,40796.667,2021-02-14 09:30:00.000,L2FT01-FTJ004,26.12,0.000,0.666012,16605,0.435592,0.055345,1,0,0,0.6600,宝安区,23,23,0,0,0,0,1
2021-02-14,589179428,20190000000000000003,900200000000000057,1,107.331,321.558,34500.833,2021-02-14 10:30:00.000,L2FT01-FTJ004,25.50,0.000,0.666012,16605,0.435592,0.055345,1,0,0,0.6600,宝安区,23,23,0,0,0,0,1
2021-02-14,589179428,20190000000000000003,900200000000000048,1,149.817,311.455,46660.000,2021-02-14 12:15:00.000,L2FT01-FTJ004,24.00,0.000,0.666012,16605,0.435592,0.055345,1,0,0,0.6600,宝安区,23,23,0,0,0,0,1
2021-02-14,589179428,20190000000000000003,900200000000000048,1,149.890,313.193,46941.333,2021-02-14 12:30:00.000,L2FT01-FTJ004,24.00,0.000,0.666012,16605,0.435592,0.055345,1,0,0,0.6600,宝安区,23,23,0,0,0,0,1
2021-02-14,589179428,20190000000000000003,900200000000000048,1,149.949,314.620,47174.000,2021-02-14 12:45:00.000,L2FT01-FTJ004,24.00,0.000,0.666012,16605,0.435592,0.055345,1,0,0,0.6600,宝安区,23,23,0,0,0,0,1
2021-02-14,589179428,20190000000000000003,900200000000000048,1,149.963,317.807,47657.333,2021-02-14 13:00:00.000,L2FT01-FTJ004,23.22,0.000,0.666012,16605,0.435592,0.055345,1,0,0,0.6600,宝安区,23,23,0,0,0,0,1
2021-02-14,589179428,20190000000000000003,900200000000000048,1,37.227,331.233,12243.333,2021-02-14 13:15:00.000,L2FT01-FTJ004,23.22,0.000,0.666012,16605,0.435592,0.055345,1,0,0,0.6600,宝安区,23,23,0,0,0,0,1
2021-02-14,589179428,20190000000000000003,900200000000000035,1,129.898,311.450,40451.667,2021-02-14 15:00:00.000,L2FT01-FTJ004,21.88,0.000,0.666012,16605,0.435592,0.055345,1,0,0,0.6600,宝安区,23,23,0,0,0,0,1
2021-02-14,589179428,20190000000000000003,900200000000000035,1,129.806,314.047,40762.667,2021-02-14 15:15:00.000,L2FT01-FTJ004,21.88,0.000,0.666012,16605,0.435592,0.055345,1,0,0,0.6600,宝安区,23,23,0,0,0,0,1
2021-02-14,589179428,20190000000000000003,900200000000000035,1,129.878,315.020,40911.333,2021-02-14 15:30:00.000,L2FT01-FTJ004,21.88,0.000,0.666012,16605,0.435592,0.055345,1,0,0,0.6600,宝安区,23,23,0,0,0,0,1
2021-02-14,589179428,20190000000000000003,900200000000000048,1,71.445,297.650,23735.000,2021-02-14 15:30:00.000,L2FT01-FTJ004,21.88,0.000,0.666012,16605,0.435592,0.055345,1,0,0,0.6600,宝安区,23,23,0,0,0,0,1
2021-02-14,589179428,20190000000000000003,900200000000000057,1,129.819,309.562,40181.538,2021-02-14 15:45:00.000,L2FT01-FTJ004,21.88,0.000,0.666012,16605,0.435592,0.055345,1,0,0,0.6600,宝安区,23,23,0,0,0,0,1
2021-02-14,589179428,20190000000000000003,900200000000000035,1,129.890,316.400,41100.000,2021-02-14 15:45:00.000,L2FT01-FTJ004,21.88,0.000,0.666012,16605,0.435592,0.055345,1,0,0,0.6600,宝安区,23,23,0,0,0,0,1
2021-02-14,589179428,20190000000000000003,900200000000000048,1,143.799,339.200,48772.667,2021-02-14 15:45:00.000,L2FT01-FTJ004,21.88,0.000,0.666012,16605,0.435592,0.055345,1,0,0,0.6600,宝安区,23,23,0,0,0,0,1
2021-02-14,589179428,20190000000000000003,900200000000000048,1,126.199,351.540,44300.000,2021-02-14 16:00:00.000,L2FT01-FTJ004,21.40,0.000,0.666012,16605,0.435592,0.055345,1,0,0,0.6600,宝安区,23,23,0,0,0,0,1
2021-02-14,589179428,20190000000000000003,900200000000000057,1,129.800,310.853,40343.333,2021-02-14 16:00:00.000,L2FT01-FTJ004,21.40,0.000,0.666012,16605,0.435592,0.055345,1,0,0,0.6600,宝安区,23,23,0,0,0,0,1
2021-02-14,589179428,20190000000000000003,900200000000000048,1,79.524,365.293,29011.333,2021-02-14 16:15:00.000,L2FT01-FTJ004,21.40,0.000,0.666012,16605,0.435592,0.055345,1,0,0,0.6600,宝安区,23,23,0,0,0,0,1
2021-02-14,589179428,20190000000000000003,900200000000000057,1,129.800,311.853,40472.667,2021-02-14 16:15:00.000,L2FT01-FTJ004,21.40,0.000,0.666012,16605,0.435592,0.055345,1,0,0,0.6600,宝安区,23,23,0,0,0,0,1
2021-02-14,589179428,20190000000000000003,900200000000000048,1,47.357,373.013,17662.667,2021-02-14 16:30:00.000,L2FT01-FTJ004,21.40,0.000,0.666012,16605,0.435592,0.055345,1,0,0,0.6600,宝安区,23,23,0,0,0,0,1
2021-02-14,589179428,20190000000000000003,900200000000000057,1,129.800,314.760,40851.333,2021-02-14 16:30:00.000,L2FT01-FTJ004,21.40,0.000,0.666012,16605,0.435592,0.055345,1,0,0,0.6600,宝安区,23,23,0,0,0,0,1
2021-02-14,589179428,20190000000000000003,900200000000000048,1,20.237,377.153,7636.667,2021-02-14 16:45:00.000,L2FT01-FTJ004,21.40,0.000,0.666012,16605,0.435592,0.055345,1,0,0,0.6600,宝安区,23,23,0,0,0,0,1
2021-02-14,589179428,20190000000000000003,900200000000000057,1,118.282,321.723,38032.308,2021-02-14 16:45:00.000,L2FT01-FTJ004,21.40,0.000,0.666012,16605,0.435592,0.055345,1,0,0,0.6600,宝安区,23,23,0,0,0,0,1
2021-02-14,589179428,20190000000000000003,900200000000000048,1,14.290,378.645,5409.091,2021-02-14 17:00:00.000,L2FT01-FTJ004,21.10,0.000,0.666012,16605,0.435592,0.055345,1,0,0,0.6600,宝安区,23,23,0,0,0,0,1
2021-02-14,589179428,20190000000000000003,900200000000000056,1,129.873,310.400,40307.500,2021-02-14 19:30:00.000,L2FT01-FTJ004,21.10,0.000,0.666012,16605,0.435592,0.055345,1,0,0,0.6600,宝安区,23,23,0,0,0,0,1
2021-02-14,589179428,20190000000000000003,900200000000000037,1,148.257,368.067,54573.333,2021-02-14 19:45:00.000,L2FT01-FTJ004,21.10,0.000,0.666012,16605,0.435592,0.055345,1,0,0,0.6600,宝安区,23,23,0,0,0,0,1
2021-02-14,589179428,20190000000000000003,900200000000000056,1,129.897,311.487,40458.000,2021-02-14 19:45:00.000,L2FT01-FTJ004,21.10,0.000,0.666012,16605,0.435592,0.055345,1,0,0,0.6600,宝安区,23,23,0,0,0,0,1
2021-02-14,589179428,20190000000000000003,900200000000000056,1,130.024,313.927,40814.667,2021-02-14 20:00:00.000,L2FT01-FTJ004,21.40,0.000,0.666012,16605,0.435592,0.055345,1,0,0,0.6600,宝安区,23,23,0,0,0,0,1
2021-02-14,589179428,20190000000000000003,900200000000000037,1,130.785,382.907,49993.333,2021-02-14 20:00:00.000,L2FT01-FTJ004,21.40,0.000,0.666012,16605,0.435592,0.055345,1,0,0,0.6600,宝安区,23,23,0,0,0,0,1
2021-02-14,589179428,20190000000000000003,900200000000000056,0,0.000,280.900,0.000,2021-02-14 20:15:00.000,L2FT01-FTJ004,21.40,0.000,0.666012,16605,0.435592,0.055345,1,0,0,0.6600,宝安区,23,23,0,0,0,0,1
2021-02-14,589179428,20190000000000000003,900200000000000032,0,0.000,219.000,0.000,2021-02-14 20:15:00.000,L2FT01-FTJ004,21.40,0.000,0.666012,16605,0.435592,0.055345,1,0,0,0.6600,宝安区,23,23,0,0,0,0,1
2021-02-14,589179428,20190000000000000003,900200000000000037,1,82.839,395.593,32741.333,2021-02-14 20:15:00.000,L2FT01-FTJ004,21.40,0.000,0.666012,16605,0.435592,0.055345,1,0,0,0.6600,宝安区,23,23,0,0,0,0,1
2021-02-14,589179428,20190000000000000003,900200000000000037,1,60.209,402.638,24236.923,2021-02-14 20:30:00.000,L2FT01-FTJ004,21.40,0.000,0.666012,16605,0.435592,0.055345,1,0,0,0.6600,宝安区,23,23,0,0,0,0,1
2021-02-14,589179428,20190000000000000003,900200000000000053,1,99.896,488.133,48761.667,2021-02-14 21:45:00.000,L2FT01-FTJ004,21.88,0.000,0.666012,16605,0.435592,0.055345,1,0,0,0.6600,宝安区,23,23,0,0,0,0,1
2021-02-14,589179428,20190000000000000003,900200000000000053,1,99.890,491.760,49126.000,2021-02-14 22:00:00.000,L2FT01-FTJ004,22.50,0.000,0.666012,16605,0.435592,0.055345,1,0,0,0.6600,宝安区,23,23,0,0,0,0,1
2021-02-14,589179428,20190000000000000003,900200000000000053,1,63.732,497.687,31849.333,2021-02-14 22:15:00.000,L2FT01-FTJ004,22.50,0.000,0.666012,16605,0.435592,0.055345,1,0,0,0.6600,宝安区,23,23,0,0,0,0,1
2021-02-14,589179428,20190000000000000003,900200000000000053,1,12.590,498.600,6259.333,2021-02-14 22:30:00.000,L2FT01-FTJ004,22.50,0.000,0.666012,16605,0.435592,0.055345,1,0,0,0.6600,宝安区,23,23,0,0,0,0,1
2021-02-14,589179428,20190000000000000003,900200000000000053,1,2.391,467.120,1208.000,2021-02-14 22:45:00.000,L2FT01-FTJ004,22.50,0.000,0.666012,16605,0.435592,0.055345,1,0,0,0.6600,宝安区,23,23,0,0,0,0,1
2021-02-14,589179428,20190000000000000003,900200000000000034,1,133.674,308.092,41183.846,2021-02-14 23:30:00.000,L2FT01-FTJ004,23.22,0.000,0.666012,16605,0.435592,0.055345,1,0,0,0.6600,宝安区,23,23,0,0,0,0,1
2021-02-14,589179428,20190000000000000003,900200000000000030,1,47.193,356.867,19413.333,2021-02-14 23:30:00.000,L2FT01-FTJ004,23.22,0.000,0.666012,16605,0.435592,0.055345,1,0,0,0.6600,宝安区,23,23,0,0,0,0,1
2021-02-14,589179428,20190000000000000003,900200000000000034,1,134.878,310.127,41825.333,2021-02-14 23:45:00.000,L2FT01-FTJ004,23.22,0.000,0.666012,16605,0.435592,0.055345,1,0,0,0.6600,宝安区,23,23,0,0,0,0,1
2021-02-14,589179428,20190000000000000003,900200000000000035,1,71.257,421.973,30064.667,2021-02-14 23:45:00.000,L2FT01-FTJ004,23.22,0.000,0.666012,16605,0.435592,0.055345,1,0,0,0.6600,宝安区,23,23,0,0,0,0,1
2021-02-14,589179428,20190000000000000003,900200000000000057,1,129.799,310.343,40278.571,2021-02-14 23:45:00.000,L2FT01-FTJ004,23.22,0.000,0.666012,16605,0.435592,0.055345,1,0,0,0.6600,宝安区,23,23,0,0,0,0,1
2021-02-15,589179428,20190000000000000003,900200000000000034,1,134.890,311.220,41978.667,2021-02-15 00:00:00.000,L2FT01-FTJ004,24.00,0.000,0.666012,16605,0.435592,0.055345,1,0,0,0.6600,宝安区,23,23,0,0,0,0,1
2021-02-15,589179428,20190000000000000003,900200000000000035,1,65.571,435.147,28519.333,2021-02-15 00:00:00.000,L2FT01-FTJ004,24.00,0.000,0.666012,16605,0.435592,0.055345,1,0,0,0.6600,宝安区,23,23,0,0,0,0,1
2021-02-15,589179428,20190000000000000003,900200000000000057,1,129.866,311.540,40456.000,2021-02-15 00:00:00.000,L2FT01-FTJ004,24.00,0.000,0.666012,16605,0.435592,0.055345,1,0,0,0.6600,宝安区,23,23,0,0,0,0,1
2021-02-15,589179428,20190000000000000003,900200000000000057,1,129.812,313.920,40746.000,2021-02-15 00:15:00.000,L2FT01-FTJ004,24.00,0.000,0.666012,16605,0.435592,0.055345,1,0,0,0.6600,宝安区,23,23,0,0,0,0,1
2021-02-15,589179428,20190000000000000003,900200000000000035,1,46.407,445.814,20672.857,2021-02-15 00:15:00.000,L2FT01-FTJ004,24.00,0.000,0.666012,16605,0.435592,0.055345,1,0,0,0.6600,宝安区,23,23,0,0,0,0,1
2021-02-15,589179428,20190000000000000003,900200000000000034,1,134.866,312.900,42196.667,2021-02-15 00:15:00.000,L2FT01-FTJ004,24.00,0.000,0.666012,16605,0.435592,0.055345,1,0,0,0.6600,宝安区,23,23,0,0,0,0,1
2021-02-15,589179428,20190000000000000003,900200000000000034,1,134.891,313.833,42331.333,2021-02-15 00:30:00.000,L2FT01-FTJ004,24.00,0.000,0.666012,16605,0.435592,0.055345,1,0,0,0.6600,宝安区,23,23,0,0,0,0,1
2021-02-15,589179428,20190000000000000003,900200000000000057,1,129.818,315.167,40910.000,2021-02-15 00:30:00.000,L2FT01-FTJ004,24.00,0.000,0.666012,16605,0.435592,0.055345,1,0,0,0.6600,宝安区,23,23,0,0,0,0,1
2021-02-15,589179428,20190000000000000003,900200000000000034,1,134.890,314.913,42477.333,2021-02-15 00:45:00.000,L2FT01-FTJ004,24.00,0.000,0.666012,16605,0.435592,0.055345,1,0,0,0.6600,宝安区,23,23,0,0,0,0,1
2021-02-15,589179428,20190000000000000003,900200000000000057,1,129.800,316.613,41091.333,2021-02-15 00:45:00.000,L2FT01-FTJ004,24.00,0.000,0.666012,16605,0.435592,0.055345,1,0,0,0.6600,宝安区,23,23,0,0,0,0,1
2021-02-15,589179428,20190000000000000003,900200000000000034,1,107.712,321.571,34367.143,2021-02-15 01:00:00.000,L2FT01-FTJ004,24.78,0.000,0.666012,16605,0.435592,0.055345,1,0,0,0.6600,宝安区,23,23,0,0,0,0,1
2021-02-15,589179428,20190000000000000003,900200000000000057,1,82.994,323.833,26766.667,2021-02-15 01:00:00.000,L2FT01-FTJ004,24.78,0.000,0.666012,16605,0.435592,0.055345,1,0,0,0.6600,宝安区,23,23,0,0,0,0,1
2021-02-15,589179428,20190000000000000003,900200000000000037,1,37.210,332.633,12425.000,2021-02-15 01:30:00.000,L2FT01-FTJ004,24.78,0.000,0.666012,16605,0.435592,0.055345,1,0,0,0.6600,宝安区,23,23,0,0,0,0,1
2021-02-15,589179428,20190000000000000003,900200000000000042,1,199.890,313.056,62571.111,2021-02-15 01:30:00.000,L2FT01-FTJ004,24.78,0.000,0.666012,16605,0.435592,0.055345,1,0,0,0.6600,宝安区,23,23,0,0,0,0,1
2021-02-15,589179428,20190000000000000003,900200000000000037,1,71.603,338.913,24266.000,2021-02-15 01:45:00.000,L2FT01-FTJ004,24.78,0.000,0.666012,16605,0.435592,0.055345,1,0,0,0.6600,宝安区,23,23,0,0,0,0,1
2021-02-15,589179428,20190000000000000003,900200000000000042,1,181.229,314.747,57040.000,2021-02-15 01:45:00.000,L2FT01-FTJ004,24.78,0.000,0.666012,16605,0.435592,0.055345,1,0,0,0.6600,宝安区,23,23,0,0,0,0,1
2021-02-15,589179428,20190000000000000003,900200000000000031,1,119.836,310.646,37250.769,2021-02-15 02:00:00.000,L2FT01-FTJ004,25.50,0.000,0.666012,16605,0.435592,0.055345,1,0,0,0.6600,宝安区,23,23,0,0,0,0,1
2021-02-15,589179428,20190000000000000003,900200000000000037,1,71.560,342.787,24528.000,2021-02-15 02:00:00.000,L2FT01-FTJ004,25.50,0.000,0.666012,16605,0.435592,0.055345,1,0,0,0.6600,宝安区,23,23,0,0,0,0,1
2021-02-15,589179428,20190000000000000003,900200000000000042,1,164.824,315.827,52051.333,2021-02-15 02:00:00.000,L2FT01-FTJ004,25.50,0.000,0.666012,16605,0.435592,0.055345,1,0,0,0.6600,宝安区,23,23,0,0,0,0,1
2021-02-15,589179428,20190000000000000003,900200000000000037,1,71.536,347.840,24879.333,2021-02-15 02:15:00.000,L2FT01-FTJ004,25.50,0.000,0.666012,16605,0.435592,0.055345,1,0,0,0.6600,宝安区,23,23,0,0,0,0,1
2021-02-15,589179428,20190000000000000003,900200000000000031,1,129.824,311.740,40466.667,2021-02-15 02:15:00.000,L2FT01-FTJ004,25.50,0.000,0.666012,16605,0.435592,0.055345,1,0,0,0.6600,宝安区,23,23,0,0,0,0,1
2021-02-15,589179428,20190000000000000003,900200000000000042,1,117.168,322.083,37539.167,2021-02-15 02:15:00.000,L2FT01-FTJ004,25.50,0.000,0.666012,16605,0.435592,0.055345,1,0,0,0.6600,宝安区,23,23,0,0,0,0,1
2021-02-15,589179428,20190000000000000003,900200000000000037,1,71.590,356.000,25482.667,2021-02-15 02:30:00.000,L2FT01-FTJ004,25.50,0.000,0.666012,16605,0.435592,0.055345,1,0,0,0.6600,宝安区,23,23,0,0,0,0,1
2021-02-15,589179428,20190000000000000003,900200000000000031,1,129.872,314.007,40778.667,2021-02-15 02:30:00.000,L2FT01-FTJ004,25.50,0.000,0.666012,16605,0.435592,0.055345,1,0,0,0.6600,宝安区,23,23,0,0,0,0,1
2021-02-15,589179428,20190000000000000003,900200000000000031,1,129.890,315.727,41008.667,2021-02-15 02:45:00.000,L2FT01-FTJ004,25.50,0.000,0.666012,16605,0.435592,0.055345,1,0,0,0.6600,宝安区,23,23,0,0,0,0,1
2021-02-15,589179428,20190000000000000003,900200000000000037,1,71.590,366.360,26226.000,2021-02-15 02:45:00.000,L2FT01-FTJ004,25.50,0.000,0.666012,16605,0.435592,0.055345,1,0,0,0.6600,宝安区,23,23,0,0,0,0,1
2021-02-15,589179428,20190000000000000003,900200000000000031,1,64.076,327.014,20821.429,2021-02-15 03:00:00.000,L2FT01-FTJ004,26.12,0.000,0.666012,16605,0.435592,0.055345,1,0,0,0.6600,宝安区,23,23,0,0,0,0,1
2021-02-15,589179428,20190000000000000003,900200000000000037,1,66.451,377.313,25057.333,2021-02-15 03:00:00.000,L2FT01-FTJ004,26.12,0.000,0.666012,16605,0.435592,0.055345,1,0,0,0.6600,宝安区,23,23,0,0,0,0,1
2021-02-15,589179428,20190000000000000003,900200000000000036,1,130.145,310.750,40437.500,2021-02-15 03:15:00.000,L2FT01-FTJ004,26.12,0.000,0.666012,16605,0.435592,0.055345,1,0,0,0.6600,宝安区,23,23,0,0,0,0,1
2021-02-15,589179428,20190000000000000003,900200000000000037,1,54.724,386.173,21127.333,2021-02-15 03:15:00.000,L2FT01-FTJ004,26.12,0.000,0.666012,16605,0.435592,0.055345,1,0,0,0.6600,宝安区,23,23,0,0,0,0,1
2021-02-15,589179428,20190000000000000003,900200000000000036,1,129.887,312.547,40591.333,2021-02-15 03:30:00.000,L2FT01-FTJ004,26.12,0.000,0.666012,16605,0.435592,0.055345,1,0,0,0.6600,宝安区,23,23,0,0,0,0,1
2021-02-15,589179428,20190000000000000003,900200000000000037,1,27.200,375.780,10580.000,2021-02-15 03:30:00.000,L2FT01-FTJ004,26.12,0.000,0.666012,16605,0.435592,0.055345,1,0,0,0.6600,宝安区,23,23,0,0,0,0,1
2021-02-15,589179428,20190000000000000003,900200000000000036,1,129.978,314.427,40864.667,2021-02-15 03:45:00.000,L2FT01-FTJ004,26.12,0.000,0.666012,16605,0.435592,0.055345,1,0,0,0.6600,宝安区,23,23,0,0,0,0,1
2021-02-15,589179428,20190000000000000003,900200000000000036,1,129.941,315.767,41028.000,2021-02-15 04:00:00.000,L2FT01-FTJ004,26.60,0.000,0.666012,16605,0.435592,0.055345,1,0,0,0.6600,宝安区,23,23,0,0,0,0,1
2021-02-15,589179428,20190000000000000003,900200000000000036,1,88.813,320.390,28341.000,2021-02-15 04:15:00.000,L2FT01-FTJ004,26.60,0.000,0.666012,16605,0.435592,0.055345,1,0,0,0.6600,宝安区,23,23,0,0,0,0,1
2021-02-15,589179428,20190000000000000003,900200000000000031,1,129.820,303.000,39332.500,2021-02-15 06:45:00.000,L2FT01-FTJ004,27.00,0.000,0.666012,16605,0.435592,0.055345,1,0,0,0.6600,宝安区,23,23,0,0,0,0,1
2021-02-15,589179428,20190000000000000003,900200000000000031,1,129.806,308.140,39993.333,2021-02-15 07:00:00.000,L2FT01-FTJ004,26.90,0.000,0.666012,16605,0.435592,0.055345,1,0,0,0.6600,宝安区,23,23,0,0,0,0,1
2021-02-15,589179428,20190000000000000003,900200000000000050,1,118.998,304.517,36995.000,2021-02-15 07:00:00.000,L2FT01-FTJ004,26.90,0.000,0.666012,16605,0.435592,0.055345,1,0,0,0.6600,宝安区,23,23,0,0,0,0,1
2021-02-15,589179428,20190000000000000003,900200000000000050,1,129.830,310.933,40363.333,2021-02-15 07:15:00.000,L2FT01-FTJ004,26.90,0.000,0.666012,16605,0.435592,0.055345,1,0,0,0.6600,宝安区,23,23,0,0,0,0,1
2021-02-15,589179428,20190000000000000003,900200000000000031,1,129.800,310.580,40308.000,2021-02-15 07:15:00.000,L2FT01-FTJ004,26.90,0.000,0.666012,16605,0.435592,0.055345,1,0,0,0.6600,宝安区,23,23,0,0,0,0,1
2021-02-15,589179428,20190000000000000003,900200000000000031,1,129.890,311.473,40455.333,2021-02-15 07:30:00.000,L2FT01-FTJ004,26.90,0.000,0.666012,16605,0.435592,0.055345,1,0,0,0.6600,宝安区,23,23,0,0,0,0,1
2021-02-15,589179428,20190000000000000003,900200000000000031,1,129.919,313.240,40693.333,2021-02-15 07:45:00.000,L2FT01-FTJ004,26.90,0.000,0.666012,16605,0.435592,0.055345,1,0,0,0.6600,宝安区,23,23,0,0,0,0,1
2021-02-15,589179428,20190000000000000003,900200000000000031,1,129.956,314.347,40847.333,2021-02-15 08:00:00.000,L2FT01-FTJ004,26.60,0.000,0.666012,16605,0.435592,0.055345,1,0,0,0.6600,宝安区,23,23,0,0,0,0,1
2021-02-15,589179428,20190000000000000003,900200000000000031,1,130.000,315.508,41012.308,2021-02-15 08:15:00.000,L2FT01-FTJ004,26.60,0.000,0.666012,16605,0.435592,0.055345,1,0,0,0.6600,宝安区,23,23,0,0,0,0,1
2021-02-15,589179428,20190000000000000003,900200000000000040,1,149.798,314.714,47141.429,2021-02-15 12:30:00.000,L2FT01-FTJ004,24.00,0.000,0.666012,16605,0.435592,0.055345,1,0,0,0.6600,宝安区,23,23,0,0,0,0,1
2021-02-15,589179428,20190000000000000003,900200000000000040,1,135.163,319.613,42984.667,2021-02-15 12:45:00.000,L2FT01-FTJ004,24.00,0.000,0.666012,16605,0.435592,0.055345,1,0,0,0.6600,宝安区,23,23,0,0,0,0,1
2021-02-15,589179428,20190000000000000003,900200000000000040,1,125.088,310.800,38899.091,2021-02-15 14:00:00.000,L2FT01-FTJ004,22.50,0.000,0.666012,16605,0.435592,0.055345,1,0,0,0.6600,宝安区,23,23,0,0,0,0,1
2021-02-15,589179428,20190000000000000003,900200000000000040,1,132.277,313.553,41473.333,2021-02-15 14:15:00.000,L2FT01-FTJ004,22.50,0.000,0.666012,16605,0.435592,0.055345,1,0,0,0.6600,宝安区,23,23,0,0,0,0,1
2021-02-15,589179428,20190000000000000003,900200000000000040,1,133.511,314.787,42023.333,2021-02-15 14:30:00.000,L2FT01-FTJ004,22.50,0.000,0.666012,16605,0.435592,0.055345,1,0,0,0.6600,宝安区,23,23,0,0,0,0,1
2021-02-15,589179428,20190000000000000003,900200000000000040,1,132.800,316.640,42046.000,2021-02-15 14:45:00.000,L2FT01-FTJ004,22.50,0.000,0.666012,16605,0.435592,0.055345,1,0,0,0.6600,宝安区,23,23,0,0,0,0,1
2021-02-15,589179428,20190000000000000003,900200000000000043,1,129.938,310.500,40344.000,2021-02-15 14:45:00.000,L2FT01-FTJ004,22.50,0.000,0.666012,16605,0.435592,0.055345,1,0,0,0.6600,宝安区,23,23,0,0,0,0,1
2021-02-15,589179428,20190000000000000003,900200000000000040,1,78.854,328.220,25678.000,2021-02-15 15:00:00.000,L2FT01-FTJ004,21.88,0.000,0.666012,16605,0.435592,0.055345,1,0,0,0.6600,宝安区,23,23,0,0,0,0,1
2021-02-15,589179428,20190000000000000003,900200000000000043,1,129.836,313.167,40656.000,2021-02-15 15:00:00.000,L2FT01-FTJ004,21.88,0.000,0.666012,16605,0.435592,0.055345,1,0,0,0.6600,宝安区,23,23,0,0,0,0,1
2021-02-15,589179428,20190000000000000003,900200000000000043,1,129.890,313.875,40767.500,2021-02-15 15:15:00.000,L2FT01-FTJ004,21.88,0.000,0.666012,16605,0.435592,0.055345,1,0,0,0.6600,宝安区,23,23,0,0,0,0,1
2021-02-15,589179428,20190000000000000003,900200000000000043,1,54.457,371.822,20250.000,2021-02-15 15:45:00.000,L2FT01-FTJ004,21.88,0.000,0.666012,16605,0.435592,0.055345,1,0,0,0.6600,宝安区,23,23,0,0,0,0,1
2021-02-15,589179428,20190000000000000003,900200000000000047,1,129.315,313.180,40495.000,2021-02-15 15:45:00.000,L2FT01-FTJ004,21.88,0.000,0.666012,16605,0.435592,0.055345,1,0,0,0.6600,宝安区,23,23,0,0,0,0,1
2021-02-15,589179428,20190000000000000003,900200000000000047,1,129.848,314.700,40860.667,2021-02-15 16:00:00.000,L2FT01-FTJ004,21.40,0.000,0.666012,16605,0.435592,0.055345,1,0,0,0.6600,宝安区,23,23,0,0,0,0,1
2021-02-15,589179428,20190000000000000003,900200000000000043,1,54.790,378.500,20735.000,2021-02-15 16:00:00.000,L2FT01-FTJ004,21.40,0.000,0.666012,16605,0.435592,0.055345,1,0,0,0.6600,宝安区,23,23,0,0,0,0,1
2021-02-15,589179428,20190000000000000003,900200000000000047,1,129.890,315.300,40950.000,2021-02-15 16:15:00.000,L2FT01-FTJ004,21.40,0.000,0.666012,16605,0.435592,0.055345,1,0,0,0.6600,宝安区,23,23,0,0,0,0,1
2021-02-15,589179428,20190000000000000003,900200000000000044,1,105.317,403.700,42560.000,2021-02-15 17:30:00.000,L2FT01-FTJ004,21.10,0.000,0.666012,16605,0.435592,0.055345,1,0,0,0.6600,宝安区,23,23,0,0,0,0,1
2021-02-15,589179428,20190000000000000003,900200000000000044,1,120.331,420.220,50607.333,2021-02-15 17:45:00.000,L2FT01-FTJ004,21.10,0.000,0.666012,16605,0.435592,0.055345,1,0,0,0.6600,宝安区,23,23,0,0,0,0,1
2021-02-15,589179428,20190000000000000003,900200000000000031,1,171.269,315.800,53447.143,2021-02-15 18:00:00.000,L2FT01-FTJ004,21.00,0.000,0.666012,16605,0.435592,0.055345,1,0,0,0.6600,宝安区,23,23,0,0,0,0,1
2021-02-15,589179428,20190000000000000003,900200000000000044,1,83.117,440.713,36562.667,2021-02-15 18:00:00.000,L2FT01-FTJ004,21.00,0.000,0.666012,16605,0.435592,0.055345,1,0,0,0.6600,宝安区,23,23,0,0,0,0,1
2021-02-15,589179428,20190000000000000003,900200000000000031,1,199.916,313.367,62643.333,2021-02-15 18:15:00.000,L2FT01-FTJ004,21.00,0.000,0.666012,16605,0.435592,0.055345,1,0,0,0.6600,宝安区,23,23,0,0,0,0,1
2021-02-15,589179428,20190000000000000003,900200000000000044,1,35.533,446.786,15874.286,2021-02-15 18:15:00.000,L2FT01-FTJ004,21.00,0.000,0.666012,16605,0.435592,0.055345,1,0,0,0.6600,宝安区,23,23,0,0,0,0,1
2021-02-15,589179428,20190000000000000003,900200000000000031,1,199.912,315.633,63094.667,2021-02-15 18:30:00.000,L2FT01-FTJ004,21.00,0.000,0.666012,16605,0.435592,0.055345,1,0,0,0.6600,宝安区,23,23,0,0,0,0,1
2021-02-15,589179428,20190000000000000003,900200000000000031,1,169.157,318.227,53806.000,2021-02-15 18:45:00.000,L2FT01-FTJ004,21.00,0.000,0.666012,16605,0.435592,0.055345,1,0,0,0.6600,宝安区,23,23,0,0,0,0,1
2021-02-15,589179428,20190000000000000003,900200000000000031,1,32.367,321.150,10602.500,2021-02-15 19:00:00.000,L2FT01-FTJ004,21.10,0.000,0.666012,16605,0.435592,0.055345,1,0,0,0.6600,宝安区,23,23,0,0,0,0,1
2021-02-15,589179428,20190000000000000003,900200000000000057,1,77.665,356.450,27855.000,2021-02-15 21:45:00.000,L2FT01-FTJ004,21.88,0.000,0.666012,16605,0.435592,0.055345,1,0,0,0.6600,宝安区,23,23,0,0,0,0,1
2021-02-15,589179428,20190000000000000003,900200000000000057,1,129.481,362.933,46990.667,2021-02-15 22:00:00.000,L2FT01-FTJ004,22.50,0.000,0.666012,16605,0.435592,0.055345,1,0,0,0.6600,宝安区,23,23,0,0,0,0,1
2021-02-15,589179428,20190000000000000003,900200000000000057,1,114.180,362.873,41430.000,2021-02-15 22:15:00.000,L2FT01-FTJ004,22.50,0.000,0.666012,16605,0.435592,0.055345,1,0,0,0.6600,宝安区,23,23,0,0,0,0,1
2021-02-15,589179428,20190000000000000003,900200000000000057,1,91.865,362.713,33320.000,2021-02-15 22:30:00.000,L2FT01-FTJ004,22.50,0.000,0.666012,16605,0.435592,0.055345,1,0,0,0.6600,宝安区,23,23,0,0,0,0,1
2021-02-15,589179428,20190000000000000003,900200000000000057,1,46.725,361.773,16912.000,2021-02-15 22:45:00.000,L2FT01-FTJ004,22.50,0.000,0.666012,16605,0.435592,0.055345,1,0,0,0.6600,宝安区,23,23,0,0,0,0,1
2021-02-15,589179428,20190000000000000003,900200000000000057,1,16.892,362.700,6125.000,2021-02-15 23:00:00.000,L2FT01-FTJ004,23.22,0.000,0.666012,16605,0.435592,0.055345,1,0,0,0.6600,宝安区,23,23,0,0,0,0,1
2021-02-15,589179428,20190000000000000003,900200000000000039,1,73.193,306.367,22600.000,2021-02-15 23:15:00.000,L2FT01-FTJ004,23.22,0.000,0.666012,16605,0.435592,0.055345,1,0,0,0.6600,宝安区,23,23,0,0,0,0,1
2021-02-15,589179428,20190000000000000003,900200000000000039,1,129.724,310.427,40264.000,2021-02-15 23:30:00.000,L2FT01-FTJ004,23.22,0.000,0.666012,16605,0.435592,0.055345,1,0,0,0.6600,宝安区,23,23,0,0,0,0,1
2021-02-15,589179428,20190000000000000003,900200000000000039,1,129.900,311.560,40469.333,2021-02-15 23:45:00.000,L2FT01-FTJ004,23.22,0.000,0.666012,16605,0.435592,0.055345,1,0,0,0.6600,宝安区,23,23,0,0,0,0,1
2021-02-16,589179428,20190000000000000003,900200000000000039,1,129.897,313.753,40752.667,2021-02-16 00:00:00.000,L2FT01-FTJ004,24.00,0.000,0.666012,16605,0.435592,0.055345,1,0,0,0.6600,宝安区,23,23,0,0,0,0,1
2021-02-16,589179428,20190000000000000003,900200000000000039,1,129.897,315.127,40931.333,2021-02-16 00:15:00.000,L2FT01-FTJ004,24.00,0.000,0.666012,16605,0.435592,0.055345,1,0,0,0.6600,宝安区,23,23,0,0,0,0,1
2021-02-16,589179428,20190000000000000003,900200000000000045,1,129.874,310.055,40265.455,2021-02-16 00:15:00.000,L2FT01-FTJ004,24.00,0.000,0.666012,16605,0.435592,0.055345,1,0,0,0.6600,宝安区,23,23,0,0,0,0,1
2021-02-16,589179428,20190000000000000003,900200000000000039,1,91.984,322.711,29461.111,2021-02-16 00:30:00.000,L2FT01-FTJ004,24.00,0.000,0.666012,16605,0.435592,0.055345,1,0,0,0.6600,宝安区,23,23,0,0,0,0,1
2021-02-16,589179428,20190000000000000003,900200000000000045,1,129.934,310.820,40382.667,2021-02-16 00:30:00.000,L2FT01-FTJ004,24.00,0.000,0.666012,16605,0.435592,0.055345,1,0,0,0.6600,宝安区,23,23,0,0,0,0,1
2021-02-16,589179428,20190000000000000003,900200000000000045,1,129.905,312.600,40606.000,2021-02-16 00:45:00.000,L2FT01-FTJ004,24.00,0.000,0.666012,16605,0.435592,0.055345,1,0,0,0.6600,宝安区,23,23,0,0,0,0,1
2021-02-16,589179428,20190000000000000003,900200000000000045,1,129.978,314.107,40823.333,2021-02-16 01:00:00.000,L2FT01-FTJ004,24.78,0.000,0.666012,16605,0.435592,0.055345,1,0,0,0.6600,宝安区,23,23,0,0,0,0,1
2021-02-16,589179428,20190000000000000003,900200000000000050,1,99.890,474.400,47390.000,2021-02-16 01:00:00.000,L2FT01-FTJ004,24.78,0.000,0.666012,16605,0.435592,0.055345,1,0,0,0.6600,宝安区,23,23,0,0,0,0,1
2021-02-16,589179428,20190000000000000003,900200000000000052,1,126.885,303.738,38551.250,2021-02-16 01:00:00.000,L2FT01-FTJ004,24.78,0.000,0.666012,16605,0.435592,0.055345,1,0,0,0.6600,宝安区,23,23,0,0,0,0,1
2021-02-16,589179428,20190000000000000003,900200000000000045,1,130.006,315.713,41040.667,2021-02-16 01:15:00.000,L2FT01-FTJ004,24.78,0.000,0.666012,16605,0.435592,0.055345,1,0,0,0.6600,宝安区,23,23,0,0,0,0,1
2021-02-16,589179428,20190000000000000003,900200000000000050,1,99.818,483.960,48306.000,2021-02-16 01:15:00.000,L2FT01-FTJ004,24.78,0.000,0.666012,16605,0.435592,0.055345,1,0,0,0.6600,宝安区,23,23,0,0,0,0,1
2021-02-16,589179428,20190000000000000003,900200000000000052,1,129.800,309.367,40150.000,2021-02-16 01:15:00.000,L2FT01-FTJ004,24.78,0.000,0.666012,16605,0.435592,0.055345,1,0,0,0.6600,宝安区,23,23,0,0,0,0,1
2021-02-16,589179428,20190000000000000003,900200000000000050,1,99.806,487.733,48676.667,2021-02-16 01:30:00.000,L2FT01-FTJ004,24.78,0.000,0.666012,16605,0.435592,0.055345,1,0,0,0.6600,宝安区,23,23,0,0,0,0,1
2021-02-16,589179428,20190000000000000003,900200000000000052,1,129.800,311.060,40371.333,2021-02-16 01:30:00.000,L2FT01-FTJ004,24.78,0.000,0.666012,16605,0.435592,0.055345,1,0,0,0.6600,宝安区,23,23,0,0,0,0,1
2021-02-16,589179428,20190000000000000003,900200000000000045,1,71.264,322.614,22878.571,2021-02-16 01:30:00.000,L2FT01-FTJ004,24.78,0.000,0.666012,16605,0.435592,0.055345,1,0,0,0.6600,宝安区,23,23,0,0,0,0,1
2021-02-16,589179428,20190000000000000003,900200000000000052,1,129.812,312.387,40546.667,2021-02-16 01:45:00.000,L2FT01-FTJ004,24.78,0.000,0.666012,16605,0.435592,0.055345,1,0,0,0.6600,宝安区,23,23,0,0,0,0,1
2021-02-16,589179428,20190000000000000003,900200000000000050,1,99.800,491.233,49023.333,2021-02-16 01:45:00.000,L2FT01-FTJ004,24.78,0.000,0.666012,16605,0.435592,0.055345,1,0,0,0.6600,宝安区,23,23,0,0,0,0,1
2021-02-16,589179428,20190000000000000003,900200000000000050,1,91.044,497.407,45234.000,2021-02-16 02:00:00.000,L2FT01-FTJ004,25.50,0.000,0.666012,16605,0.435592,0.055345,1,0,0,0.6600,宝安区,23,23,0,0,0,0,1
2021-02-16,589179428,20190000000000000003,900200000000000052,1,129.830,313.967,40759.333,2021-02-16 02:00:00.000,L2FT01-FTJ004,25.50,0.000,0.666012,16605,0.435592,0.055345,1,0,0,0.6600,宝安区,23,23,0,0,0,0,1
2021-02-16,589179428,20190000000000000003,900200000000000050,1,14.830,499.000,7400.000,2021-02-16 02:15:00.000,L2FT01-FTJ004,25.50,0.000,0.666012,16605,0.435592,0.055345,1,0,0,0.6600,宝安区,23,23,0,0,0,0,1
2021-02-16,589179428,20190000000000000003,900200000000000052,1,129.872,314.813,40882.000,2021-02-16 02:15:00.000,L2FT01-FTJ004,25.50,0.000,0.666012,16605,0.435592,0.055345,1,0,0,0.6600,宝安区,23,23,0,0,0,0,1
2021-02-16,589179428,20190000000000000003,900200000000000044,1,54.267,329.750,17971.667,2021-02-16 02:30:00.000,L2FT01-FTJ004,25.50,0.000,0.666012,16605,0.435592,0.055345,1,0,0,0.6600,宝安区,23,23,0,0,0,0,1
2021-02-16,589179428,20190000000000000003,900200000000000052,1,129.878,316.640,41122.667,2021-02-16 02:30:00.000,L2FT01-FTJ004,25.50,0.000,0.666012,16605,0.435592,0.055345,1,0,0,0.6600,宝安区,23,23,0,0,0,0,1
2021-02-16,589179428,20190000000000000003,900200000000000044,1,71.390,337.167,24069.333,2021-02-16 02:45:00.000,L2FT01-FTJ004,25.50,0.000,0.666012,16605,0.435592,0.055345,1,0,0,0.6600,宝安区,23,23,0,0,0,0,1
2021-02-16,589179428,20190000000000000003,900200000000000052,1,71.794,328.960,23444.000,2021-02-16 02:45:00.000,L2FT01-FTJ004,25.50,0.000,0.666012,16605,0.435592,0.055345,1,0,0,0.6600,宝安区,23,23,0,0,0,0,1
2021-02-16,589179428,20190000000000000003,900200000000000044,1,71.390,340.880,24334.000,2021-02-16 03:00:00.000,L2FT01-FTJ004,26.12,0.000,0.666012,16605,0.435592,0.055345,1,0,0,0.6600,宝安区,23,23,0,0,0,0,1
2021-02-16,589179428,20190000000000000003,900200000000000044,1,71.456,344.587,24620.000,2021-02-16 03:15:00.000,L2FT01-FTJ004,26.12,0.000,0.666012,16605,0.435592,0.055345,1,0,0,0.6600,宝安区,23,23,0,0,0,0,1
2021-02-16,589179428,20190000000000000003,900200000000000044,1,71.500,350.400,25048.667,2021-02-16 03:30:00.000,L2FT01-FTJ004,26.12,0.000,0.666012,16605,0.435592,0.055345,1,0,0,0.6600,宝安区,23,23,0,0,0,0,1
2021-02-16,589179428,20190000000000000003,900200000000000044,1,71.500,359.493,25698.667,2021-02-16 03:45:00.000,L2FT01-FTJ004,26.12,0.000,0.666012,16605,0.435592,0.055345,1,0,0,0.6600,宝安区,23,23,0,0,0,0,1
2021-02-16,589179428,20190000000000000003,900200000000000044,1,71.500,370.380,26476.667,2021-02-16 04:00:00.000,L2FT01-FTJ004,26.60,0.000,0.666012,16605,0.435592,0.055345,1,0,0,0.6600,宝安区,23,23,0,0,0,0,1
2021-02-16,589179428,20190000000000000003,900200000000000044,1,62.374,380.680,23727.333,2021-02-16 04:15:00.000,L2FT01-FTJ004,26.60,0.000,0.666012,16605,0.435592,0.055345,1,0,0,0.6600,宝安区,23,23,0,0,0,0,1
2021-02-16,589179428,20190000000000000003,900200000000000044,1,47.345,388.400,18376.667,2021-02-16 04:30:00.000,L2FT01-FTJ004,26.60,0.000,0.666012,16605,0.435592,0.055345,1,0,0,0.6600,宝安区,23,23,0,0,0,0,1
2021-02-16,589179428,20190000000000000003,900200000000000042,1,99.815,487.767,48685.000,2021-02-16 06:00:00.000,L2FT01-FTJ004,27.00,0.000,0.666012,16605,0.435592,0.055345,1,0,0,0.6600,宝安区,23,23,0,0,0,0,1
2021-02-16,589179428,20190000000000000003,900200000000000056,1,121.184,302.013,36892.000,2021-02-16 06:15:00.000,L2FT01-FTJ004,27.00,0.000,0.666012,16605,0.435592,0.055345,1,0,0,0.6600,宝安区,23,23,0,0,0,0,1
2021-02-16,589179428,20190000000000000003,900200000000000042,1,99.836,491.000,49020.000,2021-02-16 06:15:00.000,L2FT01-FTJ004,27.00,0.000,0.666012,16605,0.435592,0.055345,1,0,0,0.6600,宝安区,23,23,0,0,0,0,1
2021-02-16,589179428,20190000000000000003,900200000000000042,1,59.177,492.553,29300.000,2021-02-16 06:30:00.000,L2FT01-FTJ004,27.00,0.000,0.666012,16605,0.435592,0.055345,1,0,0,0.6600,宝安区,23,23,0,0,0,0,1
2021-02-16,589179428,20190000000000000003,900200000000000056,1,129.897,309.827,40242.667,2021-02-16 06:30:00.000,L2FT01-FTJ004,27.00,0.000,0.666012,16605,0.435592,0.055345,1,0,0,0.6600,宝安区,23,23,0,0,0,0,1
2021-02-16,589179428,20190000000000000003,900200000000000042,1,7.025,480.220,3496.667,2021-02-16 06:45:00.000,L2FT01-FTJ004,27.00,0.000,0.666012,16605,0.435592,0.055345,1,0,0,0.6600,宝安区,23,23,0,0,0,0,1
2021-02-16,589179428,20190000000000000003,900200000000000056,1,129.993,311.067,40432.000,2021-02-16 06:45:00.000,L2FT01-FTJ004,27.00,0.000,0.666012,16605,0.435592,0.055345,1,0,0,0.6600,宝安区,23,23,0,0,0,0,1
2021-02-16,589179428,20190000000000000003,900200000000000034,1,129.826,309.643,40196.429,2021-02-16 07:00:00.000,L2FT01-FTJ004,26.90,0.000,0.666012,16605,0.435592,0.055345,1,0,0,0.6600,宝安区,23,23,0,0,0,0,1
2021-02-16,589179428,20190000000000000003,900200000000000056,1,130.000,311.987,40553.333,2021-02-16 07:00:00.000,L2FT01-FTJ004,26.90,0.000,0.666012,16605,0.435592,0.055345,1,0,0,0.6600,宝安区,23,23,0,0,0,0,1
2021-02-16,589179428,20190000000000000003,900200000000000034,1,130.368,310.340,40455.333,2021-02-16 07:15:00.000,L2FT01-FTJ004,26.90,0.000,0.666012,16605,0.435592,0.055345,1,0,0,0.6600,宝安区,23,23,0,0,0,0,1
2021-02-16,589179428,20190000000000000003,900200000000000056,1,130.000,313.880,40800.000,2021-02-16 07:15:00.000,L2FT01-FTJ004,26.90,0.000,0.666012,16605,0.435592,0.055345,1,0,0,0.6600,宝安区,23,23,0,0,0,0,1
2021-02-16,589179428,20190000000000000003,900200000000000034,1,129.866,312.120,40531.333,2021-02-16 07:30:00.000,L2FT01-FTJ004,26.90,0.000,0.666012,16605,0.435592,0.055345,1,0,0,0.6600,宝安区,23,23,0,0,0,0,1
2021-02-16,589179428,20190000000000000003,900200000000000034,1,129.897,313.333,40699.333,2021-02-16 07:45:00.000,L2FT01-FTJ004,26.90,0.000,0.666012,16605,0.435592,0.055345,1,0,0,0.6600,宝安区,23,23,0,0,0,0,1
2021-02-16,589179428,20190000000000000003,900200000000000034,1,129.934,314.340,40841.333,2021-02-16 08:00:00.000,L2FT01-FTJ004,26.60,0.000,0.666012,16605,0.435592,0.055345,1,0,0,0.6600,宝安区,23,23,0,0,0,0,1
2021-02-16,589179428,20190000000000000003,900200000000000034,1,119.253,317.213,37800.667,2021-02-16 08:15:00.000,L2FT01-FTJ004,26.60,0.000,0.666012,16605,0.435592,0.055345,1,0,0,0.6600,宝安区,23,23,0,0,0,0,1
2021-02-16,589179428,20190000000000000003,900200000000000034,1,29.890,320.000,9560.000,2021-02-16 08:30:00.000,L2FT01-FTJ004,26.60,0.000,0.666012,16605,0.435592,0.055345,1,0,0,0.6600,宝安区,23,23,0,0,0,0,1
2021-02-16,589179428,20190000000000000003,900200000000000042,1,76.691,461.050,35827.000,2021-02-16 10:45:00.000,L2FT01-FTJ004,25.50,0.000,0.666012,16605,0.435592,0.055345,1,0,0,0.6600,宝安区,23,23,0,0,0,0,1
2021-02-16,589179428,20190000000000000003,900200000000000042,1,92.411,469.153,43355.333,2021-02-16 11:00:00.000,L2FT01-FTJ004,24.78,0.000,0.666012,16605,0.435592,0.055345,1,0,0,0.6600,宝安区,23,23,0,0,0,0,1
2021-02-16,589179428,20190000000000000003,900200000000000042,1,22.742,442.375,10657.500,2021-02-16 11:15:00.000,L2FT01-FTJ004,24.78,0.000,0.666012,16605,0.435592,0.055345,1,0,0,0.6600,宝安区,23,23,0,0,0,0,1
2021-02-16,589179428,20190000000000000003,900200000000000035,1,63.799,332.609,21215.455,2021-02-16 11:15:00.000,L2FT01-FTJ004,24.78,0.000,0.666012,16605,0.435592,0.055345,1,0,0,0.6600,宝安区,23,23,0,0,0,0,1
2021-02-16,589179428,20190000000000000003,900200000000000031,1,63.841,319.462,20390.000,2021-02-16 11:30:00.000,L2FT01-FTJ004,24.78,0.000,0.666012,16605,0.435592,0.055345,1,0,0,0.6600,宝安区,23,23,0,0,0,0,1
2021-02-16,589179428,20190000000000000003,900200000000000035,1,63.912,337.007,21537.333,2021-02-16 11:30:00.000,L2FT01-FTJ004,24.78,0.000,0.666012,16605,0.435592,0.055345,1,0,0,0.6600,宝安区,23,23,0,0,0,0,1
2021-02-16,589179428,20190000000000000003,900200000000000031,1,63.790,324.527,20700.667,2021-02-16 11:45:00.000,L2FT01-FTJ004,24.78,0.000,0.666012,16605,0.435592,0.055345,1,0,0,0.6600,宝安区,23,23,0,0,0,0,1
2021-02-16,589179428,20190000000000000003,900200000000000035,1,63.890,344.420,22002.667,2021-02-16 11:45:00.000,L2FT01-FTJ004,24.78,0.000,0.666012,16605,0.435592,0.055345,1,0,0,0.6600,宝安区,23,23,0,0,0,0,1
2021-02-16,589179428,20190000000000000003,900200000000000031,1,63.790,329.460,21014.667,2021-02-16 12:00:00.000,L2FT01-FTJ004,24.00,0.000,0.666012,16605,0.435592,0.055345,1,0,0,0.6600,宝安区,23,23,0,0,0,0,1
2021-02-16,589179428,20190000000000000003,900200000000000035,1,63.890,354.600,22654.667,2021-02-16 12:00:00.000,L2FT01-FTJ004,24.00,0.000,0.666012,16605,0.435592,0.055345,1,0,0,0.6600,宝安区,23,23,0,0,0,0,1
2021-02-16,589179428,20190000000000000003,900200000000000035,1,63.890,366.147,23392.000,2021-02-16 12:15:00.000,L2FT01-FTJ004,24.00,0.000,0.666012,16605,0.435592,0.055345,1,0,0,0.6600,宝安区,23,23,0,0,0,0,1
2021-02-16,589179428,20190000000000000003,900200000000000031,1,63.790,337.053,21498.000,2021-02-16 12:15:00.000,L2FT01-FTJ004,24.00,0.000,0.666012,16605,0.435592,0.055345,1,0,0,0.6600,宝安区,23,23,0,0,0,0,1
2021-02-16,589179428,20190000000000000003,900200000000000031,1,63.790,347.200,22148.000,2021-02-16 12:30:00.000,L2FT01-FTJ004,24.00,0.000,0.666012,16605,0.435592,0.055345,1,0,0,0.6600,宝安区,23,23,0,0,0,0,1
2021-02-16,589179428,20190000000000000003,900200000000000035,1,36.130,373.627,13496.667,2021-02-16 12:30:00.000,L2FT01-FTJ004,24.00,0.000,0.666012,16605,0.435592,0.055345,1,0,0,0.6600,宝安区,23,23,0,0,0,0,1
2021-02-16,589179428,20190000000000000003,900200000000000031,1,63.790,358.427,22863.333,2021-02-16 12:45:00.000,L2FT01-FTJ004,24.00,0.000,0.666012,16605,0.435592,0.055345,1,0,0,0.6600,宝安区,23,23,0,0,0,0,1
2021-02-16,589179428,20190000000000000003,900200000000000035,1,15.623,376.620,5882.667,2021-02-16 12:45:00.000,L2FT01-FTJ004,24.00,0.000,0.666012,16605,0.435592,0.055345,1,0,0,0.6600,宝安区,23,23,0,0,0,0,1
2021-02-16,589179428,20190000000000000003,900200000000000036,1,149.927,314.500,47150.000,2021-02-16 12:45:00.000,L2FT01-FTJ004,24.00,0.000,0.666012,16605,0.435592,0.055345,1,0,0,0.6600,宝安区,23,23,0,0,0,0,1
2021-02-16,589179428,20190000000000000003,900200000000000031,1,30.662,364.307,11165.333,2021-02-16 13:00:00.000,L2FT01-FTJ004,23.22,0.000,0.666012,16605,0.435592,0.055345,1,0,0,0.6600,宝安区,23,23,0,0,0,0,1
2021-02-16,589179428,20190000000000000003,900200000000000035,1,11.392,362.160,4170.000,2021-02-16 13:00:00.000,L2FT01-FTJ004,23.22,0.000,0.666012,16605,0.435592,0.055345,1,0,0,0.6600,宝安区,23,23,0,0,0,0,1
2021-02-16,589179428,20190000000000000003,900200000000000036,1,149.857,315.067,47213.333,2021-02-16 13:00:00.000,L2FT01-FTJ004,23.22,0.000,0.666012,16605,0.435592,0.055345,1,0,0,0.6600,宝安区,23,23,0,0,0,0,1
2021-02-16,589179428,20190000000000000003,900200000000000036,1,127.925,321.420,40836.000,2021-02-16 13:15:00.000,L2FT01-FTJ004,23.22,0.000,0.666012,16605,0.435592,0.055345,1,0,0,0.6600,宝安区,23,23,0,0,0,0,1
2021-02-16,589179428,20190000000000000003,900200000000000031,1,12.690,366.207,4646.000,2021-02-16 13:15:00.000,L2FT01-FTJ004,23.22,0.000,0.666012,16605,0.435592,0.055345,1,0,0,0.6600,宝安区,23,23,0,0,0,0,1
2021-02-16,589179428,20190000000000000003,900200000000000035,1,57.035,346.167,19826.667,2021-02-16 13:15:00.000,L2FT01-FTJ004,23.22,0.000,0.666012,16605,0.435592,0.055345,1,0,0,0.6600,宝安区,23,23,0,0,0,0,1
2021-02-16,589179428,20190000000000000003,900200000000000031,1,10.698,368.050,3935.714,2021-02-16 13:30:00.000,L2FT01-FTJ004,23.22,0.000,0.666012,16605,0.435592,0.055345,1,0,0,0.6600,宝安区,23,23,0,0,0,0,1
2021-02-16,589179428,20190000000000000003,900200000000000035,1,71.500,357.473,25554.000,2021-02-16 13:30:00.000,L2FT01-FTJ004,23.22,0.000,0.666012,16605,0.435592,0.055345,1,0,0,0.6600,宝安区,23,23,0,0,0,0,1
2021-02-16,589179428,20190000000000000003,900200000000000035,1,71.512,365.653,26144.667,2021-02-16 13:45:00.000,L2FT01-FTJ004,23.22,0.000,0.666012,16605,0.435592,0.055345,1,0,0,0.6600,宝安区,23,23,0,0,0,0,1
2021-02-16,589179428,20190000000000000003,900200000000000056,1,134.066,369.386,49510.000,2021-02-16 13:45:00.000,L2FT01-FTJ004,23.22,0.000,0.666012,16605,0.435592,0.055345,1,0,0,0.6600,宝安区,23,23,0,0,0,0,1
2021-02-16,589179428,20190000000000000003,900200000000000035,1,68.038,374.100,25436.000,2021-02-16 14:00:00.000,L2FT01-FTJ004,22.50,0.000,0.666012,16605,0.435592,0.055345,1,0,0,0.6600,宝安区,23,23,0,0,0,0,1
2021-02-16,589179428,20190000000000000003,900200000000000056,1,120.667,384.773,46400.667,2021-02-16 14:00:00.000,L2FT01-FTJ004,22.50,0.000,0.666012,16605,0.435592,0.055345,1,0,0,0.6600,宝安区,23,23,0,0,0,0,1
2021-02-16,589179428,20190000000000000003,900200000000000035,1,40.267,378.455,15236.364,2021-02-16 14:15:00.000,L2FT01-FTJ004,22.50,0.000,0.666012,16605,0.435592,0.055345,1,0,0,0.6600,宝安区,23,23,0,0,0,0,1
2021-02-16,589179428,20190000000000000003,900200000000000044,1,91.709,408.062,37411.250,2021-02-16 14:15:00.000,L2FT01-FTJ004,22.50,0.000,0.666012,16605,0.435592,0.055345,1,0,0,0.6600,宝安区,23,23,0,0,0,0,1
2021-02-16,589179428,20190000000000000003,900200000000000056,1,52.985,396.147,20975.333,2021-02-16 14:15:00.000,L2FT01-FTJ004,22.50,0.000,0.666012,16605,0.435592,0.055345,1,0,0,0.6600,宝安区,23,23,0,0,0,0,1
2021-02-16,589179428,20190000000000000003,900200000000000044,1,70.044,417.780,29262.667,2021-02-16 14:30:00.000,L2FT01-FTJ004,22.50,0.000,0.666012,16605,0.435592,0.055345,1,0,0,0.6600,宝安区,23,23,0,0,0,0,1
2021-02-16,589179428,20190000000000000003,900200000000000056,1,22.379,401.713,8994.000,2021-02-16 14:30:00.000,L2FT01-FTJ004,22.50,0.000,0.666012,16605,0.435592,0.055345,1,0,0,0.6600,宝安区,23,23,0,0,0,0,1
2021-02-16,589179428,20190000000000000003,900200000000000044,1,69.565,432.307,30068.667,2021-02-16 14:45:00.000,L2FT01-FTJ004,22.50,0.000,0.666012,16605,0.435592,0.055345,1,0,0,0.6600,宝安区,23,23,0,0,0,0,1
2021-02-16,589179428,20190000000000000003,900200000000000056,1,17.212,403.320,6940.000,2021-02-16 14:45:00.000,L2FT01-FTJ004,22.50,0.000,0.666012,16605,0.435592,0.055345,1,0,0,0.6600,宝安区,23,23,0,0,0,0,1
2021-02-16,589179428,20190000000000000003,900200000000000044,1,50.990,445.193,22675.714,2021-02-16 15:00:00.000,L2FT01-FTJ004,21.88,0.000,0.666012,16605,0.435592,0.055345,1,0,0,0.6600,宝安区,23,23,0,0,0,0,1
2021-02-16,589179428,20190000000000000003,900200000000000032,1,91.759,356.093,32739.333,2021-02-16 15:15:00.000,L2FT01-FTJ004,21.88,0.000,0.666012,16605,0.435592,0.055345,1,0,0,0.6600,宝安区,23,23,0,0,0,0,1
2021-02-16,589179428,20190000000000000003,900200000000000032,1,74.293,356.367,26498.000,2021-02-16 15:30:00.000,L2FT01-FTJ004,21.88,0.000,0.666012,16605,0.435592,0.055345,1,0,0,0.6600,宝安区,23,23,0,0,0,0,1
2021-02-16,589179428,20190000000000000003,900200000000000032,1,48.831,355.767,17383.333,2021-02-16 15:45:00.000,L2FT01-FTJ004,21.88,0.000,0.666012,16605,0.435592,0.055345,1,0,0,0.6600,宝安区,23,23,0,0,0,0,1
2021-02-16,589179428,20190000000000000003,900200000000000032,1,24.890,355.950,8858.333,2021-02-16 16:00:00.000,L2FT01-FTJ004,21.40,0.000,0.666012,16605,0.435592,0.055345,1,0,0,0.6600,宝安区,23,23,0,0,0,0,1
2021-02-16,589179428,20190000000000000003,900200000000000056,1,17.890,353.400,6320.000,2021-02-16 20:30:00.000,L2FT01-FTJ004,21.40,0.000,0.666012,16605,0.435592,0.055345,1,0,0,0.6600,宝安区,23,23,0,0,0,0,1
2021-02-16,589179428,20190000000000000003,900200000000000056,1,111.178,370.207,41213.333,2021-02-16 20:45:00.000,L2FT01-FTJ004,21.40,0.000,0.666012,16605,0.435592,0.055345,1,0,0,0.6600,宝安区,23,23,0,0,0,0,1
2021-02-16,589179428,20190000000000000003,900200000000000056,1,68.485,382.900,26188.667,2021-02-16 21:00:00.000,L2FT01-FTJ004,21.88,0.000,0.666012,16605,0.435592,0.055345,1,0,0,0.6600,宝安区,23,23,0,0,0,0,1
2021-02-16,589179428,20190000000000000003,900200000000000056,1,25.943,386.227,10018.667,2021-02-16 21:15:00.000,L2FT01-FTJ004,21.88,0.000,0.666012,16605,0.435592,0.055345,1,0,0,0.6600,宝安区,23,23,0,0,0,0,1
2021-02-16,589179428,20190000000000000003,900200000000000056,1,26.290,388.933,10223.333,2021-02-16 21:30:00.000,L2FT01-FTJ004,21.88,0.000,0.666012,16605,0.435592,0.055345,1,0,0,0.6600,宝安区,23,23,0,0,0,0,1
2021-02-16,589179428,20190000000000000003,900200000000000048,1,122.603,305.700,37534.000,2021-02-16 23:00:00.000,L2FT01-FTJ004,23.22,0.000,0.666012,16605,0.435592,0.055345,1,0,0,0.6600,宝安区,23,23,0,0,0,0,1
2021-02-16,589179428,20190000000000000003,900200000000000030,1,121.063,399.933,48446.667,2021-02-16 23:15:00.000,L2FT01-FTJ004,23.22,0.000,0.666012,16605,0.435592,0.055345,1,0,0,0.6600,宝安区,23,23,0,0,0,0,1
2021-02-16,589179428,20190000000000000003,900200000000000048,1,129.890,309.567,40208.000,2021-02-16 23:15:00.000,L2FT01-FTJ004,23.22,0.000,0.666012,16605,0.435592,0.055345,1,0,0,0.6600,宝安区,23,23,0,0,0,0,1
2021-02-16,589179428,20190000000000000003,900200000000000030,1,127.260,412.873,52537.333,2021-02-16 23:30:00.000,L2FT01-FTJ004,23.22,0.000,0.666012,16605,0.435592,0.055345,1,0,0,0.6600,宝安区,23,23,0,0,0,0,1
2021-02-16,589179428,20190000000000000003,900200000000000048,1,129.890,310.233,40294.000,2021-02-16 23:30:00.000,L2FT01-FTJ004,23.22,0.000,0.666012,16605,0.435592,0.055345,1,0,0,0.6600,宝安区,23,23,0,0,0,0,1
2021-02-16,589179428,20190000000000000003,900200000000000030,1,126.848,424.760,53876.667,2021-02-16 23:45:00.000,L2FT01-FTJ004,23.22,0.000,0.666012,16605,0.435592,0.055345,1,0,0,0.6600,宝安区,23,23,0,0,0,0,1
2021-02-16,589179428,20190000000000000003,900200000000000048,1,129.941,311.547,40479.333,2021-02-16 23:45:00.000,L2FT01-FTJ004,23.22,0.000,0.666012,16605,0.435592,0.055345,1,0,0,0.6600,宝安区,23,23,0,0,0,0,1
2021-02-16,589179428,20190000000000000003,900200000000000057,1,149.873,309.875,46820.000,2021-02-16 23:45:00.000,L2FT01-FTJ004,23.22,0.000,0.666012,16605,0.435592,0.055345,1,0,0,0.6600,宝安区,23,23,0,0,0,0,1
2021-02-17,589179428,20190000000000000003,900200000000000057,1,199.871,314.987,62951.333,2021-02-17 00:00:00.000,L2FT01-FTJ004,24.00,0.000,0.666012,16605,0.435592,0.055345,1,0,0,0.6600,宝安区,23,23,0,0,0,0,1
2021-02-17,589179428,20190000000000000003,900200000000000048,1,130.000,313.600,40764.000,2021-02-17 00:00:00.000,L2FT01-FTJ004,24.00,0.000,0.666012,16605,0.435592,0.055345,1,0,0,0.6600,宝安区,23,23,0,0,0,0,1
2021-02-17,589179428,20190000000000000003,900200000000000030,1,126.872,446.620,56662.667,2021-02-17 00:00:00.000,L2FT01-FTJ004,24.00,0.000,0.666012,16605,0.435592,0.055345,1,0,0,0.6600,宝安区,23,23,0,0,0,0,1
2021-02-17,589179428,20190000000000000003,900200000000000030,1,62.711,463.500,29027.333,2021-02-17 00:15:00.000,L2FT01-FTJ004,24.00,0.000,0.666012,16605,0.435592,0.055345,1,0,0,0.6600,宝安区,23,23,0,0,0,0,1
2021-02-17,589179428,20190000000000000003,900200000000000048,1,129.993,314.720,40907.333,2021-02-17 00:15:00.000,L2FT01-FTJ004,24.00,0.000,0.666012,16605,0.435592,0.055345,1,0,0,0.6600,宝安区,23,23,0,0,0,0,1
2021-02-17,589179428,20190000000000000003,900200000000000057,1,199.890,317.413,63442.667,2021-02-17 00:15:00.000,L2FT01-FTJ004,24.00,0.000,0.666012,16605,0.435592,0.055345,1,0,0,0.6600,宝安区,23,23,0,0,0,0,1
2021-02-17,589179428,20190000000000000003,900200000000000030,1,20.790,466.291,9694.545,2021-02-17 00:30:00.000,L2FT01-FTJ004,24.00,0.000,0.666012,16605,0.435592,0.055345,1,0,0,0.6600,宝安区,23,23,0,0,0,0,1
2021-02-17,589179428,20190000000000000003,900200000000000048,1,87.793,322.740,28103.000,2021-02-17 00:30:00.000,L2FT01-FTJ004,24.00,0.000,0.666012,16605,0.435592,0.055345,1,0,0,0.6600,宝安区,23,23,0,0,0,0,1
2021-02-17,589179428,20190000000000000003,900200000000000057,1,107.365,327.075,34902.500,2021-02-17 00:30:00.000,L2FT01-FTJ004,24.00,0.000,0.666012,16605,0.435592,0.055345,1,0,0,0.6600,宝安区,23,23,0,0,0,0,1
2021-02-17,589179428,20190000000000000003,900200000000000032,1,130.000,309.600,40240.000,2021-02-17 04:15:00.000,L2FT01-FTJ004,26.60,0.000,0.666012,16605,0.435592,0.055345,1,0,0,0.6600,宝安区,23,23,0,0,0,0,1
2021-02-17,589179428,20190000000000000003,900200000000000032,1,129.894,311.540,40464.000,2021-02-17 04:30:00.000,L2FT01-FTJ004,26.60,0.000,0.666012,16605,0.435592,0.055345,1,0,0,0.6600,宝安区,23,23,0,0,0,0,1
2021-02-17,589179428,20190000000000000003,900200000000000032,1,130.024,313.813,40798.667,2021-02-17 04:45:00.000,L2FT01-FTJ004,26.60,0.000,0.666012,16605,0.435592,0.055345,1,0,0,0.6600,宝安区,23,23,0,0,0,0,1
2021-02-17,589179428,20190000000000000003,900200000000000032,1,130.054,314.680,40924.000,2021-02-17 05:00:00.000,L2FT01-FTJ004,26.90,0.000,0.666012,16605,0.435592,0.055345,1,0,0,0.6600,宝安区,23,23,0,0,0,0,1
2021-02-17,589179428,20190000000000000003,900200000000000052,1,105.647,312.986,33064.286,2021-02-17 06:15:00.000,L2FT01-FTJ004,27.00,0.000,0.666012,16605,0.435592,0.055345,1,0,0,0.6600,宝安区,23,23,0,0,0,0,1
2021-02-17,589179428,20190000000000000003,900200000000000057,1,180.714,313.240,56744.000,2021-02-17 06:15:00.000,L2FT01-FTJ004,27.00,0.000,0.666012,16605,0.435592,0.055345,1,0,0,0.6600,宝安区,23,23,0,0,0,0,1
2021-02-17,589179428,20190000000000000003,900200000000000052,1,105.590,315.550,33320.000,2021-02-17 06:30:00.000,L2FT01-FTJ004,27.00,0.000,0.666012,16605,0.435592,0.055345,1,0,0,0.6600,宝安区,23,23,0,0,0,0,1
2021-02-17,589179428,20190000000000000003,900200000000000057,1,199.848,316.707,63287.333,2021-02-17 06:30:00.000,L2FT01-FTJ004,27.00,0.000,0.666012,16605,0.435592,0.055345,1,0,0,0.6600,宝安区,23,23,0,0,0,0,1
2021-02-17,589179428,20190000000000000003,900200000000000057,1,181.656,320.609,58182.727,2021-02-17 06:45:00.000,L2FT01-FTJ004,27.00,0.000,0.666012,16605,0.435592,0.055345,1,0,0,0.6600,宝安区,23,23,0,0,0,0,1
2021-02-17,589179428,20190000000000000003,900200000000000052,1,149.857,306.600,45943.333,2021-02-17 07:00:00.000,L2FT01-FTJ004,26.90,0.000,0.666012,16605,0.435592,0.055345,1,0,0,0.6600,宝安区,23,23,0,0,0,0,1
2021-02-17,589179428,20190000000000000003,900200000000000030,1,199.800,312.100,62350.000,2021-02-17 10:15:00.000,L2FT01-FTJ004,25.50,0.000,0.666012,16605,0.435592,0.055345,1,0,0,0.6600,宝安区,23,23,0,0,0,0,1
2021-02-17,589179428,20190000000000000003,900200000000000050,1,111.296,311.829,33762.857,2021-02-17 15:45:00.000,L2FT01-FTJ004,21.88,0.000,0.666012,16605,0.435592,0.055345,1,0,0,0.6600,宝安区,23,23,0,0,0,0,1
2021-02-17,589179428,20190000000000000003,900200000000000050,1,129.848,308.220,40019.333,2021-02-17 16:00:00.000,L2FT01-FTJ004,21.40,0.000,0.666012,16605,0.435592,0.055345,1,0,0,0.6600,宝安区,23,23,0,0,0,0,1
2021-02-17,589179428,20190000000000000003,900200000000000050,1,129.848,310.767,40348.000,2021-02-17 16:15:00.000,L2FT01-FTJ004,21.40,0.000,0.666012,16605,0.435592,0.055345,1,0,0,0.6600,宝安区,23,23,0,0,0,0,1
2021-02-17,589179428,20190000000000000003,900200000000000050,1,129.884,311.793,40495.333,2021-02-17 16:30:00.000,L2FT01-FTJ004,21.40,0.000,0.666012,16605,0.435592,0.055345,1,0,0,0.6600,宝安区,23,23,0,0,0,0,1
2021-02-17,589179428,20190000000000000003,900200000000000050,1,129.890,313.567,40727.333,2021-02-17 16:45:00.000,L2FT01-FTJ004,21.40,0.000,0.666012,16605,0.435592,0.055345,1,0,0,0.6600,宝安区,23,23,0,0,0,0,1
2021-02-17,589179428,20190000000000000003,900200000000000050,1,129.872,314.667,40862.667,2021-02-17 17:00:00.000,L2FT01-FTJ004,21.10,0.000,0.666012,16605,0.435592,0.055345,1,0,0,0.6600,宝安区,23,23,0,0,0,0,1
2021-02-17,589179428,20190000000000000003,900200000000000050,1,129.824,316.347,41064.000,2021-02-17 17:15:00.000,L2FT01-FTJ004,21.10,0.000,0.666012,16605,0.435592,0.055345,1,0,0,0.6600,宝安区,23,23,0,0,0,0,1
2021-02-17,589179428,20190000000000000003,900200000000000050,1,62.321,326.500,20217.143,2021-02-17 17:30:00.000,L2FT01-FTJ004,21.10,0.000,0.666012,16605,0.435592,0.055345,1,0,0,0.6600,宝安区,23,23,0,0,0,0,1
2021-02-17,589179428,20190000000000000003,900200000000000039,1,143.525,318.225,44780.000,2021-02-17 21:00:00.000,L2FT01-FTJ004,21.88,0.000,0.666012,16605,0.435592,0.055345,1,0,0,0.6600,宝安区,23,23,0,0,0,0,1
2021-02-17,589179428,20190000000000000003,900200000000000039,1,191.147,313.960,60007.333,2021-02-17 21:15:00.000,L2FT01-FTJ004,21.88,0.000,0.666012,16605,0.435592,0.055345,1,0,0,0.6600,宝安区,23,23,0,0,0,0,1
2021-02-17,589179428,20190000000000000003,900200000000000039,1,191.240,316.247,60475.333,2021-02-17 21:30:00.000,L2FT01-FTJ004,21.88,0.000,0.666012,16605,0.435592,0.055345,1,0,0,0.6600,宝安区,23,23,0,0,0,0,1
2021-02-17,589179428,20190000000000000003,900200000000000039,1,137.836,322.860,44233.000,2021-02-17 21:45:00.000,L2FT01-FTJ004,21.88,0.000,0.666012,16605,0.435592,0.055345,1,0,0,0.6600,宝安区,23,23,0,0,0,0,1
2021-02-17,589179428,20190000000000000003,900200000000000043,1,129.345,309.150,39980.000,2021-02-17 22:30:00.000,L2FT01-FTJ004,22.50,0.000,0.666012,16605,0.435592,0.055345,1,0,0,0.6600,宝安区,23,23,0,0,0,0,1
2021-02-17,589179428,20190000000000000003,900200000000000057,1,130.104,310.540,40399.000,2021-02-17 22:45:00.000,L2FT01-FTJ004,22.50,0.000,0.666012,16605,0.435592,0.055345,1,0,0,0.6600,宝安区,23,23,0,0,0,0,1
2021-02-17,589179428,20190000000000000003,900200000000000057,1,129.818,311.373,40417.333,2021-02-17 23:00:00.000,L2FT01-FTJ004,23.22,0.000,0.666012,16605,0.435592,0.055345,1,0,0,0.6600,宝安区,23,23,0,0,0,0,1
2021-02-17,589179428,20190000000000000003,900200000000000037,1,129.841,310.886,40361.429,2021-02-17 23:00:00.000,L2FT01-FTJ004,23.22,0.000,0.666012,16605,0.435592,0.055345,1,0,0,0.6600,宝安区,23,23,0,0,0,0,1
2021-02-17,589179428,20190000000000000003,900200000000000037,1,129.824,311.187,40398.000,2021-02-17 23:15:00.000,L2FT01-FTJ004,23.22,0.000,0.666012,16605,0.435592,0.055345,1,0,0,0.6600,宝安区,23,23,0,0,0,0,1
2021-02-17,589179428,20190000000000000003,900200000000000057,1,129.854,313.433,40698.000,2021-02-17 23:15:00.000,L2FT01-FTJ004,23.22,0.000,0.666012,16605,0.435592,0.055345,1,0,0,0.6600,宝安区,23,23,0,0,0,0,1
2021-02-17,589179428,20190000000000000003,900200000000000037,1,129.890,312.647,40608.000,2021-02-17 23:30:00.000,L2FT01-FTJ004,23.22,0.000,0.666012,16605,0.435592,0.055345,1,0,0,0.6600,宝安区,23,23,0,0,0,0,1
2021-02-17,589179428,20190000000000000003,900200000000000057,1,129.866,314.487,40838.667,2021-02-17 23:30:00.000,L2FT01-FTJ004,23.22,0.000,0.666012,16605,0.435592,0.055345,1,0,0,0.6600,宝安区,23,23,0,0,0,0,1
2021-02-17,589179428,20190000000000000003,900200000000000037,1,129.905,314.433,40844.000,2021-02-17 23:45:00.000,L2FT01-FTJ004,23.22,0.000,0.666012,16605,0.435592,0.055345,1,0,0,0.6600,宝安区,23,23,0,0,0,0,1
2021-02-18,589179428,20190000000000000003,900200000000000037,1,129.825,316.060,41028.667,2021-02-18 00:00:00.000,L2FT01-FTJ004,24.00,0.000,0.666012,16605,0.435592,0.055345,0,0,1,0.6600,宝安区,23,23,0,0,0,0,1
2021-02-18,589179428,20190000000000000003,900200000000000056,1,43.193,313.600,14603.333,2021-02-18 00:00:00.000,L2FT01-FTJ004,24.00,0.000,0.666012,16605,0.435592,0.055345,0,0,1,0.6600,宝安区,23,23,0,0,0,0,1
2021-02-18,589179428,20190000000000000003,900200000000000037,1,73.158,321.100,23439.167,2021-02-18 00:15:00.000,L2FT01-FTJ004,24.00,0.000,0.666012,16605,0.435592,0.055345,0,0,1,0.6600,宝安区,23,23,0,0,0,0,1
2021-02-18,589179428,20190000000000000003,900200000000000043,1,131.197,308.700,40500.000,2021-02-18 00:15:00.000,L2FT01-FTJ004,24.00,0.000,0.666012,16605,0.435592,0.055345,0,0,1,0.6600,宝安区,23,23,0,0,0,0,1
2021-02-18,589179428,20190000000000000003,900200000000000056,1,64.830,340.967,22103.333,2021-02-18 00:15:00.000,L2FT01-FTJ004,24.00,0.000,0.666012,16605,0.435592,0.055345,0,0,1,0.6600,宝安区,23,23,0,0,0,0,1
2021-02-18,589179428,20190000000000000003,900200000000000043,1,129.800,309.827,40212.667,2021-02-18 00:30:00.000,L2FT01-FTJ004,24.00,0.000,0.666012,16605,0.435592,0.055345,0,0,1,0.6600,宝安区,23,23,0,0,0,0,1
2021-02-18,589179428,20190000000000000003,900200000000000056,1,64.790,342.213,22171.333,2021-02-18 00:30:00.000,L2FT01-FTJ004,24.00,0.000,0.666012,16605,0.435592,0.055345,0,0,1,0.6600,宝安区,23,23,0,0,0,0,1
2021-02-18,589179428,20190000000000000003,900200000000000043,1,129.800,310.853,40343.333,2021-02-18 00:45:00.000,L2FT01-FTJ004,24.00,0.000,0.666012,16605,0.435592,0.055345,0,0,1,0.6600,宝安区,23,23,0,0,0,0,1
2021-02-18,589179428,20190000000000000003,900200000000000056,1,56.203,342.487,19260.000,2021-02-18 00:45:00.000,L2FT01-FTJ004,24.00,0.000,0.666012,16605,0.435592,0.055345,0,0,1,0.6600,宝安区,23,23,0,0,0,0,1
2021-02-18,589179428,20190000000000000003,900200000000000043,1,129.845,312.300,40550.000,2021-02-18 01:00:00.000,L2FT01-FTJ004,24.78,0.000,0.666012,16605,0.435592,0.055345,0,0,1,0.6600,宝安区,23,23,0,0,0,0,1
2021-02-18,589179428,20190000000000000003,900200000000000034,1,129.868,308.775,40097.500,2021-02-18 01:00:00.000,L2FT01-FTJ004,24.78,0.000,0.666012,16605,0.435592,0.055345,0,0,1,0.6600,宝安区,23,23,0,0,0,0,1
2021-02-18,589179428,20190000000000000003,900200000000000056,1,29.531,340.820,10064.000,2021-02-18 01:00:00.000,L2FT01-FTJ004,24.78,0.000,0.666012,16605,0.435592,0.055345,0,0,1,0.6600,宝安区,23,23,0,0,0,0,1
2021-02-18,589179428,20190000000000000003,900200000000000056,1,23.590,343.686,8102.857,2021-02-18 01:15:00.000,L2FT01-FTJ004,24.78,0.000,0.666012,16605,0.435592,0.055345,0,0,1,0.6600,宝安区,23,23,0,0,0,0,1
2021-02-18,589179428,20190000000000000003,900200000000000034,1,129.836,310.533,40314.000,2021-02-18 01:15:00.000,L2FT01-FTJ004,24.78,0.000,0.666012,16605,0.435592,0.055345,0,0,1,0.6600,宝安区,23,23,0,0,0,0,1
2021-02-18,589179428,20190000000000000003,900200000000000034,1,129.866,311.133,40401.333,2021-02-18 01:30:00.000,L2FT01-FTJ004,24.78,0.000,0.666012,16605,0.435592,0.055345,0,0,1,0.6600,宝安区,23,23,0,0,0,0,1
2021-02-18,589179428,20190000000000000003,900200000000000034,1,129.890,313.040,40658.667,2021-02-18 01:45:00.000,L2FT01-FTJ004,24.78,0.000,0.666012,16605,0.435592,0.055345,0,0,1,0.6600,宝安区,23,23,0,0,0,0,1
2021-02-18,589179428,20190000000000000003,900200000000000034,1,129.912,314.193,40814.667,2021-02-18 02:00:00.000,L2FT01-FTJ004,25.50,0.000,0.666012,16605,0.435592,0.055345,0,0,1,0.6600,宝安区,23,23,0,0,0,0,1
2021-02-18,589179428,20190000000000000003,900200000000000034,1,129.905,316.367,41094.667,2021-02-18 02:15:00.000,L2FT01-FTJ004,25.50,0.000,0.666012,16605,0.435592,0.055345,0,0,1,0.6600,宝安区,23,23,0,0,0,0,1
2021-02-18,589179428,20190000000000000003,900200000000000034,1,51.290,326.140,16662.000,2021-02-18 02:30:00.000,L2FT01-FTJ004,25.50,0.000,0.666012,16605,0.435592,0.055345,0,0,1,0.6600,宝安区,23,23,0,0,0,0,1
2021-02-18,589179428,20190000000000000003,900200000000000031,1,91.491,481.592,44539.167,2021-02-18 10:30:00.000,L2FT01-FTJ004,25.50,0.000,0.666012,16605,0.435592,0.055345,0,0,1,0.6600,宝安区,23,23,0,0,0,0,1
2021-02-18,589179428,20190000000000000003,900200000000000031,1,99.800,490.420,48942.000,2021-02-18 10:45:00.000,L2FT01-FTJ004,25.50,0.000,0.666012,16605,0.435592,0.055345,0,0,1,0.6600,宝安区,23,23,0,0,0,0,1
2021-02-18,589179428,20190000000000000003,900200000000000058,1,61.809,341.173,21084.545,2021-02-18 18:30:00.000,L2FT01-FTJ004,21.00,0.000,0.666012,16605,0.435592,0.055345,0,0,1,0.6600,宝安区,23,23,0,0,0,0,1
2021-02-18,589179428,20190000000000000003,900200000000000058,1,61.790,355.107,21940.000,2021-02-18 18:45:00.000,L2FT01-FTJ004,21.00,0.000,0.666012,16605,0.435592,0.055345,0,0,1,0.6600,宝安区,23,23,0,0,0,0,1
2021-02-18,589179428,20190000000000000003,900200000000000037,1,129.815,310.408,40290.833,2021-02-18 19:00:00.000,L2FT01-FTJ004,21.10,0.000,0.666012,16605,0.435592,0.055345,0,0,1,0.6600,宝安区,23,23,0,0,0,0,1
2021-02-18,589179428,20190000000000000003,900200000000000058,1,61.790,365.667,22593.333,2021-02-18 19:00:00.000,L2FT01-FTJ004,21.10,0.000,0.666012,16605,0.435592,0.055345,0,0,1,0.6600,宝安区,23,23,0,0,0,0,1
2021-02-18,589179428,20190000000000000003,900200000000000037,1,129.800,311.027,40366.667,2021-02-18 19:15:00.000,L2FT01-FTJ004,21.10,0.000,0.666012,16605,0.435592,0.055345,0,0,1,0.6600,宝安区,23,23,0,0,0,0,1
2021-02-18,589179428,20190000000000000003,900200000000000058,1,61.790,373.313,23066.667,2021-02-18 19:15:00.000,L2FT01-FTJ004,21.10,0.000,0.666012,16605,0.435592,0.055345,0,0,1,0.6600,宝安区,23,23,0,0,0,0,1
2021-02-18,589179428,20190000000000000003,900200000000000037,1,129.800,312.033,40496.667,2021-02-18 19:30:00.000,L2FT01-FTJ004,21.10,0.000,0.666012,16605,0.435592,0.055345,0,0,1,0.6600,宝安区,23,23,0,0,0,0,1
2021-02-18,589179428,20190000000000000003,900200000000000058,1,61.390,381.140,23395.333,2021-02-18 19:30:00.000,L2FT01-FTJ004,21.10,0.000,0.666012,16605,0.435592,0.055345,0,0,1,0.6600,宝安区,23,23,0,0,0,0,1
2021-02-18,589179428,20190000000000000003,900200000000000058,1,34.997,384.127,13442.667,2021-02-18 19:45:00.000,L2FT01-FTJ004,21.10,0.000,0.666012,16605,0.435592,0.055345,0,0,1,0.6600,宝安区,23,23,0,0,0,0,1
2021-02-18,589179428,20190000000000000003,900200000000000037,1,129.812,314.533,40824.667,2021-02-18 19:45:00.000,L2FT01-FTJ004,21.10,0.000,0.666012,16605,0.435592,0.055345,0,0,1,0.6600,宝安区,23,23,0,0,0,0,1
2021-02-18,589179428,20190000000000000003,900200000000000037,1,98.359,317.920,31230.667,2021-02-18 20:00:00.000,L2FT01-FTJ004,21.40,0.000,0.666012,16605,0.435592,0.055345,0,0,1,0.6600,宝安区,23,23,0,0,0,0,1
2021-02-18,589179428,20190000000000000003,900200000000000058,1,12.104,383.847,4642.000,2021-02-18 20:00:00.000,L2FT01-FTJ004,21.40,0.000,0.666012,16605,0.435592,0.055345,0,0,1,0.6600,宝安区,23,23,0,0,0,0,1
2021-02-18,589179428,20190000000000000003,900200000000000037,1,36.523,327.567,11973.333,2021-02-18 20:15:00.000,L2FT01-FTJ004,21.40,0.000,0.666012,16605,0.435592,0.055345,0,0,1,0.6600,宝安区,23,23,0,0,0,0,1
2021-02-18,589179428,20190000000000000003,900200000000000058,1,10.000,384.637,3842.500,2021-02-18 20:15:00.000,L2FT01-FTJ004,21.40,0.000,0.666012,16605,0.435592,0.055345,0,0,1,0.6600,宝安区,23,23,0,0,0,0,1
2021-02-18,589179428,20190000000000000003,900200000000000036,1,129.890,314.150,40800.000,2021-02-18 20:45:00.000,L2FT01-FTJ004,21.40,0.000,0.666012,16605,0.435592,0.055345,0,0,1,0.6600,宝安区,23,23,0,0,0,0,1
2021-02-18,589179428,20190000000000000003,900200000000000031,1,129.873,310.131,40273.077,2021-02-18 21:00:00.000,L2FT01-FTJ004,21.88,0.000,0.666012,16605,0.435592,0.055345,0,0,1,0.6600,宝安区,23,23,0,0,0,0,1
2021-02-18,589179428,20190000000000000003,900200000000000036,1,129.843,315.155,40916.364,2021-02-18 21:00:00.000,L2FT01-FTJ004,21.88,0.000,0.666012,16605,0.435592,0.055345,0,0,1,0.6600,宝安区,23,23,0,0,0,0,1
2021-02-18,589179428,20190000000000000003,900200000000000031,1,129.890,311.007,40394.000,2021-02-18 21:15:00.000,L2FT01-FTJ004,21.88,0.000,0.666012,16605,0.435592,0.055345,0,0,1,0.6600,宝安区,23,23,0,0,0,0,1
2021-02-18,589179428,20190000000000000003,900200000000000031,1,129.934,313.313,40706.667,2021-02-18 21:30:00.000,L2FT01-FTJ004,21.88,0.000,0.666012,16605,0.435592,0.055345,0,0,1,0.6600,宝安区,23,23,0,0,0,0,1
2021-02-18,589179428,20190000000000000003,900200000000000031,1,129.927,314.613,40874.000,2021-02-18 21:45:00.000,L2FT01-FTJ004,21.88,0.000,0.666012,16605,0.435592,0.055345,0,0,1,0.6600,宝安区,23,23,0,0,0,0,1
2021-02-18,589179428,20190000000000000003,900200000000000031,1,94.141,321.893,30065.000,2021-02-18 22:00:00.000,L2FT01-FTJ004,22.50,0.000,0.666012,16605,0.435592,0.055345,0,0,1,0.6600,宝安区,23,23,0,0,0,0,1
2021-02-18,589179428,20190000000000000003,900200000000000057,1,90.744,480.982,44450.909,2021-02-18 22:15:00.000,L2FT01-FTJ004,22.50,0.000,0.666012,16605,0.435592,0.055345,0,0,1,0.6600,宝安区,23,23,0,0,0,0,1
2021-02-18,589179428,20190000000000000003,900200000000000047,1,162.498,309.691,50655.455,2021-02-18 22:30:00.000,L2FT01-FTJ004,22.50,0.000,0.666012,16605,0.435592,0.055345,0,0,1,0.6600,宝安区,23,23,0,0,0,0,1
2021-02-18,589179428,20190000000000000003,900200000000000057,1,99.800,494.413,49340.667,2021-02-18 22:30:00.000,L2FT01-FTJ004,22.50,0.000,0.666012,16605,0.435592,0.055345,0,0,1,0.6600,宝安区,23,23,0,0,0,0,1
2021-02-18,589179428,20190000000000000003,900200000000000056,1,129.947,307.575,39965.000,2021-02-18 22:45:00.000,L2FT01-FTJ004,22.50,0.000,0.666012,16605,0.435592,0.055345,0,0,1,0.6600,宝安区,23,23,0,0,0,0,1
2021-02-18,589179428,20190000000000000003,900200000000000057,1,33.926,491.845,16745.455,2021-02-18 22:45:00.000,L2FT01-FTJ004,22.50,0.000,0.666012,16605,0.435592,0.055345,0,0,1,0.6600,宝安区,23,23,0,0,0,0,1
2021-02-18,589179428,20190000000000000003,900200000000000047,1,178.600,312.827,55866.000,2021-02-18 22:45:00.000,L2FT01-FTJ004,22.50,0.000,0.666012,16605,0.435592,0.055345,0,0,1,0.6600,宝安区,23,23,0,0,0,0,1
2021-02-18,589179428,20190000000000000003,900200000000000057,1,41.190,337.567,13970.000,2021-02-18 23:00:00.000,L2FT01-FTJ004,23.22,0.000,0.666012,16605,0.435592,0.055345,0,0,1,0.6600,宝安区,23,23,0,0,0,0,1
2021-02-18,589179428,20190000000000000003,900200000000000047,1,178.600,314.667,56194.000,2021-02-18 23:00:00.000,L2FT01-FTJ004,23.22,0.000,0.666012,16605,0.435592,0.055345,0,0,1,0.6600,宝安区,23,23,0,0,0,0,1
2021-02-18,589179428,20190000000000000003,900200000000000056,1,129.883,310.393,40310.667,2021-02-18 23:00:00.000,L2FT01-FTJ004,23.22,0.000,0.666012,16605,0.435592,0.055345,0,0,1,0.6600,宝安区,23,23,0,0,0,0,1
2021-02-18,589179428,20190000000000000003,900200000000000047,1,178.640,316.413,56519.333,2021-02-18 23:15:00.000,L2FT01-FTJ004,23.22,0.000,0.666012,16605,0.435592,0.055345,0,0,1,0.6600,宝安区,23,23,0,0,0,0,1
2021-02-18,589179428,20190000000000000003,900200000000000056,1,130.012,311.020,40432.667,2021-02-18 23:15:00.000,L2FT01-FTJ004,23.22,0.000,0.666012,16605,0.435592,0.055345,0,0,1,0.6600,宝安区,23,23,0,0,0,0,1
2021-02-18,589179428,20190000000000000003,900200000000000057,1,71.506,345.227,24682.000,2021-02-18 23:15:00.000,L2FT01-FTJ004,23.22,0.000,0.666012,16605,0.435592,0.055345,0,0,1,0.6600,宝安区,23,23,0,0,0,0,1
2021-02-18,589179428,20190000000000000003,900200000000000047,1,116.186,322.130,37237.000,2021-02-18 23:30:00.000,L2FT01-FTJ004,23.22,0.000,0.666012,16605,0.435592,0.055345,0,0,1,0.6600,宝安区,23,23,0,0,0,0,1
2021-02-18,589179428,20190000000000000003,900200000000000056,1,130.090,312.587,40662.667,2021-02-18 23:30:00.000,L2FT01-FTJ004,23.22,0.000,0.666012,16605,0.435592,0.055345,0,0,1,0.6600,宝安区,23,23,0,0,0,0,1
2021-02-18,589179428,20190000000000000003,900200000000000057,1,71.500,354.567,25346.000,2021-02-18 23:30:00.000,L2FT01-FTJ004,23.22,0.000,0.666012,16605,0.435592,0.055345,0,0,1,0.6600,宝安区,23,23,0,0,0,0,1
2021-02-18,589179428,20190000000000000003,900200000000000056,1,130.090,314.287,40884.000,2021-02-18 23:45:00.000,L2FT01-FTJ004,23.22,0.000,0.666012,16605,0.435592,0.055345,0,0,1,0.6600,宝安区,23,23,0,0,0,0,1
2021-02-18,589179428,20190000000000000003,900200000000000057,1,71.500,363.293,25971.333,2021-02-18 23:45:00.000,L2FT01-FTJ004,23.22,0.000,0.666012,16605,0.435592,0.055345,0,0,1,0.6600,宝安区,23,23,0,0,0,0,1
2021-02-19,589179428,20190000000000000003,900200000000000056,1,130.048,316.187,41116.667,2021-02-19 00:00:00.000,L2FT01-FTJ004,24.00,0.000,0.666012,16605,0.435592,0.055345,0,0,1,0.6600,宝安区,23,23,0,0,0,0,1
2021-02-19,589179428,20190000000000000003,900200000000000057,1,71.500,369.143,26388.571,2021-02-19 00:00:00.000,L2FT01-FTJ004,24.00,0.000,0.666012,16605,0.435592,0.055345,0,0,1,0.6600,宝安区,23,23,0,0,0,0,1
2021-02-19,589179428,20190000000000000003,900200000000000048,1,120.570,310.040,37450.000,2021-02-19 00:15:00.000,L2FT01-FTJ004,24.00,0.000,0.666012,16605,0.435592,0.055345,0,0,1,0.6600,宝安区,23,23,0,0,0,0,1
2021-02-19,589179428,20190000000000000003,900200000000000056,1,66.485,324.320,21496.000,2021-02-19 00:15:00.000,L2FT01-FTJ004,24.00,0.000,0.666012,16605,0.435592,0.055345,0,0,1,0.6600,宝安区,23,23,0,0,0,0,1
2021-02-19,589179428,20190000000000000003,900200000000000056,1,29.790,333.660,9938.000,2021-02-19 00:30:00.000,L2FT01-FTJ004,24.00,0.000,0.666012,16605,0.435592,0.055345,0,0,1,0.6600,宝安区,23,23,0,0,0,0,1
2021-02-19,589179428,20190000000000000003,900200000000000048,1,149.803,310.873,46568.667,2021-02-19 00:30:00.000,L2FT01-FTJ004,24.00,0.000,0.666012,16605,0.435592,0.055345,0,0,1,0.6600,宝安区,23,23,0,0,0,0,1
2021-02-19,589179428,20190000000000000003,900200000000000048,1,149.890,312.667,46862.667,2021-02-19 00:45:00.000,L2FT01-FTJ004,24.00,0.000,0.666012,16605,0.435592,0.055345,0,0,1,0.6600,宝安区,23,23,0,0,0,0,1
2021-02-19,589179428,20190000000000000003,900200000000000048,1,149.870,314.167,47081.333,2021-02-19 01:00:00.000,L2FT01-FTJ004,24.78,0.000,0.666012,16605,0.435592,0.055345,0,0,1,0.6600,宝安区,23,23,0,0,0,0,1
2021-02-19,589179428,20190000000000000003,900200000000000048,1,149.883,316.200,47391.333,2021-02-19 01:15:00.000,L2FT01-FTJ004,24.78,0.000,0.666012,16605,0.435592,0.055345,0,0,1,0.6600,宝安区,23,23,0,0,0,0,1
2021-02-19,589179428,20190000000000000003,900200000000000049,1,64.160,395.200,25353.333,2021-02-19 01:15:00.000,L2FT01-FTJ004,24.78,0.000,0.666012,16605,0.435592,0.055345,0,0,1,0.6600,宝安区,23,23,0,0,0,0,1
2021-02-19,589179428,20190000000000000003,900200000000000048,1,59.732,305.900,19344.000,2021-02-19 01:30:00.000,L2FT01-FTJ004,24.78,0.000,0.666012,16605,0.435592,0.055345,0,0,1,0.6600,宝安区,23,23,0,0,0,0,1
2021-02-19,589179428,20190000000000000003,900200000000000049,1,42.240,399.567,16873.333,2021-02-19 01:30:00.000,L2FT01-FTJ004,24.78,0.000,0.666012,16605,0.435592,0.055345,0,0,1,0.6600,宝安区,23,23,0,0,0,0,1
2021-02-19,589179428,20190000000000000003,900200000000000049,1,31.259,402.700,12583.333,2021-02-19 01:45:00.000,L2FT01-FTJ004,24.78,0.000,0.666012,16605,0.435592,0.055345,0,0,1,0.6600,宝安区,23,23,0,0,0,0,1
2021-02-19,589179428,20190000000000000003,900200000000000047,1,130.390,300.900,39230.000,2021-02-19 03:00:00.000,L2FT01-FTJ004,26.12,0.000,0.666012,16605,0.435592,0.055345,0,0,1,0.6600,宝安区,23,23,0,0,0,0,1
2021-02-19,589179428,20190000000000000003,900200000000000047,1,129.859,306.720,39828.667,2021-02-19 03:15:00.000,L2FT01-FTJ004,26.12,0.000,0.666012,16605,0.435592,0.055345,0,0,1,0.6600,宝安区,23,23,0,0,0,0,1
2021-02-19,589179428,20190000000000000003,900200000000000047,1,129.878,310.113,40274.000,2021-02-19 03:30:00.000,L2FT01-FTJ004,26.12,0.000,0.666012,16605,0.435592,0.055345,0,0,1,0.6600,宝安区,23,23,0,0,0,0,1
2021-02-19,589179428,20190000000000000003,900200000000000047,1,129.848,310.647,40332.667,2021-02-19 03:45:00.000,L2FT01-FTJ004,26.12,0.000,0.666012,16605,0.435592,0.055345,0,0,1,0.6600,宝安区,23,23,0,0,0,0,1
2021-02-19,589179428,20190000000000000003,900200000000000047,1,129.884,312.040,40527.333,2021-02-19 04:00:00.000,L2FT01-FTJ004,26.60,0.000,0.666012,16605,0.435592,0.055345,0,0,1,0.6600,宝安区,23,23,0,0,0,0,1
2021-02-19,589179428,20190000000000000003,900200000000000058,1,130.078,306.000,39796.000,2021-02-19 04:00:00.000,L2FT01-FTJ004,26.60,0.000,0.666012,16605,0.435592,0.055345,0,0,1,0.6600,宝安区,23,23,0,0,0,0,1
2021-02-19,589179428,20190000000000000003,900200000000000047,1,129.890,313.760,40752.667,2021-02-19 04:15:00.000,L2FT01-FTJ004,26.60,0.000,0.666012,16605,0.435592,0.055345,0,0,1,0.6600,宝安区,23,23,0,0,0,0,1
2021-02-19,589179428,20190000000000000003,900200000000000058,1,129.890,310.020,40266.000,2021-02-19 04:15:00.000,L2FT01-FTJ004,26.60,0.000,0.666012,16605,0.435592,0.055345,0,0,1,0.6600,宝安区,23,23,0,0,0,0,1
2021-02-19,589179428,20190000000000000003,900200000000000047,1,129.906,315.253,40950.667,2021-02-19 04:30:00.000,L2FT01-FTJ004,26.60,0.000,0.666012,16605,0.435592,0.055345,0,0,1,0.6600,宝安区,23,23,0,0,0,0,1
2021-02-19,589179428,20190000000000000003,900200000000000058,1,129.949,311.140,40428.000,2021-02-19 04:30:00.000,L2FT01-FTJ004,26.60,0.000,0.666012,16605,0.435592,0.055345,0,0,1,0.6600,宝安区,23,23,0,0,0,0,1
2021-02-19,589179428,20190000000000000003,900200000000000047,1,60.829,326.950,19740.000,2021-02-19 04:45:00.000,L2FT01-FTJ004,26.60,0.000,0.666012,16605,0.435592,0.055345,0,0,1,0.6600,宝安区,23,23,0,0,0,0,1
2021-02-19,589179428,20190000000000000003,900200000000000058,1,129.881,312.613,40599.333,2021-02-19 04:45:00.000,L2FT01-FTJ004,26.60,0.000,0.666012,16605,0.435592,0.055345,0,0,1,0.6600,宝安区,23,23,0,0,0,0,1
2021-02-19,589179428,20190000000000000003,900200000000000058,1,129.890,314.227,40812.667,2021-02-19 05:00:00.000,L2FT01-FTJ004,26.90,0.000,0.666012,16605,0.435592,0.055345,0,0,1,0.6600,宝安区,23,23,0,0,0,0,1
2021-02-19,589179428,20190000000000000003,900200000000000058,1,129.890,315.287,40950.667,2021-02-19 05:15:00.000,L2FT01-FTJ004,26.90,0.000,0.666012,16605,0.435592,0.055345,0,0,1,0.6600,宝安区,23,23,0,0,0,0,1
2021-02-19,589179428,20190000000000000003,900200000000000058,1,102.145,321.977,32635.385,2021-02-19 05:30:00.000,L2FT01-FTJ004,26.90,0.000,0.666012,16605,0.435592,0.055345,0,0,1,0.6600,宝安区,23,23,0,0,0,0,1
2021-02-19,589179428,20190000000000000003,900200000000000034,1,139.692,320.560,44320.000,2021-02-19 05:45:00.000,L2FT01-FTJ004,26.90,0.000,0.666012,16605,0.435592,0.055345,0,0,1,0.6600,宝安区,23,23,0,0,0,0,1
2021-02-19,589179428,20190000000000000003,900200000000000050,1,107.965,309.800,33573.333,2021-02-19 06:30:00.000,L2FT01-FTJ004,27.00,0.000,0.666012,16605,0.435592,0.055345,0,0,1,0.6600,宝安区,23,23,0,0,0,0,1
2021-02-19,589179428,20190000000000000003,900200000000000050,1,129.818,310.940,40362.000,2021-02-19 06:45:00.000,L2FT01-FTJ004,27.00,0.000,0.666012,16605,0.435592,0.055345,0,0,1,0.6600,宝安区,23,23,0,0,0,0,1
2021-02-19,589179428,20190000000000000003,900200000000000050,1,129.873,312.553,40589.333,2021-02-19 07:00:00.000,L2FT01-FTJ004,26.90,0.000,0.666012,16605,0.435592,0.055345,0,0,1,0.6600,宝安区,23,23,0,0,0,0,1
2021-02-19,589179428,20190000000000000003,900200000000000050,1,129.927,313.887,40780.000,2021-02-19 07:15:00.000,L2FT01-FTJ004,26.90,0.000,0.666012,16605,0.435592,0.055345,0,0,1,0.6600,宝安区,23,23,0,0,0,0,1
2021-02-19,589179428,20190000000000000003,900200000000000058,1,77.957,354.522,27636.667,2021-02-19 07:15:00.000,L2FT01-FTJ004,26.90,0.000,0.666012,16605,0.435592,0.055345,0,0,1,0.6600,宝安区,23,23,0,0,0,0,1
2021-02-19,589179428,20190000000000000003,900200000000000050,1,129.890,315.227,40942.667,2021-02-19 07:30:00.000,L2FT01-FTJ004,26.90,0.000,0.666012,16605,0.435592,0.055345,0,0,1,0.6600,宝安区,23,23,0,0,0,0,1
2021-02-19,589179428,20190000000000000003,900200000000000058,1,77.823,360.187,28030.000,2021-02-19 07:30:00.000,L2FT01-FTJ004,26.90,0.000,0.666012,16605,0.435592,0.055345,0,0,1,0.6600,宝安区,23,23,0,0,0,0,1
2021-02-19,589179428,20190000000000000003,900200000000000050,1,95.317,321.682,30470.909,2021-02-19 07:45:00.000,L2FT01-FTJ004,26.90,0.000,0.666012,16605,0.435592,0.055345,0,0,1,0.6600,宝安区,23,23,0,0,0,0,1
2021-02-19,589179428,20190000000000000003,900200000000000058,1,77.863,370.553,28852.000,2021-02-19 07:45:00.000,L2FT01-FTJ004,26.90,0.000,0.666012,16605,0.435592,0.055345,0,0,1,0.6600,宝安区,23,23,0,0,0,0,1
2021-02-19,589179428,20190000000000000003,900200000000000058,1,73.190,382.220,27963.333,2021-02-19 08:00:00.000,L2FT01-FTJ004,26.60,0.000,0.666012,16605,0.435592,0.055345,0,0,1,0.6600,宝安区,23,23,0,0,0,0,1
2021-02-19,589179428,20190000000000000003,900200000000000058,1,39.018,386.464,15094.545,2021-02-19 08:15:00.000,L2FT01-FTJ004,26.60,0.000,0.666012,16605,0.435592,0.055345,0,0,1,0.6600,宝安区,23,23,0,0,0,0,1
2021-02-19,589179428,20190000000000000003,900200000000000058,1,68.303,348.800,23860.000,2021-02-19 08:30:00.000,L2FT01-FTJ004,26.60,0.000,0.666012,16605,0.435592,0.055345,0,0,1,0.6600,宝安区,23,23,0,0,0,0,1
2021-02-19,589179428,20190000000000000003,900200000000000058,1,73.790,356.793,26324.667,2021-02-19 08:45:00.000,L2FT01-FTJ004,26.60,0.000,0.666012,16605,0.435592,0.055345,0,0,1,0.6600,宝安区,23,23,0,0,0,0,1
2021-02-19,589179428,20190000000000000003,900200000000000058,1,73.830,367.547,27134.667,2021-02-19 09:00:00.000,L2FT01-FTJ004,26.12,0.000,0.666012,16605,0.435592,0.055345,0,0,1,0.6600,宝安区,23,23,0,0,0,0,1
2021-02-19,589179428,20190000000000000003,900200000000000058,1,73.797,376.540,27785.333,2021-02-19 09:15:00.000,L2FT01-FTJ004,26.12,0.000,0.666012,16605,0.435592,0.055345,0,0,1,0.6600,宝安区,23,23,0,0,0,0,1
2021-02-19,589179428,20190000000000000003,900200000000000058,1,54.050,384.693,20780.667,2021-02-19 09:30:00.000,L2FT01-FTJ004,26.12,0.000,0.666012,16605,0.435592,0.055345,0,0,1,0.6600,宝安区,23,23,0,0,0,0,1
2021-02-19,589179428,20190000000000000003,900200000000000058,1,19.432,384.940,7486.000,2021-02-19 09:45:00.000,L2FT01-FTJ004,26.12,0.000,0.666012,16605,0.435592,0.055345,0,0,1,0.6600,宝安区,23,23,0,0,0,0,1
2021-02-19,589179428,20190000000000000003,900200000000000037,1,143.259,311.558,44629.167,2021-02-19 10:00:00.000,L2FT01-FTJ004,25.50,0.000,0.666012,16605,0.435592,0.055345,0,0,1,0.6600,宝安区,23,23,0,0,0,0,1
2021-02-19,589179428,20190000000000000003,900200000000000037,1,143.170,313.573,44893.333,2021-02-19 10:15:00.000,L2FT01-FTJ004,25.50,0.000,0.666012,16605,0.435592,0.055345,0,0,1,0.6600,宝安区,23,23,0,0,0,0,1
2021-02-19,589179428,20190000000000000003,900200000000000037,1,143.205,314.607,45050.000,2021-02-19 10:30:00.000,L2FT01-FTJ004,25.50,0.000,0.666012,16605,0.435592,0.055345,0,0,1,0.6600,宝安区,23,23,0,0,0,0,1
2021-02-19,589179428,20190000000000000003,900200000000000037,1,143.212,317.067,45404.000,2021-02-19 10:45:00.000,L2FT01-FTJ004,25.50,0.000,0.666012,16605,0.435592,0.055345,0,0,1,0.6600,宝安区,23,23,0,0,0,0,1
2021-02-19,589179428,20190000000000000003,900200000000000038,1,104.662,370.677,38823.846,2021-02-19 11:00:00.000,L2FT01-FTJ004,24.78,0.000,0.666012,16605,0.435592,0.055345,0,0,1,0.6600,宝安区,23,23,0,0,0,0,1
2021-02-19,589179428,20190000000000000003,900200000000000038,1,108.590,382.633,41550.000,2021-02-19 11:15:00.000,L2FT01-FTJ004,24.78,0.000,0.666012,16605,0.435592,0.055345,0,0,1,0.6600,宝安区,23,23,0,0,0,0,1
2021-02-19,589179428,20190000000000000003,900200000000000040,1,111.849,353.533,40191.333,2021-02-19 12:15:00.000,L2FT01-FTJ004,24.00,0.000,0.666012,16605,0.435592,0.055345,0,0,1,0.6600,宝安区,23,23,0,0,0,0,1
2021-02-19,589179428,20190000000000000003,900200000000000040,1,62.491,360.671,22572.857,2021-02-19 12:30:00.000,L2FT01-FTJ004,24.00,0.000,0.666012,16605,0.435592,0.055345,0,0,1,0.6600,宝安区,23,23,0,0,0,0,1
2021-02-19,589179428,20190000000000000003,900200000000000040,1,61.782,383.622,23688.889,2021-02-19 15:30:00.000,L2FT01-FTJ004,21.88,0.000,0.666012,16605,0.435592,0.055345,0,0,1,0.6600,宝安区,23,23,0,0,0,0,1
2021-02-19,589179428,20190000000000000003,900200000000000039,1,120.652,316.185,38116.154,2021-02-19 15:45:00.000,L2FT01-FTJ004,21.88,0.000,0.666012,16605,0.435592,0.055345,0,0,1,0.6600,宝安区,23,23,0,0,0,0,1
2021-02-19,589179428,20190000000000000003,900200000000000040,1,47.877,391.062,18722.500,2021-02-19 15:45:00.000,L2FT01-FTJ004,21.88,0.000,0.666012,16605,0.435592,0.055345,0,0,1,0.6600,宝安区,23,23,0,0,0,0,1
2021-02-19,589179428,20190000000000000003,900200000000000039,1,29.790,332.700,9910.000,2021-02-19 16:00:00.000,L2FT01-FTJ004,21.40,0.000,0.666012,16605,0.435592,0.055345,0,0,1,0.6600,宝安区,23,23,0,0,0,0,1
2021-02-19,589179428,20190000000000000003,900200000000000039,1,123.778,313.170,38771.000,2021-02-19 18:30:00.000,L2FT01-FTJ004,21.00,0.000,0.666012,16605,0.435592,0.055345,0,0,1,0.6600,宝安区,23,23,0,0,0,0,1
2021-02-19,589179428,20190000000000000003,900200000000000039,1,129.800,314.173,40775.333,2021-02-19 18:45:00.000,L2FT01-FTJ004,21.00,0.000,0.666012,16605,0.435592,0.055345,0,0,1,0.6600,宝安区,23,23,0,0,0,0,1
2021-02-19,589179428,20190000000000000003,900200000000000050,1,110.477,389.770,43050.000,2021-02-19 22:30:00.000,L2FT01-FTJ004,22.50,0.000,0.666012,16605,0.435592,0.055345,0,0,1,0.6600,宝安区,23,23,0,0,0,0,1
2021-02-19,589179428,20190000000000000003,900200000000000050,1,68.137,400.233,27268.667,2021-02-19 22:45:00.000,L2FT01-FTJ004,22.50,0.000,0.666012,16605,0.435592,0.055345,0,0,1,0.6600,宝安区,23,23,0,0,0,0,1
2021-02-19,589179428,20190000000000000003,900200000000000050,1,39.005,409.333,15986.000,2021-02-19 23:00:00.000,L2FT01-FTJ004,23.22,0.000,0.666012,16605,0.435592,0.055345,0,0,1,0.6600,宝安区,23,23,0,0,0,0,1
2021-02-19,589179428,20190000000000000003,900200000000000050,1,13.683,410.020,5609.333,2021-02-19 23:15:00.000,L2FT01-FTJ004,23.22,0.000,0.666012,16605,0.435592,0.055345,0,0,1,0.6600,宝安区,23,23,0,0,0,0,1
2021-02-19,589179428,20190000000000000003,900200000000000036,1,119.924,308.854,36560.769,2021-02-19 23:30:00.000,L2FT01-FTJ004,23.22,0.000,0.666012,16605,0.435592,0.055345,0,0,1,0.6600,宝安区,23,23,0,0,0,0,1
2021-02-19,589179428,20190000000000000003,900200000000000039,1,86.593,274.333,26676.667,2021-02-19 23:30:00.000,L2FT01-FTJ004,23.22,0.000,0.666012,16605,0.435592,0.055345,0,0,1,0.6600,宝安区,23,23,0,0,0,0,1
2021-02-19,589179428,20190000000000000003,900200000000000050,1,13.690,412.333,5644.000,2021-02-19 23:30:00.000,L2FT01-FTJ004,23.22,0.000,0.666012,16605,0.435592,0.055345,0,0,1,0.6600,宝安区,23,23,0,0,0,0,1
2021-02-19,589179428,20190000000000000003,900200000000000050,1,13.690,414.211,5670.000,2021-02-19 23:45:00.000,L2FT01-FTJ004,23.22,0.000,0.666012,16605,0.435592,0.055345,0,0,1,0.6600,宝安区,23,23,0,0,0,0,1
2021-02-19,589179428,20190000000000000003,900200000000000039,1,129.873,310.593,40334.667,2021-02-19 23:45:00.000,L2FT01-FTJ004,23.22,0.000,0.666012,16605,0.435592,0.055345,0,0,1,0.6600,宝安区,23,23,0,0,0,0,1
2021-02-19,589179428,20190000000000000003,900200000000000036,1,130.018,309.900,40289.333,2021-02-19 23:45:00.000,L2FT01-FTJ004,23.22,0.000,0.666012,16605,0.435592,0.055345,0,0,1,0.6600,宝安区,23,23,0,0,0,0,1
2021-02-19,589179428,20190000000000000003,900200000000000037,1,129.912,309.073,40150.000,2021-02-19 23:45:00.000,L2FT01-FTJ004,23.22,0.000,0.666012,16605,0.435592,0.055345,0,0,1,0.6600,宝安区,23,23,0,0,0,0,1
2021-02-20,589179428,20190000000000000003,900200000000000036,1,130.054,311.320,40484.000,2021-02-20 00:00:00.000,L2FT01-FTJ004,24.00,0.000,0.666012,16605,0.435592,0.055345,0,0,0,0.6600,宝安区,23,23,0,0,0,0,1
2021-02-20,589179428,20190000000000000003,900200000000000037,1,129.934,310.913,40395.333,2021-02-20 00:00:00.000,L2FT01-FTJ004,24.00,0.000,0.666012,16605,0.435592,0.055345,0,0,0,0.6600,宝安区,23,23,0,0,0,0,1
2021-02-20,589179428,20190000000000000003,900200000000000039,1,129.965,311.393,40466.000,2021-02-20 00:00:00.000,L2FT01-FTJ004,24.00,0.000,0.666012,16605,0.435592,0.055345,0,0,0,0.6600,宝安区,23,23,0,0,0,0,1
2021-02-20,589179428,20190000000000000003,900200000000000039,1,129.963,313.020,40678.000,2021-02-20 00:15:00.000,L2FT01-FTJ004,24.00,0.000,0.666012,16605,0.435592,0.055345,0,0,0,0.6600,宝安区,23,23,0,0,0,0,1
2021-02-20,589179428,20190000000000000003,900200000000000036,1,130.000,312.347,40600.667,2021-02-20 00:15:00.000,L2FT01-FTJ004,24.00,0.000,0.666012,16605,0.435592,0.055345,0,0,0,0.6600,宝安区,23,23,0,0,0,0,1
2021-02-20,589179428,20190000000000000003,900200000000000037,1,129.956,311.900,40528.667,2021-02-20 00:15:00.000,L2FT01-FTJ004,24.00,0.000,0.666012,16605,0.435592,0.055345,0,0,0,0.6600,宝安区,23,23,0,0,0,0,1
2021-02-20,589179428,20190000000000000003,900200000000000039,1,129.971,314.527,40875.333,2021-02-20 00:30:00.000,L2FT01-FTJ004,24.00,0.000,0.666012,16605,0.435592,0.055345,0,0,0,0.6600,宝安区,23,23,0,0,0,0,1
2021-02-20,589179428,20190000000000000003,900200000000000036,1,130.000,314.133,40832.000,2021-02-20 00:30:00.000,L2FT01-FTJ004,24.00,0.000,0.666012,16605,0.435592,0.055345,0,0,0,0.6600,宝安区,23,23,0,0,0,0,1
2021-02-20,589179428,20190000000000000003,900200000000000037,1,129.978,313.720,40772.667,2021-02-20 00:30:00.000,L2FT01-FTJ004,24.00,0.000,0.666012,16605,0.435592,0.055345,0,0,0,0.6600,宝安区,23,23,0,0,0,0,1
2021-02-20,589179428,20190000000000000003,900200000000000036,1,130.018,315.300,40992.000,2021-02-20 00:45:00.000,L2FT01-FTJ004,24.00,0.000,0.666012,16605,0.435592,0.055345,0,0,0,0.6600,宝安区,23,23,0,0,0,0,1
2021-02-20,589179428,20190000000000000003,900200000000000037,1,129.985,314.753,40909.333,2021-02-20 00:45:00.000,L2FT01-FTJ004,24.00,0.000,0.666012,16605,0.435592,0.055345,0,0,0,0.6600,宝安区,23,23,0,0,0,0,1
2021-02-20,589179428,20190000000000000003,900200000000000039,1,127.987,316.140,40457.333,2021-02-20 00:45:00.000,L2FT01-FTJ004,24.00,0.000,0.666012,16605,0.435592,0.055345,0,0,0,0.6600,宝安区,23,23,0,0,0,0,1
2021-02-20,589179428,20190000000000000003,900200000000000036,1,110.640,318.757,35232.857,2021-02-20 01:00:00.000,L2FT01-FTJ004,24.78,0.000,0.666012,16605,0.435592,0.055345,0,0,0,0.6600,宝安区,23,23,0,0,0,0,1
2021-02-20,589179428,20190000000000000003,900200000000000037,1,125.986,317.533,39973.333,2021-02-20 01:00:00.000,L2FT01-FTJ004,24.78,0.000,0.666012,16605,0.435592,0.055345,0,0,0,0.6600,宝安区,23,23,0,0,0,0,1
2021-02-20,589179428,20190000000000000003,900200000000000039,1,64.444,320.146,20590.000,2021-02-20 01:00:00.000,L2FT01-FTJ004,24.78,0.000,0.666012,16605,0.435592,0.055345,0,0,0,0.6600,宝安区,23,23,0,0,0,0,1
2021-02-20,589179428,20190000000000000003,900200000000000037,1,29.823,329.533,9826.667,2021-02-20 01:15:00.000,L2FT01-FTJ004,24.78,0.000,0.666012,16605,0.435592,0.055345,0,0,0,0.6600,宝安区,23,23,0,0,0,0,1
2021-02-20,589179428,20190000000000000003,900200000000000047,1,130.170,302.200,39332.500,2021-02-20 05:30:00.000,L2FT01-FTJ004,26.90,0.000,0.666012,16605,0.435592,0.055345,0,0,0,0.6600,宝安区,23,23,0,0,0,0,1
2021-02-20,589179428,20190000000000000003,900200000000000047,1,129.830,306.313,39765.333,2021-02-20 05:45:00.000,L2FT01-FTJ004,26.90,0.000,0.666012,16605,0.435592,0.055345,0,0,0,0.6600,宝安区,23,23,0,0,0,0,1
2021-02-20,589179428,20190000000000000003,900200000000000047,1,129.800,310.427,40286.667,2021-02-20 06:00:00.000,L2FT01-FTJ004,27.00,0.000,0.666012,16605,0.435592,0.055345,0,0,0,0.6600,宝安区,23,23,0,0,0,0,1
2021-02-20,589179428,20190000000000000003,900200000000000047,1,129.878,311.053,40396.667,2021-02-20 06:15:00.000,L2FT01-FTJ004,27.00,0.000,0.666012,16605,0.435592,0.055345,0,0,0,0.6600,宝安区,23,23,0,0,0,0,1
2021-02-20,589179428,20190000000000000003,900200000000000047,1,129.876,312.640,40600.667,2021-02-20 06:30:00.000,L2FT01-FTJ004,27.00,0.000,0.666012,16605,0.435592,0.055345,0,0,0,0.6600,宝安区,23,23,0,0,0,0,1
2021-02-20,589179428,20190000000000000003,900200000000000047,1,129.912,313.967,40785.333,2021-02-20 06:45:00.000,L2FT01-FTJ004,27.00,0.000,0.666012,16605,0.435592,0.055345,0,0,0,0.6600,宝安区,23,23,0,0,0,0,1
2021-02-20,589179428,20190000000000000003,900200000000000047,1,129.884,314.940,40904.000,2021-02-20 07:00:00.000,L2FT01-FTJ004,26.90,0.000,0.666012,16605,0.435592,0.055345,0,0,0,0.6600,宝安区,23,23,0,0,0,0,1
2021-02-20,589179428,20190000000000000003,900200000000000047,1,124.822,318.183,39680.833,2021-02-20 07:15:00.000,L2FT01-FTJ004,26.90,0.000,0.666012,16605,0.435592,0.055345,0,0,0,0.6600,宝安区,23,23,0,0,0,0,1
2021-02-20,589179428,20190000000000000003,900200000000000040,1,86.431,315.225,27127.500,2021-02-20 08:15:00.000,L2FT01-FTJ004,26.60,0.000,0.666012,16605,0.435592,0.055345,0,0,0,0.6600,宝安区,23,23,0,0,0,0,1
2021-02-20,589179428,20190000000000000003,900200000000000040,1,68.540,325.600,22090.000,2021-02-20 08:30:00.000,L2FT01-FTJ004,26.60,0.000,0.666012,16605,0.435592,0.055345,0,0,0,0.6600,宝安区,23,23,0,0,0,0,1
2021-02-20,589179428,20190000000000000003,900200000000000030,1,121.154,360.160,43642.000,2021-02-20 10:00:00.000,L2FT01-FTJ004,25.50,0.000,0.666012,16605,0.435592,0.055345,0,0,0,0.6600,宝安区,23,23,0,0,0,0,1
2021-02-20,589179428,20190000000000000003,900200000000000030,1,123.800,363.800,45030.000,2021-02-20 10:15:00.000,L2FT01-FTJ004,25.50,0.000,0.666012,16605,0.435592,0.055345,0,0,0,0.6600,宝安区,23,23,0,0,0,0,1
2021-02-20,589179428,20190000000000000003,900200000000000056,1,129.945,314.000,40800.000,2021-02-20 11:45:00.000,L2FT01-FTJ004,24.78,0.000,0.666012,16605,0.435592,0.055345,0,0,0,0.6600,宝安区,23,23,0,0,0,0,1
2021-02-20,589179428,20190000000000000003,900200000000000052,1,72.677,356.040,25878.667,2021-02-20 12:15:00.000,L2FT01-FTJ004,24.00,0.000,0.666012,16605,0.435592,0.055345,0,0,0,0.6600,宝安区,23,23,0,0,0,0,1
2021-02-20,589179428,20190000000000000003,900200000000000052,1,77.890,363.487,28310.000,2021-02-20 12:30:00.000,L2FT01-FTJ004,24.00,0.000,0.666012,16605,0.435592,0.055345,0,0,0,0.6600,宝安区,23,23,0,0,0,0,1
2021-02-20,589179428,20190000000000000003,900200000000000052,1,77.890,374.000,29129.333,2021-02-20 12:45:00.000,L2FT01-FTJ004,24.00,0.000,0.666012,16605,0.435592,0.055345,0,0,0,0.6600,宝安区,23,23,0,0,0,0,1
2021-02-20,589179428,20190000000000000003,900200000000000052,1,66.938,384.473,25719.333,2021-02-20 13:00:00.000,L2FT01-FTJ004,23.22,0.000,0.666012,16605,0.435592,0.055345,0,0,0,0.6600,宝安区,23,23,0,0,0,0,1
2021-02-20,589179428,20190000000000000003,900200000000000052,1,24.682,385.990,9549.000,2021-02-20 13:15:00.000,L2FT01-FTJ004,23.22,0.000,0.666012,16605,0.435592,0.055345,0,0,0,0.6600,宝安区,23,23,0,0,0,0,1
2021-02-20,589179428,20190000000000000003,900200000000000032,1,86.593,316.867,26843.333,2021-02-20 15:30:00.000,L2FT01-FTJ004,21.88,0.000,0.666012,16605,0.435592,0.055345,0,0,0,0.6600,宝安区,23,23,0,0,0,0,1
2021-02-20,589179428,20190000000000000003,900200000000000032,1,129.813,311.347,40412.000,2021-02-20 15:45:00.000,L2FT01-FTJ004,21.88,0.000,0.666012,16605,0.435592,0.055345,0,0,0,0.6600,宝安区,23,23,0,0,0,0,1
2021-02-20,589179428,20190000000000000003,900200000000000032,1,136.079,313.780,42695.333,2021-02-20 16:00:00.000,L2FT01-FTJ004,21.40,0.000,0.666012,16605,0.435592,0.055345,0,0,0,0.6600,宝安区,23,23,0,0,0,0,1
2021-02-20,589179428,20190000000000000003,900200000000000032,1,137.000,314.947,43142.667,2021-02-20 16:15:00.000,L2FT01-FTJ004,21.40,0.000,0.666012,16605,0.435592,0.055345,0,0,0,0.6600,宝安区,23,23,0,0,0,0,1
2021-02-20,589179428,20190000000000000003,900200000000000032,1,115.344,320.238,36762.308,2021-02-20 16:30:00.000,L2FT01-FTJ004,21.40,0.000,0.666012,16605,0.435592,0.055345,0,0,0,0.6600,宝安区,23,23,0,0,0,0,1
2021-02-20,589179428,20190000000000000003,900200000000000044,1,65.790,357.600,23525.000,2021-02-20 21:45:00.000,L2FT01-FTJ004,21.88,0.000,0.666012,16605,0.435592,0.055345,0,0,0,0.6600,宝安区,23,23,0,0,0,0,1
2021-02-20,589179428,20190000000000000003,900200000000000044,1,65.830,363.453,23925.333,2021-02-20 22:00:00.000,L2FT01-FTJ004,22.50,0.000,0.666012,16605,0.435592,0.055345,0,0,0,0.6600,宝安区,23,23,0,0,0,0,1
2021-02-20,589179428,20190000000000000003,900200000000000044,1,65.863,375.713,24744.000,2021-02-20 22:15:00.000,L2FT01-FTJ004,22.50,0.000,0.666012,16605,0.435592,0.055345,0,0,0,0.6600,宝安区,23,23,0,0,0,0,1
2021-02-20,589179428,20190000000000000003,900200000000000044,1,51.890,383.780,19913.333,2021-02-20 22:30:00.000,L2FT01-FTJ004,22.50,0.000,0.666012,16605,0.435592,0.055345,0,0,0,0.6600,宝安区,23,23,0,0,0,0,1
2021-02-20,589179428,20190000000000000003,900200000000000044,1,50.837,393.133,19980.667,2021-02-20 22:45:00.000,L2FT01-FTJ004,22.50,0.000,0.666012,16605,0.435592,0.055345,0,0,0,0.6600,宝安区,23,23,0,0,0,0,1
2021-02-20,589179428,20190000000000000003,900200000000000042,1,118.927,309.800,36922.500,2021-02-20 23:00:00.000,L2FT01-FTJ004,23.22,0.000,0.666012,16605,0.435592,0.055345,0,0,0,0.6600,宝安区,23,23,0,0,0,0,1
2021-02-20,589179428,20190000000000000003,900200000000000044,1,26.157,396.767,10377.333,2021-02-20 23:00:00.000,L2FT01-FTJ004,23.22,0.000,0.666012,16605,0.435592,0.055345,0,0,0,0.6600,宝安区,23,23,0,0,0,0,1
2021-02-20,589179428,20190000000000000003,900200000000000042,1,129.830,310.880,40357.333,2021-02-20 23:15:00.000,L2FT01-FTJ004,23.22,0.000,0.666012,16605,0.435592,0.055345,0,0,0,0.6600,宝安区,23,23,0,0,0,0,1
2021-02-20,589179428,20190000000000000003,900200000000000044,1,12.277,396.507,4868.000,2021-02-20 23:15:00.000,L2FT01-FTJ004,23.22,0.000,0.666012,16605,0.435592,0.055345,0,0,0,0.6600,宝安区,23,23,0,0,0,0,1
2021-02-20,589179428,20190000000000000003,900200000000000042,1,129.860,313.013,40645.333,2021-02-20 23:30:00.000,L2FT01-FTJ004,23.22,0.000,0.666012,16605,0.435592,0.055345,0,0,0,0.6600,宝安区,23,23,0,0,0,0,1
2021-02-20,589179428,20190000000000000003,900200000000000044,1,10.190,396.650,4040.000,2021-02-20 23:30:00.000,L2FT01-FTJ004,23.22,0.000,0.666012,16605,0.435592,0.055345,0,0,0,0.6600,宝安区,23,23,0,0,0,0,1
2021-02-20,589179428,20190000000000000003,900200000000000042,1,129.890,314.467,40844.000,2021-02-20 23:45:00.000,L2FT01-FTJ004,23.22,0.000,0.666012,16605,0.435592,0.055345,0,0,0,0.6600,宝安区,23,23,0,0,0,0,1
2021-02-21,589179428,20190000000000000003,900200000000000042,1,121.877,318.333,38761.333,2021-02-21 00:00:00.000,L2FT01-FTJ004,24.00,0.000,0.666012,16605,0.435592,0.055345,0,0,0,0.6600,宝安区,23,23,0,0,0,0,1
2021-02-21,589179428,20190000000000000003,900200000000000042,1,42.924,328.967,14091.111,2021-02-21 00:15:00.000,L2FT01-FTJ004,24.00,0.000,0.666012,16605,0.435592,0.055345,0,0,0,0.6600,宝安区,23,23,0,0,0,0,1
2021-02-21,589179428,20190000000000000003,900200000000000043,1,129.827,307.010,39855.000,2021-02-21 00:15:00.000,L2FT01-FTJ004,24.00,0.000,0.666012,16605,0.435592,0.055345,0,0,0,0.6600,宝安区,23,23,0,0,0,0,1
2021-02-21,589179428,20190000000000000003,900200000000000043,1,129.800,309.627,40184.667,2021-02-21 00:30:00.000,L2FT01-FTJ004,24.00,0.000,0.666012,16605,0.435592,0.055345,0,0,0,0.6600,宝安区,23,23,0,0,0,0,1
2021-02-21,589179428,20190000000000000003,900200000000000043,1,129.800,310.313,40273.333,2021-02-21 00:45:00.000,L2FT01-FTJ004,24.00,0.000,0.666012,16605,0.435592,0.055345,0,0,0,0.6600,宝安区,23,23,0,0,0,0,1
2021-02-21,589179428,20190000000000000003,900200000000000036,1,129.836,306.840,39836.000,2021-02-21 01:00:00.000,L2FT01-FTJ004,24.78,0.000,0.666012,16605,0.435592,0.055345,0,0,0,0.6600,宝安区,23,23,0,0,0,0,1
2021-02-21,589179428,20190000000000000003,900200000000000043,1,129.806,311.760,40463.333,2021-02-21 01:00:00.000,L2FT01-FTJ004,24.78,0.000,0.666012,16605,0.435592,0.055345,0,0,0,0.6600,宝安区,23,23,0,0,0,0,1
2021-02-21,589179428,20190000000000000003,900200000000000043,1,129.812,313.073,40636.667,2021-02-21 01:15:00.000,L2FT01-FTJ004,24.78,0.000,0.666012,16605,0.435592,0.055345,0,0,0,0.6600,宝安区,23,23,0,0,0,0,1
2021-02-21,589179428,20190000000000000003,900200000000000036,1,129.860,309.953,40248.000,2021-02-21 01:15:00.000,L2FT01-FTJ004,24.78,0.000,0.666012,16605,0.435592,0.055345,0,0,0,0.6600,宝安区,23,23,0,0,0,0,1
2021-02-21,589179428,20190000000000000003,900200000000000036,1,129.985,310.480,40353.333,2021-02-21 01:30:00.000,L2FT01-FTJ004,24.78,0.000,0.666012,16605,0.435592,0.055345,0,0,0,0.6600,宝安区,23,23,0,0,0,0,1
2021-02-21,589179428,20190000000000000003,900200000000000043,1,129.872,313.860,40758.667,2021-02-21 01:30:00.000,L2FT01-FTJ004,24.78,0.000,0.666012,16605,0.435592,0.055345,0,0,0,0.6600,宝安区,23,23,0,0,0,0,1
2021-02-21,589179428,20190000000000000003,900200000000000036,1,130.054,311.847,40554.667,2021-02-21 01:45:00.000,L2FT01-FTJ004,24.78,0.000,0.666012,16605,0.435592,0.055345,0,0,0,0.6600,宝安区,23,23,0,0,0,0,1
2021-02-21,589179428,20190000000000000003,900200000000000043,1,129.836,315.480,40956.000,2021-02-21 01:45:00.000,L2FT01-FTJ004,24.78,0.000,0.666012,16605,0.435592,0.055345,0,0,0,0.6600,宝安区,23,23,0,0,0,0,1
2021-02-21,589179428,20190000000000000003,900200000000000036,1,129.984,313.220,40710.000,2021-02-21 02:00:00.000,L2FT01-FTJ004,25.50,0.000,0.666012,16605,0.435592,0.055345,0,0,0,0.6600,宝安区,23,23,0,0,0,0,1
2021-02-21,589179428,20190000000000000003,900200000000000043,1,78.419,323.557,25181.429,2021-02-21 02:00:00.000,L2FT01-FTJ004,25.50,0.000,0.666012,16605,0.435592,0.055345,0,0,0,0.6600,宝安区,23,23,0,0,0,0,1
2021-02-21,589179428,20190000000000000003,900200000000000049,1,132.590,305.600,40520.000,2021-02-21 02:00:00.000,L2FT01-FTJ004,25.50,0.000,0.666012,16605,0.435592,0.055345,0,0,0,0.6600,宝安区,23,23,0,0,0,0,1
2021-02-21,589179428,20190000000000000003,900200000000000049,1,149.803,310.833,46562.667,2021-02-21 02:15:00.000,L2FT01-FTJ004,25.50,0.000,0.666012,16605,0.435592,0.055345,0,0,0,0.6600,宝安区,23,23,0,0,0,0,1
2021-02-21,589179428,20190000000000000003,900200000000000036,1,130.012,313.880,40804.000,2021-02-21 02:15:00.000,L2FT01-FTJ004,25.50,0.000,0.666012,16605,0.435592,0.055345,0,0,0,0.6600,宝安区,23,23,0,0,0,0,1
2021-02-21,589179428,20190000000000000003,900200000000000036,1,130.018,314.860,40933.333,2021-02-21 02:30:00.000,L2FT01-FTJ004,25.50,0.000,0.666012,16605,0.435592,0.055345,0,0,0,0.6600,宝安区,23,23,0,0,0,0,1
2021-02-21,589179428,20190000000000000003,900200000000000049,1,149.919,312.047,46779.333,2021-02-21 02:30:00.000,L2FT01-FTJ004,25.50,0.000,0.666012,16605,0.435592,0.055345,0,0,0,0.6600,宝安区,23,23,0,0,0,0,1
2021-02-21,589179428,20190000000000000003,900200000000000036,1,93.955,314.910,29938.000,2021-02-21 02:45:00.000,L2FT01-FTJ004,25.50,0.000,0.666012,16605,0.435592,0.055345,0,0,0,0.6600,宝安区,23,23,0,0,0,0,1
2021-02-21,589179428,20190000000000000003,900200000000000049,1,149.941,313.973,47074.667,2021-02-21 02:45:00.000,L2FT01-FTJ004,25.50,0.000,0.666012,16605,0.435592,0.055345,0,0,0,0.6600,宝安区,23,23,0,0,0,0,1
2021-02-21,589179428,20190000000000000003,900200000000000049,1,149.934,315.193,47255.333,2021-02-21 03:00:00.000,L2FT01-FTJ004,26.12,0.000,0.666012,16605,0.435592,0.055345,0,0,0,0.6600,宝安区,23,23,0,0,0,0,1
2021-02-21,589179428,20190000000000000003,900200000000000036,1,130.094,302.543,39353.571,2021-02-21 03:15:00.000,L2FT01-FTJ004,26.12,0.000,0.666012,16605,0.435592,0.055345,0,0,0,0.6600,宝安区,23,23,0,0,0,0,1
2021-02-21,589179428,20190000000000000003,900200000000000049,1,123.263,320.833,39327.500,2021-02-21 03:15:00.000,L2FT01-FTJ004,26.12,0.000,0.666012,16605,0.435592,0.055345,0,0,0,0.6600,宝安区,23,23,0,0,0,0,1
2021-02-21,589179428,20190000000000000003,900200000000000036,1,130.060,308.773,40156.667,2021-02-21 03:30:00.000,L2FT01-FTJ004,26.12,0.000,0.666012,16605,0.435592,0.055345,0,0,0,0.6600,宝安区,23,23,0,0,0,0,1
2021-02-21,589179428,20190000000000000003,900200000000000036,1,130.006,311.520,40495.333,2021-02-21 03:45:00.000,L2FT01-FTJ004,26.12,0.000,0.666012,16605,0.435592,0.055345,0,0,0,0.6600,宝安区,23,23,0,0,0,0,1
2021-02-21,589179428,20190000000000000003,900200000000000040,1,121.226,312.013,37523.333,2021-02-21 03:45:00.000,L2FT01-FTJ004,26.12,0.000,0.666012,16605,0.435592,0.055345,0,0,0,0.6600,宝安区,23,23,0,0,0,0,1
2021-02-21,589179428,20190000000000000003,900200000000000036,1,130.029,312.447,40623.333,2021-02-21 04:00:00.000,L2FT01-FTJ004,26.60,0.000,0.666012,16605,0.435592,0.055345,0,0,0,0.6600,宝安区,23,23,0,0,0,0,1
2021-02-21,589179428,20190000000000000003,900200000000000040,1,129.963,310.747,40382.000,2021-02-21 04:00:00.000,L2FT01-FTJ004,26.60,0.000,0.666012,16605,0.435592,0.055345,0,0,0,0.6600,宝安区,23,23,0,0,0,0,1
2021-02-21,589179428,20190000000000000003,900200000000000036,1,130.090,314.067,40855.333,2021-02-21 04:15:00.000,L2FT01-FTJ004,26.60,0.000,0.666012,16605,0.435592,0.055345,0,0,0,0.6600,宝安区,23,23,0,0,0,0,1
2021-02-21,589179428,20190000000000000003,900200000000000040,1,130.036,311.873,40551.333,2021-02-21 04:15:00.000,L2FT01-FTJ004,26.60,0.000,0.666012,16605,0.435592,0.055345,0,0,0,0.6600,宝安区,23,23,0,0,0,0,1
2021-02-21,589179428,20190000000000000003,900200000000000036,1,130.084,315.267,41009.333,2021-02-21 04:30:00.000,L2FT01-FTJ004,26.60,0.000,0.666012,16605,0.435592,0.055345,0,0,0,0.6600,宝安区,23,23,0,0,0,0,1
2021-02-21,589179428,20190000000000000003,900200000000000040,1,130.078,313.567,40786.000,2021-02-21 04:30:00.000,L2FT01-FTJ004,26.60,0.000,0.666012,16605,0.435592,0.055345,0,0,0,0.6600,宝安区,23,23,0,0,0,0,1
2021-02-21,589179428,20190000000000000003,900200000000000036,1,119.974,318.960,38231.333,2021-02-21 04:45:00.000,L2FT01-FTJ004,26.60,0.000,0.666012,16605,0.435592,0.055345,0,0,0,0.6600,宝安区,23,23,0,0,0,0,1
2021-02-21,589179428,20190000000000000003,900200000000000040,1,130.078,314.500,40908.000,2021-02-21 04:45:00.000,L2FT01-FTJ004,26.60,0.000,0.666012,16605,0.435592,0.055345,0,0,0,0.6600,宝安区,23,23,0,0,0,0,1
2021-02-21,589179428,20190000000000000003,900200000000000036,1,46.933,327.129,15368.571,2021-02-21 05:00:00.000,L2FT01-FTJ004,26.90,0.000,0.666012,16605,0.435592,0.055345,0,0,0,0.6600,宝安区,23,23,0,0,0,0,1
2021-02-21,589179428,20190000000000000003,900200000000000040,1,129.956,315.933,41054.667,2021-02-21 05:00:00.000,L2FT01-FTJ004,26.90,0.000,0.666012,16605,0.435592,0.055345,0,0,0,0.6600,宝安区,23,23,0,0,0,0,1
2021-02-21,589179428,20190000000000000003,900200000000000040,1,92.172,324.113,29662.500,2021-02-21 05:15:00.000,L2FT01-FTJ004,26.90,0.000,0.666012,16605,0.435592,0.055345,0,0,0,0.6600,宝安区,23,23,0,0,0,0,1
2021-02-21,589179428,20190000000000000003,900200000000000038,1,191.022,313.411,59863.333,2021-02-21 07:15:00.000,L2FT01-FTJ004,26.90,0.000,0.666012,16605,0.435592,0.055345,0,0,0,0.6600,宝安区,23,23,0,0,0,0,1
2021-02-21,589179428,20190000000000000003,900200000000000038,1,191.180,315.013,60219.333,2021-02-21 07:30:00.000,L2FT01-FTJ004,26.90,0.000,0.666012,16605,0.435592,0.055345,0,0,0,0.6600,宝安区,23,23,0,0,0,0,1
2021-02-21,589179428,20190000000000000003,900200000000000038,1,191.213,316.753,60562.667,2021-02-21 07:45:00.000,L2FT01-FTJ004,26.90,0.000,0.666012,16605,0.435592,0.055345,0,0,0,0.6600,宝安区,23,23,0,0,0,0,1
2021-02-21,589179428,20190000000000000003,900200000000000038,1,142.186,323.656,45742.222,2021-02-21 08:00:00.000,L2FT01-FTJ004,26.60,0.000,0.666012,16605,0.435592,0.055345,0,0,0,0.6600,宝安区,23,23,0,0,0,0,1
2021-02-21,589179428,20190000000000000003,900200000000000037,1,129.864,315.657,40987.857,2021-02-21 11:30:00.000,L2FT01-FTJ004,24.78,0.000,0.666012,16605,0.435592,0.055345,0,0,0,0.6600,宝安区,23,23,0,0,0,0,1
2021-02-21,589179428,20190000000000000003,900200000000000037,1,119.217,319.087,37932.667,2021-02-21 11:45:00.000,L2FT01-FTJ004,24.78,0.000,0.666012,16605,0.435592,0.055345,0,0,0,0.6600,宝安区,23,23,0,0,0,0,1
2021-02-21,589179428,20190000000000000003,900200000000000037,1,29.790,339.200,10100.000,2021-02-21 12:00:00.000,L2FT01-FTJ004,24.00,0.000,0.666012,16605,0.435592,0.055345,0,0,0,0.6600,宝安区,23,23,0,0,0,0,1
2021-02-21,589179428,20190000000000000003,900200000000000034,1,89.670,388.450,34825.000,2021-02-21 12:45:00.000,L2FT01-FTJ004,24.00,0.000,0.666012,16605,0.435592,0.055345,0,0,0,0.6600,宝安区,23,23,0,0,0,0,1
2021-02-21,589179428,20190000000000000003,900200000000000034,1,41.391,397.047,16424.667,2021-02-21 13:00:00.000,L2FT01-FTJ004,23.22,0.000,0.666012,16605,0.435592,0.055345,0,0,0,0.6600,宝安区,23,23,0,0,0,0,1
2021-02-21,589179428,20190000000000000003,900200000000000050,1,111.053,417.300,46371.000,2021-02-21 13:00:00.000,L2FT01-FTJ004,23.22,0.000,0.666012,16605,0.435592,0.055345,0,0,0,0.6600,宝安区,23,23,0,0,0,0,1
2021-02-21,589179428,20190000000000000003,900200000000000050,1,121.419,427.427,51895.333,2021-02-21 13:15:00.000,L2FT01-FTJ004,23.22,0.000,0.666012,16605,0.435592,0.055345,0,0,0,0.6600,宝安区,23,23,0,0,0,0,1
2021-02-21,589179428,20190000000000000003,900200000000000050,1,120.231,448.307,53888.000,2021-02-21 13:30:00.000,L2FT01-FTJ004,23.22,0.000,0.666012,16605,0.435592,0.055345,0,0,0,0.6600,宝安区,23,23,0,0,0,0,1
2021-02-21,589179428,20190000000000000003,900200000000000050,1,63.352,464.053,29357.333,2021-02-21 13:45:00.000,L2FT01-FTJ004,23.22,0.000,0.666012,16605,0.435592,0.055345,0,0,0,0.6600,宝安区,23,23,0,0,0,0,1
2021-02-21,589179428,20190000000000000003,900200000000000058,1,129.845,314.017,40770.833,2021-02-21 13:45:00.000,L2FT01-FTJ004,23.22,0.000,0.666012,16605,0.435592,0.055345,0,0,0,0.6600,宝安区,23,23,0,0,0,0,1
2021-02-21,589179428,20190000000000000003,900200000000000050,1,24.779,456.312,11602.500,2021-02-21 14:00:00.000,L2FT01-FTJ004,22.50,0.000,0.666012,16605,0.435592,0.055345,0,0,0,0.6600,宝安区,23,23,0,0,0,0,1
2021-02-21,589179428,20190000000000000003,900200000000000058,1,129.890,315.127,40930.667,2021-02-21 14:00:00.000,L2FT01-FTJ004,22.50,0.000,0.666012,16605,0.435592,0.055345,0,0,0,0.6600,宝安区,23,23,0,0,0,0,1
2021-02-21,589179428,20190000000000000003,900200000000000035,1,129.845,312.850,40615.000,2021-02-21 14:15:00.000,L2FT01-FTJ004,22.50,0.000,0.666012,16605,0.435592,0.055345,0,0,0,0.6600,宝安区,23,23,0,0,0,0,1
2021-02-21,589179428,20190000000000000003,900200000000000047,1,49.993,330.900,16540.000,2021-02-21 14:15:00.000,L2FT01-FTJ004,22.50,0.000,0.666012,16605,0.435592,0.055345,0,0,0,0.6600,宝安区,23,23,0,0,0,0,1
2021-02-21,589179428,20190000000000000003,900200000000000049,1,123.653,409.969,50707.692,2021-02-21 14:15:00.000,L2FT01-FTJ004,22.50,0.000,0.666012,16605,0.435592,0.055345,0,0,0,0.6600,宝安区,23,23,0,0,0,0,1
2021-02-21,589179428,20190000000000000003,900200000000000058,1,112.968,320.038,35997.692,2021-02-21 14:15:00.000,L2FT01-FTJ004,22.50,0.000,0.666012,16605,0.435592,0.055345,0,0,0,0.6600,宝安区,23,23,0,0,0,0,1
2021-02-21,589179428,20190000000000000003,900200000000000049,1,123.854,421.600,52214.667,2021-02-21 14:30:00.000,L2FT01-FTJ004,22.50,0.000,0.666012,16605,0.435592,0.055345,0,0,0,0.6600,宝安区,23,23,0,0,0,0,1
2021-02-21,589179428,20190000000000000003,900200000000000035,1,130.977,314.293,41161.333,2021-02-21 14:30:00.000,L2FT01-FTJ004,22.50,0.000,0.666012,16605,0.435592,0.055345,0,0,0,0.6600,宝安区,23,23,0,0,0,0,1
2021-02-21,589179428,20190000000000000003,900200000000000047,1,49.890,335.933,16759.333,2021-02-21 14:30:00.000,L2FT01-FTJ004,22.50,0.000,0.666012,16605,0.435592,0.055345,0,0,0,0.6600,宝安区,23,23,0,0,0,0,1
2021-02-21,589179428,20190000000000000003,900200000000000035,1,130.339,316.453,41240.667,2021-02-21 14:45:00.000,L2FT01-FTJ004,22.50,0.000,0.666012,16605,0.435592,0.055345,0,0,0,0.6600,宝安区,23,23,0,0,0,0,1
2021-02-21,589179428,20190000000000000003,900200000000000047,1,44.150,346.367,15296.000,2021-02-21 14:45:00.000,L2FT01-FTJ004,22.50,0.000,0.666012,16605,0.435592,0.055345,0,0,0,0.6600,宝安区,23,23,0,0,0,0,1
2021-02-21,589179428,20190000000000000003,900200000000000049,1,123.890,428.700,53115.000,2021-02-21 14:45:00.000,L2FT01-FTJ004,22.50,0.000,0.666012,16605,0.435592,0.055345,0,0,0,0.6600,宝安区,23,23,0,0,0,0,1
2021-02-21,589179428,20190000000000000003,900200000000000035,1,39.790,333.800,13255.000,2021-02-21 15:00:00.000,L2FT01-FTJ004,21.88,0.000,0.666012,16605,0.435592,0.055345,0,0,0,0.6600,宝安区,23,23,0,0,0,0,1
2021-02-21,589179428,20190000000000000003,900200000000000047,1,7.449,345.700,2572.000,2021-02-21 15:00:00.000,L2FT01-FTJ004,21.88,0.000,0.666012,16605,0.435592,0.055345,0,0,0,0.6600,宝安区,23,23,0,0,0,0,1
2021-02-21,589179428,20190000000000000003,900200000000000034,1,133.660,310.146,41450.769,2021-02-21 16:00:00.000,L2FT01-FTJ004,21.40,0.000,0.666012,16605,0.435592,0.055345,0,0,0,0.6600,宝安区,23,23,0,0,0,0,1
2021-02-21,589179428,20190000000000000003,900200000000000034,1,134.866,311.687,42033.333,2021-02-21 16:15:00.000,L2FT01-FTJ004,21.40,0.000,0.666012,16605,0.435592,0.055345,0,0,0,0.6600,宝安区,23,23,0,0,0,0,1
2021-02-21,589179428,20190000000000000003,900200000000000034,1,134.890,313.560,42294.000,2021-02-21 16:30:00.000,L2FT01-FTJ004,21.40,0.000,0.666012,16605,0.435592,0.055345,0,0,0,0.6600,宝安区,23,23,0,0,0,0,1
2021-02-21,589179428,20190000000000000003,900200000000000050,1,111.412,312.750,34916.667,2021-02-21 16:30:00.000,L2FT01-FTJ004,21.40,0.000,0.666012,16605,0.435592,0.055345,0,0,0,0.6600,宝安区,23,23,0,0,0,0,1
2021-02-21,589179428,20190000000000000003,900200000000000050,1,121.537,313.640,38116.000,2021-02-21 16:45:00.000,L2FT01-FTJ004,21.40,0.000,0.666012,16605,0.435592,0.055345,0,0,0,0.6600,宝安区,23,23,0,0,0,0,1
2021-02-21,589179428,20190000000000000003,900200000000000034,1,134.884,314.807,42460.667,2021-02-21 16:45:00.000,L2FT01-FTJ004,21.40,0.000,0.666012,16605,0.435592,0.055345,0,0,0,0.6600,宝安区,23,23,0,0,0,0,1
2021-02-21,589179428,20190000000000000003,900200000000000037,1,72.472,383.257,27735.000,2021-02-21 16:45:00.000,L2FT01-FTJ004,21.40,0.000,0.666012,16605,0.435592,0.055345,0,0,0,0.6600,宝安区,23,23,0,0,0,0,1
2021-02-21,589179428,20190000000000000003,900200000000000039,1,55.834,329.450,18620.000,2021-02-21 16:45:00.000,L2FT01-FTJ004,21.40,0.000,0.666012,16605,0.435592,0.055345,0,0,0,0.6600,宝安区,23,23,0,0,0,0,1
2021-02-21,589179428,20190000000000000003,900200000000000039,1,44.303,338.047,15000.667,2021-02-21 17:00:00.000,L2FT01-FTJ004,21.10,0.000,0.666012,16605,0.435592,0.055345,0,0,0,0.6600,宝安区,23,23,0,0,0,0,1
2021-02-21,589179428,20190000000000000003,900200000000000050,1,117.186,316.127,37002.667,2021-02-21 17:00:00.000,L2FT01-FTJ004,21.10,0.000,0.666012,16605,0.435592,0.055345,0,0,0,0.6600,宝安区,23,23,0,0,0,0,1
2021-02-21,589179428,20190000000000000003,900200000000000034,1,113.736,319.992,36221.538,2021-02-21 17:00:00.000,L2FT01-FTJ004,21.10,0.000,0.666012,16605,0.435592,0.055345,0,0,0,0.6600,宝安区,23,23,0,0,0,0,1
2021-02-21,589179428,20190000000000000003,900200000000000037,1,42.032,393.440,16524.000,2021-02-21 17:00:00.000,L2FT01-FTJ004,21.10,0.000,0.666012,16605,0.435592,0.055345,0,0,0,0.6600,宝安区,23,23,0,0,0,0,1
2021-02-21,589179428,20190000000000000003,900200000000000037,1,19.051,398.150,7582.143,2021-02-21 17:15:00.000,L2FT01-FTJ004,21.10,0.000,0.666012,16605,0.435592,0.055345,0,0,0,0.6600,宝安区,23,23,0,0,0,0,1
2021-02-21,589179428,20190000000000000003,900200000000000039,1,29.790,339.460,10110.667,2021-02-21 17:15:00.000,L2FT01-FTJ004,21.10,0.000,0.666012,16605,0.435592,0.055345,0,0,0,0.6600,宝安区,23,23,0,0,0,0,1
2021-02-21,589179428,20190000000000000003,900200000000000050,1,25.090,328.300,8240.000,2021-02-21 17:15:00.000,L2FT01-FTJ004,21.10,0.000,0.666012,16605,0.435592,0.055345,0,0,0,0.6600,宝安区,23,23,0,0,0,0,1
2021-02-21,589179428,20190000000000000003,900200000000000039,1,25.550,342.800,8761.333,2021-02-21 17:30:00.000,L2FT01-FTJ004,21.10,0.000,0.666012,16605,0.435592,0.055345,0,0,0,0.6600,宝安区,23,23,0,0,0,0,1
2021-02-21,589179428,20190000000000000003,900200000000000039,1,13.617,342.607,4664.000,2021-02-21 17:45:00.000,L2FT01-FTJ004,21.10,0.000,0.666012,16605,0.435592,0.055345,0,0,0,0.6600,宝安区,23,23,0,0,0,0,1
2021-02-21,589179428,20190000000000000003,900200000000000039,1,9.790,342.800,3350.000,2021-02-21 18:00:00.000,L2FT01-FTJ004,21.00,0.000,0.666012,16605,0.435592,0.055345,0,0,0,0.6600,宝安区,23,23,0,0,0,0,1
2021-02-21,589179428,20190000000000000003,900200000000000057,1,100.318,477.620,47908.000,2021-02-21 19:15:00.000,L2FT01-FTJ004,21.10,0.000,0.666012,16605,0.435592,0.055345,0,0,0,0.6600,宝安区,23,23,0,0,0,0,1
2021-02-21,589179428,20190000000000000003,900200000000000057,1,99.818,486.713,48581.333,2021-02-21 19:30:00.000,L2FT01-FTJ004,21.10,0.000,0.666012,16605,0.435592,0.055345,0,0,0,0.6600,宝安区,23,23,0,0,0,0,1
2021-02-21,589179428,20190000000000000003,900200000000000057,1,99.812,488.927,48799.333,2021-02-21 19:45:00.000,L2FT01-FTJ004,21.10,0.000,0.666012,16605,0.435592,0.055345,0,0,0,0.6600,宝安区,23,23,0,0,0,0,1
2021-02-21,589179428,20190000000000000003,900200000000000057,1,99.872,493.947,49334.667,2021-02-21 20:00:00.000,L2FT01-FTJ004,21.40,0.000,0.666012,16605,0.435592,0.055345,0,0,0,0.6600,宝安区,23,23,0,0,0,0,1
2021-02-21,589179428,20190000000000000003,900200000000000032,1,56.915,343.342,19540.000,2021-02-21 20:15:00.000,L2FT01-FTJ004,21.40,0.000,0.666012,16605,0.435592,0.055345,0,0,0,0.6600,宝安区,23,23,0,0,0,0,1
2021-02-21,589179428,20190000000000000003,900200000000000057,1,22.238,503.267,11136.000,2021-02-21 20:15:00.000,L2FT01-FTJ004,21.40,0.000,0.666012,16605,0.435592,0.055345,0,0,0,0.6600,宝安区,23,23,0,0,0,0,1
2021-02-21,589179428,20190000000000000003,900200000000000032,1,56.883,355.467,20218.667,2021-02-21 20:30:00.000,L2FT01-FTJ004,21.40,0.000,0.666012,16605,0.435592,0.055345,0,0,0,0.6600,宝安区,23,23,0,0,0,0,1
2021-02-21,589179428,20190000000000000003,900200000000000057,1,1.270,444.025,637.500,2021-02-21 20:30:00.000,L2FT01-FTJ004,21.40,0.000,0.666012,16605,0.435592,0.055345,0,0,0,0.6600,宝安区,23,23,0,0,0,0,1
2021-02-21,589179428,20190000000000000003,900200000000000032,1,53.030,367.767,19493.333,2021-02-21 20:45:00.000,L2FT01-FTJ004,21.40,0.000,0.666012,16605,0.435592,0.055345,0,0,0,0.6600,宝安区,23,23,0,0,0,0,1
2021-02-21,589179428,20190000000000000003,900200000000000044,1,129.941,310.320,40319.333,2021-02-21 23:30:00.000,L2FT01-FTJ004,23.22,0.000,0.666012,16605,0.435592,0.055345,0,0,0,0.6600,宝安区,23,23,0,0,0,0,1
2021-02-21,589179428,20190000000000000003,900200000000000036,1,120.421,376.886,45372.857,2021-02-21 23:45:00.000,L2FT01-FTJ004,23.22,0.000,0.666012,16605,0.435592,0.055345,0,0,0,0.6600,宝安区,23,23,0,0,0,0,1
2021-02-21,589179428,20190000000000000003,900200000000000044,1,129.890,311.093,40406.000,2021-02-21 23:45:00.000,L2FT01-FTJ004,23.22,0.000,0.666012,16605,0.435592,0.055345,0,0,0,0.6600,宝安区,23,23,0,0,0,0,1
2021-02-22,589179428,20190000000000000003,900200000000000036,1,100.312,391.487,39210.667,2021-02-22 00:00:00.000,L2FT01-FTJ004,24.00,0.000,0.666012,16605,0.435592,0.055345,0,0,1,0.6600,宝安区,23,23,0,0,0,0,1
2021-02-22,589179428,20190000000000000003,900200000000000038,1,129.978,310.331,40333.077,2021-02-22 00:00:00.000,L2FT01-FTJ004,24.00,0.000,0.666012,16605,0.435592,0.055345,0,0,1,0.6600,宝安区,23,23,0,0,0,0,1
2021-02-22,589179428,20190000000000000003,900200000000000044,1,129.890,313.093,40666.000,2021-02-22 00:00:00.000,L2FT01-FTJ004,24.00,0.000,0.666012,16605,0.435592,0.055345,0,0,1,0.6600,宝安区,23,23,0,0,0,0,1
2021-02-22,589179428,20190000000000000003,900200000000000036,1,68.097,403.793,27496.667,2021-02-22 00:15:00.000,L2FT01-FTJ004,24.00,0.000,0.666012,16605,0.435592,0.055345,0,0,1,0.6600,宝安区,23,23,0,0,0,0,1
2021-02-22,589179428,20190000000000000003,900200000000000038,1,129.800,310.467,40293.333,2021-02-22 00:15:00.000,L2FT01-FTJ004,24.00,0.000,0.666012,16605,0.435592,0.055345,0,0,1,0.6600,宝安区,23,23,0,0,0,0,1
2021-02-22,589179428,20190000000000000003,900200000000000044,1,129.800,314.240,40783.333,2021-02-22 00:15:00.000,L2FT01-FTJ004,24.00,0.000,0.666012,16605,0.435592,0.055345,0,0,1,0.6600,宝安区,23,23,0,0,0,0,1
2021-02-22,589179428,20190000000000000003,900200000000000044,1,129.800,315.567,40955.333,2021-02-22 00:30:00.000,L2FT01-FTJ004,24.00,0.000,0.666012,16605,0.435592,0.055345,0,0,1,0.6600,宝安区,23,23,0,0,0,0,1
2021-02-22,589179428,20190000000000000003,900200000000000036,1,24.440,409.573,10031.333,2021-02-22 00:30:00.000,L2FT01-FTJ004,24.00,0.000,0.666012,16605,0.435592,0.055345,0,0,1,0.6600,宝安区,23,23,0,0,0,0,1
2021-02-22,589179428,20190000000000000003,900200000000000036,1,13.590,410.680,5580.667,2021-02-22 00:45:00.000,L2FT01-FTJ004,24.00,0.000,0.666012,16605,0.435592,0.055345,0,0,1,0.6600,宝安区,23,23,0,0,0,0,1
2021-02-22,589179428,20190000000000000003,900200000000000044,1,101.416,323.060,32524.000,2021-02-22 00:45:00.000,L2FT01-FTJ004,24.00,0.000,0.666012,16605,0.435592,0.055345,0,0,1,0.6600,宝安区,23,23,0,0,0,0,1
2021-02-22,589179428,20190000000000000003,900200000000000036,1,13.590,413.013,5612.000,2021-02-22 01:00:00.000,L2FT01-FTJ004,24.78,0.000,0.666012,16605,0.435592,0.055345,0,0,1,0.6600,宝安区,23,23,0,0,0,0,1
2021-02-22,589179428,20190000000000000003,900200000000000036,1,13.590,414.500,5630.000,2021-02-22 01:15:00.000,L2FT01-FTJ004,24.78,0.000,0.666012,16605,0.435592,0.055345,0,0,1,0.6600,宝安区,23,23,0,0,0,0,1
2021-02-22,589179428,20190000000000000003,900200000000000057,1,129.813,310.657,40322.857,2021-02-22 02:30:00.000,L2FT01-FTJ004,25.50,0.000,0.666012,16605,0.435592,0.055345,0,0,1,0.6600,宝安区,23,23,0,0,0,0,1
2021-02-22,589179428,20190000000000000003,900200000000000057,1,129.812,311.180,40390.000,2021-02-22 02:45:00.000,L2FT01-FTJ004,25.50,0.000,0.666012,16605,0.435592,0.055345,0,0,1,0.6600,宝安区,23,23,0,0,0,0,1
2021-02-22,589179428,20190000000000000003,900200000000000057,1,129.890,313.333,40697.333,2021-02-22 03:00:00.000,L2FT01-FTJ004,26.12,0.000,0.666012,16605,0.435592,0.055345,0,0,1,0.6600,宝安区,23,23,0,0,0,0,1
2021-02-22,589179428,20190000000000000003,900200000000000057,1,129.818,314.913,40876.000,2021-02-22 03:15:00.000,L2FT01-FTJ004,26.12,0.000,0.666012,16605,0.435592,0.055345,0,0,1,0.6600,宝安区,23,23,0,0,0,0,1
2021-02-22,589179428,20190000000000000003,900200000000000057,1,105.935,321.292,33804.615,2021-02-22 03:30:00.000,L2FT01-FTJ004,26.12,0.000,0.666012,16605,0.435592,0.055345,0,0,1,0.6600,宝安区,23,23,0,0,0,0,1
2021-02-22,589179428,20190000000000000003,900200000000000032,1,129.824,310.800,40344.167,2021-02-22 07:00:00.000,L2FT01-FTJ004,26.90,0.000,0.666012,16605,0.435592,0.055345,0,0,1,0.6600,宝安区,23,23,0,0,0,0,1
2021-02-22,589179428,20190000000000000003,900200000000000032,1,129.866,312.780,40616.667,2021-02-22 07:15:00.000,L2FT01-FTJ004,26.90,0.000,0.666012,16605,0.435592,0.055345,0,0,1,0.6600,宝安区,23,23,0,0,0,0,1
2021-02-22,589179428,20190000000000000003,900200000000000032,1,125.514,317.264,39803.571,2021-02-22 07:30:00.000,L2FT01-FTJ004,26.90,0.000,0.666012,16605,0.435592,0.055345,0,0,1,0.6600,宝安区,23,23,0,0,0,0,1
2021-02-22,589179428,20190000000000000003,900200000000000058,1,143.800,358.200,51500.000,2021-02-22 10:30:00.000,L2FT01-FTJ004,25.50,0.000,0.666012,16605,0.435592,0.055345,0,0,1,0.6600,宝安区,23,23,0,0,0,0,1
2021-02-22,589179428,20190000000000000003,900200000000000058,1,149.537,369.340,55226.000,2021-02-22 10:45:00.000,L2FT01-FTJ004,25.50,0.000,0.666012,16605,0.435592,0.055345,0,0,1,0.6600,宝安区,23,23,0,0,0,0,1
2021-02-22,589179428,20190000000000000003,900200000000000058,1,113.548,389.600,44164.000,2021-02-22 11:00:00.000,L2FT01-FTJ004,24.78,0.000,0.666012,16605,0.435592,0.055345,0,0,1,0.6600,宝安区,23,23,0,0,0,0,1
2021-02-22,589179428,20190000000000000003,900200000000000058,1,34.733,395.488,13745.000,2021-02-22 11:15:00.000,L2FT01-FTJ004,24.78,0.000,0.666012,16605,0.435592,0.055345,0,0,1,0.6600,宝安区,23,23,0,0,0,0,1
2021-02-22,589179428,20190000000000000003,900200000000000039,1,54.970,332.020,18262.000,2021-02-22 11:30:00.000,L2FT01-FTJ004,24.78,0.000,0.666012,16605,0.435592,0.055345,0,0,1,0.6600,宝安区,23,23,0,0,0,0,1
2021-02-22,589179428,20190000000000000003,900200000000000039,1,63.790,342.227,21828.000,2021-02-22 11:45:00.000,L2FT01-FTJ004,24.78,0.000,0.666012,16605,0.435592,0.055345,0,0,1,0.6600,宝安区,23,23,0,0,0,0,1
2021-02-22,589179428,20190000000000000003,900200000000000039,1,59.523,353.787,21048.000,2021-02-22 12:00:00.000,L2FT01-FTJ004,24.00,0.000,0.666012,16605,0.435592,0.055345,0,0,1,0.6600,宝安区,23,23,0,0,0,0,1
2021-02-22,589179428,20190000000000000003,900200000000000039,1,31.963,358.580,11458.000,2021-02-22 12:15:00.000,L2FT01-FTJ004,24.00,0.000,0.666012,16605,0.435592,0.055345,0,0,1,0.6600,宝安区,23,23,0,0,0,0,1
2021-02-22,589179428,20190000000000000003,900200000000000039,1,12.590,360.293,4534.667,2021-02-22 12:30:00.000,L2FT01-FTJ004,24.00,0.000,0.666012,16605,0.435592,0.055345,0,0,1,0.6600,宝安区,23,23,0,0,0,0,1
2021-02-22,589179428,20190000000000000003,900200000000000039,1,12.590,362.300,4560.000,2021-02-22 12:45:00.000,L2FT01-FTJ004,24.00,0.000,0.666012,16605,0.435592,0.055345,0,0,1,0.6600,宝安区,23,23,0,0,0,0,1
2021-02-22,589179428,20190000000000000003,900200000000000039,1,109.583,356.193,39026.667,2021-02-22 14:45:00.000,L2FT01-FTJ004,22.50,0.000,0.666012,16605,0.435592,0.055345,0,0,1,0.6600,宝安区,23,23,0,0,0,0,1
2021-02-22,589179428,20190000000000000003,900200000000000039,1,98.253,358.207,35198.000,2021-02-22 15:00:00.000,L2FT01-FTJ004,21.88,0.000,0.666012,16605,0.435592,0.055345,0,0,1,0.6600,宝安区,23,23,0,0,0,0,1
2021-02-22,589179428,20190000000000000003,900200000000000039,1,63.393,356.414,22590.000,2021-02-22 15:15:00.000,L2FT01-FTJ004,21.88,0.000,0.666012,16605,0.435592,0.055345,0,0,1,0.6600,宝安区,23,23,0,0,0,0,1
2021-02-22,589179428,20190000000000000003,900200000000000032,1,47.867,333.650,16865.000,2021-02-22 16:15:00.000,L2FT01-FTJ004,21.40,0.000,0.666012,16605,0.435592,0.055345,0,0,1,0.6600,宝安区,23,23,0,0,0,0,1
2021-02-22,589179428,20190000000000000003,900200000000000032,1,48.890,358.787,17522.000,2021-02-22 16:30:00.000,L2FT01-FTJ004,21.40,0.000,0.666012,16605,0.435592,0.055345,0,0,1,0.6600,宝安区,23,23,0,0,0,0,1
2021-02-22,589179428,20190000000000000003,900200000000000032,1,20.350,362.607,7378.667,2021-02-22 16:45:00.000,L2FT01-FTJ004,21.40,0.000,0.666012,16605,0.435592,0.055345,0,0,1,0.6600,宝安区,23,23,0,0,0,0,1
2021-02-22,589179428,20190000000000000003,900200000000000032,1,12.317,364.327,4485.333,2021-02-22 17:00:00.000,L2FT01-FTJ004,21.10,0.000,0.666012,16605,0.435592,0.055345,0,0,1,0.6600,宝安区,23,23,0,0,0,0,1
2021-02-22,589179428,20190000000000000003,900200000000000032,1,9.890,365.629,3614.286,2021-02-22 17:15:00.000,L2FT01-FTJ004,21.10,0.000,0.666012,16605,0.435592,0.055345,0,0,1,0.6600,宝安区,23,23,0,0,0,0,1
2021-02-22,589179428,20190000000000000003,900200000000000047,1,129.890,304.750,39580.000,2021-02-22 18:30:00.000,L2FT01-FTJ004,21.00,0.000,0.666012,16605,0.435592,0.055345,0,0,1,0.6600,宝安区,23,23,0,0,0,0,1
2021-02-22,589179428,20190000000000000003,900200000000000047,1,113.597,302.788,34968.750,2021-02-22 18:45:00.000,L2FT01-FTJ004,21.00,0.000,0.666012,16605,0.435592,0.055345,0,0,1,0.6600,宝安区,23,23,0,0,0,0,1
2021-02-22,589179428,20190000000000000003,900200000000000049,1,130.045,315.212,40987.500,2021-02-22 19:00:00.000,L2FT01-FTJ004,21.10,0.000,0.666012,16605,0.435592,0.055345,0,0,1,0.6600,宝安区,23,23,0,0,0,0,1
2021-02-22,589179428,20190000000000000003,900200000000000049,1,130.000,316.013,41077.333,2021-02-22 19:15:00.000,L2FT01-FTJ004,21.10,0.000,0.666012,16605,0.435592,0.055345,0,0,1,0.6600,宝安区,23,23,0,0,0,0,1
2021-02-22,589179428,20190000000000000003,900200000000000049,1,130.000,320.600,41675.000,2021-02-22 19:30:00.000,L2FT01-FTJ004,21.10,0.000,0.666012,16605,0.435592,0.055345,0,0,1,0.6600,宝安区,23,23,0,0,0,0,1
2021-02-22,589179428,20190000000000000003,900200000000000052,1,56.893,354.600,20170.000,2021-02-22 22:15:00.000,L2FT01-FTJ004,22.50,0.000,0.666012,16605,0.435592,0.055345,0,0,1,0.6600,宝安区,23,23,0,0,0,0,1
2021-02-22,589179428,20190000000000000003,900200000000000042,1,129.795,309.325,40147.500,2021-02-22 23:15:00.000,L2FT01-FTJ004,23.22,0.000,0.666012,16605,0.435592,0.055345,0,0,1,0.6600,宝安区,23,23,0,0,0,0,1
2021-02-22,589179428,20190000000000000003,900200000000000042,1,129.872,310.247,40290.000,2021-02-22 23:30:00.000,L2FT01-FTJ004,23.22,0.000,0.666012,16605,0.435592,0.055345,0,0,1,0.6600,宝安区,23,23,0,0,0,0,1
2021-02-22,589179428,20190000000000000003,900200000000000042,1,129.836,311.493,40439.333,2021-02-22 23:45:00.000,L2FT01-FTJ004,23.22,0.000,0.666012,16605,0.435592,0.055345,0,0,1,0.6600,宝安区,23,23,0,0,0,0,1
2021-02-23,589179428,20190000000000000003,900200000000000042,1,129.878,313.180,40672.667,2021-02-23 00:00:00.000,L2FT01-FTJ004,24.00,0.000,0.666012,16605,0.435592,0.055345,0,0,1,0.6600,宝安区,23,23,0,0,0,0,1
2021-02-23,589179428,20190000000000000003,900200000000000042,1,129.890,314.173,40805.333,2021-02-23 00:15:00.000,L2FT01-FTJ004,24.00,0.000,0.666012,16605,0.435592,0.055345,0,0,1,0.6600,宝安区,23,23,0,0,0,0,1
2021-02-23,589179428,20190000000000000003,900200000000000042,1,129.848,315.860,41011.333,2021-02-23 00:30:00.000,L2FT01-FTJ004,24.00,0.000,0.666012,16605,0.435592,0.055345,0,0,1,0.6600,宝安区,23,23,0,0,0,0,1
2021-02-23,589179428,20190000000000000003,900200000000000042,1,86.495,324.617,27871.667,2021-02-23 00:45:00.000,L2FT01-FTJ004,24.00,0.000,0.666012,16605,0.435592,0.055345,0,0,1,0.6600,宝安区,23,23,0,0,0,0,1
2021-02-23,589179428,20190000000000000003,900200000000000043,1,129.822,306.562,39792.500,2021-02-23 01:15:00.000,L2FT01-FTJ004,24.78,0.000,0.666012,16605,0.435592,0.055345,0,0,1,0.6600,宝安区,23,23,0,0,0,0,1
2021-02-23,589179428,20190000000000000003,900200000000000043,1,129.800,309.580,40178.667,2021-02-23 01:30:00.000,L2FT01-FTJ004,24.78,0.000,0.666012,16605,0.435592,0.055345,0,0,1,0.6600,宝安区,23,23,0,0,0,0,1
2021-02-23,589179428,20190000000000000003,900200000000000043,1,129.800,310.253,40265.333,2021-02-23 01:45:00.000,L2FT01-FTJ004,24.78,0.000,0.666012,16605,0.435592,0.055345,0,0,1,0.6600,宝安区,23,23,0,0,0,0,1
2021-02-23,589179428,20190000000000000003,900200000000000057,1,190.612,310.680,59318.000,2021-02-23 01:45:00.000,L2FT01-FTJ004,24.78,0.000,0.666012,16605,0.435592,0.055345,0,0,1,0.6600,宝安区,23,23,0,0,0,0,1
2021-02-23,589179428,20190000000000000003,900200000000000043,1,129.800,311.560,40435.333,2021-02-23 02:00:00.000,L2FT01-FTJ004,25.50,0.000,0.666012,16605,0.435592,0.055345,0,0,1,0.6600,宝安区,23,23,0,0,0,0,1
2021-02-23,589179428,20190000000000000003,900200000000000057,1,178.402,312.520,55754.667,2021-02-23 02:00:00.000,L2FT01-FTJ004,25.50,0.000,0.666012,16605,0.435592,0.055345,0,0,1,0.6600,宝安区,23,23,0,0,0,0,1
2021-02-23,589179428,20190000000000000003,900200000000000043,1,129.800,313.473,40684.000,2021-02-23 02:15:00.000,L2FT01-FTJ004,25.50,0.000,0.666012,16605,0.435592,0.055345,0,0,1,0.6600,宝安区,23,23,0,0,0,0,1
2021-02-23,589179428,20190000000000000003,900200000000000057,1,164.800,313.900,51726.000,2021-02-23 02:15:00.000,L2FT01-FTJ004,25.50,0.000,0.666012,16605,0.435592,0.055345,0,0,1,0.6600,宝安区,23,23,0,0,0,0,1
2021-02-23,589179428,20190000000000000003,900200000000000057,1,164.800,315.173,51935.333,2021-02-23 02:30:00.000,L2FT01-FTJ004,25.50,0.000,0.666012,16605,0.435592,0.055345,0,0,1,0.6600,宝安区,23,23,0,0,0,0,1
2021-02-23,589179428,20190000000000000003,900200000000000043,1,129.884,314.607,40860.000,2021-02-23 02:30:00.000,L2FT01-FTJ004,25.50,0.000,0.666012,16605,0.435592,0.055345,0,0,1,0.6600,宝安区,23,23,0,0,0,0,1
2021-02-23,589179428,20190000000000000003,900200000000000043,1,82.547,323.636,26458.182,2021-02-23 02:45:00.000,L2FT01-FTJ004,25.50,0.000,0.666012,16605,0.435592,0.055345,0,0,1,0.6600,宝安区,23,23,0,0,0,0,1
2021-02-23,589179428,20190000000000000003,900200000000000057,1,164.800,316.993,52234.667,2021-02-23 02:45:00.000,L2FT01-FTJ004,25.50,0.000,0.666012,16605,0.435592,0.055345,0,0,1,0.6600,宝安区,23,23,0,0,0,0,1
2021-02-23,589179428,20190000000000000003,900200000000000057,1,89.602,326.475,28995.000,2021-02-23 03:00:00.000,L2FT01-FTJ004,26.12,0.000,0.666012,16605,0.435592,0.055345,0,0,1,0.6600,宝安区,23,23,0,0,0,0,1
2021-02-23,589179428,20190000000000000003,900200000000000048,1,129.914,312.960,40652.000,2021-02-23 08:30:00.000,L2FT01-FTJ004,26.60,0.000,0.666012,16605,0.435592,0.055345,0,0,1,0.6600,宝安区,23,23,0,0,0,0,1
2021-02-23,589179428,20190000000000000003,900200000000000048,1,113.216,318.956,36058.889,2021-02-23 08:45:00.000,L2FT01-FTJ004,26.60,0.000,0.666012,16605,0.435592,0.055345,0,0,1,0.6600,宝安区,23,23,0,0,0,0,1
2021-02-23,589179428,20190000000000000003,900200000000000050,1,124.085,313.700,38921.818,2021-02-23 11:00:00.000,L2FT01-FTJ004,24.78,0.000,0.666012,16605,0.435592,0.055345,0,0,1,0.6600,宝安区,23,23,0,0,0,0,1
2021-02-23,589179428,20190000000000000003,900200000000000050,1,121.524,314.027,38156.667,2021-02-23 11:15:00.000,L2FT01-FTJ004,24.78,0.000,0.666012,16605,0.435592,0.055345,0,0,1,0.6600,宝安区,23,23,0,0,0,0,1
2021-02-23,589179428,20190000000000000003,900200000000000050,1,109.183,317.931,34623.077,2021-02-23 11:30:00.000,L2FT01-FTJ004,24.78,0.000,0.666012,16605,0.435592,0.055345,0,0,1,0.6600,宝安区,23,23,0,0,0,0,1
2021-02-23,589179428,20190000000000000003,900200000000000031,1,135.097,313.800,42393.333,2021-02-23 11:30:00.000,L2FT01-FTJ004,24.78,0.000,0.666012,16605,0.435592,0.055345,0,0,1,0.6600,宝安区,23,23,0,0,0,0,1
2021-02-23,589179428,20190000000000000003,900200000000000043,1,200.395,312.392,62596.923,2021-02-23 11:30:00.000,L2FT01-FTJ004,24.78,0.000,0.666012,16605,0.435592,0.055345,0,0,1,0.6600,宝安区,23,23,0,0,0,0,1
2021-02-23,589179428,20190000000000000003,900200000000000031,1,130.870,314.313,41133.333,2021-02-23 11:45:00.000,L2FT01-FTJ004,24.78,0.000,0.666012,16605,0.435592,0.055345,0,0,1,0.6600,宝安区,23,23,0,0,0,0,1
2021-02-23,589179428,20190000000000000003,900200000000000043,1,201.545,314.207,63321.333,2021-02-23 11:45:00.000,L2FT01-FTJ004,24.78,0.000,0.666012,16605,0.435592,0.055345,0,0,1,0.6600,宝安区,23,23,0,0,0,0,1
2021-02-23,589179428,20190000000000000003,900200000000000031,1,118.168,320.200,37589.000,2021-02-23 12:00:00.000,L2FT01-FTJ004,24.00,0.000,0.666012,16605,0.435592,0.055345,0,0,1,0.6600,宝安区,23,23,0,0,0,0,1
2021-02-23,589179428,20190000000000000003,900200000000000043,1,167.263,314.467,52597.333,2021-02-23 12:00:00.000,L2FT01-FTJ004,24.00,0.000,0.666012,16605,0.435592,0.055345,0,0,1,0.6600,宝安区,23,23,0,0,0,0,1
2021-02-23,589179428,20190000000000000003,900200000000000057,0,0.000,399.300,0.000,2021-02-23 12:00:00.000,L2FT01-FTJ004,24.00,0.000,0.666012,16605,0.435592,0.055345,0,0,1,0.6600,宝安区,23,23,0,0,0,0,1
2021-02-23,589179428,20190000000000000003,900200000000000043,1,164.800,316.173,52100.667,2021-02-23 12:15:00.000,L2FT01-FTJ004,24.00,0.000,0.666012,16605,0.435592,0.055345,0,0,1,0.6600,宝安区,23,23,0,0,0,0,1
2021-02-23,589179428,20190000000000000003,900200000000000057,1,54.824,380.207,20843.333,2021-02-23 12:15:00.000,L2FT01-FTJ004,24.00,0.000,0.666012,16605,0.435592,0.055345,0,0,1,0.6600,宝安区,23,23,0,0,0,0,1
2021-02-23,589179428,20190000000000000003,900200000000000043,1,118.709,322.438,38127.500,2021-02-23 12:30:00.000,L2FT01-FTJ004,24.00,0.000,0.666012,16605,0.435592,0.055345,0,0,1,0.6600,宝安区,23,23,0,0,0,0,1
2021-02-23,589179428,20190000000000000003,900200000000000057,1,47.477,393.713,18679.333,2021-02-23 12:30:00.000,L2FT01-FTJ004,24.00,0.000,0.666012,16605,0.435592,0.055345,0,0,1,0.6600,宝安区,23,23,0,0,0,0,1
2021-02-23,589179428,20190000000000000003,900200000000000057,1,18.210,396.560,7222.000,2021-02-23 12:45:00.000,L2FT01-FTJ004,24.00,0.000,0.666012,16605,0.435592,0.055345,0,0,1,0.6600,宝安区,23,23,0,0,0,0,1
2021-02-23,589179428,20190000000000000003,900200000000000057,1,7.632,397.025,3024.167,2021-02-23 13:00:00.000,L2FT01-FTJ004,23.22,0.000,0.666012,16605,0.435592,0.055345,0,0,1,0.6600,宝安区,23,23,0,0,0,0,1
2021-02-23,589179428,20190000000000000003,900200000000000036,1,117.031,309.833,36364.444,2021-02-23 15:15:00.000,L2FT01-FTJ004,21.88,0.000,0.666012,16605,0.435592,0.055345,0,0,1,0.6600,宝安区,23,23,0,0,0,0,1
2021-02-23,589179428,20190000000000000003,900200000000000036,1,131.800,311.480,41047.333,2021-02-23 15:30:00.000,L2FT01-FTJ004,21.88,0.000,0.666012,16605,0.435592,0.055345,0,0,1,0.6600,宝安区,23,23,0,0,0,0,1
2021-02-23,589179428,20190000000000000003,900200000000000036,1,131.884,313.780,41380.667,2021-02-23 15:45:00.000,L2FT01-FTJ004,21.88,0.000,0.666012,16605,0.435592,0.055345,0,0,1,0.6600,宝安区,23,23,0,0,0,0,1
2021-02-23,589179428,20190000000000000003,900200000000000040,1,129.859,310.229,40282.857,2021-02-23 15:45:00.000,L2FT01-FTJ004,21.88,0.000,0.666012,16605,0.435592,0.055345,0,0,1,0.6600,宝安区,23,23,0,0,0,0,1
2021-02-23,589179428,20190000000000000003,900200000000000040,1,129.890,311.007,40394.000,2021-02-23 16:00:00.000,L2FT01-FTJ004,21.40,0.000,0.666012,16605,0.435592,0.055345,0,0,1,0.6600,宝安区,23,23,0,0,0,0,1
2021-02-23,589179428,20190000000000000003,900200000000000036,1,131.890,314.853,41524.000,2021-02-23 16:00:00.000,L2FT01-FTJ004,21.40,0.000,0.666012,16605,0.435592,0.055345,0,0,1,0.6600,宝安区,23,23,0,0,0,0,1
2021-02-23,589179428,20190000000000000003,900200000000000040,1,129.890,312.813,40629.333,2021-02-23 16:15:00.000,L2FT01-FTJ004,21.40,0.000,0.666012,16605,0.435592,0.055345,0,0,1,0.6600,宝安区,23,23,0,0,0,0,1
2021-02-23,589179428,20190000000000000003,900200000000000036,1,131.872,316.787,41772.667,2021-02-23 16:15:00.000,L2FT01-FTJ004,21.40,0.000,0.666012,16605,0.435592,0.055345,0,0,1,0.6600,宝安区,23,23,0,0,0,0,1
2021-02-23,589179428,20190000000000000003,900200000000000036,1,65.912,327.800,21454.000,2021-02-23 16:30:00.000,L2FT01-FTJ004,21.40,0.000,0.666012,16605,0.435592,0.055345,0,0,1,0.6600,宝安区,23,23,0,0,0,0,1
2021-02-23,589179428,20190000000000000003,900200000000000040,1,129.890,314.100,40796.667,2021-02-23 16:30:00.000,L2FT01-FTJ004,21.40,0.000,0.666012,16605,0.435592,0.055345,0,0,1,0.6600,宝安区,23,23,0,0,0,0,1
2021-02-23,589179428,20190000000000000003,900200000000000036,1,130.000,313.150,40705.000,2021-02-23 16:45:00.000,L2FT01-FTJ004,21.40,0.000,0.666012,16605,0.435592,0.055345,0,0,1,0.6600,宝安区,23,23,0,0,0,0,1
2021-02-23,589179428,20190000000000000003,900200000000000039,1,178.927,316.520,56560.667,2021-02-23 16:45:00.000,L2FT01-FTJ004,21.40,0.000,0.666012,16605,0.435592,0.055345,0,0,1,0.6600,宝安区,23,23,0,0,0,0,1
2021-02-23,589179428,20190000000000000003,900200000000000040,1,129.890,315.473,40974.667,2021-02-23 16:45:00.000,L2FT01-FTJ004,21.40,0.000,0.666012,16605,0.435592,0.055345,0,0,1,0.6600,宝安区,23,23,0,0,0,0,1
2021-02-23,589179428,20190000000000000003,900200000000000036,1,129.912,314.380,40840.667,2021-02-23 17:00:00.000,L2FT01-FTJ004,21.10,0.000,0.666012,16605,0.435592,0.055345,0,0,1,0.6600,宝安区,23,23,0,0,0,0,1
2021-02-23,589179428,20190000000000000003,900200000000000039,1,168.464,319.878,53792.222,2021-02-23 17:00:00.000,L2FT01-FTJ004,21.10,0.000,0.666012,16605,0.435592,0.055345,0,0,1,0.6600,宝安区,23,23,0,0,0,0,1
2021-02-23,589179428,20190000000000000003,900200000000000040,1,83.168,325.289,26814.444,2021-02-23 17:00:00.000,L2FT01-FTJ004,21.10,0.000,0.666012,16605,0.435592,0.055345,0,0,1,0.6600,宝安区,23,23,0,0,0,0,1
2021-02-23,589179428,20190000000000000003,900200000000000036,1,109.952,320.723,35064.615,2021-02-23 17:15:00.000,L2FT01-FTJ004,21.10,0.000,0.666012,16605,0.435592,0.055345,0,0,1,0.6600,宝安区,23,23,0,0,0,0,1
2021-02-23,589179428,20190000000000000003,900200000000000057,1,113.854,398.483,45637.500,2021-02-23 17:30:00.000,L2FT01-FTJ004,21.10,0.000,0.666012,16605,0.435592,0.055345,0,0,1,0.6600,宝安区,23,23,0,0,0,0,1
2021-02-23,589179428,20190000000000000003,900200000000000057,1,130.845,407.833,53360.000,2021-02-23 17:45:00.000,L2FT01-FTJ004,21.10,0.000,0.666012,16605,0.435592,0.055345,0,0,1,0.6600,宝安区,23,23,0,0,0,0,1
2021-02-23,589179428,20190000000000000003,900200000000000057,1,129.820,314.322,40801.111,2021-02-23 18:00:00.000,L2FT01-FTJ004,21.00,0.000,0.666012,16605,0.435592,0.055345,0,0,1,0.6600,宝安区,23,23,0,0,0,0,1
2021-02-23,589179428,20190000000000000003,900200000000000038,1,191.430,308.567,59066.667,2021-02-23 20:30:00.000,L2FT01-FTJ004,21.40,0.000,0.666012,16605,0.435592,0.055345,0,0,1,0.6600,宝安区,23,23,0,0,0,0,1
2021-02-23,589179428,20190000000000000003,900200000000000043,1,129.889,309.813,40238.667,2021-02-23 21:00:00.000,L2FT01-FTJ004,21.88,0.000,0.666012,16605,0.435592,0.055345,0,0,1,0.6600,宝安区,23,23,0,0,0,0,1
2021-02-23,589179428,20190000000000000003,900200000000000043,1,129.830,311.200,40398.000,2021-02-23 21:15:00.000,L2FT01-FTJ004,21.88,0.000,0.666012,16605,0.435592,0.055345,0,0,1,0.6600,宝安区,23,23,0,0,0,0,1
2021-02-23,589179428,20190000000000000003,900200000000000043,1,129.884,313.420,40706.000,2021-02-23 21:30:00.000,L2FT01-FTJ004,21.88,0.000,0.666012,16605,0.435592,0.055345,0,0,1,0.6600,宝安区,23,23,0,0,0,0,1
2021-02-23,589179428,20190000000000000003,900200000000000043,1,129.890,314.057,40790.000,2021-02-23 21:45:00.000,L2FT01-FTJ004,21.88,0.000,0.666012,16605,0.435592,0.055345,0,0,1,0.6600,宝安区,23,23,0,0,0,0,1
2021-02-23,589179428,20190000000000000003,900200000000000043,1,99.898,373.120,37269.333,2021-02-23 23:30:00.000,L2FT01-FTJ004,23.22,0.000,0.666012,16605,0.435592,0.055345,0,0,1,0.6600,宝安区,23,23,0,0,0,0,1
2021-02-23,589179428,20190000000000000003,900200000000000043,1,99.800,387.507,38670.667,2021-02-23 23:45:00.000,L2FT01-FTJ004,23.22,0.000,0.666012,16605,0.435592,0.055345,0,0,1,0.6600,宝安区,23,23,0,0,0,0,1
2021-02-23,589179428,20190000000000000003,900200000000000057,1,87.263,343.100,30101.429,2021-02-23 23:45:00.000,L2FT01-FTJ004,23.22,0.000,0.666012,16605,0.435592,0.055345,0,0,1,0.6600,宝安区,23,23,0,0,0,0,1
2021-02-24,589179428,20190000000000000003,900200000000000043,1,91.254,396.929,36211.429,2021-02-24 00:00:00.000,L2FT01-FTJ004,24.00,0.000,0.666012,16605,0.435592,0.055345,0,0,1,0.6600,宝安区,23,23,0,0,0,0,1
2021-02-24,589179428,20190000000000000003,900200000000000057,1,98.481,348.575,34318.750,2021-02-24 00:00:00.000,L2FT01-FTJ004,24.00,0.000,0.666012,16605,0.435592,0.055345,0,0,1,0.6600,宝安区,23,23,0,0,0,0,1
2021-02-24,589179428,20190000000000000003,900200000000000043,1,8.823,397.900,3513.333,2021-02-24 00:30:00.000,L2FT01-FTJ004,24.00,0.000,0.666012,16605,0.435592,0.055345,0,0,1,0.6600,宝安区,23,23,0,0,0,0,1
2021-02-24,589179428,20190000000000000003,900200000000000057,1,90.723,372.067,33753.333,2021-02-24 00:30:00.000,L2FT01-FTJ004,24.00,0.000,0.666012,16605,0.435592,0.055345,0,0,1,0.6600,宝安区,23,23,0,0,0,0,1
2021-02-24,589179428,20190000000000000003,900200000000000057,1,44.000,384.200,16900.000,2021-02-24 00:45:00.000,L2FT01-FTJ004,24.00,0.000,0.666012,16605,0.435592,0.055345,0,0,1,0.6600,宝安区,23,23,0,0,0,0,1
2021-02-24,589179428,20190000000000000003,900200000000000057,1,25.790,388.300,10016.667,2021-02-24 01:00:00.000,L2FT01-FTJ004,24.78,0.000,0.666012,16605,0.435592,0.055345,0,0,1,0.6600,宝安区,23,23,0,0,0,0,1
2021-02-24,589179428,20190000000000000003,900200000000000045,1,145.097,312.833,45386.667,2021-02-24 01:45:00.000,L2FT01-FTJ004,24.78,0.000,0.666012,16605,0.435592,0.055345,0,0,1,0.6600,宝安区,23,23,0,0,0,0,1
2021-02-24,589179428,20190000000000000003,900200000000000045,1,145.060,314.707,45645.333,2021-02-24 02:00:00.000,L2FT01-FTJ004,25.50,0.000,0.666012,16605,0.435592,0.055345,0,0,1,0.6600,宝安区,23,23,0,0,0,0,1
2021-02-24,589179428,20190000000000000003,900200000000000045,1,145.000,315.707,45772.667,2021-02-24 02:15:00.000,L2FT01-FTJ004,25.50,0.000,0.666012,16605,0.435592,0.055345,0,0,1,0.6600,宝安区,23,23,0,0,0,0,1
2021-02-24,589179428,20190000000000000003,900200000000000045,1,145.010,318.380,46164.000,2021-02-24 02:30:00.000,L2FT01-FTJ004,25.50,0.000,0.666012,16605,0.435592,0.055345,0,0,1,0.6600,宝安区,23,23,0,0,0,0,1
2021-02-24,589179428,20190000000000000003,900200000000000057,1,130.015,309.200,40196.667,2021-02-24 02:30:00.000,L2FT01-FTJ004,25.50,0.000,0.666012,16605,0.435592,0.055345,0,0,1,0.6600,宝安区,23,23,0,0,0,0,1
2021-02-24,589179428,20190000000000000003,900200000000000037,1,129.918,310.667,40355.556,2021-02-24 02:45:00.000,L2FT01-FTJ004,25.50,0.000,0.666012,16605,0.435592,0.055345,0,0,1,0.6600,宝安区,23,23,0,0,0,0,1
2021-02-24,589179428,20190000000000000003,900200000000000057,1,129.909,310.347,40315.333,2021-02-24 02:45:00.000,L2FT01-FTJ004,25.50,0.000,0.666012,16605,0.435592,0.055345,0,0,1,0.6600,宝安区,23,23,0,0,0,0,1
2021-02-24,589179428,20190000000000000003,900200000000000057,1,130.012,311.160,40450.000,2021-02-24 03:00:00.000,L2FT01-FTJ004,26.12,0.000,0.666012,16605,0.435592,0.055345,0,0,1,0.6600,宝安区,23,23,0,0,0,0,1
2021-02-24,589179428,20190000000000000003,900200000000000037,1,129.919,311.593,40477.333,2021-02-24 03:00:00.000,L2FT01-FTJ004,26.12,0.000,0.666012,16605,0.435592,0.055345,0,0,1,0.6600,宝安区,23,23,0,0,0,0,1
2021-02-24,589179428,20190000000000000003,900200000000000037,1,129.890,313.927,40774.667,2021-02-24 03:15:00.000,L2FT01-FTJ004,26.12,0.000,0.666012,16605,0.435592,0.055345,0,0,1,0.6600,宝安区,23,23,0,0,0,0,1
2021-02-24,589179428,20190000000000000003,900200000000000057,1,130.066,313.360,40755.333,2021-02-24 03:15:00.000,L2FT01-FTJ004,26.12,0.000,0.666012,16605,0.435592,0.055345,0,0,1,0.6600,宝安区,23,23,0,0,0,0,1
2021-02-24,589179428,20190000000000000003,900200000000000037,1,129.890,315.093,40926.000,2021-02-24 03:30:00.000,L2FT01-FTJ004,26.12,0.000,0.666012,16605,0.435592,0.055345,0,0,1,0.6600,宝安区,23,23,0,0,0,0,1
2021-02-24,589179428,20190000000000000003,900200000000000039,1,159.382,312.431,49793.846,2021-02-24 03:30:00.000,L2FT01-FTJ004,26.12,0.000,0.666012,16605,0.435592,0.055345,0,0,1,0.6600,宝安区,23,23,0,0,0,0,1
2021-02-24,589179428,20190000000000000003,900200000000000057,1,130.090,314.673,40934.667,2021-02-24 03:30:00.000,L2FT01-FTJ004,26.12,0.000,0.666012,16605,0.435592,0.055345,0,0,1,0.6600,宝安区,23,23,0,0,0,0,1
2021-02-24,589179428,20190000000000000003,900200000000000057,1,106.664,319.933,33976.000,2021-02-24 03:45:00.000,L2FT01-FTJ004,26.12,0.000,0.666012,16605,0.435592,0.055345,0,0,1,0.6600,宝安区,23,23,0,0,0,0,1
2021-02-24,589179428,20190000000000000003,900200000000000047,1,130.095,307.900,40055.000,2021-02-24 03:45:00.000,L2FT01-FTJ004,26.12,0.000,0.666012,16605,0.435592,0.055345,0,0,1,0.6600,宝安区,23,23,0,0,0,0,1
2021-02-24,589179428,20190000000000000003,900200000000000037,1,119.224,319.267,37987.333,2021-02-24 03:45:00.000,L2FT01-FTJ004,26.12,0.000,0.666012,16605,0.435592,0.055345,0,0,1,0.6600,宝安区,23,23,0,0,0,0,1
2021-02-24,589179428,20190000000000000003,900200000000000039,1,159.390,314.553,50134.667,2021-02-24 03:45:00.000,L2FT01-FTJ004,26.12,0.000,0.666012,16605,0.435592,0.055345,0,0,1,0.6600,宝安区,23,23,0,0,0,0,1
2021-02-24,589179428,20190000000000000003,900200000000000037,1,29.740,331.100,9845.000,2021-02-24 04:00:00.000,L2FT01-FTJ004,26.60,0.000,0.666012,16605,0.435592,0.055345,0,0,1,0.6600,宝安区,23,23,0,0,0,0,1
2021-02-24,589179428,20190000000000000003,900200000000000039,1,159.390,316.227,50402.000,2021-02-24 04:00:00.000,L2FT01-FTJ004,26.60,0.000,0.666012,16605,0.435592,0.055345,0,0,1,0.6600,宝安区,23,23,0,0,0,0,1
2021-02-24,589179428,20190000000000000003,900200000000000047,1,129.811,310.387,40286.667,2021-02-24 04:00:00.000,L2FT01-FTJ004,26.60,0.000,0.666012,16605,0.435592,0.055345,0,0,1,0.6600,宝安区,23,23,0,0,0,0,1
2021-02-24,589179428,20190000000000000003,900200000000000039,1,98.965,325.875,31940.000,2021-02-24 04:15:00.000,L2FT01-FTJ004,26.60,0.000,0.666012,16605,0.435592,0.055345,0,0,1,0.6600,宝安区,23,23,0,0,0,0,1
2021-02-24,589179428,20190000000000000003,900200000000000047,1,129.824,311.287,40408.000,2021-02-24 04:15:00.000,L2FT01-FTJ004,26.60,0.000,0.666012,16605,0.435592,0.055345,0,0,1,0.6600,宝安区,23,23,0,0,0,0,1
2021-02-24,589179428,20190000000000000003,900200000000000047,1,129.818,313.120,40644.000,2021-02-24 04:30:00.000,L2FT01-FTJ004,26.60,0.000,0.666012,16605,0.435592,0.055345,0,0,1,0.6600,宝安区,23,23,0,0,0,0,1
2021-02-24,589179428,20190000000000000003,900200000000000047,1,129.901,315.020,40917.333,2021-02-24 04:45:00.000,L2FT01-FTJ004,26.60,0.000,0.666012,16605,0.435592,0.055345,0,0,1,0.6600,宝安区,23,23,0,0,0,0,1
2021-02-24,589179428,20190000000000000003,900200000000000047,1,88.245,320.838,28166.923,2021-02-24 05:00:00.000,L2FT01-FTJ004,26.90,0.000,0.666012,16605,0.435592,0.055345,0,0,1,0.6600,宝安区,23,23,0,0,0,0,1
2021-02-24,589179428,20190000000000000003,900200000000000039,1,60.890,451.500,28452.857,2021-02-24 08:30:00.000,L2FT01-FTJ004,26.60,0.000,0.666012,16605,0.435592,0.055345,0,0,1,0.6600,宝安区,23,23,0,0,0,0,1
2021-02-24,589179428,20190000000000000003,900200000000000039,1,87.578,472.353,41368.667,2021-02-24 08:45:00.000,L2FT01-FTJ004,26.60,0.000,0.666012,16605,0.435592,0.055345,0,0,1,0.6600,宝安区,23,23,0,0,0,0,1
2021-02-24,589179428,20190000000000000003,900200000000000039,1,87.603,472.387,41384.000,2021-02-24 09:00:00.000,L2FT01-FTJ004,26.12,0.000,0.666012,16605,0.435592,0.055345,0,0,1,0.6600,宝安区,23,23,0,0,0,0,1
2021-02-24,589179428,20190000000000000003,900200000000000039,1,85.977,472.587,40630.000,2021-02-24 09:15:00.000,L2FT01-FTJ004,26.12,0.000,0.666012,16605,0.435592,0.055345,0,0,1,0.6600,宝安区,23,23,0,0,0,0,1
2021-02-24,589179428,20190000000000000003,900200000000000039,1,38.571,472.260,18217.000,2021-02-24 09:30:00.000,L2FT01-FTJ004,26.12,0.000,0.666012,16605,0.435592,0.055345,0,0,1,0.6600,宝安区,23,23,0,0,0,0,1
2021-02-24,589179428,20190000000000000003,900200000000000056,1,109.642,453.038,49260.000,2021-02-24 10:30:00.000,L2FT01-FTJ004,25.50,0.000,0.666012,16605,0.435592,0.055345,0,0,1,0.6600,宝安区,23,23,0,0,0,0,1
2021-02-24,589179428,20190000000000000003,900200000000000056,1,75.708,459.925,34777.500,2021-02-24 10:45:00.000,L2FT01-FTJ004,25.50,0.000,0.666012,16605,0.435592,0.055345,0,0,1,0.6600,宝安区,23,23,0,0,0,0,1
2021-02-24,589179428,20190000000000000003,900200000000000053,1,78.795,329.600,25970.000,2021-02-24 11:45:00.000,L2FT01-FTJ004,24.78,0.000,0.666012,16605,0.435592,0.055345,0,0,1,0.6600,宝安区,23,23,0,0,0,0,1
2021-02-24,589179428,20190000000000000003,900200000000000058,1,62.548,355.391,22300.000,2021-02-24 11:45:00.000,L2FT01-FTJ004,24.78,0.000,0.666012,16605,0.435592,0.055345,0,0,1,0.6600,宝安区,23,23,0,0,0,0,1
2021-02-24,589179428,20190000000000000003,900200000000000053,1,78.512,331.673,26034.667,2021-02-24 12:00:00.000,L2FT01-FTJ004,24.00,0.000,0.666012,16605,0.435592,0.055345,0,0,1,0.6600,宝安区,23,23,0,0,0,0,1
2021-02-24,589179428,20190000000000000003,900200000000000058,1,41.483,358.083,14816.667,2021-02-24 12:00:00.000,L2FT01-FTJ004,24.00,0.000,0.666012,16605,0.435592,0.055345,0,0,1,0.6600,宝安区,23,23,0,0,0,0,1
2021-02-24,589179428,20190000000000000003,900200000000000053,1,54.664,334.000,18252.857,2021-02-24 12:15:00.000,L2FT01-FTJ004,24.00,0.000,0.666012,16605,0.435592,0.055345,0,0,1,0.6600,宝安区,23,23,0,0,0,0,1
2021-02-24,589179428,20190000000000000003,900200000000000039,1,17.500,346.425,6060.000,2021-02-24 12:30:00.000,L2FT01-FTJ004,24.00,0.000,0.666012,16605,0.435592,0.055345,0,0,1,0.6600,宝安区,23,23,0,0,0,0,1
2021-02-24,589179428,20190000000000000003,900200000000000053,1,123.045,309.750,38110.000,2021-02-24 13:15:00.000,L2FT01-FTJ004,23.22,0.000,0.666012,16605,0.435592,0.055345,0,0,1,0.6600,宝安区,23,23,0,0,0,0,1
2021-02-24,589179428,20190000000000000003,900200000000000039,1,69.857,331.875,23181.667,2021-02-24 14:00:00.000,L2FT01-FTJ004,22.50,0.000,0.666012,16605,0.435592,0.055345,0,0,1,0.6600,宝安区,23,23,0,0,0,0,1
2021-02-24,589179428,20190000000000000003,900200000000000039,1,65.837,338.113,22251.333,2021-02-24 14:15:00.000,L2FT01-FTJ004,22.50,0.000,0.666012,16605,0.435592,0.055345,0,0,1,0.6600,宝安区,23,23,0,0,0,0,1
2021-02-24,589179428,20190000000000000003,900200000000000030,1,146.754,367.253,53870.000,2021-02-24 14:15:00.000,L2FT01-FTJ004,22.50,0.000,0.666012,16605,0.435592,0.055345,0,0,1,0.6600,宝安区,23,23,0,0,0,0,1
2021-02-24,589179428,20190000000000000003,900200000000000039,1,49.912,346.133,17276.667,2021-02-24 14:30:00.000,L2FT01-FTJ004,22.50,0.000,0.666012,16605,0.435592,0.055345,0,0,1,0.6600,宝安区,23,23,0,0,0,0,1
2021-02-24,589179428,20190000000000000003,900200000000000030,1,127.898,375.080,47967.000,2021-02-24 14:30:00.000,L2FT01-FTJ004,22.50,0.000,0.666012,16605,0.435592,0.055345,0,0,1,0.6600,宝安区,23,23,0,0,0,0,1
2021-02-24,589179428,20190000000000000003,900200000000000039,1,49.919,357.833,17860.667,2021-02-24 14:45:00.000,L2FT01-FTJ004,22.50,0.000,0.666012,16605,0.435592,0.055345,0,0,1,0.6600,宝安区,23,23,0,0,0,0,1
2021-02-24,589179428,20190000000000000003,900200000000000039,1,16.574,361.607,5994.667,2021-02-24 15:00:00.000,L2FT01-FTJ004,21.88,0.000,0.666012,16605,0.435592,0.055345,0,0,1,0.6600,宝安区,23,23,0,0,0,0,1
2021-02-24,589179428,20190000000000000003,900200000000000039,1,7.009,362.593,2538.667,2021-02-24 15:15:00.000,L2FT01-FTJ004,21.88,0.000,0.666012,16605,0.435592,0.055345,0,0,1,0.6600,宝安区,23,23,0,0,0,0,1
2021-02-24,589179428,20190000000000000003,900200000000000039,1,3.590,363.020,1300.000,2021-02-24 15:30:00.000,L2FT01-FTJ004,21.88,0.000,0.666012,16605,0.435592,0.055345,0,0,1,0.6600,宝安区,23,23,0,0,0,0,1
2021-02-24,589179428,20190000000000000003,900200000000000032,1,119.934,362.600,43225.000,2021-02-24 15:45:00.000,L2FT01-FTJ004,21.88,0.000,0.666012,16605,0.435592,0.055345,0,0,1,0.6600,宝安区,23,23,0,0,0,0,1
2021-02-24,589179428,20190000000000000003,900200000000000039,1,3.590,363.500,1300.000,2021-02-24 15:45:00.000,L2FT01-FTJ004,21.88,0.000,0.666012,16605,0.435592,0.055345,0,0,1,0.6600,宝安区,23,23,0,0,0,0,1
2021-02-24,589179428,20190000000000000003,900200000000000032,1,133.794,372.771,49838.571,2021-02-24 16:00:00.000,L2FT01-FTJ004,21.40,0.000,0.666012,16605,0.435592,0.055345,0,0,1,0.6600,宝安区,23,23,0,0,0,0,1
2021-02-24,589179428,20190000000000000003,900200000000000032,1,107.994,391.327,42187.333,2021-02-24 16:15:00.000,L2FT01-FTJ004,21.40,0.000,0.666012,16605,0.435592,0.055345,0,0,1,0.6600,宝安区,23,23,0,0,0,0,1
2021-02-24,589179428,20190000000000000003,900200000000000032,1,38.258,399.893,15293.333,2021-02-24 16:30:00.000,L2FT01-FTJ004,21.40,0.000,0.666012,16605,0.435592,0.055345,0,0,1,0.6600,宝安区,23,23,0,0,0,0,1
2021-02-24,589179428,20190000000000000003,900200000000000052,1,70.871,372.587,26556.667,2021-02-24 16:30:00.000,L2FT01-FTJ004,21.40,0.000,0.666012,16605,0.435592,0.055345,0,0,1,0.6600,宝安区,23,23,0,0,0,0,1
2021-02-24,589179428,20190000000000000003,900200000000000030,1,61.942,346.050,21431.667,2021-02-24 16:45:00.000,L2FT01-FTJ004,21.40,0.000,0.666012,16605,0.435592,0.055345,0,0,1,0.6600,宝安区,23,23,0,0,0,0,1
2021-02-24,589179428,20190000000000000003,900200000000000032,1,15.265,397.264,6136.364,2021-02-24 16:45:00.000,L2FT01-FTJ004,21.40,0.000,0.666012,16605,0.435592,0.055345,0,0,1,0.6600,宝安区,23,23,0,0,0,0,1
2021-02-24,589179428,20190000000000000003,900200000000000052,1,55.417,392.653,21702.667,2021-02-24 16:45:00.000,L2FT01-FTJ004,21.40,0.000,0.666012,16605,0.435592,0.055345,0,0,1,0.6600,宝安区,23,23,0,0,0,0,1
2021-02-24,589179428,20190000000000000003,900200000000000030,1,61.797,357.653,22101.333,2021-02-24 17:00:00.000,L2FT01-FTJ004,21.10,0.000,0.666012,16605,0.435592,0.055345,0,0,1,0.6600,宝安区,23,23,0,0,0,0,1
2021-02-24,589179428,20190000000000000003,900200000000000052,1,24.883,399.460,9944.000,2021-02-24 17:00:00.000,L2FT01-FTJ004,21.10,0.000,0.666012,16605,0.435592,0.055345,0,0,1,0.6600,宝安区,23,23,0,0,0,0,1
2021-02-24,589179428,20190000000000000003,900200000000000030,1,61.803,367.300,22697.333,2021-02-24 17:15:00.000,L2FT01-FTJ004,21.10,0.000,0.666012,16605,0.435592,0.055345,0,0,1,0.6600,宝安区,23,23,0,0,0,0,1
2021-02-24,589179428,20190000000000000003,900200000000000058,1,149.840,314.050,47055.000,2021-02-24 17:30:00.000,L2FT01-FTJ004,21.10,0.000,0.666012,16605,0.435592,0.055345,0,0,1,0.6600,宝安区,23,23,0,0,0,0,1
2021-02-24,589179428,20190000000000000003,900200000000000030,1,61.890,375.087,23213.333,2021-02-24 17:30:00.000,L2FT01-FTJ004,21.10,0.000,0.666012,16605,0.435592,0.055345,0,0,1,0.6600,宝安区,23,23,0,0,0,0,1
2021-02-24,589179428,20190000000000000003,900200000000000030,1,58.877,382.547,22514.667,2021-02-24 17:45:00.000,L2FT01-FTJ004,21.10,0.000,0.666012,16605,0.435592,0.055345,0,0,1,0.6600,宝安区,23,23,0,0,0,0,1
2021-02-24,589179428,20190000000000000003,900200000000000058,1,149.807,314.400,47095.000,2021-02-24 17:45:00.000,L2FT01-FTJ004,21.10,0.000,0.666012,16605,0.435592,0.055345,0,0,1,0.6600,宝安区,23,23,0,0,0,0,1
2021-02-24,589179428,20190000000000000003,900200000000000030,1,27.550,384.333,10588.000,2021-02-24 18:00:00.000,L2FT01-FTJ004,21.00,0.000,0.666012,16605,0.435592,0.055345,0,0,1,0.6600,宝安区,23,23,0,0,0,0,1
2021-02-24,589179428,20190000000000000003,900200000000000034,1,118.983,314.192,37377.500,2021-02-24 18:00:00.000,L2FT01-FTJ004,21.00,0.000,0.666012,16605,0.435592,0.055345,0,0,1,0.6600,宝安区,23,23,0,0,0,0,1
2021-02-24,589179428,20190000000000000003,900200000000000030,1,10.690,384.090,4108.000,2021-02-24 18:15:00.000,L2FT01-FTJ004,21.00,0.000,0.666012,16605,0.435592,0.055345,0,0,1,0.6600,宝安区,23,23,0,0,0,0,1
2021-02-24,589179428,20190000000000000003,900200000000000034,1,122.911,315.646,38782.308,2021-02-24 18:15:00.000,L2FT01-FTJ004,21.00,0.000,0.666012,16605,0.435592,0.055345,0,0,1,0.6600,宝安区,23,23,0,0,0,0,1
2021-02-24,589179428,20190000000000000003,900200000000000037,1,114.698,308.650,35470.000,2021-02-24 18:30:00.000,L2FT01-FTJ004,21.00,0.000,0.666012,16605,0.435592,0.055345,0,0,1,0.6600,宝安区,23,23,0,0,0,0,1
2021-02-24,589179428,20190000000000000003,900200000000000035,1,59.544,336.280,20070.000,2021-02-24 18:30:00.000,L2FT01-FTJ004,21.00,0.000,0.666012,16605,0.435592,0.055345,0,0,1,0.6600,宝安区,23,23,0,0,0,0,1
2021-02-24,589179428,20190000000000000003,900200000000000049,1,119.052,303.025,36320.833,2021-02-24 18:30:00.000,L2FT01-FTJ004,21.00,0.000,0.666012,16605,0.435592,0.055345,0,0,1,0.6600,宝安区,23,23,0,0,0,0,1
2021-02-24,589179428,20190000000000000003,900200000000000035,1,63.790,347.893,22190.667,2021-02-24 18:45:00.000,L2FT01-FTJ004,21.00,0.000,0.666012,16605,0.435592,0.055345,0,0,1,0.6600,宝安区,23,23,0,0,0,0,1
2021-02-24,589179428,20190000000000000003,900200000000000037,1,129.818,310.800,40343.333,2021-02-24 18:45:00.000,L2FT01-FTJ004,21.00,0.000,0.666012,16605,0.435592,0.055345,0,0,1,0.6600,宝安区,23,23,0,0,0,0,1
2021-02-24,589179428,20190000000000000003,900200000000000049,1,129.949,309.787,40252.667,2021-02-24 18:45:00.000,L2FT01-FTJ004,21.00,0.000,0.666012,16605,0.435592,0.055345,0,0,1,0.6600,宝安区,23,23,0,0,0,0,1
2021-02-24,589179428,20190000000000000003,900200000000000035,1,31.877,352.800,11244.667,2021-02-24 19:00:00.000,L2FT01-FTJ004,21.10,0.000,0.666012,16605,0.435592,0.055345,0,0,1,0.6600,宝安区,23,23,0,0,0,0,1
2021-02-24,589179428,20190000000000000003,900200000000000037,1,129.800,311.987,40491.333,2021-02-24 19:00:00.000,L2FT01-FTJ004,21.10,0.000,0.666012,16605,0.435592,0.055345,0,0,1,0.6600,宝安区,23,23,0,0,0,0,1
2021-02-24,589179428,20190000000000000003,900200000000000049,1,129.971,311.007,40418.000,2021-02-24 19:00:00.000,L2FT01-FTJ004,21.10,0.000,0.666012,16605,0.435592,0.055345,0,0,1,0.6600,宝安区,23,23,0,0,0,0,1
2021-02-24,589179428,20190000000000000003,900200000000000049,1,129.993,312.293,40592.000,2021-02-24 19:15:00.000,L2FT01-FTJ004,21.10,0.000,0.666012,16605,0.435592,0.055345,0,0,1,0.6600,宝安区,23,23,0,0,0,0,1
2021-02-24,589179428,20190000000000000003,900200000000000044,1,63.832,327.840,20926.000,2021-02-24 19:15:00.000,L2FT01-FTJ004,21.10,0.000,0.666012,16605,0.435592,0.055345,0,0,1,0.6600,宝安区,23,23,0,0,0,0,1
2021-02-24,589179428,20190000000000000003,900200000000000037,1,129.837,313.993,40764.667,2021-02-24 19:15:00.000,L2FT01-FTJ004,21.10,0.000,0.666012,16605,0.435592,0.055345,0,0,1,0.6600,宝安区,23,23,0,0,0,0,1
2021-02-24,589179428,20190000000000000003,900200000000000035,1,12.690,354.220,4494.000,2021-02-24 19:15:00.000,L2FT01-FTJ004,21.10,0.000,0.666012,16605,0.435592,0.055345,0,0,1,0.6600,宝安区,23,23,0,0,0,0,1
2021-02-24,589179428,20190000000000000003,900200000000000035,1,10.152,354.040,3608.000,2021-02-24 19:30:00.000,L2FT01-FTJ004,21.10,0.000,0.666012,16605,0.435592,0.055345,0,0,1,0.6600,宝安区,23,23,0,0,0,0,1
2021-02-24,589179428,20190000000000000003,900200000000000037,1,129.890,315.373,40961.333,2021-02-24 19:30:00.000,L2FT01-FTJ004,21.10,0.000,0.666012,16605,0.435592,0.055345,0,0,1,0.6600,宝安区,23,23,0,0,0,0,1
2021-02-24,589179428,20190000000000000003,900200000000000044,1,63.790,335.060,21371.333,2021-02-24 19:30:00.000,L2FT01-FTJ004,21.10,0.000,0.666012,16605,0.435592,0.055345,0,0,1,0.6600,宝安区,23,23,0,0,0,0,1
2021-02-24,589179428,20190000000000000003,900200000000000049,1,129.993,313.980,40811.333,2021-02-24 19:30:00.000,L2FT01-FTJ004,21.10,0.000,0.666012,16605,0.435592,0.055345,0,0,1,0.6600,宝安区,23,23,0,0,0,0,1
2021-02-24,589179428,20190000000000000003,900200000000000037,1,78.957,323.642,25359.167,2021-02-24 19:45:00.000,L2FT01-FTJ004,21.10,0.000,0.666012,16605,0.435592,0.055345,0,0,1,0.6600,宝安区,23,23,0,0,0,0,1
2021-02-24,589179428,20190000000000000003,900200000000000044,1,63.883,346.540,22136.667,2021-02-24 19:45:00.000,L2FT01-FTJ004,21.10,0.000,0.666012,16605,0.435592,0.055345,0,0,1,0.6600,宝安区,23,23,0,0,0,0,1
2021-02-24,589179428,20190000000000000003,900200000000000049,1,129.992,314.892,40929.231,2021-02-24 19:45:00.000,L2FT01-FTJ004,21.10,0.000,0.666012,16605,0.435592,0.055345,0,0,1,0.6600,宝安区,23,23,0,0,0,0,1
2021-02-24,589179428,20190000000000000003,900200000000000044,1,63.972,355.575,22742.500,2021-02-24 20:00:00.000,L2FT01-FTJ004,21.40,0.000,0.666012,16605,0.435592,0.055345,0,0,1,0.6600,宝安区,23,23,0,0,0,0,1
2021-02-25,589179428,20190000000000000003,900200000000000043,1,78.596,344.810,27139.000,2021-02-25 00:00:00.000,L2FT01-FTJ004,24.00,0.000,0.666012,16605,0.435592,0.055345,0,0,1,0.6600,宝安区,23,23,0,0,0,0,1
2021-02-25,589179428,20190000000000000003,900200000000000043,1,52.733,343.307,18138.000,2021-02-25 00:15:00.000,L2FT01-FTJ004,24.00,0.000,0.666012,16605,0.435592,0.055345,0,0,1,0.6600,宝安区,23,23,0,0,0,0,1
2021-02-25,589179428,20190000000000000003,900200000000000043,1,25.090,339.787,8523.333,2021-02-25 00:30:00.000,L2FT01-FTJ004,24.00,0.000,0.666012,16605,0.435592,0.055345,0,0,1,0.6600,宝安区,23,23,0,0,0,0,1
2021-02-25,589179428,20190000000000000003,900200000000000056,1,132.348,309.378,40945.556,2021-02-25 00:30:00.000,L2FT01-FTJ004,24.00,0.000,0.666012,16605,0.435592,0.055345,0,0,1,0.6600,宝安区,23,23,0,0,0,0,1
2021-02-25,589179428,20190000000000000003,900200000000000043,1,25.157,341.547,8590.667,2021-02-25 00:45:00.000,L2FT01-FTJ004,24.00,0.000,0.666012,16605,0.435592,0.055345,0,0,1,0.6600,宝安区,23,23,0,0,0,0,1
2021-02-25,589179428,20190000000000000003,900200000000000056,1,136.036,310.760,42271.333,2021-02-25 00:45:00.000,L2FT01-FTJ004,24.00,0.000,0.666012,16605,0.435592,0.055345,0,0,1,0.6600,宝安区,23,23,0,0,0,0,1
2021-02-25,589179428,20190000000000000003,900200000000000056,1,136.072,312.813,42563.333,2021-02-25 01:00:00.000,L2FT01-FTJ004,24.78,0.000,0.666012,16605,0.435592,0.055345,0,0,1,0.6600,宝安区,23,23,0,0,0,0,1
2021-02-25,589179428,20190000000000000003,900200000000000043,1,21.992,347.462,7626.250,2021-02-25 01:00:00.000,L2FT01-FTJ004,24.78,0.000,0.666012,16605,0.435592,0.055345,0,0,1,0.6600,宝安区,23,23,0,0,0,0,1
2021-02-25,589179428,20190000000000000003,900200000000000056,1,136.030,313.900,42696.667,2021-02-25 01:15:00.000,L2FT01-FTJ004,24.78,0.000,0.666012,16605,0.435592,0.055345,0,0,1,0.6600,宝安区,23,23,0,0,0,0,1
2021-02-25,589179428,20190000000000000003,900200000000000056,1,136.030,315.160,42868.000,2021-02-25 01:30:00.000,L2FT01-FTJ004,24.78,0.000,0.666012,16605,0.435592,0.055345,0,0,1,0.6600,宝安区,23,23,0,0,0,0,1
2021-02-25,589179428,20190000000000000003,900200000000000056,1,103.611,322.433,33176.000,2021-02-25 01:45:00.000,L2FT01-FTJ004,24.78,0.000,0.666012,16605,0.435592,0.055345,0,0,1,0.6600,宝安区,23,23,0,0,0,0,1
2021-02-25,589179428,20190000000000000003,900200000000000043,1,129.845,310.460,40308.000,2021-02-25 02:15:00.000,L2FT01-FTJ004,25.50,0.000,0.666012,16605,0.435592,0.055345,0,0,1,0.6600,宝安区,23,23,0,0,0,0,1
2021-02-25,589179428,20190000000000000003,900200000000000043,1,129.800,310.893,40348.000,2021-02-25 02:30:00.000,L2FT01-FTJ004,25.50,0.000,0.666012,16605,0.435592,0.055345,0,0,1,0.6600,宝安区,23,23,0,0,0,0,1
2021-02-25,589179428,20190000000000000003,900200000000000043,1,129.855,313.027,40644.000,2021-02-25 02:45:00.000,L2FT01-FTJ004,25.50,0.000,0.666012,16605,0.435592,0.055345,0,0,1,0.6600,宝安区,23,23,0,0,0,0,1
2021-02-25,589179428,20190000000000000003,900200000000000043,1,129.949,314.473,40862.667,2021-02-25 03:00:00.000,L2FT01-FTJ004,26.12,0.000,0.666012,16605,0.435592,0.055345,0,0,1,0.6600,宝安区,23,23,0,0,0,0,1
2021-02-25,589179428,20190000000000000003,900200000000000043,1,119.929,317.173,38009.333,2021-02-25 03:15:00.000,L2FT01-FTJ004,26.12,0.000,0.666012,16605,0.435592,0.055345,0,0,1,0.6600,宝安区,23,23,0,0,0,0,1
2021-02-25,589179428,20190000000000000003,900200000000000043,1,37.350,327.960,12222.000,2021-02-25 03:30:00.000,L2FT01-FTJ004,26.12,0.000,0.666012,16605,0.435592,0.055345,0,0,1,0.6600,宝安区,23,23,0,0,0,0,1
2021-02-25,589179428,20190000000000000003,900200000000000050,1,96.645,405.550,39210.000,2021-02-25 09:15:00.000,L2FT01-FTJ004,26.12,0.000,0.666012,16605,0.435592,0.055345,0,0,1,0.6600,宝安区,23,23,0,0,0,0,1
2021-02-25,589179428,20190000000000000003,900200000000000050,1,117.943,416.420,49124.667,2021-02-25 09:30:00.000,L2FT01-FTJ004,26.12,0.000,0.666012,16605,0.435592,0.055345,0,0,1,0.6600,宝安区,23,23,0,0,0,0,1
2021-02-25,589179428,20190000000000000003,900200000000000050,1,121.300,427.757,51882.857,2021-02-25 09:45:00.000,L2FT01-FTJ004,26.12,0.000,0.666012,16605,0.435592,0.055345,0,0,1,0.6600,宝安区,23,23,0,0,0,0,1
2021-02-25,589179428,20190000000000000003,900200000000000050,1,118.206,448.993,53040.000,2021-02-25 10:00:00.000,L2FT01-FTJ004,25.50,0.000,0.666012,16605,0.435592,0.055345,0,0,1,0.6600,宝安区,23,23,0,0,0,0,1
2021-02-25,589179428,20190000000000000003,900200000000000050,1,54.771,462.847,25320.000,2021-02-25 10:15:00.000,L2FT01-FTJ004,25.50,0.000,0.666012,16605,0.435592,0.055345,0,0,1,0.6600,宝安区,23,23,0,0,0,0,1
2021-02-25,589179428,20190000000000000003,900200000000000030,1,71.210,362.693,25826.000,2021-02-25 10:30:00.000,L2FT01-FTJ004,25.50,0.000,0.666012,16605,0.435592,0.055345,0,0,1,0.6600,宝安区,23,23,0,0,0,0,1
2021-02-25,589179428,20190000000000000003,900200000000000050,1,21.850,465.910,10179.000,2021-02-25 10:30:00.000,L2FT01-FTJ004,25.50,0.000,0.666012,16605,0.435592,0.055345,0,0,1,0.6600,宝安区,23,23,0,0,0,0,1
2021-02-25,589179428,20190000000000000003,900200000000000030,1,71.350,365.787,26098.000,2021-02-25 10:45:00.000,L2FT01-FTJ004,25.50,0.000,0.666012,16605,0.435592,0.055345,0,0,1,0.6600,宝安区,23,23,0,0,0,0,1
2021-02-25,589179428,20190000000000000003,900200000000000030,1,44.458,364.480,16306.667,2021-02-25 11:00:00.000,L2FT01-FTJ004,24.78,0.000,0.666012,16605,0.435592,0.055345,0,0,1,0.6600,宝安区,23,23,0,0,0,0,1
2021-02-25,589179428,20190000000000000003,900200000000000030,1,18.900,350.200,6857.000,2021-02-25 11:15:00.000,L2FT01-FTJ004,24.78,0.000,0.666012,16605,0.435592,0.055345,0,0,1,0.6600,宝安区,23,23,0,0,0,0,1
2021-02-25,589179428,20190000000000000003,900200000000000047,1,58.510,426.840,25040.000,2021-02-25 11:15:00.000,L2FT01-FTJ004,24.78,0.000,0.666012,16605,0.435592,0.055345,0,0,1,0.6600,宝安区,23,23,0,0,0,0,1
2021-02-25,589179428,20190000000000000003,900200000000000047,1,53.247,436.307,23200.000,2021-02-25 11:30:00.000,L2FT01-FTJ004,24.78,0.000,0.666012,16605,0.435592,0.055345,0,0,1,0.6600,宝安区,23,23,0,0,0,0,1
2021-02-25,589179428,20190000000000000003,900200000000000047,1,35.000,444.193,15543.571,2021-02-25 11:45:00.000,L2FT01-FTJ004,24.78,0.000,0.666012,16605,0.435592,0.055345,0,0,1,0.6600,宝安区,23,23,0,0,0,0,1
2021-02-25,589179428,20190000000000000003,900200000000000039,1,94.318,342.360,32288.000,2021-02-25 12:30:00.000,L2FT01-FTJ004,24.00,0.000,0.666012,16605,0.435592,0.055345,0,0,1,0.6600,宝安区,23,23,0,0,0,0,1
2021-02-25,589179428,20190000000000000003,900200000000000039,1,85.945,344.253,29597.333,2021-02-25 12:45:00.000,L2FT01-FTJ004,24.00,0.000,0.666012,16605,0.435592,0.055345,0,0,1,0.6600,宝安区,23,23,0,0,0,0,1
2021-02-25,589179428,20190000000000000003,900200000000000039,1,47.704,341.920,16344.667,2021-02-25 13:00:00.000,L2FT01-FTJ004,23.22,0.000,0.666012,16605,0.435592,0.055345,0,0,1,0.6600,宝安区,23,23,0,0,0,0,1
2021-02-25,589179428,20190000000000000003,900200000000000039,1,25.183,340.473,8574.000,2021-02-25 13:15:00.000,L2FT01-FTJ004,23.22,0.000,0.666012,16605,0.435592,0.055345,0,0,1,0.6600,宝安区,23,23,0,0,0,0,1
2021-02-25,589179428,20190000000000000003,900200000000000039,1,22.863,345.609,7890.000,2021-02-25 13:30:00.000,L2FT01-FTJ004,23.22,0.000,0.666012,16605,0.435592,0.055345,0,0,1,0.6600,宝安区,23,23,0,0,0,0,1
2021-02-25,589179428,20190000000000000003,900200000000000036,1,149.991,309.314,46391.429,2021-02-25 14:00:00.000,L2FT01-FTJ004,22.50,0.000,0.666012,16605,0.435592,0.055345,0,0,1,0.6600,宝安区,23,23,0,0,0,0,1
2021-02-25,589179428,20190000000000000003,900200000000000036,1,149.790,311.300,46627.333,2021-02-25 14:15:00.000,L2FT01-FTJ004,22.50,0.000,0.666012,16605,0.435592,0.055345,0,0,1,0.6600,宝安区,23,23,0,0,0,0,1
2021-02-25,589179428,20190000000000000003,900200000000000036,1,149.883,312.313,46808.000,2021-02-25 14:30:00.000,L2FT01-FTJ004,22.50,0.000,0.666012,16605,0.435592,0.055345,0,0,1,0.6600,宝安区,23,23,0,0,0,0,1
2021-02-25,589179428,20190000000000000003,900200000000000036,1,149.919,314.200,47102.667,2021-02-25 14:45:00.000,L2FT01-FTJ004,22.50,0.000,0.666012,16605,0.435592,0.055345,0,0,1,0.6600,宝安区,23,23,0,0,0,0,1
2021-02-25,589179428,20190000000000000003,900200000000000036,1,150.000,315.287,47290.667,2021-02-25 15:00:00.000,L2FT01-FTJ004,21.88,0.000,0.666012,16605,0.435592,0.055345,0,0,1,0.6600,宝安区,23,23,0,0,0,0,1
2021-02-25,589179428,20190000000000000003,900200000000000036,1,148.639,318.213,47284.667,2021-02-25 15:15:00.000,L2FT01-FTJ004,21.88,0.000,0.666012,16605,0.435592,0.055345,0,0,1,0.6600,宝安区,23,23,0,0,0,0,1
2021-02-25,589179428,20190000000000000003,900200000000000036,1,43.023,331.867,14223.333,2021-02-25 15:30:00.000,L2FT01-FTJ004,21.88,0.000,0.666012,16605,0.435592,0.055345,0,0,1,0.6600,宝安区,23,23,0,0,0,0,1
2021-02-25,589179428,20190000000000000003,900200000000000031,1,201.995,315.850,63788.333,2021-02-25 15:30:00.000,L2FT01-FTJ004,21.88,0.000,0.666012,16605,0.435592,0.055345,0,0,1,0.6600,宝安区,23,23,0,0,0,0,1
2021-02-25,589179428,20190000000000000003,900200000000000031,1,162.216,320.900,51808.750,2021-02-25 15:45:00.000,L2FT01-FTJ004,21.88,0.000,0.666012,16605,0.435592,0.055345,0,0,1,0.6600,宝安区,23,23,0,0,0,0,1
2021-02-25,589179428,20190000000000000003,900200000000000034,1,129.823,309.927,40230.000,2021-02-25 16:00:00.000,L2FT01-FTJ004,21.40,0.000,0.666012,16605,0.435592,0.055345,0,0,1,0.6600,宝安区,23,23,0,0,0,0,1
2021-02-25,589179428,20190000000000000003,900200000000000042,1,116.829,316.050,36292.000,2021-02-25 16:00:00.000,L2FT01-FTJ004,21.40,0.000,0.666012,16605,0.435592,0.055345,0,0,1,0.6600,宝安区,23,23,0,0,0,0,1
2021-02-25,589179428,20190000000000000003,900200000000000034,1,129.878,310.933,40380.667,2021-02-25 16:15:00.000,L2FT01-FTJ004,21.40,0.000,0.666012,16605,0.435592,0.055345,0,0,1,0.6600,宝安区,23,23,0,0,0,0,1
2021-02-25,589179428,20190000000000000003,900200000000000042,1,129.818,311.200,40395.333,2021-02-25 16:15:00.000,L2FT01-FTJ004,21.40,0.000,0.666012,16605,0.435592,0.055345,0,0,1,0.6600,宝安区,23,23,0,0,0,0,1
2021-02-25,589179428,20190000000000000003,900200000000000044,1,117.967,357.767,42196.667,2021-02-25 16:15:00.000,L2FT01-FTJ004,21.40,0.000,0.666012,16605,0.435592,0.055345,0,0,1,0.6600,宝安区,23,23,0,0,0,0,1
2021-02-25,589179428,20190000000000000003,900200000000000042,1,129.951,313.657,40757.857,2021-02-25 16:30:00.000,L2FT01-FTJ004,21.40,0.000,0.666012,16605,0.435592,0.055345,0,0,1,0.6600,宝安区,23,23,0,0,0,0,1
2021-02-25,589179428,20190000000000000003,900200000000000034,1,129.906,312.893,40642.143,2021-02-25 16:30:00.000,L2FT01-FTJ004,21.40,0.000,0.666012,16605,0.435592,0.055345,0,0,1,0.6600,宝安区,23,23,0,0,0,0,1
2021-02-25,589179428,20190000000000000003,900200000000000044,1,98.788,358.529,35449.286,2021-02-25 16:30:00.000,L2FT01-FTJ004,21.40,0.000,0.666012,16605,0.435592,0.055345,0,0,1,0.6600,宝安区,23,23,0,0,0,0,1
2021-02-25,589179428,20190000000000000003,900200000000000034,1,129.956,313.960,40798.000,2021-02-25 16:45:00.000,L2FT01-FTJ004,21.40,0.000,0.666012,16605,0.435592,0.055345,0,0,1,0.6600,宝安区,23,23,0,0,0,0,1
2021-02-25,589179428,20190000000000000003,900200000000000042,1,130.084,314.873,40957.333,2021-02-25 16:45:00.000,L2FT01-FTJ004,21.40,0.000,0.666012,16605,0.435592,0.055345,0,0,1,0.6600,宝安区,23,23,0,0,0,0,1
2021-02-25,589179428,20190000000000000003,900200000000000044,1,52.092,356.300,18558.000,2021-02-25 16:45:00.000,L2FT01-FTJ004,21.40,0.000,0.666012,16605,0.435592,0.055345,0,0,1,0.6600,宝安区,23,23,0,0,0,0,1
2021-02-25,589179428,20190000000000000003,900200000000000044,1,31.390,359.400,11280.000,2021-02-25 17:00:00.000,L2FT01-FTJ004,21.10,0.000,0.666012,16605,0.435592,0.055345,0,0,1,0.6600,宝安区,23,23,0,0,0,0,1
2021-02-25,589179428,20190000000000000003,900200000000000050,1,191.595,311.950,59765.000,2021-02-25 17:00:00.000,L2FT01-FTJ004,21.10,0.000,0.666012,16605,0.435592,0.055345,0,0,1,0.6600,宝安区,23,23,0,0,0,0,1
2021-02-25,589179428,20190000000000000003,900200000000000034,1,129.890,316.127,41060.000,2021-02-25 17:00:00.000,L2FT01-FTJ004,21.10,0.000,0.666012,16605,0.435592,0.055345,0,0,1,0.6600,宝安区,23,23,0,0,0,0,1
2021-02-25,589179428,20190000000000000003,900200000000000042,1,92.769,322.300,29652.143,2021-02-25 17:00:00.000,L2FT01-FTJ004,21.10,0.000,0.666012,16605,0.435592,0.055345,0,0,1,0.6600,宝安区,23,23,0,0,0,0,1
2021-02-25,589179428,20190000000000000003,900200000000000050,1,191.285,313.921,60042.143,2021-02-25 17:15:00.000,L2FT01-FTJ004,21.10,0.000,0.666012,16605,0.435592,0.055345,0,0,1,0.6600,宝安区,23,23,0,0,0,0,1
2021-02-25,589179428,20190000000000000003,900200000000000034,1,61.810,327.880,20182.000,2021-02-25 17:15:00.000,L2FT01-FTJ004,21.10,0.000,0.666012,16605,0.435592,0.055345,0,0,1,0.6600,宝安区,23,23,0,0,0,0,1
2021-02-25,589179428,20190000000000000003,900200000000000050,1,191.293,316.220,60485.333,2021-02-25 17:30:00.000,L2FT01-FTJ004,21.10,0.000,0.666012,16605,0.435592,0.055345,0,0,1,0.6600,宝安区,23,23,0,0,0,0,1
2021-02-25,589179428,20190000000000000003,900200000000000032,1,132.898,318.669,42070.769,2021-02-25 17:45:00.000,L2FT01-FTJ004,21.10,0.000,0.666012,16605,0.435592,0.055345,0,0,1,0.6600,宝安区,23,23,0,0,0,0,1
2021-02-25,589179428,20190000000000000003,900200000000000050,1,191.200,319.583,61098.333,2021-02-25 17:45:00.000,L2FT01-FTJ004,21.10,0.000,0.666012,16605,0.435592,0.055345,0,0,1,0.6600,宝安区,23,23,0,0,0,0,1
2021-02-25,589179428,20190000000000000003,900200000000000042,1,113.258,310.840,35280.000,2021-02-25 18:15:00.000,L2FT01-FTJ004,21.00,0.000,0.666012,16605,0.435592,0.055345,0,0,1,0.6600,宝安区,23,23,0,0,0,0,1
2021-02-25,589179428,20190000000000000003,900200000000000042,1,129.848,314.247,40800.000,2021-02-25 18:30:00.000,L2FT01-FTJ004,21.00,0.000,0.666012,16605,0.435592,0.055345,0,0,1,0.6600,宝安区,23,23,0,0,0,0,1
2021-02-25,589179428,20190000000000000003,900200000000000042,1,129.884,315.860,41023.333,2021-02-25 18:45:00.000,L2FT01-FTJ004,21.00,0.000,0.666012,16605,0.435592,0.055345,0,0,1,0.6600,宝安区,23,23,0,0,0,0,1
2021-02-25,589179428,20190000000000000003,900200000000000047,1,116.684,311.667,36190.000,2021-02-25 18:45:00.000,L2FT01-FTJ004,21.00,0.000,0.666012,16605,0.435592,0.055345,0,0,1,0.6600,宝安区,23,23,0,0,0,0,1
2021-02-25,589179428,20190000000000000003,900200000000000047,1,132.884,311.060,41332.667,2021-02-25 19:00:00.000,L2FT01-FTJ004,21.10,0.000,0.666012,16605,0.435592,0.055345,0,0,1,0.6600,宝安区,23,23,0,0,0,0,1
2021-02-25,589179428,20190000000000000003,900200000000000042,1,71.477,323.600,22992.500,2021-02-25 19:00:00.000,L2FT01-FTJ004,21.10,0.000,0.666012,16605,0.435592,0.055345,0,0,1,0.6600,宝安区,23,23,0,0,0,0,1
2021-02-25,589179428,20190000000000000003,900200000000000047,1,132.897,312.907,41583.333,2021-02-25 19:15:00.000,L2FT01-FTJ004,21.10,0.000,0.666012,16605,0.435592,0.055345,0,0,1,0.6600,宝安区,23,23,0,0,0,0,1
2021-02-25,589179428,20190000000000000003,900200000000000047,1,132.890,314.160,41748.000,2021-02-25 19:30:00.000,L2FT01-FTJ004,21.10,0.000,0.666012,16605,0.435592,0.055345,0,0,1,0.6600,宝安区,23,23,0,0,0,0,1
2021-02-25,589179428,20190000000000000003,900200000000000047,1,132.890,315.453,41918.667,2021-02-25 19:45:00.000,L2FT01-FTJ004,21.10,0.000,0.666012,16605,0.435592,0.055345,0,0,1,0.6600,宝安区,23,23,0,0,0,0,1
2021-02-25,589179428,20190000000000000003,900200000000000047,1,103.211,319.579,32896.429,2021-02-25 20:00:00.000,L2FT01-FTJ004,21.40,0.000,0.666012,16605,0.435592,0.055345,0,0,1,0.6600,宝安区,23,23,0,0,0,0,1
2021-02-25,589179428,20190000000000000003,900200000000000030,1,129.821,312.169,40521.538,2021-02-25 20:15:00.000,L2FT01-FTJ004,21.40,0.000,0.666012,16605,0.435592,0.055345,0,0,1,0.6600,宝安区,23,23,0,0,0,0,1
2021-02-25,589179428,20190000000000000003,900200000000000030,1,129.800,314.487,40815.333,2021-02-25 20:30:00.000,L2FT01-FTJ004,21.40,0.000,0.666012,16605,0.435592,0.055345,0,0,1,0.6600,宝安区,23,23,0,0,0,0,1
2021-02-25,589179428,20190000000000000003,900200000000000030,1,129.842,316.700,41118.000,2021-02-25 20:45:00.000,L2FT01-FTJ004,21.40,0.000,0.666012,16605,0.435592,0.055345,0,0,1,0.6600,宝安区,23,23,0,0,0,0,1
2021-02-25,589179428,20190000000000000003,900200000000000032,1,129.815,310.354,40281.538,2021-02-25 21:00:00.000,L2FT01-FTJ004,21.88,0.000,0.666012,16605,0.435592,0.055345,0,0,1,0.6600,宝安区,23,23,0,0,0,0,1
2021-02-25,589179428,20190000000000000003,900200000000000030,1,45.810,327.100,14938.000,2021-02-25 21:00:00.000,L2FT01-FTJ004,21.88,0.000,0.666012,16605,0.435592,0.055345,0,0,1,0.6600,宝安区,23,23,0,0,0,0,1
2021-02-25,589179428,20190000000000000003,900200000000000032,1,129.800,311.173,40385.333,2021-02-25 21:15:00.000,L2FT01-FTJ004,21.88,0.000,0.666012,16605,0.435592,0.055345,0,0,1,0.6600,宝安区,23,23,0,0,0,0,1
2021-02-25,589179428,20190000000000000003,900200000000000032,1,129.800,313.333,40666.000,2021-02-25 21:30:00.000,L2FT01-FTJ004,21.88,0.000,0.666012,16605,0.435592,0.055345,0,0,1,0.6600,宝安区,23,23,0,0,0,0,1
2021-02-25,589179428,20190000000000000003,900200000000000053,1,106.372,310.845,33060.000,2021-02-25 21:30:00.000,L2FT01-FTJ004,21.88,0.000,0.666012,16605,0.435592,0.055345,0,0,1,0.6600,宝安区,23,23,0,0,0,0,1
2021-02-25,589179428,20190000000000000003,900200000000000032,1,129.860,314.427,40828.667,2021-02-25 21:45:00.000,L2FT01-FTJ004,21.88,0.000,0.666012,16605,0.435592,0.055345,0,0,1,0.6600,宝安区,23,23,0,0,0,0,1
2021-02-25,589179428,20190000000000000003,900200000000000043,1,99.847,489.950,48918.750,2021-02-25 21:45:00.000,L2FT01-FTJ004,21.88,0.000,0.666012,16605,0.435592,0.055345,0,0,1,0.6600,宝安区,23,23,0,0,0,0,1
2021-02-25,589179428,20190000000000000003,900200000000000053,1,106.278,313.273,33291.333,2021-02-25 21:45:00.000,L2FT01-FTJ004,21.88,0.000,0.666012,16605,0.435592,0.055345,0,0,1,0.6600,宝安区,23,23,0,0,0,0,1
2021-02-25,589179428,20190000000000000003,900200000000000032,1,114.513,318.300,36351.333,2021-02-25 22:00:00.000,L2FT01-FTJ004,22.50,0.000,0.666012,16605,0.435592,0.055345,0,0,1,0.6600,宝安区,23,23,0,0,0,0,1
2021-02-25,589179428,20190000000000000003,900200000000000043,1,99.623,495.667,49379.333,2021-02-25 22:00:00.000,L2FT01-FTJ004,22.50,0.000,0.666012,16605,0.435592,0.055345,0,0,1,0.6600,宝安区,23,23,0,0,0,0,1
2021-02-25,589179428,20190000000000000003,900200000000000053,1,106.300,313.873,33359.333,2021-02-25 22:00:00.000,L2FT01-FTJ004,22.50,0.000,0.666012,16605,0.435592,0.055345,0,0,1,0.6600,宝安区,23,23,0,0,0,0,1
2021-02-25,589179428,20190000000000000003,900200000000000032,1,29.790,328.700,9790.000,2021-02-25 22:15:00.000,L2FT01-FTJ004,22.50,0.000,0.666012,16605,0.435592,0.055345,0,0,1,0.6600,宝安区,23,23,0,0,0,0,1
2021-02-25,589179428,20190000000000000003,900200000000000043,1,37.045,501.353,18599.333,2021-02-25 22:15:00.000,L2FT01-FTJ004,22.50,0.000,0.666012,16605,0.435592,0.055345,0,0,1,0.6600,宝安区,23,23,0,0,0,0,1
2021-02-25,589179428,20190000000000000003,900200000000000053,1,91.999,318.055,29176.364,2021-02-25 22:15:00.000,L2FT01-FTJ004,22.50,0.000,0.666012,16605,0.435592,0.055345,0,0,1,0.6600,宝安区,23,23,0,0,0,0,1
2021-02-25,589179428,20190000000000000003,900200000000000057,1,168.942,356.327,60194.545,2021-02-25 23:00:00.000,L2FT01-FTJ004,23.22,0.000,0.666012,16605,0.435592,0.055345,0,0,1,0.6600,宝安区,23,23,0,0,0,0,1
2021-02-25,589179428,20190000000000000003,900200000000000057,1,144.939,366.360,53050.000,2021-02-25 23:15:00.000,L2FT01-FTJ004,23.22,0.000,0.666012,16605,0.435592,0.055345,0,0,1,0.6600,宝安区,23,23,0,0,0,0,1
2021-02-25,589179428,20190000000000000003,900200000000000057,1,102.997,382.253,39298.000,2021-02-25 23:30:00.000,L2FT01-FTJ004,23.22,0.000,0.666012,16605,0.435592,0.055345,0,0,1,0.6600,宝安区,23,23,0,0,0,0,1
2021-02-25,589179428,20190000000000000003,900200000000000057,1,75.000,389.767,29230.000,2021-02-25 23:45:00.000,L2FT01-FTJ004,23.22,0.000,0.666012,16605,0.435592,0.055345,0,0,1,0.6600,宝安区,23,23,0,0,0,0,1
2021-02-26,589179428,20190000000000000003,900200000000000049,1,119.886,314.385,37194.615,2021-02-26 00:00:00.000,L2FT01-FTJ004,24.00,0.000,0.666012,16605,0.435592,0.055345,0,0,1,0.6600,宝安区,23,23,0,0,0,0,1
2021-02-26,589179428,20190000000000000003,900200000000000049,1,130.000,311.933,40546.667,2021-02-26 00:15:00.000,L2FT01-FTJ004,24.00,0.000,0.666012,16605,0.435592,0.055345,0,0,1,0.6600,宝安区,23,23,0,0,0,0,1
2021-02-26,589179428,20190000000000000003,900200000000000049,1,129.942,313.847,40779.333,2021-02-26 00:30:00.000,L2FT01-FTJ004,24.00,0.000,0.666012,16605,0.435592,0.055345,0,0,1,0.6600,宝安区,23,23,0,0,0,0,1
2021-02-26,589179428,20190000000000000003,900200000000000049,1,129.800,315.120,40896.667,2021-02-26 00:45:00.000,L2FT01-FTJ004,24.00,0.000,0.666012,16605,0.435592,0.055345,0,0,1,0.6600,宝安区,23,23,0,0,0,0,1
2021-02-26,589179428,20190000000000000003,900200000000000049,1,108.139,322.142,34606.667,2021-02-26 01:00:00.000,L2FT01-FTJ004,24.78,0.000,0.666012,16605,0.435592,0.055345,0,0,1,0.6600,宝安区,23,23,0,0,0,0,1
2021-02-26,589179428,20190000000000000003,900200000000000044,1,130.241,311.029,40501.429,2021-02-26 03:45:00.000,L2FT01-FTJ004,26.12,0.000,0.666012,16605,0.435592,0.055345,0,0,1,0.6600,宝安区,23,23,0,0,0,0,1
2021-02-26,589179428,20190000000000000003,900200000000000044,1,129.884,311.727,40484.667,2021-02-26 04:00:00.000,L2FT01-FTJ004,26.60,0.000,0.666012,16605,0.435592,0.055345,0,0,1,0.6600,宝安区,23,23,0,0,0,0,1
2021-02-26,589179428,20190000000000000003,900200000000000044,1,129.919,313.440,40718.667,2021-02-26 04:15:00.000,L2FT01-FTJ004,26.60,0.000,0.666012,16605,0.435592,0.055345,0,0,1,0.6600,宝安区,23,23,0,0,0,0,1
2021-02-26,589179428,20190000000000000003,900200000000000044,1,129.905,315.100,40931.333,2021-02-26 04:30:00.000,L2FT01-FTJ004,26.60,0.000,0.666012,16605,0.435592,0.055345,0,0,1,0.6600,宝安区,23,23,0,0,0,0,1
2021-02-26,589179428,20190000000000000003,900200000000000044,1,123.891,318.453,39398.000,2021-02-26 04:45:00.000,L2FT01-FTJ004,26.60,0.000,0.666012,16605,0.435592,0.055345,0,0,1,0.6600,宝安区,23,23,0,0,0,0,1
2021-02-26,589179428,20190000000000000003,900200000000000044,1,29.790,331.150,9865.000,2021-02-26 05:00:00.000,L2FT01-FTJ004,26.90,0.000,0.666012,16605,0.435592,0.055345,0,0,1,0.6600,宝安区,23,23,0,0,0,0,1
2021-02-26,589179428,20190000000000000003,900200000000000038,1,117.763,358.833,42253.333,2021-02-26 05:15:00.000,L2FT01-FTJ004,26.90,0.000,0.666012,16605,0.435592,0.055345,0,0,1,0.6600,宝安区,23,23,0,0,0,0,1
2021-02-26,589179428,20190000000000000003,900200000000000038,1,116.758,360.120,42044.000,2021-02-26 05:30:00.000,L2FT01-FTJ004,26.90,0.000,0.666012,16605,0.435592,0.055345,0,0,1,0.6600,宝安区,23,23,0,0,0,0,1
2021-02-26,589179428,20190000000000000003,900200000000000037,1,114.347,359.617,42341.667,2021-02-26 06:15:00.000,L2FT01-FTJ004,27.00,0.000,0.666012,16605,0.435592,0.055345,0,0,1,0.6600,宝安区,23,23,0,0,0,0,1
2021-02-26,589179428,20190000000000000003,900200000000000037,1,129.771,385.547,49961.333,2021-02-26 06:30:00.000,L2FT01-FTJ004,27.00,0.000,0.666012,16605,0.435592,0.055345,0,0,1,0.6600,宝安区,23,23,0,0,0,0,1
2021-02-26,589179428,20190000000000000003,900200000000000037,1,85.531,403.240,34424.000,2021-02-26 06:45:00.000,L2FT01-FTJ004,27.00,0.000,0.666012,16605,0.435592,0.055345,0,0,1,0.6600,宝安区,23,23,0,0,0,0,1
2021-02-26,589179428,20190000000000000003,900200000000000037,1,44.703,411.247,18376.667,2021-02-26 07:00:00.000,L2FT01-FTJ004,26.90,0.000,0.666012,16605,0.435592,0.055345,0,0,1,0.6600,宝安区,23,23,0,0,0,0,1
2021-02-26,589179428,20190000000000000003,900200000000000037,1,14.891,413.520,6156.000,2021-02-26 07:15:00.000,L2FT01-FTJ004,26.90,0.000,0.666012,16605,0.435592,0.055345,0,0,1,0.6600,宝安区,23,23,0,0,0,0,1
2021-02-26,589179428,20190000000000000003,900200000000000037,1,14.890,415.100,6180.000,2021-02-26 07:30:00.000,L2FT01-FTJ004,26.90,0.000,0.666012,16605,0.435592,0.055345,0,0,1,0.6600,宝安区,23,23,0,0,0,0,1
2021-02-26,589179428,20190000000000000003,900200000000000050,1,191.672,315.125,60395.000,2021-02-26 08:30:00.000,L2FT01-FTJ004,26.60,0.000,0.666012,16605,0.435592,0.055345,0,0,1,0.6600,宝安区,23,23,0,0,0,0,1
2021-02-26,589179428,20190000000000000003,900200000000000050,1,149.452,320.491,47496.364,2021-02-26 08:45:00.000,L2FT01-FTJ004,26.60,0.000,0.666012,16605,0.435592,0.055345,0,0,1,0.6600,宝安区,23,23,0,0,0,0,1
2021-02-26,589179428,20190000000000000003,900200000000000038,1,84.830,350.430,29725.000,2021-02-26 09:30:00.000,L2FT01-FTJ004,26.12,0.000,0.666012,16605,0.435592,0.055345,0,0,1,0.6600,宝安区,23,23,0,0,0,0,1
2021-02-26,589179428,20190000000000000003,900200000000000038,1,110.491,358.013,39588.667,2021-02-26 09:45:00.000,L2FT01-FTJ004,26.12,0.000,0.666012,16605,0.435592,0.055345,0,0,1,0.6600,宝安区,23,23,0,0,0,0,1
2021-02-26,589179428,20190000000000000003,900200000000000038,1,103.561,360.000,37291.333,2021-02-26 10:00:00.000,L2FT01-FTJ004,25.50,0.000,0.666012,16605,0.435592,0.055345,0,0,1,0.6600,宝安区,23,23,0,0,0,0,1
2021-02-26,589179428,20190000000000000003,900200000000000057,1,98.658,371.850,36670.000,2021-02-26 10:15:00.000,L2FT01-FTJ004,25.50,0.000,0.666012,16605,0.435592,0.055345,0,0,1,0.6600,宝安区,23,23,0,0,0,0,1
2021-02-26,589179428,20190000000000000003,900200000000000038,1,69.842,361.500,25243.333,2021-02-26 10:15:00.000,L2FT01-FTJ004,25.50,0.000,0.666012,16605,0.435592,0.055345,0,0,1,0.6600,宝安区,23,23,0,0,0,0,1
2021-02-26,589179428,20190000000000000003,900200000000000057,1,79.278,386.427,30585.333,2021-02-26 10:30:00.000,L2FT01-FTJ004,25.50,0.000,0.666012,16605,0.435592,0.055345,0,0,1,0.6600,宝安区,23,23,0,0,0,0,1
2021-02-26,589179428,20190000000000000003,900200000000000057,1,50.150,399.800,20027.333,2021-02-26 10:45:00.000,L2FT01-FTJ004,25.50,0.000,0.666012,16605,0.435592,0.055345,0,0,1,0.6600,宝安区,23,23,0,0,0,0,1
2021-02-26,589179428,20190000000000000003,900200000000000034,1,116.690,354.700,41390.000,2021-02-26 11:00:00.000,L2FT01-FTJ004,24.78,0.000,0.666012,16605,0.435592,0.055345,0,0,1,0.6600,宝安区,23,23,0,0,0,0,1
2021-02-26,589179428,20190000000000000003,900200000000000057,1,25.327,405.787,10272.667,2021-02-26 11:00:00.000,L2FT01-FTJ004,24.78,0.000,0.666012,16605,0.435592,0.055345,0,0,1,0.6600,宝安区,23,23,0,0,0,0,1
2021-02-26,589179428,20190000000000000003,900200000000000034,1,109.262,358.360,39154.000,2021-02-26 11:15:00.000,L2FT01-FTJ004,24.78,0.000,0.666012,16605,0.435592,0.055345,0,0,1,0.6600,宝安区,23,23,0,0,0,0,1
2021-02-26,589179428,20190000000000000003,900200000000000057,1,19.000,407.500,7735.000,2021-02-26 11:15:00.000,L2FT01-FTJ004,24.78,0.000,0.666012,16605,0.435592,0.055345,0,0,1,0.6600,宝安区,23,23,0,0,0,0,1
2021-02-26,589179428,20190000000000000003,900200000000000034,1,69.425,355.767,24700.000,2021-02-26 11:30:00.000,L2FT01-FTJ004,24.78,0.000,0.666012,16605,0.435592,0.055345,0,0,1,0.6600,宝安区,23,23,0,0,0,0,1
2021-02-26,589179428,20190000000000000003,900200000000000042,1,81.340,410.300,33365.000,2021-02-26 12:30:00.000,L2FT01-FTJ004,24.00,0.000,0.666012,16605,0.435592,0.055345,0,0,1,0.6600,宝安区,23,23,0,0,0,0,1
2021-02-26,589179428,20190000000000000003,900200000000000042,1,72.803,421.887,30713.333,2021-02-26 12:45:00.000,L2FT01-FTJ004,24.00,0.000,0.666012,16605,0.435592,0.055345,0,0,1,0.6600,宝安区,23,23,0,0,0,0,1
2021-02-26,589179428,20190000000000000003,900200000000000042,1,72.425,439.307,31759.333,2021-02-26 13:00:00.000,L2FT01-FTJ004,23.22,0.000,0.666012,16605,0.435592,0.055345,0,0,1,0.6600,宝安区,23,23,0,0,0,0,1
2021-02-26,589179428,20190000000000000003,900200000000000042,1,34.790,444.200,15454.000,2021-02-26 13:15:00.000,L2FT01-FTJ004,23.22,0.000,0.666012,16605,0.435592,0.055345,0,0,1,0.6600,宝安区,23,23,0,0,0,0,1
2021-02-26,589179428,20190000000000000003,900200000000000036,1,103.923,358.767,37367.333,2021-02-26 15:30:00.000,L2FT01-FTJ004,21.88,0.000,0.666012,16605,0.435592,0.055345,0,0,1,0.6600,宝安区,23,23,0,0,0,0,1
2021-02-26,589179428,20190000000000000003,900200000000000036,1,47.572,360.780,17230.000,2021-02-26 15:45:00.000,L2FT01-FTJ004,21.88,0.000,0.666012,16605,0.435592,0.055345,0,0,1,0.6600,宝安区,23,23,0,0,0,0,1
2021-02-26,589179428,20190000000000000003,900200000000000045,1,144.807,313.808,45439.167,2021-02-26 16:00:00.000,L2FT01-FTJ004,21.40,0.000,0.666012,16605,0.435592,0.055345,0,0,1,0.6600,宝安区,23,23,0,0,0,0,1
2021-02-26,589179428,20190000000000000003,900200000000000045,1,144.790,314.622,45551.111,2021-02-26 16:15:00.000,L2FT01-FTJ004,21.40,0.000,0.666012,16605,0.435592,0.055345,0,0,1,0.6600,宝安区,23,23,0,0,0,0,1
2021-02-26,589179428,20190000000000000003,900200000000000050,1,83.677,336.883,29380.000,2021-02-26 17:00:00.000,L2FT01-FTJ004,21.10,0.000,0.666012,16605,0.435592,0.055345,0,0,1,0.6600,宝安区,23,23,0,0,0,0,1
2021-02-26,589179428,20190000000000000003,900200000000000057,1,129.836,314.369,40813.077,2021-02-26 17:00:00.000,L2FT01-FTJ004,21.10,0.000,0.666012,16605,0.435592,0.055345,0,0,1,0.6600,宝安区,23,23,0,0,0,0,1
2021-02-26,589179428,20190000000000000003,900200000000000057,1,118.776,319.140,37798.000,2021-02-26 17:15:00.000,L2FT01-FTJ004,21.10,0.000,0.666012,16605,0.435592,0.055345,0,0,1,0.6600,宝安区,23,23,0,0,0,0,1
2021-02-26,589179428,20190000000000000003,900200000000000050,1,94.271,362.693,34157.333,2021-02-26 17:15:00.000,L2FT01-FTJ004,21.10,0.000,0.666012,16605,0.435592,0.055345,0,0,1,0.6600,宝安区,23,23,0,0,0,0,1
2021-02-26,589179428,20190000000000000003,900200000000000030,1,201.776,313.600,63274.000,2021-02-26 17:30:00.000,L2FT01-FTJ004,21.10,0.000,0.666012,16605,0.435592,0.055345,0,0,1,0.6600,宝安区,23,23,0,0,0,0,1
2021-02-26,589179428,20190000000000000003,900200000000000050,1,47.000,370.933,17430.000,2021-02-26 17:30:00.000,L2FT01-FTJ004,21.10,0.000,0.666012,16605,0.435592,0.055345,0,0,1,0.6600,宝安区,23,23,0,0,0,0,1
2021-02-26,589179428,20190000000000000003,900200000000000030,1,175.504,315.007,55317.333,2021-02-26 17:45:00.000,L2FT01-FTJ004,21.10,0.000,0.666012,16605,0.435592,0.055345,0,0,1,0.6600,宝安区,23,23,0,0,0,0,1
2021-02-26,589179428,20190000000000000003,900200000000000050,1,30.544,377.287,11523.333,2021-02-26 17:45:00.000,L2FT01-FTJ004,21.10,0.000,0.666012,16605,0.435592,0.055345,0,0,1,0.6600,宝安区,23,23,0,0,0,0,1
2021-02-26,589179428,20190000000000000003,900200000000000030,1,166.685,316.587,52771.333,2021-02-26 18:00:00.000,L2FT01-FTJ004,21.00,0.000,0.666012,16605,0.435592,0.055345,0,0,1,0.6600,宝安区,23,23,0,0,0,0,1
2021-02-26,589179428,20190000000000000003,900200000000000036,1,60.590,308.400,18680.000,2021-02-26 18:00:00.000,L2FT01-FTJ004,21.00,0.000,0.666012,16605,0.435592,0.055345,0,0,1,0.6600,宝安区,23,23,0,0,0,0,1
2021-02-26,589179428,20190000000000000003,900200000000000049,1,149.940,314.545,47160.909,2021-02-26 18:00:00.000,L2FT01-FTJ004,21.00,0.000,0.666012,16605,0.435592,0.055345,0,0,1,0.6600,宝安区,23,23,0,0,0,0,1
2021-02-26,589179428,20190000000000000003,900200000000000057,1,171.296,313.143,53924.286,2021-02-26 18:15:00.000,L2FT01-FTJ004,21.00,0.000,0.666012,16605,0.435592,0.055345,0,0,1,0.6600,宝安区,23,23,0,0,0,0,1
2021-02-26,589179428,20190000000000000003,900200000000000049,1,150.000,315.140,47268.000,2021-02-26 18:15:00.000,L2FT01-FTJ004,21.00,0.000,0.666012,16605,0.435592,0.055345,0,0,1,0.6600,宝安区,23,23,0,0,0,0,1
2021-02-26,589179428,20190000000000000003,900200000000000030,1,87.092,326.600,28238.000,2021-02-26 18:15:00.000,L2FT01-FTJ004,21.00,0.000,0.666012,16605,0.435592,0.055345,0,0,1,0.6600,宝安区,23,23,0,0,0,0,1
2021-02-26,589179428,20190000000000000003,900200000000000036,1,149.897,315.040,47222.000,2021-02-26 18:15:00.000,L2FT01-FTJ004,21.00,0.000,0.666012,16605,0.435592,0.055345,0,0,1,0.6600,宝安区,23,23,0,0,0,0,1
2021-02-26,589179428,20190000000000000003,900200000000000036,1,149.986,316.438,47458.750,2021-02-26 18:30:00.000,L2FT01-FTJ004,21.00,0.000,0.666012,16605,0.435592,0.055345,0,0,1,0.6600,宝安区,23,23,0,0,0,0,1
2021-02-26,589179428,20190000000000000003,900200000000000053,1,134.345,309.933,41638.333,2021-02-26 18:30:00.000,L2FT01-FTJ004,21.00,0.000,0.666012,16605,0.435592,0.055345,0,0,1,0.6600,宝安区,23,23,0,0,0,0,1
2021-02-26,589179428,20190000000000000003,900200000000000057,1,199.880,316.087,63174.667,2021-02-26 18:30:00.000,L2FT01-FTJ004,21.00,0.000,0.666012,16605,0.435592,0.055345,0,0,1,0.6600,宝安区,23,23,0,0,0,0,1
2021-02-26,589179428,20190000000000000003,900200000000000038,1,86.563,296.000,26876.667,2021-02-26 18:45:00.000,L2FT01-FTJ004,21.00,0.000,0.666012,16605,0.435592,0.055345,0,0,1,0.6600,宝安区,23,23,0,0,0,0,1
2021-02-26,589179428,20190000000000000003,900200000000000053,1,132.235,311.307,41162.000,2021-02-26 18:45:00.000,L2FT01-FTJ004,21.00,0.000,0.666012,16605,0.435592,0.055345,0,0,1,0.6600,宝安区,23,23,0,0,0,0,1
2021-02-26,589179428,20190000000000000003,900200000000000057,1,200.000,318.467,63693.333,2021-02-26 18:45:00.000,L2FT01-FTJ004,21.00,0.000,0.666012,16605,0.435592,0.055345,0,0,1,0.6600,宝安区,23,23,0,0,0,0,1
2021-02-26,589179428,20190000000000000003,900200000000000038,1,132.215,311.767,41218.667,2021-02-26 19:00:00.000,L2FT01-FTJ004,21.10,0.000,0.666012,16605,0.435592,0.055345,0,0,1,0.6600,宝安区,23,23,0,0,0,0,1
2021-02-26,589179428,20190000000000000003,900200000000000053,1,132.881,313.387,41638.667,2021-02-26 19:00:00.000,L2FT01-FTJ004,21.10,0.000,0.666012,16605,0.435592,0.055345,0,0,1,0.6600,宝安区,23,23,0,0,0,0,1
2021-02-26,589179428,20190000000000000003,900200000000000038,1,135.012,314.333,42434.000,2021-02-26 19:15:00.000,L2FT01-FTJ004,21.10,0.000,0.666012,16605,0.435592,0.055345,0,0,1,0.6600,宝安区,23,23,0,0,0,0,1
2021-02-26,589179428,20190000000000000003,900200000000000039,1,63.810,333.410,21274.000,2021-02-26 19:15:00.000,L2FT01-FTJ004,21.10,0.000,0.666012,16605,0.435592,0.055345,0,0,1,0.6600,宝安区,23,23,0,0,0,0,1
2021-02-26,589179428,20190000000000000003,900200000000000048,1,149.810,384.220,57558.000,2021-02-26 19:15:00.000,L2FT01-FTJ004,21.10,0.000,0.666012,16605,0.435592,0.055345,0,0,1,0.6600,宝安区,23,23,0,0,0,0,1
2021-02-26,589179428,20190000000000000003,900200000000000053,1,131.324,314.413,41288.667,2021-02-26 19:15:00.000,L2FT01-FTJ004,21.10,0.000,0.666012,16605,0.435592,0.055345,0,0,1,0.6600,宝安区,23,23,0,0,0,0,1
2021-02-26,589179428,20190000000000000003,900200000000000053,1,132.145,316.387,41806.000,2021-02-26 19:30:00.000,L2FT01-FTJ004,21.10,0.000,0.666012,16605,0.435592,0.055345,0,0,1,0.6600,宝安区,23,23,0,0,0,0,1
2021-02-26,589179428,20190000000000000003,900200000000000048,1,149.840,389.700,58392.000,2021-02-26 19:30:00.000,L2FT01-FTJ004,21.10,0.000,0.666012,16605,0.435592,0.055345,0,0,1,0.6600,宝安区,23,23,0,0,0,0,1
2021-02-26,589179428,20190000000000000003,900200000000000039,1,63.790,342.480,21846.667,2021-02-26 19:30:00.000,L2FT01-FTJ004,21.10,0.000,0.666012,16605,0.435592,0.055345,0,0,1,0.6600,宝安区,23,23,0,0,0,0,1
2021-02-26,589179428,20190000000000000003,900200000000000038,1,135.000,315.544,42593.333,2021-02-26 19:30:00.000,L2FT01-FTJ004,21.10,0.000,0.666012,16605,0.435592,0.055345,0,0,1,0.6600,宝安区,23,23,0,0,0,0,1
2021-02-26,589179428,20190000000000000003,900200000000000039,1,48.897,351.440,17174.667,2021-02-26 19:45:00.000,L2FT01-FTJ004,21.10,0.000,0.666012,16605,0.435592,0.055345,0,0,1,0.6600,宝安区,23,23,0,0,0,0,1
2021-02-26,589179428,20190000000000000003,900200000000000053,1,87.492,320.740,28074.000,2021-02-26 19:45:00.000,L2FT01-FTJ004,21.10,0.000,0.666012,16605,0.435592,0.055345,0,0,1,0.6600,宝安区,23,23,0,0,0,0,1
2021-02-26,589179428,20190000000000000003,900200000000000039,1,21.675,354.307,7678.000,2021-02-26 20:00:00.000,L2FT01-FTJ004,21.40,0.000,0.666012,16605,0.435592,0.055345,0,0,1,0.6600,宝安区,23,23,0,0,0,0,1
2021-02-26,589179428,20190000000000000003,900200000000000039,1,11.917,355.580,4234.667,2021-02-26 20:15:00.000,L2FT01-FTJ004,21.40,0.000,0.666012,16605,0.435592,0.055345,0,0,1,0.6600,宝安区,23,23,0,0,0,0,1
2021-02-26,589179428,20190000000000000003,900200000000000045,1,129.929,311.021,40407.143,2021-02-26 20:15:00.000,L2FT01-FTJ004,21.40,0.000,0.666012,16605,0.435592,0.055345,0,0,1,0.6600,宝安区,23,23,0,0,0,0,1
2021-02-26,589179428,20190000000000000003,900200000000000039,1,9.790,356.600,3490.000,2021-02-26 20:30:00.000,L2FT01-FTJ004,21.40,0.000,0.666012,16605,0.435592,0.055345,0,0,1,0.6600,宝安区,23,23,0,0,0,0,1
2021-02-26,589179428,20190000000000000003,900200000000000045,1,129.912,313.700,40751.333,2021-02-26 20:30:00.000,L2FT01-FTJ004,21.40,0.000,0.666012,16605,0.435592,0.055345,0,0,1,0.6600,宝安区,23,23,0,0,0,0,1
2021-02-26,589179428,20190000000000000003,900200000000000049,1,135.661,351.257,47715.714,2021-02-26 20:45:00.000,L2FT01-FTJ004,21.40,0.000,0.666012,16605,0.435592,0.055345,0,0,1,0.6600,宝安区,23,23,0,0,0,0,1
2021-02-26,589179428,20190000000000000003,900200000000000045,1,115.458,306.867,36301.111,2021-02-26 20:45:00.000,L2FT01-FTJ004,21.40,0.000,0.666012,16605,0.435592,0.055345,0,0,1,0.6600,宝安区,23,23,0,0,0,0,1
2021-02-26,589179428,20190000000000000003,900200000000000049,1,128.810,360.307,46389.333,2021-02-26 21:00:00.000,L2FT01-FTJ004,21.88,0.000,0.666012,16605,0.435592,0.055345,0,0,1,0.6600,宝安区,23,23,0,0,0,0,1
2021-02-26,589179428,20190000000000000003,900200000000000049,1,104.973,376.727,39510.667,2021-02-26 21:15:00.000,L2FT01-FTJ004,21.88,0.000,0.666012,16605,0.435592,0.055345,0,0,1,0.6600,宝安区,23,23,0,0,0,0,1
2021-02-26,589179428,20190000000000000003,900200000000000049,1,50.725,389.193,19720.000,2021-02-26 21:30:00.000,L2FT01-FTJ004,21.88,0.000,0.666012,16605,0.435592,0.055345,0,0,1,0.6600,宝安区,23,23,0,0,0,0,1
2021-02-26,589179428,20190000000000000003,900200000000000049,1,39.790,394.200,15683.333,2021-02-26 21:45:00.000,L2FT01-FTJ004,21.88,0.000,0.666012,16605,0.435592,0.055345,0,0,1,0.6600,宝安区,23,23,0,0,0,0,1
2021-02-26,589179428,20190000000000000003,900200000000000043,1,129.907,309.836,40247.273,2021-02-26 23:45:00.000,L2FT01-FTJ004,23.22,0.000,0.666012,16605,0.435592,0.055345,0,0,1,0.6600,宝安区,23,23,0,0,0,0,1
2021-02-26,589179428,20190000000000000003,900200000000000047,1,199.820,312.275,62392.500,2021-02-26 23:45:00.000,L2FT01-FTJ004,23.22,0.000,0.666012,16605,0.435592,0.055345,0,0,1,0.6600,宝安区,23,23,0,0,0,0,1
2021-02-27,589179428,20190000000000000003,900200000000000047,1,199.842,313.287,62601.333,2021-02-27 00:00:00.000,L2FT01-FTJ004,24.00,0.000,0.666012,16605,0.435592,0.055345,0,0,0,0.6600,宝安区,23,23,0,0,0,0,1
2021-02-27,589179428,20190000000000000003,900200000000000043,1,129.848,310.640,40332.667,2021-02-27 00:00:00.000,L2FT01-FTJ004,24.00,0.000,0.666012,16605,0.435592,0.055345,0,0,0,0.6600,宝安区,23,23,0,0,0,0,1
2021-02-27,589179428,20190000000000000003,900200000000000043,1,129.860,312.820,40620.000,2021-02-27 00:15:00.000,L2FT01-FTJ004,24.00,0.000,0.666012,16605,0.435592,0.055345,0,0,0,0.6600,宝安区,23,23,0,0,0,0,1
2021-02-27,589179428,20190000000000000003,900200000000000047,1,200.013,315.420,63088.000,2021-02-27 00:15:00.000,L2FT01-FTJ004,24.00,0.000,0.666012,16605,0.435592,0.055345,0,0,0,0.6600,宝安区,23,23,0,0,0,0,1
2021-02-27,589179428,20190000000000000003,900200000000000043,1,129.878,313.880,40764.000,2021-02-27 00:30:00.000,L2FT01-FTJ004,24.00,0.000,0.666012,16605,0.435592,0.055345,0,0,0,0.6600,宝安区,23,23,0,0,0,0,1
2021-02-27,589179428,20190000000000000003,900200000000000047,1,200.080,317.800,63584.000,2021-02-27 00:30:00.000,L2FT01-FTJ004,24.00,0.000,0.666012,16605,0.435592,0.055345,0,0,0,0.6600,宝安区,23,23,0,0,0,0,1
2021-02-27,589179428,20190000000000000003,900200000000000043,1,113.820,318.727,36112.667,2021-02-27 00:45:00.000,L2FT01-FTJ004,24.00,0.000,0.666012,16605,0.435592,0.055345,0,0,0,0.6600,宝安区,23,23,0,0,0,0,1
2021-02-27,589179428,20190000000000000003,900200000000000047,1,91.814,326.660,29818.000,2021-02-27 00:45:00.000,L2FT01-FTJ004,24.00,0.000,0.666012,16605,0.435592,0.055345,0,0,0,0.6600,宝安区,23,23,0,0,0,0,1
2021-02-27,589179428,20190000000000000003,900200000000000036,1,129.205,467.613,61367.500,2021-02-27 01:30:00.000,L2FT01-FTJ004,24.78,0.000,0.666012,16605,0.435592,0.055345,0,0,0,0.6600,宝安区,23,23,0,0,0,0,1
2021-02-27,589179428,20190000000000000003,900200000000000036,1,149.897,475.747,71311.333,2021-02-27 01:45:00.000,L2FT01-FTJ004,24.78,0.000,0.666012,16605,0.435592,0.055345,0,0,0,0.6600,宝安区,23,23,0,0,0,0,1
2021-02-27,589179428,20190000000000000003,900200000000000035,1,129.826,305.264,39626.429,2021-02-27 02:00:00.000,L2FT01-FTJ004,25.50,0.000,0.666012,16605,0.435592,0.055345,0,0,0,0.6600,宝安区,23,23,0,0,0,0,1
2021-02-27,589179428,20190000000000000003,900200000000000036,1,149.810,475.780,71274.000,2021-02-27 02:00:00.000,L2FT01-FTJ004,25.50,0.000,0.666012,16605,0.435592,0.055345,0,0,0,0.6600,宝安区,23,23,0,0,0,0,1
2021-02-27,589179428,20190000000000000003,900200000000000035,1,129.890,310.233,40294.667,2021-02-27 02:15:00.000,L2FT01-FTJ004,25.50,0.000,0.666012,16605,0.435592,0.055345,0,0,0,0.6600,宝安区,23,23,0,0,0,0,1
2021-02-27,589179428,20190000000000000003,900200000000000035,1,129.890,311.240,40424.000,2021-02-27 02:30:00.000,L2FT01-FTJ004,25.50,0.000,0.666012,16605,0.435592,0.055345,0,0,0,0.6600,宝安区,23,23,0,0,0,0,1
2021-02-27,589179428,20190000000000000003,900200000000000035,1,129.890,312.867,40636.667,2021-02-27 02:45:00.000,L2FT01-FTJ004,25.50,0.000,0.666012,16605,0.435592,0.055345,0,0,0,0.6600,宝安区,23,23,0,0,0,0,1
2021-02-27,589179428,20190000000000000003,900200000000000035,1,129.897,314.127,40802.000,2021-02-27 03:00:00.000,L2FT01-FTJ004,26.12,0.000,0.666012,16605,0.435592,0.055345,0,0,0,0.6600,宝安区,23,23,0,0,0,0,1
2021-02-27,589179428,20190000000000000003,900200000000000035,1,129.890,315.073,40922.000,2021-02-27 03:15:00.000,L2FT01-FTJ004,26.12,0.000,0.666012,16605,0.435592,0.055345,0,0,0,0.6600,宝安区,23,23,0,0,0,0,1
2021-02-27,589179428,20190000000000000003,900200000000000035,1,110.537,318.860,35158.667,2021-02-27 03:30:00.000,L2FT01-FTJ004,26.12,0.000,0.666012,16605,0.435592,0.055345,0,0,0,0.6600,宝安区,23,23,0,0,0,0,1
2021-02-27,589179428,20190000000000000003,900200000000000035,1,29.890,331.700,9910.000,2021-02-27 03:45:00.000,L2FT01-FTJ004,26.12,0.000,0.666012,16605,0.435592,0.055345,0,0,0,0.6600,宝安区,23,23,0,0,0,0,1
2021-02-27,589179428,20190000000000000003,900200000000000056,1,149.950,304.127,45601.818,2021-02-27 04:00:00.000,L2FT01-FTJ004,26.60,0.000,0.666012,16605,0.435592,0.055345,0,0,0,0.6600,宝安区,23,23,0,0,0,0,1
2021-02-27,589179428,20190000000000000003,900200000000000056,1,150.006,309.020,46352.000,2021-02-27 04:15:00.000,L2FT01-FTJ004,26.60,0.000,0.666012,16605,0.435592,0.055345,0,0,0,0.6600,宝安区,23,23,0,0,0,0,1
2021-02-27,589179428,20190000000000000003,900200000000000056,1,150.013,311.020,46654.667,2021-02-27 04:30:00.000,L2FT01-FTJ004,26.60,0.000,0.666012,16605,0.435592,0.055345,0,0,0,0.6600,宝安区,23,23,0,0,0,0,1
2021-02-27,589179428,20190000000000000003,900200000000000056,1,150.053,312.400,46874.000,2021-02-27 04:45:00.000,L2FT01-FTJ004,26.60,0.000,0.666012,16605,0.435592,0.055345,0,0,0,0.6600,宝安区,23,23,0,0,0,0,1
2021-02-27,589179428,20190000000000000003,900200000000000056,1,150.087,314.020,47126.667,2021-02-27 05:00:00.000,L2FT01-FTJ004,26.90,0.000,0.666012,16605,0.435592,0.055345,0,0,0,0.6600,宝安区,23,23,0,0,0,0,1
2021-02-27,589179428,20190000000000000003,900200000000000056,1,150.100,314.660,47226.000,2021-02-27 05:15:00.000,L2FT01-FTJ004,26.90,0.000,0.666012,16605,0.435592,0.055345,0,0,0,0.6600,宝安区,23,23,0,0,0,0,1
2021-02-27,589179428,20190000000000000003,900200000000000040,1,150.041,309.864,46487.857,2021-02-27 07:15:00.000,L2FT01-FTJ004,26.90,0.000,0.666012,16605,0.435592,0.055345,0,0,0,0.6600,宝安区,23,23,0,0,0,0,1
2021-02-27,589179428,20190000000000000003,900200000000000040,1,149.943,311.367,46684.667,2021-02-27 07:30:00.000,L2FT01-FTJ004,26.90,0.000,0.666012,16605,0.435592,0.055345,0,0,0,0.6600,宝安区,23,23,0,0,0,0,1
2021-02-27,589179428,20190000000000000003,900200000000000040,1,150.025,313.493,47028.667,2021-02-27 07:45:00.000,L2FT01-FTJ004,26.90,0.000,0.666012,16605,0.435592,0.055345,0,0,0,0.6600,宝安区,23,23,0,0,0,0,1
2021-02-27,589179428,20190000000000000003,900200000000000040,1,150.027,314.455,47174.545,2021-02-27 08:00:00.000,L2FT01-FTJ004,26.60,0.000,0.666012,16605,0.435592,0.055345,0,0,0,0.6600,宝安区,23,23,0,0,0,0,1
2021-02-27,589179428,20190000000000000003,900200000000000044,1,102.534,370.270,37940.000,2021-02-27 10:30:00.000,L2FT01-FTJ004,25.50,0.000,0.666012,16605,0.435592,0.055345,0,0,0,0.6600,宝安区,23,23,0,0,0,0,1
2021-02-27,589179428,20190000000000000003,900200000000000052,1,92.927,352.333,32736.667,2021-02-27 10:30:00.000,L2FT01-FTJ004,25.50,0.000,0.666012,16605,0.435592,0.055345,0,0,0,0.6600,宝安区,23,23,0,0,0,0,1
2021-02-27,589179428,20190000000000000003,900200000000000044,1,92.000,377.300,34710.000,2021-02-27 10:45:00.000,L2FT01-FTJ004,25.50,0.000,0.666012,16605,0.435592,0.055345,0,0,0,0.6600,宝安区,23,23,0,0,0,0,1
2021-02-27,589179428,20190000000000000003,900200000000000052,1,94.306,354.440,33421.333,2021-02-27 10:45:00.000,L2FT01-FTJ004,25.50,0.000,0.666012,16605,0.435592,0.055345,0,0,0,0.6600,宝安区,23,23,0,0,0,0,1
2021-02-27,589179428,20190000000000000003,900200000000000052,1,92.244,356.473,32886.000,2021-02-27 11:00:00.000,L2FT01-FTJ004,24.78,0.000,0.666012,16605,0.435592,0.055345,0,0,0,0.6600,宝安区,23,23,0,0,0,0,1
2021-02-27,589179428,20190000000000000003,900200000000000052,1,62.091,355.021,22042.143,2021-02-27 11:15:00.000,L2FT01-FTJ004,24.78,0.000,0.666012,16605,0.435592,0.055345,0,0,0,0.6600,宝安区,23,23,0,0,0,0,1
2021-02-27,589179428,20190000000000000003,900200000000000056,1,78.173,367.825,28780.833,2021-02-27 15:00:00.000,L2FT01-FTJ004,21.88,0.000,0.666012,16605,0.435592,0.055345,0,0,0,0.6600,宝安区,23,23,0,0,0,0,1
2021-02-27,589179428,20190000000000000003,900200000000000056,1,81.456,373.067,30384.667,2021-02-27 15:15:00.000,L2FT01-FTJ004,21.88,0.000,0.666012,16605,0.435592,0.055345,0,0,0,0.6600,宝安区,23,23,0,0,0,0,1
2021-02-27,589179428,20190000000000000003,900200000000000056,1,81.500,376.029,30641.429,2021-02-27 15:30:00.000,L2FT01-FTJ004,21.88,0.000,0.666012,16605,0.435592,0.055345,0,0,0,0.6600,宝安区,23,23,0,0,0,0,1
2021-02-27,589179428,20190000000000000003,900200000000000053,1,65.944,298.933,20550.833,2021-02-27 15:45:00.000,L2FT01-FTJ004,21.88,0.000,0.666012,16605,0.435592,0.055345,0,0,0,0.6600,宝安区,23,23,0,0,0,0,1
2021-02-27,589179428,20190000000000000003,900200000000000053,1,71.918,312.425,22467.500,2021-02-27 16:00:00.000,L2FT01-FTJ004,21.40,0.000,0.666012,16605,0.435592,0.055345,0,0,0,0.6600,宝安区,23,23,0,0,0,0,1
2021-02-27,589179428,20190000000000000003,900200000000000044,1,151.790,309.200,46930.000,2021-02-27 16:15:00.000,L2FT01-FTJ004,21.40,0.000,0.666012,16605,0.435592,0.055345,0,0,0,0.6600,宝安区,23,23,0,0,0,0,1
2021-02-27,589179428,20190000000000000003,900200000000000044,1,149.949,312.533,46860.667,2021-02-27 16:30:00.000,L2FT01-FTJ004,21.40,0.000,0.666012,16605,0.435592,0.055345,0,0,0,0.6600,宝安区,23,23,0,0,0,0,1
2021-02-27,589179428,20190000000000000003,900200000000000044,1,149.915,314.313,47117.333,2021-02-27 16:45:00.000,L2FT01-FTJ004,21.40,0.000,0.666012,16605,0.435592,0.055345,0,0,0,0.6600,宝安区,23,23,0,0,0,0,1
2021-02-27,589179428,20190000000000000003,900200000000000044,1,149.941,315.460,47297.333,2021-02-27 17:00:00.000,L2FT01-FTJ004,21.10,0.000,0.666012,16605,0.435592,0.055345,0,0,0,0.6600,宝安区,23,23,0,0,0,0,1
2021-02-27,589179428,20190000000000000003,900200000000000044,1,150.000,316.950,47541.250,2021-02-27 17:15:00.000,L2FT01-FTJ004,21.10,0.000,0.666012,16605,0.435592,0.055345,0,0,0,0.6600,宝安区,23,23,0,0,0,0,1
2021-02-27,589179428,20190000000000000003,900200000000000034,1,121.026,355.571,43030.000,2021-02-27 18:15:00.000,L2FT01-FTJ004,21.00,0.000,0.666012,16605,0.435592,0.055345,0,0,0,0.6600,宝安区,23,23,0,0,0,0,1
2021-02-27,589179428,20190000000000000003,900200000000000034,1,116.973,357.433,41806.667,2021-02-27 18:30:00.000,L2FT01-FTJ004,21.00,0.000,0.666012,16605,0.435592,0.055345,0,0,0,0.6600,宝安区,23,23,0,0,0,0,1
2021-02-27,589179428,20190000000000000003,900200000000000034,1,89.925,357.060,32134.000,2021-02-27 18:45:00.000,L2FT01-FTJ004,21.00,0.000,0.666012,16605,0.435592,0.055345,0,0,0,0.6600,宝安区,23,23,0,0,0,0,1
2021-02-27,589179428,20190000000000000003,900200000000000034,1,60.290,355.625,21437.500,2021-02-27 19:00:00.000,L2FT01-FTJ004,21.10,0.000,0.666012,16605,0.435592,0.055345,0,0,0,0.6600,宝安区,23,23,0,0,0,0,1
2021-02-27,589179428,20190000000000000003,900200000000000052,1,65.573,359.992,23700.000,2021-02-27 19:45:00.000,L2FT01-FTJ004,21.10,0.000,0.666012,16605,0.435592,0.055345,0,0,0,0.6600,宝安区,23,23,0,0,0,0,1
2021-02-27,589179428,20190000000000000003,900200000000000052,1,70.427,365.200,25716.667,2021-02-27 20:00:00.000,L2FT01-FTJ004,21.40,0.000,0.666012,16605,0.435592,0.055345,0,0,0,0.6600,宝安区,23,23,0,0,0,0,1
2021-02-27,589179428,20190000000000000003,900200000000000052,1,50.417,363.707,18340.000,2021-02-27 20:15:00.000,L2FT01-FTJ004,21.40,0.000,0.666012,16605,0.435592,0.055345,0,0,0,0.6600,宝安区,23,23,0,0,0,0,1
2021-02-27,589179428,20190000000000000003,900200000000000052,1,46.403,365.087,16942.667,2021-02-27 20:30:00.000,L2FT01-FTJ004,21.40,0.000,0.666012,16605,0.435592,0.055345,0,0,0,0.6600,宝安区,23,23,0,0,0,0,1
2021-02-27,589179428,20190000000000000003,900200000000000052,1,9.745,359.750,3507.500,2021-02-27 20:45:00.000,L2FT01-FTJ004,21.40,0.000,0.666012,16605,0.435592,0.055345,0,0,0,0.6600,宝安区,23,23,0,0,0,0,1
2021-02-27,589179428,20190000000000000003,900200000000000036,1,130.157,312.692,40695.385,2021-02-27 21:15:00.000,L2FT01-FTJ004,21.88,0.000,0.666012,16605,0.435592,0.055345,0,0,0,0.6600,宝安区,23,23,0,0,0,0,1
2021-02-27,589179428,20190000000000000003,900200000000000036,1,130.060,314.687,40924.000,2021-02-27 21:30:00.000,L2FT01-FTJ004,21.88,0.000,0.666012,16605,0.435592,0.055345,0,0,0,0.6600,宝安区,23,23,0,0,0,0,1
2021-02-27,589179428,20190000000000000003,900200000000000036,1,107.377,319.960,34156.667,2021-02-27 21:45:00.000,L2FT01-FTJ004,21.88,0.000,0.666012,16605,0.435592,0.055345,0,0,0,0.6600,宝安区,23,23,0,0,0,0,1
2021-02-27,589179428,20190000000000000003,900200000000000057,1,119.818,316.067,37552.000,2021-02-27 22:30:00.000,L2FT01-FTJ004,22.50,0.000,0.666012,16605,0.435592,0.055345,0,0,0,0.6600,宝安区,23,23,0,0,0,0,1
2021-02-27,589179428,20190000000000000003,900200000000000057,1,128.307,314.827,40391.333,2021-02-27 22:45:00.000,L2FT01-FTJ004,22.50,0.000,0.666012,16605,0.435592,0.055345,0,0,0,0.6600,宝安区,23,23,0,0,0,0,1
2021-02-27,589179428,20190000000000000003,900200000000000057,1,128.515,316.247,40638.000,2021-02-27 23:00:00.000,L2FT01-FTJ004,23.22,0.000,0.666012,16605,0.435592,0.055345,0,0,0,0.6600,宝安区,23,23,0,0,0,0,1
2021-02-27,589179428,20190000000000000003,900200000000000057,1,75.790,323.960,24424.000,2021-02-27 23:15:00.000,L2FT01-FTJ004,23.22,0.000,0.666012,16605,0.435592,0.055345,0,0,0,0.6600,宝安区,23,23,0,0,0,0,1
2021-02-27,589179428,20190000000000000003,900200000000000045,1,101.298,431.050,42575.000,2021-02-27 23:30:00.000,L2FT01-FTJ004,23.22,0.000,0.666012,16605,0.435592,0.055345,0,0,0,0.6600,宝安区,23,23,0,0,0,0,1
2021-02-27,589179428,20190000000000000003,900200000000000050,1,37.482,343.077,12894.615,2021-02-27 23:30:00.000,L2FT01-FTJ004,23.22,0.000,0.666012,16605,0.435592,0.055345,0,0,0,0.6600,宝安区,23,23,0,0,0,0,1
2021-02-27,589179428,20190000000000000003,900200000000000045,1,129.687,431.867,56005.333,2021-02-27 23:45:00.000,L2FT01-FTJ004,23.22,0.000,0.666012,16605,0.435592,0.055345,0,0,0,0.6600,宝安区,23,23,0,0,0,0,1
2021-02-27,589179428,20190000000000000003,900200000000000050,1,43.601,349.773,15243.333,2021-02-27 23:45:00.000,L2FT01-FTJ004,23.22,0.000,0.666012,16605,0.435592,0.055345,0,0,0,0.6600,宝安区,23,23,0,0,0,0,1
2021-02-28,589179428,20190000000000000003,900200000000000045,1,129.020,446.150,57562.500,2021-02-28 00:00:00.000,L2FT01-FTJ004,24.00,0.000,0.666012,16605,0.435592,0.055345,0,0,0,0.6600,宝安区,23,23,0,0,0,0,1
2021-02-28,589179428,20190000000000000003,900200000000000050,1,38.968,353.425,13772.500,2021-02-28 00:00:00.000,L2FT01-FTJ004,24.00,0.000,0.666012,16605,0.435592,0.055345,0,0,0,0.6600,宝安区,23,23,0,0,0,0,1
2021-02-28,589179428,20190000000000000003,900200000000000050,1,46.390,360.775,16735.000,2021-02-28 00:15:00.000,L2FT01-FTJ004,24.00,0.000,0.666012,16605,0.435592,0.055345,0,0,0,0.6600,宝安区,23,23,0,0,0,0,1
2021-02-28,589179428,20190000000000000003,900200000000000049,1,120.618,310.829,37517.857,2021-02-28 02:00:00.000,L2FT01-FTJ004,25.50,0.000,0.666012,16605,0.435592,0.055345,0,0,0,0.6600,宝安区,23,23,0,0,0,0,1
2021-02-28,589179428,20190000000000000003,900200000000000049,1,130.048,312.247,40604.000,2021-02-28 02:15:00.000,L2FT01-FTJ004,25.50,0.000,0.666012,16605,0.435592,0.055345,0,0,0,0.6600,宝安区,23,23,0,0,0,0,1
2021-02-28,589179428,20190000000000000003,900200000000000049,1,131.448,313.607,41221.429,2021-02-28 02:30:00.000,L2FT01-FTJ004,25.50,0.000,0.666012,16605,0.435592,0.055345,0,0,0,0.6600,宝安区,23,23,0,0,0,0,1
2021-02-28,589179428,20190000000000000003,900200000000000049,1,129.800,314.440,40809.333,2021-02-28 02:45:00.000,L2FT01-FTJ004,25.50,0.000,0.666012,16605,0.435592,0.055345,0,0,0,0.6600,宝安区,23,23,0,0,0,0,1
2021-02-28,589179428,20190000000000000003,900200000000000049,1,125.835,317.733,39947.333,2021-02-28 03:00:00.000,L2FT01-FTJ004,26.12,0.000,0.666012,16605,0.435592,0.055345,0,0,0,0.6600,宝安区,23,23,0,0,0,0,1
2021-02-28,589179428,20190000000000000003,900200000000000049,1,30.045,327.650,9840.000,2021-02-28 03:15:00.000,L2FT01-FTJ004,26.12,0.000,0.666012,16605,0.435592,0.055345,0,0,0,0.6600,宝安区,23,23,0,0,0,0,1
2021-02-28,589179428,20190000000000000003,900200000000000058,1,129.896,314.386,40832.857,2021-02-28 11:00:00.000,L2FT01-FTJ004,24.78,0.000,0.666012,16605,0.435592,0.055345,0,0,0,0.6600,宝安区,23,23,0,0,0,0,1
2021-02-28,589179428,20190000000000000003,900200000000000058,1,129.934,315.513,40992.667,2021-02-28 11:15:00.000,L2FT01-FTJ004,24.78,0.000,0.666012,16605,0.435592,0.055345,0,0,0,0.6600,宝安区,23,23,0,0,0,0,1
2021-02-28,589179428,20190000000000000003,900200000000000058,1,99.895,319.850,31945.000,2021-02-28 11:30:00.000,L2FT01-FTJ004,24.78,0.000,0.666012,16605,0.435592,0.055345,0,0,0,0.6600,宝安区,23,23,0,0,0,0,1
2021-02-28,589179428,20190000000000000003,900200000000000035,1,100.000,379.600,37960.000,2021-02-28 13:45:00.000,L2FT01-FTJ004,23.22,0.000,0.666012,16605,0.435592,0.055345,0,0,0,0.6600,宝安区,23,23,0,0,0,0,1
2021-02-28,589179428,20190000000000000003,900200000000000035,1,119.806,386.147,46258.000,2021-02-28 14:00:00.000,L2FT01-FTJ004,22.50,0.000,0.666012,16605,0.435592,0.055345,0,0,0,0.6600,宝安区,23,23,0,0,0,0,1
2021-02-28,589179428,20190000000000000003,900200000000000035,1,119.800,389.613,46670.000,2021-02-28 14:15:00.000,L2FT01-FTJ004,22.50,0.000,0.666012,16605,0.435592,0.055345,0,0,0,0.6600,宝安区,23,23,0,0,0,0,1
2021-02-28,589179428,20190000000000000003,900200000000000035,1,32.232,366.320,12596.000,2021-02-28 14:30:00.000,L2FT01-FTJ004,22.50,0.000,0.666012,16605,0.435592,0.055345,0,0,0,0.6600,宝安区,23,23,0,0,0,0,1
2021-02-28,589179428,20190000000000000003,900200000000000038,1,130.540,307.750,40170.000,2021-02-28 15:00:00.000,L2FT01-FTJ004,21.88,0.000,0.666012,16605,0.435592,0.055345,0,0,0,0.6600,宝安区,23,23,0,0,0,0,1
2021-02-28,589179428,20190000000000000003,900200000000000053,1,72.130,330.660,23848.000,2021-02-28 15:00:00.000,L2FT01-FTJ004,21.88,0.000,0.666012,16605,0.435592,0.055345,0,0,0,0.6600,宝安区,23,23,0,0,0,0,1
2021-02-28,589179428,20190000000000000003,900200000000000038,1,129.631,310.367,40228.000,2021-02-28 15:15:00.000,L2FT01-FTJ004,21.88,0.000,0.666012,16605,0.435592,0.055345,0,0,0,0.6600,宝安区,23,23,0,0,0,0,1
2021-02-28,589179428,20190000000000000003,900200000000000053,1,72.090,332.440,23964.667,2021-02-28 15:15:00.000,L2FT01-FTJ004,21.88,0.000,0.666012,16605,0.435592,0.055345,0,0,0,0.6600,宝安区,23,23,0,0,0,0,1
2021-02-28,589179428,20190000000000000003,900200000000000038,1,129.800,311.113,40377.333,2021-02-28 15:30:00.000,L2FT01-FTJ004,21.88,0.000,0.666012,16605,0.435592,0.055345,0,0,0,0.6600,宝安区,23,23,0,0,0,0,1
2021-02-28,589179428,20190000000000000003,900200000000000053,1,34.493,334.633,11540.000,2021-02-28 15:30:00.000,L2FT01-FTJ004,21.88,0.000,0.666012,16605,0.435592,0.055345,0,0,0,0.6600,宝安区,23,23,0,0,0,0,1
2021-02-28,589179428,20190000000000000003,900200000000000038,1,129.806,313.220,40652.667,2021-02-28 15:45:00.000,L2FT01-FTJ004,21.88,0.000,0.666012,16605,0.435592,0.055345,0,0,0,0.6600,宝安区,23,23,0,0,0,0,1
2021-02-28,589179428,20190000000000000003,900200000000000038,1,129.800,314.127,40769.333,2021-02-28 16:00:00.000,L2FT01-FTJ004,21.40,0.000,0.666012,16605,0.435592,0.055345,0,0,0,0.6600,宝安区,23,23,0,0,0,0,1
2021-02-28,589179428,20190000000000000003,900200000000000038,1,129.800,315.700,40972.667,2021-02-28 16:15:00.000,L2FT01-FTJ004,21.40,0.000,0.666012,16605,0.435592,0.055345,0,0,0,0.6600,宝安区,23,23,0,0,0,0,1
2021-02-28,589179428,20190000000000000003,900200000000000038,1,114.648,321.750,36832.500,2021-02-28 16:30:00.000,L2FT01-FTJ004,21.40,0.000,0.666012,16605,0.435592,0.055345,0,0,0,0.6600,宝安区,23,23,0,0,0,0,1
2021-02-28,589179428,20190000000000000003,900200000000000048,1,15.000,352.100,5280.000,2021-02-28 17:00:00.000,L2FT01-FTJ004,21.10,0.000,0.666012,16605,0.435592,0.055345,0,0,0,0.6600,宝安区,23,23,0,0,0,0,1
2021-02-28,589179428,20190000000000000003,900200000000000050,1,54.990,358.900,19780.000,2021-02-28 17:00:00.000,L2FT01-FTJ004,21.10,0.000,0.666012,16605,0.435592,0.055345,0,0,0,0.6600,宝安区,23,23,0,0,0,0,1
2021-02-28,589179428,20190000000000000003,900200000000000048,1,131.511,368.833,48491.333,2021-02-28 17:15:00.000,L2FT01-FTJ004,21.10,0.000,0.666012,16605,0.435592,0.055345,0,0,0,0.6600,宝安区,23,23,0,0,0,0,1
2021-02-28,589179428,20190000000000000003,900200000000000050,1,71.338,371.613,26508.667,2021-02-28 17:15:00.000,L2FT01-FTJ004,21.10,0.000,0.666012,16605,0.435592,0.055345,0,0,0,0.6600,宝安区,23,23,0,0,0,0,1
2021-02-28,589179428,20190000000000000003,900200000000000056,1,58.018,343.955,20187.273,2021-02-28 17:15:00.000,L2FT01-FTJ004,21.10,0.000,0.666012,16605,0.435592,0.055345,0,0,0,0.6600,宝安区,23,23,0,0,0,0,1
2021-02-28,589179428,20190000000000000003,900200000000000048,1,127.390,382.393,48712.667,2021-02-28 17:30:00.000,L2FT01-FTJ004,21.10,0.000,0.666012,16605,0.435592,0.055345,0,0,0,0.6600,宝安区,23,23,0,0,0,0,1
2021-02-28,589179428,20190000000000000003,900200000000000050,1,62.010,389.313,24109.333,2021-02-28 17:30:00.000,L2FT01-FTJ004,21.10,0.000,0.666012,16605,0.435592,0.055345,0,0,0,0.6600,宝安区,23,23,0,0,0,0,1
2021-02-28,589179428,20190000000000000003,900200000000000056,1,63.790,357.433,22799.333,2021-02-28 17:30:00.000,L2FT01-FTJ004,21.10,0.000,0.666012,16605,0.435592,0.055345,0,0,0,0.6600,宝安区,23,23,0,0,0,0,1
2021-02-28,589179428,20190000000000000003,900200000000000039,1,218.035,365.473,81250.909,2021-02-28 17:45:00.000,L2FT01-FTJ004,21.10,0.000,0.666012,16605,0.435592,0.055345,0,0,0,0.6600,宝安区,23,23,0,0,0,0,1
2021-02-28,589179428,20190000000000000003,900200000000000048,1,85.599,399.227,34116.667,2021-02-28 17:45:00.000,L2FT01-FTJ004,21.10,0.000,0.666012,16605,0.435592,0.055345,0,0,0,0.6600,宝安区,23,23,0,0,0,0,1
2021-02-28,589179428,20190000000000000003,900200000000000050,1,32.964,398.360,13127.333,2021-02-28 17:45:00.000,L2FT01-FTJ004,21.10,0.000,0.666012,16605,0.435592,0.055345,0,0,0,0.6600,宝安区,23,23,0,0,0,0,1
2021-02-28,589179428,20190000000000000003,900200000000000056,1,61.657,368.880,22737.333,2021-02-28 17:45:00.000,L2FT01-FTJ004,21.10,0.000,0.666012,16605,0.435592,0.055345,0,0,0,0.6600,宝安区,23,23,0,0,0,0,1
2021-02-28,589179428,20190000000000000003,900200000000000050,1,54.834,356.422,19542.222,2021-02-28 18:00:00.000,L2FT01-FTJ004,21.00,0.000,0.666012,16605,0.435592,0.055345,0,0,0,0.6600,宝安区,23,23,0,0,0,0,1
2021-02-28,589179428,20190000000000000003,900200000000000056,1,31.883,374.407,11936.000,2021-02-28 18:00:00.000,L2FT01-FTJ004,21.00,0.000,0.666012,16605,0.435592,0.055345,0,0,0,0.6600,宝安区,23,23,0,0,0,0,1
2021-02-28,589179428,20190000000000000003,900200000000000039,1,188.670,388.633,73218.000,2021-02-28 18:00:00.000,L2FT01-FTJ004,21.00,0.000,0.666012,16605,0.435592,0.055345,0,0,0,0.6600,宝安区,23,23,0,0,0,0,1
2021-02-28,589179428,20190000000000000003,900200000000000048,1,49.297,408.013,20112.000,2021-02-28 18:00:00.000,L2FT01-FTJ004,21.00,0.000,0.666012,16605,0.435592,0.055345,0,0,0,0.6600,宝安区,23,23,0,0,0,0,1
2021-02-28,589179428,20190000000000000003,900200000000000039,1,122.256,399.793,48834.000,2021-02-28 18:15:00.000,L2FT01-FTJ004,21.00,0.000,0.666012,16605,0.435592,0.055345,0,0,0,0.6600,宝安区,23,23,0,0,0,0,1
2021-02-28,589179428,20190000000000000003,900200000000000048,1,49.290,414.150,20415.000,2021-02-28 18:15:00.000,L2FT01-FTJ004,21.00,0.000,0.666012,16605,0.435592,0.055345,0,0,0,0.6600,宝安区,23,23,0,0,0,0,1
2021-02-28,589179428,20190000000000000003,900200000000000050,1,54.790,362.607,19867.333,2021-02-28 18:15:00.000,L2FT01-FTJ004,21.00,0.000,0.666012,16605,0.435592,0.055345,0,0,0,0.6600,宝安区,23,23,0,0,0,0,1
2021-02-28,589179428,20190000000000000003,900200000000000056,1,13.190,376.667,4967.333,2021-02-28 18:15:00.000,L2FT01-FTJ004,21.00,0.000,0.666012,16605,0.435592,0.055345,0,0,0,0.6600,宝安区,23,23,0,0,0,0,1
2021-02-28,589179428,20190000000000000003,900200000000000050,1,32.837,367.960,12080.667,2021-02-28 18:30:00.000,L2FT01-FTJ004,21.00,0.000,0.666012,16605,0.435592,0.055345,0,0,0,0.6600,宝安区,23,23,0,0,0,0,1
2021-02-28,589179428,20190000000000000003,900200000000000056,1,13.190,378.000,4980.000,2021-02-28 18:30:00.000,L2FT01-FTJ004,21.00,0.000,0.666012,16605,0.435592,0.055345,0,0,0,0.6600,宝安区,23,23,0,0,0,0,1
2021-02-28,589179428,20190000000000000003,900200000000000039,1,96.145,403.975,38837.500,2021-02-28 18:30:00.000,L2FT01-FTJ004,21.00,0.000,0.666012,16605,0.435592,0.055345,0,0,0,0.6600,宝安区,23,23,0,0,0,0,1
2021-02-28,589179428,20190000000000000003,900200000000000048,1,149.815,314.225,47075.000,2021-02-28 18:30:00.000,L2FT01-FTJ004,21.00,0.000,0.666012,16605,0.435592,0.055345,0,0,0,0.6600,宝安区,23,23,0,0,0,0,1
2021-02-28,589179428,20190000000000000003,900200000000000048,1,149.830,315.847,47322.000,2021-02-28 18:45:00.000,L2FT01-FTJ004,21.00,0.000,0.666012,16605,0.435592,0.055345,0,0,0,0.6600,宝安区,23,23,0,0,0,0,1
2021-02-28,589179428,20190000000000000003,900200000000000050,1,32.890,376.013,12366.667,2021-02-28 18:45:00.000,L2FT01-FTJ004,21.00,0.000,0.666012,16605,0.435592,0.055345,0,0,0,0.6600,宝安区,23,23,0,0,0,0,1
2021-02-28,589179428,20190000000000000003,900200000000000040,1,109.197,362.643,40515.714,2021-02-28 19:00:00.000,L2FT01-FTJ004,21.10,0.000,0.666012,16605,0.435592,0.055345,0,0,0,0.6600,宝安区,23,23,0,0,0,0,1
2021-02-28,589179428,20190000000000000003,900200000000000042,1,129.890,316.600,41120.000,2021-02-28 19:00:00.000,L2FT01-FTJ004,21.10,0.000,0.666012,16605,0.435592,0.055345,0,0,0,0.6600,宝安区,23,23,0,0,0,0,1
2021-02-28,589179428,20190000000000000003,900200000000000048,1,73.227,313.567,23596.667,2021-02-28 19:00:00.000,L2FT01-FTJ004,21.10,0.000,0.666012,16605,0.435592,0.055345,0,0,0,0.6600,宝安区,23,23,0,0,0,0,1
2021-02-28,589179428,20190000000000000003,900200000000000050,1,32.870,384.240,12628.667,2021-02-28 19:00:00.000,L2FT01-FTJ004,21.10,0.000,0.666012,16605,0.435592,0.055345,0,0,0,0.6600,宝安区,23,23,0,0,0,0,1
2021-02-28,589179428,20190000000000000003,900200000000000050,1,31.030,392.613,12176.667,2021-02-28 19:15:00.000,L2FT01-FTJ004,21.10,0.000,0.666012,16605,0.435592,0.055345,0,0,0,0.6600,宝安区,23,23,0,0,0,0,1
2021-02-28,589179428,20190000000000000003,900200000000000040,1,96.083,383.993,36854.000,2021-02-28 19:15:00.000,L2FT01-FTJ004,21.10,0.000,0.666012,16605,0.435592,0.055345,0,0,0,0.6600,宝安区,23,23,0,0,0,0,1
2021-02-28,589179428,20190000000000000003,900200000000000050,1,12.123,395.700,4796.667,2021-02-28 19:30:00.000,L2FT01-FTJ004,21.10,0.000,0.666012,16605,0.435592,0.055345,0,0,0,0.6600,宝安区,23,23,0,0,0,0,1
2021-02-28,589179428,20190000000000000003,900200000000000040,1,49.310,391.580,19306.000,2021-02-28 19:30:00.000,L2FT01-FTJ004,21.10,0.000,0.666012,16605,0.435592,0.055345,0,0,0,0.6600,宝安区,23,23,0,0,0,0,1
2021-02-28,589179428,20190000000000000003,900200000000000040,1,49.323,401.600,19808.000,2021-02-28 19:45:00.000,L2FT01-FTJ004,21.10,0.000,0.666012,16605,0.435592,0.055345,0,0,0,0.6600,宝安区,23,23,0,0,0,0,1
2021-02-28,589179428,20190000000000000003,900200000000000050,1,6.870,396.200,2722.000,2021-02-28 19:45:00.000,L2FT01-FTJ004,21.10,0.000,0.666012,16605,0.435592,0.055345,0,0,0,0.6600,宝安区,23,23,0,0,0,0,1
2021-02-28,589179428,20190000000000000003,900200000000000039,1,119.836,307.254,37045.385,2021-02-28 20:45:00.000,L2FT01-FTJ004,21.40,0.000,0.666012,16605,0.435592,0.055345,0,0,0,0.6600,宝安区,23,23,0,0,0,0,1
2021-02-28,589179428,20190000000000000003,900200000000000039,1,129.878,310.807,40363.333,2021-02-28 21:00:00.000,L2FT01-FTJ004,21.88,0.000,0.666012,16605,0.435592,0.055345,0,0,0,0.6600,宝安区,23,23,0,0,0,0,1
2021-02-28,589179428,20190000000000000003,900200000000000039,1,129.890,311.593,40470.667,2021-02-28 21:15:00.000,L2FT01-FTJ004,21.88,0.000,0.666012,16605,0.435592,0.055345,0,0,0,0.6600,宝安区,23,23,0,0,0,0,1
2021-02-28,589179428,20190000000000000003,900200000000000039,1,129.956,313.813,40778.667,2021-02-28 21:30:00.000,L2FT01-FTJ004,21.88,0.000,0.666012,16605,0.435592,0.055345,0,0,0,0.6600,宝安区,23,23,0,0,0,0,1
2021-02-28,589179428,20190000000000000003,900200000000000039,1,130.000,316.580,41148.000,2021-02-28 21:45:00.000,L2FT01-FTJ004,21.88,0.000,0.666012,16605,0.435592,0.055345,0,0,0,0.6600,宝安区,23,23,0,0,0,0,1
2021-02-28,589179428,20190000000000000003,900200000000000040,1,129.890,309.118,40150.000,2021-02-28 22:00:00.000,L2FT01-FTJ004,22.50,0.000,0.666012,16605,0.435592,0.055345,0,0,0,0.6600,宝安区,23,23,0,0,0,0,1
2021-02-28,589179428,20190000000000000003,900200000000000040,1,116.883,305.840,36285.000,2021-02-28 22:15:00.000,L2FT01-FTJ004,22.50,0.000,0.666012,16605,0.435592,0.055345,0,0,0,0.6600,宝安区,23,23,0,0,0,0,1
2021-02-28,589179428,20190000000000000003,900200000000000053,1,71.921,353.970,25456.000,2021-02-28 22:15:00.000,L2FT01-FTJ004,22.50,0.000,0.666012,16605,0.435592,0.055345,0,0,0,0.6600,宝安区,23,23,0,0,0,0,1
2021-02-28,589179428,20190000000000000003,900200000000000053,1,71.890,359.718,25858.182,2021-02-28 22:30:00.000,L2FT01-FTJ004,22.50,0.000,0.666012,16605,0.435592,0.055345,0,0,0,0.6600,宝安区,23,23,0,0,0,0,1
2021-02-28,589179428,20190000000000000003,900200000000000047,1,124.251,310.056,38555.556,2021-02-28 23:00:00.000,L2FT01-FTJ004,23.22,0.000,0.666012,16605,0.435592,0.055345,0,0,0,0.6600,宝安区,23,23,0,0,0,0,1
2021-02-28,589179428,20190000000000000003,900200000000000047,1,129.866,311.087,40396.000,2021-02-28 23:15:00.000,L2FT01-FTJ004,23.22,0.000,0.666012,16605,0.435592,0.055345,0,0,0,0.6600,宝安区,23,23,0,0,0,0,1
2021-02-28,589179428,20190000000000000003,900200000000000047,1,129.897,312.447,40584.000,2021-02-28 23:30:00.000,L2FT01-FTJ004,23.22,0.000,0.666012,16605,0.435592,0.055345,0,0,0,0.6600,宝安区,23,23,0,0,0,0,1
2021-02-28,589179428,20190000000000000003,900200000000000047,1,129.956,314.407,40854.667,2021-02-28 23:45:00.000,L2FT01-FTJ004,23.22,0.000,0.666012,16605,0.435592,0.055345,0,0,0,0.6600,宝安区,23,23,0,0,0,0,1
2021-03-01,589179428,20190000000000000003,900200000000000047,1,129.941,316.120,41074.667,2021-03-01 00:00:00.000,L2FT01-FTJ004,26.93,0.000,0.666012,16605,0.435592,0.055345,0,0,1,0.6600,宝安区,23,23,0,0,0,0,1
2021-03-01,589179428,20190000000000000003,900200000000000047,1,79.865,320.427,25543.333,2021-03-01 00:15:00.000,L2FT01-FTJ004,26.93,0.000,0.666012,16605,0.435592,0.055345,0,0,1,0.6600,宝安区,23,23,0,0,0,0,1
2021-03-01,589179428,20190000000000000003,900200000000000047,1,29.890,322.400,9630.000,2021-03-01 00:30:00.000,L2FT01-FTJ004,26.93,0.000,0.666012,16605,0.435592,0.055345,0,0,1,0.6600,宝安区,23,23,0,0,0,0,1
2021-03-01,589179428,20190000000000000003,900200000000000040,1,130.090,302.800,39390.000,2021-03-01 02:15:00.000,L2FT01-FTJ004,28.43,0.000,0.666012,16605,0.435592,0.055345,0,0,1,0.6600,宝安区,23,23,0,0,0,0,1
2021-03-01,589179428,20190000000000000003,900200000000000040,1,130.827,309.053,40430.667,2021-03-01 02:30:00.000,L2FT01-FTJ004,28.43,0.000,0.666012,16605,0.435592,0.055345,0,0,1,0.6600,宝安区,23,23,0,0,0,0,1
2021-03-01,589179428,20190000000000000003,900200000000000040,1,134.897,310.667,41905.333,2021-03-01 02:45:00.000,L2FT01-FTJ004,28.43,0.000,0.666012,16605,0.435592,0.055345,0,0,1,0.6600,宝安区,23,23,0,0,0,0,1
2021-03-01,589179428,20190000000000000003,900200000000000040,1,134.912,311.707,42050.000,2021-03-01 03:00:00.000,L2FT01-FTJ004,29.05,0.000,0.666012,16605,0.435592,0.055345,0,0,1,0.6600,宝安区,23,23,0,0,0,0,1
2021-03-01,589179428,20190000000000000003,900200000000000042,1,129.864,309.238,40156.154,2021-03-01 03:00:00.000,L2FT01-FTJ004,29.05,0.000,0.666012,16605,0.435592,0.055345,0,0,1,0.6600,宝安区,23,23,0,0,0,0,1
2021-03-01,589179428,20190000000000000003,900200000000000040,1,134.919,313.433,42286.000,2021-03-01 03:15:00.000,L2FT01-FTJ004,29.05,0.000,0.666012,16605,0.435592,0.055345,0,0,1,0.6600,宝安区,23,23,0,0,0,0,1
2021-03-01,589179428,20190000000000000003,900200000000000042,1,129.824,311.187,40395.333,2021-03-01 03:15:00.000,L2FT01-FTJ004,29.05,0.000,0.666012,16605,0.435592,0.055345,0,0,1,0.6600,宝安区,23,23,0,0,0,0,1
2021-03-01,589179428,20190000000000000003,900200000000000042,1,129.848,312.780,40611.333,2021-03-01 03:30:00.000,L2FT01-FTJ004,29.05,0.000,0.666012,16605,0.435592,0.055345,0,0,1,0.6600,宝安区,23,23,0,0,0,0,1
2021-03-01,589179428,20190000000000000003,900200000000000032,1,129.883,309.738,40226.154,2021-03-01 03:30:00.000,L2FT01-FTJ004,29.05,0.000,0.666012,16605,0.435592,0.055345,0,0,1,0.6600,宝安区,23,23,0,0,0,0,1
2021-03-01,589179428,20190000000000000003,900200000000000040,1,134.905,314.413,42413.333,2021-03-01 03:30:00.000,L2FT01-FTJ004,29.05,0.000,0.666012,16605,0.435592,0.055345,0,0,1,0.6600,宝安区,23,23,0,0,0,0,1
2021-03-01,589179428,20190000000000000003,900200000000000032,1,129.905,310.853,40377.333,2021-03-01 03:45:00.000,L2FT01-FTJ004,29.05,0.000,0.666012,16605,0.435592,0.055345,0,0,1,0.6600,宝安区,23,23,0,0,0,0,1
2021-03-01,589179428,20190000000000000003,900200000000000040,1,89.963,297.467,28336.667,2021-03-01 03:45:00.000,L2FT01-FTJ004,29.05,0.000,0.666012,16605,0.435592,0.055345,0,0,1,0.6600,宝安区,23,23,0,0,0,0,1
2021-03-01,589179428,20190000000000000003,900200000000000042,1,129.890,314.120,40799.333,2021-03-01 03:45:00.000,L2FT01-FTJ004,29.05,0.000,0.666012,16605,0.435592,0.055345,0,0,1,0.6600,宝安区,23,23,0,0,0,0,1
2021-03-01,589179428,20190000000000000003,900200000000000042,1,129.927,315.320,40966.000,2021-03-01 04:00:00.000,L2FT01-FTJ004,29.53,0.000,0.666012,16605,0.435592,0.055345,0,0,1,0.6600,宝安区,23,23,0,0,0,0,1
2021-03-01,589179428,20190000000000000003,900200000000000032,1,129.993,311.960,40548.000,2021-03-01 04:00:00.000,L2FT01-FTJ004,29.53,0.000,0.666012,16605,0.435592,0.055345,0,0,1,0.6600,宝安区,23,23,0,0,0,0,1
2021-03-01,589179428,20190000000000000003,900200000000000042,1,94.553,321.573,30234.000,2021-03-01 04:15:00.000,L2FT01-FTJ004,29.53,0.000,0.666012,16605,0.435592,0.055345,0,0,1,0.6600,宝安区,23,23,0,0,0,0,1
2021-03-01,589179428,20190000000000000003,900200000000000032,1,130.000,313.800,40790.000,2021-03-01 04:15:00.000,L2FT01-FTJ004,29.53,0.000,0.666012,16605,0.435592,0.055345,0,0,1,0.6600,宝安区,23,23,0,0,0,0,1
2021-03-01,589179428,20190000000000000003,900200000000000032,1,130.048,314.793,40935.333,2021-03-01 04:30:00.000,L2FT01-FTJ004,29.53,0.000,0.666012,16605,0.435592,0.055345,0,0,1,0.6600,宝安区,23,23,0,0,0,0,1
2021-03-01,589179428,20190000000000000003,900200000000000042,1,29.790,335.900,10000.000,2021-03-01 04:30:00.000,L2FT01-FTJ004,29.53,0.000,0.666012,16605,0.435592,0.055345,0,0,1,0.6600,宝安区,23,23,0,0,0,0,1
2021-03-01,589179428,20190000000000000003,900200000000000032,1,130.077,316.057,41108.571,2021-03-01 04:45:00.000,L2FT01-FTJ004,29.53,0.000,0.666012,16605,0.435592,0.055345,0,0,1,0.6600,宝安区,23,23,0,0,0,0,1
2021-03-01,589179428,20190000000000000003,900200000000000053,1,63.996,307.744,19856.667,2021-03-01 05:15:00.000,L2FT01-FTJ004,29.83,0.000,0.666012,16605,0.435592,0.055345,0,0,1,0.6600,宝安区,23,23,0,0,0,0,1
2021-03-01,589179428,20190000000000000003,900200000000000048,1,60.196,380.387,23755.000,2021-03-01 06:45:00.000,L2FT01-FTJ004,29.93,0.000,0.666012,16605,0.435592,0.055345,0,0,1,0.6600,宝安区,23,23,0,0,0,0,1
2021-03-01,589179428,20190000000000000003,900200000000000048,1,51.906,397.657,20638.571,2021-03-01 07:00:00.000,L2FT01-FTJ004,29.83,0.000,0.666012,16605,0.435592,0.055345,0,0,1,0.6600,宝安区,23,23,0,0,0,0,1
2021-03-01,589179428,20190000000000000003,900200000000000031,1,178.111,361.280,64342.667,2021-03-01 07:15:00.000,L2FT01-FTJ004,29.83,0.000,0.666012,16605,0.435592,0.055345,0,0,1,0.6600,宝安区,23,23,0,0,0,0,1
2021-03-01,589179428,20190000000000000003,900200000000000031,1,177.890,373.333,66412.222,2021-03-01 07:30:00.000,L2FT01-FTJ004,29.83,0.000,0.666012,16605,0.435592,0.055345,0,0,1,0.6600,宝安区,23,23,0,0,0,0,1
2021-03-01,589179428,20190000000000000003,900200000000000038,1,77.163,360.567,28330.000,2021-03-01 11:30:00.000,L2FT01-FTJ004,27.70,0.000,0.666012,16605,0.435592,0.055345,0,0,1,0.6600,宝安区,23,23,0,0,0,0,1
2021-03-01,589179428,20190000000000000003,900200000000000038,1,96.938,380.360,36798.667,2021-03-01 11:45:00.000,L2FT01-FTJ004,27.70,0.000,0.666012,16605,0.435592,0.055345,0,0,1,0.6600,宝安区,23,23,0,0,0,0,1
2021-03-01,589179428,20190000000000000003,900200000000000038,1,45.745,391.287,17884.667,2021-03-01 12:00:00.000,L2FT01-FTJ004,26.93,0.000,0.666012,16605,0.435592,0.055345,0,0,1,0.6600,宝安区,23,23,0,0,0,0,1
2021-03-01,589179428,20190000000000000003,900200000000000038,1,41.500,397.225,16482.500,2021-03-01 12:15:00.000,L2FT01-FTJ004,26.93,0.000,0.666012,16605,0.435592,0.055345,0,0,1,0.6600,宝安区,23,23,0,0,0,0,1
2021-03-01,589179428,20190000000000000003,900200000000000030,1,47.845,334.600,17205.000,2021-03-01 13:00:00.000,L2FT01-FTJ004,26.15,0.000,0.666012,16605,0.435592,0.055345,0,0,1,0.6600,宝安区,23,23,0,0,0,0,1
2021-03-01,589179428,20190000000000000003,900200000000000053,1,60.428,345.664,21745.455,2021-03-01 13:00:00.000,L2FT01-FTJ004,26.15,0.000,0.666012,16605,0.435592,0.055345,0,0,1,0.6600,宝安区,23,23,0,0,0,0,1
2021-03-01,589179428,20190000000000000003,900200000000000053,1,72.072,368.807,26578.667,2021-03-01 13:15:00.000,L2FT01-FTJ004,26.15,0.000,0.666012,16605,0.435592,0.055345,0,0,1,0.6600,宝安区,23,23,0,0,0,0,1
2021-03-01,589179428,20190000000000000003,900200000000000030,1,77.665,367.360,28516.000,2021-03-01 13:15:00.000,L2FT01-FTJ004,26.15,0.000,0.666012,16605,0.435592,0.055345,0,0,1,0.6600,宝安区,23,23,0,0,0,0,1
2021-03-01,589179428,20190000000000000003,900200000000000030,1,71.418,387.233,27623.333,2021-03-01 13:30:00.000,L2FT01-FTJ004,26.15,0.000,0.666012,16605,0.435592,0.055345,0,0,1,0.6600,宝安区,23,23,0,0,0,0,1
2021-03-01,589179428,20190000000000000003,900200000000000053,1,72.090,381.987,27534.667,2021-03-01 13:30:00.000,L2FT01-FTJ004,26.15,0.000,0.666012,16605,0.435592,0.055345,0,0,1,0.6600,宝安区,23,23,0,0,0,0,1
2021-03-01,589179428,20190000000000000003,900200000000000030,1,32.767,398.873,13058.000,2021-03-01 13:45:00.000,L2FT01-FTJ004,26.15,0.000,0.666012,16605,0.435592,0.055345,0,0,1,0.6600,宝安区,23,23,0,0,0,0,1
2021-03-01,589179428,20190000000000000003,900200000000000053,1,61.211,394.227,24107.333,2021-03-01 13:45:00.000,L2FT01-FTJ004,26.15,0.000,0.666012,16605,0.435592,0.055345,0,0,1,0.6600,宝安区,23,23,0,0,0,0,1
2021-03-01,589179428,20190000000000000003,900200000000000030,1,24.238,404.080,9790.000,2021-03-01 14:00:00.000,L2FT01-FTJ004,25.43,0.000,0.666012,16605,0.435592,0.055345,0,0,1,0.6600,宝安区,23,23,0,0,0,0,1
2021-03-01,589179428,20190000000000000003,900200000000000053,1,28.545,400.593,11437.333,2021-03-01 14:00:00.000,L2FT01-FTJ004,25.43,0.000,0.666012,16605,0.435592,0.055345,0,0,1,0.6600,宝安区,23,23,0,0,0,0,1
2021-03-01,589179428,20190000000000000003,900200000000000053,1,12.958,383.100,5208.333,2021-03-01 14:15:00.000,L2FT01-FTJ004,25.43,0.000,0.666012,16605,0.435592,0.055345,0,0,1,0.6600,宝安区,23,23,0,0,0,0,1
2021-03-01,589179428,20190000000000000003,900200000000000038,1,112.075,385.654,43341.538,2021-03-01 15:15:00.000,L2FT01-FTJ004,24.81,0.000,0.666012,16605,0.435592,0.055345,0,0,1,0.6600,宝安区,23,23,0,0,0,0,1
2021-03-01,589179428,20190000000000000003,900200000000000038,1,104.825,384.688,40893.750,2021-03-01 15:30:00.000,L2FT01-FTJ004,24.81,0.000,0.666012,16605,0.435592,0.055345,0,0,1,0.6600,宝安区,23,23,0,0,0,0,1
2021-03-01,589179428,20190000000000000003,900200000000000037,1,129.795,310.800,40340.000,2021-03-01 15:45:00.000,L2FT01-FTJ004,24.81,0.000,0.666012,16605,0.435592,0.055345,0,0,1,0.6600,宝安区,23,23,0,0,0,0,1
2021-03-01,589179428,20190000000000000003,900200000000000037,1,129.890,311.293,40431.333,2021-03-01 16:00:00.000,L2FT01-FTJ004,24.33,0.000,0.666012,16605,0.435592,0.055345,0,0,1,0.6600,宝安区,23,23,0,0,0,0,1
2021-03-01,589179428,20190000000000000003,900200000000000037,1,129.890,313.427,40709.333,2021-03-01 16:15:00.000,L2FT01-FTJ004,24.33,0.000,0.666012,16605,0.435592,0.055345,0,0,1,0.6600,宝安区,23,23,0,0,0,0,1
2021-03-01,589179428,20190000000000000003,900200000000000037,1,129.890,314.973,40910.000,2021-03-01 16:30:00.000,L2FT01-FTJ004,24.33,0.000,0.666012,16605,0.435592,0.055345,0,0,1,0.6600,宝安区,23,23,0,0,0,0,1
2021-03-01,589179428,20190000000000000003,900200000000000043,1,129.836,313.720,40728.667,2021-03-01 16:30:00.000,L2FT01-FTJ004,24.33,0.000,0.666012,16605,0.435592,0.055345,0,0,1,0.6600,宝安区,23,23,0,0,0,0,1
2021-03-01,589179428,20190000000000000003,900200000000000031,1,129.842,310.611,40325.556,2021-03-01 16:30:00.000,L2FT01-FTJ004,24.33,0.000,0.666012,16605,0.435592,0.055345,0,0,1,0.6600,宝安区,23,23,0,0,0,0,1
2021-03-01,589179428,20190000000000000003,900200000000000043,1,103.103,319.267,32744.000,2021-03-01 16:45:00.000,L2FT01-FTJ004,24.33,0.000,0.666012,16605,0.435592,0.055345,0,0,1,0.6600,宝安区,23,23,0,0,0,0,1
2021-03-01,589179428,20190000000000000003,900200000000000056,1,150.042,314.125,47130.000,2021-03-01 16:45:00.000,L2FT01-FTJ004,24.33,0.000,0.666012,16605,0.435592,0.055345,0,0,1,0.6600,宝安区,23,23,0,0,0,0,1
2021-03-01,589179428,20190000000000000003,900200000000000031,1,129.806,312.720,40587.333,2021-03-01 16:45:00.000,L2FT01-FTJ004,24.33,0.000,0.666012,16605,0.435592,0.055345,0,0,1,0.6600,宝安区,23,23,0,0,0,0,1
2021-03-01,589179428,20190000000000000003,900200000000000037,1,107.837,319.747,34351.333,2021-03-01 16:45:00.000,L2FT01-FTJ004,24.33,0.000,0.666012,16605,0.435592,0.055345,0,0,1,0.6600,宝安区,23,23,0,0,0,0,1
2021-03-01,589179428,20190000000000000003,900200000000000031,1,129.800,314.227,40782.667,2021-03-01 17:00:00.000,L2FT01-FTJ004,24.03,0.000,0.666012,16605,0.435592,0.055345,0,0,1,0.6600,宝安区,23,23,0,0,0,0,1
2021-03-01,589179428,20190000000000000003,900200000000000037,1,29.790,325.800,9700.000,2021-03-01 17:00:00.000,L2FT01-FTJ004,24.03,0.000,0.666012,16605,0.435592,0.055345,0,0,1,0.6600,宝安区,23,23,0,0,0,0,1
2021-03-01,589179428,20190000000000000003,900200000000000043,1,29.790,330.200,9835.000,2021-03-01 17:00:00.000,L2FT01-FTJ004,24.03,0.000,0.666012,16605,0.435592,0.055345,0,0,1,0.6600,宝安区,23,23,0,0,0,0,1
2021-03-01,589179428,20190000000000000003,900200000000000056,1,150.039,315.680,47362.000,2021-03-01 17:00:00.000,L2FT01-FTJ004,24.03,0.000,0.666012,16605,0.435592,0.055345,0,0,1,0.6600,宝安区,23,23,0,0,0,0,1
2021-03-01,589179428,20190000000000000003,900200000000000056,1,67.230,323.100,21580.000,2021-03-01 17:15:00.000,L2FT01-FTJ004,24.03,0.000,0.666012,16605,0.435592,0.055345,0,0,1,0.6600,宝安区,23,23,0,0,0,0,1
2021-03-01,589179428,20190000000000000003,900200000000000057,1,117.888,312.464,36945.455,2021-03-01 17:15:00.000,L2FT01-FTJ004,24.03,0.000,0.666012,16605,0.435592,0.055345,0,0,1,0.6600,宝安区,23,23,0,0,0,0,1
2021-03-01,589179428,20190000000000000003,900200000000000031,1,129.800,316.653,41095.333,2021-03-01 17:15:00.000,L2FT01-FTJ004,24.03,0.000,0.666012,16605,0.435592,0.055345,0,0,1,0.6600,宝安区,23,23,0,0,0,0,1
2021-03-01,589179428,20190000000000000003,900200000000000031,1,39.715,325.300,12902.500,2021-03-01 17:30:00.000,L2FT01-FTJ004,24.03,0.000,0.666012,16605,0.435592,0.055345,0,0,1,0.6600,宝安区,23,23,0,0,0,0,1
2021-03-01,589179428,20190000000000000003,900200000000000057,1,129.806,314.933,40875.333,2021-03-01 17:30:00.000,L2FT01-FTJ004,24.03,0.000,0.666012,16605,0.435592,0.055345,0,0,1,0.6600,宝安区,23,23,0,0,0,0,1
2021-03-01,589179428,20190000000000000003,900200000000000057,1,99.789,321.400,31860.714,2021-03-01 17:45:00.000,L2FT01-FTJ004,24.03,0.000,0.666012,16605,0.435592,0.055345,0,0,1,0.6600,宝安区,23,23,0,0,0,0,1
2021-03-01,589179428,20190000000000000003,900200000000000042,1,183.732,315.000,58014.545,2021-03-01 18:00:00.000,L2FT01-FTJ004,23.93,0.000,0.666012,16605,0.435592,0.055345,0,0,1,0.6600,宝安区,23,23,0,0,0,0,1
2021-03-01,589179428,20190000000000000003,900200000000000038,1,121.189,312.020,37899.333,2021-03-01 18:15:00.000,L2FT01-FTJ004,23.93,0.000,0.666012,16605,0.435592,0.055345,0,0,1,0.6600,宝安区,23,23,0,0,0,0,1
2021-03-01,589179428,20190000000000000003,900200000000000053,0,0.000,283.000,0.000,2021-03-01 18:30:00.000,L2FT01-FTJ004,23.93,0.000,0.666012,16605,0.435592,0.055345,0,0,1,0.6600,宝安区,23,23,0,0,0,0,1
2021-03-01,589179428,20190000000000000003,900200000000000038,1,129.890,314.620,40864.000,2021-03-01 18:30:00.000,L2FT01-FTJ004,23.93,0.000,0.666012,16605,0.435592,0.055345,0,0,1,0.6600,宝安区,23,23,0,0,0,0,1
2021-03-01,589179428,20190000000000000003,900200000000000039,1,123.708,305.653,38651.333,2021-03-01 18:30:00.000,L2FT01-FTJ004,23.93,0.000,0.666012,16605,0.435592,0.055345,0,0,1,0.6600,宝安区,23,23,0,0,0,0,1
2021-03-01,589179428,20190000000000000003,900200000000000039,1,132.890,314.086,41737.143,2021-03-01 18:45:00.000,L2FT01-FTJ004,23.93,0.000,0.666012,16605,0.435592,0.055345,0,0,1,0.6600,宝安区,23,23,0,0,0,0,1
2021-03-01,589179428,20190000000000000003,900200000000000037,1,112.234,309.320,34800.000,2021-03-01 18:45:00.000,L2FT01-FTJ004,23.93,0.000,0.666012,16605,0.435592,0.055345,0,0,1,0.6600,宝安区,23,23,0,0,0,0,1
2021-03-01,589179428,20190000000000000003,900200000000000038,1,91.840,322.680,29390.000,2021-03-01 18:45:00.000,L2FT01-FTJ004,23.93,0.000,0.666012,16605,0.435592,0.055345,0,0,1,0.6600,宝安区,23,23,0,0,0,0,1
2021-03-01,589179428,20190000000000000003,900200000000000037,1,129.854,312.473,40572.667,2021-03-01 19:00:00.000,L2FT01-FTJ004,24.03,0.000,0.666012,16605,0.435592,0.055345,0,0,1,0.6600,宝安区,23,23,0,0,0,0,1
2021-03-01,589179428,20190000000000000003,900200000000000035,1,129.836,310.480,40307.000,2021-03-01 19:15:00.000,L2FT01-FTJ004,24.03,0.000,0.666012,16605,0.435592,0.055345,0,0,1,0.6600,宝安区,23,23,0,0,0,0,1
2021-03-01,589179428,20190000000000000003,900200000000000037,1,129.800,313.720,40716.000,2021-03-01 19:15:00.000,L2FT01-FTJ004,24.03,0.000,0.666012,16605,0.435592,0.055345,0,0,1,0.6600,宝安区,23,23,0,0,0,0,1
2021-03-01,589179428,20190000000000000003,900200000000000057,1,129.808,311.792,40467.500,2021-03-01 19:15:00.000,L2FT01-FTJ004,24.03,0.000,0.666012,16605,0.435592,0.055345,0,0,1,0.6600,宝安区,23,23,0,0,0,0,1
2021-03-01,589179428,20190000000000000003,900200000000000035,1,129.884,313.180,40674.000,2021-03-01 19:30:00.000,L2FT01-FTJ004,24.03,0.000,0.666012,16605,0.435592,0.055345,0,0,1,0.6600,宝安区,23,23,0,0,0,0,1
2021-03-01,589179428,20190000000000000003,900200000000000037,1,129.808,315.042,40889.167,2021-03-01 19:30:00.000,L2FT01-FTJ004,24.03,0.000,0.666012,16605,0.435592,0.055345,0,0,1,0.6600,宝安区,23,23,0,0,0,0,1
2021-03-01,589179428,20190000000000000003,900200000000000057,1,129.800,314.069,40762.308,2021-03-01 19:30:00.000,L2FT01-FTJ004,24.03,0.000,0.666012,16605,0.435592,0.055345,0,0,1,0.6600,宝安区,23,23,0,0,0,0,1
2021-03-01,589179428,20190000000000000003,900200000000000035,1,129.890,314.125,40800.000,2021-03-01 19:45:00.000,L2FT01-FTJ004,24.03,0.000,0.666012,16605,0.435592,0.055345,0,0,1,0.6600,宝安区,23,23,0,0,0,0,1
2021-03-01,589179428,20190000000000000003,900200000000000058,1,77.890,358.314,27906.429,2021-03-01 21:00:00.000,L2FT01-FTJ004,24.81,0.000,0.666012,16605,0.435592,0.055345,0,0,1,0.6600,宝安区,23,23,0,0,0,0,1
2021-03-01,589179428,20190000000000000003,900200000000000058,1,77.797,368.840,28693.333,2021-03-01 21:15:00.000,L2FT01-FTJ004,24.81,0.000,0.666012,16605,0.435592,0.055345,0,0,1,0.6600,宝安区,23,23,0,0,0,0,1
2021-03-01,589179428,20190000000000000003,900200000000000058,1,77.790,380.827,29623.333,2021-03-01 21:30:00.000,L2FT01-FTJ004,24.81,0.000,0.666012,16605,0.435592,0.055345,0,0,1,0.6600,宝安区,23,23,0,0,0,0,1
2021-03-01,589179428,20190000000000000003,900200000000000058,1,37.879,386.340,14640.667,2021-03-01 21:45:00.000,L2FT01-FTJ004,24.81,0.000,0.666012,16605,0.435592,0.055345,0,0,1,0.6600,宝安区,23,23,0,0,0,0,1
2021-03-01,589179428,20190000000000000003,900200000000000058,1,9.390,385.050,3615.000,2021-03-01 22:00:00.000,L2FT01-FTJ004,25.43,0.000,0.666012,16605,0.435592,0.055345,0,0,1,0.6600,宝安区,23,23,0,0,0,0,1
2021-03-01,589179428,20190000000000000003,900200000000000032,1,149.892,342.050,51270.000,2021-03-01 22:00:00.000,L2FT01-FTJ004,25.43,0.000,0.666012,16605,0.435592,0.055345,0,0,1,0.6600,宝安区,23,23,0,0,0,0,1
2021-03-01,589179428,20190000000000000003,900200000000000032,1,149.803,344.527,51612.000,2021-03-01 22:15:00.000,L2FT01-FTJ004,25.43,0.000,0.666012,16605,0.435592,0.055345,0,0,1,0.6600,宝安区,23,23,0,0,0,0,1
2021-03-01,589179428,20190000000000000003,900200000000000032,1,114.771,344.607,39546.667,2021-03-01 22:30:00.000,L2FT01-FTJ004,25.43,0.000,0.666012,16605,0.435592,0.055345,0,0,1,0.6600,宝安区,23,23,0,0,0,0,1
2021-03-01,589179428,20190000000000000003,900200000000000032,1,62.254,349.900,21742.308,2021-03-01 22:45:00.000,L2FT01-FTJ004,25.43,0.000,0.666012,16605,0.435592,0.055345,0,0,1,0.6600,宝安区,23,23,0,0,0,0,1
2021-03-01,589179428,20190000000000000003,900200000000000057,1,49.849,336.043,16748.571,2021-03-01 22:45:00.000,L2FT01-FTJ004,25.43,0.000,0.666012,16605,0.435592,0.055345,0,0,1,0.6600,宝安区,23,23,0,0,0,0,1
2021-03-01,589179428,20190000000000000003,900200000000000050,1,63.582,373.733,25107.778,2021-03-01 23:00:00.000,L2FT01-FTJ004,26.15,0.000,0.666012,16605,0.435592,0.055345,0,0,1,0.6600,宝安区,23,23,0,0,0,0,1
2021-03-01,589179428,20190000000000000003,900200000000000057,1,49.817,340.120,16943.333,2021-03-01 23:00:00.000,L2FT01-FTJ004,26.15,0.000,0.666012,16605,0.435592,0.055345,0,0,1,0.6600,宝安区,23,23,0,0,0,0,1
2021-03-01,589179428,20190000000000000003,900200000000000045,1,129.822,311.075,40383.750,2021-03-01 23:15:00.000,L2FT01-FTJ004,26.15,0.000,0.666012,16605,0.435592,0.055345,0,0,1,0.6600,宝安区,23,23,0,0,0,0,1
2021-03-01,589179428,20190000000000000003,900200000000000047,1,132.747,309.867,41131.667,2021-03-01 23:15:00.000,L2FT01-FTJ004,26.15,0.000,0.666012,16605,0.435592,0.055345,0,0,1,0.6600,宝安区,23,23,0,0,0,0,1
2021-03-01,589179428,20190000000000000003,900200000000000050,1,71.290,400.627,28559.333,2021-03-01 23:15:00.000,L2FT01-FTJ004,26.15,0.000,0.666012,16605,0.435592,0.055345,0,0,1,0.6600,宝安区,23,23,0,0,0,0,1
2021-03-01,589179428,20190000000000000003,900200000000000057,1,49.790,347.307,17292.000,2021-03-01 23:15:00.000,L2FT01-FTJ004,26.15,0.000,0.666012,16605,0.435592,0.055345,0,0,1,0.6600,宝安区,23,23,0,0,0,0,1
2021-03-01,589179428,20190000000000000003,900200000000000057,1,49.790,356.540,17749.333,2021-03-01 23:30:00.000,L2FT01-FTJ004,26.15,0.000,0.666012,16605,0.435592,0.055345,0,0,1,0.6600,宝安区,23,23,0,0,0,0,1
2021-03-01,589179428,20190000000000000003,900200000000000050,1,71.290,410.240,29244.000,2021-03-01 23:30:00.000,L2FT01-FTJ004,26.15,0.000,0.666012,16605,0.435592,0.055345,0,0,1,0.6600,宝安区,23,23,0,0,0,0,1
2021-03-01,589179428,20190000000000000003,900200000000000045,1,129.800,312.533,40561.333,2021-03-01 23:30:00.000,L2FT01-FTJ004,26.15,0.000,0.666012,16605,0.435592,0.055345,0,0,1,0.6600,宝安区,23,23,0,0,0,0,1
2021-03-01,589179428,20190000000000000003,900200000000000047,1,129.830,310.767,40343.333,2021-03-01 23:30:00.000,L2FT01-FTJ004,26.15,0.000,0.666012,16605,0.435592,0.055345,0,0,1,0.6600,宝安区,23,23,0,0,0,0,1
2021-03-01,589179428,20190000000000000003,900200000000000045,1,129.830,314.680,40850.667,2021-03-01 23:45:00.000,L2FT01-FTJ004,26.15,0.000,0.666012,16605,0.435592,0.055345,0,0,1,0.6600,宝安区,23,23,0,0,0,0,1
2021-03-01,589179428,20190000000000000003,900200000000000047,1,129.890,312.660,40610.000,2021-03-01 23:45:00.000,L2FT01-FTJ004,26.15,0.000,0.666012,16605,0.435592,0.055345,0,0,1,0.6600,宝安区,23,23,0,0,0,0,1
2021-03-01,589179428,20190000000000000003,900200000000000050,1,70.485,424.433,29912.000,2021-03-01 23:45:00.000,L2FT01-FTJ004,26.15,0.000,0.666012,16605,0.435592,0.055345,0,0,1,0.6600,宝安区,23,23,0,0,0,0,1
2021-03-01,589179428,20190000000000000003,900200000000000057,1,25.830,362.813,9370.000,2021-03-01 23:45:00.000,L2FT01-FTJ004,26.15,0.000,0.666012,16605,0.435592,0.055345,0,0,1,0.6600,宝安区,23,23,0,0,0,0,1
2021-03-02,589179428,20190000000000000003,900200000000000057,1,19.890,366.867,7294.667,2021-03-02 00:00:00.000,L2FT01-FTJ004,26.93,0.000,0.666012,16605,0.435592,0.055345,0,0,1,0.6600,宝安区,23,23,0,0,0,0,1
2021-03-02,589179428,20190000000000000003,900200000000000050,1,58.817,438.827,25776.667,2021-03-02 00:00:00.000,L2FT01-FTJ004,26.93,0.000,0.666012,16605,0.435592,0.055345,0,0,1,0.6600,宝安区,23,23,0,0,0,0,1
2021-03-02,589179428,20190000000000000003,900200000000000047,1,129.890,313.967,40778.667,2021-03-02 00:00:00.000,L2FT01-FTJ004,26.93,0.000,0.666012,16605,0.435592,0.055345,0,0,1,0.6600,宝安区,23,23,0,0,0,0,1
2021-03-02,589179428,20190000000000000003,900200000000000045,1,125.812,317.720,39954.000,2021-03-02 00:00:00.000,L2FT01-FTJ004,26.93,0.000,0.666012,16605,0.435592,0.055345,0,0,1,0.6600,宝安区,23,23,0,0,0,0,1
2021-03-02,589179428,20190000000000000003,900200000000000045,1,55.504,324.957,18030.000,2021-03-02 00:15:00.000,L2FT01-FTJ004,26.93,0.000,0.666012,16605,0.435592,0.055345,0,0,1,0.6600,宝安区,23,23,0,0,0,0,1
2021-03-02,589179428,20190000000000000003,900200000000000047,1,129.912,315.033,40924.667,2021-03-02 00:15:00.000,L2FT01-FTJ004,26.93,0.000,0.666012,16605,0.435592,0.055345,0,0,1,0.6600,宝安区,23,23,0,0,0,0,1
2021-03-02,589179428,20190000000000000003,900200000000000050,1,34.890,444.025,15492.500,2021-03-02 00:15:00.000,L2FT01-FTJ004,26.93,0.000,0.666012,16605,0.435592,0.055345,0,0,1,0.6600,宝安区,23,23,0,0,0,0,1
2021-03-02,589179428,20190000000000000003,900200000000000057,1,19.890,371.707,7392.667,2021-03-02 00:15:00.000,L2FT01-FTJ004,26.93,0.000,0.666012,16605,0.435592,0.055345,0,0,1,0.6600,宝安区,23,23,0,0,0,0,1
2021-03-02,589179428,20190000000000000003,900200000000000047,1,108.212,320.517,34486.667,2021-03-02 00:30:00.000,L2FT01-FTJ004,26.93,0.000,0.666012,16605,0.435592,0.055345,0,0,1,0.6600,宝安区,23,23,0,0,0,0,1
2021-03-02,589179428,20190000000000000003,900200000000000057,1,15.657,376.133,5886.667,2021-03-02 00:30:00.000,L2FT01-FTJ004,26.93,0.000,0.666012,16605,0.435592,0.055345,0,0,1,0.6600,宝安区,23,23,0,0,0,0,1
2021-03-02,589179428,20190000000000000003,900200000000000057,1,7.090,376.800,2670.000,2021-03-02 00:45:00.000,L2FT01-FTJ004,26.93,0.000,0.666012,16605,0.435592,0.055345,0,0,1,0.6600,宝安区,23,23,0,0,0,0,1
2021-03-02,589179428,20190000000000000003,900200000000000047,1,115.545,309.517,35836.667,2021-03-02 01:45:00.000,L2FT01-FTJ004,27.70,0.000,0.666012,16605,0.435592,0.055345,0,0,1,0.6600,宝安区,23,23,0,0,0,0,1
2021-03-02,589179428,20190000000000000003,900200000000000038,0,0.000,267.000,0.000,2021-03-02 02:00:00.000,L2FT01-FTJ004,28.43,0.000,0.666012,16605,0.435592,0.055345,0,0,1,0.6600,宝安区,23,23,0,0,0,0,1
2021-03-02,589179428,20190000000000000003,900200000000000047,1,129.848,312.407,40562.667,2021-03-02 02:00:00.000,L2FT01-FTJ004,28.43,0.000,0.666012,16605,0.435592,0.055345,0,0,1,0.6600,宝安区,23,23,0,0,0,0,1
2021-03-02,589179428,20190000000000000003,900200000000000047,1,129.878,314.133,40797.333,2021-03-02 02:15:00.000,L2FT01-FTJ004,28.43,0.000,0.666012,16605,0.435592,0.055345,0,0,1,0.6600,宝安区,23,23,0,0,0,0,1
2021-03-02,589179428,20190000000000000003,900200000000000047,1,129.890,315.340,40958.000,2021-03-02 02:30:00.000,L2FT01-FTJ004,28.43,0.000,0.666012,16605,0.435592,0.055345,0,0,1,0.6600,宝安区,23,23,0,0,0,0,1
2021-03-02,589179428,20190000000000000003,900200000000000047,1,106.226,321.255,33961.818,2021-03-02 02:45:00.000,L2FT01-FTJ004,28.43,0.000,0.666012,16605,0.435592,0.055345,0,0,1,0.6600,宝安区,23,23,0,0,0,0,1
2021-03-02,589179428,20190000000000000003,900200000000000058,1,129.812,309.567,40179.333,2021-03-02 03:15:00.000,L2FT01-FTJ004,29.05,0.000,0.666012,16605,0.435592,0.055345,0,0,1,0.6600,宝安区,23,23,0,0,0,0,1
2021-03-02,589179428,20190000000000000003,900200000000000058,1,129.830,311.280,40410.667,2021-03-02 03:30:00.000,L2FT01-FTJ004,29.05,0.000,0.666012,16605,0.435592,0.055345,0,0,1,0.6600,宝安区,23,23,0,0,0,0,1
2021-03-02,589179428,20190000000000000003,900200000000000058,1,129.878,312.460,40578.667,2021-03-02 03:45:00.000,L2FT01-FTJ004,29.05,0.000,0.666012,16605,0.435592,0.055345,0,0,1,0.6600,宝安区,23,23,0,0,0,0,1
2021-03-02,589179428,20190000000000000003,900200000000000058,1,129.800,314.300,40790.667,2021-03-02 04:00:00.000,L2FT01-FTJ004,29.53,0.000,0.666012,16605,0.435592,0.055345,0,0,1,0.6600,宝安区,23,23,0,0,0,0,1
2021-03-02,589179428,20190000000000000003,900200000000000058,1,129.800,315.300,40920.667,2021-03-02 04:15:00.000,L2FT01-FTJ004,29.53,0.000,0.666012,16605,0.435592,0.055345,0,0,1,0.6600,宝安区,23,23,0,0,0,0,1
2021-03-02,589179428,20190000000000000003,900200000000000058,1,107.151,320.267,34152.000,2021-03-02 04:30:00.000,L2FT01-FTJ004,29.53,0.000,0.666012,16605,0.435592,0.055345,0,0,1,0.6600,宝安区,23,23,0,0,0,0,1
2021-03-02,589179428,20190000000000000003,900200000000000047,1,119.248,416.500,49702.500,2021-03-02 10:15:00.000,L2FT01-FTJ004,28.43,0.000,0.666012,16605,0.435592,0.055345,0,0,1,0.6600,宝安区,23,23,0,0,0,0,1
2021-03-02,589179428,20190000000000000003,900200000000000047,1,124.218,427.513,53099.333,2021-03-02 10:30:00.000,L2FT01-FTJ004,28.43,0.000,0.666012,16605,0.435592,0.055345,0,0,1,0.6600,宝安区,23,23,0,0,0,0,1
2021-03-02,589179428,20190000000000000003,900200000000000047,1,118.033,449.593,53013.333,2021-03-02 10:45:00.000,L2FT01-FTJ004,28.43,0.000,0.666012,16605,0.435592,0.055345,0,0,1,0.6600,宝安区,23,23,0,0,0,0,1
2021-03-02,589179428,20190000000000000003,900200000000000047,1,48.711,461.967,22480.667,2021-03-02 11:00:00.000,L2FT01-FTJ004,27.70,0.000,0.666012,16605,0.435592,0.055345,0,0,1,0.6600,宝安区,23,23,0,0,0,0,1
2021-03-02,589179428,20190000000000000003,900200000000000047,1,20.777,464.250,9643.750,2021-03-02 11:15:00.000,L2FT01-FTJ004,27.70,0.000,0.666012,16605,0.435592,0.055345,0,0,1,0.6600,宝安区,23,23,0,0,0,0,1
2021-03-02,589179428,20190000000000000003,900200000000000048,1,117.392,372.425,43726.250,2021-03-02 11:45:00.000,L2FT01-FTJ004,27.70,0.000,0.666012,16605,0.435592,0.055345,0,0,1,0.6600,宝安区,23,23,0,0,0,0,1
2021-03-02,589179428,20190000000000000003,900200000000000038,1,129.830,310.567,40315.833,2021-03-02 12:00:00.000,L2FT01-FTJ004,26.93,0.000,0.666012,16605,0.435592,0.055345,0,0,1,0.6600,宝安区,23,23,0,0,0,0,1
2021-03-02,589179428,20190000000000000003,900200000000000048,1,109.494,389.347,42583.333,2021-03-02 12:00:00.000,L2FT01-FTJ004,26.93,0.000,0.666012,16605,0.435592,0.055345,0,0,1,0.6600,宝安区,23,23,0,0,0,0,1
2021-03-02,589179428,20190000000000000003,900200000000000038,1,129.800,312.513,40559.333,2021-03-02 12:15:00.000,L2FT01-FTJ004,26.93,0.000,0.666012,16605,0.435592,0.055345,0,0,1,0.6600,宝安区,23,23,0,0,0,0,1
2021-03-02,589179428,20190000000000000003,900200000000000044,1,124.650,416.336,51920.909,2021-03-02 12:15:00.000,L2FT01-FTJ004,26.93,0.000,0.666012,16605,0.435592,0.055345,0,0,1,0.6600,宝安区,23,23,0,0,0,0,1
2021-03-02,589179428,20190000000000000003,900200000000000048,1,40.065,396.887,15899.333,2021-03-02 12:15:00.000,L2FT01-FTJ004,26.93,0.000,0.666012,16605,0.435592,0.055345,0,0,1,0.6600,宝安区,23,23,0,0,0,0,1
2021-03-02,589179428,20190000000000000003,900200000000000053,1,62.795,399.137,26113.750,2021-03-02 12:15:00.000,L2FT01-FTJ004,26.93,0.000,0.666012,16605,0.435592,0.055345,0,0,1,0.6600,宝安区,23,23,0,0,0,0,1
2021-03-02,589179428,20190000000000000003,900200000000000053,1,70.940,427.993,30356.000,2021-03-02 12:30:00.000,L2FT01-FTJ004,26.93,0.000,0.666012,16605,0.435592,0.055345,0,0,1,0.6600,宝安区,23,23,0,0,0,0,1
2021-03-02,589179428,20190000000000000003,900200000000000050,1,64.913,358.370,23320.000,2021-03-02 12:30:00.000,L2FT01-FTJ004,26.93,0.000,0.666012,16605,0.435592,0.055345,0,0,1,0.6600,宝安区,23,23,0,0,0,0,1
2021-03-02,589179428,20190000000000000003,900200000000000048,1,37.492,404.417,15155.833,2021-03-02 12:30:00.000,L2FT01-FTJ004,26.93,0.000,0.666012,16605,0.435592,0.055345,0,0,1,0.6600,宝安区,23,23,0,0,0,0,1
2021-03-02,589179428,20190000000000000003,900200000000000044,1,126.963,426.760,54180.667,2021-03-02 12:30:00.000,L2FT01-FTJ004,26.93,0.000,0.666012,16605,0.435592,0.055345,0,0,1,0.6600,宝安区,23,23,0,0,0,0,1
2021-03-02,589179428,20190000000000000003,900200000000000038,1,119.838,317.273,38012.000,2021-03-02 12:30:00.000,L2FT01-FTJ004,26.93,0.000,0.666012,16605,0.435592,0.055345,0,0,1,0.6600,宝安区,23,23,0,0,0,0,1
2021-03-02,589179428,20190000000000000003,900200000000000038,1,63.173,317.067,20033.333,2021-03-02 12:45:00.000,L2FT01-FTJ004,26.93,0.000,0.666012,16605,0.435592,0.055345,0,0,1,0.6600,宝安区,23,23,0,0,0,0,1
2021-03-02,589179428,20190000000000000003,900200000000000044,1,126.685,448.660,56822.000,2021-03-02 12:45:00.000,L2FT01-FTJ004,26.93,0.000,0.666012,16605,0.435592,0.055345,0,0,1,0.6600,宝安区,23,23,0,0,0,0,1
2021-03-02,589179428,20190000000000000003,900200000000000050,1,71.290,371.920,26513.333,2021-03-02 12:45:00.000,L2FT01-FTJ004,26.93,0.000,0.666012,16605,0.435592,0.055345,0,0,1,0.6600,宝安区,23,23,0,0,0,0,1
2021-03-02,589179428,20190000000000000003,900200000000000053,1,57.892,440.400,25472.500,2021-03-02 12:45:00.000,L2FT01-FTJ004,26.93,0.000,0.666012,16605,0.435592,0.055345,0,0,1,0.6600,宝安区,23,23,0,0,0,0,1
2021-03-02,589179428,20190000000000000003,900200000000000044,1,59.604,463.813,27612.000,2021-03-02 13:00:00.000,L2FT01-FTJ004,26.15,0.000,0.666012,16605,0.435592,0.055345,0,0,1,0.6600,宝安区,23,23,0,0,0,0,1
2021-03-02,589179428,20190000000000000003,900200000000000050,1,59.393,389.973,23114.000,2021-03-02 13:00:00.000,L2FT01-FTJ004,26.15,0.000,0.666012,16605,0.435592,0.055345,0,0,1,0.6600,宝安区,23,23,0,0,0,0,1
2021-03-02,589179428,20190000000000000003,900200000000000053,1,72.000,304.400,21910.000,2021-03-02 13:15:00.000,L2FT01-FTJ004,26.15,0.000,0.666012,16605,0.435592,0.055345,0,0,1,0.6600,宝安区,23,23,0,0,0,0,1
2021-03-02,589179428,20190000000000000003,900200000000000044,1,21.670,466.300,10105.000,2021-03-02 13:15:00.000,L2FT01-FTJ004,26.15,0.000,0.666012,16605,0.435592,0.055345,0,0,1,0.6600,宝安区,23,23,0,0,0,0,1
2021-03-02,589179428,20190000000000000003,900200000000000050,1,29.375,399.513,11727.333,2021-03-02 13:15:00.000,L2FT01-FTJ004,26.15,0.000,0.666012,16605,0.435592,0.055345,0,0,1,0.6600,宝安区,23,23,0,0,0,0,1
2021-03-02,589179428,20190000000000000003,900200000000000050,1,18.690,402.900,7530.000,2021-03-02 13:30:00.000,L2FT01-FTJ004,26.15,0.000,0.666012,16605,0.435592,0.055345,0,0,1,0.6600,宝安区,23,23,0,0,0,0,1
2021-03-02,589179428,20190000000000000003,900200000000000049,1,108.182,308.767,33561.667,2021-03-02 14:00:00.000,L2FT01-FTJ004,25.43,0.000,0.666012,16605,0.435592,0.055345,0,0,1,0.6600,宝安区,23,23,0,0,0,0,1
2021-03-02,589179428,20190000000000000003,900200000000000049,1,129.800,310.760,40330.000,2021-03-02 14:15:00.000,L2FT01-FTJ004,25.43,0.000,0.666012,16605,0.435592,0.055345,0,0,1,0.6600,宝安区,23,23,0,0,0,0,1
2021-03-02,589179428,20190000000000000003,900200000000000049,1,129.872,311.780,40490.000,2021-03-02 14:30:00.000,L2FT01-FTJ004,25.43,0.000,0.666012,16605,0.435592,0.055345,0,0,1,0.6600,宝安区,23,23,0,0,0,0,1
2021-03-02,589179428,20190000000000000003,900200000000000034,1,92.999,405.092,37664.167,2021-03-02 14:30:00.000,L2FT01-FTJ004,25.43,0.000,0.666012,16605,0.435592,0.055345,0,0,1,0.6600,宝安区,23,23,0,0,0,0,1
2021-03-02,589179428,20190000000000000003,900200000000000049,1,129.890,314.713,40876.000,2021-03-02 14:45:00.000,L2FT01-FTJ004,25.43,0.000,0.666012,16605,0.435592,0.055345,0,0,1,0.6600,宝安区,23,23,0,0,0,0,1
2021-03-02,589179428,20190000000000000003,900200000000000034,1,70.878,416.353,29510.667,2021-03-02 14:45:00.000,L2FT01-FTJ004,25.43,0.000,0.666012,16605,0.435592,0.055345,0,0,1,0.6600,宝安区,23,23,0,0,0,0,1
2021-03-02,589179428,20190000000000000003,900200000000000034,1,70.790,424.000,30010.000,2021-03-02 15:00:00.000,L2FT01-FTJ004,24.81,0.000,0.666012,16605,0.435592,0.055345,0,0,1,0.6600,宝安区,23,23,0,0,0,0,1
2021-03-02,589179428,20190000000000000003,900200000000000049,1,87.801,322.790,28159.000,2021-03-02 15:00:00.000,L2FT01-FTJ004,24.81,0.000,0.666012,16605,0.435592,0.055345,0,0,1,0.6600,宝安区,23,23,0,0,0,0,1
2021-03-02,589179428,20190000000000000003,900200000000000031,1,86.533,303.000,26856.667,2021-03-02 16:15:00.000,L2FT01-FTJ004,24.33,0.000,0.666012,16605,0.435592,0.055345,0,0,1,0.6600,宝安区,23,23,0,0,0,0,1
2021-03-02,589179428,20190000000000000003,900200000000000057,1,201.553,316.514,63788.571,2021-03-02 16:15:00.000,L2FT01-FTJ004,24.33,0.000,0.666012,16605,0.435592,0.055345,0,0,1,0.6600,宝安区,23,23,0,0,0,0,1
2021-03-02,589179428,20190000000000000003,900200000000000031,1,126.079,311.527,39282.667,2021-03-02 16:30:00.000,L2FT01-FTJ004,24.33,0.000,0.666012,16605,0.435592,0.055345,0,0,1,0.6600,宝安区,23,23,0,0,0,0,1
2021-03-02,589179428,20190000000000000003,900200000000000057,1,151.370,321.723,48309.231,2021-03-02 16:30:00.000,L2FT01-FTJ004,24.33,0.000,0.666012,16605,0.435592,0.055345,0,0,1,0.6600,宝安区,23,23,0,0,0,0,1
2021-03-02,589179428,20190000000000000003,900200000000000031,1,129.864,313.771,40744.286,2021-03-02 16:45:00.000,L2FT01-FTJ004,24.33,0.000,0.666012,16605,0.435592,0.055345,0,0,1,0.6600,宝安区,23,23,0,0,0,0,1
2021-03-02,589179428,20190000000000000003,900200000000000049,1,129.871,313.900,40766.000,2021-03-02 16:45:00.000,L2FT01-FTJ004,24.33,0.000,0.666012,16605,0.435592,0.055345,0,0,1,0.6600,宝安区,23,23,0,0,0,0,1
2021-03-02,589179428,20190000000000000003,900200000000000043,1,50.090,338.600,16960.000,2021-03-02 17:00:00.000,L2FT01-FTJ004,24.03,0.000,0.666012,16605,0.435592,0.055345,0,0,1,0.6600,宝安区,23,23,0,0,0,0,1
2021-03-02,589179428,20190000000000000003,900200000000000049,1,129.897,314.867,40898.667,2021-03-02 17:00:00.000,L2FT01-FTJ004,24.03,0.000,0.666012,16605,0.435592,0.055345,0,0,1,0.6600,宝安区,23,23,0,0,0,0,1
2021-03-02,589179428,20190000000000000003,900200000000000043,1,73.190,346.280,25342.667,2021-03-02 17:15:00.000,L2FT01-FTJ004,24.03,0.000,0.666012,16605,0.435592,0.055345,0,0,1,0.6600,宝安区,23,23,0,0,0,0,1
2021-03-02,589179428,20190000000000000003,900200000000000049,1,97.419,322.975,31227.500,2021-03-02 17:15:00.000,L2FT01-FTJ004,24.03,0.000,0.666012,16605,0.435592,0.055345,0,0,1,0.6600,宝安区,23,23,0,0,0,0,1
2021-03-02,589179428,20190000000000000003,900200000000000036,1,133.367,319.456,41854.444,2021-03-02 17:30:00.000,L2FT01-FTJ004,24.03,0.000,0.666012,16605,0.435592,0.055345,0,0,1,0.6600,宝安区,23,23,0,0,0,0,1
2021-03-02,589179428,20190000000000000003,900200000000000043,1,72.379,357.687,25886.000,2021-03-02 17:30:00.000,L2FT01-FTJ004,24.03,0.000,0.666012,16605,0.435592,0.055345,0,0,1,0.6600,宝安区,23,23,0,0,0,0,1
2021-03-02,589179428,20190000000000000003,900200000000000036,1,150.000,314.350,47150.000,2021-03-02 17:45:00.000,L2FT01-FTJ004,24.03,0.000,0.666012,16605,0.435592,0.055345,0,0,1,0.6600,宝安区,23,23,0,0,0,0,1
2021-03-02,589179428,20190000000000000003,900200000000000043,1,65.078,368.993,24025.333,2021-03-02 17:45:00.000,L2FT01-FTJ004,24.03,0.000,0.666012,16605,0.435592,0.055345,0,0,1,0.6600,宝安区,23,23,0,0,0,0,1
2021-03-02,589179428,20190000000000000003,900200000000000043,1,42.106,376.280,15842.000,2021-03-02 18:00:00.000,L2FT01-FTJ004,23.93,0.000,0.666012,16605,0.435592,0.055345,0,0,1,0.6600,宝安区,23,23,0,0,0,0,1
2021-03-02,589179428,20190000000000000003,900200000000000057,1,140.858,366.883,51718.333,2021-03-02 19:15:00.000,L2FT01-FTJ004,24.03,0.000,0.666012,16605,0.435592,0.055345,0,0,1,0.6600,宝安区,23,23,0,0,0,0,1
2021-03-02,589179428,20190000000000000003,900200000000000057,1,86.871,366.007,31876.000,2021-03-02 19:30:00.000,L2FT01-FTJ004,24.03,0.000,0.666012,16605,0.435592,0.055345,0,0,1,0.6600,宝安区,23,23,0,0,0,0,1
2021-03-02,589179428,20190000000000000003,900200000000000057,1,47.590,362.627,17256.667,2021-03-02 19:45:00.000,L2FT01-FTJ004,24.03,0.000,0.666012,16605,0.435592,0.055345,0,0,1,0.6600,宝安区,23,23,0,0,0,0,1
2021-03-02,589179428,20190000000000000003,900200000000000057,1,38.711,363.307,14092.667,2021-03-02 20:00:00.000,L2FT01-FTJ004,24.33,0.000,0.666012,16605,0.435592,0.055345,0,0,1,0.6600,宝安区,23,23,0,0,0,0,1
2021-03-02,589179428,20190000000000000003,900200000000000030,1,41.380,322.422,13418.889,2021-03-02 21:30:00.000,L2FT01-FTJ004,24.81,0.000,0.666012,16605,0.435592,0.055345,0,0,1,0.6600,宝安区,23,23,0,0,0,0,1
2021-03-02,589179428,20190000000000000003,900200000000000042,1,129.959,310.050,40287.000,2021-03-02 21:30:00.000,L2FT01-FTJ004,24.81,0.000,0.666012,16605,0.435592,0.055345,0,0,1,0.6600,宝安区,23,23,0,0,0,0,1
2021-03-02,589179428,20190000000000000003,900200000000000030,1,71.449,332.080,23722.667,2021-03-02 21:45:00.000,L2FT01-FTJ004,24.81,0.000,0.666012,16605,0.435592,0.055345,0,0,1,0.6600,宝安区,23,23,0,0,0,0,1
2021-03-02,589179428,20190000000000000003,900200000000000042,1,129.800,310.350,40275.000,2021-03-02 21:45:00.000,L2FT01-FTJ004,24.81,0.000,0.666012,16605,0.435592,0.055345,0,0,1,0.6600,宝安区,23,23,0,0,0,0,1
2021-03-02,589179428,20190000000000000003,900200000000000030,1,71.449,337.633,24118.667,2021-03-02 22:00:00.000,L2FT01-FTJ004,25.43,0.000,0.666012,16605,0.435592,0.055345,0,0,1,0.6600,宝安区,23,23,0,0,0,0,1
2021-03-02,589179428,20190000000000000003,900200000000000030,1,71.390,342.587,24456.000,2021-03-02 22:15:00.000,L2FT01-FTJ004,25.43,0.000,0.666012,16605,0.435592,0.055345,0,0,1,0.6600,宝安区,23,23,0,0,0,0,1
2021-03-02,589179428,20190000000000000003,900200000000000030,1,71.405,349.960,24987.333,2021-03-02 22:30:00.000,L2FT01-FTJ004,25.43,0.000,0.666012,16605,0.435592,0.055345,0,0,1,0.6600,宝安区,23,23,0,0,0,0,1
2021-03-02,589179428,20190000000000000003,900200000000000044,1,37.540,361.150,13620.000,2021-03-02 22:30:00.000,L2FT01-FTJ004,25.43,0.000,0.666012,16605,0.435592,0.055345,0,0,1,0.6600,宝安区,23,23,0,0,0,0,1
2021-03-02,589179428,20190000000000000003,900200000000000030,1,71.390,358.613,25599.333,2021-03-02 22:45:00.000,L2FT01-FTJ004,25.43,0.000,0.666012,16605,0.435592,0.055345,0,0,1,0.6600,宝安区,23,23,0,0,0,0,1
2021-03-02,589179428,20190000000000000003,900200000000000044,1,54.790,373.247,20450.667,2021-03-02 22:45:00.000,L2FT01-FTJ004,25.43,0.000,0.666012,16605,0.435592,0.055345,0,0,1,0.6600,宝安区,23,23,0,0,0,0,1
2021-03-02,589179428,20190000000000000003,900200000000000030,1,71.390,366.693,26177.333,2021-03-02 23:00:00.000,L2FT01-FTJ004,26.15,0.000,0.666012,16605,0.435592,0.055345,0,0,1,0.6600,宝安区,23,23,0,0,0,0,1
2021-03-02,589179428,20190000000000000003,900200000000000044,1,54.790,388.053,21261.333,2021-03-02 23:00:00.000,L2FT01-FTJ004,26.15,0.000,0.666012,16605,0.435592,0.055345,0,0,1,0.6600,宝安区,23,23,0,0,0,0,1
2021-03-02,589179428,20190000000000000003,900200000000000044,1,28.730,395.247,11357.333,2021-03-02 23:15:00.000,L2FT01-FTJ004,26.15,0.000,0.666012,16605,0.435592,0.055345,0,0,1,0.6600,宝安区,23,23,0,0,0,0,1
2021-03-02,589179428,20190000000000000003,900200000000000030,1,71.390,371.300,26510.000,2021-03-02 23:15:00.000,L2FT01-FTJ004,26.15,0.000,0.666012,16605,0.435592,0.055345,0,0,1,0.6600,宝安区,23,23,0,0,0,0,1
2021-03-02,589179428,20190000000000000003,900200000000000044,1,9.397,395.707,3718.000,2021-03-02 23:30:00.000,L2FT01-FTJ004,26.15,0.000,0.666012,16605,0.435592,0.055345,0,0,1,0.6600,宝安区,23,23,0,0,0,0,1
2021-03-02,589179428,20190000000000000003,900200000000000039,1,133.674,310.431,41490.769,2021-03-02 23:45:00.000,L2FT01-FTJ004,26.15,0.000,0.666012,16605,0.435592,0.055345,0,0,1,0.6600,宝安区,23,23,0,0,0,0,1
2021-03-02,589179428,20190000000000000003,900200000000000044,1,6.890,396.250,2730.000,2021-03-02 23:45:00.000,L2FT01-FTJ004,26.15,0.000,0.666012,16605,0.435592,0.055345,0,0,1,0.6600,宝安区,23,23,0,0,0,0,1
2021-03-03,589179428,20190000000000000003,900200000000000039,1,134.818,311.360,41972.667,2021-03-03 00:00:00.000,L2FT01-FTJ004,26.93,0.000,0.666012,16605,0.435592,0.055345,0,0,1,0.6600,宝安区,23,23,0,0,0,0,1
2021-03-03,589179428,20190000000000000003,900200000000000030,1,129.815,303.733,39423.333,2021-03-03 00:15:00.000,L2FT01-FTJ004,26.93,0.000,0.666012,16605,0.435592,0.055345,0,0,1,0.6600,宝安区,23,23,0,0,0,0,1
2021-03-03,589179428,20190000000000000003,900200000000000039,1,134.890,313.280,42257.333,2021-03-03 00:15:00.000,L2FT01-FTJ004,26.93,0.000,0.666012,16605,0.435592,0.055345,0,0,1,0.6600,宝安区,23,23,0,0,0,0,1
2021-03-03,589179428,20190000000000000003,900200000000000030,1,129.800,308.627,40054.667,2021-03-03 00:30:00.000,L2FT01-FTJ004,26.93,0.000,0.666012,16605,0.435592,0.055345,0,0,1,0.6600,宝安区,23,23,0,0,0,0,1
2021-03-03,589179428,20190000000000000003,900200000000000039,1,134.949,314.267,42407.333,2021-03-03 00:30:00.000,L2FT01-FTJ004,26.93,0.000,0.666012,16605,0.435592,0.055345,0,0,1,0.6600,宝安区,23,23,0,0,0,0,1
2021-03-03,589179428,20190000000000000003,900200000000000030,1,129.878,310.960,40384.000,2021-03-03 00:45:00.000,L2FT01-FTJ004,26.93,0.000,0.666012,16605,0.435592,0.055345,0,0,1,0.6600,宝安区,23,23,0,0,0,0,1
2021-03-03,589179428,20190000000000000003,900200000000000038,1,129.845,308.925,40107.500,2021-03-03 00:45:00.000,L2FT01-FTJ004,26.93,0.000,0.666012,16605,0.435592,0.055345,0,0,1,0.6600,宝安区,23,23,0,0,0,0,1
2021-03-03,589179428,20190000000000000003,900200000000000039,1,135.000,315.687,42612.000,2021-03-03 00:45:00.000,L2FT01-FTJ004,26.93,0.000,0.666012,16605,0.435592,0.055345,0,0,1,0.6600,宝安区,23,23,0,0,0,0,1
2021-03-03,589179428,20190000000000000003,900200000000000030,1,129.897,311.847,40505.333,2021-03-03 01:00:00.000,L2FT01-FTJ004,27.70,0.000,0.666012,16605,0.435592,0.055345,0,0,1,0.6600,宝安区,23,23,0,0,0,0,1
2021-03-03,589179428,20190000000000000003,900200000000000038,1,129.800,310.400,40285.000,2021-03-03 01:00:00.000,L2FT01-FTJ004,27.70,0.000,0.666012,16605,0.435592,0.055345,0,0,1,0.6600,宝安区,23,23,0,0,0,0,1
2021-03-03,589179428,20190000000000000003,900200000000000039,1,92.650,323.300,29702.222,2021-03-03 01:00:00.000,L2FT01-FTJ004,27.70,0.000,0.666012,16605,0.435592,0.055345,0,0,1,0.6600,宝安区,23,23,0,0,0,0,1
2021-03-03,589179428,20190000000000000003,900200000000000030,1,129.878,313.680,40738.000,2021-03-03 01:15:00.000,L2FT01-FTJ004,27.70,0.000,0.666012,16605,0.435592,0.055345,0,0,1,0.6600,宝安区,23,23,0,0,0,0,1
2021-03-03,589179428,20190000000000000003,900200000000000030,1,129.866,314.867,40888.000,2021-03-03 01:30:00.000,L2FT01-FTJ004,27.70,0.000,0.666012,16605,0.435592,0.055345,0,0,1,0.6600,宝安区,23,23,0,0,0,0,1
2021-03-03,589179428,20190000000000000003,900200000000000030,1,127.884,318.360,40700.000,2021-03-03 01:45:00.000,L2FT01-FTJ004,27.70,0.000,0.666012,16605,0.435592,0.055345,0,0,1,0.6600,宝安区,23,23,0,0,0,0,1
2021-03-03,589179428,20190000000000000003,900200000000000030,1,52.647,323.557,17071.429,2021-03-03 02:00:00.000,L2FT01-FTJ004,28.43,0.000,0.666012,16605,0.435592,0.055345,0,0,1,0.6600,宝安区,23,23,0,0,0,0,1
2021-03-03,589179428,20190000000000000003,900200000000000057,1,129.800,310.625,40314.167,2021-03-03 03:15:00.000,L2FT01-FTJ004,29.05,0.000,0.666012,16605,0.435592,0.055345,0,0,1,0.6600,宝安区,23,23,0,0,0,0,1
2021-03-03,589179428,20190000000000000003,900200000000000057,1,129.835,311.433,40430.667,2021-03-03 03:30:00.000,L2FT01-FTJ004,29.05,0.000,0.666012,16605,0.435592,0.055345,0,0,1,0.6600,宝安区,23,23,0,0,0,0,1
2021-03-03,589179428,20190000000000000003,900200000000000057,1,129.812,312.847,40607.333,2021-03-03 03:45:00.000,L2FT01-FTJ004,29.05,0.000,0.666012,16605,0.435592,0.055345,0,0,1,0.6600,宝安区,23,23,0,0,0,0,1
2021-03-03,589179428,20190000000000000003,900200000000000057,1,129.812,314.460,40816.667,2021-03-03 04:00:00.000,L2FT01-FTJ004,29.53,0.000,0.666012,16605,0.435592,0.055345,0,0,1,0.6600,宝安区,23,23,0,0,0,0,1
2021-03-03,589179428,20190000000000000003,900200000000000057,1,129.812,315.820,40993.333,2021-03-03 04:15:00.000,L2FT01-FTJ004,29.53,0.000,0.666012,16605,0.435592,0.055345,0,0,1,0.6600,宝安区,23,23,0,0,0,0,1
2021-03-03,589179428,20190000000000000003,900200000000000057,1,86.216,322.967,27661.111,2021-03-03 04:30:00.000,L2FT01-FTJ004,29.53,0.000,0.666012,16605,0.435592,0.055345,0,0,1,0.6600,宝安区,23,23,0,0,0,0,1
2021-03-03,589179428,20190000000000000003,900200000000000044,1,119.966,303.185,36769.231,2021-03-03 04:45:00.000,L2FT01-FTJ004,29.53,0.000,0.666012,16605,0.435592,0.055345,0,0,1,0.6600,宝安区,23,23,0,0,0,0,1
2021-03-03,589179428,20190000000000000003,900200000000000040,1,116.820,315.750,36372.000,2021-03-03 05:00:00.000,L2FT01-FTJ004,29.83,0.000,0.666012,16605,0.435592,0.055345,0,0,1,0.6600,宝安区,23,23,0,0,0,0,1
2021-03-03,589179428,20190000000000000003,900200000000000044,1,130.030,310.713,40398.667,2021-03-03 05:00:00.000,L2FT01-FTJ004,29.83,0.000,0.666012,16605,0.435592,0.055345,0,0,1,0.6600,宝安区,23,23,0,0,0,0,1
2021-03-03,589179428,20190000000000000003,900200000000000040,1,129.831,313.620,40714.000,2021-03-03 05:15:00.000,L2FT01-FTJ004,29.83,0.000,0.666012,16605,0.435592,0.055345,0,0,1,0.6600,宝安区,23,23,0,0,0,0,1
2021-03-03,589179428,20190000000000000003,900200000000000044,1,130.084,311.593,40531.333,2021-03-03 05:15:00.000,L2FT01-FTJ004,29.83,0.000,0.666012,16605,0.435592,0.055345,0,0,1,0.6600,宝安区,23,23,0,0,0,0,1
2021-03-03,589179428,20190000000000000003,900200000000000040,1,132.691,314.460,41726.000,2021-03-03 05:30:00.000,L2FT01-FTJ004,29.83,0.000,0.666012,16605,0.435592,0.055345,0,0,1,0.6600,宝安区,23,23,0,0,0,0,1
2021-03-03,589179428,20190000000000000003,900200000000000044,1,130.084,312.860,40696.000,2021-03-03 05:30:00.000,L2FT01-FTJ004,29.83,0.000,0.666012,16605,0.435592,0.055345,0,0,1,0.6600,宝安区,23,23,0,0,0,0,1
2021-03-03,589179428,20190000000000000003,900200000000000040,1,132.890,316.900,42110.667,2021-03-03 05:45:00.000,L2FT01-FTJ004,29.83,0.000,0.666012,16605,0.435592,0.055345,0,0,1,0.6600,宝安区,23,23,0,0,0,0,1
2021-03-03,589179428,20190000000000000003,900200000000000044,1,130.042,314.473,40890.667,2021-03-03 05:45:00.000,L2FT01-FTJ004,29.83,0.000,0.666012,16605,0.435592,0.055345,0,0,1,0.6600,宝安区,23,23,0,0,0,0,1
2021-03-03,589179428,20190000000000000003,900200000000000044,1,130.042,315.533,41030.000,2021-03-03 06:00:00.000,L2FT01-FTJ004,29.93,0.000,0.666012,16605,0.435592,0.055345,0,0,1,0.6600,宝安区,23,23,0,0,0,0,1
2021-03-03,589179428,20190000000000000003,900200000000000040,1,116.345,322.450,37500.000,2021-03-03 06:00:00.000,L2FT01-FTJ004,29.93,0.000,0.666012,16605,0.435592,0.055345,0,0,1,0.6600,宝安区,23,23,0,0,0,0,1
2021-03-03,589179428,20190000000000000003,900200000000000044,1,102.111,321.243,32615.714,2021-03-03 06:15:00.000,L2FT01-FTJ004,29.93,0.000,0.666012,16605,0.435592,0.055345,0,0,1,0.6600,宝安区,23,23,0,0,0,0,1
2021-03-03,589179428,20190000000000000003,900200000000000056,1,99.830,400.500,39976.667,2021-03-03 07:30:00.000,L2FT01-FTJ004,29.83,0.000,0.666012,16605,0.435592,0.055345,0,0,1,0.6600,宝安区,23,23,0,0,0,0,1
2021-03-03,589179428,20190000000000000003,900200000000000056,1,99.950,417.053,41682.667,2021-03-03 07:45:00.000,L2FT01-FTJ004,29.83,0.000,0.666012,16605,0.435592,0.055345,0,0,1,0.6600,宝安区,23,23,0,0,0,0,1
2021-03-03,589179428,20190000000000000003,900200000000000056,1,71.459,438.547,31273.333,2021-03-03 08:00:00.000,L2FT01-FTJ004,29.53,0.000,0.666012,16605,0.435592,0.055345,0,0,1,0.6600,宝安区,23,23,0,0,0,0,1
2021-03-03,589179428,20190000000000000003,900200000000000056,1,32.645,446.720,14571.333,2021-03-03 08:15:00.000,L2FT01-FTJ004,29.53,0.000,0.666012,16605,0.435592,0.055345,0,0,1,0.6600,宝安区,23,23,0,0,0,0,1
2021-03-03,589179428,20190000000000000003,900200000000000056,1,19.790,449.433,8893.333,2021-03-03 08:30:00.000,L2FT01-FTJ004,29.53,0.000,0.666012,16605,0.435592,0.055345,0,0,1,0.6600,宝安区,23,23,0,0,0,0,1
2021-03-03,589179428,20190000000000000003,900200000000000049,1,149.868,314.325,47105.000,2021-03-03 09:45:00.000,L2FT01-FTJ004,29.05,0.000,0.666012,16605,0.435592,0.055345,0,0,1,0.6600,宝安区,23,23,0,0,0,0,1
2021-03-03,589179428,20190000000000000003,900200000000000049,1,149.830,314.680,47147.333,2021-03-03 10:00:00.000,L2FT01-FTJ004,28.43,0.000,0.666012,16605,0.435592,0.055345,0,0,1,0.6600,宝安区,23,23,0,0,0,0,1
2021-03-03,589179428,20190000000000000003,900200000000000049,1,111.328,321.336,35510.714,2021-03-03 10:15:00.000,L2FT01-FTJ004,28.43,0.000,0.666012,16605,0.435592,0.055345,0,0,1,0.6600,宝安区,23,23,0,0,0,0,1
2021-03-03,589179428,20190000000000000003,900200000000000053,1,60.015,386.250,23438.333,2021-03-03 10:15:00.000,L2FT01-FTJ004,28.43,0.000,0.666012,16605,0.435592,0.055345,0,0,1,0.6600,宝安区,23,23,0,0,0,0,1
2021-03-03,589179428,20190000000000000003,900200000000000053,1,68.799,397.927,27369.091,2021-03-03 10:30:00.000,L2FT01-FTJ004,28.43,0.000,0.666012,16605,0.435592,0.055345,0,0,1,0.6600,宝安区,23,23,0,0,0,0,1
2021-03-03,589179428,20190000000000000003,900200000000000045,1,17.500,333.900,5840.000,2021-03-03 10:45:00.000,L2FT01-FTJ004,28.43,0.000,0.666012,16605,0.435592,0.055345,0,0,1,0.6600,宝安区,23,23,0,0,0,0,1
2021-03-03,589179428,20190000000000000003,900200000000000045,1,57.170,339.273,19464.667,2021-03-03 11:00:00.000,L2FT01-FTJ004,27.70,0.000,0.666012,16605,0.435592,0.055345,0,0,1,0.6600,宝安区,23,23,0,0,0,0,1
2021-03-03,589179428,20190000000000000003,900200000000000045,1,71.590,347.733,24892.667,2021-03-03 11:15:00.000,L2FT01-FTJ004,27.70,0.000,0.666012,16605,0.435592,0.055345,0,0,1,0.6600,宝安区,23,23,0,0,0,0,1
2021-03-03,589179428,20190000000000000003,900200000000000045,1,71.603,357.200,25575.333,2021-03-03 11:30:00.000,L2FT01-FTJ004,27.70,0.000,0.666012,16605,0.435592,0.055345,0,0,1,0.6600,宝安区,23,23,0,0,0,0,1
2021-03-03,589179428,20190000000000000003,900200000000000045,1,71.590,365.560,26169.333,2021-03-03 11:45:00.000,L2FT01-FTJ004,27.70,0.000,0.666012,16605,0.435592,0.055345,0,0,1,0.6600,宝安区,23,23,0,0,0,0,1
2021-03-03,589179428,20190000000000000003,900200000000000048,1,130.445,308.500,40235.000,2021-03-03 12:00:00.000,L2FT01-FTJ004,26.93,0.000,0.666012,16605,0.435592,0.055345,0,0,1,0.6600,宝安区,23,23,0,0,0,0,1
2021-03-03,589179428,20190000000000000003,900200000000000045,1,68.263,374.087,25526.667,2021-03-03 12:00:00.000,L2FT01-FTJ004,26.93,0.000,0.666012,16605,0.435592,0.055345,0,0,1,0.6600,宝安区,23,23,0,0,0,0,1
2021-03-03,589179428,20190000000000000003,900200000000000045,1,40.433,378.671,15307.143,2021-03-03 12:15:00.000,L2FT01-FTJ004,26.93,0.000,0.666012,16605,0.435592,0.055345,0,0,1,0.6600,宝安区,23,23,0,0,0,0,1
2021-03-03,589179428,20190000000000000003,900200000000000048,1,129.830,310.720,40336.667,2021-03-03 12:15:00.000,L2FT01-FTJ004,26.93,0.000,0.666012,16605,0.435592,0.055345,0,0,1,0.6600,宝安区,23,23,0,0,0,0,1
2021-03-03,589179428,20190000000000000003,900200000000000048,1,129.905,313.207,40684.000,2021-03-03 12:30:00.000,L2FT01-FTJ004,26.93,0.000,0.666012,16605,0.435592,0.055345,0,0,1,0.6600,宝安区,23,23,0,0,0,0,1
2021-03-03,589179428,20190000000000000003,900200000000000053,1,72.140,354.600,25580.000,2021-03-03 12:30:00.000,L2FT01-FTJ004,26.93,0.000,0.666012,16605,0.435592,0.055345,0,0,1,0.6600,宝安区,23,23,0,0,0,0,1
2021-03-03,589179428,20190000000000000003,900200000000000053,1,71.978,359.480,25870.667,2021-03-03 12:45:00.000,L2FT01-FTJ004,26.93,0.000,0.666012,16605,0.435592,0.055345,0,0,1,0.6600,宝安区,23,23,0,0,0,0,1
2021-03-03,589179428,20190000000000000003,900200000000000036,1,63.807,355.650,22691.667,2021-03-03 13:00:00.000,L2FT01-FTJ004,26.15,0.000,0.666012,16605,0.435592,0.055345,0,0,1,0.6600,宝安区,23,23,0,0,0,0,1
2021-03-03,589179428,20190000000000000003,900200000000000053,1,71.912,371.520,26714.000,2021-03-03 13:00:00.000,L2FT01-FTJ004,26.15,0.000,0.666012,16605,0.435592,0.055345,0,0,1,0.6600,宝安区,23,23,0,0,0,0,1
2021-03-03,589179428,20190000000000000003,900200000000000036,1,40.390,361.207,14582.000,2021-03-03 13:15:00.000,L2FT01-FTJ004,26.15,0.000,0.666012,16605,0.435592,0.055345,0,0,1,0.6600,宝安区,23,23,0,0,0,0,1
2021-03-03,589179428,20190000000000000003,900200000000000053,1,71.890,389.327,27989.333,2021-03-03 13:15:00.000,L2FT01-FTJ004,26.15,0.000,0.666012,16605,0.435592,0.055345,0,0,1,0.6600,宝安区,23,23,0,0,0,0,1
2021-03-03,589179428,20190000000000000003,900200000000000036,1,17.490,363.462,6362.500,2021-03-03 13:30:00.000,L2FT01-FTJ004,26.15,0.000,0.666012,16605,0.435592,0.055345,0,0,1,0.6600,宝安区,23,23,0,0,0,0,1
2021-03-03,589179428,20190000000000000003,900200000000000053,1,15.570,394.847,6148.000,2021-03-03 13:30:00.000,L2FT01-FTJ004,26.15,0.000,0.666012,16605,0.435592,0.055345,0,0,1,0.6600,宝安区,23,23,0,0,0,0,1
2021-03-03,589179428,20190000000000000003,900200000000000053,1,15.390,398.627,6134.000,2021-03-03 13:45:00.000,L2FT01-FTJ004,26.15,0.000,0.666012,16605,0.435592,0.055345,0,0,1,0.6600,宝安区,23,23,0,0,0,0,1
2021-03-03,589179428,20190000000000000003,900200000000000053,1,15.381,402.010,6182.000,2021-03-03 14:00:00.000,L2FT01-FTJ004,25.43,0.000,0.666012,16605,0.435592,0.055345,0,0,1,0.6600,宝安区,23,23,0,0,0,0,1
2021-03-03,589179428,20190000000000000003,900200000000000052,1,71.510,354.250,25330.000,2021-03-03 16:15:00.000,L2FT01-FTJ004,24.33,0.000,0.666012,16605,0.435592,0.055345,0,0,1,0.6600,宝安区,23,23,0,0,0,0,1
2021-03-03,589179428,20190000000000000003,900200000000000037,1,129.955,311.333,40455.000,2021-03-03 16:15:00.000,L2FT01-FTJ004,24.33,0.000,0.666012,16605,0.435592,0.055345,0,0,1,0.6600,宝安区,23,23,0,0,0,0,1
2021-03-03,589179428,20190000000000000003,900200000000000052,1,71.390,357.867,25544.667,2021-03-03 16:30:00.000,L2FT01-FTJ004,24.33,0.000,0.666012,16605,0.435592,0.055345,0,0,1,0.6600,宝安区,23,23,0,0,0,0,1
2021-03-03,589179428,20190000000000000003,900200000000000037,1,129.985,315.333,40986.000,2021-03-03 16:30:00.000,L2FT01-FTJ004,24.33,0.000,0.666012,16605,0.435592,0.055345,0,0,1,0.6600,宝安区,23,23,0,0,0,0,1
2021-03-03,589179428,20190000000000000003,900200000000000037,1,122.450,322.675,39507.500,2021-03-03 16:45:00.000,L2FT01-FTJ004,24.33,0.000,0.666012,16605,0.435592,0.055345,0,0,1,0.6600,宝安区,23,23,0,0,0,0,1
2021-03-03,589179428,20190000000000000003,900200000000000052,1,71.377,365.987,26120.667,2021-03-03 16:45:00.000,L2FT01-FTJ004,24.33,0.000,0.666012,16605,0.435592,0.055345,0,0,1,0.6600,宝安区,23,23,0,0,0,0,1
2021-03-03,589179428,20190000000000000003,900200000000000052,1,71.390,372.600,26600.000,2021-03-03 17:00:00.000,L2FT01-FTJ004,24.03,0.000,0.666012,16605,0.435592,0.055345,0,0,1,0.6600,宝安区,23,23,0,0,0,0,1
2021-03-03,589179428,20190000000000000003,900200000000000044,1,129.980,314.100,40822.727,2021-03-03 18:00:00.000,L2FT01-FTJ004,23.93,0.000,0.666012,16605,0.435592,0.055345,0,0,1,0.6600,宝安区,23,23,0,0,0,0,1
2021-03-03,589179428,20190000000000000003,900200000000000044,1,130.000,315.340,40990.667,2021-03-03 18:15:00.000,L2FT01-FTJ004,23.93,0.000,0.666012,16605,0.435592,0.055345,0,0,1,0.6600,宝安区,23,23,0,0,0,0,1
2021-03-03,589179428,20190000000000000003,900200000000000048,1,129.865,308.864,40107.273,2021-03-03 18:15:00.000,L2FT01-FTJ004,23.93,0.000,0.666012,16605,0.435592,0.055345,0,0,1,0.6600,宝安区,23,23,0,0,0,0,1
2021-03-03,589179428,20190000000000000003,900200000000000044,1,104.542,317.831,33193.846,2021-03-03 18:30:00.000,L2FT01-FTJ004,23.93,0.000,0.666012,16605,0.435592,0.055345,0,0,1,0.6600,宝安区,23,23,0,0,0,0,1
2021-03-03,589179428,20190000000000000003,900200000000000048,1,129.890,310.167,40286.667,2021-03-03 18:30:00.000,L2FT01-FTJ004,23.93,0.000,0.666012,16605,0.435592,0.055345,0,0,1,0.6600,宝安区,23,23,0,0,0,0,1
2021-03-03,589179428,20190000000000000003,900200000000000030,1,178.773,315.655,56425.455,2021-03-03 18:45:00.000,L2FT01-FTJ004,23.93,0.000,0.666012,16605,0.435592,0.055345,0,0,1,0.6600,宝安区,23,23,0,0,0,0,1
2021-03-03,589179428,20190000000000000003,900200000000000048,1,129.927,310.927,40394.000,2021-03-03 18:45:00.000,L2FT01-FTJ004,23.93,0.000,0.666012,16605,0.435592,0.055345,0,0,1,0.6600,宝安区,23,23,0,0,0,0,1
2021-03-03,589179428,20190000000000000003,900200000000000030,1,178.550,317.267,56641.667,2021-03-03 19:00:00.000,L2FT01-FTJ004,24.03,0.000,0.666012,16605,0.435592,0.055345,0,0,1,0.6600,宝安区,23,23,0,0,0,0,1
2021-03-03,589179428,20190000000000000003,900200000000000037,1,35.895,256.000,11010.000,2021-03-03 19:00:00.000,L2FT01-FTJ004,24.03,0.000,0.666012,16605,0.435592,0.055345,0,0,1,0.6600,宝安区,23,23,0,0,0,0,1
2021-03-03,589179428,20190000000000000003,900200000000000048,1,129.905,313.187,40682.000,2021-03-03 19:00:00.000,L2FT01-FTJ004,24.03,0.000,0.666012,16605,0.435592,0.055345,0,0,1,0.6600,宝安区,23,23,0,0,0,0,1
2021-03-03,589179428,20190000000000000003,900200000000000048,1,129.872,314.607,40855.333,2021-03-03 19:15:00.000,L2FT01-FTJ004,24.03,0.000,0.666012,16605,0.435592,0.055345,0,0,1,0.6600,宝安区,23,23,0,0,0,0,1
2021-03-03,589179428,20190000000000000003,900200000000000048,1,117.890,316.000,37254.000,2021-03-03 19:30:00.000,L2FT01-FTJ004,24.03,0.000,0.666012,16605,0.435592,0.055345,0,0,1,0.6600,宝安区,23,23,0,0,0,0,1
2021-03-03,589179428,20190000000000000003,900200000000000057,1,99.661,363.455,36042.727,2021-03-03 19:30:00.000,L2FT01-FTJ004,24.03,0.000,0.666012,16605,0.435592,0.055345,0,0,1,0.6600,宝安区,23,23,0,0,0,0,1
2021-03-03,589179428,20190000000000000003,900200000000000057,1,108.599,376.407,40813.333,2021-03-03 19:45:00.000,L2FT01-FTJ004,24.03,0.000,0.666012,16605,0.435592,0.055345,0,0,1,0.6600,宝安区,23,23,0,0,0,0,1
2021-03-03,589179428,20190000000000000003,900200000000000042,1,75.443,347.433,26318.333,2021-03-03 20:00:00.000,L2FT01-FTJ004,24.33,0.000,0.666012,16605,0.435592,0.055345,0,0,1,0.6600,宝安区,23,23,0,0,0,0,1
2021-03-03,589179428,20190000000000000003,900200000000000057,1,48.521,385.140,18680.000,2021-03-03 20:00:00.000,L2FT01-FTJ004,24.33,0.000,0.666012,16605,0.435592,0.055345,0,0,1,0.6600,宝安区,23,23,0,0,0,0,1
2021-03-03,589179428,20190000000000000003,900200000000000042,1,138.719,357.540,49590.667,2021-03-03 20:15:00.000,L2FT01-FTJ004,24.33,0.000,0.666012,16605,0.435592,0.055345,0,0,1,0.6600,宝安区,23,23,0,0,0,0,1
2021-03-03,589179428,20190000000000000003,900200000000000057,1,26.006,387.973,10084.667,2021-03-03 20:15:00.000,L2FT01-FTJ004,24.33,0.000,0.666012,16605,0.435592,0.055345,0,0,1,0.6600,宝安区,23,23,0,0,0,0,1
2021-03-03,589179428,20190000000000000003,900200000000000058,1,129.968,311.878,40532.222,2021-03-03 20:15:00.000,L2FT01-FTJ004,24.33,0.000,0.666012,16605,0.435592,0.055345,0,0,1,0.6600,宝安区,23,23,0,0,0,0,1
2021-03-03,589179428,20190000000000000003,900200000000000042,1,110.652,373.827,41302.000,2021-03-03 20:30:00.000,L2FT01-FTJ004,24.33,0.000,0.666012,16605,0.435592,0.055345,0,0,1,0.6600,宝安区,23,23,0,0,0,0,1
2021-03-03,589179428,20190000000000000003,900200000000000057,0,0.000,326.000,0.000,2021-03-03 20:30:00.000,L2FT01-FTJ004,24.33,0.000,0.666012,16605,0.435592,0.055345,0,0,1,0.6600,宝安区,23,23,0,0,0,0,1
2021-03-03,589179428,20190000000000000003,900200000000000056,1,98.047,394.517,38741.667,2021-03-03 20:45:00.000,L2FT01-FTJ004,24.33,0.000,0.666012,16605,0.435592,0.055345,0,0,1,0.6600,宝安区,23,23,0,0,0,0,1
2021-03-03,589179428,20190000000000000003,900200000000000042,1,63.410,384.693,24368.667,2021-03-03 20:45:00.000,L2FT01-FTJ004,24.33,0.000,0.666012,16605,0.435592,0.055345,0,0,1,0.6600,宝安区,23,23,0,0,0,0,1
2021-03-03,589179428,20190000000000000003,900200000000000042,1,26.334,386.160,10168.000,2021-03-03 21:00:00.000,L2FT01-FTJ004,24.81,0.000,0.666012,16605,0.435592,0.055345,0,0,1,0.6600,宝安区,23,23,0,0,0,0,1
2021-03-03,589179428,20190000000000000003,900200000000000056,1,118.415,405.040,47984.667,2021-03-03 21:00:00.000,L2FT01-FTJ004,24.81,0.000,0.666012,16605,0.435592,0.055345,0,0,1,0.6600,宝安区,23,23,0,0,0,0,1
2021-03-03,589179428,20190000000000000003,900200000000000058,1,26.345,395.425,10422.500,2021-03-03 21:00:00.000,L2FT01-FTJ004,24.81,0.000,0.666012,16605,0.435592,0.055345,0,0,1,0.6600,宝安区,23,23,0,0,0,0,1
2021-03-03,589179428,20190000000000000003,900200000000000056,1,126.000,424.880,53529.333,2021-03-03 21:15:00.000,L2FT01-FTJ004,24.81,0.000,0.666012,16605,0.435592,0.055345,0,0,1,0.6600,宝安区,23,23,0,0,0,0,1
2021-03-03,589179428,20190000000000000003,900200000000000058,1,19.000,397.982,7555.455,2021-03-03 21:15:00.000,L2FT01-FTJ004,24.81,0.000,0.666012,16605,0.435592,0.055345,0,0,1,0.6600,宝安区,23,23,0,0,0,0,1
2021-03-03,589179428,20190000000000000003,900200000000000056,1,66.041,441.436,29112.143,2021-03-03 21:30:00.000,L2FT01-FTJ004,24.81,0.000,0.666012,16605,0.435592,0.055345,0,0,1,0.6600,宝安区,23,23,0,0,0,0,1
2021-03-03,589179428,20190000000000000003,900200000000000037,1,65.814,350.892,23090.769,2021-03-03 22:00:00.000,L2FT01-FTJ004,25.43,0.000,0.666012,16605,0.435592,0.055345,0,0,1,0.6600,宝安区,23,23,0,0,0,0,1
2021-03-03,589179428,20190000000000000003,900200000000000037,1,65.790,358.327,23572.000,2021-03-03 22:15:00.000,L2FT01-FTJ004,25.43,0.000,0.666012,16605,0.435592,0.055345,0,0,1,0.6600,宝安区,23,23,0,0,0,0,1
2021-03-03,589179428,20190000000000000003,900200000000000034,1,200.220,319.625,64025.000,2021-03-03 22:15:00.000,L2FT01-FTJ004,25.43,0.000,0.666012,16605,0.435592,0.055345,0,0,1,0.6600,宝安区,23,23,0,0,0,0,1
2021-03-03,589179428,20190000000000000003,900200000000000037,1,65.863,366.933,24165.333,2021-03-03 22:30:00.000,L2FT01-FTJ004,25.43,0.000,0.666012,16605,0.435592,0.055345,0,0,1,0.6600,宝安区,23,23,0,0,0,0,1
2021-03-03,589179428,20190000000000000003,900200000000000037,1,60.290,377.140,22724.667,2021-03-03 22:45:00.000,L2FT01-FTJ004,25.43,0.000,0.666012,16605,0.435592,0.055345,0,0,1,0.6600,宝安区,23,23,0,0,0,0,1
2021-03-03,589179428,20190000000000000003,900200000000000037,1,51.905,384.913,19977.333,2021-03-03 23:00:00.000,L2FT01-FTJ004,26.15,0.000,0.666012,16605,0.435592,0.055345,0,0,1,0.6600,宝安区,23,23,0,0,0,0,1
2021-03-03,589179428,20190000000000000003,900200000000000037,1,48.825,394.033,19226.667,2021-03-03 23:15:00.000,L2FT01-FTJ004,26.15,0.000,0.666012,16605,0.435592,0.055345,0,0,1,0.6600,宝安区,23,23,0,0,0,0,1
2021-03-03,589179428,20190000000000000003,900200000000000037,1,23.010,396.620,9125.333,2021-03-03 23:30:00.000,L2FT01-FTJ004,26.15,0.000,0.666012,16605,0.435592,0.055345,0,0,1,0.6600,宝安区,23,23,0,0,0,0,1
2021-03-03,589179428,20190000000000000003,900200000000000037,1,11.577,396.493,4590.667,2021-03-03 23:45:00.000,L2FT01-FTJ004,26.15,0.000,0.666012,16605,0.435592,0.055345,0,0,1,0.6600,宝安区,23,23,0,0,0,0,1
2021-03-04,589179428,20190000000000000003,900200000000000035,1,199.854,305.100,60968.000,2021-03-04 00:00:00.000,L2FT01-FTJ004,26.93,0.000,0.666012,16605,0.435592,0.055345,0,0,1,0.6600,宝安区,23,23,0,0,0,0,1
2021-03-04,589179428,20190000000000000003,900200000000000035,1,200.031,310.680,62144.000,2021-03-04 00:15:00.000,L2FT01-FTJ004,26.93,0.000,0.666012,16605,0.435592,0.055345,0,0,1,0.6600,宝安区,23,23,0,0,0,0,1
2021-03-04,589179428,20190000000000000003,900200000000000035,1,199.936,313.227,62622.000,2021-03-04 00:30:00.000,L2FT01-FTJ004,26.93,0.000,0.666012,16605,0.435592,0.055345,0,0,1,0.6600,宝安区,23,23,0,0,0,0,1
2021-03-04,589179428,20190000000000000003,900200000000000035,1,201.839,315.340,63641.333,2021-03-04 00:45:00.000,L2FT01-FTJ004,26.93,0.000,0.666012,16605,0.435592,0.055345,0,0,1,0.6600,宝安区,23,23,0,0,0,0,1
2021-03-04,589179428,20190000000000000003,900200000000000035,1,183.689,316.020,58054.667,2021-03-04 01:00:00.000,L2FT01-FTJ004,27.70,0.000,0.666012,16605,0.435592,0.055345,0,0,1,0.6600,宝安区,23,23,0,0,0,0,1
2021-03-04,589179428,20190000000000000003,900200000000000035,1,141.590,321.927,45273.333,2021-03-04 01:15:00.000,L2FT01-FTJ004,27.70,0.000,0.666012,16605,0.435592,0.055345,0,0,1,0.6600,宝安区,23,23,0,0,0,0,1
2021-03-04,589179428,20190000000000000003,900200000000000058,1,129.188,309.610,39997.000,2021-03-04 01:45:00.000,L2FT01-FTJ004,27.70,0.000,0.666012,16605,0.435592,0.055345,0,0,1,0.6600,宝安区,23,23,0,0,0,0,1
2021-03-04,589179428,20190000000000000003,900200000000000058,1,129.806,311.093,40378.000,2021-03-04 02:00:00.000,L2FT01-FTJ004,28.43,0.000,0.666012,16605,0.435592,0.055345,0,0,1,0.6600,宝安区,23,23,0,0,0,0,1
2021-03-04,589179428,20190000000000000003,900200000000000058,1,129.800,312.033,40495.333,2021-03-04 02:15:00.000,L2FT01-FTJ004,28.43,0.000,0.666012,16605,0.435592,0.055345,0,0,1,0.6600,宝安区,23,23,0,0,0,0,1
2021-03-04,589179428,20190000000000000003,900200000000000058,1,129.806,313.773,40725.333,2021-03-04 02:30:00.000,L2FT01-FTJ004,28.43,0.000,0.666012,16605,0.435592,0.055345,0,0,1,0.6600,宝安区,23,23,0,0,0,0,1
2021-03-04,589179428,20190000000000000003,900200000000000058,1,129.800,314.867,40864.667,2021-03-04 02:45:00.000,L2FT01-FTJ004,28.43,0.000,0.666012,16605,0.435592,0.055345,0,0,1,0.6600,宝安区,23,23,0,0,0,0,1
2021-03-04,589179428,20190000000000000003,900200000000000049,1,130.893,303.967,39780.000,2021-03-04 03:00:00.000,L2FT01-FTJ004,29.05,0.000,0.666012,16605,0.435592,0.055345,0,0,1,0.6600,宝安区,23,23,0,0,0,0,1
2021-03-04,589179428,20190000000000000003,900200000000000058,1,101.817,320.600,32484.000,2021-03-04 03:00:00.000,L2FT01-FTJ004,29.05,0.000,0.666012,16605,0.435592,0.055345,0,0,1,0.6600,宝安区,23,23,0,0,0,0,1
2021-03-04,589179428,20190000000000000003,900200000000000049,1,133.145,308.833,41118.000,2021-03-04 03:15:00.000,L2FT01-FTJ004,29.05,0.000,0.666012,16605,0.435592,0.055345,0,0,1,0.6600,宝安区,23,23,0,0,0,0,1
2021-03-04,589179428,20190000000000000003,900200000000000058,1,29.890,334.900,10005.000,2021-03-04 03:15:00.000,L2FT01-FTJ004,29.05,0.000,0.666012,16605,0.435592,0.055345,0,0,1,0.6600,宝安区,23,23,0,0,0,0,1
2021-03-04,589179428,20190000000000000003,900200000000000049,1,134.872,310.520,41876.667,2021-03-04 03:30:00.000,L2FT01-FTJ004,29.05,0.000,0.666012,16605,0.435592,0.055345,0,0,1,0.6600,宝安区,23,23,0,0,0,0,1
2021-03-04,589179428,20190000000000000003,900200000000000049,1,134.860,311.447,41998.000,2021-03-04 03:45:00.000,L2FT01-FTJ004,29.05,0.000,0.666012,16605,0.435592,0.055345,0,0,1,0.6600,宝安区,23,23,0,0,0,0,1
2021-03-04,589179428,20190000000000000003,900200000000000049,1,134.890,313.180,42242.667,2021-03-04 04:00:00.000,L2FT01-FTJ004,29.53,0.000,0.666012,16605,0.435592,0.055345,0,0,1,0.6600,宝安区,23,23,0,0,0,0,1
2021-03-04,589179428,20190000000000000003,900200000000000049,1,134.890,314.227,42383.333,2021-03-04 04:15:00.000,L2FT01-FTJ004,29.53,0.000,0.666012,16605,0.435592,0.055345,0,0,1,0.6600,宝安区,23,23,0,0,0,0,1
2021-03-04,589179428,20190000000000000003,900200000000000049,0,0.000,258.900,0.000,2021-03-04 04:30:00.000,L2FT01-FTJ004,29.53,0.000,0.666012,16605,0.435592,0.055345,0,0,1,0.6600,宝安区,23,23,0,0,0,0,1
2021-03-04,589179428,20190000000000000003,900200000000000045,1,144.823,314.167,45496.667,2021-03-04 05:00:00.000,L2FT01-FTJ004,29.83,0.000,0.666012,16605,0.435592,0.055345,0,0,1,0.6600,宝安区,23,23,0,0,0,0,1
2021-03-04,589179428,20190000000000000003,900200000000000045,1,144.865,315.150,45655.000,2021-03-04 05:15:00.000,L2FT01-FTJ004,29.83,0.000,0.666012,16605,0.435592,0.055345,0,0,1,0.6600,宝安区,23,23,0,0,0,0,1
2021-03-04,589179428,20190000000000000003,900200000000000058,1,113.620,310.650,35262.500,2021-03-04 05:15:00.000,L2FT01-FTJ004,29.83,0.000,0.666012,16605,0.435592,0.055345,0,0,1,0.6600,宝安区,23,23,0,0,0,0,1
2021-03-04,589179428,20190000000000000003,900200000000000058,1,129.884,310.753,40356.667,2021-03-04 05:30:00.000,L2FT01-FTJ004,29.83,0.000,0.666012,16605,0.435592,0.055345,0,0,1,0.6600,宝安区,23,23,0,0,0,0,1
2021-03-04,589179428,20190000000000000003,900200000000000058,1,129.890,311.827,40501.333,2021-03-04 05:45:00.000,L2FT01-FTJ004,29.83,0.000,0.666012,16605,0.435592,0.055345,0,0,1,0.6600,宝安区,23,23,0,0,0,0,1
2021-03-04,589179428,20190000000000000003,900200000000000050,1,63.582,302.289,19801.111,2021-03-04 06:00:00.000,L2FT01-FTJ004,29.93,0.000,0.666012,16605,0.435592,0.055345,0,0,1,0.6600,宝安区,23,23,0,0,0,0,1
2021-03-04,589179428,20190000000000000003,900200000000000058,1,129.890,313.293,40692.000,2021-03-04 06:00:00.000,L2FT01-FTJ004,29.93,0.000,0.666012,16605,0.435592,0.055345,0,0,1,0.6600,宝安区,23,23,0,0,0,0,1
2021-03-04,589179428,20190000000000000003,900200000000000058,1,129.890,314.173,40806.000,2021-03-04 06:15:00.000,L2FT01-FTJ004,29.93,0.000,0.666012,16605,0.435592,0.055345,0,0,1,0.6600,宝安区,23,23,0,0,0,0,1
2021-03-04,589179428,20190000000000000003,900200000000000050,1,71.390,314.600,22460.000,2021-03-04 06:15:00.000,L2FT01-FTJ004,29.93,0.000,0.666012,16605,0.435592,0.055345,0,0,1,0.6600,宝安区,23,23,0,0,0,0,1
2021-03-04,589179428,20190000000000000003,900200000000000058,1,129.890,315.473,40975.333,2021-03-04 06:30:00.000,L2FT01-FTJ004,29.93,0.000,0.666012,16605,0.435592,0.055345,0,0,1,0.6600,宝安区,23,23,0,0,0,0,1
2021-03-04,589179428,20190000000000000003,900200000000000058,1,99.884,322.758,32006.667,2021-03-04 06:45:00.000,L2FT01-FTJ004,29.93,0.000,0.666012,16605,0.435592,0.055345,0,0,1,0.6600,宝安区,23,23,0,0,0,0,1
2021-03-04,589179428,20190000000000000003,900200000000000048,1,105.777,369.582,39077.273,2021-03-04 10:00:00.000,L2FT01-FTJ004,28.43,0.000,0.666012,16605,0.435592,0.055345,0,0,1,0.6600,宝安区,23,23,0,0,0,0,1
2021-03-04,589179428,20190000000000000003,900200000000000048,1,85.527,387.627,33091.333,2021-03-04 10:15:00.000,L2FT01-FTJ004,28.43,0.000,0.666012,16605,0.435592,0.055345,0,0,1,0.6600,宝安区,23,23,0,0,0,0,1
2021-03-04,589179428,20190000000000000003,900200000000000048,1,48.077,400.413,19228.667,2021-03-04 10:30:00.000,L2FT01-FTJ004,28.43,0.000,0.666012,16605,0.435592,0.055345,0,0,1,0.6600,宝安区,23,23,0,0,0,0,1
2021-03-04,589179428,20190000000000000003,900200000000000058,1,54.893,360.767,19800.000,2021-03-04 10:30:00.000,L2FT01-FTJ004,28.43,0.000,0.666012,16605,0.435592,0.055345,0,0,1,0.6600,宝安区,23,23,0,0,0,0,1
2021-03-04,589179428,20190000000000000003,900200000000000058,1,54.823,365.200,20018.889,2021-03-04 10:45:00.000,L2FT01-FTJ004,28.43,0.000,0.666012,16605,0.435592,0.055345,0,0,1,0.6600,宝安区,23,23,0,0,0,0,1
2021-03-04,589179428,20190000000000000003,900200000000000048,1,22.810,405.820,9254.000,2021-03-04 10:45:00.000,L2FT01-FTJ004,28.43,0.000,0.666012,16605,0.435592,0.055345,0,0,1,0.6600,宝安区,23,23,0,0,0,0,1
2021-03-04,589179428,20190000000000000003,900200000000000042,1,182.584,315.688,57762.500,2021-03-04 11:30:00.000,L2FT01-FTJ004,27.70,0.000,0.666012,16605,0.435592,0.055345,0,0,1,0.6600,宝安区,23,23,0,0,0,0,1
2021-03-04,589179428,20190000000000000003,900200000000000042,1,163.297,319.873,52075.333,2021-03-04 11:45:00.000,L2FT01-FTJ004,27.70,0.000,0.666012,16605,0.435592,0.055345,0,0,1,0.6600,宝安区,23,23,0,0,0,0,1
2021-03-04,589179428,20190000000000000003,900200000000000058,1,130.216,314.587,40961.250,2021-03-04 11:45:00.000,L2FT01-FTJ004,27.70,0.000,0.666012,16605,0.435592,0.055345,0,0,1,0.6600,宝安区,23,23,0,0,0,0,1
2021-03-04,589179428,20190000000000000003,900200000000000042,1,29.890,329.100,9840.000,2021-03-04 12:00:00.000,L2FT01-FTJ004,26.93,0.000,0.666012,16605,0.435592,0.055345,0,0,1,0.6600,宝安区,23,23,0,0,0,0,1
2021-03-04,589179428,20190000000000000003,900200000000000050,1,111.257,308.443,34652.857,2021-03-04 12:00:00.000,L2FT01-FTJ004,26.93,0.000,0.666012,16605,0.435592,0.055345,0,0,1,0.6600,宝安区,23,23,0,0,0,0,1
2021-03-04,589179428,20190000000000000003,900200000000000058,1,130.000,315.207,40972.667,2021-03-04 12:00:00.000,L2FT01-FTJ004,26.93,0.000,0.666012,16605,0.435592,0.055345,0,0,1,0.6600,宝安区,23,23,0,0,0,0,1
2021-03-04,589179428,20190000000000000003,900200000000000058,1,97.911,322.625,31316.250,2021-03-04 12:15:00.000,L2FT01-FTJ004,26.93,0.000,0.666012,16605,0.435592,0.055345,0,0,1,0.6600,宝安区,23,23,0,0,0,0,1
2021-03-04,589179428,20190000000000000003,900200000000000050,1,129.818,312.600,40576.000,2021-03-04 12:15:00.000,L2FT01-FTJ004,26.93,0.000,0.666012,16605,0.435592,0.055345,0,0,1,0.6600,宝安区,23,23,0,0,0,0,1
2021-03-04,589179428,20190000000000000003,900200000000000050,1,129.866,314.833,40882.667,2021-03-04 12:30:00.000,L2FT01-FTJ004,26.93,0.000,0.666012,16605,0.435592,0.055345,0,0,1,0.6600,宝安区,23,23,0,0,0,0,1
2021-03-04,589179428,20190000000000000003,900200000000000032,1,103.154,349.240,36022.000,2021-03-04 12:30:00.000,L2FT01-FTJ004,26.93,0.000,0.666012,16605,0.435592,0.055345,0,0,1,0.6600,宝安区,23,23,0,0,0,0,1
2021-03-04,589179428,20190000000000000003,900200000000000032,1,103.163,361.453,37286.667,2021-03-04 12:45:00.000,L2FT01-FTJ004,26.93,0.000,0.666012,16605,0.435592,0.055345,0,0,1,0.6600,宝安区,23,23,0,0,0,0,1
2021-03-04,589179428,20190000000000000003,900200000000000050,1,123.883,317.080,39273.333,2021-03-04 12:45:00.000,L2FT01-FTJ004,26.93,0.000,0.666012,16605,0.435592,0.055345,0,0,1,0.6600,宝安区,23,23,0,0,0,0,1
2021-03-04,589179428,20190000000000000003,900200000000000032,1,99.703,376.507,37524.000,2021-03-04 13:00:00.000,L2FT01-FTJ004,26.15,0.000,0.666012,16605,0.435592,0.055345,0,0,1,0.6600,宝安区,23,23,0,0,0,0,1
2021-03-04,589179428,20190000000000000003,900200000000000050,1,41.865,325.147,13555.333,2021-03-04 13:00:00.000,L2FT01-FTJ004,26.15,0.000,0.666012,16605,0.435592,0.055345,0,0,1,0.6600,宝安区,23,23,0,0,0,0,1
2021-03-04,589179428,20190000000000000003,900200000000000032,1,35.970,382.067,13739.333,2021-03-04 13:15:00.000,L2FT01-FTJ004,26.15,0.000,0.666012,16605,0.435592,0.055345,0,0,1,0.6600,宝安区,23,23,0,0,0,0,1
2021-03-04,589179428,20190000000000000003,900200000000000032,1,25.690,383.975,9862.500,2021-03-04 13:30:00.000,L2FT01-FTJ004,26.15,0.000,0.666012,16605,0.435592,0.055345,0,0,1,0.6600,宝安区,23,23,0,0,0,0,1
2021-03-04,589179428,20190000000000000003,900200000000000038,1,80.418,362.183,30316.667,2021-03-04 14:15:00.000,L2FT01-FTJ004,25.43,0.000,0.666012,16605,0.435592,0.055345,0,0,1,0.6600,宝安区,23,23,0,0,0,0,1
2021-03-04,589179428,20190000000000000003,900200000000000038,1,54.687,387.853,21190.000,2021-03-04 14:30:00.000,L2FT01-FTJ004,25.43,0.000,0.666012,16605,0.435592,0.055345,0,0,1,0.6600,宝安区,23,23,0,0,0,0,1
2021-03-04,589179428,20190000000000000003,900200000000000056,1,15.290,354.600,5420.000,2021-03-04 14:30:00.000,L2FT01-FTJ004,25.43,0.000,0.666012,16605,0.435592,0.055345,0,0,1,0.6600,宝安区,23,23,0,0,0,0,1
2021-03-04,589179428,20190000000000000003,900200000000000038,1,27.301,396.000,10807.333,2021-03-04 14:45:00.000,L2FT01-FTJ004,25.43,0.000,0.666012,16605,0.435592,0.055345,0,0,1,0.6600,宝安区,23,23,0,0,0,0,1
2021-03-04,589179428,20190000000000000003,900200000000000056,1,98.862,369.320,36508.667,2021-03-04 14:45:00.000,L2FT01-FTJ004,25.43,0.000,0.666012,16605,0.435592,0.055345,0,0,1,0.6600,宝安区,23,23,0,0,0,0,1
2021-03-04,589179428,20190000000000000003,900200000000000038,1,19.090,399.314,7622.857,2021-03-04 15:00:00.000,L2FT01-FTJ004,24.81,0.000,0.666012,16605,0.435592,0.055345,0,0,1,0.6600,宝安区,23,23,0,0,0,0,1
2021-03-04,589179428,20190000000000000003,900200000000000056,1,89.010,376.780,33524.667,2021-03-04 15:00:00.000,L2FT01-FTJ004,24.81,0.000,0.666012,16605,0.435592,0.055345,0,0,1,0.6600,宝安区,23,23,0,0,0,0,1
2021-03-04,589179428,20190000000000000003,900200000000000040,1,78.540,328.278,25780.000,2021-03-04 15:15:00.000,L2FT01-FTJ004,24.81,0.000,0.666012,16605,0.435592,0.055345,0,0,1,0.6600,宝安区,23,23,0,0,0,0,1
2021-03-04,589179428,20190000000000000003,900200000000000056,1,70.155,386.447,27114.667,2021-03-04 15:15:00.000,L2FT01-FTJ004,24.81,0.000,0.666012,16605,0.435592,0.055345,0,0,1,0.6600,宝安区,23,23,0,0,0,0,1
2021-03-04,589179428,20190000000000000003,900200000000000056,1,71.434,401.887,28706.000,2021-03-04 15:30:00.000,L2FT01-FTJ004,24.81,0.000,0.666012,16605,0.435592,0.055345,0,0,1,0.6600,宝安区,23,23,0,0,0,0,1
2021-03-04,589179428,20190000000000000003,900200000000000040,1,78.650,330.213,25969.333,2021-03-04 15:30:00.000,L2FT01-FTJ004,24.81,0.000,0.666012,16605,0.435592,0.055345,0,0,1,0.6600,宝安区,23,23,0,0,0,0,1
2021-03-04,589179428,20190000000000000003,900200000000000040,1,76.863,332.433,25552.000,2021-03-04 15:45:00.000,L2FT01-FTJ004,24.81,0.000,0.666012,16605,0.435592,0.055345,0,0,1,0.6600,宝安区,23,23,0,0,0,0,1
2021-03-04,589179428,20190000000000000003,900200000000000056,1,50.777,415.860,21084.667,2021-03-04 15:45:00.000,L2FT01-FTJ004,24.81,0.000,0.666012,16605,0.435592,0.055345,0,0,1,0.6600,宝安区,23,23,0,0,0,0,1
2021-03-04,589179428,20190000000000000003,900200000000000040,1,36.523,332.933,12171.667,2021-03-04 16:00:00.000,L2FT01-FTJ004,24.33,0.000,0.666012,16605,0.435592,0.055345,0,0,1,0.6600,宝安区,23,23,0,0,0,0,1
2021-03-04,589179428,20190000000000000003,900200000000000053,1,8.845,397.550,3475.000,2021-03-04 16:00:00.000,L2FT01-FTJ004,24.33,0.000,0.666012,16605,0.435592,0.055345,0,0,1,0.6600,宝安区,23,23,0,0,0,0,1
2021-03-04,589179428,20190000000000000003,900200000000000056,1,34.890,419.900,14650.000,2021-03-04 16:00:00.000,L2FT01-FTJ004,24.33,0.000,0.666012,16605,0.435592,0.055345,0,0,1,0.6600,宝安区,23,23,0,0,0,0,1
2021-03-04,589179428,20190000000000000003,900200000000000053,1,100.271,472.587,47531.333,2021-03-04 16:15:00.000,L2FT01-FTJ004,24.33,0.000,0.666012,16605,0.435592,0.055345,0,0,1,0.6600,宝安区,23,23,0,0,0,0,1
2021-03-04,589179428,20190000000000000003,900200000000000053,1,106.199,474.287,50368.667,2021-03-04 16:30:00.000,L2FT01-FTJ004,24.33,0.000,0.666012,16605,0.435592,0.055345,0,0,1,0.6600,宝安区,23,23,0,0,0,0,1
2021-03-04,589179428,20190000000000000003,900200000000000038,1,197.237,315.886,62311.429,2021-03-04 16:45:00.000,L2FT01-FTJ004,24.33,0.000,0.666012,16605,0.435592,0.055345,0,0,1,0.6600,宝安区,23,23,0,0,0,0,1
2021-03-04,589179428,20190000000000000003,900200000000000053,1,106.170,474.247,50353.333,2021-03-04 16:45:00.000,L2FT01-FTJ004,24.33,0.000,0.666012,16605,0.435592,0.055345,0,0,1,0.6600,宝安区,23,23,0,0,0,0,1
2021-03-04,589179428,20190000000000000003,900200000000000038,1,199.940,317.853,63548.000,2021-03-04 17:00:00.000,L2FT01-FTJ004,24.03,0.000,0.666012,16605,0.435592,0.055345,0,0,1,0.6600,宝安区,23,23,0,0,0,0,1
2021-03-04,589179428,20190000000000000003,900200000000000053,1,106.143,474.193,50334.000,2021-03-04 17:00:00.000,L2FT01-FTJ004,24.03,0.000,0.666012,16605,0.435592,0.055345,0,0,1,0.6600,宝安区,23,23,0,0,0,0,1
2021-03-04,589179428,20190000000000000003,900200000000000036,1,108.212,312.700,34008.333,2021-03-04 17:15:00.000,L2FT01-FTJ004,24.03,0.000,0.666012,16605,0.435592,0.055345,0,0,1,0.6600,宝安区,23,23,0,0,0,0,1
2021-03-04,589179428,20190000000000000003,900200000000000038,1,82.170,326.575,26707.500,2021-03-04 17:15:00.000,L2FT01-FTJ004,24.03,0.000,0.666012,16605,0.435592,0.055345,0,0,1,0.6600,宝安区,23,23,0,0,0,0,1
2021-03-04,589179428,20190000000000000003,900200000000000053,1,106.190,474.213,50359.333,2021-03-04 17:15:00.000,L2FT01-FTJ004,24.03,0.000,0.666012,16605,0.435592,0.055345,0,0,1,0.6600,宝安区,23,23,0,0,0,0,1
2021-03-04,589179428,20190000000000000003,900200000000000053,1,106.190,474.175,50352.500,2021-03-04 17:30:00.000,L2FT01-FTJ004,24.03,0.000,0.666012,16605,0.435592,0.055345,0,0,1,0.6600,宝安区,23,23,0,0,0,0,1
2021-03-04,589179428,20190000000000000003,900200000000000036,1,129.860,314.507,40840.000,2021-03-04 17:30:00.000,L2FT01-FTJ004,24.03,0.000,0.666012,16605,0.435592,0.055345,0,0,1,0.6600,宝安区,23,23,0,0,0,0,1
2021-03-04,589179428,20190000000000000003,900200000000000036,1,129.956,316.233,41092.667,2021-03-04 17:45:00.000,L2FT01-FTJ004,24.03,0.000,0.666012,16605,0.435592,0.055345,0,0,1,0.6600,宝安区,23,23,0,0,0,0,1
2021-03-04,589179428,20190000000000000003,900200000000000036,1,63.642,329.700,20802.500,2021-03-04 18:00:00.000,L2FT01-FTJ004,23.93,0.000,0.666012,16605,0.435592,0.055345,0,0,1,0.6600,宝安区,23,23,0,0,0,0,1
2021-03-04,589179428,20190000000000000003,900200000000000035,1,49.807,336.892,16777.500,2021-03-04 18:15:00.000,L2FT01-FTJ004,23.93,0.000,0.666012,16605,0.435592,0.055345,0,0,1,0.6600,宝安区,23,23,0,0,0,0,1
2021-03-04,589179428,20190000000000000003,900200000000000035,1,49.823,341.913,17035.333,2021-03-04 18:30:00.000,L2FT01-FTJ004,23.93,0.000,0.666012,16605,0.435592,0.055345,0,0,1,0.6600,宝安区,23,23,0,0,0,0,1
2021-03-04,589179428,20190000000000000003,900200000000000031,1,224.771,363.114,81602.857,2021-03-04 18:45:00.000,L2FT01-FTJ004,23.93,0.000,0.666012,16605,0.435592,0.055345,0,0,1,0.6600,宝安区,23,23,0,0,0,0,1
2021-03-04,589179428,20190000000000000003,900200000000000035,1,49.837,349.753,17429.333,2021-03-04 18:45:00.000,L2FT01-FTJ004,23.93,0.000,0.666012,16605,0.435592,0.055345,0,0,1,0.6600,宝安区,23,23,0,0,0,0,1
2021-03-04,589179428,20190000000000000003,900200000000000035,1,43.863,358.807,15727.333,2021-03-04 19:00:00.000,L2FT01-FTJ004,24.03,0.000,0.666012,16605,0.435592,0.055345,0,0,1,0.6600,宝安区,23,23,0,0,0,0,1
2021-03-04,589179428,20190000000000000003,900200000000000031,1,164.281,375.053,61520.667,2021-03-04 19:00:00.000,L2FT01-FTJ004,24.03,0.000,0.666012,16605,0.435592,0.055345,0,0,1,0.6600,宝安区,23,23,0,0,0,0,1
2021-03-04,589179428,20190000000000000003,900200000000000044,1,129.862,315.808,41008.462,2021-03-04 19:00:00.000,L2FT01-FTJ004,24.03,0.000,0.666012,16605,0.435592,0.055345,0,0,1,0.6600,宝安区,23,23,0,0,0,0,1
2021-03-04,589179428,20190000000000000003,900200000000000031,1,126.621,389.273,49259.091,2021-03-04 19:15:00.000,L2FT01-FTJ004,24.03,0.000,0.666012,16605,0.435592,0.055345,0,0,1,0.6600,宝安区,23,23,0,0,0,0,1
2021-03-04,589179428,20190000000000000003,900200000000000035,1,19.790,362.600,7173.333,2021-03-04 19:15:00.000,L2FT01-FTJ004,24.03,0.000,0.666012,16605,0.435592,0.055345,0,0,1,0.6600,宝安区,23,23,0,0,0,0,1
2021-03-04,589179428,20190000000000000003,900200000000000035,1,19.790,367.180,7265.333,2021-03-04 19:30:00.000,L2FT01-FTJ004,24.03,0.000,0.666012,16605,0.435592,0.055345,0,0,1,0.6600,宝安区,23,23,0,0,0,0,1
2021-03-04,589179428,20190000000000000003,900200000000000035,1,19.830,372.053,7376.667,2021-03-04 19:45:00.000,L2FT01-FTJ004,24.03,0.000,0.666012,16605,0.435592,0.055345,0,0,1,0.6600,宝安区,23,23,0,0,0,0,1
2021-03-04,589179428,20190000000000000003,900200000000000044,1,75.579,453.167,35250.000,2021-03-04 20:00:00.000,L2FT01-FTJ004,24.33,0.000,0.666012,16605,0.435592,0.055345,0,0,1,0.6600,宝安区,23,23,0,0,0,0,1
2021-03-04,589179428,20190000000000000003,900200000000000035,1,12.390,374.383,4636.667,2021-03-04 20:00:00.000,L2FT01-FTJ004,24.33,0.000,0.666012,16605,0.435592,0.055345,0,0,1,0.6600,宝安区,23,23,0,0,0,0,1
2021-03-04,589179428,20190000000000000003,900200000000000044,1,92.999,471.187,43816.000,2021-03-04 20:15:00.000,L2FT01-FTJ004,24.33,0.000,0.666012,16605,0.435592,0.055345,0,0,1,0.6600,宝安区,23,23,0,0,0,0,1
2021-03-04,589179428,20190000000000000003,900200000000000044,1,45.868,470.423,21586.154,2021-03-04 20:30:00.000,L2FT01-FTJ004,24.33,0.000,0.666012,16605,0.435592,0.055345,0,0,1,0.6600,宝安区,23,23,0,0,0,0,1
2021-03-04,589179428,20190000000000000003,900200000000000049,1,129.821,310.621,40320.000,2021-03-04 22:30:00.000,L2FT01-FTJ004,25.43,0.000,0.666012,16605,0.435592,0.055345,0,0,1,0.6600,宝安区,23,23,0,0,0,0,1
2021-03-04,589179428,20190000000000000003,900200000000000049,1,129.884,312.947,40644.000,2021-03-04 22:45:00.000,L2FT01-FTJ004,25.43,0.000,0.666012,16605,0.435592,0.055345,0,0,1,0.6600,宝安区,23,23,0,0,0,0,1
2021-03-04,589179428,20190000000000000003,900200000000000047,1,129.826,309.831,40218.462,2021-03-04 23:00:00.000,L2FT01-FTJ004,26.15,0.000,0.666012,16605,0.435592,0.055345,0,0,1,0.6600,宝安区,23,23,0,0,0,0,1
2021-03-04,589179428,20190000000000000003,900200000000000049,1,129.905,314.100,40801.333,2021-03-04 23:00:00.000,L2FT01-FTJ004,26.15,0.000,0.666012,16605,0.435592,0.055345,0,0,1,0.6600,宝安区,23,23,0,0,0,0,1
2021-03-04,589179428,20190000000000000003,900200000000000030,1,199.852,313.140,62576.000,2021-03-04 23:15:00.000,L2FT01-FTJ004,26.15,0.000,0.666012,16605,0.435592,0.055345,0,0,1,0.6600,宝安区,23,23,0,0,0,0,1
2021-03-04,589179428,20190000000000000003,900200000000000047,1,129.890,310.420,40318.000,2021-03-04 23:15:00.000,L2FT01-FTJ004,26.15,0.000,0.666012,16605,0.435592,0.055345,0,0,1,0.6600,宝安区,23,23,0,0,0,0,1
2021-03-04,589179428,20190000000000000003,900200000000000049,1,129.972,314.663,40895.000,2021-03-04 23:15:00.000,L2FT01-FTJ004,26.15,0.000,0.666012,16605,0.435592,0.055345,0,0,1,0.6600,宝安区,23,23,0,0,0,0,1
2021-03-04,589179428,20190000000000000003,900200000000000030,1,182.073,313.280,57058.667,2021-03-04 23:30:00.000,L2FT01-FTJ004,26.15,0.000,0.666012,16605,0.435592,0.055345,0,0,1,0.6600,宝安区,23,23,0,0,0,0,1
2021-03-04,589179428,20190000000000000003,900200000000000047,1,129.905,311.627,40479.333,2021-03-04 23:30:00.000,L2FT01-FTJ004,26.15,0.000,0.666012,16605,0.435592,0.055345,0,0,1,0.6600,宝安区,23,23,0,0,0,0,1
2021-03-04,589179428,20190000000000000003,900200000000000049,1,112.392,307.450,34852.500,2021-03-04 23:30:00.000,L2FT01-FTJ004,26.15,0.000,0.666012,16605,0.435592,0.055345,0,0,1,0.6600,宝安区,23,23,0,0,0,0,1
2021-03-04,589179428,20190000000000000003,900200000000000050,1,56.527,444.800,26190.000,2021-03-04 23:30:00.000,L2FT01-FTJ004,26.15,0.000,0.666012,16605,0.435592,0.055345,0,0,1,0.6600,宝安区,23,23,0,0,0,0,1
2021-03-04,589179428,20190000000000000003,900200000000000030,1,139.877,313.393,43855.333,2021-03-04 23:45:00.000,L2FT01-FTJ004,26.15,0.000,0.666012,16605,0.435592,0.055345,0,0,1,0.6600,宝安区,23,23,0,0,0,0,1
2021-03-04,589179428,20190000000000000003,900200000000000047,1,129.905,313.767,40757.333,2021-03-04 23:45:00.000,L2FT01-FTJ004,26.15,0.000,0.666012,16605,0.435592,0.055345,0,0,1,0.6600,宝安区,23,23,0,0,0,0,1
2021-03-04,589179428,20190000000000000003,900200000000000049,1,149.927,311.400,46683.333,2021-03-04 23:45:00.000,L2FT01-FTJ004,26.15,0.000,0.666012,16605,0.435592,0.055345,0,0,1,0.6600,宝安区,23,23,0,0,0,0,1
2021-03-04,589179428,20190000000000000003,900200000000000050,1,127.046,473.321,60131.429,2021-03-04 23:45:00.000,L2FT01-FTJ004,26.15,0.000,0.666012,16605,0.435592,0.055345,0,0,1,0.6600,宝安区,23,23,0,0,0,0,1
2021-03-05,589179428,20190000000000000003,900200000000000049,1,150.000,312.320,46845.333,2021-03-05 00:00:00.000,L2FT01-FTJ004,26.93,0.000,0.666012,16605,0.435592,0.055345,0,0,1,0.6600,宝安区,23,23,0,0,0,0,1
2021-03-05,589179428,20190000000000000003,900200000000000050,1,129.823,308.525,40050.000,2021-03-05 00:00:00.000,L2FT01-FTJ004,26.93,0.000,0.666012,16605,0.435592,0.055345,0,0,1,0.6600,宝安区,23,23,0,0,0,0,1
2021-03-05,589179428,20190000000000000003,900200000000000030,1,137.722,314.340,43324.667,2021-03-05 00:00:00.000,L2FT01-FTJ004,26.93,0.000,0.666012,16605,0.435592,0.055345,0,0,1,0.6600,宝安区,23,23,0,0,0,0,1
2021-03-05,589179428,20190000000000000003,900200000000000047,1,129.971,315.173,40959.333,2021-03-05 00:00:00.000,L2FT01-FTJ004,26.93,0.000,0.666012,16605,0.435592,0.055345,0,0,1,0.6600,宝安区,23,23,0,0,0,0,1
2021-03-05,589179428,20190000000000000003,900200000000000030,1,136.323,316.447,43174.000,2021-03-05 00:15:00.000,L2FT01-FTJ004,26.93,0.000,0.666012,16605,0.435592,0.055345,0,0,1,0.6600,宝安区,23,23,0,0,0,0,1
2021-03-05,589179428,20190000000000000003,900200000000000047,1,79.521,322.429,25474.286,2021-03-05 00:15:00.000,L2FT01-FTJ004,26.93,0.000,0.666012,16605,0.435592,0.055345,0,0,1,0.6600,宝安区,23,23,0,0,0,0,1
2021-03-05,589179428,20190000000000000003,900200000000000049,1,150.040,314.060,47118.000,2021-03-05 00:15:00.000,L2FT01-FTJ004,26.93,0.000,0.666012,16605,0.435592,0.055345,0,0,1,0.6600,宝安区,23,23,0,0,0,0,1
2021-03-05,589179428,20190000000000000003,900200000000000050,1,129.842,310.367,40294.000,2021-03-05 00:15:00.000,L2FT01-FTJ004,26.93,0.000,0.666012,16605,0.435592,0.055345,0,0,1,0.6600,宝安区,23,23,0,0,0,0,1
2021-03-05,589179428,20190000000000000003,900200000000000050,1,129.878,311.087,40400.000,2021-03-05 00:30:00.000,L2FT01-FTJ004,26.93,0.000,0.666012,16605,0.435592,0.055345,0,0,1,0.6600,宝安区,23,23,0,0,0,0,1
2021-03-05,589179428,20190000000000000003,900200000000000049,1,150.100,315.213,47310.000,2021-03-05 00:30:00.000,L2FT01-FTJ004,26.93,0.000,0.666012,16605,0.435592,0.055345,0,0,1,0.6600,宝安区,23,23,0,0,0,0,1
2021-03-05,589179428,20190000000000000003,900200000000000030,1,61.381,321.245,19617.273,2021-03-05 00:30:00.000,L2FT01-FTJ004,26.93,0.000,0.666012,16605,0.435592,0.055345,0,0,1,0.6600,宝安区,23,23,0,0,0,0,1
2021-03-05,589179428,20190000000000000003,900200000000000045,1,129.893,309.321,40175.000,2021-03-05 00:30:00.000,L2FT01-FTJ004,26.93,0.000,0.666012,16605,0.435592,0.055345,0,0,1,0.6600,宝安区,23,23,0,0,0,0,1
2021-03-05,589179428,20190000000000000003,900200000000000045,1,129.890,310.640,40345.333,2021-03-05 00:45:00.000,L2FT01-FTJ004,26.93,0.000,0.666012,16605,0.435592,0.055345,0,0,1,0.6600,宝安区,23,23,0,0,0,0,1
2021-03-05,589179428,20190000000000000003,900200000000000049,1,133.998,317.500,42539.333,2021-03-05 00:45:00.000,L2FT01-FTJ004,26.93,0.000,0.666012,16605,0.435592,0.055345,0,0,1,0.6600,宝安区,23,23,0,0,0,0,1
2021-03-05,589179428,20190000000000000003,900200000000000050,1,129.890,312.693,40613.333,2021-03-05 00:45:00.000,L2FT01-FTJ004,26.93,0.000,0.666012,16605,0.435592,0.055345,0,0,1,0.6600,宝安区,23,23,0,0,0,0,1
2021-03-05,589179428,20190000000000000003,900200000000000045,1,129.919,311.420,40456.667,2021-03-05 01:00:00.000,L2FT01-FTJ004,27.70,0.000,0.666012,16605,0.435592,0.055345,0,0,1,0.6600,宝安区,23,23,0,0,0,0,1
2021-03-05,589179428,20190000000000000003,900200000000000049,1,54.815,325.500,17772.500,2021-03-05 01:00:00.000,L2FT01-FTJ004,27.70,0.000,0.666012,16605,0.435592,0.055345,0,0,1,0.6600,宝安区,23,23,0,0,0,0,1
2021-03-05,589179428,20190000000000000003,900200000000000050,1,129.890,313.720,40746.667,2021-03-05 01:00:00.000,L2FT01-FTJ004,27.70,0.000,0.666012,16605,0.435592,0.055345,0,0,1,0.6600,宝安区,23,23,0,0,0,0,1
2021-03-05,589179428,20190000000000000003,900200000000000045,1,130.000,313.520,40754.000,2021-03-05 01:15:00.000,L2FT01-FTJ004,27.70,0.000,0.666012,16605,0.435592,0.055345,0,0,1,0.6600,宝安区,23,23,0,0,0,0,1
2021-03-05,589179428,20190000000000000003,900200000000000050,1,129.890,315.047,40920.667,2021-03-05 01:15:00.000,L2FT01-FTJ004,27.70,0.000,0.666012,16605,0.435592,0.055345,0,0,1,0.6600,宝安区,23,23,0,0,0,0,1
2021-03-05,589179428,20190000000000000003,900200000000000050,1,78.779,324.744,25364.444,2021-03-05 01:30:00.000,L2FT01-FTJ004,27.70,0.000,0.666012,16605,0.435592,0.055345,0,0,1,0.6600,宝安区,23,23,0,0,0,0,1
2021-03-05,589179428,20190000000000000003,900200000000000045,1,130.000,314.620,40896.000,2021-03-05 01:30:00.000,L2FT01-FTJ004,27.70,0.000,0.666012,16605,0.435592,0.055345,0,0,1,0.6600,宝安区,23,23,0,0,0,0,1
2021-03-05,589179428,20190000000000000003,900200000000000045,1,107.277,320.393,34183.333,2021-03-05 01:45:00.000,L2FT01-FTJ004,27.70,0.000,0.666012,16605,0.435592,0.055345,0,0,1,0.6600,宝安区,23,23,0,0,0,0,1
2021-03-05,589179428,20190000000000000003,900200000000000045,1,29.790,338.100,10070.000,2021-03-05 02:00:00.000,L2FT01-FTJ004,28.43,0.000,0.666012,16605,0.435592,0.055345,0,0,1,0.6600,宝安区,23,23,0,0,0,0,1
2021-03-05,589179428,20190000000000000003,900200000000000044,1,93.040,308.150,28820.000,2021-03-05 04:45:00.000,L2FT01-FTJ004,29.53,0.000,0.666012,16605,0.435592,0.055345,0,0,1,0.6600,宝安区,23,23,0,0,0,0,1
2021-03-05,589179428,20190000000000000003,900200000000000044,1,129.949,312.453,40597.333,2021-03-05 05:00:00.000,L2FT01-FTJ004,29.83,0.000,0.666012,16605,0.435592,0.055345,0,0,1,0.6600,宝安区,23,23,0,0,0,0,1
2021-03-05,589179428,20190000000000000003,900200000000000044,1,130.000,312.433,40613.333,2021-03-05 05:15:00.000,L2FT01-FTJ004,29.83,0.000,0.666012,16605,0.435592,0.055345,0,0,1,0.6600,宝安区,23,23,0,0,0,0,1
2021-03-05,589179428,20190000000000000003,900200000000000038,1,129.800,312.500,40560.000,2021-03-05 09:15:00.000,L2FT01-FTJ004,29.05,0.000,0.666012,16605,0.435592,0.055345,0,0,1,0.6600,宝安区,23,23,0,0,0,0,1
2021-03-05,589179428,20190000000000000003,900200000000000038,1,106.923,322.014,34172.857,2021-03-05 09:30:00.000,L2FT01-FTJ004,29.05,0.000,0.666012,16605,0.435592,0.055345,0,0,1,0.6600,宝安区,23,23,0,0,0,0,1
2021-03-05,589179428,20190000000000000003,900200000000000044,1,63.867,363.000,23620.000,2021-03-05 11:15:00.000,L2FT01-FTJ004,27.70,0.000,0.666012,16605,0.435592,0.055345,0,0,1,0.6600,宝安区,23,23,0,0,0,0,1
2021-03-05,589179428,20190000000000000003,900200000000000044,1,95.699,383.940,36736.667,2021-03-05 11:30:00.000,L2FT01-FTJ004,27.70,0.000,0.666012,16605,0.435592,0.055345,0,0,1,0.6600,宝安区,23,23,0,0,0,0,1
2021-03-05,589179428,20190000000000000003,900200000000000034,1,129.845,312.400,40560.000,2021-03-05 11:45:00.000,L2FT01-FTJ004,27.70,0.000,0.666012,16605,0.435592,0.055345,0,0,1,0.6600,宝安区,23,23,0,0,0,0,1
2021-03-05,589179428,20190000000000000003,900200000000000044,1,51.932,397.560,20619.333,2021-03-05 11:45:00.000,L2FT01-FTJ004,27.70,0.000,0.666012,16605,0.435592,0.055345,0,0,1,0.6600,宝安区,23,23,0,0,0,0,1
2021-03-05,589179428,20190000000000000003,900200000000000034,1,129.811,313.740,40722.667,2021-03-05 12:00:00.000,L2FT01-FTJ004,26.93,0.000,0.666012,16605,0.435592,0.055345,0,0,1,0.6600,宝安区,23,23,0,0,0,0,1
2021-03-05,589179428,20190000000000000003,900200000000000044,1,15.615,397.338,6243.077,2021-03-05 12:00:00.000,L2FT01-FTJ004,26.93,0.000,0.666012,16605,0.435592,0.055345,0,0,1,0.6600,宝安区,23,23,0,0,0,0,1
2021-03-05,589179428,20190000000000000003,900200000000000034,1,110.226,320.393,35072.857,2021-03-05 12:15:00.000,L2FT01-FTJ004,26.93,0.000,0.666012,16605,0.435592,0.055345,0,0,1,0.6600,宝安区,23,23,0,0,0,0,1
2021-03-05,589179428,20190000000000000003,900200000000000049,1,19.895,389.550,7745.000,2021-03-05 12:30:00.000,L2FT01-FTJ004,26.93,0.000,0.666012,16605,0.435592,0.055345,0,0,1,0.6600,宝安区,23,23,0,0,0,0,1
2021-03-05,589179428,20190000000000000003,900200000000000049,1,122.532,474.260,58113.333,2021-03-05 12:45:00.000,L2FT01-FTJ004,26.93,0.000,0.666012,16605,0.435592,0.055345,0,0,1,0.6600,宝安区,23,23,0,0,0,0,1
2021-03-05,589179428,20190000000000000003,900200000000000049,1,129.866,473.867,61536.000,2021-03-05 13:00:00.000,L2FT01-FTJ004,26.15,0.000,0.666012,16605,0.435592,0.055345,0,0,1,0.6600,宝安区,23,23,0,0,0,0,1
2021-03-05,589179428,20190000000000000003,900200000000000049,1,86.298,473.400,40858.667,2021-03-05 13:15:00.000,L2FT01-FTJ004,26.15,0.000,0.666012,16605,0.435592,0.055345,0,0,1,0.6600,宝安区,23,23,0,0,0,0,1
2021-03-05,589179428,20190000000000000003,900200000000000049,1,29.446,473.267,13935.556,2021-03-05 13:30:00.000,L2FT01-FTJ004,26.15,0.000,0.666012,16605,0.435592,0.055345,0,0,1,0.6600,宝安区,23,23,0,0,0,0,1
2021-03-05,589179428,20190000000000000003,900200000000000037,1,108.927,356.600,38900.000,2021-03-05 14:30:00.000,L2FT01-FTJ004,25.43,0.000,0.666012,16605,0.435592,0.055345,0,0,1,0.6600,宝安区,23,23,0,0,0,0,1
2021-03-05,589179428,20190000000000000003,900200000000000037,1,87.573,360.760,31601.333,2021-03-05 14:45:00.000,L2FT01-FTJ004,25.43,0.000,0.666012,16605,0.435592,0.055345,0,0,1,0.6600,宝安区,23,23,0,0,0,0,1
2021-03-05,589179428,20190000000000000003,900200000000000037,1,5.290,355.600,1880.000,2021-03-05 15:00:00.000,L2FT01-FTJ004,24.81,0.000,0.666012,16605,0.435592,0.055345,0,0,1,0.6600,宝安区,23,23,0,0,0,0,1
2021-03-05,589179428,20190000000000000003,900200000000000056,0,0.000,315.500,0.000,2021-03-05 15:00:00.000,L2FT01-FTJ004,24.81,0.000,0.666012,16605,0.435592,0.055345,0,0,1,0.6600,宝安区,23,23,0,0,0,0,1
2021-03-05,589179428,20190000000000000003,900200000000000052,1,83.167,458.183,40455.000,2021-03-05 15:45:00.000,L2FT01-FTJ004,24.81,0.000,0.666012,16605,0.435592,0.055345,0,0,1,0.6600,宝安区,23,23,0,0,0,0,1
2021-03-05,589179428,20190000000000000003,900200000000000052,1,82.295,487.133,40172.667,2021-03-05 16:00:00.000,L2FT01-FTJ004,24.33,0.000,0.666012,16605,0.435592,0.055345,0,0,1,0.6600,宝安区,23,23,0,0,0,0,1
2021-03-05,589179428,20190000000000000003,900200000000000038,1,129.890,311.180,40418.000,2021-03-05 16:15:00.000,L2FT01-FTJ004,24.33,0.000,0.666012,16605,0.435592,0.055345,0,0,1,0.6600,宝安区,23,23,0,0,0,0,1
2021-03-05,589179428,20190000000000000003,900200000000000052,1,61.765,485.867,30010.000,2021-03-05 16:15:00.000,L2FT01-FTJ004,24.33,0.000,0.666012,16605,0.435592,0.055345,0,0,1,0.6600,宝安区,23,23,0,0,0,0,1
2021-03-05,589179428,20190000000000000003,900200000000000032,1,115.408,312.144,35652.222,2021-03-05 16:30:00.000,L2FT01-FTJ004,24.33,0.000,0.666012,16605,0.435592,0.055345,0,0,1,0.6600,宝安区,23,23,0,0,0,0,1
2021-03-05,589179428,20190000000000000003,900200000000000038,1,129.800,313.313,40663.333,2021-03-05 16:30:00.000,L2FT01-FTJ004,24.33,0.000,0.666012,16605,0.435592,0.055345,0,0,1,0.6600,宝安区,23,23,0,0,0,0,1
2021-03-05,589179428,20190000000000000003,900200000000000052,1,61.213,489.687,29974.000,2021-03-05 16:30:00.000,L2FT01-FTJ004,24.33,0.000,0.666012,16605,0.435592,0.055345,0,0,1,0.6600,宝安区,23,23,0,0,0,0,1
2021-03-05,589179428,20190000000000000003,900200000000000038,1,90.452,312.960,28339.333,2021-03-05 16:45:00.000,L2FT01-FTJ004,24.33,0.000,0.666012,16605,0.435592,0.055345,0,0,1,0.6600,宝安区,23,23,0,0,0,0,1
2021-03-05,589179428,20190000000000000003,900200000000000052,1,60.890,492.300,29976.667,2021-03-05 16:45:00.000,L2FT01-FTJ004,24.33,0.000,0.666012,16605,0.435592,0.055345,0,0,1,0.6600,宝安区,23,23,0,0,0,0,1
2021-03-05,589179428,20190000000000000003,900200000000000032,1,129.956,310.387,40333.333,2021-03-05 16:45:00.000,L2FT01-FTJ004,24.33,0.000,0.666012,16605,0.435592,0.055345,0,0,1,0.6600,宝安区,23,23,0,0,0,0,1
2021-03-05,589179428,20190000000000000003,900200000000000038,1,71.237,312.873,22286.000,2021-03-05 17:00:00.000,L2FT01-FTJ004,24.03,0.000,0.666012,16605,0.435592,0.055345,0,0,1,0.6600,宝安区,23,23,0,0,0,0,1
2021-03-05,589179428,20190000000000000003,900200000000000034,1,130.048,313.821,40807.143,2021-03-05 17:00:00.000,L2FT01-FTJ004,24.03,0.000,0.666012,16605,0.435592,0.055345,0,0,1,0.6600,宝安区,23,23,0,0,0,0,1
2021-03-05,589179428,20190000000000000003,900200000000000032,1,129.993,311.207,40450.667,2021-03-05 17:00:00.000,L2FT01-FTJ004,24.03,0.000,0.666012,16605,0.435592,0.055345,0,0,1,0.6600,宝安区,23,23,0,0,0,0,1
2021-03-05,589179428,20190000000000000003,900200000000000032,1,129.993,313.287,40720.667,2021-03-05 17:15:00.000,L2FT01-FTJ004,24.03,0.000,0.666012,16605,0.435592,0.055345,0,0,1,0.6600,宝安区,23,23,0,0,0,0,1
2021-03-05,589179428,20190000000000000003,900200000000000034,1,127.703,315.792,40320.000,2021-03-05 17:15:00.000,L2FT01-FTJ004,24.03,0.000,0.666012,16605,0.435592,0.055345,0,0,1,0.6600,宝安区,23,23,0,0,0,0,1
2021-03-05,589179428,20190000000000000003,900200000000000038,1,65.557,317.993,20790.667,2021-03-05 17:15:00.000,L2FT01-FTJ004,24.03,0.000,0.666012,16605,0.435592,0.055345,0,0,1,0.6600,宝安区,23,23,0,0,0,0,1
2021-03-05,589179428,20190000000000000003,900200000000000044,1,137.602,314.288,43321.250,2021-03-05 17:15:00.000,L2FT01-FTJ004,24.03,0.000,0.666012,16605,0.435592,0.055345,0,0,1,0.6600,宝安区,23,23,0,0,0,0,1
2021-03-05,589179428,20190000000000000003,900200000000000032,1,130.000,314.460,40876.000,2021-03-05 17:30:00.000,L2FT01-FTJ004,24.03,0.000,0.666012,16605,0.435592,0.055345,0,0,1,0.6600,宝安区,23,23,0,0,0,0,1
2021-03-05,589179428,20190000000000000003,900200000000000038,1,29.890,332.450,9935.000,2021-03-05 17:30:00.000,L2FT01-FTJ004,24.03,0.000,0.666012,16605,0.435592,0.055345,0,0,1,0.6600,宝安区,23,23,0,0,0,0,1
2021-03-05,589179428,20190000000000000003,900200000000000044,1,149.955,315.307,47280.667,2021-03-05 17:30:00.000,L2FT01-FTJ004,24.03,0.000,0.666012,16605,0.435592,0.055345,0,0,1,0.6600,宝安区,23,23,0,0,0,0,1
2021-03-05,589179428,20190000000000000003,900200000000000032,1,126.644,316.233,40043.333,2021-03-05 17:45:00.000,L2FT01-FTJ004,24.03,0.000,0.666012,16605,0.435592,0.055345,0,0,1,0.6600,宝安区,23,23,0,0,0,0,1
2021-03-05,589179428,20190000000000000003,900200000000000036,1,131.876,312.480,41208.000,2021-03-05 17:45:00.000,L2FT01-FTJ004,24.03,0.000,0.666012,16605,0.435592,0.055345,0,0,1,0.6600,宝安区,23,23,0,0,0,0,1
2021-03-05,589179428,20190000000000000003,900200000000000036,1,129.885,314.013,40782.000,2021-03-05 18:00:00.000,L2FT01-FTJ004,23.93,0.000,0.666012,16605,0.435592,0.055345,0,0,1,0.6600,宝安区,23,23,0,0,0,0,1
2021-03-05,589179428,20190000000000000003,900200000000000036,1,130.228,314.947,41012.000,2021-03-05 18:15:00.000,L2FT01-FTJ004,23.93,0.000,0.666012,16605,0.435592,0.055345,0,0,1,0.6600,宝安区,23,23,0,0,0,0,1
2021-03-05,589179428,20190000000000000003,900200000000000036,1,130.492,318.967,41618.333,2021-03-05 18:30:00.000,L2FT01-FTJ004,23.93,0.000,0.666012,16605,0.435592,0.055345,0,0,1,0.6600,宝安区,23,23,0,0,0,0,1
2021-03-06,589179428,20190000000000000003,900200000000000049,1,130.055,309.915,40303.077,2021-03-06 00:00:00.000,L2FT01-FTJ004,26.93,0.000,0.666012,16605,0.435592,0.055345,0,0,0,0.6600,宝安区,23,23,0,0,0,0,1
2021-03-06,589179428,20190000000000000003,900200000000000049,1,130.032,311.186,40460.000,2021-03-06 00:15:00.000,L2FT01-FTJ004,26.93,0.000,0.666012,16605,0.435592,0.055345,0,0,0,0.6600,宝安区,23,23,0,0,0,0,1
2021-03-06,589179428,20190000000000000003,900200000000000049,1,130.090,312.987,40714.667,2021-03-06 00:30:00.000,L2FT01-FTJ004,26.93,0.000,0.666012,16605,0.435592,0.055345,0,0,0,0.6600,宝安区,23,23,0,0,0,0,1
2021-03-06,589179428,20190000000000000003,900200000000000044,1,129.850,308.377,40038.462,2021-03-06 00:30:00.000,L2FT01-FTJ004,26.93,0.000,0.666012,16605,0.435592,0.055345,0,0,0,0.6600,宝安区,23,23,0,0,0,0,1
2021-03-06,589179428,20190000000000000003,900200000000000044,1,129.884,311.087,40402.667,2021-03-06 00:45:00.000,L2FT01-FTJ004,26.93,0.000,0.666012,16605,0.435592,0.055345,0,0,0,0.6600,宝安区,23,23,0,0,0,0,1
2021-03-06,589179428,20190000000000000003,900200000000000049,1,130.066,314.387,40888.000,2021-03-06 00:45:00.000,L2FT01-FTJ004,26.93,0.000,0.666012,16605,0.435592,0.055345,0,0,0,0.6600,宝安区,23,23,0,0,0,0,1
2021-03-06,589179428,20190000000000000003,900200000000000044,1,129.963,312.000,40544.667,2021-03-06 01:00:00.000,L2FT01-FTJ004,27.70,0.000,0.666012,16605,0.435592,0.055345,0,0,0,0.6600,宝安区,23,23,0,0,0,0,1
2021-03-06,589179428,20190000000000000003,900200000000000049,1,130.090,315.507,41042.000,2021-03-06 01:00:00.000,L2FT01-FTJ004,27.70,0.000,0.666012,16605,0.435592,0.055345,0,0,0,0.6600,宝安区,23,23,0,0,0,0,1
2021-03-06,589179428,20190000000000000003,900200000000000044,1,130.000,314.140,40834.000,2021-03-06 01:15:00.000,L2FT01-FTJ004,27.70,0.000,0.666012,16605,0.435592,0.055345,0,0,0,0.6600,宝安区,23,23,0,0,0,0,1
2021-03-06,589179428,20190000000000000003,900200000000000049,1,105.398,321.231,33686.154,2021-03-06 01:15:00.000,L2FT01-FTJ004,27.70,0.000,0.666012,16605,0.435592,0.055345,0,0,0,0.6600,宝安区,23,23,0,0,0,0,1
2021-03-06,589179428,20190000000000000003,900200000000000044,1,130.000,320.080,41606.000,2021-03-06 01:30:00.000,L2FT01-FTJ004,27.70,0.000,0.666012,16605,0.435592,0.055345,0,0,0,0.6600,宝安区,23,23,0,0,0,0,1
2021-03-06,589179428,20190000000000000003,900200000000000044,1,65.206,323.062,21118.462,2021-03-06 01:45:00.000,L2FT01-FTJ004,27.70,0.000,0.666012,16605,0.435592,0.055345,0,0,0,0.6600,宝安区,23,23,0,0,0,0,1
2021-03-06,589179428,20190000000000000003,900200000000000042,1,199.851,312.814,62510.000,2021-03-06 03:00:00.000,L2FT01-FTJ004,29.05,0.000,0.666012,16605,0.435592,0.055345,0,0,0,0.6600,宝安区,23,23,0,0,0,0,1
2021-03-06,589179428,20190000000000000003,900200000000000042,1,199.893,315.447,63050.667,2021-03-06 03:15:00.000,L2FT01-FTJ004,29.05,0.000,0.666012,16605,0.435592,0.055345,0,0,0,0.6600,宝安区,23,23,0,0,0,0,1
2021-03-06,589179428,20190000000000000003,900200000000000049,1,129.891,303.793,39455.714,2021-03-06 03:15:00.000,L2FT01-FTJ004,29.05,0.000,0.666012,16605,0.435592,0.055345,0,0,0,0.6600,宝安区,23,23,0,0,0,0,1
2021-03-06,589179428,20190000000000000003,900200000000000042,1,191.205,318.760,60900.000,2021-03-06 03:30:00.000,L2FT01-FTJ004,29.05,0.000,0.666012,16605,0.435592,0.055345,0,0,0,0.6600,宝安区,23,23,0,0,0,0,1
2021-03-06,589179428,20190000000000000003,900200000000000049,1,129.993,308.920,40153.333,2021-03-06 03:30:00.000,L2FT01-FTJ004,29.05,0.000,0.666012,16605,0.435592,0.055345,0,0,0,0.6600,宝安区,23,23,0,0,0,0,1
2021-03-06,589179428,20190000000000000003,900200000000000042,1,43.190,330.500,14266.667,2021-03-06 03:45:00.000,L2FT01-FTJ004,29.05,0.000,0.666012,16605,0.435592,0.055345,0,0,0,0.6600,宝安区,23,23,0,0,0,0,1
2021-03-06,589179428,20190000000000000003,900200000000000049,1,130.000,311.047,40431.333,2021-03-06 03:45:00.000,L2FT01-FTJ004,29.05,0.000,0.666012,16605,0.435592,0.055345,0,0,0,0.6600,宝安区,23,23,0,0,0,0,1
2021-03-06,589179428,20190000000000000003,900200000000000049,1,130.000,312.053,40562.000,2021-03-06 04:00:00.000,L2FT01-FTJ004,29.53,0.000,0.666012,16605,0.435592,0.055345,0,0,0,0.6600,宝安区,23,23,0,0,0,0,1
2021-03-06,589179428,20190000000000000003,900200000000000049,1,130.042,313.733,40795.333,2021-03-06 04:15:00.000,L2FT01-FTJ004,29.53,0.000,0.666012,16605,0.435592,0.055345,0,0,0,0.6600,宝安区,23,23,0,0,0,0,1
2021-03-06,589179428,20190000000000000003,900200000000000049,1,130.090,314.720,40940.000,2021-03-06 04:30:00.000,L2FT01-FTJ004,29.53,0.000,0.666012,16605,0.435592,0.055345,0,0,0,0.6600,宝安区,23,23,0,0,0,0,1
2021-03-06,589179428,20190000000000000003,900200000000000049,1,130.042,316.773,41191.333,2021-03-06 04:45:00.000,L2FT01-FTJ004,29.53,0.000,0.666012,16605,0.435592,0.055345,0,0,0,0.6600,宝安区,23,23,0,0,0,0,1
2021-03-06,589179428,20190000000000000003,900200000000000037,1,117.727,356.683,41990.000,2021-03-06 05:00:00.000,L2FT01-FTJ004,29.83,0.000,0.666012,16605,0.435592,0.055345,0,0,0,0.6600,宝安区,23,23,0,0,0,0,1
2021-03-06,589179428,20190000000000000003,900200000000000049,1,51.525,327.150,16810.000,2021-03-06 05:00:00.000,L2FT01-FTJ004,29.83,0.000,0.666012,16605,0.435592,0.055345,0,0,0,0.6600,宝安区,23,23,0,0,0,0,1
2021-03-06,589179428,20190000000000000003,900200000000000037,1,114.344,358.680,41007.333,2021-03-06 05:15:00.000,L2FT01-FTJ004,29.83,0.000,0.666012,16605,0.435592,0.055345,0,0,0,0.6600,宝安区,23,23,0,0,0,0,1
2021-03-06,589179428,20190000000000000003,900200000000000037,1,80.137,357.307,28657.333,2021-03-06 05:30:00.000,L2FT01-FTJ004,29.83,0.000,0.666012,16605,0.435592,0.055345,0,0,0,0.6600,宝安区,23,23,0,0,0,0,1
2021-03-06,589179428,20190000000000000003,900200000000000037,1,41.758,358.692,14947.500,2021-03-06 05:45:00.000,L2FT01-FTJ004,29.83,0.000,0.666012,16605,0.435592,0.055345,0,0,0,0.6600,宝安区,23,23,0,0,0,0,1
2021-03-06,589179428,20190000000000000003,900200000000000038,1,99.875,365.353,36655.333,2021-03-06 11:00:00.000,L2FT01-FTJ004,27.70,0.000,0.666012,16605,0.435592,0.055345,0,0,0,0.6600,宝安区,23,23,0,0,0,0,1
2021-03-06,589179428,20190000000000000003,900200000000000038,1,59.879,363.600,21777.778,2021-03-06 11:15:00.000,L2FT01-FTJ004,27.70,0.000,0.666012,16605,0.435592,0.055345,0,0,0,0.6600,宝安区,23,23,0,0,0,0,1
2021-03-06,589179428,20190000000000000003,900200000000000050,1,50.966,350.575,17916.250,2021-03-06 11:45:00.000,L2FT01-FTJ004,27.70,0.000,0.666012,16605,0.435592,0.055345,0,0,0,0.6600,宝安区,23,23,0,0,0,0,1
2021-03-06,589179428,20190000000000000003,900200000000000050,1,49.734,358.950,17838.333,2021-03-06 12:00:00.000,L2FT01-FTJ004,26.93,0.000,0.666012,16605,0.435592,0.055345,0,0,0,0.6600,宝安区,23,23,0,0,0,0,1
2021-03-06,589179428,20190000000000000003,900200000000000045,1,75.541,367.738,28582.500,2021-03-06 13:30:00.000,L2FT01-FTJ004,26.15,0.000,0.666012,16605,0.435592,0.055345,0,0,0,0.6600,宝安区,23,23,0,0,0,0,1
2021-03-06,589179428,20190000000000000003,900200000000000045,1,58.040,387.480,22461.333,2021-03-06 13:45:00.000,L2FT01-FTJ004,26.15,0.000,0.666012,16605,0.435592,0.055345,0,0,0,0.6600,宝安区,23,23,0,0,0,0,1
2021-03-06,589179428,20190000000000000003,900200000000000045,1,34.000,395.470,13444.000,2021-03-06 14:00:00.000,L2FT01-FTJ004,25.43,0.000,0.666012,16605,0.435592,0.055345,0,0,0,0.6600,宝安区,23,23,0,0,0,0,1
2021-03-06,589179428,20190000000000000003,900200000000000049,1,122.651,364.964,44883.571,2021-03-06 14:00:00.000,L2FT01-FTJ004,25.43,0.000,0.666012,16605,0.435592,0.055345,0,0,0,0.6600,宝安区,23,23,0,0,0,0,1
2021-03-06,589179428,20190000000000000003,900200000000000049,1,100.580,382.067,38386.000,2021-03-06 14:15:00.000,L2FT01-FTJ004,25.43,0.000,0.666012,16605,0.435592,0.055345,0,0,0,0.6600,宝安区,23,23,0,0,0,0,1
2021-03-06,589179428,20190000000000000003,900200000000000049,1,56.110,397.820,22297.333,2021-03-06 14:30:00.000,L2FT01-FTJ004,25.43,0.000,0.666012,16605,0.435592,0.055345,0,0,0,0.6600,宝安区,23,23,0,0,0,0,1
2021-03-06,589179428,20190000000000000003,900200000000000049,1,28.694,405.420,11624.667,2021-03-06 14:45:00.000,L2FT01-FTJ004,25.43,0.000,0.666012,16605,0.435592,0.055345,0,0,0,0.6600,宝安区,23,23,0,0,0,0,1
2021-03-06,589179428,20190000000000000003,900200000000000049,1,18.690,407.400,7615.000,2021-03-06 15:00:00.000,L2FT01-FTJ004,24.81,0.000,0.666012,16605,0.435592,0.055345,0,0,0,0.6600,宝安区,23,23,0,0,0,0,1
2021-03-06,589179428,20190000000000000003,900200000000000053,1,118.067,310.918,36810.909,2021-03-06 16:30:00.000,L2FT01-FTJ004,24.33,0.000,0.666012,16605,0.435592,0.055345,0,0,0,0.6600,宝安区,23,23,0,0,0,0,1
2021-03-06,589179428,20190000000000000003,900200000000000044,1,149.890,316.750,47475.000,2021-03-06 16:45:00.000,L2FT01-FTJ004,24.33,0.000,0.666012,16605,0.435592,0.055345,0,0,0,0.6600,宝安区,23,23,0,0,0,0,1
2021-03-06,589179428,20190000000000000003,900200000000000053,1,129.889,314.087,40794.667,2021-03-06 16:45:00.000,L2FT01-FTJ004,24.33,0.000,0.666012,16605,0.435592,0.055345,0,0,0,0.6600,宝安区,23,23,0,0,0,0,1
2021-03-06,589179428,20190000000000000003,900200000000000053,1,129.927,315.707,41016.000,2021-03-06 17:00:00.000,L2FT01-FTJ004,24.03,0.000,0.666012,16605,0.435592,0.055345,0,0,0,0.6600,宝安区,23,23,0,0,0,0,1
2021-03-06,589179428,20190000000000000003,900200000000000053,1,55.976,322.140,18146.000,2021-03-06 17:15:00.000,L2FT01-FTJ004,24.03,0.000,0.666012,16605,0.435592,0.055345,0,0,0,0.6600,宝安区,23,23,0,0,0,0,1
2021-03-06,589179428,20190000000000000003,900200000000000050,1,129.807,313.710,40718.000,2021-03-06 17:30:00.000,L2FT01-FTJ004,24.03,0.000,0.666012,16605,0.435592,0.055345,0,0,0,0.6600,宝安区,23,23,0,0,0,0,1
2021-03-06,589179428,20190000000000000003,900200000000000050,1,129.818,314.667,40845.333,2021-03-06 17:45:00.000,L2FT01-FTJ004,24.03,0.000,0.666012,16605,0.435592,0.055345,0,0,0,0.6600,宝安区,23,23,0,0,0,0,1
2021-03-06,589179428,20190000000000000003,900200000000000056,1,93.138,351.440,33270.000,2021-03-06 17:45:00.000,L2FT01-FTJ004,24.03,0.000,0.666012,16605,0.435592,0.055345,0,0,0,0.6600,宝安区,23,23,0,0,0,0,1
2021-03-06,589179428,20190000000000000003,900200000000000045,1,49.790,344.447,17150.667,2021-03-06 17:45:00.000,L2FT01-FTJ004,24.03,0.000,0.666012,16605,0.435592,0.055345,0,0,0,0.6600,宝安区,23,23,0,0,0,0,1
2021-03-06,589179428,20190000000000000003,900200000000000038,1,201.320,316.025,63617.500,2021-03-06 18:00:00.000,L2FT01-FTJ004,23.93,0.000,0.666012,16605,0.435592,0.055345,0,0,0,0.6600,宝安区,23,23,0,0,0,0,1
2021-03-06,589179428,20190000000000000003,900200000000000045,1,49.790,354.633,17654.667,2021-03-06 18:00:00.000,L2FT01-FTJ004,23.93,0.000,0.666012,16605,0.435592,0.055345,0,0,0,0.6600,宝安区,23,23,0,0,0,0,1
2021-03-06,589179428,20190000000000000003,900200000000000050,1,100.929,322.856,32278.889,2021-03-06 18:00:00.000,L2FT01-FTJ004,23.93,0.000,0.666012,16605,0.435592,0.055345,0,0,0,0.6600,宝安区,23,23,0,0,0,0,1
2021-03-06,589179428,20190000000000000003,900200000000000056,1,144.889,365.633,52958.000,2021-03-06 18:00:00.000,L2FT01-FTJ004,23.93,0.000,0.666012,16605,0.435592,0.055345,0,0,0,0.6600,宝安区,23,23,0,0,0,0,1
2021-03-06,589179428,20190000000000000003,900200000000000056,1,124.774,382.060,47644.667,2021-03-06 18:15:00.000,L2FT01-FTJ004,23.93,0.000,0.666012,16605,0.435592,0.055345,0,0,0,0.6600,宝安区,23,23,0,0,0,0,1
2021-03-06,589179428,20190000000000000003,900200000000000038,1,173.906,311.829,55022.857,2021-03-06 18:15:00.000,L2FT01-FTJ004,23.93,0.000,0.666012,16605,0.435592,0.055345,0,0,0,0.6600,宝安区,23,23,0,0,0,0,1
2021-03-06,589179428,20190000000000000003,900200000000000045,1,29.823,361.327,10775.333,2021-03-06 18:15:00.000,L2FT01-FTJ004,23.93,0.000,0.666012,16605,0.435592,0.055345,0,0,0,0.6600,宝安区,23,23,0,0,0,0,1
2021-03-06,589179428,20190000000000000003,900200000000000056,1,70.047,396.980,27769.333,2021-03-06 18:30:00.000,L2FT01-FTJ004,23.93,0.000,0.666012,16605,0.435592,0.055345,0,0,0,0.6600,宝安区,23,23,0,0,0,0,1
2021-03-06,589179428,20190000000000000003,900200000000000050,1,129.808,308.255,40009.091,2021-03-06 18:30:00.000,L2FT01-FTJ004,23.93,0.000,0.666012,16605,0.435592,0.055345,0,0,0,0.6600,宝安区,23,23,0,0,0,0,1
2021-03-06,589179428,20190000000000000003,900200000000000045,1,19.890,364.987,7258.000,2021-03-06 18:30:00.000,L2FT01-FTJ004,23.93,0.000,0.666012,16605,0.435592,0.055345,0,0,0,0.6600,宝安区,23,23,0,0,0,0,1
2021-03-06,589179428,20190000000000000003,900200000000000034,1,120.230,312.967,37660.000,2021-03-06 18:45:00.000,L2FT01-FTJ004,23.93,0.000,0.666012,16605,0.435592,0.055345,0,0,0,0.6600,宝安区,23,23,0,0,0,0,1
2021-03-06,589179428,20190000000000000003,900200000000000045,1,19.890,369.773,7353.333,2021-03-06 18:45:00.000,L2FT01-FTJ004,23.93,0.000,0.666012,16605,0.435592,0.055345,0,0,0,0.6600,宝安区,23,23,0,0,0,0,1
2021-03-06,589179428,20190000000000000003,900200000000000050,1,129.842,310.060,40255.333,2021-03-06 18:45:00.000,L2FT01-FTJ004,23.93,0.000,0.666012,16605,0.435592,0.055345,0,0,0,0.6600,宝安区,23,23,0,0,0,0,1
2021-03-06,589179428,20190000000000000003,900200000000000056,1,19.533,400.987,7834.667,2021-03-06 18:45:00.000,L2FT01-FTJ004,23.93,0.000,0.666012,16605,0.435592,0.055345,0,0,0,0.6600,宝安区,23,23,0,0,0,0,1
2021-03-06,589179428,20190000000000000003,900200000000000056,1,15.365,402.600,6185.000,2021-03-06 19:00:00.000,L2FT01-FTJ004,24.03,0.000,0.666012,16605,0.435592,0.055345,0,0,0,0.6600,宝安区,23,23,0,0,0,0,1
2021-03-06,589179428,20190000000000000003,900200000000000047,1,103.840,321.540,32264.000,2021-03-06 19:00:00.000,L2FT01-FTJ004,24.03,0.000,0.666012,16605,0.435592,0.055345,0,0,0,0.6600,宝安区,23,23,0,0,0,0,1
2021-03-06,589179428,20190000000000000003,900200000000000050,1,129.890,310.713,40356.000,2021-03-06 19:00:00.000,L2FT01-FTJ004,24.03,0.000,0.666012,16605,0.435592,0.055345,0,0,0,0.6600,宝安区,23,23,0,0,0,0,1
2021-03-06,589179428,20190000000000000003,900200000000000034,1,103.866,315.386,32760.000,2021-03-06 19:00:00.000,L2FT01-FTJ004,24.03,0.000,0.666012,16605,0.435592,0.055345,0,0,0,0.6600,宝安区,23,23,0,0,0,0,1
2021-03-06,589179428,20190000000000000003,900200000000000045,1,16.038,374.073,5996.667,2021-03-06 19:00:00.000,L2FT01-FTJ004,24.03,0.000,0.666012,16605,0.435592,0.055345,0,0,0,0.6600,宝安区,23,23,0,0,0,0,1
2021-03-06,589179428,20190000000000000003,900200000000000047,1,129.808,313.125,40641.667,2021-03-06 19:15:00.000,L2FT01-FTJ004,24.03,0.000,0.666012,16605,0.435592,0.055345,0,0,0,0.6600,宝安区,23,23,0,0,0,0,1
2021-03-06,589179428,20190000000000000003,900200000000000050,1,129.890,312.827,40630.667,2021-03-06 19:15:00.000,L2FT01-FTJ004,24.03,0.000,0.666012,16605,0.435592,0.055345,0,0,0,0.6600,宝安区,23,23,0,0,0,0,1
2021-03-06,589179428,20190000000000000003,900200000000000034,1,96.084,401.885,38619.231,2021-03-06 19:30:00.000,L2FT01-FTJ004,24.03,0.000,0.666012,16605,0.435592,0.055345,0,0,0,0.6600,宝安区,23,23,0,0,0,0,1
2021-03-06,589179428,20190000000000000003,900200000000000050,1,129.890,314.447,40841.333,2021-03-06 19:30:00.000,L2FT01-FTJ004,24.03,0.000,0.666012,16605,0.435592,0.055345,0,0,0,0.6600,宝安区,23,23,0,0,0,0,1
2021-03-06,589179428,20190000000000000003,900200000000000050,1,129.890,315.700,41005.000,2021-03-06 19:45:00.000,L2FT01-FTJ004,24.03,0.000,0.666012,16605,0.435592,0.055345,0,0,0,0.6600,宝安区,23,23,0,0,0,0,1
2021-03-06,589179428,20190000000000000003,900200000000000034,1,79.959,409.287,32707.333,2021-03-06 19:45:00.000,L2FT01-FTJ004,24.03,0.000,0.666012,16605,0.435592,0.055345,0,0,0,0.6600,宝安区,23,23,0,0,0,0,1
2021-03-06,589179428,20190000000000000003,900200000000000045,1,49.734,322.714,16045.714,2021-03-06 20:00:00.000,L2FT01-FTJ004,24.33,0.000,0.666012,16605,0.435592,0.055345,0,0,0,0.6600,宝安区,23,23,0,0,0,0,1
2021-03-06,589179428,20190000000000000003,900200000000000034,1,70.991,420.233,29830.667,2021-03-06 20:00:00.000,L2FT01-FTJ004,24.33,0.000,0.666012,16605,0.435592,0.055345,0,0,0,0.6600,宝安区,23,23,0,0,0,0,1
2021-03-06,589179428,20190000000000000003,900200000000000034,1,68.965,434.633,29970.000,2021-03-06 20:15:00.000,L2FT01-FTJ004,24.33,0.000,0.666012,16605,0.435592,0.055345,0,0,0,0.6600,宝安区,23,23,0,0,0,0,1
2021-03-06,589179428,20190000000000000003,900200000000000045,1,49.311,326.287,16087.333,2021-03-06 20:15:00.000,L2FT01-FTJ004,24.33,0.000,0.666012,16605,0.435592,0.055345,0,0,0,0.6600,宝安区,23,23,0,0,0,0,1
2021-03-06,589179428,20190000000000000003,900200000000000034,1,44.430,445.631,19786.154,2021-03-06 20:30:00.000,L2FT01-FTJ004,24.33,0.000,0.666012,16605,0.435592,0.055345,0,0,0,0.6600,宝安区,23,23,0,0,0,0,1
2021-03-06,589179428,20190000000000000003,900200000000000037,1,112.193,351.133,39393.333,2021-03-06 20:30:00.000,L2FT01-FTJ004,24.33,0.000,0.666012,16605,0.435592,0.055345,0,0,0,0.6600,宝安区,23,23,0,0,0,0,1
2021-03-06,589179428,20190000000000000003,900200000000000045,1,50.179,331.567,16637.333,2021-03-06 20:30:00.000,L2FT01-FTJ004,24.33,0.000,0.666012,16605,0.435592,0.055345,0,0,0,0.6600,宝安区,23,23,0,0,0,0,1
2021-03-06,589179428,20190000000000000003,900200000000000037,1,108.963,354.393,38610.667,2021-03-06 20:45:00.000,L2FT01-FTJ004,24.33,0.000,0.666012,16605,0.435592,0.055345,0,0,0,0.6600,宝安区,23,23,0,0,0,0,1
2021-03-06,589179428,20190000000000000003,900200000000000045,1,51.179,339.653,17380.000,2021-03-06 20:45:00.000,L2FT01-FTJ004,24.33,0.000,0.666012,16605,0.435592,0.055345,0,0,0,0.6600,宝安区,23,23,0,0,0,0,1
2021-03-06,589179428,20190000000000000003,900200000000000037,1,102.317,355.713,36390.667,2021-03-06 21:00:00.000,L2FT01-FTJ004,24.81,0.000,0.666012,16605,0.435592,0.055345,0,0,0,0.6600,宝安区,23,23,0,0,0,0,1
2021-03-06,589179428,20190000000000000003,900200000000000045,1,49.439,349.333,17261.333,2021-03-06 21:00:00.000,L2FT01-FTJ004,24.81,0.000,0.666012,16605,0.435592,0.055345,0,0,0,0.6600,宝安区,23,23,0,0,0,0,1
2021-03-06,589179428,20190000000000000003,900200000000000037,1,86.091,355.843,30640.000,2021-03-06 21:15:00.000,L2FT01-FTJ004,24.81,0.000,0.666012,16605,0.435592,0.055345,0,0,0,0.6600,宝安区,23,23,0,0,0,0,1
2021-03-06,589179428,20190000000000000003,900200000000000045,1,37.462,354.910,13289.000,2021-03-06 21:15:00.000,L2FT01-FTJ004,24.81,0.000,0.666012,16605,0.435592,0.055345,0,0,0,0.6600,宝安区,23,23,0,0,0,0,1
2021-03-06,589179428,20190000000000000003,900200000000000049,1,119.918,307.500,36988.462,2021-03-06 23:00:00.000,L2FT01-FTJ004,26.15,0.000,0.666012,16605,0.435592,0.055345,0,0,0,0.6600,宝安区,23,23,0,0,0,0,1
2021-03-06,589179428,20190000000000000003,900200000000000049,1,130.036,310.440,40365.333,2021-03-06 23:15:00.000,L2FT01-FTJ004,26.15,0.000,0.666012,16605,0.435592,0.055345,0,0,0,0.6600,宝安区,23,23,0,0,0,0,1
2021-03-06,589179428,20190000000000000003,900200000000000049,1,130.029,311.333,40480.000,2021-03-06 23:30:00.000,L2FT01-FTJ004,26.15,0.000,0.666012,16605,0.435592,0.055345,0,0,0,0.6600,宝安区,23,23,0,0,0,0,1
2021-03-06,589179428,20190000000000000003,900200000000000049,1,130.000,313.027,40688.000,2021-03-06 23:45:00.000,L2FT01-FTJ004,26.15,0.000,0.666012,16605,0.435592,0.055345,0,0,0,0.6600,宝安区,23,23,0,0,0,0,1
2021-03-07,589179428,20190000000000000003,900200000000000049,1,130.000,314.033,40820.667,2021-03-07 00:00:00.000,L2FT01-FTJ004,26.93,0.000,0.666012,16605,0.435592,0.055345,0,0,0,0.6600,宝安区,23,23,0,0,0,0,1
2021-03-07,589179428,20190000000000000003,900200000000000049,1,130.000,315.053,40952.000,2021-03-07 00:15:00.000,L2FT01-FTJ004,26.93,0.000,0.666012,16605,0.435592,0.055345,0,0,0,0.6600,宝安区,23,23,0,0,0,0,1
2021-03-07,589179428,20190000000000000003,900200000000000049,1,102.147,321.558,32655.000,2021-03-07 00:30:00.000,L2FT01-FTJ004,26.93,0.000,0.666012,16605,0.435592,0.055345,0,0,0,0.6600,宝安区,23,23,0,0,0,0,1
2021-03-07,589179428,20190000000000000003,900200000000000043,1,89.890,382.800,34410.000,2021-03-07 01:15:00.000,L2FT01-FTJ004,27.70,0.000,0.666012,16605,0.435592,0.055345,0,0,0,0.6600,宝安区,23,23,0,0,0,0,1
2021-03-07,589179428,20190000000000000003,900200000000000043,1,124.139,397.400,49335.333,2021-03-07 01:30:00.000,L2FT01-FTJ004,27.70,0.000,0.666012,16605,0.435592,0.055345,0,0,0,0.6600,宝安区,23,23,0,0,0,0,1
2021-03-07,589179428,20190000000000000003,900200000000000043,1,122.800,409.413,50271.333,2021-03-07 01:45:00.000,L2FT01-FTJ004,27.70,0.000,0.666012,16605,0.435592,0.055345,0,0,0,0.6600,宝安区,23,23,0,0,0,0,1
2021-03-07,589179428,20190000000000000003,900200000000000043,1,104.755,427.987,44764.000,2021-03-07 02:00:00.000,L2FT01-FTJ004,28.43,0.000,0.666012,16605,0.435592,0.055345,0,0,0,0.6600,宝安区,23,23,0,0,0,0,1
2021-03-07,589179428,20190000000000000003,900200000000000043,1,47.937,439.193,21037.333,2021-03-07 02:15:00.000,L2FT01-FTJ004,28.43,0.000,0.666012,16605,0.435592,0.055345,0,0,0,0.6600,宝安区,23,23,0,0,0,0,1
2021-03-07,589179428,20190000000000000003,900200000000000043,1,34.890,443.500,15475.000,2021-03-07 02:30:00.000,L2FT01-FTJ004,28.43,0.000,0.666012,16605,0.435592,0.055345,0,0,0,0.6600,宝安区,23,23,0,0,0,0,1
2021-03-07,589179428,20190000000000000003,900200000000000056,1,71.690,305.300,21890.000,2021-03-07 05:45:00.000,L2FT01-FTJ004,29.83,0.000,0.666012,16605,0.435592,0.055345,0,0,0,0.6600,宝安区,23,23,0,0,0,0,1
2021-03-07,589179428,20190000000000000003,900200000000000056,1,71.442,307.517,21966.667,2021-03-07 06:00:00.000,L2FT01-FTJ004,29.93,0.000,0.666012,16605,0.435592,0.055345,0,0,0,0.6600,宝安区,23,23,0,0,0,0,1
2021-03-07,589179428,20190000000000000003,900200000000000039,1,61.790,338.600,20920.000,2021-03-07 06:30:00.000,L2FT01-FTJ004,29.93,0.000,0.666012,16605,0.435592,0.055345,0,0,0,0.6600,宝安区,23,23,0,0,0,0,1
2021-03-07,589179428,20190000000000000003,900200000000000056,1,57.154,455.862,26484.615,2021-03-07 06:30:00.000,L2FT01-FTJ004,29.93,0.000,0.666012,16605,0.435592,0.055345,0,0,0,0.6600,宝安区,23,23,0,0,0,0,1
2021-03-07,589179428,20190000000000000003,900200000000000039,1,54.277,343.973,18661.333,2021-03-07 06:45:00.000,L2FT01-FTJ004,29.93,0.000,0.666012,16605,0.435592,0.055345,0,0,0,0.6600,宝安区,23,23,0,0,0,0,1
2021-03-07,589179428,20190000000000000003,900200000000000056,1,63.890,467.300,29856.667,2021-03-07 06:45:00.000,L2FT01-FTJ004,29.93,0.000,0.666012,16605,0.435592,0.055345,0,0,0,0.6600,宝安区,23,23,0,0,0,0,1
2021-03-07,589179428,20190000000000000003,900200000000000039,1,36.653,350.440,12836.667,2021-03-07 07:00:00.000,L2FT01-FTJ004,29.83,0.000,0.666012,16605,0.435592,0.055345,0,0,0,0.6600,宝安区,23,23,0,0,0,0,1
2021-03-07,589179428,20190000000000000003,900200000000000039,1,21.593,353.207,7624.000,2021-03-07 07:15:00.000,L2FT01-FTJ004,29.83,0.000,0.666012,16605,0.435592,0.055345,0,0,0,0.6600,宝安区,23,23,0,0,0,0,1
2021-03-07,589179428,20190000000000000003,900200000000000039,1,16.278,355.947,5791.333,2021-03-07 07:30:00.000,L2FT01-FTJ004,29.83,0.000,0.666012,16605,0.435592,0.055345,0,0,0,0.6600,宝安区,23,23,0,0,0,0,1
2021-03-07,589179428,20190000000000000003,900200000000000039,1,12.031,358.040,4304.667,2021-03-07 07:45:00.000,L2FT01-FTJ004,29.83,0.000,0.666012,16605,0.435592,0.055345,0,0,0,0.6600,宝安区,23,23,0,0,0,0,1
2021-03-07,589179428,20190000000000000003,900200000000000039,1,10.823,359.953,3894.667,2021-03-07 08:00:00.000,L2FT01-FTJ004,29.53,0.000,0.666012,16605,0.435592,0.055345,0,0,0,0.6600,宝安区,23,23,0,0,0,0,1
2021-03-07,589179428,20190000000000000003,900200000000000039,1,10.890,362.067,3942.000,2021-03-07 08:15:00.000,L2FT01-FTJ004,29.53,0.000,0.666012,16605,0.435592,0.055345,0,0,0,0.6600,宝安区,23,23,0,0,0,0,1
2021-03-07,589179428,20190000000000000003,900200000000000039,1,10.890,364.240,3964.667,2021-03-07 08:30:00.000,L2FT01-FTJ004,29.53,0.000,0.666012,16605,0.435592,0.055345,0,0,0,0.6600,宝安区,23,23,0,0,0,0,1
2021-03-07,589179428,20190000000000000003,900200000000000039,1,10.237,366.387,3748.000,2021-03-07 08:45:00.000,L2FT01-FTJ004,29.53,0.000,0.666012,16605,0.435592,0.055345,0,0,0,0.6600,宝安区,23,23,0,0,0,0,1
2021-03-07,589179428,20190000000000000003,900200000000000039,1,8.257,367.300,3030.000,2021-03-07 09:00:00.000,L2FT01-FTJ004,29.05,0.000,0.666012,16605,0.435592,0.055345,0,0,0,0.6600,宝安区,23,23,0,0,0,0,1
2021-03-07,589179428,20190000000000000003,900200000000000044,1,149.908,311.117,46635.000,2021-03-07 14:00:00.000,L2FT01-FTJ004,25.43,0.000,0.666012,16605,0.435592,0.055345,0,0,0,0.6600,宝安区,23,23,0,0,0,0,1
2021-03-07,589179428,20190000000000000003,900200000000000044,1,150.013,313.720,47058.000,2021-03-07 14:15:00.000,L2FT01-FTJ004,25.43,0.000,0.666012,16605,0.435592,0.055345,0,0,0,0.6600,宝安区,23,23,0,0,0,0,1
2021-03-07,589179428,20190000000000000003,900200000000000044,1,150.013,315.433,47316.667,2021-03-07 14:30:00.000,L2FT01-FTJ004,25.43,0.000,0.666012,16605,0.435592,0.055345,0,0,0,0.6600,宝安区,23,23,0,0,0,0,1
2021-03-07,589179428,20190000000000000003,900200000000000052,1,72.893,328.057,23984.286,2021-03-07 14:30:00.000,L2FT01-FTJ004,25.43,0.000,0.666012,16605,0.435592,0.055345,0,0,0,0.6600,宝安区,23,23,0,0,0,0,1
2021-03-07,589179428,20190000000000000003,900200000000000052,1,57.499,328.307,18882.667,2021-03-07 14:45:00.000,L2FT01-FTJ004,25.43,0.000,0.666012,16605,0.435592,0.055345,0,0,0,0.6600,宝安区,23,23,0,0,0,0,1
2021-03-07,589179428,20190000000000000003,900200000000000044,1,128.599,319.814,41005.000,2021-03-07 14:45:00.000,L2FT01-FTJ004,25.43,0.000,0.666012,16605,0.435592,0.055345,0,0,0,0.6600,宝安区,23,23,0,0,0,0,1
2021-03-07,589179428,20190000000000000003,900200000000000052,1,46.063,330.427,15214.000,2021-03-07 15:00:00.000,L2FT01-FTJ004,24.81,0.000,0.666012,16605,0.435592,0.055345,0,0,0,0.6600,宝安区,23,23,0,0,0,0,1
2021-03-07,589179428,20190000000000000003,900200000000000056,1,67.790,319.300,21640.000,2021-03-07 15:15:00.000,L2FT01-FTJ004,24.81,0.000,0.666012,16605,0.435592,0.055345,0,0,0,0.6600,宝安区,23,23,0,0,0,0,1
2021-03-07,589179428,20190000000000000003,900200000000000056,1,67.803,325.027,22036.667,2021-03-07 15:30:00.000,L2FT01-FTJ004,24.81,0.000,0.666012,16605,0.435592,0.055345,0,0,0,0.6600,宝安区,23,23,0,0,0,0,1
2021-03-07,589179428,20190000000000000003,900200000000000056,1,67.790,331.214,22451.429,2021-03-07 15:45:00.000,L2FT01-FTJ004,24.81,0.000,0.666012,16605,0.435592,0.055345,0,0,0,0.6600,宝安区,23,23,0,0,0,0,1
2021-03-07,589179428,20190000000000000003,900200000000000038,1,121.723,309.857,37720.000,2021-03-07 16:15:00.000,L2FT01-FTJ004,24.33,0.000,0.666012,16605,0.435592,0.055345,0,0,0,0.6600,宝安区,23,23,0,0,0,0,1
2021-03-07,589179428,20190000000000000003,900200000000000038,1,108.178,311.133,33663.333,2021-03-07 16:30:00.000,L2FT01-FTJ004,24.33,0.000,0.666012,16605,0.435592,0.055345,0,0,0,0.6600,宝安区,23,23,0,0,0,0,1
2021-03-07,589179428,20190000000000000003,900200000000000044,1,64.900,330.450,20385.000,2021-03-07 16:45:00.000,L2FT01-FTJ004,24.33,0.000,0.666012,16605,0.435592,0.055345,0,0,0,0.6600,宝安区,23,23,0,0,0,0,1
2021-03-07,589179428,20190000000000000003,900200000000000038,1,129.824,311.380,40420.000,2021-03-07 16:45:00.000,L2FT01-FTJ004,24.33,0.000,0.666012,16605,0.435592,0.055345,0,0,0,0.6600,宝安区,23,23,0,0,0,0,1
2021-03-07,589179428,20190000000000000003,900200000000000038,1,129.848,313.280,40676.000,2021-03-07 17:00:00.000,L2FT01-FTJ004,24.03,0.000,0.666012,16605,0.435592,0.055345,0,0,0,0.6600,宝安区,23,23,0,0,0,0,1
2021-03-07,589179428,20190000000000000003,900200000000000044,1,130.835,314.420,41133.333,2021-03-07 17:00:00.000,L2FT01-FTJ004,24.03,0.000,0.666012,16605,0.435592,0.055345,0,0,0,0.6600,宝安区,23,23,0,0,0,0,1
2021-03-07,589179428,20190000000000000003,900200000000000038,1,129.934,314.573,40871.333,2021-03-07 17:15:00.000,L2FT01-FTJ004,24.03,0.000,0.666012,16605,0.435592,0.055345,0,0,0,0.6600,宝安区,23,23,0,0,0,0,1
2021-03-07,589179428,20190000000000000003,900200000000000044,1,111.559,318.992,35447.500,2021-03-07 17:15:00.000,L2FT01-FTJ004,24.03,0.000,0.666012,16605,0.435592,0.055345,0,0,0,0.6600,宝安区,23,23,0,0,0,0,1
2021-03-07,589179428,20190000000000000003,900200000000000038,1,102.005,320.721,32517.857,2021-03-07 17:30:00.000,L2FT01-FTJ004,24.03,0.000,0.666012,16605,0.435592,0.055345,0,0,0,0.6600,宝安区,23,23,0,0,0,0,1
2021-03-07,589179428,20190000000000000003,900200000000000053,1,130.097,313.000,40713.333,2021-03-07 18:30:00.000,L2FT01-FTJ004,23.93,0.000,0.666012,16605,0.435592,0.055345,0,0,0,0.6600,宝安区,23,23,0,0,0,0,1
2021-03-07,589179428,20190000000000000003,900200000000000053,1,129.800,314.420,40804.000,2021-03-07 18:45:00.000,L2FT01-FTJ004,23.93,0.000,0.666012,16605,0.435592,0.055345,0,0,0,0.6600,宝安区,23,23,0,0,0,0,1
2021-03-07,589179428,20190000000000000003,900200000000000039,1,18.000,323.500,5820.000,2021-03-07 19:30:00.000,L2FT01-FTJ004,24.03,0.000,0.666012,16605,0.435592,0.055345,0,0,0,0.6600,宝安区,23,23,0,0,0,0,1
2021-03-07,589179428,20190000000000000003,900200000000000039,1,120.412,337.853,40894.000,2021-03-07 19:45:00.000,L2FT01-FTJ004,24.03,0.000,0.666012,16605,0.435592,0.055345,0,0,0,0.6600,宝安区,23,23,0,0,0,0,1
2021-03-07,589179428,20190000000000000003,900200000000000039,1,136.281,348.527,47495.333,2021-03-07 20:00:00.000,L2FT01-FTJ004,24.33,0.000,0.666012,16605,0.435592,0.055345,0,0,0,0.6600,宝安区,23,23,0,0,0,0,1
2021-03-07,589179428,20190000000000000003,900200000000000039,1,136.390,354.100,48290.000,2021-03-07 20:15:00.000,L2FT01-FTJ004,24.33,0.000,0.666012,16605,0.435592,0.055345,0,0,0,0.6600,宝安区,23,23,0,0,0,0,1
2021-03-07,589179428,20190000000000000003,900200000000000035,1,118.998,304.433,36998.333,2021-03-07 23:15:00.000,L2FT01-FTJ004,26.15,0.000,0.666012,16605,0.435592,0.055345,0,0,0,0.6600,宝安区,23,23,0,0,0,0,1
2021-03-07,589179428,20190000000000000003,900200000000000035,1,129.889,311.613,40471.333,2021-03-07 23:30:00.000,L2FT01-FTJ004,26.15,0.000,0.666012,16605,0.435592,0.055345,0,0,0,0.6600,宝安区,23,23,0,0,0,0,1
2021-03-07,589179428,20190000000000000003,900200000000000035,1,129.866,313.747,40742.000,2021-03-07 23:45:00.000,L2FT01-FTJ004,26.15,0.000,0.666012,16605,0.435592,0.055345,0,0,0,0.6600,宝安区,23,23,0,0,0,0,1
2021-03-08,589179428,20190000000000000003,900200000000000035,1,129.890,314.987,40912.000,2021-03-08 00:00:00.000,L2FT01-FTJ004,26.93,0.000,0.666012,16605,0.435592,0.055345,0,0,1,0.6600,宝安区,23,23,0,0,0,0,1
2021-03-08,589179428,20190000000000000003,900200000000000035,1,106.360,319.854,33869.231,2021-03-08 00:15:00.000,L2FT01-FTJ004,26.93,0.000,0.666012,16605,0.435592,0.055345,0,0,1,0.6600,宝安区,23,23,0,0,0,0,1
2021-03-08,589179428,20190000000000000003,900200000000000056,1,50.957,362.111,18483.333,2021-03-08 00:45:00.000,L2FT01-FTJ004,26.93,0.000,0.666012,16605,0.435592,0.055345,0,0,1,0.6600,宝安区,23,23,0,0,0,0,1
2021-03-08,589179428,20190000000000000003,900200000000000050,1,200.608,312.189,62618.889,2021-03-08 01:00:00.000,L2FT01-FTJ004,27.70,0.000,0.666012,16605,0.435592,0.055345,0,0,1,0.6600,宝安区,23,23,0,0,0,0,1
2021-03-08,589179428,20190000000000000003,900200000000000056,1,54.790,373.067,20438.000,2021-03-08 01:00:00.000,L2FT01-FTJ004,27.70,0.000,0.666012,16605,0.435592,0.055345,0,0,1,0.6600,宝安区,23,23,0,0,0,0,1
2021-03-08,589179428,20190000000000000003,900200000000000050,1,199.818,313.827,62701.333,2021-03-08 01:15:00.000,L2FT01-FTJ004,27.70,0.000,0.666012,16605,0.435592,0.055345,0,0,1,0.6600,宝安区,23,23,0,0,0,0,1
2021-03-08,589179428,20190000000000000003,900200000000000056,1,54.790,387.253,21216.667,2021-03-08 01:15:00.000,L2FT01-FTJ004,27.70,0.000,0.666012,16605,0.435592,0.055345,0,0,1,0.6600,宝安区,23,23,0,0,0,0,1
2021-03-08,589179428,20190000000000000003,900200000000000050,1,199.890,315.807,63121.333,2021-03-08 01:30:00.000,L2FT01-FTJ004,27.70,0.000,0.666012,16605,0.435592,0.055345,0,0,1,0.6600,宝安区,23,23,0,0,0,0,1
2021-03-08,589179428,20190000000000000003,900200000000000056,1,29.563,394.960,11676.000,2021-03-08 01:30:00.000,L2FT01-FTJ004,27.70,0.000,0.666012,16605,0.435592,0.055345,0,0,1,0.6600,宝安区,23,23,0,0,0,0,1
2021-03-08,589179428,20190000000000000003,900200000000000050,1,156.401,319.127,49846.000,2021-03-08 01:45:00.000,L2FT01-FTJ004,27.70,0.000,0.666012,16605,0.435592,0.055345,0,0,1,0.6600,宝安区,23,23,0,0,0,0,1
2021-03-08,589179428,20190000000000000003,900200000000000056,1,9.383,395.573,3711.333,2021-03-08 01:45:00.000,L2FT01-FTJ004,27.70,0.000,0.666012,16605,0.435592,0.055345,0,0,1,0.6600,宝安区,23,23,0,0,0,0,1
2021-03-08,589179428,20190000000000000003,900200000000000056,1,62.340,372.133,22533.333,2021-03-08 02:00:00.000,L2FT01-FTJ004,28.43,0.000,0.666012,16605,0.435592,0.055345,0,0,1,0.6600,宝安区,23,23,0,0,0,0,1
2021-03-08,589179428,20190000000000000003,900200000000000050,1,14.895,284.150,4905.000,2021-03-08 02:00:00.000,L2FT01-FTJ004,28.43,0.000,0.666012,16605,0.435592,0.055345,0,0,1,0.6600,宝安区,23,23,0,0,0,0,1
2021-03-08,589179428,20190000000000000003,900200000000000056,1,29.733,363.000,10794.667,2021-03-08 02:15:00.000,L2FT01-FTJ004,28.43,0.000,0.666012,16605,0.435592,0.055345,0,0,1,0.6600,宝安区,23,23,0,0,0,0,1
2021-03-08,589179428,20190000000000000003,900200000000000056,1,12.790,363.725,4650.000,2021-03-08 02:30:00.000,L2FT01-FTJ004,28.43,0.000,0.666012,16605,0.435592,0.055345,0,0,1,0.6600,宝安区,23,23,0,0,0,0,1
2021-03-08,589179428,20190000000000000003,900200000000000052,1,110.895,354.450,39368.333,2021-03-08 12:15:00.000,L2FT01-FTJ004,26.93,0.000,0.666012,16605,0.435592,0.055345,0,0,1,0.6600,宝安区,23,23,0,0,0,0,1
2021-03-08,589179428,20190000000000000003,900200000000000052,1,105.948,359.527,38072.667,2021-03-08 12:30:00.000,L2FT01-FTJ004,26.93,0.000,0.666012,16605,0.435592,0.055345,0,0,1,0.6600,宝安区,23,23,0,0,0,0,1
2021-03-08,589179428,20190000000000000003,900200000000000056,1,129.827,370.390,48084.000,2021-03-08 12:30:00.000,L2FT01-FTJ004,26.93,0.000,0.666012,16605,0.435592,0.055345,0,0,1,0.6600,宝安区,23,23,0,0,0,0,1
2021-03-08,589179428,20190000000000000003,900200000000000052,1,18.757,358.567,6766.667,2021-03-08 12:45:00.000,L2FT01-FTJ004,26.93,0.000,0.666012,16605,0.435592,0.055345,0,0,1,0.6600,宝安区,23,23,0,0,0,0,1
2021-03-08,589179428,20190000000000000003,900200000000000056,1,93.254,372.980,34880.667,2021-03-08 12:45:00.000,L2FT01-FTJ004,26.93,0.000,0.666012,16605,0.435592,0.055345,0,0,1,0.6600,宝安区,23,23,0,0,0,0,1
2021-03-08,589179428,20190000000000000003,900200000000000056,1,12.363,367.073,4542.667,2021-03-08 13:00:00.000,L2FT01-FTJ004,26.15,0.000,0.666012,16605,0.435592,0.055345,0,0,1,0.6600,宝安区,23,23,0,0,0,0,1
2021-03-08,589179428,20190000000000000003,900200000000000056,1,5.790,366.500,2121.111,2021-03-08 13:15:00.000,L2FT01-FTJ004,26.15,0.000,0.666012,16605,0.435592,0.055345,0,0,1,0.6600,宝安区,23,23,0,0,0,0,1
2021-03-08,589179428,20190000000000000003,900200000000000037,1,85.569,453.214,41757.143,2021-03-08 14:45:00.000,L2FT01-FTJ004,25.43,0.000,0.666012,16605,0.435592,0.055345,0,0,1,0.6600,宝安区,23,23,0,0,0,0,1
2021-03-08,589179428,20190000000000000003,900200000000000037,1,99.824,491.113,49024.667,2021-03-08 15:00:00.000,L2FT01-FTJ004,24.81,0.000,0.666012,16605,0.435592,0.055345,0,0,1,0.6600,宝安区,23,23,0,0,0,0,1
2021-03-08,589179428,20190000000000000003,900200000000000037,1,99.806,495.987,49501.333,2021-03-08 15:15:00.000,L2FT01-FTJ004,24.81,0.000,0.666012,16605,0.435592,0.055345,0,0,1,0.6600,宝安区,23,23,0,0,0,0,1
2021-03-08,589179428,20190000000000000003,900200000000000037,1,16.658,505.067,8399.167,2021-03-08 15:30:00.000,L2FT01-FTJ004,24.81,0.000,0.666012,16605,0.435592,0.055345,0,0,1,0.6600,宝安区,23,23,0,0,0,0,1
2021-03-08,589179428,20190000000000000003,900200000000000042,1,115.408,305.144,36244.444,2021-03-08 16:45:00.000,L2FT01-FTJ004,24.33,0.000,0.666012,16605,0.435592,0.055345,0,0,1,0.6600,宝安区,23,23,0,0,0,0,1
2021-03-08,589179428,20190000000000000003,900200000000000042,1,123.677,316.420,39090.667,2021-03-08 17:00:00.000,L2FT01-FTJ004,24.03,0.000,0.666012,16605,0.435592,0.055345,0,0,1,0.6600,宝安区,23,23,0,0,0,0,1
2021-03-08,589179428,20190000000000000003,900200000000000047,1,185.772,317.923,58991.538,2021-03-08 17:15:00.000,L2FT01-FTJ004,24.03,0.000,0.666012,16605,0.435592,0.055345,0,0,1,0.6600,宝安区,23,23,0,0,0,0,1
2021-03-08,589179428,20190000000000000003,900200000000000047,1,203.850,321.400,65515.000,2021-03-08 17:30:00.000,L2FT01-FTJ004,24.03,0.000,0.666012,16605,0.435592,0.055345,0,0,1,0.6600,宝安区,23,23,0,0,0,0,1
2021-03-08,589179428,20190000000000000003,900200000000000034,1,99.850,310.600,31490.000,2021-03-08 18:00:00.000,L2FT01-FTJ004,23.93,0.000,0.666012,16605,0.435592,0.055345,0,0,1,0.6600,宝安区,23,23,0,0,0,0,1
2021-03-08,589179428,20190000000000000003,900200000000000048,1,130.082,310.678,40408.889,2021-03-08 18:00:00.000,L2FT01-FTJ004,23.93,0.000,0.666012,16605,0.435592,0.055345,0,0,1,0.6600,宝安区,23,23,0,0,0,0,1
2021-03-08,589179428,20190000000000000003,900200000000000034,1,204.930,316.436,64842.727,2021-03-08 18:15:00.000,L2FT01-FTJ004,23.93,0.000,0.666012,16605,0.435592,0.055345,0,0,1,0.6600,宝安区,23,23,0,0,0,0,1
2021-03-08,589179428,20190000000000000003,900200000000000048,1,129.824,313.720,40725.333,2021-03-08 18:15:00.000,L2FT01-FTJ004,23.93,0.000,0.666012,16605,0.435592,0.055345,0,0,1,0.6600,宝安区,23,23,0,0,0,0,1
2021-03-08,589179428,20190000000000000003,900200000000000037,1,129.811,311.337,40408.750,2021-03-08 18:30:00.000,L2FT01-FTJ004,23.93,0.000,0.666012,16605,0.435592,0.055345,0,0,1,0.6600,宝安区,23,23,0,0,0,0,1
2021-03-08,589179428,20190000000000000003,900200000000000048,1,129.848,316.280,41065.333,2021-03-08 18:30:00.000,L2FT01-FTJ004,23.93,0.000,0.666012,16605,0.435592,0.055345,0,0,1,0.6600,宝安区,23,23,0,0,0,0,1
2021-03-08,589179428,20190000000000000003,900200000000000048,1,122.330,355.762,45661.250,2021-03-08 18:45:00.000,L2FT01-FTJ004,23.93,0.000,0.666012,16605,0.435592,0.055345,0,0,1,0.6600,宝安区,23,23,0,0,0,0,1
2021-03-08,589179428,20190000000000000003,900200000000000037,1,129.869,311.613,40464.667,2021-03-08 18:45:00.000,L2FT01-FTJ004,23.93,0.000,0.666012,16605,0.435592,0.055345,0,0,1,0.6600,宝安区,23,23,0,0,0,0,1
2021-03-08,589179428,20190000000000000003,900200000000000037,1,129.890,312.700,40610.000,2021-03-08 19:00:00.000,L2FT01-FTJ004,24.03,0.000,0.666012,16605,0.435592,0.055345,0,0,1,0.6600,宝安区,23,23,0,0,0,0,1
2021-03-08,589179428,20190000000000000003,900200000000000048,1,149.863,400.960,60088.000,2021-03-08 19:00:00.000,L2FT01-FTJ004,24.03,0.000,0.666012,16605,0.435592,0.055345,0,0,1,0.6600,宝安区,23,23,0,0,0,0,1
2021-03-08,589179428,20190000000000000003,900200000000000048,1,129.945,419.113,54412.000,2021-03-08 19:15:00.000,L2FT01-FTJ004,24.03,0.000,0.666012,16605,0.435592,0.055345,0,0,1,0.6600,宝安区,23,23,0,0,0,0,1
2021-03-08,589179428,20190000000000000003,900200000000000048,1,94.368,427.075,40302.500,2021-03-08 19:30:00.000,L2FT01-FTJ004,24.03,0.000,0.666012,16605,0.435592,0.055345,0,0,1,0.6600,宝安区,23,23,0,0,0,0,1
2021-03-08,589179428,20190000000000000003,900200000000000056,1,49.899,347.217,17325.833,2021-03-08 20:00:00.000,L2FT01-FTJ004,24.33,0.000,0.666012,16605,0.435592,0.055345,0,0,1,0.6600,宝安区,23,23,0,0,0,0,1
2021-03-08,589179428,20190000000000000003,900200000000000056,1,49.877,356.560,17780.667,2021-03-08 20:15:00.000,L2FT01-FTJ004,24.33,0.000,0.666012,16605,0.435592,0.055345,0,0,1,0.6600,宝安区,23,23,0,0,0,0,1
2021-03-08,589179428,20190000000000000003,900200000000000056,1,27.817,361.853,10076.000,2021-03-08 20:30:00.000,L2FT01-FTJ004,24.33,0.000,0.666012,16605,0.435592,0.055345,0,0,1,0.6600,宝安区,23,23,0,0,0,0,1
2021-03-08,589179428,20190000000000000003,900200000000000035,1,92.850,349.643,32994.286,2021-03-08 20:45:00.000,L2FT01-FTJ004,24.33,0.000,0.666012,16605,0.435592,0.055345,0,0,1,0.6600,宝安区,23,23,0,0,0,0,1
2021-03-08,589179428,20190000000000000003,900200000000000056,1,19.790,364.860,7219.333,2021-03-08 20:45:00.000,L2FT01-FTJ004,24.33,0.000,0.666012,16605,0.435592,0.055345,0,0,1,0.6600,宝安区,23,23,0,0,0,0,1
2021-03-08,589179428,20190000000000000003,900200000000000035,1,91.633,363.653,33282.000,2021-03-08 21:00:00.000,L2FT01-FTJ004,24.81,0.000,0.666012,16605,0.435592,0.055345,0,0,1,0.6600,宝安区,23,23,0,0,0,0,1
2021-03-08,589179428,20190000000000000003,900200000000000056,1,9.883,366.393,3620.667,2021-03-08 21:00:00.000,L2FT01-FTJ004,24.81,0.000,0.666012,16605,0.435592,0.055345,0,0,1,0.6600,宝安区,23,23,0,0,0,0,1
2021-03-08,589179428,20190000000000000003,900200000000000035,1,76.690,380.347,29168.000,2021-03-08 21:15:00.000,L2FT01-FTJ004,24.81,0.000,0.666012,16605,0.435592,0.055345,0,0,1,0.6600,宝安区,23,23,0,0,0,0,1
2021-03-08,589179428,20190000000000000003,900200000000000056,1,9.890,367.680,3636.000,2021-03-08 21:15:00.000,L2FT01-FTJ004,24.81,0.000,0.666012,16605,0.435592,0.055345,0,0,1,0.6600,宝安区,23,23,0,0,0,0,1
2021-03-08,589179428,20190000000000000003,900200000000000035,1,49.712,397.527,19716.000,2021-03-08 21:30:00.000,L2FT01-FTJ004,24.81,0.000,0.666012,16605,0.435592,0.055345,0,0,1,0.6600,宝安区,23,23,0,0,0,0,1
2021-03-08,589179428,20190000000000000003,900200000000000035,1,25.000,382.333,10073.333,2021-03-08 21:45:00.000,L2FT01-FTJ004,24.81,0.000,0.666012,16605,0.435592,0.055345,0,0,1,0.6600,宝安区,23,23,0,0,0,0,1
2021-03-08,589179428,20190000000000000003,900200000000000057,1,107.681,391.962,42168.462,2021-03-08 22:45:00.000,L2FT01-FTJ004,25.43,0.000,0.666012,16605,0.435592,0.055345,0,0,1,0.6600,宝安区,23,23,0,0,0,0,1
2021-03-08,589179428,20190000000000000003,900200000000000057,1,67.290,397.800,26770.000,2021-03-08 23:00:00.000,L2FT01-FTJ004,26.15,0.000,0.666012,16605,0.435592,0.055345,0,0,1,0.6600,宝安区,23,23,0,0,0,0,1
