date,operator_id,station_id,connector_id,connector_status,current_a,voltage_v,power_w,report_time,grid_id,temperature_c,rainfall_mm,district_nev_penetration_rate,district_ev_sales,district_bev_ratio,district_operating_ev_ratio,is_major_holiday,has_major_event,is_workday,grid_area_km2,district_name,grid_total_charging_facilities,grid_slow_charging_facilities,grid_fast_charging_facilities,grid_super_charging_facilities,grid_super_charging_stations,grid_public_fast_charging_stations,grid_public_slow_charging_stations
2021-01-01,589179428,20190000000000000003,900200000000000037,1,61.897,424.233,25813.333,2021-01-01 00:00:00.000,L2FT01-FTJ003,20.00,0.000,0.666012,16605,0.435592,0.055345,1,0,1,0.5400,罗湖区,23,23,0,0,0,0,1
2021-01-01,589179428,20190000000000000003,900200000000000037,1,100.953,425.913,43042.667,2021-01-01 00:15:00.000,L2FT01-FTJ003,20.00,0.000,0.666012,16605,0.435592,0.055345,1,0,1,0.5400,罗湖区,23,23,0,0,0,0,1
2021-01-01,589179428,20190000000000000003,900200000000000037,1,117.842,448.780,52837.333,2021-01-01 00:30:00.000,L2FT01-FTJ003,20.00,0.000,0.666012,16605,0.435592,0.055345,1,0,1,0.5400,罗湖区,23,23,0,0,0,0,1
2021-01-01,589179428,20190000000000000003,900200000000000037,1,50.506,460.627,23240.667,2021-01-01 00:45:00.000,L2FT01-FTJ003,20.00,0.000,0.666012,16605,0.435592,0.055345,1,0,1,0.5400,罗湖区,23,23,0,0,0,0,1
2021-01-01,589179428,20190000000000000003,900200000000000037,1,20.334,462.857,9410.000,2021-01-01 01:00:00.000,L2FT01-FTJ003,20.78,0.000,0.666012,16605,0.435592,0.055345,1,0,1,0.5400,罗湖区,23,23,0,0,0,0,1
2021-01-01,589179428,20190000000000000003,900200000000000038,1,129.690,307.600,39890.000,2021-01-01 01:00:00.000,L2FT01-FTJ003,20.78,0.000,0.666012,16605,0.435592,0.055345,1,0,1,0.5400,罗湖区,23,23,0,0,0,0,1
2021-01-01,589179428,20190000000000000003,900200000000000043,1,119.850,302.938,36810.000,2021-01-01 01:00:00.000,L2FT01-FTJ003,20.78,0.000,0.666012,16605,0.435592,0.055345,1,0,1,0.5400,罗湖区,23,23,0,0,0,0,1
2021-01-01,589179428,20190000000000000003,900200000000000038,1,129.805,310.980,40362.000,2021-01-01 01:15:00.000,L2FT01-FTJ003,20.78,0.000,0.666012,16605,0.435592,0.055345,1,0,1,0.5400,罗湖区,23,23,0,0,0,0,1
2021-01-01,589179428,20190000000000000003,900200000000000038,1,129.812,311.780,40468.000,2021-01-01 01:30:00.000,L2FT01-FTJ003,20.78,0.000,0.666012,16605,0.435592,0.055345,1,0,1,0.5400,罗湖区,23,23,0,0,0,0,1
2021-01-01,589179428,20190000000000000003,900200000000000038,1,129.806,313.127,40640.667,2021-01-01 01:45:00.000,L2FT01-FTJ003,20.78,0.000,0.666012,16605,0.435592,0.055345,1,0,1,0.5400,罗湖区,23,23,0,0,0,0,1
2021-01-01,589179428,20190000000000000003,900200000000000038,1,129.919,314.340,40836.000,2021-01-01 02:00:00.000,L2FT01-FTJ003,21.50,0.000,0.666012,16605,0.435592,0.055345,1,0,1,0.5400,罗湖区,23,23,0,0,0,0,1
2021-01-01,589179428,20190000000000000003,900200000000000038,1,129.956,315.867,41045.333,2021-01-01 02:15:00.000,L2FT01-FTJ003,21.50,0.000,0.666012,16605,0.435592,0.055345,1,0,1,0.5400,罗湖区,23,23,0,0,0,0,1
2021-01-01,589179428,20190000000000000003,900200000000000038,1,79.165,321.720,25406.667,2021-01-01 02:30:00.000,L2FT01-FTJ003,21.50,0.000,0.666012,16605,0.435592,0.055345,1,0,1,0.5400,罗湖区,23,23,0,0,0,0,1
2021-01-01,589179428,20190000000000000003,900200000000000038,1,29.959,329.050,9855.000,2021-01-01 02:45:00.000,L2FT01-FTJ003,21.50,0.000,0.666012,16605,0.435592,0.055345,1,0,1,0.5400,罗湖区,23,23,0,0,0,0,1
2021-01-01,589179428,20190000000000000003,900200000000000044,1,116.945,310.500,35611.000,2021-01-01 03:30:00.000,L2FT01-FTJ003,22.12,0.000,0.666012,16605,0.435592,0.055345,1,0,1,0.5400,罗湖区,23,23,0,0,0,0,1
2021-01-01,589179428,20190000000000000003,900200000000000047,1,129.822,310.125,40257.500,2021-01-01 03:45:00.000,L2FT01-FTJ003,22.12,0.000,0.666012,16605,0.435592,0.055345,1,0,1,0.5400,罗湖区,23,23,0,0,0,0,1
2021-01-01,589179428,20190000000000000003,900200000000000044,1,130.077,308.450,40120.714,2021-01-01 03:45:00.000,L2FT01-FTJ003,22.12,0.000,0.666012,16605,0.435592,0.055345,1,0,1,0.5400,罗湖区,23,23,0,0,0,0,1
2021-01-01,589179428,20190000000000000003,900200000000000045,1,129.890,308.527,40072.727,2021-01-01 04:00:00.000,L2FT01-FTJ003,22.60,0.000,0.666012,16605,0.435592,0.055345,1,0,1,0.5400,罗湖区,23,23,0,0,0,0,1
2021-01-01,589179428,20190000000000000003,900200000000000047,1,129.928,311.047,40410.000,2021-01-01 04:00:00.000,L2FT01-FTJ003,22.60,0.000,0.666012,16605,0.435592,0.055345,1,0,1,0.5400,罗湖区,23,23,0,0,0,0,1
2021-01-01,589179428,20190000000000000003,900200000000000045,1,129.956,310.513,40350.000,2021-01-01 04:15:00.000,L2FT01-FTJ003,22.60,0.000,0.666012,16605,0.435592,0.055345,1,0,1,0.5400,罗湖区,23,23,0,0,0,0,1
2021-01-01,589179428,20190000000000000003,900200000000000047,1,130.024,312.747,40660.667,2021-01-01 04:15:00.000,L2FT01-FTJ003,22.60,0.000,0.666012,16605,0.435592,0.055345,1,0,1,0.5400,罗湖区,23,23,0,0,0,0,1
2021-01-01,589179428,20190000000000000003,900200000000000058,1,82.290,349.000,28717.500,2021-01-01 04:15:00.000,L2FT01-FTJ003,22.60,0.000,0.666012,16605,0.435592,0.055345,1,0,1,0.5400,罗湖区,23,23,0,0,0,0,1
2021-01-01,589179428,20190000000000000003,900200000000000045,1,130.000,311.173,40448.000,2021-01-01 04:30:00.000,L2FT01-FTJ003,22.60,0.000,0.666012,16605,0.435592,0.055345,1,0,1,0.5400,罗湖区,23,23,0,0,0,0,1
2021-01-01,589179428,20190000000000000003,900200000000000047,1,130.006,313.773,40788.667,2021-01-01 04:30:00.000,L2FT01-FTJ003,22.60,0.000,0.666012,16605,0.435592,0.055345,1,0,1,0.5400,罗湖区,23,23,0,0,0,0,1
2021-01-01,589179428,20190000000000000003,900200000000000049,1,59.425,277.767,18110.000,2021-01-01 04:30:00.000,L2FT01-FTJ003,22.60,0.000,0.666012,16605,0.435592,0.055345,1,0,1,0.5400,罗湖区,23,23,0,0,0,0,1
2021-01-01,589179428,20190000000000000003,900200000000000058,1,98.013,354.347,34738.667,2021-01-01 04:30:00.000,L2FT01-FTJ003,22.60,0.000,0.666012,16605,0.435592,0.055345,1,0,1,0.5400,罗湖区,23,23,0,0,0,0,1
2021-01-01,589179428,20190000000000000003,900200000000000045,1,129.993,312.387,40603.333,2021-01-01 04:45:00.000,L2FT01-FTJ003,22.60,0.000,0.666012,16605,0.435592,0.055345,1,0,1,0.5400,罗湖区,23,23,0,0,0,0,1
2021-01-01,589179428,20190000000000000003,900200000000000047,1,130.000,315.033,40949.333,2021-01-01 04:45:00.000,L2FT01-FTJ003,22.60,0.000,0.666012,16605,0.435592,0.055345,1,0,1,0.5400,罗湖区,23,23,0,0,0,0,1
2021-01-01,589179428,20190000000000000003,900200000000000049,1,71.290,307.547,21924.000,2021-01-01 04:45:00.000,L2FT01-FTJ003,22.60,0.000,0.666012,16605,0.435592,0.055345,1,0,1,0.5400,罗湖区,23,23,0,0,0,0,1
2021-01-01,589179428,20190000000000000003,900200000000000058,1,106.736,357.027,38103.333,2021-01-01 04:45:00.000,L2FT01-FTJ003,22.60,0.000,0.666012,16605,0.435592,0.055345,1,0,1,0.5400,罗湖区,23,23,0,0,0,0,1
2021-01-01,589179428,20190000000000000003,900200000000000049,1,71.290,308.100,21960.000,2021-01-01 05:00:00.000,L2FT01-FTJ003,22.90,0.000,0.666012,16605,0.435592,0.055345,1,0,1,0.5400,罗湖区,23,23,0,0,0,0,1
2021-01-01,589179428,20190000000000000003,900200000000000058,1,81.699,356.973,29184.000,2021-01-01 05:00:00.000,L2FT01-FTJ003,22.90,0.000,0.666012,16605,0.435592,0.055345,1,0,1,0.5400,罗湖区,23,23,0,0,0,0,1
2021-01-01,589179428,20190000000000000003,900200000000000045,1,129.956,313.387,40723.333,2021-01-01 05:00:00.000,L2FT01-FTJ003,22.90,0.000,0.666012,16605,0.435592,0.055345,1,0,1,0.5400,罗湖区,23,23,0,0,0,0,1
2021-01-01,589179428,20190000000000000003,900200000000000047,1,100.833,321.400,32232.727,2021-01-01 05:00:00.000,L2FT01-FTJ003,22.90,0.000,0.666012,16605,0.435592,0.055345,1,0,1,0.5400,罗湖区,23,23,0,0,0,0,1
2021-01-01,589179428,20190000000000000003,900200000000000038,1,199.813,310.086,61951.429,2021-01-01 05:15:00.000,L2FT01-FTJ003,22.90,0.000,0.666012,16605,0.435592,0.055345,1,0,1,0.5400,罗湖区,23,23,0,0,0,0,1
2021-01-01,589179428,20190000000000000003,900200000000000045,1,129.993,314.253,40846.667,2021-01-01 05:15:00.000,L2FT01-FTJ003,22.90,0.000,0.666012,16605,0.435592,0.055345,1,0,1,0.5400,罗湖区,23,23,0,0,0,0,1
2021-01-01,589179428,20190000000000000003,900200000000000049,1,71.290,308.233,21972.000,2021-01-01 05:15:00.000,L2FT01-FTJ003,22.90,0.000,0.666012,16605,0.435592,0.055345,1,0,1,0.5400,罗湖区,23,23,0,0,0,0,1
2021-01-01,589179428,20190000000000000003,900200000000000058,1,54.790,355.400,19470.000,2021-01-01 05:15:00.000,L2FT01-FTJ003,22.90,0.000,0.666012,16605,0.435592,0.055345,1,0,1,0.5400,罗湖区,23,23,0,0,0,0,1
2021-01-01,589179428,20190000000000000003,900200000000000038,1,199.927,313.787,62730.667,2021-01-01 05:30:00.000,L2FT01-FTJ003,22.90,0.000,0.666012,16605,0.435592,0.055345,1,0,1,0.5400,罗湖区,23,23,0,0,0,0,1
2021-01-01,589179428,20190000000000000003,900200000000000045,1,129.905,316.733,41143.333,2021-01-01 05:30:00.000,L2FT01-FTJ003,22.90,0.000,0.666012,16605,0.435592,0.055345,1,0,1,0.5400,罗湖区,23,23,0,0,0,0,1
2021-01-01,589179428,20190000000000000003,900200000000000049,1,71.290,308.733,22008.000,2021-01-01 05:30:00.000,L2FT01-FTJ003,22.90,0.000,0.666012,16605,0.435592,0.055345,1,0,1,0.5400,罗湖区,23,23,0,0,0,0,1
2021-01-01,589179428,20190000000000000003,900200000000000038,1,199.905,315.113,62988.000,2021-01-01 05:45:00.000,L2FT01-FTJ003,22.90,0.000,0.666012,16605,0.435592,0.055345,1,0,1,0.5400,罗湖区,23,23,0,0,0,0,1
2021-01-01,589179428,20190000000000000003,900200000000000045,1,42.065,329.000,13780.000,2021-01-01 05:45:00.000,L2FT01-FTJ003,22.90,0.000,0.666012,16605,0.435592,0.055345,1,0,1,0.5400,罗湖区,23,23,0,0,0,0,1
2021-01-01,589179428,20190000000000000003,900200000000000049,1,71.290,309.707,22077.333,2021-01-01 05:45:00.000,L2FT01-FTJ003,22.90,0.000,0.666012,16605,0.435592,0.055345,1,0,1,0.5400,罗湖区,23,23,0,0,0,0,1
2021-01-01,589179428,20190000000000000003,900200000000000038,1,199.842,316.069,63157.692,2021-01-01 06:00:00.000,L2FT01-FTJ003,23.00,0.000,0.666012,16605,0.435592,0.055345,1,0,1,0.5400,罗湖区,23,23,0,0,0,0,1
2021-01-01,589179428,20190000000000000003,900200000000000040,1,111.270,298.457,33480.000,2021-01-01 06:00:00.000,L2FT01-FTJ003,23.00,0.000,0.666012,16605,0.435592,0.055345,1,0,1,0.5400,罗湖区,23,23,0,0,0,0,1
2021-01-01,589179428,20190000000000000003,900200000000000049,1,71.290,310.847,22159.333,2021-01-01 06:00:00.000,L2FT01-FTJ003,23.00,0.000,0.666012,16605,0.435592,0.055345,1,0,1,0.5400,罗湖区,23,23,0,0,0,0,1
2021-01-01,589179428,20190000000000000003,900200000000000049,1,71.290,311.247,22186.000,2021-01-01 06:15:00.000,L2FT01-FTJ003,23.00,0.000,0.666012,16605,0.435592,0.055345,1,0,1,0.5400,罗湖区,23,23,0,0,0,0,1
2021-01-01,589179428,20190000000000000003,900200000000000040,1,129.866,305.693,39696.667,2021-01-01 06:15:00.000,L2FT01-FTJ003,23.00,0.000,0.666012,16605,0.435592,0.055345,1,0,1,0.5400,罗湖区,23,23,0,0,0,0,1
2021-01-01,589179428,20190000000000000003,900200000000000049,1,71.290,311.547,22206.667,2021-01-01 06:30:00.000,L2FT01-FTJ003,23.00,0.000,0.666012,16605,0.435592,0.055345,1,0,1,0.5400,罗湖区,23,23,0,0,0,0,1
2021-01-01,589179428,20190000000000000003,900200000000000040,1,129.890,310.127,40279.333,2021-01-01 06:30:00.000,L2FT01-FTJ003,23.00,0.000,0.666012,16605,0.435592,0.055345,1,0,1,0.5400,罗湖区,23,23,0,0,0,0,1
2021-01-01,589179428,20190000000000000003,900200000000000040,1,129.890,311.053,40401.333,2021-01-01 06:45:00.000,L2FT01-FTJ003,23.00,0.000,0.666012,16605,0.435592,0.055345,1,0,1,0.5400,罗湖区,23,23,0,0,0,0,1
2021-01-01,589179428,20190000000000000003,900200000000000049,1,71.317,311.967,22246.000,2021-01-01 06:45:00.000,L2FT01-FTJ003,23.00,0.000,0.666012,16605,0.435592,0.055345,1,0,1,0.5400,罗湖区,23,23,0,0,0,0,1
2021-01-01,589179428,20190000000000000003,900200000000000040,1,129.905,312.193,40552.667,2021-01-01 07:00:00.000,L2FT01-FTJ003,22.90,0.000,0.666012,16605,0.435592,0.055345,1,0,1,0.5400,罗湖区,23,23,0,0,0,0,1
2021-01-01,589179428,20190000000000000003,900200000000000049,1,71.290,312.667,22288.000,2021-01-01 07:00:00.000,L2FT01-FTJ003,22.90,0.000,0.666012,16605,0.435592,0.055345,1,0,1,0.5400,罗湖区,23,23,0,0,0,0,1
2021-01-01,589179428,20190000000000000003,900200000000000040,1,129.890,313.487,40716.000,2021-01-01 07:15:00.000,L2FT01-FTJ003,22.90,0.000,0.666012,16605,0.435592,0.055345,1,0,1,0.5400,罗湖区,23,23,0,0,0,0,1
2021-01-01,589179428,20190000000000000003,900200000000000049,1,67.369,317.600,21329.286,2021-01-01 07:15:00.000,L2FT01-FTJ003,22.90,0.000,0.666012,16605,0.435592,0.055345,1,0,1,0.5400,罗湖区,23,23,0,0,0,0,1
2021-01-01,589179428,20190000000000000003,900200000000000040,1,129.912,314.293,40827.333,2021-01-01 07:30:00.000,L2FT01-FTJ003,22.90,0.000,0.666012,16605,0.435592,0.055345,1,0,1,0.5400,罗湖区,23,23,0,0,0,0,1
2021-01-01,589179428,20190000000000000003,900200000000000040,1,129.978,316.893,41184.667,2021-01-01 07:45:00.000,L2FT01-FTJ003,22.90,0.000,0.666012,16605,0.435592,0.055345,1,0,1,0.5400,罗湖区,23,23,0,0,0,0,1
2021-01-01,589179428,20190000000000000003,900200000000000040,1,31.817,319.975,10312.500,2021-01-01 08:00:00.000,L2FT01-FTJ003,22.60,0.000,0.666012,16605,0.435592,0.055345,1,0,1,0.5400,罗湖区,23,23,0,0,0,0,1
2021-01-01,589179428,20190000000000000003,900200000000000042,1,129.656,313.850,40691.667,2021-01-01 08:45:00.000,L2FT01-FTJ003,22.60,0.000,0.666012,16605,0.435592,0.055345,1,0,1,0.5400,罗湖区,23,23,0,0,0,0,1
2021-01-01,589179428,20190000000000000003,900200000000000042,1,129.941,314.840,40907.333,2021-01-01 09:00:00.000,L2FT01-FTJ003,22.12,0.000,0.666012,16605,0.435592,0.055345,1,0,1,0.5400,罗湖区,23,23,0,0,0,0,1
2021-01-01,589179428,20190000000000000003,900200000000000042,1,96.613,324.367,31056.667,2021-01-01 09:15:00.000,L2FT01-FTJ003,22.12,0.000,0.666012,16605,0.435592,0.055345,1,0,1,0.5400,罗湖区,23,23,0,0,0,0,1
2021-01-01,589179428,20190000000000000003,900200000000000052,1,44.044,385.800,17271.333,2021-01-01 10:30:00.000,L2FT01-FTJ003,21.50,0.000,0.666012,16605,0.435592,0.055345,1,0,1,0.5400,罗湖区,23,23,0,0,0,0,1
2021-01-01,589179428,20190000000000000003,900200000000000052,1,71.350,407.127,29048.000,2021-01-01 10:45:00.000,L2FT01-FTJ003,21.50,0.000,0.666012,16605,0.435592,0.055345,1,0,1,0.5400,罗湖区,23,23,0,0,0,0,1
2021-01-01,589179428,20190000000000000003,900200000000000052,1,71.063,420.607,29888.000,2021-01-01 11:00:00.000,L2FT01-FTJ003,20.78,0.000,0.666012,16605,0.435592,0.055345,1,0,1,0.5400,罗湖区,23,23,0,0,0,0,1
2021-01-01,589179428,20190000000000000003,900200000000000056,1,77.290,349.464,27021.818,2021-01-01 11:15:00.000,L2FT01-FTJ003,20.78,0.000,0.666012,16605,0.435592,0.055345,1,0,1,0.5400,罗湖区,23,23,0,0,0,0,1
2021-01-01,589179428,20190000000000000003,900200000000000052,1,54.334,428.600,23287.143,2021-01-01 11:15:00.000,L2FT01-FTJ003,20.78,0.000,0.666012,16605,0.435592,0.055345,1,0,1,0.5400,罗湖区,23,23,0,0,0,0,1
2021-01-01,589179428,20190000000000000003,900200000000000056,1,80.000,353.473,28274.000,2021-01-01 11:30:00.000,L2FT01-FTJ003,20.78,0.000,0.666012,16605,0.435592,0.055345,1,0,1,0.5400,罗湖区,23,23,0,0,0,0,1
2021-01-01,589179428,20190000000000000003,900200000000000056,1,80.048,357.513,28614.667,2021-01-01 11:45:00.000,L2FT01-FTJ003,20.78,0.000,0.666012,16605,0.435592,0.055345,1,0,1,0.5400,罗湖区,23,23,0,0,0,0,1
2021-01-01,589179428,20190000000000000003,900200000000000056,1,80.090,363.873,29142.667,2021-01-01 12:00:00.000,L2FT01-FTJ003,20.00,0.000,0.666012,16605,0.435592,0.055345,1,0,1,0.5400,罗湖区,23,23,0,0,0,0,1
2021-01-01,589179428,20190000000000000003,900200000000000056,1,78.803,372.440,29344.000,2021-01-01 12:15:00.000,L2FT01-FTJ003,20.00,0.000,0.666012,16605,0.435592,0.055345,1,0,1,0.5400,罗湖区,23,23,0,0,0,0,1
2021-01-01,589179428,20190000000000000003,900200000000000056,1,55.030,378.753,20831.333,2021-01-01 12:30:00.000,L2FT01-FTJ003,20.00,0.000,0.666012,16605,0.435592,0.055345,1,0,1,0.5400,罗湖区,23,23,0,0,0,0,1
2021-01-01,589179428,20190000000000000003,900200000000000056,1,35.691,381.820,13625.000,2021-01-01 12:45:00.000,L2FT01-FTJ003,20.00,0.000,0.666012,16605,0.435592,0.055345,1,0,1,0.5400,罗湖区,23,23,0,0,0,0,1
2021-01-01,589179428,20190000000000000003,900200000000000040,1,109.707,350.643,38510.000,2021-01-01 16:30:00.000,L2FT01-FTJ003,17.40,0.000,0.666012,16605,0.435592,0.055345,1,0,1,0.5400,罗湖区,23,23,0,0,0,0,1
2021-01-01,589179428,20190000000000000003,900200000000000057,1,129.839,317.983,41283.333,2021-01-01 16:30:00.000,L2FT01-FTJ003,17.40,0.000,0.666012,16605,0.435592,0.055345,1,0,1,0.5400,罗湖区,23,23,0,0,0,0,1
2021-01-01,589179428,20190000000000000003,900200000000000040,1,117.165,359.347,42106.667,2021-01-01 16:45:00.000,L2FT01-FTJ003,17.40,0.000,0.666012,16605,0.435592,0.055345,1,0,1,0.5400,罗湖区,23,23,0,0,0,0,1
2021-01-01,589179428,20190000000000000003,900200000000000057,1,81.147,326.471,26280.000,2021-01-01 16:45:00.000,L2FT01-FTJ003,17.40,0.000,0.666012,16605,0.435592,0.055345,1,0,1,0.5400,罗湖区,23,23,0,0,0,0,1
2021-01-01,589179428,20190000000000000003,900200000000000040,1,105.043,365.760,38477.333,2021-01-01 17:00:00.000,L2FT01-FTJ003,17.10,0.000,0.666012,16605,0.435592,0.055345,1,0,1,0.5400,罗湖区,23,23,0,0,0,0,1
2021-01-01,589179428,20190000000000000003,900200000000000040,1,117.123,381.458,44675.833,2021-01-01 17:15:00.000,L2FT01-FTJ003,17.10,0.000,0.666012,16605,0.435592,0.055345,1,0,1,0.5400,罗湖区,23,23,0,0,0,0,1
2021-01-01,589179428,20190000000000000003,900200000000000056,1,129.922,310.247,40304.000,2021-01-01 17:15:00.000,L2FT01-FTJ003,17.10,0.000,0.666012,16605,0.435592,0.055345,1,0,1,0.5400,罗湖区,23,23,0,0,0,0,1
2021-01-01,589179428,20190000000000000003,900200000000000056,1,130.090,311.380,40508.000,2021-01-01 17:30:00.000,L2FT01-FTJ003,17.10,0.000,0.666012,16605,0.435592,0.055345,1,0,1,0.5400,罗湖区,23,23,0,0,0,0,1
2021-01-01,589179428,20190000000000000003,900200000000000056,1,130.009,312.253,40592.000,2021-01-01 17:45:00.000,L2FT01-FTJ003,17.10,0.000,0.666012,16605,0.435592,0.055345,1,0,1,0.5400,罗湖区,23,23,0,0,0,0,1
2021-01-01,589179428,20190000000000000003,900200000000000044,1,59.485,325.647,19450.000,2021-01-01 17:45:00.000,L2FT01-FTJ003,17.10,0.000,0.666012,16605,0.435592,0.055345,1,0,1,0.5400,罗湖区,23,23,0,0,0,0,1
2021-01-01,589179428,20190000000000000003,900200000000000032,1,130.012,303.036,39393.636,2021-01-01 18:00:00.000,L2FT01-FTJ003,17.00,0.000,0.666012,16605,0.435592,0.055345,1,0,1,0.5400,罗湖区,23,23,0,0,0,0,1
2021-01-01,589179428,20190000000000000003,900200000000000044,1,71.332,329.425,23496.667,2021-01-01 18:00:00.000,L2FT01-FTJ003,17.00,0.000,0.666012,16605,0.435592,0.055345,1,0,1,0.5400,罗湖区,23,23,0,0,0,0,1
2021-01-01,589179428,20190000000000000003,900200000000000056,1,129.927,315.540,40995.333,2021-01-01 18:00:00.000,L2FT01-FTJ003,17.00,0.000,0.666012,16605,0.435592,0.055345,1,0,1,0.5400,罗湖区,23,23,0,0,0,0,1
2021-01-01,589179428,20190000000000000003,900200000000000032,1,129.927,307.687,39973.333,2021-01-01 18:15:00.000,L2FT01-FTJ003,17.00,0.000,0.666012,16605,0.435592,0.055345,1,0,1,0.5400,罗湖区,23,23,0,0,0,0,1
2021-01-01,589179428,20190000000000000003,900200000000000056,1,91.819,320.760,29449.333,2021-01-01 18:15:00.000,L2FT01-FTJ003,17.00,0.000,0.666012,16605,0.435592,0.055345,1,0,1,0.5400,罗湖区,23,23,0,0,0,0,1
2021-01-01,589179428,20190000000000000003,900200000000000032,1,129.941,310.600,40356.000,2021-01-01 18:30:00.000,L2FT01-FTJ003,17.00,0.000,0.666012,16605,0.435592,0.055345,1,0,1,0.5400,罗湖区,23,23,0,0,0,0,1
2021-01-01,589179428,20190000000000000003,900200000000000056,1,55.299,324.573,17950.000,2021-01-01 18:30:00.000,L2FT01-FTJ003,17.00,0.000,0.666012,16605,0.435592,0.055345,1,0,1,0.5400,罗湖区,23,23,0,0,0,0,1
2021-01-01,589179428,20190000000000000003,900200000000000032,1,130.006,311.147,40446.000,2021-01-01 18:45:00.000,L2FT01-FTJ003,17.00,0.000,0.666012,16605,0.435592,0.055345,1,0,1,0.5400,罗湖区,23,23,0,0,0,0,1
2021-01-01,589179428,20190000000000000003,900200000000000032,1,130.018,312.700,40652.667,2021-01-01 19:00:00.000,L2FT01-FTJ003,17.10,0.000,0.666012,16605,0.435592,0.055345,1,0,1,0.5400,罗湖区,23,23,0,0,0,0,1
2021-01-01,589179428,20190000000000000003,900200000000000032,1,130.005,314.213,40845.333,2021-01-01 19:15:00.000,L2FT01-FTJ003,17.10,0.000,0.666012,16605,0.435592,0.055345,1,0,1,0.5400,罗湖区,23,23,0,0,0,0,1
2021-01-01,589179428,20190000000000000003,900200000000000032,1,129.924,315.908,41039.167,2021-01-01 19:30:00.000,L2FT01-FTJ003,17.10,0.000,0.666012,16605,0.435592,0.055345,1,0,1,0.5400,罗湖区,23,23,0,0,0,0,1
2021-01-01,589179428,20190000000000000003,900200000000000044,1,96.000,316.800,30410.000,2021-01-01 19:45:00.000,L2FT01-FTJ003,17.10,0.000,0.666012,16605,0.435592,0.055345,1,0,1,0.5400,罗湖区,23,23,0,0,0,0,1
2021-01-01,589179428,20190000000000000003,900200000000000043,1,79.035,458.564,36929.091,2021-01-01 20:00:00.000,L2FT01-FTJ003,17.40,0.000,0.666012,16605,0.435592,0.055345,1,0,1,0.5400,罗湖区,23,23,0,0,0,0,1
2021-01-01,589179428,20190000000000000003,900200000000000044,1,95.112,322.073,30628.667,2021-01-01 20:00:00.000,L2FT01-FTJ003,17.40,0.000,0.666012,16605,0.435592,0.055345,1,0,1,0.5400,罗湖区,23,23,0,0,0,0,1
2021-01-01,589179428,20190000000000000003,900200000000000043,1,93.422,470.114,43917.143,2021-01-01 20:15:00.000,L2FT01-FTJ003,17.40,0.000,0.666012,16605,0.435592,0.055345,1,0,1,0.5400,罗湖区,23,23,0,0,0,0,1
2021-01-01,589179428,20190000000000000003,900200000000000044,1,90.187,329.840,29742.667,2021-01-01 20:15:00.000,L2FT01-FTJ003,17.40,0.000,0.666012,16605,0.435592,0.055345,1,0,1,0.5400,罗湖区,23,23,0,0,0,0,1
2021-01-01,589179428,20190000000000000003,900200000000000044,1,72.310,338.333,24452.667,2021-01-01 20:30:00.000,L2FT01-FTJ003,17.40,0.000,0.666012,16605,0.435592,0.055345,1,0,1,0.5400,罗湖区,23,23,0,0,0,0,1
2021-01-01,589179428,20190000000000000003,900200000000000044,1,32.743,340.147,11136.000,2021-01-01 20:45:00.000,L2FT01-FTJ003,17.40,0.000,0.666012,16605,0.435592,0.055345,1,0,1,0.5400,罗湖区,23,23,0,0,0,0,1
2021-01-01,589179428,20190000000000000003,900200000000000044,1,13.590,340.720,4628.667,2021-01-01 21:00:00.000,L2FT01-FTJ003,17.88,0.000,0.666012,16605,0.435592,0.055345,1,0,1,0.5400,罗湖区,23,23,0,0,0,0,1
2021-01-01,589179428,20190000000000000003,900200000000000043,1,86.330,351.233,30656.667,2021-01-01 21:15:00.000,L2FT01-FTJ003,17.88,0.000,0.666012,16605,0.435592,0.055345,1,0,1,0.5400,罗湖区,23,23,0,0,0,0,1
2021-01-01,589179428,20190000000000000003,900200000000000044,1,13.590,342.736,4655.714,2021-01-01 21:15:00.000,L2FT01-FTJ003,17.88,0.000,0.666012,16605,0.435592,0.055345,1,0,1,0.5400,罗湖区,23,23,0,0,0,0,1
2021-01-01,589179428,20190000000000000003,900200000000000043,1,121.524,363.527,44135.333,2021-01-01 21:30:00.000,L2FT01-FTJ003,17.88,0.000,0.666012,16605,0.435592,0.055345,1,0,1,0.5400,罗湖区,23,23,0,0,0,0,1
2021-01-01,589179428,20190000000000000003,900200000000000043,1,105.760,374.700,39620.000,2021-01-01 21:45:00.000,L2FT01-FTJ003,17.88,0.000,0.666012,16605,0.435592,0.055345,1,0,1,0.5400,罗湖区,23,23,0,0,0,0,1
2021-01-01,589179428,20190000000000000003,900200000000000043,1,129.836,313.980,40760.000,2021-01-01 22:00:00.000,L2FT01-FTJ003,18.50,0.000,0.666012,16605,0.435592,0.055345,1,0,1,0.5400,罗湖区,23,23,0,0,0,0,1
2021-01-01,589179428,20190000000000000003,900200000000000043,1,129.885,314.513,40846.667,2021-01-01 22:15:00.000,L2FT01-FTJ003,18.50,0.000,0.666012,16605,0.435592,0.055345,1,0,1,0.5400,罗湖区,23,23,0,0,0,0,1
2021-01-01,589179428,20190000000000000003,900200000000000043,1,123.916,317.330,39276.000,2021-01-01 22:30:00.000,L2FT01-FTJ003,18.50,0.000,0.666012,16605,0.435592,0.055345,1,0,1,0.5400,罗湖区,23,23,0,0,0,0,1
2021-01-02,589179428,20190000000000000003,900200000000000047,1,129.669,310.443,40250.000,2021-01-02 00:45:00.000,L2FT01-FTJ003,20.00,0.000,0.666012,16605,0.435592,0.055345,0,0,0,0.5400,罗湖区,23,23,0,0,0,0,1
2021-01-02,589179428,20190000000000000003,900200000000000044,1,129.880,302.329,39262.857,2021-01-02 01:00:00.000,L2FT01-FTJ003,20.78,0.000,0.666012,16605,0.435592,0.055345,0,0,0,0.5400,罗湖区,23,23,0,0,0,0,1
2021-01-02,589179428,20190000000000000003,900200000000000047,1,129.830,313.900,40750.000,2021-01-02 01:00:00.000,L2FT01-FTJ003,20.78,0.000,0.666012,16605,0.435592,0.055345,0,0,0,0.5400,罗湖区,23,23,0,0,0,0,1
2021-01-02,589179428,20190000000000000003,900200000000000031,1,129.866,310.829,40362.857,2021-01-02 01:15:00.000,L2FT01-FTJ003,20.78,0.000,0.666012,16605,0.435592,0.055345,0,0,0,0.5400,罗湖区,23,23,0,0,0,0,1
2021-01-02,589179428,20190000000000000003,900200000000000044,1,130.024,306.620,39864.000,2021-01-02 01:15:00.000,L2FT01-FTJ003,20.78,0.000,0.666012,16605,0.435592,0.055345,0,0,0,0.5400,罗湖区,23,23,0,0,0,0,1
2021-01-02,589179428,20190000000000000003,900200000000000047,1,129.897,316.227,41072.667,2021-01-02 01:15:00.000,L2FT01-FTJ003,20.78,0.000,0.666012,16605,0.435592,0.055345,0,0,0,0.5400,罗湖区,23,23,0,0,0,0,1
2021-01-02,589179428,20190000000000000003,900200000000000047,1,74.825,323.367,24113.333,2021-01-02 01:30:00.000,L2FT01-FTJ003,20.78,0.000,0.666012,16605,0.435592,0.055345,0,0,0,0.5400,罗湖区,23,23,0,0,0,0,1
2021-01-02,589179428,20190000000000000003,900200000000000044,1,130.042,310.767,40408.667,2021-01-02 01:30:00.000,L2FT01-FTJ003,20.78,0.000,0.666012,16605,0.435592,0.055345,0,0,0,0.5400,罗湖区,23,23,0,0,0,0,1
2021-01-02,589179428,20190000000000000003,900200000000000043,1,134.013,311.062,41681.538,2021-01-02 01:30:00.000,L2FT01-FTJ003,20.78,0.000,0.666012,16605,0.435592,0.055345,0,0,0,0.5400,罗湖区,23,23,0,0,0,0,1
2021-01-02,589179428,20190000000000000003,900200000000000031,1,129.927,311.553,40476.667,2021-01-02 01:30:00.000,L2FT01-FTJ003,20.78,0.000,0.666012,16605,0.435592,0.055345,0,0,0,0.5400,罗湖区,23,23,0,0,0,0,1
2021-01-02,589179428,20190000000000000003,900200000000000031,1,130.012,312.907,40678.667,2021-01-02 01:45:00.000,L2FT01-FTJ003,20.78,0.000,0.666012,16605,0.435592,0.055345,0,0,0,0.5400,罗湖区,23,23,0,0,0,0,1
2021-01-02,589179428,20190000000000000003,900200000000000043,1,134.800,313.653,42276.667,2021-01-02 01:45:00.000,L2FT01-FTJ003,20.78,0.000,0.666012,16605,0.435592,0.055345,0,0,0,0.5400,罗湖区,23,23,0,0,0,0,1
2021-01-02,589179428,20190000000000000003,900200000000000044,1,130.049,311.564,40515.455,2021-01-02 01:45:00.000,L2FT01-FTJ003,20.78,0.000,0.666012,16605,0.435592,0.055345,0,0,0,0.5400,罗湖区,23,23,0,0,0,0,1
2021-01-02,589179428,20190000000000000003,900200000000000031,1,130.017,313.727,40786.000,2021-01-02 02:00:00.000,L2FT01-FTJ003,21.50,0.000,0.666012,16605,0.435592,0.055345,0,0,0,0.5400,罗湖区,23,23,0,0,0,0,1
2021-01-02,589179428,20190000000000000003,900200000000000043,1,134.800,314.473,42386.667,2021-01-02 02:00:00.000,L2FT01-FTJ003,21.50,0.000,0.666012,16605,0.435592,0.055345,0,0,0,0.5400,罗湖区,23,23,0,0,0,0,1
2021-01-02,589179428,20190000000000000003,900200000000000031,1,129.993,314.847,40923.333,2021-01-02 02:15:00.000,L2FT01-FTJ003,21.50,0.000,0.666012,16605,0.435592,0.055345,0,0,0,0.5400,罗湖区,23,23,0,0,0,0,1
2021-01-02,589179428,20190000000000000003,900200000000000043,1,134.800,316.347,42638.667,2021-01-02 02:15:00.000,L2FT01-FTJ003,21.50,0.000,0.666012,16605,0.435592,0.055345,0,0,0,0.5400,罗湖区,23,23,0,0,0,0,1
2021-01-02,589179428,20190000000000000003,900200000000000031,1,101.041,322.144,32334.444,2021-01-02 02:30:00.000,L2FT01-FTJ003,21.50,0.000,0.666012,16605,0.435592,0.055345,0,0,0,0.5400,罗湖区,23,23,0,0,0,0,1
2021-01-02,589179428,20190000000000000003,900200000000000043,1,83.620,326.600,27170.000,2021-01-02 02:30:00.000,L2FT01-FTJ003,21.50,0.000,0.666012,16605,0.435592,0.055345,0,0,0,0.5400,罗湖区,23,23,0,0,0,0,1
2021-01-02,589179428,20190000000000000003,900200000000000042,1,199.952,313.662,62714.615,2021-01-02 04:00:00.000,L2FT01-FTJ003,22.60,0.000,0.666012,16605,0.435592,0.055345,0,0,0,0.5400,罗湖区,23,23,0,0,0,0,1
2021-01-02,589179428,20190000000000000003,900200000000000042,1,185.109,314.333,58191.333,2021-01-02 04:15:00.000,L2FT01-FTJ003,22.60,0.000,0.666012,16605,0.435592,0.055345,0,0,0,0.5400,罗湖区,23,23,0,0,0,0,1
2021-01-02,589179428,20190000000000000003,900200000000000042,1,172.479,314.827,54300.667,2021-01-02 04:30:00.000,L2FT01-FTJ003,22.60,0.000,0.666012,16605,0.435592,0.055345,0,0,0,0.5400,罗湖区,23,23,0,0,0,0,1
2021-01-02,589179428,20190000000000000003,900200000000000042,1,165.837,315.747,52360.000,2021-01-02 04:45:00.000,L2FT01-FTJ003,22.60,0.000,0.666012,16605,0.435592,0.055345,0,0,0,0.5400,罗湖区,23,23,0,0,0,0,1
2021-01-02,589179428,20190000000000000003,900200000000000045,1,127.452,307.820,39249.000,2021-01-02 04:45:00.000,L2FT01-FTJ003,22.60,0.000,0.666012,16605,0.435592,0.055345,0,0,0,0.5400,罗湖区,23,23,0,0,0,0,1
2021-01-02,589179428,20190000000000000003,900200000000000045,1,129.890,310.813,40369.333,2021-01-02 05:00:00.000,L2FT01-FTJ003,22.90,0.000,0.666012,16605,0.435592,0.055345,0,0,0,0.5400,罗湖区,23,23,0,0,0,0,1
2021-01-02,589179428,20190000000000000003,900200000000000042,1,122.764,318.353,39058.667,2021-01-02 05:00:00.000,L2FT01-FTJ003,22.90,0.000,0.666012,16605,0.435592,0.055345,0,0,0,0.5400,罗湖区,23,23,0,0,0,0,1
2021-01-02,589179428,20190000000000000003,900200000000000042,1,29.790,332.900,9915.000,2021-01-02 05:15:00.000,L2FT01-FTJ003,22.90,0.000,0.666012,16605,0.435592,0.055345,0,0,0,0.5400,罗湖区,23,23,0,0,0,0,1
2021-01-02,589179428,20190000000000000003,900200000000000045,1,129.890,311.427,40448.667,2021-01-02 05:15:00.000,L2FT01-FTJ003,22.90,0.000,0.666012,16605,0.435592,0.055345,0,0,0,0.5400,罗湖区,23,23,0,0,0,0,1
2021-01-02,589179428,20190000000000000003,900200000000000045,1,129.956,312.900,40660.000,2021-01-02 05:30:00.000,L2FT01-FTJ003,22.90,0.000,0.666012,16605,0.435592,0.055345,0,0,0,0.5400,罗湖区,23,23,0,0,0,0,1
2021-01-02,589179428,20190000000000000003,900200000000000045,1,129.956,313.687,40761.333,2021-01-02 05:45:00.000,L2FT01-FTJ003,22.90,0.000,0.666012,16605,0.435592,0.055345,0,0,0,0.5400,罗湖区,23,23,0,0,0,0,1
2021-01-02,589179428,20190000000000000003,900200000000000036,1,129.800,311.133,40380.000,2021-01-02 06:00:00.000,L2FT01-FTJ003,23.00,0.000,0.666012,16605,0.435592,0.055345,0,0,0,0.5400,罗湖区,23,23,0,0,0,0,1
2021-01-02,589179428,20190000000000000003,900200000000000045,1,129.956,314.927,40923.333,2021-01-02 06:00:00.000,L2FT01-FTJ003,23.00,0.000,0.666012,16605,0.435592,0.055345,0,0,0,0.5400,罗湖区,23,23,0,0,0,0,1
2021-01-02,589179428,20190000000000000003,900200000000000036,1,129.974,312.093,40561.333,2021-01-02 06:15:00.000,L2FT01-FTJ003,23.00,0.000,0.666012,16605,0.435592,0.055345,0,0,0,0.5400,罗湖区,23,23,0,0,0,0,1
2021-01-02,589179428,20190000000000000003,900200000000000045,1,102.939,320.767,32851.111,2021-01-02 06:15:00.000,L2FT01-FTJ003,23.00,0.000,0.666012,16605,0.435592,0.055345,0,0,0,0.5400,罗湖区,23,23,0,0,0,0,1
2021-01-02,589179428,20190000000000000003,900200000000000036,1,129.978,313.320,40720.667,2021-01-02 06:30:00.000,L2FT01-FTJ003,23.00,0.000,0.666012,16605,0.435592,0.055345,0,0,0,0.5400,罗湖区,23,23,0,0,0,0,1
2021-01-02,589179428,20190000000000000003,900200000000000036,1,129.950,314.513,40868.000,2021-01-02 06:45:00.000,L2FT01-FTJ003,23.00,0.000,0.666012,16605,0.435592,0.055345,0,0,0,0.5400,罗湖区,23,23,0,0,0,0,1
2021-01-02,589179428,20190000000000000003,900200000000000036,1,130.009,315.530,41017.000,2021-01-02 07:00:00.000,L2FT01-FTJ003,22.90,0.000,0.666012,16605,0.435592,0.055345,0,0,0,0.5400,罗湖区,23,23,0,0,0,0,1
2021-01-02,589179428,20190000000000000003,900200000000000053,1,119.915,315.831,37733.846,2021-01-02 11:00:00.000,L2FT01-FTJ003,20.78,0.000,0.666012,16605,0.435592,0.055345,0,0,0,0.5400,罗湖区,23,23,0,0,0,0,1
2021-01-02,589179428,20190000000000000003,900200000000000053,1,120.887,316.807,38272.667,2021-01-02 11:15:00.000,L2FT01-FTJ003,20.78,0.000,0.666012,16605,0.435592,0.055345,0,0,0,0.5400,罗湖区,23,23,0,0,0,0,1
2021-01-02,589179428,20190000000000000003,900200000000000057,1,93.303,314.887,29374.000,2021-01-02 11:30:00.000,L2FT01-FTJ003,20.78,0.000,0.666012,16605,0.435592,0.055345,0,0,0,0.5400,罗湖区,23,23,0,0,0,0,1
2021-01-02,589179428,20190000000000000003,900200000000000057,1,88.175,318.833,28108.000,2021-01-02 11:45:00.000,L2FT01-FTJ003,20.78,0.000,0.666012,16605,0.435592,0.055345,0,0,0,0.5400,罗湖区,23,23,0,0,0,0,1
2021-01-02,589179428,20190000000000000003,900200000000000057,1,83.390,324.180,27029.333,2021-01-02 12:00:00.000,L2FT01-FTJ003,20.00,0.000,0.666012,16605,0.435592,0.055345,0,0,0,0.5400,罗湖区,23,23,0,0,0,0,1
2021-01-02,589179428,20190000000000000003,900200000000000057,1,80.297,333.013,26736.000,2021-01-02 12:15:00.000,L2FT01-FTJ003,20.00,0.000,0.666012,16605,0.435592,0.055345,0,0,0,0.5400,罗湖区,23,23,0,0,0,0,1
2021-01-02,589179428,20190000000000000003,900200000000000057,1,52.577,339.807,17860.000,2021-01-02 12:30:00.000,L2FT01-FTJ003,20.00,0.000,0.666012,16605,0.435592,0.055345,0,0,0,0.5400,罗湖区,23,23,0,0,0,0,1
2021-01-02,589179428,20190000000000000003,900200000000000052,1,77.790,359.400,27960.000,2021-01-02 12:45:00.000,L2FT01-FTJ003,20.00,0.000,0.666012,16605,0.435592,0.055345,0,0,0,0.5400,罗湖区,23,23,0,0,0,0,1
2021-01-02,589179428,20190000000000000003,900200000000000057,1,21.870,341.553,7470.667,2021-01-02 12:45:00.000,L2FT01-FTJ003,20.00,0.000,0.666012,16605,0.435592,0.055345,0,0,0,0.5400,罗湖区,23,23,0,0,0,0,1
2021-01-02,589179428,20190000000000000003,900200000000000052,1,77.877,368.027,28659.333,2021-01-02 13:00:00.000,L2FT01-FTJ003,19.22,0.000,0.666012,16605,0.435592,0.055345,0,0,0,0.5400,罗湖区,23,23,0,0,0,0,1
2021-01-02,589179428,20190000000000000003,900200000000000057,1,13.783,342.840,4724.000,2021-01-02 13:00:00.000,L2FT01-FTJ003,19.22,0.000,0.666012,16605,0.435592,0.055345,0,0,0,0.5400,罗湖区,23,23,0,0,0,0,1
2021-01-02,589179428,20190000000000000003,900200000000000052,1,77.927,380.647,29660.000,2021-01-02 13:15:00.000,L2FT01-FTJ003,19.22,0.000,0.666012,16605,0.435592,0.055345,0,0,0,0.5400,罗湖区,23,23,0,0,0,0,1
2021-01-02,589179428,20190000000000000003,900200000000000057,1,13.790,344.300,4745.000,2021-01-02 13:15:00.000,L2FT01-FTJ003,19.22,0.000,0.666012,16605,0.435592,0.055345,0,0,0,0.5400,罗湖区,23,23,0,0,0,0,1
2021-01-02,589179428,20190000000000000003,900200000000000045,1,72.395,337.050,22565.000,2021-01-02 13:30:00.000,L2FT01-FTJ003,19.22,0.000,0.666012,16605,0.435592,0.055345,0,0,0,0.5400,罗湖区,23,23,0,0,0,0,1
2021-01-02,589179428,20190000000000000003,900200000000000052,1,39.592,386.120,15300.667,2021-01-02 13:30:00.000,L2FT01-FTJ003,19.22,0.000,0.666012,16605,0.435592,0.055345,0,0,0,0.5400,罗湖区,23,23,0,0,0,0,1
2021-01-02,589179428,20190000000000000003,900200000000000032,1,109.256,492.750,54446.250,2021-01-02 13:45:00.000,L2FT01-FTJ003,19.22,0.000,0.666012,16605,0.435592,0.055345,0,0,0,0.5400,罗湖区,23,23,0,0,0,0,1
2021-01-02,589179428,20190000000000000003,900200000000000045,1,144.817,312.853,45304.667,2021-01-02 13:45:00.000,L2FT01-FTJ003,19.22,0.000,0.666012,16605,0.435592,0.055345,0,0,0,0.5400,罗湖区,23,23,0,0,0,0,1
2021-01-02,589179428,20190000000000000003,900200000000000052,1,9.395,384.450,3610.000,2021-01-02 13:45:00.000,L2FT01-FTJ003,19.22,0.000,0.666012,16605,0.435592,0.055345,0,0,0,0.5400,罗湖区,23,23,0,0,0,0,1
2021-01-02,589179428,20190000000000000003,900200000000000032,1,98.561,497.113,49054.667,2021-01-02 14:00:00.000,L2FT01-FTJ003,18.50,0.000,0.666012,16605,0.435592,0.055345,0,0,0,0.5400,罗湖区,23,23,0,0,0,0,1
2021-01-02,589179428,20190000000000000003,900200000000000045,1,144.890,314.618,45583.636,2021-01-02 14:00:00.000,L2FT01-FTJ003,18.50,0.000,0.666012,16605,0.435592,0.055345,0,0,0,0.5400,罗湖区,23,23,0,0,0,0,1
2021-01-02,589179428,20190000000000000003,900200000000000032,1,57.379,495.275,28445.000,2021-01-02 14:15:00.000,L2FT01-FTJ003,18.50,0.000,0.666012,16605,0.435592,0.055345,0,0,0,0.5400,罗湖区,23,23,0,0,0,0,1
2021-01-02,589179428,20190000000000000003,900200000000000032,1,109.327,410.489,44225.556,2021-01-02 15:15:00.000,L2FT01-FTJ003,17.88,0.000,0.666012,16605,0.435592,0.055345,0,0,0,0.5400,罗湖区,23,23,0,0,0,0,1
2021-01-02,589179428,20190000000000000003,900200000000000032,1,124.941,416.093,51986.000,2021-01-02 15:30:00.000,L2FT01-FTJ003,17.88,0.000,0.666012,16605,0.435592,0.055345,0,0,0,0.5400,罗湖区,23,23,0,0,0,0,1
2021-01-02,589179428,20190000000000000003,900200000000000032,1,125.000,433.700,54208.750,2021-01-02 15:45:00.000,L2FT01-FTJ003,17.88,0.000,0.666012,16605,0.435592,0.055345,0,0,0,0.5400,罗湖区,23,23,0,0,0,0,1
2021-01-02,589179428,20190000000000000003,900200000000000035,1,199.845,315.125,62970.000,2021-01-02 17:15:00.000,L2FT01-FTJ003,17.10,0.000,0.666012,16605,0.435592,0.055345,0,0,0,0.5400,罗湖区,23,23,0,0,0,0,1
2021-01-02,589179428,20190000000000000003,900200000000000035,1,202.209,317.020,64100.667,2021-01-02 17:30:00.000,L2FT01-FTJ003,17.10,0.000,0.666012,16605,0.435592,0.055345,0,0,0,0.5400,罗湖区,23,23,0,0,0,0,1
2021-01-02,589179428,20190000000000000003,900200000000000035,1,132.996,324.289,42851.111,2021-01-02 17:45:00.000,L2FT01-FTJ003,17.10,0.000,0.666012,16605,0.435592,0.055345,0,0,0,0.5400,罗湖区,23,23,0,0,0,0,1
2021-01-02,589179428,20190000000000000003,900200000000000050,1,73.521,400.200,30024.286,2021-01-02 20:45:00.000,L2FT01-FTJ003,17.40,0.000,0.666012,16605,0.435592,0.055345,0,0,0,0.5400,罗湖区,23,23,0,0,0,0,1
2021-01-02,589179428,20190000000000000003,900200000000000050,1,70.751,418.513,29608.667,2021-01-02 21:00:00.000,L2FT01-FTJ003,17.88,0.000,0.666012,16605,0.435592,0.055345,0,0,0,0.5400,罗湖区,23,23,0,0,0,0,1
2021-01-02,589179428,20190000000000000003,900200000000000050,1,69.006,432.800,29862.667,2021-01-02 21:15:00.000,L2FT01-FTJ003,17.88,0.000,0.666012,16605,0.435592,0.055345,0,0,0,0.5400,罗湖区,23,23,0,0,0,0,1
2021-01-02,589179428,20190000000000000003,900200000000000038,1,176.743,312.983,55506.667,2021-01-02 21:30:00.000,L2FT01-FTJ003,17.88,0.000,0.666012,16605,0.435592,0.055345,0,0,0,0.5400,罗湖区,23,23,0,0,0,0,1
2021-01-02,589179428,20190000000000000003,900200000000000050,1,52.537,446.400,23422.667,2021-01-02 21:30:00.000,L2FT01-FTJ003,17.88,0.000,0.666012,16605,0.435592,0.055345,0,0,0,0.5400,罗湖区,23,23,0,0,0,0,1
2021-01-02,589179428,20190000000000000003,900200000000000038,1,199.854,316.433,63234.667,2021-01-02 21:45:00.000,L2FT01-FTJ003,17.88,0.000,0.666012,16605,0.435592,0.055345,0,0,0,0.5400,罗湖区,23,23,0,0,0,0,1
2021-01-02,589179428,20190000000000000003,900200000000000050,1,34.890,450.300,15710.000,2021-01-02 21:45:00.000,L2FT01-FTJ003,17.88,0.000,0.666012,16605,0.435592,0.055345,0,0,0,0.5400,罗湖区,23,23,0,0,0,0,1
2021-01-02,589179428,20190000000000000003,900200000000000038,1,162.576,321.686,52015.000,2021-01-02 22:00:00.000,L2FT01-FTJ003,18.50,0.000,0.666012,16605,0.435592,0.055345,0,0,0,0.5400,罗湖区,23,23,0,0,0,0,1
2021-01-02,589179428,20190000000000000003,900200000000000034,1,139.349,367.100,51148.182,2021-01-02 23:00:00.000,L2FT01-FTJ003,19.22,0.000,0.666012,16605,0.435592,0.055345,0,0,0,0.5400,罗湖区,23,23,0,0,0,0,1
2021-01-02,589179428,20190000000000000003,900200000000000034,1,127.436,376.720,47998.667,2021-01-02 23:15:00.000,L2FT01-FTJ003,19.22,0.000,0.666012,16605,0.435592,0.055345,0,0,0,0.5400,罗湖区,23,23,0,0,0,0,1
2021-01-02,589179428,20190000000000000003,900200000000000036,1,129.908,309.950,40261.667,2021-01-02 23:30:00.000,L2FT01-FTJ003,19.22,0.000,0.666012,16605,0.435592,0.055345,0,0,0,0.5400,罗湖区,23,23,0,0,0,0,1
2021-01-02,589179428,20190000000000000003,900200000000000034,1,98.221,392.927,38536.667,2021-01-02 23:30:00.000,L2FT01-FTJ003,19.22,0.000,0.666012,16605,0.435592,0.055345,0,0,0,0.5400,罗湖区,23,23,0,0,0,0,1
2021-01-02,589179428,20190000000000000003,900200000000000034,1,51.497,402.427,20716.000,2021-01-02 23:45:00.000,L2FT01-FTJ003,19.22,0.000,0.666012,16605,0.435592,0.055345,0,0,0,0.5400,罗湖区,23,23,0,0,0,0,1
2021-01-02,589179428,20190000000000000003,900200000000000036,1,129.996,311.620,40504.000,2021-01-02 23:45:00.000,L2FT01-FTJ003,19.22,0.000,0.666012,16605,0.435592,0.055345,0,0,0,0.5400,罗湖区,23,23,0,0,0,0,1
2021-01-03,589179428,20190000000000000003,900200000000000034,1,38.130,411.093,15666.667,2021-01-03 00:00:00.000,L2FT01-FTJ003,20.00,0.000,0.666012,16605,0.435592,0.055345,0,0,0,0.5400,罗湖区,23,23,0,0,0,0,1
2021-01-03,589179428,20190000000000000003,900200000000000036,1,130.072,312.053,40587.333,2021-01-03 00:00:00.000,L2FT01-FTJ003,20.00,0.000,0.666012,16605,0.435592,0.055345,0,0,0,0.5400,罗湖区,23,23,0,0,0,0,1
2021-01-03,589179428,20190000000000000003,900200000000000034,1,14.890,413.407,6154.000,2021-01-03 00:15:00.000,L2FT01-FTJ003,20.00,0.000,0.666012,16605,0.435592,0.055345,0,0,0,0.5400,罗湖区,23,23,0,0,0,0,1
2021-01-03,589179428,20190000000000000003,900200000000000036,1,130.000,313.587,40762.000,2021-01-03 00:15:00.000,L2FT01-FTJ003,20.00,0.000,0.666012,16605,0.435592,0.055345,0,0,0,0.5400,罗湖区,23,23,0,0,0,0,1
2021-01-03,589179428,20190000000000000003,900200000000000036,1,130.006,314.887,40932.667,2021-01-03 00:30:00.000,L2FT01-FTJ003,20.00,0.000,0.666012,16605,0.435592,0.055345,0,0,0,0.5400,罗湖区,23,23,0,0,0,0,1
2021-01-03,589179428,20190000000000000003,900200000000000036,1,104.226,320.971,33259.286,2021-01-03 00:45:00.000,L2FT01-FTJ003,20.00,0.000,0.666012,16605,0.435592,0.055345,0,0,0,0.5400,罗湖区,23,23,0,0,0,0,1
2021-01-03,589179428,20190000000000000003,900200000000000053,1,129.825,311.147,40390.667,2021-01-03 00:45:00.000,L2FT01-FTJ003,20.00,0.000,0.666012,16605,0.435592,0.055345,0,0,0,0.5400,罗湖区,23,23,0,0,0,0,1
2021-01-03,589179428,20190000000000000003,900200000000000053,1,129.824,313.233,40661.333,2021-01-03 01:00:00.000,L2FT01-FTJ003,20.78,0.000,0.666012,16605,0.435592,0.055345,0,0,0,0.5400,罗湖区,23,23,0,0,0,0,1
2021-01-03,589179428,20190000000000000003,900200000000000052,1,129.833,312.017,40505.000,2021-01-03 01:15:00.000,L2FT01-FTJ003,20.78,0.000,0.666012,16605,0.435592,0.055345,0,0,0,0.5400,罗湖区,23,23,0,0,0,0,1
2021-01-03,589179428,20190000000000000003,900200000000000053,1,129.890,314.587,40860.000,2021-01-03 01:15:00.000,L2FT01-FTJ003,20.78,0.000,0.666012,16605,0.435592,0.055345,0,0,0,0.5400,罗湖区,23,23,0,0,0,0,1
2021-01-03,589179428,20190000000000000003,900200000000000052,1,129.884,312.160,40543.333,2021-01-03 01:30:00.000,L2FT01-FTJ003,20.78,0.000,0.666012,16605,0.435592,0.055345,0,0,0,0.5400,罗湖区,23,23,0,0,0,0,1
2021-01-03,589179428,20190000000000000003,900200000000000053,1,111.877,317.900,35511.333,2021-01-03 01:30:00.000,L2FT01-FTJ003,20.78,0.000,0.666012,16605,0.435592,0.055345,0,0,0,0.5400,罗湖区,23,23,0,0,0,0,1
2021-01-03,589179428,20190000000000000003,900200000000000052,1,129.890,313.673,40741.333,2021-01-03 01:45:00.000,L2FT01-FTJ003,20.78,0.000,0.666012,16605,0.435592,0.055345,0,0,0,0.5400,罗湖区,23,23,0,0,0,0,1
2021-01-03,589179428,20190000000000000003,900200000000000053,1,29.890,327.650,9790.000,2021-01-03 01:45:00.000,L2FT01-FTJ003,20.78,0.000,0.666012,16605,0.435592,0.055345,0,0,0,0.5400,罗湖区,23,23,0,0,0,0,1
2021-01-03,589179428,20190000000000000003,900200000000000052,1,129.956,315.507,40999.333,2021-01-03 02:00:00.000,L2FT01-FTJ003,21.50,0.000,0.666012,16605,0.435592,0.055345,0,0,0,0.5400,罗湖区,23,23,0,0,0,0,1
2021-01-03,589179428,20190000000000000003,900200000000000052,1,117.938,319.680,37675.333,2021-01-03 02:15:00.000,L2FT01-FTJ003,21.50,0.000,0.666012,16605,0.435592,0.055345,0,0,0,0.5400,罗湖区,23,23,0,0,0,0,1
2021-01-03,589179428,20190000000000000003,900200000000000042,1,129.970,307.975,40017.500,2021-01-03 02:30:00.000,L2FT01-FTJ003,21.50,0.000,0.666012,16605,0.435592,0.055345,0,0,0,0.5400,罗湖区,23,23,0,0,0,0,1
2021-01-03,589179428,20190000000000000003,900200000000000052,1,40.708,326.927,13280.909,2021-01-03 02:30:00.000,L2FT01-FTJ003,21.50,0.000,0.666012,16605,0.435592,0.055345,0,0,0,0.5400,罗湖区,23,23,0,0,0,0,1
2021-01-03,589179428,20190000000000000003,900200000000000042,1,129.836,310.860,40356.000,2021-01-03 02:45:00.000,L2FT01-FTJ003,21.50,0.000,0.666012,16605,0.435592,0.055345,0,0,0,0.5400,罗湖区,23,23,0,0,0,0,1
2021-01-03,589179428,20190000000000000003,900200000000000042,1,129.854,311.280,40417.333,2021-01-03 03:00:00.000,L2FT01-FTJ003,22.12,0.000,0.666012,16605,0.435592,0.055345,0,0,0,0.5400,罗湖区,23,23,0,0,0,0,1
2021-01-03,589179428,20190000000000000003,900200000000000042,1,129.800,312.793,40596.667,2021-01-03 03:15:00.000,L2FT01-FTJ003,22.12,0.000,0.666012,16605,0.435592,0.055345,0,0,0,0.5400,罗湖区,23,23,0,0,0,0,1
2021-01-03,589179428,20190000000000000003,900200000000000042,1,129.800,313.493,40685.333,2021-01-03 03:30:00.000,L2FT01-FTJ003,22.12,0.000,0.666012,16605,0.435592,0.055345,0,0,0,0.5400,罗湖区,23,23,0,0,0,0,1
2021-01-03,589179428,20190000000000000003,900200000000000042,1,129.818,314.240,40789.333,2021-01-03 03:45:00.000,L2FT01-FTJ003,22.12,0.000,0.666012,16605,0.435592,0.055345,0,0,0,0.5400,罗湖区,23,23,0,0,0,0,1
2021-01-03,589179428,20190000000000000003,900200000000000042,1,129.890,316.433,41099.333,2021-01-03 04:00:00.000,L2FT01-FTJ003,22.60,0.000,0.666012,16605,0.435592,0.055345,0,0,0,0.5400,罗湖区,23,23,0,0,0,0,1
2021-01-03,589179428,20190000000000000003,900200000000000042,1,64.815,321.650,20870.000,2021-01-03 04:15:00.000,L2FT01-FTJ003,22.60,0.000,0.666012,16605,0.435592,0.055345,0,0,0,0.5400,罗湖区,23,23,0,0,0,0,1
2021-01-03,589179428,20190000000000000003,900200000000000044,1,129.906,312.243,40561.429,2021-01-03 05:15:00.000,L2FT01-FTJ003,22.90,0.000,0.666012,16605,0.435592,0.055345,0,0,0,0.5400,罗湖区,23,23,0,0,0,0,1
2021-01-03,589179428,20190000000000000003,900200000000000044,1,130.005,313.887,40802.667,2021-01-03 05:30:00.000,L2FT01-FTJ003,22.90,0.000,0.666012,16605,0.435592,0.055345,0,0,0,0.5400,罗湖区,23,23,0,0,0,0,1
2021-01-03,589179428,20190000000000000003,900200000000000044,1,130.078,315.347,41018.000,2021-01-03 05:45:00.000,L2FT01-FTJ003,22.90,0.000,0.666012,16605,0.435592,0.055345,0,0,0,0.5400,罗湖区,23,23,0,0,0,0,1
2021-01-03,589179428,20190000000000000003,900200000000000042,1,52.290,330.786,17297.143,2021-01-03 06:00:00.000,L2FT01-FTJ003,23.00,0.000,0.666012,16605,0.435592,0.055345,0,0,0,0.5400,罗湖区,23,23,0,0,0,0,1
2021-01-03,589179428,20190000000000000003,900200000000000044,1,120.043,318.940,38235.333,2021-01-03 06:00:00.000,L2FT01-FTJ003,23.00,0.000,0.666012,16605,0.435592,0.055345,0,0,0,0.5400,罗湖区,23,23,0,0,0,0,1
2021-01-03,589179428,20190000000000000003,900200000000000039,1,68.448,351.358,24049.167,2021-01-03 06:00:00.000,L2FT01-FTJ003,23.00,0.000,0.666012,16605,0.435592,0.055345,0,0,0,0.5400,罗湖区,23,23,0,0,0,0,1
2021-01-03,589179428,20190000000000000003,900200000000000039,1,71.190,352.127,25066.667,2021-01-03 06:15:00.000,L2FT01-FTJ003,23.00,0.000,0.666012,16605,0.435592,0.055345,0,0,0,0.5400,罗湖区,23,23,0,0,0,0,1
2021-01-03,589179428,20190000000000000003,900200000000000042,1,52.290,331.473,17332.000,2021-01-03 06:15:00.000,L2FT01-FTJ003,23.00,0.000,0.666012,16605,0.435592,0.055345,0,0,0,0.5400,罗湖区,23,23,0,0,0,0,1
2021-01-03,589179428,20190000000000000003,900200000000000044,1,36.457,328.733,11990.000,2021-01-03 06:15:00.000,L2FT01-FTJ003,23.00,0.000,0.666012,16605,0.435592,0.055345,0,0,0,0.5400,罗湖区,23,23,0,0,0,0,1
2021-01-03,589179428,20190000000000000003,900200000000000039,1,71.190,354.253,25218.000,2021-01-03 06:30:00.000,L2FT01-FTJ003,23.00,0.000,0.666012,16605,0.435592,0.055345,0,0,0,0.5400,罗湖区,23,23,0,0,0,0,1
2021-01-03,589179428,20190000000000000003,900200000000000042,1,52.290,332.020,17358.000,2021-01-03 06:30:00.000,L2FT01-FTJ003,23.00,0.000,0.666012,16605,0.435592,0.055345,0,0,0,0.5400,罗湖区,23,23,0,0,0,0,1
2021-01-03,589179428,20190000000000000003,900200000000000039,1,71.190,355.413,25300.667,2021-01-03 06:45:00.000,L2FT01-FTJ003,23.00,0.000,0.666012,16605,0.435592,0.055345,0,0,0,0.5400,罗湖区,23,23,0,0,0,0,1
2021-01-03,589179428,20190000000000000003,900200000000000039,1,55.470,356.253,19760.000,2021-01-03 07:00:00.000,L2FT01-FTJ003,22.90,0.000,0.666012,16605,0.435592,0.055345,0,0,0,0.5400,罗湖区,23,23,0,0,0,0,1
2021-01-03,589179428,20190000000000000003,900200000000000039,1,29.110,361.000,10492.000,2021-01-03 07:15:00.000,L2FT01-FTJ003,22.90,0.000,0.666012,16605,0.435592,0.055345,0,0,0,0.5400,罗湖区,23,23,0,0,0,0,1
2021-01-03,589179428,20190000000000000003,900200000000000032,1,66.677,351.029,24082.857,2021-01-03 08:15:00.000,L2FT01-FTJ003,22.60,0.000,0.666012,16605,0.435592,0.055345,0,0,0,0.5400,罗湖区,23,23,0,0,0,0,1
2021-01-03,589179428,20190000000000000003,900200000000000032,1,77.857,370.447,28840.000,2021-01-03 08:30:00.000,L2FT01-FTJ003,22.60,0.000,0.666012,16605,0.435592,0.055345,0,0,0,0.5400,罗湖区,23,23,0,0,0,0,1
2021-01-03,589179428,20190000000000000003,900200000000000032,1,73.185,381.880,27935.333,2021-01-03 08:45:00.000,L2FT01-FTJ003,22.60,0.000,0.666012,16605,0.435592,0.055345,0,0,0,0.5400,罗湖区,23,23,0,0,0,0,1
2021-01-03,589179428,20190000000000000003,900200000000000032,1,33.241,385.343,12832.857,2021-01-03 09:00:00.000,L2FT01-FTJ003,22.12,0.000,0.666012,16605,0.435592,0.055345,0,0,0,0.5400,罗湖区,23,23,0,0,0,0,1
2021-01-03,589179428,20190000000000000003,900200000000000048,1,129.866,311.986,40512.143,2021-01-03 12:00:00.000,L2FT01-FTJ003,20.00,0.000,0.666012,16605,0.435592,0.055345,0,0,0,0.5400,罗湖区,23,23,0,0,0,0,1
2021-01-03,589179428,20190000000000000003,900200000000000048,1,129.927,314.333,40838.000,2021-01-03 12:15:00.000,L2FT01-FTJ003,20.00,0.000,0.666012,16605,0.435592,0.055345,0,0,0,0.5400,罗湖区,23,23,0,0,0,0,1
2021-01-03,589179428,20190000000000000003,900200000000000048,1,129.929,315.547,40994.667,2021-01-03 12:30:00.000,L2FT01-FTJ003,20.00,0.000,0.666012,16605,0.435592,0.055345,0,0,0,0.5400,罗湖区,23,23,0,0,0,0,1
2021-01-03,589179428,20190000000000000003,900200000000000048,1,78.840,323.280,25334.000,2021-01-03 12:45:00.000,L2FT01-FTJ003,20.00,0.000,0.666012,16605,0.435592,0.055345,0,0,0,0.5400,罗湖区,23,23,0,0,0,0,1
2021-01-03,589179428,20190000000000000003,900200000000000035,1,129.848,315.300,40937.500,2021-01-03 13:15:00.000,L2FT01-FTJ003,19.22,0.000,0.666012,16605,0.435592,0.055345,0,0,0,0.5400,罗湖区,23,23,0,0,0,0,1
2021-01-03,589179428,20190000000000000003,900200000000000035,1,129.879,315.920,41028.667,2021-01-03 13:30:00.000,L2FT01-FTJ003,19.22,0.000,0.666012,16605,0.435592,0.055345,0,0,0,0.5400,罗湖区,23,23,0,0,0,0,1
2021-01-03,589179428,20190000000000000003,900200000000000035,1,95.882,323.020,30750.000,2021-01-03 13:45:00.000,L2FT01-FTJ003,19.22,0.000,0.666012,16605,0.435592,0.055345,0,0,0,0.5400,罗湖区,23,23,0,0,0,0,1
2021-01-03,589179428,20190000000000000003,900200000000000036,1,44.671,343.913,15423.750,2021-01-03 13:45:00.000,L2FT01-FTJ003,19.22,0.000,0.666012,16605,0.435592,0.055345,0,0,0,0.5400,罗湖区,23,23,0,0,0,0,1
2021-01-03,589179428,20190000000000000003,900200000000000057,1,174.859,323.837,55600.000,2021-01-03 13:45:00.000,L2FT01-FTJ003,19.22,0.000,0.666012,16605,0.435592,0.055345,0,0,0,0.5400,罗湖区,23,23,0,0,0,0,1
2021-01-03,589179428,20190000000000000003,900200000000000036,1,71.405,351.820,25119.333,2021-01-03 14:00:00.000,L2FT01-FTJ003,18.50,0.000,0.666012,16605,0.435592,0.055345,0,0,0,0.5400,罗湖区,23,23,0,0,0,0,1
2021-01-03,589179428,20190000000000000003,900200000000000057,1,119.825,323.762,38574.615,2021-01-03 14:00:00.000,L2FT01-FTJ003,18.50,0.000,0.666012,16605,0.435592,0.055345,0,0,0,0.5400,罗湖区,23,23,0,0,0,0,1
2021-01-03,589179428,20190000000000000003,900200000000000036,1,71.390,361.393,25798.667,2021-01-03 14:15:00.000,L2FT01-FTJ003,18.50,0.000,0.666012,16605,0.435592,0.055345,0,0,0,0.5400,罗湖区,23,23,0,0,0,0,1
2021-01-03,589179428,20190000000000000003,900200000000000036,1,71.390,372.653,26602.000,2021-01-03 14:30:00.000,L2FT01-FTJ003,18.50,0.000,0.666012,16605,0.435592,0.055345,0,0,0,0.5400,罗湖区,23,23,0,0,0,0,1
2021-01-03,589179428,20190000000000000003,900200000000000036,1,62.473,380.217,23748.333,2021-01-03 14:45:00.000,L2FT01-FTJ003,18.50,0.000,0.666012,16605,0.435592,0.055345,0,0,0,0.5400,罗湖区,23,23,0,0,0,0,1
2021-01-03,589179428,20190000000000000003,900200000000000032,1,130.000,308.500,40100.000,2021-01-03 15:30:00.000,L2FT01-FTJ003,17.88,0.000,0.666012,16605,0.435592,0.055345,0,0,0,0.5400,罗湖区,23,23,0,0,0,0,1
2021-01-03,589179428,20190000000000000003,900200000000000036,1,120.147,359.927,43240.000,2021-01-03 15:30:00.000,L2FT01-FTJ003,17.88,0.000,0.666012,16605,0.435592,0.055345,0,0,0,0.5400,罗湖区,23,23,0,0,0,0,1
2021-01-03,589179428,20190000000000000003,900200000000000032,1,129.905,311.080,40409.333,2021-01-03 15:45:00.000,L2FT01-FTJ003,17.88,0.000,0.666012,16605,0.435592,0.055345,0,0,0,0.5400,罗湖区,23,23,0,0,0,0,1
2021-01-03,589179428,20190000000000000003,900200000000000036,1,74.553,357.767,26691.333,2021-01-03 15:45:00.000,L2FT01-FTJ003,17.88,0.000,0.666012,16605,0.435592,0.055345,0,0,0,0.5400,罗湖区,23,23,0,0,0,0,1
2021-01-03,589179428,20190000000000000003,900200000000000032,1,130.000,311.760,40523.333,2021-01-03 16:00:00.000,L2FT01-FTJ003,17.40,0.000,0.666012,16605,0.435592,0.055345,0,0,0,0.5400,罗湖区,23,23,0,0,0,0,1
2021-01-03,589179428,20190000000000000003,900200000000000036,1,55.500,357.600,19840.000,2021-01-03 16:00:00.000,L2FT01-FTJ003,17.40,0.000,0.666012,16605,0.435592,0.055345,0,0,0,0.5400,罗湖区,23,23,0,0,0,0,1
2021-01-03,589179428,20190000000000000003,900200000000000032,1,130.000,313.480,40748.000,2021-01-03 16:15:00.000,L2FT01-FTJ003,17.40,0.000,0.666012,16605,0.435592,0.055345,0,0,0,0.5400,罗湖区,23,23,0,0,0,0,1
2021-01-03,589179428,20190000000000000003,900200000000000047,1,87.512,410.183,35938.333,2021-01-03 16:30:00.000,L2FT01-FTJ003,17.40,0.000,0.666012,16605,0.435592,0.055345,0,0,0,0.5400,罗湖区,23,23,0,0,0,0,1
2021-01-03,589179428,20190000000000000003,900200000000000032,1,120.000,311.008,37750.000,2021-01-03 16:30:00.000,L2FT01-FTJ003,17.40,0.000,0.666012,16605,0.435592,0.055345,0,0,0,0.5400,罗湖区,23,23,0,0,0,0,1
2021-01-03,589179428,20190000000000000003,900200000000000047,1,93.089,430.693,40035.333,2021-01-03 16:45:00.000,L2FT01-FTJ003,17.40,0.000,0.666012,16605,0.435592,0.055345,0,0,0,0.5400,罗湖区,23,23,0,0,0,0,1
2021-01-03,589179428,20190000000000000003,900200000000000047,1,47.150,444.133,20916.667,2021-01-03 17:00:00.000,L2FT01-FTJ003,17.10,0.000,0.666012,16605,0.435592,0.055345,0,0,0,0.5400,罗湖区,23,23,0,0,0,0,1
2021-01-03,589179428,20190000000000000003,900200000000000047,1,20.755,435.438,9301.250,2021-01-03 17:15:00.000,L2FT01-FTJ003,17.10,0.000,0.666012,16605,0.435592,0.055345,0,0,0,0.5400,罗湖区,23,23,0,0,0,0,1
2021-01-03,589179428,20190000000000000003,900200000000000058,1,132.590,304.400,40360.000,2021-01-03 18:00:00.000,L2FT01-FTJ003,17.00,0.000,0.666012,16605,0.435592,0.055345,0,0,0,0.5400,罗湖区,23,23,0,0,0,0,1
2021-01-03,589179428,20190000000000000003,900200000000000058,1,129.842,309.847,40227.333,2021-01-03 18:15:00.000,L2FT01-FTJ003,17.00,0.000,0.666012,16605,0.435592,0.055345,0,0,0,0.5400,罗湖区,23,23,0,0,0,0,1
2021-01-03,589179428,20190000000000000003,900200000000000032,1,129.830,312.833,40611.667,2021-01-03 18:30:00.000,L2FT01-FTJ003,17.00,0.000,0.666012,16605,0.435592,0.055345,0,0,0,0.5400,罗湖区,23,23,0,0,0,0,1
2021-01-03,589179428,20190000000000000003,900200000000000058,1,129.854,310.587,40326.667,2021-01-03 18:30:00.000,L2FT01-FTJ003,17.00,0.000,0.666012,16605,0.435592,0.055345,0,0,0,0.5400,罗湖区,23,23,0,0,0,0,1
2021-01-03,589179428,20190000000000000003,900200000000000032,1,126.537,316.711,40065.556,2021-01-03 18:45:00.000,L2FT01-FTJ003,17.00,0.000,0.666012,16605,0.435592,0.055345,0,0,0,0.5400,罗湖区,23,23,0,0,0,0,1
2021-01-03,589179428,20190000000000000003,900200000000000040,1,83.590,351.200,29360.000,2021-01-03 18:45:00.000,L2FT01-FTJ003,17.00,0.000,0.666012,16605,0.435592,0.055345,0,0,0,0.5400,罗湖区,23,23,0,0,0,0,1
2021-01-03,589179428,20190000000000000003,900200000000000058,1,129.884,311.620,40472.000,2021-01-03 18:45:00.000,L2FT01-FTJ003,17.00,0.000,0.666012,16605,0.435592,0.055345,0,0,0,0.5400,罗湖区,23,23,0,0,0,0,1
2021-01-03,589179428,20190000000000000003,900200000000000040,1,105.029,360.687,37880.667,2021-01-03 19:00:00.000,L2FT01-FTJ003,17.10,0.000,0.666012,16605,0.435592,0.055345,0,0,0,0.5400,罗湖区,23,23,0,0,0,0,1
2021-01-03,589179428,20190000000000000003,900200000000000058,1,129.842,314.180,40789.333,2021-01-03 19:00:00.000,L2FT01-FTJ003,17.10,0.000,0.666012,16605,0.435592,0.055345,0,0,0,0.5400,罗湖区,23,23,0,0,0,0,1
2021-01-03,589179428,20190000000000000003,900200000000000040,1,29.715,361.000,10792.500,2021-01-03 19:15:00.000,L2FT01-FTJ003,17.10,0.000,0.666012,16605,0.435592,0.055345,0,0,0,0.5400,罗湖区,23,23,0,0,0,0,1
2021-01-03,589179428,20190000000000000003,900200000000000058,1,104.415,317.393,33105.333,2021-01-03 19:15:00.000,L2FT01-FTJ003,17.10,0.000,0.666012,16605,0.435592,0.055345,0,0,0,0.5400,罗湖区,23,23,0,0,0,0,1
2021-01-03,589179428,20190000000000000003,900200000000000058,1,69.790,327.000,22820.000,2021-01-03 19:30:00.000,L2FT01-FTJ003,17.10,0.000,0.666012,16605,0.435592,0.055345,0,0,0,0.5400,罗湖区,23,23,0,0,0,0,1
2021-01-03,589179428,20190000000000000003,900200000000000057,0,0.000,395.500,0.000,2021-01-03 19:45:00.000,L2FT01-FTJ003,17.10,0.000,0.666012,16605,0.435592,0.055345,0,0,0,0.5400,罗湖区,23,23,0,0,0,0,1
2021-01-03,589179428,20190000000000000003,900200000000000057,1,98.231,400.713,39361.333,2021-01-03 20:00:00.000,L2FT01-FTJ003,17.40,0.000,0.666012,16605,0.435592,0.055345,0,0,0,0.5400,罗湖区,23,23,0,0,0,0,1
2021-01-03,589179428,20190000000000000003,900200000000000057,1,117.378,412.320,48438.667,2021-01-03 20:15:00.000,L2FT01-FTJ003,17.40,0.000,0.666012,16605,0.435592,0.055345,0,0,0,0.5400,罗湖区,23,23,0,0,0,0,1
2021-01-03,589179428,20190000000000000003,900200000000000057,1,113.030,434.467,49013.333,2021-01-03 20:30:00.000,L2FT01-FTJ003,17.40,0.000,0.666012,16605,0.435592,0.055345,0,0,0,0.5400,罗湖区,23,23,0,0,0,0,1
2021-01-03,589179428,20190000000000000003,900200000000000057,1,52.077,445.933,23201.667,2021-01-03 20:45:00.000,L2FT01-FTJ003,17.40,0.000,0.666012,16605,0.435592,0.055345,0,0,0,0.5400,罗湖区,23,23,0,0,0,0,1
2021-01-03,589179428,20190000000000000003,900200000000000032,1,149.892,312.625,46857.500,2021-01-03 21:45:00.000,L2FT01-FTJ003,17.88,0.000,0.666012,16605,0.435592,0.055345,0,0,0,0.5400,罗湖区,23,23,0,0,0,0,1
2021-01-03,589179428,20190000000000000003,900200000000000034,1,130.390,311.600,40630.000,2021-01-03 23:00:00.000,L2FT01-FTJ003,19.22,0.000,0.666012,16605,0.435592,0.055345,0,0,0,0.5400,罗湖区,23,23,0,0,0,0,1
2021-01-03,589179428,20190000000000000003,900200000000000048,1,149.807,311.675,46688.333,2021-01-03 23:00:00.000,L2FT01-FTJ003,19.22,0.000,0.666012,16605,0.435592,0.055345,0,0,0,0.5400,罗湖区,23,23,0,0,0,0,1
2021-01-03,589179428,20190000000000000003,900200000000000034,1,117.798,315.767,37174.000,2021-01-03 23:15:00.000,L2FT01-FTJ003,19.22,0.000,0.666012,16605,0.435592,0.055345,0,0,0,0.5400,罗湖区,23,23,0,0,0,0,1
2021-01-03,589179428,20190000000000000003,900200000000000048,1,149.837,313.220,46928.667,2021-01-03 23:15:00.000,L2FT01-FTJ003,19.22,0.000,0.666012,16605,0.435592,0.055345,0,0,0,0.5400,罗湖区,23,23,0,0,0,0,1
2021-01-03,589179428,20190000000000000003,900200000000000034,1,29.790,330.450,9840.000,2021-01-03 23:30:00.000,L2FT01-FTJ003,19.22,0.000,0.666012,16605,0.435592,0.055345,0,0,0,0.5400,罗湖区,23,23,0,0,0,0,1
2021-01-03,589179428,20190000000000000003,900200000000000048,1,149.857,314.453,47120.667,2021-01-03 23:30:00.000,L2FT01-FTJ003,19.22,0.000,0.666012,16605,0.435592,0.055345,0,0,0,0.5400,罗湖区,23,23,0,0,0,0,1
2021-01-03,589179428,20190000000000000003,900200000000000048,1,149.941,316.627,47472.667,2021-01-03 23:45:00.000,L2FT01-FTJ003,19.22,0.000,0.666012,16605,0.435592,0.055345,0,0,0,0.5400,罗湖区,23,23,0,0,0,0,1
2021-01-04,589179428,20190000000000000003,900200000000000048,1,64.103,320.938,20515.000,2021-01-04 00:00:00.000,L2FT01-FTJ003,20.00,0.000,0.666012,16605,0.435592,0.055345,0,0,1,0.5400,罗湖区,23,23,0,0,0,0,1
2021-01-04,589179428,20190000000000000003,900200000000000036,1,29.351,334.629,9854.286,2021-01-04 01:00:00.000,L2FT01-FTJ003,20.78,0.000,0.666012,16605,0.435592,0.055345,0,0,1,0.5400,罗湖区,23,23,0,0,0,0,1
2021-01-04,589179428,20190000000000000003,900200000000000044,1,129.914,309.736,40235.455,2021-01-04 02:00:00.000,L2FT01-FTJ003,21.50,0.000,0.666012,16605,0.435592,0.055345,0,0,1,0.5400,罗湖区,23,23,0,0,0,0,1
2021-01-04,589179428,20190000000000000003,900200000000000043,1,129.814,310.736,40332.143,2021-01-04 02:15:00.000,L2FT01-FTJ003,21.50,0.000,0.666012,16605,0.435592,0.055345,0,0,1,0.5400,罗湖区,23,23,0,0,0,0,1
2021-01-04,589179428,20190000000000000003,900200000000000044,1,130.066,310.900,40434.667,2021-01-04 02:15:00.000,L2FT01-FTJ003,21.50,0.000,0.666012,16605,0.435592,0.055345,0,0,1,0.5400,罗湖区,23,23,0,0,0,0,1
2021-01-04,589179428,20190000000000000003,900200000000000044,1,130.090,311.893,40572.000,2021-01-04 02:30:00.000,L2FT01-FTJ003,21.50,0.000,0.666012,16605,0.435592,0.055345,0,0,1,0.5400,罗湖区,23,23,0,0,0,0,1
2021-01-04,589179428,20190000000000000003,900200000000000043,1,129.812,311.640,40450.667,2021-01-04 02:30:00.000,L2FT01-FTJ003,21.50,0.000,0.666012,16605,0.435592,0.055345,0,0,1,0.5400,罗湖区,23,23,0,0,0,0,1
2021-01-04,589179428,20190000000000000003,900200000000000043,1,129.836,313.560,40706.667,2021-01-04 02:45:00.000,L2FT01-FTJ003,21.50,0.000,0.666012,16605,0.435592,0.055345,0,0,1,0.5400,罗湖区,23,23,0,0,0,0,1
2021-01-04,589179428,20190000000000000003,900200000000000044,1,130.030,313.353,40742.667,2021-01-04 02:45:00.000,L2FT01-FTJ003,21.50,0.000,0.666012,16605,0.435592,0.055345,0,0,1,0.5400,罗湖区,23,23,0,0,0,0,1
2021-01-04,589179428,20190000000000000003,900200000000000043,1,129.836,314.907,40882.000,2021-01-04 03:00:00.000,L2FT01-FTJ003,22.12,0.000,0.666012,16605,0.435592,0.055345,0,0,1,0.5400,罗湖区,23,23,0,0,0,0,1
2021-01-04,589179428,20190000000000000003,900200000000000044,1,130.000,314.180,40838.667,2021-01-04 03:00:00.000,L2FT01-FTJ003,22.12,0.000,0.666012,16605,0.435592,0.055345,0,0,1,0.5400,罗湖区,23,23,0,0,0,0,1
2021-01-04,589179428,20190000000000000003,900200000000000043,1,83.082,324.067,26717.778,2021-01-04 03:15:00.000,L2FT01-FTJ003,22.12,0.000,0.666012,16605,0.435592,0.055345,0,0,1,0.5400,罗湖区,23,23,0,0,0,0,1
2021-01-04,589179428,20190000000000000003,900200000000000044,1,130.036,315.353,41004.667,2021-01-04 03:15:00.000,L2FT01-FTJ003,22.12,0.000,0.666012,16605,0.435592,0.055345,0,0,1,0.5400,罗湖区,23,23,0,0,0,0,1
2021-01-04,589179428,20190000000000000003,900200000000000058,1,132.130,314.800,41700.000,2021-01-04 03:30:00.000,L2FT01-FTJ003,22.12,0.000,0.666012,16605,0.435592,0.055345,0,0,1,0.5400,罗湖区,23,23,0,0,0,0,1
2021-01-04,589179428,20190000000000000003,900200000000000044,1,103.043,310.554,32808.462,2021-01-04 03:30:00.000,L2FT01-FTJ003,22.12,0.000,0.666012,16605,0.435592,0.055345,0,0,1,0.5400,罗湖区,23,23,0,0,0,0,1
2021-01-04,589179428,20190000000000000003,900200000000000058,1,149.890,317.700,47616.667,2021-01-04 03:45:00.000,L2FT01-FTJ003,22.12,0.000,0.666012,16605,0.435592,0.055345,0,0,1,0.5400,罗湖区,23,23,0,0,0,0,1
2021-01-04,589179428,20190000000000000003,900200000000000058,1,129.848,310.662,40333.846,2021-01-04 06:15:00.000,L2FT01-FTJ003,23.00,0.000,0.666012,16605,0.435592,0.055345,0,0,1,0.5400,罗湖区,23,23,0,0,0,0,1
2021-01-04,589179428,20190000000000000003,900200000000000058,1,129.824,311.080,40380.667,2021-01-04 06:30:00.000,L2FT01-FTJ003,23.00,0.000,0.666012,16605,0.435592,0.055345,0,0,1,0.5400,罗湖区,23,23,0,0,0,0,1
2021-01-04,589179428,20190000000000000003,900200000000000058,1,129.878,312.407,40572.000,2021-01-04 06:45:00.000,L2FT01-FTJ003,23.00,0.000,0.666012,16605,0.435592,0.055345,0,0,1,0.5400,罗湖区,23,23,0,0,0,0,1
2021-01-04,589179428,20190000000000000003,900200000000000058,1,129.856,314.337,40816.250,2021-01-04 07:00:00.000,L2FT01-FTJ003,22.90,0.000,0.666012,16605,0.435592,0.055345,0,0,1,0.5400,罗湖区,23,23,0,0,0,0,1
2021-01-04,589179428,20190000000000000003,900200000000000045,1,48.692,340.540,16576.000,2021-01-04 07:15:00.000,L2FT01-FTJ003,22.90,0.000,0.666012,16605,0.435592,0.055345,0,0,1,0.5400,罗湖区,23,23,0,0,0,0,1
2021-01-04,589179428,20190000000000000003,900200000000000045,1,44.971,346.953,15596.667,2021-01-04 07:30:00.000,L2FT01-FTJ003,22.90,0.000,0.666012,16605,0.435592,0.055345,0,0,1,0.5400,罗湖区,23,23,0,0,0,0,1
2021-01-04,589179428,20190000000000000003,900200000000000045,1,33.745,352.747,11897.333,2021-01-04 07:45:00.000,L2FT01-FTJ003,22.90,0.000,0.666012,16605,0.435592,0.055345,0,0,1,0.5400,罗湖区,23,23,0,0,0,0,1
2021-01-04,589179428,20190000000000000003,900200000000000045,1,26.424,356.378,9413.333,2021-01-04 08:00:00.000,L2FT01-FTJ003,22.60,0.000,0.666012,16605,0.435592,0.055345,0,0,1,0.5400,罗湖区,23,23,0,0,0,0,1
2021-01-04,589179428,20190000000000000003,900200000000000040,1,118.424,333.164,39450.909,2021-01-04 08:15:00.000,L2FT01-FTJ003,22.60,0.000,0.666012,16605,0.435592,0.055345,0,0,1,0.5400,罗湖区,23,23,0,0,0,0,1
2021-01-04,589179428,20190000000000000003,900200000000000040,1,112.119,348.027,38992.000,2021-01-04 08:30:00.000,L2FT01-FTJ003,22.60,0.000,0.666012,16605,0.435592,0.055345,0,0,1,0.5400,罗湖区,23,23,0,0,0,0,1
2021-01-04,589179428,20190000000000000003,900200000000000040,1,56.583,360.953,20386.000,2021-01-04 08:45:00.000,L2FT01-FTJ003,22.60,0.000,0.666012,16605,0.435592,0.055345,0,0,1,0.5400,罗湖区,23,23,0,0,0,0,1
2021-01-04,589179428,20190000000000000003,900200000000000040,1,28.790,363.900,10480.000,2021-01-04 09:00:00.000,L2FT01-FTJ003,22.12,0.000,0.666012,16605,0.435592,0.055345,0,0,1,0.5400,罗湖区,23,23,0,0,0,0,1
2021-01-04,589179428,20190000000000000003,900200000000000044,1,139.800,316.900,44300.000,2021-01-04 10:45:00.000,L2FT01-FTJ003,21.50,0.000,0.666012,16605,0.435592,0.055345,0,0,1,0.5400,罗湖区,23,23,0,0,0,0,1
2021-01-04,589179428,20190000000000000003,900200000000000052,1,69.191,355.300,25194.444,2021-01-04 10:45:00.000,L2FT01-FTJ003,21.50,0.000,0.666012,16605,0.435592,0.055345,0,0,1,0.5400,罗湖区,23,23,0,0,0,0,1
2021-01-04,589179428,20190000000000000003,900200000000000044,1,139.830,323.353,45210.667,2021-01-04 11:00:00.000,L2FT01-FTJ003,20.78,0.000,0.666012,16605,0.435592,0.055345,0,0,1,0.5400,罗湖区,23,23,0,0,0,0,1
2021-01-04,589179428,20190000000000000003,900200000000000052,1,77.890,374.767,29190.000,2021-01-04 11:00:00.000,L2FT01-FTJ003,20.78,0.000,0.666012,16605,0.435592,0.055345,0,0,1,0.5400,罗湖区,23,23,0,0,0,0,1
2021-01-04,589179428,20190000000000000003,900200000000000040,1,122.872,356.320,44270.000,2021-01-04 11:15:00.000,L2FT01-FTJ003,20.78,0.000,0.666012,16605,0.435592,0.055345,0,0,1,0.5400,罗湖区,23,23,0,0,0,0,1
2021-01-04,589179428,20190000000000000003,900200000000000044,1,138.952,332.073,46135.333,2021-01-04 11:15:00.000,L2FT01-FTJ003,20.78,0.000,0.666012,16605,0.435592,0.055345,0,0,1,0.5400,罗湖区,23,23,0,0,0,0,1
2021-01-04,589179428,20190000000000000003,900200000000000040,1,149.830,373.187,55912.667,2021-01-04 11:30:00.000,L2FT01-FTJ003,20.78,0.000,0.666012,16605,0.435592,0.055345,0,0,1,0.5400,罗湖区,23,23,0,0,0,0,1
2021-01-04,589179428,20190000000000000003,900200000000000044,1,62.810,336.593,21145.333,2021-01-04 11:30:00.000,L2FT01-FTJ003,20.78,0.000,0.666012,16605,0.435592,0.055345,0,0,1,0.5400,罗湖区,23,23,0,0,0,0,1
2021-01-04,589179428,20190000000000000003,900200000000000040,1,123.778,390.821,48325.000,2021-01-04 11:45:00.000,L2FT01-FTJ003,20.78,0.000,0.666012,16605,0.435592,0.055345,0,0,1,0.5400,罗湖区,23,23,0,0,0,0,1
2021-01-04,589179428,20190000000000000003,900200000000000044,1,34.890,338.500,11810.000,2021-01-04 11:45:00.000,L2FT01-FTJ003,20.78,0.000,0.666012,16605,0.435592,0.055345,0,0,1,0.5400,罗湖区,23,23,0,0,0,0,1
2021-01-04,589179428,20190000000000000003,900200000000000040,1,121.558,422.680,51414.000,2021-01-04 12:45:00.000,L2FT01-FTJ003,20.00,0.000,0.666012,16605,0.435592,0.055345,0,0,1,0.5400,罗湖区,23,23,0,0,0,0,1
2021-01-04,589179428,20190000000000000003,900200000000000040,1,129.854,436.533,56683.333,2021-01-04 13:00:00.000,L2FT01-FTJ003,19.22,0.000,0.666012,16605,0.435592,0.055345,0,0,1,0.5400,罗湖区,23,23,0,0,0,0,1
2021-01-04,589179428,20190000000000000003,900200000000000040,1,106.779,458.940,48910.000,2021-01-04 13:15:00.000,L2FT01-FTJ003,19.22,0.000,0.666012,16605,0.435592,0.055345,0,0,1,0.5400,罗湖区,23,23,0,0,0,0,1
2021-01-04,589179428,20190000000000000003,900200000000000040,1,38.823,467.260,18126.000,2021-01-04 13:30:00.000,L2FT01-FTJ003,19.22,0.000,0.666012,16605,0.435592,0.055345,0,0,1,0.5400,罗湖区,23,23,0,0,0,0,1
2021-01-04,589179428,20190000000000000003,900200000000000040,1,20.107,469.317,9436.667,2021-01-04 13:45:00.000,L2FT01-FTJ003,19.22,0.000,0.666012,16605,0.435592,0.055345,0,0,1,0.5400,罗湖区,23,23,0,0,0,0,1
2021-01-04,589179428,20190000000000000003,900200000000000034,1,106.248,308.800,32932.500,2021-01-04 16:15:00.000,L2FT01-FTJ003,17.40,0.000,0.666012,16605,0.435592,0.055345,0,0,1,0.5400,罗湖区,23,23,0,0,0,0,1
2021-01-04,589179428,20190000000000000003,900200000000000034,1,129.818,310.867,40350.667,2021-01-04 16:30:00.000,L2FT01-FTJ003,17.40,0.000,0.666012,16605,0.435592,0.055345,0,0,1,0.5400,罗湖区,23,23,0,0,0,0,1
2021-01-04,589179428,20190000000000000003,900200000000000034,1,129.860,313.007,40645.333,2021-01-04 16:45:00.000,L2FT01-FTJ003,17.40,0.000,0.666012,16605,0.435592,0.055345,0,0,1,0.5400,罗湖区,23,23,0,0,0,0,1
2021-01-04,589179428,20190000000000000003,900200000000000034,1,129.884,315.633,40995.333,2021-01-04 17:00:00.000,L2FT01-FTJ003,17.10,0.000,0.666012,16605,0.435592,0.055345,0,0,1,0.5400,罗湖区,23,23,0,0,0,0,1
2021-01-04,589179428,20190000000000000003,900200000000000053,1,80.390,308.700,24810.000,2021-01-04 17:00:00.000,L2FT01-FTJ003,17.10,0.000,0.666012,16605,0.435592,0.055345,0,0,1,0.5400,罗湖区,23,23,0,0,0,0,1
2021-01-04,589179428,20190000000000000003,900200000000000053,1,115.811,319.620,36936.667,2021-01-04 17:15:00.000,L2FT01-FTJ003,17.10,0.000,0.666012,16605,0.435592,0.055345,0,0,1,0.5400,罗湖区,23,23,0,0,0,0,1
2021-01-04,589179428,20190000000000000003,900200000000000037,1,85.573,346.618,29784.545,2021-01-04 17:15:00.000,L2FT01-FTJ003,17.10,0.000,0.666012,16605,0.435592,0.055345,0,0,1,0.5400,罗湖区,23,23,0,0,0,0,1
2021-01-04,589179428,20190000000000000003,900200000000000034,1,104.093,321.443,33434.286,2021-01-04 17:15:00.000,L2FT01-FTJ003,17.10,0.000,0.666012,16605,0.435592,0.055345,0,0,1,0.5400,罗湖区,23,23,0,0,0,0,1
2021-01-04,589179428,20190000000000000003,900200000000000037,1,94.241,352.500,33214.667,2021-01-04 17:30:00.000,L2FT01-FTJ003,17.10,0.000,0.666012,16605,0.435592,0.055345,0,0,1,0.5400,罗湖区,23,23,0,0,0,0,1
2021-01-04,589179428,20190000000000000003,900200000000000053,1,50.000,327.800,16390.000,2021-01-04 17:30:00.000,L2FT01-FTJ003,17.10,0.000,0.666012,16605,0.435592,0.055345,0,0,1,0.5400,罗湖区,23,23,0,0,0,0,1
2021-01-04,589179428,20190000000000000003,900200000000000037,1,94.278,354.300,33397.333,2021-01-04 17:45:00.000,L2FT01-FTJ003,17.10,0.000,0.666012,16605,0.435592,0.055345,0,0,1,0.5400,罗湖区,23,23,0,0,0,0,1
2021-01-04,589179428,20190000000000000003,900200000000000037,1,79.255,354.867,28138.667,2021-01-04 18:00:00.000,L2FT01-FTJ003,17.00,0.000,0.666012,16605,0.435592,0.055345,0,0,1,0.5400,罗湖区,23,23,0,0,0,0,1
2021-01-04,589179428,20190000000000000003,900200000000000036,1,129.948,313.908,40791.667,2021-01-04 18:15:00.000,L2FT01-FTJ003,17.00,0.000,0.666012,16605,0.435592,0.055345,0,0,1,0.5400,罗湖区,23,23,0,0,0,0,1
2021-01-04,589179428,20190000000000000003,900200000000000037,1,53.531,354.273,18970.667,2021-01-04 18:15:00.000,L2FT01-FTJ003,17.00,0.000,0.666012,16605,0.435592,0.055345,0,0,1,0.5400,罗湖区,23,23,0,0,0,0,1
2021-01-04,589179428,20190000000000000003,900200000000000040,1,129.816,314.873,40870.000,2021-01-04 18:30:00.000,L2FT01-FTJ003,17.00,0.000,0.666012,16605,0.435592,0.055345,0,0,1,0.5400,罗湖区,23,23,0,0,0,0,1
2021-01-04,589179428,20190000000000000003,900200000000000036,1,114.915,318.133,36553.333,2021-01-04 18:30:00.000,L2FT01-FTJ003,17.00,0.000,0.666012,16605,0.435592,0.055345,0,0,1,0.5400,罗湖区,23,23,0,0,0,0,1
2021-01-04,589179428,20190000000000000003,900200000000000037,1,24.817,353.220,8763.333,2021-01-04 18:30:00.000,L2FT01-FTJ003,17.00,0.000,0.666012,16605,0.435592,0.055345,0,0,1,0.5400,罗湖区,23,23,0,0,0,0,1
2021-01-04,589179428,20190000000000000003,900200000000000037,1,12.445,335.150,4490.000,2021-01-04 18:45:00.000,L2FT01-FTJ003,17.00,0.000,0.666012,16605,0.435592,0.055345,0,0,1,0.5400,罗湖区,23,23,0,0,0,0,1
2021-01-04,589179428,20190000000000000003,900200000000000040,1,125.799,317.187,39875.333,2021-01-04 18:45:00.000,L2FT01-FTJ003,17.00,0.000,0.666012,16605,0.435592,0.055345,0,0,1,0.5400,罗湖区,23,23,0,0,0,0,1
2021-01-04,589179428,20190000000000000003,900200000000000040,1,29.790,331.150,9865.000,2021-01-04 19:00:00.000,L2FT01-FTJ003,17.10,0.000,0.666012,16605,0.435592,0.055345,0,0,1,0.5400,罗湖区,23,23,0,0,0,0,1
2021-01-04,589179428,20190000000000000003,900200000000000047,1,73.179,380.071,27810.000,2021-01-04 19:45:00.000,L2FT01-FTJ003,17.10,0.000,0.666012,16605,0.435592,0.055345,0,0,1,0.5400,罗湖区,23,23,0,0,0,0,1
2021-01-04,589179428,20190000000000000003,900200000000000047,1,36.766,385.087,14158.667,2021-01-04 20:00:00.000,L2FT01-FTJ003,17.40,0.000,0.666012,16605,0.435592,0.055345,0,0,1,0.5400,罗湖区,23,23,0,0,0,0,1
2021-01-04,589179428,20190000000000000003,900200000000000047,1,22.377,388.607,8694.667,2021-01-04 20:15:00.000,L2FT01-FTJ003,17.40,0.000,0.666012,16605,0.435592,0.055345,0,0,1,0.5400,罗湖区,23,23,0,0,0,0,1
2021-01-04,589179428,20190000000000000003,900200000000000053,1,99.859,490.125,48943.750,2021-01-04 20:15:00.000,L2FT01-FTJ003,17.40,0.000,0.666012,16605,0.435592,0.055345,0,0,1,0.5400,罗湖区,23,23,0,0,0,0,1
2021-01-04,589179428,20190000000000000003,900200000000000047,1,17.623,392.233,6910.667,2021-01-04 20:30:00.000,L2FT01-FTJ003,17.40,0.000,0.666012,16605,0.435592,0.055345,0,0,1,0.5400,罗湖区,23,23,0,0,0,0,1
2021-01-04,589179428,20190000000000000003,900200000000000053,1,74.386,494.486,36817.143,2021-01-04 20:30:00.000,L2FT01-FTJ003,17.40,0.000,0.666012,16605,0.435592,0.055345,0,0,1,0.5400,罗湖区,23,23,0,0,0,0,1
2021-01-04,589179428,20190000000000000003,900200000000000047,1,17.357,394.300,6843.333,2021-01-04 20:45:00.000,L2FT01-FTJ003,17.40,0.000,0.666012,16605,0.435592,0.055345,0,0,1,0.5400,罗湖区,23,23,0,0,0,0,1
2021-01-04,589179428,20190000000000000003,900200000000000047,1,139.725,373.240,51328.000,2021-01-04 23:45:00.000,L2FT01-FTJ003,19.22,0.000,0.666012,16605,0.435592,0.055345,0,0,1,0.5400,罗湖区,23,23,0,0,0,0,1
2021-01-05,589179428,20190000000000000003,900200000000000047,1,102.520,370.687,37992.667,2021-01-05 00:00:00.000,L2FT01-FTJ003,20.00,0.000,0.666012,16605,0.435592,0.055345,0,0,1,0.5400,罗湖区,23,23,0,0,0,0,1
2021-01-05,589179428,20190000000000000003,900200000000000047,1,99.690,383.547,38234.667,2021-01-05 00:15:00.000,L2FT01-FTJ003,20.00,0.000,0.666012,16605,0.435592,0.055345,0,0,1,0.5400,罗湖区,23,23,0,0,0,0,1
2021-01-05,589179428,20190000000000000003,900200000000000047,1,76.297,398.113,30336.667,2021-01-05 00:30:00.000,L2FT01-FTJ003,20.00,0.000,0.666012,16605,0.435592,0.055345,0,0,1,0.5400,罗湖区,23,23,0,0,0,0,1
2021-01-05,589179428,20190000000000000003,900200000000000047,1,49.805,407.193,20264.000,2021-01-05 00:45:00.000,L2FT01-FTJ003,20.00,0.000,0.666012,16605,0.435592,0.055345,0,0,1,0.5400,罗湖区,23,23,0,0,0,0,1
2021-01-05,589179428,20190000000000000003,900200000000000034,1,129.800,306.700,39805.000,2021-01-05 00:45:00.000,L2FT01-FTJ003,20.00,0.000,0.666012,16605,0.435592,0.055345,0,0,1,0.5400,罗湖区,23,23,0,0,0,0,1
2021-01-05,589179428,20190000000000000003,900200000000000034,1,129.836,309.967,40243.333,2021-01-05 01:00:00.000,L2FT01-FTJ003,20.78,0.000,0.666012,16605,0.435592,0.055345,0,0,1,0.5400,罗湖区,23,23,0,0,0,0,1
2021-01-05,589179428,20190000000000000003,900200000000000047,1,25.890,409.350,10595.000,2021-01-05 01:00:00.000,L2FT01-FTJ003,20.78,0.000,0.666012,16605,0.435592,0.055345,0,0,1,0.5400,罗湖区,23,23,0,0,0,0,1
2021-01-05,589179428,20190000000000000003,900200000000000034,1,129.806,310.560,40307.333,2021-01-05 01:15:00.000,L2FT01-FTJ003,20.78,0.000,0.666012,16605,0.435592,0.055345,0,0,1,0.5400,罗湖区,23,23,0,0,0,0,1
2021-01-05,589179428,20190000000000000003,900200000000000034,1,129.890,312.180,40546.667,2021-01-05 01:30:00.000,L2FT01-FTJ003,20.78,0.000,0.666012,16605,0.435592,0.055345,0,0,1,0.5400,罗湖区,23,23,0,0,0,0,1
2021-01-05,589179428,20190000000000000003,900200000000000034,1,129.884,313.307,40690.667,2021-01-05 01:45:00.000,L2FT01-FTJ003,20.78,0.000,0.666012,16605,0.435592,0.055345,0,0,1,0.5400,罗湖区,23,23,0,0,0,0,1
2021-01-05,589179428,20190000000000000003,900200000000000034,1,129.890,314.380,40833.333,2021-01-05 02:00:00.000,L2FT01-FTJ003,21.50,0.000,0.666012,16605,0.435592,0.055345,0,0,1,0.5400,罗湖区,23,23,0,0,0,0,1
2021-01-05,589179428,20190000000000000003,900200000000000057,1,86.533,308.167,26640.000,2021-01-05 02:00:00.000,L2FT01-FTJ003,21.50,0.000,0.666012,16605,0.435592,0.055345,0,0,1,0.5400,罗湖区,23,23,0,0,0,0,1
2021-01-05,589179428,20190000000000000003,900200000000000034,1,119.217,318.407,37864.667,2021-01-05 02:15:00.000,L2FT01-FTJ003,21.50,0.000,0.666012,16605,0.435592,0.055345,0,0,1,0.5400,罗湖区,23,23,0,0,0,0,1
2021-01-05,589179428,20190000000000000003,900200000000000057,1,129.818,310.707,40331.333,2021-01-05 02:15:00.000,L2FT01-FTJ003,21.50,0.000,0.666012,16605,0.435592,0.055345,0,0,1,0.5400,罗湖区,23,23,0,0,0,0,1
2021-01-05,589179428,20190000000000000003,900200000000000034,1,29.890,332.700,9940.000,2021-01-05 02:30:00.000,L2FT01-FTJ003,21.50,0.000,0.666012,16605,0.435592,0.055345,0,0,1,0.5400,罗湖区,23,23,0,0,0,0,1
2021-01-05,589179428,20190000000000000003,900200000000000057,1,129.872,311.427,40442.000,2021-01-05 02:30:00.000,L2FT01-FTJ003,21.50,0.000,0.666012,16605,0.435592,0.055345,0,0,1,0.5400,罗湖区,23,23,0,0,0,0,1
2021-01-05,589179428,20190000000000000003,900200000000000038,1,121.171,309.193,37486.667,2021-01-05 02:45:00.000,L2FT01-FTJ003,21.50,0.000,0.666012,16605,0.435592,0.055345,0,0,1,0.5400,罗湖区,23,23,0,0,0,0,1
2021-01-05,589179428,20190000000000000003,900200000000000057,1,129.806,312.840,40603.333,2021-01-05 02:45:00.000,L2FT01-FTJ003,21.50,0.000,0.666012,16605,0.435592,0.055345,0,0,1,0.5400,罗湖区,23,23,0,0,0,0,1
2021-01-05,589179428,20190000000000000003,900200000000000057,1,129.812,314.413,40810.000,2021-01-05 03:00:00.000,L2FT01-FTJ003,22.12,0.000,0.666012,16605,0.435592,0.055345,0,0,1,0.5400,罗湖区,23,23,0,0,0,0,1
2021-01-05,589179428,20190000000000000003,900200000000000038,1,129.891,310.753,40359.333,2021-01-05 03:00:00.000,L2FT01-FTJ003,22.12,0.000,0.666012,16605,0.435592,0.055345,0,0,1,0.5400,罗湖区,23,23,0,0,0,0,1
2021-01-05,589179428,20190000000000000003,900200000000000057,1,129.800,315.580,40956.667,2021-01-05 03:15:00.000,L2FT01-FTJ003,22.12,0.000,0.666012,16605,0.435592,0.055345,0,0,1,0.5400,罗湖区,23,23,0,0,0,0,1
2021-01-05,589179428,20190000000000000003,900200000000000038,1,129.842,311.673,40464.667,2021-01-05 03:15:00.000,L2FT01-FTJ003,22.12,0.000,0.666012,16605,0.435592,0.055345,0,0,1,0.5400,罗湖区,23,23,0,0,0,0,1
2021-01-05,589179428,20190000000000000003,900200000000000038,1,129.806,313.653,40710.000,2021-01-05 03:30:00.000,L2FT01-FTJ003,22.12,0.000,0.666012,16605,0.435592,0.055345,0,0,1,0.5400,罗湖区,23,23,0,0,0,0,1
2021-01-05,589179428,20190000000000000003,900200000000000057,1,94.248,322.418,30172.727,2021-01-05 03:30:00.000,L2FT01-FTJ003,22.12,0.000,0.666012,16605,0.435592,0.055345,0,0,1,0.5400,罗湖区,23,23,0,0,0,0,1
2021-01-05,589179428,20190000000000000003,900200000000000038,1,129.800,314.827,40858.667,2021-01-05 03:45:00.000,L2FT01-FTJ003,22.12,0.000,0.666012,16605,0.435592,0.055345,0,0,1,0.5400,罗湖区,23,23,0,0,0,0,1
2021-01-05,589179428,20190000000000000003,900200000000000038,1,129.845,316.567,41100.000,2021-01-05 04:00:00.000,L2FT01-FTJ003,22.60,0.000,0.666012,16605,0.435592,0.055345,0,0,1,0.5400,罗湖区,23,23,0,0,0,0,1
2021-01-05,589179428,20190000000000000003,900200000000000042,1,50.250,331.357,16822.857,2021-01-05 04:15:00.000,L2FT01-FTJ003,22.60,0.000,0.666012,16605,0.435592,0.055345,0,0,1,0.5400,罗湖区,23,23,0,0,0,0,1
2021-01-05,589179428,20190000000000000003,900200000000000042,1,63.797,344.807,21996.000,2021-01-05 04:30:00.000,L2FT01-FTJ003,22.60,0.000,0.666012,16605,0.435592,0.055345,0,0,1,0.5400,罗湖区,23,23,0,0,0,0,1
2021-01-05,589179428,20190000000000000003,900200000000000042,1,53.157,355.640,18892.000,2021-01-05 04:45:00.000,L2FT01-FTJ003,22.60,0.000,0.666012,16605,0.435592,0.055345,0,0,1,0.5400,罗湖区,23,23,0,0,0,0,1
2021-01-05,589179428,20190000000000000003,900200000000000042,1,29.352,360.227,10570.000,2021-01-05 05:00:00.000,L2FT01-FTJ003,22.90,0.000,0.666012,16605,0.435592,0.055345,0,0,1,0.5400,罗湖区,23,23,0,0,0,0,1
2021-01-05,589179428,20190000000000000003,900200000000000042,1,12.730,361.720,4602.667,2021-01-05 05:15:00.000,L2FT01-FTJ003,22.90,0.000,0.666012,16605,0.435592,0.055345,0,0,1,0.5400,罗湖区,23,23,0,0,0,0,1
2021-01-05,589179428,20190000000000000003,900200000000000042,1,12.690,363.000,4610.000,2021-01-05 05:30:00.000,L2FT01-FTJ003,22.90,0.000,0.666012,16605,0.435592,0.055345,0,0,1,0.5400,罗湖区,23,23,0,0,0,0,1
2021-01-05,589179428,20190000000000000003,900200000000000047,1,172.153,315.822,54537.778,2021-01-05 06:00:00.000,L2FT01-FTJ003,23.00,0.000,0.666012,16605,0.435592,0.055345,0,0,1,0.5400,罗湖区,23,23,0,0,0,0,1
2021-01-05,589179428,20190000000000000003,900200000000000047,1,121.960,316.960,39038.000,2021-01-05 06:15:00.000,L2FT01-FTJ003,23.00,0.000,0.666012,16605,0.435592,0.055345,0,0,1,0.5400,罗湖区,23,23,0,0,0,0,1
2021-01-05,589179428,20190000000000000003,900200000000000043,1,64.107,328.883,21100.000,2021-01-05 06:30:00.000,L2FT01-FTJ003,23.00,0.000,0.666012,16605,0.435592,0.055345,0,0,1,0.5400,罗湖区,23,23,0,0,0,0,1
2021-01-05,589179428,20190000000000000003,900200000000000043,1,67.797,337.847,22903.333,2021-01-05 06:45:00.000,L2FT01-FTJ003,23.00,0.000,0.666012,16605,0.435592,0.055345,0,0,1,0.5400,罗湖区,23,23,0,0,0,0,1
2021-01-05,589179428,20190000000000000003,900200000000000043,1,67.790,350.240,23741.333,2021-01-05 07:00:00.000,L2FT01-FTJ003,22.90,0.000,0.666012,16605,0.435592,0.055345,0,0,1,0.5400,罗湖区,23,23,0,0,0,0,1
2021-01-05,589179428,20190000000000000003,900200000000000037,1,96.991,390.436,37845.455,2021-01-05 07:15:00.000,L2FT01-FTJ003,22.90,0.000,0.666012,16605,0.435592,0.055345,0,0,1,0.5400,罗湖区,23,23,0,0,0,0,1
2021-01-05,589179428,20190000000000000003,900200000000000043,1,49.719,360.040,17893.333,2021-01-05 07:15:00.000,L2FT01-FTJ003,22.90,0.000,0.666012,16605,0.435592,0.055345,0,0,1,0.5400,罗湖区,23,23,0,0,0,0,1
2021-01-05,589179428,20190000000000000003,900200000000000037,1,84.812,397.900,33742.000,2021-01-05 07:30:00.000,L2FT01-FTJ003,22.90,0.000,0.666012,16605,0.435592,0.055345,0,0,1,0.5400,罗湖区,23,23,0,0,0,0,1
2021-01-05,589179428,20190000000000000003,900200000000000043,1,23.766,363.513,8635.333,2021-01-05 07:30:00.000,L2FT01-FTJ003,22.90,0.000,0.666012,16605,0.435592,0.055345,0,0,1,0.5400,罗湖区,23,23,0,0,0,0,1
2021-01-05,589179428,20190000000000000003,900200000000000043,1,13.590,364.000,4945.000,2021-01-05 07:45:00.000,L2FT01-FTJ003,22.90,0.000,0.666012,16605,0.435592,0.055345,0,0,1,0.5400,罗湖区,23,23,0,0,0,0,1
2021-01-05,589179428,20190000000000000003,900200000000000037,1,129.860,310.500,40320.000,2021-01-05 12:30:00.000,L2FT01-FTJ003,20.00,0.000,0.666012,16605,0.435592,0.055345,0,0,1,0.5400,罗湖区,23,23,0,0,0,0,1
2021-01-05,589179428,20190000000000000003,900200000000000037,1,129.921,311.607,40480.667,2021-01-05 12:45:00.000,L2FT01-FTJ003,20.00,0.000,0.666012,16605,0.435592,0.055345,0,0,1,0.5400,罗湖区,23,23,0,0,0,0,1
2021-01-05,589179428,20190000000000000003,900200000000000037,1,129.860,313.767,40743.333,2021-01-05 13:00:00.000,L2FT01-FTJ003,19.22,0.000,0.666012,16605,0.435592,0.055345,0,0,1,0.5400,罗湖区,23,23,0,0,0,0,1
2021-01-05,589179428,20190000000000000003,900200000000000040,1,126.240,361.500,45880.000,2021-01-05 13:00:00.000,L2FT01-FTJ003,19.22,0.000,0.666012,16605,0.435592,0.055345,0,0,1,0.5400,罗湖区,23,23,0,0,0,0,1
2021-01-05,589179428,20190000000000000003,900200000000000040,1,132.300,374.380,49490.000,2021-01-05 13:15:00.000,L2FT01-FTJ003,19.22,0.000,0.666012,16605,0.435592,0.055345,0,0,1,0.5400,罗湖区,23,23,0,0,0,0,1
2021-01-05,589179428,20190000000000000003,900200000000000040,1,97.226,392.667,38099.333,2021-01-05 13:30:00.000,L2FT01-FTJ003,19.22,0.000,0.666012,16605,0.435592,0.055345,0,0,1,0.5400,罗湖区,23,23,0,0,0,0,1
2021-01-05,589179428,20190000000000000003,900200000000000040,1,40.359,400.387,16155.333,2021-01-05 13:45:00.000,L2FT01-FTJ003,19.22,0.000,0.666012,16605,0.435592,0.055345,0,0,1,0.5400,罗湖区,23,23,0,0,0,0,1
2021-01-05,589179428,20190000000000000003,900200000000000040,1,14.891,402.633,5994.167,2021-01-05 14:00:00.000,L2FT01-FTJ003,18.50,0.000,0.666012,16605,0.435592,0.055345,0,0,1,0.5400,罗湖区,23,23,0,0,0,0,1
2021-01-05,589179428,20190000000000000003,900200000000000058,1,103.595,345.550,35810.000,2021-01-05 14:00:00.000,L2FT01-FTJ003,18.50,0.000,0.666012,16605,0.435592,0.055345,0,0,1,0.5400,罗湖区,23,23,0,0,0,0,1
2021-01-05,589179428,20190000000000000003,900200000000000058,1,109.812,350.380,38471.333,2021-01-05 14:15:00.000,L2FT01-FTJ003,18.50,0.000,0.666012,16605,0.435592,0.055345,0,0,1,0.5400,罗湖区,23,23,0,0,0,0,1
2021-01-05,589179428,20190000000000000003,900200000000000058,1,72.041,353.073,25431.333,2021-01-05 14:30:00.000,L2FT01-FTJ003,18.50,0.000,0.666012,16605,0.435592,0.055345,0,0,1,0.5400,罗湖区,23,23,0,0,0,0,1
2021-01-05,589179428,20190000000000000003,900200000000000058,0,0.000,273.850,0.000,2021-01-05 14:45:00.000,L2FT01-FTJ003,18.50,0.000,0.666012,16605,0.435592,0.055345,0,0,1,0.5400,罗湖区,23,23,0,0,0,0,1
2021-01-05,589179428,20190000000000000003,900200000000000042,1,48.090,357.900,17295.000,2021-01-05 15:45:00.000,L2FT01-FTJ003,17.88,0.000,0.666012,16605,0.435592,0.055345,0,0,1,0.5400,罗湖区,23,23,0,0,0,0,1
2021-01-05,589179428,20190000000000000003,900200000000000042,1,73.850,369.167,27261.333,2021-01-05 16:00:00.000,L2FT01-FTJ003,17.40,0.000,0.666012,16605,0.435592,0.055345,0,0,1,0.5400,罗湖区,23,23,0,0,0,0,1
2021-01-05,589179428,20190000000000000003,900200000000000042,1,73.790,376.689,27795.556,2021-01-05 16:15:00.000,L2FT01-FTJ003,17.40,0.000,0.666012,16605,0.435592,0.055345,0,0,1,0.5400,罗湖区,23,23,0,0,0,0,1
2021-01-05,589179428,20190000000000000003,900200000000000036,1,150.100,314.500,47200.000,2021-01-05 18:00:00.000,L2FT01-FTJ003,17.00,0.000,0.666012,16605,0.435592,0.055345,0,0,1,0.5400,罗湖区,23,23,0,0,0,0,1
2021-01-05,589179428,20190000000000000003,900200000000000057,1,200.868,316.600,63592.500,2021-01-05 18:15:00.000,L2FT01-FTJ003,17.00,0.000,0.666012,16605,0.435592,0.055345,0,0,1,0.5400,罗湖区,23,23,0,0,0,0,1
2021-01-05,589179428,20190000000000000003,900200000000000045,1,144.880,315.510,45708.000,2021-01-05 18:30:00.000,L2FT01-FTJ003,17.00,0.000,0.666012,16605,0.435592,0.055345,0,0,1,0.5400,罗湖区,23,23,0,0,0,0,1
2021-01-05,589179428,20190000000000000003,900200000000000057,1,195.911,318.925,62438.333,2021-01-05 18:30:00.000,L2FT01-FTJ003,17.00,0.000,0.666012,16605,0.435592,0.055345,0,0,1,0.5400,罗湖区,23,23,0,0,0,0,1
2021-01-05,589179428,20190000000000000003,900200000000000042,1,108.163,319.800,34133.333,2021-01-05 18:45:00.000,L2FT01-FTJ003,17.00,0.000,0.666012,16605,0.435592,0.055345,0,0,1,0.5400,罗湖区,23,23,0,0,0,0,1
2021-01-05,589179428,20190000000000000003,900200000000000045,1,144.790,318.100,46060.000,2021-01-05 18:45:00.000,L2FT01-FTJ003,17.00,0.000,0.666012,16605,0.435592,0.055345,0,0,1,0.5400,罗湖区,23,23,0,0,0,0,1
2021-01-05,589179428,20190000000000000003,900200000000000042,1,115.847,319.780,36963.333,2021-01-05 19:00:00.000,L2FT01-FTJ003,17.10,0.000,0.666012,16605,0.435592,0.055345,0,0,1,0.5400,罗湖区,23,23,0,0,0,0,1
2021-01-05,589179428,20190000000000000003,900200000000000042,1,29.840,325.825,9722.500,2021-01-05 19:15:00.000,L2FT01-FTJ003,17.10,0.000,0.666012,16605,0.435592,0.055345,0,0,1,0.5400,罗湖区,23,23,0,0,0,0,1
2021-01-05,589179428,20190000000000000003,900200000000000032,1,90.000,376.400,33870.000,2021-01-05 19:30:00.000,L2FT01-FTJ003,17.10,0.000,0.666012,16605,0.435592,0.055345,0,0,1,0.5400,罗湖区,23,23,0,0,0,0,1
2021-01-05,589179428,20190000000000000003,900200000000000032,1,79.299,385.833,30550.667,2021-01-05 19:45:00.000,L2FT01-FTJ003,17.10,0.000,0.666012,16605,0.435592,0.055345,0,0,1,0.5400,罗湖区,23,23,0,0,0,0,1
2021-01-05,589179428,20190000000000000003,900200000000000032,1,31.710,392.887,12452.667,2021-01-05 20:00:00.000,L2FT01-FTJ003,17.40,0.000,0.666012,16605,0.435592,0.055345,0,0,1,0.5400,罗湖区,23,23,0,0,0,0,1
2021-01-05,589179428,20190000000000000003,900200000000000032,1,14.190,394.980,5604.000,2021-01-05 20:15:00.000,L2FT01-FTJ003,17.40,0.000,0.666012,16605,0.435592,0.055345,0,0,1,0.5400,罗湖区,23,23,0,0,0,0,1
2021-01-05,589179428,20190000000000000003,900200000000000053,1,57.763,331.009,19130.909,2021-01-05 20:15:00.000,L2FT01-FTJ003,17.40,0.000,0.666012,16605,0.435592,0.055345,0,0,1,0.5400,罗湖区,23,23,0,0,0,0,1
2021-01-05,589179428,20190000000000000003,900200000000000053,1,59.883,341.040,20419.333,2021-01-05 20:30:00.000,L2FT01-FTJ003,17.40,0.000,0.666012,16605,0.435592,0.055345,0,0,1,0.5400,罗湖区,23,23,0,0,0,0,1
2021-01-05,589179428,20190000000000000003,900200000000000032,1,14.190,396.900,5632.000,2021-01-05 20:30:00.000,L2FT01-FTJ003,17.40,0.000,0.666012,16605,0.435592,0.055345,0,0,1,0.5400,罗湖区,23,23,0,0,0,0,1
2021-01-05,589179428,20190000000000000003,900200000000000053,1,59.890,352.633,21118.000,2021-01-05 20:45:00.000,L2FT01-FTJ003,17.40,0.000,0.666012,16605,0.435592,0.055345,0,0,1,0.5400,罗湖区,23,23,0,0,0,0,1
2021-01-05,589179428,20190000000000000003,900200000000000053,1,44.303,363.027,16066.000,2021-01-05 21:00:00.000,L2FT01-FTJ003,17.88,0.000,0.666012,16605,0.435592,0.055345,0,0,1,0.5400,罗湖区,23,23,0,0,0,0,1
2021-01-05,589179428,20190000000000000003,900200000000000043,1,123.711,310.393,38436.667,2021-01-05 21:15:00.000,L2FT01-FTJ003,17.88,0.000,0.666012,16605,0.435592,0.055345,0,0,1,0.5400,罗湖区,23,23,0,0,0,0,1
2021-01-05,589179428,20190000000000000003,900200000000000053,1,22.914,366.211,8388.889,2021-01-05 21:15:00.000,L2FT01-FTJ003,17.88,0.000,0.666012,16605,0.435592,0.055345,0,0,1,0.5400,罗湖区,23,23,0,0,0,0,1
2021-01-05,589179428,20190000000000000003,900200000000000043,1,129.841,312.927,40627.273,2021-01-05 21:30:00.000,L2FT01-FTJ003,17.88,0.000,0.666012,16605,0.435592,0.055345,0,0,1,0.5400,罗湖区,23,23,0,0,0,0,1
2021-01-05,589179428,20190000000000000003,900200000000000056,1,126.456,361.154,45760.769,2021-01-05 22:00:00.000,L2FT01-FTJ003,18.50,0.000,0.666012,16605,0.435592,0.055345,0,0,1,0.5400,罗湖区,23,23,0,0,0,0,1
2021-01-05,589179428,20190000000000000003,900200000000000056,1,127.136,362.993,46147.857,2021-01-05 22:15:00.000,L2FT01-FTJ003,18.50,0.000,0.666012,16605,0.435592,0.055345,0,0,1,0.5400,罗湖区,23,23,0,0,0,0,1
2021-01-05,589179428,20190000000000000003,900200000000000034,1,138.645,366.925,50895.000,2021-01-05 23:00:00.000,L2FT01-FTJ003,19.22,0.000,0.666012,16605,0.435592,0.055345,0,0,1,0.5400,罗湖区,23,23,0,0,0,0,1
2021-01-05,589179428,20190000000000000003,900200000000000034,1,128.561,375.227,48226.667,2021-01-05 23:15:00.000,L2FT01-FTJ003,19.22,0.000,0.666012,16605,0.435592,0.055345,0,0,1,0.5400,罗湖区,23,23,0,0,0,0,1
2021-01-05,589179428,20190000000000000003,900200000000000034,1,102.519,391.940,40116.000,2021-01-05 23:30:00.000,L2FT01-FTJ003,19.22,0.000,0.666012,16605,0.435592,0.055345,0,0,1,0.5400,罗湖区,23,23,0,0,0,0,1
2021-01-05,589179428,20190000000000000003,900200000000000038,1,136.418,359.554,49245.385,2021-01-05 23:30:00.000,L2FT01-FTJ003,19.22,0.000,0.666012,16605,0.435592,0.055345,0,0,1,0.5400,罗湖区,23,23,0,0,0,0,1
2021-01-05,589179428,20190000000000000003,900200000000000034,1,53.118,401.973,21340.000,2021-01-05 23:45:00.000,L2FT01-FTJ003,19.22,0.000,0.666012,16605,0.435592,0.055345,0,0,1,0.5400,罗湖区,23,23,0,0,0,0,1
2021-01-05,589179428,20190000000000000003,900200000000000038,1,157.536,362.953,57172.667,2021-01-05 23:45:00.000,L2FT01-FTJ003,19.22,0.000,0.666012,16605,0.435592,0.055345,0,0,1,0.5400,罗湖区,23,23,0,0,0,0,1
2021-01-06,589179428,20190000000000000003,900200000000000038,1,129.529,363.433,47072.222,2021-01-06 00:00:00.000,L2FT01-FTJ003,20.00,0.000,0.666012,16605,0.435592,0.055345,0,0,1,0.5400,罗湖区,23,23,0,0,0,0,1
2021-01-06,589179428,20190000000000000003,900200000000000034,1,40.470,410.827,16614.000,2021-01-06 00:00:00.000,L2FT01-FTJ003,20.00,0.000,0.666012,16605,0.435592,0.055345,0,0,1,0.5400,罗湖区,23,23,0,0,0,0,1
2021-01-06,589179428,20190000000000000003,900200000000000034,1,14.890,413.367,6154.000,2021-01-06 00:15:00.000,L2FT01-FTJ003,20.00,0.000,0.666012,16605,0.435592,0.055345,0,0,1,0.5400,罗湖区,23,23,0,0,0,0,1
2021-01-06,589179428,20190000000000000003,900200000000000035,1,99.826,490.400,48954.286,2021-01-06 02:45:00.000,L2FT01-FTJ003,21.50,0.000,0.666012,16605,0.435592,0.055345,0,0,1,0.5400,罗湖区,23,23,0,0,0,0,1
2021-01-06,589179428,20190000000000000003,900200000000000035,1,99.884,494.027,49349.333,2021-01-06 03:00:00.000,L2FT01-FTJ003,22.12,0.000,0.666012,16605,0.435592,0.055345,0,0,1,0.5400,罗湖区,23,23,0,0,0,0,1
2021-01-06,589179428,20190000000000000003,900200000000000035,1,59.850,495.907,29707.333,2021-01-06 03:15:00.000,L2FT01-FTJ003,22.12,0.000,0.666012,16605,0.435592,0.055345,0,0,1,0.5400,罗湖区,23,23,0,0,0,0,1
2021-01-06,589179428,20190000000000000003,900200000000000035,1,49.790,502.100,25000.000,2021-01-06 03:30:00.000,L2FT01-FTJ003,22.12,0.000,0.666012,16605,0.435592,0.055345,0,0,1,0.5400,罗湖区,23,23,0,0,0,0,1
2021-01-06,589179428,20190000000000000003,900200000000000053,1,127.839,308.711,39473.333,2021-01-06 04:30:00.000,L2FT01-FTJ003,22.60,0.000,0.666012,16605,0.435592,0.055345,0,0,1,0.5400,罗湖区,23,23,0,0,0,0,1
2021-01-06,589179428,20190000000000000003,900200000000000053,1,130.012,310.313,40339.333,2021-01-06 04:45:00.000,L2FT01-FTJ003,22.60,0.000,0.666012,16605,0.435592,0.055345,0,0,1,0.5400,罗湖区,23,23,0,0,0,0,1
2021-01-06,589179428,20190000000000000003,900200000000000053,1,130.078,311.360,40499.333,2021-01-06 05:00:00.000,L2FT01-FTJ003,22.90,0.000,0.666012,16605,0.435592,0.055345,0,0,1,0.5400,罗湖区,23,23,0,0,0,0,1
2021-01-06,589179428,20190000000000000003,900200000000000053,1,130.054,314.153,40853.333,2021-01-06 05:15:00.000,L2FT01-FTJ003,22.90,0.000,0.666012,16605,0.435592,0.055345,0,0,1,0.5400,罗湖区,23,23,0,0,0,0,1
2021-01-06,589179428,20190000000000000003,900200000000000053,1,91.106,317.313,28935.333,2021-01-06 05:30:00.000,L2FT01-FTJ003,22.90,0.000,0.666012,16605,0.435592,0.055345,0,0,1,0.5400,罗湖区,23,23,0,0,0,0,1
2021-01-06,589179428,20190000000000000003,900200000000000039,1,199.800,311.900,62310.000,2021-01-06 05:45:00.000,L2FT01-FTJ003,22.90,0.000,0.666012,16605,0.435592,0.055345,0,0,1,0.5400,罗湖区,23,23,0,0,0,0,1
2021-01-06,589179428,20190000000000000003,900200000000000053,1,29.890,313.900,9380.000,2021-01-06 05:45:00.000,L2FT01-FTJ003,22.90,0.000,0.666012,16605,0.435592,0.055345,0,0,1,0.5400,罗湖区,23,23,0,0,0,0,1
2021-01-06,589179428,20190000000000000003,900200000000000038,1,56.158,460.300,25835.000,2021-01-06 08:45:00.000,L2FT01-FTJ003,22.60,0.000,0.666012,16605,0.435592,0.055345,0,0,1,0.5400,罗湖区,23,23,0,0,0,0,1
2021-01-06,589179428,20190000000000000003,900200000000000038,1,25.383,463.177,11752.308,2021-01-06 09:00:00.000,L2FT01-FTJ003,22.12,0.000,0.666012,16605,0.435592,0.055345,0,0,1,0.5400,罗湖区,23,23,0,0,0,0,1
2021-01-06,589179428,20190000000000000003,900200000000000044,1,128.213,321.808,41253.333,2021-01-06 11:45:00.000,L2FT01-FTJ003,20.78,0.000,0.666012,16605,0.435592,0.055345,0,0,1,0.5400,罗湖区,23,23,0,0,0,0,1
2021-01-06,589179428,20190000000000000003,900200000000000044,1,140.054,328.280,45975.333,2021-01-06 12:00:00.000,L2FT01-FTJ003,20.00,0.000,0.666012,16605,0.435592,0.055345,0,0,1,0.5400,罗湖区,23,23,0,0,0,0,1
2021-01-06,589179428,20190000000000000003,900200000000000049,1,57.695,350.025,20192.500,2021-01-06 12:00:00.000,L2FT01-FTJ003,20.00,0.000,0.666012,16605,0.435592,0.055345,0,0,1,0.5400,罗湖区,23,23,0,0,0,0,1
2021-01-06,589179428,20190000000000000003,900200000000000049,1,58.449,354.260,20702.000,2021-01-06 12:15:00.000,L2FT01-FTJ003,20.00,0.000,0.666012,16605,0.435592,0.055345,0,0,1,0.5400,罗湖区,23,23,0,0,0,0,1
2021-01-06,589179428,20190000000000000003,900200000000000044,1,98.772,336.840,33271.333,2021-01-06 12:15:00.000,L2FT01-FTJ003,20.00,0.000,0.666012,16605,0.435592,0.055345,0,0,1,0.5400,罗湖区,23,23,0,0,0,0,1
2021-01-06,589179428,20190000000000000003,900200000000000044,1,41.863,339.520,14216.000,2021-01-06 12:30:00.000,L2FT01-FTJ003,20.00,0.000,0.666012,16605,0.435592,0.055345,0,0,1,0.5400,罗湖区,23,23,0,0,0,0,1
2021-01-06,589179428,20190000000000000003,900200000000000049,1,58.051,355.307,20622.000,2021-01-06 12:30:00.000,L2FT01-FTJ003,20.00,0.000,0.666012,16605,0.435592,0.055345,0,0,1,0.5400,罗湖区,23,23,0,0,0,0,1
2021-01-06,589179428,20190000000000000003,900200000000000043,1,131.262,314.067,41221.667,2021-01-06 12:45:00.000,L2FT01-FTJ003,20.00,0.000,0.666012,16605,0.435592,0.055345,0,0,1,0.5400,罗湖区,23,23,0,0,0,0,1
2021-01-06,589179428,20190000000000000003,900200000000000044,1,19.490,341.413,6655.333,2021-01-06 12:45:00.000,L2FT01-FTJ003,20.00,0.000,0.666012,16605,0.435592,0.055345,0,0,1,0.5400,罗湖区,23,23,0,0,0,0,1
2021-01-06,589179428,20190000000000000003,900200000000000049,1,47.405,354.940,16833.333,2021-01-06 12:45:00.000,L2FT01-FTJ003,20.00,0.000,0.666012,16605,0.435592,0.055345,0,0,1,0.5400,罗湖区,23,23,0,0,0,0,1
2021-01-06,589179428,20190000000000000003,900200000000000049,1,44.544,357.854,15938.462,2021-01-06 13:00:00.000,L2FT01-FTJ003,19.22,0.000,0.666012,16605,0.435592,0.055345,0,0,1,0.5400,罗湖区,23,23,0,0,0,0,1
2021-01-06,589179428,20190000000000000003,900200000000000043,1,134.806,314.713,42420.000,2021-01-06 13:00:00.000,L2FT01-FTJ003,19.22,0.000,0.666012,16605,0.435592,0.055345,0,0,1,0.5400,罗湖区,23,23,0,0,0,0,1
2021-01-06,589179428,20190000000000000003,900200000000000044,1,13.890,342.887,4761.333,2021-01-06 13:00:00.000,L2FT01-FTJ003,19.22,0.000,0.666012,16605,0.435592,0.055345,0,0,1,0.5400,罗湖区,23,23,0,0,0,0,1
2021-01-06,589179428,20190000000000000003,900200000000000043,1,125.938,317.680,39948.667,2021-01-06 13:15:00.000,L2FT01-FTJ003,19.22,0.000,0.666012,16605,0.435592,0.055345,0,0,1,0.5400,罗湖区,23,23,0,0,0,0,1
2021-01-06,589179428,20190000000000000003,900200000000000044,1,13.890,344.100,4780.000,2021-01-06 13:15:00.000,L2FT01-FTJ003,19.22,0.000,0.666012,16605,0.435592,0.055345,0,0,1,0.5400,罗湖区,23,23,0,0,0,0,1
2021-01-06,589179428,20190000000000000003,900200000000000043,1,29.840,331.900,9900.000,2021-01-06 13:30:00.000,L2FT01-FTJ003,19.22,0.000,0.666012,16605,0.435592,0.055345,0,0,1,0.5400,罗湖区,23,23,0,0,0,0,1
2021-01-06,589179428,20190000000000000003,900200000000000040,1,63.790,327.475,20890.000,2021-01-06 13:45:00.000,L2FT01-FTJ003,19.22,0.000,0.666012,16605,0.435592,0.055345,0,0,1,0.5400,罗湖区,23,23,0,0,0,0,1
2021-01-06,589179428,20190000000000000003,900200000000000040,1,63.830,332.947,21250.000,2021-01-06 14:00:00.000,L2FT01-FTJ003,18.50,0.000,0.666012,16605,0.435592,0.055345,0,0,1,0.5400,罗湖区,23,23,0,0,0,0,1
2021-01-06,589179428,20190000000000000003,900200000000000040,1,63.797,342.700,21860.667,2021-01-06 14:15:00.000,L2FT01-FTJ003,18.50,0.000,0.666012,16605,0.435592,0.055345,0,0,1,0.5400,罗湖区,23,23,0,0,0,0,1
2021-01-06,589179428,20190000000000000003,900200000000000040,1,61.723,353.847,21836.667,2021-01-06 14:30:00.000,L2FT01-FTJ003,18.50,0.000,0.666012,16605,0.435592,0.055345,0,0,1,0.5400,罗湖区,23,23,0,0,0,0,1
2021-01-06,589179428,20190000000000000003,900200000000000040,1,31.883,358.667,11433.333,2021-01-06 14:45:00.000,L2FT01-FTJ003,18.50,0.000,0.666012,16605,0.435592,0.055345,0,0,1,0.5400,罗湖区,23,23,0,0,0,0,1
2021-01-06,589179428,20190000000000000003,900200000000000040,1,15.433,360.714,5567.143,2021-01-06 15:00:00.000,L2FT01-FTJ003,17.88,0.000,0.666012,16605,0.435592,0.055345,0,0,1,0.5400,罗湖区,23,23,0,0,0,0,1
2021-01-06,589179428,20190000000000000003,900200000000000040,1,88.260,286.333,27710.000,2021-01-06 17:00:00.000,L2FT01-FTJ003,17.10,0.000,0.666012,16605,0.435592,0.055345,0,0,1,0.5400,罗湖区,23,23,0,0,0,0,1
2021-01-06,589179428,20190000000000000003,900200000000000040,1,134.891,314.621,42437.143,2021-01-06 17:15:00.000,L2FT01-FTJ003,17.10,0.000,0.666012,16605,0.435592,0.055345,0,0,1,0.5400,罗湖区,23,23,0,0,0,0,1
2021-01-06,589179428,20190000000000000003,900200000000000042,1,57.735,327.545,18960.909,2021-01-06 18:15:00.000,L2FT01-FTJ003,17.00,0.000,0.666012,16605,0.435592,0.055345,0,0,1,0.5400,罗湖区,23,23,0,0,0,0,1
2021-01-06,589179428,20190000000000000003,900200000000000040,1,129.985,309.380,40210.000,2021-01-06 18:30:00.000,L2FT01-FTJ003,17.00,0.000,0.666012,16605,0.435592,0.055345,0,0,1,0.5400,罗湖区,23,23,0,0,0,0,1
2021-01-06,589179428,20190000000000000003,900200000000000042,1,64.930,329.793,21414.667,2021-01-06 18:30:00.000,L2FT01-FTJ003,17.00,0.000,0.666012,16605,0.435592,0.055345,0,0,1,0.5400,罗湖区,23,23,0,0,0,0,1
2021-01-06,589179428,20190000000000000003,900200000000000040,1,129.969,310.540,40356.667,2021-01-06 18:45:00.000,L2FT01-FTJ003,17.00,0.000,0.666012,16605,0.435592,0.055345,0,0,1,0.5400,罗湖区,23,23,0,0,0,0,1
2021-01-06,589179428,20190000000000000003,900200000000000042,1,23.308,327.569,7683.077,2021-01-06 18:45:00.000,L2FT01-FTJ003,17.00,0.000,0.666012,16605,0.435592,0.055345,0,0,1,0.5400,罗湖区,23,23,0,0,0,0,1
2021-01-06,589179428,20190000000000000003,900200000000000040,1,129.985,311.107,40436.000,2021-01-06 19:00:00.000,L2FT01-FTJ003,17.10,0.000,0.666012,16605,0.435592,0.055345,0,0,1,0.5400,罗湖区,23,23,0,0,0,0,1
2021-01-06,589179428,20190000000000000003,900200000000000040,1,130.000,313.100,40698.667,2021-01-06 19:15:00.000,L2FT01-FTJ003,17.10,0.000,0.666012,16605,0.435592,0.055345,0,0,1,0.5400,罗湖区,23,23,0,0,0,0,1
2021-01-06,589179428,20190000000000000003,900200000000000040,1,129.993,314.420,40868.000,2021-01-06 19:30:00.000,L2FT01-FTJ003,17.10,0.000,0.666012,16605,0.435592,0.055345,0,0,1,0.5400,罗湖区,23,23,0,0,0,0,1
2021-01-06,589179428,20190000000000000003,900200000000000040,1,130.000,317.067,41214.444,2021-01-06 19:45:00.000,L2FT01-FTJ003,17.10,0.000,0.666012,16605,0.435592,0.055345,0,0,1,0.5400,罗湖区,23,23,0,0,0,0,1
2021-01-06,589179428,20190000000000000003,900200000000000039,1,86.563,303.933,27306.667,2021-01-06 21:00:00.000,L2FT01-FTJ003,17.88,0.000,0.666012,16605,0.435592,0.055345,0,0,1,0.5400,罗湖区,23,23,0,0,0,0,1
2021-01-06,589179428,20190000000000000003,900200000000000039,1,111.239,320.821,35497.143,2021-01-06 21:15:00.000,L2FT01-FTJ003,17.88,0.000,0.666012,16605,0.435592,0.055345,0,0,1,0.5400,罗湖区,23,23,0,0,0,0,1
2021-01-06,589179428,20190000000000000003,900200000000000047,1,105.347,310.075,32661.667,2021-01-06 22:15:00.000,L2FT01-FTJ003,18.50,0.000,0.666012,16605,0.435592,0.055345,0,0,1,0.5400,罗湖区,23,23,0,0,0,0,1
2021-01-06,589179428,20190000000000000003,900200000000000047,1,105.318,310.480,32694.000,2021-01-06 22:30:00.000,L2FT01-FTJ003,18.50,0.000,0.666012,16605,0.435592,0.055345,0,0,1,0.5400,罗湖区,23,23,0,0,0,0,1
2021-01-06,589179428,20190000000000000003,900200000000000047,1,105.342,312.847,32953.333,2021-01-06 22:45:00.000,L2FT01-FTJ003,18.50,0.000,0.666012,16605,0.435592,0.055345,0,0,1,0.5400,罗湖区,23,23,0,0,0,0,1
2021-01-06,589179428,20190000000000000003,900200000000000058,1,43.021,355.790,15332.000,2021-01-06 23:00:00.000,L2FT01-FTJ003,19.22,0.000,0.666012,16605,0.435592,0.055345,0,0,1,0.5400,罗湖区,23,23,0,0,0,0,1
2021-01-06,589179428,20190000000000000003,900200000000000047,1,105.390,314.320,33122.000,2021-01-06 23:00:00.000,L2FT01-FTJ003,19.22,0.000,0.666012,16605,0.435592,0.055345,0,0,1,0.5400,罗湖区,23,23,0,0,0,0,1
2021-01-06,589179428,20190000000000000003,900200000000000047,1,89.840,318.353,28520.000,2021-01-06 23:15:00.000,L2FT01-FTJ003,19.22,0.000,0.666012,16605,0.435592,0.055345,0,0,1,0.5400,罗湖区,23,23,0,0,0,0,1
2021-01-06,589179428,20190000000000000003,900200000000000058,1,47.857,363.527,17396.667,2021-01-06 23:15:00.000,L2FT01-FTJ003,19.22,0.000,0.666012,16605,0.435592,0.055345,0,0,1,0.5400,罗湖区,23,23,0,0,0,0,1
2021-01-06,589179428,20190000000000000003,900200000000000047,1,15.890,328.800,5222.000,2021-01-06 23:30:00.000,L2FT01-FTJ003,19.22,0.000,0.666012,16605,0.435592,0.055345,0,0,1,0.5400,罗湖区,23,23,0,0,0,0,1
2021-01-06,589179428,20190000000000000003,900200000000000058,1,52.530,370.667,19484.667,2021-01-06 23:30:00.000,L2FT01-FTJ003,19.22,0.000,0.666012,16605,0.435592,0.055345,0,0,1,0.5400,罗湖区,23,23,0,0,0,0,1
2021-01-06,589179428,20190000000000000003,900200000000000058,1,61.790,379.940,23476.000,2021-01-06 23:45:00.000,L2FT01-FTJ003,19.22,0.000,0.666012,16605,0.435592,0.055345,0,0,1,0.5400,罗湖区,23,23,0,0,0,0,1
2021-01-07,589179428,20190000000000000003,900200000000000058,1,41.797,384.007,16049.333,2021-01-07 00:00:00.000,L2FT01-FTJ003,20.00,0.000,0.666012,16605,0.435592,0.055345,0,0,1,0.5400,罗湖区,23,23,0,0,0,0,1
2021-01-07,589179428,20190000000000000003,900200000000000058,1,18.146,383.873,6964.667,2021-01-07 00:15:00.000,L2FT01-FTJ003,20.00,0.000,0.666012,16605,0.435592,0.055345,0,0,1,0.5400,罗湖区,23,23,0,0,0,0,1
2021-01-07,589179428,20190000000000000003,900200000000000058,1,9.985,383.987,3830.000,2021-01-07 00:30:00.000,L2FT01-FTJ003,20.00,0.000,0.666012,16605,0.435592,0.055345,0,0,1,0.5400,罗湖区,23,23,0,0,0,0,1
2021-01-07,589179428,20190000000000000003,900200000000000058,1,10.000,384.967,3846.667,2021-01-07 00:45:00.000,L2FT01-FTJ003,20.00,0.000,0.666012,16605,0.435592,0.055345,0,0,1,0.5400,罗湖区,23,23,0,0,0,0,1
2021-01-07,589179428,20190000000000000003,900200000000000047,1,35.910,305.400,10963.333,2021-01-07 01:15:00.000,L2FT01-FTJ003,20.78,0.000,0.666012,16605,0.435592,0.055345,0,0,1,0.5400,罗湖区,23,23,0,0,0,0,1
2021-01-07,589179428,20190000000000000003,900200000000000047,1,35.837,306.740,10990.667,2021-01-07 01:30:00.000,L2FT01-FTJ003,20.78,0.000,0.666012,16605,0.435592,0.055345,0,0,1,0.5400,罗湖区,23,23,0,0,0,0,1
2021-01-07,589179428,20190000000000000003,900200000000000047,1,35.790,308.007,11021.333,2021-01-07 01:45:00.000,L2FT01-FTJ003,20.78,0.000,0.666012,16605,0.435592,0.055345,0,0,1,0.5400,罗湖区,23,23,0,0,0,0,1
2021-01-07,589179428,20190000000000000003,900200000000000047,1,35.817,309.873,11096.000,2021-01-07 02:00:00.000,L2FT01-FTJ003,21.50,0.000,0.666012,16605,0.435592,0.055345,0,0,1,0.5400,罗湖区,23,23,0,0,0,0,1
2021-01-07,589179428,20190000000000000003,900200000000000047,1,35.890,310.487,11142.000,2021-01-07 02:15:00.000,L2FT01-FTJ003,21.50,0.000,0.666012,16605,0.435592,0.055345,0,0,1,0.5400,罗湖区,23,23,0,0,0,0,1
2021-01-07,589179428,20190000000000000003,900200000000000047,1,35.890,310.647,11150.000,2021-01-07 02:30:00.000,L2FT01-FTJ003,21.50,0.000,0.666012,16605,0.435592,0.055345,0,0,1,0.5400,罗湖区,23,23,0,0,0,0,1
2021-01-07,589179428,20190000000000000003,900200000000000047,1,35.890,310.767,11150.000,2021-01-07 02:45:00.000,L2FT01-FTJ003,21.50,0.000,0.666012,16605,0.435592,0.055345,0,0,1,0.5400,罗湖区,23,23,0,0,0,0,1
2021-01-07,589179428,20190000000000000003,900200000000000047,1,35.890,310.847,11154.667,2021-01-07 03:00:00.000,L2FT01-FTJ003,22.12,0.000,0.666012,16605,0.435592,0.055345,0,0,1,0.5400,罗湖区,23,23,0,0,0,0,1
2021-01-07,589179428,20190000000000000003,900200000000000047,1,35.890,311.007,11160.667,2021-01-07 03:15:00.000,L2FT01-FTJ003,22.12,0.000,0.666012,16605,0.435592,0.055345,0,0,1,0.5400,罗湖区,23,23,0,0,0,0,1
2021-01-07,589179428,20190000000000000003,900200000000000047,1,35.890,311.480,11178.000,2021-01-07 03:30:00.000,L2FT01-FTJ003,22.12,0.000,0.666012,16605,0.435592,0.055345,0,0,1,0.5400,罗湖区,23,23,0,0,0,0,1
2021-01-07,589179428,20190000000000000003,900200000000000047,1,32.490,316.813,10249.333,2021-01-07 03:45:00.000,L2FT01-FTJ003,22.12,0.000,0.666012,16605,0.435592,0.055345,0,0,1,0.5400,罗湖区,23,23,0,0,0,0,1
2021-01-07,589179428,20190000000000000003,900200000000000040,1,91.591,357.610,32749.000,2021-01-07 09:30:00.000,L2FT01-FTJ003,22.12,0.000,0.666012,16605,0.435592,0.055345,0,0,1,0.5400,罗湖区,23,23,0,0,0,0,1
2021-01-07,589179428,20190000000000000003,900200000000000040,1,114.920,372.553,42886.000,2021-01-07 09:45:00.000,L2FT01-FTJ003,22.12,0.000,0.666012,16605,0.435592,0.055345,0,0,1,0.5400,罗湖区,23,23,0,0,0,0,1
2021-01-07,589179428,20190000000000000003,900200000000000040,1,74.750,387.633,28944.000,2021-01-07 10:00:00.000,L2FT01-FTJ003,21.50,0.000,0.666012,16605,0.435592,0.055345,0,0,1,0.5400,罗湖区,23,23,0,0,0,0,1
2021-01-07,589179428,20190000000000000003,900200000000000040,1,28.623,393.380,11259.333,2021-01-07 10:15:00.000,L2FT01-FTJ003,21.50,0.000,0.666012,16605,0.435592,0.055345,0,0,1,0.5400,罗湖区,23,23,0,0,0,0,1
2021-01-07,589179428,20190000000000000003,900200000000000040,1,14.890,395.453,5888.000,2021-01-07 10:30:00.000,L2FT01-FTJ003,21.50,0.000,0.666012,16605,0.435592,0.055345,0,0,1,0.5400,罗湖区,23,23,0,0,0,0,1
2021-01-07,589179428,20190000000000000003,900200000000000040,1,14.890,397.325,5915.000,2021-01-07 10:45:00.000,L2FT01-FTJ003,21.50,0.000,0.666012,16605,0.435592,0.055345,0,0,1,0.5400,罗湖区,23,23,0,0,0,0,1
2021-01-07,589179428,20190000000000000003,900200000000000044,1,60.525,380.040,23000.000,2021-01-07 12:30:00.000,L2FT01-FTJ003,20.00,0.000,0.666012,16605,0.435592,0.055345,0,0,1,0.5400,罗湖区,23,23,0,0,0,0,1
2021-01-07,589179428,20190000000000000003,900200000000000044,1,44.018,391.980,17249.333,2021-01-07 12:45:00.000,L2FT01-FTJ003,20.00,0.000,0.666012,16605,0.435592,0.055345,0,0,1,0.5400,罗湖区,23,23,0,0,0,0,1
2021-01-07,589179428,20190000000000000003,900200000000000044,1,19.072,394.293,7518.000,2021-01-07 13:00:00.000,L2FT01-FTJ003,19.22,0.000,0.666012,16605,0.435592,0.055345,0,0,1,0.5400,罗湖区,23,23,0,0,0,0,1
2021-01-07,589179428,20190000000000000003,900200000000000042,1,75.824,467.980,35590.000,2021-01-07 13:15:00.000,L2FT01-FTJ003,19.22,0.000,0.666012,16605,0.435592,0.055345,0,0,1,0.5400,罗湖区,23,23,0,0,0,0,1
2021-01-07,589179428,20190000000000000003,900200000000000044,1,19.080,398.411,7600.000,2021-01-07 13:15:00.000,L2FT01-FTJ003,19.22,0.000,0.666012,16605,0.435592,0.055345,0,0,1,0.5400,罗湖区,23,23,0,0,0,0,1
2021-01-07,589179428,20190000000000000003,900200000000000042,1,92.457,470.413,43496.000,2021-01-07 13:30:00.000,L2FT01-FTJ003,19.22,0.000,0.666012,16605,0.435592,0.055345,0,0,1,0.5400,罗湖区,23,23,0,0,0,0,1
2021-01-07,589179428,20190000000000000003,900200000000000042,1,92.903,470.287,43694.667,2021-01-07 13:45:00.000,L2FT01-FTJ003,19.22,0.000,0.666012,16605,0.435592,0.055345,0,0,1,0.5400,罗湖区,23,23,0,0,0,0,1
2021-01-07,589179428,20190000000000000003,900200000000000042,1,73.329,469.989,34467.778,2021-01-07 14:00:00.000,L2FT01-FTJ003,18.50,0.000,0.666012,16605,0.435592,0.055345,0,0,1,0.5400,罗湖区,23,23,0,0,0,0,1
2021-01-07,589179428,20190000000000000003,900200000000000032,1,58.923,350.900,20676.667,2021-01-07 15:15:00.000,L2FT01-FTJ003,17.88,0.000,0.666012,16605,0.435592,0.055345,0,0,1,0.5400,罗湖区,23,23,0,0,0,0,1
2021-01-07,589179428,20190000000000000003,900200000000000032,1,66.021,355.900,23502.667,2021-01-07 15:30:00.000,L2FT01-FTJ003,17.88,0.000,0.666012,16605,0.435592,0.055345,0,0,1,0.5400,罗湖区,23,23,0,0,0,0,1
2021-01-07,589179428,20190000000000000003,900200000000000032,1,62.125,360.185,22363.077,2021-01-07 15:45:00.000,L2FT01-FTJ003,17.88,0.000,0.666012,16605,0.435592,0.055345,0,0,1,0.5400,罗湖区,23,23,0,0,0,0,1
2021-01-07,589179428,20190000000000000003,900200000000000043,1,112.908,374.130,42205.000,2021-01-07 16:00:00.000,L2FT01-FTJ003,17.40,0.000,0.666012,16605,0.435592,0.055345,0,0,1,0.5400,罗湖区,23,23,0,0,0,0,1
2021-01-07,589179428,20190000000000000003,900200000000000043,1,108.927,391.653,42668.667,2021-01-07 16:15:00.000,L2FT01-FTJ003,17.40,0.000,0.666012,16605,0.435592,0.055345,0,0,1,0.5400,罗湖区,23,23,0,0,0,0,1
2021-01-07,589179428,20190000000000000003,900200000000000043,1,61.856,405.287,25044.667,2021-01-07 16:30:00.000,L2FT01-FTJ003,17.40,0.000,0.666012,16605,0.435592,0.055345,0,0,1,0.5400,罗湖区,23,23,0,0,0,0,1
2021-01-07,589179428,20190000000000000003,900200000000000043,1,36.323,411.760,14951.333,2021-01-07 16:45:00.000,L2FT01-FTJ003,17.40,0.000,0.666012,16605,0.435592,0.055345,0,0,1,0.5400,罗湖区,23,23,0,0,0,0,1
2021-01-07,589179428,20190000000000000003,900200000000000043,1,14.811,413.614,6125.000,2021-01-07 17:00:00.000,L2FT01-FTJ003,17.10,0.000,0.666012,16605,0.435592,0.055345,0,0,1,0.5400,罗湖区,23,23,0,0,0,0,1
2021-01-07,589179428,20190000000000000003,900200000000000040,1,129.893,310.550,40335.000,2021-01-07 17:30:00.000,L2FT01-FTJ003,17.10,0.000,0.666012,16605,0.435592,0.055345,0,0,1,0.5400,罗湖区,23,23,0,0,0,0,1
2021-01-07,589179428,20190000000000000003,900200000000000040,1,129.921,313.687,40752.000,2021-01-07 17:45:00.000,L2FT01-FTJ003,17.10,0.000,0.666012,16605,0.435592,0.055345,0,0,1,0.5400,罗湖区,23,23,0,0,0,0,1
2021-01-07,589179428,20190000000000000003,900200000000000042,1,118.873,310.350,37341.667,2021-01-07 17:45:00.000,L2FT01-FTJ003,17.10,0.000,0.666012,16605,0.435592,0.055345,0,0,1,0.5400,罗湖区,23,23,0,0,0,0,1
2021-01-07,589179428,20190000000000000003,900200000000000040,1,129.946,314.900,40917.333,2021-01-07 18:00:00.000,L2FT01-FTJ003,17.00,0.000,0.666012,16605,0.435592,0.055345,0,0,1,0.5400,罗湖区,23,23,0,0,0,0,1
2021-01-07,589179428,20190000000000000003,900200000000000042,1,129.818,314.740,40854.667,2021-01-07 18:00:00.000,L2FT01-FTJ003,17.00,0.000,0.666012,16605,0.435592,0.055345,0,0,1,0.5400,罗湖区,23,23,0,0,0,0,1
2021-01-07,589179428,20190000000000000003,900200000000000040,1,89.865,321.900,28786.250,2021-01-07 18:15:00.000,L2FT01-FTJ003,17.00,0.000,0.666012,16605,0.435592,0.055345,0,0,1,0.5400,罗湖区,23,23,0,0,0,0,1
2021-01-07,589179428,20190000000000000003,900200000000000042,1,95.381,320.929,30437.143,2021-01-07 18:15:00.000,L2FT01-FTJ003,17.00,0.000,0.666012,16605,0.435592,0.055345,0,0,1,0.5400,罗湖区,23,23,0,0,0,0,1
2021-01-07,589179428,20190000000000000003,900200000000000056,1,149.951,314.600,47170.000,2021-01-07 19:00:00.000,L2FT01-FTJ003,17.10,0.000,0.666012,16605,0.435592,0.055345,0,0,1,0.5400,罗湖区,23,23,0,0,0,0,1
2021-01-07,589179428,20190000000000000003,900200000000000056,1,150.100,314.650,47225.000,2021-01-07 19:15:00.000,L2FT01-FTJ003,17.10,0.000,0.666012,16605,0.435592,0.055345,0,0,1,0.5400,罗湖区,23,23,0,0,0,0,1
2021-01-07,589179428,20190000000000000003,900200000000000030,1,60.134,373.029,22422.857,2021-01-07 23:15:00.000,L2FT01-FTJ003,19.22,0.000,0.666012,16605,0.435592,0.055345,0,0,1,0.5400,罗湖区,23,23,0,0,0,0,1
2021-01-07,589179428,20190000000000000003,900200000000000044,1,129.894,304.860,39596.000,2021-01-07 23:15:00.000,L2FT01-FTJ003,19.22,0.000,0.666012,16605,0.435592,0.055345,0,0,1,0.5400,罗湖区,23,23,0,0,0,0,1
2021-01-07,589179428,20190000000000000003,900200000000000030,1,56.099,382.613,21458.667,2021-01-07 23:30:00.000,L2FT01-FTJ003,19.22,0.000,0.666012,16605,0.435592,0.055345,0,0,1,0.5400,罗湖区,23,23,0,0,0,0,1
2021-01-07,589179428,20190000000000000003,900200000000000044,1,129.909,309.853,40250.000,2021-01-07 23:30:00.000,L2FT01-FTJ003,19.22,0.000,0.666012,16605,0.435592,0.055345,0,0,1,0.5400,罗湖区,23,23,0,0,0,0,1
2021-01-07,589179428,20190000000000000003,900200000000000030,1,40.210,392.807,15788.000,2021-01-07 23:45:00.000,L2FT01-FTJ003,19.22,0.000,0.666012,16605,0.435592,0.055345,0,0,1,0.5400,罗湖区,23,23,0,0,0,0,1
2021-01-08,589179428,20190000000000000003,900200000000000030,1,19.090,396.660,7571.333,2021-01-08 00:00:00.000,L2FT01-FTJ003,20.00,0.000,0.666012,16605,0.435592,0.055345,0,0,1,0.5400,罗湖区,23,23,0,0,0,0,1
2021-01-08,589179428,20190000000000000003,900200000000000030,1,19.090,400.200,7635.000,2021-01-08 00:15:00.000,L2FT01-FTJ003,20.00,0.000,0.666012,16605,0.435592,0.055345,0,0,1,0.5400,罗湖区,23,23,0,0,0,0,1
2021-01-08,589179428,20190000000000000003,900200000000000034,1,17.915,337.800,6050.000,2021-01-08 00:45:00.000,L2FT01-FTJ003,20.00,0.000,0.666012,16605,0.435592,0.055345,0,0,1,0.5400,罗湖区,23,23,0,0,0,0,1
2021-01-08,589179428,20190000000000000003,900200000000000034,1,71.324,345.753,24659.333,2021-01-08 01:00:00.000,L2FT01-FTJ003,20.78,0.000,0.666012,16605,0.435592,0.055345,0,0,1,0.5400,罗湖区,23,23,0,0,0,0,1
2021-01-08,589179428,20190000000000000003,900200000000000034,1,70.283,354.573,24916.000,2021-01-08 01:15:00.000,L2FT01-FTJ003,20.78,0.000,0.666012,16605,0.435592,0.055345,0,0,1,0.5400,罗湖区,23,23,0,0,0,0,1
2021-01-08,589179428,20190000000000000003,900200000000000034,1,66.910,364.020,24372.667,2021-01-08 01:30:00.000,L2FT01-FTJ003,20.78,0.000,0.666012,16605,0.435592,0.055345,0,0,1,0.5400,罗湖区,23,23,0,0,0,0,1
2021-01-08,589179428,20190000000000000003,900200000000000034,1,58.137,373.300,21702.667,2021-01-08 01:45:00.000,L2FT01-FTJ003,20.78,0.000,0.666012,16605,0.435592,0.055345,0,0,1,0.5400,罗湖区,23,23,0,0,0,0,1
2021-01-08,589179428,20190000000000000003,900200000000000034,1,58.117,383.013,22257.333,2021-01-08 02:00:00.000,L2FT01-FTJ003,21.50,0.000,0.666012,16605,0.435592,0.055345,0,0,1,0.5400,罗湖区,23,23,0,0,0,0,1
2021-01-08,589179428,20190000000000000003,900200000000000034,1,36.369,378.811,14124.444,2021-01-08 02:15:00.000,L2FT01-FTJ003,21.50,0.000,0.666012,16605,0.435592,0.055345,0,0,1,0.5400,罗湖区,23,23,0,0,0,0,1
2021-01-08,589179428,20190000000000000003,900200000000000042,1,129.890,309.400,40190.000,2021-01-08 02:15:00.000,L2FT01-FTJ003,21.50,0.000,0.666012,16605,0.435592,0.055345,0,0,1,0.5400,罗湖区,23,23,0,0,0,0,1
2021-01-08,589179428,20190000000000000003,900200000000000042,1,129.843,311.613,40455.333,2021-01-08 02:30:00.000,L2FT01-FTJ003,21.50,0.000,0.666012,16605,0.435592,0.055345,0,0,1,0.5400,罗湖区,23,23,0,0,0,0,1
2021-01-08,589179428,20190000000000000003,900200000000000042,1,129.812,312.293,40534.667,2021-01-08 02:45:00.000,L2FT01-FTJ003,21.50,0.000,0.666012,16605,0.435592,0.055345,0,0,1,0.5400,罗湖区,23,23,0,0,0,0,1
2021-01-08,589179428,20190000000000000003,900200000000000042,1,129.878,313.680,40737.333,2021-01-08 03:00:00.000,L2FT01-FTJ003,22.12,0.000,0.666012,16605,0.435592,0.055345,0,0,1,0.5400,罗湖区,23,23,0,0,0,0,1
2021-01-08,589179428,20190000000000000003,900200000000000042,1,129.806,314.607,40833.333,2021-01-08 03:15:00.000,L2FT01-FTJ003,22.12,0.000,0.666012,16605,0.435592,0.055345,0,0,1,0.5400,罗湖区,23,23,0,0,0,0,1
2021-01-08,589179428,20190000000000000003,900200000000000042,1,127.786,317.507,40553.333,2021-01-08 03:30:00.000,L2FT01-FTJ003,22.12,0.000,0.666012,16605,0.435592,0.055345,0,0,1,0.5400,罗湖区,23,23,0,0,0,0,1
2021-01-08,589179428,20190000000000000003,900200000000000042,1,39.840,329.850,13090.000,2021-01-08 03:45:00.000,L2FT01-FTJ003,22.12,0.000,0.666012,16605,0.435592,0.055345,0,0,1,0.5400,罗湖区,23,23,0,0,0,0,1
2021-01-08,589179428,20190000000000000003,900200000000000040,1,103.876,315.360,33002.000,2021-01-08 04:45:00.000,L2FT01-FTJ003,22.60,0.000,0.666012,16605,0.435592,0.055345,0,0,1,0.5400,罗湖区,23,23,0,0,0,0,1
2021-01-08,589179428,20190000000000000003,900200000000000032,1,47.790,353.200,16880.000,2021-01-08 06:00:00.000,L2FT01-FTJ003,23.00,0.000,0.666012,16605,0.435592,0.055345,0,0,1,0.5400,罗湖区,23,23,0,0,0,0,1
2021-01-08,589179428,20190000000000000003,900200000000000037,1,149.832,315.320,47242.000,2021-01-08 06:00:00.000,L2FT01-FTJ003,23.00,0.000,0.666012,16605,0.435592,0.055345,0,0,1,0.5400,罗湖区,23,23,0,0,0,0,1
2021-01-08,589179428,20190000000000000003,900200000000000037,1,149.830,315.790,47313.000,2021-01-08 06:15:00.000,L2FT01-FTJ003,23.00,0.000,0.666012,16605,0.435592,0.055345,0,0,1,0.5400,罗湖区,23,23,0,0,0,0,1
2021-01-08,589179428,20190000000000000003,900200000000000031,1,199.836,317.380,63418.000,2021-01-08 10:30:00.000,L2FT01-FTJ003,21.50,0.000,0.666012,16605,0.435592,0.055345,0,0,1,0.5400,罗湖区,23,23,0,0,0,0,1
2021-01-08,589179428,20190000000000000003,900200000000000057,1,199.826,317.271,63392.857,2021-01-08 10:30:00.000,L2FT01-FTJ003,21.50,0.000,0.666012,16605,0.435592,0.055345,0,0,1,0.5400,罗湖区,23,23,0,0,0,0,1
2021-01-08,589179428,20190000000000000003,900200000000000031,1,167.623,321.214,53550.714,2021-01-08 10:45:00.000,L2FT01-FTJ003,21.50,0.000,0.666012,16605,0.435592,0.055345,0,0,1,0.5400,罗湖区,23,23,0,0,0,0,1
2021-01-08,589179428,20190000000000000003,900200000000000053,1,65.095,306.050,20250.000,2021-01-08 10:45:00.000,L2FT01-FTJ003,21.50,0.000,0.666012,16605,0.435592,0.055345,0,0,1,0.5400,罗湖区,23,23,0,0,0,0,1
2021-01-08,589179428,20190000000000000003,900200000000000057,1,200.005,318.587,63718.000,2021-01-08 10:45:00.000,L2FT01-FTJ003,21.50,0.000,0.666012,16605,0.435592,0.055345,0,0,1,0.5400,罗湖区,23,23,0,0,0,0,1
2021-01-08,589179428,20190000000000000003,900200000000000053,1,129.865,311.853,40496.667,2021-01-08 11:00:00.000,L2FT01-FTJ003,20.78,0.000,0.666012,16605,0.435592,0.055345,0,0,1,0.5400,罗湖区,23,23,0,0,0,0,1
2021-01-08,589179428,20190000000000000003,900200000000000057,1,89.892,326.156,29108.889,2021-01-08 11:00:00.000,L2FT01-FTJ003,20.78,0.000,0.666012,16605,0.435592,0.055345,0,0,1,0.5400,罗湖区,23,23,0,0,0,0,1
2021-01-08,589179428,20190000000000000003,900200000000000056,1,150.027,312.282,46850.000,2021-01-08 11:15:00.000,L2FT01-FTJ003,20.78,0.000,0.666012,16605,0.435592,0.055345,0,0,1,0.5400,罗湖区,23,23,0,0,0,0,1
2021-01-08,589179428,20190000000000000003,900200000000000053,1,129.947,312.967,40666.667,2021-01-08 11:15:00.000,L2FT01-FTJ003,20.78,0.000,0.666012,16605,0.435592,0.055345,0,0,1,0.5400,罗湖区,23,23,0,0,0,0,1
2021-01-08,589179428,20190000000000000003,900200000000000053,1,129.890,313.967,40776.667,2021-01-08 11:30:00.000,L2FT01-FTJ003,20.78,0.000,0.666012,16605,0.435592,0.055345,0,0,1,0.5400,罗湖区,23,23,0,0,0,0,1
2021-01-08,589179428,20190000000000000003,900200000000000056,1,150.059,313.747,47077.333,2021-01-08 11:30:00.000,L2FT01-FTJ003,20.78,0.000,0.666012,16605,0.435592,0.055345,0,0,1,0.5400,罗湖区,23,23,0,0,0,0,1
2021-01-08,589179428,20190000000000000003,900200000000000056,1,150.012,315.500,47325.333,2021-01-08 11:45:00.000,L2FT01-FTJ003,20.78,0.000,0.666012,16605,0.435592,0.055345,0,0,1,0.5400,罗湖区,23,23,0,0,0,0,1
2021-01-08,589179428,20190000000000000003,900200000000000056,1,150.026,317.020,47558.000,2021-01-08 12:00:00.000,L2FT01-FTJ003,20.00,0.000,0.666012,16605,0.435592,0.055345,0,0,1,0.5400,罗湖区,23,23,0,0,0,0,1
2021-01-08,589179428,20190000000000000003,900200000000000056,1,78.726,325.000,25440.000,2021-01-08 12:15:00.000,L2FT01-FTJ003,20.00,0.000,0.666012,16605,0.435592,0.055345,0,0,1,0.5400,罗湖区,23,23,0,0,0,0,1
2021-01-08,589179428,20190000000000000003,900200000000000034,1,49.015,365.700,18025.000,2021-01-08 13:45:00.000,L2FT01-FTJ003,19.22,0.000,0.666012,16605,0.435592,0.055345,0,0,1,0.5400,罗湖区,23,23,0,0,0,0,1
2021-01-08,589179428,20190000000000000003,900200000000000043,1,45.434,367.033,16673.333,2021-01-08 13:45:00.000,L2FT01-FTJ003,19.22,0.000,0.666012,16605,0.435592,0.055345,0,0,1,0.5400,罗湖区,23,23,0,0,0,0,1
2021-01-08,589179428,20190000000000000003,900200000000000034,1,57.303,378.060,21661.333,2021-01-08 14:00:00.000,L2FT01-FTJ003,18.50,0.000,0.666012,16605,0.435592,0.055345,0,0,1,0.5400,罗湖区,23,23,0,0,0,0,1
2021-01-08,589179428,20190000000000000003,900200000000000043,1,45.463,376.020,17092.667,2021-01-08 14:00:00.000,L2FT01-FTJ003,18.50,0.000,0.666012,16605,0.435592,0.055345,0,0,1,0.5400,罗湖区,23,23,0,0,0,0,1
2021-01-08,589179428,20190000000000000003,900200000000000034,1,35.170,385.373,13630.667,2021-01-08 14:15:00.000,L2FT01-FTJ003,18.50,0.000,0.666012,16605,0.435592,0.055345,0,0,1,0.5400,罗湖区,23,23,0,0,0,0,1
2021-01-08,589179428,20190000000000000003,900200000000000043,1,45.397,384.200,17440.000,2021-01-08 14:15:00.000,L2FT01-FTJ003,18.50,0.000,0.666012,16605,0.435592,0.055345,0,0,1,0.5400,罗湖区,23,23,0,0,0,0,1
2021-01-08,589179428,20190000000000000003,900200000000000034,1,9.949,382.820,3806.000,2021-01-08 14:30:00.000,L2FT01-FTJ003,18.50,0.000,0.666012,16605,0.435592,0.055345,0,0,1,0.5400,罗湖区,23,23,0,0,0,0,1
2021-01-08,589179428,20190000000000000003,900200000000000043,1,31.886,390.653,12456.000,2021-01-08 14:30:00.000,L2FT01-FTJ003,18.50,0.000,0.666012,16605,0.435592,0.055345,0,0,1,0.5400,罗湖区,23,23,0,0,0,0,1
2021-01-08,589179428,20190000000000000003,900200000000000034,1,10.000,385.107,3846.667,2021-01-08 14:45:00.000,L2FT01-FTJ003,18.50,0.000,0.666012,16605,0.435592,0.055345,0,0,1,0.5400,罗湖区,23,23,0,0,0,0,1
2021-01-08,589179428,20190000000000000003,900200000000000043,1,16.500,392.620,6472.667,2021-01-08 14:45:00.000,L2FT01-FTJ003,18.50,0.000,0.666012,16605,0.435592,0.055345,0,0,1,0.5400,罗湖区,23,23,0,0,0,0,1
2021-01-08,589179428,20190000000000000003,900200000000000043,1,16.578,395.940,6562.667,2021-01-08 15:00:00.000,L2FT01-FTJ003,17.88,0.000,0.666012,16605,0.435592,0.055345,0,0,1,0.5400,罗湖区,23,23,0,0,0,0,1
2021-01-08,589179428,20190000000000000003,900200000000000034,1,10.012,387.547,3875.333,2021-01-08 15:00:00.000,L2FT01-FTJ003,17.88,0.000,0.666012,16605,0.435592,0.055345,0,0,1,0.5400,罗湖区,23,23,0,0,0,0,1
2021-01-08,589179428,20190000000000000003,900200000000000034,1,10.066,390.053,3924.667,2021-01-08 15:15:00.000,L2FT01-FTJ003,17.88,0.000,0.666012,16605,0.435592,0.055345,0,0,1,0.5400,罗湖区,23,23,0,0,0,0,1
2021-01-08,589179428,20190000000000000003,900200000000000043,1,16.566,399.420,6614.667,2021-01-08 15:15:00.000,L2FT01-FTJ003,17.88,0.000,0.666012,16605,0.435592,0.055345,0,0,1,0.5400,罗湖区,23,23,0,0,0,0,1
2021-01-08,589179428,20190000000000000003,900200000000000048,1,130.090,304.300,39580.000,2021-01-08 15:15:00.000,L2FT01-FTJ003,17.88,0.000,0.666012,16605,0.435592,0.055345,0,0,1,0.5400,罗湖区,23,23,0,0,0,0,1
2021-01-08,589179428,20190000000000000003,900200000000000034,1,10.024,392.600,3931.333,2021-01-08 15:30:00.000,L2FT01-FTJ003,17.88,0.000,0.666012,16605,0.435592,0.055345,0,0,1,0.5400,罗湖区,23,23,0,0,0,0,1
2021-01-08,589179428,20190000000000000003,900200000000000043,1,16.518,403.020,6652.667,2021-01-08 15:30:00.000,L2FT01-FTJ003,17.88,0.000,0.666012,16605,0.435592,0.055345,0,0,1,0.5400,罗湖区,23,23,0,0,0,0,1
2021-01-08,589179428,20190000000000000003,900200000000000048,1,129.863,309.920,40243.333,2021-01-08 15:30:00.000,L2FT01-FTJ003,17.88,0.000,0.666012,16605,0.435592,0.055345,0,0,1,0.5400,罗湖区,23,23,0,0,0,0,1
2021-01-08,589179428,20190000000000000003,900200000000000035,1,164.932,359.258,59259.167,2021-01-08 15:45:00.000,L2FT01-FTJ003,17.88,0.000,0.666012,16605,0.435592,0.055345,0,0,1,0.5400,罗湖区,23,23,0,0,0,0,1
2021-01-08,589179428,20190000000000000003,900200000000000034,1,10.000,394.000,3940.000,2021-01-08 15:45:00.000,L2FT01-FTJ003,17.88,0.000,0.666012,16605,0.435592,0.055345,0,0,1,0.5400,罗湖区,23,23,0,0,0,0,1
2021-01-08,589179428,20190000000000000003,900200000000000043,1,16.500,405.267,6683.333,2021-01-08 15:45:00.000,L2FT01-FTJ003,17.88,0.000,0.666012,16605,0.435592,0.055345,0,0,1,0.5400,罗湖区,23,23,0,0,0,0,1
2021-01-08,589179428,20190000000000000003,900200000000000048,1,129.977,311.407,40470.000,2021-01-08 15:45:00.000,L2FT01-FTJ003,17.88,0.000,0.666012,16605,0.435592,0.055345,0,0,1,0.5400,罗湖区,23,23,0,0,0,0,1
2021-01-08,589179428,20190000000000000003,900200000000000035,1,130.200,370.607,48237.143,2021-01-08 16:00:00.000,L2FT01-FTJ003,17.40,0.000,0.666012,16605,0.435592,0.055345,0,0,1,0.5400,罗湖区,23,23,0,0,0,0,1
2021-01-08,589179428,20190000000000000003,900200000000000048,1,129.884,312.433,40578.000,2021-01-08 16:00:00.000,L2FT01-FTJ003,17.40,0.000,0.666012,16605,0.435592,0.055345,0,0,1,0.5400,罗湖区,23,23,0,0,0,0,1
2021-01-08,589179428,20190000000000000003,900200000000000048,1,129.912,313.560,40732.667,2021-01-08 16:15:00.000,L2FT01-FTJ003,17.40,0.000,0.666012,16605,0.435592,0.055345,0,0,1,0.5400,罗湖区,23,23,0,0,0,0,1
2021-01-08,589179428,20190000000000000003,900200000000000048,1,129.971,314.400,40858.667,2021-01-08 16:30:00.000,L2FT01-FTJ003,17.40,0.000,0.666012,16605,0.435592,0.055345,0,0,1,0.5400,罗湖区,23,23,0,0,0,0,1
2021-01-08,589179428,20190000000000000003,900200000000000048,1,129.981,316.600,41148.667,2021-01-08 16:45:00.000,L2FT01-FTJ003,17.40,0.000,0.666012,16605,0.435592,0.055345,0,0,1,0.5400,罗湖区,23,23,0,0,0,0,1
2021-01-08,589179428,20190000000000000003,900200000000000048,1,55.547,327.414,18090.000,2021-01-08 17:00:00.000,L2FT01-FTJ003,17.10,0.000,0.666012,16605,0.435592,0.055345,0,0,1,0.5400,罗湖区,23,23,0,0,0,0,1
2021-01-08,589179428,20190000000000000003,900200000000000032,1,129.945,310.943,40401.429,2021-01-08 17:00:00.000,L2FT01-FTJ003,17.10,0.000,0.666012,16605,0.435592,0.055345,0,0,1,0.5400,罗湖区,23,23,0,0,0,0,1
2021-01-08,589179428,20190000000000000003,900200000000000032,1,129.949,313.987,40798.667,2021-01-08 17:15:00.000,L2FT01-FTJ003,17.10,0.000,0.666012,16605,0.435592,0.055345,0,0,1,0.5400,罗湖区,23,23,0,0,0,0,1
2021-01-08,589179428,20190000000000000003,900200000000000032,1,105.861,317.910,33671.000,2021-01-08 17:30:00.000,L2FT01-FTJ003,17.10,0.000,0.666012,16605,0.435592,0.055345,0,0,1,0.5400,罗湖区,23,23,0,0,0,0,1
2021-01-08,589179428,20190000000000000003,900200000000000040,1,112.238,313.020,35284.000,2021-01-08 17:30:00.000,L2FT01-FTJ003,17.10,0.000,0.666012,16605,0.435592,0.055345,0,0,1,0.5400,罗湖区,23,23,0,0,0,0,1
2021-01-08,589179428,20190000000000000003,900200000000000058,1,129.872,311.280,40424.000,2021-01-08 17:30:00.000,L2FT01-FTJ003,17.10,0.000,0.666012,16605,0.435592,0.055345,0,0,1,0.5400,罗湖区,23,23,0,0,0,0,1
2021-01-08,589179428,20190000000000000003,900200000000000040,1,130.060,316.013,41098.667,2021-01-08 17:45:00.000,L2FT01-FTJ003,17.10,0.000,0.666012,16605,0.435592,0.055345,0,0,1,0.5400,罗湖区,23,23,0,0,0,0,1
2021-01-08,589179428,20190000000000000003,900200000000000058,1,129.890,312.347,40568.667,2021-01-08 17:45:00.000,L2FT01-FTJ003,17.10,0.000,0.666012,16605,0.435592,0.055345,0,0,1,0.5400,罗湖区,23,23,0,0,0,0,1
2021-01-08,589179428,20190000000000000003,900200000000000040,1,111.480,310.843,35312.857,2021-01-08 18:00:00.000,L2FT01-FTJ003,17.00,0.000,0.666012,16605,0.435592,0.055345,0,0,1,0.5400,罗湖区,23,23,0,0,0,0,1
2021-01-08,589179428,20190000000000000003,900200000000000058,1,129.914,316.956,41173.333,2021-01-08 18:00:00.000,L2FT01-FTJ003,17.00,0.000,0.666012,16605,0.435592,0.055345,0,0,1,0.5400,罗湖区,23,23,0,0,0,0,1
2021-01-08,589179428,20190000000000000003,900200000000000058,1,59.804,354.014,21170.000,2021-01-08 18:15:00.000,L2FT01-FTJ003,17.00,0.000,0.666012,16605,0.435592,0.055345,0,0,1,0.5400,罗湖区,23,23,0,0,0,0,1
2021-01-08,589179428,20190000000000000003,900200000000000058,1,59.790,356.240,21298.000,2021-01-08 18:30:00.000,L2FT01-FTJ003,17.00,0.000,0.666012,16605,0.435592,0.055345,0,0,1,0.5400,罗湖区,23,23,0,0,0,0,1
2021-01-08,589179428,20190000000000000003,900200000000000058,1,50.344,360.267,18150.000,2021-01-08 18:45:00.000,L2FT01-FTJ003,17.00,0.000,0.666012,16605,0.435592,0.055345,0,0,1,0.5400,罗湖区,23,23,0,0,0,0,1
2021-01-08,589179428,20190000000000000003,900200000000000058,1,4.000,354.600,1410.000,2021-01-08 19:00:00.000,L2FT01-FTJ003,17.10,0.000,0.666012,16605,0.435592,0.055345,0,0,1,0.5400,罗湖区,23,23,0,0,0,0,1
2021-01-08,589179428,20190000000000000003,900200000000000050,1,79.251,437.750,34663.000,2021-01-08 20:00:00.000,L2FT01-FTJ003,17.40,0.000,0.666012,16605,0.435592,0.055345,0,0,1,0.5400,罗湖区,23,23,0,0,0,0,1
2021-01-08,589179428,20190000000000000003,900200000000000050,1,40.310,445.020,17934.000,2021-01-08 20:15:00.000,L2FT01-FTJ003,17.40,0.000,0.666012,16605,0.435592,0.055345,0,0,1,0.5400,罗湖区,23,23,0,0,0,0,1
2021-01-08,589179428,20190000000000000003,900200000000000049,1,103.876,321.520,32308.000,2021-01-08 21:15:00.000,L2FT01-FTJ003,17.88,0.000,0.666012,16605,0.435592,0.055345,0,0,1,0.5400,罗湖区,23,23,0,0,0,0,1
2021-01-08,589179428,20190000000000000003,900200000000000049,1,129.830,312.333,40545.333,2021-01-08 21:30:00.000,L2FT01-FTJ003,17.88,0.000,0.666012,16605,0.435592,0.055345,0,0,1,0.5400,罗湖区,23,23,0,0,0,0,1
2021-01-08,589179428,20190000000000000003,900200000000000049,1,129.897,314.713,40878.667,2021-01-08 21:45:00.000,L2FT01-FTJ003,17.88,0.000,0.666012,16605,0.435592,0.055345,0,0,1,0.5400,罗湖区,23,23,0,0,0,0,1
2021-01-08,589179428,20190000000000000003,900200000000000049,1,130.000,315.827,41051.333,2021-01-08 22:00:00.000,L2FT01-FTJ003,18.50,0.000,0.666012,16605,0.435592,0.055345,0,0,1,0.5400,罗湖区,23,23,0,0,0,0,1
2021-01-08,589179428,20190000000000000003,900200000000000049,1,103.280,321.450,33121.667,2021-01-08 22:15:00.000,L2FT01-FTJ003,18.50,0.000,0.666012,16605,0.435592,0.055345,0,0,1,0.5400,罗湖区,23,23,0,0,0,0,1
2021-01-08,589179428,20190000000000000003,900200000000000057,0,0.000,145.800,0.000,2021-01-08 23:30:00.000,L2FT01-FTJ003,19.22,0.000,0.666012,16605,0.435592,0.055345,0,0,1,0.5400,罗湖区,23,23,0,0,0,0,1
2021-01-08,589179428,20190000000000000003,900200000000000031,1,130.080,310.350,40365.000,2021-01-08 23:45:00.000,L2FT01-FTJ003,19.22,0.000,0.666012,16605,0.435592,0.055345,0,0,1,0.5400,罗湖区,23,23,0,0,0,0,1
2021-01-09,589179428,20190000000000000003,900200000000000031,1,129.818,312.407,40550.667,2021-01-09 00:00:00.000,L2FT01-FTJ003,20.00,0.000,0.666012,16605,0.435592,0.055345,0,0,0,0.5400,罗湖区,23,23,0,0,0,0,1
2021-01-09,589179428,20190000000000000003,900200000000000031,1,129.884,313.013,40653.333,2021-01-09 00:15:00.000,L2FT01-FTJ003,20.00,0.000,0.666012,16605,0.435592,0.055345,0,0,0,0.5400,罗湖区,23,23,0,0,0,0,1
2021-01-09,589179428,20190000000000000003,900200000000000031,1,129.860,314.387,40824.000,2021-01-09 00:30:00.000,L2FT01-FTJ003,20.00,0.000,0.666012,16605,0.435592,0.055345,0,0,0,0.5400,罗湖区,23,23,0,0,0,0,1
2021-01-09,589179428,20190000000000000003,900200000000000031,1,129.890,315.187,40938.000,2021-01-09 00:45:00.000,L2FT01-FTJ003,20.00,0.000,0.666012,16605,0.435592,0.055345,0,0,0,0.5400,罗湖区,23,23,0,0,0,0,1
2021-01-09,589179428,20190000000000000003,900200000000000031,1,113.819,319.373,36246.000,2021-01-09 01:00:00.000,L2FT01-FTJ003,20.78,0.000,0.666012,16605,0.435592,0.055345,0,0,0,0.5400,罗湖区,23,23,0,0,0,0,1
2021-01-09,589179428,20190000000000000003,900200000000000031,1,29.790,330.750,9855.000,2021-01-09 01:15:00.000,L2FT01-FTJ003,20.78,0.000,0.666012,16605,0.435592,0.055345,0,0,0,0.5400,罗湖区,23,23,0,0,0,0,1
2021-01-09,589179428,20190000000000000003,900200000000000048,1,149.840,311.275,46640.000,2021-01-09 01:15:00.000,L2FT01-FTJ003,20.78,0.000,0.666012,16605,0.435592,0.055345,0,0,0,0.5400,罗湖区,23,23,0,0,0,0,1
2021-01-09,589179428,20190000000000000003,900200000000000048,1,149.863,312.133,46774.667,2021-01-09 01:30:00.000,L2FT01-FTJ003,20.78,0.000,0.666012,16605,0.435592,0.055345,0,0,0,0.5400,罗湖区,23,23,0,0,0,0,1
2021-01-09,589179428,20190000000000000003,900200000000000048,1,149.897,313.467,46984.667,2021-01-09 01:45:00.000,L2FT01-FTJ003,20.78,0.000,0.666012,16605,0.435592,0.055345,0,0,0,0.5400,罗湖区,23,23,0,0,0,0,1
2021-01-09,589179428,20190000000000000003,900200000000000048,1,149.890,314.333,47112.000,2021-01-09 02:00:00.000,L2FT01-FTJ003,21.50,0.000,0.666012,16605,0.435592,0.055345,0,0,0,0.5400,罗湖区,23,23,0,0,0,0,1
2021-01-09,589179428,20190000000000000003,900200000000000048,1,149.877,315.860,47338.000,2021-01-09 02:15:00.000,L2FT01-FTJ003,21.50,0.000,0.666012,16605,0.435592,0.055345,0,0,0,0.5400,罗湖区,23,23,0,0,0,0,1
2021-01-09,589179428,20190000000000000003,900200000000000036,1,129.945,305.250,39660.000,2021-01-09 02:15:00.000,L2FT01-FTJ003,21.50,0.000,0.666012,16605,0.435592,0.055345,0,0,0,0.5400,罗湖区,23,23,0,0,0,0,1
2021-01-09,589179428,20190000000000000003,900200000000000036,1,129.978,310.213,40316.667,2021-01-09 02:30:00.000,L2FT01-FTJ003,21.50,0.000,0.666012,16605,0.435592,0.055345,0,0,0,0.5400,罗湖区,23,23,0,0,0,0,1
2021-01-09,589179428,20190000000000000003,900200000000000048,1,76.998,321.821,24618.571,2021-01-09 02:30:00.000,L2FT01-FTJ003,21.50,0.000,0.666012,16605,0.435592,0.055345,0,0,0,0.5400,罗湖区,23,23,0,0,0,0,1
2021-01-09,589179428,20190000000000000003,900200000000000036,1,130.060,312.880,40690.000,2021-01-09 02:45:00.000,L2FT01-FTJ003,21.50,0.000,0.666012,16605,0.435592,0.055345,0,0,0,0.5400,罗湖区,23,23,0,0,0,0,1
2021-01-09,589179428,20190000000000000003,900200000000000044,1,124.706,343.590,43045.000,2021-01-09 02:45:00.000,L2FT01-FTJ003,21.50,0.000,0.666012,16605,0.435592,0.055345,0,0,0,0.5400,罗湖区,23,23,0,0,0,0,1
2021-01-09,589179428,20190000000000000003,900200000000000036,1,129.972,313.593,40754.667,2021-01-09 03:00:00.000,L2FT01-FTJ003,22.12,0.000,0.666012,16605,0.435592,0.055345,0,0,0,0.5400,罗湖区,23,23,0,0,0,0,1
2021-01-09,589179428,20190000000000000003,900200000000000044,1,139.060,353.340,49132.667,2021-01-09 03:00:00.000,L2FT01-FTJ003,22.12,0.000,0.666012,16605,0.435592,0.055345,0,0,0,0.5400,罗湖区,23,23,0,0,0,0,1
2021-01-09,589179428,20190000000000000003,900200000000000053,1,129.878,311.367,40435.000,2021-01-09 03:00:00.000,L2FT01-FTJ003,22.12,0.000,0.666012,16605,0.435592,0.055345,0,0,0,0.5400,罗湖区,23,23,0,0,0,0,1
2021-01-09,589179428,20190000000000000003,900200000000000036,1,130.036,314.487,40890.000,2021-01-09 03:15:00.000,L2FT01-FTJ003,22.12,0.000,0.666012,16605,0.435592,0.055345,0,0,0,0.5400,罗湖区,23,23,0,0,0,0,1
2021-01-09,589179428,20190000000000000003,900200000000000044,1,124.625,370.240,46088.667,2021-01-09 03:15:00.000,L2FT01-FTJ003,22.12,0.000,0.666012,16605,0.435592,0.055345,0,0,0,0.5400,罗湖区,23,23,0,0,0,0,1
2021-01-09,589179428,20190000000000000003,900200000000000053,1,129.956,312.173,40566.000,2021-01-09 03:15:00.000,L2FT01-FTJ003,22.12,0.000,0.666012,16605,0.435592,0.055345,0,0,0,0.5400,罗湖区,23,23,0,0,0,0,1
2021-01-09,589179428,20190000000000000003,900200000000000036,1,130.026,315.287,40992.000,2021-01-09 03:30:00.000,L2FT01-FTJ003,22.12,0.000,0.666012,16605,0.435592,0.055345,0,0,0,0.5400,罗湖区,23,23,0,0,0,0,1
2021-01-09,589179428,20190000000000000003,900200000000000044,1,71.150,383.033,27222.667,2021-01-09 03:30:00.000,L2FT01-FTJ003,22.12,0.000,0.666012,16605,0.435592,0.055345,0,0,0,0.5400,罗湖区,23,23,0,0,0,0,1
2021-01-09,589179428,20190000000000000003,900200000000000053,1,130.000,313.008,40686.667,2021-01-09 03:30:00.000,L2FT01-FTJ003,22.12,0.000,0.666012,16605,0.435592,0.055345,0,0,0,0.5400,罗湖区,23,23,0,0,0,0,1
2021-01-09,589179428,20190000000000000003,900200000000000052,1,129.820,313.700,40721.111,2021-01-09 03:45:00.000,L2FT01-FTJ003,22.12,0.000,0.666012,16605,0.435592,0.055345,0,0,0,0.5400,罗湖区,23,23,0,0,0,0,1
2021-01-09,589179428,20190000000000000003,900200000000000044,1,26.013,386.300,10044.000,2021-01-09 03:45:00.000,L2FT01-FTJ003,22.12,0.000,0.666012,16605,0.435592,0.055345,0,0,0,0.5400,罗湖区,23,23,0,0,0,0,1
2021-01-09,589179428,20190000000000000003,900200000000000036,1,121.957,318.633,38832.667,2021-01-09 03:45:00.000,L2FT01-FTJ003,22.12,0.000,0.666012,16605,0.435592,0.055345,0,0,0,0.5400,罗湖区,23,23,0,0,0,0,1
2021-01-09,589179428,20190000000000000003,900200000000000036,1,40.699,328.827,13344.545,2021-01-09 04:00:00.000,L2FT01-FTJ003,22.60,0.000,0.666012,16605,0.435592,0.055345,0,0,0,0.5400,罗湖区,23,23,0,0,0,0,1
2021-01-09,589179428,20190000000000000003,900200000000000044,1,26.000,388.960,10106.000,2021-01-09 04:00:00.000,L2FT01-FTJ003,22.60,0.000,0.666012,16605,0.435592,0.055345,0,0,0,0.5400,罗湖区,23,23,0,0,0,0,1
2021-01-09,589179428,20190000000000000003,900200000000000052,1,129.800,314.493,40815.333,2021-01-09 04:00:00.000,L2FT01-FTJ003,22.60,0.000,0.666012,16605,0.435592,0.055345,0,0,0,0.5400,罗湖区,23,23,0,0,0,0,1
2021-01-09,589179428,20190000000000000003,900200000000000052,1,129.806,315.433,40940.000,2021-01-09 04:15:00.000,L2FT01-FTJ003,22.60,0.000,0.666012,16605,0.435592,0.055345,0,0,0,0.5400,罗湖区,23,23,0,0,0,0,1
2021-01-09,589179428,20190000000000000003,900200000000000052,1,112.444,320.187,35873.333,2021-01-09 04:30:00.000,L2FT01-FTJ003,22.60,0.000,0.666012,16605,0.435592,0.055345,0,0,0,0.5400,罗湖区,23,23,0,0,0,0,1
2021-01-09,589179428,20190000000000000003,900200000000000034,1,77.873,360.717,28088.333,2021-01-09 07:45:00.000,L2FT01-FTJ003,22.90,0.000,0.666012,16605,0.435592,0.055345,0,0,0,0.5400,罗湖区,23,23,0,0,0,0,1
2021-01-09,589179428,20190000000000000003,900200000000000035,1,69.810,421.110,29397.000,2021-01-09 07:45:00.000,L2FT01-FTJ003,22.90,0.000,0.666012,16605,0.435592,0.055345,0,0,0,0.5400,罗湖区,23,23,0,0,0,0,1
2021-01-09,589179428,20190000000000000003,900200000000000034,1,77.935,369.513,28795.333,2021-01-09 08:00:00.000,L2FT01-FTJ003,22.60,0.000,0.666012,16605,0.435592,0.055345,0,0,0,0.5400,罗湖区,23,23,0,0,0,0,1
2021-01-09,589179428,20190000000000000003,900200000000000035,1,62.224,433.160,26929.333,2021-01-09 08:00:00.000,L2FT01-FTJ003,22.60,0.000,0.666012,16605,0.435592,0.055345,0,0,0,0.5400,罗湖区,23,23,0,0,0,0,1
2021-01-09,589179428,20190000000000000003,900200000000000034,1,76.404,380.913,29095.333,2021-01-09 08:15:00.000,L2FT01-FTJ003,22.60,0.000,0.666012,16605,0.435592,0.055345,0,0,0,0.5400,罗湖区,23,23,0,0,0,0,1
2021-01-09,589179428,20190000000000000003,900200000000000035,1,34.843,440.800,15358.667,2021-01-09 08:15:00.000,L2FT01-FTJ003,22.60,0.000,0.666012,16605,0.435592,0.055345,0,0,0,0.5400,罗湖区,23,23,0,0,0,0,1
2021-01-09,589179428,20190000000000000003,900200000000000034,1,40.331,385.173,15553.333,2021-01-09 08:30:00.000,L2FT01-FTJ003,22.60,0.000,0.666012,16605,0.435592,0.055345,0,0,0,0.5400,罗湖区,23,23,0,0,0,0,1
2021-01-09,589179428,20190000000000000003,900200000000000035,1,34.790,446.333,15530.000,2021-01-09 08:30:00.000,L2FT01-FTJ003,22.60,0.000,0.666012,16605,0.435592,0.055345,0,0,0,0.5400,罗湖区,23,23,0,0,0,0,1
2021-01-09,589179428,20190000000000000003,900200000000000034,1,10.045,382.550,3840.000,2021-01-09 08:45:00.000,L2FT01-FTJ003,22.60,0.000,0.666012,16605,0.435592,0.055345,0,0,0,0.5400,罗湖区,23,23,0,0,0,0,1
2021-01-09,589179428,20190000000000000003,900200000000000048,1,129.798,314.683,40840.833,2021-01-09 10:15:00.000,L2FT01-FTJ003,21.50,0.000,0.666012,16605,0.435592,0.055345,0,0,0,0.5400,罗湖区,23,23,0,0,0,0,1
2021-01-09,589179428,20190000000000000003,900200000000000048,1,119.119,317.727,37762.667,2021-01-09 10:30:00.000,L2FT01-FTJ003,21.50,0.000,0.666012,16605,0.435592,0.055345,0,0,0,0.5400,罗湖区,23,23,0,0,0,0,1
2021-01-09,589179428,20190000000000000003,900200000000000048,1,14.945,290.200,4910.000,2021-01-09 10:45:00.000,L2FT01-FTJ003,21.50,0.000,0.666012,16605,0.435592,0.055345,0,0,0,0.5400,罗湖区,23,23,0,0,0,0,1
2021-01-09,589179428,20190000000000000003,900200000000000031,1,68.566,352.300,24152.857,2021-01-09 14:00:00.000,L2FT01-FTJ003,18.50,0.000,0.666012,16605,0.435592,0.055345,0,0,0,0.5400,罗湖区,23,23,0,0,0,0,1
2021-01-09,589179428,20190000000000000003,900200000000000031,1,71.197,355.387,25301.333,2021-01-09 14:15:00.000,L2FT01-FTJ003,18.50,0.000,0.666012,16605,0.435592,0.055345,0,0,0,0.5400,罗湖区,23,23,0,0,0,0,1
2021-01-09,589179428,20190000000000000003,900200000000000049,1,129.880,311.643,40472.857,2021-01-09 14:15:00.000,L2FT01-FTJ003,18.50,0.000,0.666012,16605,0.435592,0.055345,0,0,0,0.5400,罗湖区,23,23,0,0,0,0,1
2021-01-09,589179428,20190000000000000003,900200000000000031,1,64.670,355.767,23007.333,2021-01-09 14:30:00.000,L2FT01-FTJ003,18.50,0.000,0.666012,16605,0.435592,0.055345,0,0,0,0.5400,罗湖区,23,23,0,0,0,0,1
2021-01-09,589179428,20190000000000000003,900200000000000034,1,71.690,413.200,29620.000,2021-01-09 14:30:00.000,L2FT01-FTJ003,18.50,0.000,0.666012,16605,0.435592,0.055345,0,0,0,0.5400,罗湖区,23,23,0,0,0,0,1
2021-01-09,589179428,20190000000000000003,900200000000000049,1,130.005,312.353,40601.333,2021-01-09 14:30:00.000,L2FT01-FTJ003,18.50,0.000,0.666012,16605,0.435592,0.055345,0,0,0,0.5400,罗湖区,23,23,0,0,0,0,1
2021-01-09,589179428,20190000000000000003,900200000000000031,1,42.304,355.853,15063.333,2021-01-09 14:45:00.000,L2FT01-FTJ003,18.50,0.000,0.666012,16605,0.435592,0.055345,0,0,0,0.5400,罗湖区,23,23,0,0,0,0,1
2021-01-09,589179428,20190000000000000003,900200000000000034,1,94.081,424.553,39980.000,2021-01-09 14:45:00.000,L2FT01-FTJ003,18.50,0.000,0.666012,16605,0.435592,0.055345,0,0,0,0.5400,罗湖区,23,23,0,0,0,0,1
2021-01-09,589179428,20190000000000000003,900200000000000049,1,130.090,313.367,40764.000,2021-01-09 14:45:00.000,L2FT01-FTJ003,18.50,0.000,0.666012,16605,0.435592,0.055345,0,0,0,0.5400,罗湖区,23,23,0,0,0,0,1
2021-01-09,589179428,20190000000000000003,900200000000000031,1,24.890,358.933,8930.000,2021-01-09 15:00:00.000,L2FT01-FTJ003,17.88,0.000,0.666012,16605,0.435592,0.055345,0,0,0,0.5400,罗湖区,23,23,0,0,0,0,1
2021-01-09,589179428,20190000000000000003,900200000000000034,1,119.483,448.160,53520.000,2021-01-09 15:00:00.000,L2FT01-FTJ003,17.88,0.000,0.666012,16605,0.435592,0.055345,0,0,0,0.5400,罗湖区,23,23,0,0,0,0,1
2021-01-09,589179428,20190000000000000003,900200000000000049,1,130.090,314.393,40898.000,2021-01-09 15:00:00.000,L2FT01-FTJ003,17.88,0.000,0.666012,16605,0.435592,0.055345,0,0,0,0.5400,罗湖区,23,23,0,0,0,0,1
2021-01-09,589179428,20190000000000000003,900200000000000034,1,51.884,460.933,23892.667,2021-01-09 15:15:00.000,L2FT01-FTJ003,17.88,0.000,0.666012,16605,0.435592,0.055345,0,0,0,0.5400,罗湖区,23,23,0,0,0,0,1
2021-01-09,589179428,20190000000000000003,900200000000000049,1,130.090,315.733,41072.000,2021-01-09 15:15:00.000,L2FT01-FTJ003,17.88,0.000,0.666012,16605,0.435592,0.055345,0,0,0,0.5400,罗湖区,23,23,0,0,0,0,1
2021-01-09,589179428,20190000000000000003,900200000000000032,1,68.895,455.350,32372.500,2021-01-09 15:30:00.000,L2FT01-FTJ003,17.88,0.000,0.666012,16605,0.435592,0.055345,0,0,0,0.5400,罗湖区,23,23,0,0,0,0,1
2021-01-09,589179428,20190000000000000003,900200000000000034,1,17.802,458.444,8245.556,2021-01-09 15:30:00.000,L2FT01-FTJ003,17.88,0.000,0.666012,16605,0.435592,0.055345,0,0,0,0.5400,罗湖区,23,23,0,0,0,0,1
2021-01-09,589179428,20190000000000000003,900200000000000049,1,107.179,315.157,34158.571,2021-01-09 15:30:00.000,L2FT01-FTJ003,17.88,0.000,0.666012,16605,0.435592,0.055345,0,0,0,0.5400,罗湖区,23,23,0,0,0,0,1
2021-01-09,589179428,20190000000000000003,900200000000000032,1,94.631,475.747,45019.333,2021-01-09 15:45:00.000,L2FT01-FTJ003,17.88,0.000,0.666012,16605,0.435592,0.055345,0,0,0,0.5400,罗湖区,23,23,0,0,0,0,1
2021-01-09,589179428,20190000000000000003,900200000000000030,1,230.954,364.286,84217.143,2021-01-09 16:00:00.000,L2FT01-FTJ003,17.40,0.000,0.666012,16605,0.435592,0.055345,0,0,0,0.5400,罗湖区,23,23,0,0,0,0,1
2021-01-09,589179428,20190000000000000003,900200000000000032,1,44.045,475.209,20935.455,2021-01-09 16:00:00.000,L2FT01-FTJ003,17.40,0.000,0.666012,16605,0.435592,0.055345,0,0,0,0.5400,罗湖区,23,23,0,0,0,0,1
2021-01-09,589179428,20190000000000000003,900200000000000030,1,202.213,377.153,76108.000,2021-01-09 16:15:00.000,L2FT01-FTJ003,17.40,0.000,0.666012,16605,0.435592,0.055345,0,0,0,0.5400,罗湖区,23,23,0,0,0,0,1
2021-01-09,589179428,20190000000000000003,900200000000000030,1,119.461,399.533,47582.000,2021-01-09 16:30:00.000,L2FT01-FTJ003,17.40,0.000,0.666012,16605,0.435592,0.055345,0,0,0,0.5400,罗湖区,23,23,0,0,0,0,1
2021-01-09,589179428,20190000000000000003,900200000000000030,1,31.045,404.838,12563.846,2021-01-09 16:45:00.000,L2FT01-FTJ003,17.40,0.000,0.666012,16605,0.435592,0.055345,0,0,0,0.5400,罗湖区,23,23,0,0,0,0,1
2021-01-09,589179428,20190000000000000003,900200000000000056,1,129.990,310.700,40385.000,2021-01-09 17:30:00.000,L2FT01-FTJ003,17.10,0.000,0.666012,16605,0.435592,0.055345,0,0,0,0.5400,罗湖区,23,23,0,0,0,0,1
2021-01-09,589179428,20190000000000000003,900200000000000056,1,129.928,312.633,40618.000,2021-01-09 17:45:00.000,L2FT01-FTJ003,17.10,0.000,0.666012,16605,0.435592,0.055345,0,0,0,0.5400,罗湖区,23,23,0,0,0,0,1
2021-01-09,589179428,20190000000000000003,900200000000000038,1,104.680,354.314,37101.429,2021-01-09 18:00:00.000,L2FT01-FTJ003,17.00,0.000,0.666012,16605,0.435592,0.055345,0,0,0,0.5400,罗湖区,23,23,0,0,0,0,1
2021-01-09,589179428,20190000000000000003,900200000000000056,1,130.000,315.000,40945.000,2021-01-09 18:00:00.000,L2FT01-FTJ003,17.00,0.000,0.666012,16605,0.435592,0.055345,0,0,0,0.5400,罗湖区,23,23,0,0,0,0,1
2021-01-09,589179428,20190000000000000003,900200000000000038,1,117.762,357.573,42104.667,2021-01-09 18:15:00.000,L2FT01-FTJ003,17.00,0.000,0.666012,16605,0.435592,0.055345,0,0,0,0.5400,罗湖区,23,23,0,0,0,0,1
2021-01-09,589179428,20190000000000000003,900200000000000038,1,76.781,355.920,27348.667,2021-01-09 18:30:00.000,L2FT01-FTJ003,17.00,0.000,0.666012,16605,0.435592,0.055345,0,0,0,0.5400,罗湖区,23,23,0,0,0,0,1
2021-01-09,589179428,20190000000000000003,900200000000000036,1,63.290,331.380,20970.000,2021-01-09 18:45:00.000,L2FT01-FTJ003,17.00,0.000,0.666012,16605,0.435592,0.055345,0,0,0,0.5400,罗湖区,23,23,0,0,0,0,1
2021-01-09,589179428,20190000000000000003,900200000000000038,1,52.145,355.225,18522.500,2021-01-09 18:45:00.000,L2FT01-FTJ003,17.00,0.000,0.666012,16605,0.435592,0.055345,0,0,0,0.5400,罗湖区,23,23,0,0,0,0,1
2021-01-09,589179428,20190000000000000003,900200000000000036,1,63.810,338.393,21591.333,2021-01-09 19:00:00.000,L2FT01-FTJ003,17.10,0.000,0.666012,16605,0.435592,0.055345,0,0,0,0.5400,罗湖区,23,23,0,0,0,0,1
2021-01-09,589179428,20190000000000000003,900200000000000036,1,53.150,347.260,18453.333,2021-01-09 19:15:00.000,L2FT01-FTJ003,17.10,0.000,0.666012,16605,0.435592,0.055345,0,0,0,0.5400,罗湖区,23,23,0,0,0,0,1
2021-01-09,589179428,20190000000000000003,900200000000000036,1,29.923,351.053,10500.667,2021-01-09 19:30:00.000,L2FT01-FTJ003,17.10,0.000,0.666012,16605,0.435592,0.055345,0,0,0,0.5400,罗湖区,23,23,0,0,0,0,1
2021-01-09,589179428,20190000000000000003,900200000000000036,1,12.683,352.060,4464.667,2021-01-09 19:45:00.000,L2FT01-FTJ003,17.10,0.000,0.666012,16605,0.435592,0.055345,0,0,0,0.5400,罗湖区,23,23,0,0,0,0,1
2021-01-09,589179428,20190000000000000003,900200000000000036,1,12.110,354.207,4286.667,2021-01-09 20:00:00.000,L2FT01-FTJ003,17.40,0.000,0.666012,16605,0.435592,0.055345,0,0,0,0.5400,罗湖区,23,23,0,0,0,0,1
2021-01-09,589179428,20190000000000000003,900200000000000036,1,9.852,355.363,3498.750,2021-01-09 20:15:00.000,L2FT01-FTJ003,17.40,0.000,0.666012,16605,0.435592,0.055345,0,0,0,0.5400,罗湖区,23,23,0,0,0,0,1
2021-01-09,589179428,20190000000000000003,900200000000000035,1,58.898,338.823,19753.846,2021-01-09 22:15:00.000,L2FT01-FTJ003,18.50,0.000,0.666012,16605,0.435592,0.055345,0,0,0,0.5400,罗湖区,23,23,0,0,0,0,1
2021-01-09,589179428,20190000000000000003,900200000000000039,1,115.854,364.260,42210.000,2021-01-09 22:15:00.000,L2FT01-FTJ003,18.50,0.000,0.666012,16605,0.435592,0.055345,0,0,0,0.5400,罗湖区,23,23,0,0,0,0,1
2021-01-09,589179428,20190000000000000003,900200000000000040,1,40.657,362.967,14814.444,2021-01-09 22:15:00.000,L2FT01-FTJ003,18.50,0.000,0.666012,16605,0.435592,0.055345,0,0,0,0.5400,罗湖区,23,23,0,0,0,0,1
2021-01-09,589179428,20190000000000000003,900200000000000035,1,63.863,343.387,21929.333,2021-01-09 22:30:00.000,L2FT01-FTJ003,18.50,0.000,0.666012,16605,0.435592,0.055345,0,0,0,0.5400,罗湖区,23,23,0,0,0,0,1
2021-01-09,589179428,20190000000000000003,900200000000000039,1,128.709,369.837,47618.750,2021-01-09 22:30:00.000,L2FT01-FTJ003,18.50,0.000,0.666012,16605,0.435592,0.055345,0,0,0,0.5400,罗湖区,23,23,0,0,0,0,1
2021-01-09,589179428,20190000000000000003,900200000000000040,1,43.963,369.960,16255.333,2021-01-09 22:30:00.000,L2FT01-FTJ003,18.50,0.000,0.666012,16605,0.435592,0.055345,0,0,0,0.5400,罗湖区,23,23,0,0,0,0,1
2021-01-09,589179428,20190000000000000003,900200000000000035,1,63.890,354.000,22616.667,2021-01-09 22:45:00.000,L2FT01-FTJ003,18.50,0.000,0.666012,16605,0.435592,0.055345,0,0,0,0.5400,罗湖区,23,23,0,0,0,0,1
2021-01-09,589179428,20190000000000000003,900200000000000040,1,36.797,375.493,13816.000,2021-01-09 22:45:00.000,L2FT01-FTJ003,18.50,0.000,0.666012,16605,0.435592,0.055345,0,0,0,0.5400,罗湖区,23,23,0,0,0,0,1
2021-01-09,589179428,20190000000000000003,900200000000000035,1,63.905,365.373,23346.667,2021-01-09 23:00:00.000,L2FT01-FTJ003,19.22,0.000,0.666012,16605,0.435592,0.055345,0,0,0,0.5400,罗湖区,23,23,0,0,0,0,1
2021-01-09,589179428,20190000000000000003,900200000000000040,1,45.881,382.209,17544.545,2021-01-09 23:00:00.000,L2FT01-FTJ003,19.22,0.000,0.666012,16605,0.435592,0.055345,0,0,0,0.5400,罗湖区,23,23,0,0,0,0,1
2021-01-09,589179428,20190000000000000003,900200000000000056,1,59.790,350.400,20950.000,2021-01-09 23:00:00.000,L2FT01-FTJ003,19.22,0.000,0.666012,16605,0.435592,0.055345,0,0,0,0.5400,罗湖区,23,23,0,0,0,0,1
2021-01-09,589179428,20190000000000000003,900200000000000035,1,38.232,372.407,14238.000,2021-01-09 23:15:00.000,L2FT01-FTJ003,19.22,0.000,0.666012,16605,0.435592,0.055345,0,0,0,0.5400,罗湖区,23,23,0,0,0,0,1
2021-01-09,589179428,20190000000000000003,900200000000000056,1,59.850,353.607,21160.667,2021-01-09 23:15:00.000,L2FT01-FTJ003,19.22,0.000,0.666012,16605,0.435592,0.055345,0,0,0,0.5400,罗湖区,23,23,0,0,0,0,1
2021-01-09,589179428,20190000000000000003,900200000000000056,1,59.890,354.293,21218.000,2021-01-09 23:30:00.000,L2FT01-FTJ003,19.22,0.000,0.666012,16605,0.435592,0.055345,0,0,0,0.5400,罗湖区,23,23,0,0,0,0,1
2021-01-09,589179428,20190000000000000003,900200000000000035,1,16.510,374.653,6187.333,2021-01-09 23:30:00.000,L2FT01-FTJ003,19.22,0.000,0.666012,16605,0.435592,0.055345,0,0,0,0.5400,罗湖区,23,23,0,0,0,0,1
2021-01-09,589179428,20190000000000000003,900200000000000035,1,11.377,376.253,4279.333,2021-01-09 23:45:00.000,L2FT01-FTJ003,19.22,0.000,0.666012,16605,0.435592,0.055345,0,0,0,0.5400,罗湖区,23,23,0,0,0,0,1
2021-01-09,589179428,20190000000000000003,900200000000000056,1,69.083,356.753,24648.000,2021-01-09 23:45:00.000,L2FT01-FTJ003,19.22,0.000,0.666012,16605,0.435592,0.055345,0,0,0,0.5400,罗湖区,23,23,0,0,0,0,1
2021-01-10,589179428,20190000000000000003,900200000000000035,1,9.840,377.250,3710.000,2021-01-10 00:00:00.000,L2FT01-FTJ003,20.00,0.000,0.666012,16605,0.435592,0.055345,0,0,0,0.5400,罗湖区,23,23,0,0,0,0,1
2021-01-10,589179428,20190000000000000003,900200000000000056,1,71.390,358.880,25618.000,2021-01-10 00:00:00.000,L2FT01-FTJ003,20.00,0.000,0.666012,16605,0.435592,0.055345,0,0,0,0.5400,罗湖区,23,23,0,0,0,0,1
2021-01-10,589179428,20190000000000000003,900200000000000056,1,56.297,364.460,20468.000,2021-01-10 00:15:00.000,L2FT01-FTJ003,20.00,0.000,0.666012,16605,0.435592,0.055345,0,0,0,0.5400,罗湖区,23,23,0,0,0,0,1
2021-01-10,589179428,20190000000000000003,900200000000000056,1,8.140,366.675,2985.000,2021-01-10 00:30:00.000,L2FT01-FTJ003,20.00,0.000,0.666012,16605,0.435592,0.055345,0,0,0,0.5400,罗湖区,23,23,0,0,0,0,1
2021-01-10,589179428,20190000000000000003,900200000000000048,1,86.563,301.667,26550.000,2021-01-10 03:00:00.000,L2FT01-FTJ003,22.12,0.000,0.666012,16605,0.435592,0.055345,0,0,0,0.5400,罗湖区,23,23,0,0,0,0,1
2021-01-10,589179428,20190000000000000003,900200000000000048,1,129.860,310.907,40372.000,2021-01-10 03:15:00.000,L2FT01-FTJ003,22.12,0.000,0.666012,16605,0.435592,0.055345,0,0,0,0.5400,罗湖区,23,23,0,0,0,0,1
2021-01-10,589179428,20190000000000000003,900200000000000048,1,129.866,312.033,40519.333,2021-01-10 03:30:00.000,L2FT01-FTJ003,22.12,0.000,0.666012,16605,0.435592,0.055345,0,0,0,0.5400,罗湖区,23,23,0,0,0,0,1
2021-01-10,589179428,20190000000000000003,900200000000000048,1,129.890,313.133,40670.667,2021-01-10 03:45:00.000,L2FT01-FTJ003,22.12,0.000,0.666012,16605,0.435592,0.055345,0,0,0,0.5400,罗湖区,23,23,0,0,0,0,1
2021-01-10,589179428,20190000000000000003,900200000000000034,1,124.231,313.191,38934.545,2021-01-10 04:00:00.000,L2FT01-FTJ003,22.60,0.000,0.666012,16605,0.435592,0.055345,0,0,0,0.5400,罗湖区,23,23,0,0,0,0,1
2021-01-10,589179428,20190000000000000003,900200000000000048,1,129.818,313.927,40749.333,2021-01-10 04:00:00.000,L2FT01-FTJ003,22.60,0.000,0.666012,16605,0.435592,0.055345,0,0,0,0.5400,罗湖区,23,23,0,0,0,0,1
2021-01-10,589179428,20190000000000000003,900200000000000034,1,95.494,321.143,30381.429,2021-01-10 04:15:00.000,L2FT01-FTJ003,22.60,0.000,0.666012,16605,0.435592,0.055345,0,0,0,0.5400,罗湖区,23,23,0,0,0,0,1
2021-01-10,589179428,20190000000000000003,900200000000000048,1,129.848,314.653,40853.333,2021-01-10 04:15:00.000,L2FT01-FTJ003,22.60,0.000,0.666012,16605,0.435592,0.055345,0,0,0,0.5400,罗湖区,23,23,0,0,0,0,1
2021-01-10,589179428,20190000000000000003,900200000000000048,1,125.830,316.733,39842.000,2021-01-10 04:30:00.000,L2FT01-FTJ003,22.60,0.000,0.666012,16605,0.435592,0.055345,0,0,0,0.5400,罗湖区,23,23,0,0,0,0,1
2021-01-10,589179428,20190000000000000003,900200000000000048,1,45.810,326.280,14868.000,2021-01-10 04:45:00.000,L2FT01-FTJ003,22.60,0.000,0.666012,16605,0.435592,0.055345,0,0,0,0.5400,罗湖区,23,23,0,0,0,0,1
2021-01-10,589179428,20190000000000000003,900200000000000058,1,82.640,371.300,30685.000,2021-01-10 09:00:00.000,L2FT01-FTJ003,22.12,0.000,0.666012,16605,0.435592,0.055345,0,0,0,0.5400,罗湖区,23,23,0,0,0,0,1
2021-01-10,589179428,20190000000000000003,900200000000000058,1,91.588,382.000,35034.667,2021-01-10 09:15:00.000,L2FT01-FTJ003,22.12,0.000,0.666012,16605,0.435592,0.055345,0,0,0,0.5400,罗湖区,23,23,0,0,0,0,1
2021-01-10,589179428,20190000000000000003,900200000000000058,1,66.646,396.773,26420.000,2021-01-10 09:30:00.000,L2FT01-FTJ003,22.12,0.000,0.666012,16605,0.435592,0.055345,0,0,0,0.5400,罗湖区,23,23,0,0,0,0,1
2021-01-10,589179428,20190000000000000003,900200000000000058,1,55.036,407.467,22422.000,2021-01-10 09:45:00.000,L2FT01-FTJ003,22.12,0.000,0.666012,16605,0.435592,0.055345,0,0,0,0.5400,罗湖区,23,23,0,0,0,0,1
2021-01-10,589179428,20190000000000000003,900200000000000058,1,13.390,410.379,5494.286,2021-01-10 10:00:00.000,L2FT01-FTJ003,21.50,0.000,0.666012,16605,0.435592,0.055345,0,0,0,0.5400,罗湖区,23,23,0,0,0,0,1
2021-01-10,589179428,20190000000000000003,900200000000000049,1,129.860,312.100,40526.667,2021-01-10 17:00:00.000,L2FT01-FTJ003,17.10,0.000,0.666012,16605,0.435592,0.055345,0,0,0,0.5400,罗湖区,23,23,0,0,0,0,1
2021-01-10,589179428,20190000000000000003,900200000000000049,1,129.861,312.493,40578.000,2021-01-10 17:15:00.000,L2FT01-FTJ003,17.10,0.000,0.666012,16605,0.435592,0.055345,0,0,0,0.5400,罗湖区,23,23,0,0,0,0,1
2021-01-10,589179428,20190000000000000003,900200000000000049,1,130.012,313.400,40741.333,2021-01-10 17:30:00.000,L2FT01-FTJ003,17.10,0.000,0.666012,16605,0.435592,0.055345,0,0,0,0.5400,罗湖区,23,23,0,0,0,0,1
2021-01-10,589179428,20190000000000000003,900200000000000049,1,130.000,314.593,40892.000,2021-01-10 17:45:00.000,L2FT01-FTJ003,17.10,0.000,0.666012,16605,0.435592,0.055345,0,0,0,0.5400,罗湖区,23,23,0,0,0,0,1
2021-01-10,589179428,20190000000000000003,900200000000000049,1,130.000,315.857,41057.143,2021-01-10 18:00:00.000,L2FT01-FTJ003,17.00,0.000,0.666012,16605,0.435592,0.055345,0,0,0,0.5400,罗湖区,23,23,0,0,0,0,1
2021-01-10,589179428,20190000000000000003,900200000000000045,1,99.800,444.600,44370.000,2021-01-10 18:15:00.000,L2FT01-FTJ003,17.00,0.000,0.666012,16605,0.435592,0.055345,0,0,0,0.5400,罗湖区,23,23,0,0,0,0,1
2021-01-10,589179428,20190000000000000003,900200000000000031,1,55.880,335.500,19283.750,2021-01-10 18:30:00.000,L2FT01-FTJ003,17.00,0.000,0.666012,16605,0.435592,0.055345,0,0,0,0.5400,罗湖区,23,23,0,0,0,0,1
2021-01-10,589179428,20190000000000000003,900200000000000032,1,81.470,382.890,31180.000,2021-01-10 18:30:00.000,L2FT01-FTJ003,17.00,0.000,0.666012,16605,0.435592,0.055345,0,0,0,0.5400,罗湖区,23,23,0,0,0,0,1
2021-01-10,589179428,20190000000000000003,900200000000000045,1,99.811,455.160,45424.000,2021-01-10 18:30:00.000,L2FT01-FTJ003,17.00,0.000,0.666012,16605,0.435592,0.055345,0,0,0,0.5400,罗湖区,23,23,0,0,0,0,1
2021-01-10,589179428,20190000000000000003,900200000000000032,1,47.803,390.247,18654.000,2021-01-10 18:45:00.000,L2FT01-FTJ003,17.00,0.000,0.666012,16605,0.435592,0.055345,0,0,0,0.5400,罗湖区,23,23,0,0,0,0,1
2021-01-10,589179428,20190000000000000003,900200000000000045,1,99.866,473.413,47278.000,2021-01-10 18:45:00.000,L2FT01-FTJ003,17.00,0.000,0.666012,16605,0.435592,0.055345,0,0,0,0.5400,罗湖区,23,23,0,0,0,0,1
2021-01-10,589179428,20190000000000000003,900200000000000031,1,48.903,352.080,17211.333,2021-01-10 18:45:00.000,L2FT01-FTJ003,17.00,0.000,0.666012,16605,0.435592,0.055345,0,0,0,0.5400,罗湖区,23,23,0,0,0,0,1
2021-01-10,589179428,20190000000000000003,900200000000000031,1,21.633,354.727,7674.000,2021-01-10 19:00:00.000,L2FT01-FTJ003,17.10,0.000,0.666012,16605,0.435592,0.055345,0,0,0,0.5400,罗湖区,23,23,0,0,0,0,1
2021-01-10,589179428,20190000000000000003,900200000000000032,1,20.979,395.893,8306.667,2021-01-10 19:00:00.000,L2FT01-FTJ003,17.10,0.000,0.666012,16605,0.435592,0.055345,0,0,0,0.5400,罗湖区,23,23,0,0,0,0,1
2021-01-10,589179428,20190000000000000003,900200000000000045,1,84.164,491.771,41367.143,2021-01-10 19:00:00.000,L2FT01-FTJ003,17.10,0.000,0.666012,16605,0.435592,0.055345,0,0,0,0.5400,罗湖区,23,23,0,0,0,0,1
2021-01-10,589179428,20190000000000000003,900200000000000031,1,12.070,355.947,4294.667,2021-01-10 19:15:00.000,L2FT01-FTJ003,17.10,0.000,0.666012,16605,0.435592,0.055345,0,0,0,0.5400,罗湖区,23,23,0,0,0,0,1
2021-01-10,589179428,20190000000000000003,900200000000000032,1,15.272,379.580,6098.000,2021-01-10 19:15:00.000,L2FT01-FTJ003,17.10,0.000,0.666012,16605,0.435592,0.055345,0,0,0,0.5400,罗湖区,23,23,0,0,0,0,1
2021-01-10,589179428,20190000000000000003,900200000000000031,1,9.890,357.129,3530.000,2021-01-10 19:30:00.000,L2FT01-FTJ003,17.10,0.000,0.666012,16605,0.435592,0.055345,0,0,0,0.5400,罗湖区,23,23,0,0,0,0,1
2021-01-11,589179428,20190000000000000003,900200000000000034,1,114.355,310.092,35560.000,2021-01-11 00:30:00.000,L2FT01-FTJ003,20.00,0.000,0.666012,16605,0.435592,0.055345,0,0,1,0.5400,罗湖区,23,23,0,0,0,0,1
2021-01-11,589179428,20190000000000000003,900200000000000034,1,129.854,312.280,40548.000,2021-01-11 00:45:00.000,L2FT01-FTJ003,20.00,0.000,0.666012,16605,0.435592,0.055345,0,0,1,0.5400,罗湖区,23,23,0,0,0,0,1
2021-01-11,589179428,20190000000000000003,900200000000000034,1,129.890,313.747,40750.000,2021-01-11 01:00:00.000,L2FT01-FTJ003,20.78,0.000,0.666012,16605,0.435592,0.055345,0,0,1,0.5400,罗湖区,23,23,0,0,0,0,1
2021-01-11,589179428,20190000000000000003,900200000000000034,1,129.866,314.567,40848.000,2021-01-11 01:15:00.000,L2FT01-FTJ003,20.78,0.000,0.666012,16605,0.435592,0.055345,0,0,1,0.5400,罗湖区,23,23,0,0,0,0,1
2021-01-11,589179428,20190000000000000003,900200000000000034,1,113.798,317.793,36114.000,2021-01-11 01:30:00.000,L2FT01-FTJ003,20.78,0.000,0.666012,16605,0.435592,0.055345,0,0,1,0.5400,罗湖区,23,23,0,0,0,0,1
2021-01-11,589179428,20190000000000000003,900200000000000032,1,149.840,309.475,46367.500,2021-01-11 03:00:00.000,L2FT01-FTJ003,22.12,0.000,0.666012,16605,0.435592,0.055345,0,0,1,0.5400,罗湖区,23,23,0,0,0,0,1
2021-01-11,589179428,20190000000000000003,900200000000000032,1,149.790,311.547,46663.333,2021-01-11 03:15:00.000,L2FT01-FTJ003,22.12,0.000,0.666012,16605,0.435592,0.055345,0,0,1,0.5400,罗湖区,23,23,0,0,0,0,1
2021-01-11,589179428,20190000000000000003,900200000000000048,1,149.854,310.163,46475.000,2021-01-11 03:15:00.000,L2FT01-FTJ003,22.12,0.000,0.666012,16605,0.435592,0.055345,0,0,1,0.5400,罗湖区,23,23,0,0,0,0,1
2021-01-11,589179428,20190000000000000003,900200000000000032,1,149.831,312.447,46812.000,2021-01-11 03:30:00.000,L2FT01-FTJ003,22.12,0.000,0.666012,16605,0.435592,0.055345,0,0,1,0.5400,罗湖区,23,23,0,0,0,0,1
2021-01-11,589179428,20190000000000000003,900200000000000048,1,149.837,311.533,46676.000,2021-01-11 03:30:00.000,L2FT01-FTJ003,22.12,0.000,0.666012,16605,0.435592,0.055345,0,0,1,0.5400,罗湖区,23,23,0,0,0,0,1
2021-01-11,589179428,20190000000000000003,900200000000000048,1,149.823,312.933,46882.667,2021-01-11 03:45:00.000,L2FT01-FTJ003,22.12,0.000,0.666012,16605,0.435592,0.055345,0,0,1,0.5400,罗湖区,23,23,0,0,0,0,1
2021-01-11,589179428,20190000000000000003,900200000000000032,1,150.033,313.760,47071.333,2021-01-11 03:45:00.000,L2FT01-FTJ003,22.12,0.000,0.666012,16605,0.435592,0.055345,0,0,1,0.5400,罗湖区,23,23,0,0,0,0,1
2021-01-11,589179428,20190000000000000003,900200000000000032,1,150.027,314.533,47184.000,2021-01-11 04:00:00.000,L2FT01-FTJ003,22.60,0.000,0.666012,16605,0.435592,0.055345,0,0,1,0.5400,罗湖区,23,23,0,0,0,0,1
2021-01-11,589179428,20190000000000000003,900200000000000048,1,149.857,313.967,47048.000,2021-01-11 04:00:00.000,L2FT01-FTJ003,22.60,0.000,0.666012,16605,0.435592,0.055345,0,0,1,0.5400,罗湖区,23,23,0,0,0,0,1
2021-01-11,589179428,20190000000000000003,900200000000000032,1,150.000,316.353,47450.667,2021-01-11 04:15:00.000,L2FT01-FTJ003,22.60,0.000,0.666012,16605,0.435592,0.055345,0,0,1,0.5400,罗湖区,23,23,0,0,0,0,1
2021-01-11,589179428,20190000000000000003,900200000000000048,1,149.890,315.013,47214.000,2021-01-11 04:15:00.000,L2FT01-FTJ003,22.60,0.000,0.666012,16605,0.435592,0.055345,0,0,1,0.5400,罗湖区,23,23,0,0,0,0,1
2021-01-11,589179428,20190000000000000003,900200000000000032,1,91.684,319.855,29255.455,2021-01-11 04:30:00.000,L2FT01-FTJ003,22.60,0.000,0.666012,16605,0.435592,0.055345,0,0,1,0.5400,罗湖区,23,23,0,0,0,0,1
2021-01-11,589179428,20190000000000000003,900200000000000048,1,144.543,318.073,45956.000,2021-01-11 04:30:00.000,L2FT01-FTJ003,22.60,0.000,0.666012,16605,0.435592,0.055345,0,0,1,0.5400,罗湖区,23,23,0,0,0,0,1
2021-01-11,589179428,20190000000000000003,900200000000000048,1,43.190,328.433,14140.000,2021-01-11 04:45:00.000,L2FT01-FTJ003,22.60,0.000,0.666012,16605,0.435592,0.055345,0,0,1,0.5400,罗湖区,23,23,0,0,0,0,1
2021-01-11,589179428,20190000000000000003,900200000000000045,1,59.828,353.854,21170.769,2021-01-11 07:30:00.000,L2FT01-FTJ003,22.90,0.000,0.666012,16605,0.435592,0.055345,0,0,1,0.5400,罗湖区,23,23,0,0,0,0,1
2021-01-11,589179428,20190000000000000003,900200000000000045,1,59.840,356.450,21325.000,2021-01-11 07:45:00.000,L2FT01-FTJ003,22.90,0.000,0.666012,16605,0.435592,0.055345,0,0,1,0.5400,罗湖区,23,23,0,0,0,0,1
2021-01-11,589179428,20190000000000000003,900200000000000045,1,59.790,357.587,21378.750,2021-01-11 11:15:00.000,L2FT01-FTJ003,20.78,0.000,0.666012,16605,0.435592,0.055345,0,0,1,0.5400,罗湖区,23,23,0,0,0,0,1
2021-01-11,589179428,20190000000000000003,900200000000000045,1,59.777,361.325,21596.250,2021-01-11 11:30:00.000,L2FT01-FTJ003,20.78,0.000,0.666012,16605,0.435592,0.055345,0,0,1,0.5400,罗湖区,23,23,0,0,0,0,1
2021-01-11,589179428,20190000000000000003,900200000000000038,1,48.491,354.120,17418.667,2021-01-11 13:00:00.000,L2FT01-FTJ003,19.22,0.000,0.666012,16605,0.435592,0.055345,0,0,1,0.5400,罗湖区,23,23,0,0,0,0,1
2021-01-11,589179428,20190000000000000003,900200000000000038,1,59.983,365.507,21918.000,2021-01-11 13:15:00.000,L2FT01-FTJ003,19.22,0.000,0.666012,16605,0.435592,0.055345,0,0,1,0.5400,罗湖区,23,23,0,0,0,0,1
2021-01-11,589179428,20190000000000000003,900200000000000038,1,42.170,370.147,15604.000,2021-01-11 13:30:00.000,L2FT01-FTJ003,19.22,0.000,0.666012,16605,0.435592,0.055345,0,0,1,0.5400,罗湖区,23,23,0,0,0,0,1
2021-01-11,589179428,20190000000000000003,900200000000000038,1,34.690,374.420,12988.667,2021-01-11 13:45:00.000,L2FT01-FTJ003,19.22,0.000,0.666012,16605,0.435592,0.055345,0,0,1,0.5400,罗湖区,23,23,0,0,0,0,1
2021-01-11,589179428,20190000000000000003,900200000000000038,1,31.502,374.755,11909.091,2021-01-11 14:00:00.000,L2FT01-FTJ003,18.50,0.000,0.666012,16605,0.435592,0.055345,0,0,1,0.5400,罗湖区,23,23,0,0,0,0,1
2021-01-11,589179428,20190000000000000003,900200000000000058,1,129.800,314.400,40800.000,2021-01-11 16:30:00.000,L2FT01-FTJ003,17.40,0.000,0.666012,16605,0.435592,0.055345,0,0,1,0.5400,罗湖区,23,23,0,0,0,0,1
2021-01-11,589179428,20190000000000000003,900200000000000030,1,133.260,309.033,42260.000,2021-01-11 16:45:00.000,L2FT01-FTJ003,17.40,0.000,0.666012,16605,0.435592,0.055345,0,0,1,0.5400,罗湖区,23,23,0,0,0,0,1
2021-01-11,589179428,20190000000000000003,900200000000000058,1,129.818,315.967,41014.000,2021-01-11 16:45:00.000,L2FT01-FTJ003,17.40,0.000,0.666012,16605,0.435592,0.055345,0,0,1,0.5400,罗湖区,23,23,0,0,0,0,1
2021-01-11,589179428,20190000000000000003,900200000000000030,1,168.507,320.980,53786.667,2021-01-11 17:00:00.000,L2FT01-FTJ003,17.10,0.000,0.666012,16605,0.435592,0.055345,0,0,1,0.5400,罗湖区,23,23,0,0,0,0,1
2021-01-11,589179428,20190000000000000003,900200000000000058,1,122.912,319.738,39245.385,2021-01-11 17:00:00.000,L2FT01-FTJ003,17.10,0.000,0.666012,16605,0.435592,0.055345,0,0,1,0.5400,罗湖区,23,23,0,0,0,0,1
2021-01-11,589179428,20190000000000000003,900200000000000031,1,122.691,314.300,38613.571,2021-01-11 18:00:00.000,L2FT01-FTJ003,17.00,0.000,0.666012,16605,0.435592,0.055345,0,0,1,0.5400,罗湖区,23,23,0,0,0,0,1
2021-01-11,589179428,20190000000000000003,900200000000000031,1,129.913,315.213,40948.667,2021-01-11 18:15:00.000,L2FT01-FTJ003,17.00,0.000,0.666012,16605,0.435592,0.055345,0,0,1,0.5400,罗湖区,23,23,0,0,0,0,1
2021-01-11,589179428,20190000000000000003,900200000000000031,1,106.313,321.009,33940.909,2021-01-11 18:30:00.000,L2FT01-FTJ003,17.00,0.000,0.666012,16605,0.435592,0.055345,0,0,1,0.5400,罗湖区,23,23,0,0,0,0,1
2021-01-11,589179428,20190000000000000003,900200000000000037,1,122.302,311.708,38182.500,2021-01-11 19:00:00.000,L2FT01-FTJ003,17.10,0.000,0.666012,16605,0.435592,0.055345,0,0,1,0.5400,罗湖区,23,23,0,0,0,0,1
2021-01-11,589179428,20190000000000000003,900200000000000057,1,118.008,312.636,36939.091,2021-01-11 19:00:00.000,L2FT01-FTJ003,17.10,0.000,0.666012,16605,0.435592,0.055345,0,0,1,0.5400,罗湖区,23,23,0,0,0,0,1
2021-01-11,589179428,20190000000000000003,900200000000000037,1,129.890,314.677,40871.538,2021-01-11 19:15:00.000,L2FT01-FTJ003,17.10,0.000,0.666012,16605,0.435592,0.055345,0,0,1,0.5400,罗湖区,23,23,0,0,0,0,1
2021-01-11,589179428,20190000000000000003,900200000000000057,1,118.008,311.136,37104.545,2021-01-11 19:15:00.000,L2FT01-FTJ003,17.10,0.000,0.666012,16605,0.435592,0.055345,0,0,1,0.5400,罗湖区,23,23,0,0,0,0,1
2021-01-11,589179428,20190000000000000003,900200000000000053,0,0.000,357.700,0.000,2021-01-11 20:30:00.000,L2FT01-FTJ003,17.40,0.000,0.666012,16605,0.435592,0.055345,0,0,1,0.5400,罗湖区,23,23,0,0,0,0,1
2021-01-11,589179428,20190000000000000003,900200000000000048,1,148.490,312.520,46408.000,2021-01-11 23:00:00.000,L2FT01-FTJ003,19.22,0.000,0.666012,16605,0.435592,0.055345,0,0,1,0.5400,罗湖区,23,23,0,0,0,0,1
2021-01-11,589179428,20190000000000000003,900200000000000048,1,149.885,313.087,46925.333,2021-01-11 23:15:00.000,L2FT01-FTJ003,19.22,0.000,0.666012,16605,0.435592,0.055345,0,0,1,0.5400,罗湖区,23,23,0,0,0,0,1
2021-01-11,589179428,20190000000000000003,900200000000000048,1,150.000,314.307,47143.333,2021-01-11 23:30:00.000,L2FT01-FTJ003,19.22,0.000,0.666012,16605,0.435592,0.055345,0,0,1,0.5400,罗湖区,23,23,0,0,0,0,1
2021-01-11,589179428,20190000000000000003,900200000000000048,1,149.978,315.127,47258.667,2021-01-11 23:45:00.000,L2FT01-FTJ003,19.22,0.000,0.666012,16605,0.435592,0.055345,0,0,1,0.5400,罗湖区,23,23,0,0,0,0,1
2021-01-12,589179428,20190000000000000003,900200000000000048,1,150.007,316.967,47545.333,2021-01-12 00:00:00.000,L2FT01-FTJ003,20.00,0.000,0.666012,16605,0.435592,0.055345,0,0,1,0.5400,罗湖区,23,23,0,0,0,0,1
2021-01-12,589179428,20190000000000000003,900200000000000048,1,73.010,322.018,23404.545,2021-01-12 00:15:00.000,L2FT01-FTJ003,20.00,0.000,0.666012,16605,0.435592,0.055345,0,0,1,0.5400,罗湖区,23,23,0,0,0,0,1
2021-01-12,589179428,20190000000000000003,900200000000000048,1,149.848,312.492,46822.500,2021-01-12 04:00:00.000,L2FT01-FTJ003,22.60,0.000,0.666012,16605,0.435592,0.055345,0,0,1,0.5400,罗湖区,23,23,0,0,0,0,1
2021-01-12,589179428,20190000000000000003,900200000000000048,1,149.857,313.220,46936.000,2021-01-12 04:15:00.000,L2FT01-FTJ003,22.60,0.000,0.666012,16605,0.435592,0.055345,0,0,1,0.5400,罗湖区,23,23,0,0,0,0,1
2021-01-12,589179428,20190000000000000003,900200000000000048,1,149.863,314.473,47126.000,2021-01-12 04:30:00.000,L2FT01-FTJ003,22.60,0.000,0.666012,16605,0.435592,0.055345,0,0,1,0.5400,罗湖区,23,23,0,0,0,0,1
2021-01-12,589179428,20190000000000000003,900200000000000048,1,149.803,315.547,47268.667,2021-01-12 04:45:00.000,L2FT01-FTJ003,22.60,0.000,0.666012,16605,0.435592,0.055345,0,0,1,0.5400,罗湖区,23,23,0,0,0,0,1
2021-01-12,589179428,20190000000000000003,900200000000000042,1,107.343,317.112,33976.250,2021-01-12 05:00:00.000,L2FT01-FTJ003,22.90,0.000,0.666012,16605,0.435592,0.055345,0,0,1,0.5400,罗湖区,23,23,0,0,0,0,1
2021-01-12,589179428,20190000000000000003,900200000000000048,1,127.137,317.533,40389.333,2021-01-12 05:00:00.000,L2FT01-FTJ003,22.90,0.000,0.666012,16605,0.435592,0.055345,0,0,1,0.5400,罗湖区,23,23,0,0,0,0,1
2021-01-12,589179428,20190000000000000003,900200000000000042,1,29.790,316.800,9440.000,2021-01-12 05:15:00.000,L2FT01-FTJ003,22.90,0.000,0.666012,16605,0.435592,0.055345,0,0,1,0.5400,罗湖区,23,23,0,0,0,0,1
2021-01-12,589179428,20190000000000000003,900200000000000048,1,44.790,323.950,14455.000,2021-01-12 05:15:00.000,L2FT01-FTJ003,22.90,0.000,0.666012,16605,0.435592,0.055345,0,0,1,0.5400,罗湖区,23,23,0,0,0,0,1
2021-01-12,589179428,20190000000000000003,900200000000000037,1,129.815,314.800,40861.667,2021-01-12 07:00:00.000,L2FT01-FTJ003,22.90,0.000,0.666012,16605,0.435592,0.055345,0,0,1,0.5400,罗湖区,23,23,0,0,0,0,1
2021-01-12,589179428,20190000000000000003,900200000000000037,1,129.824,317.033,41154.667,2021-01-12 07:15:00.000,L2FT01-FTJ003,22.90,0.000,0.666012,16605,0.435592,0.055345,0,0,1,0.5400,罗湖区,23,23,0,0,0,0,1
2021-01-12,589179428,20190000000000000003,900200000000000037,1,129.890,319.700,41520.000,2021-01-12 07:30:00.000,L2FT01-FTJ003,22.90,0.000,0.666012,16605,0.435592,0.055345,0,0,1,0.5400,罗湖区,23,23,0,0,0,0,1
2021-01-12,589179428,20190000000000000003,900200000000000038,1,73.692,384.233,28449.167,2021-01-12 12:15:00.000,L2FT01-FTJ003,20.00,0.000,0.666012,16605,0.435592,0.055345,0,0,1,0.5400,罗湖区,23,23,0,0,0,0,1
2021-01-12,589179428,20190000000000000003,900200000000000043,1,104.594,370.378,38202.222,2021-01-12 12:15:00.000,L2FT01-FTJ003,20.00,0.000,0.666012,16605,0.435592,0.055345,0,0,1,0.5400,罗湖区,23,23,0,0,0,0,1
2021-01-12,589179428,20190000000000000003,900200000000000043,1,95.151,378.100,35957.333,2021-01-12 12:30:00.000,L2FT01-FTJ003,20.00,0.000,0.666012,16605,0.435592,0.055345,0,0,1,0.5400,罗湖区,23,23,0,0,0,0,1
2021-01-12,589179428,20190000000000000003,900200000000000043,1,66.630,395.347,26307.333,2021-01-12 12:45:00.000,L2FT01-FTJ003,20.00,0.000,0.666012,16605,0.435592,0.055345,0,0,1,0.5400,罗湖区,23,23,0,0,0,0,1
2021-01-12,589179428,20190000000000000003,900200000000000043,1,32.253,403.693,13010.667,2021-01-12 13:00:00.000,L2FT01-FTJ003,19.22,0.000,0.666012,16605,0.435592,0.055345,0,0,1,0.5400,罗湖区,23,23,0,0,0,0,1
2021-01-12,589179428,20190000000000000003,900200000000000043,1,18.166,406.375,7381.250,2021-01-12 13:15:00.000,L2FT01-FTJ003,19.22,0.000,0.666012,16605,0.435592,0.055345,0,0,1,0.5400,罗湖区,23,23,0,0,0,0,1
2021-01-12,589179428,20190000000000000003,900200000000000058,1,137.259,369.162,50656.923,2021-01-12 13:30:00.000,L2FT01-FTJ003,19.22,0.000,0.666012,16605,0.435592,0.055345,0,0,1,0.5400,罗湖区,23,23,0,0,0,0,1
2021-01-12,589179428,20190000000000000003,900200000000000058,1,124.442,380.607,47336.667,2021-01-12 13:45:00.000,L2FT01-FTJ003,19.22,0.000,0.666012,16605,0.435592,0.055345,0,0,1,0.5400,罗湖区,23,23,0,0,0,0,1
2021-01-12,589179428,20190000000000000003,900200000000000058,1,87.158,396.680,34516.667,2021-01-12 14:00:00.000,L2FT01-FTJ003,18.50,0.000,0.666012,16605,0.435592,0.055345,0,0,1,0.5400,罗湖区,23,23,0,0,0,0,1
2021-01-12,589179428,20190000000000000003,900200000000000058,1,49.790,405.720,20197.333,2021-01-12 14:15:00.000,L2FT01-FTJ003,18.50,0.000,0.666012,16605,0.435592,0.055345,0,0,1,0.5400,罗湖区,23,23,0,0,0,0,1
2021-01-12,589179428,20190000000000000003,900200000000000058,1,28.916,413.173,11946.000,2021-01-12 14:30:00.000,L2FT01-FTJ003,18.50,0.000,0.666012,16605,0.435592,0.055345,0,0,1,0.5400,罗湖区,23,23,0,0,0,0,1
2021-01-12,589179428,20190000000000000003,900200000000000058,1,15.000,414.100,6210.000,2021-01-12 14:45:00.000,L2FT01-FTJ003,18.50,0.000,0.666012,16605,0.435592,0.055345,0,0,1,0.5400,罗湖区,23,23,0,0,0,0,1
2021-01-12,589179428,20190000000000000003,900200000000000056,1,109.019,345.245,39016.364,2021-01-12 15:45:00.000,L2FT01-FTJ003,17.88,0.000,0.666012,16605,0.435592,0.055345,0,0,1,0.5400,罗湖区,23,23,0,0,0,0,1
2021-01-12,589179428,20190000000000000003,900200000000000040,1,118.997,316.742,37543.333,2021-01-12 15:45:00.000,L2FT01-FTJ003,17.88,0.000,0.666012,16605,0.435592,0.055345,0,0,1,0.5400,罗湖区,23,23,0,0,0,0,1
2021-01-12,589179428,20190000000000000003,900200000000000040,1,104.916,320.925,33476.250,2021-01-12 16:00:00.000,L2FT01-FTJ003,17.40,0.000,0.666012,16605,0.435592,0.055345,0,0,1,0.5400,罗湖区,23,23,0,0,0,0,1
2021-01-12,589179428,20190000000000000003,900200000000000056,1,119.913,358.793,43022.667,2021-01-12 16:00:00.000,L2FT01-FTJ003,17.40,0.000,0.666012,16605,0.435592,0.055345,0,0,1,0.5400,罗湖区,23,23,0,0,0,0,1
2021-01-12,589179428,20190000000000000003,900200000000000056,1,100.765,359.213,36288.000,2021-01-12 16:15:00.000,L2FT01-FTJ003,17.40,0.000,0.666012,16605,0.435592,0.055345,0,0,1,0.5400,罗湖区,23,23,0,0,0,0,1
2021-01-12,589179428,20190000000000000003,900200000000000056,1,47.790,356.373,17028.667,2021-01-12 16:30:00.000,L2FT01-FTJ003,17.40,0.000,0.666012,16605,0.435592,0.055345,0,0,1,0.5400,罗湖区,23,23,0,0,0,0,1
2021-01-12,589179428,20190000000000000003,900200000000000056,1,47.790,365.650,17475.000,2021-01-12 16:45:00.000,L2FT01-FTJ003,17.40,0.000,0.666012,16605,0.435592,0.055345,0,0,1,0.5400,罗湖区,23,23,0,0,0,0,1
2021-01-12,589179428,20190000000000000003,900200000000000058,1,129.864,305.643,39688.571,2021-01-12 17:15:00.000,L2FT01-FTJ003,17.10,0.000,0.666012,16605,0.435592,0.055345,0,0,1,0.5400,罗湖区,23,23,0,0,0,0,1
2021-01-12,589179428,20190000000000000003,900200000000000058,1,129.890,310.320,40305.333,2021-01-12 17:30:00.000,L2FT01-FTJ003,17.10,0.000,0.666012,16605,0.435592,0.055345,0,0,1,0.5400,罗湖区,23,23,0,0,0,0,1
2021-01-12,589179428,20190000000000000003,900200000000000058,1,129.956,311.447,40470.000,2021-01-12 17:45:00.000,L2FT01-FTJ003,17.10,0.000,0.666012,16605,0.435592,0.055345,0,0,1,0.5400,罗湖区,23,23,0,0,0,0,1
2021-01-12,589179428,20190000000000000003,900200000000000050,1,129.823,312.487,40564.667,2021-01-12 17:45:00.000,L2FT01-FTJ003,17.10,0.000,0.666012,16605,0.435592,0.055345,0,0,1,0.5400,罗湖区,23,23,0,0,0,0,1
2021-01-12,589179428,20190000000000000003,900200000000000050,1,129.857,314.620,40851.333,2021-01-12 18:00:00.000,L2FT01-FTJ003,17.00,0.000,0.666012,16605,0.435592,0.055345,0,0,1,0.5400,罗湖区,23,23,0,0,0,0,1
2021-01-12,589179428,20190000000000000003,900200000000000058,1,130.030,312.593,40643.333,2021-01-12 18:00:00.000,L2FT01-FTJ003,17.00,0.000,0.666012,16605,0.435592,0.055345,0,0,1,0.5400,罗湖区,23,23,0,0,0,0,1
2021-01-12,589179428,20190000000000000003,900200000000000050,1,104.836,316.721,33314.286,2021-01-12 18:15:00.000,L2FT01-FTJ003,17.00,0.000,0.666012,16605,0.435592,0.055345,0,0,1,0.5400,罗湖区,23,23,0,0,0,0,1
2021-01-12,589179428,20190000000000000003,900200000000000058,1,129.890,314.153,40803.333,2021-01-12 18:15:00.000,L2FT01-FTJ003,17.00,0.000,0.666012,16605,0.435592,0.055345,0,0,1,0.5400,罗湖区,23,23,0,0,0,0,1
2021-01-12,589179428,20190000000000000003,900200000000000058,1,129.919,315.080,40931.333,2021-01-12 18:30:00.000,L2FT01-FTJ003,17.00,0.000,0.666012,16605,0.435592,0.055345,0,0,1,0.5400,罗湖区,23,23,0,0,0,0,1
2021-01-12,589179428,20190000000000000003,900200000000000058,1,129.912,317.293,41218.667,2021-01-12 18:45:00.000,L2FT01-FTJ003,17.00,0.000,0.666012,16605,0.435592,0.055345,0,0,1,0.5400,罗湖区,23,23,0,0,0,0,1
2021-01-12,589179428,20190000000000000003,900200000000000040,1,129.890,309.000,40130.000,2021-01-12 19:00:00.000,L2FT01-FTJ003,17.10,0.000,0.666012,16605,0.435592,0.055345,0,0,1,0.5400,罗湖区,23,23,0,0,0,0,1
2021-01-12,589179428,20190000000000000003,900200000000000058,1,48.158,327.700,15728.333,2021-01-12 19:00:00.000,L2FT01-FTJ003,17.10,0.000,0.666012,16605,0.435592,0.055345,0,0,1,0.5400,罗湖区,23,23,0,0,0,0,1
2021-01-12,589179428,20190000000000000003,900200000000000040,1,129.951,311.180,40434.000,2021-01-12 19:15:00.000,L2FT01-FTJ003,17.10,0.000,0.666012,16605,0.435592,0.055345,0,0,1,0.5400,罗湖区,23,23,0,0,0,0,1
2021-01-12,589179428,20190000000000000003,900200000000000040,1,130.060,313.673,40794.000,2021-01-12 19:30:00.000,L2FT01-FTJ003,17.10,0.000,0.666012,16605,0.435592,0.055345,0,0,1,0.5400,罗湖区,23,23,0,0,0,0,1
2021-01-12,589179428,20190000000000000003,900200000000000040,1,130.090,314.933,40966.667,2021-01-12 19:45:00.000,L2FT01-FTJ003,17.10,0.000,0.666012,16605,0.435592,0.055345,0,0,1,0.5400,罗湖区,23,23,0,0,0,0,1
2021-01-12,589179428,20190000000000000003,900200000000000042,1,59.790,349.450,20890.000,2021-01-12 20:00:00.000,L2FT01-FTJ003,17.40,0.000,0.666012,16605,0.435592,0.055345,0,0,1,0.5400,罗湖区,23,23,0,0,0,0,1
2021-01-12,589179428,20190000000000000003,900200000000000042,1,59.810,350.960,20988.000,2021-01-12 20:15:00.000,L2FT01-FTJ003,17.40,0.000,0.666012,16605,0.435592,0.055345,0,0,1,0.5400,罗湖区,23,23,0,0,0,0,1
2021-01-12,589179428,20190000000000000003,900200000000000049,1,105.418,460.189,49338.889,2021-01-12 20:15:00.000,L2FT01-FTJ003,17.40,0.000,0.666012,16605,0.435592,0.055345,0,0,1,0.5400,罗湖区,23,23,0,0,0,0,1
2021-01-12,589179428,20190000000000000003,900200000000000042,1,62.063,352.567,21885.333,2021-01-12 20:30:00.000,L2FT01-FTJ003,17.40,0.000,0.666012,16605,0.435592,0.055345,0,0,1,0.5400,罗湖区,23,23,0,0,0,0,1
2021-01-12,589179428,20190000000000000003,900200000000000047,1,114.795,358.675,41197.500,2021-01-12 20:45:00.000,L2FT01-FTJ003,17.40,0.000,0.666012,16605,0.435592,0.055345,0,0,1,0.5400,罗湖区,23,23,0,0,0,0,1
2021-01-12,589179428,20190000000000000003,900200000000000042,1,71.090,356.420,25336.667,2021-01-12 20:45:00.000,L2FT01-FTJ003,17.40,0.000,0.666012,16605,0.435592,0.055345,0,0,1,0.5400,罗湖区,23,23,0,0,0,0,1
2021-01-12,589179428,20190000000000000003,900200000000000042,1,43.361,359.329,15637.143,2021-01-12 21:00:00.000,L2FT01-FTJ003,17.88,0.000,0.666012,16605,0.435592,0.055345,0,0,1,0.5400,罗湖区,23,23,0,0,0,0,1
2021-01-12,589179428,20190000000000000003,900200000000000047,1,63.064,355.847,22528.000,2021-01-12 21:00:00.000,L2FT01-FTJ003,17.88,0.000,0.666012,16605,0.435592,0.055345,0,0,1,0.5400,罗湖区,23,23,0,0,0,0,1
2021-01-12,589179428,20190000000000000003,900200000000000056,1,93.377,370.473,34579.091,2021-01-12 21:00:00.000,L2FT01-FTJ003,17.88,0.000,0.666012,16605,0.435592,0.055345,0,0,1,0.5400,罗湖区,23,23,0,0,0,0,1
2021-01-12,589179428,20190000000000000003,900200000000000047,1,47.823,354.940,16972.000,2021-01-12 21:15:00.000,L2FT01-FTJ003,17.88,0.000,0.666012,16605,0.435592,0.055345,0,0,1,0.5400,罗湖区,23,23,0,0,0,0,1
2021-01-12,589179428,20190000000000000003,900200000000000056,1,70.079,382.900,26796.000,2021-01-12 21:15:00.000,L2FT01-FTJ003,17.88,0.000,0.666012,16605,0.435592,0.055345,0,0,1,0.5400,罗湖区,23,23,0,0,0,0,1
2021-01-12,589179428,20190000000000000003,900200000000000047,1,47.790,356.960,17058.000,2021-01-12 21:30:00.000,L2FT01-FTJ003,17.88,0.000,0.666012,16605,0.435592,0.055345,0,0,1,0.5400,罗湖区,23,23,0,0,0,0,1
2021-01-12,589179428,20190000000000000003,900200000000000047,1,47.790,362.480,17322.000,2021-01-12 21:45:00.000,L2FT01-FTJ003,17.88,0.000,0.666012,16605,0.435592,0.055345,0,0,1,0.5400,罗湖区,23,23,0,0,0,0,1
2021-01-12,589179428,20190000000000000003,900200000000000043,1,111.136,309.800,34554.000,2021-01-12 23:15:00.000,L2FT01-FTJ003,19.22,0.000,0.666012,16605,0.435592,0.055345,0,0,1,0.5400,罗湖区,23,23,0,0,0,0,1
2021-01-12,589179428,20190000000000000003,900200000000000043,1,129.842,311.533,40446.667,2021-01-12 23:30:00.000,L2FT01-FTJ003,19.22,0.000,0.666012,16605,0.435592,0.055345,0,0,1,0.5400,罗湖区,23,23,0,0,0,0,1
2021-01-12,589179428,20190000000000000003,900200000000000043,1,129.860,312.893,40629.333,2021-01-12 23:45:00.000,L2FT01-FTJ003,19.22,0.000,0.666012,16605,0.435592,0.055345,0,0,1,0.5400,罗湖区,23,23,0,0,0,0,1
2021-01-13,589179428,20190000000000000003,900200000000000043,1,129.890,314.313,40824.000,2021-01-13 00:00:00.000,L2FT01-FTJ003,20.00,0.000,0.666012,16605,0.435592,0.055345,0,0,1,0.5400,罗湖区,23,23,0,0,0,0,1
2021-01-13,589179428,20190000000000000003,900200000000000043,1,129.978,316.300,41109.333,2021-01-13 00:15:00.000,L2FT01-FTJ003,20.00,0.000,0.666012,16605,0.435592,0.055345,0,0,1,0.5400,罗湖区,23,23,0,0,0,0,1
2021-01-13,589179428,20190000000000000003,900200000000000043,1,62.321,322.030,20042.000,2021-01-13 00:30:00.000,L2FT01-FTJ003,20.00,0.000,0.666012,16605,0.435592,0.055345,0,0,1,0.5400,罗湖区,23,23,0,0,0,0,1
2021-01-13,589179428,20190000000000000003,900200000000000039,1,141.983,360.557,53469.286,2021-01-13 01:30:00.000,L2FT01-FTJ003,20.78,0.000,0.666012,16605,0.435592,0.055345,0,0,1,0.5400,罗湖区,23,23,0,0,0,0,1
2021-01-13,589179428,20190000000000000003,900200000000000039,1,106.187,388.940,41263.333,2021-01-13 01:45:00.000,L2FT01-FTJ003,20.78,0.000,0.666012,16605,0.435592,0.055345,0,0,1,0.5400,罗湖区,23,23,0,0,0,0,1
2021-01-13,589179428,20190000000000000003,900200000000000039,1,73.272,399.713,29267.333,2021-01-13 02:00:00.000,L2FT01-FTJ003,21.50,0.000,0.666012,16605,0.435592,0.055345,0,0,1,0.5400,罗湖区,23,23,0,0,0,0,1
2021-01-13,589179428,20190000000000000003,900200000000000039,1,55.693,402.938,22438.750,2021-01-13 02:15:00.000,L2FT01-FTJ003,21.50,0.000,0.666012,16605,0.435592,0.055345,0,0,1,0.5400,罗湖区,23,23,0,0,0,0,1
2021-01-13,589179428,20190000000000000003,900200000000000042,1,129.835,310.762,40342.308,2021-01-13 02:45:00.000,L2FT01-FTJ003,21.50,0.000,0.666012,16605,0.435592,0.055345,0,0,1,0.5400,罗湖区,23,23,0,0,0,0,1
2021-01-13,589179428,20190000000000000003,900200000000000042,1,130.253,311.267,40540.000,2021-01-13 03:00:00.000,L2FT01-FTJ003,22.12,0.000,0.666012,16605,0.435592,0.055345,0,0,1,0.5400,罗湖区,23,23,0,0,0,0,1
2021-01-13,589179428,20190000000000000003,900200000000000042,1,132.294,312.660,41359.333,2021-01-13 03:15:00.000,L2FT01-FTJ003,22.12,0.000,0.666012,16605,0.435592,0.055345,0,0,1,0.5400,罗湖区,23,23,0,0,0,0,1
2021-01-13,589179428,20190000000000000003,900200000000000042,1,129.884,313.253,40684.667,2021-01-13 03:30:00.000,L2FT01-FTJ003,22.12,0.000,0.666012,16605,0.435592,0.055345,0,0,1,0.5400,罗湖区,23,23,0,0,0,0,1
2021-01-13,589179428,20190000000000000003,900200000000000042,1,129.849,314.127,40786.364,2021-01-13 03:45:00.000,L2FT01-FTJ003,22.12,0.000,0.666012,16605,0.435592,0.055345,0,0,1,0.5400,罗湖区,23,23,0,0,0,0,1
2021-01-13,589179428,20190000000000000003,900200000000000042,1,177.684,319.822,56233.333,2021-01-13 06:15:00.000,L2FT01-FTJ003,23.00,0.000,0.666012,16605,0.435592,0.055345,0,0,1,0.5400,罗湖区,23,23,0,0,0,0,1
2021-01-13,589179428,20190000000000000003,900200000000000042,1,199.962,318.689,63723.333,2021-01-13 06:30:00.000,L2FT01-FTJ003,23.00,0.000,0.666012,16605,0.435592,0.055345,0,0,1,0.5400,罗湖区,23,23,0,0,0,0,1
2021-01-13,589179428,20190000000000000003,900200000000000058,1,44.867,349.375,15950.000,2021-01-13 07:45:00.000,L2FT01-FTJ003,22.90,0.000,0.666012,16605,0.435592,0.055345,0,0,1,0.5400,罗湖区,23,23,0,0,0,0,1
2021-01-13,589179428,20190000000000000003,900200000000000058,1,59.790,358.353,21425.333,2021-01-13 08:00:00.000,L2FT01-FTJ003,22.60,0.000,0.666012,16605,0.435592,0.055345,0,0,1,0.5400,罗湖区,23,23,0,0,0,0,1
2021-01-13,589179428,20190000000000000003,900200000000000058,1,45.458,364.547,16567.333,2021-01-13 08:15:00.000,L2FT01-FTJ003,22.60,0.000,0.666012,16605,0.435592,0.055345,0,0,1,0.5400,罗湖区,23,23,0,0,0,0,1
2021-01-13,589179428,20190000000000000003,900200000000000049,1,58.662,352.000,20706.154,2021-01-13 10:30:00.000,L2FT01-FTJ003,21.50,0.000,0.666012,16605,0.435592,0.055345,0,0,1,0.5400,罗湖区,23,23,0,0,0,0,1
2021-01-13,589179428,20190000000000000003,900200000000000049,1,71.390,362.960,25910.667,2021-01-13 10:45:00.000,L2FT01-FTJ003,21.50,0.000,0.666012,16605,0.435592,0.055345,0,0,1,0.5400,罗湖区,23,23,0,0,0,0,1
2021-01-13,589179428,20190000000000000003,900200000000000049,1,73.391,367.033,27523.333,2021-01-13 11:00:00.000,L2FT01-FTJ003,20.78,0.000,0.666012,16605,0.435592,0.055345,0,0,1,0.5400,罗湖区,23,23,0,0,0,0,1
2021-01-13,589179428,20190000000000000003,900200000000000049,1,41.390,381.933,15813.333,2021-01-13 11:15:00.000,L2FT01-FTJ003,20.78,0.000,0.666012,16605,0.435592,0.055345,0,0,1,0.5400,罗湖区,23,23,0,0,0,0,1
2021-01-13,589179428,20190000000000000003,900200000000000049,1,21.290,383.527,8162.727,2021-01-13 11:30:00.000,L2FT01-FTJ003,20.78,0.000,0.666012,16605,0.435592,0.055345,0,0,1,0.5400,罗湖区,23,23,0,0,0,0,1
2021-01-13,589179428,20190000000000000003,900200000000000057,1,120.334,312.429,37687.143,2021-01-13 12:30:00.000,L2FT01-FTJ003,20.00,0.000,0.666012,16605,0.435592,0.055345,0,0,1,0.5400,罗湖区,23,23,0,0,0,0,1
2021-01-13,589179428,20190000000000000003,900200000000000057,1,129.847,315.867,41011.333,2021-01-13 12:45:00.000,L2FT01-FTJ003,20.00,0.000,0.666012,16605,0.435592,0.055345,0,0,1,0.5400,罗湖区,23,23,0,0,0,0,1
2021-01-13,589179428,20190000000000000003,900200000000000048,1,57.300,371.160,21266.000,2021-01-13 13:00:00.000,L2FT01-FTJ003,19.22,0.000,0.666012,16605,0.435592,0.055345,0,0,1,0.5400,罗湖区,23,23,0,0,0,0,1
2021-01-13,589179428,20190000000000000003,900200000000000057,1,119.877,319.893,38297.333,2021-01-13 13:00:00.000,L2FT01-FTJ003,19.22,0.000,0.666012,16605,0.435592,0.055345,0,0,1,0.5400,罗湖区,23,23,0,0,0,0,1
2021-01-13,589179428,20190000000000000003,900200000000000048,1,57.290,383.507,21970.667,2021-01-13 13:15:00.000,L2FT01-FTJ003,19.22,0.000,0.666012,16605,0.435592,0.055345,0,0,1,0.5400,罗湖区,23,23,0,0,0,0,1
2021-01-13,589179428,20190000000000000003,900200000000000057,1,36.490,330.167,12041.667,2021-01-13 13:15:00.000,L2FT01-FTJ003,19.22,0.000,0.666012,16605,0.435592,0.055345,0,0,1,0.5400,罗湖区,23,23,0,0,0,0,1
2021-01-13,589179428,20190000000000000003,900200000000000048,1,19.357,385.540,7522.667,2021-01-13 13:30:00.000,L2FT01-FTJ003,19.22,0.000,0.666012,16605,0.435592,0.055345,0,0,1,0.5400,罗湖区,23,23,0,0,0,0,1
2021-01-13,589179428,20190000000000000003,900200000000000048,1,9.912,385.593,3820.000,2021-01-13 13:45:00.000,L2FT01-FTJ003,19.22,0.000,0.666012,16605,0.435592,0.055345,0,0,1,0.5400,罗湖区,23,23,0,0,0,0,1
2021-01-13,589179428,20190000000000000003,900200000000000048,1,9.971,387.880,3864.000,2021-01-13 14:00:00.000,L2FT01-FTJ003,18.50,0.000,0.666012,16605,0.435592,0.055345,0,0,1,0.5400,罗湖区,23,23,0,0,0,0,1
2021-01-13,589179428,20190000000000000003,900200000000000048,1,10.000,390.240,3898.000,2021-01-13 14:15:00.000,L2FT01-FTJ003,18.50,0.000,0.666012,16605,0.435592,0.055345,0,0,1,0.5400,罗湖区,23,23,0,0,0,0,1
2021-01-13,589179428,20190000000000000003,900200000000000048,1,10.000,392.508,3920.769,2021-01-13 14:30:00.000,L2FT01-FTJ003,18.50,0.000,0.666012,16605,0.435592,0.055345,0,0,1,0.5400,罗湖区,23,23,0,0,0,0,1
2021-01-13,589179428,20190000000000000003,900200000000000037,1,118.084,306.273,37257.273,2021-01-13 15:45:00.000,L2FT01-FTJ003,17.88,0.000,0.666012,16605,0.435592,0.055345,0,0,1,0.5400,罗湖区,23,23,0,0,0,0,1
2021-01-13,589179428,20190000000000000003,900200000000000032,1,130.345,314.200,40950.000,2021-01-13 16:00:00.000,L2FT01-FTJ003,17.40,0.000,0.666012,16605,0.435592,0.055345,0,0,1,0.5400,罗湖区,23,23,0,0,0,0,1
2021-01-13,589179428,20190000000000000003,900200000000000037,1,103.840,321.938,33268.750,2021-01-13 16:00:00.000,L2FT01-FTJ003,17.40,0.000,0.666012,16605,0.435592,0.055345,0,0,1,0.5400,罗湖区,23,23,0,0,0,0,1
2021-01-13,589179428,20190000000000000003,900200000000000038,1,130.367,312.867,40780.000,2021-01-13 16:00:00.000,L2FT01-FTJ003,17.40,0.000,0.666012,16605,0.435592,0.055345,0,0,1,0.5400,罗湖区,23,23,0,0,0,0,1
2021-01-13,589179428,20190000000000000003,900200000000000032,1,127.921,315.760,40383.333,2021-01-13 16:15:00.000,L2FT01-FTJ003,17.40,0.000,0.666012,16605,0.435592,0.055345,0,0,1,0.5400,罗湖区,23,23,0,0,0,0,1
2021-01-13,589179428,20190000000000000003,900200000000000038,1,129.759,314.607,40819.333,2021-01-13 16:15:00.000,L2FT01-FTJ003,17.40,0.000,0.666012,16605,0.435592,0.055345,0,0,1,0.5400,罗湖区,23,23,0,0,0,0,1
2021-01-13,589179428,20190000000000000003,900200000000000038,1,104.769,318.850,33245.000,2021-01-13 16:30:00.000,L2FT01-FTJ003,17.40,0.000,0.666012,16605,0.435592,0.055345,0,0,1,0.5400,罗湖区,23,23,0,0,0,0,1
2021-01-13,589179428,20190000000000000003,900200000000000032,1,67.790,316.400,21450.000,2021-01-13 16:30:00.000,L2FT01-FTJ003,17.40,0.000,0.666012,16605,0.435592,0.055345,0,0,1,0.5400,罗湖区,23,23,0,0,0,0,1
2021-01-13,589179428,20190000000000000003,900200000000000057,1,120.540,310.329,37466.429,2021-01-13 17:15:00.000,L2FT01-FTJ003,17.10,0.000,0.666012,16605,0.435592,0.055345,0,0,1,0.5400,罗湖区,23,23,0,0,0,0,1
2021-01-13,589179428,20190000000000000003,900200000000000057,1,129.912,311.527,40470.000,2021-01-13 17:30:00.000,L2FT01-FTJ003,17.10,0.000,0.666012,16605,0.435592,0.055345,0,0,1,0.5400,罗湖区,23,23,0,0,0,0,1
2021-01-13,589179428,20190000000000000003,900200000000000057,1,129.934,312.833,40646.000,2021-01-13 17:45:00.000,L2FT01-FTJ003,17.10,0.000,0.666012,16605,0.435592,0.055345,0,0,1,0.5400,罗湖区,23,23,0,0,0,0,1
2021-01-13,589179428,20190000000000000003,900200000000000057,1,129.912,313.987,40788.000,2021-01-13 18:00:00.000,L2FT01-FTJ003,17.00,0.000,0.666012,16605,0.435592,0.055345,0,0,1,0.5400,罗湖区,23,23,0,0,0,0,1
2021-01-13,589179428,20190000000000000003,900200000000000048,1,50.023,329.150,16463.333,2021-01-13 18:15:00.000,L2FT01-FTJ003,17.00,0.000,0.666012,16605,0.435592,0.055345,0,0,1,0.5400,罗湖区,23,23,0,0,0,0,1
2021-01-13,589179428,20190000000000000003,900200000000000057,1,130.000,314.650,40900.000,2021-01-13 18:15:00.000,L2FT01-FTJ003,17.00,0.000,0.666012,16605,0.435592,0.055345,0,0,1,0.5400,罗湖区,23,23,0,0,0,0,1
2021-01-13,589179428,20190000000000000003,900200000000000048,1,49.978,333.507,16664.667,2021-01-13 18:30:00.000,L2FT01-FTJ003,17.00,0.000,0.666012,16605,0.435592,0.055345,0,0,1,0.5400,罗湖区,23,23,0,0,0,0,1
2021-01-13,589179428,20190000000000000003,900200000000000048,1,49.912,337.000,16819.333,2021-01-13 18:45:00.000,L2FT01-FTJ003,17.00,0.000,0.666012,16605,0.435592,0.055345,0,0,1,0.5400,罗湖区,23,23,0,0,0,0,1
2021-01-13,589179428,20190000000000000003,900200000000000048,1,49.961,341.029,17035.714,2021-01-13 19:00:00.000,L2FT01-FTJ003,17.10,0.000,0.666012,16605,0.435592,0.055345,0,0,1,0.5400,罗湖区,23,23,0,0,0,0,1
2021-01-13,589179428,20190000000000000003,900200000000000050,0,0.000,243.600,0.000,2021-01-13 19:00:00.000,L2FT01-FTJ003,17.10,0.000,0.666012,16605,0.435592,0.055345,0,0,1,0.5400,罗湖区,23,23,0,0,0,0,1
2021-01-13,589179428,20190000000000000003,900200000000000032,1,115.668,383.592,44405.000,2021-01-13 22:15:00.000,L2FT01-FTJ003,18.50,0.000,0.666012,16605,0.435592,0.055345,0,0,1,0.5400,罗湖区,23,23,0,0,0,0,1
2021-01-13,589179428,20190000000000000003,900200000000000032,1,119.884,388.360,46556.000,2021-01-13 22:30:00.000,L2FT01-FTJ003,18.50,0.000,0.666012,16605,0.435592,0.055345,0,0,1,0.5400,罗湖区,23,23,0,0,0,0,1
2021-01-13,589179428,20190000000000000003,900200000000000032,1,43.790,392.100,17193.333,2021-01-13 22:45:00.000,L2FT01-FTJ003,18.50,0.000,0.666012,16605,0.435592,0.055345,0,0,1,0.5400,罗湖区,23,23,0,0,0,0,1
2021-01-13,589179428,20190000000000000003,900200000000000052,1,58.841,348.343,20567.857,2021-01-13 23:00:00.000,L2FT01-FTJ003,19.22,0.000,0.666012,16605,0.435592,0.055345,0,0,1,0.5400,罗湖区,23,23,0,0,0,0,1
2021-01-13,589179428,20190000000000000003,900200000000000053,1,106.295,314.925,33472.500,2021-01-13 23:15:00.000,L2FT01-FTJ003,19.22,0.000,0.666012,16605,0.435592,0.055345,0,0,1,0.5400,罗湖区,23,23,0,0,0,0,1
2021-01-13,589179428,20190000000000000003,900200000000000052,1,71.297,351.493,25058.667,2021-01-13 23:15:00.000,L2FT01-FTJ003,19.22,0.000,0.666012,16605,0.435592,0.055345,0,0,1,0.5400,罗湖区,23,23,0,0,0,0,1
2021-01-13,589179428,20190000000000000003,900200000000000052,1,71.290,353.207,25178.000,2021-01-13 23:30:00.000,L2FT01-FTJ003,19.22,0.000,0.666012,16605,0.435592,0.055345,0,0,1,0.5400,罗湖区,23,23,0,0,0,0,1
2021-01-13,589179428,20190000000000000003,900200000000000053,1,87.032,317.893,27634.000,2021-01-13 23:30:00.000,L2FT01-FTJ003,19.22,0.000,0.666012,16605,0.435592,0.055345,0,0,1,0.5400,罗湖区,23,23,0,0,0,0,1
2021-01-13,589179428,20190000000000000003,900200000000000052,1,71.290,356.240,25395.333,2021-01-13 23:45:00.000,L2FT01-FTJ003,19.22,0.000,0.666012,16605,0.435592,0.055345,0,0,1,0.5400,罗湖区,23,23,0,0,0,0,1
2021-01-13,589179428,20190000000000000003,900200000000000053,1,34.815,327.125,11375.000,2021-01-13 23:45:00.000,L2FT01-FTJ003,19.22,0.000,0.666012,16605,0.435592,0.055345,0,0,1,0.5400,罗湖区,23,23,0,0,0,0,1
2021-01-14,589179428,20190000000000000003,900200000000000052,1,65.540,361.250,23675.000,2021-01-14 00:00:00.000,L2FT01-FTJ003,20.00,0.000,0.666012,16605,0.435592,0.055345,0,0,1,0.5400,罗湖区,23,23,0,0,0,0,1
2021-01-14,589179428,20190000000000000003,900200000000000050,1,115.800,326.300,37780.000,2021-01-14 07:45:00.000,L2FT01-FTJ003,22.90,0.000,0.666012,16605,0.435592,0.055345,0,0,1,0.5400,罗湖区,23,23,0,0,0,0,1
2021-01-14,589179428,20190000000000000003,900200000000000050,1,116.340,335.653,39044.667,2021-01-14 08:00:00.000,L2FT01-FTJ003,22.60,0.000,0.666012,16605,0.435592,0.055345,0,0,1,0.5400,罗湖区,23,23,0,0,0,0,1
2021-01-14,589179428,20190000000000000003,900200000000000050,1,102.972,351.953,36194.000,2021-01-14 08:15:00.000,L2FT01-FTJ003,22.60,0.000,0.666012,16605,0.435592,0.055345,0,0,1,0.5400,罗湖区,23,23,0,0,0,0,1
2021-01-14,589179428,20190000000000000003,900200000000000050,1,49.484,363.000,17935.714,2021-01-14 08:30:00.000,L2FT01-FTJ003,22.60,0.000,0.666012,16605,0.435592,0.055345,0,0,1,0.5400,罗湖区,23,23,0,0,0,0,1
2021-01-14,589179428,20190000000000000003,900200000000000045,1,88.360,327.608,28952.500,2021-01-14 10:15:00.000,L2FT01-FTJ003,21.50,0.000,0.666012,16605,0.435592,0.055345,0,0,1,0.5400,罗湖区,23,23,0,0,0,0,1
2021-01-14,589179428,20190000000000000003,900200000000000045,1,99.836,330.620,33004.000,2021-01-14 10:30:00.000,L2FT01-FTJ003,21.50,0.000,0.666012,16605,0.435592,0.055345,0,0,1,0.5400,罗湖区,23,23,0,0,0,0,1
2021-01-14,589179428,20190000000000000003,900200000000000045,1,99.890,331.650,33125.000,2021-01-14 10:45:00.000,L2FT01-FTJ003,21.50,0.000,0.666012,16605,0.435592,0.055345,0,0,1,0.5400,罗湖区,23,23,0,0,0,0,1
2021-01-14,589179428,20190000000000000003,900200000000000044,1,129.932,311.436,40460.909,2021-01-14 11:45:00.000,L2FT01-FTJ003,20.78,0.000,0.666012,16605,0.435592,0.055345,0,0,1,0.5400,罗湖区,23,23,0,0,0,0,1
2021-01-14,589179428,20190000000000000003,900200000000000044,1,130.072,312.553,40652.667,2021-01-14 12:00:00.000,L2FT01-FTJ003,20.00,0.000,0.666012,16605,0.435592,0.055345,0,0,1,0.5400,罗湖区,23,23,0,0,0,0,1
2021-01-14,589179428,20190000000000000003,900200000000000043,1,33.983,393.136,13364.545,2021-01-14 12:00:00.000,L2FT01-FTJ003,20.00,0.000,0.666012,16605,0.435592,0.055345,0,0,1,0.5400,罗湖区,23,23,0,0,0,0,1
2021-01-14,589179428,20190000000000000003,900200000000000053,1,108.171,359.475,38938.750,2021-01-14 12:15:00.000,L2FT01-FTJ003,20.00,0.000,0.666012,16605,0.435592,0.055345,0,0,1,0.5400,罗湖区,23,23,0,0,0,0,1
2021-01-14,589179428,20190000000000000003,900200000000000044,1,130.003,316.233,41108.000,2021-01-14 12:15:00.000,L2FT01-FTJ003,20.00,0.000,0.666012,16605,0.435592,0.055345,0,0,1,0.5400,罗湖区,23,23,0,0,0,0,1
2021-01-14,589179428,20190000000000000003,900200000000000043,1,22.026,396.617,8739.167,2021-01-14 12:15:00.000,L2FT01-FTJ003,20.00,0.000,0.666012,16605,0.435592,0.055345,0,0,1,0.5400,罗湖区,23,23,0,0,0,0,1
2021-01-14,589179428,20190000000000000003,900200000000000043,1,108.197,355.392,38464.615,2021-01-14 12:30:00.000,L2FT01-FTJ003,20.00,0.000,0.666012,16605,0.435592,0.055345,0,0,1,0.5400,罗湖区,23,23,0,0,0,0,1
2021-01-14,589179428,20190000000000000003,900200000000000044,1,93.169,319.089,29750.000,2021-01-14 12:30:00.000,L2FT01-FTJ003,20.00,0.000,0.666012,16605,0.435592,0.055345,0,0,1,0.5400,罗湖区,23,23,0,0,0,0,1
2021-01-14,589179428,20190000000000000003,900200000000000052,1,121.865,311.846,37999.231,2021-01-14 12:30:00.000,L2FT01-FTJ003,20.00,0.000,0.666012,16605,0.435592,0.055345,0,0,1,0.5400,罗湖区,23,23,0,0,0,0,1
2021-01-14,589179428,20190000000000000003,900200000000000053,1,72.985,357.253,26098.667,2021-01-14 12:30:00.000,L2FT01-FTJ003,20.00,0.000,0.666012,16605,0.435592,0.055345,0,0,1,0.5400,罗湖区,23,23,0,0,0,0,1
2021-01-14,589179428,20190000000000000003,900200000000000043,1,114.751,357.867,41060.667,2021-01-14 12:45:00.000,L2FT01-FTJ003,20.00,0.000,0.666012,16605,0.435592,0.055345,0,0,1,0.5400,罗湖区,23,23,0,0,0,0,1
2021-01-14,589179428,20190000000000000003,900200000000000052,1,121.800,313.813,38220.000,2021-01-14 12:45:00.000,L2FT01-FTJ003,20.00,0.000,0.666012,16605,0.435592,0.055345,0,0,1,0.5400,罗湖区,23,23,0,0,0,0,1
2021-01-14,589179428,20190000000000000003,900200000000000053,1,37.261,356.622,13282.222,2021-01-14 12:45:00.000,L2FT01-FTJ003,20.00,0.000,0.666012,16605,0.435592,0.055345,0,0,1,0.5400,罗湖区,23,23,0,0,0,0,1
2021-01-14,589179428,20190000000000000003,900200000000000043,1,92.163,357.653,32984.667,2021-01-14 13:00:00.000,L2FT01-FTJ003,19.22,0.000,0.666012,16605,0.435592,0.055345,0,0,1,0.5400,罗湖区,23,23,0,0,0,0,1
2021-01-14,589179428,20190000000000000003,900200000000000052,1,121.824,314.453,38302.667,2021-01-14 13:00:00.000,L2FT01-FTJ003,19.22,0.000,0.666012,16605,0.435592,0.055345,0,0,1,0.5400,罗湖区,23,23,0,0,0,0,1
2021-01-14,589179428,20190000000000000003,900200000000000058,1,95.927,319.933,30686.667,2021-01-14 13:00:00.000,L2FT01-FTJ003,19.22,0.000,0.666012,16605,0.435592,0.055345,0,0,1,0.5400,罗湖区,23,23,0,0,0,0,1
2021-01-14,589179428,20190000000000000003,900200000000000043,1,46.503,356.793,16580.000,2021-01-14 13:15:00.000,L2FT01-FTJ003,19.22,0.000,0.666012,16605,0.435592,0.055345,0,0,1,0.5400,罗湖区,23,23,0,0,0,0,1
2021-01-14,589179428,20190000000000000003,900200000000000052,1,104.635,320.327,33326.667,2021-01-14 13:15:00.000,L2FT01-FTJ003,19.22,0.000,0.666012,16605,0.435592,0.055345,0,0,1,0.5400,罗湖区,23,23,0,0,0,0,1
2021-01-14,589179428,20190000000000000003,900200000000000058,1,66.497,319.553,21287.333,2021-01-14 13:15:00.000,L2FT01-FTJ003,19.22,0.000,0.666012,16605,0.435592,0.055345,0,0,1,0.5400,罗湖区,23,23,0,0,0,0,1
2021-01-14,589179428,20190000000000000003,900200000000000043,0,0.000,332.500,0.000,2021-01-14 13:30:00.000,L2FT01-FTJ003,19.22,0.000,0.666012,16605,0.435592,0.055345,0,0,1,0.5400,罗湖区,23,23,0,0,0,0,1
2021-01-14,589179428,20190000000000000003,900200000000000058,1,55.315,322.325,17830.000,2021-01-14 13:30:00.000,L2FT01-FTJ003,19.22,0.000,0.666012,16605,0.435592,0.055345,0,0,1,0.5400,罗湖区,23,23,0,0,0,0,1
2021-01-14,589179428,20190000000000000003,900200000000000048,1,129.830,310.989,40371.111,2021-01-14 15:30:00.000,L2FT01-FTJ003,17.88,0.000,0.666012,16605,0.435592,0.055345,0,0,1,0.5400,罗湖区,23,23,0,0,0,0,1
2021-01-14,589179428,20190000000000000003,900200000000000048,1,129.824,311.567,40444.667,2021-01-14 15:45:00.000,L2FT01-FTJ003,17.88,0.000,0.666012,16605,0.435592,0.055345,0,0,1,0.5400,罗湖区,23,23,0,0,0,0,1
2021-01-14,589179428,20190000000000000003,900200000000000048,1,129.812,312.860,40608.667,2021-01-14 16:00:00.000,L2FT01-FTJ003,17.40,0.000,0.666012,16605,0.435592,0.055345,0,0,1,0.5400,罗湖区,23,23,0,0,0,0,1
2021-01-14,589179428,20190000000000000003,900200000000000049,1,129.808,311.658,40453.333,2021-01-14 16:00:00.000,L2FT01-FTJ003,17.40,0.000,0.666012,16605,0.435592,0.055345,0,0,1,0.5400,罗湖区,23,23,0,0,0,0,1
2021-01-14,589179428,20190000000000000003,900200000000000048,1,129.824,314.087,40772.667,2021-01-14 16:15:00.000,L2FT01-FTJ003,17.40,0.000,0.666012,16605,0.435592,0.055345,0,0,1,0.5400,罗湖区,23,23,0,0,0,0,1
2021-01-14,589179428,20190000000000000003,900200000000000049,1,129.921,312.813,40637.333,2021-01-14 16:15:00.000,L2FT01-FTJ003,17.40,0.000,0.666012,16605,0.435592,0.055345,0,0,1,0.5400,罗湖区,23,23,0,0,0,0,1
2021-01-14,589179428,20190000000000000003,900200000000000048,1,129.806,315.707,40974.667,2021-01-14 16:30:00.000,L2FT01-FTJ003,17.40,0.000,0.666012,16605,0.435592,0.055345,0,0,1,0.5400,罗湖区,23,23,0,0,0,0,1
2021-01-14,589179428,20190000000000000003,900200000000000049,1,129.905,314.460,40848.000,2021-01-14 16:30:00.000,L2FT01-FTJ003,17.40,0.000,0.666012,16605,0.435592,0.055345,0,0,1,0.5400,罗湖区,23,23,0,0,0,0,1
2021-01-14,589179428,20190000000000000003,900200000000000048,1,79.794,323.775,25683.750,2021-01-14 16:45:00.000,L2FT01-FTJ003,17.40,0.000,0.666012,16605,0.435592,0.055345,0,0,1,0.5400,罗湖区,23,23,0,0,0,0,1
2021-01-14,589179428,20190000000000000003,900200000000000049,1,129.996,315.673,41032.000,2021-01-14 16:45:00.000,L2FT01-FTJ003,17.40,0.000,0.666012,16605,0.435592,0.055345,0,0,1,0.5400,罗湖区,23,23,0,0,0,0,1
2021-01-14,589179428,20190000000000000003,900200000000000049,1,93.954,323.670,30173.000,2021-01-14 17:00:00.000,L2FT01-FTJ003,17.10,0.000,0.666012,16605,0.435592,0.055345,0,0,1,0.5400,罗湖区,23,23,0,0,0,0,1
2021-01-14,589179428,20190000000000000003,900200000000000049,1,129.818,310.909,40356.364,2021-01-14 17:15:00.000,L2FT01-FTJ003,17.10,0.000,0.666012,16605,0.435592,0.055345,0,0,1,0.5400,罗湖区,23,23,0,0,0,0,1
2021-01-14,589179428,20190000000000000003,900200000000000045,1,129.894,312.964,40649.091,2021-01-14 17:30:00.000,L2FT01-FTJ003,17.10,0.000,0.666012,16605,0.435592,0.055345,0,0,1,0.5400,罗湖区,23,23,0,0,0,0,1
2021-01-14,589179428,20190000000000000003,900200000000000049,1,129.818,314.373,40806.667,2021-01-14 17:30:00.000,L2FT01-FTJ003,17.10,0.000,0.666012,16605,0.435592,0.055345,0,0,1,0.5400,罗湖区,23,23,0,0,0,0,1
2021-01-14,589179428,20190000000000000003,900200000000000045,1,130.000,314.633,40898.000,2021-01-14 17:45:00.000,L2FT01-FTJ003,17.10,0.000,0.666012,16605,0.435592,0.055345,0,0,1,0.5400,罗湖区,23,23,0,0,0,0,1
2021-01-14,589179428,20190000000000000003,900200000000000049,1,108.447,318.429,34544.286,2021-01-14 17:45:00.000,L2FT01-FTJ003,17.10,0.000,0.666012,16605,0.435592,0.055345,0,0,1,0.5400,罗湖区,23,23,0,0,0,0,1
2021-01-14,589179428,20190000000000000003,900200000000000049,1,95.190,350.000,33310.000,2021-01-14 18:00:00.000,L2FT01-FTJ003,17.00,0.000,0.666012,16605,0.435592,0.055345,0,0,1,0.5400,罗湖区,23,23,0,0,0,0,1
2021-01-14,589179428,20190000000000000003,900200000000000048,1,149.890,313.600,47000.000,2021-01-14 18:00:00.000,L2FT01-FTJ003,17.00,0.000,0.666012,16605,0.435592,0.055345,0,0,1,0.5400,罗湖区,23,23,0,0,0,0,1
2021-01-14,589179428,20190000000000000003,900200000000000045,1,126.989,316.630,40200.000,2021-01-14 18:00:00.000,L2FT01-FTJ003,17.00,0.000,0.666012,16605,0.435592,0.055345,0,0,1,0.5400,罗湖区,23,23,0,0,0,0,1
2021-01-14,589179428,20190000000000000003,900200000000000032,1,119.842,313.131,37633.077,2021-01-14 18:15:00.000,L2FT01-FTJ003,17.00,0.000,0.666012,16605,0.435592,0.055345,0,0,1,0.5400,罗湖区,23,23,0,0,0,0,1
2021-01-14,589179428,20190000000000000003,900200000000000048,1,149.807,314.525,47115.833,2021-01-14 18:15:00.000,L2FT01-FTJ003,17.00,0.000,0.666012,16605,0.435592,0.055345,0,0,1,0.5400,罗湖区,23,23,0,0,0,0,1
2021-01-14,589179428,20190000000000000003,900200000000000049,1,94.842,354.153,33584.000,2021-01-14 18:15:00.000,L2FT01-FTJ003,17.00,0.000,0.666012,16605,0.435592,0.055345,0,0,1,0.5400,罗湖区,23,23,0,0,0,0,1
2021-01-14,589179428,20190000000000000003,900200000000000032,1,129.941,315.060,40936.667,2021-01-14 18:30:00.000,L2FT01-FTJ003,17.00,0.000,0.666012,16605,0.435592,0.055345,0,0,1,0.5400,罗湖区,23,23,0,0,0,0,1
2021-01-14,589179428,20190000000000000003,900200000000000049,1,94.806,355.520,33700.667,2021-01-14 18:30:00.000,L2FT01-FTJ003,17.00,0.000,0.666012,16605,0.435592,0.055345,0,0,1,0.5400,罗湖区,23,23,0,0,0,0,1
2021-01-14,589179428,20190000000000000003,900200000000000032,1,114.920,320.850,36837.500,2021-01-14 18:45:00.000,L2FT01-FTJ003,17.00,0.000,0.666012,16605,0.435592,0.055345,0,0,1,0.5400,罗湖区,23,23,0,0,0,0,1
2021-01-14,589179428,20190000000000000003,900200000000000049,1,77.409,355.660,27546.000,2021-01-14 18:45:00.000,L2FT01-FTJ003,17.00,0.000,0.666012,16605,0.435592,0.055345,0,0,1,0.5400,罗湖区,23,23,0,0,0,0,1
2021-01-14,589179428,20190000000000000003,900200000000000047,1,115.408,311.889,35832.222,2021-01-14 19:00:00.000,L2FT01-FTJ003,17.10,0.000,0.666012,16605,0.435592,0.055345,0,0,1,0.5400,罗湖区,23,23,0,0,0,0,1
2021-01-14,589179428,20190000000000000003,900200000000000049,1,52.945,355.340,18818.667,2021-01-14 19:00:00.000,L2FT01-FTJ003,17.10,0.000,0.666012,16605,0.435592,0.055345,0,0,1,0.5400,罗湖区,23,23,0,0,0,0,1
2021-01-14,589179428,20190000000000000003,900200000000000032,1,98.090,326.300,32010.000,2021-01-14 19:15:00.000,L2FT01-FTJ003,17.10,0.000,0.666012,16605,0.435592,0.055345,0,0,1,0.5400,罗湖区,23,23,0,0,0,0,1
2021-01-14,589179428,20190000000000000003,900200000000000047,1,129.842,311.127,40394.000,2021-01-14 19:15:00.000,L2FT01-FTJ003,17.10,0.000,0.666012,16605,0.435592,0.055345,0,0,1,0.5400,罗湖区,23,23,0,0,0,0,1
2021-01-14,589179428,20190000000000000003,900200000000000049,1,24.790,356.133,8827.778,2021-01-14 19:15:00.000,L2FT01-FTJ003,17.10,0.000,0.666012,16605,0.435592,0.055345,0,0,1,0.5400,罗湖区,23,23,0,0,0,0,1
2021-01-14,589179428,20190000000000000003,900200000000000032,1,76.275,336.833,25708.667,2021-01-14 19:30:00.000,L2FT01-FTJ003,17.10,0.000,0.666012,16605,0.435592,0.055345,0,0,1,0.5400,罗湖区,23,23,0,0,0,0,1
2021-01-14,589179428,20190000000000000003,900200000000000047,1,129.890,312.891,40639.091,2021-01-14 19:30:00.000,L2FT01-FTJ003,17.10,0.000,0.666012,16605,0.435592,0.055345,0,0,1,0.5400,罗湖区,23,23,0,0,0,0,1
2021-01-14,589179428,20190000000000000003,900200000000000037,1,100.336,356.360,36026.000,2021-01-14 19:45:00.000,L2FT01-FTJ003,17.10,0.000,0.666012,16605,0.435592,0.055345,0,0,1,0.5400,罗湖区,23,23,0,0,0,0,1
2021-01-14,589179428,20190000000000000003,900200000000000032,1,45.190,339.600,15344.667,2021-01-14 19:45:00.000,L2FT01-FTJ003,17.10,0.000,0.666012,16605,0.435592,0.055345,0,0,1,0.5400,罗湖区,23,23,0,0,0,0,1
2021-01-14,589179428,20190000000000000003,900200000000000031,1,63.828,338.292,21591.538,2021-01-14 19:45:00.000,L2FT01-FTJ003,17.10,0.000,0.666012,16605,0.435592,0.055345,0,0,1,0.5400,罗湖区,23,23,0,0,0,0,1
2021-01-14,589179428,20190000000000000003,900200000000000031,1,59.603,349.360,20811.333,2021-01-14 20:00:00.000,L2FT01-FTJ003,17.40,0.000,0.666012,16605,0.435592,0.055345,0,0,1,0.5400,罗湖区,23,23,0,0,0,0,1
2021-01-14,589179428,20190000000000000003,900200000000000032,1,22.912,339.993,7788.000,2021-01-14 20:00:00.000,L2FT01-FTJ003,17.40,0.000,0.666012,16605,0.435592,0.055345,0,0,1,0.5400,罗湖区,23,23,0,0,0,0,1
2021-01-14,589179428,20190000000000000003,900200000000000037,1,127.306,365.760,46560.000,2021-01-14 20:00:00.000,L2FT01-FTJ003,17.40,0.000,0.666012,16605,0.435592,0.055345,0,0,1,0.5400,罗湖区,23,23,0,0,0,0,1
2021-01-14,589179428,20190000000000000003,900200000000000031,1,29.317,353.920,10372.667,2021-01-14 20:15:00.000,L2FT01-FTJ003,17.40,0.000,0.666012,16605,0.435592,0.055345,0,0,1,0.5400,罗湖区,23,23,0,0,0,0,1
2021-01-14,589179428,20190000000000000003,900200000000000032,1,21.618,342.000,7391.111,2021-01-14 20:15:00.000,L2FT01-FTJ003,17.40,0.000,0.666012,16605,0.435592,0.055345,0,0,1,0.5400,罗湖区,23,23,0,0,0,0,1
2021-01-14,589179428,20190000000000000003,900200000000000037,1,111.643,381.940,42602.667,2021-01-14 20:15:00.000,L2FT01-FTJ003,17.40,0.000,0.666012,16605,0.435592,0.055345,0,0,1,0.5400,罗湖区,23,23,0,0,0,0,1
2021-01-14,589179428,20190000000000000003,900200000000000037,1,49.330,389.580,19216.667,2021-01-14 20:30:00.000,L2FT01-FTJ003,17.40,0.000,0.666012,16605,0.435592,0.055345,0,0,1,0.5400,罗湖区,23,23,0,0,0,0,1
2021-01-14,589179428,20190000000000000003,900200000000000031,1,12.677,355.273,4502.000,2021-01-14 20:30:00.000,L2FT01-FTJ003,17.40,0.000,0.666012,16605,0.435592,0.055345,0,0,1,0.5400,罗湖区,23,23,0,0,0,0,1
2021-01-14,589179428,20190000000000000003,900200000000000031,1,10.315,356.858,3680.833,2021-01-14 20:45:00.000,L2FT01-FTJ003,17.40,0.000,0.666012,16605,0.435592,0.055345,0,0,1,0.5400,罗湖区,23,23,0,0,0,0,1
2021-01-14,589179428,20190000000000000003,900200000000000037,1,49.317,399.320,19692.000,2021-01-14 20:45:00.000,L2FT01-FTJ003,17.40,0.000,0.666012,16605,0.435592,0.055345,0,0,1,0.5400,罗湖区,23,23,0,0,0,0,1
2021-01-14,589179428,20190000000000000003,900200000000000037,1,49.357,405.567,20016.667,2021-01-14 21:00:00.000,L2FT01-FTJ003,17.88,0.000,0.666012,16605,0.435592,0.055345,0,0,1,0.5400,罗湖区,23,23,0,0,0,0,1
2021-01-14,589179428,20190000000000000003,900200000000000045,1,129.855,311.192,40405.385,2021-01-14 23:00:00.000,L2FT01-FTJ003,19.22,0.000,0.666012,16605,0.435592,0.055345,0,0,1,0.5400,罗湖区,23,23,0,0,0,0,1
2021-01-14,589179428,20190000000000000003,900200000000000043,1,129.845,309.500,40185.000,2021-01-14 23:15:00.000,L2FT01-FTJ003,19.22,0.000,0.666012,16605,0.435592,0.055345,0,0,1,0.5400,罗湖区,23,23,0,0,0,0,1
2021-01-14,589179428,20190000000000000003,900200000000000045,1,129.881,312.053,40526.667,2021-01-14 23:15:00.000,L2FT01-FTJ003,19.22,0.000,0.666012,16605,0.435592,0.055345,0,0,1,0.5400,罗湖区,23,23,0,0,0,0,1
2021-01-14,589179428,20190000000000000003,900200000000000057,1,79.503,350.833,27892.000,2021-01-14 23:30:00.000,L2FT01-FTJ003,19.22,0.000,0.666012,16605,0.435592,0.055345,0,0,1,0.5400,罗湖区,23,23,0,0,0,0,1
2021-01-14,589179428,20190000000000000003,900200000000000045,1,129.918,313.707,40754.000,2021-01-14 23:30:00.000,L2FT01-FTJ003,19.22,0.000,0.666012,16605,0.435592,0.055345,0,0,1,0.5400,罗湖区,23,23,0,0,0,0,1
2021-01-14,589179428,20190000000000000003,900200000000000043,1,129.870,311.113,40400.000,2021-01-14 23:30:00.000,L2FT01-FTJ003,19.22,0.000,0.666012,16605,0.435592,0.055345,0,0,1,0.5400,罗湖区,23,23,0,0,0,0,1
2021-01-14,589179428,20190000000000000003,900200000000000042,1,84.900,287.200,27895.000,2021-01-14 23:30:00.000,L2FT01-FTJ003,19.22,0.000,0.666012,16605,0.435592,0.055345,0,0,1,0.5400,罗湖区,23,23,0,0,0,0,1
2021-01-14,589179428,20190000000000000003,900200000000000042,1,154.873,337.647,52295.333,2021-01-14 23:45:00.000,L2FT01-FTJ003,19.22,0.000,0.666012,16605,0.435592,0.055345,0,0,1,0.5400,罗湖区,23,23,0,0,0,0,1
2021-01-14,589179428,20190000000000000003,900200000000000043,1,129.890,313.453,40711.333,2021-01-14 23:45:00.000,L2FT01-FTJ003,19.22,0.000,0.666012,16605,0.435592,0.055345,0,0,1,0.5400,罗湖区,23,23,0,0,0,0,1
2021-01-14,589179428,20190000000000000003,900200000000000045,1,129.890,314.853,40894.667,2021-01-14 23:45:00.000,L2FT01-FTJ003,19.22,0.000,0.666012,16605,0.435592,0.055345,0,0,1,0.5400,罗湖区,23,23,0,0,0,0,1
2021-01-14,589179428,20190000000000000003,900200000000000057,1,79.790,354.840,28310.000,2021-01-14 23:45:00.000,L2FT01-FTJ003,19.22,0.000,0.666012,16605,0.435592,0.055345,0,0,1,0.5400,罗湖区,23,23,0,0,0,0,1
2021-01-15,589179428,20190000000000000003,900200000000000042,1,140.240,348.220,48795.333,2021-01-15 00:00:00.000,L2FT01-FTJ003,20.00,0.000,0.666012,16605,0.435592,0.055345,0,0,1,0.5400,罗湖区,23,23,0,0,0,0,1
2021-01-15,589179428,20190000000000000003,900200000000000043,1,129.915,314.533,40859.333,2021-01-15 00:00:00.000,L2FT01-FTJ003,20.00,0.000,0.666012,16605,0.435592,0.055345,0,0,1,0.5400,罗湖区,23,23,0,0,0,0,1
2021-01-15,589179428,20190000000000000003,900200000000000045,1,105.247,320.823,33581.538,2021-01-15 00:00:00.000,L2FT01-FTJ003,20.00,0.000,0.666012,16605,0.435592,0.055345,0,0,1,0.5400,罗湖区,23,23,0,0,0,0,1
2021-01-15,589179428,20190000000000000003,900200000000000057,1,79.830,360.173,28750.667,2021-01-15 00:00:00.000,L2FT01-FTJ003,20.00,0.000,0.666012,16605,0.435592,0.055345,0,0,1,0.5400,罗湖区,23,23,0,0,0,0,1
2021-01-15,589179428,20190000000000000003,900200000000000042,1,92.532,362.973,33532.667,2021-01-15 00:15:00.000,L2FT01-FTJ003,20.00,0.000,0.666012,16605,0.435592,0.055345,0,0,1,0.5400,罗湖区,23,23,0,0,0,0,1
2021-01-15,589179428,20190000000000000003,900200000000000043,1,97.464,313.758,31091.667,2021-01-15 00:15:00.000,L2FT01-FTJ003,20.00,0.000,0.666012,16605,0.435592,0.055345,0,0,1,0.5400,罗湖区,23,23,0,0,0,0,1
2021-01-15,589179428,20190000000000000003,900200000000000057,1,79.817,368.573,29416.667,2021-01-15 00:15:00.000,L2FT01-FTJ003,20.00,0.000,0.666012,16605,0.435592,0.055345,0,0,1,0.5400,罗湖区,23,23,0,0,0,0,1
2021-01-15,589179428,20190000000000000003,900200000000000042,1,49.983,371.360,18560.000,2021-01-15 00:30:00.000,L2FT01-FTJ003,20.00,0.000,0.666012,16605,0.435592,0.055345,0,0,1,0.5400,罗湖区,23,23,0,0,0,0,1
2021-01-15,589179428,20190000000000000003,900200000000000057,1,65.164,376.447,24514.667,2021-01-15 00:30:00.000,L2FT01-FTJ003,20.00,0.000,0.666012,16605,0.435592,0.055345,0,0,1,0.5400,罗湖区,23,23,0,0,0,0,1
2021-01-15,589179428,20190000000000000003,900200000000000042,1,24.010,376.660,9048.667,2021-01-15 00:45:00.000,L2FT01-FTJ003,20.00,0.000,0.666012,16605,0.435592,0.055345,0,0,1,0.5400,罗湖区,23,23,0,0,0,0,1
2021-01-15,589179428,20190000000000000003,900200000000000057,1,38.617,380.700,14695.333,2021-01-15 00:45:00.000,L2FT01-FTJ003,20.00,0.000,0.666012,16605,0.435592,0.055345,0,0,1,0.5400,罗湖区,23,23,0,0,0,0,1
2021-01-15,589179428,20190000000000000003,900200000000000034,1,129.909,310.478,40328.889,2021-01-15 00:45:00.000,L2FT01-FTJ003,20.00,0.000,0.666012,16605,0.435592,0.055345,0,0,1,0.5400,罗湖区,23,23,0,0,0,0,1
2021-01-15,589179428,20190000000000000003,900200000000000034,1,129.812,311.933,40488.667,2021-01-15 01:00:00.000,L2FT01-FTJ003,20.78,0.000,0.666012,16605,0.435592,0.055345,0,0,1,0.5400,罗湖区,23,23,0,0,0,0,1
2021-01-15,589179428,20190000000000000003,900200000000000042,1,14.890,378.364,5633.571,2021-01-15 01:00:00.000,L2FT01-FTJ003,20.78,0.000,0.666012,16605,0.435592,0.055345,0,0,1,0.5400,罗湖区,23,23,0,0,0,0,1
2021-01-15,589179428,20190000000000000003,900200000000000057,1,23.119,383.160,8854.000,2021-01-15 01:00:00.000,L2FT01-FTJ003,20.78,0.000,0.666012,16605,0.435592,0.055345,0,0,1,0.5400,罗湖区,23,23,0,0,0,0,1
2021-01-15,589179428,20190000000000000003,900200000000000034,1,129.800,313.413,40675.333,2021-01-15 01:15:00.000,L2FT01-FTJ003,20.78,0.000,0.666012,16605,0.435592,0.055345,0,0,1,0.5400,罗湖区,23,23,0,0,0,0,1
2021-01-15,589179428,20190000000000000003,900200000000000057,1,19.890,385.327,7663.333,2021-01-15 01:15:00.000,L2FT01-FTJ003,20.78,0.000,0.666012,16605,0.435592,0.055345,0,0,1,0.5400,罗湖区,23,23,0,0,0,0,1
2021-01-15,589179428,20190000000000000003,900200000000000034,1,129.800,314.347,40797.333,2021-01-15 01:30:00.000,L2FT01-FTJ003,20.78,0.000,0.666012,16605,0.435592,0.055345,0,0,1,0.5400,罗湖区,23,23,0,0,0,0,1
2021-01-15,589179428,20190000000000000003,900200000000000057,1,19.890,387.773,7710.667,2021-01-15 01:30:00.000,L2FT01-FTJ003,20.78,0.000,0.666012,16605,0.435592,0.055345,0,0,1,0.5400,罗湖区,23,23,0,0,0,0,1
2021-01-15,589179428,20190000000000000003,900200000000000034,1,112.206,317.733,35602.500,2021-01-15 01:45:00.000,L2FT01-FTJ003,20.78,0.000,0.666012,16605,0.435592,0.055345,0,0,1,0.5400,罗湖区,23,23,0,0,0,0,1
2021-01-15,589179428,20190000000000000003,900200000000000038,1,95.876,393.333,37725.556,2021-01-15 01:45:00.000,L2FT01-FTJ003,20.78,0.000,0.666012,16605,0.435592,0.055345,0,0,1,0.5400,罗湖区,23,23,0,0,0,0,1
2021-01-15,589179428,20190000000000000003,900200000000000057,1,19.890,389.688,7748.750,2021-01-15 01:45:00.000,L2FT01-FTJ003,20.78,0.000,0.666012,16605,0.435592,0.055345,0,0,1,0.5400,罗湖区,23,23,0,0,0,0,1
2021-01-15,589179428,20190000000000000003,900200000000000038,1,101.858,401.820,40938.000,2021-01-15 02:00:00.000,L2FT01-FTJ003,21.50,0.000,0.666012,16605,0.435592,0.055345,0,0,1,0.5400,罗湖区,23,23,0,0,0,0,1
2021-01-15,589179428,20190000000000000003,900200000000000038,1,126.077,416.580,52543.333,2021-01-15 02:15:00.000,L2FT01-FTJ003,21.50,0.000,0.666012,16605,0.435592,0.055345,0,0,1,0.5400,罗湖区,23,23,0,0,0,0,1
2021-01-15,589179428,20190000000000000003,900200000000000047,1,129.837,311.000,40373.333,2021-01-15 02:15:00.000,L2FT01-FTJ003,21.50,0.000,0.666012,16605,0.435592,0.055345,0,0,1,0.5400,罗湖区,23,23,0,0,0,0,1
2021-01-15,589179428,20190000000000000003,900200000000000047,1,129.854,311.973,40506.667,2021-01-15 02:30:00.000,L2FT01-FTJ003,21.50,0.000,0.666012,16605,0.435592,0.055345,0,0,1,0.5400,罗湖区,23,23,0,0,0,0,1
2021-01-15,589179428,20190000000000000003,900200000000000038,1,86.041,435.940,37441.333,2021-01-15 02:30:00.000,L2FT01-FTJ003,21.50,0.000,0.666012,16605,0.435592,0.055345,0,0,1,0.5400,罗湖区,23,23,0,0,0,0,1
2021-01-15,589179428,20190000000000000003,900200000000000047,1,129.854,313.487,40704.000,2021-01-15 02:45:00.000,L2FT01-FTJ003,21.50,0.000,0.666012,16605,0.435592,0.055345,0,0,1,0.5400,罗湖区,23,23,0,0,0,0,1
2021-01-15,589179428,20190000000000000003,900200000000000043,1,126.639,312.147,39592.667,2021-01-15 02:45:00.000,L2FT01-FTJ003,21.50,0.000,0.666012,16605,0.435592,0.055345,0,0,1,0.5400,罗湖区,23,23,0,0,0,0,1
2021-01-15,589179428,20190000000000000003,900200000000000038,1,42.057,444.207,18671.333,2021-01-15 02:45:00.000,L2FT01-FTJ003,21.50,0.000,0.666012,16605,0.435592,0.055345,0,0,1,0.5400,罗湖区,23,23,0,0,0,0,1
2021-01-15,589179428,20190000000000000003,900200000000000038,1,34.890,447.900,15630.000,2021-01-15 03:00:00.000,L2FT01-FTJ003,22.12,0.000,0.666012,16605,0.435592,0.055345,0,0,1,0.5400,罗湖区,23,23,0,0,0,0,1
2021-01-15,589179428,20190000000000000003,900200000000000043,1,134.831,314.053,42340.667,2021-01-15 03:00:00.000,L2FT01-FTJ003,22.12,0.000,0.666012,16605,0.435592,0.055345,0,0,1,0.5400,罗湖区,23,23,0,0,0,0,1
2021-01-15,589179428,20190000000000000003,900200000000000047,1,129.866,314.320,40817.333,2021-01-15 03:00:00.000,L2FT01-FTJ003,22.12,0.000,0.666012,16605,0.435592,0.055345,0,0,1,0.5400,罗湖区,23,23,0,0,0,0,1
2021-01-15,589179428,20190000000000000003,900200000000000043,1,134.879,316.113,42636.000,2021-01-15 03:15:00.000,L2FT01-FTJ003,22.12,0.000,0.666012,16605,0.435592,0.055345,0,0,1,0.5400,罗湖区,23,23,0,0,0,0,1
2021-01-15,589179428,20190000000000000003,900200000000000047,1,129.919,315.727,41016.667,2021-01-15 03:15:00.000,L2FT01-FTJ003,22.12,0.000,0.666012,16605,0.435592,0.055345,0,0,1,0.5400,罗湖区,23,23,0,0,0,0,1
2021-01-15,589179428,20190000000000000003,900200000000000038,1,129.365,334.631,46420.000,2021-01-15 03:30:00.000,L2FT01-FTJ003,22.12,0.000,0.666012,16605,0.435592,0.055345,0,0,1,0.5400,罗湖区,23,23,0,0,0,0,1
2021-01-15,589179428,20190000000000000003,900200000000000043,1,59.890,329.667,19630.000,2021-01-15 03:30:00.000,L2FT01-FTJ003,22.12,0.000,0.666012,16605,0.435592,0.055345,0,0,1,0.5400,罗湖区,23,23,0,0,0,0,1
2021-01-15,589179428,20190000000000000003,900200000000000047,1,88.519,321.764,28314.545,2021-01-15 03:30:00.000,L2FT01-FTJ003,22.12,0.000,0.666012,16605,0.435592,0.055345,0,0,1,0.5400,罗湖区,23,23,0,0,0,0,1
2021-01-15,589179428,20190000000000000003,900200000000000038,1,142.800,371.753,53080.667,2021-01-15 03:45:00.000,L2FT01-FTJ003,22.12,0.000,0.666012,16605,0.435592,0.055345,0,0,1,0.5400,罗湖区,23,23,0,0,0,0,1
2021-01-15,589179428,20190000000000000003,900200000000000038,1,107.328,392.720,42056.000,2021-01-15 04:00:00.000,L2FT01-FTJ003,22.60,0.000,0.666012,16605,0.435592,0.055345,0,0,1,0.5400,罗湖区,23,23,0,0,0,0,1
2021-01-15,589179428,20190000000000000003,900200000000000038,1,21.771,397.480,8656.667,2021-01-15 04:15:00.000,L2FT01-FTJ003,22.60,0.000,0.666012,16605,0.435592,0.055345,0,0,1,0.5400,罗湖区,23,23,0,0,0,0,1
2021-01-15,589179428,20190000000000000003,900200000000000038,1,14.290,398.800,5696.667,2021-01-15 04:30:00.000,L2FT01-FTJ003,22.60,0.000,0.666012,16605,0.435592,0.055345,0,0,1,0.5400,罗湖区,23,23,0,0,0,0,1
2021-01-15,589179428,20190000000000000003,900200000000000058,1,91.980,343.927,32085.333,2021-01-15 09:15:00.000,L2FT01-FTJ003,22.12,0.000,0.666012,16605,0.435592,0.055345,0,0,1,0.5400,罗湖区,23,23,0,0,0,0,1
2021-01-15,589179428,20190000000000000003,900200000000000058,1,109.878,351.167,38583.333,2021-01-15 09:30:00.000,L2FT01-FTJ003,22.12,0.000,0.666012,16605,0.435592,0.055345,0,0,1,0.5400,罗湖区,23,23,0,0,0,0,1
2021-01-15,589179428,20190000000000000003,900200000000000058,1,81.126,355.892,28793.333,2021-01-15 09:45:00.000,L2FT01-FTJ003,22.12,0.000,0.666012,16605,0.435592,0.055345,0,0,1,0.5400,罗湖区,23,23,0,0,0,0,1
2021-01-15,589179428,20190000000000000003,900200000000000038,1,129.826,316.086,41033.571,2021-01-15 10:00:00.000,L2FT01-FTJ003,21.50,0.000,0.666012,16605,0.435592,0.055345,0,0,1,0.5400,罗湖区,23,23,0,0,0,0,1
2021-01-15,589179428,20190000000000000003,900200000000000038,1,103.840,304.180,33332.000,2021-01-15 10:15:00.000,L2FT01-FTJ003,21.50,0.000,0.666012,16605,0.435592,0.055345,0,0,1,0.5400,罗湖区,23,23,0,0,0,0,1
2021-01-15,589179428,20190000000000000003,900200000000000044,1,64.015,335.438,21470.000,2021-01-15 10:15:00.000,L2FT01-FTJ003,21.50,0.000,0.666012,16605,0.435592,0.055345,0,0,1,0.5400,罗湖区,23,23,0,0,0,0,1
2021-01-15,589179428,20190000000000000003,900200000000000044,1,63.830,342.187,21840.667,2021-01-15 10:30:00.000,L2FT01-FTJ003,21.50,0.000,0.666012,16605,0.435592,0.055345,0,0,1,0.5400,罗湖区,23,23,0,0,0,0,1
2021-01-15,589179428,20190000000000000003,900200000000000044,1,63.823,352.067,22468.000,2021-01-15 10:45:00.000,L2FT01-FTJ003,21.50,0.000,0.666012,16605,0.435592,0.055345,0,0,1,0.5400,罗湖区,23,23,0,0,0,0,1
2021-01-15,589179428,20190000000000000003,900200000000000044,1,63.797,363.313,23176.667,2021-01-15 11:00:00.000,L2FT01-FTJ003,20.78,0.000,0.666012,16605,0.435592,0.055345,0,0,1,0.5400,罗湖区,23,23,0,0,0,0,1
2021-01-15,589179428,20190000000000000003,900200000000000057,1,77.345,378.150,29275.000,2021-01-15 11:00:00.000,L2FT01-FTJ003,20.78,0.000,0.666012,16605,0.435592,0.055345,0,0,1,0.5400,罗湖区,23,23,0,0,0,0,1
2021-01-15,589179428,20190000000000000003,900200000000000044,1,46.817,372.787,17445.333,2021-01-15 11:15:00.000,L2FT01-FTJ003,20.78,0.000,0.666012,16605,0.435592,0.055345,0,0,1,0.5400,罗湖区,23,23,0,0,0,0,1
2021-01-15,589179428,20190000000000000003,900200000000000057,1,59.010,387.147,22826.000,2021-01-15 11:15:00.000,L2FT01-FTJ003,20.78,0.000,0.666012,16605,0.435592,0.055345,0,0,1,0.5400,罗湖区,23,23,0,0,0,0,1
2021-01-15,589179428,20190000000000000003,900200000000000044,1,25.666,376.458,9658.333,2021-01-15 11:30:00.000,L2FT01-FTJ003,20.78,0.000,0.666012,16605,0.435592,0.055345,0,0,1,0.5400,罗湖区,23,23,0,0,0,0,1
2021-01-15,589179428,20190000000000000003,900200000000000057,1,32.453,395.533,12833.333,2021-01-15 11:30:00.000,L2FT01-FTJ003,20.78,0.000,0.666012,16605,0.435592,0.055345,0,0,1,0.5400,罗湖区,23,23,0,0,0,0,1
2021-01-15,589179428,20190000000000000003,900200000000000057,1,19.026,398.486,7577.143,2021-01-15 11:45:00.000,L2FT01-FTJ003,20.78,0.000,0.666012,16605,0.435592,0.055345,0,0,1,0.5400,罗湖区,23,23,0,0,0,0,1
2021-01-15,589179428,20190000000000000003,900200000000000032,1,63.811,330.433,21082.000,2021-01-15 13:00:00.000,L2FT01-FTJ003,19.22,0.000,0.666012,16605,0.435592,0.055345,0,0,1,0.5400,罗湖区,23,23,0,0,0,0,1
2021-01-15,589179428,20190000000000000003,900200000000000032,1,63.790,341.227,21765.333,2021-01-15 13:15:00.000,L2FT01-FTJ003,19.22,0.000,0.666012,16605,0.435592,0.055345,0,0,1,0.5400,罗湖区,23,23,0,0,0,0,1
2021-01-15,589179428,20190000000000000003,900200000000000032,1,63.790,347.400,22160.000,2021-01-15 13:30:00.000,L2FT01-FTJ003,19.22,0.000,0.666012,16605,0.435592,0.055345,0,0,1,0.5400,罗湖区,23,23,0,0,0,0,1
2021-01-15,589179428,20190000000000000003,900200000000000058,1,116.856,312.090,36662.000,2021-01-15 14:15:00.000,L2FT01-FTJ003,18.50,0.000,0.666012,16605,0.435592,0.055345,0,0,1,0.5400,罗湖区,23,23,0,0,0,0,1
2021-01-15,589179428,20190000000000000003,900200000000000058,1,129.848,314.640,40850.000,2021-01-15 14:30:00.000,L2FT01-FTJ003,18.50,0.000,0.666012,16605,0.435592,0.055345,0,0,1,0.5400,罗湖区,23,23,0,0,0,0,1
2021-01-15,589179428,20190000000000000003,900200000000000058,1,129.806,315.573,40958.667,2021-01-15 14:45:00.000,L2FT01-FTJ003,18.50,0.000,0.666012,16605,0.435592,0.055345,0,0,1,0.5400,罗湖区,23,23,0,0,0,0,1
2021-01-15,589179428,20190000000000000003,900200000000000058,1,95.858,325.560,30619.000,2021-01-15 15:00:00.000,L2FT01-FTJ003,17.88,0.000,0.666012,16605,0.435592,0.055345,0,0,1,0.5400,罗湖区,23,23,0,0,0,0,1
2021-01-15,589179428,20190000000000000003,900200000000000058,1,129.897,311.213,40424.000,2021-01-15 15:15:00.000,L2FT01-FTJ003,17.88,0.000,0.666012,16605,0.435592,0.055345,0,0,1,0.5400,罗湖区,23,23,0,0,0,0,1
2021-01-15,589179428,20190000000000000003,900200000000000049,1,129.976,308.200,40054.000,2021-01-15 15:30:00.000,L2FT01-FTJ003,17.88,0.000,0.666012,16605,0.435592,0.055345,0,0,1,0.5400,罗湖区,23,23,0,0,0,0,1
2021-01-15,589179428,20190000000000000003,900200000000000058,1,129.890,312.373,40572.000,2021-01-15 15:30:00.000,L2FT01-FTJ003,17.88,0.000,0.666012,16605,0.435592,0.055345,0,0,1,0.5400,罗湖区,23,23,0,0,0,0,1
2021-01-15,589179428,20190000000000000003,900200000000000030,1,143.800,313.000,45000.000,2021-01-15 15:45:00.000,L2FT01-FTJ003,17.88,0.000,0.666012,16605,0.435592,0.055345,0,0,1,0.5400,罗湖区,23,23,0,0,0,0,1
2021-01-15,589179428,20190000000000000003,900200000000000049,1,129.836,310.480,40307.333,2021-01-15 15:45:00.000,L2FT01-FTJ003,17.88,0.000,0.666012,16605,0.435592,0.055345,0,0,1,0.5400,罗湖区,23,23,0,0,0,0,1
2021-01-15,589179428,20190000000000000003,900200000000000058,1,129.890,315.267,40947.333,2021-01-15 15:45:00.000,L2FT01-FTJ003,17.88,0.000,0.666012,16605,0.435592,0.055345,0,0,1,0.5400,罗湖区,23,23,0,0,0,0,1
2021-01-15,589179428,20190000000000000003,900200000000000058,1,93.844,317.880,29824.667,2021-01-15 16:00:00.000,L2FT01-FTJ003,17.40,0.000,0.666012,16605,0.435592,0.055345,0,0,1,0.5400,罗湖区,23,23,0,0,0,0,1
2021-01-15,589179428,20190000000000000003,900200000000000049,1,129.878,310.993,40387.333,2021-01-15 16:00:00.000,L2FT01-FTJ003,17.40,0.000,0.666012,16605,0.435592,0.055345,0,0,1,0.5400,罗湖区,23,23,0,0,0,0,1
2021-01-15,589179428,20190000000000000003,900200000000000030,1,133.066,308.479,41961.429,2021-01-15 16:00:00.000,L2FT01-FTJ003,17.40,0.000,0.666012,16605,0.435592,0.055345,0,0,1,0.5400,罗湖区,23,23,0,0,0,0,1
2021-01-15,589179428,20190000000000000003,900200000000000049,1,129.830,312.787,40604.667,2021-01-15 16:15:00.000,L2FT01-FTJ003,17.40,0.000,0.666012,16605,0.435592,0.055345,0,0,1,0.5400,罗湖区,23,23,0,0,0,0,1
2021-01-15,589179428,20190000000000000003,900200000000000057,1,199.872,316.580,63270.000,2021-01-15 16:15:00.000,L2FT01-FTJ003,17.40,0.000,0.666012,16605,0.435592,0.055345,0,0,1,0.5400,罗湖区,23,23,0,0,0,0,1
2021-01-15,589179428,20190000000000000003,900200000000000058,1,69.790,324.300,22630.000,2021-01-15 16:15:00.000,L2FT01-FTJ003,17.40,0.000,0.666012,16605,0.435592,0.055345,0,0,1,0.5400,罗湖区,23,23,0,0,0,0,1
2021-01-15,589179428,20190000000000000003,900200000000000049,1,127.916,316.680,40486.667,2021-01-15 16:30:00.000,L2FT01-FTJ003,17.40,0.000,0.666012,16605,0.435592,0.055345,0,0,1,0.5400,罗湖区,23,23,0,0,0,0,1
2021-01-15,589179428,20190000000000000003,900200000000000057,1,111.087,337.936,38166.364,2021-01-15 16:30:00.000,L2FT01-FTJ003,17.40,0.000,0.666012,16605,0.435592,0.055345,0,0,1,0.5400,罗湖区,23,23,0,0,0,0,1
2021-01-15,589179428,20190000000000000003,900200000000000057,1,103.913,358.773,37295.333,2021-01-15 16:45:00.000,L2FT01-FTJ003,17.40,0.000,0.666012,16605,0.435592,0.055345,0,0,1,0.5400,罗湖区,23,23,0,0,0,0,1
2021-01-15,589179428,20190000000000000003,900200000000000049,1,43.123,326.133,14060.000,2021-01-15 16:45:00.000,L2FT01-FTJ003,17.40,0.000,0.666012,16605,0.435592,0.055345,0,0,1,0.5400,罗湖区,23,23,0,0,0,0,1
2021-01-15,589179428,20190000000000000003,900200000000000031,1,199.842,317.473,63438.667,2021-01-15 16:45:00.000,L2FT01-FTJ003,17.40,0.000,0.666012,16605,0.435592,0.055345,0,0,1,0.5400,罗湖区,23,23,0,0,0,0,1
2021-01-15,589179428,20190000000000000003,900200000000000048,1,114.060,414.017,47353.333,2021-01-15 16:45:00.000,L2FT01-FTJ003,17.40,0.000,0.666012,16605,0.435592,0.055345,0,0,1,0.5400,罗湖区,23,23,0,0,0,0,1
2021-01-15,589179428,20190000000000000003,900200000000000031,1,76.510,323.333,24796.667,2021-01-15 17:00:00.000,L2FT01-FTJ003,17.10,0.000,0.666012,16605,0.435592,0.055345,0,0,1,0.5400,罗湖区,23,23,0,0,0,0,1
2021-01-15,589179428,20190000000000000003,900200000000000048,1,123.895,425.267,52684.667,2021-01-15 17:00:00.000,L2FT01-FTJ003,17.10,0.000,0.666012,16605,0.435592,0.055345,0,0,1,0.5400,罗湖区,23,23,0,0,0,0,1
2021-01-15,589179428,20190000000000000003,900200000000000057,1,51.905,356.480,18504.667,2021-01-15 17:00:00.000,L2FT01-FTJ003,17.10,0.000,0.666012,16605,0.435592,0.055345,0,0,1,0.5400,罗湖区,23,23,0,0,0,0,1
2021-01-15,589179428,20190000000000000003,900200000000000048,1,121.437,446.940,54243.333,2021-01-15 17:15:00.000,L2FT01-FTJ003,17.10,0.000,0.666012,16605,0.435592,0.055345,0,0,1,0.5400,罗湖区,23,23,0,0,0,0,1
2021-01-15,589179428,20190000000000000003,900200000000000057,1,29.468,359.375,10582.500,2021-01-15 17:15:00.000,L2FT01-FTJ003,17.10,0.000,0.666012,16605,0.435592,0.055345,0,0,1,0.5400,罗湖区,23,23,0,0,0,0,1
2021-01-15,589179428,20190000000000000003,900200000000000048,1,49.691,461.080,22884.000,2021-01-15 17:30:00.000,L2FT01-FTJ003,17.10,0.000,0.666012,16605,0.435592,0.055345,0,0,1,0.5400,罗湖区,23,23,0,0,0,0,1
2021-01-15,589179428,20190000000000000003,900200000000000058,1,129.845,311.350,40425.000,2021-01-15 17:30:00.000,L2FT01-FTJ003,17.10,0.000,0.666012,16605,0.435592,0.055345,0,0,1,0.5400,罗湖区,23,23,0,0,0,0,1
2021-01-15,589179428,20190000000000000003,900200000000000048,1,20.123,463.533,9326.667,2021-01-15 17:45:00.000,L2FT01-FTJ003,17.10,0.000,0.666012,16605,0.435592,0.055345,0,0,1,0.5400,罗湖区,23,23,0,0,0,0,1
2021-01-15,589179428,20190000000000000003,900200000000000058,1,129.812,314.240,40788.000,2021-01-15 17:45:00.000,L2FT01-FTJ003,17.10,0.000,0.666012,16605,0.435592,0.055345,0,0,1,0.5400,罗湖区,23,23,0,0,0,0,1
2021-01-15,589179428,20190000000000000003,900200000000000058,1,129.800,315.520,40948.667,2021-01-15 18:00:00.000,L2FT01-FTJ003,17.00,0.000,0.666012,16605,0.435592,0.055345,0,0,1,0.5400,罗湖区,23,23,0,0,0,0,1
2021-01-15,589179428,20190000000000000003,900200000000000058,1,129.860,316.567,41106.667,2021-01-15 18:15:00.000,L2FT01-FTJ003,17.00,0.000,0.666012,16605,0.435592,0.055345,0,0,1,0.5400,罗湖区,23,23,0,0,0,0,1
2021-01-16,589179428,20190000000000000003,900200000000000037,1,5.790,341.900,1980.000,2021-01-16 08:30:00.000,L2FT01-FTJ003,22.60,0.000,0.666012,16605,0.435592,0.055345,0,0,0,0.5400,罗湖区,23,23,0,0,0,0,1
2021-01-16,589179428,20190000000000000003,900200000000000037,1,73.865,355.467,26255.333,2021-01-16 08:45:00.000,L2FT01-FTJ003,22.60,0.000,0.666012,16605,0.435592,0.055345,0,0,0,0.5400,罗湖区,23,23,0,0,0,0,1
2021-01-16,589179428,20190000000000000003,900200000000000037,1,73.899,367.147,27130.000,2021-01-16 09:00:00.000,L2FT01-FTJ003,22.12,0.000,0.666012,16605,0.435592,0.055345,0,0,0,0.5400,罗湖区,23,23,0,0,0,0,1
2021-01-16,589179428,20190000000000000003,900200000000000037,1,73.817,376.527,27793.333,2021-01-16 09:15:00.000,L2FT01-FTJ003,22.12,0.000,0.666012,16605,0.435592,0.055345,0,0,0,0.5400,罗湖区,23,23,0,0,0,0,1
2021-01-16,589179428,20190000000000000003,900200000000000037,1,52.103,384.193,20007.333,2021-01-16 09:30:00.000,L2FT01-FTJ003,22.12,0.000,0.666012,16605,0.435592,0.055345,0,0,0,0.5400,罗湖区,23,23,0,0,0,0,1
2021-01-16,589179428,20190000000000000003,900200000000000037,1,24.190,385.100,9314.000,2021-01-16 09:45:00.000,L2FT01-FTJ003,22.12,0.000,0.666012,16605,0.435592,0.055345,0,0,0,0.5400,罗湖区,23,23,0,0,0,0,1
2021-01-16,589179428,20190000000000000003,900200000000000034,1,58.898,327.800,19590.000,2021-01-16 13:15:00.000,L2FT01-FTJ003,19.22,0.000,0.666012,16605,0.435592,0.055345,0,0,0,0.5400,罗湖区,23,23,0,0,0,0,1
2021-01-16,589179428,20190000000000000003,900200000000000034,1,73.258,333.153,24406.667,2021-01-16 13:30:00.000,L2FT01-FTJ003,19.22,0.000,0.666012,16605,0.435592,0.055345,0,0,0,0.5400,罗湖区,23,23,0,0,0,0,1
2021-01-16,589179428,20190000000000000003,900200000000000034,1,31.357,335.267,10513.333,2021-01-16 13:45:00.000,L2FT01-FTJ003,19.22,0.000,0.666012,16605,0.435592,0.055345,0,0,0,0.5400,罗湖区,23,23,0,0,0,0,1
2021-01-16,589179428,20190000000000000003,900200000000000040,1,129.870,310.262,40286.250,2021-01-16 16:15:00.000,L2FT01-FTJ003,17.40,0.000,0.666012,16605,0.435592,0.055345,0,0,0,0.5400,罗湖区,23,23,0,0,0,0,1
2021-01-16,589179428,20190000000000000003,900200000000000040,1,129.890,310.927,40382.667,2021-01-16 16:30:00.000,L2FT01-FTJ003,17.40,0.000,0.666012,16605,0.435592,0.055345,0,0,0,0.5400,罗湖区,23,23,0,0,0,0,1
2021-01-16,589179428,20190000000000000003,900200000000000040,1,130.982,312.487,40925.333,2021-01-16 16:45:00.000,L2FT01-FTJ003,17.40,0.000,0.666012,16605,0.435592,0.055345,0,0,0,0.5400,罗湖区,23,23,0,0,0,0,1
2021-01-16,589179428,20190000000000000003,900200000000000040,1,129.978,313.880,40792.667,2021-01-16 17:00:00.000,L2FT01-FTJ003,17.10,0.000,0.666012,16605,0.435592,0.055345,0,0,0,0.5400,罗湖区,23,23,0,0,0,0,1
2021-01-16,589179428,20190000000000000003,900200000000000032,1,125.704,350.378,44084.444,2021-01-16 17:15:00.000,L2FT01-FTJ003,17.10,0.000,0.666012,16605,0.435592,0.055345,0,0,0,0.5400,罗湖区,23,23,0,0,0,0,1
2021-01-16,589179428,20190000000000000003,900200000000000040,1,131.492,315.080,41426.667,2021-01-16 17:15:00.000,L2FT01-FTJ003,17.10,0.000,0.666012,16605,0.435592,0.055345,0,0,0,0.5400,罗湖区,23,23,0,0,0,0,1
2021-01-16,589179428,20190000000000000003,900200000000000032,1,147.091,360.647,53041.333,2021-01-16 17:30:00.000,L2FT01-FTJ003,17.10,0.000,0.666012,16605,0.435592,0.055345,0,0,0,0.5400,罗湖区,23,23,0,0,0,0,1
2021-01-16,589179428,20190000000000000003,900200000000000040,1,120.230,319.910,38363.000,2021-01-16 17:30:00.000,L2FT01-FTJ003,17.10,0.000,0.666012,16605,0.435592,0.055345,0,0,0,0.5400,罗湖区,23,23,0,0,0,0,1
2021-01-16,589179428,20190000000000000003,900200000000000032,1,121.463,375.080,45555.333,2021-01-16 17:45:00.000,L2FT01-FTJ003,17.10,0.000,0.666012,16605,0.435592,0.055345,0,0,0,0.5400,罗湖区,23,23,0,0,0,0,1
2021-01-16,589179428,20190000000000000003,900200000000000049,1,129.878,310.750,40356.667,2021-01-16 17:45:00.000,L2FT01-FTJ003,17.10,0.000,0.666012,16605,0.435592,0.055345,0,0,0,0.5400,罗湖区,23,23,0,0,0,0,1
2021-01-16,589179428,20190000000000000003,900200000000000049,1,129.890,311.393,40445.333,2021-01-16 18:00:00.000,L2FT01-FTJ003,17.00,0.000,0.666012,16605,0.435592,0.055345,0,0,0,0.5400,罗湖区,23,23,0,0,0,0,1
2021-01-16,589179428,20190000000000000003,900200000000000032,1,61.553,387.873,23848.000,2021-01-16 18:00:00.000,L2FT01-FTJ003,17.00,0.000,0.666012,16605,0.435592,0.055345,0,0,0,0.5400,罗湖区,23,23,0,0,0,0,1
2021-01-16,589179428,20190000000000000003,900200000000000032,1,34.670,393.550,13645.000,2021-01-16 18:15:00.000,L2FT01-FTJ003,17.00,0.000,0.666012,16605,0.435592,0.055345,0,0,0,0.5400,罗湖区,23,23,0,0,0,0,1
2021-01-16,589179428,20190000000000000003,900200000000000038,1,130.969,314.214,41150.000,2021-01-16 18:15:00.000,L2FT01-FTJ003,17.00,0.000,0.666012,16605,0.435592,0.055345,0,0,0,0.5400,罗湖区,23,23,0,0,0,0,1
2021-01-16,589179428,20190000000000000003,900200000000000049,1,129.897,312.913,40644.000,2021-01-16 18:15:00.000,L2FT01-FTJ003,17.00,0.000,0.666012,16605,0.435592,0.055345,0,0,0,0.5400,罗湖区,23,23,0,0,0,0,1
2021-01-16,589179428,20190000000000000003,900200000000000038,1,131.800,314.950,41505.000,2021-01-16 18:30:00.000,L2FT01-FTJ003,17.00,0.000,0.666012,16605,0.435592,0.055345,0,0,0,0.5400,罗湖区,23,23,0,0,0,0,1
2021-01-16,589179428,20190000000000000003,900200000000000049,1,129.993,314.473,40874.000,2021-01-16 18:30:00.000,L2FT01-FTJ003,17.00,0.000,0.666012,16605,0.435592,0.055345,0,0,0,0.5400,罗湖区,23,23,0,0,0,0,1
2021-01-16,589179428,20190000000000000003,900200000000000036,1,63.850,339.400,21672.000,2021-01-16 18:45:00.000,L2FT01-FTJ003,17.00,0.000,0.666012,16605,0.435592,0.055345,0,0,0,0.5400,罗湖区,23,23,0,0,0,0,1
2021-01-16,589179428,20190000000000000003,900200000000000049,1,129.956,316.047,41068.667,2021-01-16 18:45:00.000,L2FT01-FTJ003,17.00,0.000,0.666012,16605,0.435592,0.055345,0,0,0,0.5400,罗湖区,23,23,0,0,0,0,1
2021-01-16,589179428,20190000000000000003,900200000000000036,1,63.803,348.473,22232.000,2021-01-16 19:00:00.000,L2FT01-FTJ003,17.10,0.000,0.666012,16605,0.435592,0.055345,0,0,0,0.5400,罗湖区,23,23,0,0,0,0,1
2021-01-16,589179428,20190000000000000003,900200000000000049,1,130.000,318.567,41410.000,2021-01-16 19:00:00.000,L2FT01-FTJ003,17.10,0.000,0.666012,16605,0.435592,0.055345,0,0,0,0.5400,罗湖区,23,23,0,0,0,0,1
2021-01-16,589179428,20190000000000000003,900200000000000036,1,30.649,353.913,10842.000,2021-01-16 19:15:00.000,L2FT01-FTJ003,17.10,0.000,0.666012,16605,0.435592,0.055345,0,0,0,0.5400,罗湖区,23,23,0,0,0,0,1
2021-01-16,589179428,20190000000000000003,900200000000000058,1,116.829,315.320,36344.000,2021-01-16 19:15:00.000,L2FT01-FTJ003,17.10,0.000,0.666012,16605,0.435592,0.055345,0,0,0,0.5400,罗湖区,23,23,0,0,0,0,1
2021-01-16,589179428,20190000000000000003,900200000000000036,1,12.590,355.327,4471.333,2021-01-16 19:30:00.000,L2FT01-FTJ003,17.10,0.000,0.666012,16605,0.435592,0.055345,0,0,0,0.5400,罗湖区,23,23,0,0,0,0,1
2021-01-16,589179428,20190000000000000003,900200000000000042,1,129.815,312.867,40610.000,2021-01-16 19:30:00.000,L2FT01-FTJ003,17.10,0.000,0.666012,16605,0.435592,0.055345,0,0,0,0.5400,罗湖区,23,23,0,0,0,0,1
2021-01-16,589179428,20190000000000000003,900200000000000058,1,129.800,311.283,40398.333,2021-01-16 19:30:00.000,L2FT01-FTJ003,17.10,0.000,0.666012,16605,0.435592,0.055345,0,0,0,0.5400,罗湖区,23,23,0,0,0,0,1
2021-01-16,589179428,20190000000000000003,900200000000000042,1,129.836,315.687,40983.333,2021-01-16 19:45:00.000,L2FT01-FTJ003,17.10,0.000,0.666012,16605,0.435592,0.055345,0,0,0,0.5400,罗湖区,23,23,0,0,0,0,1
2021-01-16,589179428,20190000000000000003,900200000000000056,1,129.900,305.900,39730.000,2021-01-16 19:45:00.000,L2FT01-FTJ003,17.10,0.000,0.666012,16605,0.435592,0.055345,0,0,0,0.5400,罗湖区,23,23,0,0,0,0,1
2021-01-16,589179428,20190000000000000003,900200000000000036,1,10.652,356.985,3800.769,2021-01-16 19:45:00.000,L2FT01-FTJ003,17.10,0.000,0.666012,16605,0.435592,0.055345,0,0,0,0.5400,罗湖区,23,23,0,0,0,0,1
2021-01-16,589179428,20190000000000000003,900200000000000042,1,129.826,322.300,41838.571,2021-01-16 20:00:00.000,L2FT01-FTJ003,17.40,0.000,0.666012,16605,0.435592,0.055345,0,0,0,0.5400,罗湖区,23,23,0,0,0,0,1
2021-01-16,589179428,20190000000000000003,900200000000000056,1,129.820,308.967,40104.444,2021-01-16 20:00:00.000,L2FT01-FTJ003,17.40,0.000,0.666012,16605,0.435592,0.055345,0,0,0,0.5400,罗湖区,23,23,0,0,0,0,1
2021-01-16,589179428,20190000000000000003,900200000000000034,1,145.526,367.900,53523.333,2021-01-16 23:00:00.000,L2FT01-FTJ003,19.22,0.000,0.666012,16605,0.435592,0.055345,0,0,0,0.5400,罗湖区,23,23,0,0,0,0,1
2021-01-16,589179428,20190000000000000003,900200000000000034,1,127.417,376.947,48020.000,2021-01-16 23:15:00.000,L2FT01-FTJ003,19.22,0.000,0.666012,16605,0.435592,0.055345,0,0,0,0.5400,罗湖区,23,23,0,0,0,0,1
2021-01-16,589179428,20190000000000000003,900200000000000034,1,98.314,393.293,38610.667,2021-01-16 23:30:00.000,L2FT01-FTJ003,19.22,0.000,0.666012,16605,0.435592,0.055345,0,0,0,0.5400,罗湖区,23,23,0,0,0,0,1
2021-01-16,589179428,20190000000000000003,900200000000000034,1,51.531,402.740,20746.000,2021-01-16 23:45:00.000,L2FT01-FTJ003,19.22,0.000,0.666012,16605,0.435592,0.055345,0,0,0,0.5400,罗湖区,23,23,0,0,0,0,1
2021-01-17,589179428,20190000000000000003,900200000000000034,1,38.170,411.333,15693.333,2021-01-17 00:00:00.000,L2FT01-FTJ003,20.00,0.000,0.666012,16605,0.435592,0.055345,0,0,0,0.5400,罗湖区,23,23,0,0,0,0,1
2021-01-17,589179428,20190000000000000003,900200000000000034,1,14.898,413.529,6159.286,2021-01-17 00:15:00.000,L2FT01-FTJ003,20.00,0.000,0.666012,16605,0.435592,0.055345,0,0,0,0.5400,罗湖区,23,23,0,0,0,0,1
2021-01-17,589179428,20190000000000000003,900200000000000037,1,129.690,309.300,40110.000,2021-01-17 00:15:00.000,L2FT01-FTJ003,20.00,0.000,0.666012,16605,0.435592,0.055345,0,0,0,0.5400,罗湖区,23,23,0,0,0,0,1
2021-01-17,589179428,20190000000000000003,900200000000000037,1,129.806,311.127,40381.333,2021-01-17 00:30:00.000,L2FT01-FTJ003,20.00,0.000,0.666012,16605,0.435592,0.055345,0,0,0,0.5400,罗湖区,23,23,0,0,0,0,1
2021-01-17,589179428,20190000000000000003,900200000000000037,1,129.854,311.647,40465.333,2021-01-17 00:45:00.000,L2FT01-FTJ003,20.00,0.000,0.666012,16605,0.435592,0.055345,0,0,0,0.5400,罗湖区,23,23,0,0,0,0,1
2021-01-17,589179428,20190000000000000003,900200000000000037,1,129.842,313.420,40692.000,2021-01-17 01:00:00.000,L2FT01-FTJ003,20.78,0.000,0.666012,16605,0.435592,0.055345,0,0,0,0.5400,罗湖区,23,23,0,0,0,0,1
2021-01-17,589179428,20190000000000000003,900200000000000037,1,129.890,314.787,40886.000,2021-01-17 01:15:00.000,L2FT01-FTJ003,20.78,0.000,0.666012,16605,0.435592,0.055345,0,0,0,0.5400,罗湖区,23,23,0,0,0,0,1
2021-01-17,589179428,20190000000000000003,900200000000000037,1,117.871,316.540,37313.333,2021-01-17 01:30:00.000,L2FT01-FTJ003,20.78,0.000,0.666012,16605,0.435592,0.055345,0,0,0,0.5400,罗湖区,23,23,0,0,0,0,1
2021-01-17,589179428,20190000000000000003,900200000000000037,1,55.810,322.430,17962.000,2021-01-17 01:45:00.000,L2FT01-FTJ003,20.78,0.000,0.666012,16605,0.435592,0.055345,0,0,0,0.5400,罗湖区,23,23,0,0,0,0,1
2021-01-17,589179428,20190000000000000003,900200000000000042,1,64.845,334.050,19950.000,2021-01-17 02:00:00.000,L2FT01-FTJ003,21.50,0.000,0.666012,16605,0.435592,0.055345,0,0,0,0.5400,罗湖区,23,23,0,0,0,0,1
2021-01-17,589179428,20190000000000000003,900200000000000042,1,129.824,310.680,40328.000,2021-01-17 02:15:00.000,L2FT01-FTJ003,21.50,0.000,0.666012,16605,0.435592,0.055345,0,0,0,0.5400,罗湖区,23,23,0,0,0,0,1
2021-01-17,589179428,20190000000000000003,900200000000000042,1,129.818,311.193,40394.000,2021-01-17 02:30:00.000,L2FT01-FTJ003,21.50,0.000,0.666012,16605,0.435592,0.055345,0,0,0,0.5400,罗湖区,23,23,0,0,0,0,1
2021-01-17,589179428,20190000000000000003,900200000000000042,1,129.848,312.707,40600.667,2021-01-17 02:45:00.000,L2FT01-FTJ003,21.50,0.000,0.666012,16605,0.435592,0.055345,0,0,0,0.5400,罗湖区,23,23,0,0,0,0,1
2021-01-17,589179428,20190000000000000003,900200000000000035,1,129.888,311.082,40400.000,2021-01-17 03:00:00.000,L2FT01-FTJ003,22.12,0.000,0.666012,16605,0.435592,0.055345,0,0,0,0.5400,罗湖区,23,23,0,0,0,0,1
2021-01-17,589179428,20190000000000000003,900200000000000042,1,129.830,313.953,40756.667,2021-01-17 03:00:00.000,L2FT01-FTJ003,22.12,0.000,0.666012,16605,0.435592,0.055345,0,0,0,0.5400,罗湖区,23,23,0,0,0,0,1
2021-01-17,589179428,20190000000000000003,900200000000000035,1,129.800,311.813,40467.333,2021-01-17 03:15:00.000,L2FT01-FTJ003,22.12,0.000,0.666012,16605,0.435592,0.055345,0,0,0,0.5400,罗湖区,23,23,0,0,0,0,1
2021-01-17,589179428,20190000000000000003,900200000000000042,1,129.836,315.513,40960.667,2021-01-17 03:15:00.000,L2FT01-FTJ003,22.12,0.000,0.666012,16605,0.435592,0.055345,0,0,0,0.5400,罗湖区,23,23,0,0,0,0,1
2021-01-17,589179428,20190000000000000003,900200000000000035,1,129.800,313.487,40685.333,2021-01-17 03:30:00.000,L2FT01-FTJ003,22.12,0.000,0.666012,16605,0.435592,0.055345,0,0,0,0.5400,罗湖区,23,23,0,0,0,0,1
2021-01-17,589179428,20190000000000000003,900200000000000042,1,93.813,322.730,30068.000,2021-01-17 03:30:00.000,L2FT01-FTJ003,22.12,0.000,0.666012,16605,0.435592,0.055345,0,0,0,0.5400,罗湖区,23,23,0,0,0,0,1
2021-01-17,589179428,20190000000000000003,900200000000000035,1,129.842,314.560,40839.333,2021-01-17 03:45:00.000,L2FT01-FTJ003,22.12,0.000,0.666012,16605,0.435592,0.055345,0,0,0,0.5400,罗湖区,23,23,0,0,0,0,1
2021-01-17,589179428,20190000000000000003,900200000000000035,1,123.865,317.213,39278.667,2021-01-17 04:00:00.000,L2FT01-FTJ003,22.60,0.000,0.666012,16605,0.435592,0.055345,0,0,0,0.5400,罗湖区,23,23,0,0,0,0,1
2021-01-17,589179428,20190000000000000003,900200000000000035,1,45.790,327.040,14926.000,2021-01-17 04:15:00.000,L2FT01-FTJ003,22.60,0.000,0.666012,16605,0.435592,0.055345,0,0,0,0.5400,罗湖区,23,23,0,0,0,0,1
2021-01-17,589179428,20190000000000000003,900200000000000037,1,62.622,329.631,20563.077,2021-01-17 05:45:00.000,L2FT01-FTJ003,22.90,0.000,0.666012,16605,0.435592,0.055345,0,0,0,0.5400,罗湖区,23,23,0,0,0,0,1
2021-01-17,589179428,20190000000000000003,900200000000000037,1,67.877,335.807,22794.000,2021-01-17 06:00:00.000,L2FT01-FTJ003,23.00,0.000,0.666012,16605,0.435592,0.055345,0,0,0,0.5400,罗湖区,23,23,0,0,0,0,1
2021-01-17,589179428,20190000000000000003,900200000000000037,1,67.919,346.567,23537.333,2021-01-17 06:15:00.000,L2FT01-FTJ003,23.00,0.000,0.666012,16605,0.435592,0.055345,0,0,0,0.5400,罗湖区,23,23,0,0,0,0,1
2021-01-17,589179428,20190000000000000003,900200000000000037,1,58.824,357.827,21037.333,2021-01-17 06:30:00.000,L2FT01-FTJ003,23.00,0.000,0.666012,16605,0.435592,0.055345,0,0,0,0.5400,罗湖区,23,23,0,0,0,0,1
2021-01-17,589179428,20190000000000000003,900200000000000037,1,29.900,362.267,10826.000,2021-01-17 06:45:00.000,L2FT01-FTJ003,23.00,0.000,0.666012,16605,0.435592,0.055345,0,0,0,0.5400,罗湖区,23,23,0,0,0,0,1
2021-01-17,589179428,20190000000000000003,900200000000000037,1,13.500,363.543,4902.857,2021-01-17 07:00:00.000,L2FT01-FTJ003,22.90,0.000,0.666012,16605,0.435592,0.055345,0,0,0,0.5400,罗湖区,23,23,0,0,0,0,1
2021-01-17,589179428,20190000000000000003,900200000000000037,1,130.576,368.357,48495.714,2021-01-17 07:15:00.000,L2FT01-FTJ003,22.90,0.000,0.666012,16605,0.435592,0.055345,0,0,0,0.5400,罗湖区,23,23,0,0,0,0,1
2021-01-17,589179428,20190000000000000003,900200000000000037,1,140.466,385.727,54144.667,2021-01-17 07:30:00.000,L2FT01-FTJ003,22.90,0.000,0.666012,16605,0.435592,0.055345,0,0,0,0.5400,罗湖区,23,23,0,0,0,0,1
2021-01-17,589179428,20190000000000000003,900200000000000037,1,103.302,399.500,41220.667,2021-01-17 07:45:00.000,L2FT01-FTJ003,22.90,0.000,0.666012,16605,0.435592,0.055345,0,0,0,0.5400,罗湖区,23,23,0,0,0,0,1
2021-01-17,589179428,20190000000000000003,900200000000000037,1,64.177,403.500,25891.667,2021-01-17 08:00:00.000,L2FT01-FTJ003,22.60,0.000,0.666012,16605,0.435592,0.055345,0,0,0,0.5400,罗湖区,23,23,0,0,0,0,1
2021-01-17,589179428,20190000000000000003,900200000000000048,1,62.615,325.985,20433.846,2021-01-17 11:30:00.000,L2FT01-FTJ003,20.78,0.000,0.666012,16605,0.435592,0.055345,0,0,0,0.5400,罗湖区,23,23,0,0,0,0,1
2021-01-17,589179428,20190000000000000003,900200000000000048,1,67.877,332.200,22546.667,2021-01-17 11:45:00.000,L2FT01-FTJ003,20.78,0.000,0.666012,16605,0.435592,0.055345,0,0,0,0.5400,罗湖区,23,23,0,0,0,0,1
2021-01-17,589179428,20190000000000000003,900200000000000048,1,67.823,341.033,23128.667,2021-01-17 12:00:00.000,L2FT01-FTJ003,20.00,0.000,0.666012,16605,0.435592,0.055345,0,0,0,0.5400,罗湖区,23,23,0,0,0,0,1
2021-01-17,589179428,20190000000000000003,900200000000000048,1,67.790,352.880,23920.667,2021-01-17 12:15:00.000,L2FT01-FTJ003,20.00,0.000,0.666012,16605,0.435592,0.055345,0,0,0,0.5400,罗湖区,23,23,0,0,0,0,1
2021-01-17,589179428,20190000000000000003,900200000000000048,1,42.937,360.960,15498.000,2021-01-17 12:30:00.000,L2FT01-FTJ003,20.00,0.000,0.666012,16605,0.435592,0.055345,0,0,0,0.5400,罗湖区,23,23,0,0,0,0,1
2021-01-17,589179428,20190000000000000003,900200000000000048,1,21.385,363.731,7779.231,2021-01-17 12:45:00.000,L2FT01-FTJ003,20.00,0.000,0.666012,16605,0.435592,0.055345,0,0,0,0.5400,罗湖区,23,23,0,0,0,0,1
2021-01-17,589179428,20190000000000000003,900200000000000048,1,86.533,308.400,26953.333,2021-01-17 13:15:00.000,L2FT01-FTJ003,19.22,0.000,0.666012,16605,0.435592,0.055345,0,0,0,0.5400,罗湖区,23,23,0,0,0,0,1
2021-01-17,589179428,20190000000000000003,900200000000000048,1,129.860,313.880,40756.667,2021-01-17 13:30:00.000,L2FT01-FTJ003,19.22,0.000,0.666012,16605,0.435592,0.055345,0,0,0,0.5400,罗湖区,23,23,0,0,0,0,1
2021-01-17,589179428,20190000000000000003,900200000000000048,1,129.848,314.987,40896.667,2021-01-17 13:45:00.000,L2FT01-FTJ003,19.22,0.000,0.666012,16605,0.435592,0.055345,0,0,0,0.5400,罗湖区,23,23,0,0,0,0,1
2021-01-17,589179428,20190000000000000003,900200000000000048,1,129.890,316.350,41090.000,2021-01-17 14:00:00.000,L2FT01-FTJ003,18.50,0.000,0.666012,16605,0.435592,0.055345,0,0,0,0.5400,罗湖区,23,23,0,0,0,0,1
2021-01-17,589179428,20190000000000000003,900200000000000043,1,103.258,313.060,32504.000,2021-01-17 16:30:00.000,L2FT01-FTJ003,17.40,0.000,0.666012,16605,0.435592,0.055345,0,0,0,0.5400,罗湖区,23,23,0,0,0,0,1
2021-01-17,589179428,20190000000000000003,900200000000000043,1,129.830,315.847,41002.667,2021-01-17 16:45:00.000,L2FT01-FTJ003,17.40,0.000,0.666012,16605,0.435592,0.055345,0,0,0,0.5400,罗湖区,23,23,0,0,0,0,1
2021-01-17,589179428,20190000000000000003,900200000000000043,1,43.157,328.883,14146.667,2021-01-17 17:00:00.000,L2FT01-FTJ003,17.10,0.000,0.666012,16605,0.435592,0.055345,0,0,0,0.5400,罗湖区,23,23,0,0,0,0,1
2021-01-17,589179428,20190000000000000003,900200000000000044,1,129.912,313.840,40772.000,2021-01-17 17:00:00.000,L2FT01-FTJ003,17.10,0.000,0.666012,16605,0.435592,0.055345,0,0,0,0.5400,罗湖区,23,23,0,0,0,0,1
2021-01-17,589179428,20190000000000000003,900200000000000044,1,126.009,315.940,39796.667,2021-01-17 17:15:00.000,L2FT01-FTJ003,17.10,0.000,0.666012,16605,0.435592,0.055345,0,0,0,0.5400,罗湖区,23,23,0,0,0,0,1
2021-01-17,589179428,20190000000000000003,900200000000000044,1,39.940,327.300,13050.000,2021-01-17 17:30:00.000,L2FT01-FTJ003,17.10,0.000,0.666012,16605,0.435592,0.055345,0,0,0,0.5400,罗湖区,23,23,0,0,0,0,1
2021-01-17,589179428,20190000000000000003,900200000000000052,1,50.046,344.556,17243.333,2021-01-17 21:45:00.000,L2FT01-FTJ003,17.88,0.000,0.666012,16605,0.435592,0.055345,0,0,0,0.5400,罗湖区,23,23,0,0,0,0,1
2021-01-17,589179428,20190000000000000003,900200000000000052,1,49.790,352.840,17564.667,2021-01-17 22:00:00.000,L2FT01-FTJ003,18.50,0.000,0.666012,16605,0.435592,0.055345,0,0,0,0.5400,罗湖区,23,23,0,0,0,0,1
2021-01-17,589179428,20190000000000000003,900200000000000052,1,37.823,360.913,13657.333,2021-01-17 22:15:00.000,L2FT01-FTJ003,18.50,0.000,0.666012,16605,0.435592,0.055345,0,0,0,0.5400,罗湖区,23,23,0,0,0,0,1
2021-01-17,589179428,20190000000000000003,900200000000000052,1,19.912,362.913,7224.667,2021-01-17 22:30:00.000,L2FT01-FTJ003,18.50,0.000,0.666012,16605,0.435592,0.055345,0,0,0,0.5400,罗湖区,23,23,0,0,0,0,1
2021-01-17,589179428,20190000000000000003,900200000000000052,1,13.867,365.887,5072.000,2021-01-17 22:45:00.000,L2FT01-FTJ003,18.50,0.000,0.666012,16605,0.435592,0.055345,0,0,0,0.5400,罗湖区,23,23,0,0,0,0,1
2021-01-17,589179428,20190000000000000003,900200000000000052,1,9.790,366.992,3591.667,2021-01-17 23:00:00.000,L2FT01-FTJ003,19.22,0.000,0.666012,16605,0.435592,0.055345,0,0,0,0.5400,罗湖区,23,23,0,0,0,0,1
2021-01-18,589179428,20190000000000000003,900200000000000036,1,116.856,313.990,36281.000,2021-01-18 00:45:00.000,L2FT01-FTJ003,20.00,0.000,0.666012,16605,0.435592,0.055345,0,0,1,0.5400,罗湖区,23,23,0,0,0,0,1
2021-01-18,589179428,20190000000000000003,900200000000000036,1,130.033,311.540,40508.000,2021-01-18 01:00:00.000,L2FT01-FTJ003,20.78,0.000,0.666012,16605,0.435592,0.055345,0,0,1,0.5400,罗湖区,23,23,0,0,0,0,1
2021-01-18,589179428,20190000000000000003,900200000000000038,1,132.670,310.571,41197.143,2021-01-18 01:00:00.000,L2FT01-FTJ003,20.78,0.000,0.666012,16605,0.435592,0.055345,0,0,1,0.5400,罗湖区,23,23,0,0,0,0,1
2021-01-18,589179428,20190000000000000003,900200000000000036,1,130.065,313.427,40763.333,2021-01-18 01:15:00.000,L2FT01-FTJ003,20.78,0.000,0.666012,16605,0.435592,0.055345,0,0,1,0.5400,罗湖区,23,23,0,0,0,0,1
2021-01-18,589179428,20190000000000000003,900200000000000048,1,118.982,311.500,37165.833,2021-01-18 01:15:00.000,L2FT01-FTJ003,20.78,0.000,0.666012,16605,0.435592,0.055345,0,0,1,0.5400,罗湖区,23,23,0,0,0,0,1
2021-01-18,589179428,20190000000000000003,900200000000000048,1,129.818,314.247,40791.333,2021-01-18 01:30:00.000,L2FT01-FTJ003,20.78,0.000,0.666012,16605,0.435592,0.055345,0,0,1,0.5400,罗湖区,23,23,0,0,0,0,1
2021-01-18,589179428,20190000000000000003,900200000000000036,1,129.999,314.260,40849.333,2021-01-18 01:30:00.000,L2FT01-FTJ003,20.78,0.000,0.666012,16605,0.435592,0.055345,0,0,1,0.5400,罗湖区,23,23,0,0,0,0,1
2021-01-18,589179428,20190000000000000003,900200000000000048,1,125.883,317.227,39907.333,2021-01-18 01:45:00.000,L2FT01-FTJ003,20.78,0.000,0.666012,16605,0.435592,0.055345,0,0,1,0.5400,罗湖区,23,23,0,0,0,0,1
2021-01-18,589179428,20190000000000000003,900200000000000036,1,129.933,317.247,41218.667,2021-01-18 01:45:00.000,L2FT01-FTJ003,20.78,0.000,0.666012,16605,0.435592,0.055345,0,0,1,0.5400,罗湖区,23,23,0,0,0,0,1
2021-01-18,589179428,20190000000000000003,900200000000000036,1,43.223,329.967,14216.667,2021-01-18 02:00:00.000,L2FT01-FTJ003,21.50,0.000,0.666012,16605,0.435592,0.055345,0,0,1,0.5400,罗湖区,23,23,0,0,0,0,1
2021-01-18,589179428,20190000000000000003,900200000000000048,1,37.332,329.360,12276.000,2021-01-18 02:00:00.000,L2FT01-FTJ003,21.50,0.000,0.666012,16605,0.435592,0.055345,0,0,1,0.5400,罗湖区,23,23,0,0,0,0,1
2021-01-18,589179428,20190000000000000003,900200000000000031,1,55.790,344.000,19190.000,2021-01-18 07:15:00.000,L2FT01-FTJ003,22.90,0.000,0.666012,16605,0.435592,0.055345,0,0,1,0.5400,罗湖区,23,23,0,0,0,0,1
2021-01-18,589179428,20190000000000000003,900200000000000031,1,65.571,355.600,23308.667,2021-01-18 07:30:00.000,L2FT01-FTJ003,22.90,0.000,0.666012,16605,0.435592,0.055345,0,0,1,0.5400,罗湖区,23,23,0,0,0,0,1
2021-01-18,589179428,20190000000000000003,900200000000000031,1,33.906,360.767,12231.333,2021-01-18 07:45:00.000,L2FT01-FTJ003,22.90,0.000,0.666012,16605,0.435592,0.055345,0,0,1,0.5400,罗湖区,23,23,0,0,0,0,1
2021-01-18,589179428,20190000000000000003,900200000000000039,1,61.042,344.920,20954.000,2021-01-18 07:45:00.000,L2FT01-FTJ003,22.90,0.000,0.666012,16605,0.435592,0.055345,0,0,1,0.5400,罗湖区,23,23,0,0,0,0,1
2021-01-18,589179428,20190000000000000003,900200000000000049,1,39.390,356.600,14050.000,2021-01-18 07:45:00.000,L2FT01-FTJ003,22.90,0.000,0.666012,16605,0.435592,0.055345,0,0,1,0.5400,罗湖区,23,23,0,0,0,0,1
2021-01-18,589179428,20190000000000000003,900200000000000031,1,14.913,362.720,5409.333,2021-01-18 08:00:00.000,L2FT01-FTJ003,22.60,0.000,0.666012,16605,0.435592,0.055345,0,0,1,0.5400,罗湖区,23,23,0,0,0,0,1
2021-01-18,589179428,20190000000000000003,900200000000000039,1,67.823,354.313,24030.667,2021-01-18 08:00:00.000,L2FT01-FTJ003,22.60,0.000,0.666012,16605,0.435592,0.055345,0,0,1,0.5400,罗湖区,23,23,0,0,0,0,1
2021-01-18,589179428,20190000000000000003,900200000000000049,1,73.857,371.353,27426.000,2021-01-18 08:00:00.000,L2FT01-FTJ003,22.60,0.000,0.666012,16605,0.435592,0.055345,0,0,1,0.5400,罗湖区,23,23,0,0,0,0,1
2021-01-18,589179428,20190000000000000003,900200000000000031,1,13.572,364.200,4942.000,2021-01-18 08:15:00.000,L2FT01-FTJ003,22.60,0.000,0.666012,16605,0.435592,0.055345,0,0,1,0.5400,罗湖区,23,23,0,0,0,0,1
2021-01-18,589179428,20190000000000000003,900200000000000039,1,38.462,361.013,13886.667,2021-01-18 08:15:00.000,L2FT01-FTJ003,22.60,0.000,0.666012,16605,0.435592,0.055345,0,0,1,0.5400,罗湖区,23,23,0,0,0,0,1
2021-01-18,589179428,20190000000000000003,900200000000000049,1,73.946,381.143,28180.714,2021-01-18 08:15:00.000,L2FT01-FTJ003,22.60,0.000,0.666012,16605,0.435592,0.055345,0,0,1,0.5400,罗湖区,23,23,0,0,0,0,1
2021-01-18,589179428,20190000000000000003,900200000000000039,1,18.011,363.293,6544.667,2021-01-18 08:30:00.000,L2FT01-FTJ003,22.60,0.000,0.666012,16605,0.435592,0.055345,0,0,1,0.5400,罗湖区,23,23,0,0,0,0,1
2021-01-18,589179428,20190000000000000003,900200000000000039,1,136.767,367.382,50249.091,2021-01-18 11:45:00.000,L2FT01-FTJ003,20.78,0.000,0.666012,16605,0.435592,0.055345,0,0,1,0.5400,罗湖区,23,23,0,0,0,0,1
2021-01-18,589179428,20190000000000000003,900200000000000039,1,126.684,375.887,47616.000,2021-01-18 12:00:00.000,L2FT01-FTJ003,20.00,0.000,0.666012,16605,0.435592,0.055345,0,0,1,0.5400,罗湖区,23,23,0,0,0,0,1
2021-01-18,589179428,20190000000000000003,900200000000000039,1,105.831,391.993,41420.000,2021-01-18 12:15:00.000,L2FT01-FTJ003,20.00,0.000,0.666012,16605,0.435592,0.055345,0,0,1,0.5400,罗湖区,23,23,0,0,0,0,1
2021-01-18,589179428,20190000000000000003,900200000000000036,1,99.995,491.462,49143.750,2021-01-18 12:30:00.000,L2FT01-FTJ003,20.00,0.000,0.666012,16605,0.435592,0.055345,0,0,1,0.5400,罗湖区,23,23,0,0,0,0,1
2021-01-18,589179428,20190000000000000003,900200000000000039,1,54.818,401.987,22020.667,2021-01-18 12:30:00.000,L2FT01-FTJ003,20.00,0.000,0.666012,16605,0.435592,0.055345,0,0,1,0.5400,罗湖区,23,23,0,0,0,0,1
2021-01-18,589179428,20190000000000000003,900200000000000036,1,99.872,496.100,49549.333,2021-01-18 12:45:00.000,L2FT01-FTJ003,20.00,0.000,0.666012,16605,0.435592,0.055345,0,0,1,0.5400,罗湖区,23,23,0,0,0,0,1
2021-01-18,589179428,20190000000000000003,900200000000000039,1,47.543,410.873,19528.000,2021-01-18 12:45:00.000,L2FT01-FTJ003,20.00,0.000,0.666012,16605,0.435592,0.055345,0,0,1,0.5400,罗湖区,23,23,0,0,0,0,1
2021-01-18,589179428,20190000000000000003,900200000000000036,1,26.317,491.220,12971.333,2021-01-18 13:00:00.000,L2FT01-FTJ003,19.22,0.000,0.666012,16605,0.435592,0.055345,0,0,1,0.5400,罗湖区,23,23,0,0,0,0,1
2021-01-18,589179428,20190000000000000003,900200000000000039,1,12.966,408.137,5350.000,2021-01-18 13:00:00.000,L2FT01-FTJ003,19.22,0.000,0.666012,16605,0.435592,0.055345,0,0,1,0.5400,罗湖区,23,23,0,0,0,0,1
2021-01-18,589179428,20190000000000000003,900200000000000036,1,9.258,501.287,4621.333,2021-01-18 13:15:00.000,L2FT01-FTJ003,19.22,0.000,0.666012,16605,0.435592,0.055345,0,0,1,0.5400,罗湖区,23,23,0,0,0,0,1
2021-01-18,589179428,20190000000000000003,900200000000000036,1,1.192,425.100,600.000,2021-01-18 13:30:00.000,L2FT01-FTJ003,19.22,0.000,0.666012,16605,0.435592,0.055345,0,0,1,0.5400,罗湖区,23,23,0,0,0,0,1
2021-01-18,589179428,20190000000000000003,900200000000000043,1,104.399,359.188,37136.250,2021-01-18 14:00:00.000,L2FT01-FTJ003,18.50,0.000,0.666012,16605,0.435592,0.055345,0,0,1,0.5400,罗湖区,23,23,0,0,0,0,1
2021-01-18,589179428,20190000000000000003,900200000000000039,1,111.033,352.110,39308.000,2021-01-18 14:15:00.000,L2FT01-FTJ003,18.50,0.000,0.666012,16605,0.435592,0.055345,0,0,1,0.5400,罗湖区,23,23,0,0,0,0,1
2021-01-18,589179428,20190000000000000003,900200000000000043,1,117.088,356.987,41793.333,2021-01-18 14:15:00.000,L2FT01-FTJ003,18.50,0.000,0.666012,16605,0.435592,0.055345,0,0,1,0.5400,罗湖区,23,23,0,0,0,0,1
2021-01-18,589179428,20190000000000000003,900200000000000039,1,132.573,367.427,48701.818,2021-01-18 14:30:00.000,L2FT01-FTJ003,18.50,0.000,0.666012,16605,0.435592,0.055345,0,0,1,0.5400,罗湖区,23,23,0,0,0,0,1
2021-01-18,589179428,20190000000000000003,900200000000000042,1,75.492,400.300,30758.000,2021-01-18 14:30:00.000,L2FT01-FTJ003,18.50,0.000,0.666012,16605,0.435592,0.055345,0,0,1,0.5400,罗湖区,23,23,0,0,0,0,1
2021-01-18,589179428,20190000000000000003,900200000000000043,1,82.561,356.113,29423.333,2021-01-18 14:30:00.000,L2FT01-FTJ003,18.50,0.000,0.666012,16605,0.435592,0.055345,0,0,1,0.5400,罗湖区,23,23,0,0,0,0,1
2021-01-18,589179428,20190000000000000003,900200000000000043,1,58.297,355.475,20722.500,2021-01-18 14:45:00.000,L2FT01-FTJ003,18.50,0.000,0.666012,16605,0.435592,0.055345,0,0,1,0.5400,罗湖区,23,23,0,0,0,0,1
2021-01-18,589179428,20190000000000000003,900200000000000042,1,71.477,415.640,29702.000,2021-01-18 14:45:00.000,L2FT01-FTJ003,18.50,0.000,0.666012,16605,0.435592,0.055345,0,0,1,0.5400,罗湖区,23,23,0,0,0,0,1
2021-01-18,589179428,20190000000000000003,900200000000000042,1,69.879,429.520,30009.333,2021-01-18 15:00:00.000,L2FT01-FTJ003,17.88,0.000,0.666012,16605,0.435592,0.055345,0,0,1,0.5400,罗湖区,23,23,0,0,0,0,1
2021-01-18,589179428,20190000000000000003,900200000000000042,1,41.117,439.040,18041.333,2021-01-18 15:15:00.000,L2FT01-FTJ003,17.88,0.000,0.666012,16605,0.435592,0.055345,0,0,1,0.5400,罗湖区,23,23,0,0,0,0,1
2021-01-18,589179428,20190000000000000003,900200000000000042,1,35.000,443.350,15510.000,2021-01-18 15:30:00.000,L2FT01-FTJ003,17.88,0.000,0.666012,16605,0.435592,0.055345,0,0,1,0.5400,罗湖区,23,23,0,0,0,0,1
2021-01-18,589179428,20190000000000000003,900200000000000043,1,75.834,389.260,29639.333,2021-01-18 15:45:00.000,L2FT01-FTJ003,17.88,0.000,0.666012,16605,0.435592,0.055345,0,0,1,0.5400,罗湖区,23,23,0,0,0,0,1
2021-01-18,589179428,20190000000000000003,900200000000000048,1,100.007,491.130,49114.000,2021-01-18 15:45:00.000,L2FT01-FTJ003,17.88,0.000,0.666012,16605,0.435592,0.055345,0,0,1,0.5400,罗湖区,23,23,0,0,0,0,1
2021-01-18,589179428,20190000000000000003,900200000000000043,1,30.012,397.247,11916.667,2021-01-18 16:00:00.000,L2FT01-FTJ003,17.40,0.000,0.666012,16605,0.435592,0.055345,0,0,1,0.5400,罗湖区,23,23,0,0,0,0,1
2021-01-18,589179428,20190000000000000003,900200000000000048,1,90.465,493.107,44688.667,2021-01-18 16:00:00.000,L2FT01-FTJ003,17.40,0.000,0.666012,16605,0.435592,0.055345,0,0,1,0.5400,罗湖区,23,23,0,0,0,0,1
2021-01-18,589179428,20190000000000000003,900200000000000043,1,12.630,397.962,5023.750,2021-01-18 16:15:00.000,L2FT01-FTJ003,17.40,0.000,0.666012,16605,0.435592,0.055345,0,0,1,0.5400,罗湖区,23,23,0,0,0,0,1
2021-01-18,589179428,20190000000000000003,900200000000000048,1,58.459,491.380,28738.667,2021-01-18 16:15:00.000,L2FT01-FTJ003,17.40,0.000,0.666012,16605,0.435592,0.055345,0,0,1,0.5400,罗湖区,23,23,0,0,0,0,1
2021-01-18,589179428,20190000000000000003,900200000000000048,1,30.885,490.440,15235.333,2021-01-18 16:30:00.000,L2FT01-FTJ003,17.40,0.000,0.666012,16605,0.435592,0.055345,0,0,1,0.5400,罗湖区,23,23,0,0,0,0,1
2021-01-18,589179428,20190000000000000003,900200000000000037,1,150.190,314.714,47264.286,2021-01-18 16:45:00.000,L2FT01-FTJ003,17.40,0.000,0.666012,16605,0.435592,0.055345,0,0,1,0.5400,罗湖区,23,23,0,0,0,0,1
2021-01-18,589179428,20190000000000000003,900200000000000048,1,15.000,489.093,7331.333,2021-01-18 16:45:00.000,L2FT01-FTJ003,17.40,0.000,0.666012,16605,0.435592,0.055345,0,0,1,0.5400,罗湖区,23,23,0,0,0,0,1
2021-01-18,589179428,20190000000000000003,900200000000000037,1,119.876,318.586,38100.000,2021-01-18 17:00:00.000,L2FT01-FTJ003,17.10,0.000,0.666012,16605,0.435592,0.055345,0,0,1,0.5400,罗湖区,23,23,0,0,0,0,1
2021-01-18,589179428,20190000000000000003,900200000000000048,1,15.000,492.243,7378.571,2021-01-18 17:00:00.000,L2FT01-FTJ003,17.10,0.000,0.666012,16605,0.435592,0.055345,0,0,1,0.5400,罗湖区,23,23,0,0,0,0,1
2021-01-18,589179428,20190000000000000003,900200000000000031,1,47.740,359.875,17177.500,2021-01-18 17:45:00.000,L2FT01-FTJ003,17.10,0.000,0.666012,16605,0.435592,0.055345,0,0,1,0.5400,罗湖区,23,23,0,0,0,0,1
2021-01-18,589179428,20190000000000000003,900200000000000031,1,21.563,362.427,7815.333,2021-01-18 18:00:00.000,L2FT01-FTJ003,17.00,0.000,0.666012,16605,0.435592,0.055345,0,0,1,0.5400,罗湖区,23,23,0,0,0,0,1
2021-01-18,589179428,20190000000000000003,900200000000000031,1,12.670,363.940,4610.667,2021-01-18 18:15:00.000,L2FT01-FTJ003,17.00,0.000,0.666012,16605,0.435592,0.055345,0,0,1,0.5400,罗湖区,23,23,0,0,0,0,1
2021-01-18,589179428,20190000000000000003,900200000000000039,1,129.660,310.417,40246.667,2021-01-18 18:15:00.000,L2FT01-FTJ003,17.00,0.000,0.666012,16605,0.435592,0.055345,0,0,1,0.5400,罗湖区,23,23,0,0,0,0,1
2021-01-18,589179428,20190000000000000003,900200000000000031,1,9.164,364.336,3347.273,2021-01-18 18:30:00.000,L2FT01-FTJ003,17.00,0.000,0.666012,16605,0.435592,0.055345,0,0,1,0.5400,罗湖区,23,23,0,0,0,0,1
2021-01-18,589179428,20190000000000000003,900200000000000039,1,129.800,311.567,40436.000,2021-01-18 18:30:00.000,L2FT01-FTJ003,17.00,0.000,0.666012,16605,0.435592,0.055345,0,0,1,0.5400,罗湖区,23,23,0,0,0,0,1
2021-01-18,589179428,20190000000000000003,900200000000000039,1,129.860,313.767,40744.000,2021-01-18 18:45:00.000,L2FT01-FTJ003,17.00,0.000,0.666012,16605,0.435592,0.055345,0,0,1,0.5400,罗湖区,23,23,0,0,0,0,1
2021-01-18,589179428,20190000000000000003,900200000000000049,1,101.097,369.450,37335.000,2021-01-18 18:45:00.000,L2FT01-FTJ003,17.00,0.000,0.666012,16605,0.435592,0.055345,0,0,1,0.5400,罗湖区,23,23,0,0,0,0,1
2021-01-18,589179428,20190000000000000003,900200000000000039,1,129.860,314.708,40865.000,2021-01-18 19:00:00.000,L2FT01-FTJ003,17.10,0.000,0.666012,16605,0.435592,0.055345,0,0,1,0.5400,罗湖区,23,23,0,0,0,0,1
2021-01-18,589179428,20190000000000000003,900200000000000049,1,81.077,380.267,30792.667,2021-01-18 19:00:00.000,L2FT01-FTJ003,17.10,0.000,0.666012,16605,0.435592,0.055345,0,0,1,0.5400,罗湖区,23,23,0,0,0,0,1
2021-01-18,589179428,20190000000000000003,900200000000000049,1,40.690,388.040,15782.000,2021-01-18 19:15:00.000,L2FT01-FTJ003,17.10,0.000,0.666012,16605,0.435592,0.055345,0,0,1,0.5400,罗湖区,23,23,0,0,0,0,1
2021-01-18,589179428,20190000000000000003,900200000000000049,1,25.290,393.653,9948.667,2021-01-18 19:30:00.000,L2FT01-FTJ003,17.10,0.000,0.666012,16605,0.435592,0.055345,0,0,1,0.5400,罗湖区,23,23,0,0,0,0,1
2021-01-18,589179428,20190000000000000003,900200000000000049,1,14.190,396.021,5618.571,2021-01-18 19:45:00.000,L2FT01-FTJ003,17.10,0.000,0.666012,16605,0.435592,0.055345,0,0,1,0.5400,罗湖区,23,23,0,0,0,0,1
2021-01-18,589179428,20190000000000000003,900200000000000043,1,86.533,309.667,26680.000,2021-01-18 23:15:00.000,L2FT01-FTJ003,19.22,0.000,0.666012,16605,0.435592,0.055345,0,0,1,0.5400,罗湖区,23,23,0,0,0,0,1
2021-01-18,589179428,20190000000000000003,900200000000000043,1,129.806,310.667,40324.000,2021-01-18 23:30:00.000,L2FT01-FTJ003,19.22,0.000,0.666012,16605,0.435592,0.055345,0,0,1,0.5400,罗湖区,23,23,0,0,0,0,1
2021-01-18,589179428,20190000000000000003,900200000000000053,1,41.093,349.467,14455.556,2021-01-18 23:30:00.000,L2FT01-FTJ003,19.22,0.000,0.666012,16605,0.435592,0.055345,0,0,1,0.5400,罗湖区,23,23,0,0,0,0,1
2021-01-18,589179428,20190000000000000003,900200000000000043,1,129.878,311.293,40428.000,2021-01-18 23:45:00.000,L2FT01-FTJ003,19.22,0.000,0.666012,16605,0.435592,0.055345,0,0,1,0.5400,罗湖区,23,23,0,0,0,0,1
2021-01-18,589179428,20190000000000000003,900200000000000053,1,70.697,360.693,25495.333,2021-01-18 23:45:00.000,L2FT01-FTJ003,19.22,0.000,0.666012,16605,0.435592,0.055345,0,0,1,0.5400,罗湖区,23,23,0,0,0,0,1
2021-01-19,589179428,20190000000000000003,900200000000000053,1,55.150,366.580,20216.000,2021-01-19 00:00:00.000,L2FT01-FTJ003,20.00,0.000,0.666012,16605,0.435592,0.055345,0,0,1,0.5400,罗湖区,23,23,0,0,0,0,1
2021-01-19,589179428,20190000000000000003,900200000000000043,1,129.897,312.833,40634.000,2021-01-19 00:00:00.000,L2FT01-FTJ003,20.00,0.000,0.666012,16605,0.435592,0.055345,0,0,1,0.5400,罗湖区,23,23,0,0,0,0,1
2021-01-19,589179428,20190000000000000003,900200000000000043,1,129.919,313.720,40755.333,2021-01-19 00:15:00.000,L2FT01-FTJ003,20.00,0.000,0.666012,16605,0.435592,0.055345,0,0,1,0.5400,罗湖区,23,23,0,0,0,0,1
2021-01-19,589179428,20190000000000000003,900200000000000053,1,47.927,367.633,17826.667,2021-01-19 00:15:00.000,L2FT01-FTJ003,20.00,0.000,0.666012,16605,0.435592,0.055345,0,0,1,0.5400,罗湖区,23,23,0,0,0,0,1
2021-01-19,589179428,20190000000000000003,900200000000000056,1,130.000,311.238,40457.500,2021-01-19 00:15:00.000,L2FT01-FTJ003,20.00,0.000,0.666012,16605,0.435592,0.055345,0,0,1,0.5400,罗湖区,23,23,0,0,0,0,1
2021-01-19,589179428,20190000000000000003,900200000000000037,1,149.927,310.800,46593.333,2021-01-19 00:30:00.000,L2FT01-FTJ003,20.00,0.000,0.666012,16605,0.435592,0.055345,0,0,1,0.5400,罗湖区,23,23,0,0,0,0,1
2021-01-19,589179428,20190000000000000003,900200000000000043,1,129.919,315.600,40998.000,2021-01-19 00:30:00.000,L2FT01-FTJ003,20.00,0.000,0.666012,16605,0.435592,0.055345,0,0,1,0.5400,罗湖区,23,23,0,0,0,0,1
2021-01-19,589179428,20190000000000000003,900200000000000056,1,130.066,311.607,40525.333,2021-01-19 00:30:00.000,L2FT01-FTJ003,20.00,0.000,0.666012,16605,0.435592,0.055345,0,0,1,0.5400,罗湖区,23,23,0,0,0,0,1
2021-01-19,589179428,20190000000000000003,900200000000000056,1,130.024,312.840,40673.333,2021-01-19 00:45:00.000,L2FT01-FTJ003,20.00,0.000,0.666012,16605,0.435592,0.055345,0,0,1,0.5400,罗湖区,23,23,0,0,0,0,1
2021-01-19,589179428,20190000000000000003,900200000000000043,1,69.525,325.683,22485.000,2021-01-19 00:45:00.000,L2FT01-FTJ003,20.00,0.000,0.666012,16605,0.435592,0.055345,0,0,1,0.5400,罗湖区,23,23,0,0,0,0,1
2021-01-19,589179428,20190000000000000003,900200000000000037,1,149.803,311.580,46674.000,2021-01-19 00:45:00.000,L2FT01-FTJ003,20.00,0.000,0.666012,16605,0.435592,0.055345,0,0,1,0.5400,罗湖区,23,23,0,0,0,0,1
2021-01-19,589179428,20190000000000000003,900200000000000037,1,149.797,313.673,46986.667,2021-01-19 01:00:00.000,L2FT01-FTJ003,20.78,0.000,0.666012,16605,0.435592,0.055345,0,0,1,0.5400,罗湖区,23,23,0,0,0,0,1
2021-01-19,589179428,20190000000000000003,900200000000000056,1,130.054,313.960,40828.667,2021-01-19 01:00:00.000,L2FT01-FTJ003,20.78,0.000,0.666012,16605,0.435592,0.055345,0,0,1,0.5400,罗湖区,23,23,0,0,0,0,1
2021-01-19,589179428,20190000000000000003,900200000000000037,1,149.823,314.960,47186.000,2021-01-19 01:15:00.000,L2FT01-FTJ003,20.78,0.000,0.666012,16605,0.435592,0.055345,0,0,1,0.5400,罗湖区,23,23,0,0,0,0,1
2021-01-19,589179428,20190000000000000003,900200000000000056,1,130.012,315.107,40964.000,2021-01-19 01:15:00.000,L2FT01-FTJ003,20.78,0.000,0.666012,16605,0.435592,0.055345,0,0,1,0.5400,罗湖区,23,23,0,0,0,0,1
2021-01-19,589179428,20190000000000000003,900200000000000037,1,135.198,319.473,43068.000,2021-01-19 01:30:00.000,L2FT01-FTJ003,20.78,0.000,0.666012,16605,0.435592,0.055345,0,0,1,0.5400,罗湖区,23,23,0,0,0,0,1
2021-01-19,589179428,20190000000000000003,900200000000000056,1,88.095,323.473,28256.364,2021-01-19 01:30:00.000,L2FT01-FTJ003,20.78,0.000,0.666012,16605,0.435592,0.055345,0,0,1,0.5400,罗湖区,23,23,0,0,0,0,1
2021-01-19,589179428,20190000000000000003,900200000000000043,1,129.836,310.062,40250.769,2021-01-19 01:45:00.000,L2FT01-FTJ003,20.78,0.000,0.666012,16605,0.435592,0.055345,0,0,1,0.5400,罗湖区,23,23,0,0,0,0,1
2021-01-19,589179428,20190000000000000003,900200000000000037,1,27.590,332.800,9180.000,2021-01-19 01:45:00.000,L2FT01-FTJ003,20.78,0.000,0.666012,16605,0.435592,0.055345,0,0,1,0.5400,罗湖区,23,23,0,0,0,0,1
2021-01-19,589179428,20190000000000000003,900200000000000043,1,129.866,310.633,40336.000,2021-01-19 02:00:00.000,L2FT01-FTJ003,21.50,0.000,0.666012,16605,0.435592,0.055345,0,0,1,0.5400,罗湖区,23,23,0,0,0,0,1
2021-01-19,589179428,20190000000000000003,900200000000000043,1,129.890,312.127,40540.000,2021-01-19 02:15:00.000,L2FT01-FTJ003,21.50,0.000,0.666012,16605,0.435592,0.055345,0,0,1,0.5400,罗湖区,23,23,0,0,0,0,1
2021-01-19,589179428,20190000000000000003,900200000000000043,1,129.890,313.833,40762.000,2021-01-19 02:30:00.000,L2FT01-FTJ003,21.50,0.000,0.666012,16605,0.435592,0.055345,0,0,1,0.5400,罗湖区,23,23,0,0,0,0,1
2021-01-19,589179428,20190000000000000003,900200000000000043,1,98.523,318.187,31222.000,2021-01-19 02:45:00.000,L2FT01-FTJ003,21.50,0.000,0.666012,16605,0.435592,0.055345,0,0,1,0.5400,罗湖区,23,23,0,0,0,0,1
2021-01-19,589179428,20190000000000000003,900200000000000043,1,29.890,334.500,10000.000,2021-01-19 03:00:00.000,L2FT01-FTJ003,22.12,0.000,0.666012,16605,0.435592,0.055345,0,0,1,0.5400,罗湖区,23,23,0,0,0,0,1
2021-01-19,589179428,20190000000000000003,900200000000000031,1,183.158,306.108,57618.333,2021-01-19 04:45:00.000,L2FT01-FTJ003,22.60,0.000,0.666012,16605,0.435592,0.055345,0,0,1,0.5400,罗湖区,23,23,0,0,0,0,1
2021-01-19,589179428,20190000000000000003,900200000000000031,1,199.800,316.633,63256.667,2021-01-19 05:00:00.000,L2FT01-FTJ003,22.90,0.000,0.666012,16605,0.435592,0.055345,0,0,1,0.5400,罗湖区,23,23,0,0,0,0,1
2021-01-19,589179428,20190000000000000003,900200000000000031,1,160.505,318.193,51124.667,2021-01-19 05:15:00.000,L2FT01-FTJ003,22.90,0.000,0.666012,16605,0.435592,0.055345,0,0,1,0.5400,罗湖区,23,23,0,0,0,0,1
2021-01-19,589179428,20190000000000000003,900200000000000031,1,49.790,325.767,16170.000,2021-01-19 05:30:00.000,L2FT01-FTJ003,22.90,0.000,0.666012,16605,0.435592,0.055345,0,0,1,0.5400,罗湖区,23,23,0,0,0,0,1
2021-01-19,589179428,20190000000000000003,900200000000000040,1,79.681,350.750,27948.750,2021-01-19 06:15:00.000,L2FT01-FTJ003,23.00,0.000,0.666012,16605,0.435592,0.055345,0,0,1,0.5400,罗湖区,23,23,0,0,0,0,1
2021-01-19,589179428,20190000000000000003,900200000000000040,1,89.577,353.020,31622.000,2021-01-19 06:30:00.000,L2FT01-FTJ003,23.00,0.000,0.666012,16605,0.435592,0.055345,0,0,1,0.5400,罗湖区,23,23,0,0,0,0,1
2021-01-19,589179428,20190000000000000003,900200000000000040,1,89.790,355.133,31886.667,2021-01-19 06:45:00.000,L2FT01-FTJ003,23.00,0.000,0.666012,16605,0.435592,0.055345,0,0,1,0.5400,罗湖区,23,23,0,0,0,0,1
2021-01-19,589179428,20190000000000000003,900200000000000040,1,65.870,354.287,23341.333,2021-01-19 07:00:00.000,L2FT01-FTJ003,22.90,0.000,0.666012,16605,0.435592,0.055345,0,0,1,0.5400,罗湖区,23,23,0,0,0,0,1
2021-01-19,589179428,20190000000000000003,900200000000000040,1,36.397,352.420,12839.333,2021-01-19 07:15:00.000,L2FT01-FTJ003,22.90,0.000,0.666012,16605,0.435592,0.055345,0,0,1,0.5400,罗湖区,23,23,0,0,0,0,1
2021-01-19,589179428,20190000000000000003,900200000000000040,1,24.890,352.600,8772.667,2021-01-19 07:30:00.000,L2FT01-FTJ003,22.90,0.000,0.666012,16605,0.435592,0.055345,0,0,1,0.5400,罗湖区,23,23,0,0,0,0,1
2021-01-19,589179428,20190000000000000003,900200000000000040,1,24.890,356.460,8872.000,2021-01-19 07:45:00.000,L2FT01-FTJ003,22.90,0.000,0.666012,16605,0.435592,0.055345,0,0,1,0.5400,罗湖区,23,23,0,0,0,0,1
2021-01-19,589179428,20190000000000000003,900200000000000052,1,68.548,351.771,24355.000,2021-01-19 08:30:00.000,L2FT01-FTJ003,22.60,0.000,0.666012,16605,0.435592,0.055345,0,0,1,0.5400,罗湖区,23,23,0,0,0,0,1
2021-01-19,589179428,20190000000000000003,900200000000000042,1,83.390,359.100,29940.000,2021-01-19 08:45:00.000,L2FT01-FTJ003,22.60,0.000,0.666012,16605,0.435592,0.055345,0,0,1,0.5400,罗湖区,23,23,0,0,0,0,1
2021-01-19,589179428,20190000000000000003,900200000000000052,1,73.919,366.187,27066.000,2021-01-19 08:45:00.000,L2FT01-FTJ003,22.60,0.000,0.666012,16605,0.435592,0.055345,0,0,1,0.5400,罗湖区,23,23,0,0,0,0,1
2021-01-19,589179428,20190000000000000003,900200000000000042,1,129.800,372.257,48311.429,2021-01-19 09:00:00.000,L2FT01-FTJ003,22.12,0.000,0.666012,16605,0.435592,0.055345,0,0,1,0.5400,罗湖区,23,23,0,0,0,0,1
2021-01-19,589179428,20190000000000000003,900200000000000052,1,73.890,375.907,27775.000,2021-01-19 09:00:00.000,L2FT01-FTJ003,22.12,0.000,0.666012,16605,0.435592,0.055345,0,0,1,0.5400,罗湖区,23,23,0,0,0,0,1
2021-01-19,589179428,20190000000000000003,900200000000000052,1,58.394,383.529,22383.571,2021-01-19 09:15:00.000,L2FT01-FTJ003,22.12,0.000,0.666012,16605,0.435592,0.055345,0,0,1,0.5400,罗湖区,23,23,0,0,0,0,1
2021-01-19,589179428,20190000000000000003,900200000000000052,1,27.076,385.043,10424.286,2021-01-19 09:30:00.000,L2FT01-FTJ003,22.12,0.000,0.666012,16605,0.435592,0.055345,0,0,1,0.5400,罗湖区,23,23,0,0,0,0,1
2021-01-19,589179428,20190000000000000003,900200000000000037,1,54.240,395.700,21560.000,2021-01-19 10:00:00.000,L2FT01-FTJ003,21.50,0.000,0.666012,16605,0.435592,0.055345,0,0,1,0.5400,罗湖区,23,23,0,0,0,0,1
2021-01-19,589179428,20190000000000000003,900200000000000037,1,63.351,399.413,25300.667,2021-01-19 10:15:00.000,L2FT01-FTJ003,21.50,0.000,0.666012,16605,0.435592,0.055345,0,0,1,0.5400,罗湖区,23,23,0,0,0,0,1
2021-01-19,589179428,20190000000000000003,900200000000000037,1,51.365,400.813,20584.000,2021-01-19 10:30:00.000,L2FT01-FTJ003,21.50,0.000,0.666012,16605,0.435592,0.055345,0,0,1,0.5400,罗湖区,23,23,0,0,0,0,1
2021-01-19,589179428,20190000000000000003,900200000000000037,1,40.372,402.287,16237.333,2021-01-19 10:45:00.000,L2FT01-FTJ003,21.50,0.000,0.666012,16605,0.435592,0.055345,0,0,1,0.5400,罗湖区,23,23,0,0,0,0,1
2021-01-19,589179428,20190000000000000003,900200000000000049,1,129.843,315.046,40902.308,2021-01-19 10:45:00.000,L2FT01-FTJ003,21.50,0.000,0.666012,16605,0.435592,0.055345,0,0,1,0.5400,罗湖区,23,23,0,0,0,0,1
2021-01-19,589179428,20190000000000000003,900200000000000037,1,31.023,402.967,12500.000,2021-01-19 11:00:00.000,L2FT01-FTJ003,20.78,0.000,0.666012,16605,0.435592,0.055345,0,0,1,0.5400,罗湖区,23,23,0,0,0,0,1
2021-01-19,589179428,20190000000000000003,900200000000000049,1,129.881,315.670,40998.000,2021-01-19 11:00:00.000,L2FT01-FTJ003,20.78,0.000,0.666012,16605,0.435592,0.055345,0,0,1,0.5400,罗湖区,23,23,0,0,0,0,1
2021-01-19,589179428,20190000000000000003,900200000000000036,1,51.801,334.964,17435.455,2021-01-19 11:30:00.000,L2FT01-FTJ003,20.78,0.000,0.666012,16605,0.435592,0.055345,0,0,1,0.5400,罗湖区,23,23,0,0,0,0,1
2021-01-19,589179428,20190000000000000003,900200000000000036,1,71.204,340.921,24272.857,2021-01-19 11:45:00.000,L2FT01-FTJ003,20.78,0.000,0.666012,16605,0.435592,0.055345,0,0,1,0.5400,罗湖区,23,23,0,0,0,0,1
2021-01-19,589179428,20190000000000000003,900200000000000036,1,71.165,343.438,24438.750,2021-01-19 12:00:00.000,L2FT01-FTJ003,20.00,0.000,0.666012,16605,0.435592,0.055345,0,0,1,0.5400,罗湖区,23,23,0,0,0,0,1
2021-01-19,589179428,20190000000000000003,900200000000000048,1,71.396,329.782,23613.636,2021-01-19 14:30:00.000,L2FT01-FTJ003,18.50,0.000,0.666012,16605,0.435592,0.055345,0,0,1,0.5400,罗湖区,23,23,0,0,0,0,1
2021-01-19,589179428,20190000000000000003,900200000000000048,1,73.324,332.580,24385.333,2021-01-19 14:45:00.000,L2FT01-FTJ003,18.50,0.000,0.666012,16605,0.435592,0.055345,0,0,1,0.5400,罗湖区,23,23,0,0,0,0,1
2021-01-19,589179428,20190000000000000003,900200000000000045,1,89.390,401.693,35906.429,2021-01-19 15:00:00.000,L2FT01-FTJ003,17.88,0.000,0.666012,16605,0.435592,0.055345,0,0,1,0.5400,罗湖区,23,23,0,0,0,0,1
2021-01-19,589179428,20190000000000000003,900200000000000048,1,20.757,329.400,6836.667,2021-01-19 15:00:00.000,L2FT01-FTJ003,17.88,0.000,0.666012,16605,0.435592,0.055345,0,0,1,0.5400,罗湖区,23,23,0,0,0,0,1
2021-01-19,589179428,20190000000000000003,900200000000000045,1,89.390,402.967,36020.000,2021-01-19 15:15:00.000,L2FT01-FTJ003,17.88,0.000,0.666012,16605,0.435592,0.055345,0,0,1,0.5400,罗湖区,23,23,0,0,0,0,1
2021-01-19,589179428,20190000000000000003,900200000000000052,1,41.757,325.933,13683.333,2021-01-19 16:45:00.000,L2FT01-FTJ003,17.40,0.000,0.666012,16605,0.435592,0.055345,0,0,1,0.5400,罗湖区,23,23,0,0,0,0,1
2021-01-19,589179428,20190000000000000003,900200000000000037,1,97.350,306.275,30427.500,2021-01-19 17:00:00.000,L2FT01-FTJ003,17.10,0.000,0.666012,16605,0.435592,0.055345,0,0,1,0.5400,罗湖区,23,23,0,0,0,0,1
2021-01-19,589179428,20190000000000000003,900200000000000044,1,60.698,442.107,26781.333,2021-01-19 17:00:00.000,L2FT01-FTJ003,17.10,0.000,0.666012,16605,0.435592,0.055345,0,0,1,0.5400,罗湖区,23,23,0,0,0,0,1
2021-01-19,589179428,20190000000000000003,900200000000000052,1,59.870,333.660,19974.667,2021-01-19 17:00:00.000,L2FT01-FTJ003,17.10,0.000,0.666012,16605,0.435592,0.055345,0,0,1,0.5400,罗湖区,23,23,0,0,0,0,1
2021-01-19,589179428,20190000000000000003,900200000000000035,1,93.748,448.675,42540.000,2021-01-19 17:15:00.000,L2FT01-FTJ003,17.10,0.000,0.666012,16605,0.435592,0.055345,0,0,1,0.5400,罗湖区,23,23,0,0,0,0,1
2021-01-19,589179428,20190000000000000003,900200000000000037,1,129.860,314.913,40892.000,2021-01-19 17:15:00.000,L2FT01-FTJ003,17.10,0.000,0.666012,16605,0.435592,0.055345,0,0,1,0.5400,罗湖区,23,23,0,0,0,0,1
2021-01-19,589179428,20190000000000000003,900200000000000044,1,34.890,447.200,15600.000,2021-01-19 17:15:00.000,L2FT01-FTJ003,17.10,0.000,0.666012,16605,0.435592,0.055345,0,0,1,0.5400,罗湖区,23,23,0,0,0,0,1
2021-01-19,589179428,20190000000000000003,900200000000000052,1,59.863,344.867,20643.333,2021-01-19 17:15:00.000,L2FT01-FTJ003,17.10,0.000,0.666012,16605,0.435592,0.055345,0,0,1,0.5400,罗湖区,23,23,0,0,0,0,1
2021-01-19,589179428,20190000000000000003,900200000000000037,1,123.863,318.910,39484.000,2021-01-19 17:30:00.000,L2FT01-FTJ003,17.10,0.000,0.666012,16605,0.435592,0.055345,0,0,1,0.5400,罗湖区,23,23,0,0,0,0,1
2021-01-19,589179428,20190000000000000003,900200000000000052,1,59.790,356.680,21324.000,2021-01-19 17:30:00.000,L2FT01-FTJ003,17.10,0.000,0.666012,16605,0.435592,0.055345,0,0,1,0.5400,罗湖区,23,23,0,0,0,0,1
2021-01-19,589179428,20190000000000000003,900200000000000035,1,91.293,458.567,41848.333,2021-01-19 17:30:00.000,L2FT01-FTJ003,17.10,0.000,0.666012,16605,0.435592,0.055345,0,0,1,0.5400,罗湖区,23,23,0,0,0,0,1
2021-01-19,589179428,20190000000000000003,900200000000000052,1,32.237,364.613,11747.333,2021-01-19 17:45:00.000,L2FT01-FTJ003,17.10,0.000,0.666012,16605,0.435592,0.055345,0,0,1,0.5400,罗湖区,23,23,0,0,0,0,1
2021-01-19,589179428,20190000000000000003,900200000000000052,1,22.890,367.125,8405.000,2021-01-19 18:00:00.000,L2FT01-FTJ003,17.00,0.000,0.666012,16605,0.435592,0.055345,0,0,1,0.5400,罗湖区,23,23,0,0,0,0,1
2021-01-19,589179428,20190000000000000003,900200000000000035,1,149.790,359.400,53830.000,2021-01-19 20:00:00.000,L2FT01-FTJ003,17.40,0.000,0.666012,16605,0.435592,0.055345,0,0,1,0.5400,罗湖区,23,23,0,0,0,0,1
2021-01-19,589179428,20190000000000000003,900200000000000035,1,149.877,373.440,55969.333,2021-01-19 20:15:00.000,L2FT01-FTJ003,17.40,0.000,0.666012,16605,0.435592,0.055345,0,0,1,0.5400,罗湖区,23,23,0,0,0,0,1
2021-01-19,589179428,20190000000000000003,900200000000000035,1,105.928,382.200,40486.667,2021-01-19 20:30:00.000,L2FT01-FTJ003,17.40,0.000,0.666012,16605,0.435592,0.055345,0,0,1,0.5400,罗湖区,23,23,0,0,0,0,1
2021-01-19,589179428,20190000000000000003,900200000000000035,1,50.383,382.060,19247.333,2021-01-19 20:45:00.000,L2FT01-FTJ003,17.40,0.000,0.666012,16605,0.435592,0.055345,0,0,1,0.5400,罗湖区,23,23,0,0,0,0,1
2021-01-19,589179428,20190000000000000003,900200000000000035,1,29.523,382.333,11288.000,2021-01-19 21:00:00.000,L2FT01-FTJ003,17.88,0.000,0.666012,16605,0.435592,0.055345,0,0,1,0.5400,罗湖区,23,23,0,0,0,0,1
2021-01-19,589179428,20190000000000000003,900200000000000035,1,19.076,382.507,7297.143,2021-01-19 21:15:00.000,L2FT01-FTJ003,17.88,0.000,0.666012,16605,0.435592,0.055345,0,0,1,0.5400,罗湖区,23,23,0,0,0,0,1
2021-01-19,589179428,20190000000000000003,900200000000000035,1,163.968,348.189,57087.778,2021-01-19 23:00:00.000,L2FT01-FTJ003,19.22,0.000,0.666012,16605,0.435592,0.055345,0,0,1,0.5400,罗湖区,23,23,0,0,0,0,1
2021-01-19,589179428,20190000000000000003,900200000000000035,1,163.931,350.462,57450.000,2021-01-19 23:15:00.000,L2FT01-FTJ003,19.22,0.000,0.666012,16605,0.435592,0.055345,0,0,1,0.5400,罗湖区,23,23,0,0,0,0,1
2021-01-20,589179428,20190000000000000003,900200000000000052,1,59.032,377.200,22358.000,2021-01-20 02:00:00.000,L2FT01-FTJ003,21.50,0.000,0.666012,16605,0.435592,0.055345,0,0,1,0.5400,罗湖区,23,23,0,0,0,0,1
2021-01-20,589179428,20190000000000000003,900200000000000052,1,47.390,383.260,18157.333,2021-01-20 02:15:00.000,L2FT01-FTJ003,21.50,0.000,0.666012,16605,0.435592,0.055345,0,0,1,0.5400,罗湖区,23,23,0,0,0,0,1
2021-01-20,589179428,20190000000000000003,900200000000000052,1,24.190,384.000,9290.000,2021-01-20 02:30:00.000,L2FT01-FTJ003,21.50,0.000,0.666012,16605,0.435592,0.055345,0,0,1,0.5400,罗湖区,23,23,0,0,0,0,1
2021-01-20,589179428,20190000000000000003,900200000000000056,1,129.904,305.456,39678.889,2021-01-20 03:45:00.000,L2FT01-FTJ003,22.12,0.000,0.666012,16605,0.435592,0.055345,0,0,1,0.5400,罗湖区,23,23,0,0,0,0,1
2021-01-20,589179428,20190000000000000003,900200000000000056,1,130.042,309.833,40288.667,2021-01-20 04:00:00.000,L2FT01-FTJ003,22.60,0.000,0.666012,16605,0.435592,0.055345,0,0,1,0.5400,罗湖区,23,23,0,0,0,0,1
2021-01-20,589179428,20190000000000000003,900200000000000056,1,130.078,310.640,40404.667,2021-01-20 04:15:00.000,L2FT01-FTJ003,22.60,0.000,0.666012,16605,0.435592,0.055345,0,0,1,0.5400,罗湖区,23,23,0,0,0,0,1
2021-01-20,589179428,20190000000000000003,900200000000000056,1,130.139,311.607,40548.000,2021-01-20 04:30:00.000,L2FT01-FTJ003,22.60,0.000,0.666012,16605,0.435592,0.055345,0,0,1,0.5400,罗湖区,23,23,0,0,0,0,1
2021-01-20,589179428,20190000000000000003,900200000000000056,1,130.000,313.087,40696.667,2021-01-20 04:45:00.000,L2FT01-FTJ003,22.60,0.000,0.666012,16605,0.435592,0.055345,0,0,1,0.5400,罗湖区,23,23,0,0,0,0,1
2021-01-20,589179428,20190000000000000003,900200000000000056,1,130.667,313.907,41013.333,2021-01-20 05:00:00.000,L2FT01-FTJ003,22.90,0.000,0.666012,16605,0.435592,0.055345,0,0,1,0.5400,罗湖区,23,23,0,0,0,0,1
2021-01-20,589179428,20190000000000000003,900200000000000049,1,129.800,310.133,40250.000,2021-01-20 05:15:00.000,L2FT01-FTJ003,22.90,0.000,0.666012,16605,0.435592,0.055345,0,0,1,0.5400,罗湖区,23,23,0,0,0,0,1
2021-01-20,589179428,20190000000000000003,900200000000000056,1,135.060,315.253,42576.000,2021-01-20 05:15:00.000,L2FT01-FTJ003,22.90,0.000,0.666012,16605,0.435592,0.055345,0,0,1,0.5400,罗湖区,23,23,0,0,0,0,1
2021-01-20,589179428,20190000000000000003,900200000000000049,1,129.906,310.933,40387.333,2021-01-20 05:30:00.000,L2FT01-FTJ003,22.90,0.000,0.666012,16605,0.435592,0.055345,0,0,1,0.5400,罗湖区,23,23,0,0,0,0,1
2021-01-20,589179428,20190000000000000003,900200000000000056,1,111.131,321.538,35511.538,2021-01-20 05:30:00.000,L2FT01-FTJ003,22.90,0.000,0.666012,16605,0.435592,0.055345,0,0,1,0.5400,罗湖区,23,23,0,0,0,0,1
2021-01-20,589179428,20190000000000000003,900200000000000049,1,129.884,311.700,40482.667,2021-01-20 05:45:00.000,L2FT01-FTJ003,22.90,0.000,0.666012,16605,0.435592,0.055345,0,0,1,0.5400,罗湖区,23,23,0,0,0,0,1
2021-01-20,589179428,20190000000000000003,900200000000000049,1,129.934,313.160,40686.667,2021-01-20 06:00:00.000,L2FT01-FTJ003,23.00,0.000,0.666012,16605,0.435592,0.055345,0,0,1,0.5400,罗湖区,23,23,0,0,0,0,1
2021-01-20,589179428,20190000000000000003,900200000000000049,1,130.000,313.880,40800.000,2021-01-20 06:15:00.000,L2FT01-FTJ003,23.00,0.000,0.666012,16605,0.435592,0.055345,0,0,1,0.5400,罗湖区,23,23,0,0,0,0,1
2021-01-20,589179428,20190000000000000003,900200000000000049,1,130.000,314.820,40921.333,2021-01-20 06:30:00.000,L2FT01-FTJ003,23.00,0.000,0.666012,16605,0.435592,0.055345,0,0,1,0.5400,罗湖区,23,23,0,0,0,0,1
2021-01-20,589179428,20190000000000000003,900200000000000049,1,112.625,319.653,35872.000,2021-01-20 06:45:00.000,L2FT01-FTJ003,23.00,0.000,0.666012,16605,0.435592,0.055345,0,0,1,0.5400,罗湖区,23,23,0,0,0,0,1
2021-01-20,589179428,20190000000000000003,900200000000000049,1,29.790,333.600,9940.000,2021-01-20 07:00:00.000,L2FT01-FTJ003,22.90,0.000,0.666012,16605,0.435592,0.055345,0,0,1,0.5400,罗湖区,23,23,0,0,0,0,1
2021-01-20,589179428,20190000000000000003,900200000000000044,1,56.210,355.540,20000.000,2021-01-20 08:00:00.000,L2FT01-FTJ003,22.60,0.000,0.666012,16605,0.435592,0.055345,0,0,1,0.5400,罗湖区,23,23,0,0,0,0,1
2021-01-20,589179428,20190000000000000003,900200000000000042,1,92.502,355.938,33479.231,2021-01-20 10:15:00.000,L2FT01-FTJ003,21.50,0.000,0.666012,16605,0.435592,0.055345,0,0,1,0.5400,罗湖区,23,23,0,0,0,0,1
2021-01-20,589179428,20190000000000000003,900200000000000042,1,106.921,363.187,38830.667,2021-01-20 10:30:00.000,L2FT01-FTJ003,21.50,0.000,0.666012,16605,0.435592,0.055345,0,0,1,0.5400,罗湖区,23,23,0,0,0,0,1
2021-01-20,589179428,20190000000000000003,900200000000000042,1,104.845,363.600,38115.000,2021-01-20 10:45:00.000,L2FT01-FTJ003,21.50,0.000,0.666012,16605,0.435592,0.055345,0,0,1,0.5400,罗湖区,23,23,0,0,0,0,1
2021-01-20,589179428,20190000000000000003,900200000000000039,1,111.595,412.550,46070.000,2021-01-20 11:00:00.000,L2FT01-FTJ003,20.78,0.000,0.666012,16605,0.435592,0.055345,0,0,1,0.5400,罗湖区,23,23,0,0,0,0,1
2021-01-20,589179428,20190000000000000003,900200000000000049,1,140.944,314.377,44386.154,2021-01-20 11:30:00.000,L2FT01-FTJ003,20.78,0.000,0.666012,16605,0.435592,0.055345,0,0,1,0.5400,罗湖区,23,23,0,0,0,0,1
2021-01-20,589179428,20190000000000000003,900200000000000037,1,149.893,314.533,47146.667,2021-01-20 11:30:00.000,L2FT01-FTJ003,20.78,0.000,0.666012,16605,0.435592,0.055345,0,0,1,0.5400,罗湖区,23,23,0,0,0,0,1
2021-01-20,589179428,20190000000000000003,900200000000000037,1,149.803,315.420,47249.333,2021-01-20 11:45:00.000,L2FT01-FTJ003,20.78,0.000,0.666012,16605,0.435592,0.055345,0,0,1,0.5400,罗湖区,23,23,0,0,0,0,1
2021-01-20,589179428,20190000000000000003,900200000000000049,1,150.006,315.767,47364.667,2021-01-20 11:45:00.000,L2FT01-FTJ003,20.78,0.000,0.666012,16605,0.435592,0.055345,0,0,1,0.5400,罗湖区,23,23,0,0,0,0,1
2021-01-20,589179428,20190000000000000003,900200000000000037,1,120.823,319.178,38561.111,2021-01-20 12:00:00.000,L2FT01-FTJ003,20.00,0.000,0.666012,16605,0.435592,0.055345,0,0,1,0.5400,罗湖区,23,23,0,0,0,0,1
2021-01-20,589179428,20190000000000000003,900200000000000049,1,118.483,323.457,38098.571,2021-01-20 12:00:00.000,L2FT01-FTJ003,20.00,0.000,0.666012,16605,0.435592,0.055345,0,0,1,0.5400,罗湖区,23,23,0,0,0,0,1
2021-01-20,589179428,20190000000000000003,900200000000000039,1,56.433,324.200,18362.000,2021-01-20 12:45:00.000,L2FT01-FTJ003,20.00,0.000,0.666012,16605,0.435592,0.055345,0,0,1,0.5400,罗湖区,23,23,0,0,0,0,1
2021-01-20,589179428,20190000000000000003,900200000000000039,1,71.243,328.273,23385.333,2021-01-20 13:00:00.000,L2FT01-FTJ003,19.22,0.000,0.666012,16605,0.435592,0.055345,0,0,1,0.5400,罗湖区,23,23,0,0,0,0,1
2021-01-20,589179428,20190000000000000003,900200000000000039,1,69.930,330.107,23083.333,2021-01-20 13:15:00.000,L2FT01-FTJ003,19.22,0.000,0.666012,16605,0.435592,0.055345,0,0,1,0.5400,罗湖区,23,23,0,0,0,0,1
2021-01-20,589179428,20190000000000000003,900200000000000039,1,29.721,328.200,9800.000,2021-01-20 13:30:00.000,L2FT01-FTJ003,19.22,0.000,0.666012,16605,0.435592,0.055345,0,0,1,0.5400,罗湖区,23,23,0,0,0,0,1
2021-01-20,589179428,20190000000000000003,900200000000000048,1,134.851,309.150,42404.000,2021-01-20 16:00:00.000,L2FT01-FTJ003,17.40,0.000,0.666012,16605,0.435592,0.055345,0,0,1,0.5400,罗湖区,23,23,0,0,0,0,1
2021-01-20,589179428,20190000000000000003,900200000000000048,1,149.863,315.587,47292.000,2021-01-20 16:15:00.000,L2FT01-FTJ003,17.40,0.000,0.666012,16605,0.435592,0.055345,0,0,1,0.5400,罗湖区,23,23,0,0,0,0,1
2021-01-20,589179428,20190000000000000003,900200000000000048,1,83.190,325.733,26920.000,2021-01-20 16:30:00.000,L2FT01-FTJ003,17.40,0.000,0.666012,16605,0.435592,0.055345,0,0,1,0.5400,罗湖区,23,23,0,0,0,0,1
2021-01-20,589179428,20190000000000000003,900200000000000032,1,93.347,363.500,33312.500,2021-01-20 20:00:00.000,L2FT01-FTJ003,17.40,0.000,0.666012,16605,0.435592,0.055345,0,0,1,0.5400,罗湖区,23,23,0,0,0,0,1
2021-01-20,589179428,20190000000000000003,900200000000000032,1,118.344,357.360,42286.000,2021-01-20 20:15:00.000,L2FT01-FTJ003,17.40,0.000,0.666012,16605,0.435592,0.055345,0,0,1,0.5400,罗湖区,23,23,0,0,0,0,1
2021-01-20,589179428,20190000000000000003,900200000000000032,1,101.201,358.273,36264.000,2021-01-20 20:30:00.000,L2FT01-FTJ003,17.40,0.000,0.666012,16605,0.435592,0.055345,0,0,1,0.5400,罗湖区,23,23,0,0,0,0,1
2021-01-20,589179428,20190000000000000003,900200000000000032,1,52.559,356.420,18732.000,2021-01-20 20:45:00.000,L2FT01-FTJ003,17.40,0.000,0.666012,16605,0.435592,0.055345,0,0,1,0.5400,罗湖区,23,23,0,0,0,0,1
2021-01-20,589179428,20190000000000000003,900200000000000032,1,28.590,361.100,10315.000,2021-01-20 21:00:00.000,L2FT01-FTJ003,17.88,0.000,0.666012,16605,0.435592,0.055345,0,0,1,0.5400,罗湖区,23,23,0,0,0,0,1
2021-01-20,589179428,20190000000000000003,900200000000000058,1,77.826,349.264,27180.000,2021-01-20 21:15:00.000,L2FT01-FTJ003,17.88,0.000,0.666012,16605,0.435592,0.055345,0,0,1,0.5400,罗湖区,23,23,0,0,0,0,1
2021-01-20,589179428,20190000000000000003,900200000000000058,1,77.963,354.220,27612.000,2021-01-20 21:30:00.000,L2FT01-FTJ003,17.88,0.000,0.666012,16605,0.435592,0.055345,0,0,1,0.5400,罗湖区,23,23,0,0,0,0,1
2021-01-20,589179428,20190000000000000003,900200000000000047,1,96.822,353.133,34184.444,2021-01-20 21:45:00.000,L2FT01-FTJ003,17.88,0.000,0.666012,16605,0.435592,0.055345,0,0,1,0.5400,罗湖区,23,23,0,0,0,0,1
2021-01-20,589179428,20190000000000000003,900200000000000058,1,78.000,360.947,28148.000,2021-01-20 21:45:00.000,L2FT01-FTJ003,17.88,0.000,0.666012,16605,0.435592,0.055345,0,0,1,0.5400,罗湖区,23,23,0,0,0,0,1
2021-01-20,589179428,20190000000000000003,900200000000000047,1,96.830,355.667,34434.000,2021-01-20 22:00:00.000,L2FT01-FTJ003,18.50,0.000,0.666012,16605,0.435592,0.055345,0,0,1,0.5400,罗湖区,23,23,0,0,0,0,1
2021-01-20,589179428,20190000000000000003,900200000000000058,1,77.907,370.840,28888.000,2021-01-20 22:00:00.000,L2FT01-FTJ003,18.50,0.000,0.666012,16605,0.435592,0.055345,0,0,1,0.5400,罗湖区,23,23,0,0,0,0,1
2021-01-20,589179428,20190000000000000003,900200000000000047,1,73.813,355.347,26244.000,2021-01-20 22:15:00.000,L2FT01-FTJ003,18.50,0.000,0.666012,16605,0.435592,0.055345,0,0,1,0.5400,罗湖区,23,23,0,0,0,0,1
2021-01-20,589179428,20190000000000000003,900200000000000058,1,73.117,382.300,27938.667,2021-01-20 22:15:00.000,L2FT01-FTJ003,18.50,0.000,0.666012,16605,0.435592,0.055345,0,0,1,0.5400,罗湖区,23,23,0,0,0,0,1
2021-01-20,589179428,20190000000000000003,900200000000000047,1,47.031,354.827,16699.333,2021-01-20 22:30:00.000,L2FT01-FTJ003,18.50,0.000,0.666012,16605,0.435592,0.055345,0,0,1,0.5400,罗湖区,23,23,0,0,0,0,1
2021-01-20,589179428,20190000000000000003,900200000000000058,1,30.321,386.086,11722.143,2021-01-20 22:30:00.000,L2FT01-FTJ003,18.50,0.000,0.666012,16605,0.435592,0.055345,0,0,1,0.5400,罗湖区,23,23,0,0,0,0,1
2021-01-20,589179428,20190000000000000003,900200000000000047,1,181.661,301.345,56882.727,2021-01-20 23:15:00.000,L2FT01-FTJ003,19.22,0.000,0.666012,16605,0.435592,0.055345,0,0,1,0.5400,罗湖区,23,23,0,0,0,0,1
2021-01-20,589179428,20190000000000000003,900200000000000044,1,121.209,307.807,36814.667,2021-01-20 23:30:00.000,L2FT01-FTJ003,19.22,0.000,0.666012,16605,0.435592,0.055345,0,0,1,0.5400,罗湖区,23,23,0,0,0,0,1
2021-01-20,589179428,20190000000000000003,900200000000000047,1,199.973,314.447,62880.000,2021-01-20 23:30:00.000,L2FT01-FTJ003,19.22,0.000,0.666012,16605,0.435592,0.055345,0,0,1,0.5400,罗湖区,23,23,0,0,0,0,1
2021-01-20,589179428,20190000000000000003,900200000000000057,1,129.845,313.950,40762.500,2021-01-20 23:30:00.000,L2FT01-FTJ003,19.22,0.000,0.666012,16605,0.435592,0.055345,0,0,1,0.5400,罗湖区,23,23,0,0,0,0,1
2021-01-20,589179428,20190000000000000003,900200000000000057,1,129.824,313.767,40730.667,2021-01-20 23:45:00.000,L2FT01-FTJ003,19.22,0.000,0.666012,16605,0.435592,0.055345,0,0,1,0.5400,罗湖区,23,23,0,0,0,0,1
2021-01-20,589179428,20190000000000000003,900200000000000047,1,200.027,316.220,63252.000,2021-01-20 23:45:00.000,L2FT01-FTJ003,19.22,0.000,0.666012,16605,0.435592,0.055345,0,0,1,0.5400,罗湖区,23,23,0,0,0,0,1
2021-01-20,589179428,20190000000000000003,900200000000000044,1,130.000,308.960,40160.000,2021-01-20 23:45:00.000,L2FT01-FTJ003,19.22,0.000,0.666012,16605,0.435592,0.055345,0,0,1,0.5400,罗湖区,23,23,0,0,0,0,1
2021-01-20,589179428,20190000000000000003,900200000000000032,1,99.828,363.077,36240.000,2021-01-20 23:45:00.000,L2FT01-FTJ003,19.22,0.000,0.666012,16605,0.435592,0.055345,0,0,1,0.5400,罗湖区,23,23,0,0,0,0,1
2021-01-21,589179428,20190000000000000003,900200000000000032,1,99.806,374.033,37326.000,2021-01-21 00:00:00.000,L2FT01-FTJ003,20.00,0.000,0.666012,16605,0.435592,0.055345,0,0,1,0.5400,罗湖区,23,23,0,0,0,0,1
2021-01-21,589179428,20190000000000000003,900200000000000044,1,130.072,311.520,40517.333,2021-01-21 00:00:00.000,L2FT01-FTJ003,20.00,0.000,0.666012,16605,0.435592,0.055345,0,0,1,0.5400,罗湖区,23,23,0,0,0,0,1
2021-01-21,589179428,20190000000000000003,900200000000000047,1,173.299,318.567,55222.667,2021-01-21 00:00:00.000,L2FT01-FTJ003,20.00,0.000,0.666012,16605,0.435592,0.055345,0,0,1,0.5400,罗湖区,23,23,0,0,0,0,1
2021-01-21,589179428,20190000000000000003,900200000000000057,1,125.799,317.507,39902.667,2021-01-21 00:00:00.000,L2FT01-FTJ003,20.00,0.000,0.666012,16605,0.435592,0.055345,0,0,1,0.5400,罗湖区,23,23,0,0,0,0,1
2021-01-21,589179428,20190000000000000003,900200000000000032,1,99.806,387.153,38638.000,2021-01-21 00:15:00.000,L2FT01-FTJ003,20.00,0.000,0.666012,16605,0.435592,0.055345,0,0,1,0.5400,罗湖区,23,23,0,0,0,0,1
2021-01-21,589179428,20190000000000000003,900200000000000044,1,130.007,312.407,40611.333,2021-01-21 00:15:00.000,L2FT01-FTJ003,20.00,0.000,0.666012,16605,0.435592,0.055345,0,0,1,0.5400,罗湖区,23,23,0,0,0,0,1
2021-01-21,589179428,20190000000000000003,900200000000000047,1,43.832,308.200,14192.000,2021-01-21 00:15:00.000,L2FT01-FTJ003,20.00,0.000,0.666012,16605,0.435592,0.055345,0,0,1,0.5400,罗湖区,23,23,0,0,0,0,1
2021-01-21,589179428,20190000000000000003,900200000000000057,1,29.790,331.667,9880.000,2021-01-21 00:15:00.000,L2FT01-FTJ003,20.00,0.000,0.666012,16605,0.435592,0.055345,0,0,1,0.5400,罗湖区,23,23,0,0,0,0,1
2021-01-21,589179428,20190000000000000003,900200000000000032,1,75.037,397.453,29809.333,2021-01-21 00:30:00.000,L2FT01-FTJ003,20.00,0.000,0.666012,16605,0.435592,0.055345,0,0,1,0.5400,罗湖区,23,23,0,0,0,0,1
2021-01-21,589179428,20190000000000000003,900200000000000044,1,129.927,314.093,40806.000,2021-01-21 00:30:00.000,L2FT01-FTJ003,20.00,0.000,0.666012,16605,0.435592,0.055345,0,0,1,0.5400,罗湖区,23,23,0,0,0,0,1
2021-01-21,589179428,20190000000000000003,900200000000000032,1,22.472,398.080,8945.333,2021-01-21 00:45:00.000,L2FT01-FTJ003,20.00,0.000,0.666012,16605,0.435592,0.055345,0,0,1,0.5400,罗湖区,23,23,0,0,0,0,1
2021-01-21,589179428,20190000000000000003,900200000000000044,1,129.890,315.307,40953.333,2021-01-21 00:45:00.000,L2FT01-FTJ003,20.00,0.000,0.666012,16605,0.435592,0.055345,0,0,1,0.5400,罗湖区,23,23,0,0,0,0,1
2021-01-21,589179428,20190000000000000003,900200000000000032,1,8.312,397.918,3304.545,2021-01-21 01:00:00.000,L2FT01-FTJ003,20.78,0.000,0.666012,16605,0.435592,0.055345,0,0,1,0.5400,罗湖区,23,23,0,0,0,0,1
2021-01-21,589179428,20190000000000000003,900200000000000044,1,115.961,316.413,36701.333,2021-01-21 01:00:00.000,L2FT01-FTJ003,20.78,0.000,0.666012,16605,0.435592,0.055345,0,0,1,0.5400,罗湖区,23,23,0,0,0,0,1
2021-01-21,589179428,20190000000000000003,900200000000000044,1,62.159,320.077,19870.769,2021-01-21 01:15:00.000,L2FT01-FTJ003,20.78,0.000,0.666012,16605,0.435592,0.055345,0,0,1,0.5400,罗湖区,23,23,0,0,0,0,1
2021-01-21,589179428,20190000000000000003,900200000000000040,1,118.043,309.543,36601.429,2021-01-21 01:30:00.000,L2FT01-FTJ003,20.78,0.000,0.666012,16605,0.435592,0.055345,0,0,1,0.5400,罗湖区,23,23,0,0,0,0,1
2021-01-21,589179428,20190000000000000003,900200000000000040,1,129.830,312.213,40530.000,2021-01-21 01:45:00.000,L2FT01-FTJ003,20.78,0.000,0.666012,16605,0.435592,0.055345,0,0,1,0.5400,罗湖区,23,23,0,0,0,0,1
2021-01-21,589179428,20190000000000000003,900200000000000044,1,130.248,311.225,40530.000,2021-01-21 01:45:00.000,L2FT01-FTJ003,20.78,0.000,0.666012,16605,0.435592,0.055345,0,0,1,0.5400,罗湖区,23,23,0,0,0,0,1
2021-01-21,589179428,20190000000000000003,900200000000000040,1,130.660,313.627,40975.333,2021-01-21 02:00:00.000,L2FT01-FTJ003,21.50,0.000,0.666012,16605,0.435592,0.055345,0,0,1,0.5400,罗湖区,23,23,0,0,0,0,1
2021-01-21,589179428,20190000000000000003,900200000000000044,1,129.887,314.000,40782.000,2021-01-21 02:00:00.000,L2FT01-FTJ003,21.50,0.000,0.666012,16605,0.435592,0.055345,0,0,1,0.5400,罗湖区,23,23,0,0,0,0,1
2021-01-21,589179428,20190000000000000003,900200000000000040,1,132.878,314.987,41853.333,2021-01-21 02:15:00.000,L2FT01-FTJ003,21.50,0.000,0.666012,16605,0.435592,0.055345,0,0,1,0.5400,罗湖区,23,23,0,0,0,0,1
2021-01-21,589179428,20190000000000000003,900200000000000044,1,130.000,315.487,41008.000,2021-01-21 02:15:00.000,L2FT01-FTJ003,21.50,0.000,0.666012,16605,0.435592,0.055345,0,0,1,0.5400,罗湖区,23,23,0,0,0,0,1
2021-01-21,589179428,20190000000000000003,900200000000000040,1,114.312,319.022,36436.667,2021-01-21 02:30:00.000,L2FT01-FTJ003,21.50,0.000,0.666012,16605,0.435592,0.055345,0,0,1,0.5400,罗湖区,23,23,0,0,0,0,1
2021-01-21,589179428,20190000000000000003,900200000000000044,1,109.928,319.246,35002.308,2021-01-21 02:30:00.000,L2FT01-FTJ003,21.50,0.000,0.666012,16605,0.435592,0.055345,0,0,1,0.5400,罗湖区,23,23,0,0,0,0,1
2021-01-21,589179428,20190000000000000003,900200000000000048,1,149.790,311.417,46645.000,2021-01-21 02:45:00.000,L2FT01-FTJ003,21.50,0.000,0.666012,16605,0.435592,0.055345,0,0,1,0.5400,罗湖区,23,23,0,0,0,0,1
2021-01-21,589179428,20190000000000000003,900200000000000048,1,149.852,312.847,46878.667,2021-01-21 03:00:00.000,L2FT01-FTJ003,22.12,0.000,0.666012,16605,0.435592,0.055345,0,0,1,0.5400,罗湖区,23,23,0,0,0,0,1
2021-01-21,589179428,20190000000000000003,900200000000000048,1,149.897,313.960,47058.667,2021-01-21 03:15:00.000,L2FT01-FTJ003,22.12,0.000,0.666012,16605,0.435592,0.055345,0,0,1,0.5400,罗湖区,23,23,0,0,0,0,1
2021-01-21,589179428,20190000000000000003,900200000000000048,1,149.905,315.367,47272.667,2021-01-21 03:30:00.000,L2FT01-FTJ003,22.12,0.000,0.666012,16605,0.435592,0.055345,0,0,1,0.5400,罗湖区,23,23,0,0,0,0,1
2021-01-21,589179428,20190000000000000003,900200000000000048,1,110.782,315.708,35389.231,2021-01-21 03:45:00.000,L2FT01-FTJ003,22.12,0.000,0.666012,16605,0.435592,0.055345,0,0,1,0.5400,罗湖区,23,23,0,0,0,0,1
2021-01-21,589179428,20190000000000000003,900200000000000032,1,125.896,313.733,39520.667,2021-01-21 05:15:00.000,L2FT01-FTJ003,22.90,0.000,0.666012,16605,0.435592,0.055345,0,0,1,0.5400,罗湖区,23,23,0,0,0,0,1
2021-01-21,589179428,20190000000000000003,900200000000000032,1,130.006,315.027,40951.333,2021-01-21 05:30:00.000,L2FT01-FTJ003,22.90,0.000,0.666012,16605,0.435592,0.055345,0,0,1,0.5400,罗湖区,23,23,0,0,0,0,1
2021-01-21,589179428,20190000000000000003,900200000000000032,1,119.372,318.627,37958.667,2021-01-21 05:45:00.000,L2FT01-FTJ003,22.90,0.000,0.666012,16605,0.435592,0.055345,0,0,1,0.5400,罗湖区,23,23,0,0,0,0,1
2021-01-21,589179428,20190000000000000003,900200000000000032,1,25.590,329.400,8445.000,2021-01-21 06:00:00.000,L2FT01-FTJ003,23.00,0.000,0.666012,16605,0.435592,0.055345,0,0,1,0.5400,罗湖区,23,23,0,0,0,0,1
2021-01-21,589179428,20190000000000000003,900200000000000030,1,94.505,354.573,33505.333,2021-01-21 07:45:00.000,L2FT01-FTJ003,22.90,0.000,0.666012,16605,0.435592,0.055345,0,0,1,0.5400,罗湖区,23,23,0,0,0,0,1
2021-01-21,589179428,20190000000000000003,900200000000000030,1,90.286,356.647,32206.000,2021-01-21 08:00:00.000,L2FT01-FTJ003,22.60,0.000,0.666012,16605,0.435592,0.055345,0,0,1,0.5400,罗湖区,23,23,0,0,0,0,1
2021-01-21,589179428,20190000000000000003,900200000000000030,1,60.977,355.380,21668.667,2021-01-21 08:15:00.000,L2FT01-FTJ003,22.60,0.000,0.666012,16605,0.435592,0.055345,0,0,1,0.5400,罗湖区,23,23,0,0,0,0,1
2021-01-21,589179428,20190000000000000003,900200000000000030,1,30.204,355.257,10728.571,2021-01-21 08:30:00.000,L2FT01-FTJ003,22.60,0.000,0.666012,16605,0.435592,0.055345,0,0,1,0.5400,罗湖区,23,23,0,0,0,0,1
2021-01-21,589179428,20190000000000000003,900200000000000034,1,93.208,390.923,36550.769,2021-01-21 10:15:00.000,L2FT01-FTJ003,21.50,0.000,0.666012,16605,0.435592,0.055345,0,0,1,0.5400,罗湖区,23,23,0,0,0,0,1
2021-01-21,589179428,20190000000000000003,900200000000000034,1,44.200,392.640,17348.000,2021-01-21 10:30:00.000,L2FT01-FTJ003,21.50,0.000,0.666012,16605,0.435592,0.055345,0,0,1,0.5400,罗湖区,23,23,0,0,0,0,1
2021-01-21,589179428,20190000000000000003,900200000000000038,1,114.395,391.620,44800.000,2021-01-21 12:30:00.000,L2FT01-FTJ003,20.00,0.000,0.666012,16605,0.435592,0.055345,0,0,1,0.5400,罗湖区,23,23,0,0,0,0,1
2021-01-21,589179428,20190000000000000003,900200000000000038,1,67.817,401.820,27249.333,2021-01-21 12:45:00.000,L2FT01-FTJ003,20.00,0.000,0.666012,16605,0.435592,0.055345,0,0,1,0.5400,罗湖区,23,23,0,0,0,0,1
2021-01-21,589179428,20190000000000000003,900200000000000038,1,67.790,411.360,27886.000,2021-01-21 13:00:00.000,L2FT01-FTJ003,19.22,0.000,0.666012,16605,0.435592,0.055345,0,0,1,0.5400,罗湖区,23,23,0,0,0,0,1
2021-01-21,589179428,20190000000000000003,900200000000000034,1,111.000,347.300,38550.000,2021-01-21 13:45:00.000,L2FT01-FTJ003,19.22,0.000,0.666012,16605,0.435592,0.055345,0,0,1,0.5400,罗湖区,23,23,0,0,0,0,1
2021-01-21,589179428,20190000000000000003,900200000000000034,1,107.445,352.307,37846.667,2021-01-21 14:00:00.000,L2FT01-FTJ003,18.50,0.000,0.666012,16605,0.435592,0.055345,0,0,1,0.5400,罗湖区,23,23,0,0,0,0,1
2021-01-21,589179428,20190000000000000003,900200000000000030,1,17.790,350.300,6230.000,2021-01-21 14:15:00.000,L2FT01-FTJ003,18.50,0.000,0.666012,16605,0.435592,0.055345,0,0,1,0.5400,罗湖区,23,23,0,0,0,0,1
2021-01-21,589179428,20190000000000000003,900200000000000034,1,101.619,354.107,35976.667,2021-01-21 14:15:00.000,L2FT01-FTJ003,18.50,0.000,0.666012,16605,0.435592,0.055345,0,0,1,0.5400,罗湖区,23,23,0,0,0,0,1
2021-01-21,589179428,20190000000000000003,900200000000000034,1,99.800,356.087,35528.667,2021-01-21 14:30:00.000,L2FT01-FTJ003,18.50,0.000,0.666012,16605,0.435592,0.055345,0,0,1,0.5400,罗湖区,23,23,0,0,0,0,1
2021-01-21,589179428,20190000000000000003,900200000000000034,1,72.704,355.773,25870.000,2021-01-21 14:45:00.000,L2FT01-FTJ003,18.50,0.000,0.666012,16605,0.435592,0.055345,0,0,1,0.5400,罗湖区,23,23,0,0,0,0,1
2021-01-21,589179428,20190000000000000003,900200000000000034,1,37.035,353.067,13175.000,2021-01-21 15:00:00.000,L2FT01-FTJ003,17.88,0.000,0.666012,16605,0.435592,0.055345,0,0,1,0.5400,罗湖区,23,23,0,0,0,0,1
2021-01-21,589179428,20190000000000000003,900200000000000052,1,63.823,335.900,21436.667,2021-01-21 16:00:00.000,L2FT01-FTJ003,17.40,0.000,0.666012,16605,0.435592,0.055345,0,0,1,0.5400,罗湖区,23,23,0,0,0,0,1
2021-01-21,589179428,20190000000000000003,900200000000000052,1,63.810,343.927,21944.000,2021-01-21 16:15:00.000,L2FT01-FTJ003,17.40,0.000,0.666012,16605,0.435592,0.055345,0,0,1,0.5400,罗湖区,23,23,0,0,0,0,1
2021-01-21,589179428,20190000000000000003,900200000000000052,1,63.790,355.120,22650.667,2021-01-21 16:30:00.000,L2FT01-FTJ003,17.40,0.000,0.666012,16605,0.435592,0.055345,0,0,1,0.5400,罗湖区,23,23,0,0,0,0,1
2021-01-21,589179428,20190000000000000003,900200000000000048,1,150.214,390.360,58636.000,2021-01-21 16:45:00.000,L2FT01-FTJ003,17.40,0.000,0.666012,16605,0.435592,0.055345,0,0,1,0.5400,罗湖区,23,23,0,0,0,0,1
2021-01-21,589179428,20190000000000000003,900200000000000052,1,34.090,361.233,12311.333,2021-01-21 16:45:00.000,L2FT01-FTJ003,17.40,0.000,0.666012,16605,0.435592,0.055345,0,0,1,0.5400,罗湖区,23,23,0,0,0,0,1
2021-01-21,589179428,20190000000000000003,900200000000000043,1,129.847,312.930,40630.000,2021-01-21 17:00:00.000,L2FT01-FTJ003,17.10,0.000,0.666012,16605,0.435592,0.055345,0,0,1,0.5400,罗湖区,23,23,0,0,0,0,1
2021-01-21,589179428,20190000000000000003,900200000000000048,1,106.204,400.011,42448.889,2021-01-21 17:00:00.000,L2FT01-FTJ003,17.10,0.000,0.666012,16605,0.435592,0.055345,0,0,1,0.5400,罗湖区,23,23,0,0,0,0,1
2021-01-21,589179428,20190000000000000003,900200000000000052,1,12.690,362.953,4605.333,2021-01-21 17:00:00.000,L2FT01-FTJ003,17.10,0.000,0.666012,16605,0.435592,0.055345,0,0,1,0.5400,罗湖区,23,23,0,0,0,0,1
2021-01-21,589179428,20190000000000000003,900200000000000043,1,129.830,313.747,40730.000,2021-01-21 17:15:00.000,L2FT01-FTJ003,17.10,0.000,0.666012,16605,0.435592,0.055345,0,0,1,0.5400,罗湖区,23,23,0,0,0,0,1
2021-01-21,589179428,20190000000000000003,900200000000000052,1,10.515,364.533,3831.667,2021-01-21 17:15:00.000,L2FT01-FTJ003,17.10,0.000,0.666012,16605,0.435592,0.055345,0,0,1,0.5400,罗湖区,23,23,0,0,0,0,1
2021-01-21,589179428,20190000000000000003,900200000000000043,1,110.661,313.654,35116.154,2021-01-21 17:30:00.000,L2FT01-FTJ003,17.10,0.000,0.666012,16605,0.435592,0.055345,0,0,1,0.5400,罗湖区,23,23,0,0,0,0,1
2021-01-21,589179428,20190000000000000003,900200000000000049,1,129.840,314.160,40784.000,2021-01-21 18:00:00.000,L2FT01-FTJ003,17.00,0.000,0.666012,16605,0.435592,0.055345,0,0,1,0.5400,罗湖区,23,23,0,0,0,0,1
2021-01-21,589179428,20190000000000000003,900200000000000049,1,129.922,314.860,40902.000,2021-01-21 18:15:00.000,L2FT01-FTJ003,17.00,0.000,0.666012,16605,0.435592,0.055345,0,0,1,0.5400,罗湖区,23,23,0,0,0,0,1
2021-01-21,589179428,20190000000000000003,900200000000000043,1,200.021,315.389,63081.111,2021-01-21 18:30:00.000,L2FT01-FTJ003,17.00,0.000,0.666012,16605,0.435592,0.055345,0,0,1,0.5400,罗湖区,23,23,0,0,0,0,1
2021-01-21,589179428,20190000000000000003,900200000000000049,1,130.036,316.280,41124.000,2021-01-21 18:30:00.000,L2FT01-FTJ003,17.00,0.000,0.666012,16605,0.435592,0.055345,0,0,1,0.5400,罗湖区,23,23,0,0,0,0,1
2021-01-21,589179428,20190000000000000003,900200000000000043,1,186.562,318.480,59292.667,2021-01-21 18:45:00.000,L2FT01-FTJ003,17.00,0.000,0.666012,16605,0.435592,0.055345,0,0,1,0.5400,罗湖区,23,23,0,0,0,0,1
2021-01-21,589179428,20190000000000000003,900200000000000057,0,0.000,267.400,0.000,2021-01-21 18:45:00.000,L2FT01-FTJ003,17.00,0.000,0.666012,16605,0.435592,0.055345,0,0,1,0.5400,罗湖区,23,23,0,0,0,0,1
2021-01-21,589179428,20190000000000000003,900200000000000057,1,61.810,363.473,22466.000,2021-01-21 19:00:00.000,L2FT01-FTJ003,17.10,0.000,0.666012,16605,0.435592,0.055345,0,0,1,0.5400,罗湖区,23,23,0,0,0,0,1
2021-01-21,589179428,20190000000000000003,900200000000000043,1,29.790,334.900,9975.000,2021-01-21 19:00:00.000,L2FT01-FTJ003,17.10,0.000,0.666012,16605,0.435592,0.055345,0,0,1,0.5400,罗湖区,23,23,0,0,0,0,1
2021-01-21,589179428,20190000000000000003,900200000000000057,1,61.790,371.212,22935.000,2021-01-21 19:15:00.000,L2FT01-FTJ003,17.10,0.000,0.666012,16605,0.435592,0.055345,0,0,1,0.5400,罗湖区,23,23,0,0,0,0,1
2021-01-22,589179428,20190000000000000003,900200000000000048,1,86.695,306.450,26700.000,2021-01-22 00:45:00.000,L2FT01-FTJ003,20.00,0.000,0.666012,16605,0.435592,0.055345,0,0,1,0.5400,罗湖区,23,23,0,0,0,0,1
2021-01-22,589179428,20190000000000000003,900200000000000030,1,98.787,401.264,39644.545,2021-01-22 01:00:00.000,L2FT01-FTJ003,20.78,0.000,0.666012,16605,0.435592,0.055345,0,0,1,0.5400,罗湖区,23,23,0,0,0,0,1
2021-01-22,589179428,20190000000000000003,900200000000000048,1,129.866,310.080,40266.667,2021-01-22 01:00:00.000,L2FT01-FTJ003,20.78,0.000,0.666012,16605,0.435592,0.055345,0,0,1,0.5400,罗湖区,23,23,0,0,0,0,1
2021-01-22,589179428,20190000000000000003,900200000000000030,1,110.249,413.400,45646.000,2021-01-22 01:15:00.000,L2FT01-FTJ003,20.78,0.000,0.666012,16605,0.435592,0.055345,0,0,1,0.5400,罗湖区,23,23,0,0,0,0,1
2021-01-22,589179428,20190000000000000003,900200000000000048,1,130.442,311.527,40632.000,2021-01-22 01:15:00.000,L2FT01-FTJ003,20.78,0.000,0.666012,16605,0.435592,0.055345,0,0,1,0.5400,罗湖区,23,23,0,0,0,0,1
2021-01-22,589179428,20190000000000000003,900200000000000030,1,98.981,434.687,42936.000,2021-01-22 01:30:00.000,L2FT01-FTJ003,20.78,0.000,0.666012,16605,0.435592,0.055345,0,0,1,0.5400,罗湖区,23,23,0,0,0,0,1
2021-01-22,589179428,20190000000000000003,900200000000000048,1,130.024,313.320,40735.333,2021-01-22 01:30:00.000,L2FT01-FTJ003,20.78,0.000,0.666012,16605,0.435592,0.055345,0,0,1,0.5400,罗湖区,23,23,0,0,0,0,1
2021-01-22,589179428,20190000000000000003,900200000000000030,1,44.217,443.413,19593.333,2021-01-22 01:45:00.000,L2FT01-FTJ003,20.78,0.000,0.666012,16605,0.435592,0.055345,0,0,1,0.5400,罗湖区,23,23,0,0,0,0,1
2021-01-22,589179428,20190000000000000003,900200000000000038,1,170.613,307.650,52770.000,2021-01-22 01:45:00.000,L2FT01-FTJ003,20.78,0.000,0.666012,16605,0.435592,0.055345,0,0,1,0.5400,罗湖区,23,23,0,0,0,0,1
2021-01-22,589179428,20190000000000000003,900200000000000048,1,130.018,314.527,40890.000,2021-01-22 01:45:00.000,L2FT01-FTJ003,20.78,0.000,0.666012,16605,0.435592,0.055345,0,0,1,0.5400,罗湖区,23,23,0,0,0,0,1
2021-01-22,589179428,20190000000000000003,900200000000000030,1,34.790,447.600,15570.000,2021-01-22 02:00:00.000,L2FT01-FTJ003,21.50,0.000,0.666012,16605,0.435592,0.055345,0,0,1,0.5400,罗湖区,23,23,0,0,0,0,1
2021-01-22,589179428,20190000000000000003,900200000000000038,1,199.860,312.027,62355.333,2021-01-22 02:00:00.000,L2FT01-FTJ003,21.50,0.000,0.666012,16605,0.435592,0.055345,0,0,1,0.5400,罗湖区,23,23,0,0,0,0,1
2021-01-22,589179428,20190000000000000003,900200000000000048,1,110.127,317.957,34968.571,2021-01-22 02:00:00.000,L2FT01-FTJ003,21.50,0.000,0.666012,16605,0.435592,0.055345,0,0,1,0.5400,罗湖区,23,23,0,0,0,0,1
2021-01-22,589179428,20190000000000000003,900200000000000038,1,199.941,313.780,62734.667,2021-01-22 02:15:00.000,L2FT01-FTJ003,21.50,0.000,0.666012,16605,0.435592,0.055345,0,0,1,0.5400,罗湖区,23,23,0,0,0,0,1
2021-01-22,589179428,20190000000000000003,900200000000000038,1,166.442,314.313,52314.000,2021-01-22 02:30:00.000,L2FT01-FTJ003,21.50,0.000,0.666012,16605,0.435592,0.055345,0,0,1,0.5400,罗湖区,23,23,0,0,0,0,1
2021-01-22,589179428,20190000000000000003,900200000000000038,1,172.213,316.060,54430.667,2021-01-22 02:45:00.000,L2FT01-FTJ003,21.50,0.000,0.666012,16605,0.435592,0.055345,0,0,1,0.5400,罗湖区,23,23,0,0,0,0,1
2021-01-22,589179428,20190000000000000003,900200000000000038,1,120.610,317.700,38444.286,2021-01-22 03:00:00.000,L2FT01-FTJ003,22.12,0.000,0.666012,16605,0.435592,0.055345,0,0,1,0.5400,罗湖区,23,23,0,0,0,0,1
2021-01-22,589179428,20190000000000000003,900200000000000052,1,95.054,319.260,29867.000,2021-01-22 06:30:00.000,L2FT01-FTJ003,23.00,0.000,0.666012,16605,0.435592,0.055345,0,0,1,0.5400,罗湖区,23,23,0,0,0,0,1
2021-01-22,589179428,20190000000000000003,900200000000000052,1,68.594,321.460,22000.000,2021-01-22 06:45:00.000,L2FT01-FTJ003,23.00,0.000,0.666012,16605,0.435592,0.055345,0,0,1,0.5400,罗湖区,23,23,0,0,0,0,1
2021-01-22,589179428,20190000000000000003,900200000000000034,1,63.866,342.367,21863.333,2021-01-22 07:45:00.000,L2FT01-FTJ003,22.90,0.000,0.666012,16605,0.435592,0.055345,0,0,1,0.5400,罗湖区,23,23,0,0,0,0,1
2021-01-22,589179428,20190000000000000003,900200000000000044,1,95.818,382.320,36630.000,2021-01-22 07:45:00.000,L2FT01-FTJ003,22.90,0.000,0.666012,16605,0.435592,0.055345,0,0,1,0.5400,罗湖区,23,23,0,0,0,0,1
2021-01-22,589179428,20190000000000000003,900200000000000058,1,71.457,350.000,25013.333,2021-01-22 07:45:00.000,L2FT01-FTJ003,22.90,0.000,0.666012,16605,0.435592,0.055345,0,0,1,0.5400,罗湖区,23,23,0,0,0,0,1
2021-01-22,589179428,20190000000000000003,900200000000000058,1,73.790,356.873,26332.667,2021-01-22 08:00:00.000,L2FT01-FTJ003,22.60,0.000,0.666012,16605,0.435592,0.055345,0,0,1,0.5400,罗湖区,23,23,0,0,0,0,1
2021-01-22,589179428,20190000000000000003,900200000000000044,1,74.499,394.387,29341.333,2021-01-22 08:00:00.000,L2FT01-FTJ003,22.60,0.000,0.666012,16605,0.435592,0.055345,0,0,1,0.5400,罗湖区,23,23,0,0,0,0,1
2021-01-22,589179428,20190000000000000003,900200000000000034,1,59.570,353.833,21067.333,2021-01-22 08:00:00.000,L2FT01-FTJ003,22.60,0.000,0.666012,16605,0.435592,0.055345,0,0,1,0.5400,罗湖区,23,23,0,0,0,0,1
2021-01-22,589179428,20190000000000000003,900200000000000034,1,31.968,358.987,11473.333,2021-01-22 08:15:00.000,L2FT01-FTJ003,22.60,0.000,0.666012,16605,0.435592,0.055345,0,0,1,0.5400,罗湖区,23,23,0,0,0,0,1
2021-01-22,589179428,20190000000000000003,900200000000000044,1,30.719,397.591,12210.909,2021-01-22 08:15:00.000,L2FT01-FTJ003,22.60,0.000,0.666012,16605,0.435592,0.055345,0,0,1,0.5400,罗湖区,23,23,0,0,0,0,1
2021-01-22,589179428,20190000000000000003,900200000000000058,1,73.810,368.147,27170.667,2021-01-22 08:15:00.000,L2FT01-FTJ003,22.60,0.000,0.666012,16605,0.435592,0.055345,0,0,1,0.5400,罗湖区,23,23,0,0,0,0,1
2021-01-22,589179428,20190000000000000003,900200000000000034,1,12.650,360.840,4562.667,2021-01-22 08:30:00.000,L2FT01-FTJ003,22.60,0.000,0.666012,16605,0.435592,0.055345,0,0,1,0.5400,罗湖区,23,23,0,0,0,0,1
2021-01-22,589179428,20190000000000000003,900200000000000044,1,82.253,387.067,31810.000,2021-01-22 08:30:00.000,L2FT01-FTJ003,22.60,0.000,0.666012,16605,0.435592,0.055345,0,0,1,0.5400,罗湖区,23,23,0,0,0,0,1
2021-01-22,589179428,20190000000000000003,900200000000000058,1,73.890,377.393,27884.000,2021-01-22 08:30:00.000,L2FT01-FTJ003,22.60,0.000,0.666012,16605,0.435592,0.055345,0,0,1,0.5400,罗湖区,23,23,0,0,0,0,1
2021-01-22,589179428,20190000000000000003,900200000000000058,1,49.457,384.460,19009.333,2021-01-22 08:45:00.000,L2FT01-FTJ003,22.60,0.000,0.666012,16605,0.435592,0.055345,0,0,1,0.5400,罗湖区,23,23,0,0,0,0,1
2021-01-22,589179428,20190000000000000003,900200000000000044,1,51.677,399.180,20608.667,2021-01-22 08:45:00.000,L2FT01-FTJ003,22.60,0.000,0.666012,16605,0.435592,0.055345,0,0,1,0.5400,罗湖区,23,23,0,0,0,0,1
2021-01-22,589179428,20190000000000000003,900200000000000044,1,25.502,405.633,10338.000,2021-01-22 09:00:00.000,L2FT01-FTJ003,22.12,0.000,0.666012,16605,0.435592,0.055345,0,0,1,0.5400,罗湖区,23,23,0,0,0,0,1
2021-01-22,589179428,20190000000000000003,900200000000000058,1,24.290,385.075,9355.000,2021-01-22 09:00:00.000,L2FT01-FTJ003,22.12,0.000,0.666012,16605,0.435592,0.055345,0,0,1,0.5400,罗湖区,23,23,0,0,0,0,1
2021-01-22,589179428,20190000000000000003,900200000000000044,1,18.000,407.367,7326.667,2021-01-22 09:15:00.000,L2FT01-FTJ003,22.12,0.000,0.666012,16605,0.435592,0.055345,0,0,1,0.5400,罗湖区,23,23,0,0,0,0,1
2021-01-22,589179428,20190000000000000003,900200000000000052,1,82.314,357.693,29479.286,2021-01-22 12:15:00.000,L2FT01-FTJ003,20.00,0.000,0.666012,16605,0.435592,0.055345,0,0,1,0.5400,罗湖区,23,23,0,0,0,0,1
2021-01-22,589179428,20190000000000000003,900200000000000053,1,86.025,396.233,34091.667,2021-01-22 12:15:00.000,L2FT01-FTJ003,20.00,0.000,0.666012,16605,0.435592,0.055345,0,0,1,0.5400,罗湖区,23,23,0,0,0,0,1
2021-01-22,589179428,20190000000000000003,900200000000000053,1,97.704,410.893,40149.333,2021-01-22 12:30:00.000,L2FT01-FTJ003,20.00,0.000,0.666012,16605,0.435592,0.055345,0,0,1,0.5400,罗湖区,23,23,0,0,0,0,1
2021-01-22,589179428,20190000000000000003,900200000000000053,1,80.839,433.193,34951.333,2021-01-22 12:45:00.000,L2FT01-FTJ003,20.00,0.000,0.666012,16605,0.435592,0.055345,0,0,1,0.5400,罗湖区,23,23,0,0,0,0,1
2021-01-22,589179428,20190000000000000003,900200000000000053,1,46.813,443.189,20740.000,2021-01-22 13:00:00.000,L2FT01-FTJ003,19.22,0.000,0.666012,16605,0.435592,0.055345,0,0,1,0.5400,罗湖区,23,23,0,0,0,0,1
2021-01-22,589179428,20190000000000000003,900200000000000053,1,73.765,330.150,24372.500,2021-01-22 13:15:00.000,L2FT01-FTJ003,19.22,0.000,0.666012,16605,0.435592,0.055345,0,0,1,0.5400,罗湖区,23,23,0,0,0,0,1
2021-01-22,589179428,20190000000000000003,900200000000000053,1,69.683,333.053,23208.000,2021-01-22 13:30:00.000,L2FT01-FTJ003,19.22,0.000,0.666012,16605,0.435592,0.055345,0,0,1,0.5400,罗湖区,23,23,0,0,0,0,1
2021-01-22,589179428,20190000000000000003,900200000000000053,1,20.790,337.700,7020.000,2021-01-22 13:45:00.000,L2FT01-FTJ003,19.22,0.000,0.666012,16605,0.435592,0.055345,0,0,1,0.5400,罗湖区,23,23,0,0,0,0,1
2021-01-22,589179428,20190000000000000003,900200000000000043,1,89.819,336.592,30225.000,2021-01-22 14:00:00.000,L2FT01-FTJ003,18.50,0.000,0.666012,16605,0.435592,0.055345,0,0,1,0.5400,罗湖区,23,23,0,0,0,0,1
2021-01-22,589179428,20190000000000000003,900200000000000047,1,129.848,312.100,40521.667,2021-01-22 14:00:00.000,L2FT01-FTJ003,18.50,0.000,0.666012,16605,0.435592,0.055345,0,0,1,0.5400,罗湖区,23,23,0,0,0,0,1
2021-01-22,589179428,20190000000000000003,900200000000000043,1,45.790,338.293,15490.000,2021-01-22 14:15:00.000,L2FT01-FTJ003,18.50,0.000,0.666012,16605,0.435592,0.055345,0,0,1,0.5400,罗湖区,23,23,0,0,0,0,1
2021-01-22,589179428,20190000000000000003,900200000000000047,1,129.854,314.593,40848.000,2021-01-22 14:15:00.000,L2FT01-FTJ003,18.50,0.000,0.666012,16605,0.435592,0.055345,0,0,1,0.5400,罗湖区,23,23,0,0,0,0,1
2021-01-22,589179428,20190000000000000003,900200000000000047,1,129.883,315.569,40984.615,2021-01-22 14:30:00.000,L2FT01-FTJ003,18.50,0.000,0.666012,16605,0.435592,0.055345,0,0,1,0.5400,罗湖区,23,23,0,0,0,0,1
2021-01-22,589179428,20190000000000000003,900200000000000043,1,45.790,342.050,15660.000,2021-01-22 14:30:00.000,L2FT01-FTJ003,18.50,0.000,0.666012,16605,0.435592,0.055345,0,0,1,0.5400,罗湖区,23,23,0,0,0,0,1
2021-01-22,589179428,20190000000000000003,900200000000000044,1,15.500,393.500,6090.000,2021-01-22 15:00:00.000,L2FT01-FTJ003,17.88,0.000,0.666012,16605,0.435592,0.055345,0,0,1,0.5400,罗湖区,23,23,0,0,0,0,1
2021-01-22,589179428,20190000000000000003,900200000000000044,1,54.477,403.947,22011.333,2021-01-22 15:15:00.000,L2FT01-FTJ003,17.88,0.000,0.666012,16605,0.435592,0.055345,0,0,1,0.5400,罗湖区,23,23,0,0,0,0,1
2021-01-22,589179428,20190000000000000003,900200000000000048,1,95.033,352.400,33486.667,2021-01-22 15:15:00.000,L2FT01-FTJ003,17.88,0.000,0.666012,16605,0.435592,0.055345,0,0,1,0.5400,罗湖区,23,23,0,0,0,0,1
2021-01-22,589179428,20190000000000000003,900200000000000044,1,29.843,412.293,12314.000,2021-01-22 15:30:00.000,L2FT01-FTJ003,17.88,0.000,0.666012,16605,0.435592,0.055345,0,0,1,0.5400,罗湖区,23,23,0,0,0,0,1
2021-01-22,589179428,20190000000000000003,900200000000000048,1,94.800,354.267,33580.667,2021-01-22 15:30:00.000,L2FT01-FTJ003,17.88,0.000,0.666012,16605,0.435592,0.055345,0,0,1,0.5400,罗湖区,23,23,0,0,0,0,1
2021-01-22,589179428,20190000000000000003,900200000000000058,1,98.695,413.000,40825.000,2021-01-22 15:30:00.000,L2FT01-FTJ003,17.88,0.000,0.666012,16605,0.435592,0.055345,0,0,1,0.5400,罗湖区,23,23,0,0,0,0,1
2021-01-22,589179428,20190000000000000003,900200000000000048,1,88.346,355.940,31454.000,2021-01-22 15:45:00.000,L2FT01-FTJ003,17.88,0.000,0.666012,16605,0.435592,0.055345,0,0,1,0.5400,罗湖区,23,23,0,0,0,0,1
2021-01-22,589179428,20190000000000000003,900200000000000044,1,14.890,414.447,6170.000,2021-01-22 15:45:00.000,L2FT01-FTJ003,17.88,0.000,0.666012,16605,0.435592,0.055345,0,0,1,0.5400,罗湖区,23,23,0,0,0,0,1
2021-01-22,589179428,20190000000000000003,900200000000000058,1,129.830,424.820,55150.000,2021-01-22 15:45:00.000,L2FT01-FTJ003,17.88,0.000,0.666012,16605,0.435592,0.055345,0,0,1,0.5400,罗湖区,23,23,0,0,0,0,1
2021-01-22,589179428,20190000000000000003,900200000000000032,1,18.590,354.400,6590.000,2021-01-22 16:00:00.000,L2FT01-FTJ003,17.40,0.000,0.666012,16605,0.435592,0.055345,0,0,1,0.5400,罗湖区,23,23,0,0,0,0,1
2021-01-22,589179428,20190000000000000003,900200000000000048,1,60.290,355.127,21408.667,2021-01-22 16:00:00.000,L2FT01-FTJ003,17.40,0.000,0.666012,16605,0.435592,0.055345,0,0,1,0.5400,罗湖区,23,23,0,0,0,0,1
2021-01-22,589179428,20190000000000000003,900200000000000058,1,129.848,445.080,57790.667,2021-01-22 16:00:00.000,L2FT01-FTJ003,17.40,0.000,0.666012,16605,0.435592,0.055345,0,0,1,0.5400,罗湖区,23,23,0,0,0,0,1
2021-01-22,589179428,20190000000000000003,900200000000000048,1,28.919,356.129,10293.571,2021-01-22 16:15:00.000,L2FT01-FTJ003,17.40,0.000,0.666012,16605,0.435592,0.055345,0,0,1,0.5400,罗湖区,23,23,0,0,0,0,1
2021-01-22,589179428,20190000000000000003,900200000000000058,1,76.059,463.987,35232.667,2021-01-22 16:15:00.000,L2FT01-FTJ003,17.40,0.000,0.666012,16605,0.435592,0.055345,0,0,1,0.5400,罗湖区,23,23,0,0,0,0,1
2021-01-22,589179428,20190000000000000003,900200000000000058,1,27.106,468.700,12698.667,2021-01-22 16:30:00.000,L2FT01-FTJ003,17.40,0.000,0.666012,16605,0.435592,0.055345,0,0,1,0.5400,罗湖区,23,23,0,0,0,0,1
2021-01-22,589179428,20190000000000000003,900200000000000058,1,150.091,314.254,47163.077,2021-01-22 17:45:00.000,L2FT01-FTJ003,17.10,0.000,0.666012,16605,0.435592,0.055345,0,0,1,0.5400,罗湖区,23,23,0,0,0,0,1
2021-01-22,589179428,20190000000000000003,900200000000000058,1,149.798,315.233,47220.000,2021-01-22 18:00:00.000,L2FT01-FTJ003,17.00,0.000,0.666012,16605,0.435592,0.055345,0,0,1,0.5400,罗湖区,23,23,0,0,0,0,1
2021-01-22,589179428,20190000000000000003,900200000000000031,1,113.358,353.360,40052.000,2021-01-22 18:45:00.000,L2FT01-FTJ003,17.00,0.000,0.666012,16605,0.435592,0.055345,0,0,1,0.5400,罗湖区,23,23,0,0,0,0,1
2021-01-22,589179428,20190000000000000003,900200000000000031,1,108.973,354.807,38660.667,2021-01-22 19:00:00.000,L2FT01-FTJ003,17.10,0.000,0.666012,16605,0.435592,0.055345,0,0,1,0.5400,罗湖区,23,23,0,0,0,0,1
2021-01-22,589179428,20190000000000000003,900200000000000031,1,102.577,356.480,36562.667,2021-01-22 19:15:00.000,L2FT01-FTJ003,17.10,0.000,0.666012,16605,0.435592,0.055345,0,0,1,0.5400,罗湖区,23,23,0,0,0,0,1
2021-01-22,589179428,20190000000000000003,900200000000000031,1,67.044,355.427,23841.333,2021-01-22 19:30:00.000,L2FT01-FTJ003,17.10,0.000,0.666012,16605,0.435592,0.055345,0,0,1,0.5400,罗湖区,23,23,0,0,0,0,1
2021-01-22,589179428,20190000000000000003,900200000000000031,1,36.854,356.882,13133.636,2021-01-22 19:45:00.000,L2FT01-FTJ003,17.10,0.000,0.666012,16605,0.435592,0.055345,0,0,1,0.5400,罗湖区,23,23,0,0,0,0,1
2021-01-22,589179428,20190000000000000003,900200000000000043,1,137.618,347.200,48056.667,2021-01-22 23:15:00.000,L2FT01-FTJ003,19.22,0.000,0.666012,16605,0.435592,0.055345,0,0,1,0.5400,罗湖区,23,23,0,0,0,0,1
2021-01-22,589179428,20190000000000000003,900200000000000048,1,129.938,306.491,39822.727,2021-01-22 23:15:00.000,L2FT01-FTJ003,19.22,0.000,0.666012,16605,0.435592,0.055345,0,0,1,0.5400,罗湖区,23,23,0,0,0,0,1
2021-01-22,589179428,20190000000000000003,900200000000000043,1,158.949,358.367,56960.000,2021-01-22 23:30:00.000,L2FT01-FTJ003,19.22,0.000,0.666012,16605,0.435592,0.055345,0,0,1,0.5400,罗湖区,23,23,0,0,0,0,1
2021-01-22,589179428,20190000000000000003,900200000000000048,1,129.878,310.447,40318.000,2021-01-22 23:30:00.000,L2FT01-FTJ003,19.22,0.000,0.666012,16605,0.435592,0.055345,0,0,1,0.5400,罗湖区,23,23,0,0,0,0,1
2021-01-22,589179428,20190000000000000003,900200000000000043,1,159.444,367.833,58646.000,2021-01-22 23:45:00.000,L2FT01-FTJ003,19.22,0.000,0.666012,16605,0.435592,0.055345,0,0,1,0.5400,罗湖区,23,23,0,0,0,0,1
2021-01-22,589179428,20190000000000000003,900200000000000048,1,129.890,311.340,40437.333,2021-01-22 23:45:00.000,L2FT01-FTJ003,19.22,0.000,0.666012,16605,0.435592,0.055345,0,0,1,0.5400,罗湖区,23,23,0,0,0,0,1
2021-01-23,589179428,20190000000000000003,900200000000000043,1,159.290,375.800,59860.000,2021-01-23 00:00:00.000,L2FT01-FTJ003,20.00,0.000,0.666012,16605,0.435592,0.055345,0,0,0,0.5400,罗湖区,23,23,0,0,0,0,1
2021-01-23,589179428,20190000000000000003,900200000000000048,1,129.890,312.980,40651.333,2021-01-23 00:00:00.000,L2FT01-FTJ003,20.00,0.000,0.666012,16605,0.435592,0.055345,0,0,0,0.5400,罗湖区,23,23,0,0,0,0,1
2021-01-23,589179428,20190000000000000003,900200000000000048,1,129.956,314.347,40847.333,2021-01-23 00:15:00.000,L2FT01-FTJ003,20.00,0.000,0.666012,16605,0.435592,0.055345,0,0,0,0.5400,罗湖区,23,23,0,0,0,0,1
2021-01-23,589179428,20190000000000000003,900200000000000048,1,124.062,314.870,39074.000,2021-01-23 00:30:00.000,L2FT01-FTJ003,20.00,0.000,0.666012,16605,0.435592,0.055345,0,0,0,0.5400,罗湖区,23,23,0,0,0,0,1
2021-01-23,589179428,20190000000000000003,900200000000000056,1,84.836,490.060,41633.000,2021-01-23 02:45:00.000,L2FT01-FTJ003,21.50,0.000,0.666012,16605,0.435592,0.055345,0,0,0,0.5400,罗湖区,23,23,0,0,0,0,1
2021-01-23,589179428,20190000000000000003,900200000000000056,1,49.797,488.307,24316.000,2021-01-23 03:00:00.000,L2FT01-FTJ003,22.12,0.000,0.666012,16605,0.435592,0.055345,0,0,0,0.5400,罗湖区,23,23,0,0,0,0,1
2021-01-23,589179428,20190000000000000003,900200000000000045,1,129.910,310.890,40385.000,2021-01-23 03:15:00.000,L2FT01-FTJ003,22.12,0.000,0.666012,16605,0.435592,0.055345,0,0,0,0.5400,罗湖区,23,23,0,0,0,0,1
2021-01-23,589179428,20190000000000000003,900200000000000056,1,33.503,488.753,16428.667,2021-01-23 03:15:00.000,L2FT01-FTJ003,22.12,0.000,0.666012,16605,0.435592,0.055345,0,0,0,0.5400,罗湖区,23,23,0,0,0,0,1
2021-01-23,589179428,20190000000000000003,900200000000000045,1,129.897,313.013,40656.667,2021-01-23 03:30:00.000,L2FT01-FTJ003,22.12,0.000,0.666012,16605,0.435592,0.055345,0,0,0,0.5400,罗湖区,23,23,0,0,0,0,1
2021-01-23,589179428,20190000000000000003,900200000000000056,1,14.941,486.700,7269.333,2021-01-23 03:30:00.000,L2FT01-FTJ003,22.12,0.000,0.666012,16605,0.435592,0.055345,0,0,0,0.5400,罗湖区,23,23,0,0,0,0,1
2021-01-23,589179428,20190000000000000003,900200000000000045,1,129.941,314.547,40870.000,2021-01-23 03:45:00.000,L2FT01-FTJ003,22.12,0.000,0.666012,16605,0.435592,0.055345,0,0,0,0.5400,罗湖区,23,23,0,0,0,0,1
2021-01-23,589179428,20190000000000000003,900200000000000056,1,15.000,489.507,7336.667,2021-01-23 03:45:00.000,L2FT01-FTJ003,22.12,0.000,0.666012,16605,0.435592,0.055345,0,0,0,0.5400,罗湖区,23,23,0,0,0,0,1
2021-01-23,589179428,20190000000000000003,900200000000000045,1,117.206,318.540,37236.667,2021-01-23 04:00:00.000,L2FT01-FTJ003,22.60,0.000,0.666012,16605,0.435592,0.055345,0,0,0,0.5400,罗湖区,23,23,0,0,0,0,1
2021-01-23,589179428,20190000000000000003,900200000000000056,1,12.234,498.445,6078.182,2021-01-23 04:00:00.000,L2FT01-FTJ003,22.60,0.000,0.666012,16605,0.435592,0.055345,0,0,0,0.5400,罗湖区,23,23,0,0,0,0,1
2021-01-23,589179428,20190000000000000003,900200000000000045,1,29.790,333.600,9940.000,2021-01-23 04:15:00.000,L2FT01-FTJ003,22.60,0.000,0.666012,16605,0.435592,0.055345,0,0,0,0.5400,罗湖区,23,23,0,0,0,0,1
2021-01-23,589179428,20190000000000000003,900200000000000056,1,100.723,317.064,31899.091,2021-01-23 04:15:00.000,L2FT01-FTJ003,22.60,0.000,0.666012,16605,0.435592,0.055345,0,0,0,0.5400,罗湖区,23,23,0,0,0,0,1
2021-01-23,589179428,20190000000000000003,900200000000000040,1,47.742,325.750,16131.667,2021-01-23 07:45:00.000,L2FT01-FTJ003,22.90,0.000,0.666012,16605,0.435592,0.055345,0,0,0,0.5400,罗湖区,23,23,0,0,0,0,1
2021-01-23,589179428,20190000000000000003,900200000000000040,1,57.363,345.687,19828.000,2021-01-23 08:00:00.000,L2FT01-FTJ003,22.60,0.000,0.666012,16605,0.435592,0.055345,0,0,0,0.5400,罗湖区,23,23,0,0,0,0,1
2021-01-23,589179428,20190000000000000003,900200000000000040,1,54.743,356.767,19519.333,2021-01-23 08:15:00.000,L2FT01-FTJ003,22.60,0.000,0.666012,16605,0.435592,0.055345,0,0,0,0.5400,罗湖区,23,23,0,0,0,0,1
2021-01-23,589179428,20190000000000000003,900200000000000042,1,129.817,314.375,40807.500,2021-01-23 08:15:00.000,L2FT01-FTJ003,22.60,0.000,0.666012,16605,0.435592,0.055345,0,0,0,0.5400,罗湖区,23,23,0,0,0,0,1
2021-01-23,589179428,20190000000000000003,900200000000000042,1,83.656,324.077,26893.077,2021-01-23 08:30:00.000,L2FT01-FTJ003,22.60,0.000,0.666012,16605,0.435592,0.055345,0,0,0,0.5400,罗湖区,23,23,0,0,0,0,1
2021-01-23,589179428,20190000000000000003,900200000000000040,1,17.957,359.725,6460.833,2021-01-23 08:30:00.000,L2FT01-FTJ003,22.60,0.000,0.666012,16605,0.435592,0.055345,0,0,0,0.5400,罗湖区,23,23,0,0,0,0,1
2021-01-23,589179428,20190000000000000003,900200000000000034,1,137.415,467.030,65273.000,2021-01-23 09:45:00.000,L2FT01-FTJ003,22.12,0.000,0.666012,16605,0.435592,0.055345,0,0,0,0.5400,罗湖区,23,23,0,0,0,0,1
2021-01-23,589179428,20190000000000000003,900200000000000034,1,142.851,472.964,68049.091,2021-01-23 10:00:00.000,L2FT01-FTJ003,21.50,0.000,0.666012,16605,0.435592,0.055345,0,0,0,0.5400,罗湖区,23,23,0,0,0,0,1
2021-01-23,589179428,20190000000000000003,900200000000000048,1,32.000,332.800,10640.000,2021-01-23 11:00:00.000,L2FT01-FTJ003,20.78,0.000,0.666012,16605,0.435592,0.055345,0,0,0,0.5400,罗湖区,23,23,0,0,0,0,1
2021-01-23,589179428,20190000000000000003,900200000000000057,1,18.500,372.100,6880.000,2021-01-23 11:00:00.000,L2FT01-FTJ003,20.78,0.000,0.666012,16605,0.435592,0.055345,0,0,0,0.5400,罗湖区,23,23,0,0,0,0,1
2021-01-23,589179428,20190000000000000003,900200000000000048,1,64.797,340.260,22046.667,2021-01-23 11:15:00.000,L2FT01-FTJ003,20.78,0.000,0.666012,16605,0.435592,0.055345,0,0,0,0.5400,罗湖区,23,23,0,0,0,0,1
2021-01-23,589179428,20190000000000000003,900200000000000057,1,83.308,379.800,31691.667,2021-01-23 11:15:00.000,L2FT01-FTJ003,20.78,0.000,0.666012,16605,0.435592,0.055345,0,0,0,0.5400,罗湖区,23,23,0,0,0,0,1
2021-01-23,589179428,20190000000000000003,900200000000000048,1,64.790,341.550,22127.500,2021-01-23 11:30:00.000,L2FT01-FTJ003,20.78,0.000,0.666012,16605,0.435592,0.055345,0,0,0,0.5400,罗湖区,23,23,0,0,0,0,1
2021-01-23,589179428,20190000000000000003,900200000000000040,1,103.197,359.800,37126.667,2021-01-23 13:00:00.000,L2FT01-FTJ003,19.22,0.000,0.666012,16605,0.435592,0.055345,0,0,0,0.5400,罗湖区,23,23,0,0,0,0,1
2021-01-23,589179428,20190000000000000003,900200000000000040,1,103.006,370.113,38120.000,2021-01-23 13:15:00.000,L2FT01-FTJ003,19.22,0.000,0.666012,16605,0.435592,0.055345,0,0,0,0.5400,罗湖区,23,23,0,0,0,0,1
2021-01-23,589179428,20190000000000000003,900200000000000034,1,46.883,345.673,16520.909,2021-01-23 13:30:00.000,L2FT01-FTJ003,19.22,0.000,0.666012,16605,0.435592,0.055345,0,0,0,0.5400,罗湖区,23,23,0,0,0,0,1
2021-01-23,589179428,20190000000000000003,900200000000000040,1,66.888,382.100,25540.000,2021-01-23 13:30:00.000,L2FT01-FTJ003,19.22,0.000,0.666012,16605,0.435592,0.055345,0,0,0,0.5400,罗湖区,23,23,0,0,0,0,1
2021-01-23,589179428,20190000000000000003,900200000000000040,1,25.690,383.789,9857.778,2021-01-23 13:45:00.000,L2FT01-FTJ003,19.22,0.000,0.666012,16605,0.435592,0.055345,0,0,0,0.5400,罗湖区,23,23,0,0,0,0,1
2021-01-23,589179428,20190000000000000003,900200000000000034,1,129.866,313.910,40763.000,2021-01-23 14:15:00.000,L2FT01-FTJ003,18.50,0.000,0.666012,16605,0.435592,0.055345,0,0,0,0.5400,罗湖区,23,23,0,0,0,0,1
2021-01-23,589179428,20190000000000000003,900200000000000034,1,129.812,314.560,40828.000,2021-01-23 14:30:00.000,L2FT01-FTJ003,18.50,0.000,0.666012,16605,0.435592,0.055345,0,0,0,0.5400,罗湖区,23,23,0,0,0,0,1
2021-01-23,589179428,20190000000000000003,900200000000000040,1,87.120,343.670,30856.000,2021-01-23 14:45:00.000,L2FT01-FTJ003,18.50,0.000,0.666012,16605,0.435592,0.055345,0,0,0,0.5400,罗湖区,23,23,0,0,0,0,1
2021-01-23,589179428,20190000000000000003,900200000000000034,1,110.818,319.700,35291.000,2021-01-23 14:45:00.000,L2FT01-FTJ003,18.50,0.000,0.666012,16605,0.435592,0.055345,0,0,0,0.5400,罗湖区,23,23,0,0,0,0,1
2021-01-23,589179428,20190000000000000003,900200000000000040,1,92.199,356.380,32860.667,2021-01-23 15:00:00.000,L2FT01-FTJ003,17.88,0.000,0.666012,16605,0.435592,0.055345,0,0,0,0.5400,罗湖区,23,23,0,0,0,0,1
2021-01-23,589179428,20190000000000000003,900200000000000040,1,61.157,355.373,21732.000,2021-01-23 15:15:00.000,L2FT01-FTJ003,17.88,0.000,0.666012,16605,0.435592,0.055345,0,0,0,0.5400,罗湖区,23,23,0,0,0,0,1
2021-01-23,589179428,20190000000000000003,900200000000000040,1,30.251,354.340,10722.000,2021-01-23 15:30:00.000,L2FT01-FTJ003,17.88,0.000,0.666012,16605,0.435592,0.055345,0,0,0,0.5400,罗湖区,23,23,0,0,0,0,1
2021-01-23,589179428,20190000000000000003,900200000000000040,1,24.890,357.400,8890.000,2021-01-23 15:45:00.000,L2FT01-FTJ003,17.88,0.000,0.666012,16605,0.435592,0.055345,0,0,0,0.5400,罗湖区,23,23,0,0,0,0,1
2021-01-23,589179428,20190000000000000003,900200000000000052,1,77.823,353.460,27506.000,2021-01-23 16:00:00.000,L2FT01-FTJ003,17.40,0.000,0.666012,16605,0.435592,0.055345,0,0,0,0.5400,罗湖区,23,23,0,0,0,0,1
2021-01-23,589179428,20190000000000000003,900200000000000052,1,77.883,358.493,27920.000,2021-01-23 16:15:00.000,L2FT01-FTJ003,17.40,0.000,0.666012,16605,0.435592,0.055345,0,0,0,0.5400,罗湖区,23,23,0,0,0,0,1
2021-01-23,589179428,20190000000000000003,900200000000000052,1,77.877,366.213,28518.000,2021-01-23 16:30:00.000,L2FT01-FTJ003,17.40,0.000,0.666012,16605,0.435592,0.055345,0,0,0,0.5400,罗湖区,23,23,0,0,0,0,1
2021-01-23,589179428,20190000000000000003,900200000000000052,1,77.877,376.733,29338.000,2021-01-23 16:45:00.000,L2FT01-FTJ003,17.40,0.000,0.666012,16605,0.435592,0.055345,0,0,0,0.5400,罗湖区,23,23,0,0,0,0,1
2021-01-23,589179428,20190000000000000003,900200000000000052,1,60.484,385.993,23334.667,2021-01-23 17:00:00.000,L2FT01-FTJ003,17.10,0.000,0.666012,16605,0.435592,0.055345,0,0,0,0.5400,罗湖区,23,23,0,0,0,0,1
2021-01-23,589179428,20190000000000000003,900200000000000052,1,14.847,384.943,5714.286,2021-01-23 17:15:00.000,L2FT01-FTJ003,17.10,0.000,0.666012,16605,0.435592,0.055345,0,0,0,0.5400,罗湖区,23,23,0,0,0,0,1
2021-01-23,589179428,20190000000000000003,900200000000000057,1,132.227,309.967,40983.333,2021-01-23 18:00:00.000,L2FT01-FTJ003,17.00,0.000,0.666012,16605,0.435592,0.055345,0,0,0,0.5400,罗湖区,23,23,0,0,0,0,1
2021-01-23,589179428,20190000000000000003,900200000000000057,1,136.812,311.913,42669.333,2021-01-23 18:15:00.000,L2FT01-FTJ003,17.00,0.000,0.666012,16605,0.435592,0.055345,0,0,0,0.5400,罗湖区,23,23,0,0,0,0,1
2021-01-23,589179428,20190000000000000003,900200000000000057,1,136.800,314.633,43036.667,2021-01-23 18:30:00.000,L2FT01-FTJ003,17.00,0.000,0.666012,16605,0.435592,0.055345,0,0,0,0.5400,罗湖区,23,23,0,0,0,0,1
2021-01-23,589179428,20190000000000000003,900200000000000057,1,136.800,315.620,43174.000,2021-01-23 18:45:00.000,L2FT01-FTJ003,17.00,0.000,0.666012,16605,0.435592,0.055345,0,0,0,0.5400,罗湖区,23,23,0,0,0,0,1
2021-01-23,589179428,20190000000000000003,900200000000000044,1,129.911,312.733,40626.000,2021-01-23 19:00:00.000,L2FT01-FTJ003,17.10,0.000,0.666012,16605,0.435592,0.055345,0,0,0,0.5400,罗湖区,23,23,0,0,0,0,1
2021-01-23,589179428,20190000000000000003,900200000000000044,1,129.978,314.833,40918.000,2021-01-23 19:15:00.000,L2FT01-FTJ003,17.10,0.000,0.666012,16605,0.435592,0.055345,0,0,0,0.5400,罗湖区,23,23,0,0,0,0,1
2021-01-23,589179428,20190000000000000003,900200000000000044,1,110.544,319.500,35183.333,2021-01-23 19:30:00.000,L2FT01-FTJ003,17.10,0.000,0.666012,16605,0.435592,0.055345,0,0,0,0.5400,罗湖区,23,23,0,0,0,0,1
2021-01-23,589179428,20190000000000000003,900200000000000036,1,42.719,363.900,15544.286,2021-01-23 19:45:00.000,L2FT01-FTJ003,17.10,0.000,0.666012,16605,0.435592,0.055345,0,0,0,0.5400,罗湖区,23,23,0,0,0,0,1
2021-01-23,589179428,20190000000000000003,900200000000000036,1,34.298,366.173,12560.000,2021-01-23 20:00:00.000,L2FT01-FTJ003,17.40,0.000,0.666012,16605,0.435592,0.055345,0,0,0,0.5400,罗湖区,23,23,0,0,0,0,1
2021-01-23,589179428,20190000000000000003,900200000000000036,1,15.190,365.600,5550.000,2021-01-23 20:15:00.000,L2FT01-FTJ003,17.40,0.000,0.666012,16605,0.435592,0.055345,0,0,0,0.5400,罗湖区,23,23,0,0,0,0,1
2021-01-23,589179428,20190000000000000003,900200000000000039,1,78.075,321.933,25325.000,2021-01-23 20:30:00.000,L2FT01-FTJ003,17.40,0.000,0.666012,16605,0.435592,0.055345,0,0,0,0.5400,罗湖区,23,23,0,0,0,0,1
2021-01-23,589179428,20190000000000000003,900200000000000039,1,89.944,331.107,29773.333,2021-01-23 20:45:00.000,L2FT01-FTJ003,17.40,0.000,0.666012,16605,0.435592,0.055345,0,0,0,0.5400,罗湖区,23,23,0,0,0,0,1
2021-01-23,589179428,20190000000000000003,900200000000000039,1,65.317,338.847,22128.000,2021-01-23 21:00:00.000,L2FT01-FTJ003,17.88,0.000,0.666012,16605,0.435592,0.055345,0,0,0,0.5400,罗湖区,23,23,0,0,0,0,1
2021-01-23,589179428,20190000000000000003,900200000000000039,1,30.070,340.607,10241.333,2021-01-23 21:15:00.000,L2FT01-FTJ003,17.88,0.000,0.666012,16605,0.435592,0.055345,0,0,0,0.5400,罗湖区,23,23,0,0,0,0,1
2021-01-23,589179428,20190000000000000003,900200000000000039,1,13.690,341.293,4670.667,2021-01-23 21:30:00.000,L2FT01-FTJ003,17.88,0.000,0.666012,16605,0.435592,0.055345,0,0,0,0.5400,罗湖区,23,23,0,0,0,0,1
2021-01-23,589179428,20190000000000000003,900200000000000039,1,12.321,340.960,4223.000,2021-01-23 21:45:00.000,L2FT01-FTJ003,17.88,0.000,0.666012,16605,0.435592,0.055345,0,0,0,0.5400,罗湖区,23,23,0,0,0,0,1
2021-01-23,589179428,20190000000000000003,900200000000000037,1,124.875,309.467,39230.000,2021-01-23 23:30:00.000,L2FT01-FTJ003,19.22,0.000,0.666012,16605,0.435592,0.055345,0,0,0,0.5400,罗湖区,23,23,0,0,0,0,1
2021-01-23,589179428,20190000000000000003,900200000000000037,1,149.840,315.183,47223.333,2021-01-23 23:45:00.000,L2FT01-FTJ003,19.22,0.000,0.666012,16605,0.435592,0.055345,0,0,0,0.5400,罗湖区,23,23,0,0,0,0,1
2021-01-24,589179428,20190000000000000003,900200000000000035,1,129.917,310.300,40308.333,2021-01-24 01:45:00.000,L2FT01-FTJ003,20.78,0.000,0.666012,16605,0.435592,0.055345,0,0,0,0.5400,罗湖区,23,23,0,0,0,0,1
2021-01-24,589179428,20190000000000000003,900200000000000035,1,129.855,310.967,40378.000,2021-01-24 02:00:00.000,L2FT01-FTJ003,21.50,0.000,0.666012,16605,0.435592,0.055345,0,0,0,0.5400,罗湖区,23,23,0,0,0,0,1
2021-01-24,589179428,20190000000000000003,900200000000000044,1,129.866,311.443,40440.714,2021-01-24 02:00:00.000,L2FT01-FTJ003,21.50,0.000,0.666012,16605,0.435592,0.055345,0,0,0,0.5400,罗湖区,23,23,0,0,0,0,1
2021-01-24,589179428,20190000000000000003,900200000000000035,1,129.878,312.733,40615.333,2021-01-24 02:15:00.000,L2FT01-FTJ003,21.50,0.000,0.666012,16605,0.435592,0.055345,0,0,0,0.5400,罗湖区,23,23,0,0,0,0,1
2021-01-24,589179428,20190000000000000003,900200000000000044,1,129.949,313.187,40695.333,2021-01-24 02:15:00.000,L2FT01-FTJ003,21.50,0.000,0.666012,16605,0.435592,0.055345,0,0,0,0.5400,罗湖区,23,23,0,0,0,0,1
2021-01-24,589179428,20190000000000000003,900200000000000035,1,127.806,317.507,40569.333,2021-01-24 02:30:00.000,L2FT01-FTJ003,21.50,0.000,0.666012,16605,0.435592,0.055345,0,0,0,0.5400,罗湖区,23,23,0,0,0,0,1
2021-01-24,589179428,20190000000000000003,900200000000000044,1,130.006,315.493,41011.333,2021-01-24 02:30:00.000,L2FT01-FTJ003,21.50,0.000,0.666012,16605,0.435592,0.055345,0,0,0,0.5400,罗湖区,23,23,0,0,0,0,1
2021-01-24,589179428,20190000000000000003,900200000000000044,1,105.301,321.507,33730.000,2021-01-24 02:45:00.000,L2FT01-FTJ003,21.50,0.000,0.666012,16605,0.435592,0.055345,0,0,0,0.5400,罗湖区,23,23,0,0,0,0,1
2021-01-24,589179428,20190000000000000003,900200000000000035,1,64.112,322.800,20671.429,2021-01-24 02:45:00.000,L2FT01-FTJ003,21.50,0.000,0.666012,16605,0.435592,0.055345,0,0,0,0.5400,罗湖区,23,23,0,0,0,0,1
2021-01-24,589179428,20190000000000000003,900200000000000044,1,29.823,332.567,9913.333,2021-01-24 03:00:00.000,L2FT01-FTJ003,22.12,0.000,0.666012,16605,0.435592,0.055345,0,0,0,0.5400,罗湖区,23,23,0,0,0,0,1
2021-01-24,589179428,20190000000000000003,900200000000000035,1,129.690,306.800,39790.000,2021-01-24 03:45:00.000,L2FT01-FTJ003,22.12,0.000,0.666012,16605,0.435592,0.055345,0,0,0,0.5400,罗湖区,23,23,0,0,0,0,1
2021-01-24,589179428,20190000000000000003,900200000000000035,1,129.805,310.087,40245.333,2021-01-24 04:00:00.000,L2FT01-FTJ003,22.60,0.000,0.666012,16605,0.435592,0.055345,0,0,0,0.5400,罗湖区,23,23,0,0,0,0,1
2021-01-24,589179428,20190000000000000003,900200000000000035,1,129.800,310.667,40318.000,2021-01-24 04:15:00.000,L2FT01-FTJ003,22.60,0.000,0.666012,16605,0.435592,0.055345,0,0,0,0.5400,罗湖区,23,23,0,0,0,0,1
2021-01-24,589179428,20190000000000000003,900200000000000035,1,130.781,312.353,40848.000,2021-01-24 04:30:00.000,L2FT01-FTJ003,22.60,0.000,0.666012,16605,0.435592,0.055345,0,0,0,0.5400,罗湖区,23,23,0,0,0,0,1
2021-01-24,589179428,20190000000000000003,900200000000000035,1,131.890,313.460,41341.333,2021-01-24 04:45:00.000,L2FT01-FTJ003,22.60,0.000,0.666012,16605,0.435592,0.055345,0,0,0,0.5400,罗湖区,23,23,0,0,0,0,1
2021-01-24,589179428,20190000000000000003,900200000000000035,1,131.884,314.627,41492.000,2021-01-24 05:00:00.000,L2FT01-FTJ003,22.90,0.000,0.666012,16605,0.435592,0.055345,0,0,0,0.5400,罗湖区,23,23,0,0,0,0,1
2021-01-24,589179428,20190000000000000003,900200000000000035,1,112.864,317.864,35822.143,2021-01-24 05:15:00.000,L2FT01-FTJ003,22.90,0.000,0.666012,16605,0.435592,0.055345,0,0,0,0.5400,罗湖区,23,23,0,0,0,0,1
2021-01-24,589179428,20190000000000000003,900200000000000036,1,132.300,308.200,40770.000,2021-01-24 05:15:00.000,L2FT01-FTJ003,22.90,0.000,0.666012,16605,0.435592,0.055345,0,0,0,0.5400,罗湖区,23,23,0,0,0,0,1
2021-01-24,589179428,20190000000000000003,900200000000000036,1,129.841,311.213,40404.667,2021-01-24 05:30:00.000,L2FT01-FTJ003,22.90,0.000,0.666012,16605,0.435592,0.055345,0,0,0,0.5400,罗湖区,23,23,0,0,0,0,1
2021-01-24,589179428,20190000000000000003,900200000000000036,1,129.927,312.360,40581.333,2021-01-24 05:45:00.000,L2FT01-FTJ003,22.90,0.000,0.666012,16605,0.435592,0.055345,0,0,0,0.5400,罗湖区,23,23,0,0,0,0,1
2021-01-24,589179428,20190000000000000003,900200000000000036,1,129.962,314.047,40810.667,2021-01-24 06:00:00.000,L2FT01-FTJ003,23.00,0.000,0.666012,16605,0.435592,0.055345,0,0,0,0.5400,罗湖区,23,23,0,0,0,0,1
2021-01-24,589179428,20190000000000000003,900200000000000036,1,129.934,315.140,40944.000,2021-01-24 06:15:00.000,L2FT01-FTJ003,23.00,0.000,0.666012,16605,0.435592,0.055345,0,0,0,0.5400,罗湖区,23,23,0,0,0,0,1
2021-01-24,589179428,20190000000000000003,900200000000000036,1,109.218,318.840,34730.000,2021-01-24 06:30:00.000,L2FT01-FTJ003,23.00,0.000,0.666012,16605,0.435592,0.055345,0,0,0,0.5400,罗湖区,23,23,0,0,0,0,1
2021-01-24,589179428,20190000000000000003,900200000000000037,1,37.858,337.450,12831.250,2021-01-24 06:30:00.000,L2FT01-FTJ003,23.00,0.000,0.666012,16605,0.435592,0.055345,0,0,0,0.5400,罗湖区,23,23,0,0,0,0,1
2021-01-24,589179428,20190000000000000003,900200000000000037,1,71.597,345.200,24714.000,2021-01-24 06:45:00.000,L2FT01-FTJ003,23.00,0.000,0.666012,16605,0.435592,0.055345,0,0,0,0.5400,罗湖区,23,23,0,0,0,0,1
2021-01-24,589179428,20190000000000000003,900200000000000036,1,29.890,332.000,9920.000,2021-01-24 06:45:00.000,L2FT01-FTJ003,23.00,0.000,0.666012,16605,0.435592,0.055345,0,0,0,0.5400,罗湖区,23,23,0,0,0,0,1
2021-01-24,589179428,20190000000000000003,900200000000000037,1,71.590,354.647,25388.000,2021-01-24 07:00:00.000,L2FT01-FTJ003,22.90,0.000,0.666012,16605,0.435592,0.055345,0,0,0,0.5400,罗湖区,23,23,0,0,0,0,1
2021-01-24,589179428,20190000000000000003,900200000000000037,1,71.590,363.347,26010.667,2021-01-24 07:15:00.000,L2FT01-FTJ003,22.90,0.000,0.666012,16605,0.435592,0.055345,0,0,0,0.5400,罗湖区,23,23,0,0,0,0,1
2021-01-24,589179428,20190000000000000003,900200000000000037,1,71.545,369.600,26440.000,2021-01-24 07:30:00.000,L2FT01-FTJ003,22.90,0.000,0.666012,16605,0.435592,0.055345,0,0,0,0.5400,罗湖区,23,23,0,0,0,0,1
2021-01-24,589179428,20190000000000000003,900200000000000044,1,129.839,314.571,40837.143,2021-01-24 11:00:00.000,L2FT01-FTJ003,20.78,0.000,0.666012,16605,0.435592,0.055345,0,0,0,0.5400,罗湖区,23,23,0,0,0,0,1
2021-01-24,589179428,20190000000000000003,900200000000000044,1,129.909,315.233,40947.333,2021-01-24 11:15:00.000,L2FT01-FTJ003,20.78,0.000,0.666012,16605,0.435592,0.055345,0,0,0,0.5400,罗湖区,23,23,0,0,0,0,1
2021-01-24,589179428,20190000000000000003,900200000000000057,1,95.090,346.850,32980.000,2021-01-24 11:15:00.000,L2FT01-FTJ003,20.78,0.000,0.666012,16605,0.435592,0.055345,0,0,0,0.5400,罗湖区,23,23,0,0,0,0,1
2021-01-24,589179428,20190000000000000003,900200000000000044,1,86.643,323.400,27815.000,2021-01-24 11:30:00.000,L2FT01-FTJ003,20.78,0.000,0.666012,16605,0.435592,0.055345,0,0,0,0.5400,罗湖区,23,23,0,0,0,0,1
2021-01-24,589179428,20190000000000000003,900200000000000057,1,95.110,352.307,33508.000,2021-01-24 11:30:00.000,L2FT01-FTJ003,20.78,0.000,0.666012,16605,0.435592,0.055345,0,0,0,0.5400,罗湖区,23,23,0,0,0,0,1
2021-01-24,589179428,20190000000000000003,900200000000000043,1,199.882,316.450,63247.500,2021-01-24 11:45:00.000,L2FT01-FTJ003,20.78,0.000,0.666012,16605,0.435592,0.055345,0,0,0,0.5400,罗湖区,23,23,0,0,0,0,1
2021-01-24,589179428,20190000000000000003,900200000000000057,1,95.163,354.153,33700.000,2021-01-24 11:45:00.000,L2FT01-FTJ003,20.78,0.000,0.666012,16605,0.435592,0.055345,0,0,0,0.5400,罗湖区,23,23,0,0,0,0,1
2021-01-24,589179428,20190000000000000003,900200000000000043,1,199.985,317.980,63590.000,2021-01-24 12:00:00.000,L2FT01-FTJ003,20.00,0.000,0.666012,16605,0.435592,0.055345,0,0,0,0.5400,罗湖区,23,23,0,0,0,0,1
2021-01-24,589179428,20190000000000000003,900200000000000057,1,95.190,356.147,33900.667,2021-01-24 12:00:00.000,L2FT01-FTJ003,20.00,0.000,0.666012,16605,0.435592,0.055345,0,0,0,0.5400,罗湖区,23,23,0,0,0,0,1
2021-01-24,589179428,20190000000000000003,900200000000000043,1,99.740,317.500,31695.000,2021-01-24 12:15:00.000,L2FT01-FTJ003,20.00,0.000,0.666012,16605,0.435592,0.055345,0,0,0,0.5400,罗湖区,23,23,0,0,0,0,1
2021-01-24,589179428,20190000000000000003,900200000000000057,1,66.723,355.707,23739.333,2021-01-24 12:15:00.000,L2FT01-FTJ003,20.00,0.000,0.666012,16605,0.435592,0.055345,0,0,0,0.5400,罗湖区,23,23,0,0,0,0,1
2021-01-24,589179428,20190000000000000003,900200000000000057,1,43.218,350.812,15475.000,2021-01-24 12:30:00.000,L2FT01-FTJ003,20.00,0.000,0.666012,16605,0.435592,0.055345,0,0,0,0.5400,罗湖区,23,23,0,0,0,0,1
2021-01-24,589179428,20190000000000000003,900200000000000043,1,129.838,312.987,40634.000,2021-01-24 12:30:00.000,L2FT01-FTJ003,20.00,0.000,0.666012,16605,0.435592,0.055345,0,0,0,0.5400,罗湖区,23,23,0,0,0,0,1
2021-01-24,589179428,20190000000000000003,900200000000000043,1,129.799,314.740,40848.000,2021-01-24 12:45:00.000,L2FT01-FTJ003,20.00,0.000,0.666012,16605,0.435592,0.055345,0,0,0,0.5400,罗湖区,23,23,0,0,0,0,1
2021-01-24,589179428,20190000000000000003,900200000000000043,1,129.812,315.880,41000.000,2021-01-24 13:00:00.000,L2FT01-FTJ003,19.22,0.000,0.666012,16605,0.435592,0.055345,0,0,0,0.5400,罗湖区,23,23,0,0,0,0,1
2021-01-24,589179428,20190000000000000003,900200000000000043,1,92.697,322.571,29731.429,2021-01-24 13:15:00.000,L2FT01-FTJ003,19.22,0.000,0.666012,16605,0.435592,0.055345,0,0,0,0.5400,罗湖区,23,23,0,0,0,0,1
2021-01-24,589179428,20190000000000000003,900200000000000043,1,60.314,329.289,19945.556,2021-01-24 13:30:00.000,L2FT01-FTJ003,19.22,0.000,0.666012,16605,0.435592,0.055345,0,0,0,0.5400,罗湖区,23,23,0,0,0,0,1
2021-01-24,589179428,20190000000000000003,900200000000000043,1,67.823,340.193,23072.000,2021-01-24 13:45:00.000,L2FT01-FTJ003,19.22,0.000,0.666012,16605,0.435592,0.055345,0,0,0,0.5400,罗湖区,23,23,0,0,0,0,1
2021-01-24,589179428,20190000000000000003,900200000000000043,1,67.883,352.747,23943.333,2021-01-24 14:00:00.000,L2FT01-FTJ003,18.50,0.000,0.666012,16605,0.435592,0.055345,0,0,0,0.5400,罗湖区,23,23,0,0,0,0,1
2021-01-24,589179428,20190000000000000003,900200000000000056,1,61.123,334.633,20460.000,2021-01-24 14:00:00.000,L2FT01-FTJ003,18.50,0.000,0.666012,16605,0.435592,0.055345,0,0,0,0.5400,罗湖区,23,23,0,0,0,0,1
2021-01-24,589179428,20190000000000000003,900200000000000043,1,40.708,361.013,14691.333,2021-01-24 14:15:00.000,L2FT01-FTJ003,18.50,0.000,0.666012,16605,0.435592,0.055345,0,0,0,0.5400,罗湖区,23,23,0,0,0,0,1
2021-01-24,589179428,20190000000000000003,900200000000000056,1,20.790,335.367,6970.000,2021-01-24 14:15:00.000,L2FT01-FTJ003,18.50,0.000,0.666012,16605,0.435592,0.055345,0,0,0,0.5400,罗湖区,23,23,0,0,0,0,1
2021-01-24,589179428,20190000000000000003,900200000000000043,1,17.679,363.693,6430.000,2021-01-24 14:30:00.000,L2FT01-FTJ003,18.50,0.000,0.666012,16605,0.435592,0.055345,0,0,0,0.5400,罗湖区,23,23,0,0,0,0,1
2021-01-24,589179428,20190000000000000003,900200000000000043,1,13.590,364.650,4950.000,2021-01-24 14:45:00.000,L2FT01-FTJ003,18.50,0.000,0.666012,16605,0.435592,0.055345,0,0,0,0.5400,罗湖区,23,23,0,0,0,0,1
2021-01-24,589179428,20190000000000000003,900200000000000045,1,129.854,311.020,40382.000,2021-01-24 15:45:00.000,L2FT01-FTJ003,17.88,0.000,0.666012,16605,0.435592,0.055345,0,0,0,0.5400,罗湖区,23,23,0,0,0,0,1
2021-01-24,589179428,20190000000000000003,900200000000000045,1,129.848,311.573,40452.667,2021-01-24 16:00:00.000,L2FT01-FTJ003,17.40,0.000,0.666012,16605,0.435592,0.055345,0,0,0,0.5400,罗湖区,23,23,0,0,0,0,1
2021-01-24,589179428,20190000000000000003,900200000000000045,1,129.866,313.533,40714.667,2021-01-24 16:15:00.000,L2FT01-FTJ003,17.40,0.000,0.666012,16605,0.435592,0.055345,0,0,0,0.5400,罗湖区,23,23,0,0,0,0,1
2021-01-24,589179428,20190000000000000003,900200000000000045,1,129.830,314.980,40890.000,2021-01-24 16:30:00.000,L2FT01-FTJ003,17.40,0.000,0.666012,16605,0.435592,0.055345,0,0,0,0.5400,罗湖区,23,23,0,0,0,0,1
2021-01-24,589179428,20190000000000000003,900200000000000045,1,103.178,320.773,32926.667,2021-01-24 16:45:00.000,L2FT01-FTJ003,17.40,0.000,0.666012,16605,0.435592,0.055345,0,0,0,0.5400,罗湖区,23,23,0,0,0,0,1
2021-01-24,589179428,20190000000000000003,900200000000000045,1,29.790,333.200,9920.000,2021-01-24 17:00:00.000,L2FT01-FTJ003,17.10,0.000,0.666012,16605,0.435592,0.055345,0,0,0,0.5400,罗湖区,23,23,0,0,0,0,1
2021-01-24,589179428,20190000000000000003,900200000000000045,1,134.505,313.164,42392.857,2021-01-24 18:15:00.000,L2FT01-FTJ003,17.00,0.000,0.666012,16605,0.435592,0.055345,0,0,0,0.5400,罗湖区,23,23,0,0,0,0,1
2021-01-24,589179428,20190000000000000003,900200000000000045,1,144.870,317.680,46020.000,2021-01-24 18:30:00.000,L2FT01-FTJ003,17.00,0.000,0.666012,16605,0.435592,0.055345,0,0,0,0.5400,罗湖区,23,23,0,0,0,0,1
2021-01-24,589179428,20190000000000000003,900200000000000035,1,77.920,348.964,27190.000,2021-01-24 19:30:00.000,L2FT01-FTJ003,17.10,0.000,0.666012,16605,0.435592,0.055345,0,0,0,0.5400,罗湖区,23,23,0,0,0,0,1
2021-01-24,589179428,20190000000000000003,900200000000000035,1,78.000,353.827,27593.333,2021-01-24 19:45:00.000,L2FT01-FTJ003,17.10,0.000,0.666012,16605,0.435592,0.055345,0,0,0,0.5400,罗湖区,23,23,0,0,0,0,1
2021-01-24,589179428,20190000000000000003,900200000000000035,1,78.000,360.533,28115.333,2021-01-24 20:00:00.000,L2FT01-FTJ003,17.40,0.000,0.666012,16605,0.435592,0.055345,0,0,0,0.5400,罗湖区,23,23,0,0,0,0,1
2021-01-24,589179428,20190000000000000003,900200000000000035,1,78.000,370.380,28885.333,2021-01-24 20:15:00.000,L2FT01-FTJ003,17.40,0.000,0.666012,16605,0.435592,0.055345,0,0,0,0.5400,罗湖区,23,23,0,0,0,0,1
2021-01-24,589179428,20190000000000000003,900200000000000035,1,73.285,381.873,27968.667,2021-01-24 20:30:00.000,L2FT01-FTJ003,17.40,0.000,0.666012,16605,0.435592,0.055345,0,0,0,0.5400,罗湖区,23,23,0,0,0,0,1
2021-01-24,589179428,20190000000000000003,900200000000000045,1,63.870,338.240,21600.000,2021-01-24 20:30:00.000,L2FT01-FTJ003,17.40,0.000,0.666012,16605,0.435592,0.055345,0,0,0,0.5400,罗湖区,23,23,0,0,0,0,1
2021-01-24,589179428,20190000000000000003,900200000000000035,1,32.234,385.993,12462.143,2021-01-24 20:45:00.000,L2FT01-FTJ003,17.40,0.000,0.666012,16605,0.435592,0.055345,0,0,0,0.5400,罗湖区,23,23,0,0,0,0,1
2021-01-24,589179428,20190000000000000003,900200000000000045,1,63.850,347.673,22197.333,2021-01-24 20:45:00.000,L2FT01-FTJ003,17.40,0.000,0.666012,16605,0.435592,0.055345,0,0,0,0.5400,罗湖区,23,23,0,0,0,0,1
2021-01-24,589179428,20190000000000000003,900200000000000045,1,34.003,353.887,12032.667,2021-01-24 21:00:00.000,L2FT01-FTJ003,17.88,0.000,0.666012,16605,0.435592,0.055345,0,0,0,0.5400,罗湖区,23,23,0,0,0,0,1
2021-01-24,589179428,20190000000000000003,900200000000000045,1,12.590,355.240,4470.667,2021-01-24 21:15:00.000,L2FT01-FTJ003,17.88,0.000,0.666012,16605,0.435592,0.055345,0,0,0,0.5400,罗湖区,23,23,0,0,0,0,1
2021-01-24,589179428,20190000000000000003,900200000000000045,1,10.490,356.808,3740.833,2021-01-24 21:30:00.000,L2FT01-FTJ003,17.88,0.000,0.666012,16605,0.435592,0.055345,0,0,0,0.5400,罗湖区,23,23,0,0,0,0,1
2021-01-24,589179428,20190000000000000003,900200000000000032,1,129.797,310.043,40235.714,2021-01-24 23:00:00.000,L2FT01-FTJ003,19.22,0.000,0.666012,16605,0.435592,0.055345,0,0,0,0.5400,罗湖区,23,23,0,0,0,0,1
2021-01-24,589179428,20190000000000000003,900200000000000032,1,129.824,310.827,40347.333,2021-01-24 23:15:00.000,L2FT01-FTJ003,19.22,0.000,0.666012,16605,0.435592,0.055345,0,0,0,0.5400,罗湖区,23,23,0,0,0,0,1
2021-01-24,589179428,20190000000000000003,900200000000000040,1,149.860,311.633,46696.667,2021-01-24 23:15:00.000,L2FT01-FTJ003,19.22,0.000,0.666012,16605,0.435592,0.055345,0,0,0,0.5400,罗湖区,23,23,0,0,0,0,1
2021-01-24,589179428,20190000000000000003,900200000000000040,1,149.798,312.433,46800.000,2021-01-24 23:30:00.000,L2FT01-FTJ003,19.22,0.000,0.666012,16605,0.435592,0.055345,0,0,0,0.5400,罗湖区,23,23,0,0,0,0,1
2021-01-24,589179428,20190000000000000003,900200000000000032,1,129.848,313.147,40658.000,2021-01-24 23:30:00.000,L2FT01-FTJ003,19.22,0.000,0.666012,16605,0.435592,0.055345,0,0,0,0.5400,罗湖区,23,23,0,0,0,0,1
2021-01-24,589179428,20190000000000000003,900200000000000032,1,129.866,314.633,40858.667,2021-01-24 23:45:00.000,L2FT01-FTJ003,19.22,0.000,0.666012,16605,0.435592,0.055345,0,0,0,0.5400,罗湖区,23,23,0,0,0,0,1
2021-01-25,589179428,20190000000000000003,900200000000000032,1,79.780,323.367,25573.333,2021-01-25 00:00:00.000,L2FT01-FTJ003,20.00,0.000,0.666012,16605,0.435592,0.055345,0,0,1,0.5400,罗湖区,23,23,0,0,0,0,1
2021-01-25,589179428,20190000000000000003,900200000000000047,1,185.580,315.186,58202.143,2021-01-25 03:45:00.000,L2FT01-FTJ003,22.12,0.000,0.666012,16605,0.435592,0.055345,0,0,1,0.5400,罗湖区,23,23,0,0,0,0,1
2021-01-25,589179428,20190000000000000003,900200000000000047,1,202.488,315.340,63848.667,2021-01-25 04:00:00.000,L2FT01-FTJ003,22.60,0.000,0.666012,16605,0.435592,0.055345,0,0,1,0.5400,罗湖区,23,23,0,0,0,0,1
2021-01-25,589179428,20190000000000000003,900200000000000047,1,204.919,317.153,64988.667,2021-01-25 04:15:00.000,L2FT01-FTJ003,22.60,0.000,0.666012,16605,0.435592,0.055345,0,0,1,0.5400,罗湖区,23,23,0,0,0,0,1
2021-01-25,589179428,20190000000000000003,900200000000000047,1,148.534,323.436,47780.000,2021-01-25 04:30:00.000,L2FT01-FTJ003,22.60,0.000,0.666012,16605,0.435592,0.055345,0,0,1,0.5400,罗湖区,23,23,0,0,0,0,1
2021-01-25,589179428,20190000000000000003,900200000000000047,1,130.000,312.500,40620.000,2021-01-25 07:00:00.000,L2FT01-FTJ003,22.90,0.000,0.666012,16605,0.435592,0.055345,0,0,1,0.5400,罗湖区,23,23,0,0,0,0,1
2021-01-25,589179428,20190000000000000003,900200000000000047,1,129.860,314.220,40802.000,2021-01-25 07:15:00.000,L2FT01-FTJ003,22.90,0.000,0.666012,16605,0.435592,0.055345,0,0,1,0.5400,罗湖区,23,23,0,0,0,0,1
2021-01-25,589179428,20190000000000000003,900200000000000039,0,0.000,334.300,0.000,2021-01-25 07:30:00.000,L2FT01-FTJ003,22.90,0.000,0.666012,16605,0.435592,0.055345,0,0,1,0.5400,罗湖区,23,23,0,0,0,0,1
2021-01-25,589179428,20190000000000000003,900200000000000047,1,105.210,316.273,33195.333,2021-01-25 07:30:00.000,L2FT01-FTJ003,22.90,0.000,0.666012,16605,0.435592,0.055345,0,0,1,0.5400,罗湖区,23,23,0,0,0,0,1
2021-01-25,589179428,20190000000000000003,900200000000000039,1,67.797,326.947,22165.333,2021-01-25 07:45:00.000,L2FT01-FTJ003,22.90,0.000,0.666012,16605,0.435592,0.055345,0,0,1,0.5400,罗湖区,23,23,0,0,0,0,1
2021-01-25,589179428,20190000000000000003,900200000000000039,1,67.790,334.293,22660.000,2021-01-25 08:00:00.000,L2FT01-FTJ003,22.60,0.000,0.666012,16605,0.435592,0.055345,0,0,1,0.5400,罗湖区,23,23,0,0,0,0,1
2021-01-25,589179428,20190000000000000003,900200000000000039,1,67.817,344.307,23349.333,2021-01-25 08:15:00.000,L2FT01-FTJ003,22.60,0.000,0.666012,16605,0.435592,0.055345,0,0,1,0.5400,罗湖区,23,23,0,0,0,0,1
2021-01-25,589179428,20190000000000000003,900200000000000039,1,67.837,356.567,24186.667,2021-01-25 08:30:00.000,L2FT01-FTJ003,22.60,0.000,0.666012,16605,0.435592,0.055345,0,0,1,0.5400,罗湖区,23,23,0,0,0,0,1
2021-01-25,589179428,20190000000000000003,900200000000000039,1,33.495,362.086,12125.000,2021-01-25 08:45:00.000,L2FT01-FTJ003,22.60,0.000,0.666012,16605,0.435592,0.055345,0,0,1,0.5400,罗湖区,23,23,0,0,0,0,1
2021-01-25,589179428,20190000000000000003,900200000000000040,1,99.837,326.192,32561.538,2021-01-25 11:30:00.000,L2FT01-FTJ003,20.78,0.000,0.666012,16605,0.435592,0.055345,0,0,1,0.5400,罗湖区,23,23,0,0,0,0,1
2021-01-25,589179428,20190000000000000003,900200000000000034,1,61.892,379.430,23481.000,2021-01-25 11:30:00.000,L2FT01-FTJ003,20.78,0.000,0.666012,16605,0.435592,0.055345,0,0,1,0.5400,罗湖区,23,23,0,0,0,0,1
2021-01-25,589179428,20190000000000000003,900200000000000034,1,44.807,384.025,17208.333,2021-01-25 11:45:00.000,L2FT01-FTJ003,20.78,0.000,0.666012,16605,0.435592,0.055345,0,0,1,0.5400,罗湖区,23,23,0,0,0,0,1
2021-01-25,589179428,20190000000000000003,900200000000000040,1,99.830,328.120,32752.000,2021-01-25 11:45:00.000,L2FT01-FTJ003,20.78,0.000,0.666012,16605,0.435592,0.055345,0,0,1,0.5400,罗湖区,23,23,0,0,0,0,1
2021-01-25,589179428,20190000000000000003,900200000000000040,1,99.890,329.660,32926.000,2021-01-25 12:00:00.000,L2FT01-FTJ003,20.00,0.000,0.666012,16605,0.435592,0.055345,0,0,1,0.5400,罗湖区,23,23,0,0,0,0,1
2021-01-25,589179428,20190000000000000003,900200000000000040,1,92.177,331.027,30510.667,2021-01-25 12:15:00.000,L2FT01-FTJ003,20.00,0.000,0.666012,16605,0.435592,0.055345,0,0,1,0.5400,罗湖区,23,23,0,0,0,0,1
2021-01-25,589179428,20190000000000000003,900200000000000047,1,104.136,324.020,37992.000,2021-01-25 12:15:00.000,L2FT01-FTJ003,20.00,0.000,0.666012,16605,0.435592,0.055345,0,0,1,0.5400,罗湖区,23,23,0,0,0,0,1
2021-01-25,589179428,20190000000000000003,900200000000000049,1,65.081,418.420,27301.000,2021-01-25 12:15:00.000,L2FT01-FTJ003,20.00,0.000,0.666012,16605,0.435592,0.055345,0,0,1,0.5400,罗湖区,23,23,0,0,0,0,1
2021-01-25,589179428,20190000000000000003,900200000000000056,1,54.925,329.217,18008.333,2021-01-25 12:15:00.000,L2FT01-FTJ003,20.00,0.000,0.666012,16605,0.435592,0.055345,0,0,1,0.5400,罗湖区,23,23,0,0,0,0,1
2021-01-25,589179428,20190000000000000003,900200000000000040,1,53.695,332.264,17813.636,2021-01-25 12:30:00.000,L2FT01-FTJ003,20.00,0.000,0.666012,16605,0.435592,0.055345,0,0,1,0.5400,罗湖区,23,23,0,0,0,0,1
2021-01-25,589179428,20190000000000000003,900200000000000047,1,103.441,372.327,38498.000,2021-01-25 12:30:00.000,L2FT01-FTJ003,20.00,0.000,0.666012,16605,0.435592,0.055345,0,0,1,0.5400,罗湖区,23,23,0,0,0,0,1
2021-01-25,589179428,20190000000000000003,900200000000000049,1,68.145,431.620,29402.000,2021-01-25 12:30:00.000,L2FT01-FTJ003,20.00,0.000,0.666012,16605,0.435592,0.055345,0,0,1,0.5400,罗湖区,23,23,0,0,0,0,1
2021-01-25,589179428,20190000000000000003,900200000000000056,1,71.690,330.340,23680.000,2021-01-25 12:30:00.000,L2FT01-FTJ003,20.00,0.000,0.666012,16605,0.435592,0.055345,0,0,1,0.5400,罗湖区,23,23,0,0,0,0,1
2021-01-25,589179428,20190000000000000003,900200000000000049,1,37.663,440.260,16578.000,2021-01-25 12:45:00.000,L2FT01-FTJ003,20.00,0.000,0.666012,16605,0.435592,0.055345,0,0,1,0.5400,罗湖区,23,23,0,0,0,0,1
2021-01-25,589179428,20190000000000000003,900200000000000056,1,53.383,331.040,17674.667,2021-01-25 12:45:00.000,L2FT01-FTJ003,20.00,0.000,0.666012,16605,0.435592,0.055345,0,0,1,0.5400,罗湖区,23,23,0,0,0,0,1
2021-01-25,589179428,20190000000000000003,900200000000000040,1,128.222,365.400,46827.000,2021-01-25 12:45:00.000,L2FT01-FTJ003,20.00,0.000,0.666012,16605,0.435592,0.055345,0,0,1,0.5400,罗湖区,23,23,0,0,0,0,1
2021-01-25,589179428,20190000000000000003,900200000000000047,1,81.237,391.060,31714.000,2021-01-25 12:45:00.000,L2FT01-FTJ003,20.00,0.000,0.666012,16605,0.435592,0.055345,0,0,1,0.5400,罗湖区,23,23,0,0,0,0,1
2021-01-25,589179428,20190000000000000003,900200000000000056,1,10.290,327.183,3366.667,2021-01-25 13:00:00.000,L2FT01-FTJ003,19.22,0.000,0.666012,16605,0.435592,0.055345,0,0,1,0.5400,罗湖区,23,23,0,0,0,0,1
2021-01-25,589179428,20190000000000000003,900200000000000049,1,36.490,446.886,16304.286,2021-01-25 13:00:00.000,L2FT01-FTJ003,19.22,0.000,0.666012,16605,0.435592,0.055345,0,0,1,0.5400,罗湖区,23,23,0,0,0,0,1
2021-01-25,589179428,20190000000000000003,900200000000000040,1,102.003,381.187,38831.333,2021-01-25 13:00:00.000,L2FT01-FTJ003,19.22,0.000,0.666012,16605,0.435592,0.055345,0,0,1,0.5400,罗湖区,23,23,0,0,0,0,1
2021-01-25,589179428,20190000000000000003,900200000000000042,1,121.394,372.040,45160.000,2021-01-25 13:00:00.000,L2FT01-FTJ003,19.22,0.000,0.666012,16605,0.435592,0.055345,0,0,1,0.5400,罗湖区,23,23,0,0,0,0,1
2021-01-25,589179428,20190000000000000003,900200000000000047,1,45.577,402.787,18339.333,2021-01-25 13:00:00.000,L2FT01-FTJ003,19.22,0.000,0.666012,16605,0.435592,0.055345,0,0,1,0.5400,罗湖区,23,23,0,0,0,0,1
2021-01-25,589179428,20190000000000000003,900200000000000040,1,52.045,391.147,20339.333,2021-01-25 13:15:00.000,L2FT01-FTJ003,19.22,0.000,0.666012,16605,0.435592,0.055345,0,0,1,0.5400,罗湖区,23,23,0,0,0,0,1
2021-01-25,589179428,20190000000000000003,900200000000000042,1,94.647,384.740,36350.000,2021-01-25 13:15:00.000,L2FT01-FTJ003,19.22,0.000,0.666012,16605,0.435592,0.055345,0,0,1,0.5400,罗湖区,23,23,0,0,0,0,1
2021-01-25,589179428,20190000000000000003,900200000000000047,1,20.890,407.243,8507.143,2021-01-25 13:15:00.000,L2FT01-FTJ003,19.22,0.000,0.666012,16605,0.435592,0.055345,0,0,1,0.5400,罗湖区,23,23,0,0,0,0,1
2021-01-25,589179428,20190000000000000003,900200000000000040,1,21.129,394.250,8337.500,2021-01-25 13:30:00.000,L2FT01-FTJ003,19.22,0.000,0.666012,16605,0.435592,0.055345,0,0,1,0.5400,罗湖区,23,23,0,0,0,0,1
2021-01-25,589179428,20190000000000000003,900200000000000042,1,39.924,393.067,15680.000,2021-01-25 13:30:00.000,L2FT01-FTJ003,19.22,0.000,0.666012,16605,0.435592,0.055345,0,0,1,0.5400,罗湖区,23,23,0,0,0,0,1
2021-01-25,589179428,20190000000000000003,900200000000000042,1,14.243,395.440,5631.333,2021-01-25 13:45:00.000,L2FT01-FTJ003,19.22,0.000,0.666012,16605,0.435592,0.055345,0,0,1,0.5400,罗湖区,23,23,0,0,0,0,1
2021-01-25,589179428,20190000000000000003,900200000000000042,1,14.233,397.500,5655.714,2021-01-25 14:00:00.000,L2FT01-FTJ003,18.50,0.000,0.666012,16605,0.435592,0.055345,0,0,1,0.5400,罗湖区,23,23,0,0,0,0,1
2021-01-25,589179428,20190000000000000003,900200000000000044,1,149.798,316.485,47408.462,2021-01-25 16:45:00.000,L2FT01-FTJ003,17.40,0.000,0.666012,16605,0.435592,0.055345,0,0,1,0.5400,罗湖区,23,23,0,0,0,0,1
2021-01-25,589179428,20190000000000000003,900200000000000048,1,149.823,310.411,46503.333,2021-01-25 18:00:00.000,L2FT01-FTJ003,17.00,0.000,0.666012,16605,0.435592,0.055345,0,0,1,0.5400,罗湖区,23,23,0,0,0,0,1
2021-01-25,589179428,20190000000000000003,900200000000000048,1,149.803,311.293,46631.333,2021-01-25 18:15:00.000,L2FT01-FTJ003,17.00,0.000,0.666012,16605,0.435592,0.055345,0,0,1,0.5400,罗湖区,23,23,0,0,0,0,1
2021-01-25,589179428,20190000000000000003,900200000000000048,1,149.870,313.447,46974.000,2021-01-25 18:30:00.000,L2FT01-FTJ003,17.00,0.000,0.666012,16605,0.435592,0.055345,0,0,1,0.5400,罗湖区,23,23,0,0,0,0,1
2021-01-25,589179428,20190000000000000003,900200000000000048,1,149.956,314.530,47163.000,2021-01-25 18:45:00.000,L2FT01-FTJ003,17.00,0.000,0.666012,16605,0.435592,0.055345,0,0,1,0.5400,罗湖区,23,23,0,0,0,0,1
2021-01-25,589179428,20190000000000000003,900200000000000053,1,103.398,363.536,37612.143,2021-01-25 19:45:00.000,L2FT01-FTJ003,17.10,0.000,0.666012,16605,0.435592,0.055345,0,0,1,0.5400,罗湖区,23,23,0,0,0,0,1
2021-01-25,589179428,20190000000000000003,900200000000000053,1,99.209,365.540,36282.000,2021-01-25 20:00:00.000,L2FT01-FTJ003,17.40,0.000,0.666012,16605,0.435592,0.055345,0,0,1,0.5400,罗湖区,23,23,0,0,0,0,1
2021-01-25,589179428,20190000000000000003,900200000000000039,1,59.346,338.300,20113.333,2021-01-25 20:15:00.000,L2FT01-FTJ003,17.40,0.000,0.666012,16605,0.435592,0.055345,0,0,1,0.5400,罗湖区,23,23,0,0,0,0,1
2021-01-25,589179428,20190000000000000003,900200000000000053,1,56.711,363.580,20624.000,2021-01-25 20:15:00.000,L2FT01-FTJ003,17.40,0.000,0.666012,16605,0.435592,0.055345,0,0,1,0.5400,罗湖区,23,23,0,0,0,0,1
2021-01-25,589179428,20190000000000000003,900200000000000039,0,0.000,326.600,0.000,2021-01-25 20:30:00.000,L2FT01-FTJ003,17.40,0.000,0.666012,16605,0.435592,0.055345,0,0,1,0.5400,罗湖区,23,23,0,0,0,0,1
2021-01-25,589179428,20190000000000000003,900200000000000053,1,42.823,364.187,15594.000,2021-01-25 20:30:00.000,L2FT01-FTJ003,17.40,0.000,0.666012,16605,0.435592,0.055345,0,0,1,0.5400,罗湖区,23,23,0,0,0,0,1
2021-01-25,589179428,20190000000000000003,900200000000000053,1,19.020,365.467,6972.667,2021-01-25 20:45:00.000,L2FT01-FTJ003,17.40,0.000,0.666012,16605,0.435592,0.055345,0,0,1,0.5400,罗湖区,23,23,0,0,0,0,1
2021-01-25,589179428,20190000000000000003,900200000000000053,1,6.000,363.300,2170.000,2021-01-25 21:00:00.000,L2FT01-FTJ003,17.88,0.000,0.666012,16605,0.435592,0.055345,0,0,1,0.5400,罗湖区,23,23,0,0,0,0,1
2021-01-25,589179428,20190000000000000003,900200000000000031,1,57.181,328.960,18865.000,2021-01-25 21:30:00.000,L2FT01-FTJ003,17.88,0.000,0.666012,16605,0.435592,0.055345,0,0,1,0.5400,罗湖区,23,23,0,0,0,0,1
2021-01-25,589179428,20190000000000000003,900200000000000031,1,63.790,339.040,21626.000,2021-01-25 21:45:00.000,L2FT01-FTJ003,17.88,0.000,0.666012,16605,0.435592,0.055345,0,0,1,0.5400,罗湖区,23,23,0,0,0,0,1
2021-01-25,589179428,20190000000000000003,900200000000000031,1,63.790,350.720,22371.333,2021-01-25 22:00:00.000,L2FT01-FTJ003,18.50,0.000,0.666012,16605,0.435592,0.055345,0,0,1,0.5400,罗湖区,23,23,0,0,0,0,1
2021-01-25,589179428,20190000000000000003,900200000000000031,1,40.630,357.573,14529.091,2021-01-25 22:15:00.000,L2FT01-FTJ003,18.50,0.000,0.666012,16605,0.435592,0.055345,0,0,1,0.5400,罗湖区,23,23,0,0,0,0,1
2021-01-25,589179428,20190000000000000003,900200000000000042,1,123.193,416.667,51343.333,2021-01-25 23:00:00.000,L2FT01-FTJ003,19.22,0.000,0.666012,16605,0.435592,0.055345,0,0,1,0.5400,罗湖区,23,23,0,0,0,0,1
2021-01-25,589179428,20190000000000000003,900200000000000037,1,74.891,453.529,35178.571,2021-01-25 23:15:00.000,L2FT01-FTJ003,19.22,0.000,0.666012,16605,0.435592,0.055345,0,0,1,0.5400,罗湖区,23,23,0,0,0,0,1
2021-01-25,589179428,20190000000000000003,900200000000000042,1,129.848,425.600,55259.333,2021-01-25 23:15:00.000,L2FT01-FTJ003,19.22,0.000,0.666012,16605,0.435592,0.055345,0,0,1,0.5400,罗湖区,23,23,0,0,0,0,1
2021-01-25,589179428,20190000000000000003,900200000000000037,1,92.223,470.993,43434.000,2021-01-25 23:30:00.000,L2FT01-FTJ003,19.22,0.000,0.666012,16605,0.435592,0.055345,0,0,1,0.5400,罗湖区,23,23,0,0,0,0,1
2021-01-25,589179428,20190000000000000003,900200000000000042,1,129.097,447.820,57798.667,2021-01-25 23:30:00.000,L2FT01-FTJ003,19.22,0.000,0.666012,16605,0.435592,0.055345,0,0,1,0.5400,罗湖区,23,23,0,0,0,0,1
2021-01-25,589179428,20190000000000000003,900200000000000042,1,66.479,464.860,30857.333,2021-01-25 23:45:00.000,L2FT01-FTJ003,19.22,0.000,0.666012,16605,0.435592,0.055345,0,0,1,0.5400,罗湖区,23,23,0,0,0,0,1
2021-01-25,589179428,20190000000000000003,900200000000000037,1,84.957,470.720,39992.000,2021-01-25 23:45:00.000,L2FT01-FTJ003,19.22,0.000,0.666012,16605,0.435592,0.055345,0,0,1,0.5400,罗湖区,23,23,0,0,0,0,1
2021-01-26,589179428,20190000000000000003,900200000000000037,1,31.723,469.911,14906.667,2021-01-26 00:00:00.000,L2FT01-FTJ003,20.00,0.000,0.666012,16605,0.435592,0.055345,0,0,1,0.5400,罗湖区,23,23,0,0,0,0,1
2021-01-26,589179428,20190000000000000003,900200000000000042,1,24.113,468.877,11303.077,2021-01-26 00:00:00.000,L2FT01-FTJ003,20.00,0.000,0.666012,16605,0.435592,0.055345,0,0,1,0.5400,罗湖区,23,23,0,0,0,0,1
2021-01-26,589179428,20190000000000000003,900200000000000057,1,130.327,372.290,48510.000,2021-01-26 00:00:00.000,L2FT01-FTJ003,20.00,0.000,0.666012,16605,0.435592,0.055345,0,0,1,0.5400,罗湖区,23,23,0,0,0,0,1
2021-01-26,589179428,20190000000000000003,900200000000000057,1,119.436,386.820,46167.333,2021-01-26 00:15:00.000,L2FT01-FTJ003,20.00,0.000,0.666012,16605,0.435592,0.055345,0,0,1,0.5400,罗湖区,23,23,0,0,0,0,1
2021-01-26,589179428,20190000000000000003,900200000000000057,1,61.553,398.967,24532.667,2021-01-26 00:30:00.000,L2FT01-FTJ003,20.00,0.000,0.666012,16605,0.435592,0.055345,0,0,1,0.5400,罗湖区,23,23,0,0,0,0,1
2021-01-26,589179428,20190000000000000003,900200000000000057,1,49.790,407.867,20306.667,2021-01-26 00:45:00.000,L2FT01-FTJ003,20.00,0.000,0.666012,16605,0.435592,0.055345,0,0,1,0.5400,罗湖区,23,23,0,0,0,0,1
2021-01-26,589179428,20190000000000000003,900200000000000057,1,49.790,413.433,20583.333,2021-01-26 01:00:00.000,L2FT01-FTJ003,20.78,0.000,0.666012,16605,0.435592,0.055345,0,0,1,0.5400,罗湖区,23,23,0,0,0,0,1
2021-01-26,589179428,20190000000000000003,900200000000000048,1,129.763,305.738,39670.769,2021-01-26 03:15:00.000,L2FT01-FTJ003,22.12,0.000,0.666012,16605,0.435592,0.055345,0,0,1,0.5400,罗湖区,23,23,0,0,0,0,1
2021-01-26,589179428,20190000000000000003,900200000000000048,1,129.890,310.120,40280.667,2021-01-26 03:30:00.000,L2FT01-FTJ003,22.12,0.000,0.666012,16605,0.435592,0.055345,0,0,1,0.5400,罗湖区,23,23,0,0,0,0,1
2021-01-26,589179428,20190000000000000003,900200000000000048,1,129.905,310.927,40387.333,2021-01-26 03:45:00.000,L2FT01-FTJ003,22.12,0.000,0.666012,16605,0.435592,0.055345,0,0,1,0.5400,罗湖区,23,23,0,0,0,0,1
2021-01-26,589179428,20190000000000000003,900200000000000048,1,129.890,312.573,40598.000,2021-01-26 04:00:00.000,L2FT01-FTJ003,22.60,0.000,0.666012,16605,0.435592,0.055345,0,0,1,0.5400,罗湖区,23,23,0,0,0,0,1
2021-01-26,589179428,20190000000000000003,900200000000000048,1,129.890,313.807,40758.000,2021-01-26 04:15:00.000,L2FT01-FTJ003,22.60,0.000,0.666012,16605,0.435592,0.055345,0,0,1,0.5400,罗湖区,23,23,0,0,0,0,1
2021-01-26,589179428,20190000000000000003,900200000000000048,1,129.905,314.760,40886.667,2021-01-26 04:30:00.000,L2FT01-FTJ003,22.60,0.000,0.666012,16605,0.435592,0.055345,0,0,1,0.5400,罗湖区,23,23,0,0,0,0,1
2021-01-26,589179428,20190000000000000003,900200000000000048,1,105.844,320.860,33738.000,2021-01-26 04:45:00.000,L2FT01-FTJ003,22.60,0.000,0.666012,16605,0.435592,0.055345,0,0,1,0.5400,罗湖区,23,23,0,0,0,0,1
2021-01-26,589179428,20190000000000000003,900200000000000043,1,145.563,360.520,52476.667,2021-01-26 06:00:00.000,L2FT01-FTJ003,23.00,0.000,0.666012,16605,0.435592,0.055345,0,0,1,0.5400,罗湖区,23,23,0,0,0,0,1
2021-01-26,589179428,20190000000000000003,900200000000000043,1,118.176,375.700,44373.333,2021-01-26 06:15:00.000,L2FT01-FTJ003,23.00,0.000,0.666012,16605,0.435592,0.055345,0,0,1,0.5400,罗湖区,23,23,0,0,0,0,1
2021-01-26,589179428,20190000000000000003,900200000000000040,1,129.860,311.150,40401.667,2021-01-26 06:30:00.000,L2FT01-FTJ003,23.00,0.000,0.666012,16605,0.435592,0.055345,0,0,1,0.5400,罗湖区,23,23,0,0,0,0,1
2021-01-26,589179428,20190000000000000003,900200000000000043,1,61.617,387.607,23860.000,2021-01-26 06:30:00.000,L2FT01-FTJ003,23.00,0.000,0.666012,16605,0.435592,0.055345,0,0,1,0.5400,罗湖区,23,23,0,0,0,0,1
2021-01-26,589179428,20190000000000000003,900200000000000040,1,129.890,313.240,40684.667,2021-01-26 06:45:00.000,L2FT01-FTJ003,23.00,0.000,0.666012,16605,0.435592,0.055345,0,0,1,0.5400,罗湖区,23,23,0,0,0,0,1
2021-01-26,589179428,20190000000000000003,900200000000000043,1,41.590,393.217,16358.333,2021-01-26 06:45:00.000,L2FT01-FTJ003,23.00,0.000,0.666012,16605,0.435592,0.055345,0,0,1,0.5400,罗湖区,23,23,0,0,0,0,1
2021-01-26,589179428,20190000000000000003,900200000000000040,1,129.934,313.840,40776.000,2021-01-26 07:00:00.000,L2FT01-FTJ003,22.90,0.000,0.666012,16605,0.435592,0.055345,0,0,1,0.5400,罗湖区,23,23,0,0,0,0,1
2021-01-26,589179428,20190000000000000003,900200000000000056,1,129.863,302.083,39226.667,2021-01-26 07:45:00.000,L2FT01-FTJ003,22.90,0.000,0.666012,16605,0.435592,0.055345,0,0,1,0.5400,罗湖区,23,23,0,0,0,0,1
2021-01-26,589179428,20190000000000000003,900200000000000043,1,100.131,353.337,35375.000,2021-01-26 08:00:00.000,L2FT01-FTJ003,22.60,0.000,0.666012,16605,0.435592,0.055345,0,0,1,0.5400,罗湖区,23,23,0,0,0,0,1
2021-01-26,589179428,20190000000000000003,900200000000000056,1,129.971,305.993,39766.667,2021-01-26 08:00:00.000,L2FT01-FTJ003,22.60,0.000,0.666012,16605,0.435592,0.055345,0,0,1,0.5400,罗湖区,23,23,0,0,0,0,1
2021-01-26,589179428,20190000000000000003,900200000000000043,1,99.800,356.160,35536.000,2021-01-26 08:15:00.000,L2FT01-FTJ003,22.60,0.000,0.666012,16605,0.435592,0.055345,0,0,1,0.5400,罗湖区,23,23,0,0,0,0,1
2021-01-26,589179428,20190000000000000003,900200000000000056,1,130.090,310.313,40367.333,2021-01-26 08:15:00.000,L2FT01-FTJ003,22.60,0.000,0.666012,16605,0.435592,0.055345,0,0,1,0.5400,罗湖区,23,23,0,0,0,0,1
2021-01-26,589179428,20190000000000000003,900200000000000043,1,81.045,355.637,28846.250,2021-01-26 08:30:00.000,L2FT01-FTJ003,22.60,0.000,0.666012,16605,0.435592,0.055345,0,0,1,0.5400,罗湖区,23,23,0,0,0,0,1
2021-01-26,589179428,20190000000000000003,900200000000000056,1,130.078,311.193,40478.000,2021-01-26 08:30:00.000,L2FT01-FTJ003,22.60,0.000,0.666012,16605,0.435592,0.055345,0,0,1,0.5400,罗湖区,23,23,0,0,0,0,1
2021-01-26,589179428,20190000000000000003,900200000000000056,1,130.012,312.453,40619.333,2021-01-26 08:45:00.000,L2FT01-FTJ003,22.60,0.000,0.666012,16605,0.435592,0.055345,0,0,1,0.5400,罗湖区,23,23,0,0,0,0,1
2021-01-26,589179428,20190000000000000003,900200000000000056,1,130.042,314.127,40847.333,2021-01-26 09:00:00.000,L2FT01-FTJ003,22.12,0.000,0.666012,16605,0.435592,0.055345,0,0,1,0.5400,罗湖区,23,23,0,0,0,0,1
2021-01-26,589179428,20190000000000000003,900200000000000056,1,130.090,314.967,40971.333,2021-01-26 09:15:00.000,L2FT01-FTJ003,22.12,0.000,0.666012,16605,0.435592,0.055345,0,0,1,0.5400,罗湖区,23,23,0,0,0,0,1
2021-01-26,589179428,20190000000000000003,900200000000000056,1,124.143,317.807,39430.000,2021-01-26 09:30:00.000,L2FT01-FTJ003,22.12,0.000,0.666012,16605,0.435592,0.055345,0,0,1,0.5400,罗湖区,23,23,0,0,0,0,1
2021-01-26,589179428,20190000000000000003,900200000000000056,1,36.457,327.350,11915.000,2021-01-26 09:45:00.000,L2FT01-FTJ003,22.12,0.000,0.666012,16605,0.435592,0.055345,0,0,1,0.5400,罗湖区,23,23,0,0,0,0,1
2021-01-26,589179428,20190000000000000003,900200000000000043,1,103.858,312.720,32654.000,2021-01-26 11:15:00.000,L2FT01-FTJ003,20.78,0.000,0.666012,16605,0.435592,0.055345,0,0,1,0.5400,罗湖区,23,23,0,0,0,0,1
2021-01-26,589179428,20190000000000000003,900200000000000043,1,129.806,314.707,40845.333,2021-01-26 11:30:00.000,L2FT01-FTJ003,20.78,0.000,0.666012,16605,0.435592,0.055345,0,0,1,0.5400,罗湖区,23,23,0,0,0,0,1
2021-01-26,589179428,20190000000000000003,900200000000000043,1,113.140,322.462,36195.000,2021-01-26 11:45:00.000,L2FT01-FTJ003,20.78,0.000,0.666012,16605,0.435592,0.055345,0,0,1,0.5400,罗湖区,23,23,0,0,0,0,1
2021-01-26,589179428,20190000000000000003,900200000000000048,1,129.826,312.271,40537.143,2021-01-26 12:15:00.000,L2FT01-FTJ003,20.00,0.000,0.666012,16605,0.435592,0.055345,0,0,1,0.5400,罗湖区,23,23,0,0,0,0,1
2021-01-26,589179428,20190000000000000003,900200000000000058,1,144.392,313.760,45328.000,2021-01-26 12:15:00.000,L2FT01-FTJ003,20.00,0.000,0.666012,16605,0.435592,0.055345,0,0,1,0.5400,罗湖区,23,23,0,0,0,0,1
2021-01-26,589179428,20190000000000000003,900200000000000048,1,129.800,314.713,40844.667,2021-01-26 12:30:00.000,L2FT01-FTJ003,20.00,0.000,0.666012,16605,0.435592,0.055345,0,0,1,0.5400,罗湖区,23,23,0,0,0,0,1
2021-01-26,589179428,20190000000000000003,900200000000000058,1,149.898,315.046,47222.308,2021-01-26 12:30:00.000,L2FT01-FTJ003,20.00,0.000,0.666012,16605,0.435592,0.055345,0,0,1,0.5400,罗湖区,23,23,0,0,0,0,1
2021-01-26,589179428,20190000000000000003,900200000000000045,1,130.614,310.120,40502.000,2021-01-26 12:45:00.000,L2FT01-FTJ003,20.00,0.000,0.666012,16605,0.435592,0.055345,0,0,1,0.5400,罗湖区,23,23,0,0,0,0,1
2021-01-26,589179428,20190000000000000003,900200000000000048,1,125.830,317.507,39925.333,2021-01-26 12:45:00.000,L2FT01-FTJ003,20.00,0.000,0.666012,16605,0.435592,0.055345,0,0,1,0.5400,罗湖区,23,23,0,0,0,0,1
2021-01-26,589179428,20190000000000000003,900200000000000045,1,135.078,312.240,42174.000,2021-01-26 13:00:00.000,L2FT01-FTJ003,19.22,0.000,0.666012,16605,0.435592,0.055345,0,0,1,0.5400,罗湖区,23,23,0,0,0,0,1
2021-01-26,589179428,20190000000000000003,900200000000000048,1,30.121,405.609,12210.000,2021-01-26 13:00:00.000,L2FT01-FTJ003,19.22,0.000,0.666012,16605,0.435592,0.055345,0,0,1,0.5400,罗湖区,23,23,0,0,0,0,1
2021-01-26,589179428,20190000000000000003,900200000000000045,1,138.000,313.893,43312.667,2021-01-26 13:15:00.000,L2FT01-FTJ003,19.22,0.000,0.666012,16605,0.435592,0.055345,0,0,1,0.5400,罗湖区,23,23,0,0,0,0,1
2021-01-26,589179428,20190000000000000003,900200000000000048,1,19.790,407.400,8063.333,2021-01-26 13:15:00.000,L2FT01-FTJ003,19.22,0.000,0.666012,16605,0.435592,0.055345,0,0,1,0.5400,罗湖区,23,23,0,0,0,0,1
2021-01-26,589179428,20190000000000000003,900200000000000045,1,93.000,312.500,29060.000,2021-01-26 13:30:00.000,L2FT01-FTJ003,19.22,0.000,0.666012,16605,0.435592,0.055345,0,0,1,0.5400,罗湖区,23,23,0,0,0,0,1
2021-01-26,589179428,20190000000000000003,900200000000000031,1,77.827,346.536,26968.182,2021-01-26 14:15:00.000,L2FT01-FTJ003,18.50,0.000,0.666012,16605,0.435592,0.055345,0,0,1,0.5400,罗湖区,23,23,0,0,0,0,1
2021-01-26,589179428,20190000000000000003,900200000000000058,1,67.858,319.350,21668.333,2021-01-26 14:15:00.000,L2FT01-FTJ003,18.50,0.000,0.666012,16605,0.435592,0.055345,0,0,1,0.5400,罗湖区,23,23,0,0,0,0,1
2021-01-26,589179428,20190000000000000003,900200000000000058,1,67.790,324.987,22029.333,2021-01-26 14:30:00.000,L2FT01-FTJ003,18.50,0.000,0.666012,16605,0.435592,0.055345,0,0,1,0.5400,罗湖区,23,23,0,0,0,0,1
2021-01-26,589179428,20190000000000000003,900200000000000031,1,77.837,351.893,27389.333,2021-01-26 14:30:00.000,L2FT01-FTJ003,18.50,0.000,0.666012,16605,0.435592,0.055345,0,0,1,0.5400,罗湖区,23,23,0,0,0,0,1
2021-01-26,589179428,20190000000000000003,900200000000000031,1,77.857,357.073,27799.333,2021-01-26 14:45:00.000,L2FT01-FTJ003,18.50,0.000,0.666012,16605,0.435592,0.055345,0,0,1,0.5400,罗湖区,23,23,0,0,0,0,1
2021-01-26,589179428,20190000000000000003,900200000000000058,1,67.797,330.773,22423.333,2021-01-26 14:45:00.000,L2FT01-FTJ003,18.50,0.000,0.666012,16605,0.435592,0.055345,0,0,1,0.5400,罗湖区,23,23,0,0,0,0,1
2021-01-26,589179428,20190000000000000003,900200000000000031,1,77.850,365.407,28445.333,2021-01-26 15:00:00.000,L2FT01-FTJ003,17.88,0.000,0.666012,16605,0.435592,0.055345,0,0,1,0.5400,罗湖区,23,23,0,0,0,0,1
2021-01-26,589179428,20190000000000000003,900200000000000058,1,67.790,339.213,22993.333,2021-01-26 15:00:00.000,L2FT01-FTJ003,17.88,0.000,0.666012,16605,0.435592,0.055345,0,0,1,0.5400,罗湖区,23,23,0,0,0,0,1
2021-01-26,589179428,20190000000000000003,900200000000000031,1,77.817,377.233,29354.000,2021-01-26 15:15:00.000,L2FT01-FTJ003,17.88,0.000,0.666012,16605,0.435592,0.055345,0,0,1,0.5400,罗湖区,23,23,0,0,0,0,1
2021-01-26,589179428,20190000000000000003,900200000000000058,1,67.790,347.100,23528.333,2021-01-26 15:15:00.000,L2FT01-FTJ003,17.88,0.000,0.666012,16605,0.435592,0.055345,0,0,1,0.5400,罗湖区,23,23,0,0,0,0,1
2021-01-26,589179428,20190000000000000003,900200000000000031,1,62.929,386.064,24290.000,2021-01-26 15:30:00.000,L2FT01-FTJ003,17.88,0.000,0.666012,16605,0.435592,0.055345,0,0,1,0.5400,罗湖区,23,23,0,0,0,0,1
2021-01-26,589179428,20190000000000000003,900200000000000053,1,122.797,310.000,38063.333,2021-01-26 16:30:00.000,L2FT01-FTJ003,17.40,0.000,0.666012,16605,0.435592,0.055345,0,0,1,0.5400,罗湖区,23,23,0,0,0,0,1
2021-01-26,589179428,20190000000000000003,900200000000000053,1,122.705,311.467,38216.667,2021-01-26 16:45:00.000,L2FT01-FTJ003,17.40,0.000,0.666012,16605,0.435592,0.055345,0,0,1,0.5400,罗湖区,23,23,0,0,0,0,1
2021-01-26,589179428,20190000000000000003,900200000000000034,1,199.857,316.009,63150.909,2021-01-26 17:00:00.000,L2FT01-FTJ003,17.10,0.000,0.666012,16605,0.435592,0.055345,0,0,1,0.5400,罗湖区,23,23,0,0,0,0,1
2021-01-26,589179428,20190000000000000003,900200000000000048,1,107.216,346.040,37108.000,2021-01-26 17:00:00.000,L2FT01-FTJ003,17.10,0.000,0.666012,16605,0.435592,0.055345,0,0,1,0.5400,罗湖区,23,23,0,0,0,0,1
2021-01-26,589179428,20190000000000000003,900200000000000053,1,122.777,313.240,38455.333,2021-01-26 17:00:00.000,L2FT01-FTJ003,17.10,0.000,0.666012,16605,0.435592,0.055345,0,0,1,0.5400,罗湖区,23,23,0,0,0,0,1
2021-01-26,589179428,20190000000000000003,900200000000000034,1,149.066,320.950,47550.714,2021-01-26 17:15:00.000,L2FT01-FTJ003,17.10,0.000,0.666012,16605,0.435592,0.055345,0,0,1,0.5400,罗湖区,23,23,0,0,0,0,1
2021-01-26,589179428,20190000000000000003,900200000000000048,1,109.800,348.353,38243.333,2021-01-26 17:15:00.000,L2FT01-FTJ003,17.10,0.000,0.666012,16605,0.435592,0.055345,0,0,1,0.5400,罗湖区,23,23,0,0,0,0,1
2021-01-26,589179428,20190000000000000003,900200000000000053,1,122.807,314.467,38615.333,2021-01-26 17:15:00.000,L2FT01-FTJ003,17.10,0.000,0.666012,16605,0.435592,0.055345,0,0,1,0.5400,罗湖区,23,23,0,0,0,0,1
2021-01-26,589179428,20190000000000000003,900200000000000053,1,91.957,319.487,29343.333,2021-01-26 17:30:00.000,L2FT01-FTJ003,17.10,0.000,0.666012,16605,0.435592,0.055345,0,0,1,0.5400,罗湖区,23,23,0,0,0,0,1
2021-01-26,589179428,20190000000000000003,900200000000000048,1,109.800,349.150,38335.000,2021-01-26 17:30:00.000,L2FT01-FTJ003,17.10,0.000,0.666012,16605,0.435592,0.055345,0,0,1,0.5400,罗湖区,23,23,0,0,0,0,1
2021-01-26,589179428,20190000000000000003,900200000000000049,1,14.790,411.700,6090.000,2021-01-26 18:15:00.000,L2FT01-FTJ003,17.00,0.000,0.666012,16605,0.435592,0.055345,0,0,1,0.5400,罗湖区,23,23,0,0,0,0,1
2021-01-26,589179428,20190000000000000003,900200000000000049,1,129.260,437.287,56532.667,2021-01-26 18:30:00.000,L2FT01-FTJ003,17.00,0.000,0.666012,16605,0.435592,0.055345,0,0,1,0.5400,罗湖区,23,23,0,0,0,0,1
2021-01-26,589179428,20190000000000000003,900200000000000049,1,99.473,461.233,45778.667,2021-01-26 18:45:00.000,L2FT01-FTJ003,17.00,0.000,0.666012,16605,0.435592,0.055345,0,0,1,0.5400,罗湖区,23,23,0,0,0,0,1
2021-01-26,589179428,20190000000000000003,900200000000000049,1,46.550,467.140,21742.000,2021-01-26 19:00:00.000,L2FT01-FTJ003,17.10,0.000,0.666012,16605,0.435592,0.055345,0,0,1,0.5400,罗湖区,23,23,0,0,0,0,1
2021-01-26,589179428,20190000000000000003,900200000000000035,1,17.257,322.833,5570.000,2021-01-26 20:00:00.000,L2FT01-FTJ003,17.40,0.000,0.666012,16605,0.435592,0.055345,0,0,1,0.5400,罗湖区,23,23,0,0,0,0,1
2021-01-26,589179428,20190000000000000003,900200000000000048,1,88.369,382.273,33911.333,2021-01-26 20:00:00.000,L2FT01-FTJ003,17.40,0.000,0.666012,16605,0.435592,0.055345,0,0,1,0.5400,罗湖区,23,23,0,0,0,0,1
2021-01-26,589179428,20190000000000000003,900200000000000035,1,64.276,330.753,21306.000,2021-01-26 20:15:00.000,L2FT01-FTJ003,17.40,0.000,0.666012,16605,0.435592,0.055345,0,0,1,0.5400,罗湖区,23,23,0,0,0,0,1
2021-01-26,589179428,20190000000000000003,900200000000000048,1,44.672,396.353,17692.667,2021-01-26 20:15:00.000,L2FT01-FTJ003,17.40,0.000,0.666012,16605,0.435592,0.055345,0,0,1,0.5400,罗湖区,23,23,0,0,0,0,1
2021-01-26,589179428,20190000000000000003,900200000000000035,1,71.478,337.533,24121.333,2021-01-26 20:30:00.000,L2FT01-FTJ003,17.40,0.000,0.666012,16605,0.435592,0.055345,0,0,1,0.5400,罗湖区,23,23,0,0,0,0,1
2021-01-26,589179428,20190000000000000003,900200000000000048,1,16.681,397.637,6630.000,2021-01-26 20:30:00.000,L2FT01-FTJ003,17.40,0.000,0.666012,16605,0.435592,0.055345,0,0,1,0.5400,罗湖区,23,23,0,0,0,0,1
2021-01-26,589179428,20190000000000000003,900200000000000035,1,71.412,342.733,24473.333,2021-01-26 20:45:00.000,L2FT01-FTJ003,17.40,0.000,0.666012,16605,0.435592,0.055345,0,0,1,0.5400,罗湖区,23,23,0,0,0,0,1
2021-01-26,589179428,20190000000000000003,900200000000000035,1,71.390,350.600,25027.333,2021-01-26 21:00:00.000,L2FT01-FTJ003,17.88,0.000,0.666012,16605,0.435592,0.055345,0,0,1,0.5400,罗湖区,23,23,0,0,0,0,1
2021-01-26,589179428,20190000000000000003,900200000000000035,1,71.449,359.380,25674.000,2021-01-26 21:15:00.000,L2FT01-FTJ003,17.88,0.000,0.666012,16605,0.435592,0.055345,0,0,1,0.5400,罗湖区,23,23,0,0,0,0,1
2021-01-26,589179428,20190000000000000003,900200000000000049,1,136.227,369.818,50709.091,2021-01-26 21:15:00.000,L2FT01-FTJ003,17.88,0.000,0.666012,16605,0.435592,0.055345,0,0,1,0.5400,罗湖区,23,23,0,0,0,0,1
2021-01-26,589179428,20190000000000000003,900200000000000049,1,122.701,382.373,46904.667,2021-01-26 21:30:00.000,L2FT01-FTJ003,17.88,0.000,0.666012,16605,0.435592,0.055345,0,0,1,0.5400,罗湖区,23,23,0,0,0,0,1
2021-01-26,589179428,20190000000000000003,900200000000000035,1,71.390,367.187,26212.000,2021-01-26 21:30:00.000,L2FT01-FTJ003,17.88,0.000,0.666012,16605,0.435592,0.055345,0,0,1,0.5400,罗湖区,23,23,0,0,0,0,1
2021-01-26,589179428,20190000000000000003,900200000000000035,1,59.835,375.353,22444.000,2021-01-26 21:45:00.000,L2FT01-FTJ003,17.88,0.000,0.666012,16605,0.435592,0.055345,0,0,1,0.5400,罗湖区,23,23,0,0,0,0,1
2021-01-26,589179428,20190000000000000003,900200000000000049,1,57.377,382.693,21955.333,2021-01-26 21:45:00.000,L2FT01-FTJ003,17.88,0.000,0.666012,16605,0.435592,0.055345,0,0,1,0.5400,罗湖区,23,23,0,0,0,0,1
2021-01-26,589179428,20190000000000000003,900200000000000035,1,33.227,372.862,12575.385,2021-01-26 22:00:00.000,L2FT01-FTJ003,18.50,0.000,0.666012,16605,0.435592,0.055345,0,0,1,0.5400,罗湖区,23,23,0,0,0,0,1
2021-01-26,589179428,20190000000000000003,900200000000000049,1,31.644,382.833,12113.333,2021-01-26 22:00:00.000,L2FT01-FTJ003,18.50,0.000,0.666012,16605,0.435592,0.055345,0,0,1,0.5400,罗湖区,23,23,0,0,0,0,1
2021-01-26,589179428,20190000000000000003,900200000000000049,1,19.301,382.893,7388.000,2021-01-26 22:15:00.000,L2FT01-FTJ003,18.50,0.000,0.666012,16605,0.435592,0.055345,0,0,1,0.5400,罗湖区,23,23,0,0,0,0,1
2021-01-26,589179428,20190000000000000003,900200000000000049,1,14.890,382.900,5700.000,2021-01-26 22:30:00.000,L2FT01-FTJ003,18.50,0.000,0.666012,16605,0.435592,0.055345,0,0,1,0.5400,罗湖区,23,23,0,0,0,0,1
2021-01-26,589179428,20190000000000000003,900200000000000057,1,103.125,343.491,35418.182,2021-01-26 22:45:00.000,L2FT01-FTJ003,18.50,0.000,0.666012,16605,0.435592,0.055345,0,0,1,0.5400,罗湖区,23,23,0,0,0,0,1
2021-01-26,589179428,20190000000000000003,900200000000000057,1,103.105,352.953,36388.000,2021-01-26 23:00:00.000,L2FT01-FTJ003,19.22,0.000,0.666012,16605,0.435592,0.055345,0,0,1,0.5400,罗湖区,23,23,0,0,0,0,1
2021-01-26,589179428,20190000000000000003,900200000000000057,1,103.000,362.317,37313.333,2021-01-26 23:15:00.000,L2FT01-FTJ003,19.22,0.000,0.666012,16605,0.435592,0.055345,0,0,1,0.5400,罗湖区,23,23,0,0,0,0,1
2021-01-27,589179428,20190000000000000003,900200000000000043,1,133.163,309.156,41166.667,2021-01-27 01:15:00.000,L2FT01-FTJ003,20.78,0.000,0.666012,16605,0.435592,0.055345,0,0,1,0.5400,罗湖区,23,23,0,0,0,0,1
2021-01-27,589179428,20190000000000000003,900200000000000043,1,134.824,310.093,41804.000,2021-01-27 01:30:00.000,L2FT01-FTJ003,20.78,0.000,0.666012,16605,0.435592,0.055345,0,0,1,0.5400,罗湖区,23,23,0,0,0,0,1
2021-01-27,589179428,20190000000000000003,900200000000000043,1,134.872,311.633,42028.000,2021-01-27 01:45:00.000,L2FT01-FTJ003,20.78,0.000,0.666012,16605,0.435592,0.055345,0,0,1,0.5400,罗湖区,23,23,0,0,0,0,1
2021-01-27,589179428,20190000000000000003,900200000000000043,1,134.884,313.100,42232.000,2021-01-27 02:00:00.000,L2FT01-FTJ003,21.50,0.000,0.666012,16605,0.435592,0.055345,0,0,1,0.5400,罗湖区,23,23,0,0,0,0,1
2021-01-27,589179428,20190000000000000003,900200000000000043,1,134.872,314.120,42363.333,2021-01-27 02:15:00.000,L2FT01-FTJ003,21.50,0.000,0.666012,16605,0.435592,0.055345,0,0,1,0.5400,罗湖区,23,23,0,0,0,0,1
2021-01-27,589179428,20190000000000000003,900200000000000043,1,132.551,317.200,42024.000,2021-01-27 02:30:00.000,L2FT01-FTJ003,21.50,0.000,0.666012,16605,0.435592,0.055345,0,0,1,0.5400,罗湖区,23,23,0,0,0,0,1
2021-01-27,589179428,20190000000000000003,900200000000000043,1,43.057,333.033,14300.000,2021-01-27 02:45:00.000,L2FT01-FTJ003,21.50,0.000,0.666012,16605,0.435592,0.055345,0,0,1,0.5400,罗湖区,23,23,0,0,0,0,1
2021-01-27,589179428,20190000000000000003,900200000000000047,1,129.945,307.800,39995.000,2021-01-27 03:00:00.000,L2FT01-FTJ003,22.12,0.000,0.666012,16605,0.435592,0.055345,0,0,1,0.5400,罗湖区,23,23,0,0,0,0,1
2021-01-27,589179428,20190000000000000003,900200000000000047,1,129.848,310.847,40360.000,2021-01-27 03:15:00.000,L2FT01-FTJ003,22.12,0.000,0.666012,16605,0.435592,0.055345,0,0,1,0.5400,罗湖区,23,23,0,0,0,0,1
2021-01-27,589179428,20190000000000000003,900200000000000047,1,129.860,311.787,40485.333,2021-01-27 03:30:00.000,L2FT01-FTJ003,22.12,0.000,0.666012,16605,0.435592,0.055345,0,0,1,0.5400,罗湖区,23,23,0,0,0,0,1
2021-01-27,589179428,20190000000000000003,900200000000000047,1,129.824,313.273,40666.667,2021-01-27 03:45:00.000,L2FT01-FTJ003,22.12,0.000,0.666012,16605,0.435592,0.055345,0,0,1,0.5400,罗湖区,23,23,0,0,0,0,1
2021-01-27,589179428,20190000000000000003,900200000000000043,1,133.459,309.936,41362.727,2021-01-27 04:00:00.000,L2FT01-FTJ003,22.60,0.000,0.666012,16605,0.435592,0.055345,0,0,1,0.5400,罗湖区,23,23,0,0,0,0,1
2021-01-27,589179428,20190000000000000003,900200000000000047,1,129.842,314.673,40854.000,2021-01-27 04:00:00.000,L2FT01-FTJ003,22.60,0.000,0.666012,16605,0.435592,0.055345,0,0,1,0.5400,罗湖区,23,23,0,0,0,0,1
2021-01-27,589179428,20190000000000000003,900200000000000043,1,134.800,310.787,41889.333,2021-01-27 04:15:00.000,L2FT01-FTJ003,22.60,0.000,0.666012,16605,0.435592,0.055345,0,0,1,0.5400,罗湖区,23,23,0,0,0,0,1
2021-01-27,589179428,20190000000000000003,900200000000000047,1,129.818,316.413,41071.333,2021-01-27 04:15:00.000,L2FT01-FTJ003,22.60,0.000,0.666012,16605,0.435592,0.055345,0,0,1,0.5400,罗湖区,23,23,0,0,0,0,1
2021-01-27,589179428,20190000000000000003,900200000000000043,1,134.830,312.380,42114.000,2021-01-27 04:30:00.000,L2FT01-FTJ003,22.60,0.000,0.666012,16605,0.435592,0.055345,0,0,1,0.5400,罗湖区,23,23,0,0,0,0,1
2021-01-27,589179428,20190000000000000003,900200000000000047,1,60.425,327.500,19646.667,2021-01-27 04:30:00.000,L2FT01-FTJ003,22.60,0.000,0.666012,16605,0.435592,0.055345,0,0,1,0.5400,罗湖区,23,23,0,0,0,0,1
2021-01-27,589179428,20190000000000000003,900200000000000043,1,134.836,313.420,42256.000,2021-01-27 04:45:00.000,L2FT01-FTJ003,22.60,0.000,0.666012,16605,0.435592,0.055345,0,0,1,0.5400,罗湖区,23,23,0,0,0,0,1
2021-01-27,589179428,20190000000000000003,900200000000000043,1,134.806,314.707,42419.333,2021-01-27 05:00:00.000,L2FT01-FTJ003,22.90,0.000,0.666012,16605,0.435592,0.055345,0,0,1,0.5400,罗湖区,23,23,0,0,0,0,1
2021-01-27,589179428,20190000000000000003,900200000000000043,1,109.815,321.345,35083.636,2021-01-27 05:15:00.000,L2FT01-FTJ003,22.90,0.000,0.666012,16605,0.435592,0.055345,0,0,1,0.5400,罗湖区,23,23,0,0,0,0,1
2021-01-27,589179428,20190000000000000003,900200000000000049,1,39.242,321.933,12720.000,2021-01-27 05:15:00.000,L2FT01-FTJ003,22.90,0.000,0.666012,16605,0.435592,0.055345,0,0,1,0.5400,罗湖区,23,23,0,0,0,0,1
2021-01-27,589179428,20190000000000000003,900200000000000049,1,71.397,327.940,23412.667,2021-01-27 05:30:00.000,L2FT01-FTJ003,22.90,0.000,0.666012,16605,0.435592,0.055345,0,0,1,0.5400,罗湖区,23,23,0,0,0,0,1
2021-01-27,589179428,20190000000000000003,900200000000000049,1,71.390,329.540,23524.000,2021-01-27 05:45:00.000,L2FT01-FTJ003,22.90,0.000,0.666012,16605,0.435592,0.055345,0,0,1,0.5400,罗湖区,23,23,0,0,0,0,1
2021-01-27,589179428,20190000000000000003,900200000000000049,1,42.443,328.833,13995.333,2021-01-27 06:00:00.000,L2FT01-FTJ003,23.00,0.000,0.666012,16605,0.435592,0.055345,0,0,1,0.5400,罗湖区,23,23,0,0,0,0,1
2021-01-27,589179428,20190000000000000003,900200000000000049,1,9.174,319.488,2975.000,2021-01-27 06:15:00.000,L2FT01-FTJ003,23.00,0.000,0.666012,16605,0.435592,0.055345,0,0,1,0.5400,罗湖区,23,23,0,0,0,0,1
2021-01-27,589179428,20190000000000000003,900200000000000057,1,114.371,382.229,43710.000,2021-01-27 09:45:00.000,L2FT01-FTJ003,22.12,0.000,0.666012,16605,0.435592,0.055345,0,0,1,0.5400,罗湖区,23,23,0,0,0,0,1
2021-01-27,589179428,20190000000000000003,900200000000000057,1,114.800,392.220,45024.000,2021-01-27 10:00:00.000,L2FT01-FTJ003,21.50,0.000,0.666012,16605,0.435592,0.055345,0,0,1,0.5400,罗湖区,23,23,0,0,0,0,1
2021-01-27,589179428,20190000000000000003,900200000000000057,1,51.545,391.808,20180.000,2021-01-27 11:30:00.000,L2FT01-FTJ003,20.78,0.000,0.666012,16605,0.435592,0.055345,0,0,1,0.5400,罗湖区,23,23,0,0,0,0,1
2021-01-27,589179428,20190000000000000003,900200000000000034,1,96.867,440.500,43005.000,2021-01-27 11:45:00.000,L2FT01-FTJ003,20.78,0.000,0.666012,16605,0.435592,0.055345,0,0,1,0.5400,罗湖区,23,23,0,0,0,0,1
2021-01-27,589179428,20190000000000000003,900200000000000057,1,39.870,401.210,15995.000,2021-01-27 11:45:00.000,L2FT01-FTJ003,20.78,0.000,0.666012,16605,0.435592,0.055345,0,0,1,0.5400,罗湖区,23,23,0,0,0,0,1
2021-01-27,589179428,20190000000000000003,900200000000000034,1,100.554,456.042,45788.333,2021-01-27 12:00:00.000,L2FT01-FTJ003,20.00,0.000,0.666012,16605,0.435592,0.055345,0,0,1,0.5400,罗湖区,23,23,0,0,0,0,1
2021-01-27,589179428,20190000000000000003,900200000000000040,1,95.810,384.044,36792.222,2021-01-27 12:00:00.000,L2FT01-FTJ003,20.00,0.000,0.666012,16605,0.435592,0.055345,0,0,1,0.5400,罗湖区,23,23,0,0,0,0,1
2021-01-27,589179428,20190000000000000003,900200000000000034,1,96.623,400.400,38690.000,2021-01-27 12:15:00.000,L2FT01-FTJ003,20.00,0.000,0.666012,16605,0.435592,0.055345,0,0,1,0.5400,罗湖区,23,23,0,0,0,0,1
2021-01-27,589179428,20190000000000000003,900200000000000040,1,59.265,396.267,23458.667,2021-01-27 12:15:00.000,L2FT01-FTJ003,20.00,0.000,0.666012,16605,0.435592,0.055345,0,0,1,0.5400,罗湖区,23,23,0,0,0,0,1
2021-01-27,589179428,20190000000000000003,900200000000000034,1,86.388,407.953,35214.667,2021-01-27 12:30:00.000,L2FT01-FTJ003,20.00,0.000,0.666012,16605,0.435592,0.055345,0,0,1,0.5400,罗湖区,23,23,0,0,0,0,1
2021-01-27,589179428,20190000000000000003,900200000000000040,1,29.190,397.800,11610.000,2021-01-27 12:30:00.000,L2FT01-FTJ003,20.00,0.000,0.666012,16605,0.435592,0.055345,0,0,1,0.5400,罗湖区,23,23,0,0,0,0,1
2021-01-27,589179428,20190000000000000003,900200000000000034,1,71.125,419.293,29818.667,2021-01-27 12:45:00.000,L2FT01-FTJ003,20.00,0.000,0.666012,16605,0.435592,0.055345,0,0,1,0.5400,罗湖区,23,23,0,0,0,0,1
2021-01-27,589179428,20190000000000000003,900200000000000034,1,69.113,433.773,29974.667,2021-01-27 13:00:00.000,L2FT01-FTJ003,19.22,0.000,0.666012,16605,0.435592,0.055345,0,0,1,0.5400,罗湖区,23,23,0,0,0,0,1
2021-01-27,589179428,20190000000000000003,900200000000000034,1,49.738,447.080,22208.667,2021-01-27 13:15:00.000,L2FT01-FTJ003,19.22,0.000,0.666012,16605,0.435592,0.055345,0,0,1,0.5400,罗湖区,23,23,0,0,0,0,1
2021-01-27,589179428,20190000000000000003,900200000000000034,0,0.000,375.000,0.000,2021-01-27 13:30:00.000,L2FT01-FTJ003,19.22,0.000,0.666012,16605,0.435592,0.055345,0,0,1,0.5400,罗湖区,23,23,0,0,0,0,1
2021-01-27,589179428,20190000000000000003,900200000000000057,1,78.536,332.500,26108.000,2021-01-27 13:30:00.000,L2FT01-FTJ003,19.22,0.000,0.666012,16605,0.435592,0.055345,0,0,1,0.5400,罗湖区,23,23,0,0,0,0,1
2021-01-27,589179428,20190000000000000003,900200000000000057,1,68.847,334.143,22992.143,2021-01-27 13:45:00.000,L2FT01-FTJ003,19.22,0.000,0.666012,16605,0.435592,0.055345,0,0,1,0.5400,罗湖区,23,23,0,0,0,0,1
2021-01-27,589179428,20190000000000000003,900200000000000036,1,129.379,314.500,40688.750,2021-01-27 16:30:00.000,L2FT01-FTJ003,17.40,0.000,0.666012,16605,0.435592,0.055345,0,0,1,0.5400,罗湖区,23,23,0,0,0,0,1
2021-01-27,589179428,20190000000000000003,900200000000000036,1,106.226,321.364,33837.273,2021-01-27 16:45:00.000,L2FT01-FTJ003,17.40,0.000,0.666012,16605,0.435592,0.055345,0,0,1,0.5400,罗湖区,23,23,0,0,0,0,1
2021-01-27,589179428,20190000000000000003,900200000000000042,1,27.061,405.607,10966.000,2021-01-27 16:45:00.000,L2FT01-FTJ003,17.40,0.000,0.666012,16605,0.435592,0.055345,0,0,1,0.5400,罗湖区,23,23,0,0,0,0,1
2021-01-27,589179428,20190000000000000003,900200000000000042,1,18.090,407.700,7370.000,2021-01-27 17:00:00.000,L2FT01-FTJ003,17.10,0.000,0.666012,16605,0.435592,0.055345,0,0,1,0.5400,罗湖区,23,23,0,0,0,0,1
2021-01-27,589179428,20190000000000000003,900200000000000048,1,129.855,313.700,40733.846,2021-01-27 18:00:00.000,L2FT01-FTJ003,17.00,0.000,0.666012,16605,0.435592,0.055345,0,0,1,0.5400,罗湖区,23,23,0,0,0,0,1
2021-01-27,589179428,20190000000000000003,900200000000000047,1,130.050,309.900,40300.000,2021-01-27 18:15:00.000,L2FT01-FTJ003,17.00,0.000,0.666012,16605,0.435592,0.055345,0,0,1,0.5400,罗湖区,23,23,0,0,0,0,1
2021-01-27,589179428,20190000000000000003,900200000000000048,1,109.832,318.215,34783.846,2021-01-27 18:15:00.000,L2FT01-FTJ003,17.00,0.000,0.666012,16605,0.435592,0.055345,0,0,1,0.5400,罗湖区,23,23,0,0,0,0,1
2021-01-27,589179428,20190000000000000003,900200000000000047,1,129.855,312.960,40635.333,2021-01-27 18:30:00.000,L2FT01-FTJ003,17.00,0.000,0.666012,16605,0.435592,0.055345,0,0,1,0.5400,罗湖区,23,23,0,0,0,0,1
2021-01-27,589179428,20190000000000000003,900200000000000038,1,190.746,314.480,60402.667,2021-01-27 18:45:00.000,L2FT01-FTJ003,17.00,0.000,0.666012,16605,0.435592,0.055345,0,0,1,0.5400,罗湖区,23,23,0,0,0,0,1
2021-01-27,589179428,20190000000000000003,900200000000000047,1,129.890,314.927,40903.333,2021-01-27 18:45:00.000,L2FT01-FTJ003,17.00,0.000,0.666012,16605,0.435592,0.055345,0,0,1,0.5400,罗湖区,23,23,0,0,0,0,1
2021-01-27,589179428,20190000000000000003,900200000000000038,1,192.035,319.591,61350.000,2021-01-27 19:00:00.000,L2FT01-FTJ003,17.10,0.000,0.666012,16605,0.435592,0.055345,0,0,1,0.5400,罗湖区,23,23,0,0,0,0,1
2021-01-27,589179428,20190000000000000003,900200000000000039,1,129.832,314.529,40830.714,2021-01-27 19:00:00.000,L2FT01-FTJ003,17.10,0.000,0.666012,16605,0.435592,0.055345,0,0,1,0.5400,罗湖区,23,23,0,0,0,0,1
2021-01-27,589179428,20190000000000000003,900200000000000047,1,124.426,318.327,39580.000,2021-01-27 19:00:00.000,L2FT01-FTJ003,17.10,0.000,0.666012,16605,0.435592,0.055345,0,0,1,0.5400,罗湖区,23,23,0,0,0,0,1
2021-01-27,589179428,20190000000000000003,900200000000000039,1,129.800,315.150,40900.000,2021-01-27 19:15:00.000,L2FT01-FTJ003,17.10,0.000,0.666012,16605,0.435592,0.055345,0,0,1,0.5400,罗湖区,23,23,0,0,0,0,1
2021-01-27,589179428,20190000000000000003,900200000000000042,1,58.898,340.038,20167.692,2021-01-27 19:45:00.000,L2FT01-FTJ003,17.10,0.000,0.666012,16605,0.435592,0.055345,0,0,1,0.5400,罗湖区,23,23,0,0,0,0,1
2021-01-27,589179428,20190000000000000003,900200000000000042,1,51.064,351.793,17952.000,2021-01-27 20:00:00.000,L2FT01-FTJ003,17.40,0.000,0.666012,16605,0.435592,0.055345,0,0,1,0.5400,罗湖区,23,23,0,0,0,0,1
2021-01-27,589179428,20190000000000000003,900200000000000042,1,21.720,354.947,7706.667,2021-01-27 20:15:00.000,L2FT01-FTJ003,17.40,0.000,0.666012,16605,0.435592,0.055345,0,0,1,0.5400,罗湖区,23,23,0,0,0,0,1
2021-01-27,589179428,20190000000000000003,900200000000000042,1,11.771,356.287,4191.333,2021-01-27 20:30:00.000,L2FT01-FTJ003,17.40,0.000,0.666012,16605,0.435592,0.055345,0,0,1,0.5400,罗湖区,23,23,0,0,0,0,1
2021-01-27,589179428,20190000000000000003,900200000000000042,1,9.890,357.275,3530.000,2021-01-27 20:45:00.000,L2FT01-FTJ003,17.40,0.000,0.666012,16605,0.435592,0.055345,0,0,1,0.5400,罗湖区,23,23,0,0,0,0,1
2021-01-27,589179428,20190000000000000003,900200000000000058,1,49.218,372.608,18438.333,2021-01-27 22:15:00.000,L2FT01-FTJ003,18.50,0.000,0.666012,16605,0.435592,0.055345,0,0,1,0.5400,罗湖区,23,23,0,0,0,0,1
2021-01-27,589179428,20190000000000000003,900200000000000058,1,59.031,382.887,22598.667,2021-01-27 22:30:00.000,L2FT01-FTJ003,18.50,0.000,0.666012,16605,0.435592,0.055345,0,0,1,0.5400,罗湖区,23,23,0,0,0,0,1
2021-01-27,589179428,20190000000000000003,900200000000000058,1,42.824,388.878,16650.000,2021-01-27 22:45:00.000,L2FT01-FTJ003,18.50,0.000,0.666012,16605,0.435592,0.055345,0,0,1,0.5400,罗湖区,23,23,0,0,0,0,1
2021-01-27,589179428,20190000000000000003,900200000000000037,1,129.874,310.182,40280.909,2021-01-27 23:15:00.000,L2FT01-FTJ003,19.22,0.000,0.666012,16605,0.435592,0.055345,0,0,1,0.5400,罗湖区,23,23,0,0,0,0,1
2021-01-27,589179428,20190000000000000003,900200000000000037,1,129.872,311.013,40390.000,2021-01-27 23:30:00.000,L2FT01-FTJ003,19.22,0.000,0.666012,16605,0.435592,0.055345,0,0,1,0.5400,罗湖区,23,23,0,0,0,0,1
2021-01-27,589179428,20190000000000000003,900200000000000037,1,129.878,312.633,40601.333,2021-01-27 23:45:00.000,L2FT01-FTJ003,19.22,0.000,0.666012,16605,0.435592,0.055345,0,0,1,0.5400,罗湖区,23,23,0,0,0,0,1
2021-01-28,589179428,20190000000000000003,900200000000000037,1,129.878,314.233,40810.000,2021-01-28 00:00:00.000,L2FT01-FTJ003,20.00,0.000,0.666012,16605,0.435592,0.055345,0,0,1,0.5400,罗湖区,23,23,0,0,0,0,1
2021-01-28,589179428,20190000000000000003,900200000000000037,1,129.934,315.500,40991.333,2021-01-28 00:15:00.000,L2FT01-FTJ003,20.00,0.000,0.666012,16605,0.435592,0.055345,0,0,1,0.5400,罗湖区,23,23,0,0,0,0,1
2021-01-28,589179428,20190000000000000003,900200000000000037,1,92.781,323.257,29790.000,2021-01-28 00:30:00.000,L2FT01-FTJ003,20.00,0.000,0.666012,16605,0.435592,0.055345,0,0,1,0.5400,罗湖区,23,23,0,0,0,0,1
2021-01-28,589179428,20190000000000000003,900200000000000053,1,99.876,488.280,48766.000,2021-01-28 01:15:00.000,L2FT01-FTJ003,20.78,0.000,0.666012,16605,0.435592,0.055345,0,0,1,0.5400,罗湖区,23,23,0,0,0,0,1
2021-01-28,589179428,20190000000000000003,900200000000000053,1,99.890,490.700,49020.000,2021-01-28 01:30:00.000,L2FT01-FTJ003,20.78,0.000,0.666012,16605,0.435592,0.055345,0,0,1,0.5400,罗湖区,23,23,0,0,0,0,1
2021-01-28,589179428,20190000000000000003,900200000000000047,1,115.398,300.778,35944.444,2021-01-28 02:00:00.000,L2FT01-FTJ003,21.50,0.000,0.666012,16605,0.435592,0.055345,0,0,1,0.5400,罗湖区,23,23,0,0,0,0,1
2021-01-28,589179428,20190000000000000003,900200000000000047,1,129.836,311.953,40500.000,2021-01-28 02:15:00.000,L2FT01-FTJ003,21.50,0.000,0.666012,16605,0.435592,0.055345,0,0,1,0.5400,罗湖区,23,23,0,0,0,0,1
2021-01-28,589179428,20190000000000000003,900200000000000047,1,129.919,313.987,40790.000,2021-01-28 02:30:00.000,L2FT01-FTJ003,21.50,0.000,0.666012,16605,0.435592,0.055345,0,0,1,0.5400,罗湖区,23,23,0,0,0,0,1
2021-01-28,589179428,20190000000000000003,900200000000000047,1,129.919,315.240,40953.333,2021-01-28 02:45:00.000,L2FT01-FTJ003,21.50,0.000,0.666012,16605,0.435592,0.055345,0,0,1,0.5400,罗湖区,23,23,0,0,0,0,1
2021-01-28,589179428,20190000000000000003,900200000000000047,1,102.372,319.287,32581.333,2021-01-28 03:00:00.000,L2FT01-FTJ003,22.12,0.000,0.666012,16605,0.435592,0.055345,0,0,1,0.5400,罗湖区,23,23,0,0,0,0,1
2021-01-28,589179428,20190000000000000003,900200000000000049,1,116.876,315.120,36957.000,2021-01-28 06:30:00.000,L2FT01-FTJ003,23.00,0.000,0.666012,16605,0.435592,0.055345,0,0,1,0.5400,罗湖区,23,23,0,0,0,0,1
2021-01-28,589179428,20190000000000000003,900200000000000049,1,130.000,317.275,41245.000,2021-01-28 06:45:00.000,L2FT01-FTJ003,23.00,0.000,0.666012,16605,0.435592,0.055345,0,0,1,0.5400,罗湖区,23,23,0,0,0,0,1
2021-01-28,589179428,20190000000000000003,900200000000000045,1,76.315,329.325,25130.000,2021-01-28 10:15:00.000,L2FT01-FTJ003,21.50,0.000,0.666012,16605,0.435592,0.055345,0,0,1,0.5400,罗湖区,23,23,0,0,0,0,1
2021-01-28,589179428,20190000000000000003,900200000000000045,1,76.303,333.293,25431.333,2021-01-28 10:30:00.000,L2FT01-FTJ003,21.50,0.000,0.666012,16605,0.435592,0.055345,0,0,1,0.5400,罗湖区,23,23,0,0,0,0,1
2021-01-28,589179428,20190000000000000003,900200000000000045,1,76.377,340.273,25986.000,2021-01-28 10:45:00.000,L2FT01-FTJ003,21.50,0.000,0.666012,16605,0.435592,0.055345,0,0,1,0.5400,罗湖区,23,23,0,0,0,0,1
2021-01-28,589179428,20190000000000000003,900200000000000045,1,76.363,350.533,26767.333,2021-01-28 11:00:00.000,L2FT01-FTJ003,20.78,0.000,0.666012,16605,0.435592,0.055345,0,0,1,0.5400,罗湖区,23,23,0,0,0,0,1
2021-01-28,589179428,20190000000000000003,900200000000000045,1,76.390,358.075,27350.000,2021-01-28 11:15:00.000,L2FT01-FTJ003,20.78,0.000,0.666012,16605,0.435592,0.055345,0,0,1,0.5400,罗湖区,23,23,0,0,0,0,1
2021-01-28,589179428,20190000000000000003,900200000000000030,1,130.000,310.700,40390.000,2021-01-28 14:45:00.000,L2FT01-FTJ003,18.50,0.000,0.666012,16605,0.435592,0.055345,0,0,1,0.5400,罗湖区,23,23,0,0,0,0,1
2021-01-28,589179428,20190000000000000003,900200000000000030,1,129.818,313.147,40648.667,2021-01-28 15:00:00.000,L2FT01-FTJ003,17.88,0.000,0.666012,16605,0.435592,0.055345,0,0,1,0.5400,罗湖区,23,23,0,0,0,0,1
2021-01-28,589179428,20190000000000000003,900200000000000030,1,129.800,314.893,40868.000,2021-01-28 15:15:00.000,L2FT01-FTJ003,17.88,0.000,0.666012,16605,0.435592,0.055345,0,0,1,0.5400,罗湖区,23,23,0,0,0,0,1
2021-01-28,589179428,20190000000000000003,900200000000000030,1,129.806,315.607,40962.667,2021-01-28 15:30:00.000,L2FT01-FTJ003,17.88,0.000,0.666012,16605,0.435592,0.055345,0,0,1,0.5400,罗湖区,23,23,0,0,0,0,1
2021-01-28,589179428,20190000000000000003,900200000000000047,1,119.690,372.933,44666.667,2021-01-28 15:30:00.000,L2FT01-FTJ003,17.88,0.000,0.666012,16605,0.435592,0.055345,0,0,1,0.5400,罗湖区,23,23,0,0,0,0,1
2021-01-28,589179428,20190000000000000003,900200000000000030,1,106.179,321.536,33967.273,2021-01-28 15:45:00.000,L2FT01-FTJ003,17.88,0.000,0.666012,16605,0.435592,0.055345,0,0,1,0.5400,罗湖区,23,23,0,0,0,0,1
2021-01-28,589179428,20190000000000000003,900200000000000044,1,128.106,381.362,48807.692,2021-01-28 16:45:00.000,L2FT01-FTJ003,17.40,0.000,0.666012,16605,0.435592,0.055345,0,0,1,0.5400,罗湖区,23,23,0,0,0,0,1
2021-01-28,589179428,20190000000000000003,900200000000000044,1,92.743,397.607,36819.333,2021-01-28 17:00:00.000,L2FT01-FTJ003,17.10,0.000,0.666012,16605,0.435592,0.055345,0,0,1,0.5400,罗湖区,23,23,0,0,0,0,1
2021-01-28,589179428,20190000000000000003,900200000000000053,1,57.494,368.780,21226.000,2021-01-28 17:15:00.000,L2FT01-FTJ003,17.10,0.000,0.666012,16605,0.435592,0.055345,0,0,1,0.5400,罗湖区,23,23,0,0,0,0,1
2021-01-28,589179428,20190000000000000003,900200000000000044,1,69.630,409.853,28538.000,2021-01-28 17:15:00.000,L2FT01-FTJ003,17.10,0.000,0.666012,16605,0.435592,0.055345,0,0,1,0.5400,罗湖区,23,23,0,0,0,0,1
2021-01-28,589179428,20190000000000000003,900200000000000044,1,13.790,411.800,5680.000,2021-01-28 17:30:00.000,L2FT01-FTJ003,17.10,0.000,0.666012,16605,0.435592,0.055345,0,0,1,0.5400,罗湖区,23,23,0,0,0,0,1
2021-01-28,589179428,20190000000000000003,900200000000000053,1,61.790,378.433,23382.667,2021-01-28 17:30:00.000,L2FT01-FTJ003,17.10,0.000,0.666012,16605,0.435592,0.055345,0,0,1,0.5400,罗湖区,23,23,0,0,0,0,1
2021-01-28,589179428,20190000000000000003,900200000000000053,1,41.622,383.200,15950.000,2021-01-28 17:45:00.000,L2FT01-FTJ003,17.10,0.000,0.666012,16605,0.435592,0.055345,0,0,1,0.5400,罗湖区,23,23,0,0,0,0,1
2021-01-28,589179428,20190000000000000003,900200000000000040,1,130.024,313.438,40749.231,2021-01-28 18:30:00.000,L2FT01-FTJ003,17.00,0.000,0.666012,16605,0.435592,0.055345,0,0,1,0.5400,罗湖区,23,23,0,0,0,0,1
2021-01-28,589179428,20190000000000000003,900200000000000040,1,129.919,314.907,40910.000,2021-01-28 18:45:00.000,L2FT01-FTJ003,17.00,0.000,0.666012,16605,0.435592,0.055345,0,0,1,0.5400,罗湖区,23,23,0,0,0,0,1
2021-01-28,589179428,20190000000000000003,900200000000000040,1,77.116,324.960,24852.000,2021-01-28 19:00:00.000,L2FT01-FTJ003,17.10,0.000,0.666012,16605,0.435592,0.055345,0,0,1,0.5400,罗湖区,23,23,0,0,0,0,1
2021-01-28,589179428,20190000000000000003,900200000000000036,1,120.070,309.312,37201.250,2021-01-28 19:45:00.000,L2FT01-FTJ003,17.10,0.000,0.666012,16605,0.435592,0.055345,0,0,1,0.5400,罗湖区,23,23,0,0,0,0,1
2021-01-28,589179428,20190000000000000003,900200000000000036,1,129.987,310.587,40368.667,2021-01-28 20:00:00.000,L2FT01-FTJ003,17.40,0.000,0.666012,16605,0.435592,0.055345,0,0,1,0.5400,罗湖区,23,23,0,0,0,0,1
2021-01-28,589179428,20190000000000000003,900200000000000036,1,130.067,311.262,40482.500,2021-01-28 20:15:00.000,L2FT01-FTJ003,17.40,0.000,0.666012,16605,0.435592,0.055345,0,0,1,0.5400,罗湖区,23,23,0,0,0,0,1
2021-01-28,589179428,20190000000000000003,900200000000000036,1,63.940,334.375,21380.000,2021-01-28 21:00:00.000,L2FT01-FTJ003,17.88,0.000,0.666012,16605,0.435592,0.055345,0,0,1,0.5400,罗湖区,23,23,0,0,0,0,1
2021-01-28,589179428,20190000000000000003,900200000000000037,1,129.842,311.020,40382.000,2021-01-28 21:00:00.000,L2FT01-FTJ003,17.88,0.000,0.666012,16605,0.435592,0.055345,0,0,1,0.5400,罗湖区,23,23,0,0,0,0,1
2021-01-28,589179428,20190000000000000003,900200000000000036,1,63.817,340.280,21712.667,2021-01-28 21:15:00.000,L2FT01-FTJ003,17.88,0.000,0.666012,16605,0.435592,0.055345,0,0,1,0.5400,罗湖区,23,23,0,0,0,0,1
2021-01-28,589179428,20190000000000000003,900200000000000037,1,129.905,312.193,40552.667,2021-01-28 21:15:00.000,L2FT01-FTJ003,17.88,0.000,0.666012,16605,0.435592,0.055345,0,0,1,0.5400,罗湖区,23,23,0,0,0,0,1
2021-01-28,589179428,20190000000000000003,900200000000000036,1,63.830,350.307,22358.667,2021-01-28 21:30:00.000,L2FT01-FTJ003,17.88,0.000,0.666012,16605,0.435592,0.055345,0,0,1,0.5400,罗湖区,23,23,0,0,0,0,1
2021-01-28,589179428,20190000000000000003,900200000000000036,1,63.797,361.540,23063.333,2021-01-28 21:45:00.000,L2FT01-FTJ003,17.88,0.000,0.666012,16605,0.435592,0.055345,0,0,1,0.5400,罗湖区,23,23,0,0,0,0,1
2021-01-28,589179428,20190000000000000003,900200000000000036,1,48.883,371.600,18151.333,2021-01-28 22:00:00.000,L2FT01-FTJ003,18.50,0.000,0.666012,16605,0.435592,0.055345,0,0,1,0.5400,罗湖区,23,23,0,0,0,0,1
2021-01-28,589179428,20190000000000000003,900200000000000036,1,23.117,375.747,8680.667,2021-01-28 22:15:00.000,L2FT01-FTJ003,18.50,0.000,0.666012,16605,0.435592,0.055345,0,0,1,0.5400,罗湖区,23,23,0,0,0,0,1
2021-01-28,589179428,20190000000000000003,900200000000000031,1,129.800,308.900,40090.000,2021-01-28 22:30:00.000,L2FT01-FTJ003,18.50,0.000,0.666012,16605,0.435592,0.055345,0,0,1,0.5400,罗湖区,23,23,0,0,0,0,1
2021-01-28,589179428,20190000000000000003,900200000000000036,1,13.168,377.144,4964.444,2021-01-28 22:30:00.000,L2FT01-FTJ003,18.50,0.000,0.666012,16605,0.435592,0.055345,0,0,1,0.5400,罗湖区,23,23,0,0,0,0,1
2021-01-28,589179428,20190000000000000003,900200000000000031,1,129.836,310.347,40289.333,2021-01-28 22:45:00.000,L2FT01-FTJ003,18.50,0.000,0.666012,16605,0.435592,0.055345,0,0,1,0.5400,罗湖区,23,23,0,0,0,0,1
2021-01-28,589179428,20190000000000000003,900200000000000031,1,129.854,311.727,40474.667,2021-01-28 23:00:00.000,L2FT01-FTJ003,19.22,0.000,0.666012,16605,0.435592,0.055345,0,0,1,0.5400,罗湖区,23,23,0,0,0,0,1
2021-01-28,589179428,20190000000000000003,900200000000000049,1,134.841,309.110,41805.000,2021-01-28 23:00:00.000,L2FT01-FTJ003,19.22,0.000,0.666012,16605,0.435592,0.055345,0,0,1,0.5400,罗湖区,23,23,0,0,0,0,1
2021-01-28,589179428,20190000000000000003,900200000000000031,1,129.890,313.413,40708.000,2021-01-28 23:15:00.000,L2FT01-FTJ003,19.22,0.000,0.666012,16605,0.435592,0.055345,0,0,1,0.5400,罗湖区,23,23,0,0,0,0,1
2021-01-28,589179428,20190000000000000003,900200000000000045,1,120.743,307.583,37193.333,2021-01-28 23:15:00.000,L2FT01-FTJ003,19.22,0.000,0.666012,16605,0.435592,0.055345,0,0,1,0.5400,罗湖区,23,23,0,0,0,0,1
2021-01-28,589179428,20190000000000000003,900200000000000049,1,150.033,311.273,46698.667,2021-01-28 23:15:00.000,L2FT01-FTJ003,19.22,0.000,0.666012,16605,0.435592,0.055345,0,0,1,0.5400,罗湖区,23,23,0,0,0,0,1
2021-01-28,589179428,20190000000000000003,900200000000000031,1,129.867,314.360,40822.000,2021-01-28 23:30:00.000,L2FT01-FTJ003,19.22,0.000,0.666012,16605,0.435592,0.055345,0,0,1,0.5400,罗湖区,23,23,0,0,0,0,1
2021-01-28,589179428,20190000000000000003,900200000000000036,1,118.046,353.485,41723.846,2021-01-28 23:30:00.000,L2FT01-FTJ003,19.22,0.000,0.666012,16605,0.435592,0.055345,0,0,1,0.5400,罗湖区,23,23,0,0,0,0,1
2021-01-28,589179428,20190000000000000003,900200000000000045,1,129.884,310.713,40356.000,2021-01-28 23:30:00.000,L2FT01-FTJ003,19.22,0.000,0.666012,16605,0.435592,0.055345,0,0,1,0.5400,罗湖区,23,23,0,0,0,0,1
2021-01-28,589179428,20190000000000000003,900200000000000049,1,150.011,312.453,46868.000,2021-01-28 23:30:00.000,L2FT01-FTJ003,19.22,0.000,0.666012,16605,0.435592,0.055345,0,0,1,0.5400,罗湖区,23,23,0,0,0,0,1
2021-01-28,589179428,20190000000000000003,900200000000000049,1,150.026,314.073,47116.667,2021-01-28 23:45:00.000,L2FT01-FTJ003,19.22,0.000,0.666012,16605,0.435592,0.055345,0,0,1,0.5400,罗湖区,23,23,0,0,0,0,1
2021-01-28,589179428,20190000000000000003,900200000000000045,1,129.941,311.287,40445.333,2021-01-28 23:45:00.000,L2FT01-FTJ003,19.22,0.000,0.666012,16605,0.435592,0.055345,0,0,1,0.5400,罗湖区,23,23,0,0,0,0,1
2021-01-28,589179428,20190000000000000003,900200000000000042,1,119.843,301.708,37100.769,2021-01-28 23:45:00.000,L2FT01-FTJ003,19.22,0.000,0.666012,16605,0.435592,0.055345,0,0,1,0.5400,罗湖区,23,23,0,0,0,0,1
2021-01-28,589179428,20190000000000000003,900200000000000036,1,111.740,355.880,39761.333,2021-01-28 23:45:00.000,L2FT01-FTJ003,19.22,0.000,0.666012,16605,0.435592,0.055345,0,0,1,0.5400,罗湖区,23,23,0,0,0,0,1
2021-01-28,589179428,20190000000000000003,900200000000000031,1,129.806,316.507,41078.667,2021-01-28 23:45:00.000,L2FT01-FTJ003,19.22,0.000,0.666012,16605,0.435592,0.055345,0,0,1,0.5400,罗湖区,23,23,0,0,0,0,1
2021-01-29,589179428,20190000000000000003,900200000000000031,1,128.550,322.900,41500.000,2021-01-29 00:00:00.000,L2FT01-FTJ003,20.00,0.000,0.666012,16605,0.435592,0.055345,0,0,1,0.5400,罗湖区,23,23,0,0,0,0,1
2021-01-29,589179428,20190000000000000003,900200000000000036,1,86.077,355.720,30637.333,2021-01-29 00:00:00.000,L2FT01-FTJ003,20.00,0.000,0.666012,16605,0.435592,0.055345,0,0,1,0.5400,罗湖区,23,23,0,0,0,0,1
2021-01-29,589179428,20190000000000000003,900200000000000042,1,129.836,310.420,40298.000,2021-01-29 00:00:00.000,L2FT01-FTJ003,20.00,0.000,0.666012,16605,0.435592,0.055345,0,0,1,0.5400,罗湖区,23,23,0,0,0,0,1
2021-01-29,589179428,20190000000000000003,900200000000000045,1,130.030,313.087,40706.667,2021-01-29 00:00:00.000,L2FT01-FTJ003,20.00,0.000,0.666012,16605,0.435592,0.055345,0,0,1,0.5400,罗湖区,23,23,0,0,0,0,1
2021-01-29,589179428,20190000000000000003,900200000000000049,1,150.079,315.193,47300.000,2021-01-29 00:00:00.000,L2FT01-FTJ003,20.00,0.000,0.666012,16605,0.435592,0.055345,0,0,1,0.5400,罗湖区,23,23,0,0,0,0,1
2021-01-29,589179428,20190000000000000003,900200000000000049,1,131.203,319.100,41762.667,2021-01-29 00:15:00.000,L2FT01-FTJ003,20.00,0.000,0.666012,16605,0.435592,0.055345,0,0,1,0.5400,罗湖区,23,23,0,0,0,0,1
2021-01-29,589179428,20190000000000000003,900200000000000045,1,129.987,314.220,40841.333,2021-01-29 00:15:00.000,L2FT01-FTJ003,20.00,0.000,0.666012,16605,0.435592,0.055345,0,0,1,0.5400,罗湖区,23,23,0,0,0,0,1
2021-01-29,589179428,20190000000000000003,900200000000000042,1,129.878,311.600,40467.333,2021-01-29 00:15:00.000,L2FT01-FTJ003,20.00,0.000,0.666012,16605,0.435592,0.055345,0,0,1,0.5400,罗湖区,23,23,0,0,0,0,1
2021-01-29,589179428,20190000000000000003,900200000000000036,1,52.024,354.160,18427.000,2021-01-29 00:15:00.000,L2FT01-FTJ003,20.00,0.000,0.666012,16605,0.435592,0.055345,0,0,1,0.5400,罗湖区,23,23,0,0,0,0,1
2021-01-29,589179428,20190000000000000003,900200000000000037,1,129.790,308.555,40042.727,2021-01-29 00:30:00.000,L2FT01-FTJ003,20.00,0.000,0.666012,16605,0.435592,0.055345,0,0,1,0.5400,罗湖区,23,23,0,0,0,0,1
2021-01-29,589179428,20190000000000000003,900200000000000042,1,129.824,313.200,40657.333,2021-01-29 00:30:00.000,L2FT01-FTJ003,20.00,0.000,0.666012,16605,0.435592,0.055345,0,0,1,0.5400,罗湖区,23,23,0,0,0,0,1
2021-01-29,589179428,20190000000000000003,900200000000000045,1,129.985,316.020,41075.333,2021-01-29 00:30:00.000,L2FT01-FTJ003,20.00,0.000,0.666012,16605,0.435592,0.055345,0,0,1,0.5400,罗湖区,23,23,0,0,0,0,1
2021-01-29,589179428,20190000000000000003,900200000000000049,1,29.790,332.950,9915.000,2021-01-29 00:30:00.000,L2FT01-FTJ003,20.00,0.000,0.666012,16605,0.435592,0.055345,0,0,1,0.5400,罗湖区,23,23,0,0,0,0,1
2021-01-29,589179428,20190000000000000003,900200000000000057,1,184.514,310.733,57487.778,2021-01-29 00:45:00.000,L2FT01-FTJ003,20.00,0.000,0.666012,16605,0.435592,0.055345,0,0,1,0.5400,罗湖区,23,23,0,0,0,0,1
2021-01-29,589179428,20190000000000000003,900200000000000045,1,69.710,325.783,22611.667,2021-01-29 00:45:00.000,L2FT01-FTJ003,20.00,0.000,0.666012,16605,0.435592,0.055345,0,0,1,0.5400,罗湖区,23,23,0,0,0,0,1
2021-01-29,589179428,20190000000000000003,900200000000000042,1,129.911,314.007,40789.333,2021-01-29 00:45:00.000,L2FT01-FTJ003,20.00,0.000,0.666012,16605,0.435592,0.055345,0,0,1,0.5400,罗湖区,23,23,0,0,0,0,1
2021-01-29,589179428,20190000000000000003,900200000000000037,1,129.931,310.233,40305.333,2021-01-29 00:45:00.000,L2FT01-FTJ003,20.00,0.000,0.666012,16605,0.435592,0.055345,0,0,1,0.5400,罗湖区,23,23,0,0,0,0,1
2021-01-29,589179428,20190000000000000003,900200000000000037,1,129.985,311.393,40472.667,2021-01-29 01:00:00.000,L2FT01-FTJ003,20.78,0.000,0.666012,16605,0.435592,0.055345,0,0,1,0.5400,罗湖区,23,23,0,0,0,0,1
2021-01-29,589179428,20190000000000000003,900200000000000042,1,129.890,315.473,40975.333,2021-01-29 01:00:00.000,L2FT01-FTJ003,20.78,0.000,0.666012,16605,0.435592,0.055345,0,0,1,0.5400,罗湖区,23,23,0,0,0,0,1
2021-01-29,589179428,20190000000000000003,900200000000000057,1,201.418,313.413,63122.000,2021-01-29 01:00:00.000,L2FT01-FTJ003,20.78,0.000,0.666012,16605,0.435592,0.055345,0,0,1,0.5400,罗湖区,23,23,0,0,0,0,1
2021-01-29,589179428,20190000000000000003,900200000000000037,1,130.003,313.213,40714.000,2021-01-29 01:15:00.000,L2FT01-FTJ003,20.78,0.000,0.666012,16605,0.435592,0.055345,0,0,1,0.5400,罗湖区,23,23,0,0,0,0,1
2021-01-29,589179428,20190000000000000003,900200000000000042,1,97.365,323.137,31251.250,2021-01-29 01:15:00.000,L2FT01-FTJ003,20.78,0.000,0.666012,16605,0.435592,0.055345,0,0,1,0.5400,罗湖区,23,23,0,0,0,0,1
2021-01-29,589179428,20190000000000000003,900200000000000057,1,199.872,315.240,63002.000,2021-01-29 01:15:00.000,L2FT01-FTJ003,20.78,0.000,0.666012,16605,0.435592,0.055345,0,0,1,0.5400,罗湖区,23,23,0,0,0,0,1
2021-01-29,589179428,20190000000000000003,900200000000000037,1,130.024,314.080,40834.667,2021-01-29 01:30:00.000,L2FT01-FTJ003,20.78,0.000,0.666012,16605,0.435592,0.055345,0,0,1,0.5400,罗湖区,23,23,0,0,0,0,1
2021-01-29,589179428,20190000000000000003,900200000000000057,1,199.860,316.687,63287.333,2021-01-29 01:30:00.000,L2FT01-FTJ003,20.78,0.000,0.666012,16605,0.435592,0.055345,0,0,1,0.5400,罗湖区,23,23,0,0,0,0,1
2021-01-29,589179428,20190000000000000003,900200000000000037,1,130.017,315.107,40965.333,2021-01-29 01:45:00.000,L2FT01-FTJ003,20.78,0.000,0.666012,16605,0.435592,0.055345,0,0,1,0.5400,罗湖区,23,23,0,0,0,0,1
2021-01-29,589179428,20190000000000000003,900200000000000057,1,155.203,321.167,49658.000,2021-01-29 01:45:00.000,L2FT01-FTJ003,20.78,0.000,0.666012,16605,0.435592,0.055345,0,0,1,0.5400,罗湖区,23,23,0,0,0,0,1
2021-01-29,589179428,20190000000000000003,900200000000000037,1,127.263,318.391,40499.091,2021-01-29 02:00:00.000,L2FT01-FTJ003,21.50,0.000,0.666012,16605,0.435592,0.055345,0,0,1,0.5400,罗湖区,23,23,0,0,0,0,1
2021-01-29,589179428,20190000000000000003,900200000000000057,0,0.000,277.700,0.000,2021-01-29 02:00:00.000,L2FT01-FTJ003,21.50,0.000,0.666012,16605,0.435592,0.055345,0,0,1,0.5400,罗湖区,23,23,0,0,0,0,1
2021-01-29,589179428,20190000000000000003,900200000000000044,1,96.973,377.577,36621.538,2021-01-29 06:45:00.000,L2FT01-FTJ003,23.00,0.000,0.666012,16605,0.435592,0.055345,0,0,1,0.5400,罗湖区,23,23,0,0,0,0,1
2021-01-29,589179428,20190000000000000003,900200000000000044,1,99.395,389.333,38700.000,2021-01-29 07:00:00.000,L2FT01-FTJ003,22.90,0.000,0.666012,16605,0.435592,0.055345,0,0,1,0.5400,罗湖区,23,23,0,0,0,0,1
2021-01-29,589179428,20190000000000000003,900200000000000032,1,53.929,348.750,18863.750,2021-01-29 07:15:00.000,L2FT01-FTJ003,22.90,0.000,0.666012,16605,0.435592,0.055345,0,0,1,0.5400,罗湖区,23,23,0,0,0,0,1
2021-01-29,589179428,20190000000000000003,900200000000000032,1,59.817,351.027,20993.333,2021-01-29 07:30:00.000,L2FT01-FTJ003,22.90,0.000,0.666012,16605,0.435592,0.055345,0,0,1,0.5400,罗湖区,23,23,0,0,0,0,1
2021-01-29,589179428,20190000000000000003,900200000000000032,1,67.587,352.860,23850.667,2021-01-29 07:45:00.000,L2FT01-FTJ003,22.90,0.000,0.666012,16605,0.435592,0.055345,0,0,1,0.5400,罗湖区,23,23,0,0,0,0,1
2021-01-29,589179428,20190000000000000003,900200000000000032,1,71.397,355.540,25382.667,2021-01-29 08:00:00.000,L2FT01-FTJ003,22.60,0.000,0.666012,16605,0.435592,0.055345,0,0,1,0.5400,罗湖区,23,23,0,0,0,0,1
2021-01-29,589179428,20190000000000000003,900200000000000032,1,54.750,357.907,19633.333,2021-01-29 08:15:00.000,L2FT01-FTJ003,22.60,0.000,0.666012,16605,0.435592,0.055345,0,0,1,0.5400,罗湖区,23,23,0,0,0,0,1
2021-01-29,589179428,20190000000000000003,900200000000000032,1,7.790,352.000,2740.000,2021-01-29 08:30:00.000,L2FT01-FTJ003,22.60,0.000,0.666012,16605,0.435592,0.055345,0,0,1,0.5400,罗湖区,23,23,0,0,0,0,1
2021-01-29,589179428,20190000000000000003,900200000000000039,1,65.947,358.189,24075.556,2021-01-29 08:30:00.000,L2FT01-FTJ003,22.60,0.000,0.666012,16605,0.435592,0.055345,0,0,1,0.5400,罗湖区,23,23,0,0,0,0,1
2021-01-29,589179428,20190000000000000003,900200000000000039,1,70.217,376.960,26453.333,2021-01-29 08:45:00.000,L2FT01-FTJ003,22.60,0.000,0.666012,16605,0.435592,0.055345,0,0,1,0.5400,罗湖区,23,23,0,0,0,0,1
2021-01-29,589179428,20190000000000000003,900200000000000039,1,31.623,380.733,12042.000,2021-01-29 09:00:00.000,L2FT01-FTJ003,22.12,0.000,0.666012,16605,0.435592,0.055345,0,0,1,0.5400,罗湖区,23,23,0,0,0,0,1
2021-01-29,589179428,20190000000000000003,900200000000000039,1,14.643,381.760,5590.000,2021-01-29 09:15:00.000,L2FT01-FTJ003,22.12,0.000,0.666012,16605,0.435592,0.055345,0,0,1,0.5400,罗湖区,23,23,0,0,0,0,1
2021-01-29,589179428,20190000000000000003,900200000000000039,1,8.761,382.600,3352.857,2021-01-29 09:30:00.000,L2FT01-FTJ003,22.12,0.000,0.666012,16605,0.435592,0.055345,0,0,1,0.5400,罗湖区,23,23,0,0,0,0,1
2021-01-29,589179428,20190000000000000003,900200000000000043,1,51.369,350.531,18343.846,2021-01-29 11:45:00.000,L2FT01-FTJ003,20.78,0.000,0.666012,16605,0.435592,0.055345,0,0,1,0.5400,罗湖区,23,23,0,0,0,0,1
2021-01-29,589179428,20190000000000000003,900200000000000043,1,71.303,367.093,26174.667,2021-01-29 12:00:00.000,L2FT01-FTJ003,20.00,0.000,0.666012,16605,0.435592,0.055345,0,0,1,0.5400,罗湖区,23,23,0,0,0,0,1
2021-01-29,589179428,20190000000000000003,900200000000000043,1,65.654,377.979,24800.714,2021-01-29 12:15:00.000,L2FT01-FTJ003,20.00,0.000,0.666012,16605,0.435592,0.055345,0,0,1,0.5400,罗湖区,23,23,0,0,0,0,1
2021-01-29,589179428,20190000000000000003,900200000000000058,1,111.140,360.257,40037.143,2021-01-29 12:15:00.000,L2FT01-FTJ003,20.00,0.000,0.666012,16605,0.435592,0.055345,0,0,1,0.5400,罗湖区,23,23,0,0,0,0,1
2021-01-29,589179428,20190000000000000003,900200000000000058,1,61.717,356.793,22025.333,2021-01-29 12:30:00.000,L2FT01-FTJ003,20.00,0.000,0.666012,16605,0.435592,0.055345,0,0,1,0.5400,罗湖区,23,23,0,0,0,0,1
2021-01-29,589179428,20190000000000000003,900200000000000058,1,27.758,352.617,9918.333,2021-01-29 12:45:00.000,L2FT01-FTJ003,20.00,0.000,0.666012,16605,0.435592,0.055345,0,0,1,0.5400,罗湖区,23,23,0,0,0,0,1
2021-01-29,589179428,20190000000000000003,900200000000000056,1,73.133,356.820,26116.000,2021-01-29 13:15:00.000,L2FT01-FTJ003,19.22,0.000,0.666012,16605,0.435592,0.055345,0,0,1,0.5400,罗湖区,23,23,0,0,0,0,1
2021-01-29,589179428,20190000000000000003,900200000000000045,1,92.048,366.750,34895.000,2021-01-29 16:00:00.000,L2FT01-FTJ003,17.40,0.000,0.666012,16605,0.435592,0.055345,0,0,1,0.5400,罗湖区,23,23,0,0,0,0,1
2021-01-29,589179428,20190000000000000003,900200000000000045,1,71.525,387.487,27677.333,2021-01-29 16:15:00.000,L2FT01-FTJ003,17.40,0.000,0.666012,16605,0.435592,0.055345,0,0,1,0.5400,罗湖区,23,23,0,0,0,0,1
2021-01-29,589179428,20190000000000000003,900200000000000045,1,27.303,393.540,10742.667,2021-01-29 16:30:00.000,L2FT01-FTJ003,17.40,0.000,0.666012,16605,0.435592,0.055345,0,0,1,0.5400,罗湖区,23,23,0,0,0,0,1
2021-01-29,589179428,20190000000000000003,900200000000000056,1,129.936,311.600,40484.167,2021-01-29 16:30:00.000,L2FT01-FTJ003,17.40,0.000,0.666012,16605,0.435592,0.055345,0,0,1,0.5400,罗湖区,23,23,0,0,0,0,1
2021-01-29,589179428,20190000000000000003,900200000000000031,1,62.290,357.180,22248.000,2021-01-29 16:45:00.000,L2FT01-FTJ003,17.40,0.000,0.666012,16605,0.435592,0.055345,0,0,1,0.5400,罗湖区,23,23,0,0,0,0,1
2021-01-29,589179428,20190000000000000003,900200000000000034,1,21.236,397.677,8440.769,2021-01-29 16:45:00.000,L2FT01-FTJ003,17.40,0.000,0.666012,16605,0.435592,0.055345,0,0,1,0.5400,罗湖区,23,23,0,0,0,0,1
2021-01-29,589179428,20190000000000000003,900200000000000045,1,14.190,395.647,5613.333,2021-01-29 16:45:00.000,L2FT01-FTJ003,17.40,0.000,0.666012,16605,0.435592,0.055345,0,0,1,0.5400,罗湖区,23,23,0,0,0,0,1
2021-01-29,589179428,20190000000000000003,900200000000000056,1,130.067,313.027,40712.000,2021-01-29 16:45:00.000,L2FT01-FTJ003,17.40,0.000,0.666012,16605,0.435592,0.055345,0,0,1,0.5400,罗湖区,23,23,0,0,0,0,1
2021-01-29,589179428,20190000000000000003,900200000000000031,1,45.838,358.327,16416.667,2021-01-29 17:00:00.000,L2FT01-FTJ003,17.10,0.000,0.666012,16605,0.435592,0.055345,0,0,1,0.5400,罗湖区,23,23,0,0,0,0,1
2021-01-29,589179428,20190000000000000003,900200000000000045,1,14.190,397.300,5640.000,2021-01-29 17:00:00.000,L2FT01-FTJ003,17.10,0.000,0.666012,16605,0.435592,0.055345,0,0,1,0.5400,罗湖区,23,23,0,0,0,0,1
2021-01-29,589179428,20190000000000000003,900200000000000056,1,130.000,314.620,40896.000,2021-01-29 17:00:00.000,L2FT01-FTJ003,17.10,0.000,0.666012,16605,0.435592,0.055345,0,0,1,0.5400,罗湖区,23,23,0,0,0,0,1
2021-01-29,589179428,20190000000000000003,900200000000000031,1,24.890,364.900,9080.000,2021-01-29 17:15:00.000,L2FT01-FTJ003,17.10,0.000,0.666012,16605,0.435592,0.055345,0,0,1,0.5400,罗湖区,23,23,0,0,0,0,1
2021-01-29,589179428,20190000000000000003,900200000000000034,1,129.800,312.962,40617.500,2021-01-29 17:15:00.000,L2FT01-FTJ003,17.10,0.000,0.666012,16605,0.435592,0.055345,0,0,1,0.5400,罗湖区,23,23,0,0,0,0,1
2021-01-29,589179428,20190000000000000003,900200000000000056,1,126.014,317.660,39996.667,2021-01-29 17:15:00.000,L2FT01-FTJ003,17.10,0.000,0.666012,16605,0.435592,0.055345,0,0,1,0.5400,罗湖区,23,23,0,0,0,0,1
2021-01-29,589179428,20190000000000000003,900200000000000034,1,129.800,313.800,40730.000,2021-01-29 17:30:00.000,L2FT01-FTJ003,17.10,0.000,0.666012,16605,0.435592,0.055345,0,0,1,0.5400,罗湖区,23,23,0,0,0,0,1
2021-01-29,589179428,20190000000000000003,900200000000000056,1,43.123,329.533,14220.000,2021-01-29 17:30:00.000,L2FT01-FTJ003,17.10,0.000,0.666012,16605,0.435592,0.055345,0,0,1,0.5400,罗湖区,23,23,0,0,0,0,1
2021-01-29,589179428,20190000000000000003,900200000000000058,1,93.145,446.317,43296.667,2021-01-29 18:30:00.000,L2FT01-FTJ003,17.00,0.000,0.666012,16605,0.435592,0.055345,0,0,1,0.5400,罗湖区,23,23,0,0,0,0,1
2021-01-29,589179428,20190000000000000003,900200000000000058,1,129.868,470.025,61040.000,2021-01-29 18:45:00.000,L2FT01-FTJ003,17.00,0.000,0.666012,16605,0.435592,0.055345,0,0,1,0.5400,罗湖区,23,23,0,0,0,0,1
2021-01-29,589179428,20190000000000000003,900200000000000039,1,84.673,395.760,33484.000,2021-01-29 19:00:00.000,L2FT01-FTJ003,17.10,0.000,0.666012,16605,0.435592,0.055345,0,0,1,0.5400,罗湖区,23,23,0,0,0,0,1
2021-01-29,589179428,20190000000000000003,900200000000000034,1,103.858,313.660,32502.000,2021-01-29 19:15:00.000,L2FT01-FTJ003,17.10,0.000,0.666012,16605,0.435592,0.055345,0,0,1,0.5400,罗湖区,23,23,0,0,0,0,1
2021-01-29,589179428,20190000000000000003,900200000000000039,1,55.231,404.730,22339.000,2021-01-29 19:15:00.000,L2FT01-FTJ003,17.10,0.000,0.666012,16605,0.435592,0.055345,0,0,1,0.5400,罗湖区,23,23,0,0,0,0,1
2021-01-29,589179428,20190000000000000003,900200000000000034,1,129.815,314.267,40791.667,2021-01-29 19:30:00.000,L2FT01-FTJ003,17.10,0.000,0.666012,16605,0.435592,0.055345,0,0,1,0.5400,罗湖区,23,23,0,0,0,0,1
2021-01-29,589179428,20190000000000000003,900200000000000045,1,109.839,353.617,39192.500,2021-01-29 19:45:00.000,L2FT01-FTJ003,17.10,0.000,0.666012,16605,0.435592,0.055345,0,0,1,0.5400,罗湖区,23,23,0,0,0,0,1
2021-01-29,589179428,20190000000000000003,900200000000000039,1,44.351,340.810,15185.000,2021-01-29 20:00:00.000,L2FT01-FTJ003,17.40,0.000,0.666012,16605,0.435592,0.055345,0,0,1,0.5400,罗湖区,23,23,0,0,0,0,1
2021-01-29,589179428,20190000000000000003,900200000000000045,1,115.198,359.387,41401.333,2021-01-29 20:00:00.000,L2FT01-FTJ003,17.40,0.000,0.666012,16605,0.435592,0.055345,0,0,1,0.5400,罗湖区,23,23,0,0,0,0,1
2021-01-29,589179428,20190000000000000003,900200000000000039,1,71.123,350.333,24916.000,2021-01-29 20:15:00.000,L2FT01-FTJ003,17.40,0.000,0.666012,16605,0.435592,0.055345,0,0,1,0.5400,罗湖区,23,23,0,0,0,0,1
2021-01-29,589179428,20190000000000000003,900200000000000045,1,52.645,361.573,19058.182,2021-01-29 20:15:00.000,L2FT01-FTJ003,17.40,0.000,0.666012,16605,0.435592,0.055345,0,0,1,0.5400,罗湖区,23,23,0,0,0,0,1
2021-01-29,589179428,20190000000000000003,900200000000000039,1,71.048,359.867,25565.333,2021-01-29 20:30:00.000,L2FT01-FTJ003,17.40,0.000,0.666012,16605,0.435592,0.055345,0,0,1,0.5400,罗湖区,23,23,0,0,0,0,1
2021-01-29,589179428,20190000000000000003,900200000000000039,1,71.049,367.700,26120.667,2021-01-29 20:45:00.000,L2FT01-FTJ003,17.40,0.000,0.666012,16605,0.435592,0.055345,0,0,1,0.5400,罗湖区,23,23,0,0,0,0,1
2021-01-29,589179428,20190000000000000003,900200000000000039,1,59.698,376.100,22435.333,2021-01-29 21:00:00.000,L2FT01-FTJ003,17.88,0.000,0.666012,16605,0.435592,0.055345,0,0,1,0.5400,罗湖区,23,23,0,0,0,0,1
2021-01-29,589179428,20190000000000000003,900200000000000039,1,34.590,378.727,13098.182,2021-01-29 21:15:00.000,L2FT01-FTJ003,17.88,0.000,0.666012,16605,0.435592,0.055345,0,0,1,0.5400,罗湖区,23,23,0,0,0,0,1
2021-01-30,589179428,20190000000000000003,900200000000000030,1,142.957,309.454,44235.385,2021-01-30 01:30:00.000,L2FT01-FTJ003,20.78,0.000,0.666012,16605,0.435592,0.055345,0,0,0,0.5400,罗湖区,23,23,0,0,0,0,1
2021-01-30,589179428,20190000000000000003,900200000000000039,1,129.830,305.967,39720.000,2021-01-30 01:30:00.000,L2FT01-FTJ003,20.78,0.000,0.666012,16605,0.435592,0.055345,0,0,0,0.5400,罗湖区,23,23,0,0,0,0,1
2021-01-30,589179428,20190000000000000003,900200000000000039,1,134.860,309.753,41771.333,2021-01-30 01:45:00.000,L2FT01-FTJ003,20.78,0.000,0.666012,16605,0.435592,0.055345,0,0,0,0.5400,罗湖区,23,23,0,0,0,0,1
2021-01-30,589179428,20190000000000000003,900200000000000030,1,142.778,311.053,44408.000,2021-01-30 01:45:00.000,L2FT01-FTJ003,20.78,0.000,0.666012,16605,0.435592,0.055345,0,0,0,0.5400,罗湖区,23,23,0,0,0,0,1
2021-01-30,589179428,20190000000000000003,900200000000000030,1,142.800,312.093,44561.333,2021-01-30 02:00:00.000,L2FT01-FTJ003,21.50,0.000,0.666012,16605,0.435592,0.055345,0,0,0,0.5400,罗湖区,23,23,0,0,0,0,1
2021-01-30,589179428,20190000000000000003,900200000000000039,1,134.884,310.680,41902.000,2021-01-30 02:00:00.000,L2FT01-FTJ003,21.50,0.000,0.666012,16605,0.435592,0.055345,0,0,0,0.5400,罗湖区,23,23,0,0,0,0,1
2021-01-30,589179428,20190000000000000003,900200000000000030,1,142.800,313.653,44784.667,2021-01-30 02:15:00.000,L2FT01-FTJ003,21.50,0.000,0.666012,16605,0.435592,0.055345,0,0,0,0.5400,罗湖区,23,23,0,0,0,0,1
2021-01-30,589179428,20190000000000000003,900200000000000039,1,134.890,311.807,42058.000,2021-01-30 02:15:00.000,L2FT01-FTJ003,21.50,0.000,0.666012,16605,0.435592,0.055345,0,0,0,0.5400,罗湖区,23,23,0,0,0,0,1
2021-01-30,589179428,20190000000000000003,900200000000000030,1,142.800,314.653,44927.333,2021-01-30 02:30:00.000,L2FT01-FTJ003,21.50,0.000,0.666012,16605,0.435592,0.055345,0,0,0,0.5400,罗湖区,23,23,0,0,0,0,1
2021-01-30,589179428,20190000000000000003,900200000000000039,1,134.934,313.387,42283.333,2021-01-30 02:30:00.000,L2FT01-FTJ003,21.50,0.000,0.666012,16605,0.435592,0.055345,0,0,0,0.5400,罗湖区,23,23,0,0,0,0,1
2021-01-30,589179428,20190000000000000003,900200000000000039,1,134.912,314.340,42406.667,2021-01-30 02:45:00.000,L2FT01-FTJ003,21.50,0.000,0.666012,16605,0.435592,0.055345,0,0,0,0.5400,罗湖区,23,23,0,0,0,0,1
2021-01-30,589179428,20190000000000000003,900200000000000030,1,142.793,316.427,45179.333,2021-01-30 02:45:00.000,L2FT01-FTJ003,21.50,0.000,0.666012,16605,0.435592,0.055345,0,0,0,0.5400,罗湖区,23,23,0,0,0,0,1
2021-01-30,589179428,20190000000000000003,900200000000000030,1,70.052,313.660,22442.000,2021-01-30 03:00:00.000,L2FT01-FTJ003,22.12,0.000,0.666012,16605,0.435592,0.055345,0,0,0,0.5400,罗湖区,23,23,0,0,0,0,1
2021-01-30,589179428,20190000000000000003,900200000000000039,1,134.899,315.973,42621.333,2021-01-30 03:00:00.000,L2FT01-FTJ003,22.12,0.000,0.666012,16605,0.435592,0.055345,0,0,0,0.5400,罗湖区,23,23,0,0,0,0,1
2021-01-30,589179428,20190000000000000003,900200000000000039,1,82.991,324.350,26732.500,2021-01-30 03:15:00.000,L2FT01-FTJ003,22.12,0.000,0.666012,16605,0.435592,0.055345,0,0,0,0.5400,罗湖区,23,23,0,0,0,0,1
2021-01-30,589179428,20190000000000000003,900200000000000052,1,105.547,306.000,32295.000,2021-01-30 04:00:00.000,L2FT01-FTJ003,22.60,0.000,0.666012,16605,0.435592,0.055345,0,0,0,0.5400,罗湖区,23,23,0,0,0,0,1
2021-01-30,589179428,20190000000000000003,900200000000000052,1,105.478,309.613,32653.333,2021-01-30 04:15:00.000,L2FT01-FTJ003,22.60,0.000,0.666012,16605,0.435592,0.055345,0,0,0,0.5400,罗湖区,23,23,0,0,0,0,1
2021-01-30,589179428,20190000000000000003,900200000000000056,1,129.820,309.033,40113.333,2021-01-30 04:15:00.000,L2FT01-FTJ003,22.60,0.000,0.666012,16605,0.435592,0.055345,0,0,0,0.5400,罗湖区,23,23,0,0,0,0,1
2021-01-30,589179428,20190000000000000003,900200000000000052,1,105.560,310.253,32745.333,2021-01-30 04:30:00.000,L2FT01-FTJ003,22.60,0.000,0.666012,16605,0.435592,0.055345,0,0,0,0.5400,罗湖区,23,23,0,0,0,0,1
2021-01-30,589179428,20190000000000000003,900200000000000056,1,129.890,310.947,40384.667,2021-01-30 04:30:00.000,L2FT01-FTJ003,22.60,0.000,0.666012,16605,0.435592,0.055345,0,0,0,0.5400,罗湖区,23,23,0,0,0,0,1
2021-01-30,589179428,20190000000000000003,900200000000000056,1,129.890,311.360,40440.000,2021-01-30 04:45:00.000,L2FT01-FTJ003,22.60,0.000,0.666012,16605,0.435592,0.055345,0,0,0,0.5400,罗湖区,23,23,0,0,0,0,1
2021-01-30,589179428,20190000000000000003,900200000000000052,1,105.506,310.993,32806.667,2021-01-30 04:45:00.000,L2FT01-FTJ003,22.60,0.000,0.666012,16605,0.435592,0.055345,0,0,0,0.5400,罗湖区,23,23,0,0,0,0,1
2021-01-30,589179428,20190000000000000003,900200000000000052,1,105.518,312.373,32955.333,2021-01-30 05:00:00.000,L2FT01-FTJ003,22.90,0.000,0.666012,16605,0.435592,0.055345,0,0,0,0.5400,罗湖区,23,23,0,0,0,0,1
2021-01-30,589179428,20190000000000000003,900200000000000056,1,129.912,313.007,40660.667,2021-01-30 05:00:00.000,L2FT01-FTJ003,22.90,0.000,0.666012,16605,0.435592,0.055345,0,0,0,0.5400,罗湖区,23,23,0,0,0,0,1
2021-01-30,589179428,20190000000000000003,900200000000000047,1,129.827,306.250,39755.000,2021-01-30 05:15:00.000,L2FT01-FTJ003,22.90,0.000,0.666012,16605,0.435592,0.055345,0,0,0,0.5400,罗湖区,23,23,0,0,0,0,1
2021-01-30,589179428,20190000000000000003,900200000000000052,1,105.566,313.167,33058.667,2021-01-30 05:15:00.000,L2FT01-FTJ003,22.90,0.000,0.666012,16605,0.435592,0.055345,0,0,0,0.5400,罗湖区,23,23,0,0,0,0,1
2021-01-30,589179428,20190000000000000003,900200000000000056,1,129.956,314.047,40808.667,2021-01-30 05:15:00.000,L2FT01-FTJ003,22.90,0.000,0.666012,16605,0.435592,0.055345,0,0,0,0.5400,罗湖区,23,23,0,0,0,0,1
2021-01-30,589179428,20190000000000000003,900200000000000052,1,105.613,314.120,33172.667,2021-01-30 05:30:00.000,L2FT01-FTJ003,22.90,0.000,0.666012,16605,0.435592,0.055345,0,0,0,0.5400,罗湖区,23,23,0,0,0,0,1
2021-01-30,589179428,20190000000000000003,900200000000000056,1,129.890,315.227,40942.667,2021-01-30 05:30:00.000,L2FT01-FTJ003,22.90,0.000,0.666012,16605,0.435592,0.055345,0,0,0,0.5400,罗湖区,23,23,0,0,0,0,1
2021-01-30,589179428,20190000000000000003,900200000000000047,1,129.945,310.853,40389.333,2021-01-30 05:30:00.000,L2FT01-FTJ003,22.90,0.000,0.666012,16605,0.435592,0.055345,0,0,0,0.5400,罗湖区,23,23,0,0,0,0,1
2021-01-30,589179428,20190000000000000003,900200000000000047,1,129.993,311.767,40522.667,2021-01-30 05:45:00.000,L2FT01-FTJ003,22.90,0.000,0.666012,16605,0.435592,0.055345,0,0,0,0.5400,罗湖区,23,23,0,0,0,0,1
2021-01-30,589179428,20190000000000000003,900200000000000052,1,102.249,316.907,32384.667,2021-01-30 05:45:00.000,L2FT01-FTJ003,22.90,0.000,0.666012,16605,0.435592,0.055345,0,0,0,0.5400,罗湖区,23,23,0,0,0,0,1
2021-01-30,589179428,20190000000000000003,900200000000000056,1,103.499,321.773,33113.636,2021-01-30 05:45:00.000,L2FT01-FTJ003,22.90,0.000,0.666012,16605,0.435592,0.055345,0,0,0,0.5400,罗湖区,23,23,0,0,0,0,1
2021-01-30,589179428,20190000000000000003,900200000000000047,1,129.985,312.933,40672.000,2021-01-30 06:00:00.000,L2FT01-FTJ003,23.00,0.000,0.666012,16605,0.435592,0.055345,0,0,0,0.5400,罗湖区,23,23,0,0,0,0,1
2021-01-30,589179428,20190000000000000003,900200000000000052,1,35.392,330.275,11662.500,2021-01-30 06:00:00.000,L2FT01-FTJ003,23.00,0.000,0.666012,16605,0.435592,0.055345,0,0,0,0.5400,罗湖区,23,23,0,0,0,0,1
2021-01-30,589179428,20190000000000000003,900200000000000047,1,130.006,314.000,40818.000,2021-01-30 06:15:00.000,L2FT01-FTJ003,23.00,0.000,0.666012,16605,0.435592,0.055345,0,0,0,0.5400,罗湖区,23,23,0,0,0,0,1
2021-01-30,589179428,20190000000000000003,900200000000000039,1,113.333,357.783,40585.000,2021-01-30 06:15:00.000,L2FT01-FTJ003,23.00,0.000,0.666012,16605,0.435592,0.055345,0,0,0,0.5400,罗湖区,23,23,0,0,0,0,1
2021-01-30,589179428,20190000000000000003,900200000000000047,1,129.956,314.953,40927.333,2021-01-30 06:30:00.000,L2FT01-FTJ003,23.00,0.000,0.666012,16605,0.435592,0.055345,0,0,0,0.5400,罗湖区,23,23,0,0,0,0,1
2021-01-30,589179428,20190000000000000003,900200000000000039,1,74.547,359.723,26843.077,2021-01-30 06:30:00.000,L2FT01-FTJ003,23.00,0.000,0.666012,16605,0.435592,0.055345,0,0,0,0.5400,罗湖区,23,23,0,0,0,0,1
2021-01-30,589179428,20190000000000000003,900200000000000047,1,129.890,317.147,41192.667,2021-01-30 06:45:00.000,L2FT01-FTJ003,23.00,0.000,0.666012,16605,0.435592,0.055345,0,0,0,0.5400,罗湖区,23,23,0,0,0,0,1
2021-01-30,589179428,20190000000000000003,900200000000000047,1,64.815,327.650,21200.000,2021-01-30 07:00:00.000,L2FT01-FTJ003,22.90,0.000,0.666012,16605,0.435592,0.055345,0,0,0,0.5400,罗湖区,23,23,0,0,0,0,1
2021-01-30,589179428,20190000000000000003,900200000000000057,1,119.814,314.400,37597.692,2021-01-30 12:45:00.000,L2FT01-FTJ003,20.00,0.000,0.666012,16605,0.435592,0.055345,0,0,0,0.5400,罗湖区,23,23,0,0,0,0,1
2021-01-30,589179428,20190000000000000003,900200000000000057,1,129.818,315.220,40918.000,2021-01-30 13:00:00.000,L2FT01-FTJ003,19.22,0.000,0.666012,16605,0.435592,0.055345,0,0,0,0.5400,罗湖区,23,23,0,0,0,0,1
2021-01-30,589179428,20190000000000000003,900200000000000044,1,95.030,392.333,37306.667,2021-01-30 15:00:00.000,L2FT01-FTJ003,17.88,0.000,0.666012,16605,0.435592,0.055345,0,0,0,0.5400,罗湖区,23,23,0,0,0,0,1
2021-01-30,589179428,20190000000000000003,900200000000000044,1,107.835,401.840,43338.667,2021-01-30 15:15:00.000,L2FT01-FTJ003,17.88,0.000,0.666012,16605,0.435592,0.055345,0,0,0,0.5400,罗湖区,23,23,0,0,0,0,1
2021-01-30,589179428,20190000000000000003,900200000000000044,1,123.052,418.033,51444.667,2021-01-30 15:30:00.000,L2FT01-FTJ003,17.88,0.000,0.666012,16605,0.435592,0.055345,0,0,0,0.5400,罗湖区,23,23,0,0,0,0,1
2021-01-30,589179428,20190000000000000003,900200000000000058,1,150.000,319.900,47980.000,2021-01-30 15:30:00.000,L2FT01-FTJ003,17.88,0.000,0.666012,16605,0.435592,0.055345,0,0,0,0.5400,罗湖区,23,23,0,0,0,0,1
2021-01-30,589179428,20190000000000000003,900200000000000042,1,129.812,310.108,40253.077,2021-01-30 15:45:00.000,L2FT01-FTJ003,17.88,0.000,0.666012,16605,0.435592,0.055345,0,0,0,0.5400,罗湖区,23,23,0,0,0,0,1
2021-01-30,589179428,20190000000000000003,900200000000000044,1,87.771,438.620,38414.000,2021-01-30 15:45:00.000,L2FT01-FTJ003,17.88,0.000,0.666012,16605,0.435592,0.055345,0,0,0,0.5400,罗湖区,23,23,0,0,0,0,1
2021-01-30,589179428,20190000000000000003,900200000000000042,1,129.866,310.740,40350.000,2021-01-30 16:00:00.000,L2FT01-FTJ003,17.40,0.000,0.666012,16605,0.435592,0.055345,0,0,0,0.5400,罗湖区,23,23,0,0,0,0,1
2021-01-30,589179428,20190000000000000003,900200000000000044,1,34.790,443.800,15438.333,2021-01-30 16:00:00.000,L2FT01-FTJ003,17.40,0.000,0.666012,16605,0.435592,0.055345,0,0,0,0.5400,罗湖区,23,23,0,0,0,0,1
2021-01-30,589179428,20190000000000000003,900200000000000042,1,129.824,312.053,40508.000,2021-01-30 16:15:00.000,L2FT01-FTJ003,17.40,0.000,0.666012,16605,0.435592,0.055345,0,0,0,0.5400,罗湖区,23,23,0,0,0,0,1
2021-01-30,589179428,20190000000000000003,900200000000000042,1,129.812,315.147,40905.333,2021-01-30 16:30:00.000,L2FT01-FTJ003,17.40,0.000,0.666012,16605,0.435592,0.055345,0,0,0,0.5400,罗湖区,23,23,0,0,0,0,1
2021-01-30,589179428,20190000000000000003,900200000000000044,1,75.378,365.317,27198.333,2021-01-30 16:30:00.000,L2FT01-FTJ003,17.40,0.000,0.666012,16605,0.435592,0.055345,0,0,0,0.5400,罗湖区,23,23,0,0,0,0,1
2021-01-30,589179428,20190000000000000003,900200000000000044,1,108.651,373.447,40518.667,2021-01-30 16:45:00.000,L2FT01-FTJ003,17.40,0.000,0.666012,16605,0.435592,0.055345,0,0,0,0.5400,罗湖区,23,23,0,0,0,0,1
2021-01-30,589179428,20190000000000000003,900200000000000042,1,69.793,324.217,22556.667,2021-01-30 16:45:00.000,L2FT01-FTJ003,17.40,0.000,0.666012,16605,0.435592,0.055345,0,0,0,0.5400,罗湖区,23,23,0,0,0,0,1
2021-01-30,589179428,20190000000000000003,900200000000000044,1,60.473,384.000,23199.333,2021-01-30 17:00:00.000,L2FT01-FTJ003,17.10,0.000,0.666012,16605,0.435592,0.055345,0,0,0,0.5400,罗湖区,23,23,0,0,0,0,1
2021-01-30,589179428,20190000000000000003,900200000000000044,1,25.890,386.787,10012.667,2021-01-30 17:15:00.000,L2FT01-FTJ003,17.10,0.000,0.666012,16605,0.435592,0.055345,0,0,0,0.5400,罗湖区,23,23,0,0,0,0,1
2021-01-30,589179428,20190000000000000003,900200000000000044,1,25.890,389.350,10080.000,2021-01-30 17:30:00.000,L2FT01-FTJ003,17.10,0.000,0.666012,16605,0.435592,0.055345,0,0,0,0.5400,罗湖区,23,23,0,0,0,0,1
2021-01-30,589179428,20190000000000000003,900200000000000035,0,0.000,343.100,0.000,2021-01-30 18:15:00.000,L2FT01-FTJ003,17.00,0.000,0.666012,16605,0.435592,0.055345,0,0,0,0.5400,罗湖区,23,23,0,0,0,0,1
2021-01-30,589179428,20190000000000000003,900200000000000044,1,149.861,314.214,47084.286,2021-01-30 18:15:00.000,L2FT01-FTJ003,17.00,0.000,0.666012,16605,0.435592,0.055345,0,0,0,0.5400,罗湖区,23,23,0,0,0,0,1
2021-01-30,589179428,20190000000000000003,900200000000000034,1,187.352,315.750,59272.857,2021-01-30 18:30:00.000,L2FT01-FTJ003,17.00,0.000,0.666012,16605,0.435592,0.055345,0,0,0,0.5400,罗湖区,23,23,0,0,0,0,1
2021-01-30,589179428,20190000000000000003,900200000000000035,1,116.803,368.300,43066.000,2021-01-30 18:30:00.000,L2FT01-FTJ003,17.00,0.000,0.666012,16605,0.435592,0.055345,0,0,0,0.5400,罗湖区,23,23,0,0,0,0,1
2021-01-30,589179428,20190000000000000003,900200000000000044,1,149.997,314.933,47235.333,2021-01-30 18:30:00.000,L2FT01-FTJ003,17.00,0.000,0.666012,16605,0.435592,0.055345,0,0,0,0.5400,罗湖区,23,23,0,0,0,0,1
2021-01-30,589179428,20190000000000000003,900200000000000034,1,147.597,323.067,47381.111,2021-01-30 18:45:00.000,L2FT01-FTJ003,17.00,0.000,0.666012,16605,0.435592,0.055345,0,0,0,0.5400,罗湖区,23,23,0,0,0,0,1
2021-01-30,589179428,20190000000000000003,900200000000000035,1,55.957,364.593,20408.000,2021-01-30 18:45:00.000,L2FT01-FTJ003,17.00,0.000,0.666012,16605,0.435592,0.055345,0,0,0,0.5400,罗湖区,23,23,0,0,0,0,1
2021-01-30,589179428,20190000000000000003,900200000000000044,1,150.100,316.500,47502.000,2021-01-30 18:45:00.000,L2FT01-FTJ003,17.00,0.000,0.666012,16605,0.435592,0.055345,0,0,0,0.5400,罗湖区,23,23,0,0,0,0,1
2021-01-30,589179428,20190000000000000003,900200000000000035,1,42.690,365.713,15612.000,2021-01-30 19:00:00.000,L2FT01-FTJ003,17.10,0.000,0.666012,16605,0.435592,0.055345,0,0,0,0.5400,罗湖区,23,23,0,0,0,0,1
2021-01-30,589179428,20190000000000000003,900200000000000035,1,15.741,367.075,5798.333,2021-01-30 19:15:00.000,L2FT01-FTJ003,17.10,0.000,0.666012,16605,0.435592,0.055345,0,0,0,0.5400,罗湖区,23,23,0,0,0,0,1
2021-01-30,589179428,20190000000000000003,900200000000000039,1,129.902,313.040,40660.667,2021-01-30 19:15:00.000,L2FT01-FTJ003,17.10,0.000,0.666012,16605,0.435592,0.055345,0,0,0,0.5400,罗湖区,23,23,0,0,0,0,1
2021-01-30,589179428,20190000000000000003,900200000000000039,1,129.890,314.760,40883.333,2021-01-30 19:30:00.000,L2FT01-FTJ003,17.10,0.000,0.666012,16605,0.435592,0.055345,0,0,0,0.5400,罗湖区,23,23,0,0,0,0,1
2021-01-30,589179428,20190000000000000003,900200000000000039,1,126.547,316.689,40071.111,2021-01-30 19:45:00.000,L2FT01-FTJ003,17.10,0.000,0.666012,16605,0.435592,0.055345,0,0,0,0.5400,罗湖区,23,23,0,0,0,0,1
2021-01-30,589179428,20190000000000000003,900200000000000048,1,144.012,314.356,45301.111,2021-01-30 20:00:00.000,L2FT01-FTJ003,17.40,0.000,0.666012,16605,0.435592,0.055345,0,0,0,0.5400,罗湖区,23,23,0,0,0,0,1
2021-01-30,589179428,20190000000000000003,900200000000000058,1,96.095,343.087,33692.500,2021-01-30 20:00:00.000,L2FT01-FTJ003,17.40,0.000,0.666012,16605,0.435592,0.055345,0,0,0,0.5400,罗湖区,23,23,0,0,0,0,1
2021-01-30,589179428,20190000000000000003,900200000000000048,1,62.823,320.233,20015.000,2021-01-30 20:15:00.000,L2FT01-FTJ003,17.40,0.000,0.666012,16605,0.435592,0.055345,0,0,0,0.5400,罗湖区,23,23,0,0,0,0,1
2021-01-30,589179428,20190000000000000003,900200000000000058,1,109.830,351.620,38614.667,2021-01-30 20:15:00.000,L2FT01-FTJ003,17.40,0.000,0.666012,16605,0.435592,0.055345,0,0,0,0.5400,罗湖区,23,23,0,0,0,0,1
2021-01-30,589179428,20190000000000000003,900200000000000058,1,76.118,357.750,27190.000,2021-01-30 20:30:00.000,L2FT01-FTJ003,17.40,0.000,0.666012,16605,0.435592,0.055345,0,0,0,0.5400,罗湖区,23,23,0,0,0,0,1
2021-01-30,589179428,20190000000000000003,900200000000000044,1,129.913,314.583,40863.333,2021-01-30 21:00:00.000,L2FT01-FTJ003,17.88,0.000,0.666012,16605,0.435592,0.055345,0,0,0,0.5400,罗湖区,23,23,0,0,0,0,1
2021-01-30,589179428,20190000000000000003,900200000000000047,1,63.831,325.990,20808.000,2021-01-30 21:00:00.000,L2FT01-FTJ003,17.88,0.000,0.666012,16605,0.435592,0.055345,0,0,0,0.5400,罗湖区,23,23,0,0,0,0,1
2021-01-30,589179428,20190000000000000003,900200000000000044,1,127.915,316.400,40462.667,2021-01-30 21:15:00.000,L2FT01-FTJ003,17.88,0.000,0.666012,16605,0.435592,0.055345,0,0,0,0.5400,罗湖区,23,23,0,0,0,0,1
2021-01-30,589179428,20190000000000000003,900200000000000047,1,63.790,332.780,21226.000,2021-01-30 21:15:00.000,L2FT01-FTJ003,17.88,0.000,0.666012,16605,0.435592,0.055345,0,0,0,0.5400,罗湖区,23,23,0,0,0,0,1
2021-01-30,589179428,20190000000000000003,900200000000000044,1,49.069,325.229,15926.429,2021-01-30 21:30:00.000,L2FT01-FTJ003,17.88,0.000,0.666012,16605,0.435592,0.055345,0,0,0,0.5400,罗湖区,23,23,0,0,0,0,1
2021-01-30,589179428,20190000000000000003,900200000000000047,1,63.803,342.967,21880.667,2021-01-30 21:30:00.000,L2FT01-FTJ003,17.88,0.000,0.666012,16605,0.435592,0.055345,0,0,0,0.5400,罗湖区,23,23,0,0,0,0,1
2021-01-30,589179428,20190000000000000003,900200000000000047,1,57.490,353.840,20330.667,2021-01-30 21:45:00.000,L2FT01-FTJ003,17.88,0.000,0.666012,16605,0.435592,0.055345,0,0,0,0.5400,罗湖区,23,23,0,0,0,0,1
2021-01-30,589179428,20190000000000000003,900200000000000047,1,32.048,357.578,11456.667,2021-01-30 22:00:00.000,L2FT01-FTJ003,18.50,0.000,0.666012,16605,0.435592,0.055345,0,0,0,0.5400,罗湖区,23,23,0,0,0,0,1
2021-01-30,589179428,20190000000000000003,900200000000000048,1,130.064,310.167,40336.667,2021-01-30 23:15:00.000,L2FT01-FTJ003,19.22,0.000,0.666012,16605,0.435592,0.055345,0,0,0,0.5400,罗湖区,23,23,0,0,0,0,1
2021-01-30,589179428,20190000000000000003,900200000000000048,1,129.890,311.107,40407.333,2021-01-30 23:30:00.000,L2FT01-FTJ003,19.22,0.000,0.666012,16605,0.435592,0.055345,0,0,0,0.5400,罗湖区,23,23,0,0,0,0,1
2021-01-30,589179428,20190000000000000003,900200000000000057,1,111.103,342.769,38350.769,2021-01-30 23:30:00.000,L2FT01-FTJ003,19.22,0.000,0.666012,16605,0.435592,0.055345,0,0,0,0.5400,罗湖区,23,23,0,0,0,0,1
2021-01-30,589179428,20190000000000000003,900200000000000048,1,129.941,312.453,40596.667,2021-01-30 23:45:00.000,L2FT01-FTJ003,19.22,0.000,0.666012,16605,0.435592,0.055345,0,0,0,0.5400,罗湖区,23,23,0,0,0,0,1
2021-01-30,589179428,20190000000000000003,900200000000000057,1,139.095,354.360,49286.667,2021-01-30 23:45:00.000,L2FT01-FTJ003,19.22,0.000,0.666012,16605,0.435592,0.055345,0,0,0,0.5400,罗湖区,23,23,0,0,0,0,1
